[
{
		"type" : "item_group",
		"subtype": "collection",
		"comment": "巴大蝶掉落",	
		"id": "mon_drop_bdd0",
		"entries":
	[
	{ "item": "SKJB", "count": [100,500] }
	
	]
},
{
		"type" : "item_group",
		"subtype": "collection",
		"comment": "巴大蝶掉落",	
		"id": "mon_drop_bdd1",
		"entries":
	[
	{ "item": "wx_baby_bdd1", "count": [1,1] }
	]
},
{
		"type" : "MONSTER",
		"id" : "mon_wxkj_bdd1",
		"copy-from" : "mon_wxkj_bdd1",
		"death_drops": 
		{
			"subtype": "collection",
			"groups": 
		[	
    		[ "mon_drop_bdd1", 10 ],
			[ "mon_drop_bdd0", 90 ]
			
		]
		}
}
]