  [
  {
    "id": "mon_wxkj_lklo1",
    "type": "MONSTER",
    "name": "路卡利欧",
    "description": "路卡利欧长得像现实中的狗，它能利用波导探测地型。一双手背上和胸前各有一根刺，上身瘦小，下身比较强壮。超级路卡利欧表面有更多黑色条纹，皮肤颜色也变得更深。身体的乳白色皮毛变得更长，大腿亦变得比较细。手背和脚掌上长出更多刺来.",
    "categories": [ "WILDLIFE" ],
    "species": [ "MAMMAL" ],
    "default_faction": "bdd_family",
    "harvest": "mammal_tiny",
    "diff": 2,
    "size": "LARGE",
    "volume": "5 ml",
    "weight": 10,
    "hp": 80,
    "//":"1.5x2",
    "speed": 80,
    "material": [ "flesh" ],
    "symbol": "U",
    "color": "light_gray",
    "aggression": -10,
    "morale": 80,
    "melee_skill": 2,
    "melee_dice_sides": 10,
    "melee_dice": 2,
    "melee_cut": 5,
    "melee_bash": 6,
    "dodge": 3,
    "armor_bash": 15,
    "armor_cut": 10, 
    "path_settings": { "max_dist": 30 },
    "anger_triggers": [ "HURT", "FRIEND_ATTACKED","FRIEND_DIED",  "PLAYER_CLOSE","STALK"],
    "placate_triggers": [ "MEAT" ],
    "reproduction": { "baby_monster": "mon_wxkj_lol1", "baby_count": 1, "baby_timer": 180 },
    "baby_flags": [ "SPRING", "SUMMER", "AUTUMN" ],
     "special_attacks": 
     [
      [ "wxkj_lash", 5 ]
     ],   
    "death_function": [ "MELT" ],
    "flags": [ "SEES", "HEARS", "SMELLS", "ANIMAL", "PATH_AVOID_DANGER_2", "WARM", "FUR",  "FAT","DOGFOOD",
   "PET_MOUNTABLE"
      ]
  }
  
  ]