[
  {
    "type": "speech",
    "speaker": "mon_cyborg_guard",
    "sound": "\"ID卡未识别.ID-10-T协议执行.\"",
    "volume": 30
  },
  {
    "type": "speech",
    "speaker": "mon_cyborg_guard",
    "sound": "\"检测到多个核心系统故障。将辅助人员识别软件的电源转移到武器上.\"",
    "volume": 28
  },
  {
    "type": "speech",
    "speaker": "mon_cyborg_guard",
    "sound": "\"爱丽丝，你还那在吗?\"",
    "volume": 20
  },
  {
    "type": "speech",
    "speaker": "mon_cyborg_guard",
    "sound": "\"保护所有必要人员和设备.\"",
    "volume": 25
  },
  {
    "type": "speech",
    "speaker": "mon_cyborg_guard",
    "sound": "\"扫描……探测到外星生命的生命模式。发现不可逆感染水平。终止迫在眉睫.\"",
    "volume": 30
  },
  {
    "type": "speech",
    "speaker": "mon_cyborg_guard",
    "sound": "\"我们可以把它放在一个更合适的位置\"",
    "volume": 28
  },
  {
    "type": "speech",
    "speaker": "mon_cyborg_guard",
    "sound": "\"今天的早餐我吃了一个婴儿耶稣(芬兰语)\"",
    "volume": 25
  },
  {
    "type": "speech",
    "speaker": "mon_cyborg_guard",
    "sound": "\"我已经超过了今天的要求。这让我很难过，所以我要杀了你。\"",
    "volume": 30
  },
  {
    "type": "speech",
    "speaker": "mon_cyborg_guard",
    "sound": "\"我是网络卫士 47。我能理解超过74种语言，而且我能把每种语言的使用者都射死.\"",
    "volume": 30
  },
  {
    "type": "speech",
    "speaker": "mon_cyborg_guard",
    "sound": "\"我是一名警卫机器人，型号T-1000B，序列号：467AlphaEpsilon954GammaZulu415BetaAlphaAlpha.\"",
    "volume": 30
  }
]
