[
  {
    "type": "speech",
    "speaker": "mon_zombie_crawler_pk_weak",
    "sound": "\"Rrrrraaaasssssskkkhhhh!\"",
    "volume": 25
  },
  {
    "type": "speech",
    "speaker": "mon_zombie_crawler_pk_weak",
    "sound": "\"uummmmmmmmmmph~\"",
    "volume": 20
  },
  {
    "type": "speech",
    "speaker": "mon_zombie_crawler_pk_weak",
    "sound": "a bubbling grunt",
    "volume": 20
  },
  {
    "type": "speech",
    "speaker": "mon_zombie_crawler_pk_weak",
    "sound": "a gurgling sound.",
    "volume": 15
  },
  {
    "type": "speech",
    "speaker": "mon_zombie_crawler_pk_weak",
    "sound": "a choking sound.",
    "volume": 25
  },
  {
    "type": "speech",
    "speaker": "mon_zombie_crawler_pk_weak",
    "sound": "a slurping sound.",
    "volume": 30
  }
]
