[
	{
		"type" : "recipe",
		"result": "helmet_liner",
		"id_suffix": "Survivor extend MOD",
		"category": "CC_ARMOR",
		"subcategory": "CSC_ARMOR_HEAD",
		"skill_used": "tailor",
		"difficulty": 3,
		"time": "20 m",
		"autolearn": true,
		"using": [ [ "sewing_standard", 10 ] ],
		"components":
			[
				[
				  [ "rag", 4 ]
				]
			]
	},{
		"//": "腰包配方取自綁腿包(legrig)",
		"type": "recipe",
		"result": "fanny",
		"id_suffix": "Survivor extend MOD",
		"category": "CC_ARMOR",
		"subcategory": "CSC_ARMOR_STORAGE",
		"skill_used": "tailor",
		"difficulty": 4,
		"skills_required": [ "fabrication", 2 ],
		"time": "20 m",
		"autolearn": true,
		"using": [ [ "sewing_standard", 15 ] ],
		"tools": [ [ [ "surface_heat", 5, "LIST" ] ], [ [ "mold_plastic", -1 ] ] ],
		"components": [ [ [ "rag", 10 ] ], [ [ "plastic_chunk", 2 ] ] ]
	},{
		"type": "recipe",
		"result": "helmet_scavenger",
		"override": true,
		"category": "CC_ARMOR",
		"subcategory": "CSC_ARMOR_HEAD",
		"skill_used": "tailor",
		"difficulty": 8,
		"skills_required": [ "fabrication", 3 ],
		"time": "40 m",
		"autolearn": true,
		"using": [ [ "sewing_standard", 65 ], [ "soldering_standard", 8 ] ],
		"components": [
		  [ [ "hat_ball", 1 ], [ "hat_boonie", 1 ] ],
		  [ [ "mask_filter", 1 ] ],
		  [ [ "glasses_bal", 1 ], [ "goggles_ski", 1 ], [ "glasses_safety", 1 ] ],
		  [ [ "kevlar_plate", 8 ] ]
		]
	}
]