[
	{
		"type": "recipe",
		"result": "protein_powder",
		"//":"普通肉(1)→脫水肉(1)→蛋白粉(4) total耗時(12+18)min,耗能:dehydrator[25]+surface_heat[25]. 平均=time[7500]+dehydrator[6]+surface_heat[6]",
		"//":"普通肉塊製成蛋白粉=100kcal，小胃45 kcal、大胃90。",
		"id_suffix": "SEmod_powder_stomach",
		"category": "CC_FOOD",
		"subcategory": "CSC_FOOD_DRY",
		"skill_used": "cooking",
		"difficulty": 4,
		"charges": 2,
		"time": "25 m",
		"batch_time_factors": [ 85, 3 ],
		"autolearn": true,
		"qualities": [ { "id": "CHEM", "level": 2 }, { "id": "COOK", "level": 2 }],
		"tools": [ 
			[ [ "surface_heat", 8, "LIST" ] ],
			[ [ "dehydrator", 12 ], [ "char_smoker", 12 ] ],
			[ [ "food_processor", 10 ] ]
		],
		"components": [ [ [ "stomach_large", 2 ], [ "hstomach_large", 2 ], [ "stomach", 3 ], [ "hstomach", 3 ] ] ]
	},{
		"type": "recipe",
		"result": "protein_powder",
		"//":"普通生內臟=300kcal=一般肉塊",
		"id_suffix": "SEmod_powder_offal",
		"category": "CC_FOOD",
		"subcategory": "CSC_FOOD_DRY",
		"skill_used": "cooking",
		"difficulty": 4,
		"charges": 4,
		"time": "25 m",
		"batch_time_factors": [ 85, 3 ],
		"autolearn": true,
		"qualities": [ { "id": "CHEM", "level": 2 }, { "id": "COOK", "level": 2 }],
		"tools": [ 
			[ [ "surface_heat", 15, "LIST" ] ],
			[ [ "dehydrator", 25 ], [ "char_smoker", 25 ] ],
			[ [ "food_processor", 20 ] ]
		],
		"components": [ [ [ "offal", 1 ], [ "brain", 3 ], [ "liver", 3 ], [ "lung", 3 ], [ "kidney", 3 ], [ "sweetbread", 3 ] ] ]
	}
]