[
	{
        "type" : "mutation_category",
        "id" : "SP_NOVICE",
        "name" : "超凡者称号─新人王",
		"threshold_mut" : "THRESH_SP_NOVICE",
        "mutagen_message" : "时空陡然停滞，你被笼罩在凝结的时空中，接受来自高维位面的讯息。",
        "iv_message" : "时空陡然停滞，你被笼罩在凝结的时空中，接受来自高维位面的讯息。",
        "memorial_message" : "时空陡然停滞，你被笼罩在凝结的时空中，接受来自高维位面的讯息。"
    },{
        "type" : "mutation",
        "id" : "THRESH_SP_NOVICE",
        "name" : "超凡者游戏─新人称号",
        "points" : 0,
        "description" : "debug专用",
        "valid": false,
        "purifiable": false,
        "threshold": true
	},{
        "id" : "cohesion_title",
        "type" : "COMESTIBLE",
        "comestible_type" : "MED",		
		"category" : "GS_feature",
        "name" : "特质凝结─新人称号",
		"name_plural": "特质凝结─新人称号",
        "description" : "全面发展的特殊奖励，新人称号提升全方面属性！\n \n※荣誉称号：超凡新人王(全属性+1)、至尊新人王(全属性+2)",
        "symbol" : "!",
        "color" : "light_green",
        "healthy" : 40,
        "use_action" : {
         "type" : "mutagen",
         "mutation_category" : "SP_NOVICE"
        },
        "flags" : [ "SP_NOVICE" ]
	},{
        "type" : "mutation",
        "id" : "SP_NOVICE1",
        "name" : "超凡新人王",
        "points" : 5,
 		"description" : "幸运者，恭喜你步入超凡者游戏！你在游戏中表现优秀，获得荣誉称号─超凡新人王，全属性+1。",
        "passive_mods" : {
            "str_mod" : 1,
            "dex_mod" : 1,
            "int_mod" : 1,
            "per_mod" : 1	
			},
		"purifiable": false,
        "changes_to" : ["SP_NOVICE2"],
		"category" : ["SP_NOVICE"]
	},{
        "type" : "mutation",
        "id" : "SP_NOVICE2",
        "name" : "至尊新人王",
        "points" : 10,
        "description" : "你在超凡竞技中表现卓越，获得荣誉称号─至尊新人王，全属性+2，新人称号的顶点。",
        "passive_mods" : {
            "str_mod" : 2,
            "dex_mod" : 2,
            "int_mod" : 2,
            "per_mod" : 2
			},
		"purifiable": false,
        "prereqs" : ["SP_NOVICE1"],		
        "category" : ["SP_NOVICE"]		
	}
]