[
	{
		"//":"beta6850起,每个mutation_category需设有threshold",
        "type" : "mutation",
        "id" : "THRESH_SP_NOVICE",
        "name" : "超凡者游戏─新人称号",
        "points" : 0,
        "description" : "debug专用",
        "valid": false,
        "purifiable": false,
        "threshold": true
	},{
        "type" : "mutation",
        "id" : "THRESH_OVERDRAW",
        "name" : "超凡者游戏─天命透支",
        "points" : 0,
        "description" : "debug专用",
        "valid": false,
        "purifiable": false,
        "threshold": true
	},{
        "type" : "mutation",
        "id" : "THRESH_IMMORTAL",
        "name" : "超凡者游戏─肉身成圣",
        "points" : 0,
        "description" : "debug专用",
        "valid": false,
        "purifiable": false,
        "threshold": true
	},{
        "type" : "mutation",
        "id" : "THRESH_SP_STRENGTH1",
        "name" : "超凡者游戏─力量系(初级)",
        "points" : 0,
        "description" : "debug专用",
        "valid": false,
        "purifiable": false,
        "threshold": true
	},{
        "type" : "mutation",
        "id" : "THRESH_SP_STRENGTH2",
        "name" : "超凡者游戏─力量系(中级)",
        "points" : 0,
        "description" : "debug专用",
        "valid": false,
        "purifiable": false,
        "threshold": true
	},{
        "type" : "mutation",
        "id" : "THRESH_SP_STRENGTH3",
        "name" : "超凡者游戏─力量系(高级)",
        "points" : 0,
        "description" : "debug专用",
        "valid": false,
        "purifiable": false,
        "threshold": true
	},{
        "type" : "mutation",
        "id" : "THRESH_SP_ENDURENCE1",
        "name" : "超凡者游戏─耐力系(初级)",
        "points" : 0,
        "description" : "debug专用",
        "valid": false,
        "purifiable": false,
        "threshold": true
	},{
        "type" : "mutation",
        "id" : "THRESH_SP_ENDURENCE2",
        "name" : "超凡者游戏─耐力系(中级)",
        "points" : 0,
        "description" : "debug专用",
        "valid": false,
        "purifiable": false,
        "threshold": true
	},{
        "type" : "mutation",
        "id" : "THRESH_SP_ENDURENCE3",
        "name" : "超凡者游戏─耐力系(高级)",
        "points" : 0,
        "description" : "debug专用",
        "valid": false,
        "purifiable": false,
        "threshold": true
	},{
        "type" : "mutation",
        "id" : "THRESH_SP_DEXTERITY1",
        "name" : "超凡者游戏─敏捷系(初级)",
        "points" : 0,
        "description" : "debug专用",
        "valid": false,
        "purifiable": false,
        "threshold": true
	},{
        "type" : "mutation",
        "id" : "THRESH_SP_DEXTERITY2",
        "name" : "超凡者游戏─敏捷系(中级)",
        "points" : 0,
        "description" : "debug专用",
        "valid": false,
        "purifiable": false,
        "threshold": true
	},{
        "type" : "mutation",
        "id" : "THRESH_SP_DEXTERITY3",
        "name" : "超凡者游戏─敏捷系(高级)",
        "points" : 0,
        "description" : "debug专用",
        "valid": false,
        "purifiable": false,
        "threshold": true
	},{
        "type" : "mutation",
        "id" : "THRESH_SP_INTELLIGENT1",
        "name" : "超凡者游戏─智力系(初级)",
        "points" : 0,
        "description" : "debug专用",
        "valid": false,
        "purifiable": false,
        "threshold": true
	},{
        "type" : "mutation",
        "id" : "THRESH_SP_INTELLIGENT2",
        "name" : "超凡者游戏─智力系(中级)",
        "points" : 0,
        "description" : "debug专用",
        "valid": false,
        "purifiable": false,
        "threshold": true
	},{
        "type" : "mutation",
        "id" : "THRESH_SP_INTELLIGENT3",
        "name" : "超凡者游戏─智力系(高级)",
        "points" : 0,
        "description" : "debug专用",
        "valid": false,
        "purifiable": false,
        "threshold": true
	},{
        "type" : "mutation",
        "id" : "THRESH_SP_PERCETION1",
        "name" : "超凡者游戏─敏锐系(初级)",
        "points" : 0,
        "description" : "debug专用",
        "valid": false,
        "purifiable": false,
        "threshold": true
	},{
        "type" : "mutation",
        "id" : "THRESH_SP_PERCETION2",
        "name" : "超凡者游戏─敏锐系(中级)",
        "points" : 0,
        "description" : "debug专用",
        "valid": false,
        "purifiable": false,
        "threshold": true
	},{
        "type" : "mutation",
        "id" : "THRESH_SP_PERCETION3",
        "name" : "超凡者游戏─敏锐系(高级)",
        "points" : 0,
        "description" : "debug专用",
        "valid": false,
        "purifiable": false,
        "threshold": true
	},{
        "type" : "mutation",
        "id" : "THRESH_SP_SENSE1",
        "name" : "超凡者游戏─感性系(初级)",
        "points" : 0,
        "description" : "debug专用",
        "valid": false,
        "purifiable": false,
        "threshold": true
	},{
        "type" : "mutation",
        "id" : "THRESH_SP_SENSE2",
        "name" : "超凡者游戏─感性系(高级)",
        "points" : 0,
        "description" : "debug专用",
        "valid": false,
        "purifiable": false,
        "threshold": true
	}
]