[
  {
    "id": "hk_g80_MG",
    "copy-from": "gun_base",
    "looks_like": "ar15",
    "type": "GUN",
    "name": "H&K G80 ·改",
    "description": "这支改装型H&K G80 轨道枪纯粹由魔力凝聚而成。",
    "weight": "3914 g",
    "volume": "2750 ml",
    "price": 1,
    "to_hit": -1,
    "bashing": 12,
    "material": [ "arcane_skin" ],
    "ammo": [ "12mm", "metal_rail" ],
    "skill": "rifle",
    "range": 60,
    "dispersion": 45,
    "durability": 8,
    "clip_size": 50,
    "reload": 5,
    "ups_charges": 5,
    "valid_mod_locations": [
      [ "accessories", 4 ],
      [ "grip", 1 ],
      [ "mechanism", 4 ],
      [ "rail", 1 ],
      [ "sights", 1 ],
      [ "sling", 1 ],
      [ "stock", 1 ],
      [ "underbarrel", 1 ]
    ],
    "flags": [ "NEVER_JAMS" ]
  }
]
