[
  {
    "id": "m110a1_MG",
    "copy-from": "rifle_semi",
    "looks_like": "ar15",
    "type": "GUN",
    "name": "M110A1·改",
    "description": "这支改装型M110A1狙击步枪纯粹由魔力凝聚而成。",
    "weight": "4330 g",
    "volume": "2 L",
    "price": 1,
    "to_hit": -1,
    "bashing": 12,
    "material": [ "arcane_skin" ],
    "symbol": "(",
    "color": "dark_gray",
    "ammo": [ "308", "5x50", "45" ],
    "ranged_damage": -1,
    "dispersion": 120,
    "durability": 8,
    "min_cycle_recoil": 2700,
    "clip_size": 50,
    "reload": 5
  },
  {
    "id": "m2010_MG",
    "copy-from": "rifle_base",
    "looks_like": "ar15",
    "type": "GUN",
    "name": "M2010·改",
    "description": "这支改装型M2010狙击步枪纯粹由魔力凝聚而成。",
    "weight": "5500 g",
    "volume": "2750 ml",
    "price": 1,
    "to_hit": -1,
    "bashing": 12,
    "material": [ "arcane_skin" ],
    "ammo": [ "308", "300", "45" ],
    "dispersion": 90,
    "durability": 8,
    "clip_size": 50,
    "reload": 5,
    "min_cycle_recoil": 4770,
    "barrel_length": 2,
    "flags": [ "NEVER_JAMS" ]
  }
]
