[
  {
    "id": "deagle_44_MG",
    "looks_like": "glock_17",
    "type": "GUN",
    "reload_noise_volume": 10,
    "name": "沙漠之鹰·改",
    "description": "这支改装型沙漠之鹰 .44手枪纯粹由魔力凝聚而成。",
    "weight": "1700 g",
    "volume": "750 ml",
    "price": 1,
    "to_hit": -2,
    "bashing": 12,
    "material": [ "arcane_skin" ],
    "symbol": "(",
    "color": "light_gray",
    "ammo": [ "44", "45" ],
    "skill": "pistol",
    "ranged_damage": -1,
    "dispersion": 480,
    "durability": 7,
    "clip_size": 50,
    "reload": 5,
    "min_cycle_recoil": 1413,
    "valid_mod_locations": [
      [ "accessories", 2 ],
      [ "barrel", 1 ],
      [ "bore", 1 ],
      [ "brass catcher", 1 ],
      [ "grip", 1 ],
      [ "mechanism", 4 ],
      [ "muzzle", 1 ],
      [ "rail", 1 ],
      [ "sights", 1 ],
      [ "stock", 1 ],
      [ "underbarrel", 1 ]
    ]
  }
]
