[
  {
    "id": "rm103a_pistol_MG",
    "looks_like": "glock_17",
    "type": "GUN",
    "reload_noise_volume": 10,
    "name": "RM103A·改",
    "description": "这支改装型RM103A手枪纯粹由魔力凝聚而成。",
    "weight": "1450 g",
    "volume": "750 ml",
    "price": 1,
    "to_hit": -2,
    "bashing": 12,
    "material": [ "arcane_skin" ],
    "symbol": "(",
    "color": "dark_gray",
    "ammo": [ "8x40mm", "45" ],
    "skill": "pistol",
    "dispersion": 175,
    "durability": 9,
    "clip_size": 50,
    "reload": 5,
    "valid_mod_locations": [
      [ "accessories", 2 ],
      [ "barrel", 1 ],
      [ "grip", 1 ],
      [ "mechanism", 4 ],
      [ "muzzle", 1 ],
      [ "rail", 1 ],
      [ "sights", 1 ],
      [ "stock", 1 ],
      [ "underbarrel", 1 ]
    ],
    "flags": [ "WATERPROOF_GUN", "NEVER_JAMS" ]
  },
  {
    "id": "rm11b_sniper_rifle_MG",
    "looks_like": "ar15",
    "type": "GUN",
    "reload_noise_volume": 10,
    "name": "RM11B·改",
    "description": "这支改装型RM11B步枪纯粹由魔力凝聚而成。",
    "weight": "3100 g",
    "volume": "2 L",
    "price": 1,
    "to_hit": -1,
    "bashing": 10,
    "material": [ "arcane_skin" ],
    "symbol": "(",
    "color": "dark_gray",
    "ammo": [ "8x40mm", "45" ],
    "skill": "rifle",
    "range": 20,
    "ranged_damage": 10,
    "dispersion": 10,
    "durability": 9,
    "clip_size": 100,
    "reload": 5,
    "modes": [ [ "DEFAULT", "semi-auto", 1 ], [ "AUTO", "auto", 2 ] ],
    "barrel_length": 3,
    "valid_mod_locations": [
      [ "accessories", 4 ],
      [ "grip", 1 ],
      [ "mechanism", 4 ],
      [ "muzzle", 1 ],
      [ "rail", 1 ],
      [ "sights", 1 ],
      [ "sling", 1 ],
      [ "underbarrel", 1 ]
    ],
    "flags": [ "WATERPROOF_GUN", "NEVER_JAMS" ]
  },
  {
    "id": "rm2000_smg_MG",
    "looks_like": "hk_mp5",
    "type": "GUN",
    "reload_noise_volume": 10,
    "name": "RM2000·改",
    "description": "这支改装型RM2000冲锋枪纯粹由魔力凝聚而成。",
    "weight": "1900 g",
    "volume": "1 L",
    "price": 1,
    "to_hit": -2,
    "bashing": 11,
    "material": [ "arcane_skin" ],
    "symbol": "(",
    "color": "dark_gray",
    "ammo": [ "8x40mm", "45" ],
    "skill": "smg",
    "dispersion": 120,
    "durability": 9,
    "clip_size": 100,
    "reload": 5,
    "modes": [ [ "DEFAULT", "semi-auto", 1 ], [ "AUTO", "auto", 4 ] ],
    "valid_mod_locations": [
      [ "accessories", 3 ],
      [ "grip", 1 ],
      [ "mechanism", 4 ],
      [ "muzzle", 1 ],
      [ "rail", 1 ],
      [ "sights", 1 ],
      [ "sling", 1 ],
      [ "stock", 1 ],
      [ "underbarrel", 1 ]
    ],
    "flags": [ "WATERPROOF_GUN", "NEVER_JAMS" ]
  },
  {
    "id": "rm298_MG",
    "type": "GUN",
    "reload_noise_volume": 10,
    "name": "RM298·改",
    "description": "这支改装型RM298重机枪纯粹由魔力凝聚而成。",
    "weight": "24500 g",
    "volume": "4500 ml",
    "price": 1,
    "to_hit": -4,
    "bashing": 18,
    "material": [ "arcane_skin" ],
    "symbol": "(",
    "color": "dark_gray",
    "ammo": [ "8x40mm", "45" ],
    "skill": "rifle",
    "range": -6,
    "ranged_damage": 10,
    "dispersion": 90,
    "durability": 9,
    "clip_size": 200,
    "reload": 5,
    "modes": [ [ "DEFAULT", "semi-auto", 1 ], [ "AUTO", "auto", 6 ] ],
    "barrel_length": 6,
    "valid_mod_locations": [ [ "barrel", 1 ], [ "grip", 1 ], [ "mechanism", 4 ], [ "rail", 1 ], [ "sights", 1 ], [ "sling", 1 ], [ "stock", 1 ] ],
    "flags": [ "WATERPROOF_GUN", "NEVER_JAMS" ]
  }
]
