[
  {
    "id": "m47a1_MG",
    "copy-from": "pistol_revolver",
    "type": "GUN",
    "name": "M47A1·改",
    "description": "这支M47A1 科技魔法“美杜莎”左轮手枪纯粹由魔力凝聚而成。",
    "weight": "1333 g",
    "volume": "750 ml",
    "price": 1,
    "to_hit": -1,
    "bashing": 9,
    "material": [ "arcane_skin" ],
    "symbol": "(",
    "color": "dark_gray",
    "ammo": [ "9mm", "9x18", "380", "357mag", "38" ],
    "ranged_damage": 1,
    "dispersion": 550,
    "durability": 7,
    "blackpowder_tolerance": 66,
    "loudness": 23,
    "clip_size": 6,
    "flags": [ "RELOAD_ONE", "NEVER_JAMS", "RELOAD_EJECT" ]
  },
  {
    "id": "m1911_MG",
    "copy-from": "pistol_base",
    "looks_like": "glock_17",
    "type": "GUN",
    "name": "M1911·改",
    "description": "这支改装型M1911手枪纯粹由魔力凝聚而成。",
    "weight": "1120 g",
    "volume": "500 ml",
    "price": 1,
    "to_hit": -2,
    "bashing": 12,
    "material": [ "arcane_skin" ],
    "symbol": "(",
    "color": "light_gray",
    "ammo": [ "9mm", "45" ],
    "dispersion": 480,
    "durability": 7,
    "clip_size": 50,
    "reload": 5,
    "min_cycle_recoil": 540,
    "blackpowder_tolerance": 48
  }
]
