[
  {
    "id": "remington_870_MG",
    "copy-from": "shotgun_pump_3gun",
    "type": "GUN",
    "name": "雷明顿870“翼主”·改",
    "description": "这支改装型雷明顿870霰弹枪纯粹由魔力凝聚而成。",
    "weight": "3400 g",
    "volume": "2765 ml",
    "price": 1,
    "to_hit": -1,
    "bashing": 13,
    "material": [ "arcane_skin" ],
    "dispersion": 300,
    "ranged_damage": 6,
    "durability": 8,
    "clip_size": 5,
    "reload": 5,
    "barrel_length": "135 ml"
  }
]
