[
  {
    "id": "v29_MG",
    "looks_like": "glock_17",
    "type": "GUN",
    "name": "V29 激光手枪·改",
    "description": "这支改装型V29 激光手枪纯粹由魔力凝聚而成。",
    "weight": "680 g",
    "volume": "1 L",
    "price": 1,
    "to_hit": -2,
    "bashing": 5,
    "material": [ "arcane_skin" ],
    "symbol": "(",
    "color": "magenta",
    "skill": "pistol",
    "range": 30,
    "ranged_damage": 10,
    "pierce": 15,
    "dispersion": 180,
    "durability": 8,
    "loudness": 7,
    "ups_charges": 20,
    "reload": 0,
    "valid_mod_locations": [
      [ "accessories", 2 ],
      [ "emitter", 1 ],
      [ "grip", 1 ],
      [ "lens", 1 ],
      [ "rail", 1 ],
      [ "sights", 1 ],
      [ "stock", 1 ],
      [ "underbarrel", 1 ]
    ],
    "ammo_effects": [ "LASER", "INCENDIARY" ],
    "flags": [ "NEVER_JAMS", "NO_UNLOAD", "NON-FOULING", "NEEDS_NO_LUBE" ]
  }
]
