[
	{
		"type" : "mutation",
		"id" : "VIRGIN",
		"name" : "贞操",
		"points" : 0,
		"description" : "不论现在还是否有机会去约会，你还是在与其他人性交流时保持贞操。但在这个世界变成这样的情况下它也再没有任何作用了。",
		"starting_trait" : true,
		"valid" : false,
		"purifiable" : false
	},
	{
		"type" : "mutation",
		"id" : "SMALL_BREAST",
		"//" : "男でも特質が取れる？気にするな！",
		"name" : "貧乳",
		"points" : 0,
		"visibility" : 0,
		"description" : "胸不平何以平天下！...人的喜好各不相同，嗯...这至少不是一个缺点。但也不是优点。",
		"starting_trait" : true,
		"cancels" : ["BIG_BREAST"],
		"category" : ["FISH", "LIZARD", "MEDICAL", "ELFA", "RAPTOR", "FIEND"]
	},
	{
		"type" : "mutation",
		"id" : "BIG_BREAST",
		"//" : "男でも特質が取れる？気にするな！",
		"name" : "巨乳",
		"points" : 1,
		"visibility" : -2,
		"description" : "乳不巨何以聚人心！...人的喜好各不相同，不过大部分的男性倾向于巨乳的女性。npc也会对你有所好感。",
		"starting_trait" : true,
		"cancels" : ["SMALL_BREAST"],
		"category" : ["CATTLE", "MEDICAL", "ELFA", "FIEND"]
	},
	{
		"type" : "mutation",
		"id" : "MULTI_BREAST",
		"name" : "副乳",
		"points" : -1,
		"visibility" : 1,
		"ugliness" : 2,
		"description" : "除了原本的胸部...买2赠1。尽管看起来有点不舒服，但并不会影响动作。",
		"category" : ["RAT", "BEAST", "URSINE", "FELINE", "LUPINE", "CATTLE", "CHIMERA"]
	},
	{
		"type" : "mutation",
		"id" : "ESTRUS_LUPINE",
		"name" : "发情期 （狼）",
		"points" : -2,
		"description" : "一到初春，发情期就到来了。",
		"mixed_effect" : true,
		"category" : ["LUPINE"],
		"cancels" : ["ESTRUS_FELINE"]
	},
	{
		"type" : "mutation",
		"id" : "ESTRUS_FELINE",
		"name" : "发情期 （猫）",
		"points" : -2,
		"description" : "每年都会有几次发情期。",
		"mixed_effect" : true,
		"category" : ["FELINE"],
		"cancels" : ["ESTRUS_LUPINE"]
	},
	{
		"type" : "mutation",
		"id" : "OVIPARITY_BIRD",
		"name" : "卵生 （鸟）",
		"points" : -3,
		"description" : "身体里开始生产蛋了。即使是自然的怀孕也会作为蛋而孕育，即使没有怀孕，也会定期产下蛋。(※未実装)",
		"category" : ["BIRD"],
		"threshreq" : ["THRESH_BIRD"],
		"cancels" : ["OVIPARITY_LIZARD", "OVIPARITY_INSECT"]
	},
	{
		"type" : "mutation",
		"id" : "OVIPARITY_LIZARD",
		"name" : "卵生 (爬虫類)",
		"points" : -2,
		"description" : "体の中で卵が作られるようになりました。自然な妊娠であっても卵として孕むようになります。(※未実装)",
		"category" : ["LIZARD", "RAPTOR"],
		"threshreq" : ["THRESH_LIZARD", "THRESH_RAPTOR"],
		"cancels" : ["OVIPARITY_BIRD", "OVIPARITY_INSECT"]
	},
	{
		"type" : "mutation",
		"id" : "OVIPARITY_INSECT",
		"name" : "卵生 (昆虫)",
		"points" : -2,
		"description" : "体の中で卵が作られるようになりました。自然な妊娠であっても卵として孕むようになります。(※未実装)",
		"category" : ["INSECT", "SPIDER"],
		"threshreq" : ["THRESH_INSECT", "THRESH_SPIDER"],
		"cancels" : ["OVIPARITY_BIRD", "OVIPARITY_LIZARD"]
	},
	{
		"type" : "mutation",
		"id" : "OVIPOSITOR",
		"name" : "産卵管 (昆虫)",
		"points" : 2,
		"visibility" : 6,
		"ugliness" : 3,
		"description" : "像剑一样的尖锐的排卵管从身体突出。它非常适合刺进某物（或某人）。",
		"prereqs" : ["OVIPARITY_INSECT"],
		"category" : ["INSECT", "SPIDER"],
		"cancels" : ["TAIL_STING"],
		"restricts_gear" : ["LEG_L", "LEG_R"],
		"attacks" : {
			"attack_text_u" : "你用产卵管刺穿了%s！",
			"attack_text_npc" : "%1$用产卵管刺穿了%2$s！",
			"chance" : 20,
			"base_damage" : { "damage_type" : "stab", "amount" : 20 }
		}
	},
	{
		"type" : "mutation",
		"id" : "TAIL_FIEND",
		"name" : "恶魔之尾",
		"points" : 1,
		"visibility" : 4,
		"ugliness" : 4,
		"description" : "尖端是铲形，一个就像是恶魔的尾巴正在增长。对改善身体平衡影响不大。不能佩戴正常的腿部保护装备。",
		"prereqs" : ["TAIL_LONG"],
		"cancels" : ["TAIL_FIN", "TAIL_RAPTOR", "TAIL_FLUFFY", "TAIL_STING", "TAIL_CLUB", "TAIL_RAT", "TAIL_CATTLE", "TAIL_LONG"],
		"category" : ["FIEND"],
		"restricts_gear" : [ "LEG_L", "LEG_R" ],
		"allow_soft_gear" : true
	},
	{
		"type" : "mutation",
		"id" : "THRESH_FIEND",
		"name" : "堕落",
		"points" : 1,
		"description" : "世界变成了地狱。那么，你不变成恶魔的理由在哪里？",
		"valid": false,
		"purifiable": false,
		"threshold": true
	}
]
