[
	{
		"type" : "speech",
		"speaker" : "mon_cambion_male",
		"sound" : "「草，真jb无聊・・・」",
		"volume" : 5
	},
	{
		"type" : "speech",
		"speaker" : "mon_cambion_male",
		"sound" : "tui(吐唾沫)",
		"volume" : 5
	},
	{
		"type" : "speech",
		"speaker" : "mon_cambion_male",
		"sound" : "「酒啊，没酒了啊・・・」",
		"volume" : 5
	},
	{
		"type" : "speech",
		"speaker" : "mon_cambion_male",
		"sound" : "「喂，有谁带香烟了吗？」",
		"volume" : 10
	},
	{
		"type" : "speech",
		"speaker" : "mon_cambion_male",
		"sound" : "「喝了这杯酒，迎接新一天・・・」",
		"volume" : 5
	},
	{
		"type" : "speech",
		"speaker" : "mon_cambion_male",
		"sound" : "「抽了这根烟，迎接新一天・・・」",
		"volume" : 5
	},
	{
		"type" : "speech",
		"speaker" : "mon_cambion_male",
		"sound" : "「没有人吗？就算把僵尸全杀光了也没意思啊。」",
		"volume" : 20
	},
	{
		"type" : "speech",
		"speaker" : "mon_cambion_male",
		"sound" : "「啊啊、最棒了・・・」",
		"volume" : 10
	},
	{
		"type" : "speech",
		"speaker" : "mon_cambion_male",
		"sound" : "(充满疯狂的笑声)",
		"volume" : 30
	},


	{
		"type" : "speech",
		"speaker" : "mon_cambion_female",
		"sound" : "「真可恶，真没劲，真无聊・・・」",
		"volume" : 5
	},
	{
		"type" : "speech",
		"speaker" : "mon_cambion_female",
		"sound" : "tui(吐唾沫)",
		"volume" : 5
	},
	{
		"type" : "speech",
		"speaker" : "mon_cambion_female",
		"sound" : "「酒啊，没酒了啊・・・」",
		"volume" : 5
	},
	{
		"type" : "speech",
		"speaker" : "mon_cambion_female",
		"sound" : "「喂，有谁带香烟了吗？」",
		"volume" : 10
	},
	{
		"type" : "speech",
		"speaker" : "mon_cambion_female",
		"sound" : "「喝了这杯酒，迎接新一天・・・」",
		"volume" : 5
	},
	{
		"type" : "speech",
		"speaker" : "mon_cambion_female",
		"sound" : "「抽了这根烟，迎接新一天・・・」",
		"volume" : 5
	},
	{
		"type" : "speech",
		"speaker" : "mon_cambion_female",
		"sound" : "「没有人吗？就算把僵尸全杀光了也没意思啊。」",
		"volume" : 20
	},
	{
		"type" : "speech",
		"speaker" : "mon_cambion_female",
		"sound" : "「啊啊、最棒了・・・」",
		"volume" : 10
	},
	{
		"type" : "speech",
		"speaker" : "mon_cambion_female",
		"sound" : "(充满疯狂的笑声)",
		"volume" : 30
	}
]
