  [
  {
    "id": "mon_wxkj_phl1",
    "type": "MONSTER",
    "name": "喷火龙",
    "description": "火恐龙会用它锋利的爪子残忍地撕裂敌人。如果它的敌人十分强壮，它就会变得好斗。在这种情况下，它尾巴上的火焰会变成带点蓝色的亮白.",
    "categories": [ "WILDLIFE" ],
    "species": [ "MAMMAL" ],
    "default_faction": "phl_family",
    "harvest": "bird_large",
    "diff": 10,
    "size": "LARGE",
    "volume": "5 ml",
    "weight": 10,
    "hp": 564,
    "speed": 328,
    "material": [ "flesh" ],
    "symbol": "U",
    "color": "light_gray",
    "luminance": 1, 
    "aggression": 1,
    "morale": 100,
    "melee_skill": 8,
    "dodge": 9,
    "melee_dice": 4,
    "melee_dice_sides": 9,
    "melee_cut": 69,
    "melee_bash": 58,    
    "armor_cut": 59,
    "armor_bash": 56,    
    "path_settings": { "max_dist": 40 },
    "anger_triggers": [ "HURT", "FRIEND_ATTACKED","FRIEND_DIED",  "PLAYER_CLOSE","STALK"],
    "placate_triggers": [ "MEAT" ],
     "reproduction": { "baby_monster": "mon_wxkj_xhl1", "baby_count": 1, "baby_timer": 365 },
    "baby_flags": [ "SPRING", "SUMMER", "AUTUMN" ],
     "special_attacks": 
     [
      [ "HOWL", 3 ],
      { "type": "leap", "cooldown": 15, "max_range": 10 },
       {
        "cooldown":5,
        "type": "gun",
        "gun_type": "wxkj_JN_byhld",
        "fake_skills": [ [ "gun", 9 ], [ "rifle", 9 ] ],
        "range": 25,
        "ranges": [ [ 0, 25, "AUTO" ] ],
        "require_targeting_npc": true,    
        "require_targeting_monster": true,    
        "laser_lock": true,   
        "targeting_cost": 50,     
        "targeting_timeout_extend": -10,
        "targeting_sound": "\"吼! (喷火龙身旁的凝聚着浓郁的能量!)\"",    
        "targeting_volume": 100,    
        "require_sunlight": false
      }
     ],
    "death_function": [ "MELT" ],
    "flags": [ "SEES", "HEARS", "SMELLS", "ANIMAL", "PATH_AVOID_DANGER_2", "WARM", "FUR",  "FAT", "MILKABLE", "FLIES" ]
  }
  
  ]