  [
  {
    "id": "mon_wxkj_xhl1",
    "type": "MONSTER",
    "name": "小火龙",
    "description": "小火龙有四颗小小的可见的牙齿，肚子和尾巴下方是奶油色的，最显着的特点是它的尾巴尖在出生时就有燃烧着的火焰.",
    "categories": [ "WILDLIFE" ],
    "species": [ "MAMMAL" ],
    "default_faction": "phl_family",
    "harvest": "bird_large",
    "diff": 10,
    "size": "TINY",
    "volume": "5 ml",
    "weight": 10,
    "hp": 78,
    "speed": 100,
    "material": [ "flesh" ],
    "symbol": "U",
    "color": "light_gray",
    "luminance": 0, 
    "aggression": -10,
    "morale": 80,
    "melee_skill": 2,
    "dodge": 3,
    "melee_dice": 2,
    "melee_dice_sides": 9,
    "melee_cut": 10,
    "melee_bash": 8,    
    "armor_cut": 8,
    "armor_bash": 7,    
    "path_settings": { "max_dist": 20 },
    "anger_triggers": [ "HURT", "FRIEND_ATTACKED","FRIEND_DIED"],
    "placate_triggers": [ "MEAT" ],
    "fear_triggers": [ "PLAYER_CLOSE","STALK" ],
    "upgrades":
     { "age_grow": 30, "into":"mon_wxkj_hkl1" },  
     "special_attacks": 
     [
      [ "HOWL", 5 ],
      [ "GRAB", 3 ]
     ],
   
    "death_function": [ "MELT" ],
    "flags": [ "DOGFOOD","SEES", "HEARS", "SMELLS", "ANIMAL", "PATH_AVOID_DANGER_2", "WARM", "FUR",  "FAT", "MILKABLE", "FLIES" ]
  },
    {
    "id": "mon_wxkj_xhl2",
    "type": "MONSTER",
    "name": "小火龙2",
    "description": "小火龙有四颗小小的可见的牙齿，肚子和尾巴下方是奶油色的，最显着的特点是它的尾巴尖在出生时就有燃烧着的火焰.",
    "categories": [ "WILDLIFE" ],
    "species": [ "MAMMAL" ],
    "default_faction": "phl_family",
    "harvest": "bird_large",
    "diff": 10,
    "size": "TINY",
    "volume": "5 ml",
    "weight": 10,
    "hp": 78,
    "speed": 100,
    "material": [ "flesh" ],
    "symbol": "U",
    "color": "light_gray",
    "luminance": 0, 
    "aggression": 100,
    "morale": 80,
    "melee_skill": 2,
    "dodge": 3,
    "melee_dice": 2,
    "melee_dice_sides": 9,
    "melee_cut": 10,
    "melee_bash": 8,    
    "armor_cut": 8,
    "armor_bash": 7,    
    "path_settings": { "max_dist": 20 },
    "anger_triggers": [ "HURT", "FRIEND_ATTACKED","FRIEND_DIED"],
    "placate_triggers": [ "MEAT" ],
    "fear_triggers": [ "PLAYER_CLOSE","STALK" ],
    "upgrades":
     { "age_grow": 30, "into":"mon_wxkj_hkl1" },  
     "special_attacks": 
     [
      [ "wxkj_lzn", 5 ]
    
     ],
   
    "death_function": [ "MELT" ],
    "flags": [ "DOGFOOD","SEES", "HEARS", "SMELLS", "ANIMAL", "PATH_AVOID_DANGER_2", "WARM", "FUR",  "FAT", "MILKABLE", "FLIES" ]
  }
  
  ]