  [
  {
    "id": "mon_wxkj_hkl1",
    "type": "MONSTER",
    "name": "火恐龙",
    "description": "火恐龙会用它锋利的爪子残忍地撕裂敌人。如果它的敌人十分强壮，它就会变得好斗。在这种情况下，它尾巴上的火焰会变成带点蓝色的亮白.",
    "categories": [ "WILDLIFE" ],
    "species": [ "MAMMAL" ],
    "default_faction": "phl_family",
    "harvest": "bird_large",
    "diff": 10,
    "size": "SMALL",
    "volume": "5 ml",
    "weight": 10,
    "hp": 219,
    "speed": 167,
    "material": [ "flesh" ],
    "symbol": "U",
    "color": "light_gray",
    "luminance": 1, 
    "aggression": 0,
    "morale": 100,
    "melee_skill": 5,
    "dodge": 6,
    "melee_dice": 3,
    "melee_dice_sides": 9,
    "melee_cut": 34,
    "melee_bash": 30,    
    "armor_cut": 30,
    "armor_bash": 30,    
    "path_settings": { "max_dist": 25 },
    "anger_triggers": [ "HURT", "FRIEND_ATTACKED","FRIEND_DIED"],    
    "placate_triggers": [ "MEAT" ],
     "upgrades":
     { "age_grow": 60, "into":"mon_wxkj_phl1" },  
     "special_attacks": 
     [
      [ "wxkj_ql", 30 ],      
      { "type": "spell", "spell_data": { "id": "wxkj_sqbb_lr_hqs", "max_level": 30 }, "cooldown": 5 }
     ],
    "death_function": [ "MELT" ],
    "flags": [ "SEES", "HEARS", "SMELLS", "ANIMAL", "PATH_AVOID_DANGER_2", "WARM", "FUR",  "FAT",  "FLIES" ]
  }
  
  ]