[
	{
		"type" : "recipe",
		"result": "manual_archery",
		"category": "CC_超凡",
		"subcategory": "CSC_超凡_无界",
		"skill_used": "computer",
		"skills_required": [["GS_int", 4],["archery", 0]],		
		"difficulty": 0,
		"time": 15000,
		"autolearn": true,
		"tools": 
		[
			[
			[ "GS_book_freedom", -1 ]
			]
		],
		"components": 
		[
			[
			[ "destiny_copper", 50]
			]
		]
	},{
		"type" : "recipe",
		"result": "recipe_bows",
		"category": "CC_超凡",
		"subcategory": "CSC_超凡_无界",
		"skill_used": "computer",
		"skills_required": [["GS_int", 4],["archery", 3]],		
		"difficulty": 0,
		"time": 15000,
		"autolearn": true,
		"tools": 
		[
			[
			[ "GS_book_freedom", -1 ]
			]
		],
		"components": 
		[
			[
			[ "destiny_copper", 50 ]
			]
		]
	},{
		"type" : "recipe",
		"result": "recipe_arrows",
		"category": "CC_超凡",
		"subcategory": "CSC_超凡_无界",
		"skill_used": "computer",
		"skills_required": [["GS_int", 4],["archery", 3]],		
		"difficulty": 0,
		"time": 15000,
		"autolearn": true,
		"tools": 
		[
			[
			[ "GS_book_freedom", -1 ]
			]
		],
		"components": 
		[
			[
			[ "destiny_copper", 50 ]
			]
		]
	}
]