[
    {
        "type" : "MONSTER_FACTION",
        "//":"总关系",
        "name" : "pokemon"
    },{
        "type" : "MONSTER_FACTION",
        "name" : "mwh_family",
        "base_faction" : "pokemon",
        "friendly" : ["phl_family", "bdd_family","qexj_family"],
        "neutral" : ["human","jzs_family"]
    },{
        "type" : "MONSTER_FACTION",
        "name" : "phl_family",
        "base_faction" : "pokemon",
        "friendly" : ["mwh_family", "jzs_family"],
        "neutral" : ["human"]
    },{
        "type" : "MONSTER_FACTION",
        "name" : "jzs_family",
        "base_faction" : "pokemon",
        "friendly" : ["phl_family"],
        "neutral" : ["human","mwh_family","bdd_family" ]
    },{
        "type" : "MONSTER_FACTION",
        "name" : "bdd_family",
        "base_faction" : "pokemon",
        "friendly" : ["phl_family", "mwh_family","qexj_family"],
        "neutral" : ["human","jzs_family"]
    },{
        "type" : "MONSTER_FACTION",
        "name" : "qexj_family",
        "base_faction" : "pokemon",
        "friendly" : ["phl_family", "mwh_family","bdd_family"],
        "neutral" : ["human","jzs_family"]
    }
    
    ]