[
  {
    "id": "emit_hot_air3_morb",
    "type": "emit",
    "field": "fd_hot_air3",
    "intensity": 3,
    "qty": 50
  },
  {
    "id": "emit_cold_air3_morb",
    "type": "emit",
    "field": "fd_cold_air3",
    "intensity": 2,
    "qty": 50
  },
  {
    "id": "emit_cold_air3_morb_greater",
    "type": "emit",
    "field": "fd_cold_air3",
    "intensity": 3,
    "qty": 50
  },
  {
    "id": "emit_cold_Ds",
    "type": "emit",
    "field": "fd_cold_Ds",
    "intensity": 3,
    "qty": 300
  },
  {
    "id": "emit_entropyfire",
    "type": "emit",
    "field": "fd_entropyfire",
    "intensity": 3,
    "qty": 300,
    "chance": 75
  }
]
