[
  {
    "id": "fd_ani_light",
    "type": "field_type",
    "intensity_levels": [ 
            { "name": "圣光余晖", "sym": "*", "color": "white", "transparent": false, "light_emitted": 20 },
            { "name": "神圣光辉", "sym": "*", "color": "white", "transparent": false, "light_emitted": 30,
                 "effects": [ {
                    "effect_id": "blind",
                    "min_duration": "3 seconds",
                    "max_duration": "3 seconds",
                    "immune_in_vehicle": false,
                    "is_environmental": false } ] },
            { "name": "光辉云团", "sym": "*", "color": "white", "transparent": false, "light_emitted": 30,
                 "effects": [ {
                    "effect_id": "blind",
                    "min_duration": "10 seconds",
                    "max_duration": "10 seconds",
                    "immune_in_vehicle": false,
                    "is_environmental": false } ] } ],
    "description_affix": "on",
    "priority": 2,
    "phase": "plasma",
    "half_life": "5 minutes",
    "display_items": false,
    "display_field": false
  },
  {
    "id": "fd_space_ele_tear",
    "type": "field_type",
    "legacy_enum_id": 18,
    "intensity_levels": [
       { "name": "时空微澜", "color": "light_blue", "sym": "*", "dangerous": false, "light_emitted": 10 },
       { "name": "时空余波", "color": "yellow", "sym": "*", "dangerous": false, "light_emitted": 15 },
       { "name": "时空畸变", "color": "red", "sym": "*", "dangerous": true, "light_emitted": 20,
         "monster_spawn_chance": 10,
         "monster_spawn_count": 1,
         "monster_spawn_radius": 1,
         "monster_spawn_group": "GROUP_NETHER_FATIGUE_FIELD" }
   ],
    "description_affix": "under",
    "priority": 4,
    "half_life": "100 seconds",
    "display_items": false,
    "display_field": true
  },
  {
    "id": "fd_entropyfire",
    "type": "field_type",
    "intensity_levels": [
      { "name": "熵火", "sym": "6", "color": "white", "convection_temperature_mod": 100, "translucency": 5, "light_emitted": 20 },
      { "color": "yellow", "convection_temperature_mod": 120,
         "effects": [ {
                    "effect_id": "Kl_entropy_incre",
                    "min_duration": "10 seconds",
                    "max_duration": "10 seconds",
                    "immune_in_vehicle": false,
                    "is_environmental": false } ] },
      { "color": "red", "convection_temperature_mod": 180,
         "effects": [ {
                    "effect_id": "Kl_entropy_incre",
                    "min_duration": "20 seconds",
                    "max_duration": "20 seconds",
                    "immune_in_vehicle": false,
                    "is_environmental": false } ] }
    ],
    "description_affix": "on",
    "decay_amount_factor": 3,
    "priority": 4,
    "half_life": "3 seconds",
    "phase": "plasma",
    "display_items": false,
    "display_field": true
  },
  {
    "id": "fd_cold_Ds",
    "type": "field_type",
    "intensity_levels": [
      { "name": "异度深寒", "sym": "&", "convection_temperature_mod": -100 },
      { "color": "light_blue", "convection_temperature_mod": -120,
         "effects": [ {
                    "effect_id": "Ds_frozen",
                    "min_duration": "2 seconds",
                    "max_duration": "2 seconds",
                    "immune_in_vehicle": false,
                    "is_environmental": false } ] },
      { "color": "blue", "convection_temperature_mod": -180,
         "effects": [ {
                    "effect_id": "Ds_frozen",
                    "min_duration": "5 seconds",
                    "max_duration": "5 seconds",
                    "immune_in_vehicle": false,
                    "is_environmental": false } ] }
    ],
    "decay_amount_factor": 5,
    "percent_spread": 100,
    "outdoor_age_speedup": "100 minutes",
    "priority": -1,
    "half_life": "50 minutes",
    "phase": "gas",
    "display_field": true
  },
  {
    "id": "fd_earthwall",
    "type": "field_type",
    "intensity_levels": [ 
            { "name": "扬尘", "sym": "M", "color": "white", "transparent": false,
                 "effects": [ {
                    "effect_id": "blind",
                    "min_duration": "5 seconds",
                    "max_duration": "5 seconds",
                    "immune_in_vehicle": true,
                    "is_environmental": false,
                    "message": "黄沙迷眼。",
                    "message_npc": "黄沙迷眼。",
                    "message_type": "bad" } ] },
            { "name": "沙尘", "sym": "M", "color": "yellow", "transparent": false,
                 "effects": [ {
                    "effect_id": "blind",
                    "min_duration": "10 seconds",
                    "max_duration": "10 seconds",
                    "immune_in_vehicle": true,
                    "is_environmental": false,
                    "message": "黄沙迷眼。",
                    "message_npc": "黄沙迷眼。",
                    "message_type": "bad" } ] },
            { "name": "沙暴云团", "sym": "M", "color": "brown", "transparent": false,
                 "effects": [ {
                    "effect_id": "blind",
                    "min_duration": "20 seconds",
                    "max_duration": "20 seconds",
                    "immune_in_vehicle": true,
                    "is_environmental": false,
                    "message": "黄沙迷眼。",
                    "message_npc": "黄沙迷眼。",
                    "message_type": "bad" } ] } ],
    "description_affix": "on",
    "priority": 2,
    "immunity_data": { "body_part_env_resistance": [ [ "EYES", 5 ] ] },
    "phase": "solid",
    "half_life": "2 minutes",
    "display_items": false,
    "display_field": false
  },
  {
    "id": "fd_transdoor_lesser",
    "type": "field_type",
    "intensity_levels": [
       { "name": "锚点过载", "color": "magenta", "sym": "*", "dangerous": false, "light_emitted": 50 },
       { "name": "锚点光芒", "color": "yellow", "sym": "*", "dangerous": false, "light_emitted": 30 },
       { "name": "锚点微光", "color": "light_blue", "sym": "*", "dangerous": false, "light_emitted": 10 }
   ],
    "description_affix": "under",
    "half_life": "55968 seconds",
    "priority": 8,
    "display_items": true,
    "display_field": true
  },
  {
    "id": "fd_clairvoyant",
    "type": "field_type",
    "intensity_levels": [ { "name": "clairvoyance", "sym": "8", "dangerous": false } ],
    "decay_amount_factor": 5,
    "gas_absorption_factor": 12,
    "dirty_transparency_cache": true,
    "outdoor_age_speedup": "0 turns",
    "priority": 8,
    "half_life": "1 seconds",
    "phase": "solid",
    "display_field": false
  }
]
