[
  {
    "type": "furniture",
    "id": "f_bone_ladder",
    "name": "骨梯",
    "description": "一座可以攀爬的骨梯。",
    "symbol": "H",
    "color": "white",
    "move_cost_mod": 3,
    "required_str": 6,
    "flags": [ "LADDER", "TRANSPARENT", "SEEN_FROM_ABOVE" ],
    "examine_action": "deployed_furniture",
    "deployed_item": "bone",
    "bash": {
      "str_min": 6,
      "str_max": 40,
      "sound": "smash!",
      "sound_fail": "whump.",
      "items": [ { "item": "bone", "count": [ 5, 10 ] } ]
    }
  },
  {
    "type": "furniture",
    "id": "f_space_recycler",
    "name": "空间锻炉",
    "description": "A hydraulic compactor that can accept items made of various metals, and press them into basic shapes, ready for further crafting.",
    "symbol": "&",
    "color": "light_blue",
    "move_cost_mod": 0,
    "required_str": -1,
    "flags": [ "TRANSPARENT", "REDUCE_SCENT", "PERMEABLE" ],
    "examine_action": "recycle_compactor"
  },
  {
    "type": "furniture",
    "id": "f_Kl_volcano",
    "name": "熵火之门",
    "description": "这座临时传送门中不断涌出异域火焰。",
    "symbol": "A",
    "color": "yellow",
    "move_cost_mod": 0,
    "required_str": -1,
    "flags": [ "MOUNTABLE", "ALLOW_FIELD_EFFECT", "PLANT", "SEALED", "TRANSPARENT", "CONTAINER", "NOITEM", "TINY", "DONT_REMOVE_ROTTEN", "GROWTH_MATURE", "EMITTER" ],
    "emissions": [ "emit_entropyfire" ],
    "bash": { "str_min": 3, "str_max": 8, "sound": "crunch.", "sound_fail": "whish." },
    "plant_data": { "transform": "f_null", "base": "f_null", "growth_multiplier": 0.001 }
  },
  {
    "type": "furniture",
    "id": "f_temporary_transdoor",
    "name": "临时传送门",
    "description": "临时建立的传送门，与易位门不同，一段时间后就会失效。",
    "symbol": "O",
    "color": "light_blue",
    "move_cost_mod": 0,
    "required_str": -1,
    "flags": [ "TRANSLOCATOR", "MOUNTABLE", "ALLOW_FIELD_EFFECT", "PLANT", "SEALED", "TRANSPARENT", "CONTAINER", "NOITEM", "TINY", "DONT_REMOVE_ROTTEN", "GROWTH_MATURE", "EMITTER" ],
    "emissions": [ "emit_glimmer" ],
    "light_emitted": 15,
    "examine_action": "translocator",
    "bash": { "str_min": 3, "str_max": 8, "sound": "crunch.", "sound_fail": "whish." },
    "plant_data": { "transform": "f_null", "base": "f_null", "growth_multiplier": 0.005 }
  },
  {
    "type": "furniture",
    "id": "f_magiclysm_translocator_gate",
    "name": "Translocator Gate",
    "move_cost_mod": 0,
    "symbol": "X",
    "description": "A gate for translocation.  Cast the translocation spell or use a translocator to choose this gate as a destination.",
    "color": "light_gray",
    "required_str": 25,
    "flags": [ "TRANSLOCATOR", "MOUNTABLE", "ALLOW_FIELD_EFFECT" ],
    "examine_action": "translocator"
  },
  {
    "type": "furniture",
    "id": "f_magic_circle",
    "name": "Magic Circle",
    "move_cost_mod": 0,
    "symbol": "O",
    "color": "red",
    "required_str": -1,
    "flags": [ "ALLOW_FIELD_EFFECT" ],
    "description": "This is a rough magic circle, carved into the ground and decorated with blood, candles, and other small knick-knacks."
  },
  {
    "type": "furniture",
    "id": "f_glow_boulder",
    "looks_like": "f_boulder_large",
    "name": "large glowing boulder",
    "description": "Something about this doesn't look right.",
    "symbol": "O",
    "color": "green",
    "move_cost_mod": -1,
    "coverage": 65,
    "required_str": 32,
    "flags": [ "NOITEM", "MINEABLE", "BASHABLE", "BLOCK_WIND" ],
    "bash": {
      "str_min": 64,
      "str_max": 160,
      "sound": "smash!",
      "sound_fail": "thump.",
      "items": [
        { "item": "rock", "count": [ 10, 22 ] },
        { "item": "sharp_rock", "count": [ 3, 7 ] },
        { "item": "material_limestone", "charges": [ 2, 5 ], "prob": 30 },
        { "item": "material_rocksalt", "count": [ 0, 1 ], "prob": 10 },
        { "item": "material_rhodonite", "count": [ 0, 1 ], "prob": 1 },
        { "item": "material_zincite", "count": [ 0, 5 ], "prob": 2 },
        { "item": "orichalcum_lump", "count": [ 0, 3 ], "prob": 5 },
        { "item": "orichalcum_sliver", "count": [ 1, 8 ], "prob": 20 }
      ]
    }
  },
  {
    "type": "furniture",
    "id": "f_magic_bench",
    "name": "enchanter's workbench",
    "looks_like": "f_table",
    "description": "An ornate oak cabinet topped by a durable resin countertop resistant to most alchemical spills and burns.  It has wired in electrical and gas fittings, and has been decorated with several protection runes - mostly ornamental.",
    "symbol": "0",
    "bgcolor": "white",
    "move_cost_mod": 2,
    "coverage": 60,
    "required_str": -1,
    "flags": [ "TRANSPARENT", "PLACE_ITEM", "MOUNTABLE", "FLAT_SURF" ],
    "deconstruct": {
      "items": [
        { "item": "pipe", "count": [ 6, 12 ] },
        { "item": "cu_pipe", "count": [ 1, 4 ] },
        { "item": "cable", "charges": [ 1, 4 ] },
        { "item": "plastic_chunk", "count": [ 50, 75 ] },
        { "item": "wood_panel", "count": [ 1, 2 ] },
        { "item": "2x4", "count": [ 3, 4 ] }
      ]
    },
    "max_volume": "1750 L",
    "bash": {
      "str_min": 35,
      "str_max": 80,
      "sound": "metal screeching!",
      "sound_fail": "clang!",
      "items": [
        { "item": "splinter", "count": [ 2, 8 ] },
        { "item": "2x4", "count": [ 0, 2 ] },
        { "item": "wood_panel", "count": [ 0, 1 ] },
        { "item": "plastic_chunk", "count": [ 30, 50 ] },
        { "item": "pipe", "count": 1 },
        { "item": "cable", "charges": [ 1, 3 ] },
        { "item": "cu_pipe", "count": 1 }
      ]
    },
    "examine_action": "workbench",
    "workbench": { "multiplier": 1.15, "mass": 300000, "volume": "100L" }
  },
  {
    "type": "furniture",
    "id": "f_alembic",
    "name": "standing alembic",
    "looks_like": "f_still",
    "description": "A large glass and copper alembic for distilling alchemical concoctions.  It consists of a copper pot with rising spires of twisted glass draining into various removable bottles.",
    "symbol": "&",
    "color": "light_blue",
    "move_cost_mod": -1,
    "coverage": 40,
    "required_str": -1,
    "crafting_pseudo_item": "still_lab",
    "flags": [ "TRANSPARENT", "NOITEM" ],
    "deconstruct": {
      "items": [
        { "item": "pot_copper", "count": 1 },
        { "item": "pipe_glass", "count": [ 1, 4 ] },
        { "item": "glass_tube_small", "charges": [ 5, 10 ] },
        { "item": "stopcock", "count": [ 1, 5 ] },
        { "item": "flask_glass", "count": [ 1, 3 ] }
      ]
    },
    "max_volume": "1750 L",
    "bash": {
      "str_min": 4,
      "str_max": 10,
      "sound": "glass breaking!",
      "sound_fail": "clang!",
      "items": [
        { "item": "scrap_copper", "count": [ 10, 20 ] },
        { "item": "stopcock", "count": [ 1, 5 ] },
        { "item": "glass_shard", "count": [ 25, 50 ] }
      ]
    }
  },
  {
    "type": "furniture",
    "id": "f_orrery",
    "name": "orrery",
    "looks_like": "f_statue",
    "description": "This is a beautiful, non-scale model of the solar system.  A complex series of gears allows the relative motions of the planets to be studied at the turn of a crank.  This more modern version also has bluetooth and could have been controlled with an app, if there was any power anymore.",
    "symbol": "@",
    "color": "brown",
    "move_cost_mod": -1,
    "coverage": 40,
    "required_str": -1,
    "flags": [ "TRANSPARENT", "NOITEM" ],
    "deconstruct": {
      "items": [
        { "item": "clockworks", "count": [ 10, 30 ] },
        { "item": "scrap", "count": [ 10, 20 ] },
        { "item": "pipe", "charges": 9 },
        { "item": "wire", "count": [ 10, 20 ] },
        { "item": "hinge", "count": [ 1, 3 ] }
      ]
    },
    "max_volume": "1750 L",
    "bash": {
      "str_min": 20,
      "str_max": 60,
      "sound": "metal screeching!",
      "sound_fail": "clang!",
      "items": [
        { "item": "scrap", "count": [ 10, 100 ] },
        { "item": "pipe", "count": [ 1, 5 ] },
        { "item": "wire", "count": [ 3, 10 ] }
      ]
    }
  },
  {
    "type": "furniture",
    "id": "f_huge_mana_crystal",
    "name": "huge mana crystal",
    "description": "This is a mana crystal that juts from the ground as if it had sprouted up like a weed.  It pulses with a delicate yellow energy, occasionally bursting with flashes of pent-up light.",
    "symbol": "]",
    "color": "white_yellow",
    "move_cost_mod": -1,
    "coverage": 75,
    "required_str": -1,
    "looks_like": "f_boulder_large",
    "flags": [ "TRANSPARENT", "EMITTER" ],
    "emissions": [ "emit_glimmer" ],
    "light_emitted": 12,
    "bash": {
      "str_min": 25,
      "str_max": 35,
      "sound": "glass shattering!",
      "sound_fail": "mana crackling!",
      "items": [
        { "item": "crystallized_mana", "charges": [ 0, 100 ] },
        { "item": "small_mana_crystal", "count": [ 0, 3 ] },
        { "item": "glass_shard", "count": [ 8, 12 ] }
      ]
    }
  }
]
