[
  {
    "type": "material",
    "ident": "arcane_skin",
    "name": "Arcane Skin",
    "density": 38,
    "specific_heat_liquid": 0.82,
    "specific_heat_solid": 0.45,
    "latent_heat": 273,
    "soft": true,
    "reinforces": true,
    "bash_resist": 14,
    "cut_resist": 18,
    "acid_resist": 4,
    "fire_resist": 20,
    "elec_resist": 2,
    "chip_resist": 15,
    "dmg_adj": [ "scratched", "cut", "shredded", "tattered" ],
    "bash_dmg_verb": "ripped",
    "cut_dmg_verb": "sliced"
  },
  {
    "type": "material",
    "ident": "black_dragon_hide",
    "name": "black dragon hide",
    "density": 20,
    "specific_heat_liquid": 4.186,
    "specific_heat_solid": 2.108,
    "latent_heat": 333,
    "bash_resist": 5,
    "cut_resist": 8,
    "acid_resist": 40,
    "fire_resist": 1,
    "elec_resist": 1,
    "chip_resist": 30,
    "reinforces": true,
    "repaired_with": "dragon_black_scale",
    "dmg_adj": [ "scratched", "cut", "cracked", "shattered" ],
    "bash_dmg_verb": "cracked",
    "cut_dmg_verb": "chipped"
  },
  {
    "type": "material",
    "ident": "demon_chitin",
    "name": "Demon Chitin",
    "density": 15,
    "specific_heat_liquid": 4.186,
    "specific_heat_solid": 2.108,
    "latent_heat": 333,
    "bash_resist": 1,
    "cut_resist": 10,
    "acid_resist": 3,
    "fire_resist": 18,
    "elec_resist": 2,
    "chip_resist": 10,
    "dmg_adj": [ "scratched", "cut", "cracked", "shattered" ],
    "bash_dmg_verb": "cracked",
    "cut_dmg_verb": "chipped",
    "burn_data": [
      { "fuel": 0, "smoke": 1, "burn": 1, "volume_per_turn": "1250 ml" },
      { "fuel": 1, "smoke": 3, "burn": 1 },
      { "fuel": 1, "smoke": 5, "burn": 5 }
    ]
  },
  {
    "type": "material",
    "ident": "orichalcum_metal",
    "name": "Orichalcum",
    "density": 40,
    "bash_resist": 13,
    "specific_heat_liquid": 0.82,
    "specific_heat_solid": 0.45,
    "latent_heat": 273,
    "cut_resist": 20,
    "acid_resist": 7,
    "fire_resist": 3,
    "elec_resist": 0,
    "chip_resist": 40,
    "repaired_with": "scrap",
    "dmg_adj": [ "marked", "dented", "smashed", "shattered" ],
    "bash_dmg_verb": "dented",
    "cut_dmg_verb": "scratched",
    "burn_products": [ [ "scrap", 1 ] ],
    "compacts_into": [ "orichalcum_lump", "orichalcum_sliver" ]
  }
]
