[
  {
    "type": "MOD_INFO",
    "ident": "more_magiclysm",
    "name": "更加魔法的大魔法1.0",
    "authors": [ "KorGgenT", "Aptronym", "LaVeyanFiend" ],
    "maintainers": [ "KorGgenT" ],
    "description": "大灾变有大魔法！以官方大魔法mod为基础，1.0版本增添更多法术内容、临时物品，以及少量永久物品和配方，与原mod不兼容。感谢沃兹奎尔特大师、布鲁斯盖法师等cdda织法者的技术支持。",
    "category": "content",
    "dependencies": [ "dda" ]
  },
  {
    "type": "skill",
    "ident": "spellcraft",
    "name": "spellcraft",
    "display_category": "display_ranged",
    "description": "Your skill in the arcane.  Represents magic theory and all that entails.  A higher skill increases how quickly you can learn spells, and decreases their spell failure chance.  You learn this skill by studying books or spells."
  }
]
