[
  {
    "id": "mon_Dryad",
    "type": "MONSTER",
    "name": "树精",
    "description": "欢笑姐妹栖息于薄雾林地，响应自然召唤而来。",
    "default_faction": "triffid",
    "species": [ "PLANT" ],
    "volume": "30000 ml",
    "weight": "30 kg",
    "hp": 180,
    "speed": 100,
    "material": [ "veggy" ],
    "symbol": "D",
    "color": "green",
    "aggression": 100,
    "morale": 20,
    "melee_skill": 8,
    "melee_dice": 3,
    "melee_dice_sides": 8,
    "melee_cut": 10,
    "melee_damage": [ { "damage_type": "stab", "amount": 10, "armor_penetration": 1, "armor_multiplier": 1.2, "damage_multiplier": 1.4 } ],
    "armor_bash": 12,
    "armor_cut": 8,
    "harvest": "triffid_queen",
    "special_attacks": [ [ "GROWPLANTS", 3 ] ],
    "death_function": [ "NORMAL" ],
    "flags": [ "HEARS", "SMELLS", "BASHES", "PARALYZEVENOM", "GROUP_MORALE" ]
  },
  {
    "id": "mon_master_wolf",
    "type": "MONSTER",
    "name": "头狼",
    "description": "这只年迈的巨狼是狼群首脑。",
    "default_faction": "wolf",
    "bodytype": "dog",
    "categories": [ "WILDLIFE" ],
    "species": [ "MAMMAL" ],
    "volume": "56625 ml",
    "weight": "56625 g",
    "hp": 100,
    "speed": 150,
    "material": [ "flesh" ],
    "symbol": "w",
    "color": "white",
    "aggression": 50,
    "morale": 20,
    "melee_skill": 8,
    "melee_dice": 3,
    "melee_dice_sides": 7,
    "melee_cut": 10,
    "dodge": 6,
    "armor_bash": 4,
    "vision_night": 15,
    "harvest": "mammal_fur",
    "path_settings": { "max_dist": 10 },
    "anger_triggers": [ "STALK", "FRIEND_ATTACKED", "FRIEND_DIED", "PLAYER_WEAK", "PLAYER_CLOSE" ],
    "placate_triggers": [ "MEAT" ],
    "death_function": [ "NORMAL" ],
    "special_attack": [
      [ "IMPALE", 10 ],
      { "type": "leap", "cooldown": 10, "max_range": 5 }
    ],
    "flags": [ "SEES", "HEARS", "SMELLS", "ANIMAL", "PATH_AVOID_DANGER_1", "WARM", "KEENNOSE", "BLEED", "GROUP_MORALE", "QUEEN" ]
  },
  {
    "id": "mon_ghost_wolf",
    "type": "MONSTER",
    "name": "鬼狼",
    "description": "阴影化的狼，行动轻盈，它的爪牙撕咬比之普通同类更加空灵。",
    "default_faction": "wolf",
    "bodytype": "dog",
    "categories": [ "WILDLIFE" ],
    "species": [ "MAMMAL" ],
    "volume": "26625 ml",
    "weight": "26625 g",
    "hp": 50,
    "speed": 165,
    "material": [ "flesh" ],
    "symbol": "w",
    "color": "black",
    "aggression": 50,
    "morale": 20,
    "melee_skill": 7,
    "melee_dice": 3,
    "melee_dice_sides": 5,
    "melee_cut": 4,
    "dodge": 5,
    "armor_bash": 3,
    "vision_night": 10,
    "harvest": "mammal_fur",
    "path_settings": { "max_dist": 10 },
    "anger_triggers": [ "STALK", "FRIEND_ATTACKED", "FRIEND_DIED", "PLAYER_WEAK", "PLAYER_CLOSE" ],
    "placate_triggers": [ "MEAT" ],
    "death_function": [ "NORMAL" ],
    "special_attack": [ [ "IMPALE", 5 ] ],
    "flags": [ "SEES", "HEARS", "SMELLS", "ANIMAL", "PATH_AVOID_DANGER_1", "WARM", "KEENNOSE", "BLEED", "GROUP_MORALE" ]
  },
  {
    "id": "mon_holy_flaming_blade",
    "type": "MONSTER",
    "name": "圣焰守卫",
    "description": "样式朴素的长剑悬浮于半空，完全由乳白色圣焰构成。",
    "looks_like": "longsword",
    "default_faction": "player",
    "volume": "62500 ml",
    "weight": "81500 g",
    "hp": 50,
    "speed": 150,
    "symbol": "/",
    "color": "white",
    "aggression": 100,
    "morale": 100,
    "melee_skill": 7,
    "melee_dice": 2,
    "melee_dice_sides": 7,
    "melee_cut": 10,
    "dodge": 6,
    "luminance": 20,
    "armor_bash": 5,
    "armor_cut": 5,
    "vision_day": 30,
    "vision_night": 30,
    "material": [ "orichalcum_metal" ],
    "harvest": "exempt",
    "death_function": [ "MELT" ],
    "flags": [ "SEES", "HEARS", "NOHEAD", "HARDTOSHOOT", "FLIES", "PRIORITIZE_TARGETS", "NO_BREATHE", "NOGIB", "FIREPROOF" ],
    "melee_damage": [ { "damage_type": "heat", "amount": 10, "armor_penetration": 3 } ]
  },
  {
    "id": "mon_mirror_image",
    "type": "MONSTER",
    "name": "hologram",
    "description": "An image made from light, nearly identical to the real deal.",
    "looks_like": "player",
    "default_faction": "factionless",
    "species": [ "UNKNOWN" ],
    "volume": "62500 ml",
    "weight": "81500 g",
    "hp": 1,
    "speed": 150,
    "symbol": "@",
    "color": "cyan",
    "aggression": -99,
    "morale": 2,
    "luminance": 16,
    "dodge": 6,
    "harvest": "exempt",
    "fear_triggers": [ "PLAYER_CLOSE" ],
    "special_attacks": [ [ "DISAPPEAR", 200 ] ],
    "death_function": [ "DISAPPEAR" ],
    "flags": [ "FLIES", "NO_BREATHE", "NOT_HALLUCINATION", "HARDTOSHOOT" ]
  },
  {
    "id": "mon_animated_blade",
    "type": "MONSTER",
    "name": "animated blade",
    "description": "A conjured glowing longsword that darts and dodges around, slicing and cutting your foes into small pieces.",
    "looks_like": "longsword",
    "default_faction": "player",
    "volume": "62500 ml",
    "weight": "81500 g",
    "hp": 30,
    "speed": 120,
    "symbol": "/",
    "color": "white",
    "aggression": 100,
    "morale": 100,
    "melee_skill": 5,
    "melee_dice": 1,
    "melee_dice_sides": 10,
    "melee_cut": 10,
    "dodge": 6,
    "luminance": 16,
    "armor_bash": 2,
    "armor_cut": 2,
    "vision_day": 30,
    "vision_night": 30,
    "material": [ "steel" ],
    "harvest": "exempt",
    "death_function": [ "MELT" ],
    "flags": [ "SEES", "HEARS", "NOHEAD", "HARDTOSHOOT", "FLIES", "PRIORITIZE_TARGETS", "NO_BREATHE", "NOGIB" ]
  }
]
