[
  {
    "type": "monstergroup",
    "name": "GROUP_NULL",
    "is_safe": true,
    "default": "mon_null"
  },
  {
    "type": "monstergroup",
    "name": "GROUP_FOREST",
    "default": "mon_null",
    "is_animal": true,
    "monsters": [
      { "monster": "mon_owlbear", "freq": 10, "cost_multiplier": 10 },
      { "monster": "mon_wisp", "freq": 3, "cost_multiplier": 10, "conditions": [ "NIGHT" ] },
      { "monster": "mon_troll", "freq": 3, "cost_multiplier": 10, "conditions": [ "DAY" ] },
      { "monster": "mon_claygolem", "freq": 8, "cost_multiplier": 3 },
      { "monster": "mon_stonegolem", "freq": 4, "cost_multiplier": 5 },
      { "monster": "mon_irongolem", "freq": 2, "cost_multiplier": 8 },
      { "monster": "mon_demon_spiderling", "freq": 15, "cost_multiplier": 5, "pack_size": [ 3, 7 ] }
    ]
  },
  {
    "type": "monstergroup",
    "name": "GROUP_SWAMP",
    "default": "mon_null",
    "is_animal": true,
    "monsters": [
      { "monster": "mon_black_pudding", "freq": 14, "cost_multiplier": 1, "pack_size": [ 4, 6 ] },
      { "monster": "mon_stirge", "freq": 7, "cost_multiplier": 1, "pack_size": [ 2, 8 ] },
      { "monster": "mon_wisp", "freq": 5, "cost_multiplier": 10, "conditions": [ "NIGHT" ] },
      { "monster": "mon_wisp", "freq": 1, "cost_multiplier": 10, "conditions": [ "NIGHT" ], "pack_size": [ 1, 3 ] },
      { "monster": "mon_dragon_black_wyrmling", "freq": 2, "cost_multiplier": 50 },
      { "monster": "mon_dragon_black_young", "freq": 1, "cost_multiplier": 65 }
    ]
  },
  {
    "type": "monstergroup",
    "name": "GROUP_CAVE",
    "default": "mon_null",
    "is_animal": true,
    "monsters": [
      { "monster": "mon_owlbear", "freq": 100, "cost_multiplier": 10, "pack_size": [ 2, 4 ] },
      { "monster": "mon_shrieker", "freq": 10, "cost_multiplier": 1 },
      { "monster": "mon_lemure", "freq": 5, "cost_multiplier": 2, "pack_size": [ 1, 4 ] }
    ]
  },
  {
    "type": "monstergroup",
    "name": "GROUP_WORM",
    "default": "mon_worm",
    "is_animal": true,
    "monsters": [ { "monster": "mon_bulette", "freq": 5, "cost_multiplier": 40 } ]
  },
  {
    "type": "monstergroup",
    "name": "GROUP_BLACKDRAGON_LAIR_1",
    "default": "mon_null",
    "is_animal": true,
    "monsters": [
      { "monster": "mon_black_pudding", "freq": 14, "cost_multiplier": 1, "pack_size": [ 4, 6 ] },
      { "monster": "mon_wisp", "freq": 5, "cost_multiplier": 10, "conditions": [ "NIGHT" ] },
      { "monster": "mon_wisp", "freq": 1, "cost_multiplier": 10, "conditions": [ "NIGHT" ], "pack_size": [ 1, 3 ] },
      { "monster": "mon_bat", "freq": 5, "cost_multiplier": 5, "pack_size": [ 6, 10 ] },
      { "monster": "mon_rattlesnake", "freq": 5, "cost_multiplier": 1 },
      { "monster": "mon_rattlesnake_giant", "freq": 5, "cost_multiplier": 2 },
      { "monster": "mon_black_rat", "freq": 10, "cost_multiplier": 1 },
      { "monster": "mon_dragon_black_wyrmling", "freq": 2, "cost_multiplier": 50 },
      { "monster": "mon_lizardfolk_warrior", "freq": 20, "cost_multiplier": 1, "pack_size": [ 2, 4 ] },
      { "monster": "mon_lizardfolk_hunter", "freq": 30, "cost_multiplier": 4, "pack_size": [ 1, 2 ] },
      { "monster": "mon_crocodile", "freq": 20, "cost_multiplier": 10, "pack_size": [ 1, 4 ] },
      { "monster": "mon_lizardfolk_shaman", "freq": 2, "cost_multiplier": 30 },
      { "monster": "mon_lizardfolk_chieftan", "freq": 1, "cost_multiplier": 50 }
    ]
  },
  {
    "type": "monstergroup",
    "name": "GROUP_BLACKDRAGON_LAIR_2",
    "default": "mon_lizardfolk_warrior",
    "is_animal": true,
    "monsters": [
      { "monster": "mon_black_pudding", "freq": 14, "cost_multiplier": 1, "pack_size": [ 4, 6 ] },
      { "monster": "mon_dragon_black_wyrmling", "freq": 2, "cost_multiplier": 50 },
      { "monster": "mon_dragon_black_young", "freq": 1, "cost_multiplier": 65 },
      { "monster": "mon_lizardfolk_warrior", "freq": 20, "cost_multiplier": 1, "pack_size": [ 2, 4 ] },
      { "monster": "mon_lizardfolk_hunter", "freq": 30, "cost_multiplier": 4, "pack_size": [ 1, 2 ] },
      { "monster": "mon_crocodile", "freq": 30, "cost_multiplier": 30, "pack_size": [ 1, 4 ] },
      { "monster": "mon_lizardfolk_shaman", "freq": 10, "cost_multiplier": 30 },
      { "monster": "mon_lizardfolk_chieftan", "freq": 10, "cost_multiplier": 50 }
    ]
  },
  {
    "type": "monstergroup",
    "name": "GROUP_LIZARDFOLK",
    "default": "mon_lizardfolk_warrior",
    "//": "A lizard humanoid race, they are allies and servants of the black dragons.",
    "is_animal": true,
    "monsters": [
      { "monster": "mon_lizardfolk_warrior", "freq": 20, "cost_multiplier": 1, "pack_size": [ 2, 4 ] },
      { "monster": "mon_lizardfolk_hunter", "freq": 30, "cost_multiplier": 4, "pack_size": [ 1, 2 ] },
      { "monster": "mon_crocodile", "freq": 30, "cost_multiplier": 30, "pack_size": [ 1, 4 ] },
      { "monster": "mon_lizardfolk_shaman", "freq": 10, "cost_multiplier": 30 },
      { "monster": "mon_lizardfolk_chieftan", "freq": 10, "cost_multiplier": 50 }
    ]
  },
  {
    "type": "monstergroup",
    "name": "GROUP_TOWER_GOLEM",
    "default": "mon_plasticgolem",
    "//": "Cheap golems used to defend the average wizard's tower.",
    "monsters": [
      { "monster": "mon_plasticgolem", "freq": 60, "cost_multiplier": 1 },
      { "monster": "mon_claygolem", "freq": 20, "cost_multiplier": 1 },
      { "monster": "mon_stonegolem", "freq": 10, "cost_multiplier": 1 },
      { "monster": "mon_irongolem", "freq": 5, "cost_multiplier": 1 }
    ]
  }
]
