[
  {
    "type": "trap",
    "id": "tr_holy_teleport",
    "trigger_weight": 200,
    "name": "正义的陷阱",
    "color": "yellow",
    "symbol": "@",
    "visibility": 0,
    "avoidance": 15,
    "difficulty": 20,
    "action": "telepad",
    "drops": [ "glow_dust" ]
  },
  {
    "type": "furniture",
    "id": "f_ethereal_center_groundsheet",
    "name": "防潮布",
    "description": "帐篷的防潮布能让你保持干燥。",
    "symbol": ";",
    "color": "green",
    "move_cost_mod": 0,
    "required_str": -1,
    "flags": [ "TRANSPARENT", "INDOORS", "NOCOLLIDE" ],
    "examine_action": "portable_structure",
    "deployed_item": "material_sand",
    "bash": {
      "str_min": 1,
      "str_max": 8,
      "sound": "rrrrip!",
      "sound_fail": "slap!",
      "sound_vol": 8,
      "collapse_radius": 2,
      "items": [ { "item": "largebroketent" } ],
      "tent_centers": [ "f_ethereal_center_groundsheet" ]
    }
  },
  {
    "type": "trap",
    "id": "tr_ethereal_cot",
    "name": "旅法师的寝具",
    "color": "green",
    "symbol": "#",
    "visibility": -1,
    "avoidance": 0,
    "difficulty": 0,
    "comfort": 5,
    "floor_bedding_warmth": -500,
    "action": "cot",
    "drops": [ "material_sand" ],
    "benign": true
  }
]
