[
{
    "type": "GENERIC",
    "id": "throwing_knife",
    "category": "weapons",
    "price": 5200,
    "name": "throwing knife",
    "name_plural": "throwing knives",
    "symbol": ";",
    "color": "light_gray",
    "description": "A thin and flat knife made for throwing.  Its ineffective cutting edge and odd shape makes it unsuitable for use as a tool.",
    "material": "steel",
    "volume": "250 ml",
    "weight": 268,
    "bashing": 1,
    "cutting": 10,
    "thrown_damage": [ { "damage_type": "cut", "amount": 14 } ],
    "ammo_type": "thrown",
    "count": 5
  }, 
  {
    "type": "GENERIC",
    "id": "throwing_axe",
    "category": "weapons",
    "price": 12400,
    "name": "throwing axe",
    "symbol": ";",
    "color": "light_gray",
    "description": "A lightweight hatchet made for throwing.  Its ineffective cutting edge and light weight makes it unsuitable for use as a tool.",
    "material": [ "steel", "wood" ],
    "volume": "750 ml",
    "weight": 792,
    "bashing": 6,
    "cutting": 16,
    "thrown_damage": [ { "damage_type": "bash", "amount": 6 }, { "damage_type": "cut", "amount": 16 } ],
    "ammo_type": "thrown",
    "count": 3
  },
  {
        "type" : "AMMO",
        "ammo_type": "thrown",
        "id" : "lawn_dart",
        "name" : "lawn dart",
	    "copy-from": "lawn_dart",
		"damage" : 22,
		"pierce" : 5,
		"range" : 8,
		"dispersion" : 120,
		"loudness": 0,
		"recoil" : 20,
		"effects" : ["RECOVER_10"]
	},{
        "id" : "GOS_imaged_throwing_dagger",
		"copy-from": "throwing_knife",
		"type" : "AMMO",
		"ammo_type": "thrown",
        "name" : "飞刀(具现)",
 		"name_plural" : "飞刀(具现)",
        "description" : "具现化能力制造的一次性飞刀。",
        "volume" : 0,
        "weight" : 0,
        "price" : 0,
        "material" : ["glass"],		"//":"保证只能砸1次,但材质似乎与投掷威力掛勾...加入威力补正",
		"effects" : ["RECOVER_1"],
        "thrown_damage" : [
            { "damage_type": "cut", "amount": 16 }
        ]
	},{
        "id" : "GOS_imaged_throwing_axe",
		"copy-from": "throwing_axe",
		"type" : "AMMO",
		"ammo_type": "thrown",
        "name" : "投斧(具现)",
 		"name_plural" : "投斧(具现)",
        "description" : "具现化能力制造的一次性投斧。",
        "volume" : 0,
        "weight" : 0,
        "price" : 0,
        "material" : ["glass"],
		"effects" : ["RECOVER_1"],
        "thrown_damage" : [
            { "damage_type": "bash", "amount": 7 },
            { "damage_type": "cut", "amount": 17 }
        ]
	}
]