[
	{
		"type": "ammunition_type",
		"id": "seedling_bowl",
		"name": "育苗钵",
		"default": "hy_mobile_seedling_bowl"
	},
	{
		"type": "ammunition_type",
		"id": "nursery_soil",
		"name": "育苗土",
		"default": "hy_mobile_nursery_soil"
	},
	{
		"type": "ammunition_type",
		"id": "planting_basket",
		"name": "定植篮",
		"default": "hy_mobile_planting_basket"
	},
	{
		"type": "ammunition_type",
		"id": "planting_basket_spongia",
		"name": "定植篮海绵",
		"default": "hy_mobile_planting_basket_spongia"
	}
	
]