[
  {
    "type": "ammunition_type",
    "id": "crystallized_mana",
    "name": "魔力水晶",
    "default": "crystallized_mana"
  },
  {
		"type" : "recipe",
		"result" : "tiny_mana_crystal",
		"category" : "CC_无限商店",
		"subcategory": "CSC_无限商店_道具",
    "time": 100,
    "qualities": [ { "id": "INTERNET", "level": 1} ],
    "reversible": false,
	"autolearn": false,
	"skill_used": "WX_bug_skdh",
	"difficulty": 1,				   
    "flags": ["BLIND_EASY"],
    "components": [
      [ [ "SKJB", 200 ] ]    
    ]
  },
  {
    "type": "AMMO",
    "id": "crystallized_mana",
    "category": "spare_parts",
    "price": 1000,
    "name": "魔力水晶",
    "name_plural": "魔力水晶",
    "symbol": "=",
    "color": "yellow",
    "description": "魔力水晶里面存储着一些魔力.它可以重新装入可充能的mana水晶中.",
    "flags": "TRADER_AVOID",
    "volume": "100 ml",
    "ammo_type": "crystallized_mana",
    "reload_time": 1,
    "count": 1,
    "looks_like": "battery",
    "fuel": { "energy": 1 }
  },
  {
    "id": "small_mana_crystal",
    "type": "MAGAZINE",
    "category": "spare_parts",
    "name": "小型魔力水晶插槽",
    "name_plural": "小型魔力水晶插槽",
    "description": "这是一种专门设计用来给小型魔法装备提供能量的小型水晶插槽",
    "weight": 5,
    "volume": 1,
    "price": 1500,
    "symbol": "=",
    "color": "yellow",
    "ammo_type": "crystallized_mana",
    "capacity": 50,
    "looks_like": "battery",
    "flags": [ "NO_SALVAGE", "NO_UNLOAD" ]
  }, 
  {
		"type" : "recipe",
		"result" : "crystallized_mana",
		"category" : "CC_无限商店",
		"subcategory": "CSC_无限商店_道具",
    "time": 100,
    "reversible": false,
    "autolearn": true,
    "qualities": [ { "id": "INTERNET", "level": 1 } ],
    "flags": ["BLIND_EASY"],
    "components": [
      [ [ "SKJB", 50 ] ]
    ]
  },
    {
    "id": "tiny_mana_crystal",
    "type": "MAGAZINE",
    "category": "spare_parts",
    "name": "微型魔力水晶插槽",
    "name_plural": "微型魔力水晶插槽",
    "description": "这是一种专门设计用来给微小型魔法装备提供能量的超小型水晶插槽",
    "weight": 1,
    "volume": 1,
    "price": 500,
    "symbol": "=",
    "color": "yellow",
    "ammo_type": "crystallized_mana",
    "capacity": 5,
    "looks_like": "battery",
    "flags": [ "NO_SALVAGE", "NO_UNLOAD" ]
  }
  
  
]
