[
{
    "id": "wxkj_fshj_8",
    "name": "丰收号角",
    "plural": "丰收号角",
    "description": "传送戒指,里面集成了聚灵法阵和传送法阵，能够对使用者进行传送:\n※每8个小时号角将会产生一份食物.",
    "type": "TOOL",	
   	"category" : "wxkj_lq_lq",
    "weight": 230,
    "volume": 2,
    "price": 10000,
    "bashing": 3,
    "to_hit": 2,
    "material": [ "wxkj_ts" ],
    "symbol": "|",
    "color": "brown",   
   	"ammo": "WXKJ_resoure_LQ_type",
   	"max_charges": 24,
   	"charges_per_use": 24,
    "use_action": {   
    "type": "cast_spell", 
    "spell_id": "wxkj_translocate", 
    "no_fail": true, 
    "level": 3
    },
    "artifact_data" :
        {
			"charge_type": "ARTC_TIME"
		}
    
  }
]