[ 
{
		"type" : "recipe",
		"result" : "wxkj_fjmz_cszz",
		"category" : "CC_无限商店",
		"subcategory": "CSC_无限商店_道具",
    "time": 100,
    "qualities": [ { "id": "INTERNET", "level": 2 } ],
    "reversible": false,
	"autolearn": false,
	"skill_used": "WX_bug_skdh",
	"difficulty": 1,				   
    "flags": ["BLIND_EASY"],
    "components": [
      [ [ "SKJB", 5000 ] ]    
    ]
  },
{
    "id": "wxkj_fjmz_cszz",
    "type": "TOOL",
    "name": "传送装置",
    "description": "由特殊材料制成的传送门激活装置，激活它可以形成一个传送门.",
    "weight": 50000,
    "volume": "25 L",
    "price": 5000,
    "to_hit": 4,
    "bashing": 7,
    "material": [ "wxkj_ts" ],
    "symbol": "=",
    "color": "light_gray",
    "use_action": { "type": "deploy_furn", "furn_type": "f_magiclysm_translocator_gate" }
  }
]
  
