[
{
		"type" : "recipe",
		"result" : "wxkj_cssj_sj",
		"category" : "CC_无限商店",
		"subcategory": "CSC_无限商店_道具",
    "time": 100,
    "qualities": [ { "id": "INTERNET", "level": 2 } ],
    "reversible": false,
	"autolearn": false,
	"skill_used": "WX_bug_skdh",
	"difficulty": 1,				   
    "flags": ["BLIND_EASY"],
    "components": [
      [ [ "SKJB", 500 ] ]    
    ]
  },
{
    "id": "wxkj_cssj_sj",
    "name": "传送水晶",
    "plural": "传送水晶",
    "description": "传送水晶,里面布置着一个法阵，能够辅助使用者无消耗进行传送:\n※这个法术只能对自己或友好目标施放.",
    "type": "TOOL",	
   	"category" : "wxkj_lq_lq",
    "weight": 230,
    "volume": 2,
    "price": 10000,
    "bashing": 3,
    "to_hit": 2,
    "material": [ "wxkj_ts" ],
    "symbol": "|",
    "color": "brown",   
   	"ammo": "crystallized_mana",
   	"charges_per_use": 1,
    "use_action": {   
    "type": "cast_spell", 
    "spell_id": "wxkj_translocate", 
    "no_fail": true, 
    "level": 3
    },
    "magazines": 
    [ 
 [ "crystallized_mana", [ "tiny_mana_crystal" ]  ] 
    ],
    "magazine_well": 1
  }
       
  ]