[{
    "id": "pine_rosin",
    "type": "GENERIC",
    "name": "松脂",
    "name_plural": "松脂",
    "description": "从松树上获得的黏糊糊的松脂..",
        "weight" : 25,
        "volume" : 10,
        "price" : 300,
        "material" : "veggy",
        "symbol" : ".",
        "color" : "yellow"
  },
{
        "type" : "terrain",
        "id" : "t_tree_pine",
        "name": "pine tree",
        "description": "A towering coniferous tree that belongs to the 'Pinus' genus, with the New England species varying from 'P. strobus', 'P. resinosa' and 'P. rigida'.  If you examined the tree more closely, you might find usable sticky whorls and unharvested pinecones.  Also, you could cut it down with the right tools.",
        "symbol": "4",
        "color": "green",
        "move_cost": 0,
        "flags": ["FLAMMABLE_ASH", "NOITEM", "SUPPORTS_ROOF", "TREE", "REDUCE_SCENT"],
        "transforms_into": "t_tree_deadpine",
        "examine_action": "harvest_ter",
        "harvest_by_season" : [
            { "seasons": [ "spring", "summer", "autumn", "winter" ], "entries": [ 
            { "drop": "pine_bough", "base_num": [ 2, 8 ] }, 
            { "drop": "pine_rosin", "base_num": [ 1, 4 ] }, 
            { "drop": "pinecone", "base_num": [ 1, 4 ] } ] }
        ],
        "bash": {
            "str_min": 80, "str_max": 180,
            "sound": "crunch!",
            "sound_fail": "whack!",
            "ter_set": "t_dirt",
            "items": [
                { "item": "stick", "count": [3, 10] },
                { "item": "splinter", "count": [10, 25] }
            ]
        }
    }
    ]