[
    {
        "abstract": "seed_wxkj_normal",
        "type": "COMESTIBLE",
        "comestible_type": "FOOD",
        "name": "植物",
        "category": "other",
        "volume": 1,
        "weight": 1,
        "price": 120,
        "charges": 1,
        "stack_size": 100,
        "material": "veggy",
        "symbol": ".",
        "color": "brown"
    },
  {
    "//": "可直接在土堆里面种植",
    "id": "pt_seed_red_flower",
    "copy-from": "seed_wxkj_normal",
    "type": "COMESTIBLE",
    "name": "红花种子",
    "name_plural": "红花种子",
    "description": "红花种子,经过种植可收获红花.",
    "seed_data": { 
    "plant_name": "红花幼苗", 
    "fruit": "withered", 
    "byproducts": [ "pt_red_flower" ], 
    "grow": 21 }
  },
  {
    "id": "pt_red_flower",
    "copy-from": "pt_seedling_wxkj",
    "type": "GENERIC",
    "name": "红花",
    "name_plural": "红花",
    "description": "活血通经，散瘀止痛，有助于治经闭、痛经、恶露不行、胸痹心痛、瘀滞腹痛、胸胁刺痛、跌打损伤、疮疡肿痛疗效。有活血化瘀，散湿去肿的功效.",
         "weight" : 24,
        "volume" : 1,
        "price" : 300,
        "material" : "veggy",
        "symbol" : "!",
        "color" : "red",
        "use_action" : {
            "type" : "heal",
          "activation_message" : "你将红花捏碎用来涂抹.",
            "limb_power" : 1,
            "//":"四肢恢复",
            "head_power" : 1,
            "//":"头部恢复",
            "torso_power" : 1,
            "//":"躯干恢复",
            "bleed" : 0.90,
            "//":"流血",
            "bite" : 0.10,
            "//":"叮咬",
            "infect" : 0.01,
            "//":"感染",
            "move_cost" : 100,
            "long_action" : true,
            "effects" : [ { "id" : "pkill1", "duration" : 60 } ]
        }
  }
  ]
  