[
{
    "id": "yellow_cattails",
    "copy-from": "pt_seedling_wxkj",
    "type": "GENERIC",
    "name": "蒲黄",
    "name_plural": "蒲黄",
    "description": "夏季采收蒲棒上部的黄色雄花序,用于吐血，衄血，咯血，崩漏，外伤出血，经闭通经，胸腹刺痛，跌扑肿痛，血淋涩痛.",
        "weight" : 24,
        "volume" : 1,
        "price" : 300,
        "material" : "veggy",
        "symbol" : "!",
        "color" : "yellow",
        "use_action" : {
            "type" : "heal",
          "activation_message" : "你将蒲黄捏碎用来涂抹.",
              "limb_power" : 1,
            "//":"四肢恢复",
            "head_power" : 1,
            "//":"头部恢复",
            "torso_power" : 1,
            "//":"躯干恢复",
            "bleed" : 0.90,
            "//":"流血",
            "infect" : 0.01,
            "//":"感染",
            "move_cost" : 100,
            "long_action" : true,
            "effects" : [ { "id" : "pkill1", "duration" : 60 } ]
        }
  },
{
        "type" : "furniture",
        "id" : "f_cattails",
        "name": "cattails",
        "description": "This useful plant is available all year round.  Many parts of the plant are edible.",
        "symbol": "i",
        "color": "brown",
        "move_cost_mod": 1,
        "required_str": -1,
        "flags": ["TRANSPARENT", "TINY", "FLAMMABLE_ASH"],
        "examine_action": "harvest_furn",
        "harvest_by_season" : [
            { "seasons": [ "winter" ], "entries": [ { "drop": "cattail_rhizome" } ] },
            { "seasons": [ "summer" ], "entries": [{ "drop": "yellow_cattails", "base_num": [ 1, 2 ]} ]},
            { "seasons": [ "spring", "summer", "autumn" ], "entries": [
             { "drop": "cattail_rhizome" }, 
             { "drop": "cattail_stalk", "base_num": [ 1, 4 ] }    
                ]
             }
        ],
        "bash": {
            "str_min": 2, "str_max": 6,
            "sound": "crunch.",
            "sound_fail": "whish."
        }
    }
    ]
    