[
  {
    "type" : "item_group",
    "id" : "vault",
    "items":[
      ["ai_core", 10]
    ]
  },{
    "type" : "item_group",
    "id" : "teleport",
    "items":[
      ["nanofactory_exp", 10],
      ["ai_core", 10]
    ]
  },{
    "type" : "item_group",
    "id" : "toxic_dump_equipment",
    "items":[
      ["ai_core", 10]
    ]
  },{
    "type" : "item_group",
    "id" : "science",
    "items":[
      ["nanofactory_exp", 2],
      ["ai_core", 3]
    ]
  },{
    "type" : "item_group",
    "id" : "npc_hacker",
    "items":[
      ["ai_core", 1]
    ]
  },{
    "type" : "item_group",
    "id" : "mut_lab",
    "items":[
      ["nanofactory_exp", 1],
      ["ai_core", 1]
    ]
  },{
    "type" : "item_group",
    "id" : "cloning_vat",
    "items":[
      { "item": "bio_nanites", "count": [1, 20], "prob": 1 }
    ]
  }
]