[
{
        "type":"COMESTIBLE",
        "id": "wxkj_jade_small",
      		"category" : "wxkj_ore",
        "name": "玉石(小)",
        "name_plural": "玉石(小)",
        "description": "一块小型的玉石,有多种用途.",
        "symbol": "=",
        "color": "red",
        "volume" : 4,		
		      "weight": 100,
		  
        "stack_size" : 200,
        "material": ["wxkj_jade_meterial"]
		},
		{
"type":"COMESTIBLE",
        "id": "wxkj_jade_normal",
		"category" : "wxkj_ore",
        "name": "玉石",
        "name_plural": "玉石",
        "description": "一块正常大小的玉石,有多种用途.",
        "symbol": "=",
        "color": "red",
        "volume" : 64,		
		      "weight": 1000,
		  
        "stack_size" : 200,
        "material": ["wxkj_jade_meterial"]
		},
		{
"type":"COMESTIBLE",
        "id": "wxkj_jade_big",
		"category" : "wxkj_ore",
        "name": "玉石(大)",
        "name_plural": "玉石(大)",
        "description": "一块大型的玉石,有多种用途.",
        "symbol": "=",
        "color": "red",
        "volume" : 400,		
		      "weight": 5000,
		     
        "stack_size" : 200,
        "material": ["wxkj_jade_meterial"]
		},
		{
"type":"COMESTIBLE",
        "id": "wxkj_jade_large",
		"category" : "wxkj_ore",
        "name": "大型玉石",
        "name_plural": "大型玉石",
        "description": "一块与人差不多高的巨型玉石,有多种用途.",
        "symbol": "=",
        "color": "red",
        "volume" : 640,		
		      "weight": 50000,
        "material": ["wxkj_jade_meterial"]
		},
		{
		"type" : "recipe",
		"result" : "wxkj_jade_small",
		"category" : "CC_无限商店",
		"subcategory": "CSC_无限商店_材料",
    "time": 1000,
    "reversible": false,
    "autolearn": true,
      "charges" : 9,
    "flags": ["BLIND_HARD"],
    "qualities": [ { "id": "SAW_M_FINE", "level": 1 } ],
    "components": [
      [ [ "wxkj_jade_normal", 1 ] ] 
    ]
  },
		{
		"type" : "recipe",
		"result" : "wxkj_jade_normal",
		"category" : "CC_无限商店",
		"subcategory": "CSC_无限商店_材料",
    "time": 1000,
    "reversible": false,
    "autolearn": true,
      "charges" : 9,
    "flags": ["BLIND_HARD"],
    "qualities": [ { "id": "SAW_M_FINE", "level": 1 } ],
    "components": [
      [ [ "wxkj_jade_big", 1 ] ] 
    ]
  },
		{
		"type" : "recipe",
		"result" : "wxkj_jade_big",
		"category" : "CC_无限商店",
		"subcategory": "CSC_无限商店_材料",
    "time": 1000,
    "reversible": false,
    "autolearn": true,
      "charges" : 9,
    "flags": ["BLIND_HARD"],
    "qualities": [ { "id": "SAW_M_FINE", "level": 1 } ],
    "components": [
      [ [ "wxkj_jade_large", 1 ] ] 
    ]
  }
	]