[
  {
    "id": "minerals_swamp",
    "type": "item_group",
    "comment": "Technically limonite develops as bog iron, not hematite.",
    "items": [
      [ "chunk_hematite", 10 ]
    ]
  },
  {
    "id": "rubble_fake",
    "type": "item_group",
    "comment": "Unable to both randomly placed rubbble and ensure rocks spawn underneath.",
    "items": [
      { "item": "rock", "prob": 100, "count-min": 1, "count-max": 3 }
    ]
  },
{
  "type" : "mapgen",
  "om_terrain" : ["field_shallow"],
  "method": "json",
  "weight": 1000, "comment": "Rocky outcropping, indicative of surface erosion exposing bedrock.",
  "object": {
   "rows": [
    "                        ",
    "                        ",
    "                        ",
    "                        ",
    "                        ",
    "                        ",
    "         ....           ",
    "        ..?...          ",
    "       ..????...        ",
    "      ..???#???...      ",
    "      .??#####???.      ",
    "      .???####??..      ",
    "      ..???##??..       ",
    "       ...????..        ",
    "         ..??..         ",
    "          ....          ",
    "                        ",
    "                        ",
    "                        ",
    "                        ",
    "                        ",
    "                        ",
    "                        ",
    "                        "
            ],
   "terrain": {
    " ": [ "t_grass","t_grass","t_grass","t_grass","t_grass","t_grass","t_grass","t_grass",
          "t_grass","t_grass","t_grass","t_grass","t_dirt","t_dirt","t_dirt","t_dirt","t_dirt",
          "t_grass","t_grass","t_grass","t_grass","t_dirt","t_dirt","t_dirt","t_dirt","t_dirt",
          "t_grass","t_grass","t_grass","t_grass","t_dirt","t_dirt","t_dirt","t_dirt","t_dirt",
          "t_grass","t_grass","t_grass","t_grass","t_dirt","t_dirt","t_dirt","t_dirt","t_dirt",
          "t_grass","t_grass","t_grass","t_grass","t_dirt","t_dirt","t_dirt","t_dirt","t_dirt",
          "t_dirt","t_dirt","t_underbrush"],
    "#": "t_rock_floor",
    ".": "t_dirt",
    "?": "t_dirt"
   },
      "furniture": {
        "#": [ "f_boulder_small", "f_boulder_medium", "f_boulder_large" ],
        "?": [ "f_boulder_small", "f_boulder_medium", "f_rubble_rock" ]
      },
      "mapping": {
        "?": {
          "items": {
            "item": "rubble_fake",
            "chance": 33
          }
        }
      }
  }
},
{
  "type" : "mapgen",
  "om_terrain" : ["field_shallow"],
  "method": "json",
  "weight": 1000, "comment": "Suspisciously dead patch of ground, with small hints of fragmenta.",
  "object": {
   "rows": [
    "                        ",
    "           ..           ",
    "         ......         ",
    "       ..........       ",
    "       ..........       ",
    "      ............      ",
    "     ..............     ",
    "   ..........%.......   ",
    "   ......%...........   ",
    "  ...........%........  ",
    "  ........%...%.......  ",
    " .......%...%...%...... ",
    " ..........%%%......... ",
    "  ..........%....%....  ",
    "  ...%....%....%......  ",
    "   ......%....%......   ",
    "   ....%.....%.%.....   ",
    "     ..............     ",
    "      ............      ",
    "       ..........       ",
    "       ..........       ",
    "         ......         ",
    "           ..           ",
    "                        "
            ],
   "terrain": {
    " ": [ "t_grass","t_grass","t_grass","t_grass","t_grass","t_grass","t_grass","t_grass",
          "t_grass","t_grass","t_grass","t_grass","t_dirt","t_dirt","t_dirt","t_dirt","t_dirt",
          "t_grass","t_grass","t_grass","t_grass","t_dirt","t_dirt","t_dirt","t_dirt","t_dirt",
          "t_grass","t_grass","t_grass","t_grass","t_dirt","t_dirt","t_dirt","t_dirt","t_dirt",
          "t_grass","t_grass","t_grass","t_grass","t_dirt","t_dirt","t_dirt","t_dirt","t_dirt",
          "t_grass","t_grass","t_grass","t_grass","t_dirt","t_dirt","t_dirt","t_dirt","t_dirt",
          "t_dirt","t_dirt","t_underbrush"],
        ".": "t_dirt",
        "%": "t_dirt"
   },
      "furniture": {
        "%": [ "f_null", "f_rubble_rock" ]
      },
      "mapping": {
        "%": {
          "items": {
            "item": "rubble_fake",
            "chance": 50
          }
        }
      }
	}
},
{
  "type" : "mapgen",
  "om_terrain" : ["field_shallow"],
  "method": "json",
  "weight": 500, "comment": "Rocky hill, with some degree of rocky outcropping and fragmenta around it.",
  "object": {
   "rows": [
    "                        ",
    "           ..           ",
    "         ......         ",
    "       ..........       ",
    "       ..........       ",
    "      ............      ",
    "     ..............     ",
    "   ........??........   ",
    "   .......????.......   ",
    "  .......??##??.......  ",
    "  ......??####??......  ",
    " ......??######??...... ",
    " ......??######??...... ",
    "  ......??####??......  ",
    "  .......??##??.......  ",
    "   .......????.......   ",
    "   ........??........   ",
    "     ..............     ",
    "      ............      ",
    "       ..........       ",
    "       ..........       ",
    "         ......         ",
    "           ..           ",
    "                        "
            ],
   "terrain": {
    " ": [ "t_grass","t_grass","t_grass","t_grass","t_grass","t_grass","t_grass","t_grass",
          "t_grass","t_grass","t_grass","t_grass","t_dirt","t_dirt","t_dirt","t_dirt","t_dirt",
          "t_grass","t_grass","t_grass","t_grass","t_dirt","t_dirt","t_dirt","t_dirt","t_dirt",
          "t_grass","t_grass","t_grass","t_grass","t_dirt","t_dirt","t_dirt","t_dirt","t_dirt",
          "t_grass","t_grass","t_grass","t_grass","t_dirt","t_dirt","t_dirt","t_dirt","t_dirt",
          "t_grass","t_grass","t_grass","t_grass","t_dirt","t_dirt","t_dirt","t_dirt","t_dirt",
          "t_dirt","t_dirt","t_underbrush"],
        ".": "t_dirt",
        "#": "t_rock",
        "?": "t_dirt"
   },
      "furniture": {
        "?": [ "f_boulder_small", "f_boulder_medium", "f_rubble_rock" ]
      },
      "mapping": {
        "?": {
          "items": {
            "item": "rubble_fake",
            "chance": 33
          }
        }
      }
	}
},
{
  "type" : "mapgen",
  "om_terrain" : ["field_deep"],
  "method": "json",
  "weight": 500, "comment": "Rocky outcropping, indicative of surface erosion exposing bedrock.",
  "object": {
   "rows": [
    "                        ",
    "                        ",
    "                        ",
    "                        ",
    "                        ",
    "                        ",
    "         ....           ",
    "        ..?...          ",
    "       ..????...        ",
    "      ..???#???...      ",
    "      .??#####???.      ",
    "      .???####??..      ",
    "      ..???##??..       ",
    "       ...????..        ",
    "         ..??..         ",
    "          ....          ",
    "                        ",
    "                        ",
    "                        ",
    "                        ",
    "                        ",
    "                        ",
    "                        ",
    "                        "
            ],
   "terrain": {
    " ": [ "t_grass","t_grass","t_grass","t_grass","t_grass","t_grass","t_grass","t_grass",
          "t_grass","t_grass","t_grass","t_grass","t_dirt","t_dirt","t_dirt","t_dirt","t_dirt",
          "t_grass","t_grass","t_grass","t_grass","t_dirt","t_dirt","t_dirt","t_dirt","t_dirt",
          "t_grass","t_grass","t_grass","t_grass","t_dirt","t_dirt","t_dirt","t_dirt","t_dirt",
          "t_grass","t_grass","t_grass","t_grass","t_dirt","t_dirt","t_dirt","t_dirt","t_dirt",
          "t_grass","t_grass","t_grass","t_grass","t_dirt","t_dirt","t_dirt","t_dirt","t_dirt",
          "t_dirt","t_dirt","t_underbrush"],
    "#": "t_rock_floor",
    ".": "t_dirt",
    "?": "t_dirt"
   },
      "furniture": {
        "#": [ "f_boulder_small", "f_boulder_medium", "f_boulder_large" ],
        "?": [ "f_boulder_small", "f_boulder_medium", "f_rubble_rock" ]
      },
      "mapping": {
        "?": {
          "items": {
            "item": "rubble_fake",
            "chance": 33
          }
        }
      }
  }
},
{
  "type" : "mapgen",
  "om_terrain" : ["field_deep"],
  "method": "json",
  "weight": 1000, "comment": "Suspisciously dead patch of ground, with small hints of fragmenta.",
  "object": {
   "rows": [
    "                        ",
    "           ..           ",
    "         ......         ",
    "       ..........       ",
    "       ..........       ",
    "      ............      ",
    "     ..............     ",
    "   ..........%.......   ",
    "   ......%...........   ",
    "  ...........%........  ",
    "  ........%...%.......  ",
    " .......%...%...%...... ",
    " ..........%%%......... ",
    "  ..........%....%....  ",
    "  ...%....%....%......  ",
    "   ......%....%......   ",
    "   ....%.....%.%.....   ",
    "     ..............     ",
    "      ............      ",
    "       ..........       ",
    "       ..........       ",
    "         ......         ",
    "           ..           ",
    "                        "
            ],
   "terrain": {
    " ": [ "t_grass","t_grass","t_grass","t_grass","t_grass","t_grass","t_grass","t_grass",
          "t_grass","t_grass","t_grass","t_grass","t_dirt","t_dirt","t_dirt","t_dirt","t_dirt",
          "t_grass","t_grass","t_grass","t_grass","t_dirt","t_dirt","t_dirt","t_dirt","t_dirt",
          "t_grass","t_grass","t_grass","t_grass","t_dirt","t_dirt","t_dirt","t_dirt","t_dirt",
          "t_grass","t_grass","t_grass","t_grass","t_dirt","t_dirt","t_dirt","t_dirt","t_dirt",
          "t_grass","t_grass","t_grass","t_grass","t_dirt","t_dirt","t_dirt","t_dirt","t_dirt",
          "t_dirt","t_dirt","t_underbrush"],
        ".": "t_dirt",
        "%": "t_dirt"
   },
      "furniture": {
        "%": [ "f_null", "f_rubble_rock" ]
      },
      "mapping": {
        "%": {
          "items": {
            "item": "rubble_fake",
            "chance": 50
          }
        }
      }
	}
},
{
  "type" : "mapgen",
  "om_terrain" : ["field_deep"],
  "method": "json",
  "weight": 750, "comment": "Rocky hill, with some degree of rocky outcropping and fragmenta around it.",
  "object": {
   "rows": [
    "                        ",
    "           ..           ",
    "         ......         ",
    "       ..........       ",
    "       ..........       ",
    "      ............      ",
    "     ..............     ",
    "   ........??........   ",
    "   .......????.......   ",
    "  .......??##??.......  ",
    "  ......??####??......  ",
    " ......??######??...... ",
    " ......??######??...... ",
    "  ......??####??......  ",
    "  .......??##??.......  ",
    "   .......????.......   ",
    "   ........??........   ",
    "     ..............     ",
    "      ............      ",
    "       ..........       ",
    "       ..........       ",
    "         ......         ",
    "           ..           ",
    "                        "
            ],
   "terrain": {
    " ": [ "t_grass","t_grass","t_grass","t_grass","t_grass","t_grass","t_grass","t_grass",
          "t_grass","t_grass","t_grass","t_grass","t_dirt","t_dirt","t_dirt","t_dirt","t_dirt",
          "t_grass","t_grass","t_grass","t_grass","t_dirt","t_dirt","t_dirt","t_dirt","t_dirt",
          "t_grass","t_grass","t_grass","t_grass","t_dirt","t_dirt","t_dirt","t_dirt","t_dirt",
          "t_grass","t_grass","t_grass","t_grass","t_dirt","t_dirt","t_dirt","t_dirt","t_dirt",
          "t_grass","t_grass","t_grass","t_grass","t_dirt","t_dirt","t_dirt","t_dirt","t_dirt",
          "t_dirt","t_dirt","t_underbrush"],
        ".": "t_dirt",
        "#": "t_rock",
        "?": "t_dirt"
   },
      "furniture": {
        "?": [ "f_boulder_small", "f_boulder_medium", "f_rubble_rock" ]
      },
      "mapping": {
        "?": {
          "items": {
            "item": "rubble_fake",
            "chance": 33
          }
        }
      }
	}
},
{
  "type" : "mapgen",
  "om_terrain" : ["forest_vein"],
  "method": "json",
  "weight": 1000, "comment": "Rocky outcropping, indicative of surface erosion exposing bedrock.  Treeline is severely thinned and growing poorly.",
  "object": {
   "rows": [
    "                        ",
    "                        ",
    "                        ",
    "                        ",
    "                        ",
    "                        ",
    "         ....           ",
    "        ..?...          ",
    "       ..????...        ",
    "      ..???#???...      ",
    "      .??#####???.      ",
    "      .???####??..      ",
    "      ..???##??..       ",
    "       ...????..        ",
    "         ..??..         ",
    "          ....          ",
    "                        ",
    "                        ",
    "                        ",
    "                        ",
    "                        ",
    "                        ",
    "                        ",
    "                        "
            ],
   "terrain": {
    " ": [
"t_dirt","t_dirt","t_dirt","t_dirt","t_dirt","t_dirt","t_dirt",
          "t_tree_dead","t_tree_dead","t_grass","t_grass","t_grass","t_grass","t_grass",
          "t_tree_young","t_grass","t_grass","t_tree_dead","t_tree_dead","t_dirt","t_dirt","t_dirt",
          "t_tree_deadpine","t_tree_deadpine","t_tree_deadpine","t_grass","t_dirt","t_dirt","t_dirt","t_dirt","t_dirt",
          "t_tree_young","t_tree_young","t_grass","t_grass","t_tree_deadpine","t_tree_deadpine","t_dirt","t_dirt","t_dirt",
          "t_tree","t_grass","t_grass","t_tree","t_dirt","t_dirt","t_dirt","t_underbrush",
          "t_tree_pine","t_grass","t_grass","t_tree_pine","t_tree_pine","t_dirt","t_dirt","t_dirt",
          "t_dirt","t_underbrush","t_underbrush"],
    "#": "t_rock_floor",
    ".": "t_dirt",
    "?": "t_dirt"
   },
      "furniture": {
        "#": [ "f_boulder_small", "f_boulder_medium", "f_boulder_large" ],
        "?": [ "f_boulder_small", "f_boulder_medium", "f_rubble_rock" ]
      },
      "mapping": {
        "?": {
          "items": {
            "item": "rubble_fake",
            "chance": 33
          }
        }
      }
  }
},
{
  "type" : "mapgen",
  "om_terrain" : ["forest_vein"],
  "method": "json",
  "weight": 1000, "comment": "Suspisciously dead patch of forest, with small hints of fragmenta.",
  "object": {
   "rows": [
    "                        ",
    "                        ",
    "                        ",
    "      %                 ",
    "                %       ",
    "                        ",
    "     %               %  ",
    "             %          ",
    "         %              ",
    "  %          %          ",
    "          %   %         ",
    "        %   %   %       ",
    "   %          %         ",
    "            %    %      ",
    "     %    %    %        ",
    "              %         ",
    "   %   %     % %        ",
    "                 %      ",
    "          %        %    ",
    "        %               ",
    "                        ",
    "  %           %         ",
    "                        ",
    "                        "
            ],
   "terrain": {
    " ": [
"t_dirt","t_dirt","t_dirt","t_dirt","t_dirt","t_dirt","t_dirt",
          "t_tree_dead","t_tree_dead","t_grass","t_grass","t_grass","t_grass","t_grass",
          "t_tree_young","t_grass","t_grass","t_tree_dead","t_tree_dead","t_dirt","t_dirt","t_dirt",
          "t_tree_deadpine","t_tree_deadpine","t_grass","t_dirt","t_dirt","t_dirt","t_dirt","t_dirt",
          "t_tree_young","t_grass","t_grass","t_tree_deadpine","t_dirt","t_dirt","t_dirt",
          "t_tree","t_grass","t_grass","t_tree","t_dirt","t_dirt","t_dirt","t_underbrush",
          "t_tree_pine","t_grass","t_grass","t_dirt","t_dirt","t_dirt",
          "t_dirt","t_underbrush","t_underbrush"],
        "%": "t_dirt"
   },
      "furniture": {
        "%": [ "f_null", "f_rubble_rock" ]
      },
      "mapping": {
        "%": {
          "items": {
            "item": "rubble_fake",
            "chance": 50
          }
        }
      }
}
},
{
  "type" : "mapgen",
  "om_terrain" : ["swamp_vein"],
  "method": "json",
  "weight": 1000, "comment": "Suspisciously dry, dead patch of ground, with small hints of fragmenta.",
  "object": {
   "rows": [
    "                        ",
    "                        ",
    "                        ",
    "                        ",
    "                        ",
    "                        ",
    "             .          ",
    "        ..  .%.         ",
    "        .%......        ",
    "         ....%..        ",
    "       ...%...%..       ",
    "       .%...%...%.      ",
    "        ...%%%....      ",
    "     ..  ...%....%.     ",
    "    .%....%....%..      ",
    "     ....%....%..       ",
    "      .%... .%.%.       ",
    "      ...    ...        ",
    "                        ",
    "                        ",
    "                        ",
    "                        ",
    "                        ",
    "                        "
            ],
   "terrain": {
    " ": [ "t_water_sh","t_water_dp","t_grass","t_grass","t_grass","t_grass","t_grass","t_grass",
          "t_swater_sh","t_swater_sh","t_swater_dp","t_grass","t_dirt","t_dirt","t_dirt","t_dirt","t_dirt",
          "t_swater_sh","t_swater_dp","t_swater_sh","t_grass","t_dirt","t_dirt","t_dirt","t_dirt","t_dirt",
          "t_grass","t_grass","t_grass","t_grass","t_dirt","t_dirt","t_dirt","t_dirt","t_dirt",
          "t_grass","t_grass","t_grass","t_grass","t_dirt","t_dirt","t_dirt","t_dirt","t_dirt",
          "t_grass","t_grass","t_grass","t_grass","t_dirt","t_dirt","t_dirt","t_dirt","t_dirt",
          "t_dirt","t_dirt","t_underbrush"],
        ".": "t_dirt",
        "%": "t_dirt"
   },
      "furniture": {
        " ": [ "f_null", "f_null", "f_null", "f_null", "f_null", "f_null", "f_null", "f_null", "f_null", "f_null", "f_null", "f_null", "f_null", "f_null", "f_null", "f_null", "f_null", "f_null", "f_null", "f_null", "f_null", "f_null", "f_null", "f_null", "f_null", "f_null", "f_null", "f_null", "f_null", "f_cattails" ],
        ".": [ "f_null", "f_null", "f_null", "f_null", "f_null", "f_null", "f_null", "f_null", "f_null", "f_null", "f_null", "f_null", "f_null", "f_null", "f_null", "f_null", "f_null", "f_null", "f_null", "f_null", "f_null", "f_null", "f_null", "f_null", "f_null", "f_null", "f_null", "f_null", "f_null", "f_rubble_rock" ],
        "%": [ "f_null", "f_rubble_rock" ]
      },
      "mapping": {
        ".": {
          "items": {
            "item": "rubble_fake",
            "chance": 3
          }
        },
        "%": {
          "items": {
            "item": "rubble_fake",
            "chance": 50
          }
        }
      }
	}
},
{
  "type" : "mapgen",
  "om_terrain" : ["swamp_hematite"],
  "method": "json",
  "weight": 1000, "comment": "Suspisciously dry, dead patch of ground, with small hints of fragmenta.  Some chance of bog iron.",
  "object": {
   "rows": [
    "                        ",
    "                        ",
    "        .               ",
    "       .%.              ",
    "      ...               ",
    "     .%.                ",
    "      ...               ",
    "      .....             ",
    "        .%.....         ",
    "       .%..%.%..        ",
    "       ...%...%..       ",
    "       .%...%...        ",
    "        ...%%%...       ",
    "        ....%....       ",
    "       ...%....%.       ",
    "        .%....%..       ",
    "         .. .%.%.       ",
    "            ......      ",
    "             ....%.     ",
    "             .%....     ",
    "              ...%.     ",
    "                ..      ",
    "                        ",
    "                        "
            ],
   "terrain": {
    " ": [ "t_water_sh","t_water_dp","t_grass","t_grass","t_grass","t_grass","t_grass","t_grass",
          "t_swater_sh","t_swater_sh","t_swater_dp","t_grass","t_dirt","t_dirt","t_dirt","t_dirt","t_dirt",
          "t_swater_sh","t_swater_dp","t_swater_sh","t_grass","t_dirt","t_dirt","t_dirt","t_dirt","t_dirt",
          "t_grass","t_grass","t_grass","t_grass","t_dirt","t_dirt","t_dirt","t_dirt","t_dirt",
          "t_grass","t_grass","t_grass","t_grass","t_dirt","t_dirt","t_dirt","t_dirt","t_dirt",
          "t_grass","t_grass","t_grass","t_grass","t_dirt","t_dirt","t_dirt","t_dirt","t_dirt",
          "t_dirt","t_dirt","t_underbrush"],
        ".": "t_dirt",
        "%": "t_dirt"
   },
      "furniture": {
        " ": [ "f_null", "f_null", "f_null", "f_null", "f_null", "f_null", "f_null", "f_null", "f_null", "f_null", "f_null", "f_null", "f_null", "f_null", "f_null", "f_null", "f_null", "f_null", "f_null", "f_null", "f_null", "f_null", "f_null", "f_null", "f_null", "f_null", "f_null", "f_null", "f_null", "f_cattails" ],
        ".": [ "f_null", "f_null", "f_null", "f_null", "f_null", "f_null", "f_null", "f_null", "f_null", "f_null", "f_null", "f_null", "f_null", "f_null", "f_null", "f_null", "f_null", "f_null", "f_null", "f_null", "f_null", "f_null", "f_null", "f_null", "f_null", "f_null", "f_null", "f_null", "f_null", "f_rubble_rock" ],
        "%": [ "f_null", "f_rubble_rock" ]
      },
      "mapping": {
        ".": {
          "items": [
            { "item": "rubble_fake", "chance": 3 },
            { "item": "minerals_swamp", "chance": 1 }
          ]
        },
        "%": {
          "items": [
            { "item": "rubble_fake", "chance": 50 },
            { "item": "minerals_swamp", "chance": 20 }
          ]
        }
      }
	}
}
]
