[
	{
		"type": "recipe",
		"result": "protein_powder",
		"id_suffix": "Lauriver's extend MOD",
		"category": "CC_FOOD",
		"subcategory": "CSC_FOOD_DRY",
		"skill_used": "cooking",
		"difficulty": 4,
		"time": 30000,
		"batch_time_factors": [ 75, 4 ],
		"autolearn": true,
		"qualities": [ { "id": "CHEM", "level": 2 } ],
		"tools": [ 
			[ [ "hotplate", 25 ], [ "toolset", 25 ], [ "fire", -1 ] ],
			[ [ "dehydrator", 25 ], [ "char_smoker", 25 ] ]
		],
		"components": [ [ [ "offal", 2 ], [ "stomach_large", 2 ], [ "stomach", 4 ] ] ]
	},{
		"type": "recipe",
		"result": "hflesh_powder",
		"id_suffix": "Lauriver's extend MOD",
		"category": "CC_FOOD",
		"subcategory": "CSC_FOOD_DRY",
		"skill_used": "cooking",
		"difficulty": 4,
		"time": 30000,
		"batch_time_factors": [ 75, 4 ],
		"book_learn": [[ "cookbook_human", 3 ]],
		"qualities": [ { "id": "CHEM", "level": 2 } ],
		"tools": [ 
			[ [ "hotplate", 25 ], [ "toolset", 25 ], [ "fire", -1 ] ],
			[ [ "dehydrator", 25 ], [ "char_smoker", 25 ] ]
		],
		"components": [ [ [ "hstomach_large", 2 ], [ "hstomach", 4 ] ] ]
	}
]