[
	{
		"type" : "recipe",
		"result": "wheel_caster",
		"id_suffix": "Lauriver's extend MOD",
		"category": "CC_OTHER",
		"subcategory": "CSC_OTHER_PARTS",
		"skill_used": "fabrication",
		"difficulty": 3,
		"time": 30000,
		"autolearn": true,
		"qualities":[
			{"id":"HAMMER","level":2},
			{"id":"SAW_M","level":1}
		],
		"tools": [
			[
			  [ "welder", 20 ],
			  [ "oxy_torch", 4 ],
			  [ "welder_crude", 30 ],
			  [ "toolset", 30 ]
			]
		],
		"components": [
			[
			  [ "pipe", 4 ]
			], 
			[
			  [ "steel_chunk", 2 ],
			  [ "scrap", 10 ]
			]
		]
	},{
		"type" : "recipe",
		"result": "minifridge",
		"id_suffix": "Lauriver's extend MOD",
		"category": "CC_ELECTRONIC",
		"subcategory": "CSC_ELECTRONIC_PARTS",
		"skill_used": "mechanics",
		"skills_required": ["electronics",3],
		"difficulty": 4,
		"time": 60000,
		"autolearn": true,
		"reversible": true,
		"qualities":[
			{"id":"HAMMER","level":2},
			{"id":"SAW_M","level":1},
			{"id":"SCREW","level":1}
		],
		"tools": [
			[
			  [ "welder", 100 ],
			  [ "oxy_torch", 20 ],
			  [ "welder_crude", 150 ],
			  [ "toolset", 150 ]
			]
		],
		"components": [
			[
			  [ "cu_pipe", 2 ]
			],
			[
			  [ "hose", 1 ]
			],
			[
			  [ "steel_chunk", 3 ],
			  [ "scrap", 15 ]
			]
		]
	}
]