[
	{
	    "abstract": "trainingbook_template_SEmod",
		"type" : "BOOK",
		"name": { "str": "訓練筆記─模板" },
		"description" : "生存者撰寫的訓練筆記，這是模板物品，不會出現在正常遊戲。",
		"weight" : 400,
		"color" : "green",
		"symbol" : "?",
		"material" : ["paper"],
		"looks_like": "jewelry_book",
		"price": 20,
		"price_postapoc": 2000,
		"volume" : 1,
		"time" : 15,
		"max_level" : 2,
		"skill" : "gun"
	},{	
		"type" : "BOOK",
		"id" : "SurvivorExtend_TrainingManual_gun",
		"copy-from": "trainingbook_template_SEmod",
		"name": { "str": "訓練筆記─射擊(初級)", "str_pl": "訓練筆記─射擊(初級)" },
		"description" : "生存者撰寫的戰鬥心得，用以提升隊友的技能等級。",
		"skill" : "gun"
	},{	
		"type" : "BOOK",
		"id" : "SurvivorExtend_TrainingManual_gun2",
		"copy-from": "SurvivorExtend_TrainingManual_gun",
		"name": { "str": "訓練筆記─射擊(中級)", "str_pl": "訓練筆記─射擊(中級)" },
		"description" : "生存者撰寫的戰鬥心得，用以提升隊友的技能等級。",
		"relative": {
			"volume": 1,
			"weight": 300, 
			"price_postapoc": 2000,
			"max_level" : 2
		}
	},{	
		"type" : "BOOK",
		"id" : "SurvivorExtend_TrainingManual_gun3",
		"copy-from": "SurvivorExtend_TrainingManual_gun2",
		"name": { "str": "訓練筆記─射擊(高級)", "str_pl": "訓練筆記─射擊(高級)" },
		"description" : "生存者撰寫的戰鬥心得，用以提升隊友的技能等級。",
		"relative": {
			"volume": 1,
			"weight": 300, 
			"price_postapoc": 2000,
			"max_level" : 2
		}
	},{	
		"type" : "BOOK",
		"id" : "SurvivorExtend_TrainingManual_archery",
		"copy-from": "trainingbook_template_SEmod",
		"name": { "str": "訓練筆記─弓術(初級)", "str_pl": "訓練筆記─弓術(初級)" },
		"description" : "生存者撰寫的戰鬥心得，用以提升隊友的技能等級。",
		"skill" : "archery"
	},{
		"type" : "BOOK",
		"id" : "SurvivorExtend_TrainingManual_archery2",
		"copy-from": "SurvivorExtend_TrainingManual_archery",
		"name": { "str": "訓練筆記─弓術(中級)", "str_pl": "訓練筆記─弓術(中級)" },
		"description" : "生存者撰寫的戰鬥心得，用以提升隊友的技能等級。",
		"relative": {
			"volume": 1,
			"weight": 300, 
			"price_postapoc": 2000,
			"max_level" : 2
		}
	},{	
		"type" : "BOOK",
		"id" : "SurvivorExtend_TrainingManual_archery3",
		"copy-from": "SurvivorExtend_TrainingManual_archery2",
		"name": { "str": "訓練筆記─弓術(高級)", "str_pl": "訓練筆記─弓術(高級)" },
		"description" : "生存者撰寫的戰鬥心得，用以提升隊友的技能等級。",
		"relative": {
			"volume": 1,
			"weight": 300, 
			"price_postapoc": 2000,
			"max_level" : 2
		}
	},{	
		"type" : "BOOK",
		"id" : "SurvivorExtend_TrainingManual_pistol",
		"copy-from": "trainingbook_template_SEmod",
		"name": { "str": "訓練筆記─手槍(初級)", "str_pl": "訓練筆記─手槍(初級)" },
		"description" : "生存者撰寫的戰鬥心得，用以提升隊友的技能等級。",
		"skill" : "pistol"
	},{	
		"type" : "BOOK",
		"id" : "SurvivorExtend_TrainingManual_pistol2",
		"copy-from": "SurvivorExtend_TrainingManual_pistol",
		"name": { "str": "訓練筆記─手槍(中級)", "str_pl": "訓練筆記─手槍(中級)" },
		"description" : "生存者撰寫的戰鬥心得，用以提升隊友的技能等級。",
		"relative": {
			"volume": 1,
			"weight": 300, 
			"price_postapoc": 2000,
			"max_level" : 2
		}
	},{	
		"type" : "BOOK",
		"id" : "SurvivorExtend_TrainingManual_pistol3",
		"copy-from": "SurvivorExtend_TrainingManual_pistol2",
		"name": { "str": "訓練筆記─手槍(高級)", "str_pl": "訓練筆記─手槍(高級)" },
		"description" : "生存者撰寫的戰鬥心得，用以提升隊友的技能等級。",
		"relative": {
			"volume": 1,
			"weight": 300, 
			"price_postapoc": 2000,
			"max_level" : 2
		}
	},{	
		"type" : "BOOK",
		"id" : "SurvivorExtend_TrainingManual_rifle",
		"copy-from": "trainingbook_template_SEmod",
		"name": { "str": "訓練筆記─步槍(初級)", "str_pl": "訓練筆記─步槍(初級)" },
		"description" : "生存者撰寫的戰鬥心得，用以提升隊友的技能等級。",
		"skill" : "rifle"
	},{	
		"type" : "BOOK",
		"id" : "SurvivorExtend_TrainingManual_rifle2",
		"copy-from": "SurvivorExtend_TrainingManual_rifle",
		"name": { "str": "訓練筆記─步槍(中級)", "str_pl": "訓練筆記─步槍(中級)" },
		"description" : "生存者撰寫的戰鬥心得，用以提升隊友的技能等級。",
		"relative": {
			"volume": 1,
			"weight": 300, 
			"price_postapoc": 2000,
			"max_level" : 2
		}
	},{	
		"type" : "BOOK",
		"id" : "SurvivorExtend_TrainingManual_rifle3",
		"copy-from": "SurvivorExtend_TrainingManual_rifle2",
		"name": { "str": "訓練筆記─步槍(高級)", "str_pl": "訓練筆記─步槍(高級)" },
		"description" : "生存者撰寫的戰鬥心得，用以提升隊友的技能等級。",
		"relative": {
			"volume": 1,
			"weight": 300, 
			"price_postapoc": 2000,
			"max_level" : 2
		}
	},{	
		"type" : "BOOK",
		"id" : "SurvivorExtend_TrainingManual_shotgun",
		"copy-from": "trainingbook_template_SEmod",
		"name": { "str": "訓練筆記─霰彈槍(初級)", "str_pl": "訓練筆記─霰彈槍(初級)" },
		"description" : "生存者撰寫的戰鬥心得，用以提升隊友的技能等級。",
		"skill" : "shotgun"
	},{	
		"type" : "BOOK",
		"id" : "SurvivorExtend_TrainingManual_shotgun2",
		"copy-from": "SurvivorExtend_TrainingManual_shotgun",
		"name": { "str": "訓練筆記─霰彈槍(中級)", "str_pl": "訓練筆記─霰彈槍(中級)" },
		"description" : "生存者撰寫的戰鬥心得，用以提升隊友的技能等級。",
		"relative": {
			"volume": 1,
			"weight": 300, 
			"price_postapoc": 2000,
			"max_level" : 2
		}
	},{	
		"type" : "BOOK",
		"id" : "SurvivorExtend_TrainingManual_shotgun3",
		"copy-from": "SurvivorExtend_TrainingManual_shotgun2",
		"name": { "str": "訓練筆記─霰彈槍(高級)", "str_pl": "訓練筆記─霰彈槍(高級)" },
		"description" : "生存者撰寫的戰鬥心得，用以提升隊友的技能等級。",
		"relative": {
			"volume": 1,
			"weight": 300, 
			"price_postapoc": 2000,
			"max_level" : 2
		}
	},{	
		"type" : "BOOK",
		"id" : "SurvivorExtend_TrainingManual_smg",
		"copy-from": "trainingbook_template_SEmod",
		"name": { "str": "訓練筆記─衝鋒槍(初級)", "str_pl": "訓練筆記─衝鋒槍(初級)" },
		"description" : "生存者撰寫的戰鬥心得，用以提升隊友的技能等級。",
		"skill" : "smg"
	},{	
		"type" : "BOOK",
		"id" : "SurvivorExtend_TrainingManual_smg2",
		"copy-from": "SurvivorExtend_TrainingManual_smg",
		"name": { "str": "訓練筆記─衝鋒槍(中級)", "str_pl": "訓練筆記─衝鋒槍(中級)" },
		"description" : "生存者撰寫的戰鬥心得，用以提升隊友的技能等級。",
		"relative": {
			"volume": 1,
			"weight": 300, 
			"price_postapoc": 2000,
			"max_level" : 2
		}
	},{	
		"type" : "BOOK",
		"id" : "SurvivorExtend_TrainingManual_smg3",
		"copy-from": "SurvivorExtend_TrainingManual_smg2",
		"name": { "str": "訓練筆記─衝鋒槍(高級)", "str_pl": "訓練筆記─衝鋒槍(高級)" },
		"description" : "生存者撰寫的戰鬥心得，用以提升隊友的技能等級。",
		"relative": {
			"volume": 1,
			"weight": 300, 
			"price_postapoc": 2000,
			"max_level" : 2
		}
	},{	
		"type" : "BOOK",
		"id" : "SurvivorExtend_TrainingManual_launcher",
		"copy-from": "trainingbook_template_SEmod",
		"name": { "str": "訓練筆記─重武器(初級)", "str_pl": "訓練筆記─重武器(初級)" },
		"description" : "生存者撰寫的戰鬥心得，用以提升隊友的技能等級。",
		"skill" : "launcher"
	},{	
		"type" : "BOOK",
		"id" : "SurvivorExtend_TrainingManual_launcher2",
		"copy-from": "SurvivorExtend_TrainingManual_launcher",
		"name": { "str": "訓練筆記─重武器(中級)", "str_pl": "訓練筆記─重武器(中級)" },
		"description" : "生存者撰寫的戰鬥心得，用以提升隊友的技能等級。",
		"relative": {
			"volume": 1,
			"weight": 300, 
			"price_postapoc": 2000,
			"max_level" : 2
		}
	},{	
		"type" : "BOOK",
		"id" : "SurvivorExtend_TrainingManual_launcher3",
		"copy-from": "SurvivorExtend_TrainingManual_launcher2",
		"name": { "str": "訓練筆記─重武器(高級)", "str_pl": "訓練筆記─重武器(高級)" },
		"description" : "生存者撰寫的戰鬥心得，用以提升隊友的技能等級。",
		"relative": {
			"volume": 1,
			"weight": 300, 
			"price_postapoc": 2000,
			"max_level" : 2
		}
	},{	
		"type" : "BOOK",
		"id" : "SurvivorExtend_TrainingManual_melee",
		"copy-from": "trainingbook_template_SEmod",
		"name": { "str": "訓練筆記─近戰(初級)", "str_pl": "訓練筆記─近戰(初級)" },
		"description" : "生存者撰寫的戰鬥心得，用以提升隊友的技能等級。",
		"skill" : "melee"
	},{	
		"type" : "BOOK",
		"id" : "SurvivorExtend_TrainingManual_melee2",
		"copy-from": "SurvivorExtend_TrainingManual_melee",
		"name": { "str": "訓練筆記─近戰(中級)", "str_pl": "訓練筆記─近戰(中級)" },
		"description" : "生存者撰寫的戰鬥心得，用以提升隊友的技能等級。",
		"relative": {
			"volume": 1,
			"weight": 300, 
			"price_postapoc": 2000,
			"max_level" : 2
		}
	},{	
		"type" : "BOOK",
		"id" : "SurvivorExtend_TrainingManual_melee3",
		"copy-from": "SurvivorExtend_TrainingManual_melee2",
		"name": { "str": "訓練筆記─近戰(高級)", "str_pl": "訓練筆記─近戰(高級)" },
		"description" : "生存者撰寫的戰鬥心得，用以提升隊友的技能等級。",
		"relative": {
			"volume": 1,
			"weight": 300, 
			"price_postapoc": 2000,
			"max_level" : 2
		}
	},{	
		"type" : "BOOK",
		"id" : "SurvivorExtend_TrainingManual_unarmed",
		"copy-from": "trainingbook_template_SEmod",
		"name": { "str": "訓練筆記─徒手格鬥(初級)", "str_pl": "訓練筆記─徒手格鬥(初級)" },
		"description" : "生存者撰寫的戰鬥心得，用以提升隊友的技能等級。",
		"skill" : "unarmed"
	},{	
		"type" : "BOOK",
		"id" : "SurvivorExtend_TrainingManual_unarmed2",
		"copy-from": "SurvivorExtend_TrainingManual_unarmed",
		"name": { "str": "訓練筆記─徒手格鬥(中級)", "str_pl": "訓練筆記─徒手格鬥(中級)" },
		"description" : "生存者撰寫的戰鬥心得，用以提升隊友的技能等級。",
		"relative": {
			"volume": 1,
			"weight": 300, 
			"price_postapoc": 2000,
			"max_level" : 2
		}
	},{	
		"type" : "BOOK",
		"id" : "SurvivorExtend_TrainingManual_unarmed3",
		"copy-from": "SurvivorExtend_TrainingManual_unarmed2",
		"name": { "str": "訓練筆記─徒手格鬥(高級)", "str_pl": "訓練筆記─徒手格鬥(高級)" },
		"description" : "生存者撰寫的戰鬥心得，用以提升隊友的技能等級。",
		"relative": {
			"volume": 1,
			"weight": 300, 
			"price_postapoc": 2000,
			"max_level" : 2
		}
	},{	
		"type" : "BOOK",
		"id" : "SurvivorExtend_TrainingManual_cutting",
		"copy-from": "trainingbook_template_SEmod",
		"name": { "str": "訓練筆記─斬擊武器(初級)", "str_pl": "訓練筆記─斬擊武器(初級)" },
		"description" : "生存者撰寫的戰鬥心得，用以提升隊友的技能等級。",
		"skill" : "cutting"
	},{	
		"type" : "BOOK",
		"id" : "SurvivorExtend_TrainingManual_cutting2",
		"copy-from": "SurvivorExtend_TrainingManual_cutting",
		"name": { "str": "訓練筆記─斬擊武器(中級)", "str_pl": "訓練筆記─斬擊武器(中級)" },
		"description" : "生存者撰寫的戰鬥心得，用以提升隊友的技能等級。",
		"relative": {
			"volume": 1,
			"weight": 300, 
			"price_postapoc": 2000,
			"max_level" : 2
		}
	},{	
		"type" : "BOOK",
		"id" : "SurvivorExtend_TrainingManual_cutting3",
		"copy-from": "SurvivorExtend_TrainingManual_cutting2",
		"name": { "str": "訓練筆記─斬擊武器(高級)", "str_pl": "訓練筆記─斬擊武器(高級)" },
		"description" : "生存者撰寫的戰鬥心得，用以提升隊友的技能等級。",
		"relative": {
			"volume": 1,
			"weight": 300, 
			"price_postapoc": 2000,
			"max_level" : 2
		}
	},{	
		"type" : "BOOK",
		"id" : "SurvivorExtend_TrainingManual_bashing",
		"copy-from": "trainingbook_template_SEmod",
		"name": { "str": "訓練筆記─鈍擊武器(初級)", "str_pl": "訓練筆記─鈍擊武器(初級)" },
		"description" : "生存者撰寫的戰鬥心得，用以提升隊友的技能等級。",
		"skill" : "bashing"
	},{	
		"type" : "BOOK",
		"id" : "SurvivorExtend_TrainingManual_bashing2",
		"copy-from": "SurvivorExtend_TrainingManual_bashing",
		"name": { "str": "訓練筆記─鈍擊武器(中級)", "str_pl": "訓練筆記─鈍擊武器(中級)" },
		"description" : "生存者撰寫的戰鬥心得，用以提升隊友的技能等級。",
		"relative": {
			"volume": 1,
			"weight": 300, 
			"price_postapoc": 2000,
			"max_level" : 2
		}
	},{	
		"type" : "BOOK",
		"id" : "SurvivorExtend_TrainingManual_bashing3",
		"copy-from": "SurvivorExtend_TrainingManual_bashing2",
		"name": { "str": "訓練筆記─鈍擊武器(高級)", "str_pl": "訓練筆記─鈍擊武器(高級)" },
		"description" : "生存者撰寫的戰鬥心得，用以提升隊友的技能等級。",
		"relative": {
			"volume": 1,
			"weight": 300, 
			"price_postapoc": 2000,
			"max_level" : 2
		}
	},{	
		"type" : "BOOK",
		"id" : "SurvivorExtend_TrainingManual_stabbing",
		"copy-from": "trainingbook_template_SEmod",
		"name": { "str": "訓練筆記─刺擊武器(初級)", "str_pl": "訓練筆記─刺擊武器(初級)" },
		"description" : "生存者撰寫的戰鬥心得，用以提升隊友的技能等級。",
		"skill" : "stabbing"
	},{	
		"type" : "BOOK",
		"id" : "SurvivorExtend_TrainingManual_stabbing2",
		"copy-from": "SurvivorExtend_TrainingManual_stabbing",
		"name": { "str": "訓練筆記─刺擊武器(中級)", "str_pl": "訓練筆記─刺擊武器(中級)" },
		"description" : "生存者撰寫的戰鬥心得，用以提升隊友的技能等級。",
		"relative": {
			"volume": 1,
			"weight": 300, 
			"price_postapoc": 2000,
			"max_level" : 2
		}
	},{	
		"type" : "BOOK",
		"id" : "SurvivorExtend_TrainingManual_stabbing3",
		"copy-from": "SurvivorExtend_TrainingManual_stabbing2",
		"name": { "str": "訓練筆記─刺擊武器(高級)", "str_pl": "訓練筆記─刺擊武器(高級)" },
		"description" : "生存者撰寫的戰鬥心得，用以提升隊友的技能等級。",
		"relative": {
			"volume": 1,
			"weight": 300, 
			"price_postapoc": 2000,
			"max_level" : 2
		}
	},{	
		"type" : "BOOK",
		"id" : "SurvivorExtend_TrainingManual_throw",
		"copy-from": "trainingbook_template_SEmod",
		"name": { "str": "訓練筆記─投擲(初級)", "str_pl": "訓練筆記─投擲(初級)" },
		"description" : "生存者撰寫的戰鬥心得，用以提升隊友的技能等級。",
		"skill" : "throw"
	},{	
		"type" : "BOOK",
		"id" : "SurvivorExtend_TrainingManual_throw2",
		"copy-from": "SurvivorExtend_TrainingManual_throw",
		"name": { "str": "訓練筆記─投擲(中級)", "str_pl": "訓練筆記─投擲(中級)" },
		"description" : "生存者撰寫的戰鬥心得，用以提升隊友的技能等級。",
		"relative": {
			"volume": 1,
			"weight": 300, 
			"price_postapoc": 2000,
			"max_level" : 2
		}
	},{	
		"type" : "BOOK",
		"id" : "SurvivorExtend_TrainingManual_throw3",
		"copy-from": "SurvivorExtend_TrainingManual_throw2",
		"name": { "str": "訓練筆記─投擲(高級)", "str_pl": "訓練筆記─投擲(高級)" },
		"description" : "生存者撰寫的戰鬥心得，用以提升隊友的技能等級。",
		"relative": {
			"volume": 1,
			"weight": 300, 
			"price_postapoc": 2000,
			"max_level" : 2
		}
	},{	
		"type" : "BOOK",
		"id" : "SurvivorExtend_TrainingManual_dodge",
		"copy-from": "trainingbook_template_SEmod",
		"name": { "str": "訓練筆記─閃避(初級)", "str_pl": "訓練筆記─閃避(初級)" },
		"description" : "生存者撰寫的戰鬥心得，用以提升隊友的技能等級。",
		"skill" : "dodge"
	},{	
		"type" : "BOOK",
		"id" : "SurvivorExtend_TrainingManual_dodge2",
		"copy-from": "SurvivorExtend_TrainingManual_dodge",
		"name": { "str": "訓練筆記─閃避(中級)", "str_pl": "訓練筆記─閃避(中級)" },
		"description" : "生存者撰寫的戰鬥心得，用以提升隊友的技能等級。",
		"relative": {
			"volume": 1,
			"weight": 300, 
			"price_postapoc": 2000,
			"max_level" : 2
		}
	},{	
		"type" : "BOOK",
		"id" : "SurvivorExtend_TrainingManual_dodge3",
		"copy-from": "SurvivorExtend_TrainingManual_dodge2",
		"name": { "str": "訓練筆記─閃避(高級)", "str_pl": "訓練筆記─閃避(高級)" },
		"description" : "生存者撰寫的戰鬥心得，用以提升隊友的技能等級。",
		"relative": {
			"volume": 1,
			"weight": 300, 
			"price_postapoc": 2000,
			"max_level" : 2
		}
	},{	
		"type" : "BOOK",
		"id" : "SurvivorExtend_TrainingManual_barter",
		"copy-from": "trainingbook_template_SEmod",
		"name": { "str": "訓練筆記─交易(初級)", "str_pl": "訓練筆記─交易(初級)" },
		"description" : "生存者撰寫的技能心得，用以提升隊友的技能等級。",
		"skill" : "barter"
	},{	
		"type" : "BOOK",
		"id" : "SurvivorExtend_TrainingManual_barter2",
		"copy-from": "SurvivorExtend_TrainingManual_barter",
		"name": { "str": "訓練筆記─交易(中級)", "str_pl": "訓練筆記─交易(中級)" },
		"description" : "生存者撰寫的技能心得，用以提升隊友的技能等級。",
		"relative": {
			"volume": 1,
			"weight": 300, 
			"price_postapoc": 2000,
			"max_level" : 2
		}
	},{	
		"type" : "BOOK",
		"id" : "SurvivorExtend_TrainingManual_barter3",
		"copy-from": "SurvivorExtend_TrainingManual_barter2",
		"name": { "str": "訓練筆記─交易(高級)", "str_pl": "訓練筆記─交易(高級)" },
		"description" : "生存者撰寫的技能心得，用以提升隊友的技能等級。",
		"relative": {
			"volume": 1,
			"weight": 300, 
			"price_postapoc": 2000,
			"max_level" : 2
		}
	},{	
		"type" : "BOOK",
		"id" : "SurvivorExtend_TrainingManual_speech",
		"copy-from": "trainingbook_template_SEmod",
		"name": { "str": "訓練筆記─口才(初級)", "str_pl": "訓練筆記─口才(初級)" },
		"description" : "生存者撰寫的技能心得，用以提升隊友的技能等級。",
		"skill" : "speech"
	},{	
		"type" : "BOOK",
		"id" : "SurvivorExtend_TrainingManual_speech2",
		"copy-from": "SurvivorExtend_TrainingManual_speech",
		"name": { "str": "訓練筆記─口才(中級)", "str_pl": "訓練筆記─口才(中級)" },
		"description" : "生存者撰寫的技能心得，用以提升隊友的技能等級。",
		"relative": {
			"volume": 1,
			"weight": 300, 
			"price_postapoc": 2000,
			"max_level" : 2
		}
	},{	
		"type" : "BOOK",
		"id" : "SurvivorExtend_TrainingManual_speech3",
		"copy-from": "SurvivorExtend_TrainingManual_speech2",
		"name": { "str": "訓練筆記─口才(高級)", "str_pl": "訓練筆記─口才(高級)" },
		"description" : "生存者撰寫的技能心得，用以提升隊友的技能等級。",
		"relative": {
			"volume": 1,
			"weight": 300, 
			"price_postapoc": 2000,
			"max_level" : 2
		}
	},{	
		"type" : "BOOK",
		"id" : "SurvivorExtend_TrainingManual_computer",
		"copy-from": "trainingbook_template_SEmod",
		"name": { "str": "訓練筆記─電腦(初級)", "str_pl": "訓練筆記─電腦(初級)" },
		"description" : "生存者撰寫的技能心得，用以提升隊友的技能等級。",
		"skill" : "computer"
	},{	
		"type" : "BOOK",
		"id" : "SurvivorExtend_TrainingManual_computer2",
		"copy-from": "SurvivorExtend_TrainingManual_computer",
		"name": { "str": "訓練筆記─電腦(中級)", "str_pl": "訓練筆記─電腦(中級)" },
		"description" : "生存者撰寫的技能心得，用以提升隊友的技能等級。",
		"relative": {
			"volume": 1,
			"weight": 300, 
			"price_postapoc": 2000,
			"max_level" : 2
		}
	},{	
		"type" : "BOOK",
		"id" : "SurvivorExtend_TrainingManual_computer3",
		"copy-from": "SurvivorExtend_TrainingManual_computer2",
		"name": { "str": "訓練筆記─電腦(高級)", "str_pl": "訓練筆記─電腦(高級)" },
		"description" : "生存者撰寫的技能心得，用以提升隊友的技能等級。",
		"relative": {
			"volume": 1,
			"weight": 300, 
			"price_postapoc": 2000,
			"max_level" : 2
		}		
	},{	
		"type" : "BOOK",
		"id" : "SurvivorExtend_TrainingManual_firstaid",
		"copy-from": "trainingbook_template_SEmod",
		"name": { "str": "訓練筆記─急救(初級)", "str_pl": "訓練筆記─急救(初級)" },
		"description" : "生存者撰寫的技能心得，用以提升隊友的技能等級。",
		"skill" : "firstaid"
	},{	
		"type" : "BOOK",
		"id" : "SurvivorExtend_TrainingManual_firstaid2",
		"copy-from": "SurvivorExtend_TrainingManual_firstaid",
		"name": { "str": "訓練筆記─急救(中級)", "str_pl": "訓練筆記─急救(中級)" },
		"description" : "生存者撰寫的技能心得，用以提升隊友的技能等級。",
		"relative": {
			"volume": 1,
			"weight": 300, 
			"price_postapoc": 2000,
			"max_level" : 2
		}
	},{	
		"type" : "BOOK",
		"id" : "SurvivorExtend_TrainingManual_firstaid3",
		"copy-from": "SurvivorExtend_TrainingManual_firstaid2",
		"name": { "str": "訓練筆記─急救(高級)", "str_pl": "訓練筆記─急救(高級)" },
		"description" : "生存者撰寫的技能心得，用以提升隊友的技能等級。",
		"relative": {
			"volume": 1,
			"weight": 300, 
			"price_postapoc": 2000,
			"max_level" : 2
		}		
	},{	
		"type" : "BOOK",
		"id" : "SurvivorExtend_TrainingManual_mechanics",
		"copy-from": "trainingbook_template_SEmod",
		"name": { "str": "訓練筆記─機械(初級)", "str_pl": "訓練筆記─機械(初級)" },
		"description" : "生存者撰寫的技能心得，用以提升隊友的技能等級。",
		"skill" : "mechanics"
	},{	
		"type" : "BOOK",
		"id" : "SurvivorExtend_TrainingManual_mechanics2",
		"copy-from": "SurvivorExtend_TrainingManual_mechanics",
		"name": { "str": "訓練筆記─機械(中級)", "str_pl": "訓練筆記─機械(中級)" },
		"description" : "生存者撰寫的技能心得，用以提升隊友的技能等級。",
		"relative": {
			"volume": 1,
			"weight": 300, 
			"price_postapoc": 2000,
			"max_level" : 2
		}
	},{	
		"type" : "BOOK",
		"id" : "SurvivorExtend_TrainingManual_mechanics3",
		"copy-from": "SurvivorExtend_TrainingManual_mechanics2",
		"name": { "str": "訓練筆記─機械(高級)", "str_pl": "訓練筆記─機械(高級)" },
		"description" : "生存者撰寫的技能心得，用以提升隊友的技能等級。",
		"relative": {
			"volume": 1,
			"weight": 300, 
			"price_postapoc": 2000,
			"max_level" : 2
		}		
	},{	
		"type" : "BOOK",
		"id" : "SurvivorExtend_TrainingManual_traps",
		"copy-from": "trainingbook_template_SEmod",
		"name": { "str": "訓練筆記─陷阱(初級)", "str_pl": "訓練筆記─陷阱(初級)" },
		"description" : "生存者撰寫的技能心得，用以提升隊友的技能等級。",
		"skill" : "traps"
	},{	
		"type" : "BOOK",
		"id" : "SurvivorExtend_TrainingManual_traps2",
		"copy-from": "SurvivorExtend_TrainingManual_traps",
		"name": { "str": "訓練筆記─陷阱(中級)", "str_pl": "訓練筆記─陷阱(中級)" },
		"description" : "生存者撰寫的技能心得，用以提升隊友的技能等級。",
		"relative": {
			"volume": 1,
			"weight": 300, 
			"price_postapoc": 2000,
			"max_level" : 2
		}
	},{	
		"type" : "BOOK",
		"id" : "SurvivorExtend_TrainingManual_traps3",
		"copy-from": "SurvivorExtend_TrainingManual_traps2",
		"name": { "str": "訓練筆記─陷阱(高級)", "str_pl": "訓練筆記─陷阱(高級)" },
		"description" : "生存者撰寫的技能心得，用以提升隊友的技能等級。",
		"relative": {
			"volume": 1,
			"weight": 300, 
			"price_postapoc": 2000,
			"max_level" : 2
		}		
	},{	
		"type" : "BOOK",
		"id" : "SurvivorExtend_TrainingManual_driving",
		"copy-from": "trainingbook_template_SEmod",
		"name": { "str": "訓練筆記─駕駛(初級)", "str_pl": "訓練筆記─駕駛(初級)" },
		"description" : "生存者撰寫的技能心得，用以提升隊友的技能等級。",
		"skill" : "driving"
	},{	
		"type" : "BOOK",
		"id" : "SurvivorExtend_TrainingManual_driving2",
		"copy-from": "SurvivorExtend_TrainingManual_driving",
		"name": { "str": "訓練筆記─駕駛(中級)", "str_pl": "訓練筆記─駕駛(中級)" },
		"description" : "生存者撰寫的技能心得，用以提升隊友的技能等級。",
		"relative": {
			"volume": 1,
			"weight": 300, 
			"price_postapoc": 2000,
			"max_level" : 2
		}
	},{	
		"type" : "BOOK",
		"id" : "SurvivorExtend_TrainingManual_driving3",
		"copy-from": "SurvivorExtend_TrainingManual_driving2",
		"name": { "str": "訓練筆記─駕駛(高級)", "str_pl": "訓練筆記─駕駛(高級)" },
		"description" : "生存者撰寫的技能心得，用以提升隊友的技能等級。",
		"relative": {
			"volume": 1,
			"weight": 300, 
			"price_postapoc": 2000,
			"max_level" : 2
		}		
	},{	
		"type" : "BOOK",
		"id" : "SurvivorExtend_TrainingManual_swimming",
		"copy-from": "trainingbook_template_SEmod",
		"name": { "str": "訓練筆記─游泳(初級)", "str_pl": "訓練筆記─游泳(初級)" },
		"description" : "生存者撰寫的技能心得，用以提升隊友的技能等級。",
		"skill" : "swimming"
	},{	
		"type" : "BOOK",
		"id" : "SurvivorExtend_TrainingManual_swimming2",
		"copy-from": "SurvivorExtend_TrainingManual_swimming",
		"name": { "str": "訓練筆記─游泳(中級)", "str_pl": "訓練筆記─游泳(中級)" },
		"description" : "生存者撰寫的技能心得，用以提升隊友的技能等級。",
		"relative": {
			"volume": 1,
			"weight": 300, 
			"price_postapoc": 2000,
			"max_level" : 2
		}
	},{	
		"type" : "BOOK",
		"id" : "SurvivorExtend_TrainingManual_swimming3",
		"copy-from": "SurvivorExtend_TrainingManual_swimming2",
		"name": { "str": "訓練筆記─游泳(高級)", "str_pl": "訓練筆記─游泳(高級)" },
		"description" : "生存者撰寫的技能心得，用以提升隊友的技能等級。",
		"relative": {
			"volume": 1,
			"weight": 300, 
			"price_postapoc": 2000,
			"max_level" : 2
		}		
	},{	
		"type" : "BOOK",
		"id" : "SurvivorExtend_TrainingManual_fabrication",
		"copy-from": "trainingbook_template_SEmod",
		"name": { "str": "訓練筆記─製造(初級)", "str_pl": "訓練筆記─製造(初級)" },
		"description" : "生存者撰寫的技能心得，用以提升隊友的技能等級。",
		"skill" : "fabrication"
	},{	
		"type" : "BOOK",
		"id" : "SurvivorExtend_TrainingManual_fabrication2",
		"copy-from": "SurvivorExtend_TrainingManual_fabrication",
		"name": { "str": "訓練筆記─製造(中級)", "str_pl": "訓練筆記─製造(中級)" },
		"description" : "生存者撰寫的技能心得，用以提升隊友的技能等級。",
		"relative": {
			"volume": 1,
			"weight": 300, 
			"price_postapoc": 2000,
			"max_level" : 2
		}
	},{	
		"type" : "BOOK",
		"id" : "SurvivorExtend_TrainingManual_fabrication3",
		"copy-from": "SurvivorExtend_TrainingManual_fabrication2",
		"name": { "str": "訓練筆記─製造(高級)", "str_pl": "訓練筆記─製造(高級)" },
		"description" : "生存者撰寫的技能心得，用以提升隊友的技能等級。",
		"relative": {
			"volume": 1,
			"weight": 300, 
			"price_postapoc": 2000,
			"max_level" : 2
		}		
	},{	
		"type" : "BOOK",
		"id" : "SurvivorExtend_TrainingManual_cooking",
		"copy-from": "trainingbook_template_SEmod",
		"name": { "str": "訓練筆記─烹調(初級)", "str_pl": "訓練筆記─烹調(初級)" },
		"description" : "生存者撰寫的技能心得，用以提升隊友的技能等級。",
		"skill" : "cooking"
	},{	
		"type" : "BOOK",
		"id" : "SurvivorExtend_TrainingManual_cooking2",
		"copy-from": "SurvivorExtend_TrainingManual_cooking",
		"name": { "str": "訓練筆記─烹調(中級)", "str_pl": "訓練筆記─烹調(中級)" },
		"description" : "生存者撰寫的技能心得，用以提升隊友的技能等級。",
		"relative": {
			"volume": 1,
			"weight": 300, 
			"price_postapoc": 2000,
			"max_level" : 2
		}
	},{	
		"type" : "BOOK",
		"id" : "SurvivorExtend_TrainingManual_cooking3",
		"copy-from": "SurvivorExtend_TrainingManual_cooking2",
		"name": { "str": "訓練筆記─烹調(高級)", "str_pl": "訓練筆記─烹調(高級)" },
		"description" : "生存者撰寫的技能心得，用以提升隊友的技能等級。",
		"relative": {
			"volume": 1,
			"weight": 300, 
			"price_postapoc": 2000,
			"max_level" : 2
		}		
	},{	
		"type" : "BOOK",
		"id" : "SurvivorExtend_TrainingManual_tailor",
		"copy-from": "trainingbook_template_SEmod",
		"name": { "str": "訓練筆記─裁縫(初級)", "str_pl": "訓練筆記─裁縫(初級)" },
		"description" : "生存者撰寫的技能心得，用以提升隊友的技能等級。",
		"skill" : "tailor"
	},{	
		"type" : "BOOK",
		"id" : "SurvivorExtend_TrainingManual_tailor2",
		"copy-from": "SurvivorExtend_TrainingManual_tailor",
		"name": { "str": "訓練筆記─裁縫(中級)", "str_pl": "訓練筆記─裁縫(中級)" },
		"description" : "生存者撰寫的技能心得，用以提升隊友的技能等級。",
		"relative": {
			"volume": 1,
			"weight": 300, 
			"price_postapoc": 2000,
			"max_level" : 2
		}
	},{	
		"type" : "BOOK",
		"id" : "SurvivorExtend_TrainingManual_tailor3",
		"copy-from": "SurvivorExtend_TrainingManual_tailor2",
		"name": { "str": "訓練筆記─裁縫(高級)", "str_pl": "訓練筆記─裁縫(高級)" },
		"description" : "生存者撰寫的技能心得，用以提升隊友的技能等級。",
		"relative": {
			"volume": 1,
			"weight": 300, 
			"price_postapoc": 2000,
			"max_level" : 2
		}		
	},{	
		"type" : "BOOK",
		"id" : "SurvivorExtend_TrainingManual_survival",
		"copy-from": "trainingbook_template_SEmod",
		"name": { "str": "訓練筆記─生存(初級)", "str_pl": "訓練筆記─生存(初級)" },
		"description" : "生存者撰寫的技能心得，用以提升隊友的技能等級。",
		"skill" : "survival"
	},{	
		"type" : "BOOK",
		"id" : "SurvivorExtend_TrainingManual_survival2",
		"copy-from": "SurvivorExtend_TrainingManual_survival",
		"name": { "str": "訓練筆記─生存(中級)", "str_pl": "訓練筆記─生存(中級)" },
		"description" : "生存者撰寫的技能心得，用以提升隊友的技能等級。",
		"relative": {
			"volume": 1,
			"weight": 300, 
			"price_postapoc": 2000,
			"max_level" : 2
		}
	},{	
		"type" : "BOOK",
		"id" : "SurvivorExtend_TrainingManual_survival3",
		"copy-from": "SurvivorExtend_TrainingManual_survival2",
		"name": { "str": "訓練筆記─生存(高級)", "str_pl": "訓練筆記─生存(高級)" },
		"description" : "生存者撰寫的技能心得，用以提升隊友的技能等級。",
		"relative": {
			"volume": 1,
			"weight": 300, 
			"price_postapoc": 2000,
			"max_level" : 2
		}		
	},{	
		"type" : "BOOK",
		"id" : "SurvivorExtend_TrainingManual_electronics",
		"copy-from": "trainingbook_template_SEmod",
		"name": { "str": "訓練筆記─電子(初級)", "str_pl": "訓練筆記─電子(初級)" },
		"description" : "生存者撰寫的技能心得，用以提升隊友的技能等級。",
		"skill" : "electronics"
	},{	
		"type" : "BOOK",
		"id" : "SurvivorExtend_TrainingManual_electronics2",
		"copy-from": "SurvivorExtend_TrainingManual_electronics",
		"name": { "str": "訓練筆記─電子(中級)", "str_pl": "訓練筆記─電子(中級)" },
		"description" : "生存者撰寫的技能心得，用以提升隊友的技能等級。",
		"relative": {
			"volume": 1,
			"weight": 300, 
			"price_postapoc": 2000,
			"max_level" : 2
		}
	},{	
		"type" : "BOOK",
		"id" : "SurvivorExtend_TrainingManual_electronics3",
		"copy-from": "SurvivorExtend_TrainingManual_electronics2",
		"name": { "str": "訓練筆記─電子(高級)", "str_pl": "訓練筆記─電子(高級)" },
		"description" : "生存者撰寫的技能心得，用以提升隊友的技能等級。",
		"relative": {
			"volume": 1,
			"weight": 300, 
			"price_postapoc": 2000,
			"max_level" : 2
		}		

	}
]