 [
	{
		"type": "MONSTER",
		"id": "mon_training_manhack_SEmod",
		"copy-from": "base_drone",
		"looks_like": "mon_manhack",
		"name": { "str": "鋸鳥(訓練用)" },
		"description": "經過改造的鋸鳥，卸下銳利的刃鋸、取消迴避指令的鋸鳥會全力攻擊目標，適合戰鬥訓練。繳械後仍具有一定的殺傷力，請使用者注意安全。",
		"default_faction": "factionless",
		"color": "white",
		"speed": 160,
		"melee_skill": 8,
		"melee_dice": 1,
		"melee_dice_sides": 4,
		"melee_cut": 2,
		"armor_bash": 2,
		"armor_cut": 8,
		"revert_to_itype": "bot_training_manhack_SEmod",
		"special_attacks": [ [ "DISAPPEAR", 900 ] ],	"//":"怪物自毀倒計時。",
		"death_function": [ "BROKEN" ],
		"death_drops": {"item": "mon_training_manhack_SEmod"}
	},{
		"type": "TOOL",
		"id": "broken_training_manhack_SEmod",
		"//":" [broken_<怪物id>] = 怪物死亡(效果:broken)時綁定掉落。",
		"copy-from": "broken_manhack",
		"category": "tools",
		"looks_like": "bot_manhack",
		"name": { "str": "鋸鳥無人機(訓練用)(未激活)", "str_pl": "鋸鳥無人機(訓練用)(未激活)" },
		"description": "經過改造的鋸鳥無人機，卸下了銳利的刃鋸，保留原有的靈活與攻擊性，適合用來訓練閃避。繳械後仍具有一定的殺傷力，請使用者注意安全。\n※目前處於<color_red>關閉</color>狀態，填入電池後即可啟動。",
		"ammo": "battery",
		"max_charges": 150,
		"charges_per_use": 150,
		"flags": [ "USE_UPS", "NO_UNLOAD" ],
		"use_action": {
			"type": "transform",
			"target": "bot_training_manhack_SEmod",
			"msg": "輸入能量完成，鋸鳥重啟中。",
			"need_charges": 150,
			"need_charges_msg": "電量不足。",
			"moves": 100
			}
	},{
		"type": "TOOL",
		"id": "bot_training_manhack_SEmod",
		"copy-from": "broken_manhack",
		"category": "tools",
		"looks_like": "bot_manhack",
		"name": { "str": "鋸鳥無人機(訓練用)", "str_pl": "鋸鳥無人機(訓練用)" },
		"description": "經過改造的鋸鳥無人機，卸下了銳利的刃鋸，保留原有的靈活與攻擊性，適合用來訓練閃避。繳械後仍具有一定的殺傷力，請使用者注意安全。\n※激活後<color_light_cyan>啟動</color>鋸鳥，電源耗盡自行關機。",
		"use_action": {
			"type": "place_monster",
			"monster_id": "mon_training_manhack_SEmod",
			"difficulty": 99999,
			"skill1": "speech",
			"skill2": "survival",
			"hostile_msg": "你將鋸鳥設為攻擊模式，它開始對你發動攻擊！",
			"friendly_msg": "設置失誤，鋸鳥繞著你轉卻沒有發動攻擊，重設吧。"
			}
	},{
		"type": "recipe",
		"result": "bot_training_manhack_SEmod",
		"category": "CC_訓練",
		"subcategory": "CSC_訓練_器材",
		"skill_used": "mechanics",
		"skills_required": [ [ "electronics", 5 ], [ "computer", 5 ] ],
		"difficulty": 6,
		"time": "40 m",
		"reversible": true,
		"book_learn": [ [ "recipe_lab_elec", 6 ], [ "textbook_robots", 7 ] ],
		"using": [ [ "soldering_standard", 10 ] ],
		"qualities": [ { "id": "SCREW", "level": 1 } ],
		"components": [
		  [ [ "processor", 1 ] ],
		  [ [ "RAM", 1 ] ],
		  [ [ "power_supply", 1 ] ],
		  [ [ "small_storage_battery", 1 ] ],
		  [ [ "scrap", 5 ] ],
		  [ [ "circuit", 1 ] ],
		  [ [ "motor_small", 1 ] ]
		]
	},{
		"type": "recipe",
		"result": "bot_training_manhack_SEmod",
		"id_suffix": "made by broken manhack",
		"category": "CC_訓練",
		"subcategory": "CSC_訓練_器材",
		"skill_used": "mechanics",
		"skills_required": [ [ "electronics", 5 ], [ "computer", 5 ] ],
		"difficulty": 6,
		"time": "25 m",
		"reversible": true,
		"book_learn": [ [ "recipe_lab_elec", 6 ], [ "textbook_robots", 7 ] ],
		"using": [ [ "soldering_standard", 10 ] ],
		"qualities": [ { "id": "SCREW", "level": 1 } ],
		"components": [
		  [ [ "broken_manhack", 1 ] ],
		  [ [ "scrap", 5 ] ],
		  [ [ "circuit", 1 ] ]
		]
	}
 ]