[
	{
		"type":"item_group",
		"id":"child_items",
		"copy_from":"child_items",
		"items":[
	  ["mag_comic_rwby", 5]
    ]
	},
	  {
    "id": "magazines",
	"copy_from":"magazines",
    "type": "item_group",
    "items": [
	  [ "mag_comic_rwby",10]
    ]
  },
  {
    "type" : "item_group",
    "id" : "hospital_bed",
	"copy_from":"hospital_bed",
    "items":[
	  ["mag_comic_rwby",3]
    ]
  },
   {
    "id": "school",
    "copy_from": "school",
    "type": "item_group",
    "items": [
	  [ "mag_comic_rwby",5]
    ]
  },
  {
    "type" : "item_group",
    "id" : "lab_dorm",
    "copy_from" : "lab_dorm",
    "items":[
	  ["mag_comic_rwby", 5]
    ]
  },
  {
    "type" : "item_group",
    "id" : "arcade_prizes",
    "copy_from" : "arcade_prizes",
    "items":[
	  ["mag_comic_rwby", 6]
    ]
  },
  {
    "type" : "item_group",
    "id" : "army_personal_locker",
    "copy_from" : "army_personal_locker",
    "items" : [
	  ["mag_comic_rwby", 5]
    ]
  },
  {
    "type" : "item_group",
    "id" : "army_bed",
    "copy_from" : "army_bed",
    "items" : [
	  ["mag_comic_rwby", 2]
    ]
  },
  {
    "id": "recycle_paper",
    "copy_from": "recycle_paper",
    "type": "item_group",
    "items": [
	  [ "mag_comic_rwby", 5 ]
    ]
  },
   {
    "id": "dollar_books",
    "copy_from": "dollar_books",
    "type": "item_group",
    "items": [
	  [ "mag_comic_rwby", 3 ]
    ]
  },
    {
    "id": "mail",
    "copy_from": "mail",
    "type": "item_group",
    "items": [
	  [ "mag_comic_rwby", 3 ]
    ]
  },
  {
    "type" : "item_group",
    "id" : "vault",
    "copy_from" : "vault",
    "items":[
	  ["blueprint_cr_1",1],
	  ["blueprint_cr_2",1],
	  ["blueprint_cr_3",1],
	  ["blueprint_ec_1",1],
	  ["blueprint_ec_2",1],
	  ["blueprint_ec_3",1],
	  ["blueprint_gs_1",1],
	  ["blueprint_gs_2",1],
	  ["blueprint_gs_3",1],
	  ["blueprint_my_1",1],
	  ["blueprint_my_2",1],
	  ["blueprint_my_3",1]
    ]
  }
  
]