[
	{
		"type":"martial_art",
		"id":"style_cr",
		"name":"新月玫瑰",
		"description":"Ruby专属武器新月玫瑰Crescent Rose的驾驭技巧。由于武器的特殊性和复杂性，这种技巧只能通过新月玫瑰的战斗镰刀形态使出，但是你可以从你的敏捷属性中获取闪避和速度加成。",
		"initiate":["你的身体变得轻灵，身体微沉，蓄势待发。","%s身体微沉，蓄势待发"],
		"learn_difficulty": 10,
		"primary_skill":"cutting",
		"arm_block":99,
		"leg_block":99,
			"static_buffs":[
			{
				"id":"cr_stationary_buff",
				"name":"燃烧的玫瑰",
				"description":"敏捷加成闪避和速度。",
				"unarmed_allowed" : true,
				"melee_allowed" : true,
				"min_melee":4,
				"flat_bonuses":[
					["movecost","dex",-2.0],
					["dodge","dex",0.5]
				]
			}
			],
			"onmove_buffs":[
				{
					"id":"cr_move_buff",
					"name":"新月急速",
					"description":"每次攻击+2斩击伤害，-3.0行动点数",
					"min_melee":4,
					"buff_duration":5,
					"max_stacks":4,
					"flat_bonuses":[
						["damage","cut",2.0],
						["movecost",-3.0]
					]
				}
			],
			"techniques":[
				"tec_cr_strike",
				"tec_cr_counter",
				"tec_cr_brutal",
				"tec_cr_execute",
				"tec_cr_killing_storm"
			],
			"weapons":[
				"crescent_rose_scythe"
			]
	},
	{
		"type":"martial_art",
		"id":"style_ec",
		"name":"灰烬天堂",
		"description":"Yang专属武器灰烬天堂Ember Celica的驾驭技巧。由于武器的特殊性和复杂性，有些技巧只能通过灰烬天堂的臂铠形态使出，但是你可以从你的力量属性中获取攻击和速度加成。",
		"initiate":["你感到全身的血液都沸腾了，举起双拳准备攻击。","%s举起双拳准备攻击。"],
		"learn_difficulty": 10,
		"primary_skill":"bashing",
		"arm_block":99,
		"leg_block":99,
			"static_buffs":[
			{
				"id":"ec_stationary_buff",
				"name":"烈焰之心",
				"description":"力量加成攻击和速度。",
				"unarmed_allowed" : true,
				"melee_allowed" : true,
				"min_unarmed":4,
				"flat_bonuses":[
					["movecost","str",-2.0],
					["damage","bash","str",0.5]
				]
			}
			],
			"onmove_buffs":[
				{
					"id":"ec_move_buff",
					"name":"步法",
					"description":"参考拳击的独特步法增强了闪避。",
					"unarmed_allowed" : true,
					"melee_allowed" : true,
					"min_unarmed":4,
					"buff_duration":3,
					"flat_bonuses":[
						["dodge","str",0.2]
					]
				}
			],
			"onhit_buffs":[
			{
				"id":"ec_hit_buff",
				"name":"蓄能",
				"description":"你从攻击中汲取能量为己所用",
				"min_unarmed":5,
				"max_stacks":5,
				"buff_duration":3,
				"flat_bonuses":[
					["damage","bash","str",2]
				]
			}
			],
			"techniques":[
				"tec_ec_brutal",
				"tec_ec_elbow",
				"tec_ec_roundaboutkick",
				"tec_ec_feint",
				"tec_ec_rapid",
				"tec_ec_upper",
				"tec_ec_upper_ex",
				"tec_ec_knee",
				"tec_ec_counter_block",
				"tec_ec_counter_dodge",
				"tec_ec_break",
				"tec_ec_aoe"
			],
			"weapons":[
				"ember_celica_armor"
			]
	},
	{
		"type":"martial_art",
		"id":"style_gs",
		"name":"跃影飞绫",
		"description":"Blake专属武器跃影飞绫Gambol Shroud的驾驭技巧。由于武器的特殊性和复杂性，有些技巧只能通过跃影飞绫使出，但是你可以从你的感知属性中获取闪避和命中加成。",
		"initiate":["你隐没在阴影中，脚步变得轻盈，呼吸微不可闻。","%s的脚步变得轻盈，呼吸微不可闻。"],		
		"learn_difficulty": 10,
		"primary_skill":"cutting",		
		"arm_block":99,
		"leg_block":99,
			"static_buffs":[
			{
				"id":"gs_stationary_buff",
				"name":"来自阴影",
				"description":"感知加成闪避和命中，且所有攻击无声。",
				"min_melee":4,
				"quiet":true,
				"unarmed_allowed" : true,
                "melee_allowed" : true,
				"flat_bonuses":[
					["dodge","per",2.0],
					["hit","per",0.5]
				]
			}
			],
			"onmove_buffs":[
				{
					"id":"gs_move_buff",
					"name":"猫影步",
					"description":"独特的步法加快了速度。",
					"unarmed_allowed" : true,
					"melee_allowed" : true,
					"min_melee":4,
					"buff_duration":3,
					"flat_bonuses":[
						["movecost","per",-0.2]
					]
				}
			],
			"ondodge_buffs":[
			{
				"id":"gs_dodge_buff",
				"name":"幻影",
				"description":"你化作阴影闪避了攻击，占据先机",
				"min_melee":5,
				"buff_duration":2,
				"flat_bonuses":[
					["damage","cut","per",2],
					["damage","bash","per",2]
				]
			}
			],
			"techniques":[
				"tec_gs_precise",
				"tec_gs_impale",
				"tec_gs_counter_dodge",
				"tec_gs_aoe",
				"tec_gs_vorpal"
			],
			"weapons":[
				"gambol_shroud_katana",
				"gambol_shroud_storage",
				"gambol_shroud_throw"
			]
	},
	{
		"type":"martial_art",
		"id":"style_my",
		"name":"柳叶白菀",
		"description":"Weiss专属武器柳叶白菀Myrtenaster的驾驭技巧。由于武器的特殊性和复杂性，有些技巧只能通过柳叶白菀使出，但是你可以从你的智力属性中获取命中和格挡加成。",
		"initiate":["你感到一阵冰凉的气息拂过全身，调整身形，提剑向敌。","%s调整身形，提剑向敌。"],
		"learn_difficulty": 10,
		"primary_skill":"stabbing",		
		"arm_block":99,
		"leg_block":99,
			"static_buffs":[
			{
				"id":"my_stationary_buff",
				"name":"雪之传承",
				"description":"智力加成命中和格挡。",
				"min_melee":5,
				"unarmed_allowed" : true,
                "melee_allowed" : true,
				"flat_bonuses":[
					["hit","int",2.0],
					["block","int",0.5]
				]
			}
			],
			"onmove_buffs":[
				{
					"id":"my_move_buff",
					"name":"雪之舞步",
					"description":"学习花剑、花样滑冰和芭蕾的独特舞步加快了速度。",
					"unarmed_allowed" : true,
					"melee_allowed" : true,
					"min_melee":4,
					"buff_duration":3,
					"flat_bonuses":[
						["movecost","int",-0.2]
					]
				}
			],
			"ondodge_buffs":[
			{
				"id":"my_dodge_buff",
				"name":"弱点打击",
				"description":"你敏锐地发觉了对手的破绽所在",
				"min_melee":5,
				"buff_duration":2,
				"flat_bonuses":[
					["damage","stab","int",2],
					["damage","bash","int",2]
				]
			}
			],
			"techniques":[
				"tec_my_impale",
				"tec_my_stop_thrust",
				"tec_my_strike",
				"tec_my_precise",
				"tec_my_strike_hard"
			],
			"weapons":[
				"myrtenaster",
				"myrtenaster_lumos"
			]
	}
]