[
  {
    "type": "terrain",
    "id": "t_tree_apple",
    "name": "apple tree",
    "description": "This tree is a member of the 'Malus' genus, producing fruit commonly known as apples.  If you examined the branches more closely, you could probably find a few mature ones in autumn.  You could also cut it down with the right tools.",
    "symbol": "7",
    "color": [ "light_green", "light_green", "red_green", "brown" ],
    "//": "barren in winter, fruits in autumn",
    "move_cost": 0,
    "coverage": 80,
    "flags": [ "FLAMMABLE_ASH", "NOITEM", "SUPPORTS_ROOF", "TREE", "REDUCE_SCENT" ],
    "transforms_into": "t_tree_apple_harvested",
    "examine_action": "harvest_ter_nectar",
    "harvest_by_season": [ { "seasons": [ "autumn" ], "entries": [ { "drop": "apple", "base_num": [ 10, 20 ], "scaled_num": [ 0, 0.5 ] } ] } ],
    "bash": {
      "str_min": 80,
      "str_max": 180,
      "sound": "crunch!",
      "sound_fail": "whack!",
      "ter_set": "t_dirt",
      "items": [ { "item": "stick_long", "count": [ 3, 10 ] }, { "item": "splinter", "count": [ 10, 25 ] } ]
    }
  },
  {
    "type": "terrain",
    "id": "t_tree_apple_harvested",
    "name": "apple tree",
    "description": "This tree is a member of the 'Malus' genus, producing fruit commonly known as apples.  There doesn't appear to be any ripe apples now.  You could also cut it down with the right tools.",
    "symbol": "7",
    "color": [ "light_green", "light_green", "light_green", "brown" ],
    "//": "barren in winter, no fruits anymore",
    "move_cost": 0,
    "coverage": 80,
    "flags": [ "FLAMMABLE_ASH", "NOITEM", "SUPPORTS_ROOF", "TREE", "REDUCE_SCENT", "HARVESTED" ],
    "examine_action": "harvested_plant",
    "transforms_into": "t_tree_apple",
    "bash": {
      "str_min": 80,
      "str_max": 180,
      "sound": "crunch!",
      "sound_fail": "whack!",
      "ter_set": "t_dirt",
      "items": [ { "item": "stick_long", "count": [ 3, 10 ] }, { "item": "splinter", "count": [ 10, 25 ] } ]
    }
  }
  
  ]