[
  {
    "type": "start_location",
    "id": "strange_grove",
    "name": {
      "str": "Strange Grove"
    },
    "terrain": [
      "strange_grove"
    ],
    "flags": [
      "ALLOW_OUTSIDE"
    ]
  },
  {
    "type": "start_location",
    "id": "island_temple",
    "name": {
      "str": "Island Temple"
    },
    "terrain": [
      "island_temple_1"
    ]
  },
  {
    "type": "start_location",
    "id": "impact_site",
    "name": {
      "str": "Impact Site"
    },
    "terrain": [
      "impact_site"
    ],
    "flags": [
      "ALLOW_OUTSIDE"
    ]
  },
  {
    "type": "start_location",
    "id": "curious_structure",
    "name": {
      "str": "Curious Structure"
    },
    "terrain": [
      "curious_structure"
    ]
  },
  {
    "type": "start_location",
    "id": "arcanist_basement",
    "name": {
      "str": "Arcanist Basement"
    },
    "terrain": [
      "arcanist_basement"
    ]
  },
  {
    "type": "start_location",
    "id": "cathedral_basement",
    "name": {
      "str": "Cathedral"
    },
    "terrain": [
      "cathedral_b_NW"
    ]
  }
]