[
	{
		"type" : "recipe",
		"result": "helmet_liner",
		"id_suffix": "Survivor extend MOD",
		"category": "CC_ARMOR",
		"subcategory": "CSC_ARMOR_HEAD",
		"skill_used": "tailor",
		"difficulty": 3,
		"time": "20 m",
		"autolearn": true,
		"using": [ [ "sewing_standard", 10 ] ],
		"components":
			[
				[
				  [ "rag", 4 ]
				]
			]
	},{
		"//": "腰包配方取自綁腿包(legrig)",
		"type": "recipe",
		"result": "fanny",
		"id_suffix": "Survivor extend MOD",
		"category": "CC_ARMOR",
		"subcategory": "CSC_ARMOR_STORAGE",
		"skill_used": "tailor",
		"difficulty": 4,
		"skills_required": [ "fabrication", 2 ],
		"time": "20 m",
		"autolearn": true,
		"using": [ [ "sewing_standard", 15 ] ],
		"tools": [ [ [ "surface_heat", 5, "LIST" ] ], [ [ "mold_plastic", -1 ] ] ],
		"components": [ [ [ "rag", 10 ] ], [ [ "plastic_chunk", 2 ] ] ]
	}
]