[
	{
		"type": "recipe",
		"result": "multi_cooker",
		"id_suffix": "Lauriver's extend MOD",
		"category": "CC_ELECTRONIC",
		"subcategory": "CSC_ELECTRONIC_TOOLS",
		"skill_used": "electronics",
		"skills_required": [ "computer", 3 ],
		"difficulty": 5,
		"time": "120 m",
		"book_learn": [[ "textbook_robots", 4 ]],
		"qualities": [ {"id":"HAMMER","level":2},{ "id": "SCREW", "level": 1 } ],
		"tools": [ [ [ "soldering_iron", 25 ], [ "toolset", 25 ] ] ],
		"components": [
		  [ [ "food_processor", 1 ] ],
		  [ [ "processor", 1 ] ],
		  [ [ "RAM", 1 ] ],
		  [ [ "cable", 8 ] ],
		  [ [ "element", 4 ] ],
		  [ [ "power_supply", 4 ] ],
		  [ [ "plastic_chunk", 10 ] ],
		  [ [ "e_scrap", 10 ] ],
		  [ [ "scrap", 10 ] ]
		]
	}
]
