[
	{
		"//":"香煎午餐肉可以使用非罐頭午餐肉",
		"type": "recipe",
		"result": "fried_spam",
		"override": true,
		"charges": 1,
		"category": "CC_FOOD",
		"subcategory": "CSC_FOOD_MEAT",
		"skill_used": "cooking",
		"difficulty": 1,
		"time": "2 m 45 s",
		"batch_time_factors": [ 80, 2 ],
		"autolearn": true,
		"qualities": [ { "id": "CUT", "level": 1 }, { "id": "COOK", "level": 2 } ],
		"tools": [ [ [ "surface_heat", 5, "LIST" ] ] ],
		"components": [ [ [ "can_spam", 1 ],[ "lunchmeat", 1 ] ] ]
	},{
		"type": "recipe",
		"result": "offal",
		"//":"各種臟器剁碎混雜，可混搭。",
		"id_suffix": "Survivor Extend MOD",
		"category": "CC_FOOD",
		"subcategory": "CSC_FOOD_MEAT",
		"skill_used": "cooking",
		"difficulty": 0,
		"charges": 1,
		"time": "3 m",
		"batch_time_factors": [ 60, 4 ],
		"autolearn": true,
		"qualities": [ { "id": "CUT", "level": 1 } ],
		"components":
		[
		[ [ "brain",1 ],[ "liver",1 ], [ "lung",1 ], [ "kidney",1 ], [ "sweetbread",1 ] ],
		[ [ "brain",1 ],[ "liver",1 ], [ "lung",1 ], [ "kidney",1 ], [ "sweetbread",1 ] ],
		[ [ "brain",1 ],[ "liver",1 ], [ "lung",1 ], [ "kidney",1 ], [ "sweetbread",1 ] ]
		]
	},{
		"type": "recipe",
		"result": "meat_scrap",
		"//":"肉塊→碎肉",
		"id_suffix": "Survivor Extend MOD",
		"category": "CC_FOOD",
		"subcategory": "CSC_FOOD_MEAT",
		"skill_used": "cooking",
		"difficulty": 0,
		"charges": 10,
		"time": "3 m",
		"batch_time_factors": [ 40, 4 ],
		"autolearn": true,
		"qualities": [ { "id": "CUT", "level": 1 } ],
		"components":
		[
		[ [ "meat",1 ] ]
		]
	},{
		"//":"蛋白粉-生廢土香腸",
		"type": "recipe",
		"result": "sausage_wasteland_raw",
		"id_suffix": "Survivor Extend MOD",
		"category": "CC_FOOD",
		"subcategory": "CSC_FOOD_MEAT",
		"skill_used": "cooking",
		"difficulty": 4,
		"charges": 2,
		"time": "10 m",
		"autolearn": true,
		"batch_time_factors": [ 50, 3 ],
		"qualities": [ { "id": "CUT", "level": 1 }, { "id": "COOK", "level": 1 } ],
		"components": [
		  [ [ "protein_powder", 4 ] ],
		  [ [ "meat_nofish", 1, "LIST" ] ],
		  [ [ "stomach", 2 ], [ "stomach_large", 1 ] ],
		  [
			[ "salt_water", 4 ],
			[ "saline", 8 ],
			[ "salt", 4 ],
			[ "chem_saltpetre", 2 ],
			[ "soysauce", 2 ],
			[ "seasoning_italian", 4 ],
			[ "wild_herbs", 4 ],
			[ "seasoning_salt", 4 ],
			[ "pepper", 4 ]
		  ]
		]
	}
]