[
	{
		"//": "因應建築需求，可由原木製作木棍系列。",
		"type" : "recipe",
		"result": "stick",
		"id_suffix": "from log, SEmod",
		"category": "CC_OTHER",
		"subcategory": "CSC_OTHER_MATERIALS",
		"skill_used": "fabrication",
		"time": "15 m",
		"result_mult": 6,
		"byproducts": [ [ "splinter", 10 ] ],
		"autolearn": true,
		"qualities": [ { "id": "SAW_W", "level": 2 } ],
		"components":
			[
				[
				  [ "log", 1 ]
				]
			]
	},{
		"type" : "recipe",
		"result": "stick_long",
		"id_suffix": "from log, SEmod",
		"category": "CC_OTHER",
		"subcategory": "CSC_OTHER_MATERIALS",
		"skill_used": "fabrication",
		"time": "15 m",
		"result_mult": 3,
		"byproducts": [ [ "splinter", 10 ] ],
		"autolearn": true,
		"qualities": [ { "id": "SAW_W", "level": 2 } ],
		"components":
			[
				[
				  [ "log", 1 ]
				]
			]
	},{
		"//": "原版中木板、重木樑配方，補上缺失的分類。",
		"type": "recipe",
		"result": "wood_panel",
		"id_suffix": "from nailed planks",
		"override": true,
		"category": "CC_OTHER",
		"subcategory": "CSC_OTHER_MATERIALS",
		"skill_used": "fabrication",
		"time": "10 m",
		"autolearn": true,
		"qualities": [ { "id": "SAW_W", "level": 2 }, { "id": "HAMMER", "level": 2 } ],
		"components": [ [ [ "2x4", 8 ] ], [ [ "nail", 36 ] ] ]	
	},{
		"type": "recipe",
		"result": "wood_beam",
		"id_suffix": "from logs",
		"override": true,
		"category": "CC_OTHER",
		"subcategory": "CSC_OTHER_MATERIALS",
		"skill_used": "fabrication",
		"difficulty": 1,
		"time": "1 h",
		"autolearn": true,
		"byproducts": [ [ "splinter", 20 ] ],
		"qualities": [ { "id": "AXE", "level": 2 } ],
		"//": "Eventually, smoothing tools should also be required, or we should distinguish between rough-hewn and finished beams",
		"components": [ [ [ "log", 6 ] ] ],
		"//2": "This is a terrible stand-in for the fact that logs are only 10kg chunks and not big enough to hew into an 8' or longer wooden beam."
	}
]