[{

	
"type": "mod_tileset",
	
"compatibility": [ "MSX++DEAD_PEOPLE","MshockXottoplus","MShock32Modded","ChestHole_iso","ChestHole32"],
	
"tiles-new": [
		
{
		
"file": "32Terrain0-199.png",
    "sprite_width":32,
    "sprite_height":32,
    "sprite_offset_x":0,
    "sprite_offset_y":0,
    "tiles":
    [
        
        {
          "id": "t_wxkj_kdyg_cc",
          "fg": 1,
          "rotates": false
        },
        {
          "id": "t_wxkj_kdyg_xh",
          "fg": 2,
          "rotates": false
        },
        {
          "id": "t_tree_wxkj_kdyg0",
          "fg": 3,
          "rotates": false
        },
        {
          "id": "t_mj_door00",
          "fg": 4,
          "rotates": false
        }
		

]},

{
		
"file": "64x96Terrain200-299.png",
    "sprite_width":96,
    "sprite_height":64,
    "sprite_offset_x":-32,
    "sprite_offset_y":-32,
    "tiles":
    [
        
       {
          "id": "t_tree_wxkj_kdyg1",
          "fg": 201,
          "rotates": false
        },
        {
          "id": "t_tree_wxkj_mj1",
          "fg": 201,
          "rotates": false
        }
		
]}
	
	



]
	
	 



}]