[{

	"type": "mod_tileset",
	"compatibility": [ "MSX++DEAD_PEOPLE","MshockXottoplus","MShock32Modded","ChestHole_iso","ChestHole32"],
	"tiles-new": [
	{
	"file": "64mon0-199.png",
    "sprite_width":64,
    "sprite_height":64,
    "sprite_offset_x":-16,
    "sprite_offset_y":-32,
    "tiles":
    [
        {
          "id": "mon_wxkj_mwzz1",
          "fg": 0,
          "rotates": false
        },
        {
          "id": "mon_wxkj_mwzz2",
          "fg": 0,
          "rotates": false
        },
        {
          "id": "mon_wxkj_mwzz3",
          "fg": 0,
          "rotates": false
        },
        {
          "id": "mon_wxkj_mwzz4",
          "fg": 0,
          "rotates": false
        },
        {
          "id": "mon_wxkj_mwc1",
          "fg": 1,
          "rotates": false
        },
        {
          "id": "mon_wxkj_mwc2",
          "fg": 1,
          "rotates": false
        },
        {
          "id": "mon_wxkj_mwc3",
          "fg": 1,
          "rotates": false
        },
        {
          "id": "mon_wxkj_mwc4",
          "fg": 1,
          "rotates": false
        },
        {
          "id": "mon_wxkj_mwh1",
          "fg": 2,
          "rotates": false
        },
        {
          "id": "mon_wxkj_mwh2",
          "fg": 2,
          "rotates": false
        },
        {
          "id": "mon_wxkj_mwh3",
          "fg": 2,
          "rotates": false
        },
        {
          "id": "mon_wxkj_mwh4",
          "fg": 2,
          "rotates": false
        },
        {
          "id": "mon_wxkj_xhl1",
          "fg": 3,
          "rotates": false
        },
        {
          "id": "mon_wxkj_hkl1",
          "fg": 4,
          "rotates": false
        },{
          "id": "mon_wxkj_tts1",
          "fg":5,
          "rotates": false
        },{
          "id": "mon_wxkj_qts1",
          "fg": 6,
          "rotates": false
        },{
          "id": "mon_wxkj_lmc1",
          "fg": 7,
          "rotates": false
        },{
          "id": "mon_wxkj_tjy1",
          "fg": 8,
          "rotates": false
        },{
          "id": "mon_wxkj_bdd1",
          "fg": 9,
          "rotates": false
        },{
          "id": "mon_wxkj_bhgww1",
          "fg": 10,
          "rotates": false
        },{
          "id": "mon_wxkj_qexj1",
          "fg": 11,
          "rotates": false
        },{
          "id": "mon_wxkj_lol1",
          "fg": 12,
          "rotates": false
        },{
          "id": "mon_wxkj_lklo1",
          "fg": 13,
          "rotates": false
        },       
        {
          "id": "mon_wxkj_bby1",
          "fg": 25,
          "rotates": false
        },
        {
          "id": "mon_wxkj_bby2",
          "fg": 25,
          "rotates": false
        },       
        {
          "id": "mon_wxkj_bby3",
          "fg": 25,
          "rotates": false
        },
        {
          "id": "mon_wxkj_bby4",
          "fg": 25,
          "rotates": false
        },
        {
          "id": "mon_wxkj_lyw1",
          "fg": 26,
          "rotates": false
        },
        {
          "id": "mon_wxkj_lyw2",
          "fg": 26,
          "rotates": false
        },
        {
          "id": "mon_wxkj_lyw3",
          "fg": 26,
          "rotates": false
        },
        {
          "id": "mon_wxkj_lyw4",
          "fg": 26,
          "rotates": false
        },        
        {
          "id": "mon_wxkj_cl_czt1",
          "fg": 29,
          "rotates": false
        },
        {
          "id": "mon_wxkj_clyt1",
          "fg": 32,
          "rotates": false
        }
        
        
        
		]},
		{
		"file": "96mon200-299.png",
    "sprite_width":96,
    "sprite_height":96,
    "sprite_offset_x":-32,
    "sprite_offset_y":-64,
    "tiles":
    [
        {
          "id": "mon_wxkj_phl1",
          "fg": 200,
          "rotates": false
        },{
          "id": "mon_wxkj_jzs1",
          "fg": 201,
          "rotates": false
        },{
          "id": "mon_wxkj_mns1",
          "fg": 203,
          "rotates": false
        },{
          "id": "mon_wxkj_bll1",
          "fg": 204,
          "rotates": false
        },{
          "id": "mon_wxkj_cl1",
          "fg": 207,
          "rotates": false
        }
        
		]},	
			{
	"file": "32items300-499.png",
    "sprite_width":32,
    "sprite_height":32,
    "tiles":
    [  
        {
          "id": "jl_ball1",
          "fg": 319,
          "rotates": false
        }, 
        {
          "id": "jl_ball2",
          "fg": 319,
          "rotates": false
        },
        {
          "id": "jl_ball3",
          "fg": 319,
          "rotates": false
        }  
              
		]}
	
	
	]
	
	 
}]