[

  {
    "type": "profession",
    "ident": "wxkj_mhjl_xrxls",
    "name": "新人训练师(开局几率报错，不影响游戏)",
    "description": "少年，拿上你的精灵球，收服你的第一只精灵，开启的冒险之旅吧。",
    "points": 3,
    "traits": 
			[
             "FASTLEARNER"
			],
    "skills": [
     {"level": 4,"name": "survival"},	
	 {"level": 3,"name": "swimming"}
    ],
    "items": {
      "both": {
        "items": [
        "xrzds",
      	"army_top",
		"pants_army",
		"gloves_leather",
		"socks",
		"sneakers",
        "wxwb",
        "jacket_windbreaker",
        "survivormap",
        "hat_ball",
        "wxkj_book_jl"
        
        ],
   "male": [ "briefs" ],
   "female": [ "bra","halter_top","panties" ],
   "entries": [
          { "item": "jl_ball1",
           "ammo-item": "SKJB", 
           "charges": 9 },         
           { 
          "item": "SKJB", 
          "count": 1000 },        
          { 
          "item": "knife_hunting", 
          "container-item": "sheath" }
          
        ]
      }
    },
    "flags": [ "SCEN_ONLY" ]
  }
  ]