[  
{
    "type": "item_group",
    "subtype": "collection",
    "id": "wxkj_mhjl_xrxls_group",
    "entries": 
	      [
          { "item": "jl_ball1",
           "ammo-item": "SKJB", 
           "charges": 9 },         
          { "item": "wxkj_SKJB_card1",
           "ammo-item": "SKJB", 
           "charges": 500 }, 
          { 
          "item": "knife_hunting", 
		 
          "container-item": "sheath" } 
		  ]
  },
  {
    "type": "profession",
    "ident": "wxkj_mhjl_xrxls",
    "name": "新人训练师",
    "description": "少年，拿上你的精灵球，收服你的第一只精灵，开启的冒险之旅吧。",
    "points": 3,
    "traits": 
			[
             "FASTLEARNER"
			],
    "skills": [
     {"level": 4,"name": "survival"},	
	 {"level": 3,"name": "swimming"}
    ],
    "items": {
      "both": {
        "items": [
        "xrzds",
      	"army_top",
		"pants_army",
		"gloves_leather",
		"socks",
		"sneakers",
        "wxwb",
        "jacket_windbreaker",
        "survivormap",
        "hat_ball",
        "wxkj_book_jl"
        
        ],
   "male": [ "briefs" ],
   "female": [ "bra","halter_top","panties" ],
        "entries": [ { "group": "wxkj_mhjl_xrxls_group" } ]
      }
    },
    "flags": [ "SCEN_ONLY" ]
  }
  ]