[
   {
    "type" : "recipe",
    "result": "SKJB", 
	  	"result_mult": 5,
  "id_suffix": "from corpse",
		"category": "CC_无限商店",
		"subcategory": "CSC_无限商店_出售",
		"time": 100,
		"reversible": false,
		"autolearn": true,
		"skill_used": "WX_bug_skdh",
		"difficulty": 1,		
		"flags": ["BLIND_EASY"],
  "qualities": [ { "id": "INTERNET", "level": 1 } ],
  	"book_learn" : [ ["xrzds",3] ],
		"components": 
				[
	[	["corpse", 1 ]	]
   	]	
},
  {
    "result": "SKJB",
    "type": "recipe",
    "id_suffix": "from_parts",
    "//":"ID后缀 零件",
   	"result_mult": 2,
   	"category": "CC_无限商店",
  		"subcategory": "CSC_无限商店_出售",
		"time": 100,
		"reversible": false,
		"autolearn": true,
		"skill_used": "WX_bug_skdh",
		"difficulty": 1,				
		"flags": ["BLIND_EASY"],
  "qualities": [ { "id": "INTERNET", "level": 1 } ],
 	"book_learn" : [ ["xrzds",3] ],
  "components": 
    [
      [ [ "log", 1 ] ]  
    ]
  },
  {
    "result": "SKJB",
    "type": "recipe",
    "id_suffix": "repair",
    "//":"ID后缀 修理",
   	"result_mult": 5,
   	"category": "CC_无限商店",
  		"subcategory": "CSC_无限商店_出售",
		"time": 100,
		"reversible": false,
		"autolearn": true,
		"skill_used": "WX_bug_skdh",
		"difficulty": 1,				
		"flags": ["BLIND_EASY"],
  "qualities": [ { "id": "INTERNET", "level": 1 } ],
 	"book_learn" : [ ["xrzds",3] ],
  "components": 
    [
      [
       [ "wxkj_ore_Fe_1", 13 ],
       [ "wxkj_ore_Ti_1", 10 ],
       [ "wxkj_jade_small", 1 ]
       ]  
    ]
  }

  ]
	