[
  {
    "copy-from": "morb",
    "type": "TOOL_ARMOR",
    "id": "morb_arc_lesser",
    "name": "次级奥能法球",
    "description": "这颗奥术法球临时储存了一发【奥术闪电】，可用奥能充能。",
    "color": "pink",
    "covers": [ "HAND_EITHER" ],
    "flags": [ "LIGHT_5", "TRADER_AVOID", "PERSONAL", "NO_UNLOAD" ],
    "initial_charges": 5, "max_charges": 20, "charges_per_use": 5,
    "ammo": [ "arcane_en" ],
    "use_action": [ { "type": "cast_spell", "spell_id": "magus_mana_bolt", "no_fail": true, "level": 15, "need_worn": true } ]
  },
  {
    "copy-from": "morb",
    "type": "TOOL_ARMOR",
    "id": "morb_star_flutter",
    "name": "群星艾恩石·飞翼",
    "description": "一枚蕴藏星光的艾恩石，环绕身体缓缓公转。",
    "color": "white",
    "covers": [ "TORSO" ],
    "flags": [ "LIGHT_5", "TRADER_AVOID", "PERSONAL" ],
    "relic_data": { "passive_effects": [ { "has": "WORN", "condition": "ALWAYS", "hit_me_effect": [ { "id": "magus_star_flutter" } ] } ] }
  },
  {
    "id": "magus_star_flutter",
    "type": "SPELL",
    "name": "星界羽落术",
    "description": "只是群星艾恩石·飞翼的附带法术。",
    "valid_targets": [ "self" ],
    "effect": "target_attack", "effect_str": "star_flutter",
    "spell_class": "MAGUS", "difficulty": 1, "max_level": 1,
    "flags": [ "SOMATIC" ],
    "min_duration": 1000, "max_duration": 1000
  },
  {
    "copy-from": "morb",
    "type": "TOOL_ARMOR",
    "id": "morb_star_anti",
    "name": "群星艾恩石·抗拒",
    "description": "一枚蕴藏星光的艾恩石，环绕身体缓缓公转。",
    "color": "white",
    "covers": [ "TORSO" ],
    "flags": [ "LIGHT_5", "TRADER_AVOID", "PERSONAL" ],
    "relic_data": { "passive_effects": [ { "has": "WORN", "condition": "ALWAYS", "hit_me_effect": [ { "id": "anti_storm" } ] } ] }
  },
  {
    "id": "anti_storm",
    "type": "SPELL",
    "name": "抗拒之环",
    "description": "只是群星艾恩石·抗拒的附带法术。",
    "valid_targets": [ "hostile", "ally", "ground" ],
    "flags": [ "SOMATIC", "SILENT", "RANDOM_DAMAGE", "RANDOM_DURATION" ],
    "effect": "target_attack",
    "effect_str": "downed",
    "min_damage": 10, "max_damage": 30,
    "damage_type": "bash",
    "min_aoe": 2, "max_aoe": 2,
    "spell_class": "MAGUS",
    "difficulty": 1, "max_level": 1,
    "base_casting_time": 100,
    "min_duration": 200, "max_duration": 500
  },
  {
    "copy-from": "morb",
    "type": "TOOL_ARMOR",
    "id": "morb_star_comfort",
    "name": "群星艾恩石·抚慰",
    "description": "一枚蕴藏星光的艾恩石，环绕身体缓缓公转。",
    "color": "white",
    "covers": [ "TORSO" ],
    "flags": [ "LIGHT_5", "TRADER_AVOID", "PERSONAL" ],
    "relic_data": { "passive_effects": [ { "has": "WORN", "condition": "ALWAYS", "hit_me_effect": [ { "id": "light_healing" } ] } ] }
  },
  {
    "copy-from": "morb",
    "type": "TOOL_ARMOR",
    "id": "morb_star_equal",
    "name": "群星艾恩石·平等",
    "description": "一枚蕴藏星光的艾恩石，环绕身体缓缓公转。",
    "color": "white",
    "covers": [ "TORSO" ],
    "flags": [ "LIGHT_5", "TRADER_AVOID", "PERSONAL" ],
    "relic_data": { "passive_effects": [ { "has": "WORN", "condition": "ALWAYS", "hit_me_effect": [ { "id": "pain_split" } ] } ] }
  },
  {
    "copy-from": "morb",
    "type": "TOOL_ARMOR",
    "id": "morb_star_invisible",
    "name": "群星艾恩石·隐秘",
    "description": "一枚蕴藏星光的艾恩石，环绕身体缓缓公转。",
    "color": "white",
    "covers": [ "TORSO" ],
    "flags": [ "LIGHT_5", "TRADER_AVOID", "PERSONAL" ],
    "relic_data": { "passive_effects": [ { "has": "WORN", "condition": "ALWAYS", "hit_me_effect": [ { "id": "invisibility" } ] } ] }
  },
  {
    "copy-from": "morb",
    "type": "TOOL_ARMOR",
    "id": "morb_star_haste",
    "name": "群星艾恩石·旅者",
    "description": "一枚蕴藏星光的艾恩石，环绕身体缓缓公转。",
    "color": "white",
    "covers": [ "TORSO" ],
    "flags": [ "LIGHT_5", "TRADER_AVOID", "PERSONAL" ],
    "relic_data": { "passive_effects": [ { "has": "WORN", "condition": "ALWAYS", "hit_me_effect": [ { "id": "magus_haste" } ] } ] }
  },
  {
    "copy-from": "morb",
    "type": "TOOL_ARMOR",
    "id": "morb_star_escape",
    "name": "群星艾恩石·流浪",
    "description": "一枚蕴藏星光的艾恩石，环绕身体缓缓公转。",
    "color": "white",
    "covers": [ "TORSO" ],
    "flags": [ "LIGHT_5", "TRADER_AVOID", "PERSONAL" ],
    "relic_data": { "passive_effects": [ { "has": "WORN", "condition": "ALWAYS", "hit_me_effect": [ { "id": "magus_escape" } ] } ] }
  },
  {
    "copy-from": "morb",
    "type": "TOOL_ARMOR",
    "id": "morb_star_phase",
    "name": "群星艾恩石·闪烁",
    "description": "一枚蕴藏星光的艾恩石，环绕身体缓缓公转。",
    "color": "white",
    "covers": [ "TORSO" ],
    "flags": [ "LIGHT_5", "TRADER_AVOID", "PERSONAL" ],
    "relic_data": { "passive_effects": [ { "has": "WORN", "condition": "ALWAYS", "hit_me_effect": [ { "id": "phase_door" } ] } ] }
  },
  {
    "copy-from": "morb",
    "type": "TOOL_ARMOR",
    "id": "morb_star_int",
    "name": "群星艾恩石·睿智",
    "description": "一枚蕴藏星光的艾恩石，环绕身体缓缓公转。",
    "color": "white",
    "covers": [ "TORSO" ],
    "flags": [ "LIGHT_5", "TRADER_AVOID", "PERSONAL" ],
    "relic_data": { "passive_effects": [ { "has": "WORN", "condition": "ALWAYS", "hit_me_effect": [ { "id": "foxs_cunning" } ] } ] }
  },
  {
    "copy-from": "morb",
    "type": "TOOL_ARMOR",
    "id": "morb_star_str",
    "name": "群星艾恩石·英勇",
    "description": "一枚蕴藏星光的艾恩石，环绕身体缓缓公转。",
    "color": "white",
    "covers": [ "TORSO" ],
    "flags": [ "LIGHT_5", "TRADER_AVOID", "PERSONAL" ],
    "relic_data": { "passive_effects": [ { "has": "WORN", "condition": "ALWAYS", "hit_me_effect": [ { "id": "ogres_strength" } ] } ] }
  },
  {
    "copy-from": "morb",
    "type": "TOOL_ARMOR",
    "id": "morb_star_per",
    "name": "群星艾恩石·远见",
    "description": "一枚蕴藏星光的艾恩石，环绕身体缓缓公转。",
    "color": "white",
    "covers": [ "TORSO" ],
    "flags": [ "LIGHT_5", "TRADER_AVOID", "PERSONAL" ],
    "relic_data": { "passive_effects": [ { "has": "WORN", "condition": "ALWAYS", "hit_me_effect": [ { "id": "eagles_sight" } ] } ] }
  },
  {
    "copy-from": "morb",
    "type": "TOOL_ARMOR",
    "id": "morb_star_dex",
    "name": "群星艾恩石·优雅",
    "description": "一枚蕴藏星光的艾恩石，环绕身体缓缓公转。",
    "color": "white",
    "covers": [ "TORSO" ],
    "flags": [ "LIGHT_5", "TRADER_AVOID", "PERSONAL" ],
    "relic_data": { "passive_effects": [ { "has": "WORN", "condition": "ALWAYS", "hit_me_effect": [ { "id": "cats_grace" } ] } ] }
  },
  {
    "copy-from": "morb",
    "type": "TOOL_ARMOR",
    "id": "morb_colorful_finger",
    "name": "虹彩之指",
    "description": "多彩流光缠绕指间，其中蕴含的魔法元素称不上强力，但成分复杂，难以精细驾驭。",
    "color": "white",
    "covers": [ "HAND_EITHER" ],
    "flags": [ "LIGHT_5", "WATER_FRIENDLY", "ALLOWS_NATURAL_ATTACKS", "FANCY", "OVERSIZE", "PERSONAL", "TRADER_AVOID", "NO_TAKEOFF" ],
    "relic_data": { "passive_effects": [ { "has": "WORN", "condition": "ALWAYS", "hit_you_effect": [ { "id": "morb_colorful_finger_effect" } ] } ] }
  },
  {
    "id": "morb_colorful_finger_effect",
    "type": "SPELL",
    "name": "虹彩之指·效果",
    "description": "只是虹彩之指的附带法术。",
    "valid_targets": [ "self" ],
    "effect": "none",
    "spell_class": "MAGUS",
    "difficulty": 1,
    "base_casting_time": 100,
    "max_level": 1,
    "flags": [ "WONDER" ],
    "min_damage": 1,
    "max_damage": 1,
    "extra_effects": [
          { "id": "flamingslay" },
          { "id": "frost_spray" },
          { "id": "tech_space_boost" },
          { "id": "bio_acidicspray" },
          { "id": "biomancer_paralytic_dart" },
          { "id": "druid_moon_fire" },
          { "id": "druid_rootstrike" },
          { "id": "seismic_stomp" },
          { "id": "burning_hands" },
          { "id": "quickly_healing", "hit_self": true },
          { "id": "wind_blade" },
          { "id": "taze" }
       ]
  },
  {
    "type": "TOOL_ARMOR",
    "id": "star_of_Arvandor_head_in",
    "name": "阿梵多之星·内环星轨",
    "description": "璀璨的奥术流星，内核是一枚临时储存了【飞弹风暴】的艾恩石。装备它以便随时发射。",
    "weight": "4 g", "volume": 0,
    "price": 1,
    "material": [ "arcane_skin" ],
    "symbol": "*",
    "coverage": 0, "warmth": 0,
    "color": "white",
    "covers": [ "HEAD" ],
    "initial_charges": 2, "max_charges": 2, "charges_per_use": 1,
    "flags": [ "LIGHT_15", "OVERSIZE", "STURDY", "FANCY", "PERSONAL", "TRADER_AVOID", "NONCONDUCTIVE" ],
    "use_action": [
        { "type": "cast_spell", "spell_id": "magic_missile_storm", "no_fail": true, "level": 25, "need_worn": true },
        {"type": "transform", "target": "star_of_Arvandor_head_out", "menu_text": "变轨", "msg": "移星易宿。", "moves": 10 } ],
    "relic_data": { "passive_effects": [ { "has": "WORN", "condition": "ALWAYS", "values": [ { "value": "REGEN_MANA", "multiply": 1, "add": 50 } ] } ] }
  },
  {
    "type": "TOOL_ARMOR",
    "id": "star_of_Arvandor_head_out",
    "name": "阿梵多之星·外环星轨",
    "description": "璀璨的奥术流星，内核是一枚临时储存了【飞弹风暴】的艾恩石。装备它以便随时发射。",
    "weight": "4 g", "volume": 0,
    "price": 1,
    "material": [ "arcane_skin" ],
    "symbol": "*",
    "coverage": 0, "warmth": 0,
    "color": "white",
    "covers": [ "HEAD" ],
    "initial_charges": 2, "max_charges": 2, "charges_per_use": 1,
    "flags": [ "LIGHT_15", "OVERSIZE", "STURDY", "FANCY", "AURA", "TRADER_AVOID", "NONCONDUCTIVE" ],
    "use_action": [
        { "type": "cast_spell", "spell_id": "magic_missile_storm", "no_fail": true, "level": 25, "need_worn": true },
        {"type": "transform", "target": "star_of_Arvandor_arm_in", "menu_text": "变轨", "msg": "移星易宿。", "moves": 10 } ],
    "relic_data": { "passive_effects": [ { "has": "WORN", "condition": "ALWAYS", "values": [ { "value": "REGEN_MANA", "multiply": 1, "add": 50 } ] } ] }
  },
  {
    "type": "TOOL_ARMOR",
    "id": "star_of_Arvandor_arm_in",
    "name": "阿梵多之星·上环星轨",
    "description": "璀璨的奥术流星，内核是一枚临时储存了【飞弹风暴】的艾恩石。装备它以便随时发射。",
    "weight": "4 g", "volume": 0,
    "price": 1,
    "material": [ "arcane_skin" ],
    "symbol": "*",
    "coverage": 0, "warmth": 0,
    "color": "white",
    "covers": [ "ARM_EITHER" ],
    "initial_charges": 2, "max_charges": 2, "charges_per_use": 1,
    "flags": [ "LIGHT_15", "OVERSIZE", "STURDY", "FANCY", "PERSONAL", "TRADER_AVOID", "NONCONDUCTIVE" ],
    "use_action": [
        { "type": "cast_spell", "spell_id": "magic_missile_storm", "no_fail": true, "level": 25, "need_worn": true },
        {"type": "transform", "target": "star_of_Arvandor_arm_out", "menu_text": "变轨", "msg": "移星易宿。", "moves": 10 } ],
    "relic_data": { "passive_effects": [ { "has": "WORN", "condition": "ALWAYS", "values": [ { "value": "REGEN_MANA", "multiply": 1, "add": 50 } ] } ] }
  },
  {
    "type": "TOOL_ARMOR",
    "id": "star_of_Arvandor_arm_out",
    "name": "阿梵多之星·中环星轨",
    "description": "璀璨的奥术流星，内核是一枚临时储存了【飞弹风暴】的艾恩石。装备它以便随时发射。",
    "weight": "4 g", "volume": 0,
    "price": 1,
    "material": [ "arcane_skin" ],
    "symbol": "*",
    "coverage": 0, "warmth": 0,
    "color": "white",
    "covers": [ "ARM_EITHER" ],
    "initial_charges": 2, "max_charges": 2, "charges_per_use": 1,
    "flags": [ "LIGHT_15", "OVERSIZE", "STURDY", "FANCY", "AURA", "TRADER_AVOID", "NONCONDUCTIVE" ],
    "use_action": [
        { "type": "cast_spell", "spell_id": "magic_missile_storm", "no_fail": true, "level": 25, "need_worn": true },
        {"type": "transform", "target": "star_of_Arvandor_body", "menu_text": "变轨", "msg": "移星易宿。", "moves": 10 } ],
    "relic_data": { "passive_effects": [ { "has": "WORN", "condition": "ALWAYS", "values": [ { "value": "REGEN_MANA", "multiply": 1, "add": 50 } ] } ] }
  },
  {
    "type": "TOOL_ARMOR",
    "id": "star_of_Arvandor_body",
    "name": "阿梵多之星·下环星轨",
    "description": "璀璨的奥术流星，内核是一枚临时储存了【飞弹风暴】的艾恩石。装备它以便随时发射。",
    "weight": "4 g", "volume": 0,
    "price": 1,
    "material": [ "arcane_skin" ],
    "symbol": "*",
    "coverage": 0, "warmth": 0,
    "color": "white",
    "covers": [ "TORSO" ],
    "initial_charges": 2, "max_charges": 2, "charges_per_use": 1,
    "flags": [ "LIGHT_15", "OVERSIZE", "STURDY", "FANCY", "AURA", "TRADER_AVOID", "NONCONDUCTIVE" ],
    "use_action": [
        { "type": "cast_spell", "spell_id": "magic_missile_storm", "no_fail": true, "level": 25, "need_worn": true },
        {"type": "transform", "target": "star_of_Arvandor_head_in", "menu_text": "变轨", "msg": "移星易宿。", "moves": 10 } ],
    "relic_data": { "passive_effects": [ { "has": "WORN", "condition": "ALWAYS", "values": [ { "value": "REGEN_MANA", "multiply": 1, "add": 50 } ] } ] }
  },
  {
    "id": "arcane_torrent",
    "type": "ARMOR",
    "name": "以太环流",
    "description": "以太环绕奔流，你的魔力加快回复。",
    "weight": "1g",
    "volume": "1ml",
    "price": 1,
    "symbol": "o",
    "color": "white",
    "covers": [ "LEGS", "TORSO", "ARMS", "HANDS", "HEAD", "FEET", "MOUTH", "EYES" ],
    "flags": [ "AURA", "SEMITANGIBLE", "OVERSIZE", "ONLY_ONE", "TRADER_AVOID", "NO_TAKEOFF", "NONCONDUCTIVE" ],
    "relic_data": { "passive_effects": [ { "has": "WORN", "condition": "ALWAYS", "hit_me_effect": [ { "id": "arcane_torrent_effect" } ], "values": [ { "value": "REGEN_MANA", "multiply": 5 } ] } ] }
  },
  {
    "id": "arcane_torrent_effect",
    "type": "SPELL",
    "name": "以太环流·效果",
    "description": "只是以太环流的附带法术。",
    "valid_targets": [ "self" ],
    "effect": "none",
    "spell_class": "MAGUS",
    "difficulty": 1,
    "base_casting_time": 100,
    "max_level": 1,
    "flags": [ "WONDER" ],
    "min_damage": 1,
    "max_damage": 1,
    "extra_effects": [
          { "id": "arcane_torrent_effect1" }, { "id": "arcane_torrent_effect1" },
          { "id": "arcane_torrent_effect1" }, { "id": "arcane_torrent_effect1" },
          { "id": "arcane_torrent_effect1" }, { "id": "arcane_torrent_effect2" }
       ]
  },
  {
    "id": "arcane_torrent_effect1",
    "type": "SPELL",
    "name": "以太环流·效果1",
    "description": "只是以太环流·效果的附属法术。",
    "valid_targets": [ "self" ],
    "effect": "recover_energy",
    "effect_str": "MANA",
    "spell_class": "MAGUS",
    "difficulty": 1,
    "base_casting_time": 100,
    "max_level": 1,
    "flags": [ "SILENT", "RANDOM_DAMAGE" ],
    "min_damage": 1, "max_damage": 2,
    "message": "以太活跃。"
  },
  {
    "id": "arcane_torrent_effect2",
    "type": "SPELL",
    "name": "以太环流·效果2",
    "description": "只是以太环流·效果的附属法术。",
    "valid_targets": [ "self" ],
    "effect": "recover_energy",
    "effect_str": "MANA",
    "spell_class": "MAGUS",
    "difficulty": 1,
    "base_casting_time": 100,
    "max_level": 1,
    "flags": [ "SILENT", "RANDOM_DAMAGE" ],
    "min_damage": 20, "max_damage": 50,
    "message": "奥术充能。"
  }
]
