[
  {
    "id": "MG_light_sword",
    "type": "TOOL",
    "symbol": "/",
    "color": "light_blue",
    "name": "科魔之光",
    "description": "光剑是少年科幻的浪漫，魔法光剑魔法浪漫。“男人至死都是少年。”",
    "price": 1,
    "material": "steel",
    "flags": [ "DURABLE_MELEE", "TRADER_AVOID" ],
    "techniques": [ "WBLOCK_3" ],
    "weight": "800 g",
    "volume": "2 L",
    "bashing": 8,
    "cutting": 30,
    "to_hit": 2,
    "category": "weapons",
    "qualities": [ [ "CUT", 1 ] ],
    "relic_data": { "passive_effects": [ { "has": "WIELD", "condition": "ALWAYS", "hit_you_effect": [ { "id": "tech_space_boost" } ] } ] }
  },
  {
    "id": "tech_space_boost",
    "type": "SPELL",
    "name": "星河最速",
    "description": "只是科魔之光的附带法术。",
    "valid_targets": [ "hostile" ],
    "effect": "target_attack",
    "difficulty": 1, "max_level": 1,
    "min_damage": 0, "max_damage": 0,
    "base_casting_time": 100,
    "extra_effects": [ { "id": "tech_space_boost_side_effect", "hit_self": true } ]
  },
  {
    "id": "tech_space_boost_side_effect",
    "type": "SPELL",
    "name": "星河最速·加速",
    "description": "只是星河最速的附属法术。",
    "valid_targets": [ "self" ],
    "effect": "target_attack", "effect_str": "tech_boost",
    "difficulty": 1, "max_level": 1,
    "base_casting_time": 100,
    "min_duration": 1000, "max_duration": 1000
  },
  {
    "abstract": "morb",
    "type": "TOOL_ARMOR",
    "name": "法球模板",
    "description": "只是法球类装备的物品模板。",
    "weight": "4 g",
    "volume": 0,
    "price": 1,
    "material": [ "arcane_skin" ],
    "symbol": "o",
    "coverage": 0,
    "warmth": 0,
    "flags": [ "LIGHT_5", "WATER_FRIENDLY", "ALLOWS_NATURAL_ATTACKS", "FANCY", "ONLY_ONE", "OVERSIZE", "PERSONAL" ]
  },
  {
    "copy-from": "morb",
    "type": "TOOL_ARMOR",
    "id": "morb_coldjail",
    "name": "淬冷法球",
    "description": "天蓝色法球中似乎是一个微型传送门，已经充能完毕，可以激活。",
    "color": "cyan",
    "use_action": {
        "target": "coldjail_act",
        "msg": "你激活微型传送门。",
        "target_charges": 1200,
        "active": true,
        "menu_text": "激活",
        "type": "transform" }
  },
  {
    "type": "TOOL",
    "id": "coldjail_act",
    "name": "淬冷牢笼",
    "description": "“啊嚏！把这玩意儿~丢粗~客~”",
    "color": "cyan",
    "weight": "4 g",
    "volume": 0,
    "price": 1,
    "material": [ "arcane_skin" ],
    "symbol": "$",
    "flags": [ "LIGHT_10" ],
    "initial_charges": 1200,
    "max_charges": 1200,
    "turns_per_charge": 72,
    "revert_to": "Ds_dirtywords_note2",
    "emits": [ "emit_cold_Ds" ],
    "use_action":
       { "target": "Ds_dirtywords_note2",
         "msg": "淬冷牢笼消失了",
         "active": false,
         "menu_text": "解除",
         "type": "transform" }
  },
  {
    "type": "GENERIC",
    "id": "Ds_dirtywords_note2",
    "name": "论辩小纸条",
    "description": "纸条以语法生硬的英语赞许对方法术造诣堪比大不列颠名菜。",
    "weight": "1 g",
    "volume": "1 ml",
    "price": 1,
    "material": [ "paper" ],
    "symbol": "?",
    "color": "white"
  },
  {
    "copy-from": "morb",
    "type": "TOOL_ARMOR",
    "id": "morb_coldness",
    "name": "北风艾恩石",
    "description": "这颗蓝色艾恩石悬浮在你脑袋附近，就像月亮绕着地球公转。“这枚符文是啥？”",
    "color": "blue",
    "covers": [ "HEAD" ],
    "use_action": {
        "target": "morb_coldness_coldair",
        "msg": "你激活艾恩石的冷凝符文。",
        "target_charges": 100,
        "active": true,
        "menu_text": "冷凝符文",
        "type": "transform" }
  },
  {
    "copy-from": "morb",
    "type": "TOOL_ARMOR",
    "id": "morb_coldness_coldair",
    "name": "北风艾恩石·冷凝",
    "description": "艾恩石洒落冰凉气流。“这枚符文又是啥？”",
    "color": "blue",
    "covers": [ "HEAD" ],
    "initial_charges": 100,
    "max_charges": 100,
    "turns_per_charge": 72,
    "revert_to": "Kl_dirtywords_note",
    "emits": [ "emit_cold_air3_morb" ],
    "use_action":
       { "target": "morb_coldness_greater",
         "msg": "你激活艾恩石的深寒符文。",
         "active": true,
         "menu_text": "深寒符文",
         "type": "transform" }
  },
  {
    "copy-from": "morb",
    "type": "TOOL_ARMOR",
    "id": "morb_coldness_greater",
    "name": "北风艾恩石·深寒",
    "description": "艾恩石洒落的气息愈发冰寒，你感觉自己已进入贤者状态。",
    "color": "blue",
    "covers": [ "HEAD" ],
    "initial_charges": 100,
    "max_charges": 100,
    "turns_per_charge": 72,
    "revert_to": "Kl_dirtywords_note",
    "emits": [ "emit_cold_air3_morb_greater" ]
  },
  {
    "type": "GENERIC",
    "id": "Kl_dirtywords_note",
    "name": "论辩小纸条",
    "description": "纸条用某种凯尔特语委婉地问候论辩对手全家，并在结尾诚挚邀请对方以皇家卫队身份参加老佛爷的200岁生辰典礼。",
    "weight": "1 g",
    "volume": "1 ml",
    "price": 1,
    "material": [ "paper" ],
    "symbol": "?",
    "color": "white"
  },
  {
    "type": "GENERIC",
    "id": "Kl_dirtywords_note2",
    "name": "论辩小纸条",
    "description": "一首十四行诗，大致内容是把异界来客比作法国佬。",
    "weight": "1 g",
    "volume": "1 ml",
    "price": 1,
    "material": [ "paper" ],
    "symbol": "?",
    "color": "white"
  },
  {
    "copy-from": "morb",
    "type": "TOOL_ARMOR",
    "id": "morb_warmth",
    "name": "暖气法珠",
    "description": "这颗漂亮的火红法珠围绕手腕缓缓旋转。“这枚符文是啥？”",
    "color": "red",
    "covers": [ "HAND_EITHER" ],
    "use_action": {
        "target": "morb_warmth_hotair",
        "msg": "你激活法珠表面的热流符文。",
        "target_charges": 100,
        "active": true,
        "menu_text": "热流符文",
        "type": "transform" }
  },
  {
    "copy-from": "morb",
    "type": "TOOL_ARMOR",
    "id": "morb_warmth_hotair",
    "name": "暖气法珠·热流",
    "description": "法珠喷射燠热气流。“这枚符文又是啥？”",
    "color": "red",
    "covers": [ "HAND_EITHER" ],
    "initial_charges": 100,
    "max_charges": 100,
    "turns_per_charge": 72,
    "revert_to": "Ds_dirtywords_note",
    "emits": [ "emit_hot_air3_morb" ],
    "use_action": [
       { "type": "firestarter", "moves": 20 },
       { "target": "morb_warmth_act",
         "msg": "你激活法珠表面的爆裂符文。",
         "target_charges": 10,
         "active": true,
         "menu_text": "爆裂符文",
         "type": "transform" } ]
  },
  {
    "type": "GENERIC",
    "id": "Ds_dirtywords_note",
    "name": "论辩小纸条",
    "description": "小纸条上的文字你从未见过，估计是一些异界粗口。",
    "weight": "1 g",
    "volume": "1 ml",
    "price": 1,
    "material": [ "paper" ],
    "symbol": "?",
    "color": "white"
  },
  {
    "copy-from": "morb",
    "type": "TOOL_ARMOR",
    "id": "morb_warmth_act",
    "name": "暖气法珠·爆裂",
    "description": "法珠看上去极不稳定，仿佛10秒之内就要展现艺术真谛。",
    "color": "red",
    "covers": [ "HAND_EITHER" ],
    "initial_charges": 10,
    "max_charges": 10,
    "turns_per_charge": 1,
    "use_action": [ "GRENADE_INC_ACT" ],
    "flags": [ "BOMB" ]
  },
  {
    "id": "rune_natural_boat",
    "type": "TOOL",
    "symbol": "=",
    "color": "green",
    "name": "木筏符文",
    "description": "这枚符文被雕刻成一只微型木筏。亲近自然之力的施法者才能妥善运用它。",
    "volume": "5ml",
    "weight": "1 g",
    "material": "wood",
    "flags": [ "TRADER_AVOID" ],
    "use_action": {
        "type": "unfold_vehicle",
        "vehicle_name": "inflatable_natural_boat",
        "tools_needed": { "rune_druid": 1 },
        "unfold_msg": "你激活 %s。",
        "moves": 15000
    }
  },
  {
    "id": "recovery_wind",
    "type": "ARMOR",
    "name": "复苏之风",
    "description": "一股柔和的天界之风。",
    "weight": "1g",
    "volume": "1ml",
    "price": 3646,
    "symbol": "o",
    "color": "yellow",
    "covers": [ "LEGS", "TORSO", "ARMS", "HANDS", "HEAD", "FEET", "MOUTH", "EYES" ],
    "flags": [ "AURA", "SEMITANGIBLE", "OVERSIZE", "ONLY_ONE", "TRADER_AVOID", "NO_TAKEOFF", "NONCONDUCTIVE" ],
    "relic_data": {
      "passive_effects": [ { "has": "WORN", "condition": "ALWAYS", "values": [ { "value": "REGEN_STAMINA", "multiply": 4 } ] } ]
    }
  },
  {
    "id": "arcane_torrent",
    "type": "ARMOR",
    "name": "以太环流",
    "description": "以太环绕奔流，你的精神力量飞速回复。",
    "weight": "1g",
    "volume": "1ml",
    "price": 3646,
    "symbol": "o",
    "color": "white",
    "covers": [ "LEGS", "TORSO", "ARMS", "HANDS", "HEAD", "FEET", "MOUTH", "EYES" ],
    "flags": [ "AURA", "SEMITANGIBLE", "OVERSIZE", "ONLY_ONE", "TRADER_AVOID", "NO_TAKEOFF", "NONCONDUCTIVE" ],
    "relic_data": {
      "passive_effects": [ { "has": "WORN", "condition": "ALWAYS", "values": [ { "value": "REGEN_MANA", "multiply": 4 } ] } ]
    }
  },
  {
    "id": "hiding_robe",
    "type": "ARMOR",
    "category": "armor",
    "name": "避隐之袍",
    "description": "长路漫漫，磕磕绊绊。",
    "weight": "1000 g",
    "volume": "17500 ml",
    "to_hit": -5,
    "bashing": 8,
    "material": [ "fur" ],
    "symbol": "[",
    "looks_like": "robe",
    "color": "brown",
    "covers": [ "TORSO", "LEGS", "ARMS" ],
    "coverage": 95,
    "encumbrance": 50,
    "warmth": 20,
    "material_thickness": 1,
    "flags": [ "VARSIZE", "OUTER", "STURDY", "ONLY_ONE", "TRADER_AVOID" ],
    "artifact_data" : { "effects_worn": [ "AEP_INVISIBLE" ] }
  },
  {
    "id": "ethereal_cot",
    "type": "TOOL",
    "name": "旅法师的寝具",
    "description": "除了散发微光、更加轻盈，看上去和普通的行军床别无二致。展开后就不必担心它消失，再次收起时会化为流砂。",
    "weight": "61g",
    "volume": "1 L",
    "to_hit": -1,
    "bashing": 6,
    "material": [ "aluminum", "cotton" ],
    "symbol": ";",
    "color": "green",
    "flags": [ "LIGHT_5", "TRADER_AVOID" ],
    "use_action": {
      "type": "place_trap",
      "allow_under_player": true,
      "trap": "tr_ethereal_cot",
      "moves": 100,
      "practice": 0,
      "done_message": "你轻轻展开寝具。"
    }
  },
  {
    "id": "ethereal_sleep_suit",
    "type": "ARMOR",
    "name": "旅法师睡衣",
    "description": "睡觉专用，穿着它出门冬猎可不是好主意。",
    "weight": "1g",
    "volume": "1ml",
    "material": [ "fur" ],
    "price": 0,
    "symbol": "o",
    "color": "brown",
    "covers": [ "LEGS", "TORSO", "ARMS", "HANDS", "HEAD", "FEET", "MOUTH", "EYES" ],
    "flags": [ "AURA", "SEMITANGIBLE", "OVERSIZE", "ONLY_ONE", "TRADER_AVOID", "NONCONDUCTIVE" ],
    "coverage": 100,
    "encumbrance": 90,
    "warmth": 50,
    "material_thickness": 1,
    "environmental_protection": 0
  },
  {
    "id": "ethereal_large_tent_kit",
    "type": "TOOL",
    "name": "旅法师营帐",
    "description": "看上去是加了点星光特效的普通大帐篷，却格外轻盈。一旦撑开就不会消失，然而再次收起时只能获得凡物。",
    "weight": "2 g",
    "volume": "10 L",
    "to_hit": -3,
    "bashing": 6,
    "material": [ "plastic", "aluminum" ],
    "symbol": ";",
    "color": "green",
    "flags": [ "LIGHT_10", "TRADER_AVOID" ],
    "use_action": {
      "type": "deploy_tent",
      "radius": 2,
      "wall": "f_large_canvas_wall",
      "floor": "f_large_groundsheet",
      "floor_center": "f_ethereal_center_groundsheet",
      "door_opened": "f_large_canvas_door_o",
      "door_closed": "f_large_canvas_door"
    }
  },
  {
    "type": "CONTAINER",
    "id": "ethereal_teapot",
    "name": "旅法师茶壶",
    "symbol": "o",
    "contains": 1,
    "description": "看似加了星光特效的小茶壶，激活获得法师茶饮。",
    "flags": [ "LIGHT_5", "TRADER_AVOID" ],
    "use_action": {
        "target": "mage_tea",
        "msg": "半壶法师茶饮，清香四溢。",
        "container": "clay_teapot",
        "target_charges": 2,
        "moves": 50,
        "type": "transform" }
  },
  {
    "id": "Syllabear_surface",
    "type": "TOOL_ARMOR",
    "name": "熊人形态",
    "description": "你像一只超大号泰迪熊在林间闲逛。",
    "weight": "1g",
    "volume": "1ml",
    "material": [ "leather", "fur" ],
    "price": 0,
    "symbol": "o",
    "color": "brown",
    "covers": [ "LEGS", "TORSO", "ARMS", "HANDS", "HEAD", "FEET", "MOUTH", "EYES" ],
    "flags": [ "AURA", "SEMITANGIBLE", "OVERSIZE", "RAINPROOF", "ONLY_ONE", "TRADER_AVOID", "NO_TAKEOFF", "NONCONDUCTIVE" ],
    "coverage": 100,
    "encumbrance": 10,
    "warmth": 30,
     "material_thickness": 3,
    "environmental_protection": 8,
    "initial_charges": 6,
    "max_charges": 6,
    "charges_per_use": 1,
    "artifact_data": { "charge_type": "ARTC_SOLAR" },
    "relic_data": { "passive_effects": [ { "has": "WORN", "condition": "ALWAYS", "values": [ { "value": "STRENGTH", "add": 2 }, { "value": "MOVE_COST", "add": 10 } ] } ] },
    "use_action": [ { "type": "cast_spell", "spell_id": "druid_rootstrike", "no_fail": true, "level": 10, "need_worn": true },
                            { "type": "transform", "target": "bloody_bear_surface", "msg": "咆哮声中，你变得更加狂暴。", "moves": 500 } ]
  },
  {
    "id": "bloody_bear_surface",
    "type": "TOOL_ARMOR",
    "name": "血熊形态",
    "description": "变形术有问题！这回你真的是“恐 怖 威 熊”啦，该死的深渊气息！这个变形状态下你的战斗力大大提升，但为此付出的代价也不低。",
    "weight": "1g",
    "volume": "1ml",
    "material": [ "leather", "fur", "demon_chitin" ],
    "price": 0,
    "symbol": "o",
    "color": "red",
    "covers": [ "LEGS", "TORSO", "ARMS", "HANDS", "HEAD", "FEET", "MOUTH", "EYES" ],
    "flags": [ "AURA", "SEMITANGIBLE", "OVERSIZE", "RAINPROOF", "ONLY_ONE", "TRADER_AVOID", "NO_TAKEOFF", "NONCONDUCTIVE" ],
    "coverage": 100,
    "encumbrance": 5,
    "warmth": 30,
     "material_thickness": 4,
    "environmental_protection": 10,
    "initial_charges": 6,
    "max_charges": 6,
    "charges_per_use": 2,
    "artifact_data": { "effects_worn": ["AEP_SAP_LIFE", "AEP_EVIL", "AEP_ATTENTION", "AEP_HUNGER",  "AEP_THIRST", "AEP_STR_UP", "AEP_INT_DOWN", "AEP_PER_DOWN"], "charge_type": "ARTC_PAIN" },
    "use_action": [ { "type": "cast_spell", "spell_id": "summon_bloody_bear_claw", "no_fail": true, "level": 1, "need_worn": true },
                            { "type": "transform", "target": "Syllabear_surface", "msg": "你艰难地变回泰迪熊。", "moves": 50000 } ]
  },
  {
    "id": "bloody_bear_claw",
    "type": "TOOL",
    "name": "血熊之爪",
    "description": "大地与深渊的力量交缠在这对巨掌上。",
    "weight": "1500 g",
    "volume": "500 ml",
    "price": 1,
    "to_hit": 2,
    "bashing": 29,
    "material": [ "bone", "fur", "demon_chitin" ],
    "symbol": "[",
    "color": "red",
    "flags": [ "NO_UNWEILD", "UNARMED_WEAPON", "DURABLE_MELEE", "MAGIC_FOCUS", "ONLY_ONE", "TRADER_AVOID" ],
    "techniques": [ "seismic_wave", "WBLOCK_2" ],
    "initial_charges": 6,
    "max_charges": 6,
    "charges_per_use": 1,
    "artifact_data": { "effects_activated": ["AEA_PULSE"], "effects_wielded": ["AEP_SPEED_UP"], "charge_type": "ARTC_PAIN" },
    "relic_data": { "passive_effects": [ { "has": "WIELD", "condition": "ALWAYS", "hit_you_effect": [ { "id": "burning_hands" } ] } ] },
    "use_action": "ARTIFACT"
  },
  {
    "id": "Werewolf_surface",
    "type": "TOOL_ARMOR",
    "name": "狼人形态",
    "description": "你变得毛茸茸，更加矫健灵巧，行动之间月力涌动。",
    "weight": "1g",
    "volume": "1ml",
    "material": [ "leather", "fur" ],
    "price": 0,
    "symbol": "o",
    "color": "light_gray",
    "covers": [ "LEGS", "TORSO", "ARMS", "HANDS", "HEAD", "FEET", "MOUTH", "EYES" ],
    "flags": [ "AURA", "SEMITANGIBLE", "OVERSIZE", "RAINPROOF", "ONLY_ONE", "TRADER_AVOID", "NO_TAKEOFF", "NONCONDUCTIVE" ],
    "coverage": 100,
    "encumbrance": 0,
    "warmth": 10,
    "environmental_protection": 5,
    "initial_charges": 2,
    "max_charges": 2,
    "charges_per_use": 1,
    "artifact_data": { "effects_worn": ["AEP_STEALTH"], "charge_type": "ARTC_TIME" },
    "relic_data": { "passive_effects": [ { "has": "WORN", "condition": "ALWAYS", "values": [ { "value": "STRENGTH", "add": 1 }, { "value": "DEXTERITY", "add": 1 }, { "value": "BONUS_DODGE", "add": 1 } ] } ] },
    "use_action": { "type": "cast_spell", "spell_id": "summon_werewolf_claw", "no_fail": true, "level": 1, "need_worn": true }
  },
  {
    "id": "werewolf_claw",
    "type": "TOOL",
    "name": "月爪",
    "description": "你的双手化作狼爪，皎白月火萦绕爪尖。",
    "weight": "1 g",
    "volume": "200 ml",
    "price": 1,
    "to_hit": 2,
    "cutting": 25,
    "material": [ "bone", "fur" ],
    "symbol": "[",
    "color": "white",
    "flags": [ "NO_UNWEILD", "STAB", "UNARMED_WEAPON", "DURABLE_MELEE", "MAGIC_FOCUS", "ONLY_ONE", "TRADER_AVOID" ],
    "techniques": [ "wolf_bite", "WBLOCK_2" ],
    "artifact_data": { "effects_wielded": ["AEP_STEALTH"] },
    "relic_data": { "passive_effects": [ { "has": "WIELD", "condition": "ALWAYS",
"values": [ { "value": "MOVE_COST", "add": -10 } ], "hit_you_effect": [ { "id": "druid_moon_fire" } ] } ] }
  },
  {
    "id": "Moonkin_surface",
    "type": "ARMOR",
    "name": "枭兽形态",
    "description": "变成一只身披毛羽的枭兽，自然之力对你更加亲切了。",
    "weight": "1g",
    "volume": "1ml",
    "material": [ "leather", "fur" ],
    "price": 0,
    "symbol": "o",
    "color": "brown",
    "covers": [ "LEGS", "TORSO", "ARMS", "HANDS", "HEAD", "FEET", "MOUTH", "EYES" ],
    "flags": [ "AURA", "SEMITANGIBLE", "OVERSIZE", "RAINPROOF", "ONLY_ONE", "TRADER_AVOID", "NO_TAKEOFF", "NONCONDUCTIVE" ],
    "coverage": 100,
    "encumbrance": 0,
    "warmth": 5,
    "environmental_protection": 5,
    "relic_data": { "passive_effects": [ { "has": "WORN", "condition": "ALWAYS", "values": [ { "value": "REGEN_MANA", "multiply": 2 }, { "value": "MAX_MANA", "multiply": 0.1, "add": 500 } ] } ] },
    "use_action": { "type": "cast_spell", "spell_id": "druid_Moonkin_flutter", "no_fail": true, "level": 1, "need_worn": true }
  },
  {
    "id": "storm_sceptre_projection",
    "copy-from": "i_staff",
    "type": "TOOL",
    "name": "投影·风暴权杖",
    "description": "自然大道万千，你选择风暴之路。“风在吼，树在啸，自然在咆哮。执此杖者身居中路掌握雷霆。”但手头这根只是权杖的投影。",
    "price": 160000,
    "material": [ "wood", "leather", "gold", "orichalcum_metal" ],
    "initial_charges": 3,
    "max_charges": 3,
    "charges_per_use": 1,
    "artifact_data": { "charge_type": "ARTC_SOLAR" },
    "flags": [ "MAGIC_FOCUS", "TRADER_AVOID", "HYGROMETER", "BAROMETER" ],
    "techniques": [ "WBLOCK_2" ],
    "weight": "1500 g",
    "bashing": 25,
    "use_action": [ { "type": "cast_spell", "spell_id": "lightning_blast", "no_fail": true, "level": 15, "need_wielding": true }, "WEATHER_TOOL" ],
    "relic_data": { "passive_effects": [ { "has": "WIELD", "condition": "ALWAYS", "hit_you_effect": [ { "id": "jolt" } ] } ] }
  },
  {
    "id": "protect_elec",
    "type": "ARMOR",
    "name": "避电光环",
    "description": "灵感来自法拉第大师，短时间内提供堪比高级闪电护腕的加护。“富兰克林！把风筝收起来！”",
    "weight": "1g",
    "volume": "1ml",
    "price": 3646,
    "symbol": "o",
    "color": "light_blue",
    "covers": [
        "LEGS",
        "TORSO",
        "ARMS",
        "HANDS",
        "HEAD",
        "FEET",
        "MOUTH",
        "EYES"
    ],
    "flags": [ "AURA", "SEMITANGIBLE", "OVERSIZE", "ONLY_ONE", "TRADER_AVOID", "NO_TAKEOFF", "NONCONDUCTIVE" ],
    "relic_data": { "passive_effects": [ { "has": "WORN", "condition": "ALWAYS", "values": [ { "value": "ARMOR_ELEC", "add": -10 } ] } ] }
  },
  {
    "id": "protect_env",
    "type": "ARMOR",
    "name": "保护光环",
    "description": "这道无形的光环为你提供环境防护。上至传奇下至菜鸟，用过都说好。",
    "weight": "1g",
    "volume": "1ml",
    "price": 3646,
    "symbol": "o",
    "color": "blue",
    "environmental_protection": 15,
    "covers": [
        "LEGS",
        "TORSO",
        "ARMS",
        "HANDS",
        "HEAD",
        "FEET",
        "MOUTH",
        "EYES"
    ],
    "flags": [ "AURA", "SEMITANGIBLE", "OVERSIZE", "ONLY_ONE", "TRADER_AVOID", "NO_TAKEOFF", "NONCONDUCTIVE" ]
  },
  {
    "id": "stonefist",
    "type": "TOOL",
    "category": "weapons",
    "name": "pair of magical armored stone gauntlets",
    "name_plural": "pairs of armored gauntlets",
    "description": "A magical flexible stonelike substance for protection and attack.",
    "weight": "1 g",
    "volume": "250 ml",
    "price": 1,
    "to_hit": 2,
    "bashing": 20,
    "material": [ "superalloy" ],
    "symbol": "[",
    "color": "light_gray",
    "qualities": [ [ "HAMMER", 1 ] ],
    "flags": [ "STURDY", "UNARMED_WEAPON", "DURABLE_MELEE", "NONCONDUCTIVE", "MAGIC_FOCUS" ],
    "techniques": [ "WBLOCK_3" ],
    "use_action": [ { "type": "transform", "target": "armor_stonefist", "msg": "转攻为守。", "moves": 200 } ]
  },
  {
    "id": "finger_firelighter",
    "type": "TOOL",
    "name": "finger firelighter",
    "description": "This is a small flame you can hold in your hand.  With a thought, you can cause it to light something on fire.",
    "weight": "1 g",
    "volume": "1 ml",
    "price": 0,
    "symbol": ",",
    "color": "yellow",
    "use_action": [ { "type": "firestarter", "moves": 20 } ],
    "flags": [ "TRADER_AVOID", "FIRESTARTER", "FIRE", "LIGHT_8", "FLAMING", "WATER_EXTINGUISH" ]
  },
  {
    "id": "armor_stonefist",
    "type": "TOOL_ARMOR",
    "category": "armor",
    "name": "pair of magical armored stone gauntlets",
    "name_plural": "pairs of armored gauntlets",
    "description": "A magical flexible stonelike substance for protection and attack.",
    "weight": "1 g",
    "volume": "250 ml",
    "price": 1,
    "material": [ "superalloy" ],
    "symbol": "[",
    "color": "light_gray",
    "covers": [ "HANDS", "ARMS" ],
    "coverage": 100,
    "encumbrance": 0,
    "warmth": 20,
    "material_thickness": 4,
    "environmental_protection": 10,
    "flags": [ "STURDY", "NONCONDUCTIVE" ],
    "use_action": [ { "type": "transform", "target": "stonefist", "msg": "转守为攻。", "moves": 200 } ]
  },
  {
    "id": "magic_lamp",
    "type": "ARMOR",
    "category": "tools",
    "name": "magic lamp",
    "description": "a magical light source that will light up a small area.",
    "weight": "1 g",
    "volume": "250 ml",
    "price": 1,
    "to_hit": -2,
    "bashing": 8,
    "symbol": ",",
    "color": "light_green",
    "covers": [ "HEAD" ],
    "flags": [ "LIGHT_15", "LEAK_DAM", "AURA", "SEMITANGIBLE" ]
  },
  {
    "id": "magic_light",
    "type": "ARMOR",
    "category": "tools",
    "name": "magic light",
    "description": "A small magical light that you can read by.",
    "weight": 0,
    "volume": 0,
    "price": 0,
    "symbol": ",",
    "color": "light_green",
    "covers": [ "HEAD" ],
    "flags": [ "LIGHT_5", "LEAK_DAM", "AURA", "SEMITANGIBLE" ]
  },
  {
    "id": "shield_ice",
    "type": "ARMOR",
    "name": { "str": "large shield of magical ice", "str_pl": "large shields of magical ice" },
    "category": "armor",
    "description": "A lightweight but tough shield crafted entirely of magical ice.",
    "weight": "1 kg",
    "volume": "5 L",
    "price": 1,
    "to_hit": 1,
    "bashing": 14,
    "material": [ "steel" ],
    "symbol": "[",
    "color": "light_gray",
    "covers": [ "ARM_EITHER", "HAND_EITHER" ],
    "coverage": 70,
    "encumbrance": 15,
    "material_thickness": 3,
    "techniques": [ "WBLOCK_3" ],
    "flags": [ "OVERSIZE", "BELTED", "RESTRICT_HANDS", "BLOCK_WHILE_WORN" ]
  },
  {
    "id": "ice_gliders",
    "type": "ARMOR",
    "name": "pair of slick icy coatings on your feet",
    "name_plural": "slick icy coatings",
    "description": "A magical slick icy coating on your feet.  While quite fast on flat floors, they make it difficult to move on rough terrain.",
    "weight": "1 g",
    "volume": "250 ml",
    "price": 1,
    "to_hit": -2,
    "bashing": 6,
    "material": [ "steel" ],
    "symbol": "[",
    "color": "brown",
    "covers": [ "FEET" ],
    "coverage": 100,
    "encumbrance": 0,
    "warmth": 30,
    "material_thickness": 3,
    "environmental_protection": 2,
    "relic_data": { "passive_effects": [ { "has": "WORN", "condition": "ALWAYS", "values": [ { "value": "MOVE_COST", "add": -5 } ] } ] },
    "flags": [ "WATERPROOF", "ROLLER_QUAD", "BELTED" ]
  },
  {
    "type": "GENERIC",
    "id": "stormhammer",
    "name": "The Stormhammer",
    "description": "A crackling magical warhammer full of lightning to smite your foes with, and of course, smash things to bits!",
    "weight": "1337 g",
    "to_hit": 2,
    "color": "brown",
    "symbol": "/",
    "material": [ "superalloy" ],
    "techniques": [ "WBLOCK_2", "BRUTAL", "SWEEP" ],
    "flags": [
      "NONCONDUCTIVE",
      "BELT_CLIP",
      "LIGHT_15",
      "TRADER_AVOID",
      "UNBREAKABLE_MELEE",
      "NO_REPAIR",
      "NO_SALVAGE",
      "MAGIC_FOCUS"
    ],
    "volume": "1250 ml",
    "bashing": 30,
    "//electric": 15,
    "price": 0,
    "qualities": [ [ "HAMMER", 1 ] ]
  },
  {
    "id": "stormfist",
    "type": "SPELL",
    "name": "Stormfist",
    "description": "Encases your arm and hand in a sheath of crackling magical lightning, you can punch and defend yourself with it in melee combat.",
    "valid_targets": [ "self" ],
    "min_damage": 0,
    "max_damage": 0,
    "effect": "spawn_item",
    "effect_str": "stormglove",
    "energy_source": "MANA",
    "difficulty": 2,
    "max_level": 20,
    "base_casting_time": 200,
    "base_energy_cost": 100,
    "min_duration": 10000,
    "max_duration": 100000,
    "duration_increment": 2000
  },
  {
    "type": "GENERIC",
    "id": "stormglove",
    "symbol": "3",
    "color": "light_gray",
    "name": "Stormfist",
    "name_plural": "Stormfists",
    "description": "Encases your arm and hand in a sheath of crackling magical lightning, you can punch and defend yourself with it in melee combat.",
    "material": [ "superalloy" ],
    "volume": "250 ml",
    "weight": "1 g",
    "bashing": 10,
    "//electric": 15,
    "flags": [
      "UNARMED_WEAPON",
      "UNBREAKABLE_MELEE",
      "NONCONDUCTIVE",
      "LIGHT_5",
      "TRADER_AVOID",
      "NO_REPAIR",
      "NO_SALVAGE",
      "MAGIC_FOCUS"
    ]
  },
  {
    "id": "tentacle_whip",
    "type": "GENERIC",
    "symbol": "/",
    "color": "brown",
    "name": "vicious tentacle whip",
    "description": "A long, writhing, tentacle covered in sharp bonelike blades and spikey protrusions.",
    "weight": "2460 g",
    "volume": "1500 ml",
    "material": [ "iron", "leather" ],
    "techniques": [ "PRECISE", "RAPID", "WBLOCK_2" ],
    "flags": [
      "REACH_ATTACK",
      "REACH3",
      "WHIP",
      "STURDY",
      "TRADER_AVOID",
      "UNARMED_WEAPON",
      "UNBREAKABLE_MELEE",
      "NO_REPAIR",
      "NO_SALVAGE",
      "MAGIC_FOCUS"
    ],
    "cutting": 30,
    "category": "weapons"
  },
  {
    "id": "fleshpouch",
    "type": "ARMOR",
    "name": "flesh pouch",
    "name_plural": "flesh pouches",
    "description": "A large pouch of tough flesh on your back, filled with tiny tentacles that grasp and hold anything you place inside.  It shifts and adjusts itself to minimize encumbrance.",
    "weight": 0,
    "volume": 0,
    "price": 0,
    "material": [ "flesh" ],
    "symbol": "[",
    "color": "green",
    "covers": [ "TORSO" ],
    "coverage": 40,
    "encumbrance": 10,
    "storage": "25 L",
    "material_thickness": 3,
    "flags": [ "BELTED", "TRADER_AVOID", "WATERPROOF", "STURDY", "NO_UNWIELD", "ONLY_ONE", "NO_REPAIR", "NO_SALVAGE" ]
  },
  {
    "id": "bonespear",
    "type": "GENERIC",
    "symbol": "/",
    "color": "light_gray",
    "name": "Wicked Bonespear",
    "description": "This is a wicked spear/halberd hybrid entirely created of bone.",
    "material": [ "bone" ],
    "flags": [
      "UNBREAKABLE_MELEE",
      "REACH_ATTACK",
      "SPEAR",
      "REACH2",
      "NONCONDUCTIVE",
      "SHEATH_SPEAR",
      "ONLY_ONE",
      "NO_REPAIR",
      "NO_SALVAGE",
      "MAGIC_FOCUS"
    ],
    "techniques": [ "WBLOCK_2", "WIDE", "SWEEP", "BRUTAL" ],
    "weight": "2175 g",
    "volume": "2500 ml",
    "bashing": 16,
    "cutting": 36,
    "to_hit": 2
  },
  {
    "id": "druid_recurve",
    "type": "GUN",
    "symbol": "(",
    "color": "yellow",
    "looks_like": "recurbow",
    "name": "Woodbow",
    "description": "A magically conjured ornate recurve bow of solid flexible wood.  A matching conjured wooden arrow appears when you draw the string back for firing.",
    "material": [ "wood" ],
    "flags": [
      "FIRE_TWOHAND",
      "PRIMITIVE_RANGED_WEAPON",
      "BELTED",
      "UNBREAKABLE_MELEE",
      "NONCONDUCTIVE",
      "ONLY_ONE",
      "NO_REPAIR",
      "NO_SALVAGE",
      "NO_UNLOAD",
      "NO_AMMO"
    ],
    "skill": "archery",
    "min_strength": 5,
    "weight": "540 g",
    "volume": "2500 ml",
    "bashing": 16,
    "to_hit": 1,
    "reload_noise_volume": 2,
    "loudness": 2,
    "ranged_damage": 17,
    "range": 15,
    "dispersion": 120,
    "durability": 8
  },
  {
    "type": "TOOL",
    "id": "druid_seed",
    "name": { "str": "seed of purification", "str_pl": "seeds of purification" },
    "weight": "1 g",
    "color": "white",
    "use_action": {
      "type": "transform",
      "target": "druid_dust",
      "msg": "You squeeze the seed in your palm, and it begins to turn to a fine dust.",
      "target_charges": 15,
      "menu_text": "Squeeze seed"
    },
    "symbol": "!",
    "description": "A magical seed that can be squeezed to release purifying dust, which can then be used to purify up to a gallon of water",
    "volume": "250 ml",
    "flags": [ "TRADER_AVOID" ]
  },
  {
    "id": "druid_dust",
    "type": "TOOL",
    "name": "faintly glowing dust",
    "description": "This fine dust glows with a growing intensity",
    "weight": "1 g",
    "volume": "30 ml",
    "price": 0,
    "symbol": "!",
    "color": "white",
    "initial_charges": 15,
    "max_charges": 15,
    "use_action": "WATER_PURIFIER"
  },
  {
    "id": "obfuscating_aura",
    "type": "ARMOR",
    "name": "obfuscating aura",
    "description": "An all-encompassing, invisible layer of magic distorts light around your body.  Allows you to dodge two extra attacks in a given turn.",
    "weight": "1g",
    "volume": "1ml",
    "price": 3646,
    "symbol": "o",
    "color": "white",
    "covers": [ "LEGS", "TORSO", "ARMS", "HANDS", "HEAD", "FEET", "MOUTH", "EYES" ],
    "flags": [ "AURA", "SEMITANGIBLE", "OVERSIZE", "ONLY_ONE", "TRADER_AVOID", "NO_TAKEOFF", "NONCONDUCTIVE" ],
    "relic_data": { "passive_effects": [ { "has": "WORN", "condition": "ALWAYS", "values": [ { "value": "BONUS_DODGE", "add": 2 } ] } ] }
  },
  {
    "id": "acid_res_aura",
    "type": "ARMOR",
    "name": "acid resistance aura",
    "description": "An all-encompassing, invisible layer of protection against acid.",
    "weight": "1g",
    "volume": "1ml",
    "price": 3646,
    "symbol": "o",
    "color": "green",
    "covers": [ "LEGS", "TORSO", "ARMS", "HANDS", "HEAD", "FEET", "MOUTH", "EYES" ],
    "flags": [ "AURA", "SEMITANGIBLE", "OVERSIZE", "ONLY_ONE", "TRADER_AVOID", "NO_TAKEOFF", "NONCONDUCTIVE" ],
    "relic_data": {
      "passive_effects": [ { "has": "WORN", "condition": "ALWAYS", "values": [ { "value": "ARMOR_ACID", "multiply": -0.25 } ] } ]
    }
  },
  {
    "id": "acid_res_aura_greater",
    "type": "ARMOR",
    "name": "greater acid resistance aura",
    "description": "An all-encompassing, invisible layer of protection against acid.",
    "weight": "1g",
    "volume": "1ml",
    "price": 3646,
    "symbol": "o",
    "color": "green",
    "covers": [ "LEGS", "TORSO", "ARMS", "HANDS", "HEAD", "FEET", "MOUTH", "EYES" ],
    "flags": [ "AURA", "SEMITANGIBLE", "OVERSIZE", "ONLY_ONE", "TRADER_AVOID", "NO_TAKEOFF", "NONCONDUCTIVE" ],
    "relic_data": {
      "passive_effects": [ { "has": "WORN", "condition": "ALWAYS", "values": [ { "value": "ARMOR_ACID", "multiply": -0.6 } ] } ]
    }
  },
  {
    "id": "aura_stoneskin",
    "type": "ARMOR",
    "category": "armor",
    "name": "stoneskin coating",
    "name_plural": "stoneskin coating",
    "description": "A thin layer of shifting, almost fluid living rock, covering the entire body.",
    "weight": "10200 g",
    "volume": "25 L",
    "material": [ "stone" ],
    "symbol": "[",
    "color": "light_gray",
    "covers": [ "HEAD", "MOUTH", "EYES", "TORSO", "ARMS", "HANDS", "LEGS", "FEET" ],
    "coverage": 100,
    "encumbrance": 20,
    "warmth": 5,
    "material_thickness": 2,
    "environmental_protection": 2,
    "flags": [ "ONLY_ONE", "OVERSIZE", "PERSONAL", "STURDY" ]
  },
  {
    "id": "aura_stoneskin_greater",
    "type": "TOOL_ARMOR",
    "category": "armor",
    "name": "群山加护",
    "description": "升级版石肤，更多护甲，强力续航。“愿大地母亲忽悠着你。”",
    "weight": "10200 g",
    "volume": "25 L",
    "material": [ "stone" ],
    "symbol": "[",
    "color": "light_gray",
    "covers": [ "HEAD", "MOUTH", "EYES", "TORSO", "ARMS", "HANDS", "LEGS", "FEET" ],
    "coverage": 100,
    "encumbrance": 20,
    "warmth": 5,
    "material_thickness": 4,
    "environmental_protection": 2,
    "flags": [ "ONLY_ONE", "OVERSIZE", "PERSONAL", "STURDY", "TRADER_AVOID", "NO_TAKEOFF" ],
    "initial_charges": 3,
    "max_charges": 3,
    "charges_per_use": 1,
    "use_action": { "type": "cast_spell", "spell_id": "recover_stamina", "no_fail": true, "level": 10, "need_worn": true },
    "relic_data": {
      "passive_effects": [ { "has": "WORN", "condition": "ALWAYS", "values": [ { "value": "REGEN_STAMINA", "multiply": 5 }, { "value": "MAX_STAMINA", "multiply": 0.2, "add": 2000 } ] } ]
    }
  }
]
