[
  {
    "copy-from": "morb",
    "type": "TOOL_ARMOR",
    "id": "morb_dragon_head",
    "name": "拟态龙首",
    "description": "一团血肉和骨头形成龙头模样，似乎忘了生成表皮，筋脉毕露。",
    "color": "black",
    "material": [ "flesh", "bone" ],
    "covers": [ "ARM_EITHER" ],
    "volume": "5000ml",
    "coverage": 30,
    "encumbrance": 5,
    "initial_charges": 0,
    "max_charges": 5000,
    "charges_per_use": 2000,
    "ammo": [ "tainted_blood" ],
    "flags": [ "PERSONAL", "OVERSIZE", "TRADER_AVOID", "NO_TAKEOFF" ],
    "use_action": [ { "type": "cast_spell", "spell_id": "bio_dragonbreath_lesser", "no_fail": true, "level": 20, "need_worn": true } ]
  },
  {
    "copy-from": "morb",
    "type": "TOOL_ARMOR",
    "id": "morb_bloodsuck",
    "name": "吸血獠牙",
    "description": "一副活化獠牙，佩戴者能在近战中撕咬敌人、吸吮生命力。",
    "color": "black",
    "material": [ "flesh", "bone" ],
    "covers": [ "MOUTH" ],
    "volume": "1ml",
    "coverage": 100,
    "encumbrance": 5,
    "flags": [ "PERSONAL", "OVERSIZE", "ONLY_ONE", "TRADER_AVOID", "NO_TAKEOFF" ],
    "relic_data": { "passive_effects": [ { "has": "WORN", "condition": "ALWAYS", "hit_you_effect": [ { "id": "morb_bloodsuck_effect" } ] } ] }
  },
  {
    "id": "morb_bloodsuck_effect",
    "type": "SPELL",
    "name": "吸血獠牙·效果",
    "description": "只是吸血獠牙的附带法术。",
    "valid_targets": [ "self" ],
    "effect": "none",
    "difficulty": 1,
    "base_casting_time": 100,
    "max_level": 1,
    "flags": [ "WONDER" ],
    "min_damage": 1, "max_damage": 1,
    "extra_effects": [ { "id": "bio_bloodsuck_sef1" }, { "id": "bio_bloodsuck_sef1" }, { "id": "bio_bloodsuck_sef2", "hit_self": true } ]
  },
  {
    "id": "bio_bloodsuck_sef1",
    "type": "SPELL",
    "name": "吸血獠牙·撕咬",
    "description": "只是吸血獠牙·效果的附属法术。",
    "valid_targets": [ "hostile" ],
    "flags": [ "NO_HANDS", "SILENT", "RANDOM_DAMAGE" ],
    "damage_type": "stab",
    "min_damage": 6, "max_damage": 12,
    "max_level": 1,
    "min_range": 1, "max_range": 1,
    "effect": "projectile_attack",
    "message": "牙尖爪利。"
  },
  {
    "id": "bio_bloodsuck_sef2",
    "type": "SPELL",
    "name": "吸血獠牙·吸血",
    "description": "只是吸血獠牙·效果的附属法术。",
    "valid_targets": [ "self" ],
    "effect": "target_attack",
    "max_level": 1,
    "flags": [ "RANDOM_DAMAGE", "SILENT" ],
    "min_damage": -2, "max_damage": -1,
    "message": "磨牙吮血。"
  },
  {
    "copy-from": "morb",
    "type": "TOOL_ARMOR",
    "id": "morb_cobweb_emitter",
    "name": "蛛网发射器",
    "description": "这个由魔力催发的生化器官与肉体融合后才能活化，其中储存了大量粘液，喷洒出去即可形成蛛网。",
    "color": "black",
    "material": [ "flesh" ],
    "covers": [ "TORSO" ],
    "volume": "10ml",
    "coverage": 30,
    "encumbrance": 10,
    "initial_charges": 5,
    "max_charges": 5,
    "charges_per_use": 1,
    "flags": [ "PERSONAL", "OVERSIZE", "ONLY_ONE", "TRADER_AVOID", "NO_TAKEOFF" ],
    "use_action": [ { "type": "cast_spell", "spell_id": "bio_cobweb_emitting", "no_fail": true, "level": 1, "need_worn": true } ]
  },
  {
    "id": "bio_cobweb_emitting",
    "type": "SPELL",
    "name": "蛛网喷射",
    "description": "只是蛛网发射器的附带法术。",
    "valid_targets": [ "self", "ally", "hostile", "ground" ],
    "flags": [ "VERBAL", "NO_HANDS" ],
    "effect": "target_attack",
    "base_casting_time": 150,
    "spell_class": "BIOMANCER",
    "difficulty": 1, "max_level": 1,
    "min_damage": 0, "max_damage": 0, "min_range": 15, "max_range": 15,
    "min_aoe": 2, "max_aoe": 2,
    "field_id": "fd_web", "field_chance": 1,
    "min_field_intensity": 2, "max_field_intensity": 3,
    "field_intensity_increment": 0.1, "field_intensity_variance": 0.5,
    "extra_effects": [ { "id": "bio_cobweb_emitting2" } ]
  },
  {
    "id": "bio_cobweb_emitting2",
    "type": "SPELL",
    "name": "蛛网喷射·外围蛛网",
    "description": "只是蛛网发射器的附带法术。",
    "valid_targets": [ "self", "ally", "hostile", "ground" ],
    "flags": [ "VERBAL", "NO_HANDS" ],
    "effect": "target_attack",
    "base_casting_time": 150,
    "spell_class": "BIOMANCER",
    "difficulty": 1, "max_level": 1,
    "min_damage": 0, "max_damage": 0, "min_range": 15, "max_range": 15,
    "min_aoe": 4, "max_aoe": 4,
    "field_id": "fd_web", "field_chance": 2,
    "min_field_intensity": 1, "max_field_intensity": 2,
    "field_intensity_increment": 0.1, "field_intensity_variance": 0.5
  },
  {
    "id": "bio_abspear_thrower",
    "type": "GUN",
    "reload_noise_volume": 0,
    "name": "生化掷矛器",
    "description": "由施法者的血肉和骨头临时形成的离体器官，让手掌与之暂时融合以发射酸液骨矛。",
    "weight": "1000 g",
    "volume": "300 ml",
    "to_hit": -3,
    "bashing": 1,
    "material": [ "bone", "flesh" ],
    "symbol": "o",
    "color": "red",
    "ammo": "acid_bone_spear",
    "skill": "throw",
    "ranged_damage": 0,
    "range": 15,
    "loudness": 0,
    "dispersion": 90,
    "durability": 6,
    "clip_size": 1,
    "reload": 5,
    "flags": [ "RELOAD_AND_SHOOT" ]
  },
  {
    "id": "bio_master_knife",
    "type": "TOOL",
    "category": "weapons",
    "name": "大师之刺",
    "description": "这柄骨质匕首由你的肋骨转化而成，经过心灵之力强化，在灵巧的执匕者手中它会更加锐利。",
    "weight": "188 g",
    "volume": "750 ml",
    "price": 1,
    "to_hit": 2,
    "cutting": 20,
    "material": [ "bone" ],
    "symbol": "/",
    "color": "white",
    "techniques": [ "dex_slay", "experienced_slay", "WBLOCK_1" ],
    "qualities": [ [ "CUT", 1 ], [ "CUT_FINE", 1 ], [ "BUTCHER", 19 ] ],
    "thrown_damage": [ { "damage_type": "stab", "amount": 14 } ],
    "flags": [ "STAB", "DURABLE_MELEE", "SHEATH_KNIFE" ]
  },
  {
    "id": "elder_blade",
    "copy-from": "jian",
    "type": "TOOL",
    "name": "长者之刃",
    "description": "这柄骨质长剑由你的肋骨转化而成，经过心灵之力强化，持剑者的智慧令剑刃愈发锋利。",
    "weight": "1000 g",
    "color": "white",
    "material": [ "bone" ],
    "techniques": [ "int_slay", "WBLOCK_2" ],
    "volume": "2500 ml",
    "cutting": 35,
    "price": 1,
    "relic_data": { "passive_effects": [ { "has": "WIELD", "condition": "ALWAYS", "hit_you_effect": [ { "id": "elder_blade_boost" } ] } ] }
  },
  {
    "id": "elder_blade_boost",
    "type": "SPELL",
    "name": "长者之刃·效果",
    "description": "只是长者之刃的附带法术。",
    "flags": [ "SILENT", "RANDOM_DAMAGE" ],
    "valid_targets": [ "hostile" ],
    "effect": "target_attack",
    "difficulty": 1, "max_level": 1,
    "min_damage": 0, "max_damage": 0,
    "base_casting_time": 100,
    "extra_effects": [ { "id": "elder_blade_boost_side_effect", "hit_self": true } ]
  },
  {
    "id": "elder_blade_boost_side_effect",
    "type": "SPELL",
    "name": "长者之刃·智力",
    "description": "只是长者之刃·效果的附属法术。",
    "valid_targets": [ "self" ],
    "effect": "target_attack", "effect_str": "bio_elder_blade",
    "difficulty": 1, "max_level": 1,
    "base_casting_time": 100,
    "min_duration": 500, "max_duration": 500
  },
  {
    "copy-from": "morb",
    "type": "TOOL_ARMOR",
    "id": "morb_hand_slay",
    "name": "锋锐之手",
    "description": "一层笼罩手掌的光芒，锐利如刀。",
    "color": "white",
    "covers": [ "HAND_EITHER" ],
    "flags": [ "LIGHT_5", "PERSONAL", "SEMITANGIBLE", "OVERSIZE", "ONLY_ONE", "TRADER_AVOID", "NO_TAKEOFF" ],
    "relic_data": { "passive_effects": [ { "has": "WORN", "condition": "ALWAYS", "hit_you_effect": [ { "id": "cutting_slay" } ] } ] }
  },
  {
    "id": "cutting_slay",
    "type": "SPELL",
    "name": "锋锐附魔",
    "description": "只是锋锐之手的附带效果。",
    "effect": "target_attack",
    "valid_targets": [ "self", "ally", "hostile", "ground" ],
    "flags": [ "SILENT", "RANDOM_DAMAGE" ],
    "max_level": 1,
    "min_damage": 30, "max_damage": 50,
    "min_range": 1, "max_range": 1,
    "base_casting_time": 100, "difficulty": 1,
    "damage_type": "cut"
  }
]
