[
  {
    "type": "TOOL_ARMOR",
    "id": "storm_charge_aura",
    "name": "充能光环",
    "description": "此身缥缈，电光缭绕，无尽风暴。",
    "weight": "1g",
    "volume": "1ml",
    "price": 1,
    "symbol": "o",
    "color": "cyan",
    "material": [ "arcane_skin" ],
    "coverage": 0,
    "encumbrance": 0,
    "warmth": 0,
    "material_thickness": 1,
    "covers": [ "LEGS", "TORSO", "ARMS", "HANDS", "HEAD", "FEET", "MOUTH", "EYES" ],
    "flags": [ "AURA", "SEMITANGIBLE", "OVERSIZE", "ONLY_ONE", "TRADER_AVOID", "NO_TAKEOFF" ],
    "relic_data": {
      "passive_effects": [ { "has": "WORN", "condition": "ALWAYS", "hit_me_effect": [ { "id": "sc_aura_effect" } ], "values": [ { "value": "BONUS_DODGE", "add": 2 } ] } ]
    } 
  },
  {
    "id": "sc_aura_effect",
    "type": "SPELL",
    "name": "充能光环·效果",
    "description": "只是充能光环的附带法术。",
    "valid_targets": [ "self" ],
    "effect": "none",
    "difficulty": 1,
    "base_casting_time": 100,
    "max_level": 1,
    "flags": [ "WONDER" ],
    "min_damage": 1,
    "max_damage": 1,
    "extra_effects": [ { "id": "storm_flash" }, { "id": "create_morb_storm_charge1" }, { "id": "create_morb_storm_charge2" } ]
  },
  {
    "id": "create_morb_storm_charge1",
    "type": "SPELL",
    "name": "召唤充能法球",
    "description": "只是充能光环·效果的附属法术。",
    "valid_targets": [ "self" ],
    "effect": "spawn_item", "effect_str": "morb_storm_charge1",
    "difficulty": 1,
    "max_level": 1,
    "flags": [ "CONCENTRATE", "VERBAL", "NO_LEGS", "SILENT", "RANDOM_DURATION" ],
    "min_duration": 300,
    "max_duration": 500,
    "message": "风暴充能。"
  },
  {
    "copy-from": "morb",
    "type": "TOOL_ARMOR",
    "id": "morb_storm_charge1",
    "name": "充能法球",
    "description": "风元素长老肩头跳动的球状闪电就是这玩意儿，它临时储存了一发【闪电冲击】。",
    "color": "cyan",
    "covers": [ "ARM_EITHER" ],
    "initial_charges": 1,
    "max_charges": 1,
    "charges_per_use": 1,
    "flags": [ "LIGHT_5", "OVERSIZE", "PERSONAL", "STURDY", "TRADER_AVOID", "NO_TAKEOFF" ],
    "use_action": [ { "type": "cast_spell", "spell_id": "lightning_blast", "no_fail": true, "level": 25, "need_worn": true } ]
  },
  {
    "id": "create_morb_storm_charge2",
    "type": "SPELL",
    "name": "召唤充能法球",
    "description": "只是充能光环·效果的附属法术。",
    "valid_targets": [ "self" ],
    "effect": "spawn_item", "effect_str": "morb_storm_charge2",
    "difficulty": 1,
    "max_level": 1,
    "flags": [ "CONCENTRATE", "VERBAL", "NO_LEGS", "SILENT", "RANDOM_DURATION" ],
    "min_duration": 300,
    "max_duration": 500,
    "message": "风暴充能。"
  },
  {
    "copy-from": "morb",
    "type": "TOOL_ARMOR",
    "id": "morb_storm_charge2",
    "name": "充能法球",
    "description": "风元素长老肩头跳动的球状闪电就是这玩意儿，它临时储存了一发【闪电冲击】。",
    "color": "cyan",
    "covers": [ "ARM_EITHER" ],
    "initial_charges": 1,
    "max_charges": 1,
    "charges_per_use": 1,
    "flags": [ "LIGHT_5", "OVERSIZE", "AURA", "STURDY", "TRADER_AVOID", "NO_TAKEOFF" ],
    "use_action": [ { "type": "cast_spell", "spell_id": "lightning_blast", "no_fail": true, "level": 25, "need_worn": true } ]
  },
  {
    "copy-from": "morb",
    "type": "TOOL_ARMOR",
    "id": "morb_elec_claw",
    "name": "电爪附魔",
    "description": "指间的电光为近战攻击附加少许闪电伤害，偶尔能触发1级【震颤电击】。",
    "color": "light_blue",
    "covers": [ "HAND_EITHER" ],
    "flags": [ "LIGHT_5", "WATER_FRIENDLY", "ALLOWS_NATURAL_ATTACKS", "FANCY", "ONLY_ONE", "OVERSIZE", "PERSONAL", "TRADER_AVOID", "NO_TAKEOFF" ],
    "relic_data": { "passive_effects": [ { "has": "WORN", "condition": "ALWAYS", "hit_you_effect": [ { "id": "eclaw_effect" } ] } ] }
  },
  {
    "id": "eclaw_effect",
    "type": "SPELL",
    "name": "电爪附魔·效果",
    "description": "只是电爪附魔的附带法术。",
    "valid_targets": [ "self" ],
    "effect": "none",
    "difficulty": 1,
    "base_casting_time": 100,
    "max_level": 1,
    "flags": [ "WONDER" ],
    "min_damage": 1,
    "max_damage": 1,
    "extra_effects": [
      { "id": "eclaw" }, { "id": "eclaw" }, { "id": "eclaw" }, { "id": "eclaw" },
      { "id": "eclaw" }, { "id": "eclaw" }, { "id": "eclaw" }, { "id": "jolt" }
     ]
  },
  {
    "id": "eclaw",
    "type": "SPELL",
    "name": "电爪附魔·电伤",
    "description": "只是电爪附魔·效果的附属法术。",
    "effect": "target_attack",
    "valid_targets": [ "self", "ally", "hostile", "ground" ],
    "flags": [ "SILENT", "RANDOM_DAMAGE" ],
    "max_level": 1,
    "min_damage": 5, "max_damage": 15,
    "min_range": 1, "max_range": 1,
    "base_casting_time": 100, "difficulty": 1,
    "damage_type": "electric",
    "message": "电流噼啪。"
  },
  {
    "id": "sto_sce_effect",
    "type": "SPELL",
    "name": "风暴权杖效果",
    "description": "只是风暴权杖的附属法术。",
    "valid_targets": [ "self" ],
    "effect": "none",
    "difficulty": 1,
    "base_casting_time": 100,
    "max_level": 1,
    "flags": [ "WONDER" ],
    "min_damage": 1,
    "max_damage": 1,
    "extra_effects": [
      { "id": "elecslay" }, { "id": "elecslay" }, { "id": "elecslay" }, { "id": "elecslay" },
      { "id": "elecslay" }, { "id": "elecslay" }, { "id": "create_morb_elec_lesser" }
     ]
  },
  {
    "id": "create_morb_elec",
    "type": "SPELL",
    "name": "召唤雷鸣法球",
    "description": "只是风暴权杖的附带法术。",
    "valid_targets": [ "self" ],
    "effect": "spawn_item", "effect_str": "morb_elec",
    "difficulty": 1,
    "max_level": 1,
    "flags": [ "CONCENTRATE", "VERBAL", "NO_LEGS", "SILENT", "RANDOM_DURATION" ],
    "min_duration": 300,
    "max_duration": 500,
    "message": "风暴充能。"
  },
  {
    "copy-from": "morb",
    "type": "TOOL_ARMOR",
    "id": "morb_elec",
    "name": "雷鸣法球",
    "description": "战斗中溢出的风暴之力凝结为这枚不稳定的法球，它临时储存了一发【闪电束】。",
    "color": "cyan",
    "covers": [ "ARM_EITHER" ],
    "initial_charges": 1,
    "max_charges": 1,
    "charges_per_use": 1,
    "use_action": [ { "type": "cast_spell", "spell_id": "lightning_bolt", "no_fail": true, "level": 20, "need_worn": true } ]
  },
  {
    "id": "storm_sceptre_projection",
    "copy-from": "i_staff",
    "type": "TOOL",
    "name": "投影·风暴权杖",
    "description": "自然大道万千，你选择风暴之路。“风在吼，树在啸，自然在咆哮。执此杖者身居中路掌握雷霆。”但手头这根只是权杖的投影。",
    "price": 160000,
    "material": [ "wood", "leather", "gold", "orichalcum_metal" ],
    "initial_charges": 3,
    "max_charges": 3,
    "charges_per_use": 1,
    "artifact_data": { "charge_type": "ARTC_SOLAR" },
    "flags": [ "MAGIC_FOCUS", "TRADER_AVOID", "HYGROMETER", "BAROMETER" ],
    "techniques": [ "WBLOCK_2" ],
    "weight": "1500 g",
    "bashing": 25,
    "use_action": [ { "type": "cast_spell", "spell_id": "lightning_blast", "no_fail": true, "level": 15, "need_wielding": true }, "WEATHER_TOOL" ],
    "relic_data": { "passive_effects": [ { "has": "WIELD", "condition": "ALWAYS", "hit_you_effect": [ { "id": "sto_sce_pro_effect" } ] } ] }
  },
  {
    "id": "sto_sce_pro_effect",
    "type": "SPELL",
    "name": "投影·风暴权杖效果",
    "description": "只是投影·风暴权杖的附属法术。",
    "valid_targets": [ "self" ],
    "effect": "none",
    "difficulty": 1,
    "base_casting_time": 100,
    "max_level": 1,
    "flags": [ "WONDER" ],
    "min_damage": 1,
    "max_damage": 1,
    "extra_effects": [
      { "id": "elecslay" }, { "id": "elecslay" }, { "id": "elecslay" }, { "id": "elecslay" },
      { "id": "elecslay" }, { "id": "elecslay" }, { "id": "elecslay" }, { "id": "create_morb_elec_lesser" }
     ]
  },
  {
    "id": "elecslay",
    "type": "SPELL",
    "name": "雷光附魔",
    "description": "只是风暴权杖的附带法术。",
    "effect": "target_attack",
    "valid_targets": [ "self", "ally", "hostile", "ground" ],
    "flags": [ "SILENT", "RANDOM_DAMAGE" ],
    "max_level": 1,
    "min_damage": 15, "max_damage": 30,
    "min_range": 1, "max_range": 1,
    "base_casting_time": 100, "difficulty": 1,
    "damage_type": "electric"
  },
  {
    "id": "create_morb_elec_lesser",
    "type": "SPELL",
    "name": "召唤次级雷鸣法球",
    "description": "只是投影·风暴权杖的附带法术。",
    "valid_targets": [ "self" ],
    "effect": "spawn_item", "effect_str": "morb_elec_lesser",
    "difficulty": 1,
    "max_level": 1,
    "flags": [ "CONCENTRATE", "VERBAL", "NO_LEGS", "SILENT", "RANDOM_DURATION" ],
    "min_duration": 300,
    "max_duration": 500,
    "message": "风暴充能。"
  },
  {
    "copy-from": "morb",
    "type": "TOOL_ARMOR",
    "id": "morb_elec_lesser",
    "name": "次级雷鸣法球",
    "description": "战斗中溢出的风暴之力凝结为这枚不稳定的法球，它临时储存了一发【闪电束】。",
    "color": "cyan",
    "covers": [ "ARM_EITHER" ],
    "initial_charges": 1,
    "max_charges": 1,
    "charges_per_use": 1,
    "use_action": [ { "type": "cast_spell", "spell_id": "lightning_bolt", "no_fail": true, "level": 15, "need_worn": true } ]
  },
  {
    "id": "protect_elec",
    "type": "ARMOR",
    "name": "避电光环",
    "description": "灵感来自法拉第大师，短时间内提供堪比高级闪电护腕的加护。“富兰克林！把风筝收起来！”",
    "weight": "1g",
    "volume": "1ml",
    "price": 3646,
    "symbol": "o",
    "color": "light_blue",
    "covers": [
        "LEGS",
        "TORSO",
        "ARMS",
        "HANDS",
        "HEAD",
        "FEET",
        "MOUTH",
        "EYES"
    ],
    "flags": [ "AURA", "SEMITANGIBLE", "OVERSIZE", "ONLY_ONE", "TRADER_AVOID", "NO_TAKEOFF", "NONCONDUCTIVE" ],
    "relic_data": { "passive_effects": [ { "has": "WORN", "condition": "ALWAYS", "values": [ { "value": "ARMOR_ELEC", "add": -10 } ] } ] }
  }
]
