[
  {
    "copy-from": "morb",
    "type": "TOOL_ARMOR",
    "id": "morb_daylight",
    "name": "永恒炽阳",
    "description": "有些法球名字唬人，其实只是个大灯泡。",
    "color": "white",
    "covers": [ "HAND_EITHER" ],
    "coverage": 100,
    "encumbrance": 35,
    "flags": [ "TRADER_AVOID", "NO_TAKEOFF", "PERSONAL" ],
    "use_action": { "target": "morb_daylight_on", "msg": "赞美太阳。", "menu_text": "点亮黑夜", "type": "transform", "need_worn": true }
  },
  {
    "copy-from": "morb",
    "type": "TOOL_ARMOR",
    "id": "morb_daylight_on",
    "name": "永恒炽阳（点亮）",
    "description": "有些法球名字唬人，其实只是个大灯泡。",
    "color": "white",
    "covers": [ "HAND_EITHER" ],
    "coverage": 100,
    "encumbrance": 35,
    "flags": [ "LIGHT_20000", "TRADER_AVOID", "NO_TAKEOFF", "PERSONAL" ],
    "use_action": { "target": "morb_daylight", "msg": "诺克斯。", "menu_text": "熄灭光明", "type": "transform",
"need_worn": true }
  },
  {
    "copy-from": "morb",
    "type": "TOOL_ARMOR",
    "id": "morb_mechanus_mind",
    "name": "机械心智",
    "description": "你的心灵机械化，暂时免疫精神攻击，顺便提升一点点智商。",
    "color": "light_gray",
    "covers": [ "TORSO" ],
    "flags": [ "PERSONAL", "SEMITANGIBLE", "OVERSIZE", "ONLY_ONE", "TRADER_AVOID", "NO_TAKEOFF" ],
    "artifact_data": { "effects_worn": ["AEP_PSYSHIELD"] },
    "relic_data": { "passive_effects": [ { "has": "WORN", "condition": "ALWAYS", "values": [ { "value": "INTELLIGENCE", "add": 3 } ] } ] }
  },
  {
    "copy-from": "morb",
    "type": "TOOL_ARMOR",
    "id": "morb_reaction_sti",
    "name": "应激艾恩石·突触",
    "description": "这枚艾恩石经过科技之力改造。",
    "color": "light_gray",
    "covers": [ "HEAD" ],
    "relic_data": { "passive_effects": [ { "has": "WORN", "condition": "ALWAYS", "hit_me_effect": [ { "id": "synaptic_stimulation" } ] } ] }
  },
  {
    "copy-from": "morb",
    "type": "TOOL_ARMOR",
    "id": "morb_reaction_bless",
    "name": "应激艾恩石·祝福",
    "description": "这枚艾恩石经过科技之力改造。",
    "color": "light_gray",
    "covers": [ "HEAD" ],
    "relic_data": { "passive_effects": [ { "has": "WORN", "condition": "ALWAYS", "hit_me_effect": [ { "id": "bless" } ] } ] }
  },
  {
    "copy-from": "morb",
    "type": "TOOL_ARMOR",
    "id": "morb_reaction_qua",
    "name": "应激艾恩石·隧穿",
    "description": "这枚艾恩石经过科技之力改造。",
    "color": "light_gray",
    "covers": [ "HEAD" ],
    "relic_data": { "passive_effects": [ { "has": "WORN", "condition": "ALWAYS", "hit_me_effect": [ { "id": "quantum_tunnel_lesser" } ] } ] }
  },
  {
    "id": "MG_light_sword",
    "type": "TOOL",
    "symbol": "/",
    "color": "light_blue",
    "name": "“科魔之光”奥术光剑",
    "description": "光剑是少年科幻的浪漫，魔法光剑魔法浪漫。剑刃光化的部分会对敌人造成少量真实伤害。",
    "price": 1,
    "material": [ "superalloy", "orichalcum_metal" ],
    "flags": [ "LIGHT_8", "NO_REPAIR", "SLOW_WIELD", "UNBREAKABLE_MELEE", "TRADER_AVOID" ],
    "techniques": [ "WBLOCK_3" ],
    "weight": "300 g",
    "volume": "1 L",
    "cutting": 40,
    "to_hit": 2,
    "category": "weapons",
    "relic_data": { "passive_effects": [ { "has": "WIELD", "condition": "ALWAYS", "hit_you_effect": [ { "id": "tech_space_boost" } ] } ] }
  },
  {
    "id": "tech_space_boost",
    "type": "SPELL",
    "name": "星河最速",
    "description": "只是科魔之光的附带法术。",
    "flags": [ "SILENT", "RANDOM_DAMAGE" ],
    "valid_targets": [ "hostile" ],
    "effect": "target_attack",
    "difficulty": 1, "max_level": 1,
    "min_damage": 5, "max_damage": 20,
    "min_range": 1, "max_range": 1,
    "base_casting_time": 100,
    "extra_effects": [ { "id": "tech_space_boost_side_effect", "hit_self": true } ]
  },
  {
    "id": "tech_space_boost_side_effect",
    "type": "SPELL",
    "name": "星河最速·加速",
    "description": "只是星河最速的附属法术。",
    "valid_targets": [ "self" ],
    "effect": "target_attack", "effect_str": "tech_boost",
    "difficulty": 1, "max_level": 1,
    "base_casting_time": 100,
    "min_duration": 1000, "max_duration": 1000
  }
]
