[
  {
    "id": "ethereal_cot",
    "type": "TOOL",
    "name": "旅法师的寝具",
    "description": "除了散发微光、更加轻盈，看上去和普通的行军床别无二致。展开后就不必担心它消失，再次收起时会化为流砂。",
    "weight": "61g",
    "volume": "1 L",
    "to_hit": -1,
    "bashing": 6,
    "material": [ "aluminum", "cotton" ],
    "symbol": ";",
    "color": "green",
    "flags": [ "LIGHT_5", "TRADER_AVOID" ],
    "use_action": {
      "type": "place_trap",
      "allow_under_player": true,
      "trap": "tr_ethereal_cot",
      "moves": 100,
      "practice": 0,
      "done_message": "你轻轻展开寝具。"
    }
  },
  {
    "id": "ethereal_sleep_suit",
    "type": "ARMOR",
    "name": "旅法师睡衣",
    "description": "睡觉专用，穿着它出门冬猎可不是好主意。",
    "weight": "1g",
    "volume": "1ml",
    "material": [ "fur" ],
    "price": 0,
    "symbol": "o",
    "color": "brown",
    "covers": [ "LEGS", "TORSO", "ARMS", "HANDS", "HEAD", "FEET", "MOUTH", "EYES" ],
    "flags": [ "AURA", "SEMITANGIBLE", "OVERSIZE", "ONLY_ONE", "TRADER_AVOID", "NONCONDUCTIVE" ],
    "coverage": 100,
    "encumbrance": 90,
    "warmth": 50,
    "material_thickness": 1,
    "environmental_protection": 0
  },
  {
    "id": "ethereal_large_tent_kit",
    "type": "TOOL",
    "name": "旅法师营帐",
    "description": "看上去是加了点星光特效的普通大帐篷，却格外轻盈。一旦撑开就不会消失，然而再次收起时只能获得凡物。",
    "weight": "2 g",
    "volume": "10 L",
    "to_hit": -3,
    "bashing": 6,
    "material": [ "plastic", "aluminum" ],
    "symbol": ";",
    "color": "green",
    "flags": [ "LIGHT_10", "TRADER_AVOID" ],
    "use_action": {
      "type": "deploy_tent",
      "radius": 2,
      "wall": "f_large_canvas_wall",
      "floor": "f_large_groundsheet",
      "floor_center": "f_ethereal_center_groundsheet",
      "door_opened": "f_large_canvas_door_o",
      "door_closed": "f_large_canvas_door"
    }
  },
  {
    "type": "CONTAINER",
    "id": "ethereal_teapot",
    "name": "旅法师茶壶",
    "symbol": "o",
    "contains": 1,
    "description": "看似加了星光特效的小茶壶，激活获得法师茶饮。",
    "flags": [ "LIGHT_5", "TRADER_AVOID" ],
    "use_action": {
        "target": "mage_tea",
        "msg": "半壶法师茶饮，清香四溢。",
        "container": "clay_teapot",
        "target_charges": 2,
        "moves": 50,
        "type": "transform" }
  },
  {
    "id": "protect_env",
    "type": "ARMOR",
    "name": "保护光环",
    "description": "这道无形的光环为你提供环境防护。上至传奇下至菜鸟，用过都说好。",
    "weight": "1g",
    "volume": "1ml",
    "price": 3646,
    "symbol": "o",
    "color": "blue",
    "environmental_protection": 15,
    "covers": [
        "LEGS",
        "TORSO",
        "ARMS",
        "HANDS",
        "HEAD",
        "FEET",
        "MOUTH",
        "EYES"
    ],
    "flags": [ "AURA", "SEMITANGIBLE", "OVERSIZE", "ONLY_ONE", "TRADER_AVOID", "NO_TAKEOFF", "NONCONDUCTIVE" ]
  }
]
