[
  {
    "type": "TOOL_ARMOR",
    "id": "earth_pro_circle",
    "name": "大地之环",
    "description": "在近身战斗中积蓄大地之力，原石阵壁不断升起，阻挡敌人的进攻。",
    "weight": "1g",
    "volume": "1ml",
    "price": 1,
    "symbol": "o",
    "color": "brown",
    "material": [ "arcane_skin" ],
    "coverage": 0,
    "encumbrance": 0,
    "warmth": 0,
    "material_thickness": 1,
    "covers": [ "FEET" ],
    "flags": [ "LIGHT_5", "AURA", "SEMITANGIBLE", "OVERSIZE", "ONLY_ONE", "TRADER_AVOID", "NO_TAKEOFF" ],
    "relic_data": {
      "passive_effects": [ { "has": "WORN", "condition": "ALWAYS", "hit_me_effect": [ { "id": "earth_pro_circle_effect" } ] } ]
    } 
  },
  {
    "id": "earth_pro_circle_effect",
    "type": "SPELL",
    "name": "大地之环·效果",
    "description": "只是大地之环的附带法术。",
    "valid_targets": [ "self" ],
    "effect": "none",
    "difficulty": 1,
    "base_casting_time": 100,
    "max_level": 1,
    "flags": [ "WONDER" ],
    "min_damage": 1,
    "max_damage": 1,
    "extra_effects": [ { "id": "earth_pro_circle_sef" }, { "id": "earth_pro_circle_sef" }, { "id": "create_stone_pro_wall_in1" }, { "id": "create_stone_pro_wall_in2" }, { "id": "create_stone_pro_wall_in3" }, { "id": "create_stone_pro_wall_in4" }, { "id": "create_stone_pro_wall_in5" }, { "id": "create_stone_pro_wall_out1" }, { "id": "create_stone_pro_wall_out2" }, { "id": "create_stone_pro_wall_out3" }, { "id": "create_stone_pro_wall_out4" }, { "id": "create_stone_pro_wall_out5" } ]
  },
  {
    "id": "earth_pro_circle_sef",
    "type": "SPELL",
    "name": "耐力反馈",
    "description": "只是大地之环·效果的附属法术。",
    "valid_targets": [ "self" ],
    "effect": "recover_energy",
    "effect_str": "STAMINA",
    "difficulty": 1,
    "base_casting_time": 100,
    "max_level": 1,
    "flags": [ "SILENT", "RANDOM_DAMAGE" ],
    "min_damage": 20, "max_damage": 50,
    "message": "大地蓄能。"
  },
  {
    "id": "create_stone_pro_wall_in1",
    "type": "SPELL",
    "name": "召唤原石阵壁1",
    "description": "只是大地之环·效果的附属法术。",
    "valid_targets": [ "self" ],
    "effect": "spawn_item", "effect_str": "stone_pro_wall_in1",
    "difficulty": 1,
    "max_level": 1,
    "flags": [ "CONCENTRATE", "VERBAL", "NO_LEGS", "SILENT" ],
    "min_duration": 300,
    "max_duration": 300,
    "message": "地源守护。"
  },
  {
    "id": "create_stone_pro_wall_in2",
    "type": "SPELL",
    "name": "召唤原石阵壁1",
    "description": "只是大地之环·效果的附属法术。",
    "valid_targets": [ "self" ],
    "effect": "spawn_item", "effect_str": "stone_pro_wall_in2",
    "difficulty": 1,
    "max_level": 1,
    "flags": [ "CONCENTRATE", "VERBAL", "NO_LEGS", "SILENT" ],
    "min_duration": 200,
    "max_duration": 200,
    "message": "地源守护。"
  },
  {
    "id": "create_stone_pro_wall_in3",
    "type": "SPELL",
    "name": "召唤原石阵壁1",
    "description": "只是大地之环·效果的附属法术。",
    "valid_targets": [ "self" ],
    "effect": "spawn_item", "effect_str": "stone_pro_wall_in3",
    "difficulty": 1,
    "max_level": 1,
    "flags": [ "CONCENTRATE", "VERBAL", "NO_LEGS", "SILENT" ],
    "min_duration": 300,
    "max_duration": 300,
    "message": "地源守护。"
  },
  {
    "id": "create_stone_pro_wall_in4",
    "type": "SPELL",
    "name": "召唤原石阵壁1",
    "description": "只是大地之环·效果的附属法术。",
    "valid_targets": [ "self" ],
    "effect": "spawn_item", "effect_str": "stone_pro_wall_in4",
    "difficulty": 1,
    "max_level": 1,
    "flags": [ "CONCENTRATE", "VERBAL", "NO_LEGS", "SILENT" ],
    "min_duration": 200,
    "max_duration": 200,
    "message": "地源守护。"
  },
  {
    "id": "create_stone_pro_wall_in5",
    "type": "SPELL",
    "name": "召唤原石阵壁1",
    "description": "只是大地之环·效果的附属法术。",
    "valid_targets": [ "self" ],
    "effect": "spawn_item", "effect_str": "stone_pro_wall_in5",
    "difficulty": 1,
    "max_level": 1,
    "flags": [ "CONCENTRATE", "VERBAL", "NO_LEGS", "SILENT" ],
    "min_duration": 300,
    "max_duration": 300,
    "message": "地源守护。"
  },
  {
    "id": "create_stone_pro_wall_out1",
    "type": "SPELL",
    "name": "召唤原石阵壁2",
    "description": "只是大地之环·效果的附属法术。",
    "valid_targets": [ "self" ],
    "effect": "spawn_item", "effect_str": "stone_pro_wall_out1",
    "difficulty": 1,
    "max_level": 1,
    "flags": [ "CONCENTRATE", "VERBAL", "NO_LEGS", "SILENT" ],
    "min_duration": 200,
    "max_duration": 200,
    "message": "地源守护。"
  },
  {
    "id": "create_stone_pro_wall_out2",
    "type": "SPELL",
    "name": "召唤原石阵壁2",
    "description": "只是大地之环·效果的附属法术。",
    "valid_targets": [ "self" ],
    "effect": "spawn_item", "effect_str": "stone_pro_wall_out2",
    "difficulty": 1,
    "max_level": 1,
    "flags": [ "CONCENTRATE", "VERBAL", "NO_LEGS", "SILENT" ],
    "min_duration": 300,
    "max_duration": 300,
    "message": "地源守护。"
  },
  {
    "id": "create_stone_pro_wall_out3",
    "type": "SPELL",
    "name": "召唤原石阵壁2",
    "description": "只是大地之环·效果的附属法术。",
    "valid_targets": [ "self" ],
    "effect": "spawn_item", "effect_str": "stone_pro_wall_out3",
    "difficulty": 1,
    "max_level": 1,
    "flags": [ "CONCENTRATE", "VERBAL", "NO_LEGS", "SILENT" ],
    "min_duration": 200,
    "max_duration": 200,
    "message": "地源守护。"
  },
  {
    "id": "create_stone_pro_wall_out4",
    "type": "SPELL",
    "name": "召唤原石阵壁2",
    "description": "只是大地之环·效果的附属法术。",
    "valid_targets": [ "self" ],
    "effect": "spawn_item", "effect_str": "stone_pro_wall_out4",
    "difficulty": 1,
    "max_level": 1,
    "flags": [ "CONCENTRATE", "VERBAL", "NO_LEGS", "SILENT" ],
    "min_duration": 300,
    "max_duration": 300,
    "message": "地源守护。"
  },
  {
    "id": "create_stone_pro_wall_out5",
    "type": "SPELL",
    "name": "召唤原石阵壁2",
    "description": "只是大地之环·效果的附属法术。",
    "valid_targets": [ "self" ],
    "effect": "spawn_item", "effect_str": "stone_pro_wall_out5",
    "difficulty": 1,
    "max_level": 1,
    "flags": [ "CONCENTRATE", "VERBAL", "NO_LEGS", "SILENT" ],
    "min_duration": 200,
    "max_duration": 200,
    "message": "地源守护。"
  },
  {
    "id": "stone_pro_wall_in1",
    "type": "TOOL_ARMOR",
    "category": "armor",
    "name": "原石阵壁",
    "description": "半虚化的土元素壁障，临时生成用以阻挡攻击。",
    "weight": "1 g",
    "volume": "25 L",
    "material": [ "stone" ],
    "symbol": "[",
    "color": "light_gray",
    "covers": [ "HEAD", "MOUTH", "EYES", "TORSO", "ARMS", "HANDS", "LEGS", "FEET" ],
    "coverage": 100,
    "encumbrance": 3,
    "warmth": 0,
    "material_thickness": 1,
    "environmental_protection": 2,
    "flags": [ "OVERSIZE", "PERSONAL", "STURDY", "TRADER_AVOID", "NO_TAKEOFF" ]
  },
 {
    "copy-from": "stone_pro_wall_in1",
    "id": "stone_pro_wall_in2",
    "type": "TOOL_ARMOR",
    "category": "armor",
    "name": "原石阵壁"
  },
 {
    "copy-from": "stone_pro_wall_in1",
    "id": "stone_pro_wall_in3",
    "type": "TOOL_ARMOR",
    "category": "armor",
    "name": "原石阵壁"
  },
 {
    "copy-from": "stone_pro_wall_in1",
    "id": "stone_pro_wall_in4",
    "type": "TOOL_ARMOR",
    "category": "armor",
    "name": "原石阵壁"
  },
 {
    "copy-from": "stone_pro_wall_in1",
    "id": "stone_pro_wall_in5",
    "type": "TOOL_ARMOR",
    "category": "armor",
    "name": "原石阵壁"
  },
  {
    "id": "stone_pro_wall_out1",
    "type": "TOOL_ARMOR",
    "category": "armor",
    "name": "原石阵壁",
    "description": "半虚化的土元素壁障，临时生成用以阻挡攻击。",
    "weight": "1 g",
    "volume": "25 L",
    "material": [ "stone" ],
    "symbol": "[",
    "color": "light_gray",
    "covers": [ "HEAD", "MOUTH", "EYES", "TORSO", "ARMS", "HANDS", "LEGS", "FEET" ],
    "coverage": 100,
    "encumbrance": 3,
    "warmth": 0,
    "material_thickness": 1,
    "environmental_protection": 2,
    "flags": [ "OVERSIZE", "AURA", "STURDY", "TRADER_AVOID", "NO_TAKEOFF" ]
  },
 {
    "copy-from": "stone_pro_wall_out1",
    "id": "stone_pro_wall_out2",
    "type": "TOOL_ARMOR",
    "category": "armor",
    "name": "原石阵壁"
  },
 {
    "copy-from": "stone_pro_wall_out1",
    "id": "stone_pro_wall_out3",
    "type": "TOOL_ARMOR",
    "category": "armor",
    "name": "原石阵壁"
  },
 {
    "copy-from": "stone_pro_wall_out1",
    "id": "stone_pro_wall_out4",
    "type": "TOOL_ARMOR",
    "category": "armor",
    "name": "原石阵壁"
  },
 {
    "copy-from": "stone_pro_wall_out1",
    "id": "stone_pro_wall_out5",
    "type": "TOOL_ARMOR",
    "category": "armor",
    "name": "原石阵壁"
  },
  {
    "id": "stonefist",
    "type": "TOOL",
    "category": "weapons",
    "name": "pair of magical armored stone gauntlets",
    "name_plural": "pairs of armored gauntlets",
    "description": "A magical flexible stonelike substance for protection and attack.",
    "weight": "1 g",
    "volume": "250 ml",
    "price": 1,
    "to_hit": 2,
    "bashing": 20,
    "material": [ "superalloy" ],
    "symbol": "[",
    "color": "light_gray",
    "qualities": [ [ "HAMMER", 1 ] ],
    "flags": [ "STURDY", "UNARMED_WEAPON", "DURABLE_MELEE", "NONCONDUCTIVE", "MAGIC_FOCUS" ],
    "techniques": [ "WBLOCK_3" ],
    "use_action": [ { "type": "transform", "target": "armor_stonefist", "msg": "转攻为守。", "moves": 200 } ]
  },
  {
    "id": "armor_stonefist",
    "type": "TOOL_ARMOR",
    "category": "armor",
    "name": "pair of magical armored stone gauntlets",
    "name_plural": "pairs of armored gauntlets",
    "description": "A magical flexible stonelike substance for protection and attack.",
    "weight": "1 g",
    "volume": "250 ml",
    "price": 1,
    "material": [ "superalloy" ],
    "symbol": "[",
    "color": "light_gray",
    "covers": [ "HANDS", "ARMS" ],
    "coverage": 100,
    "encumbrance": 0,
    "warmth": 20,
    "material_thickness": 4,
    "environmental_protection": 10,
    "flags": [ "STURDY", "NONCONDUCTIVE" ],
    "use_action": [ { "type": "transform", "target": "stonefist", "msg": "转守为攻。", "moves": 200 } ]
  },
  {
    "id": "aura_stoneskin_greater",
    "type": "TOOL_ARMOR",
    "category": "armor",
    "name": "群山加护",
    "description": "升级版石肤，更多护甲，强力续航。“愿大地母亲忽悠着你。”",
    "weight": "10200 g",
    "volume": "25 L",
    "material": [ "stone" ],
    "symbol": "[",
    "color": "light_gray",
    "covers": [ "HEAD", "MOUTH", "EYES", "TORSO", "ARMS", "HANDS", "LEGS", "FEET" ],
    "coverage": 100,
    "encumbrance": 15,
    "warmth": 5,
    "material_thickness": 4,
    "environmental_protection": 2,
    "flags": [ "ONLY_ONE", "OVERSIZE", "PERSONAL", "STURDY", "TRADER_AVOID", "NO_TAKEOFF" ],
    "initial_charges": 3,
    "max_charges": 3,
    "charges_per_use": 1,
    "use_action": { "type": "cast_spell", "spell_id": "recover_stamina", "no_fail": true, "level": 10, "need_worn": true },
    "relic_data": {
      "passive_effects": [ { "has": "WORN", "condition": "ALWAYS", "values": [ { "value": "REGEN_STAMINA", "multiply": 5 }, { "value": "MAX_STAMINA", "multiply": 0.2, "add": 2000 } ] } ]
    }
  }
]
