[
  {
    "id": "rune_natural_boat",
    "type": "TOOL",
    "symbol": "=",
    "color": "green",
    "name": "木筏符文",
    "description": "这枚符文被雕刻成一只微型木筏。亲近自然之力的施法者才能妥善运用它。",
    "volume": "5ml",
    "weight": "1 g",
    "material": "wood",
    "flags": [ "TRADER_AVOID" ],
    "use_action": {
        "type": "unfold_vehicle",
        "vehicle_name": "inflatable_natural_boat",
        "tools_needed": { "rune_druid": 1 },
        "unfold_msg": "你激活 %s。",
        "moves": 15000
    }
  },
  {
    "id": "hiding_robe",
    "type": "ARMOR",
    "category": "armor",
    "name": "避隐之袍",
    "description": "长路漫漫，磕磕绊绊。",
    "weight": "1000 g",
    "volume": "17500 ml",
    "to_hit": -5,
    "bashing": 8,
    "material": [ "fur" ],
    "symbol": "[",
    "looks_like": "robe",
    "color": "brown",
    "covers": [ "TORSO", "LEGS", "ARMS" ],
    "coverage": 95,
    "encumbrance": 50,
    "warmth": 20,
    "material_thickness": 1,
    "flags": [ "VARSIZE", "OUTER", "STURDY", "ONLY_ONE", "TRADER_AVOID" ],
    "artifact_data" : { "effects_worn": [ "AEP_INVISIBLE" ] }
  },
  {
    "id": "Syllabear_surface",
    "type": "TOOL_ARMOR",
    "name": "熊人形态",
    "description": "你像一只超大号泰迪熊在林间闲逛。",
    "weight": "1g",
    "volume": "1ml",
    "material": [ "leather", "fur" ],
    "price": 0,
    "symbol": "o",
    "color": "brown",
    "covers": [ "LEGS", "TORSO", "ARMS", "HANDS", "HEAD", "FEET", "MOUTH", "EYES" ],
    "flags": [ "AURA", "SEMITANGIBLE", "OVERSIZE", "RAINPROOF", "ONLY_ONE", "TRADER_AVOID", "NO_TAKEOFF", "NONCONDUCTIVE" ],
    "coverage": 100,
    "encumbrance": 10,
    "warmth": 30,
     "material_thickness": 3,
    "environmental_protection": 8,
    "initial_charges": 6,
    "max_charges": 6,
    "charges_per_use": 1,
    "artifact_data": { "charge_type": "ARTC_SOLAR" },
    "relic_data": { "passive_effects": [ { "has": "WORN", "condition": "ALWAYS", "values": [ { "value": "STRENGTH", "add": 2 }, { "value": "MOVE_COST", "add": 10 } ] } ] },
    "use_action": [ { "type": "cast_spell", "spell_id": "druid_rootstrike", "no_fail": true, "level": 10, "need_worn": true },
                            { "type": "transform", "target": "bloody_bear_surface", "msg": "咆哮声中，你变得更加狂暴。", "moves": 500 } ]
  },
  {
    "id": "bloody_bear_surface",
    "type": "TOOL_ARMOR",
    "name": "血熊形态",
    "description": "变形术有问题！这回你真的是“恐 怖 威 熊”啦，该死的深渊气息！这个变形状态下你的战斗力大大提升，但为此付出的代价也不低。",
    "weight": "1g",
    "volume": "1ml",
    "material": [ "leather", "fur", "demon_chitin" ],
    "price": 0,
    "symbol": "o",
    "color": "red",
    "covers": [ "LEGS", "TORSO", "ARMS", "HANDS", "HEAD", "FEET", "MOUTH", "EYES" ],
    "flags": [ "AURA", "SEMITANGIBLE", "OVERSIZE", "RAINPROOF", "ONLY_ONE", "TRADER_AVOID", "NO_TAKEOFF", "NONCONDUCTIVE" ],
    "coverage": 100,
    "encumbrance": 5,
    "warmth": 30,
     "material_thickness": 4,
    "environmental_protection": 10,
    "initial_charges": 6,
    "max_charges": 6,
    "charges_per_use": 2,
    "artifact_data": { "effects_worn": ["AEP_SAP_LIFE", "AEP_EVIL", "AEP_ATTENTION", "AEP_HUNGER",  "AEP_THIRST", "AEP_STR_UP", "AEP_INT_DOWN", "AEP_PER_DOWN"], "charge_type": "ARTC_PAIN" },
    "use_action": [ { "type": "cast_spell", "spell_id": "summon_bloody_bear_claw", "no_fail": true, "level": 1, "need_worn": true },
                            { "type": "transform", "target": "Syllabear_surface", "msg": "你艰难地变回泰迪熊。", "moves": 50000 } ]
  },
  {
    "id": "bloody_bear_claw",
    "type": "TOOL",
    "name": "血熊之爪",
    "description": "大地与深渊的力量交缠在这对巨掌上。",
    "weight": "1500 g",
    "volume": "500 ml",
    "price": 1,
    "to_hit": 2,
    "bashing": 29,
    "material": [ "bone", "fur", "demon_chitin" ],
    "symbol": "[",
    "color": "red",
    "flags": [ "NO_UNWEILD", "UNARMED_WEAPON", "DURABLE_MELEE", "MAGIC_FOCUS", "ONLY_ONE", "TRADER_AVOID" ],
    "techniques": [ "seismic_wave", "WBLOCK_2" ],
    "initial_charges": 6,
    "max_charges": 6,
    "charges_per_use": 1,
    "artifact_data": { "effects_activated": ["AEA_PULSE"], "effects_wielded": ["AEP_SPEED_UP"], "charge_type": "ARTC_PAIN" },
    "relic_data": { "passive_effects": [ { "has": "WIELD", "condition": "ALWAYS", "hit_you_effect": [ { "id": "burning_hands" } ] } ] },
    "use_action": "ARTIFACT"
  },
  {
    "id": "Werewolf_surface",
    "type": "TOOL_ARMOR",
    "name": "狼人形态",
    "description": "你变得毛茸茸，更加矫健灵巧，行动之间月力涌动。",
    "weight": "1g",
    "volume": "1ml",
    "material": [ "leather", "fur" ],
    "price": 0,
    "symbol": "o",
    "color": "light_gray",
    "covers": [ "LEGS", "TORSO", "ARMS", "HANDS", "HEAD", "FEET", "MOUTH", "EYES" ],
    "flags": [ "AURA", "SEMITANGIBLE", "OVERSIZE", "RAINPROOF", "ONLY_ONE", "TRADER_AVOID", "NO_TAKEOFF", "NONCONDUCTIVE" ],
    "coverage": 100,
    "encumbrance": 0,
    "warmth": 10,
    "environmental_protection": 5,
    "initial_charges": 2,
    "max_charges": 2,
    "charges_per_use": 1,
    "artifact_data": { "effects_worn": ["AEP_STEALTH"], "charge_type": "ARTC_TIME" },
    "relic_data": { "passive_effects": [ { "has": "WORN", "condition": "ALWAYS", "values": [ { "value": "STRENGTH", "add": 1 }, { "value": "DEXTERITY", "add": 1 }, { "value": "BONUS_DODGE", "add": 1 } ] } ] },
    "use_action": { "type": "cast_spell", "spell_id": "summon_werewolf_claw", "no_fail": true, "level": 1, "need_worn": true }
  },
  {
    "id": "werewolf_claw",
    "type": "TOOL",
    "name": "月爪",
    "description": "你的双手化作狼爪，皎白月火萦绕爪尖。",
    "weight": "1 g",
    "volume": "200 ml",
    "price": 1,
    "to_hit": 2,
    "cutting": 25,
    "material": [ "bone", "fur" ],
    "symbol": "[",
    "color": "white",
    "flags": [ "NO_UNWEILD", "STAB", "UNARMED_WEAPON", "DURABLE_MELEE", "MAGIC_FOCUS", "ONLY_ONE", "TRADER_AVOID" ],
    "techniques": [ "wolf_bite", "WBLOCK_2" ],
    "artifact_data": { "effects_wielded": ["AEP_STEALTH"] },
    "relic_data": { "passive_effects": [ { "has": "WIELD", "condition": "ALWAYS",
"values": [ { "value": "MOVE_COST", "add": -10 } ], "hit_you_effect": [ { "id": "druid_moon_fire" } ] } ] }
  },
  {
    "id": "Moonkin_surface",
    "type": "ARMOR",
    "name": "枭兽形态",
    "description": "变成一只身披毛羽的枭兽，自然之力对你更加亲切了。",
    "weight": "1g",
    "volume": "1ml",
    "material": [ "leather", "fur" ],
    "price": 0,
    "symbol": "o",
    "color": "brown",
    "covers": [ "LEGS", "TORSO", "ARMS", "HANDS", "HEAD", "FEET", "MOUTH", "EYES" ],
    "flags": [ "AURA", "SEMITANGIBLE", "OVERSIZE", "RAINPROOF", "ONLY_ONE", "TRADER_AVOID", "NO_TAKEOFF", "NONCONDUCTIVE" ],
    "coverage": 100,
    "encumbrance": 0,
    "warmth": 5,
    "environmental_protection": 5,
    "relic_data": { "passive_effects": [ { "has": "WORN", "condition": "ALWAYS", "values": [ { "value": "REGEN_MANA", "multiply": 2 }, { "value": "MAX_MANA", "multiply": 0.1, "add": 500 } ] } ] },
    "use_action": { "type": "cast_spell", "spell_id": "druid_Moonkin_flutter", "no_fail": true, "level": 1, "need_worn": true }
  }
]
