[
  {
    "type": "TOOL_ARMOR",
    "id": "moon_water_pro",
    "name": "湍流帷幕",
    "description": "来自月力潮汐的水刃，切碎那些试图逼近你的利爪尖牙。",
    "weight": "1g",
    "volume": "1ml",
    "price": 1,
    "symbol": "o",
    "color": "white",
    "material": [ "arcane_skin" ],
    "coverage": 0,
    "encumbrance": 0,
    "warmth": 0,
    "material_thickness": 1,
    "covers": [ "LEGS", "TORSO", "ARMS", "HANDS", "HEAD", "FEET", "MOUTH", "EYES" ],
    "flags": [ "AURA", "SEMITANGIBLE", "OVERSIZE", "ONLY_ONE", "TRADER_AVOID", "NO_TAKEOFF" ],
    "relic_data": {
      "passive_effects": [ { "has": "WORN", "condition": "ALWAYS", "hit_me_effect": [ { "id": "moon_water1" } ], "values": [ { "value": "ARMOR_CUT", "add": -3 }, { "value": "ARMOR_BASH", "add": -3 }, { "value": "ARMOR_STAB", "add": -3 } ] } ]
    } 
  },
  {
    "id": "moon_water1",
    "type": "SPELL",
    "name": "潮汐水刃1",
    "description": "只是湍流帷幕的附带法术。",
    "valid_targets": [ "hostile", "ground" ],
    "flags": [ "SOMATIC", "SILENT", "RANDOM_DAMAGE" ],
    "effect": "target_attack",
    "effect_str": "Ds_frozen",
    "min_damage": 5, "max_damage": 15,
    "damage_type": "cut",
    "difficulty": 1, "max_level": 1,
    "min_aoe": 2, "max_aoe": 2,
    "min_duration": 300, "max_duration": 300,
    "base_casting_time": 100,
    "extra_effects": [ { "id": "moon_water2" } ]
  },
  {
    "id": "moon_water2",
    "type": "SPELL",
    "name": "潮汐水刃2",
    "description": "只是湍流帷幕的附带法术。",
    "valid_targets": [ "hostile" ],
    "flags": [ "SOMATIC", "SILENT", "RANDOM_DAMAGE", "RANDOM_TARGET" ],
    "effect": "target_attack",
    "effect_str": "Ds_frozen",
    "min_damage": 10, "max_damage": 30,
    "damage_type": "cut",
    "difficulty": 1, "max_level": 1,
    "min_range": 3, "max_range": 3,
    "min_duration": 300, "max_duration": 300,
    "base_casting_time": 100
  },
  {
    "type": "TOOL_ARMOR",
    "id": "sun_fire_pro",
    "name": "日冕庇护",
    "description": "来自太阳表层的火光，灼伤那些试图逼近你的利爪尖牙。",
    "weight": "1g",
    "volume": "1ml",
    "price": 1,
    "symbol": "o",
    "color": "yellow",
    "material": [ "arcane_skin" ],
    "coverage": 0,
    "encumbrance": 0,
    "warmth": 0,
    "material_thickness": 1,
    "covers": [ "LEGS", "TORSO", "ARMS", "HANDS", "HEAD", "FEET", "MOUTH", "EYES" ],
    "flags": [ "LIGHT_30", "AURA", "SEMITANGIBLE", "OVERSIZE", "ONLY_ONE", "TRADER_AVOID", "NO_TAKEOFF" ],
    "relic_data": {
      "passive_effects": [ { "has": "WORN", "condition": "ALWAYS", "hit_me_effect": [ { "id": "sun_fire" } ] } ]
    } 
  },
  {
    "id": "sun_fire",
    "type": "SPELL",
    "name": "日冕喷发",
    "description": "只是日冕庇护的附带法术。",
    "valid_targets": [ "hostile", "ground" ],
    "flags": [ "SOMATIC", "SILENT", "RANDOM_DAMAGE" ],
    "effect": "target_attack",
    "effect_str": "onfire",
    "min_damage": 10, "max_damage": 30,
    "damage_type": "fire",
    "min_aoe": 2, "max_aoe": 2,
    "difficulty": 1, "max_level": 1,
    "base_casting_time": 100
  },
  {
    "type": "TOOL_ARMOR",
    "id": "frost_armor",
    "name": "冰霜护甲",
    "description": "一层笼罩全身的魔力护甲，似乎由冰构成，提供少许防护。",
    "weight": "1g",
    "volume": "1ml",
    "price": 1,
    "symbol": "o",
    "color": "white",
    "material": [ "powder" ],
    "coverage": 100,
    "encumbrance": 0,
    "warmth": 0,
    "material_thickness": 1,
    "covers": [ "LEGS", "TORSO", "ARMS", "HANDS", "HEAD", "FEET", "MOUTH", "EYES" ],
    "flags": [ "PERSONAL", "SEMITANGIBLE", "OVERSIZE", "ONLY_ONE", "TRADER_AVOID", "NO_TAKEOFF" ],
    "relic_data": {
      "passive_effects": [ { "has": "WORN", "condition": "ALWAYS", "values": [ { "value": "ARMOR_CUT", "add": -3 }, { "value": "ARMOR_BASH", "add": -3 }, { "value": "ARMOR_STAB", "add": -3 } ] } ]
    } 
  },
  {
    "abstract": "morb",
    "type": "TOOL_ARMOR",
    "name": "法球模板",
    "description": "只是法球类装备的物品模板。",
    "weight": "4 g",
    "volume": 0,
    "price": 1,
    "material": [ "arcane_skin" ],
    "symbol": "o",
    "coverage": 0,
    "warmth": 0,
    "flags": [ "LIGHT_5", "WATER_FRIENDLY", "ALLOWS_NATURAL_ATTACKS", "FANCY", "ONLY_ONE", "OVERSIZE", "PERSONAL", "TRADER_AVOID" ]
  },
  {
    "copy-from": "morb",
    "type": "TOOL_ARMOR",
    "id": "morb_flaming",
    "name": "烈焰法球",
    "description": "法球围绕手腕飞舞，其中临时储存了三发【燃烧之手】，并为你的近战攻击附加一些火焰伤害。",
    "color": "red",
    "covers": [ "HAND_EITHER" ],
    "initial_charges": 3,
    "max_charges": 3,
    "charges_per_use": 1,
    "relic_data": { "passive_effects": [ { "has": "WORN", "condition": "ALWAYS", "hit_you_effect": [ { "id": "flamingslay" } ] } ] },
    "use_action": [ { "type": "cast_spell", "spell_id": "burning_hands", "no_fail": true, "level": 10, "need_worn": true } ]
  },
  {
    "id": "flamingslay",
    "type": "SPELL",
    "name": "火刃附魔",
    "description": "只是烈焰法球的附带效果。",
    "effect": "target_attack",
    "valid_targets": [ "self", "ally", "hostile", "ground" ],
    "flags": [ "SILENT", "RANDOM_DAMAGE" ],
    "max_level": 1,
    "min_damage": 15, "max_damage": 30,
    "min_range": 1, "max_range": 1,
    "base_casting_time": 100, "difficulty": 1,
    "damage_type": "fire"
  },
  {
    "copy-from": "morb",
    "type": "TOOL_ARMOR",
    "id": "morb_coldjail",
    "name": "淬冷法球",
    "description": "天蓝色法球中似乎是一个微型传送门，已经充能完毕，可以激活。",
    "color": "cyan",
    "use_action": {
        "target": "coldjail_act",
        "msg": "你激活微型传送门。",
        "target_charges": 1200,
        "active": true,
        "menu_text": "激活",
        "type": "transform" }
  },
  {
    "type": "TOOL",
    "id": "coldjail_act",
    "name": "淬冷牢笼",
    "description": "“啊嚏！把这玩意儿~丢粗~客~”",
    "color": "cyan",
    "weight": "4 g",
    "volume": 0,
    "price": 1,
    "material": [ "arcane_skin" ],
    "symbol": "$",
    "flags": [ "LIGHT_10" ],
    "initial_charges": 1200,
    "max_charges": 1200,
    "turns_per_charge": 72,
    "revert_to": "Ds_dirtywords_note2",
    "emits": [ "emit_cold_Ds" ],
    "use_action":
       { "target": "Ds_dirtywords_note2",
         "msg": "淬冷牢笼消失了",
         "active": false,
         "menu_text": "解除",
         "type": "transform" }
  },
  {
    "type": "GENERIC",
    "id": "Ds_dirtywords_note2",
    "name": "论辩小纸条",
    "description": "纸条以语法生硬的英语赞许对方法术造诣堪比大不列颠名菜。",
    "weight": "1 g",
    "volume": "1 ml",
    "price": 1,
    "material": [ "paper" ],
    "symbol": "?",
    "color": "white"
  },
  {
    "copy-from": "morb",
    "type": "TOOL_ARMOR",
    "id": "morb_coldness",
    "name": "北风艾恩石",
    "description": "这颗蓝色艾恩石悬浮在你脑袋附近，就像月亮绕着地球公转。“这枚符文是啥？”",
    "color": "blue",
    "covers": [ "HEAD" ],
    "use_action": {
        "target": "morb_coldness_coldair",
        "msg": "你激活艾恩石的冷凝符文。",
        "target_charges": 100,
        "active": true,
        "menu_text": "冷凝符文",
        "type": "transform" }
  },
  {
    "copy-from": "morb",
    "type": "TOOL_ARMOR",
    "id": "morb_coldness_coldair",
    "name": "北风艾恩石·冷凝",
    "description": "艾恩石洒落冰凉气流。“这枚符文又是啥？”",
    "color": "blue",
    "covers": [ "HEAD" ],
    "initial_charges": 100,
    "max_charges": 100,
    "turns_per_charge": 72,
    "revert_to": "Kl_dirtywords_note",
    "emits": [ "emit_cold_air3_morb" ],
    "use_action":
       { "target": "morb_coldness_greater",
         "msg": "你激活艾恩石的深寒符文。",
         "active": true,
         "menu_text": "深寒符文",
         "type": "transform" }
  },
  {
    "copy-from": "morb",
    "type": "TOOL_ARMOR",
    "id": "morb_coldness_greater",
    "name": "北风艾恩石·深寒",
    "description": "艾恩石洒落的气息愈发冰寒，你感觉自己已进入贤者状态。",
    "color": "blue",
    "covers": [ "HEAD" ],
    "initial_charges": 100,
    "max_charges": 100,
    "turns_per_charge": 72,
    "revert_to": "Kl_dirtywords_note",
    "emits": [ "emit_cold_air3_morb_greater" ]
  },
  {
    "type": "GENERIC",
    "id": "Kl_dirtywords_note",
    "name": "论辩小纸条",
    "description": "纸条用某种凯尔特语委婉地问候论辩对手全家，并在结尾诚挚邀请对方以皇家卫队身份参加老佛爷的200岁生辰典礼。",
    "weight": "1 g",
    "volume": "1 ml",
    "price": 1,
    "material": [ "paper" ],
    "symbol": "?",
    "color": "white"
  },
  {
    "type": "GENERIC",
    "id": "Kl_dirtywords_note2",
    "name": "论辩小纸条",
    "description": "一首十四行诗，大致内容是把异界来客比作法国佬。",
    "weight": "1 g",
    "volume": "1 ml",
    "price": 1,
    "material": [ "paper" ],
    "symbol": "?",
    "color": "white"
  },
  {
    "copy-from": "morb",
    "type": "TOOL_ARMOR",
    "id": "morb_warmth",
    "name": "暖气法珠",
    "description": "这颗漂亮的火红法珠围绕手腕缓缓旋转。“这枚符文是啥？”",
    "color": "red",
    "covers": [ "HAND_EITHER" ],
    "use_action": {
        "target": "morb_warmth_hotair",
        "msg": "你激活法珠表面的热流符文。",
        "target_charges": 100,
        "active": true,
        "menu_text": "热流符文",
        "type": "transform" }
  },
  {
    "copy-from": "morb",
    "type": "TOOL_ARMOR",
    "id": "morb_warmth_hotair",
    "name": "暖气法珠·热流",
    "description": "法珠喷射燠热气流。“这枚符文又是啥？”",
    "color": "red",
    "covers": [ "HAND_EITHER" ],
    "initial_charges": 100,
    "max_charges": 100,
    "turns_per_charge": 72,
    "revert_to": "Ds_dirtywords_note",
    "emits": [ "emit_hot_air3_morb" ],
    "use_action": [
       { "type": "firestarter", "moves": 20 },
       { "target": "morb_warmth_act",
         "msg": "你激活法珠表面的爆裂符文。",
         "target_charges": 10,
         "active": true,
         "menu_text": "爆裂符文",
         "type": "transform" } ]
  },
  {
    "type": "GENERIC",
    "id": "Ds_dirtywords_note",
    "name": "论辩小纸条",
    "description": "小纸条上的文字你从未见过，估计是一些异界粗口。",
    "weight": "1 g",
    "volume": "1 ml",
    "price": 1,
    "material": [ "paper" ],
    "symbol": "?",
    "color": "white"
  },
  {
    "copy-from": "morb",
    "type": "TOOL_ARMOR",
    "id": "morb_warmth_act",
    "name": "暖气法珠·爆裂",
    "description": "法珠看上去极不稳定，仿佛10秒之内就要展现艺术真谛。",
    "color": "red",
    "covers": [ "HAND_EITHER" ],
    "initial_charges": 10,
    "max_charges": 10,
    "turns_per_charge": 1,
    "use_action": [ "GRENADE_INC_ACT" ],
    "flags": [ "BOMB" ]
  }
]
