[
  {
    "id": "recovery_wind",
    "type": "ARMOR",
    "name": "复苏之风",
    "description": "一股柔和的天界之风。",
    "weight": "1g",
    "volume": "1ml",
    "price": 3646,
    "symbol": "o",
    "color": "yellow",
    "covers": [ "LEGS", "TORSO", "ARMS", "HANDS", "HEAD", "FEET", "MOUTH", "EYES" ],
    "flags": [ "AURA", "SEMITANGIBLE", "OVERSIZE", "ONLY_ONE", "TRADER_AVOID", "NO_TAKEOFF", "NONCONDUCTIVE" ],
    "relic_data": {
      "passive_effects": [ { "has": "WORN", "condition": "ALWAYS", "values": [ { "value": "REGEN_STAMINA", "multiply": 4 } ] } ]
    }
  }
]
