[
{
    "type": "monstergroup",
    "name": "GROUP_RIVER",
    "default": "mon_null",
    "is_animal": true,
    "monsters": [
     {
        "monster": "mon_wxkj_bll1",
        "freq": 100,
        "cost_multiplier": 1,    
        "pack_size": [ 1, 1 ],
        "conditions": ["DUSK", "NIGHT","DAY","DAWN", "SPRING", "SUMMER", "AUTUMN" ]
      },
      {
        "monster": "mon_wxkj_mns1",
        "freq": 100,
        "cost_multiplier": 1,    
        "pack_size": [ 1, 1 ],
        "conditions": ["DUSK", "NIGHT","DAY","DAWN", "SPRING", "SUMMER", "AUTUMN" ]
      },
      {
        "monster": "mon_wxkj_lyw1",
        "freq": 100,
        "cost_multiplier": 1,    
        "pack_size": [ 1, 3 ],
        "conditions": ["DUSK", "NIGHT","DAY","DAWN", "SPRING", "SUMMER", "AUTUMN" ]
      },
      {
        "monster": "mon_wxkj_lyw2",
        "freq": 100,
        "cost_multiplier": 1,    
        "pack_size": [ 1, 3 ],
        "conditions": ["DUSK", "NIGHT","DAY","DAWN", "SPRING", "SUMMER", "AUTUMN" ]
      },
      {
        "monster": "mon_wxkj_lyw3",
        "freq": 100,
        "cost_multiplier": 1,    
        "pack_size": [ 1, 3 ],
        "conditions": ["DUSK", "NIGHT","DAY","DAWN", "SPRING", "SUMMER", "AUTUMN" ]
      },
      {
        "monster": "mon_wxkj_lyw4",
        "freq": 100,
        "cost_multiplier": 1,    
        "pack_size": [ 1, 3 ],
        "conditions": ["DUSK", "NIGHT","DAY","DAWN", "SPRING", "SUMMER", "AUTUMN" ]
      },  
      {
        "monster": "mon_wxkj_bby1",
        "freq": 100,
        "cost_multiplier": 1,    
        "pack_size": [ 1, 3 ],
        "conditions": ["DUSK", "NIGHT","DAY","DAWN", "SPRING", "SUMMER", "AUTUMN" ]
      },
      {
        "monster": "mon_wxkj_bby2",
        "freq": 100,
        "cost_multiplier": 1,    
        "pack_size": [ 1, 3 ],
        "conditions": ["DUSK", "NIGHT","DAY","DAWN", "SPRING", "SUMMER", "AUTUMN" ]
      },
      {
        "monster": "mon_wxkj_bby3",
        "freq": 100,
        "cost_multiplier": 1,    
        "pack_size": [ 1, 3 ],
        "conditions": ["DUSK", "NIGHT","DAY","DAWN", "SPRING", "SUMMER", "AUTUMN" ]
      },
      {
        "monster": "mon_wxkj_bby4",
        "freq": 100,
        "cost_multiplier": 1,    
        "pack_size": [ 1, 3 ],
        "conditions": ["DUSK", "NIGHT","DAY","DAWN", "SPRING", "SUMMER", "AUTUMN" ]
      },
                     
      { "monster": "mon_beaver", "freq": 30, "cost_multiplier": 10, "pack_size": [ 1, 3 ] },
      { "monster": "mon_beaver", "freq": 60, "cost_multiplier": 10, "pack_size": [ 1, 3 ], "conditions": [ "NIGHT" ] },
      { "monster": "mon_beaver", "freq": 30, "cost_multiplier": 10, "pack_size": [ 1, 3 ], "starts": 72 },
      { "monster": "mon_beaver", "freq": 30, "cost_multiplier": 10, "pack_size": [ 1, 3 ], "starts": 168 },
      { "monster": "mon_beaver", "freq": 30, "cost_multiplier": 10, "pack_size": [ 1, 3 ], "starts": 672 },
      { "monster": "mon_beaver", "freq": 30, "cost_multiplier": 10, "pack_size": [ 1, 3 ], "starts": 2160 },
      {
        "monster": "mon_mink",
        "freq": 10,
        "cost_multiplier": 20,
        "pack_size": [ 1, 2 ],
        "conditions": [ "SPRING", "SUMMER", "AUTUMN" ]
      },
      {
        "monster": "mon_mink",
        "freq": 20,
        "cost_multiplier": 20,
        "pack_size": [ 1, 2 ],
        "conditions": [ "DUSK", "NIGHT", "DAWN", "SPRING", "SUMMER", "AUTUMN" ]
      },
      {
        "monster": "mon_muskrat",
        "freq": 30,
        "cost_multiplier": 5,
        "pack_size": [ 1, 5 ],
        "conditions": [ "SPRING", "SUMMER", "AUTUMN" ]
      },
      {
        "monster": "mon_muskrat",
        "freq": 60,
        "cost_multiplier": 5,
        "pack_size": [ 1, 5 ],
        "conditions": [ "NIGHT", "SPRING", "SUMMER", "AUTUMN" ]
      },
      {
        "monster": "mon_otter",
        "freq": 10,
        "cost_multiplier": 5,
        "pack_size": [ 1, 8 ],
        "conditions": [ "SPRING", "SUMMER", "AUTUMN" ]
      },
      {
        "monster": "mon_otter",
        "freq": 20,
        "cost_multiplier": 5,
        "pack_size": [ 1, 8 ],
        "conditions": [ "NIGHT", "SPRING", "SUMMER", "AUTUMN" ]
      },
      {
        "monster": "mon_duck",
        "freq": 30,
        "cost_multiplier": 5,
        "pack_size": [ 1, 4 ],
        "conditions": [ "SPRING", "SUMMER", "AUTUMN" ]
      },
      {
        "monster": "mon_duck",
        "freq": 60,
        "cost_multiplier": 5,
        "pack_size": [ 1, 4 ],
        "conditions": [ "DAWN", "DAY", "SPRING", "SUMMER", "AUTUMN" ]
      },
      {
        "monster": "mon_goose_canadian",
        "freq": 30,
        "cost_multiplier": 5,
        "pack_size": [ 1, 4 ],
        "conditions": [ "SPRING", "SUMMER", "AUTUMN" ]
      },
      {
        "monster": "mon_goose_canadian",
        "freq": 60,
        "cost_multiplier": 5,
        "pack_size": [ 1, 4 ],
        "conditions": [ "DAWN", "DAY", "SPRING", "SUMMER", "AUTUMN" ]
      },
      {
        "monster": "mon_sludge_crawler",
        "freq": 3,
        "cost_multiplier": 2,
        "starts": 168,
        "conditions": [ "DUSK", "NIGHT", "DAWN", "SPRING", "SUMMER", "AUTUMN" ]
      },
      {
        "monster": "mon_sludge_crawler",
        "freq": 3,
        "cost_multiplier": 2,
        "starts": 336,
        "conditions": [ "DUSK", "NIGHT", "DAWN", "SPRING", "SUMMER", "AUTUMN" ]
      },
      {
        "monster": "mon_sludge_crawler",
        "freq": 4,
        "cost_multiplier": 2,
        "starts": 504,
        "conditions": [ "DUSK", "NIGHT", "DAWN", "SPRING", "SUMMER", "AUTUMN" ]
      },
      {
        "monster": "mon_sludge_crawler",
        "freq": 3,
        "cost_multiplier": 2,
        "starts": 672,
        "conditions": [ "DUSK", "NIGHT", "DAWN", "SPRING", "SUMMER", "AUTUMN" ]
      },
      {
        "monster": "mon_sludge_crawler",
        "freq": 3,
        "cost_multiplier": 2,
        "starts": 840,
        "conditions": [ "DUSK", "NIGHT", "DAWN", "SPRING", "SUMMER", "AUTUMN" ]
      },
      {
        "monster": "mon_sludge_crawler",
        "freq": 4,
        "cost_multiplier": 2,
        "starts": 1008,
        "conditions": [ "DUSK", "NIGHT", "DAWN", "SPRING", "SUMMER", "AUTUMN" ]
      },
      { "monster": "mon_zhark", "freq": 1, "cost_multiplier": 25, "starts": 24, "pack_size": [ 1, 3 ] },
      { "monster": "mon_zhark", "freq": 2, "cost_multiplier": 25, "starts": 672, "pack_size": [ 1, 3 ] },
      { "monster": "mon_mutant_carp", "freq": 3, "cost_multiplier": 15, "starts": 168 },
      { "monster": "mon_mutant_salmon", "freq": 2, "cost_multiplier": 15, "starts": 168 },
      { "monster": "mon_fish_eel", "freq": 25, "cost_multiplier": 3, "pack_size": [ 1, 3 ] },
      {
        "monster": "mon_fish_eel",
        "freq": 50,
        "cost_multiplier": 3,
        "conditions": [ "DAWN", "DUSK" ],
        "pack_size": [ 1, 3 ]
      },
      { "monster": "mon_fish_bowfin", "freq": 25, "cost_multiplier": 3, "pack_size": [ 1, 3 ] },
      {
        "monster": "mon_fish_bowfin",
        "freq": 50,
        "cost_multiplier": 3,
        "conditions": [ "DAWN", "DUSK" ],
        "pack_size": [ 1, 3 ]
      },
      { "monster": "mon_fish_bullhead", "freq": 25, "cost_multiplier": 3, "pack_size": [ 1, 3 ] },
      {
        "monster": "mon_fish_bullhead",
        "freq": 50,
        "cost_multiplier": 3,
        "conditions": [ "DAWN", "DUSK" ],
        "pack_size": [ 1, 3 ]
      },
      { "monster": "mon_fish_trout", "freq": 15, "cost_multiplier": 8, "pack_size": [ 1, 3 ] },
      {
        "monster": "mon_fish_trout",
        "freq": 20,
        "cost_multiplier": 8,
        "conditions": [ "DAWN", "DUSK" ],
        "pack_size": [ 1, 3 ]
      },
      { "monster": "mon_fish_brown_trout", "freq": 15, "cost_multiplier": 8, "pack_size": [ 1, 3 ] },
      {
        "monster": "mon_fish_brown_trout",
        "freq": 20,
        "cost_multiplier": 8,
        "conditions": [ "DAWN", "DUSK" ],
        "pack_size": [ 1, 3 ]
      },
      { "monster": "mon_fish_brook_trout", "freq": 15, "cost_multiplier": 8, "pack_size": [ 1, 3 ] },
      {
        "monster": "mon_fish_brook_trout",
        "freq": 20,
        "cost_multiplier": 8,
        "conditions": [ "DAWN", "DUSK" ],
        "pack_size": [ 1, 3 ]
      },
      { "monster": "mon_fish_lake_trout", "freq": 15, "cost_multiplier": 8, "pack_size": [ 1, 3 ] },
      {
        "monster": "mon_fish_lake_trout",
        "freq": 20,
        "cost_multiplier": 8,
        "conditions": [ "DAWN", "DUSK" ],
        "pack_size": [ 1, 3 ]
      },
      { "monster": "mon_fish_rainbow_trout", "freq": 15, "cost_multiplier": 8, "pack_size": [ 1, 3 ] },
      {
        "monster": "mon_fish_rainbow_trout",
        "freq": 20,
        "cost_multiplier": 8,
        "conditions": [ "DAWN", "DUSK" ],
        "pack_size": [ 1, 3 ]
      },
      { "monster": "mon_fish_steelhead_trout", "freq": 15, "cost_multiplier": 8, "pack_size": [ 1, 3 ] },
      {
        "monster": "mon_fish_steelhead_trout",
        "freq": 20,
        "cost_multiplier": 8,
        "conditions": [ "DAWN", "DUSK" ],
        "pack_size": [ 1, 3 ]
      },
      { "monster": "mon_fish_kokanee_salmon", "freq": 15, "cost_multiplier": 8, "pack_size": [ 1, 3 ] },
      {
        "monster": "mon_fish_kokanee_salmon",
        "freq": 20,
        "cost_multiplier": 8,
        "conditions": [ "DAWN", "DUSK" ],
        "pack_size": [ 1, 3 ]
      },
      { "monster": "mon_fish_chinook_salmon", "freq": 15, "cost_multiplier": 8, "pack_size": [ 1, 3 ] },
      {
        "monster": "mon_fish_chinook_salmon",
        "freq": 20,
        "cost_multiplier": 8,
        "conditions": [ "DAWN", "DUSK" ],
        "pack_size": [ 1, 3 ]
      },
      { "monster": "mon_fish_coho_salmon", "freq": 15, "cost_multiplier": 8, "pack_size": [ 1, 3 ] },
      {
        "monster": "mon_fish_coho_salmon",
        "freq": 20,
        "cost_multiplier": 8,
        "conditions": [ "DAWN", "DUSK" ],
        "pack_size": [ 1, 3 ]
      },
      { "monster": "mon_fish_white_bass", "freq": 15, "cost_multiplier": 8, "pack_size": [ 1, 3 ] },
      {
        "monster": "mon_fish_white_bass",
        "freq": 20,
        "cost_multiplier": 8,
        "conditions": [ "DAWN", "DUSK" ],
        "pack_size": [ 1, 3 ]
      },
      { "monster": "mon_fish_walleye", "freq": 15, "cost_multiplier": 8, "pack_size": [ 1, 3 ] },
      {
        "monster": "mon_fish_walleye",
        "freq": 20,
        "cost_multiplier": 8,
        "conditions": [ "DAWN", "DUSK" ],
        "pack_size": [ 1, 3 ]
      },
      { "monster": "mon_fish_pumpkinseed", "freq": 15, "cost_multiplier": 8, "pack_size": [ 1, 3 ] },
      {
        "monster": "mon_fish_pumpkinseed",
        "freq": 20,
        "cost_multiplier": 8,
        "conditions": [ "DAWN", "DUSK" ],
        "pack_size": [ 1, 3 ]
      },
      { "monster": "mon_fish_redbreast", "freq": 15, "cost_multiplier": 8, "pack_size": [ 1, 3 ] },
      {
        "monster": "mon_fish_redbreast",
        "freq": 20,
        "cost_multiplier": 8,
        "conditions": [ "DAWN", "DUSK" ],
        "pack_size": [ 1, 3 ]
      },
      { "monster": "mon_fish_green_sunfish", "freq": 15, "cost_multiplier": 8, "pack_size": [ 1, 3 ] },
      {
        "monster": "mon_fish_green_sunfish",
        "freq": 20,
        "cost_multiplier": 8,
        "conditions": [ "DAWN", "DUSK" ],
        "pack_size": [ 1, 3 ]
      },
      { "monster": "mon_fish_longear_sunfish", "freq": 15, "cost_multiplier": 8, "pack_size": [ 1, 3 ] },
      {
        "monster": "mon_fish_longear_sunfish",
        "freq": 20,
        "cost_multiplier": 8,
        "conditions": [ "DAWN", "DUSK" ],
        "pack_size": [ 1, 3 ]
      },
      { "monster": "mon_fish_redear_sunfish", "freq": 15, "cost_multiplier": 8, "pack_size": [ 1, 3 ] },
      {
        "monster": "mon_fish_redear_sunfish",
        "freq": 20,
        "cost_multiplier": 8,
        "conditions": [ "DAWN", "DUSK" ],
        "pack_size": [ 1, 3 ]
      },
      { "monster": "mon_fish_rock_bass", "freq": 15, "cost_multiplier": 8, "pack_size": [ 1, 3 ] },
      {
        "monster": "mon_fish_rock_bass",
        "freq": 20,
        "cost_multiplier": 8,
        "conditions": [ "DAWN", "DUSK" ],
        "pack_size": [ 1, 3 ]
      },
      { "monster": "mon_fish_calico_bass", "freq": 15, "cost_multiplier": 8, "pack_size": [ 1, 3 ] },
      {
        "monster": "mon_fish_calico_bass",
        "freq": 20,
        "cost_multiplier": 8,
        "conditions": [ "DAWN", "DUSK" ],
        "pack_size": [ 1, 3 ]
      },
      { "monster": "mon_fish_warmouth", "freq": 15, "cost_multiplier": 8, "pack_size": [ 1, 3 ] },
      {
        "monster": "mon_fish_warmouth",
        "freq": 20,
        "cost_multiplier": 8,
        "conditions": [ "DAWN", "DUSK" ],
        "pack_size": [ 1, 3 ]
      },
      { "monster": "mon_fish_channel_catfish", "freq": 15, "cost_multiplier": 8, "pack_size": [ 1, 3 ] },
      {
        "monster": "mon_fish_channel_catfish",
        "freq": 20,
        "cost_multiplier": 8,
        "conditions": [ "DAWN", "DUSK" ],
        "pack_size": [ 1, 3 ]
      },
      { "monster": "mon_fish_white_catfish", "freq": 15, "cost_multiplier": 8, "pack_size": [ 1, 3 ] },
      {
        "monster": "mon_fish_white_catfish",
        "freq": 20,
        "cost_multiplier": 8,
        "conditions": [ "DAWN", "DUSK" ],
        "pack_size": [ 1, 3 ]
      },
      { "monster": "mon_fish_muskellunge", "freq": 15, "cost_multiplier": 8, "pack_size": [ 1, 3 ] },
      {
        "monster": "mon_fish_muskellunge",
        "freq": 20,
        "cost_multiplier": 8,
        "conditions": [ "DAWN", "DUSK" ],
        "pack_size": [ 1, 3 ]
      },
      { "monster": "mon_fish_white_sucker", "freq": 15, "cost_multiplier": 8, "pack_size": [ 1, 3 ] },
      {
        "monster": "mon_fish_white_sucker",
        "freq": 20,
        "cost_multiplier": 8,
        "conditions": [ "DAWN", "DUSK" ],
        "pack_size": [ 1, 3 ]
      },
      { "monster": "mon_fish_grass_carp", "freq": 15, "cost_multiplier": 8, "pack_size": [ 1, 3 ] },
      {
        "monster": "mon_fish_grass_carp",
        "freq": 20,
        "cost_multiplier": 8,
        "conditions": [ "DAWN", "DUSK" ],
        "pack_size": [ 1, 3 ]
      },
      { "monster": "mon_fish_fallfish", "freq": 15, "cost_multiplier": 8, "pack_size": [ 1, 3 ] },
      {
        "monster": "mon_fish_fallfish",
        "freq": 20,
        "cost_multiplier": 8,
        "conditions": [ "DAWN", "DUSK" ],
        "pack_size": [ 1, 3 ]
      },
      { "monster": "mon_fish_carp", "freq": 10, "cost_multiplier": 10, "pack_size": [ 1, 3 ] },
      {
        "monster": "mon_fish_carp",
        "freq": 15,
        "cost_multiplier": 10,
        "conditions": [ "DAWN", "DUSK" ],
        "pack_size": [ 1, 3 ]
      },
      { "monster": "mon_fish_pike", "freq": 15, "cost_multiplier": 8, "pack_size": [ 1, 3 ] },
      {
        "monster": "mon_fish_pike",
        "freq": 20,
        "cost_multiplier": 8,
        "conditions": [ "DAWN", "DUSK" ],
        "pack_size": [ 1, 3 ]
      },
      { "monster": "mon_fish_sbass", "freq": 25, "cost_multiplier": 3, "pack_size": [ 1, 3 ] },
      {
        "monster": "mon_fish_sbass",
        "freq": 50,
        "cost_multiplier": 3,
        "conditions": [ "DAWN", "DUSK" ],
        "pack_size": [ 1, 3 ]
      },
      { "monster": "mon_fish_perch", "freq": 30, "cost_multiplier": 3, "pack_size": [ 1, 3 ] },
      {
        "monster": "mon_fish_perch",
        "freq": 55,
        "cost_multiplier": 3,
        "conditions": [ "DAWN", "DUSK" ],
        "pack_size": [ 1, 3 ]
      },
      { "monster": "mon_fish_salmon", "freq": 15, "cost_multiplier": 8, "pack_size": [ 4, 6 ] },
      {
        "monster": "mon_fish_salmon",
        "freq": 20,
        "cost_multiplier": 8,
        "conditions": [ "DAWN", "DUSK" ],
        "pack_size": [ 4, 6 ]
      },
      { "monster": "mon_fish_lbass", "freq": 25, "cost_multiplier": 3, "pack_size": [ 1, 3 ] },
      {
        "monster": "mon_fish_lbass",
        "freq": 50,
        "cost_multiplier": 3,
        "conditions": [ "DAWN", "DUSK" ],
        "pack_size": [ 1, 3 ]
      },
      { "monster": "mon_fish_pbass", "freq": 25, "cost_multiplier": 3, "pack_size": [ 1, 3 ] },
      {
        "monster": "mon_fish_pbass",
        "freq": 50,
        "cost_multiplier": 3,
        "conditions": [ "DAWN", "DUSK" ],
        "pack_size": [ 1, 3 ]
      },
      { "monster": "mon_fish_bluegill", "freq": 25, "cost_multiplier": 3, "pack_size": [ 1, 3 ] },
      {
        "monster": "mon_fish_bluegill",
        "freq": 50,
        "cost_multiplier": 3,
        "conditions": [ "DAWN", "DUSK" ],
        "pack_size": [ 1, 3 ]
      },
      { "monster": "mon_fish_whitefish", "freq": 30, "cost_multiplier": 2, "pack_size": [ 4, 6 ] },
      {
        "monster": "mon_fish_whitefish",
        "freq": 55,
        "cost_multiplier": 2,
        "conditions": [ "DAWN", "DUSK" ],
        "pack_size": [ 4, 6 ]
      },
      { "monster": "mon_fish_pickerel", "freq": 15, "cost_multiplier": 10, "pack_size": [ 1, 3 ] },
      {
        "monster": "mon_fish_pickerel",
        "freq": 20,
        "cost_multiplier": 10,
        "conditions": [ "DAWN", "DUSK" ],
        "pack_size": [ 1, 3 ]
      },
      { "monster": "mon_fish_blinky", "freq": 5, "cost_multiplier": 3, "pack_size": [ 1, 3 ] }
    ]
  }
]