  [
  {
    "id": "bot_rat",
    "type": "TOOL",
    "name": "黑鼠生成者",
    "description": "生成一个黑鼠.",
    "weight": 330,
    "volume": 3,
    "price": 60000,
    "to_hit": -3,
    "bashing": 6,
    "cutting": 6,
    "material": [ "aluminum", "plastic" ],
    "symbol": ",",
    "color": "light_green",
    "use_action": { "type": "place_monster", "monster_id": "mon_black_rat", "place_randomly": true }
  },
  {
    "id": "bot_acidic_pk",
    "type": "TOOL",
    "name": "酸液丧尸生成者",
    "description": "生成一个酸液丧尸.",
    "weight": 330,
    "volume": 3,
    "price": 60000,
    "to_hit": -3,
    "bashing": 6,
    "cutting": 6,
    "material": [ "aluminum", "plastic" ],
    "symbol": ",",
    "color": "light_green",
    "use_action": { "type": "place_monster", "monster_id": "mon_zombie_acidic_pk", "place_randomly": true }
  },
  {
    "id": "bot_blind",
    "type": "TOOL",
    "name": "盲人丧尸生成者",
    "description": "生成一个盲人丧尸.",
    "weight": 330,
    "volume": 3,
    "price": 60000,
    "to_hit": -3,
    "bashing": 6,
    "cutting": 6,
    "material": [ "aluminum", "plastic" ],
    "symbol": ",",
    "color": "light_green",
    "use_action": { "type": "place_monster", "monster_id": "mon_zombie_blind", "place_randomly": true }
  },{
    "id": "bot_grabber",
    "type": "TOOL",
    "name": "肉钩丧尸生成者",
    "description": "生成一个肉钩丧尸.",
    "weight": 330,
    "volume": 3,
    "price": 60000,
    "to_hit": -3,
    "bashing": 6,
    "cutting": 6,
    "material": [ "aluminum", "plastic" ],
    "symbol": ",",
    "color": "light_green",
    "use_action": { "type": "place_monster", "monster_id": "mon_zombie_grabber", "place_randomly": true }
  },
  {
    "id": "bot_hollow",
    "type": "TOOL",
    "name": "变形丧尸生成者",
    "description": "生成一个变形丧尸.",
    "weight": 330,
    "volume": 3,
    "price": 60000,
    "to_hit": -3,
    "bashing": 6,
    "cutting": 6,
    "material": [ "aluminum", "plastic" ],
    "symbol": ",",
    "color": "light_green",
    "use_action": { "type": "place_monster", "monster_id": "mon_zombie_hollow", "place_randomly": true }
  },
  {
    "id": "bot_shady",
    "type": "TOOL",
    "name": "黑影丧尸生成者",
    "description": "生成一个黑影丧尸.",
    "weight": 330,
    "volume": 3,
    "price": 60000,
    "to_hit": -3,
    "bashing": 6,
    "cutting": 6,
    "material": [ "aluminum", "plastic" ],
    "symbol": ",",
    "color": "light_green",
    "use_action": { "type": "place_monster", "monster_id": "mon_zombie_shady", "place_randomly": true }
  },
  {
    "id": "bot_spider_web_omega",
    "type": "TOOL",
    "name": "巨型毒网蛛生成者",
    "description": "生成一个巨型毒网蛛.",
    "weight": 330,
    "volume": 3,
    "price": 60000,
    "to_hit": -3,
    "bashing": 6,
    "cutting": 6,
    "material": [ "aluminum", "plastic" ],
    "symbol": ",",
    "color": "light_green",
    "use_action": { "type": "place_monster", "monster_id": "mon_spider_web_omega", "place_randomly": true }
  },
  {
    "id": "bot_spider_web_s",
    "type": "TOOL",
    "name": "巨型网蛛幼体生成者",
    "description": "生成一个巨型网蛛幼体.",
    "weight": 330,
    "volume": 3,
    "price": 60000,
    "to_hit": -3,
    "bashing": 6,
    "cutting": 6,
    "material": [ "aluminum", "plastic" ],
    "symbol": ",",
    "color": "light_green",
    "use_action": { "type": "place_monster", "monster_id": "mon_spider_web_s", "place_randomly": true }
  },
  {
    "id": "bot_spider_trapdoor_giant",
    "type": "TOOL",
    "name": "巨型螲蟷蛛生成者",
    "description": "生成一个巨型螲蟷蛛.",
    "weight": 330,
    "volume": 3,
    "price": 60000,
    "to_hit": -3,
    "bashing": 6,
    "cutting": 6,
    "material": [ "aluminum", "plastic" ],
    "symbol": ",",
    "color": "light_green",
    "use_action": { "type": "place_monster", "monster_id": "mon_spider_trapdoor_giant", "place_randomly": true }
  },
  {
    "id": "bot_trapdoor_s",
    "type": "TOOL",
    "name": "螲蟷蛛生成者",
    "description": "生成一个螲蟷蛛.",
    "weight": 330,
    "volume": 3,
    "price": 60000,
    "to_hit": -3,
    "bashing": 6,
    "cutting": 6,
    "material": [ "aluminum", "plastic" ],
    "symbol": ",",
    "color": "light_green",
    "use_action": { "type": "place_monster", "monster_id": "mon_spider_trapdoor", "place_randomly": true }
  },
  {
    "id": "bot_spider_trapdoor_giant_guardian",
    "type": "TOOL",
    "name": "巨型地窖蛛α生成者",
    "description": "生成一个巨型地窖蛛α.",
    "weight": 330,
    "volume": 3,
    "price": 60000,
    "to_hit": -3,
    "bashing": 6,
    "cutting": 6,
    "material": [ "aluminum", "plastic" ],
    "symbol": ",",
    "color": "light_green",
    "use_action": { "type": "place_monster", "monster_id": "mon_spider_trapdoor_giant_guardian", "place_randomly": true }
  }
]