[
  {
    "id": "handflare",
    "type": "TOOL",
    "name": "照明弹",
    "description": "一个缓慢燃烧的镁制照明弹.用它击打撞击器并点燃它.它将产生约半小时的强光.照明弹需要几秒钟才能完全点燃.",
    "material": [ "plastic", "powder" ],
    "symbol": ";",
    "color": "light_red",
    "weight": 128,
    "volume": 1,
    "price": 400,
    "use_action": { "type": "transform", "target": "handflare_act", "active": true, "target_charges": 6, "msg": "You strike your flare." }
  },
  {
    "id": "handflare_act",
    "type": "TOOL",
    "name": "照明弹（就绪）",
    "copy-from": "handflare",
    "description": "一个缓慢燃烧的镁制照明弹.激活它将产生约半小时的强光.",
    "initial_charges": 6,
    "turns_per_charge": 1,
    "countdown_interval": 6,
    "countdown_action": { "type": "transform", "target": "handflare_lit", "target_charges": 300, "active": true, "msg": "The flare lights up." }
  },
  {
    "id": "handflare_lit",
    "copy-from": "handflare",
    "type": "TOOL",
    "name": "照明弹（激活）",
    "description": "一个正在燃烧的镁制照明弹.它将产生约半小时的强光..",
    "color": "white",
    "initial_charges": 300,
    "max_charges": 300,
    "emits": [ "emit_smoke_flare" ],
    "turns_per_charge": 1,
    "revert_to": "handflare_dead",
    "revert_msg": "照明弹发出了亮光",
    "use_action": [  ],
    "flags": [ "FIRE", "LIGHT_240", "CHARGEDIM", "FLAMING", "TRADER_AVOID" ]
  },
  {
    "id": "cell_phone_flashlight",
    "copy-from": "cell_phone_flashlight",
    "type": "TOOL",
    "name": "手机-手电筒",
    "name_plural": "手机-手电筒",
    "turns_per_charge": 6
  }
]
