[
  {
    "type": "GENERIC",
    "id": "sword_nail",
    "symbol": "!",
    "color": "light_gray",
    "name": "nord",
    "description": "The nail sword, or nord for short.  This wooden sword has a dozen nails sticking at jagged angles from edge of the blade, making it much better at chopping than slashing.",
    "material": "wood",
    "volume": 7,
    "weight": 648,
    "bashing": 12,
    "cutting": 4,
    "to_hit": 1,
    "techniques": [ "WBLOCK_1" ]
  },
  {
    "id": "ax",
    "type": "TOOL",
    "name": "wood axe",
    "description": "This is a large, two-handed wood axe.  It makes a good melee weapon, but is a bit slow to recover between swings.",
    "weight": 2267,
    "volume": 10,
    "price": 10500,
    "to_hit": 1,
    "bashing": 20,
    "cutting": 14,
    "material": [ "wood", "steel" ],
    "techniques": [ "heavy_blow", "stuck_in_1", "stuck_in_2", "stuck_in_3" ],
    "symbol": "/",
    "color": "light_gray",
    "qualities": [ [ "AXE", 3 ] ],
    "flags": [ "NONCONDUCTIVE", "SHEATH_AXE"  ]
  },
  {
    "id": "battleaxe",
    "type": "TOOL",
    "category": "weapons",
    "name": "battle axe",
    "description": "This is a huge axe designed for warfare.  Though intended for use as a weapon, it can also be pressed into service as a rather clumsy woodcutting tool.",
    "weight": 2002,
    "volume": 10,
    "price": 40000,
    "to_hit": 1,
    "bashing": 20,
    "cutting": 30,
    "material": [ "steel", "wood" ],
    "techniques": [ "WIDE", "BRUTAL", "stuck_in_1", "stuck_in_2", "stuck_in_3" ],
    "symbol": "/",
    "color": "light_gray",
    "qualities": [ [ "AXE", 2 ] ],
    "flags": [ "DURABLE_MELEE", "NONCONDUCTIVE", "SHEATH_AXE" ]
  },
  {
    "id": "battletorch",
    "copy-from": "battletorch",
    "type": "TOOL",
    "category": "weapons",
    "name": "Louisville Slaughterer",
    "description": "This is sturdy wood bat, wrapped in gasoline-soaked rags and flame-resistant Nomex fabric.  Light it, and the ball game will REALLY heat up.  You'll need a lighter or matches to light it.",
    "weight": 1485,
    "volume": 8,
    "price": 16000,
    "to_hit": 3,
    "bashing": 18,
    "material": [ "wood", "nomex" ],
    "techniques": [ "WBLOCK_1", "repose" ],
    "flags": [ "DURABLE_MELEE" ]
  },
  {
    "id": "battletorch_lit",
    "copy-from": "battletorch_lit",
    "type": "TOOL",
    "category": "weapons",
    "name": "Louisville Slaughterer (lit)",
    "name_plural": "Louisville Slaughterers (lit)",
    "description": "This is a sturdy wood bat, wrapped in gasoline-soaked rags and flame-resistant Nomex fabric.  It is burning brightly, and makes it much easier to see the baselines at night games (It also makes the umpire FAR more likely to call a ball instead of a strike).",
    "weight": 1485,
    "volume": 8,
    "price": 16000,
    "to_hit": 3,
    "bashing": 18,
    "material": [ "wood", "nomex" ],
    "techniques": [ "WBLOCK_1", "repose" ],
    "flags": [ "FIRE", "LIGHT_310", "CHARGEDIM", "FLAMING", "DURABLE_MELEE", "TRADER_AVOID" ]
  },
  {
    "id": "broadfire_off",
    "type": "TOOL",
    "category": "weapons",
    "name": "firebrand (off)",
    "name_plural": "firebrands (off)",
    "description": "This is a combination of two Dark Age conflict-resolution classics, the broadsword and the torch.  Use to light it up and show those heathen zombies who's Lord around here.",
    "weight": 1474,
    "volume": 9,
    "price": 120000,
    "to_hit": 1,
    "bashing": 8,
    "cutting": 35,
    "material": "steel",
    "symbol": "/",
    "color": "light_gray",
    "ammo": "gasoline",
    "max_charges": 50,
    "techniques": [ "WBLOCK_2", "stuck_in_2" ],
    "use_action": {
      "type": "fireweapon_off",
      "target_id": "broadfire_on",
      "moves": 10,
      "noise": 10,
      "success_message": "Charge!!",
      "lacks_fuel_message": "No strength to fight!"
    },
    "flags": [ "DURABLE_MELEE", "SHEATH_SWORD" ]
  },
  {
    "id": "broadfire_on",
    "type": "TOOL",
    "category": "weapons",
    "name": "firebrand (on)",
    "name_plural": "firebrands (on)",
    "description": "This is a combination of two Dark Age conflict-resolution classics, the broadsword and the torch.  The blade is glowing with heat.  Excalibur can eat its heart out.  Use to shut it off.",
    "weight": 1474,
    "volume": 9,
    "price": 120000,
    "to_hit": 1,
    "bashing": 8,
    "cutting": 35,
    "material": "steel",
    "symbol": "/",
    "color": "red",
    "ammo": "gasoline",
    "max_charges": 50,
    "turns_per_charge": 30,
    "revert_to": "broadfire_off",
    "techniques": [ "WBLOCK_2", "stuck_in_2" ],
    "use_action": [
      {
        "type": "fireweapon_on",
        "noise_chance": 35,
        "noise_message": "Your blade burns for combat!",
        "voluntary_extinguish_message": "Run away!",
        "charges_extinguish_message": "Thy strength fades!",
        "water_extinguish_message": "Your sword hisses in the water and goes out."
      },
      { "type": "firestarter", "moves": 30 }
    ],
    "flags": [ "FIRE", "LIGHT_240", "CHARGEDIM", "FLAMING", "DURABLE_MELEE", "TRADER_AVOID" ]
  },
  {
    "id": "broadsword",
    "type": "TOOL",
    "category": "weapons",
    "name": "broadsword",
    "description": "This is an early modern sword seeing use in the 16th, 17th, and 18th centuries.  Called 'broad' to contrast with the slimmer rapiers.",
    "weight": 1133,
    "volume": 7,
    "price": 120000,
    "to_hit": 2,
    "bashing": 8,
    "cutting": 35,
    "material": "steel",
    "symbol": "/",
    "color": "light_gray",
    "techniques": [ "WBLOCK_1", "stuck_in_2" ],
    "qualities": [ [ "CUT", 1 ], [ "BUTCHER", 9 ] ],
    "flags": [ "DURABLE_MELEE", "SHEATH_SWORD" ]
  },
  {
    "id": "copper_ax",
    "type": "TOOL",
    "name": "copper axe",
    "description": "This is a decent-sized chunk of worked copper affixed to a wooden shaft, to make a crude yet effective axe.",
    "weight": 3700,
    "volume": 14,
    "price": 5500,
    "bashing": 18,
    "cutting": 12,
    "material": [ "wood", "copper" ],
    "techniques": [ "repose", "stuck_in_2", "stuck_in_3" ],
    "symbol": "/",
    "color": "brown",
    "qualities": [ [ "AXE", 2 ] ],
    "flags": [ "NONCONDUCTIVE", "SHEATH_AXE" ]
  },
  {
    "id": "crowbar",
    "type": "TOOL",
    "name": "crowbar",
    "description": "This is a hefty prying tool.  Use it to open locked doors without destroying them or to lift manhole covers.  You could also wield it to bash some heads in.",
    "weight": 500,
    "volume": 4,
    "price": 1300,
    "to_hit": 2,
    "bashing": 14,
    "cutting": 1,
    "material": "steel",
    "techniques": [ "repose", "stuck_in_2" ],
    "symbol": ";",
    "color": "dark_gray",
    "qualities": [ [ "PRY", 2 ] ],
    "use_action": "CROWBAR",
    "flags": [ "BELT_CLIP" ]
  },
  {
    "id": "cutlass",
    "type": "TOOL",
    "category": "weapons",
    "name": "cutlass",
    "name_plural": "cutlasses",
    "description": "This is a broad saber known for its use by sailors and pirates, as its short blade is easy to handle in close quarters.",
    "weight": 955,
    "volume": 5,
    "price": 96000,
    "to_hit": 2,
    "bashing": 7,
    "cutting": 27,
    "material": "steel",
    "symbol": "/",
    "color": "dark_gray",
    "techniques": [ "WBLOCK_1", "repose", "stuck_in_2" ],
    "qualities": [ [ "CUT", 1 ], [ "BUTCHER", 9 ] ],
    "flags": [ "DURABLE_MELEE", "SHEATH_SWORD" ]
  },
  {
    "id": "fire_ax",
    "type": "TOOL",
    "name": "fire axe",
    "description": "This is a large, two-handed pickhead axe normally used by firefighters.  It makes a powerful melee weapon, but is a bit slow to recover between swings.",
    "weight": 2520,
    "volume": 8,
    "price": 20000,
    "to_hit": 1,
    "bashing": 20,
    "cutting": 20,
    "material": [ "steel", "wood" ],
    "symbol": "/",
    "color": "light_gray",
    "techniques": [ "BRUTAL", "stuck_in_1", "stuck_in_3" ],
    "qualities": [ [ "AXE", 2 ] ],
    "flags": [ "DURABLE_MELEE", "NONCONDUCTIVE", "SHEATH_AXE" ]
  },
  {
    "id": "machete",
    "type": "TOOL",
    "category": "weapons",
    "name": "machete",
    "description": "This huge steel knife makes an excellent tool for cutting down large vegetation or other 'obstacles.'",
    "weight": 538,
    "volume": 4,
    "price": 2800,
    "to_hit": 2,
    "bashing": 6,
    "cutting": 20,
    "material": "steel",
    "symbol": "/",
    "color": "dark_gray",
    "techniques": [ "WBLOCK_1", "stuck_in_1", "stuck_in_2", "stuck_in_3" ],
    "qualities": [ [ "CUT", 1 ], [ "BUTCHER", 15 ] ],
    "flags": [ "DURABLE_MELEE", "SHEATH_SWORD" ]
  },
  {
    "id": "firemachete_off",
    "type": "TOOL",
    "category": "weapons",
    "name": "No. 9 (off)",
    "name_plural": "No. 9's (off)",
    "description": "This huge steel knife has been modified with a fuel tank, insulated handguard, and ignition system.  When filled with gasoline, a system of torches heats the blade, burning your target.",
    "weight": 1814,
    "volume": 6,
    "price": 28000,
    "to_hit": 1,
    "bashing": 6,
    "cutting": 20,
    "material": "steel",
    "symbol": "/",
    "color": "dark_gray",
    "ammo": "gasoline",
    "max_charges": 50,
    "techniques": [ "WBLOCK_1", "stuck_in_1", "stuck_in_2", "stuck_in_3" ],
    "use_action": {
      "type": "fireweapon_off",
      "target_id": "firemachete_on",
      "moves": 10,
      "noise": 0,
      "success_chance": 2,
      "success_message": "Your No. 9 glows!",
      "failure_message": "Click.",
      "lacks_fuel_message": "Click."
    },
    "flags": [ "FIRE", "DURABLE_MELEE", "SHEATH_SWORD" ]
  },
  {
    "id": "firemachete_on",
    "type": "TOOL",
    "category": "weapons",
    "name": "No. 9 (on)",
    "name_plural": "No. 9's (on)",
    "description": "This huge steel knife has been modified with a fuel tank, insulated handguard, and ignition system.  The blade is glowing with heat, making it a great plant scorcher and nightlight.",
    "weight": 1814,
    "volume": 6,
    "price": 28000,
    "to_hit": 1,
    "bashing": 6,
    "cutting": 20,
    "material": "steel",
    "symbol": "/",
    "color": "red",
    "ammo": "gasoline",
    "max_charges": 50,
    "turns_per_charge": 30,
    "revert_to": "firemachete_off",
    "techniques": [ "WBLOCK_1", "stuck_in_1", "stuck_in_2", "stuck_in_3" ],
    "use_action": [
      {
        "type": "fireweapon_on",
        "target_id": "firemachete_off",
        "noise": 5,
        "noise_chance": 25,
        "noise_message": "Your No. 9 hisses.",
        "auto_extinguish_chance": 100,
        "auto_extinguish_message": "Your No. 9 cuts out!",
        "voluntary_extinguish_message": "Your No. 9 goes dark.",
        "charges_extinguish_message": "Out of ammo!",
        "water_extinguish_message": "Your No. 9 hisses in the water and goes out."
      },
      { "type": "firestarter", "moves": 30 }
    ],
    "flags": [ "FIRE", "LIGHT_240", "CHARGEDIM", "FLAMING", "DURABLE_MELEE", "TRADER_AVOID" ]
  },
  {
    "id": "firekatana_off",
    "type": "TOOL",
    "category": "weapons",
    "name": "Rising Sun (off)",
    "name_plural": "Rising Suns (off)",
    "description": "This is a katana with a nozzle just behind the cutting edge of the blade.  People love fire, and people love katanas, so why not put them together?  The gas burners attached to this blade can really turn up the heat on your foes.  Use to ignite.",
    "weight": 1400,
    "volume": 9,
    "price": 98000,
    "bashing": 4,
    "cutting": 31,
    "material": "steel",
    "symbol": "/",
    "color": "light_gray",
    "ammo": "gasoline",
    "max_charges": 50,
    "techniques": [ "RAPID", "WBLOCK_2", "repose", "stuck_in_2" ],
    "use_action": {
      "type": "fireweapon_off",
      "target_id": "firekatana_on",
      "moves": 10,
      "noise": 10,
      "success_message": "The Sun rises.",
      "lacks_fuel_message": "Time stands still."
    },
    "flags": [ "FIRE", "DURABLE_MELEE", "SHEATH_SWORD" ]
  },
  {
    "id": "firekatana_on",
    "type": "TOOL",
    "category": "weapons",
    "name": "Rising Sun (on)",
    "name_plural": "Rising Suns (on)",
    "description": "This is a katana that glows with the fury and heat of the SUN!  Well, okay it's not THAT hot, but getting hit with it still stings like the dickens.  Use to shut off the gas.",
    "weight": 1400,
    "volume": 9,
    "price": 98000,
    "bashing": 4,
    "cutting": 31,
    "material": "steel",
    "symbol": "/",
    "color": "red",
    "ammo": "gasoline",
    "max_charges": 50,
    "turns_per_charge": 30,
    "revert_to": "firekatana_off",
    "techniques": [ "RAPID", "WBLOCK_2", "repose", "stuck_in_2" ],
    "use_action": [
      {
        "type": "fireweapon_on",
        "target_id": "firemachete_off",
        "noise_chance": 35,
        "noise_message": "The Sun shines brightly.",
        "voluntary_extinguish_message": "The Sun sets.",
        "charges_extinguish_message": "The Light Fades.",
        "water_extinguish_message": "Your sword hisses in the water and goes out."
      }
    ]
  },
  {
    "id": "halligan",
    "type": "TOOL",
    "name": "Halligan bar",
    "description": "This is a heavy multiple-use tool commonly carried by firefighters, law enforcement, and military rescue units.  Use it to open locked doors without destroying them or to lift manhole covers.  You could also wield it to bash some heads in.",
    "weight": 3600,
    "volume": 5,
    "price": 7500,
    "to_hit": 2,
    "bashing": 20,
    "cutting": 5,
    "material": "steel",
    "symbol": ";",
    "color": "dark_gray",
    "techniques": [ "WIDE", "BRUTAL", "heavy_blow", "stuck_in_1" ],
    "qualities": [ [ "PRY", 4 ], [ "HAMMER", 2 ], [ "DIG", 1 ] ],
    "use_action": "CROWBAR",
    "flags": [ "DURABLE_MELEE", "BELT_CLIP" ]
  },
  {
    "id": "hammer",
    "type": "TOOL",
    "name": "hammer",
    "description": "This is a demagnetized steel hammer with a wooden grip.  With a hammer, nails, and two by fours in your inventory, you could board up adjacent doors and windows.  It has myriad other uses as well.",
    "weight": 566,
    "volume": 2,
    "price": 700,
    "to_hit": 1,
    "bashing": 9,
    "material": [ "steel", "wood" ],
    "techniques": [ "repose" ],
    "symbol": ";",
    "color": "brown",
    "qualities": [ [ "HAMMER", 3 ], [ "HAMMER_FINE", 1 ] ],
    "use_action": "HAMMER",
    "flags": [ "BELT_CLIP", "NONCONDUCTIVE" ]
  },
  {
    "id": "iceaxe",
    "type": "TOOL",
    "name": "ice axe",
    "description": "This is an ice axe with hammer on its head, a multi-purpose hiking and climbing tool used by mountaineers.  It is sturdy enough, so you can use it to pry open closed doors or lift manhole covers.",
    "weight": 500,
    "volume": 3,
    "price": 5000,
    "to_hit": 2,
    "bashing": 14,
    "cutting": 3,
    "material": "steel",
    "symbol": ";",
    "color": "dark_gray",
    "techniques": [ "WBLOCK_1", "repose", "stuck_in_2" ],
    "qualities": [ [ "HAMMER", 2 ], [ "HAMMER_FINE", 1 ], [ "PRY", 2 ] ],
    "use_action": "CROWBAR",
    "flags": [ "DURABLE_MELEE", "BELT_CLIP" ]
  },
  {
    "id": "katana",
    "type": "TOOL",
    "category": "weapons",
    "name": "katana",
    "description": "This is a rare sword from Japan.  Deadly against unarmored targets, and still very effective against armor.",
    "weight": 1133,
    "volume": 8,
    "price": 98000,
    "to_hit": 1,
    "bashing": 4,
    "cutting": 31,
    "material": "steel",
    "symbol": "/",
    "color": "light_gray",
    "techniques": [ "RAPID", "WBLOCK_2", "repose", "stuck_in_2", "stuck_in_3" ],
    "qualities": [ [ "CUT", 1 ], [ "BUTCHER", 9 ] ],
    "flags": [ "DURABLE_MELEE", "SHEATH_SWORD" ]
  },
  {
    "id": "knife_combat",
    "type": "TOOL",
    "category": "weapons",
    "name": "combat knife",
    "name_plural": "combat knives",
    "description": "This is a military combat knife.  It is light and extremely sharp, and could be deadly in either the right hands or when attached as a bayonet.",
    "weight": 558,
    "volume": 2,
    "price": 10000,
    "to_hit": 1,
    "bashing": 2,
    "cutting": 18,
    "material": [ "steel", "plastic" ],
    "symbol": ";",
    "color": "dark_gray",
    "gunmod_data": {
      "location": "underbarrel",
      "mod_targets": [ "shotgun", "rifle" ],
      "dispersion_modifier": 10,
      "mode_modifier": [ [ "REACH", "bayonet", 2, [ "MELEE" ] ] ],
      "min_skills": [ [ "weapon", 2 ], [ "melee", 1 ] ]
    },
    "techniques": [ "RAPID", "repose" ],
    "qualities": [ [ "CUT", 1 ], [ "CUT_FINE", 1 ], [ "BUTCHER", 19 ] ],
    "flags": [ "STAB", "DURABLE_MELEE", "SHEATH_KNIFE", "NPC_THROWN" ]
  },
  {
    "id": "knife_hunting",
    "type": "TOOL",
    "category": "weapons",
    "name": "hunting knife",
    "name_plural": "hunting knives",
    "//": "Highest non-powertool butchering quality.  It's made for skinning and butchering game, which is what you're generally doing.",
    "description": "Commonly used by hunters, this single-edge sheath knife is designed for cutting and skinning game rather than combat.",
    "weight": 390,
    "volume": 1,
    "price": 4000,
    "cutting": 16,
    "material": [ "steel", "leather" ],
    "techniques": [ "repose" ],
    "symbol": "/",
    "color": "dark_gray",
    "qualities": [ [ "CUT", 1 ], [ "CUT_FINE", 1 ], [ "BUTCHER", 30 ] ],
    "flags": [ "SHEATH_KNIFE" ]
  },
  {
    "id": "knife_rambo",
    "type": "TOOL",
    "category": "weapons",
    "name": "survival knife",
    "name_plural": "survival knives",
    "//": "This isn't really supposed to be a very good knife, or a very good saw.  It's more for looking scary.",
    "description": "This massive knife features a hollow handle with a compass built into the pommel and a row of fearsome looking saw teeth along the back of its blade.",
    "weight": 612,
    "volume": 4,
    "price": 2000,
    "bashing": 4,
    "cutting": 15,
    "material": [ "steel", "plastic" ],
    "techniques": [ "WBLOCK_1", "repose", "stuck_in_2" ],
    "symbol": ";",
    "color": "dark_gray",
    "qualities": [ [ "CUT", 1 ], [ "SAW_W", 1 ], [ "SAW_M", 1 ], [ "BUTCHER", 7 ] ],
    "flags": [ "STAB", "SHEATH_SWORD" ]
  },
  {
    "id": "knife_rm42",
    "type": "TOOL",
    "category": "weapons",
    "name": "RM42 fighting knife",
    "name_plural": "RM42 fighting knives",
    "description": "This sturdy matte black Rivtech combat dagger features a long and slim double-edged blade with a spear-point and a distinctive slip-resistant grip which can also be used to affix it to a suitable firearm.  Originally manufactured for the military, it was very popular in films and among collectors due to its fearsome appearance.",
    "weight": 188,
    "volume": 3,
    "price": 45000,
    "to_hit": 2,
    "bashing": 2,
    "cutting": 20,
    "material": [ "ceramic", "plastic" ],
    "symbol": "/",
    "color": "dark_gray",
    "gunmod_data": {
      "location": "underbarrel",
      "mod_targets": [ "shotgun", "rifle" ],
      "dispersion_modifier": 10,
      "mode_modifier": [ [ "REACH", "bayonet", 2, [ "MELEE" ] ] ],
      "min_skills": [ [ "weapon", 2 ], [ "melee", 1 ] ]
    },
    "techniques": [ "RAPID", "WBLOCK_1", "repose" ],
    "qualities": [ [ "CUT", 1 ], [ "CUT_FINE", 1 ], [ "BUTCHER", 19 ] ],
    "flags": [ "STAB", "DURABLE_MELEE", "SHEATH_KNIFE", "NO_CVD" ]
  },
  {
    "id": "knife_trench",
    "type": "TOOL",
    "category": "weapons",
    "name": "trench knife",
    "name_plural": "trench knives",
    "description": "This stout combat knife features a steel guard to protect the user's knuckles.  The guard can also be used for striking or blocking, and the knife can also be used to butcher corpses.",
    "weight": 608,
    "volume": 2,
    "price": 11000,
    "to_hit": 2,
    "bashing": 6,
    "cutting": 14,
    "material": [ "steel", "wood" ],
    "symbol": ";",
    "color": "dark_gray",
    "techniques": [ "WBLOCK_1", "repose" ],
    "qualities": [ [ "CUT", 1 ], [ "CUT_FINE", 1 ], [ "BUTCHER", 19 ] ],
    "flags": [ "DURABLE_MELEE", "STAB", "SHEATH_KNIFE" ]
  },
  {
    "id": "kris",
    "type": "TOOL",
    "category": "weapons",
    "name": "kris",
    "name_plural": "krises",
    "description": "This wavy bladed dagger comes from Southeast Asia.  The design of the blade causes it to make broad, painful wounds.",
    "weight": 558,
    "volume": 3,
    "price": 9000,
    "to_hit": 1,
    "bashing": 1,
    "cutting": 14,
    "material": "steel",
    "symbol": "/",
    "color": "dark_gray",
    "techniques": [ "RAPID", "BRUTAL", "repose" ],
    "qualities": [ [ "CUT", 1 ], [ "BUTCHER", 12 ] ],
    "flags": [ "STAB", "DURABLE_MELEE", "SHEATH_SWORD" ]
  },
  {
    "id": "kukri",
    "type": "TOOL",
    "category": "weapons",
    "name": "kukri",
    "description": "This versatile implement is a modern take on a traditional weapon that originated in Nepal.  Featuring a heavy blade with an inwardly curved edge, it is used as both a tool and as a weapon.",
    "weight": 450,
    "volume": 3,
    "price": 8000,
    "to_hit": 1,
    "bashing": 2,
    "cutting": 20,
    "material": [ "steel", "plastic" ],
    "symbol": "/",
    "color": "dark_gray",
    "techniques": [ "WBLOCK_1", "repose" ],
    "qualities": [ [ "CUT", 1 ], [ "CUT_FINE", 1 ], [ "BUTCHER", 18 ] ],
    "flags": [ "DURABLE_MELEE", "SHEATH_KNIFE" ]
  },
  {
    "id": "l-stick",
    "type": "TOOL",
    "category": "weapons",
    "name": "L-stick (off)",
    "name_plural": "l-sticks (off)",
    "description": "Produced by the Light corporation, this stylish staff not only functions as a light source, but doubles as a light-weight weapon, due to the superalloy materials it is made of.  Due to proprietary efficiency improvements over standard light sources, the l-stick or light stick as it is commonly called, batteries last longer than other light sources.",
    "weight": 1000,
    "volume": 12,
    "price": 5000,
    "to_hit": 3,
    "bashing": 18,
    "material": [ "superalloy", "steel" ],
    "symbol": "/",
    "color": "light_gray",
    "ammo": "battery",
    "max_charges": 1000,
    "charges_per_use": 1,
    "techniques": [ "WBLOCK_1", "RAPID", "repose" ],
    "use_action": {
      "target": "l-stick_on",
      "msg": "The L-stick(tm) lights up.",
      "active": true,
      "need_charges": 1,
      "need_charges_msg": "The L-stick(tm)'s batteries are empty.",
      "type": "transform"
    },
    "flags": [ "DURABLE_MELEE" ]
  },
  {
    "id": "l-stick_on",
    "type": "TOOL",
    "category": "weapons",
    "name": "L-stick (on)",
    "name_plural": "L-sticks (on)",
    "description": "Produced by the Light corporation, this stylish staff not only functions as a light source, but doubles as a light-weight weapon, due to the superalloy materials it is made of.  Due to proprietary efficiency improvements over standard light sources, the l-stick or light stick as it is commonly called, batteries last longer than other light sources.  The staff is glowing brightly, which is slowly draining the batteries.",
    "weight": 1000,
    "volume": 12,
    "price": 8000,
    "to_hit": 3,
    "bashing": 18,
    "material": [ "superalloy", "steel" ],
    "symbol": ";",
    "color": "blue",
    "ammo": "battery",
    "max_charges": 1000,
    "turns_per_charge": 40,
    "revert_to": "l-stick",
    "techniques": [ "WBLOCK_1", "RAPID", "repose" ],
    "use_action": { "target": "l-stick", "msg": "The l-stick(tm)'s light fades away.", "menu_text": "Turn off", "type": "transform" },
    "flags": [ "LIGHT_300", "DURABLE_MELEE", "TRADER_AVOID" ]
  },
  {
    "id": "makeshift_hammer",
    "type": "TOOL",
    "name": "makeshift hammer",
    "description": "This is a crude hammer make from a piece of metal affixed to a stick.  It functions adequately as a hammer, but really can't compare to a proper one.",
    "weight": 1020,
    "volume": 2,
    "price": 0,
    "bashing": 9,
    "material": [ "steel", "wood" ],
    "techniques": [ "repose" ],
    "symbol": ";",
    "color": "brown",
    "qualities": [ [ "HAMMER", 2 ], [ "HAMMER_FINE", 1 ] ],
    "use_action": "HAMMER",
    "flags": [ "NONCONDUCTIVE" ]
  },
  {
    "id": "mop",
    "type": "TOOL",
    "name": "mop",
    "description": "This is an unwieldy mop.  Good for cleaning up spills.  Use to mop up any 'mess' you may have made.",
    "weight": 929,
    "volume": 7,
    "price": 1000,
    "to_hit": -1,
    "bashing": 6,
    "material": "wood",
    "symbol": "/",
    "color": "light_gray",
    "techniques": [ "WBLOCK_1", "repose" ],
    "use_action": "MOP"
  },
  {
    "id": "pickaxe",
    "type": "TOOL",
    "name": "pickaxe",
    "description": "This is a large steel pickaxe, suitable for breaking up hard things or (with enough skill) hard targets.  Strike the earth!",
    "weight": 4535,
    "volume": 12,
    "price": 16000,
    "to_hit": -3,
    "bashing": 12,
    "cutting": 8,
    "material": [ "wood", "steel" ],
    "techniques": [ "heavy_blow", "stuck_in_1" ],
    "symbol": "/",
    "color": "dark_gray",
    "use_action": "PICKAXE",
    "flags": [ "SPEAR", "DURABLE_MELEE", "NONCONDUCTIVE", "SHEATH_AXE" ]
  },
  {
    "id": "primitive_axe",
    "type": "TOOL",
    "name": "stone axe",
    "description": "This is a sharpened stone affixed to a stick.  It works passably well as an axe but really can't compare to a proper axe.",
    "weight": 3154,
    "volume": 14,
    "price": 0,
    "bashing": 11,
    "cutting": 8,
    "material": [ "wood", "stone" ],
    "techniques": [ "repose" ],
    "symbol": "/",
    "color": "light_gray",
    "qualities": [ [ "AXE", 2 ] ],
    "flags": ["SHEATH_AXE"]
  },
  {
    "id": "primitive_hammer",
    "type": "TOOL",
    "name": "stone hammer",
    "description": "This is a rock affixed to a stick, in the crude facsimile of a hammer.  It functions adequately as a hammer, but really can't compare to a proper one.",
    "weight": 1020,
    "volume": 2,
    "price": 0,
    "bashing": 9,
    "material": [ "stone", "wood" ],
    "techniques": [ "repose" ],
    "symbol": ";",
    "color": "brown",
    "qualities": [ [ "HAMMER", 2 ], [ "HAMMER_FINE", 1 ] ],
    "use_action": "HAMMER"
  },
  {
    "id": "rapier",
    "type": "TOOL",
    "category": "weapons",
    "name": "rapier",
    "description": "This is a thin sword with an ornate hand guard.  It looks like the preferred weapon of gentlemen and swashbucklers.  Light and quick, it makes any battle a stylish battle.",
    "weight": 1000,
    "volume": 6,
    "price": 98000,
    "to_hit": 2,
    "bashing": 2,
    "cutting": 29,
    "material": "steel",
    "symbol": "/",
    "color": "light_gray",
    "techniques": [ "RAPID", "WBLOCK_2", "PRECISE", "repose" ],
    "qualities": [ [ "CUT", 1 ], [ "BUTCHER", 9 ] ],
    "flags": [ "STAB", "DURABLE_MELEE", "SHEATH_SWORD" ]
  },
  {
    "id": "scalpel",
    "type": "TOOL",
    "name": "scalpel",
    "description": "This is a very sharp knife designed for surgical cutting.  It's small, sharp blade allows for precision strikes in the hands of the skilled.",
    "weight": 23,
    "volume": 1,
    "price": 1000,
    "to_hit": -3,
    "cutting": 7,
    "material": "steel",
    "symbol": ",",
    "color": "light_gray",
    "techniques": [ "PRECISE" ],
    "qualities": [ [ "CUT", 1 ], [ "CUT_FINE", 3 ] ],
    "flags": [ "SPEAR" ]
  },
  {
    "id": "shock_staff",
    "type": "TOOL",
    "category": "weapons",
    "name": "powered quarterstaff",
    "name_plural": "powered quarterstaves",
    "description": "This is an ironshod quarterstaff that has a high-voltage stun gun built into the handle.  The stun gun is wired to the metal caps at either end of the staff, allowing you to zap a dangerous opponent should beating them senseless with it prove too hazardous.",
    "weight": 2351,
    "volume": 13,
    "price": 8000,
    "to_hit": 3,
    "bashing": 25,
    "material": [ "wood", "iron" ],
    "symbol": "/",
    "color": "brown",
    "ammo": "battery",
    "max_charges": 500,
    "charges_per_use": 100,
    "techniques": [ "WBLOCK_1", "RAPID", "repose" ],
    "use_action": "TAZER",
    "flags": [ "DURABLE_MELEE", "NO_UNLOAD", "RECHARGE", "NONCONDUCTIVE" ]
  },
  {
    "id": "shocktonfa_off",
    "type": "TOOL",
    "category": "weapons",
    "name": "tactical tonfa (off)",
    "name_plural": "tactical tonfas (off)",
    "description": "This is a reinforced plastic tonfa; the core is hollowed out and is filled with capacitors and a high-yield rechargeable storage battery.  When a switch on the handle is pressed, a high-voltage current is transmitted to the two electrodes mounted in the end of the tonfa, and by extension to anyone unfortunate enough to be in contact with them.  It also has a nifty flashlight, which is off at the moment.",
    "weight": 726,
    "volume": 9,
    "price": 17000,
    "to_hit": 2,
    "bashing": 14,
    "material": [ "plastic", "steel" ],
    "symbol": "/",
    "color": "dark_gray",
    "ammo": "battery",
    "max_charges": 500,
    "charges_per_use": 1,
    "techniques": [ "WBLOCK_2", "RAPID", "repose" ],
    "use_action": "SHOCKTONFA_OFF",
    "flags": [ "DURABLE_MELEE", "NO_UNLOAD", "RECHARGE", "NONCONDUCTIVE" ]
  },
  {
    "id": "shocktonfa_on",
    "type": "TOOL",
    "category": "weapons",
    "name": "tactical tonfa (on)",
    "name_plural": "tactical tonfas (on)",
    "description": "This is a reinforced plastic tonfa; the core is hollowed out and is filled with capacitors and a high-yield rechargeable storage battery.  When a switch on the handle is pressed, a high-voltage current is transmitted to the two electrodes mounted in the end of the weapon, and by extension to anyone unfortunate enough to be in contact with them.  The integral flashlight is turned on, continually draining power and lighting the surrounding area.",
    "weight": 726,
    "volume": 9,
    "price": 17000,
    "to_hit": 2,
    "bashing": 14,
    "material": [ "plastic", "steel" ],
    "symbol": "/",
    "color": "dark_gray",
    "ammo": "battery",
    "max_charges": 500,
    "charges_per_use": 1,
    "turns_per_charge": 15,
    "revert_to": "shocktonfa_off",
    "techniques": [ "WBLOCK_2", "RAPID", "repose" ],
    "use_action": "SHOCKTONFA_ON",
    "flags": [ "LIGHT_450", "CHARGEDIM", "DURABLE_MELEE", "TRADER_AVOID", "NONCONDUCTIVE" ]
  },
  {
    "id": "shovel",
    "type": "TOOL",
    "name": "shovel",
    "description": "This is a digging tool.  Use it to dig pits adjacent to your location.",
    "weight": 1315,
    "volume": 14,
    "price": 2000,
    "to_hit": 3,
    "bashing": 14,
    "cutting": 3,
    "material": [ "steel", "wood" ],
    "techniques": [ "heavy_blow", "stuck_in_2" ],
    "symbol": "/",
    "color": "brown",
    "qualities": [ [ "DIG", 3 ] ],
    "flags": [ "NONCONDUCTIVE" ]
  },
  {
    "id": "hoe",
    "type": "TOOL",
    "name": "hoe",
    "description": "This is a farming implement.  Use it to turn tillable land into a slow-to-cross pile of dirt.",
    "weight": 1088,
    "volume": 14,
    "price": 2000,
    "to_hit": 3,
    "bashing": 10,
    "cutting": 6,
    "material": [ "steel", "wood" ],
    "techniques": [ "stuck_in_1" ],
    "symbol": "/",
    "color": "brown",
    "use_action": "MAKEMOUND"
  },
  {
    "type": "GENERIC",
    "id": "candlestick",
    "symbol": "/",
    "color": "yellow",
    "name": "candlestick",
    "description": "A hefty nickel-alloy candlestick with a solid base and gold gilding.  The kind used by Professor Plum to kill Dr. Black in the study.",
    "category": "other",
    "to_hit": -1,
    "price": 10000,
    "price_postapoc": 100,
    "material": [ "silver", "brass", "gold" ],
    "techniques": [ "heavy_blow" ],
    "weight": 3100,
    "volume": 4,
    "bashing": 16
  },
  {
    "id": "switchblade",
    "type": "TOOL",
    "category": "weapons",
    "name": "switchblade",
    "description": "This is a long and thin knife with a spring-loaded blade that rests inside the handle while not in use.",
    "weight": 464,
    "volume": 0,
    "price": 2000,
    "to_hit": -2,
    "cutting": 16,
    "material": [ "steel", "plastic" ],
    "techniques": [ "repose" ],
    "symbol": ";",
    "color": "dark_gray",
    "qualities": [ [ "CUT", 1 ], [ "CUT_FINE", 1 ], [ "BUTCHER", 14 ] ],
    "flags": [ "STAB" ]
  },
  {
    "id": "tanto",
    "type": "TOOL",
    "category": "weapons",
    "name": "tanto",
    "description": "Long Japanese knives like this more-modern remake were the samurai's backup weapon, before the advent of the larger wakizashi.  It's still a deadly blade, even if it's smaller than its more famous relatives.",
    "weight": 558,
    "volume": 2,
    "price": 18000,
    "to_hit": 2,
    "bashing": 1,
    "cutting": 16,
    "material": "steel",
    "symbol": "/",
    "color": "dark_gray",
    "techniques": [ "RAPID", "repose" ],
    "qualities": [ [ "CUT", 1 ], [ "CUT_FINE", 1 ], [ "BUTCHER", 18 ] ],
    "flags": [ "STAB", "DURABLE_MELEE", "SHEATH_KNIFE" ]
  },
  {
    "id": "torch",
    "copy-from": "torch",
    "type": "TOOL",
    "name": "torch",
    "name_plural": "torches",
    "description": "This is a large stick, wrapped in rags that are soaked with a flammable material.  When lit, produces a fair amount of light.  You'll need a lighter or matches to light it.",
    "weight": 831,
    "volume": 3,
    "price": 0,
    "to_hit": 1,
    "bashing": 8,
    "material": "wood",
    "techniques": [ "repose" ]
  },
  {
    "id": "torch_lit",
    "copy-from": "torch_lit",
    "type": "TOOL",
    "name": "torch (lit)",
    "name_plural": "torches (lit)",
    "description": "This is a large stick, wrapped in rags that are soaked with a flammable material.  It is burning, producing plenty of light.",
    "weight": 831,
    "volume": 3,
    "price": 0,
    "to_hit": 1,
    "bashing": 8,
    "material": "wood",
    "techniques": [ "repose" ],
    "flags": [ "FIRE", "LIGHT_310", "CHARGEDIM", "FLAMING", "TRADER_AVOID" ]
  },
  {
    "id": "wakizashi",
    "type": "TOOL",
    "category": "weapons",
    "name": "wakizashi",
    "name_plural": "wakizashi",
    "description": "This is a comparatively-common Japanese short sword.  Smaller and lighter than a katana, but still effective in combat.",
    "weight": 835,
    "volume": 6,
    "price": 17800,
    "to_hit": 1,
    "bashing": 3,
    "cutting": 24,
    "material": "steel",
    "symbol": "/",
    "color": "light_gray",
    "techniques": [ "RAPID", "WBLOCK_1", "repose", "stuck_in_2" ],
    "qualities": [ [ "CUT", 1 ], [ "BUTCHER", 13 ] ],
    "flags": [ "DURABLE_MELEE", "SHEATH_SWORD" ]
  },
  {
    "id": "wrench",
    "type": "TOOL",
    "name": "wrench",
    "name_plural": "wrenches",
    "description": "This is an adjustable crescent wrench.  It could be a decent melee weapon, and is used in many mechanics crafting recipes.",
    "weight": 907,
    "volume": 2,
    "price": 1200,
    "to_hit": 1,
    "bashing": 9,
    "material": "steel",
    "techniques": [ "repose" ],
    "symbol": ";",
    "color": "light_gray",
    "qualities": [ [ "WRENCH", 2 ], [ "WRENCH_FINE", 1 ] ]
  },
  {
    "type": "GENERIC",
    "id": "mjolnir",
    "name": "Mjölnir",
    "description": "A large hammer, forged from the heart of a dying star.  It bears the inscription:\n \nWhosoever holds this hammer,\nIf he be worthy,\nShall possess the power to...\nCRUSH!!'",
    "weight": 5443,
    "color": "light_gray",
    "symbol": "/",
    "material": [ "wood", "steel" ],
    "techniques": [ "BRUTAL", "WIDE", "heavy_blow" ],
    "flags": "NONCONDUCTIVE",
    "volume": 10,
    "bashing": 9999,
    "price": 12000,
    "qualities": [ [ "HAMMER", 1 ] ]
  },
  {
    "id": "bokken",
    "type": "GENERIC",
    "symbol": "/",
    "color": "brown",
    "name": "bokken",
    "description": "This is a solid wood 'training' katana, exactingly crafted to mimic the weight and balance of the real thing.  Despite its lack of a sharp metal edge, it's still quite capable of inflicting deadly wounds.",
    "price": 55000,
    "material": "wood",
    "techniques": [ "RAPID", "WBLOCK_2", "repose" ],
    "flags": [ "DURABLE_MELEE", "SHEATH_SWORD" ],
    "weight": 1133,
    "volume": 8,
    "//": "MA reference I used held that a bokken crushes rather than cuts (or impales) but is otherwise just as damaging as a katana.  Nerfed by popular demand.",
    "bashing": 25,
    "cutting": 1,
    "to_hit": 1,
    "category": "weapons"
  },
  {
    "type": "GENERIC",
    "id": "cudgel",
    "name": "cudgel",
    "description": "A slender long rod of wood, while traditionally intended as a training tool for many dueling moves, it still makes a good melee weapon in a pinch.",
    "weight": 875,
    "to_hit": 2,
    "color": "brown",
    "symbol": "/",
    "material": [ "wood" ],
    "techniques": [ "WBLOCK_1", "RAPID", "PRECISE", "repose" ],
    "flags": [ "DURABLE_MELEE" ],
    "volume": 8,
    "bashing": 8,
    "price": 1000
  },
  {
    "type": "GENERIC",
    "id": "q_staff",
    "symbol": "/",
    "color": "brown",
    "name": "quarterstaff",
    "name_plural": "quarterstaves",
    "description": "A smooth and sturdy staff with a leather-wrapped grip.  Light and well-balanced, it is surprisingly easy to handle.",
    "price": 4000,
    "material": "wood",
    "techniques": [ "WBLOCK_1", "RAPID", "repose" ],
    "flags": [ "DURABLE_MELEE" ],
    "weight": 1400,
    "volume": 12,
    "bashing": 19,
    "category": "weapons",
    "to_hit": 3
  },
  {
    "type": "GENERIC",
    "id": "i_staff",
    "symbol": "/",
    "color": "brown",
    "name": "ironshod quarterstaff",
    "name_plural": "ironshod quarterstaves",
    "description": "A smooth and sturdy staff with a leather-wrapped grip, which has been reinforced with metal bands and caps.  Durable and well-balanced, it is surprisingly easy to handle.",
    "price": 6000,
    "material": [ "wood", "iron" ],
    "techniques": [ "WBLOCK_1", "RAPID", "repose" ],
    "flags": [ "DURABLE_MELEE", "NONCONDUCTIVE" ],
    "weight": 2200,
    "volume": 12,
    "bashing": 25,
    "category": "weapons",
    "to_hit": 3
  },
  {
    "type": "GENERIC",
    "id": "lajatang",
    "symbol": "/",
    "color": "brown",
    "name": "lajatang",
    "description": "An exotic weapon comprised of a long pole of wood with curved blades on each end.  It can be deadly in skilled hands.",
    "price": 12000,
    "material": [ "wood", "iron" ],
    "techniques": [ "WBLOCK_1", "SPIN", "repose", "stuck_in_1", "stuck_in_2", "stuck_in_3" ],
    "flags": [ "DURABLE_MELEE", "NONCONDUCTIVE" ],
    "weight": 2500,
    "volume": 26,
    "bashing": 4,
    "cutting": 26,
    "to_hit": 2
  },
  {
    "type": "GENERIC",
    "id": "hatchet",
    "symbol": ";",
    "color": "light_gray",
    "name": "hatchet",
    "description": "A one-handed hatchet.  Makes a great melee weapon, and is useful both for chopping things and for use as a hammer.",
    "price": 2500,
    "price_postapoc": 5000,
    "material": [ "steel", "wood" ],
    "techniques": [ "repose", "stuck_in_2", "stuck_in_3" ],
    "weight": 907,
    "volume": 2,
    "bashing": 12,
    "cutting": 6,
    "flags": [ "DURABLE_MELEE", "BELT_CLIP", "NONCONDUCTIVE", "SHEATH_AXE" ],
    "to_hit": 1,
    "category": "weapons",
    "qualities": [ [ "AXE", 2 ], [ "CUT", 1 ], [ "HAMMER", 2 ], [ "HAMMER_FINE", 1 ], [ "BUTCHER", 16 ] ]
  },
  {
    "type": "GENERIC",
    "id": "pointy_stick",
    "symbol": "/",
    "color": "brown",
    "name": "pointy stick",
    "description": "A simple wood pole with one end sharpened.",
    "material": "wood",
    "volume": 5,
    "weight": 900,
    "bashing": 4,
    "cutting": 8,
    "to_hit": 1,
    "flags": "SPEAR",
    "techniques": [ "WBLOCK_1", "repose", "stuck_in_2" ],
    "qualities": [ [ "COOK", 1 ] ]
  },
  {
    "type": "GENERIC",
    "id": "broom",
    "name": "broom",
    "description": "A long-handled broom.  Makes a terrible weapon unless you're chasing cats.",
    "weight": 929,
    "to_hit": 1,
    "color": "yellow",
    "symbol": "/",
    "material": [ "plastic" ],
    "techniques": [ "WBLOCK_1", "repose" ],
    "volume": 5,
    "bashing": 4,
    "price": 2400,
    "price_postapoc": 0
  },
  {
    "type": "GENERIC",
    "id": "hammer_sledge",
    "name": "sledge hammer",
    "description": "A large, heavy hammer.  Makes an acceptable melee weapon for the very strong, but is nearly useless in the hands of the weak.",
    "weight": 5000,
    "color": "brown",
    "symbol": "/",
    "material": [ "wood", "steel" ],
    "flags": "NONCONDUCTIVE",
    "techniques": [ "BRUTAL", "WIDE", "heavy_blow" ],
    "volume": 10,
    "bashing": 40,
    "price": 12000,
    "qualities": [ [ "HAMMER", 1 ] ]
  },
  {
    "type": "GENERIC",
    "id": "nailbat",
    "name": "nail bat",
    "description": "A baseball bat with several nails driven through it, an excellent melee weapon.",
    "weight": 1159,
    "to_hit": 3,
    "color": "brown",
    "symbol": "/",
    "material": [ "wood" ],
    "techniques": [ "WBLOCK_1", "stuck_in_2" ],
    "volume": 7,
    "bashing": 20,
    "cutting": 6,
    "flags": [ "STAB" ],
    "price": 16000
  },
  {
    "type": "GENERIC",
    "id": "bwirebat",
    "name": "barbed wire bat",
    "description": "A baseball bat wrapped with barbed wire.  A brutal melee weapon.",
    "weight": 1420,
    "to_hit": 3,
    "color": "brown",
    "symbol": "/",
    "material": [ "wood", "steel" ],
    "techniques": [ "WBLOCK_1", "repose" ],
    "flags": [ "DURABLE_MELEE", "NONCONDUCTIVE" ],
    "volume": 8,
    "bashing": 20,
    "cutting": 5,
    "price": 20000
  },
  {
    "type": "GENERIC",
    "id": "warhammer",
    "name": "war hammer",
    "description": "A medieval hammer made for battle.  Its odd shape and balance make it an excellent weapon, but an ineffective tool.",
    "weight": 1337,
    "to_hit": 1,
    "color": "brown",
    "symbol": "/",
    "//": "Craftable from steel, shouldn't be silver.  A warhammer is essentially one end of a pickaxe with balancing weight on the other and crushes/pierces the armor.",
    "material": [ "iron", "wood" ],
    "techniques": [ "BRUTAL", "heavy_blow" ],
    "flags": [ "DURABLE_MELEE", "SPEAR", "NONCONDUCTIVE" ],
    "volume": 5,
    "bashing": 20,
    "cutting": 20,
    "price": 16000,
    "qualities": [ [ "HAMMER", 1 ] ]
  },
  {
    "type": "GENERIC",
    "id": "homewrecker",
    "name": "homewrecker",
    "description": "A long piece of wood with several chunks of steel firmly tied to it.  The resulting weapon is unwieldy and slow but very heavy hitting.",
    "weight": 3024,
    "to_hit": -3,
    "color": "brown",
    "symbol": "/",
    "material": [ "wood", "steel" ],
    "techniques": [ "WBLOCK_1", "heavy_blow" ],
    "volume": 5,
    "bashing": 28,
    "cutting": 2,
    "flags": [ "STAB", "NONCONDUCTIVE" ],
    "price": 8000
  },
  {
    "type": "GENERIC",
    "id": "bowling_pin",
    "name": "bowling pin",
    "description": "A blunt bowling pin.  Makes a decent melee weapon, if somewhat short.",
    "weight": 1530,
    "to_hit": -1,
    "color": "brown",
    "symbol": "/",
    "material": [ "wood" ],
    "techniques": [ "WBLOCK_1", "repose" ],
    "flags": [ "DURABLE_MELEE" ],
    "volume": 9,
    "bashing": 11,
    "price": 1000
  },
  {
    "type": "GENERIC",
    "id": "battletorch_done",
    "name": "burnt out Louisville Slaughterer",
    "description": "A sturdy wood bat, wrapped in flame-resistant Nomex fabric.  Makes a good melee weapon but better be disassembled to recycle the baseball bat and some Nomex patches.",
    "weight": 1343,
    "to_hit": 3,
    "color": "brown",
    "symbol": "/",
    "material": [ "wood" ],
    "techniques": [ "WBLOCK_1", "repose" ],
    "flags": [ "DURABLE_MELEE" ],
    "volume": 7,
    "bashing": 19,
    "price": 18000
  },
  {
    "type": "GENERIC",
    "id": "bat_metal",
    "name": "aluminum bat",
    "description": "An aluminum baseball bat, lighter than a wooden bat and a little easier to swing as a result.",
    "weight": 765,
    "to_hit": 3,
    "color": "light_gray",
    "symbol": "/",
    "material": [ "aluminum" ],
    "techniques": [ "WBLOCK_1", "repose" ],
    "flags": [ "DURABLE_MELEE" ],
    "volume": 7,
    "bashing": 20,
    "price": 16000
  },
  {
    "id": "spear_knife",
    "type": "TOOL",
    "category": "weapons",
    "name": "knife spear",
    "description": "This is a simple wood pole made much more deadly by the blade tied to it.",
    "weight": 1487,
    "volume": 6,
    "price": 1400,
    "to_hit": 1,
    "bashing": 4,
    "cutting": 16,
    "material": [ "wood", "iron" ],
    "symbol": "/",
    "color": "brown",
    "techniques": [ "WBLOCK_1", "stuck_in_2" ],
    "qualities": [ [ "CUT", 1 ], [ "COOK", 1 ] ],
    "flags": [ "SPEAR", "REACH_ATTACK", "NONCONDUCTIVE", "FRAGILE_MELEE", "SHEATH_SPEAR" ]
  },
  {
    "type": "GENERIC",
    "id": "spear_wood",
    "name": "wooden spear",
    "description": "A stout pole with an improvised grip and a fire-hardened point.",
    "weight": 898,
    "to_hit": 1,
    "color": "brown",
    "symbol": "/",
    "material": [ "wood" ],
    "techniques": [ "WBLOCK_1", "repose" ],
    "volume": 5,
    "bashing": 5,
    "cutting": 13,
    "flags": [ "SPEAR", "REACH_ATTACK", "NPC_THROWN", "SHEATH_SPEAR" ],
    "price": 4000,
    "qualities": [ [ "COOK", 1 ] ]
  },
  {
    "type": "GENERIC",
    "id": "spear_copper",
    "name": "copper spear",
    "description": "A stout wooden pole with a spearhead worked from copper.",
    "weight": 1450,
    "to_hit": 1,
    "color": "light_red",
    "symbol": "/",
    "material": [ "copper", "wood" ],
    "techniques": [ "WBLOCK_1", "repose" ],
    "volume": 6,
    "bashing": 5,
    "cutting": 16,
    "flags": [ "SPEAR", "REACH_ATTACK", "NONCONDUCTIVE", "SHEATH_SPEAR" ],
    "price": 1400,
    "qualities": [ [ "COOK", 1 ] ]
  },
  {
    "type": "GENERIC",
    "id": "spear_steel",
    "name": "steel spear",
    "description": "A stout wooden pole with a hand-forged steel spearhead.",
    "weight": 1498,
    "to_hit": 2,
    "color": "light_gray",
    "symbol": "/",
    "material": [ "steel", "wood" ],
    "techniques": [ "WBLOCK_1", "IMPALE", "repose", "stuck_in_2" ],
    "volume": 12,
    "bashing": 5,
    "cutting": 29,
    "flags": [ "DURABLE_MELEE", "SPEAR", "REACH_ATTACK", "NONCONDUCTIVE", "SHEATH_SPEAR" ],
    "price": 16000,
    "qualities": [ [ "COOK", 1 ] ]
  },
  {
    "type": "GENERIC",
    "id": "spear_pipe",
    "name": "pipe spear",
    "description": "A heavy, stout metal pole with a sharp point.",
    "weight": 1998,
    "//": "Changed the weight, affecting strike speed.",
    "to_hit": 1,
    "color": "light_gray",
    "symbol": "/",
    "material": [ "steel" ],
    "techniques": [ "WBLOCK_1", "IMPALE", "stuck_in_2" ],
    "volume": 5,
    "bashing": 6,
    "cutting": 20,
    "flags": [ "SPEAR", "REACH_ATTACK", "SHEATH_SPEAR" ],
    "price": 8000,
    "qualities": [ [ "COOK", 1 ] ]
  },
  {
    "type": "GENERIC",
    "id": "qiang",
    "name": "qiang",
    "description": "An ancient Chinese spear, typically with a tassel just below the spearhead.  One of the four major weapons in folklore, alongside the dao sabre, jian sword, and gun staff.",
    "weight": 1398,
    "to_hit": 2,
    "color": "light_gray",
    "symbol": "/",
    "material": [ "steel", "wood" ],
    "techniques": [ "WBLOCK_1", "PRECISE", "IMPALE", "repose", "stuck_in_2", "stuck_in_3" ],
    "volume": 10,
    "bashing": 4,
    "cutting": 28,
    "flags": [ "SPEAR", "REACH_ATTACK", "NONCONDUCTIVE", "SHEATH_SPEAR" ],
    "price": 80000,
    "qualities": [ [ "COOK", 1 ] ]
  },
  {
    "type": "GENERIC",
    "id": "baton-extended",
    "name": "expandable baton (extended)",
    "name_plural": "expandable batons (extended)",
    "description": "A telescoping baton that collapses for easy storage.  Makes an excellent melee weapon.  Activate to collapse.",
    "weight": 725,
    "to_hit": 2,
    "color": "dark_gray",
    "symbol": "/",
    "material": [ "aluminum" ],
    "techniques": [ "WBLOCK_1", "repose" ],
    "flags": [ "DURABLE_MELEE", "BELT_CLIP" ],
    "use_action": { "menu_text": "Collapse", "type": "transform", "target": "baton", "msg": "You collapse your baton." },
    "volume": 3,
    "bashing": 12,
    "price": 17500
  },
  {
    "type": "GENERIC",
    "id": "mace",
    "name": "mace",
    "description": "A medieval weapon consisting of a wood handle with a heavy iron end.  It is heavy and slow, but its crushing damage is devastating.",
    "weight": 1500,
    "to_hit": 1,
    "color": "dark_gray",
    "symbol": "/",
    "material": [ "iron", "wood" ],
    "techniques": [ "SWEEP", "heavy_blow" ],
    "flags": [ "DURABLE_MELEE", "NONCONDUCTIVE" ],
    "volume": 5,
    "//": "Same total damage and slightly higher weight than a morningstar - exchanged.",
    "bashing": 37,
    "price": 100000,
    "qualities": [ [ "HAMMER", 1 ] ]
  },
  {
    "type": "GENERIC",
    "id": "morningstar",
    "name": "morningstar",
    "description": "A medieval weapon consisting of a wood handle with a heavy, spiked iron ball on the end.  It deals devastating crushing damage, with a small amount of piercing to boot.",
    "weight": 1400,
    "to_hit": 1,
    "color": "dark_gray",
    "symbol": "/",
    "material": [ "iron", "wood" ],
    "techniques": [ "SWEEP", "heavy_blow" ],
    "volume": 6,
    "bashing": 33,
    "cutting": 4,
    "flags": [ "DURABLE_MELEE", "SPEAR", "NONCONDUCTIVE" ],
    "price": 120000,
    "qualities": [ [ "HAMMER", 1 ] ]
  },
  {
    "type": "GENERIC",
    "id": "bio_claws_weapon",
    "name": "bionic claws",
    "name_plural": "bionic claws",
    "description": "Short and sharp claws made from a high-tech metal.",
    "to_hit": 4,
    "color": "light_gray",
    "symbol": "{",
    "material": [ "superalloy" ],
    "techniques": [ "repose" ],
    "volume": 2,
    "bashing": 8,
    "cutting": 16,
    "flags": [ "STAB", "UNARMED_WEAPON", "NO_UNWIELD", "UNBREAKABLE_MELEE", "TRADER_AVOID" ],
    "qualities": [ [ "BUTCHER", 12 ] ]
  },
  {
    "type": "GENERIC",
    "id": "punch_dagger",
    "name": "punch dagger",
    "description": "A short and sharp double edged dagger made to be gripped in the palm, with the blade protruding between the fingers.",
    "weight": 168,
    "to_hit": 2,
    "color": "dark_gray",
    "symbol": "{",
    "material": [ "steel" ],
    "techniques": [ "repose" ],
    "volume": 1,
    "bashing": 2,
    "cutting": 10,
    "flags": [ "STAB", "UNARMED_WEAPON", "DURABLE_MELEE", "SHEATH_KNIFE" ],
    "price": 10000,
    "qualities": [ [ "CUT", 1 ], [ "BUTCHER", 14 ] ]
  },
  {
    "type": "GENERIC",
    "id": "bagh_nakha",
    "name": "tiger claws",
    "name_plural": "tiger claws",
    "description": "Also called bagh nakha or iron paw, this is a small claw-like bladed weapon from India designed to be concealed under and against the palm.",
    "weight": 92,
    "to_hit": 3,
    "color": "dark_gray",
    "symbol": "{",
    "material": [ "steel" ],
    "techniques": [ "repose" ],
    "bashing": 1,
    "cutting": 6,
    "flags": [ "UNARMED_WEAPON", "DURABLE_MELEE" ],
    "price": 20000,
    "qualities": [ [ "BUTCHER", 14 ] ]
  },
  {
    "type": "GENERIC",
    "id": "cestus",
    "symbol": "3",
    "color": "light_gray",
    "name": "cestus",
    "name_plural": "cestuses",
    "description": "A heavy metal guard that covers the fist and increases striking power, with stout padding underneath to protect the wearers hand.",
    "material": [ "steel", "leather" ],
    "techniques": [ "repose", "stuck_in_2" ],
    "volume": 2,
    "weight": 970,
    "bashing": 12,
    "flags": [ "UNARMED_WEAPON", "DURABLE_MELEE", "NONCONDUCTIVE" ]
  },
  {
    "type": "GENERIC",
    "id": "tonfa",
    "name": "tonfa",
    "description": "A hard plastic truncheon commonly employed by police.  Originally an Okinawan weapon, it consists of a stick with a perpendicular handle attached a third of the way down its length.",
    "weight": 575,
    "to_hit": 2,
    "color": "dark_gray",
    "symbol": "/",
    "material": "plastic",
    "techniques": [ "WBLOCK_2", "RAPID", "repose" ],
    "flags": [ "DURABLE_MELEE" ],
    "volume": 8,
    "bashing": 12,
    "price": 19500
  },
  {
    "type": "GENERIC",
    "id": "tonfa_wood",
    "name": "wooden tonfa",
    "description": "A stout wooden truncheon of the sort commonly employed by police.  Originally an Okinawan weapon, it consists of a stick with a perpendicular handle attached a third of the way down its length.",
    "weight": 921,
    "to_hit": 2,
    "color": "brown",
    "symbol": "/",
    "material": [ "wood" ],
    "techniques": [ "WBLOCK_2", "RAPID", "repose" ],
    "flags": [ "DURABLE_MELEE" ],
    "volume": 8,
    "bashing": 14,
    "price": 19500
  },
  {
    "type": "GENERIC",
    "id": "PR24-extended",
    "category": "weapons",
    "name": "PR-24 baton (extended)",
    "name_plural": "PR-24 batons (extended)",
    "description": "The Monadnock PR-24 baton is a collapsible, lightweight, side-handle baton used by law enforcement all over the world.  The PR designation is rumored to mean Public Relations.  Activate to retract.",
    "weight": 680,
    "to_hit": 2,
    "color": "dark_gray",
    "symbol": "/",
    "material": [ "aluminum", "plastic" ],
    "techniques": [ "WBLOCK_2", "RAPID", "repose" ],
    "flags": [ "DURABLE_MELEE" ],
    "use_action": { "menu_text": "Retract", "type": "transform", "target": "PR24-retracted", "msg": "You collapse your PR-24 baton." },
    "volume": 8,
    "bashing": 13,
    "price": 30000
  },
  {
    "comment": "Id retained to avoid breaking anything, same reason as with the makeshift glaive.",
    "type": "GENERIC",
    "id": "glass_macuahuitl",
    "name": "makeshift macuahuitl",
    "description": "A flat wooden club with sharpened pieces of stone sticking to both of its sides.",
    "weight": 955,
    "to_hit": 1,
    "color": "dark_gray",
    "symbol": "/",
    "material": [ "wood", "stone" ],
    "techniques": [ "repose", "stuck_in_2", "stuck_in_3" ],
    "volume": 9,
    "bashing": 7,
    "cutting": 14,
    "price": 5900,
    "price_postapoc": 2000
  },
  {
    "id": "fencing_foil",
    "type": "GENERIC",
    "symbol": "/",
    "color": "light_gray",
    "name": "fencing foil",
    "description": "A weapon used for fencing, the most noble of all sports.  Unfortunately, a fencing foil is rather useless as a weapon, due to its flexible shaft and dull tip.",
    "price": 2000,
    "price_postapoc": 0,
    "material": "steel",
    "weight": 450,
    "volume": 5,
    "bashing": 1,
    "cutting": 2,
    "to_hit": 2,
    "techniques": [ "PRECISE", "RAPID", "WBLOCK_2", "repose" ],
    "flags": [ "STAB", "SHEATH_SWORD" ]
  },
  {
    "id": "fencing_epee",
    "type": "GENERIC",
    "symbol": "/",
    "color": "light_gray",
    "name": "fencing epee",
    "description": "A weapon used for fencing, the most noble of all sports.  The epee is the heaviest and stiffest of the fencing weapons, and therefore perhaps the most useful.",
    "price": 2000,
    "price_postapoc": 1000,
    "material": "steel",
    "weight": 650,
    "volume": 5,
    "bashing": 3,
    "cutting": 7,
    "to_hit": 2,
    "techniques": [ "PRECISE", "RAPID", "WBLOCK_2", "repose" ],
    "flags": [ "STAB", "SHEATH_SWORD" ]
  },
  {
    "id": "fencing_sabre",
    "type": "GENERIC",
    "symbol": "/",
    "color": "light_gray",
    "name": "fencing saber",
    "description": "A weapon used for fencing, the most noble of all sports.  The fencing saber is marginally shorter than the foil and epee, but no less effective.",
    "price": 2000,
    "price_postapoc": 0,
    "material": "steel",
    "weight": 400,
    "volume": 5,
    "bashing": 1,
    "cutting": 6,
    "to_hit": 2,
    "techniques": [ "PRECISE", "RAPID", "WBLOCK_2", "repose" ],
    "flags": [ "STAB", "SHEATH_SWORD" ]
  },
  {
    "type": "GENERIC",
    "id": "rock_sock",
    "symbol": ";",
    "color": "white",
    "name": "rock in a sock",
    "name_plural": "rocks in socks",
    "description": "A sock with a rock tied into the end of it.  A true weapon of desperation.",
    "price": 1000,
    "price_postapoc": 300,
    "material": [ "cotton", "stone" ],
    "techniques": [ "heavy_blow" ],
    "weight": 1007,
    "volume": 2,
    "bashing": 8,
    "to_hit": 1
  },
  {
    "id": "cutlass_fake",
    "type": "GENERIC",
    "symbol": "/",
    "color": "dark_gray",
    "name": "cutlass",
    "name_plural": "cutlasses",
    "description": "This is a dull, cheaply made replica of a broad saber known for its use by sailors and pirates.",
    "price": 9600,
    "price_postapoc": 0,
    "material": "aluminum",
    "techniques": [ "WBLOCK_1", "repose" ],
    "flags": "SHEATH_SWORD",
    "weight": 634,
    "volume": 7,
    "bashing": 8,
    "cutting": 2,
    "to_hit": 2,
    "category": "weapons"
  },
  {
    "id": "cutlass_inferior",
    "type": "TOOL",
    "symbol": "/",
    "color": "dark_gray",
    "name": "cutlass",
    "name_plural": "cutlasses",
    "description": "This is a broad saber known for its use by sailors and pirates.  This sword appears to be made very poorly, but it should still stand up to a few swings.",
    "price": 96000,
    "material": "budget_steel",
    "techniques": [ "WBLOCK_1", "repose", "stuck_in_2" ],
    "weight": 955,
    "volume": 5,
    "bashing": 6,
    "cutting": 25,
    "flags": [ "SHEATH_SWORD" ],
    "to_hit": 2,
    "category": "weapons",
    "qualities": [ [ "CUT", 1 ], [ "BUTCHER", 9 ] ]
  },
  {
    "id": "katana_fake",
    "type": "GENERIC",
    "symbol": "/",
    "color": "light_gray",
    "name": "katana",
    "description": "This is a dull, cheaply made replica of a rare sword from Japan.",
    "price": 5000,
    "price_postapoc": 0,
    "material": "aluminum",
    "techniques": [ "RAPID", "WBLOCK_2", "repose" ],
    "flags": "SHEATH_SWORD",
    "weight": 753,
    "volume": 8,
    "bashing": 6,
    "cutting": 2,
    "to_hit": 1,
    "category": "weapons"
  },
  {
    "id": "katana_inferior",
    "type": "TOOL",
    "symbol": "/",
    "color": "light_gray",
    "name": "katana",
    "description": "This is a rare sword from Japan.  While it's got the right edge and weight, the pommel just snaps off, and the blade seems pretty worn.",
    "price": 98000,
    "material": "budget_steel",
    "techniques": [ "RAPID", "WBLOCK_2", "repose", "stuck_in_2", "stuck_in_3" ],
    "flags": [ "SHEATH_SWORD" ],
    "weight": 1133,
    "volume": 8,
    "bashing": 3,
    "cutting": 24,
    "to_hit": 1,
    "category": "weapons",
    "qualities": [ [ "CUT", 1 ], [ "BUTCHER", 9 ] ]
  },
  {
    "id": "rapier_fake",
    "type": "GENERIC",
    "symbol": "/",
    "color": "light_gray",
    "name": "rapier",
    "description": "This is a blunted, cheap replica of a thin sword with an ornate hand guard.  It looks like the preferred weapon of gentlemen and swashbucklers.  Light and quick, it makes any battle a stylish battle.",
    "price": 9800,
    "price_postapoc": 0,
    "material": "steel",
    "techniques": [ "RAPID", "WBLOCK_2", "repose" ],
    "flags": "SHEATH_SWORD",
    "weight": 660,
    "volume": 6,
    "bashing": 4,
    "cutting": 2,
    "to_hit": 2,
    "category": "weapons"
  },
  {
    "id": "wakizashi_fake",
    "type": "GENERIC",
    "symbol": "/",
    "color": "light_gray",
    "name": "wakizashi",
    "description": "This is a dull, cheap replica of the more common wakizashi.  Smaller and lighter than a katana, but still effective in combat.",
    "price": 7800,
    "price_postapoc": 0,
    "material": "steel",
    "techniques": [ "RAPID", "WBLOCK_1", "repose", "stuck_in_2" ],
    "flags": "SHEATH_SWORD",
    "weight": 557,
    "volume": 6,
    "bashing": 4,
    "cutting": 2,
    "to_hit": 1,
    "category": "weapons"
  },
  {
    "id": "wakizashi_inferior",
    "type": "TOOL",
    "symbol": "/",
    "color": "light_gray",
    "name": "wakizashi",
    "name_plural": "wakizashi",
    "description": "This is a comparatively-common Japanese short sword.  There's something not quite right about this sword.",
    "price": 17800,
    "material": "budget_steel",
    "techniques": [ "RAPID", "WBLOCK_1", "repose", "stuck_in_2" ],
    "flags": [ "SHEATH_SWORD" ],
    "weight": 835,
    "volume": 6,
    "bashing": 3,
    "cutting": 20,
    "to_hit": 1,
    "category": "weapons",
    "qualities": [ [ "CUT", 1 ], [ "BUTCHER", 13 ] ]
  },
  {
    "id": "kris_fake",
    "type": "GENERIC",
    "symbol": "/",
    "color": "dark_gray",
    "name": "kris",
    "name_plural": "krises",
    "description": "This is a dull, cheap replica of a wavy bladed dagger that comes from Southeast Asia.",
    "price": 3800,
    "price_postapoc": 0,
    "material": "steel",
    "techniques": [ "RAPID", "repose" ],
    "weight": 558,
    "volume": 3,
    "bashing": 2,
    "cutting": 2,
    "flags": "SHEATH_SWORD",
    "to_hit": 1,
    "category": "weapons"
  },
  {
    "id": "estoc",
    "type": "GENERIC",
    "symbol": "/",
    "color": "light_gray",
    "name": "estoc",
    "description": "This is a thin sword resembling a longsword, a sort of predecessor to the rapier.  It requires a larger baldric or scabbard, compared to smaller swords.",
    "price": 135000,
    "material": "steel",
    "techniques": [ "WBLOCK_2", "PRECISE", "repose" ],
    "flags": [ "STAB", "DURABLE_MELEE", "SHEATH_SWORD" ],
    "weight": 1814,
    "volume": 11,
    "bashing": 4,
    "cutting": 38,
    "to_hit": 2,
    "category": "weapons"
  },
  {
    "id": "estoc_fake",
    "type": "GENERIC",
    "symbol": "/",
    "color": "light_gray",
    "name": "estoc",
    "description": "This is a dull, cheaply-made replica of a thin sword resembling a longsword.  It requires a larger baldric or scabbard, compared to smaller swords.",
    "price": 13500,
    "price_postapoc": 0,
    "material": "aluminum",
    "techniques": [ "WBLOCK_2", "PRECISE", "repose" ],
    "flags": "SHEATH_SWORD",
    "weight": 939,
    "volume": 11,
    "bashing": 4,
    "cutting": 2,
    "to_hit": 2,
    "category": "weapons"
  },
  {
    "id": "pipe_solid",
    "type": "GENERIC",
    "category": "spare_parts",
    "name": "metal rod",
    "description": "A long, narrow, and solid piece of metal, separated by force from whatever it was attached to.  Though heavy and unwieldly, it makes an excellent melee weapon if you can handle it.",
    "weight": 6850,
    "volume": 9,
    "price": 7500,
    "price_postapoc": 1700,
    "to_hit": -2,
    "bashing": 26,
    "material": [ "iron", "steel" ],
    "symbol": "/",
    "color": "dark_gray",
    "techniques": [ "WIDE", "BRUTAL", "heavy_blow" ],
    "flags": [ "DURABLE_MELEE" ]
  },
  {
    "id": "pipe_solid_spear",
    "type": "GENERIC",
    "category": "weapons",
    "name": "sharpened metal rod",
    "description": "A solid wrought shaft of metal, sharpened into an arrowtip and given a leather grip to provide it more versatility.  Still somewhat ungainly to use, and too heavy to use as a proper spear.",
    "weight": 6695,
    "volume": 9,
    "price": 7500,
    "price_postapoc": 5100,
    "to_hit": -1,
    "bashing": 26,
    "cutting": 8,
    "material": [ "iron", "steel" ],
    "symbol": "/",
    "color": "dark_gray",
    "techniques": [ "WIDE", "BRUTAL", "heavy_blow" ],
    "flags": [ "DURABLE_MELEE", "SPEAR" ]
  }
]
