[
  {
    "id": "ref_lighter_dare",
    "type": "TOOL",
    "name": "可再充打火机",
    "copy-from": "lighter",
    "description": "这是一个打火机,已经改装成比普通打火机更大的燃焰.虽然它是点火的理想选择,而且能够更快地点火,但它的耗油量有点大,几乎是普通的两倍.",
    "weight": 20,
    "volume": 0,
    "price": 3000,
    "material": "aluminum",
    "symbol": ",",
    "color": "light_gray",
    "ammo": "gasoline",
    "max_charges": 50,
    "rand_charges": [ 0, 0, 0, 0, 0, 0, 0, 0, 0, 0, 0, 1, 2, 3, 5, 7, 11, 13, 17, 21, 27 ],
    "charges_per_use": 2,
    "use_action": [ { "type": "firestarter", "moves": 30, "moves_slow": 400 } ],
    "flags": [ "FIRE", "FLAMING" ]
  },
  {
    "id": "ref_lighter_string",
    "type": "TOOL_ARMOR",
    "name": "穿戴式打火机",
    "copy-from": "lighter",
    "description": "一种打火机,用一点细绳和胶带组合,可以像挂绳一样挂在脖子上.没有熟练使用的话有点笨手笨脚,但完全可以使用.",
    "weight": 25,
    "volume": 0,
    "price": 3000,
    "material": "aluminum",
    "symbol": ",",
    "color": "light_gray",
    "coverage": 1,
    "encumbrance": 0,
    "storage": 0,
    "warmth": 0,
    "material_thickness": 1,
    "ammo": "gasoline",
    "max_charges": 50,
    "rand_charges": [ 0, 0, 0, 0, 0, 0, 0, 0, 0, 0, 0, 1, 2, 3, 5, 7, 11, 13, 17, 21, 27 ],
    "charges_per_use": 1,
    "use_action": [ { "type": "firestarter", "moves": 60, "moves_slow": 600 } ],
    "flags": [ "FIRE", "FLAMING" ]
  },
  {
    "id": "candle_smoke",
    "copy-from": "candle",
    "type": "GENERIC",
    "name": "烟雾蜡烛",
    "description": "在各个方面都是一支蜡烛,但设计用于产生细细的烟雾.通常用于仪式或增添一种“神秘感”的气氛,但也可能用于驱散窗户和门旁边的气味.",
    "emits": [ "emit_smoke_flare" ],
    "use_action": {
      "target": "candle_smoke_lit",
      "msg": "You light the smoking candle.",
      "active": true,
      "need_fire": 1,
      "menu_text": "Light",
      "type": "transform"
    }
  },
  {
    "id": "candle_smoke_lit",
    "type": "TOOL",
    "name": "烟雾蜡烛(点燃)",
    "name_plural": "烟雾蜡烛(点燃)",
    "copy-from": "candle_lit",
    "description": "这支烟雾蜡烛被点燃了,正在散发着柔和的烛光和轻柔的细烟.",
    "emits": [ "emit_smoke_flare" ],
    "use_action": { "target": "candle_smoke", "msg": "蜡烛熄灭了.", "menu_text": "Extinguish", "type": "transform" },
    "flags": [ "LIGHT_8", "TRADER_AVOID", "FIRE" ]
  },
  {
    "id": "smoke_machine",
    "type": "TOOL",
    "name": "烟雾制造机 (关闭)",
    "name_plural": "烟雾制造机 (关闭)",
    "description": "这是一个由蜡烛作为烟雾来源的烟雾机.当它被打开时,会直接在区域内产生雾状的烟雾,模糊视觉和气味.它可以随意关闭,但空的时候需要被拆解和重新制作.",
    "weight": 1360,
    "volume": 6,
    "price": 6000,
    "bashing": 3,
    "to_hit": -2,
    "material": [ "plastic" ],
    "symbol": "0",
    "color": "i_white",
    "max_charges": 100,
    "ammo": "smoke_juice",
    "use_action": {
      "type": "transform",
      "target": "smoke_machine_act",
      "active": true,
      "msg": "你打开烟雾制造机.",
      "need_fire": 1,
      "need_charges_msg": "这台机器是空的!拆了它,再做一个新的."
    },
    "flags": [ "NO_RELOAD", "NO_REPAIR" ]
  },
  {
    "id": "smoke_machine_unpreped",
    "type": "TOOL",
    "name": "烟雾制造机",
    "name_plural": "烟雾制造机",
    "copy-from": "smoke_machine",
    "description": "这是一台用蜡烛操作的烟雾制造机.当它被打开时,会直接在区域内产生雾状烟雾,模糊视觉和气味.它可以随意关闭,但空的时候需要被拆解和重新制作.它被设置为一次性使用,然后再次激活它.",
    "max_charges": 100,
    "initial_charges": 100,
    "use_action": {
      "type": "transform",
      "target": "smoke_machine",
      "active": false,
      "msg": "You prep the smoke machine for use.  It is still off."
    },
    "flags": [ "NO_RELOAD", "NO_REPAIR" ]
  },
  {
    "id": "smoke_machine_act",
    "copy-from": "smoke_machine",
    "type": "TOOL",
    "name": "烟雾制造机 (开启)",
    "name_plural": "烟雾制造机 (开启)",
    "max_charges": 100,
    "initial_charges": 100,
    "turns_per_charge": 158,
    "revert_to": "smoke_machine",
    "emits": [ "emit_smoke_flare", "emit_smoke_machine" ],
    "use_action": { "menu_text": "Turn off", "type": "transform", "target": "smoke_machine", "msg": "你把烟雾制造机关掉." },
    "flags": [ "NO_RELOAD", "NO_REPAIR", "LIGHT_6", "CHARGEDIM", "TRADER_AVOID" ]
  },
  {
    "id": "pokeball",
    "type": "TOOL",
    "name": "便携式生物储存容器",
    "description": "生物容器的形状是一个小型的球体,基于高度实验性的PRM经纱包装技术.允许生物的安全运输;但似乎可以节省重量,使它的使用不切实际.",
    "weight": 300,
    "volume": 3,
    "price": 2000000,
    "bashing": 3,
    "material": [ "steel", "plastic" ],
    "symbol": "o",
    "color": "light_red",
    "properties": [ [ "monster_size_capacity", "HUGE" ] ],
    "use_action": "CAPTURE_MONSTER_ACT"
  },
  {
    "id": "e_tool_chinese",
    "type": "TOOL",
    "name": "中国掘铲",
    "description": "一把用廉价钢材制成的结实铁锹.铁锹的刃口已经磨尖了,它的接缝处也逐渐变细,细到足以穿过铁丝.Made of China",
    "weight": 628,
    "volume": 4,
    "price": 4000,
    "to_hit": 1,
    "bashing": 8,
    "cutting": 8,
    "material": "budget_steel",
    "symbol": "/",
    "color": "light_gray",
    "qualities": [ [ "CUT", 1 ], [ "DIG", 3 ], [ "BUTCHER", -8 ], [ "SAW_W", 1 ], [ "SAW_M", 1 ] ],
    "use_action": "BOLTCUTTERS",
    "flags": [ "DURABLE_MELEE" ]
  },
  {
    "id": "broken_manhack_fire",
    "type": "GENERIC",
    "category": "other",
    "name": "火焰炸弹（损坏)",
    "description": "一个坏掉的火焰炸弹.现在它安静地躺在地上,威胁小多了.可以拆掉作为零件.",
    "weight": 2113,
    "volume": 3,
    "price": 9000,
    "price_postapoc": 1000,
    "to_hit": -3,
    "bashing": 6,
    "cutting": 6,
    "material": [ "aluminum", "plastic" ],
    "symbol": ",",
    "color": "red"
  },
  {
    "id": "bot_manhack_fire",
    "type": "TOOL",
    "name": "火焰炸弹",
    "description": "这是一个未激活的火焰炸弹. 当被激活时,它会飞向敌方并引爆,向该区域倾洒出死亡之火.",
    "weight": 500,
    "volume": 1,
    "price": 80000,
    "to_hit": -3,
    "bashing": 6,
    "cutting": 6,
    "material": [ "aluminum", "plastic" ],
    "symbol": ",",
    "color": "red",
    "use_action": {
      "type": "place_monster",
      "monster_id": "mon_manhack_fire",
      "friendly_msg": "火焰炸弹从你手中飞离并且扫描该地区!",
      "hostile_msg": "你错误地编写了火焰炸弹的攻击程序;注意隐蔽!",
      "difficulty": 6,
      "moves": 60,
      "place_randomly": true,
      "skill1": "electronics",
      "skill2": "computer"
    }
  },
  {
    "id": "spess_chunk",
    "type": "TOOL",
    "category": "spare_parts",
    "name": "聚乙烯塑料块",
    "description": "这是一块轻质、微分层的航空塑料.它不太可能再次被制造出来,所以它对某些人来说是有价值的.",
    "weight": 60,
    "volume": 1,
    "price": 15000,
    "material": "spess_plastic",
    "symbol": ",",
    "color": "light_green",
    "flags": [ "NO_SALVAGE" ]
  },
  {
    "id": "bot_manhack_missile",
    "type": "TOOL",
    "name": "亡魂的火箭",
    "description": "亡魂的火箭.瞄准一个目标并爆炸,造成中等伤害和一个小型EMP脉冲爆炸.",
    "weight": 330,
    "volume": 3,
    "price": 60000,
    "to_hit": -3,
    "bashing": 6,
    "cutting": 6,
    "material": [ "aluminum", "plastic" ],
    "symbol": ",",
    "color": "light_green",
    "use_action": {
      "type": "place_monster",
      "monster_id": "mon_manhack_missile",
      "friendly_msg": "导弹不确定地起飞了!",
      "hostile_msg": "你给导弹编错了程序;现在是敌对!",
      "difficulty": 4,
      "moves": 75,
      "place_randomly": true,
      "skill1": "electronics",
      "skill2": "computer"
    }
  },
  {
    "id": "rocket_core",
    "type": "TOOL",
    "category": "weapons",
    "name": "亡魂的火箭核心",
    "description": "亡魂的火箭核心,暴露在空气中.目前看起来足够稳定,但如果你搞砸了,它很可能会爆炸.",
    "weight": 240,
    "volume": 2,
    "to_hit": -1,
    "bashing": 6,
    "material": [ "steel", "plastic" ],
    "symbol": ",",
    "color": "light_blue",
    "explode_in_fire": true,
    "use_action": { "target": "rocket_core_act", "target_charges": 4, "active": true, "type": "transform" },
    "flags": [ "TRADER_AVOID", "CUSTOM_EXPLOSION" ]
  },
  {
    "id": "rocket_core_act",
    "type": "TOOL",
    "category": "weapons",
    "name": "不稳定的亡魂火箭核心",
    "description": "亡魂的火箭核心,暴露在空气中.现在可能会爆炸吗.",
    "weight": 240,
    "volume": 2,
    "to_hit": -1,
    "bashing": 6,
    "material": [ "steel", "plastic" ],
    "symbol": ",",
    "color": "light_red",
    "initial_charges": 1,
    "max_charges": 4,
    "turns_per_charge": 1,
    "emits": [ "emit_radiation_plume" ],
    "use_action": {
      "type": "explosion",
      "draw_explosion_radius": 2,
      "draw_explosion_color": "light_blue",
      "emp_blast_radius": 2,
      "sound_volume": 0,
      "sound_msg": "刺啦.",
      "no_deactivate_msg": "这个核心有一个小问题,它不起作用!",
      "explosion": { "power": 12, "distance_factor": 0.5, "shrapnel": 1 }
    },
    "flags": [ "BOMB", "TRADER_AVOID", "CUSTOM_EXPLOSION" ]
  },
  {
    "id": "broken_soulcube",
    "type": "TOOL",
    "name": "发光的灵魂盒",
    "description": "一个未知的立方体形状的装置,很明显是来自外星,它的目的是未知的.",
    "weight": 1000,
    "volume": 2,
    "price": 1000000,
    "to_hit": -3,
    "bashing": 6,
    "cutting": 6,
    "material": "diamond",
    "symbol": ",",
    "color": "white",
    "use_action": {
      "target": "soulcube_on",
      "msg": "光芒转移到你身上,治愈了你的伤口!",
      "target_charges": 4,
      "active": true,
      "type": "transform"
    },
    "flags": [ "LIGHT_50" ]
  },
  {
    "id": "soulcube_on",
    "type": "TOOL",
    "name": "治疗灵魂盒",
    "description": "一个未知的立方体形状的装置,很明显是来自外星,它的目的是未知的.",
    "weight": 1000,
    "volume": 2,
    "price": 1000000,
    "to_hit": -3,
    "bashing": 6,
    "cutting": 6,
    "material": "diamond",
    "symbol": ",",
    "color": "white",
    "initial_charges": 4,
    "max_charges": 4,
    "turns_per_charge": 1,
    "revert_to": "soulcube_charging",
    "artifact_data": { "effects_activated": [ "AEA_HEAL" ] },
    "use_action": "ARTIFACT"
  },
  {
    "id": "soulcube_charging",
    "type": "TOOL",
    "name": "充电灵魂盒",
    "description": "一个未知的立方体形状的装置,很明显是来自外星,它的目的是未知的.",
    "weight": 1000,
    "volume": 2,
    "price": 1000000,
    "to_hit": -3,
    "bashing": 6,
    "cutting": 6,
    "material": "diamond",
    "symbol": ",",
    "color": "white",
    "use_action": {
      "target": "soulcube",
      "msg": "\"使用我们.\"",
      "moves": 0,
      "type": "delayed_transform",
      "transform_age": 4200,
      "not_ready_msg": "你摆弄这个立方体,但什么也没发生.",
      "//": "7 hours"
    }
  },
  {
    "id": "soulcube",
    "type": "TOOL",
    "name": "灵魂盒",
    "description": "一个未知的立方体形状的装置,很明显是来自外星,它的目的是未知的.",
    "weight": 1000,
    "volume": 2,
    "price": 1000000,
    "to_hit": -3,
    "bashing": 6,
    "cutting": 6,
    "material": "diamond",
    "symbol": ",",
    "color": "white",
    "use_action": {
      "type": "place_monster",
      "monster_id": "mon_soulcube",
      "friendly_msg": "当你摆弄魔方时,它会从你手中飞走!",
      "hostile_msg": "哦,它变得有敌意的.这可能是不应该发生的.应该吧.",
      "moves": 50,
      "place_randomly": true,
      "skill1": "survival"
    }
  },
  {
    "id": "bot_fungal_boil_egg",
    "type": "TOOL",
    "name": "培育中的真菌罐",
    "description": "一个在罐子里面的生长一团真菌.当它完成生长成熟后,就可以释放了.",
    "weight": 820,
    "volume": 2,
    "price": 5000,
    "to_hit": -1,
    "bashing": 2,
    "material": [ "plastic", "veggy" ],
    "symbol": "o",
    "color": "dark_gray",
    "revert_to": "canister_empty",
    "use_action": {
      "target": "bot_fungal_boil",
      "msg": "里面的真菌成熟了!",
      "active": false,
      "type": "delayed_transform",
      "transform_age": 21600,
      "not_ready_msg": "真菌需要36小时才能成熟.还没有准备好."
    }
  },
  {
    "id": "bot_turret_shockcannon",
    "type": "TOOL",
    "name": "电磁炮炮塔(关)",
    "description": "这是一个电磁炮炮塔.激活这个物品来放置炮塔,把它放在地面上,在那里它会固定自己.炮塔将识别你为一个友军,每次放电需要100电池.当你放置炮塔时,你的所有电池都将被用来为炮塔提供动力.",
    "weight": 1450,
    "volume": 12,
    "price": 600000,
    "to_hit": -3,
    "bashing": 8,
    "material": [ "spess_plastic", "steel" ],
    "symbol": ";",
    "color": "white",
    "use_action": {
      "type": "place_monster",
      "monster_id": "mon_turret_shockcannon",
      "difficulty": 6,
      "moves": 100,
      "skill1": "electronics",
      "skill2": "computer"
    }
  },
  {
    "id": "triffid_sap_grenade",
    "type": "TOOL",
    "category": "weapons",
    "name": "粘胶手雷",
    "description": "从碧奥兰蒂花的含苞花中提取的提取物,用弱酸水稀释.当它被扔出去时,会产生一种快速稠化的粘稠物,会困住任何进入其中的东西.",
    "weight": 315,
    "volume": 2,
    "material": [ "glass" ],
    "symbol": "%",
    "color": "i_yellow",
    "turns_per_charge": 1,
    "use_action": { "target": "triffid_sap_grenade_act", "target_charges": 3, "active": true, "type": "transform" },
    "flags": [ "ACT_ON_RANGED_HIT" ]
  },
  {
    "id": "triffid_sap_grenade_act",
    "type": "TOOL",
    "category": "weapons",
    "name": "粘胶手雷",
    "description": "从碧奥兰蒂花的含苞花中提取的提取物,用弱酸水稀释.当它被扔出去时,会产生一种快速稠化的粘稠物,会困住任何进入其中的东西.",
    "weight": 315,
    "volume": 2,
    "material": [ "glass" ],
    "symbol": "%",
    "color": "i_yellow",
    "turns_per_charge": 1,
    "emits": [ "emit_sap_grenade" ],
    "countdown_interval": 2,
    "countdown_destroy": true,
    "countdown_action": { "type": "explosion", "explosion": { "power": 2, "distance_factor": 0.2 } }
  },
  {
    "id": "bot_robot_drone",
    "type": "TOOL",
    "name": "无人直升机(关)",
    "description": "这架无人直升机正在等待补给和重新启动.如果你身上有.223的弹药,当你激活它的时候,它会带着弹药飞出去,在16格以外的地方使用.",
    "weight": 4250,
    "volume": 35,
    "price": 3000000,
    "to_hit": -3,
    "material": [ "steel", "superalloy" ],
    "symbol": "H",
    "color": "light_green",
    "use_action": {
      "type": "place_monster",
      "monster_id": "mon_robot_drone",
      "difficulty": 8,
      "moves": 150,
      "skill1": "electronics",
      "skill2": "computer"
    }
  },
  {
    "id": "broken_robot_drone",
    "type": "GENERIC",
    "category": "other",
    "name": "无人直升机(损毁)",
    "description": "一架坏了的无人直升机.现在安静地躺在地上.",
    "weight": 4250,
    "volume": 34,
    "price": 100000,
    "to_hit": -3,
    "material": [ "steel", "superalloy" ],
    "symbol": "H",
    "color": "light_green"
  },
  {
    "type": "GENERIC",
    "id": "fridge_cargo",
    "name": "改装冰箱",
    "description": "一个足够宽敞的大冰箱,你可以站在里面安全地储存大量的食物.货架更小,覆盖良好,各种自制的带子和支架可用来固定材料.",
    "weight": 27752,
    "to_hit": -10,
    "color": "light_blue",
    "symbol": "]",
    "material": "steel",
    "volume": 22,
    "category": "veh_parts",
    "price": 90000
  },
  {
    "id": "diveknife",
    "type": "TOOL",
    "category": "weapons",
    "name": "潜水刀",
    "name_plural": "dive knives",
    "//": "Too small to be effectively used for butchering, still not bad at it due to serrated edge.",
    "description": "这是一把短而结实的刀,有锯齿状的边缘用来切割线和带子,钝的刀尖用来撬东西.主要用于潜水者,它非常轻,在口袋中几乎不占任何空间.",
    "weight": 226,
    "volume": 0,
    "price": 14000,
    "cutting": 12,
    "material": [ "steel", "plastic" ],
    "symbol": ";",
    "color": "yellow",
    "qualities": [ [ "CUT", 1 ], [ "PRY", 1 ], [ "BUTCHER", 15 ] ],
    "techniques": [ "RAPID" ],
    "flags": [ "SHEATH_KNIFE" ]
  }
]
