 [
    {
   "type" : "tool_quality",
        "id" : "WXKJ_ZF_01",
        "name" : "制符"
  }, 
    {
    "type": "COMESTIBLE",
    "id": "FZ_paper",
    "name": "符纸",
    "name_plural": "符纸",
    "category": "wxkj_fz",
    "weight": 0,
    "color": "white",
    "symbol": "`",
    "description": "一张黄色的纸片,是专门用来制作符篆,当然你也可以把它扔进火堆里面烧.",
    "price": 0,
    "material": "paper",
    "volume": 1,
    "charges": 1
  },
    {
		"type" : "recipe",
		"result" : "Spell_00",
		"category" : "CC_无限商店",
		"subcategory": "CSC_无限商店_符篆",
    "time": 100,
    "qualities": [ { "id": "INTERNET", "level": 1 } ],
    "flags": ["BLIND_EASY"],
    "reversible": false,
    "autolearn": true,
    "components":
     [
      [ [ "SKJB", 200 ] ] ,
      [ [ "paper", 1 ] ]
     ]
  },  
      {
		"type" : "recipe",
		"result" : "Spell_01",
		"category" : "CC_无限商店",
		"subcategory": "CSC_无限商店_符篆",
    "time": 100,
    "qualities": [ { "id": "INTERNET", "level": 1 } ],
    "flags": ["BLIND_EASY"],
    "reversible": false,
    "autolearn": true,
    "components":
     [
      [ [ "SKJB", 500 ] ] ,
      [ [ "paper", 1 ] ]
     ]
  },  
      {
		"type" : "recipe",
		"result" : "Spell_02",
		"category" : "CC_无限商店",
		"subcategory": "CSC_无限商店_符篆",
    "time": 100,
    "qualities": [ { "id": "INTERNET", "level": 1 } ],
    "flags": ["BLIND_EASY"],
    "reversible": false,
    "autolearn": true,
    "components":
     [
      [ [ "SKJB", 2000 ] ] ,
      [ [ "paper", 1 ] ]
     ]
  }, 
       {
		"type" : "recipe",
		"result" : "Spell_03",
		"category" : "CC_无限商店",
		"subcategory": "CSC_无限商店_符篆",
    "time": 100,
    "qualities": [ { "id": "INTERNET", "level": 2 } ],
    "flags": ["BLIND_EASY"],
    "reversible": false,
    "autolearn": true,
    "components":
     [
      [ [ "SKJB", 5000 ] ] ,
      [ [ "paper", 1 ] ]
     ]
  },  
  	{
  "type" : "BOOK",
		"id" : "Spell_00",
		"name" : "《符篆之道》",
		"description" : "符篆有5种不同级别的符篆,\n它们分别是:\n 入门级符篆:学徒级制符师要求所能绘制出来的符篆,所以其结构简单.\n 初级符篆:能够绘制出此级别的符篆，说明你已经是一个初级制符师\n 高级符篆:难以绘制出的符篆,其实用性非常强的符篆\n 禁咒级符篆:这种级别的符篆已经能够轻易的主导一场战斗的局势。\n 仙术级符篆:仙术级别的符篆能够轻易的压制一场战斗,拥有着常人难以想象的威力.",
		"weight" : 500,
		"color" : "black",
		"intelligence" : 10,
		"symbol" : "?",
		"material" : ["paper"],
		"volume" : 5,
		"time" : 30,
		"required_level" : 0,
		"max_level" : 1,
		"skill" : "WX_SKILL-FZJT"
  },
	{
  "type" : "BOOK",
		"id" : "Spell_01",
		"name" : "《符篆入门》",
		"description" : "里面记载着入门级的符咒。",
		"weight" : 500,
		"color" : "black",
		"intelligence" : 10,
		"symbol" : "?",
		"material" : ["paper"],
		"volume" : 5,
		"time" : 30,
		"required_level" : 1,
		"max_level" : 2,
		"skill" : "WX_SKILL-FZJT"
  },
    	{
  "type" : "BOOK",
		"id" : "Spell_02",
		"name" : "《初级符篆》",
		"description" : "里面记载着部分初级的符篆.",
		"weight" : 500,
		"color" : "black",
		"intelligence" : 10,
		"symbol" : "?",
		"material" : ["paper"],
		"volume" : 5,
		"time" : 60,
		"required_level" : 2,
		"max_level" : 3,
		"skill" : "WX_SKILL-FZJT"
  },
    	{
  "type" : "BOOK",
		"id" : "Spell_03",
		"name" : "《高级符篆手札》",
		"description" : "详细的介绍了高级符篆的结构组成,并且里面记载着几个高级符篆的绘制方法.",
		"weight" : 500,
		"color" : "black",
		"intelligence" : 10,
		"symbol" : "?",
		"material" : ["paper"],
		"volume" : 5,
		"time" : 60,
		"required_level" : 3,
		"max_level" : 4,
		"skill" : "WX_SKILL-FZJT"
  }
]
