[
	{
		"id" : "wxkj_FB01",
		"type" : "TOOL",
		"category" : "wxkj_fq",
		"name" : "符笔",
		"name_plural" : "符笔",
		"description" : "用于绘制符篆的一种低级符笔,在学徒级制符师中使用最为广泛.",
		"color" : "brown",
        "weight":   0,
		"storage" : 0,
		"symbol" : "[",
  "material" : ["wood"], 
  "flags":["TRADER_AVOID"],
  "qualities": [ ["WXKJ_ZF_01", 1] ]
	},
	 {
		"type" : "recipe",
		"result" : "wxkj_FB01",
		"category" : "CC_无限商店",
		"subcategory": "CSC_无限商店_道具",
    "time": 100,
    "reversible": false,
    "autolearn": true,
    "flags": ["BLIND_EASY"],
    "components": [
      [ [ "SKJB", 100 ] ]
    ]
  }
]