[
  {
    "type": "scenario",
    "name": "生物武器实验室",
    "description": "你醒来，你在哪里？你是谁？你是什么？！现在没关系了……你有一种不好的感觉……",
    "flags": [ "LONE_START", "SUR_START", "SUM_START" ],
    "ident": "bio_weapon_lab",
    "points": 0,
    "start_name": "生物武器实验室",
    "allowed_locs": [ "Bio_Weapon_Lab_l" ],
    "professions": [ "bio_weapon_a", "bio_weapon_b", "bio_weapon_g", "bio_weapon_d", "failed_weapon" ],
    "forbidden_traits": [
      "GOURMAND",
      "MARTIAL_ARTS",
      "MARTIAL_ARTS5",
      "PARKOUR",
      "MARTIAL_ARTS2",
      "MARTIAL_ARTS3",
      "SPIRITUAL",
      "STYLISH",
      "MARTIAL_ARTS4",
      "HOARDER",
      "NOMAD",
      "PACIFIST",
      "TABLEMANNERS",
      "SQUEAMISH",
      "WAYFARER",
      "XS",
      "XXXL"
    ]
  },
  {
    "type": "scenario",
    "name": "真菌B.W.M.D",
    "description": "在马库斯化成功后，我们的系统被指示为真菌争取更多的领土。附近有敌对生物，小心行事。",
    "flags": [ "LONE_START", "SUR_START", "AUT_START" ],
    "ident": "mycus_bwmd",
    "points": 2,
    "start_name": "真菌领地",
    "allowed_locs": ["forest", "field" ],
    "professions": [ "mycus_weapon" ],
    "forbidden_traits": [
      "GOURMAND",
      "MARTIAL_ARTS",
      "MARTIAL_ARTS5",
      "PARKOUR",
      "MARTIAL_ARTS2",
      "MARTIAL_ARTS3",
      "SPIRITUAL",
      "STYLISH",
      "MARTIAL_ARTS4",
      "HOARDER",
      "NOMAD",
      "PACIFIST",
      "TABLEMANNERS",
      "SQUEAMISH",
      "WAYFARER",
      "XS",
      "XXXL"
    ]
  },
  {
    "type": "scenario",
    "name": "准备者家庭",
    "description": "你知道有什么事情正在发生，你准备好了。当死亡降临时，你知道该做什么。现在你已经封锁了你的房子，是时候把你的计划付诸行动了。",
    "ident": "prep_house",
    "points": 2,
    "start_name": "封闭的房子",
    "allowed_locs": [ "boarded_house" ],
    "professions": [ "survivalist", "jr_survivalist", "bionic_prepper", "prepper" ]
  },
  {
    "type": "scenario",
    "name": "自由的奴隶斗士",
    "description": "你一生都在做实验，为了取悦你的主人而被迫与他人作斗争。你从来没有见过太阳，外面的大灾变给了你自由的机会，现在你必须逃离你的战友……",
    "flags": [ "LONE_START", "CHALLENGE" ],
    "ident": "house_fight_scenario",
    "points": -2,
    "start_name": "简陋的房子",
    "allowed_locs": [ "house_fight_s" ],
	"traits": [
      "ARM_FEATHERS",
      "BEAK",
      "CARNIVORE",
      "CHITIN",
      "ELFAEYES",
      "FANGS",
      "FELINE_EARS",
      "GROWL",
      "LIGHT_BONES",
      "NAILS",
      "PADDED_FEET",
      "PLANTSKIN",
      "PONDEROUS1",
      "RADIOACTIVE1",
      "RAP_TALONS",
      "SLIMY",
      "SLIT_NOSTRILS",
      "TAIL_LONG",
      "TROGLO",
      "URSINE_EYE",
      "WEB_WALKER",
      "WHISKERS"
    ],
    "professions": [ "sf_blade", "sf_claw", "sf_shock", "sf_weapon" ]
  },
  {
    "type": "scenario",
    "name": "实验性士兵",
    "description": "你是高级步兵部队的一员，该部队被部署到几个优先地点之一，以尽一切努力使局势得到控制。 延误和人员伤亡导致你在达到目的地时仅剩一个人，而且情况并没有好转",
    "ident": "experiment_soldier_start",
    "points": -2,
    "flags": [ "LONE_START", "CITY_START" ],
    "start_name": "科研大楼",
    "allowed_locs": [ "lab_surface_brick_blockC0", "Bio_Weapon_Lab", "haz_sar_1_2" ],
    "professions": [ "bio_infantry", "bio_scout", "bio_knight", "bio_tool" ]
  },
  {
    "type": "scenario",
    "name": "新的任务",
    "description": "你是一个被成功改造的生物武器，从实验室醒来之后根据那里遗留的地图你找到了组织的所在地，在那里你等着接受新的任务。",
    "ident": "makeshift_command_center_1",
    "points": 2,
    "flags": [ "LONE_START", "CITY_START" ],
    "start_name": "临时指挥所",
    "allowed_locs": [    "makeshift_command_center_1"],
    "professions": [  "bio_weapon_a", "bio_weapon_b", "bio_weapon_g", "bio_weapon_d", "failed_weapon"  ]
  },
  
  {
    "copy-from": "alone",
    "type": "scenario",
    "ident": "alone",
    "traits": [ "MARTIAL_ARTS_SURV_COM", "MARTIAL_ARTS_BIOJUTSU" ]
  },
  {
    "copy-from": "summer_advanced_start",
    "type": "scenario",
    "ident": "summer_advanced_start",
    "traits": [ "MARTIAL_ARTS_SURV_COM", "MARTIAL_ARTS_BIOJUTSU" ],
    "extend": { "professions": [ "bio_infantry", "bio_scout", "bio_knight", "bio_tool" ] }
  },
  {
    "copy-from": "ambushed",
    "type": "scenario",
    "ident": "ambushed",
    "traits": [ "MARTIAL_ARTS_SURV_COM", "MARTIAL_ARTS_BIOJUTSU" ],
    "extend": { "professions": [ "bio_infantry", "bio_scout", "bio_knight", "bio_tool" ] }
  },
  {
    "copy-from": "cyberpunk",
    "type": "scenario",
    "ident": "cyberpunk",
    "traits": [ "MARTIAL_ARTS_BIOJUTSU" ]
  },
  {
    "copy-from": "wilderness",
    "type": "scenario",
    "extend": { "allowed_locs": [ "surv_camp_l" ] },
    "ident": "wilderness"
  },
   {
    "copy-from": "mutant",
    "type": "scenario",
    "ident": "mutant",
    "extend": { "professions": [ "failed_weapon" ] }
  },
  {
    "copy-from": "lab_chal",
    "type": "scenario",
    "ident": "lab_chal",
    "extend": { "professions": [ "failed_weapon" ] }
  },
  {
    "copy-from": "lab_staff",
    "type": "scenario",
    "ident": "lab_staff",
    "extend": { "professions": [ "bio_infantry", "bio_scout", "bio_knight", "bio_tool" ] }
  },
  {
    "copy-from": "heli_crash",
    "type": "scenario",
    "ident": "heli_crash",
    "extend": { "professions": [ "bio_infantry", "bio_scout", "bio_knight", "bio_tool" ] }
  },
  {
    "copy-from": "overrun",
    "type": "scenario",
    "ident": "overrun",
    "extend": { "professions": [ "bio_infantry", "bio_scout", "bio_knight", "bio_tool" ] }
  }
]
