[
  {
    "type": "start_location",
    "ident": "surv_camp_l",
    "name": "幸存者营地",
    "target": "surv_camp"
  },
  {
    "type": "start_location",
    "ident": "Bio_Weapon_Lab_l",
    "name": "生物武器实验室",
    "target": "Bio_Weapon_Lab_b"
  },
  {
    "type": "start_location",
    "ident": "house_fight_s",
    "name": "军事掩体",
    "target": "sketchy_cabin_b2"
  },
  {
    "type": "start_location",
    "ident": "lab_surface_brick_blockC0",
    "name": "研究大楼",
    "target": "lab_surface_brick_blockC0",
    "flags": [ "ALLOW_OUTSIDE" ]
  },
  {
    "type": "start_location",
    "ident": "robofachq_surface_parking",
    "name": "地面停车场",
    "target": "robofachq_surface_parking",
    "flags": [ "ALLOW_OUTSIDE" ]
  },
  {
    "type": "start_location",
    "ident": "makeshift_command_center_1",
    "name": "临时指挥所",
    "target": "makeshift_command_center_1",
    "flags": [ "ALLOW_OUTSIDE" ]
  },
  {
    "type": "start_location",
    "ident": "Bio_Weapon_Lab",
    "//": "This versions is for the super soldier start, places them in the outdoors section.",
    "name": "生物武器实验室",
    "target": "Bio_Weapon_Lab",
    "flags": [ "ALLOW_OUTSIDE" ]
  },
  {
    "type": "start_location",
    "ident": "haz_sar_1_2",
    "name": "放射埋藏地",
    "target": "haz_sar_1_2",
    "flags": [ "ALLOW_OUTSIDE" ]
  }
]
