[
  {
    "type": "terrain",
    "id": "t_thconc_glass_port",
    "name": "带玻璃窗的混凝土墙",
    "description": "一面朴素而实用的混凝土墙，上面安装有带极其厚的玻璃窗户，可以透过窗户观看窗外。有两英寸或者更厚，只有几英尺高，要突破这个阻碍并不容易。",
    "symbol": "LINE_OXOX",
    "looks_like": "t_reinforced_glass",
    "color": "light_gray",
    "move_cost": 0,
    "coverage": 100,
    "roof": "t_flat_roof",
    "flags": [ "TRANSPARENT", "NOITEM", "SUPPORTS_ROOF", "WALL", "AUTO_WALL_SYMBOL", "MINEABLE", "BLOCK_WIND" ],
    "bash": {
      "str_min": 70,
      "str_max": 250,
      "sound": "crash!",
      "sound_fail": "whump!",
      "ter_set": "t_reb_cage",
      "items": [ { "item": "rock", "count": [ 8, 16 ] }, { "item": "glass_shard", "count": [ 4, 8 ] } ]
    }
  }
]
