[
  {
    "type": "mapgen",
    "method": "json",
    "om_terrain": [ "Survivor_Encampment" ],
    "//": "Variant one, literally left to the wolves.  Rural appearance, chance of a horse-drawn vehicle left behind.",
    "weight": 1000,
    "object": {
      "rows": [
        "........................",
        ".######==========######.",
        "##....................##",
        "#......................#",
        "#.|||||................#",
        "#.|___x................#",
        "#.|}}}|...........{{{..#",
        "#.||||||.........|||||.#",
        "#.|BBD_|.........$,,,|.#",
        "#.|v___x.........-,,,|.#",
        "#.|BBD_|.........-,HH|.#",
        "#.||||||.......&.|||||.#",
        "#......................#",
        "#.||www||||xx||||www||.#",
        "#.|BD_DB|______lFsonn|.#",
        "#.|B___B|______lllllC|.#",
        "#.|_____|__tth_lllllC|.#",
        "#.|||+|||__tth_|||+|||.#",
        "#.|________hh__|slllV|.#",
        "#.|bbbb________|sllTV|.#",
        "#.||||||||wwww||||||||.#",
        "#......................#",
        "##mmmmmmmmmmmmmmmmmmmm##",
        ".######################."
      ],
      "terrain": {
        ".": [ [ "t_grass", 4 ], [ "t_grass_long", 2 ], [ "t_dirt", 1 ] ],
        "#": "t_privacy_fence",
        "=": "t_privacy_fencegate_c",
        "|": "t_wall_wood",
        "-": "t_splitrail_fence",
        "$": "t_splitrail_fencegate_c",
        ",": "t_dirtfloor",
        "_": "t_floor",
        "+": "t_door_c",
        "}": "t_floor",
        "{": "t_dirt",
        "&": "t_water_pump",
        "B": "t_floor",
        "C": "t_linoleum_gray",
        "D": "t_floor",
        "F": "t_linoleum_gray",
        "H": "t_dirtfloor",
        "T": "t_linoleum_gray",
        "V": "t_linoleum_gray",
        "b": "t_floor",
        "h": "t_floor",
        "l": "t_linoleum_gray",
        "m": "t_dirtmound",
        "n": "t_linoleum_gray",
        "o": "t_linoleum_gray",
        "s": "t_linoleum_gray",
        "t": "t_floor",
        "v": "t_floor",
        "w": "t_curtains",
        "x": "t_door_locked"
      },
      "furniture": {
        "}": "f_locker",
        "{": "f_rack",
        "B": "f_bed",
        "C": "f_counter",
        "D": "f_dresser",
        "F": "f_fridge",
        "H": "f_hay",
        "T": "f_toilet",
        "V": "f_bathtub",
        "b": "f_bookcase",
        "h": "f_chair",
        "n": "f_cupboard",
        "o": "f_oven",
        "s": "f_sink",
        "t": "f_table",
        "v": "f_woodstove"
      },
      "place_toilets": [ { "x": 19, "y": 19 } ],
      "mapping": {
        "B": { "items": { "item": "bed", "chance": 75 } },
        "F": { "items": [ { "item": "fridge", "chance": 75 }, { "item": "fridgesnacks", "chance": 75 } ] },
        "b": { "items": { "item": "mansion_bookcase", "chance": 100 } },
        "o": { "items": { "item": "oven", "chance": 50 } },
        "t": { "items": { "item": "kitchen", "chance": 25 } },
        "d": { "items": { "item": "dresser", "chance": 90 } },
        "n": {
          "items": [
            { "item": "cannedfood", "chance": 50 },
            { "item": "cannedfood", "chance": 50 },
            { "item": "cannedfood", "chance": 50 }
          ]
        },
        "{": { "items": [ { "item": "tools_earthworking", "chance": 90 }, { "item": "tools_carpentry", "chance": 90 } ] },
        "}": {
          "items": [
            { "item": "tools_gunsmith", "chance": 90 },
            { "item": "gunmod_common", "chance": 75 },
            { "item": "survivor_weapons", "chance": 50 }
          ]
        }
      },
      "place_loot": [
        { "item": "bucket", "x": 18, "y": [ 9, 10 ], "chance": 90 },
        { "item": "bone_human", "x": [ 8, 16 ], "y": [ 2, 12 ], "repeat": [ 10, 20 ] },
        { "item": "recipe_surv", "x": 11, "y": 16 }
      ],
      "place_vehicles": [ { "vehicle": "surv_tachanka", "x": 12, "y": 9, "chance": 90, "status": -1, "rotation": 270 } ],
      "place_monster": [
        { "monster": "mon_wolf", "x": [ 9, 15 ], "y": [ 3, 11 ], "repeat": [ 5, 10 ] },
        { "monster": "mon_horse", "x": 18, "y": 8 },
        { "monster": "mon_horse", "x": 20, "y": 10, "chance": 50 }
      ]
    }
  },
  {
    "type": "mapgen",
    "method": "json",
    "om_terrain": [ "Survivor_Encampment" ],
    "//": "Variant two, house and equipment sheds.  These are infested with renegade robots.",
    "weight": 1000,
    "object": {
      "rows": [
        "........................",
        "#########======#########",
        "#......................#",
        "#.||wwww||....--%%%%--.#",
        "#.|bbbb__|....-mmmmu}-.#",
        "#.w______+....x,,,,,}%.#",
        "#.|hhh___|....x,,,,,}%.#",
        "#.|CCCC__w.P..-mmmmu}-.#",
        "#.wllll__w....--%%%%--.#",
        "#.|nosF__|.............#",
        "#.||||||_|.......----..#",
        "#.|$&CC|_w.1111.--uu--.#",
        "#.+llll+_|.1332.x,,,{-.#",
        "#.||||||+|.1331.x,,,{-.#",
        "#.|H6rrrr|.1111.--WW--.#",
        "#.wrrrrrrw.......----..#",
        "#.wBBrrrrw.111.........#",
        "#.|Drrrrr|.132.-------.#",
        "#.||+||+||.111.-,ee,{-.#",
        "#.|Er|llV|.....x,,,,{-.#",
        "#.|Er|tsV|.!R!.-,,u,{-.#",
        "#.|||||w||.^^^.-------.#",
        "#......................#",
        "########################"
      ],
      "terrain": {
        ".": [ [ "t_grass", 4 ], [ "t_grass_long", 2 ], [ "t_dirt", 1 ] ],
        "#": "t_privacy_fence",
        "=": "t_privacy_fencegate_c",
        "|": "t_wall",
        "-": "t_wall_metal",
        ",": "t_thconc_floor",
        "_": "t_floor",
        "+": "t_door_c",
        "}": "t_thconc_floor",
        "{": "t_thconc_floor",
        "%": "t_wall_glass",
        "&": "t_thconc_floor",
        "$": "t_thconc_floor",
        "!": "t_current_trans",
        "^": "t_concrete",
        "1": "t_dirt",
        "2": "t_dirt",
        "3": "t_dirt",
        "6": "t_console_broken",
        "B": "t_carpet_red",
        "C": "t_linoleum_white",
        "D": "t_carpet_red",
        "E": "t_carpet_red",
        "F": "t_linoleum_white",
        "H": "t_carpet_red",
        "P": "t_water_pump",
        "R": "t_concrete",
        "V": "t_linoleum_white",
        "W": "t_thconc_floor",
        "b": "t_floor",
        "e": "t_thconc_floor",
        "h": "t_floor",
        "l": "t_linoleum_white",
        "m": "t_thconc_floor",
        "n": "t_linoleum_white",
        "o": "t_linoleum_white",
        "r": "t_carpet_red",
        "s": "t_linoleum_white",
        "t": "t_linoleum_white",
        "u": "t_thconc_floor_olight",
        "w": "t_curtains",
        "x": "t_door_metal_c"
      },
      "furniture": {
        "}": "f_locker",
        "{": "f_rack",
        "&": "f_washer",
        "$": "f_dryer",
        "^": "f_solar_unit",
        "1": "f_canvas_wall",
        "2": "f_canvas_door",
        "3": "f_canvas_floor",
        "B": "f_bed",
        "C": "f_counter",
        "E": "f_wardrobe",
        "D": "f_dresser",
        "F": "f_fridge",
        "H": "f_chair",
        "R": "f_rack",
        "V": "f_bathtub",
        "W": "f_workbench",
        "b": "f_bookcase",
        "e": "f_counter",
        "h": "f_chair",
        "m": "f_planter",
        "n": "f_cupboard",
        "o": "f_oven",
        "s": "f_sink",
        "t": "f_toilet",
        "v": "f_woodstove"
      },
      "set": [ { "point": "trap", "id": "tr_rollmat", "x": 12, "y": 13 }, { "point": "trap", "id": "tr_rollmat", "x": 12, "y": 17 } ],
      "place_toilets": [ { "x": 6, "y": 20 } ],
      "mapping": {
        "C": { "items": { "item": "kitchen", "chance": 25 } },
        "B": { "items": { "item": "bed", "chance": 75 } },
        "D": { "items": { "item": "dresser", "chance": 90 } },
        "E": {
          "items": [
            { "item": "dresser", "chance": 90 },
            { "item": "survival_armor", "chance": 75 },
            { "item": "survival_armor", "chance": 50 }
          ]
        },
        "F": { "items": [ { "item": "fridge", "chance": 75 }, { "item": "fridgesnacks", "chance": 75 } ] },
        "R": { "items": { "item": "gas_charging_rack", "chance": 75 } },
        "W": { "items": [ { "item": "energy_weapon_armory", "chance": 75 }, { "item": "energy_weapon_armory", "chance": 50 } ] },
        "b": { "items": { "item": "mansion_bookcase", "chance": 100 } },
        "e": {
          "items": [
            { "item": "surgery", "chance": 75 },
            { "item": "bionics_failed_bio", "chance": 75 },
            { "item": "bionics_failed_bio", "chance": 50 }
          ]
        },
        "o": { "items": { "item": "oven", "chance": 50 } },
        "n": {
          "items": [
            { "item": "cannedfood", "chance": 50 },
            { "item": "cannedfood", "chance": 50 },
            { "item": "cannedfood", "chance": 50 }
          ]
        },
        "{": { "items": [ { "item": "tools_earthworking", "chance": 90 }, { "item": "farming_seeds", "chance": 75 } ] }
      },
      "place_loot": [
        { "group": "tools_gunsmith", "x": 20, "y": [ 12, 13 ], "chance": 90, "repeat": 2 },
        { "group": "ammo_atomic_batteries", "x": 20, "y": [ 12, 13 ], "chance": 50, "repeat": 2 },
        { "group": "tools_robotics", "x": 20, "y": [ 18, 20 ], "chance": 90, "repeat": 2 },
        { "group": "supplies_electronics", "x": 20, "y": [ 18, 20 ], "chance": 75, "repeat": 3 },
        { "item": "recipe_surv", "x": 5, "y": 11 }
      ],
      "place_vehicles": [
        { "vehicle": "bicycle_electric", "x": 11, "y": 6, "chance": 90, "fuel": 25, "status": -1, "rotation": 270 },
        { "vehicle": "bicycle_electric", "x": 12, "y": 6, "chance": 90, "fuel": 25, "status": -1, "rotation": 270 },
        { "vehicle": "surv_cart", "x": 17, "y": 20, "chance": 30, "fuel": 60, "status": -1 }
      ],
      "place_monster": [
        { "monster": "mon_skitterbot", "x": [ 10, 13 ], "y": [ 3, 10 ], "repeat": [ 6, 12 ] },
        { "monster": "mon_manhack", "x": [ 3, 8 ], "y": [ 5, 8 ], "repeat": [ 2, 4 ] },
        { "monster": "mon_secubot", "x": 17, "y": 12 },
        { "monster": "mon_broken_cyborg", "x": 6, "y": 15 },
        { "monster": "mon_broken_cyborg", "x": 17, "y": 19 },
        { "monster": "mon_turret", "x": 22, "y": 9 },
        { "monster": "mon_turret", "x": 22, "y": 16 }
      ]
    }
  },
  {
    "type": "mapgen",
    "method": "json",
    "om_terrain": [ "Survivor_Encampment" ],
    "//": "Variant three, hostile NPCs.  Slightly closer to the traditional encampment layout.",
    "weight": 1000,
    "object": {
      "rows": [
        ".........&..............",
        "#########X====X#########",
        "#......--&,,,,.--......#",
        "#.......--,,,,--....^..#",
        "#...O.P..-,,,,-.....^..#",
        "#.........,,,,......^..#",
        "#.||w|w||.,,,,.........#",
        "#.|bbbbb|.,,,,.||w|w||.#",
        "#.w_hh__|.,,,,.|C_vtt|.#",
        "#.whtt__+.,,,,.+____h|.#",
        "#.|htt_C|.,,,,.|_}}}_|.#",
        "#.|____C|.,,,,.||w|w||.#",
        "#.|||+|||.,,,,.........#",
        "#.|BB_BB|.,,,,.||w|w||.#",
        "#.wD____|.,,,,.|}}}_a|.#",
        "#.|BB___+.,,,,.+____f|.#",
        "#.wD____|.,,,,.|}}}_k|.#",
        "#.|BB_BB|{,,,,.||w|w||.#",
        "#.||w|w||{,,,,.........#",
        "#.........,,,,.|+|+|+|.#",
        "#.mmmmmmm.,,,,.|T|T|T|.#",
        "#.mmmmmmm.,,,,.|||||||.#",
        "#.........,,,,.........#",
        "########################"
      ],
      "terrain": {
        ".": [ [ "t_grass", 4 ], [ "t_grass_long", 2 ], [ "t_dirt", 1 ] ],
        ",": "t_dirt",
        "#": "t_scrap_wall",
        "|": "t_junk_wall",
        "+": "t_door_makeshift_c",
        "_": "t_junk_floor",
        "=": "t_door_metal_locked",
        "&": "t_gates_control_concrete_lab",
        "{": "t_dirt",
        "}": "t_junk_floor",
        "^": "t_dirt",
        "-": "t_dirt",
        "B": "t_junk_floor",
        "C": "t_junk_floor",
        "D": "t_junk_floor",
        "T": "t_junk_floor",
        "O": "t_dirt",
        "P": "t_water_pump",
        "X": "t_concrete_wall",
        "a": "t_junk_floor",
        "b": "t_junk_floor",
        "f": "t_junk_floor",
        "h": "t_junk_floor",
        "k": "t_junk_floor",
        "m": "t_dirtmound",
        "t": "t_junk_floor",
        "v": "t_junk_floor",
        "w": "t_window_boarded_noglass"
      },
      "furniture": {
        "{": "f_rack",
        "}": "f_locker",
        "-": "f_earthbag_half",
        "^": "f_smoking_rack",
        "B": "f_makeshift_bed",
        "C": "f_crate_o",
        "D": "f_dresser",
        "O": "f_standing_tank",
        "T": "f_toilet",
        "a": "f_anvil",
        "b": "f_bookcase",
        "f": "f_forge_rock",
        "h": "f_chair",
        "k": "f_kiln_empty",
        "t": "f_table",
        "v": "f_woodstove"
      },
      "place_zones": [ { "type": "NPC_INVESTIGATE_ONLY", "faction": "hells_raiders", "x": [ 1, 22 ], "y": [ 2, 22 ] } ],
      "place_toilets": [ { "x": 16, "y": 20 }, { "x": 18, "y": 20 }, { "x": 20, "y": 20 } ],
      "mapping": {
        "{": { "items": [ { "item": "tools_earthworking", "chance": 90 }, { "item": "farming_seeds", "chance": 60 } ] },
        "B": { "items": { "item": "bed", "chance": 75 } },
        "C": {
          "items": [
            { "item": "cannedfood", "chance": 50 },
            { "item": "cannedfood", "chance": 50 },
            { "item": "cannedfood", "chance": 50 }
          ]
        },
        "D": {
          "items": [
            { "item": "dresser", "chance": 90 },
            { "item": "survival_armor", "chance": 75 },
            { "item": "survival_armor", "chance": 50 }
          ]
        },
        "b": { "items": { "item": "mansion_bookcase", "chance": 100 } }
      },
      "place_loot": [
        { "group": "oven", "x": [ 19, 20 ], "y": 8, "chance": 90, "repeat": 2 },
        { "group": "power_tools", "x": [ 17, 19 ], "y": 10, "chance": 75, "repeat": 3 },
        { "group": "supplies_reagents_lab", "x": [ 17, 19 ], "y": 10, "chance": 75, "repeat": 3 },
        { "group": "tools_gunsmith", "x": [ 16, 18 ], "y": 14, "chance": 75, "repeat": 3 },
        { "group": "gunmod_common", "x": [ 16, 18 ], "y": 14, "chance": 75, "repeat": 3 },
        { "group": "gunmod_rare", "x": [ 16, 18 ], "y": 14, "chance": 75, "repeat": 3 },
        { "group": "tools_blacksmith", "x": [ 16, 18 ], "y": 16, "chance": 75, "repeat": 3 },
        { "group": "supplies_metal", "x": [ 16, 18 ], "y": 16, "chance": 75, "repeat": 3 },
        { "group": "supplies_mechanics", "x": [ 16, 18 ], "y": 16, "chance": 75, "repeat": 3 },
        { "item": "recipe_surv", "x": 5, "y": 10 }
      ],
      "place_vehicles": [
        { "vehicle": "motorcycle", "x": 10, "y": 18, "chance": 90, "fuel": 25, "status": -1, "rotation": 270 },
        { "vehicle": "motorcycle", "x": 13, "y": 18, "chance": 90, "fuel": 25, "status": -1, "rotation": 270 }
      ],
      "place_npcs": [
        { "class": "bandit", "x": 5, "y": 3 },
        { "class": "bandit", "x": 14, "y": 11 },
        { "class": "bandit", "x": 4, "y": 14 },
        { "class": "bandit", "x": 5, "y": 19 },
        { "class": "thug", "x": 18, "y": 6 },
        { "class": "thug", "x": 3, "y": 10 },
        { "class": "thug", "x": 20, "y": 9 },
        { "class": "thug", "x": 19, "y": 16 }
      ]
    }
  },
  {
    "type": "mapgen",
    "method": "json",
    "om_terrain": [ "Survivor_Encampment" ],
    "//": "Variant four, zombie takeover.  Incomplete version based off the original design, implies they were struggling with an outbreak while still under construction.",
    "weight": 1000,
    "object": {
      "rows": [
        ".........&..............",
        "##########====##########",
        "#........&,,,,.........#",
        "#.||w|w||.,,,,.||w|w||.#",
        "#.|BBDBB|.,,,,.|F_vCC|.#",
        "#.|D____+.,,,,.+__u_h|.#",
        "#.|BBDBB|.,,,,.|_}}}_|.#",
        "#.||w|w||.,,,,.||w|w||.#",
        "#.........,,,,.........#",
        "#.||w|w||.,,,,.||w|w||.#",
        "#.|bbbbb|.,,,,.|}}}_a|.#",
        "#.|__u__+.,,,,.+____f|.#",
        "#.|ht_ht|.,,,,.|}}}_k|.#",
        "#.||w|w||.,,,,.||w|w||.#",
        "#.........,,,,.........#",
        "#-------..,.,,.P.111...#",
        "#-~~~~~--..,.,...231...#",
        "#~m~M~m~--,,.,...111.^.#",
        "#~~~~~~~~--.,........^.#",
        "#~M~m~M~M~-......111.^.#",
        "#~~~~~~~~~-......231...#",
        "#~m~M~M~m~-......111...#",
        "#~~~~~~~~--............#",
        "########################"
      ],
      "terrain": {
        ".": [ [ "t_grass", 4 ], [ "t_grass_long", 2 ], [ "t_dirt", 1 ] ],
        ",": "t_dirt",
        "#": "t_palisade",
        "|": "t_wall_log",
        "+": "t_rdoor_c",
        "_": "t_rock_floor",
        "=": "t_palisade_gate",
        "&": "t_palisade_pulley",
        "}": "t_rock_floor",
        "^": "t_dirt",
        "-": "t_dirt",
        "~": "t_dirt",
        "1": "t_dirt",
        "2": "t_dirt",
        "3": "t_dirt",
        "B": "t_rock_floor",
        "C": "t_rock_floor",
        "D": "t_rock_floor",
        "F": "t_rock_floor",
        "M": "t_pit_shallow",
        "T": "t_rock_floor",
        "O": "t_dirt",
        "P": "t_covered_well",
        "a": "t_rock_floor",
        "b": "t_rock_floor",
        "f": "t_rock_floor",
        "h": "t_rock_floor",
        "k": "t_rock_floor",
        "m": "t_grave_new",
        "t": "t_rock_floor",
        "u": "t_utility_light",
        "v": "t_rock_floor",
        "w": "t_window_enhanced"
      },
      "furniture": {
        "}": "f_locker",
        "-": "f_earthbag_half",
        "^": "f_solar_unit",
        "1": "f_canvas_wall",
        "2": "f_canvas_door",
        "3": "f_canvas_floor",
        "B": "f_makeshift_bed",
        "C": "f_counter",
        "D": "f_dresser",
        "F": "f_fridge",
        "a": "f_anvil",
        "b": "f_bookcase",
        "f": "f_forge_rock",
        "h": "f_chair",
        "k": "f_kiln_empty",
        "t": "f_table",
        "v": "f_woodstove"
      },
      "set": [ { "point": "trap", "id": "tr_rollmat", "x": 18, "y": 16 }, { "point": "trap", "id": "tr_rollmat", "x": 18, "y": 20 } ],
      "mapping": {
        "~": { "item": [ { "item": "ash", "chance": 30, "amount": [ 25, 50 ] }, { "item": "bone_human", "chance": 10 } ] },
        "B": { "items": { "item": "bed", "chance": 75 } },
        "C": { "items": [ { "item": "oven", "chance": 50 } ] },
        "D": {
          "items": [
            { "item": "dresser", "chance": 90 },
            { "item": "survival_armor", "chance": 75 },
            { "item": "survival_armor", "chance": 50 }
          ]
        },
        "b": { "items": { "item": "mansion_bookcase", "chance": 100 } },
        "m": { "item": { "item": "bone_human", "chance": 25, "amount": [ 12, 24 ] } }
      },
      "place_loot": [
        { "group": "power_tools", "x": [ 17, 19 ], "y": 6, "chance": 75, "repeat": 3 },
        { "group": "supplies_reagents_lab", "x": [ 17, 19 ], "y": 6, "chance": 75, "repeat": 3 },
        { "group": "tools_gunsmith", "x": [ 16, 18 ], "y": 10, "chance": 75, "repeat": 3 },
        { "group": "gunmod_common", "x": [ 16, 18 ], "y": 10, "chance": 75, "repeat": 3 },
        { "group": "gunmod_rare", "x": [ 16, 18 ], "y": 10, "chance": 75, "repeat": 3 },
        { "group": "tools_blacksmith", "x": [ 16, 18 ], "y": 12, "chance": 75, "repeat": 3 },
        { "group": "supplies_metal", "x": [ 16, 18 ], "y": 12, "chance": 75, "repeat": 3 },
        { "group": "supplies_mechanics", "x": [ 16, 18 ], "y": 12, "chance": 75, "repeat": 3 },
        { "item": "ash", "x": [ 1, 7 ], "y": [ 17, 22 ], "chance": 50, "repeat": 5 },
        { "item": "flamethrower", "x": 11, "y": [ 19, 20 ], "chance": 90 },
        { "item": "recipe_surv", "x": 7, "y": 12 }
      ],
      "place_vehicles": [ { "vehicle": "bicycle_electric", "x": 13, "y": 18, "chance": 75, "fuel": 25, "status": -1, "rotation": 210 } ],
      "place_monster": [
        { "monster": "mon_zombie_scorched", "x": [ 3, 19 ], "y": [ 3, 19 ], "repeat": [ 3, 6 ] },
        { "monster": "mon_zombie_fiend", "x": [ 3, 19 ], "y": [ 3, 19 ], "repeat": [ 1, 3 ] },
        { "monster": "mon_zombie_survivor", "x": [ 3, 19 ], "y": [ 3, 19 ], "repeat": 4 },
        { "monster": "mon_zombie_necro", "x": [ 3, 19 ], "y": [ 3, 19 ], "repeat": 2 },
        { "monster": "mon_zombie_bio_tool_pistol", "x": [ 3, 19 ], "y": [ 3, 19 ] },
        { "monster": "mon_zombie_electric", "x": [ 3, 19 ], "y": [ 3, 19 ] }
      ]
    }
  },
  {
    "type": "mapgen",
    "method": "json",
    "om_terrain": [ "Survivor_Encampment_2" ],
    "//": "Prepper NPCs variant.  This version will remain rooted in a separate overmap special, to keep their spawns unique.",
    "weight": 1000,
    "object": {
      "faction_owner": [ { "id": "preppers", "x": [ 2, 22 ], "y": [ 3, 22 ] } ],
      "rows": [
        ".........&..............",
        "##########====##########",
        "#........&,,,,.........#",
        "#.|||||||.,,,,.||w|w||.#",
        "#.|H~~~~-.,,,,.|F_vCC|.#",
        "#.|H~~~~x.,,,,.+__u_hw.#",
        "#.|~~~~~-.,,,,.|nn_}}|.#",
        "#.|||||||.,,,,.||w|w||.#",
        "#.........,,,,.........#",
        "#.||w|w||.,,,,.||w|w||.#",
        "#.|bbbbb|.,,,,.|}}}_a|.#",
        "#.w__u__+.,,,,.+__u_fw.#",
        "#.|ht_ht|.,,,,.|{{__k|.#",
        "#.|||+|||.,,,,.|||+|||.#",
        "#.|BB_BB|.,,,,.|{{__{|.#",
        "#.wD_u__+.,,,,.+__u_{w.#",
        "#.|BBDBB|.,,,,.|}}}_{|.#",
        "#.||w|w||.,,,,.||w|w||.#",
        "#..OSPrr..,,,,.........#",
        "#.........,,,,.|+|+|+|.#",
        "#.mmmmmmm.!RR!.|T|T|T|.#",
        "#.mmmmmmm.^^^^.|||||||.#",
        "#......................#",
        "########################"
      ],
      "terrain": {
        ".": [ [ "t_grass", 4 ], [ "t_grass_long", 2 ], [ "t_dirt", 1 ] ],
        ",": "t_dirt",
        "#": "t_palisade",
        "|": "t_wall_log",
        "+": "t_rdoor_c",
        "_": "t_rock_floor",
        "=": "t_palisade_gate",
        "&": "t_palisade_pulley",
        "{": "t_dirt",
        "}": "t_rock_floor",
        "^": "t_concrete",
        "-": "t_splitrail_fence",
        "!": "t_current_trans",
        "~": "t_dirtfloor",
        "B": "t_rock_floor",
        "C": "t_rock_floor",
        "D": "t_rock_floor",
        "F": "t_rock_floor",
        "H": "t_dirtfloor",
        "O": "t_dirt",
        "P": "t_water_pump",
        "R": "t_concrete",
        "S": "t_dirt",
        "T": "t_rock_floor",
        "a": "t_rock_floor",
        "b": "t_rock_floor",
        "f": "t_rock_floor",
        "h": "t_rock_floor",
        "k": "t_rock_floor",
        "m": "t_dirtmound",
        "n": "t_rock_floor",
        "r": "t_dirt",
        "t": "t_rock_floor",
        "u": "t_utility_light",
        "v": "t_rock_floor",
        "w": "t_window_enhanced",
        "x": "t_splitrail_fencegate_c"
      },
      "furniture": {
        "{": "f_rack",
        "}": "f_locker",
        "^": "f_solar_unit",
        "B": "f_makeshift_bed",
        "C": "f_crate_o",
        "D": "f_dresser",
        "H": "f_hay",
        "O": "f_standing_tank",
        "R": "f_rack",
        "S": "f_smoking_rack",
        "T": "f_toilet",
        "a": "f_anvil",
        "b": "f_bookcase",
        "f": "f_forge_rock",
        "h": "f_chair",
        "k": "f_kiln_empty",
        "n": "f_cupboard",
        "r": "f_rack",
        "t": "f_table",
        "v": "f_woodstove"
      },
      "place_toilets": [ { "x": 16, "y": 20 }, { "x": 18, "y": 20 }, { "x": 20, "y": 20 } ],
      "mapping": {
        "B": { "items": { "item": "bed", "chance": 75 } },
        "C": { "items": [ { "item": "oven", "chance": 90 } ] },
        "D": {
          "items": [
            { "item": "dresser", "chance": 90 },
            { "item": "survival_armor", "chance": 75 },
            { "item": "survival_armor", "chance": 50 }
          ]
        },
        "R": { "items": { "item": "gas_charging_rack", "chance": 75 } },
        "b": { "items": { "item": "mansion_bookcase", "chance": 100 } },
        "n": {
          "items": [
            { "item": "cannedfood", "chance": 50 },
            { "item": "cannedfood", "chance": 50 },
            { "item": "cannedfood", "chance": 50 },
            { "item": "cannedfood", "chance": 50 }
          ]
        },
        "r": { "items": [ { "item": "tools_earthworking", "chance": 90 }, { "item": "farming_seeds", "chance": 60 } ] }
      },
      "place_loot": [
        { "group": "power_tools", "x": [ 19, 20 ], "y": 6, "chance": 75, "repeat": 3 },
        { "group": "supplies_reagents_lab", "x": [ 19, 20 ], "y": 6, "chance": 50, "repeat": 3 },
        { "group": "bionics_failed_bio", "x": [ 17, 19 ], "y": 6, "chance": 50, "repeat": 3 },
        { "group": "tools_gunsmith", "x": [ 16, 18 ], "y": 10, "chance": 75, "repeat": 3 },
        { "group": "gunmod_common", "x": [ 16, 18 ], "y": 10, "chance": 50, "repeat": 3 },
        { "group": "gunmod_rare", "x": [ 16, 18 ], "y": 10, "chance": 50, "repeat": 3 },
        { "group": "tools_blacksmith", "x": [ 16, 17 ], "y": 12, "chance": 75, "repeat": 3 },
        { "group": "supplies_metal", "x": [ 16, 17 ], "y": 12, "chance": 25, "repeat": 5 },
        { "group": "supplies_mechanics", "x": [ 16, 17 ], "y": 12, "chance": 25, "repeat": 5 },
        { "group": "gear_medical", "x": [ 16, 17 ], "y": 14, "chance": 75, "repeat": 3 },
        { "group": "surgery", "x": [ 16, 17 ], "y": 14, "chance": 25, "repeat": 5 },
        { "group": "drugs_heal_simple", "x": [ 16, 17 ], "y": 14, "chance": 50, "repeat": 6 },
        { "group": "survivor_weapons", "x": [ 16, 18 ], "y": 16, "chance": 75, "repeat": 3 },
        { "group": "ammo_reloaded", "x": [ 16, 18 ], "y": 16, "chance": 50, "repeat": 6 },
        { "group": "mags_makeshift", "x": [ 16, 18 ], "y": 16, "chance": 50, "repeat": 6 },
        { "group": "tools_electronics", "x": 20, "y": [ 14, 16 ], "chance": 75, "repeat": 3 },
        { "group": "supplies_electronics", "x": 20, "y": [ 14, 16 ], "chance": 50, "repeat": 6 },
        { "group": "bionics_failed_bio", "x": 20, "y": [ 14, 16 ], "chance": 50, "repeat": 3 },
        { "item": "bucket", "x": [ 6, 7 ], "y": 4 },
        { "item": "recipe_surv", "x": 4, "y": 11 }
      ],
      "place_vehicles": [
        { "vehicle": "bicycle_electric", "x": 10, "y": 15, "chance": 90, "fuel": 25, "status": -1, "rotation": 270 },
        { "vehicle": "bicycle_electric", "x": 13, "y": 15, "chance": 90, "fuel": 25, "status": -1, "rotation": 270 },
        { "vehicle": "surv_tachanka", "x": 12, "y": 8, "chance": 75, "status": -1, "rotation": 270 }
      ],
      "place_monster": [
        { "monster": "mon_horse", "x": 4, "y": 4 },
        { "monster": "mon_horse", "x": 6, "y": 6 }
      ],
      "place_npcs": [
        { "class": "survn", "x": 9, "y": 4 },
        { "class": "survn", "x": 18, "y": 6 },
        { "class": "survn", "x": 6, "y": 12 },
        { "class": "survn", "x": 18, "y": 11 },
        { "class": "survn", "x": 4, "y": 15 },
        { "class": "survn", "x": 18, "y": 15 },
        { "class": "survn", "x": 6, "y": 19 },
        { "class": "survn", "x": 14, "y": 17 }
      ]
    }
  }
]
