   [
{
    "type" : "BOOK",
		"id" : "ldlhj_tl",
		"name" : "《天乐》",
		"description" : "《六道轮回经》天道卷中的天乐篇，上面写着:\n天乐者，无天怨，无物累，无鬼责。故曰:’其动也天，其静也地，一心定而王天下;其鬼不祟，其魂不疲，一心定而万物服。’言以虚静推与天下，通于万物，此之谓天乐。天乐者，圣人之心以畜天下也。",
		"weight" : 500,
		"color" : "black",
		"intelligence" : 10,
		"symbol" : "?",
		"material" : ["paper"],
		"volume" : 5,
		"time" : 60,
		"required_level" : 9,
		"max_level" : 10,
		"skill" : "WX_SKILL-LQ"
  }
  ]