[
  {
	"type" : "recipe",
	"result" : "wxkj_blood_human",
	"category" : "CC_无限商店",
	"subcategory": "CSC_无限商店_道具",
    "time": 100,
    "qualities": [ 
    { "id": "INTERNET", "level": 1 } ],
    "flags": ["BLIND_EASY"],
    "reversible": false,
    "autolearn": true,
    "components":
     [
       [ 
       [ "blood", 20 ], 
       [ "bone_human", 11 ], 
       [ "human_flesh", 7 ] 
              
     ]
      
     ]
  },  
  {
    "type": "COMESTIBLE",
    "id": "wxkj_blood_human",
    "name": "人类精血",
    "name_plural": "人类精血",
    "weight": 265,
    "color": "red",
    "container": "flask_glass",
    "comestible_type": "DRINK",
    "symbol": "~",
    "quench": 50,
    "healthy": 8,
    "calories": 430,
    "description": "血本源于先天之精,由大量血液凝炼而来的精血。",
    "price": 0,
    "material": "hflesh",
    "volume": 1,
    "phase": "liquid",
    "fun": 5
  }
  
  ]