[
{
        "type":"TOOL",
        "id": "wxkj_FL5_ldlh1",
      		"category" : "wxkj_fz",
        "name": "仙术:六道轮回",
        "name_plural": "仙术:六道轮回",
        "description": "仙术级符篆,是禁咒伪•六道轮回的进阶仙术,运转轮回之力,泯灭周围敌人的生命...",
        "symbol": "@",
        "color": "red",
        "volume" : 1,		
		      "weight": 1,
        "material": ["wxkj_ts"],
		"max_charges": 2000,
		"initial_charges":0,
		"ammo": "WXKJ_resoure_LQ_type",
			"use_action": {
			"type": "transform",
			"msg": "随着灵气的流转,符篆被激发了!",
			"target": "wxkj_FL5_ldlh2",
			"active": true,
			"need_charges": 50,
			"need_charges_msg": "灵气不足以支撑符篆的激发"
			}
   	},
   	{
        "type":"TOOL",
        "id": "wxkj_FL5_ldlh2",
      		"category" : "wxkj_fz",
        "name": "仙术:六道轮回",
        "name_plural": "仙术:六道轮回",
        "description":"仙术级符篆,是禁咒:伪•六道轮回的进阶仙术,运转轮回之力,泯灭周围敌人的生命...",
        "symbol": "@",
        "color": "red",
        "volume" : 1,		
		      "weight": 1,
        "material": ["wxkj_ts"],
      		"artifact_data" : 
		{
					"effects_activated":[
					"AEA_HURTALL",
					"AEA_HURTALL",
					"AEA_HURTALL",
					"AEA_HURTALL",
					"AEA_HURTALL",
					"AEA_HURTALL",
					"AEA_HURTALL",
					"AEA_HURTALL",
					"AEA_HURTALL",
					"AEA_HURTALL",
					"AEA_HURTALL",
					"AEA_HURTALL"
					],
					"charge_type": "ARTC_NULL"
		},
		"max_charges": 2000,
		"initial_charges":0,
		"charges_per_use": 100,
		"turns_per_charge": 1,
		"ammo": "WXKJ_resoure_LQ_type",		
		"revert_to": "WXKJ_resoure_LQ",
		"revert_msg":"符篆耗尽灵气化作光点缓缓消逝.",
		"use_action": "ARTIFACT"
	}
	]