[ 	
  {
    "id": "wxkj_csd",
    "type": "COMESTIBLE",
    "copy-from": "mutagen_flavor",    
    "name": "第一道轮回",
    "description": "嗯，正在测试中。",
    "use_action": { "type": "mutagen", 
    "mutation_category": "wxkj_fj_ldlh_csd" }
},
{
    "id": "wxkj_egd",
    "type": "COMESTIBLE",
    "copy-from": "mutagen_flavor",    
    "name": "第二道轮回",
    "description": "嗯，正在测试中。",
    "use_action": { "type": "mutagen", 
    "mutation_category": "wxkj_fj_ldlh_egd" }
},
{
    "id": "wxkj_dyd",
    "type": "COMESTIBLE",
    "copy-from": "mutagen_flavor",    
    "name": "第三道轮回",
    "description": "嗯，正在测试中。",
    "use_action": { "type": "mutagen", 
    "mutation_category": "wxkj_fj_ldlh_dyd" }
},
{
    "id": "wxkj_axld",
    "type": "COMESTIBLE",
    "copy-from": "mutagen_flavor",    
    "name": "第四道轮回",
    "description": "嗯，正在测试中。",
    "use_action": { "type": "mutagen", 
    "mutation_category": "wxkj_fj_ldlh_axld" }
},
{
    "id": "wxkj_rjd",
    "type": "COMESTIBLE",
    "copy-from": "mutagen_flavor",    
    "name": "第五道轮回",
    "description": "嗯，正在测试中。",
    "use_action": { "type": "mutagen", 
    "mutation_category": "wxkj_fj_ldlh_rjd" }
},
{
        "type" : "mutation_category",
        "id" : "wxkj_fj_ldlh_csd",
        "name" : "六道轮回-畜牲道",
 "threshold_mut" :"by_ldlhj_1",
 "mutagen_message":"你凝心静神准备突破!",
 "iv_message" : "222iv_message",     
"memorial_message":"333memorial_message"
},
{
        "type" : "mutation_category",
        "id" : "wxkj_fj_ldlh_egd",
        "name" : "六道轮回-饿鬼道",
 "threshold_mut" :"by_ldlhj_2",
 "mutagen_message":"你凝心静神准备突破!",
 "iv_message" : "222iv_message",     
"memorial_message":"333memorial_message"
},
{
        "type" : "mutation_category",
        "id" : "wxkj_fj_ldlh_dyd",
        "name" : "六道轮回-地狱道",
 "threshold_mut" :"by_ldlhj_3",
 "mutagen_message":"你凝心静神准备突破!",
 "iv_message" : "222iv_message",     
"memorial_message":"333memorial_message"
},
{
        "type" : "mutation_category",
        "id" : "wxkj_fj_ldlh_axld",
        "name" : "六道轮回-阿修罗道",
 "threshold_mut" :"by_ldlhj_4",
 "mutagen_message":"你凝心静神准备突破!",
 "iv_message" : "222iv_message",     
"memorial_message":"333memorial_message"
},
{
        "type" : "mutation_category",
        "id" : "wxkj_fj_ldlh_rjd",
        "name" : "六道轮回-人间道",
 "threshold_mut" :"by_ldlhj_5",
 "mutagen_message":"你凝心静神准备突破!",
 "iv_message" : "222iv_message",     
"memorial_message":"333memorial_message"
},
 {
    "type": "mutation",
    "id": "by_ldlhj_1",
    "name": "畜牲道",
    "points": 2,    
        
    "description": "你已经将六道轮回经修炼到了畜牲道.",
    "types": [ "SKIN" ],   
        
    "category": [ "wxkj_fj_ldlh_csd" ], 
    "cancels" : [
    "by_jctxh_1", 
    "by_jctxh_2",
    "by_jctxh_3",
    "by_jctxh_4",
    "by_jctxh_5",
    "by_jctxh_6",
    "by_jctxh_7",
    "by_jctxh_8",
    "by_jctxh_9",
    "by_jctxh_10"
    
    ],
    "armor": [ { "parts": "ALL", "bash": 1, "cut": 1 } ],
    "wet_protection" : [
            { "part" : "HEAD", "ignored" : 1 },
            { "part" : "LEG_L", "ignored" : 1 },
            { "part" : "LEG_R", "ignored" : 1 },
            { "part" : "FOOT_L", "ignored" : 1},
            { "part" : "FOOT_R", "ignored" : 1},
            { "part" : "ARM_L", "ignored" : 1 },
            { "part" : "ARM_R", "ignored" : 1},
            { "part" : "HAND_L", "ignored" :1},
            { "part" : "HAND_R", "ignored" :1},
            { "part" : "TORSO", "ignored" : 1 }
        ],
    "passive_mods": { "str_mod": 1 },
    "//":"被动效果",
    "hp_adjustment": 2
  },
   {
    "type": "mutation",
    "id": "by_ldlhj_2",
    "name": "饿鬼道",
    "points": 2,
    
    
    "description": "你已经将六道轮回经修炼到了饿鬼道.",
    "types": [ "SKIN" ],   
               
    "category": [ "wxkj_fj_ldlh_egd" ], 
    "cancels" : [

    "by_jctxh_1", 
    "by_jctxh_2",
    "by_jctxh_3",
    "by_jctxh_4",
    "by_jctxh_5",
    "by_jctxh_6",
    "by_jctxh_7",
    "by_jctxh_8",
    "by_jctxh_9",
    "by_jctxh_10"
    
    ],
    "armor": [ { "parts": "ALL", "bash": 1, "cut": 1 } ],
    "wet_protection" : [
            { "part" : "HEAD", "ignored" : 1 },
            { "part" : "LEG_L", "ignored" : 1 },
            { "part" : "LEG_R", "ignored" : 1 },
            { "part" : "FOOT_L", "ignored" : 1},
            { "part" : "FOOT_R", "ignored" : 1},
            { "part" : "ARM_L", "ignored" : 1 },
            { "part" : "ARM_R", "ignored" : 1},
            { "part" : "HAND_L", "ignored" :1},
            { "part" : "HAND_R", "ignored" :1},
            { "part" : "TORSO", "ignored" : 1 }
        ],
    "passive_mods": { "str_mod": 1 },
    "//":"被动效果",
    "hp_adjustment": 2
  },
   {
    "type": "mutation",
    "id": "by_ldlhj_3",
    "name": "地狱道",
    "points": 2,
    
    
    "description": "你已经将六道轮回经修炼到了地狱道.",
    "types": [ "SKIN" ],   
        
    "category": [ "wxkj_fj_ldlh_dyd" ], 
    "cancels" : [
    "by_jctxh_1", 
    "by_jctxh_2",
    "by_jctxh_3",
    "by_jctxh_4",
    "by_jctxh_5",
    "by_jctxh_6",
    "by_jctxh_7",
    "by_jctxh_8",
    "by_jctxh_9",
    "by_jctxh_10"
    
    ],
    "armor": [ { "parts": "ALL", "bash": 1, "cut": 1 } ],
    "wet_protection" : [
            { "part" : "HEAD", "ignored" : 1 },
            { "part" : "LEG_L", "ignored" : 1 },
            { "part" : "LEG_R", "ignored" : 1 },
            { "part" : "FOOT_L", "ignored" : 1},
            { "part" : "FOOT_R", "ignored" : 1},
            { "part" : "ARM_L", "ignored" : 1 },
            { "part" : "ARM_R", "ignored" : 1},
            { "part" : "HAND_L", "ignored" :1},
            { "part" : "HAND_R", "ignored" :1},
            { "part" : "TORSO", "ignored" : 1 }
        ],
    "passive_mods": { "str_mod": 1 },
    "//":"被动效果",
    "hp_adjustment": 2
  },
   {
    "type": "mutation",
    "id": "by_ldlhj_4",
    "name": "阿修罗道",
    "points": 2,
    
    
    "description": "你已经将六道轮回经修炼到了阿修罗道.",
    "types": [ "SKIN" ],   
        
    "category": [ "wxkj_fj_ldlh_axld" ], 
    "cancels" : [
    "by_jctxh_1", 
    "by_jctxh_2",
    "by_jctxh_3",
    "by_jctxh_4",
    "by_jctxh_5",
    "by_jctxh_6",
    "by_jctxh_7",
    "by_jctxh_8",
    "by_jctxh_9",
    "by_jctxh_10"
    
    ],
    "armor": [ { "parts": "ALL", "bash": 1, "cut": 1 } ],
    "wet_protection" : [
            { "part" : "HEAD", "ignored" : 1 },
            { "part" : "LEG_L", "ignored" : 1 },
            { "part" : "LEG_R", "ignored" : 1 },
            { "part" : "FOOT_L", "ignored" : 1},
            { "part" : "FOOT_R", "ignored" : 1},
            { "part" : "ARM_L", "ignored" : 1 },
            { "part" : "ARM_R", "ignored" : 1},
            { "part" : "HAND_L", "ignored" :1},
            { "part" : "HAND_R", "ignored" :1},
            { "part" : "TORSO", "ignored" : 1 }
        ],
    "passive_mods": { "str_mod": 1 },
    "//":"被动效果",
    "hp_adjustment": 2
  },
   {
    "type": "mutation",
    "id": "by_ldlhj_5",
    "name": "人间道",
    "points": 2,
    
    
    "description": "你已经将六道轮回经修炼到了人间道.",
    "types": [ "SKIN" ],   
        
    "category": [ "wxkj_fj_ldlh_rjd" ], 
    "cancels" : [
    "by_jctxh_1", 
    "by_jctxh_2",
    "by_jctxh_3",
    "by_jctxh_4",
    "by_jctxh_5",
    "by_jctxh_6",
    "by_jctxh_7",
    "by_jctxh_8",
    "by_jctxh_9",
    "by_jctxh_10"
    
    ],
    "armor": [ { "parts": "ALL", "bash": 1, "cut": 1 } ],
    "wet_protection" : [
            { "part" : "HEAD", "ignored" : 1 },
            { "part" : "LEG_L", "ignored" : 1 },
            { "part" : "LEG_R", "ignored" : 1 },
            { "part" : "FOOT_L", "ignored" : 1},
            { "part" : "FOOT_R", "ignored" : 1},
            { "part" : "ARM_L", "ignored" : 1 },
            { "part" : "ARM_R", "ignored" : 1},
            { "part" : "HAND_L", "ignored" :1},
            { "part" : "HAND_R", "ignored" :1},
            { "part" : "TORSO", "ignored" : 1 }
        ],
    "passive_mods": { "str_mod": 1 },
    "//":"被动效果",
    "hp_adjustment": 2
  }
]