[
	{
		"type": "mod_tileset",
		"compatibility": [ "MSX++DEAD_PEOPLE", "UNDEAD_PEOPLE" , "UltimateCataclysm" ],
		"tiles-new": [
			{
				"file": "tiles//tileset//32x32.png",
				"sprite_width":32,
				"sprite_height":32,
				"tiles": [
					{ "id": "hy_mobile_adv_m_folded", "fg": 0, "rotates": false },
					{ "id": "hy_mobile_adv_m", "fg": 1, "rotates": false },{ "id": "hy_mobile_adv_m_seedling_wheat", "fg": 2, "rotates": false },
					{ "id": "hy_mobile_adv_m_seedling_celery", "fg": 2, "rotates": false },
					{ "id": "hy_mobile_adv_m_seedling_datura", "fg": 2, "rotates": false },
					{ "id": "hy_mobile_adv_m_seedling_rawdandelion", "fg": 2, "rotates": false },
					{ "id": "hy_mobile_adv_m_seedling_wildherbs", "fg": 2, "rotates": false },
					{ "id": "hy_mobile_adv_m_seedling_buckwheat", "fg": 2, "rotates": false },
					{ "id": "hy_mobile_adv_m_seedling_mugwort", "fg": 2, "rotates": false },
					{ "id": "hy_mobile_adv_m_seedling_beebalm", "fg": 2, "rotates": false },
					{ "id": "hy_mobile_adv_m_seedling_pumpkin", "fg": 2, "rotates": false },
					{ "id": "hy_mobile_adv_m_seedling_thyme", "fg": 2, "rotates": false },
					{ "id": "hy_mobile_adv_m_seedling_beans", "fg": 2, "rotates": false },
					{ "id": "hy_mobile_adv_m_seedling_cucumber", "fg": 2, "rotates": false },
					{ "id": "hy_mobile_adv_m_seedling_carrot", "fg": 2, "rotates": false },
					{ "id": "hy_mobile_adv_m_seedling_wildcarrot", "fg": 2, "rotates": false },
					{ "id": "hy_mobile_adv_m_seedling_chicory", "fg": 2, "rotates": false },
					{ "id": "hy_mobile_adv_m_seedling_salsifyraw", "fg": 2, "rotates": false },
					{ "id": "hy_mobile_adv_m_seedling_dahlia", "fg": 2, "rotates": false },
					{ "id": "hy_mobile_adv_m_seedling_onion", "fg": 2, "rotates": false },
					{ "id": "hy_mobile_adv_m_seedling_broccoli", "fg": 2, "rotates": false },
					{ "id": "hy_mobile_adv_m_seedling_cottonboll", "fg": 2, "rotates": false },
					{ "id": "hy_mobile_adv_m_seedling_tomato", "fg": 2, "rotates": false },
					{ "id": "hy_mobile_adv_m_seedling_lettuce", "fg": 2, "rotates": false },
					{ "id": "hy_mobile_adv_m_seedling_sugarbeet", "fg": 2, "rotates": false },
					{ "id": "hy_mobile_adv_m_seedling_grapes", "fg": 2, "rotates": false },
					{ "id": "hy_mobile_adv_m_seedling_strawberries", "fg": 2, "rotates": false },
					{ "id": "hy_mobile_adv_m_seedling_elderberries", "fg": 2, "rotates": false },
					{ "id": "hy_mobile_adv_m_seedling_mulberries", "fg": 2, "rotates": false },
					{ "id": "hy_mobile_adv_m_seedling_cranberries", "fg": 2, "rotates": false },
					{ "id": "hy_mobile_adv_m_seedling_blueberries", "fg": 2, "rotates": false },
					{ "id": "hy_mobile_adv_m_seedling_blackberries", "fg": 2, "rotates": false },
					{ "id": "hy_mobile_adv_m_seedling_cattail", "fg": 2, "rotates": false },
					{ "id": "hy_mobile_adv_m_seedling_pepper", "fg": 2, "rotates": false },
					{ "id": "hy_mobile_adv_m_seedling_corn", "fg": 2, "rotates": false },
					{ "id": "hy_mobile_adv_m_seedling_oats", "fg": 2, "rotates": false },
					{ "id": "hy_mobile_adv_m_seedling_dogbane", "fg": 2, "rotates": false },
					{ "id": "hy_mobile_adv_m_seedling_zucchini", "fg": 2, "rotates": false },
					{ "id": "hy_mobile_adv_m_seedling_sunflower", "fg": 2, "rotates": false },
					{ "id": "hy_mobile_adv_m_seedling_garlic", "fg": 2, "rotates": false },
					{ "id": "hy_mobile_adv_m_seedling_huckleberries", "fg": 2, "rotates": false },
					{ "id": "hy_mobile_adv_m_seedling_soybean", "fg": 2, "rotates": false },
					{ "id": "hy_mobile_adv_m_seedling_rosehips", "fg": 2, "rotates": false },
					{ "id": "hy_mobile_adv_m_seedling_tobacco", "fg": 2, "rotates": false },
					{ "id": "hy_mobile_adv_m_seedling_cabbage", "fg": 2, "rotates": false },
					{ "id": "hy_mobile_adv_m_seedling_barley", "fg": 2, "rotates": false },
					{ "id": "hy_mobile_adv_m_seedling_raspberries", "fg": 2, "rotates": false },
					{ "id": "hy_mobile_adv_m_seedling_chamomile", "fg": 2, "rotates": false },
					{ "id": "hy_mobile_adv_m_seedling_potato", "fg": 2, "rotates": false },
					{ "id": "hy_mobile_adv_m_seedling_hops", "fg": 2, "rotates": false },
					{ "id": "hy_mobile_adv_m_seedling_rawlentils", "fg": 2, "rotates": false },
					{ "id": "hy_mobile_adv_m_seedling_canolaseeds", "fg": 2, "rotates": false },
					{ "id": "hy_mobile_adv_m_seedling_wildvegetable", "fg": 2, "rotates": false },
					{ "id": "hy_mobile_adv_m_seedling_rhubarb", "fg": 2, "rotates": false },
					{ "id": "hy_mobile_adv_m_mature_wheat", "fg": 3, "rotates": false },
					{ "id": "hy_mobile_adv_m_mature_celery", "fg": 3, "rotates": false },
					{ "id": "hy_mobile_adv_m_mature_datura", "fg": 3, "rotates": false },
					{ "id": "hy_mobile_adv_m_mature_rawdandelion", "fg": 3, "rotates": false },
					{ "id": "hy_mobile_adv_m_mature_wildherbs", "fg": 3, "rotates": false },
					{ "id": "hy_mobile_adv_m_mature_buckwheat", "fg": 3, "rotates": false },
					{ "id": "hy_mobile_adv_m_mature_mugwort", "fg": 3, "rotates": false },
					{ "id": "hy_mobile_adv_m_mature_beebalm", "fg": 3, "rotates": false },
					{ "id": "hy_mobile_adv_m_mature_pumpkin", "fg": 3, "rotates": false },
					{ "id": "hy_mobile_adv_m_mature_thyme", "fg": 3, "rotates": false },
					{ "id": "hy_mobile_adv_m_mature_beans", "fg": 3, "rotates": false },
					{ "id": "hy_mobile_adv_m_mature_cucumber", "fg": 3, "rotates": false },
					{ "id": "hy_mobile_adv_m_mature_carrot", "fg": 3, "rotates": false },
					{ "id": "hy_mobile_adv_m_mature_wildcarrot", "fg": 3, "rotates": false },
					{ "id": "hy_mobile_adv_m_mature_chicory", "fg": 3, "rotates": false },
					{ "id": "hy_mobile_adv_m_mature_salsifyraw", "fg": 3, "rotates": false },
					{ "id": "hy_mobile_adv_m_mature_dahlia", "fg": 3, "rotates": false },
					{ "id": "hy_mobile_adv_m_mature_onion", "fg": 3, "rotates": false },
					{ "id": "hy_mobile_adv_m_mature_broccoli", "fg": 3, "rotates": false },
					{ "id": "hy_mobile_adv_m_mature_cottonboll", "fg": 3, "rotates": false },
					{ "id": "hy_mobile_adv_m_mature_tomato", "fg": 3, "rotates": false },
					{ "id": "hy_mobile_adv_m_mature_lettuce", "fg": 3, "rotates": false },
					{ "id": "hy_mobile_adv_m_mature_sugarbeet", "fg": 3, "rotates": false },
					{ "id": "hy_mobile_adv_m_mature_grapes", "fg": 3, "rotates": false },
					{ "id": "hy_mobile_adv_m_mature_strawberries", "fg": 3, "rotates": false },
					{ "id": "hy_mobile_adv_m_mature_elderberries", "fg": 3, "rotates": false },
					{ "id": "hy_mobile_adv_m_mature_mulberries", "fg": 3, "rotates": false },
					{ "id": "hy_mobile_adv_m_mature_cranberries", "fg": 3, "rotates": false },
					{ "id": "hy_mobile_adv_m_mature_blueberries", "fg": 3, "rotates": false },
					{ "id": "hy_mobile_adv_m_mature_blackberries", "fg": 3, "rotates": false },
					{ "id": "hy_mobile_adv_m_mature_cattail", "fg": 3, "rotates": false },
					{ "id": "hy_mobile_adv_m_mature_pepper", "fg": 3, "rotates": false },
					{ "id": "hy_mobile_adv_m_mature_corn", "fg": 3, "rotates": false },
					{ "id": "hy_mobile_adv_m_mature_oats", "fg": 3, "rotates": false },
					{ "id": "hy_mobile_adv_m_mature_dogbane", "fg": 3, "rotates": false },
					{ "id": "hy_mobile_adv_m_mature_zucchini", "fg": 3, "rotates": false },
					{ "id": "hy_mobile_adv_m_mature_sunflower", "fg": 3, "rotates": false },
					{ "id": "hy_mobile_adv_m_mature_garlic", "fg": 3, "rotates": false },
					{ "id": "hy_mobile_adv_m_mature_huckleberries", "fg": 3, "rotates": false },
					{ "id": "hy_mobile_adv_m_mature_soybean", "fg": 3, "rotates": false },
					{ "id": "hy_mobile_adv_m_mature_rosehips", "fg": 3, "rotates": false },
					{ "id": "hy_mobile_adv_m_mature_tobacco", "fg": 3, "rotates": false },
					{ "id": "hy_mobile_adv_m_mature_cabbage", "fg": 3, "rotates": false },
					{ "id": "hy_mobile_adv_m_mature_barley", "fg": 3, "rotates": false },
					{ "id": "hy_mobile_adv_m_mature_raspberries", "fg": 3, "rotates": false },
					{ "id": "hy_mobile_adv_m_mature_chamomile", "fg": 3, "rotates": false },
					{ "id": "hy_mobile_adv_m_mature_potato", "fg": 3, "rotates": false },
					{ "id": "hy_mobile_adv_m_mature_hops", "fg": 3, "rotates": false },
					{ "id": "hy_mobile_adv_m_mature_rawlentils", "fg": 3, "rotates": false },
					{ "id": "hy_mobile_adv_m_mature_canolaseeds", "fg": 3, "rotates": false },
					{ "id": "hy_mobile_adv_m_mature_wildvegetable", "fg": 3, "rotates": false },
					{ "id": "hy_mobile_adv_m_mature_rhubarb", "fg": 3, "rotates": false },
					{ "id": "hy_mobile_adv_m_harvest_wheat", "fg": 4, "rotates": false },
					{ "id": "hy_mobile_adv_m_harvest_celery", "fg": 4, "rotates": false },
					{ "id": "hy_mobile_adv_m_harvest_datura", "fg": 4, "rotates": false },
					{ "id": "hy_mobile_adv_m_harvest_rawdandelion", "fg": 4, "rotates": false },
					{ "id": "hy_mobile_adv_m_harvest_wildherbs", "fg": 4, "rotates": false },
					{ "id": "hy_mobile_adv_m_harvest_buckwheat", "fg": 4, "rotates": false },
					{ "id": "hy_mobile_adv_m_harvest_mugwort", "fg": 4, "rotates": false },
					{ "id": "hy_mobile_adv_m_harvest_beebalm", "fg": 4, "rotates": false },
					{ "id": "hy_mobile_adv_m_harvest_pumpkin", "fg": 4, "rotates": false },
					{ "id": "hy_mobile_adv_m_harvest_thyme", "fg": 4, "rotates": false },
					{ "id": "hy_mobile_adv_m_harvest_beans", "fg": 4, "rotates": false },
					{ "id": "hy_mobile_adv_m_harvest_cucumber", "fg": 4, "rotates": false },
					{ "id": "hy_mobile_adv_m_harvest_carrot", "fg": 4, "rotates": false },
					{ "id": "hy_mobile_adv_m_harvest_wildcarrot", "fg": 4, "rotates": false },
					{ "id": "hy_mobile_adv_m_harvest_chicory", "fg": 4, "rotates": false },
					{ "id": "hy_mobile_adv_m_harvest_salsifyraw", "fg": 4, "rotates": false },
					{ "id": "hy_mobile_adv_m_harvest_dahlia", "fg": 4, "rotates": false },
					{ "id": "hy_mobile_adv_m_harvest_onion", "fg": 4, "rotates": false },
					{ "id": "hy_mobile_adv_m_harvest_broccoli", "fg": 4, "rotates": false },
					{ "id": "hy_mobile_adv_m_harvest_cottonboll", "fg": 4, "rotates": false },
					{ "id": "hy_mobile_adv_m_harvest_tomato", "fg": 4, "rotates": false },
					{ "id": "hy_mobile_adv_m_harvest_lettuce", "fg": 4, "rotates": false },
					{ "id": "hy_mobile_adv_m_harvest_sugarbeet", "fg": 4, "rotates": false },
					{ "id": "hy_mobile_adv_m_harvest_grapes", "fg": 4, "rotates": false },
					{ "id": "hy_mobile_adv_m_harvest_strawberries", "fg": 4, "rotates": false },
					{ "id": "hy_mobile_adv_m_harvest_elderberries", "fg": 4, "rotates": false },
					{ "id": "hy_mobile_adv_m_harvest_mulberries", "fg": 4, "rotates": false },
					{ "id": "hy_mobile_adv_m_harvest_cranberries", "fg": 4, "rotates": false },
					{ "id": "hy_mobile_adv_m_harvest_blueberries", "fg": 4, "rotates": false },
					{ "id": "hy_mobile_adv_m_harvest_blackberries", "fg": 4, "rotates": false },
					{ "id": "hy_mobile_adv_m_harvest_cattail", "fg": 4, "rotates": false },
					{ "id": "hy_mobile_adv_m_harvest_pepper", "fg": 4, "rotates": false },
					{ "id": "hy_mobile_adv_m_harvest_corn", "fg": 4, "rotates": false },
					{ "id": "hy_mobile_adv_m_harvest_oats", "fg": 4, "rotates": false },
					{ "id": "hy_mobile_adv_m_harvest_dogbane", "fg": 4, "rotates": false },
					{ "id": "hy_mobile_adv_m_harvest_zucchini", "fg": 4, "rotates": false },
					{ "id": "hy_mobile_adv_m_harvest_sunflower", "fg": 4, "rotates": false },
					{ "id": "hy_mobile_adv_m_harvest_garlic", "fg": 4, "rotates": false },
					{ "id": "hy_mobile_adv_m_harvest_huckleberries", "fg": 4, "rotates": false },
					{ "id": "hy_mobile_adv_m_harvest_soybean", "fg": 4, "rotates": false },
					{ "id": "hy_mobile_adv_m_harvest_rosehips", "fg": 4, "rotates": false },
					{ "id": "hy_mobile_adv_m_harvest_tobacco", "fg": 4, "rotates": false },
					{ "id": "hy_mobile_adv_m_harvest_cabbage", "fg": 4, "rotates": false },
					{ "id": "hy_mobile_adv_m_harvest_barley", "fg": 4, "rotates": false },
					{ "id": "hy_mobile_adv_m_harvest_raspberries", "fg": 4, "rotates": false },
					{ "id": "hy_mobile_adv_m_harvest_chamomile", "fg": 4, "rotates": false },
					{ "id": "hy_mobile_adv_m_harvest_potato", "fg": 4, "rotates": false },
					{ "id": "hy_mobile_adv_m_harvest_hops", "fg": 4, "rotates": false },
					{ "id": "hy_mobile_adv_m_harvest_rawlentils", "fg": 4, "rotates": false },
					{ "id": "hy_mobile_adv_m_harvest_canolaseeds", "fg": 4, "rotates": false },
					{ "id": "hy_mobile_adv_m_harvest_wildvegetable", "fg": 4, "rotates": false },
					{ "id": "hy_mobile_adv_m_harvest_rhubarb", "fg": 4, "rotates": false }
				]
			}
		]
	},
	{
		"type": "mod_tileset",
		"compatibility": [ "MSX++DEAD_PEOPLE", "UNDEAD_PEOPLE" , "UltimateCataclysm" ],
		"tiles-new": [
			{
				"file": "tiles//tileset//32x48.png",
				"sprite_width":32,
				"sprite_height":48,
				"sprite_offset_y":-16,
				"tiles": [
					{ "id": "apiculture_beehive_normal_new_empty", "fg": 0, "rotates": false },
					{ "id": "f_apiculture_beehive_normal_new_empty", "fg": 0, "rotates": false },
					{ "id": "apiculture_beehive_normal_new", "fg": 0, "rotates": false },
					{ "id": "f_apiculture_beehive_normal_new", "fg": 0, "rotates": false },
					{ "id": "apiculture_beehive_normal_hibernate_new", "fg": 0, "rotates": false },
					{ "id": "apiculture_beehive_normal_little", "fg": 0, "rotates": false },
					{ "id": "f_apiculture_beehive_normal_little", "fg": 1, "rotates": false },
					{ "id": "apiculture_beehive_normal_moderate", "fg": 0, "rotates": false },
					{ "id": "f_apiculture_beehive_normal_moderate", "fg": 1, "rotates": false },
					{ "id": "apiculture_beehive_normal_plentiful_1", "fg": 0, "rotates": false },
					{ "id": "f_apiculture_beehive_normal_plentiful_1", "fg": 1, "rotates": false },
					{ "id": "apiculture_beehive_normal_plentiful_2", "fg": 0, "rotates": false },
					{ "id": "f_apiculture_beehive_normal_plentiful_2", "fg": 1, "rotates": false },
					{ "id": "apiculture_beehive_normal_enormous_1", "fg": 0, "rotates": false },
					{ "id": "f_apiculture_beehive_normal_enormous_1", "fg": 1, "rotates": false },
					{ "id": "f_apiculture_beehive_normal_enormous_2", "fg": 1, "rotates": false },
					{ "id": "f_apiculture_beehive_normal_maximal", "fg": 2, "rotates": false },
					{ "id": "f_apiculture_beehive_normal_dirty", "fg": 0, "rotates": false },
					{ "id": "apiculture_beehive_normal_hibernate_dirty", "fg": 0, "rotates": false }
				]
			}
		]
	}
]
