    [
    
    {
       "type":"TOOL",
        "id": "wx_bwq_cs",   
	      	"category" : "wxkj_lq_lq",
        "symbol": "/",
        "color": "dark_gray",
        "name": "霸王枪(沉睡)",
        "description": "名匠使用天降陨铁为项羽锻造兵器,经九天九夜终锻成一杆巨型錾金虎头枪，名曰“霸王”。专属技能:陷阵(a激活)",
        "price": 500000,   
      
        "to_hit": 5,
        "price_postapoc": 2000000,   
        "material": ["steel","wood","wxkj_ts"],
        "weight": 81000,
        "volume": 20,
        "bashing": 24,
	       	"max_charges": 1,
	        "charges_per_use": 1,
	       	"ammo": "WXKJ_resoure_HP_type",
 	
        "min_strength" : 10,
        "cutting": 49,
        "flags" : ["SPEAR", "REACH_ATTACK"],
 "techniques" : ["WBLOCK_2","LBSH","tec_counter"],            
  "use_action": {
			"type": "transform",
			"msg": "只见枪身一道青光闪过，自主触发技能:陷阵，整个长枪在轻微的颤抖着，仿佛有什么东西已经苏醒。",
			"target": "wx_bwq",
			"active": true,
			"moves" : 0,
			"need_charges": 1,
			"need_charges_msg": "这把枪的枪魂残缺，无法唤醒枪魂"
			}

  },
    
   {
       "type":"TOOL",
        "id": "wx_bwq",
        "category" : "wxkj_lq_lq",
        "symbol": "/",
        "color": "dark_gray",
        "name": "霸王枪·魂",
        "description": "西楚霸王:项羽所用的枪。这把枪的枪魂已经苏醒!专属技能:陷阵(a激活),每次激活消耗100点灵气。",
        "price": 500000,   
      
        "to_hit": 10,
        "price_postapoc": 2000000,   
        "material": ["steel","wood","wxkj_ts"],
        "weight": 8100,
        "volume": 20,
        "bashing": 25,
  		"max_charges": 3000,
	  	"charges_per_use": 100,
  		"turns_per_charge": 1,
  		"initial_charges": 100,     "//":"初始蕴含能量",
	  	"ammo": "WXKJ_resoure_LQ_type",
 	  	"artifact_data" :
			{
			"charge_type": "ARTC_TIME"
		
			},
        "min_strength" : 10,
        "cutting": 49,
        "flags" : [  "UNBREAKABLE_MELEE",  "SPEAR", "REACH_ATTACK"],
      "techniques" : ["WBLOCK_2","LBSH","tec_counter"],           
       		"revert_to": "wx_bwq",
       		"revert_msg": "枪魂已经彻底苏醒!!!",	
 
 
   	"use_action": [
			{
			"type" : "consume_drug",
			"activation_message" : "冲锋陷阵，有我无敌!触发技能:陷阵，持续时间1分钟。",
			"effects" : [ { "id" : "wx_effext_XZ", "duration" : 10 } ]
   }
   ]



  }
  ]