    [
    
    {
       "type":"TOOL",
        "id": "wx_lyq_cs",   
	      	"category" : "wxkj_lq_lq",
        "symbol": "/",
        "color": "dark_gray",
        "name": "龙胆亮银枪(沉睡)",
        "description": "左手青虹剑，右手亮银枪，跨下白龙马，一身白盔白甲，长板坡单骑救主，于二十万曹军中往返折杀，所向披靡，如此猛将乃常山赵子龙是也！其枪全名曰：龙胆亮银枪。专属技能:龙胆(a激活)",
        "price": 500000,        
        "to_hit": 5,
        "price_postapoc": 2000000,   
        "material": ["steel","wood","wxkj_ts"],
        "weight": 72000,
        "volume": 12,
        "bashing": 24,
	       	"max_charges": 1,
	        "charges_per_use": 1,   
	       	"ammo": "WXKJ_resoure_HP_type", 	
        "min_strength" : 10,
        "cutting": 52,
        "flags" : ["SPEAR", "REACH_ATTACK"],
        "techniques" : ["WBLOCK_2","BNCF","VORPAL"],    
  "use_action": {
			"type": "transform",
			"msg": "只见枪身一道青光闪过，自主触发技能:龙胆，整个长枪在轻微的颤抖着，仿佛有什么东西已经苏醒。",
			"target": "wx_lyq",
			"active": true,
			"moves" : 0,
			"need_charges": 1,
			"need_charges_msg": "这把枪的枪魂残缺，无法唤醒枪魂"
			}

  },
    
   {
       "type":"TOOL",
        "id": "wx_lyq",
        "category" : "wxkj_lq_lq",
        "symbol": "/",
        "color": "dark_gray",
        "name": "龙胆亮银枪·魂",
        "description": "三国名将:赵云所用的枪。这把枪的枪魂已经苏醒!专属技能:龙胆(a激活),每次激活消耗100点灵气。",
        "price": 500000,   
      
        "to_hit": 10,
        "price_postapoc": 2000000,   
        "material": ["steel","wood","wxkj_ts"],
        "weight": 7200,
        "volume": 12,
        "bashing": 24,
  		"max_charges": 3000,
	  	"charges_per_use": 100,   "//":"激活时消耗",
  		"turns_per_charge": 1,       "//":"多少回合消耗一次",
		  "initial_charges": 100,     "//":"初始蕴含能量",
	  	"ammo": "WXKJ_resoure_LQ_type",
	  	
        "min_strength" : 10,
        "cutting": 52,
        "flags" : [   "UNBREAKABLE_MELEE", "SPEAR", "REACH_ATTACK"],
        "techniques" : ["WBLOCK_2","BNCF","VORPAL"],   
       		"revert_to": "wx_lyq",
       		"revert_msg": "枪魂已经彻底苏醒!!!",	
 
 	"use_action": [
			{
			"type" : "consume_drug",
			"activation_message" : "血染征袍透甲红，当阳谁敢与争锋，古来冲阵扶危主，只有常山赵子龙!触发技能:陷阵，持续时间1分钟。",
			"effects" : [ { "id" : "wx_effext_LD", "duration" : 10 } ]
   }
   ]


  }
  ]