  [
  {
    "id": "mon_wxkj_bhgww1",
    "type": "MONSTER",
    "name": "百合根娃娃",
    "description": "百合根娃娃是样子像植物的草属性宝可梦，身体大部分是绿色的。它圆形的头和条纹使它看起来像洋葱一类的植物的球根。它的头上长有三根椭圆形的叶子。它有白色的脸，脸上看起来没有鼻子或嘴。它有细长且竖着的卵形褐色的眼睛。它的脖子上有绿色的“围兜”。它下方的身体有五个粗短的桩，其中两个像是手臂，两个像是腿。",
    "categories": [ "WILDLIFE" ],
    "species": [ "MAMMAL" ],
    "default_faction": "bdd_family",
    "harvest": "mammal_tiny",
    "diff": 2,
    "size": "TINY",
    "volume": "5 ml",
    "weight": 10,
    "hp": 152,
    "speed": 90,
    "material": [ "flesh" ],
    "symbol": "U",
    "color": "light_gray",
    "aggression": 1,
    "morale": 100,
    "melee_skill": 1,
    "melee_dice_sides": 10,
    "melee_dice": 2,
    "melee_cut": 3,
    "melee_bash": 7,
    "dodge": 2,
    "armor_bash": 5,
    "armor_cut": 5, 
    "path_settings": { "max_dist": 15 },
    "anger_triggers": [ "HURT", "FRIEND_ATTACKED","FRIEND_DIED"],
    "placate_triggers": [ "MEAT" ],
    "fear_triggers": [ "PLAYER_CLOSE","STALK" ],
    "biosignature": { "biosig_item": "wxkj_sqbb_bhgwwdgy", "biosig_timer": 3 },
    "upgrades":
     { "age_grow": 30, "into":"mon_wxkj_qexj1" },
     "special_attacks": 
     [
      { "type": "spell", "spell_id": "wxkj_sqbb_fxzl", "spell_level": 1, "cooldown": 20 },
      [ "wxkj_lash", 5 ]
     ],   
    "death_function": [ "MELT" ],
    "flags": [ "SEES", "HEARS", "SMELLS", "ANIMAL", "PATH_AVOID_DANGER_2", "WARM", "FUR",  "FAT","DOGFOOD",
   "PET_MOUNTABLE"
      ]
  }
  
  ]