[	
	{
		"type" : "item_group",
		"subtype": "collection",
		"comment": "裙儿小姐掉落",	
		"id": "mon_drop_qexj0",
		"entries":
	[
	{ "item": "SKJB", "count": [100,300] },
{"item":"WXKJ_resoure_smzh","prob": 10}
	
	]
	},
{
		"type" : "item_group",
		"subtype": "collection",
		"comment": "裙儿小姐掉落",	
		"id": "mon_drop_qexj1",
		"entries":
	[
	{ "item": "wx_qexj_baby_1", "count": [1,1] }
	]
	},
	{
		"type" : "MONSTER",
		"id" : "mon_wxkj_mwh1",
		"copy-from" : "mon_wxkj_mwh1",
		"death_drops": 
		{
			"subtype": "collection",
			"groups": 
		[	
    		[ "mon_drop_qexj1", 80 ],
			[ "mon_drop_qexj0", 90 ]
			
		]
		}
	}
	
]