[
  {
    "id": "chem_cart",
    "type": "vehicle",
    "name": "移动化学工作站",
    "blueprint": [ "&" ],
    "parts": [
      { "x": 0, "y": 0, "part": "xlframe_vertical_2" },
      { "x": 0, "y": 0, "part": "wheel_caster" },
      { "x": 0, "y": 0, "part": "small_storage_battery" },
      { "x": 0, "y": 0, "part": "chemlab" }
    ]
  },
  {
    "id": "surv_cart",
    "type": "vehicle",
    "name": "幸存者移动工作站",
    "blueprint": [ "&" ],
    "parts": [
      { "x": 0, "y": 0, "part": "xlframe_vertical_2" },
      { "x": 0, "y": 0, "part": "wheel_caster" },
      { "x": 0, "y": 0, "part": "small_storage_battery" },
      { "x": 0, "y": 0, "part": "surv_station_t" }
    ]
  },
  {
    "id": "autoclave_cart",
    "type": "vehicle",
    "name": "可移动高压灭菌釜",
    "blueprint": [ "&" ],
    "parts": [
      { "x": 0, "y": 0, "part": "xlframe_vertical_2" },
      { "x": 0, "y": 0, "part": "wheel_caster" },
      { "x": 0, "y": 0, "part": "small_storage_battery" },
      { "x": 0, "y": 0, "part": "autoclave" }
    ],
    "items": [ { "x": 0, "y": 0, "chance": 90, "items": [ "pouch_autoclave" ] } ]
  }
]
