[
  {
    "type": "vehicle_part",
    "copy-from": "turret",
    "id": "ups_rifle_t",
    "name": "车载UPS步枪",
    "color": "yellow",
    "broken_symbol": "#",
    "broken_color": "yellow",
    "item": "ups_rifle",
    "difficulty": 6,
    "folded_volume": 8,
    "//": "Haven't figured out the breaks_into...",
    "breaks_into": [ { "item": "ups_rifle", "prob": 50 } ],
    "extend": { "flags": [ "FOLDABLE" ] }
  },
  {
    "type": "vehicle_part",
    "copy-from": "turret",
    "id": "sur_pnu_lmg_t",
    "name": "车载气动轻机枪",
    "color": "dark_gray",
    "broken_symbol": "#",
    "broken_color": "dark_gray",
    "item": "sur_pnu_lmg",
    "difficulty": 4,
    "folded_volume": 8,
    "breaks_into": [ { "item": "sur_pnu_lmg", "prob": 50 } ],
    "extend": { "flags": [ "FOLDABLE" ] }
  },
  {
    "type": "GENERIC",
    "id": "surv_station",
    "//": "Actual item",
    "name": "幸存者工作台",
    "description": "一个由很多设施组成的车载工具，所有工具都压缩精简成一个紧凑部件。",
    "weight": 123134,
    "to_hit": -2,
    "color": "light_red",
    "symbol": "&",
    "material": [ "steel" ],
    "volume": 120,
    "category": "veh_parts",
    "price": 80000
  },
  {
    "type": "vehicle_part",
    "id": "surv_station_t",
    "//": "Almost all utilities in one!",
    "name": "车载幸存者工作台",
    "description": "一个由很多设施组成的车载工具，所有工具都压缩精简成一个紧凑部件。将车载烹饪、锻造、焊接、化学和厨房机的所有功能组合起来。因此，它没有为存储留下任何空间。",
    "symbol": "&",
    "color": "light_red",
    "broken_symbol": "x",
    "broken_color": "light_red",
    "damage_modifier": 80,
    "durability": 100,
    "item": "surv_station",
    "difficulty": 6,
    "location": "center",
    "tools": [ "hotplate", "pot", "welder", "soldering_iron", "vac_sealer", "dehydrator", "press", "chemistry_set", "forge" ],
    "flags": [ "OBSTACLE", "KITCHEN", "CHEMLAB", "CRAFTRIG", "FORGE", "WELDRIG", "WATER_PURIFIER", "FAUCET" ],
    "breaks_into": [
      { "item": "steel_lump", "count": [ 30, 40 ] },
      { "item": "steel_chunk", "count": [ 30, 40 ] },
      { "item": "scrap", "count": [ 30, 40 ] },
      { "item": "circuit", "count": [ 30, 40 ] },
      { "item": "e_scrap", "count": [ 30, 40 ] },
      { "item": "amplifier", "count": [ 30, 40 ] }
    ]
  },
  {
    "type": "vehicle_part",
    "id": "surv_full_223_t",
    "copy-from": "turret",
    "name": "车载幸存者.223突击步枪",
    "color": "brown",
    "broken_symbol": "#",
    "broken_color": "brown",
    "item": "surv_full_223",
    "difficulty": 4,
    "breaks_into": [ { "item": "surv_full_223", "prob": 50 } ]
  },
  {
    "type": "vehicle_part",
    "id": "surv_full_308_t",
    "copy-from": "turret",
    "name": "车载幸存者.308战斗步枪",
    "color": "brown",
    "broken_symbol": "#",
    "broken_color": "brown",
    "item": "surv_full_308",
    "difficulty": 4,
    "breaks_into": [ { "item": "surv_full_308", "prob": 50 } ]
  },
  {
    "type": "vehicle_part",
    "copy-from": "turret",
    "id": "surv_full_762_t",
    "name": "车载幸存者7.62x39突击步枪",
    "color": "brown",
    "broken_symbol": "#",
    "broken_color": "brown",
    "item": "surv_full_762",
    "difficulty": 4,
    "breaks_into": [ { "item": "surv_full_762", "prob": 50 } ]
  },
  {
    "type": "vehicle_part",
    "copy-from": "turret",
    "id": "surv_full_762R_t",
    "name": "车载幸存者7.62x54战斗步枪",
    "color": "brown",
    "broken_symbol": "#",
    "broken_color": "brown",
    "item": "surv_full_762R",
    "difficulty": 4,
    "breaks_into": [ { "item": "surv_full_762R", "prob": 50 } ]
  },
  {
    "type": "vehicle_part",
    "copy-from": "turret",
    "id": "surv_full_12_t",
    "name": "车载幸存者全自动霰弹枪",
    "color": "brown",
    "broken_symbol": "#",
    "broken_color": "brown",
    "item": "surv_full_12",
    "difficulty": 4,
    "breaks_into": [ { "item": "surv_full_12", "prob": 50 } ]
  },
  {
    "type": "vehicle_part",
    "copy-from": "turret",
    "id": "surv_lmg_308_t",
    "name": "车载幸存者308通用机枪",
    "color": "brown",
    "broken_symbol": "#",
    "broken_color": "brown",
    "item": "surv_lmg_308",
    "difficulty": 4,
    "breaks_into": [ { "item": "surv_lmg_308", "prob": 50 } ]
  },
  {
    "type": "vehicle_part",
    "copy-from": "turret",
    "id": "surv_lmg_223_t",
    "name": "车载幸存者223轻机枪",
    "color": "brown",
    "broken_symbol": "#",
    "broken_color": "brown",
    "item": "surv_lmg_223",
    "difficulty": 4,
    "breaks_into": [ { "item": "surv_lmg_223", "prob": 50 } ]
  },
  {
    "type": "vehicle_part",
    "copy-from": "turret",
    "id": "surv_lmg_762_t",
    "name": "车载幸存者762通用机枪",
    "color": "brown",
    "broken_symbol": "#",
    "broken_color": "brown",
    "item": "surv_lmg_762",
    "difficulty": 4,
    "breaks_into": [ { "item": "surv_lmg_762", "prob": 50 } ]
  },
  {
    "type": "vehicle_part",
    "copy-from": "turret",
    "id": "surv_lmg_762R_t",
    "name": "车载KRX-108激光轻机枪",
    "looks_like": "surv_lmg_308_t",
    "color": "brown",
    "broken_symbol": "#",
    "broken_color": "brown",
    "item": "surv_lmg_762R",
    "difficulty": 4,
    "breaks_into": [ { "item": "surv_lmg_762R", "prob": 50 } ]
  },
  {
    "type": "vehicle_part",
    "copy-from": "turret",
    "id": "laser_arc_carbine_t",
    "looks_like": "laser_rifle",
    "name": "车载ARC-314激光步枪",
    "color": "yellow",
    "broken_symbol": "#",
    "broken_color": "yellow",
    "item": "arc_laser_rifle",
    "breaks_into": [ { "item": "arc_laser_rifle", "prob": 50 } ],
    "requirements": {
      "install": { "skills": [ [ "mechanics", 6 ], [ "electronics", 4 ] ] },
      "removal": { "skills": [ [ "mechanics", 4 ] ] }
    }
  },
  {
    "type": "vehicle_part",
    "copy-from": "turret",
    "id": "laser_arc_carbine_t_ups",
    "looks_like": "laser_rifle",
    "name": "车载ARC-314激光步枪（UPS）",
    "color": "yellow",
    "broken_symbol": "#",
    "broken_color": "yellow",
    "item": "arc_laser_rifle_ups",
    "breaks_into": [ { "item": "arc_laser_rifle_ups", "prob": 50 } ],
    "requirements": {
      "install": { "skills": [ [ "mechanics", 6 ], [ "electronics", 4 ] ] },
      "removal": { "skills": [ [ "mechanics", 4 ] ] }
    }
  },
  {
    "type": "vehicle_part",
    "copy-from": "turret",
    "id": "laser_lmg_t",
    "name": "车载KRX-108激光枪LMG",
    "color": "yellow",
    "broken_symbol": "#",
    "broken_color": "yellow",
    "item": "krx_laser_lmg",
    "breaks_into": [ { "item": "krx_laser_lmg", "prob": 50 } ],
    "requirements": {
      "install": { "skills": [ [ "mechanics", 6 ], [ "electronics", 4 ] ] },
      "removal": { "skills": [ [ "mechanics", 4 ] ] }
    }
  },
  {
    "type": "vehicle_part",
    "copy-from": "turret",
    "id": "laser_lmg_t_ups",
    "looks_like": "laser_lmg_t",
    "name": "车载KRX-108激光枪LMG（UPS）",
    "color": "yellow",
    "broken_symbol": "#",
    "broken_color": "yellow",
    "item": "krx_laser_lmg_ups",
    "breaks_into": [ { "item": "krx_laser_lmg_ups", "prob": 50 } ],
    "requirements": {
      "install": { "skills": [ [ "mechanics", 6 ], [ "electronics", 4 ] ] },
      "removal": { "skills": [ [ "mechanics", 4 ] ] }
    }
  },
  {
    "type": "vehicle_part",
    "copy-from": "turret",
    "id": "laser_mx_sniper_t",
    "looks_like": "laser_rifle",
    "name": "车载MX-84激光狙击枪",
    "color": "yellow",
    "broken_symbol": "#",
    "broken_color": "yellow",
    "item": "mx_laser_sniper",
    "breaks_into": [ { "item": "mx_laser_sniper", "prob": 50 } ],
    "requirements": {
      "install": { "skills": [ [ "mechanics", 6 ], [ "electronics", 4 ] ] },
      "removal": { "skills": [ [ "mechanics", 4 ] ] }
    }
  },
  {
    "type": "vehicle_part",
    "copy-from": "turret",
    "id": "laser_mx_sniper_t_ups",
    "looks_like": "laser_rifle",
    "name": "车载MX-84激光狙击枪（UPS）",
    "color": "yellow",
    "broken_symbol": "#",
    "broken_color": "yellow",
    "item": "mx_laser_sniper_ups",
    "breaks_into": [ { "item": "mx_laser_sniper_ups", "prob": 50 } ],
    "requirements": {
      "install": { "skills": [ [ "mechanics", 6 ], [ "electronics", 4 ] ] },
      "removal": { "skills": [ [ "mechanics", 4 ] ] }
    }
  },
  {
    "type": "vehicle_part",
    "copy-from": "turret",
    "id": "br_bolt_rifle_elec_t",
    "looks_like": "mounted_coilgun",
    "name": "车载BR-96螺栓步枪",
    "color": "yellow",
    "broken_symbol": "#",
    "broken_color": "yellow",
    "item": "br_bolt_rifle_elec",
    "breaks_into": [ { "item": "br_bolt_rifle_elec", "prob": 50 } ],
    "requirements": {
      "install": { "skills": [ [ "mechanics", 5 ], [ "electronics", 5 ] ] },
      "removal": { "skills": [ [ "mechanics", 3 ] ] }
    }
  },
  {
    "type": "vehicle_part",
    "copy-from": "turret",
    "id": "mk_ionic_cannon_t",
    "looks_like": "laser_cannon",
    "name": "车载MK-2离子炮",
    "color": "yellow",
    "broken_symbol": "#",
    "broken_color": "yellow",
    "item": "mk_ionic_cannon",
    "breaks_into": [ { "item": "mk_ionic_cannon", "prob": 50 } ],
    "requirements": {
      "install": { "skills": [ [ "mechanics", 7 ], [ "electronics", 5 ] ] },
      "removal": { "skills": [ [ "mechanics", 5 ] ] }
    }
  },
  {
    "id": "generator_electric_tiny",
    "copy-from": "vehicle_alternator",
    "type": "vehicle_part",
    "name": "微型发电机",
    "description": "由电动机临时改装的发电机，安装在内燃机上。它的体积小，与普通的发电机相比，效率相当低。",
    "item": "motor_tiny",
    "difficulty": 1,
    "durability": 80,
    "power": -750,
    "epower": 370,
    "//": "30.8A @12VDC ~ 1HP drain @ 49% efficiency.  Based more on a sane value relative to motorbike alternators than a straight translation of the motor's efficiency.  Even Mark's rate of 65% would make this blow motorbike alternators out of the water.",
    "damage_modifier": 80,
    "folded_volume": 1,
    "breaks_into": [
      { "item": "plastic_chunk", "count": [ 1, 2 ] },
      { "item": "scrap", "count": [ 1, 2 ] },
      { "item": "cable", "charges": [ 1, 3 ] }
    ],
    "extend": { "flags": [ "TOOL_SCREWDRIVER", "FOLDABLE" ] }
  },
  {
    "id": "generator_electric_small",
    "copy-from": "vehicle_alternator",
    "type": "vehicle_part",
    "name": "小型发电机",
    "description": "由电动机临时改装的发电机，安装在内燃机上。它的体积小，与普通的发电机相比，效率低。",
    "item": "motor_small",
    "difficulty": 1,
    "durability": 120,
    "power": -7460,
    "epower": 5300,
    "//": "440A @12VDC ~ 10HP drain @ 71% efficiency.  Based on Mark's recommended efficiency for small motors.",
    "damage_modifier": 80,
    "folded_volume": 1,
    "breaks_into": [
      { "item": "steel_lump", "count": [ 1, 2 ] },
      { "item": "steel_chunk", "count": [ 1, 2 ] },
      { "item": "scrap", "count": [ 1, 2 ] },
      { "item": "cable", "charges": [ 3, 6 ] }
    ],
    "extend": { "flags": [ "TOOL_SCREWDRIVER", "FOLDABLE" ] },
    "damage_reduction": { "all": 6 }
  },
  {
    "id": "generator_electric",
    "copy-from": "vehicle_alternator",
    "type": "vehicle_part",
    "name": "发电机",
    "description": "由电动机临时改装的发电机，安装在内燃机上。虽然能量消耗大，但发电机的效率和电动机的效率一样高。",
    "item": "motor",
    "difficulty": 2,
    "durability": 200,
    "power": -37300,
    "epower": 33500,
    "//": "2791A @12VDC ~ 50HP drain @ 89% efficiency",
    "damage_modifier": 80,
    "breaks_into": [
      { "item": "steel_lump", "count": [ 3, 5 ] },
      { "item": "steel_chunk", "count": [ 3, 5 ] },
      { "item": "scrap", "count": [ 3, 5 ] },
      { "item": "cable", "charges": [ 10, 15 ] }
    ],
    "extend": { "flags": [ "TOOL_WRENCH" ] },
    "damage_reduction": { "all": 32 }
  },
  {
    "id": "generator_electric_large",
    "copy-from": "vehicle_alternator",
    "type": "vehicle_part",
    "name": "大型发电机",
    "description": "由电动机临时改装的发电机，安装在内燃机上。它需要一个相当强大的引擎来有效地发电。",
    "item": "motor_large",
    "difficulty": 3,
    "durability": 400,
    "power": -149200,
    "epower": 134100,
    "//": "11175A @12VDC ~ 200HP drain @ 89% efficiency",
    "damage_modifier": 80,
    "breaks_into": [
      { "item": "steel_lump", "count": [ 3, 5 ] },
      { "item": "steel_chunk", "count": [ 3, 5 ] },
      { "item": "scrap", "count": [ 3, 5 ] },
      { "item": "cable", "charges": [ 10, 15 ] }
    ],
    "extend": { "flags": [ "TOOL_WRENCH" ] },
    "damage_reduction": { "all": 43 }
  },
  {
    "id": "generator_electric_enhanced",
    "copy-from": "vehicle_alternator",
    "type": "vehicle_part",
    "name": "增强型发电机",
    "description": "由电动机临时改装的发电机，安装在内燃机上。虽然它保证了很大的发电效率，但它仍然需要一个相当强大的引擎来运行。",
    "item": "motor_enhanced",
    "difficulty": 4,
    "durability": 200,
    "power": -313300,
    "epower": 283200,
    "//": "23600A @12VDC ~ 420HP drain @ 90% efficiency",
    "damage_modifier": 80,
    "breaks_into": [
      { "item": "steel_lump", "count": [ 3, 5 ] },
      { "item": "steel_chunk", "count": [ 3, 5 ] },
      { "item": "scrap", "count": [ 3, 5 ] },
      { "item": "cable", "charges": [ 10, 15 ] }
    ],
    "extend": { "flags": [ "TOOL_WRENCH" ] },
    "damage_reduction": { "all": 50 }
  },
  {
    "id": "generator_electric_super",
    "copy-from": "vehicle_alternator",
    "type": "vehicle_part",
    "name": "超级发电机",
    "description": "由电动机临时改装的发电机，安装在内燃机上。你需要一个超级强大引擎才能把它当作发电机！",
    "item": "motor_super",
    "difficulty": 5,
    "durability": 400,
    "power": -400000,
    "epower": 359500,
    "//": "29958A @12VDC ~ 536HP drain @ 89% efficiency.  Honestly seems like it'd probably fry something if you tried to dump this much power into a car battery.",
    "damage_modifier": 80,
    "breaks_into": [
      { "item": "steel_lump", "count": [ 6, 10 ] },
      { "item": "steel_chunk", "count": [ 6, 10 ] },
      { "item": "scrap", "count": [ 6, 10 ] },
      { "item": "cable", "charges": [ 20, 30 ] }
    ],
    "extend": { "flags": [ "TOOL_WRENCH" ] },
    "damage_reduction": { "all": 60 }
  }
]
