[
  {
    "type": "scenario",
    "ident": "magic_shop",
    "name": "魔法商店",
    "flags": [ "LONE_START" ],
    "points": 0,
    "description": " ",
    "start_name": "魔法商店",
    "allowed_locs": ["magic_shop"],
    "professions": [ "wizard_novice", "novice_necromancer", "novice_earthshaper", "novice_technomancer", "novice_stormshaper" ]
  },
  {
    "type": "scenario",
    "ident": "black_dragon_lair_s",
    "name": "黑龙巢穴",
    "flags": [ "LONE_START" ],
    "points": 0,
    "description": " ",
    "start_name": "黑龙巢穴",
    "allowed_locs": [ "black_dragon_lair_s" ],
    "professions": [ "wizard_novice", "novice_necromancer", "novice_earthshaper", "novice_technomancer", "novice_stormshaper" ]
  },
  {
    "type": "scenario",
    "ident": "magic_cabin",
    "name": "小屋",
    "flags": [ "LONE_START" ],
    "points": 1,
    "description": " ",
    "start_name": "小屋",
    "allowed_locs": [ "magic_cabin" ],
    "professions": [ "wizard_novice", "novice_necromancer", "novice_earthshaper", "novice_technomancer", "novice_stormshaper" ]
  },
   {
    "type": "scenario",
    "ident": "used_bookstore",
    "name": "旧书店",
    "flags": [ "LONE_START" ],
    "points": 0,
    "description": " ",
    "start_name": "旧书店",
    "allowed_locs": [ "used_bookstore" ],
    "professions": [ "wizard_novice", "novice_necromancer", "novice_earthshaper", "novice_technomancer", "novice_stormshaper" ]
  },
     {
    "type": "scenario",
    "ident": "wizardtower",
    "name": "巫师塔",
    "flags": [ "LONE_START" ],
    "points": 1,
    "description": " ",
    "start_name": "巫师塔",
    "allowed_locs": [ "wizardtower" ],
    "professions": [ "wizard_novice", "novice_necromancer", "novice_earthshaper", "novice_technomancer", "novice_stormshaper" ]
  }
]
