[
  {
    "type": "start_location",
    "ident": "magic_shop",
    "name": "魔法商店",
    "target": "magic_shop"
  },
  {
    "type": "start_location",
    "ident": "black_dragon_lair_s",
    "name": "黑龙巢穴",
    "target": "black_dragon_lair_z-0_NE"
  },
  {
    "type": "start_location",
    "ident": "magic_cabin",
    "name": "小屋",
    "target": "magic_cabin"
  },
  {
    "type": "start_location",
    "ident": "used_bookstore",
    "name": "旧书店",
    "target": "used_bookstore"
  },
  {
    "type": "start_location",
    "ident": "wizardtower",
    "name": "巫师塔",
    "target": "wizardtower1_ground"
  }
]
