[ 
{
		"type" : "recipe",
		"result" : "milk_curdled_ubg",
		"result_mult": 1,
		"category" : "CC_无限商店",
		"subcategory": "CSC_无限商店_道具",
    "time": 3000,
    "skill_used": "cooking",
	"difficulty": 3,
    "qualities": [ { "id": "INTERNET", "level": 1 } ],
    "reversible": false,
    "autolearn": true,
    "flags": ["BLIND_EASY"],
    "components": [
      [ [ "milk", 3 ] ],
      [ [ "yeast", 3 ] ],
      [ [ "bottle_glass", 1 ] ]
    ]
  },
{
		"type" : "recipe",
		"//":"3份牛奶发酵成一份酪乳",
		"result" : "milk_curdled_uj3g",
		"result_mult": 1,
		"category" : "CC_无限商店",
		"subcategory": "CSC_无限商店_道具",
    "time": 12000,
    "skill_used": "cooking",
	"difficulty": 3,
    "qualities": [ { "id": "INTERNET", "level": 1 } ],
    "reversible": false,
    "autolearn": true,
    "flags": ["BLIND_EASY"],
    "components": [
      [ [ "milk", 12 ] ],
      [ [ "yeast", 12 ] ],
      [ [ "jar_3l_glass", 1 ] ]
    ]
  },
{
		"type" : "recipe",
		"//":"3份牛奶发酵成一份酪乳",
		"result" : "milk_curdled_ujp",
		"result_mult": 1,
		"category" : "CC_无限商店",
		"subcategory": "CSC_无限商店_道具",
    "time": 15000,
    "skill_used": "cooking",
	"difficulty": 3,
    "qualities": [ { "id": "INTERNET", "level": 1 } ],
    "reversible": false,
    "autolearn": true,
    "flags": ["BLIND_EASY"],
    "components": [
      [ [ "milk", 15 ] ],
      [ [ "yeast", 15 ] ],
      [ [ "jug_plastic", 1 ] ]
    ]
  },
  {
		"type" : "recipe",
		"//":"3份牛奶发酵成一份酪乳",
		"result" : "milk_curdled_uk",
		"result_mult": 1,
		"category" : "CC_无限商店",
		"subcategory": "CSC_无限商店_道具",
    "time": 100000,
    "skill_used": "cooking",
	"difficulty": 3,
    "qualities": [ { "id": "INTERNET", "level": 1 } ],
    "reversible": false,
    "autolearn": true,
    "flags": ["BLIND_EASY"],
    "components": [
      [ [ "milk", 200 ] ],
      [ [ "yeast", 200 ] ],
      [ [ "keg", 1 ] ]
    ]
  },
  {
		"type" : "recipe",
		"//":"3份牛奶发酵成一份酪乳",
		"result" : "milk_curdled_usk",
		"result_mult": 1,
		"category" : "CC_无限商店",
		"subcategory": "CSC_无限商店_道具",
    "time": 1000000,
    "skill_used": "cooking",
	"difficulty": 3,
    "qualities": [ { "id": "INTERNET", "level": 1 } ],
    "reversible": false,
    "autolearn": true,
    "flags": ["BLIND_EASY"],
    "components": [
      [ [ "milk", 200 ] ],
      [ [ "yeast", 200 ] ],
      [ [ "keg_steel", 1 ] ]
    ]
  },
  {
		"type" : "recipe",
		"//":"3份牛奶发酵成一份酪乳",
		"result" : "milk_curdled_u3gb",
		"result_mult": 1,
		"category" : "CC_无限商店",
		"subcategory": "CSC_无限商店_道具",
    "time": 2250000,
    "skill_used": "cooking",
	"difficulty": 3,
    "qualities": [ { "id": "INTERNET", "level": 1 } ],
    "reversible": false,
    "autolearn": true,
    "flags": ["BLIND_EASY"],
    "components": [
      [ [ "milk", 450 ] ],
      [ [ "yeast", 450 ] ],
      [ [ "30gal_barrel", 1 ] ]
    ]
  },
    {
		"type" : "recipe",
		"//":"3份牛奶发酵成一份酪乳",
		"result" : "milk_curdled_uwb",
		"result_mult": 1,
		"category" : "CC_无限商店",
		"subcategory": "CSC_无限商店_道具",
    "time": 2000000,
    "skill_used": "cooking",
	"difficulty": 3,
    "qualities": [ { "id": "INTERNET", "level": 1 } ],
    "reversible": false,
    "autolearn": true,
    "flags": ["BLIND_EASY"],
    "components": [
      [ [ "milk", 400 ] ],
      [ [ "yeast", 400 ] ],
      [ [ "wooden_barrel", 1 ] ]
    ]
  },
  {
    "id": "milk_curdled_ubg",
    "type": "TOOL",
    "category" : "food",
    "name": "玻璃瓶装着牛奶(发酵中)",
    "name_plural": "玻璃瓶装着牛奶(发酵中)",
    "description": "一个透明的玻璃瓶，里面装满着正在发酵中的牛奶.",
    "weight": 278,
    "volume": "750 ml",
    "material": [ "glass"],
    "symbol": "%",
    "color": "white",
    "use_action": {
      "target": "milk_curdled_ubgo",
      "msg": "酪乳加工完成.",
      "moves": 50,
      "type": "delayed_transform",
      "transform_age": 86400,
      "not_ready_msg": "牛奶还未加工完成."
    }
  },
  {
	    "type": "TOOL",
	    "category" : "food",
		"id": "milk_curdled_ubgo",
		"name": "玻璃瓶装着酪乳",
		"name_plural": "玻璃瓶装着酪乳",
		"description": "一个透明的玻璃瓶，里面装满着已经发酵完成的乳酪.",
		"symbol": "&",
		"color": "brown",
		"material": ["glass"],
		"weight": 278,
		"volume": "750 ml",
 	"flags" : ["BELTED"]
	},{
		"type" : "uncraft",
		"result": "milk_curdled_ubgo",
		"time": 1000,
		"flags": ["BLIND_EASY"],	
		"components": 
		[
			[
		[ "milk_curdled", 1 ]			
			],
			[
		[ "bottle_glass", 1 ]		
			]
		]		
},
{
    "id": "milk_curdled_uj3g",
    "category" : "food",
    "type": "TOOL",
    "name": "3L玻璃罐装着牛奶(发酵中)",
    "name_plural": "3L玻璃罐装着牛奶(发酵中)",
    "description": "一个透明的3L玻璃罐，里面装满着正在发酵中的牛奶.",
    "weight": 680,
    "volume": "3 L",
    "material": [ "glass"],
    "symbol": "%",
    "color": "white",
    "use_action": {
      "target": "milk_curdled_uj3go",
      "msg": "酪乳加工完成.",
      "moves": 50,
      "type": "delayed_transform",
      "transform_age": 86400,
      "not_ready_msg": "牛奶还未加工完成."
    }
  },
  {
	    "type": "TOOL",
	    "category" : "food",
		"id": "milk_curdled_uj3go",
		"name": "3L玻璃罐装着酪乳",
		"name_plural": "3L玻璃罐装着酪乳",
		"description": "一个透明的3L玻璃罐，里面装满着已经发酵完成的乳酪.",
		"symbol": "&",
		"color": "brown",
		"material": ["glass"],
		"weight": 680,
		"volume": "3 L",
 	"flags" : ["BELTED"]
	},{
		"type" : "uncraft",
		"result": "milk_curdled_uj3go",
		"time": 4000,
		"flags": ["BLIND_EASY"],	
		"components": 
		[
			[
		[ "milk_curdled", 4 ]			
			],
			[
		[ "jar_3l_glass", 1 ]		
			]
		]		
},
{
    "id": "milk_curdled_ujp",
    "category" : "food",
    "type": "TOOL",
    "name": "加仑壶装着牛奶(发酵中)",
    "name_plural": "加仑壶装着牛奶(发酵中)",
    "description": "一个标准容量的塑料壶，里面装满着正在发酵中的牛奶.",
    "weight": 580,
    "volume": "3705 ml",
    "material": [ "plastic"],
    "symbol": "%",
    "color": "white",
    "use_action": {
      "target": "milk_curdled_ujpo",
      "msg": "酪乳加工完成.",
      "moves": 50,
      "type": "delayed_transform",
      "transform_age": 86400,
      "not_ready_msg": "牛奶还未加工完成."
    }
  },
  {
	    "type": "TOOL",
	    "category" : "food",
		"id": "milk_curdled_ujpo",
		"name": "加仑壶装着酪乳",
		"name_plural": "加仑壶装着酪乳",
		"description": "一个标准容量的塑料壶，里面装满着已经发酵完成的乳酪.",
		"symbol": "&",
		"color": "brown",
		"material": ["plastic"],
		"weight": 580,
		"volume": "3750 ml",
 	"flags" : ["BELTED"]
	},{
		"type" : "uncraft",
		"result": "milk_curdled_ujpo",
		"time": 5000,
		"flags": ["BLIND_EASY"],	
		"components": 
		[
			[
		[ "milk_curdled", 5 ]			
			],
			[
		[ "jug_plastic", 1 ]		
			]
		]		
},
{
    "id": "milk_curdled_uk",
    "category" : "food",
    "type": "TOOL",
    "name": "铝桶装着牛奶(发酵中)",
    "name_plural": "铝桶装着牛奶(发酵中)",
    "description": "一个可以反复利用的铝制桶，里面装满着正在发酵中的牛奶.",
    "weight": 10240,
    "volume": "50 L",
    "material": [ "aluminum"],
    "symbol": "%",
    "color": "white",
    "use_action": {
      "target": "milk_curdled_uko",
      "msg": "酪乳加工完成.",
      "moves": 50,
      "type": "delayed_transform",
      "transform_age": 86400,
      "not_ready_msg": "牛奶还未加工完成."
    }
  },
  {
	    "type": "TOOL",
	    "category" : "food",
		"id": "milk_curdled_uko",
		"name": "铝桶装着酪乳",
		"name_plural": "铝桶装着酪乳",
		"description": "一个可以反复利用的铝制桶，里面装满着已经发酵完成的乳酪.",
		"symbol": "&",
		"color": "brown",
		"material": ["aluminum"],
		"weight": 10240,
		"volume": "50 L",
 	"flags" : ["BELTED"]
	},{
		"type" : "uncraft",
		"result": "milk_curdled_uko",
		"time": 65000,
		"flags": ["BLIND_EASY"],	
		"components": 
		[
			[
		[ "milk_curdled", 65 ]			
			],
			[
		[ "keg", 1 ]		
			]
		]		
},
{
    "id": "milk_curdled_usk",
    "category" : "food",
    "type": "TOOL",
    "name": "钢桶装着牛奶(发酵中)",
    "name_plural": "钢桶装着牛奶(发酵中)",
    "description": "一个可以反复利用的重型钢桶，里面装满着正在发酵中的牛奶.",
    "weight": 17800,
    "volume": "50 L",
    "material": [ "steel"],
    "symbol": "%",
    "color": "white",
    "use_action": {
      "target": "milk_curdled_ukso",
      "msg": "酪乳加工完成.",
      "moves": 50,
      "type": "delayed_transform",
      "transform_age": 86400,
      "not_ready_msg": "牛奶还未加工完成."
    }
  },
  {
	    "type": "TOOL",
	    "category" : "food",
		"id": "milk_curdled_ukso",
		"name": "钢桶装着酪乳",
		"name_plural": "钢桶装着酪乳",
		"description": "一个可以反复利用的重型钢桶，里面装满着已经发酵完成的乳酪.",
		"symbol": "&",
		"color": "brown",
		"material": ["steel"],
		"weight": 17800,
		"volume": "50 L",
 	"flags" : ["BELTED"]
	},{
		"type" : "uncraft",
		"result": "milk_curdled_ukso",
		"time": 65000,
		"flags": ["BLIND_EASY"],	
		"components": 
		[
			[
		[ "milk_curdled", 65 ]			
			],
			[
		[ "keg_steel", 1 ]		
			]
		]		
},
{
    "id": "milk_curdled_u3gb",
    "category" : "food",
    "type": "TOOL",
    "name": "加仑桶装着牛奶(发酵中)",
    "name_plural": "加仑桶装着牛奶(发酵中)",
    "description": "一个巨大的塑料桶，里面装满着正在发酵中的牛奶.",
    "weight": 18500,
    "volume": "113 L",
    "material": [ "plastic"],
    "symbol": "%",
    "color": "white",
    "use_action": {
      "target": "milk_curdled_u3gbo",
      "msg": "酪乳加工完成.",
      "moves": 50,
      "type": "delayed_transform",
      "transform_age": 86400,
      "not_ready_msg": "牛奶还未加工完成."
    }
  },
  {
	    "type": "TOOL",
	    "category" : "food",
		"id": "milk_curdled_u3gbo",
		"name": "加仑桶装着酪乳",
		"name_plural": "加仑桶装着酪乳",
		"description": "一个巨大的塑料桶，里面装满着已经发酵完成的乳酪.",
		"symbol": "&",
		"color": "brown",
		"material": ["plastic"],
		"weight": 18500,
		"volume": "113 L",
 	"flags" : ["BELTED"]
	},{
		"type" : "uncraft",
		"result": "milk_curdled_u3gbo",
		"time": 15000,
		"flags": ["BLIND_EASY"],	
		"components": 
		[
			[
		[ "milk_curdled", 150 ]			
			],
			[
		[ "30gal_barrel", 1 ]		
			]
		]		
},
{
    "id": "milk_curdled_uwb",
    "category" : "food",
    "type": "TOOL",
    "name": "木桶装着牛奶(发酵中)",
    "name_plural": "木桶装着牛奶(发酵中)",
    "description": "一个巨大的木桶，里面装满着正在发酵中的牛奶.",
    "weight": 52410,
    "volume": "100 L",
    "material": [ "wood"],
    "symbol": "%",
    "color": "white",
    "use_action": {
      "target": "milk_curdled_uwbo",
      "msg": "酪乳加工完成.",
      "moves": 50,
      "type": "delayed_transform",
      "transform_age": 86400,
      "not_ready_msg": "牛奶还未加工完成."
    }
  },
  {
	    "type": "TOOL",
	    "category" : "food",
		"id": "milk_curdled_uwbo",
		"name": "木桶装着酪乳",
		"name_plural": "木桶装着酪乳",
		"description": "一个巨大的木桶，里面装满着已经发酵完成的乳酪.",
		"symbol": "&",
		"color": "brown",
		"material": ["wood"],
		"weight": 52410,
		"volume": "100 L",
 	"flags" : ["BELTED"]
	},{
		"type" : "uncraft",
		"result": "milk_curdled_uwbo",
		"time": 13500,
		"flags": ["BLIND_EASY"],	
		"components": 
		[
			[
		[ "milk_curdled", 135 ]			
			],
			[
		[ "wooden_barrel", 1 ]		
			]
		]		
}

]

