  [
  {
    "id": "mon_wxkj_bdd1",
    "type": "MONSTER",
    "name": "巴大蝶",
    "description": "巴大蝶的身体呈深蓝紫色，身后长着有黑色脉纹的巨大白色翅膀，通过脉纹可以识别巴大蝶的性别。 与真实存在的昆虫不同，巴大蝶只有四条腿，而且还是粉青色的。另外它的头部还有一个同样是粉青色的，类似于鼻子的器官。巴大蝶有一对复眼，眼睛是淡红色的。与其他以鳞翅目昆虫为原型的宝可梦一样，巴大蝶的翅膀上覆盖着细密的鳞粉，腿上也覆盖着细毛以便采蜜。",
    "categories": [ "WILDLIFE" ],
    "species": [ "MAMMAL" ],
    "default_faction": "bdd_family",
    "harvest": "mammal_tiny",
    "diff": 2,
    "size": "LARGE",
    "volume": "5 ml",
    "weight": 10,
    "hp": 648,
    "speed": 262,
    "material": [ "flesh" ],
    "symbol": "U",
    "color": "light_gray",
    "aggression": -10,
    "morale": 80,
    "melee_skill": 7,
    "melee_dice_sides": 10,
    "melee_dice": 2,
    "melee_cut": 40,
    "melee_bash": 56,
    "dodge": 8,
    "armor_bash": 56,
    "armor_cut": 43, 
    "path_settings": { "max_dist": 30 },
    "anger_triggers": [ "HURT", "FRIEND_ATTACKED","FRIEND_DIED",  "PLAYER_CLOSE","STALK"],
    "placate_triggers": [ "MEAT" ],
    "reproduction": { "baby_monster": "mon_wxkj_lmc1", "baby_count": 1, "baby_timer": 90 },
    "baby_flags": [ "SPRING", "SUMMER", "AUTUMN" ],
     "special_attacks": 
     [
      [ "wxkj_lash", 5 ]
     ],   
    "death_function": [ "MELT" ],
    "flags": [ "SEES", "HEARS", "SMELLS", "ANIMAL", "PATH_AVOID_DANGER_2", "WARM", "FUR",  "FAT","DOGFOOD",
   "PET_MOUNTABLE"
      ]
  }
  
  ]