  [
  {
    "id": "mon_wxkj_lmc1",
    "type": "MONSTER",
    "name": "绿毛虫",
    "description": "绿毛虫是毛毛虫外表的宝可梦。它背面是绿色，腹部是白色。它最显著的特征是头部的Y字形红色触角。绿毛虫有两对腹足，上面有吸盘能吸附在树上，身体两侧有黄色环形斑纹。它长着黑色的大圆眼睛，黄色纺锤状的尾巴。",
    "categories": [ "WILDLIFE" ],
    "species": [ "MAMMAL" ],
    "default_faction": "bdd_family",
    "harvest": "mammal_tiny",
    "diff": 2,
    "size": "TINY",
    "volume": "5 ml",
    "weight": 10,
    "hp": 60,
    "speed": 70,
    "material": [ "flesh" ],
    "symbol": "U",
    "color": "light_gray",
    "aggression": -10,
    "morale": 80,
    "melee_skill": 1,
    "melee_dice_sides": 10,
    "melee_dice": 2,
    "melee_cut": 4.5,
    "melee_bash": 8,
    "dodge": 1,
    "armor_bash": 8,
    "armor_cut": 5, 
    "path_settings": { "max_dist": 10 },
    "anger_triggers": [ "HURT", "FRIEND_ATTACKED","FRIEND_DIED"],
    "placate_triggers": [ "MEAT" ],
    "fear_triggers": [ "PLAYER_CLOSE","STALK" ],
    "upgrades":
     { "age_grow": 10, "into":"mon_wxkj_tjy1" },
     "special_attacks": 
     [
      [ "wxkj_lash", 5 ]
     ],   
    "death_function": [ "MELT" ],
    "flags": [ "SEES", "HEARS", "SMELLS", "ANIMAL", "PATH_AVOID_DANGER_2", "WARM", "FUR",  "FAT","DOGFOOD",
   "PET_MOUNTABLE"
      ]
  }
  
  ]