  [
  {
    "id": "mon_wxkj_tjy1",
    "type": "MONSTER",
    "name": "铁甲蛹",
    "description": "铁甲蛹是绿色的虫蛹外形的宝可梦。它的身体呈新月状，尾部分节。前端也有分节，看上去像它的五官。背后有一个小突起。它长着经常半张半闭的眼睛，眼珠是黑色。虽然外壳十分坚硬，但其内部的身体很柔软。遭到了强烈的攻击的话，里面的身体可能会掉出来。",
    "categories": [ "WILDLIFE" ],
    "species": [ "MAMMAL" ],
    "default_faction": "bdd_family",
    "harvest": "mammal_tiny",
    "diff": 2,
    "size": "TINY",
    "volume": "5 ml",
    "weight": 10,
    "hp": 167,
    "speed": 134,
    "material": [ "flesh" ],
    "symbol": "U",
    "color": "light_gray",
    "aggression": -10,
    "morale": 80,
    "melee_skill": 2,
    "melee_dice_sides": 10,
    "melee_dice": 2,
    "melee_cut": 10,
    "melee_bash": 15,
    "dodge": 1,
    "armor_bash": 30,
    "armor_cut": 22, 
    "path_settings": { "max_dist": 5 },
    "anger_triggers": [ "HURT", "FRIEND_ATTACKED","FRIEND_DIED"],
    "placate_triggers": [ "MEAT" ],
    "upgrades":
     { "age_grow": 20, "into":"mon_wxkj_bdd1" },  
     "special_attacks": 
     [
      [ "wxkj_lash", 5 ]
     ],   
    "death_function": [ "MELT" ],
    "flags": [ "SEES", "HEARS", "SMELLS", "ANIMAL", "PATH_AVOID_DANGER_2", "WARM", "FUR",  "FAT","DOGFOOD",
   "PET_MOUNTABLE"
      ]
  }
  
  ]