   [
	{
    "type" : "BOOK",
		"id" : "xrzds",
		"name" : "《新人指导书》",
		"description" : "空间新人的指导书:如何获得时空晶币?\n※杀人放火金腰带，修桥补路无尸骸\n※要致富，先撸树.\n※家里有矿\n 蛤?没啊.\n 不,你有.",
		"weight" : 500,
		"color" : "black",
		"intelligence" : 10,
		"symbol" : "?",
		"material" : ["paper"],
		"volume" : 5,
		"time" : 10,
		"required_level" : 0,
		"max_level" : 1,
		"skill" : "WX_bug_skdh"
  }, 
  {
		"type" : "recipe",
		"result" : "xrzds",
		"category" : "CC_无限商店",
		"subcategory": "CSC_无限商店_秘籍",
    "time": 100,
    "qualities": [ { "id": "INTERNET", "level": 1 } ],
    "reversible": false,
    "autolearn": true,
    "flags": ["BLIND_EASY"],
    "components": [
      [ [ "SKJB", 10 ] ],
      [ [ "paper", 20 ] ]
    ]
  }
]
