[
	{
		"id": "apiculture_outercover",
		"copy-from": "spare_part",
		"type": "GENERIC",
		"name": { "str": "外盖", "str_pl": "外盖" },
		"description": "一个蜂箱外盖，是标准蜂箱的必备部件。",
		"material": "wood",
		"weight": "1000 g",
		"volume": "4500 ml",
		"symbol": "D",
		"color": "brown",
		"price": 1800
	},
	{
		"id": "apiculture_innercover",
		"copy-from": "spare_part",
		"type": "GENERIC",
		"name": { "str": "内盖", "str_pl": "内盖" },
		"description": "一个蜂箱内盖，是标准蜂箱的必备部件。",
		"material": "wood",
		"weight": "600 g",
		"volume": "2000 ml",
		"symbol": "D",
		"color": "brown",
		"price": 1800
	},
	{
		"id": "apiculture_combframe",
		"copy-from": "spare_part",
		"type": "GENERIC",
		"name": { "str": "巢框", "str_pl": "巢框" },
		"description": "一个空蜂巢巢框，是标准蜂箱的必备部件。",
		"material": "wood",
		"volume": "250 ml",
		"weight": "200 g",
		"symbol": "D",
		"color": "brown",
		"price": 120
	},
	{
		"id": "apiculture_combframe_artificialhoneycomb",
		"copy-from": "spare_part",
		"type": "GENERIC",
		"name": { "str": "含有巢础的巢框", "str_pl": "含有巢础的巢框" },
		"description": "一个带有巢础的巢框，可以让蜂群更快地搭建起蜂巢，减少蜂群的建设时间，也能让蜂王和他的蜂群安心待在蜂箱里。",
		"material": "wood",
		"volume": "500 ml",
		"weight": "800 g",
		"symbol": "D",
		"color": "brown",
		"price": 12000,
		"count": 1,
		"stack_size": 1
	},
	{
		"id": "apiculture_honeysuper",
		"copy-from": "spare_part",
		"type": "GENERIC",
		"name": { "str": "继箱", "str_pl": "继箱" },
		"description": "一个蜂箱继箱，是标准蜂箱的必备部件。",
		"material": "wood",
		"weight": "2000 g",
		"volume": "50 L",
		"symbol": "D",
		"color": "brown",
		"price": 1800
	},
	{
		"id": "apiculture_queenexcluder",
		"copy-from": "spare_part",
		"type": "GENERIC",
		"name": { "str": "隔王板", "str_pl": "隔王板" },
		"description": "一个蜂箱隔王板，是标准蜂箱的必备部件。",
		"material": "wood",
		"weight": "300 g",
		"volume": "1000 ml",
		"symbol": "D",
		"color": "brown",
		"price": 1800
	},
	{
		"id": "apiculture_hivebody",
		"copy-from": "spare_part",
		"type": "GENERIC",
		"name": { "str": "底箱", "str_pl": "底箱" },
		"description": "一个蜂箱底箱，是标准蜂箱的必备部件。",
		"material": "wood",
		"weight": "2000 g",
		"volume": "50 L",
		"symbol": "D",
		"color": "brown",
		"price": 1800
	},
	{
		"id": "apiculture_entrancereducer",
		"copy-from": "spare_part",
		"type": "GENERIC",
		"name": { "str": "巢门", "str_pl": "巢门" },
		"description": "一个蜂箱巢门，是标准蜂箱的必备部件。",
		"material": "wood",
		"weight": "200 g",
		"volume": "300 ml",
		"symbol": "D",
		"color": "brown",
		"price": 1800
	},
	{
		"id": "apiculture_bottomboard",
		"copy-from": "spare_part",
		"type": "GENERIC",
		"name": { "str": "底板", "str_pl": "底板" },
		"description": "一个蜂箱底板，是标准蜂箱的必备部件。",
		"material": "wood",
		"weight": "1 kg",
		"volume": "2000 ml",
		"symbol": "D",
		"color": "brown",
		"price": 1800
	}
]