[
	{
		"type": "furniture",
		"id": "f_hydroponics_s",
		"name": "水培单元",
		"description": "这是快装水培架的一个水培单元，可以种植植物",
		"symbol": "^",
		"color": "light_blue",
		"move_cost_mod": 1,
		"light_emitted": 20,
		"required_str": 12,
		"looks_like": "f_planter",
		"flags": [ "TRANSPARENT", "PLANTABLE", "FLAT", "MOUNTABLE" ],
		"bash": {
			"str_min": 1,
			"str_max": 8,
			"sound": "rrrrip!",
			"sound_fail": "slap!",
			"sound_vol": 8,
			"collapse_radius": 1,
			"tent_centers": [ "f_hy_frame_s" ]
		},
		"plant_data": { "transform": "f_hydroponics_seed_s" },
		"examine_action": "dirtmound"
	},
	{
		"type": "furniture",
		"id": "f_hydroponics_m",
		"name": "水培单元",
		"description": "This is a self-contained hydroponics unit used to grow crops indoors.",
		"symbol": "^",
		"color": "light_blue",
		"move_cost_mod": 1,
		"light_emitted": 20,
		"required_str": 12,
		"looks_like": "f_planter",
		"flags": [ "TRANSPARENT", "PLANTABLE", "FLAT", "MOUNTABLE" ],
		"bash": {
			"str_min": 1,
			"str_max": 8,
			"sound": "rrrrip!",
			"sound_fail": "slap!",
			"sound_vol": 8,
			"collapse_radius": 2,
			"tent_centers": [ "f_hy_frame_m" ]
		},
		"plant_data": { "transform": "f_hydroponics_seed_m" },
		"examine_action": "dirtmound"
	},
	{
		"type": "furniture",
		"id": "f_hydroponics_l",
		"name": "水培单元",
		"description": "This is a self-contained hydroponics unit used to grow crops indoors.",
		"symbol": "^",
		"color": "light_blue",
		"move_cost_mod": 1,
		"light_emitted": 20,
		"required_str": 12,
		"looks_like": "f_planter",
		"flags": [ "TRANSPARENT", "PLANTABLE", "FLAT", "MOUNTABLE" ],
		"bash": {
			"str_min": 1,
			"str_max": 8,
			"sound": "rrrrip!",
			"sound_fail": "slap!",
			"sound_vol": 8,
			"collapse_radius": 2,
			"tent_centers": [ "f_hy_frame_l" ]
		},
		"plant_data": { "transform": "f_hydroponics_seed_l" },
		"examine_action": "dirtmound"
	},
	{
		"type": "furniture",
		"id": "f_hydroponics_seed_s",
		"name": "hydroponics unit with seed",
		"description": "This is a self-contained hydroponics unit used to grow crops indoors.  This one contains a planted seed",
		"symbol": "^",
		"color": "brown",
		"looks_like": "f_planter_seed",
		"flags": [ "PLANT", "SEALED", "TRANSPARENT", "CONTAINER", "NOITEM", "TINY", "DONT_REMOVE_ROTTEN", "GROWTH_SEED" ],
		"examine_action": "aggie_plant",
		"copy-from": "f_hydroponics_s",
		"plant_data": { "transform": "f_hydroponics_seedling_s", "base": "f_hydroponics_s", "growth_multiplier": 0.4 }
	},
	{
		"type": "furniture",
		"id": "f_hydroponics_seed_m",
		"name": "hydroponics unit with seed",
		"description": "This is a self-contained hydroponics unit used to grow crops indoors.  This one contains a planted seed",
		"symbol": "^",
		"color": "brown",
		"looks_like": "f_planter_seed",
		"flags": [ "PLANT", "SEALED", "TRANSPARENT", "CONTAINER", "NOITEM", "TINY", "DONT_REMOVE_ROTTEN", "GROWTH_SEED" ],
		"examine_action": "aggie_plant",
		"copy-from": "f_hydroponics_m",
		"plant_data": { "transform": "f_hydroponics_seedling_m", "base": "f_hydroponics_m", "growth_multiplier": 0.4 }
	},
	{
		"type": "furniture",
		"id": "f_hydroponics_seed_l",
		"name": "hydroponics unit with seed",
		"description": "This is a self-contained hydroponics unit used to grow crops indoors.  This one contains a planted seed",
		"symbol": "^",
		"color": "brown",
		"looks_like": "f_planter_seed",
		"flags": [ "PLANT", "SEALED", "TRANSPARENT", "CONTAINER", "NOITEM", "TINY", "DONT_REMOVE_ROTTEN", "GROWTH_SEED" ],
		"examine_action": "aggie_plant",
		"copy-from": "f_hydroponics_l",
		"plant_data": { "transform": "f_hydroponics_seedling_l", "base": "f_hydroponics_l", "growth_multiplier": 0.4 }
	},
	{
		"type": "furniture",
		"id": "f_hydroponics_seedling_s",
		"name": "hydroponics unit with seedling",
		"description": "This is a self-contained hydroponics unit used to grow crops indoors.  This one contains a planted seedling",
		"symbol": "^",
		"color": "green",
		"looks_like": "f_planter_seedling",
		"flags": [ "PLANT", "SEALED", "TRANSPARENT", "CONTAINER", "NOITEM", "TINY", "DONT_REMOVE_ROTTEN", "GROWTH_SEEDLING" ],
		"examine_action": "aggie_plant",
		"copy-from": "f_hydroponics_seed_s",
		"plant_data": { "transform": "f_hydroponics_mature_s", "base": "f_hydroponics_s", "growth_multiplier": 0.4 }
	},
	{
		"type": "furniture",
		"id": "f_hydroponics_seedling_m",
		"name": "hydroponics unit with seedling",
		"description": "This is a self-contained hydroponics unit used to grow crops indoors.  This one contains a planted seedling",
		"symbol": "^",
		"color": "green",
		"looks_like": "f_planter_seedling",
		"flags": [ "PLANT", "SEALED", "TRANSPARENT", "CONTAINER", "NOITEM", "TINY", "DONT_REMOVE_ROTTEN", "GROWTH_SEEDLING" ],
		"examine_action": "aggie_plant",
		"copy-from": "f_hydroponics_seed_m",
		"plant_data": { "transform": "f_hydroponics_mature_m", "base": "f_hydroponics_m", "growth_multiplier": 0.4 }
	},
	{
		"type": "furniture",
		"id": "f_hydroponics_seedling_l",
		"name": "hydroponics unit with seedling",
		"description": "This is a self-contained hydroponics unit used to grow crops indoors.  This one contains a planted seedling",
		"symbol": "^",
		"color": "green",
		"looks_like": "f_planter_seedling",
		"flags": [ "PLANT", "SEALED", "TRANSPARENT", "CONTAINER", "NOITEM", "TINY", "DONT_REMOVE_ROTTEN", "GROWTH_SEEDLING" ],
		"examine_action": "aggie_plant",
		"copy-from": "f_hydroponics_seed_l",
		"plant_data": { "transform": "f_hydroponics_mature_l", "base": "f_hydroponics_l", "growth_multiplier": 0.4 }
	},
	{
		"type": "furniture",
		"id": "f_hydroponics_mature_s",
		"name": "hydroponics unit with mature plant",
		"description": "This is a self-contained hydroponics unit used to grow crops indoors.  This one contains a mature plant.",
		"symbol": "#",
		"color": "green",
		"looks_like": "f_planter_mature",
		"move_cost_mod": 0,
		"flags": [ "PLANT", "SEALED", "TRANSPARENT", "CONTAINER", "NOITEM", "TINY", "DONT_REMOVE_ROTTEN", "GROWTH_MATURE" ],
		"examine_action": "aggie_plant",
		"copy-from": "f_hydroponics_seed_s",
		"plant_data": { "transform": "f_hydroponics_harvest_s", "base": "f_hydroponics_s", "growth_multiplier": 0.4 }
	},
	{
		"type": "furniture",
		"id": "f_hydroponics_mature_m",
		"name": "hydroponics unit with mature plant",
		"description": "This is a self-contained hydroponics unit used to grow crops indoors.  This one contains a mature plant.",
		"symbol": "#",
		"color": "green",
		"looks_like": "f_planter_mature",
		"move_cost_mod": 0,
		"flags": [ "PLANT", "SEALED", "TRANSPARENT", "CONTAINER", "NOITEM", "TINY", "DONT_REMOVE_ROTTEN", "GROWTH_MATURE" ],
		"examine_action": "aggie_plant",
		"copy-from": "f_hydroponics_seed_m",
		"plant_data": { "transform": "f_hydroponics_harvest_m", "base": "f_hydroponics_m", "growth_multiplier": 0.4 }
	},
	{
		"type": "furniture",
		"id": "f_hydroponics_mature_l",
		"name": "hydroponics unit with mature plant",
		"description": "This is a self-contained hydroponics unit used to grow crops indoors.  This one contains a mature plant.",
		"symbol": "#",
		"color": "green",
		"looks_like": "f_planter_mature",
		"move_cost_mod": 0,
		"flags": [ "PLANT", "SEALED", "TRANSPARENT", "CONTAINER", "NOITEM", "TINY", "DONT_REMOVE_ROTTEN", "GROWTH_MATURE" ],
		"examine_action": "aggie_plant",
		"copy-from": "f_hydroponics_seed_l",
		"plant_data": { "transform": "f_hydroponics_harvest_l", "base": "f_hydroponics_l", "growth_multiplier": 0.4 }
	},
	{
		"type": "furniture",
		"id": "f_hydroponics_harvest_s",
		"name": "hydroponics unit with harvestable plant",
		"description": "This is a self-contained hydroponics unit used to grow crops indoors.  This one contains a mature plant that is ready for harvest.",
		"symbol": "#",
		"color": "light_green",
		"looks_like": "f_planter_harvest",
		"flags": [ "PLANT", "SEALED", "TRANSPARENT", "CONTAINER", "NOITEM", "TINY", "DONT_REMOVE_ROTTEN", "GROWTH_HARVEST" ],
		"examine_action": "aggie_plant",
		"copy-from": "f_hydroponics_mature_s",
		"plant_data": { "transform": "f_hydroponics_s", "base": "f_hydroponics_s", "harvest_multiplier": 2.5 }
	},
	{
		"type": "furniture",
		"id": "f_hydroponics_harvest_m",
		"name": "hydroponics unit with harvestable plant",
		"description": "This is a self-contained hydroponics unit used to grow crops indoors.  This one contains a mature plant that is ready for harvest.",
		"symbol": "#",
		"color": "light_green",
		"looks_like": "f_planter_harvest",
		"flags": [ "PLANT", "SEALED", "TRANSPARENT", "CONTAINER", "NOITEM", "TINY", "DONT_REMOVE_ROTTEN", "GROWTH_HARVEST" ],
		"examine_action": "aggie_plant",
		"copy-from": "f_hydroponics_mature_m",
		"plant_data": { "transform": "f_hydroponics_m", "base": "f_hydroponics_m", "harvest_multiplier": 2.5 }
	},
	{
		"type": "furniture",
		"id": "f_hydroponics_harvest_l",
		"name": "hydroponics unit with harvestable plant",
		"description": "This is a self-contained hydroponics unit used to grow crops indoors.  This one contains a mature plant that is ready for harvest.",
		"symbol": "#",
		"color": "light_green",
		"looks_like": "f_planter_harvest",
		"flags": [ "PLANT", "SEALED", "TRANSPARENT", "CONTAINER", "NOITEM", "TINY", "DONT_REMOVE_ROTTEN", "GROWTH_HARVEST" ],
		"examine_action": "aggie_plant",
		"copy-from": "f_hydroponics_mature_l",
		"plant_data": { "transform": "f_hydroponics_l", "base": "f_hydroponics_l", "harvest_multiplier": 2.5 }
	},
	{
		"type": "furniture",
		"id": "f_hy_frame_s",
		"name": "水培框架",
		"description": "This plastic frame could keep you dry.",
		"symbol": ";",
		"color": "green",
		"looks_like": "xlframe",
		"move_cost_mod": 0,
		"required_str": -1,
		"flags": [ "TRANSPARENT", "INDOORS", "NOCOLLIDE" ],
		"examine_action": "portable_structure",
		"deployed_item": "hydroponic_kit_small_no_nutrition",
		"bash": {
			"str_min": 1,
			"str_max": 8,
			"sound": "rrrrip!",
			"sound_fail": "slap!",
			"sound_vol": 8,
			"items": [ { "item": "hydroponic_kit_small_no_nutrition" } ],
			"tent_centers": [ "f_hy_frame_s" ]
		}
	},
	{
		"type": "furniture",
		"id": "f_hy_frame_m",
		"name": "水培框架",
		"description": "This plastic frame could keep you dry.",
		"symbol": ";",
		"color": "green",
		"looks_like": "xlframe",
		"move_cost_mod": 0,
		"required_str": -1,
		"flags": [ "TRANSPARENT", "INDOORS", "NOCOLLIDE" ],
		"examine_action": "portable_structure",
		"deployed_item": "hydroponic_kit_mid_no_nutrition",
		"bash": {
			"str_min": 1,
			"str_max": 8,
			"sound": "rrrrip!",
			"sound_fail": "slap!",
			"sound_vol": 8,
			"collapse_radius": 2,
			"items": [ { "item": "hydroponic_kit_mid_no_nutrition" } ],
			"tent_centers": [ "f_hy_frame_m" ]
		}
	},
	{
		"type": "furniture",
		"id": "f_hy_frame_m_b",
		"name": "水培框架",
		"description": "This plastic frame could keep you dry.",
		"symbol": ";",
		"color": "green",
		"looks_like": "xlframe",
		"move_cost_mod": 0,
		"required_str": -1,
		"flags": [ "TRANSPARENT", "INDOORS", "NOCOLLIDE" ],
		"bash": {
			"str_min": 1,
			"str_max": 8,
			"sound": "rrrrip!",
			"sound_fail": "slap!",
			"sound_vol": 8,
			"collapse_radius": 2,
			"tent_centers": [ "f_hy_frame_m" ]
		}
	},
	{
		"type": "furniture",
		"id": "f_hy_frame_l",
		"name": "水培框架",
		"description": "This plastic frame could keep you dry.",
		"symbol": ";",
		"color": "green",
		"looks_like": "xlframe",
		"move_cost_mod": 0,
		"required_str": -1,
		"flags": [ "TRANSPARENT", "INDOORS", "NOCOLLIDE" ],
		"examine_action": "portable_structure",
		"deployed_item": "hydroponic_kit_large_no_nutrition",
		"bash": {
			"str_min": 1,
			"str_max": 8,
			"sound": "rrrrip!",
			"sound_fail": "slap!",
			"sound_vol": 8,
			"collapse_radius": 2,
			"items": [ { "item": "hydroponic_kit_large_no_nutrition" } ],
			"tent_centers": [ "f_hy_frame_l" ]
		}
	},
	{
		"id": "hydroponic_kit_small_no_nutrition",
		"type": "TOOL",
		"name": { "str": "小型快装水培架（无营养液）", "str_pl": "小型快装水培架（无营养液）" },
		"description": "（此水培架缺少营养液，无法展开！）这是一个小型（8格）快装水培架套装，可以很快地搭建起一个小型的水培架。",
		"weight": "10000 g",
		"volume": "50000 ml",
		"price": 15000,
		"to_hit": -3,
		"bashing": 4,
		"material": [ "plastic", "aluminum", "steel", "iron" ],
		"symbol": ";",
		"color": "green"
	},
	{
		"id": "hydroponic_kit_small_broken",
		"type": "GENERIC",
		"copy-from": "hydroponic_kit_small_no_nutrition",
		"name": { "str": "小型快装水培架（损坏）", "str_pl": "小型快装水培架（损坏）" }
	},
	{
		"id": "hydroponic_kit_small",
		"type": "TOOL",
		"name": { "str": "小型快装水培架", "str_pl": "小型快装水培架" },
		"description": "这是一个小型（8格）快装水培架套装，可以很快地搭建起一个小型的水培架以供种植。",
		"weight": "15000 g",
		"volume": "50000 ml",
		"price": 15000,
		"to_hit": -3,
		"bashing": 4,
		"material": [ "plastic", "aluminum", "steel", "iron" ],
		"symbol": ";",
		"color": "green",
		"use_action": {
			"type": "deploy_tent",
			"radius": 1,
			"wall": "f_hydroponics_s",
			"floor": "f_hy_frame_s",
			"door_opened": "f_hydroponics_s",
			"door_closed": "f_hydroponics_s"
		}
	},
	{
		"id": "hydroponic_kit_mid_no_nutrition",
		"type": "TOOL",
		"name": { "str": "中型快装水培架（无营养液）", "str_pl": "中型快装水培架（无营养液）" },
		"description": "（此水培架缺少营养液，无法展开！）这是一个中型（16格）快装水培架套装，可以很快地搭建起一个中型的水培架以供种植。",
		"weight": "20000 g",
		"volume": "120000 ml",
		"price": 15000,
		"to_hit": -3,
		"bashing": 4,
		"material": [ "plastic", "aluminum", "steel", "iron" ],
		"symbol": ";",
		"color": "green"
	},
	{
		"id": "hydroponic_kit_mid_broken",
		"type": "GENERIC",
		"copy-from": "hydroponic_kit_mid_no_nutrition",
		"name": { "str": "中型快装水培架（损坏）", "str_pl": "中型快装水培架（损坏）" }
	},
	{
		"id": "hydroponic_kit_mid",
		"type": "TOOL",
		"name": { "str": "中型快装水培架", "str_pl": "中型快装水培架" },
		"description": "这是一个中型（16格）快装水培架套装，可以很快地搭建起一个中型的水培架以供种植。",
		"weight": "20000 g",
		"volume": "120000 ml",
		"price": 15000,
		"to_hit": -3,
		"bashing": 4,
		"material": [ "plastic", "aluminum", "steel", "iron" ],
		"symbol": ";",
		"color": "green",
		"use_action": {
			"type": "deploy_tent",
			"radius": 2,
			"wall": "f_hydroponics_m",
			"floor": "f_hy_frame_m_b",
			"floor_center": "f_hy_frame_m",
			"door_opened": "f_hydroponics_m",
			"door_closed": "f_hydroponics_m"
		}
	},
	{
		"id": "hydroponic_kit_large_no_nutrition",
		"type": "TOOL",
		"name": { "str": "大型快装水培架（无营养液）", "str_pl": "大型快装水培架（无营养液）" },
		"description": "（此水培架缺少营养液，无法展开！）这是一个大型（24格）快装水培架套装，可以很快地搭建起一个大型的水培架以供种植。",
		"weight": "30000 g",
		"volume": "150000 ml",
		"price": 15000,
		"to_hit": -3,
		"bashing": 4,
		"material": [ "plastic", "aluminum", "steel", "iron" ],
		"symbol": ";",
		"color": "green"
	},
	{
		"id": "hydroponic_kit_large_broken",
		"type": "GENERIC",
		"copy-from": "hydroponic_kit_large_no_nutrition",
		"name": { "str": "大型快装水培架（损坏）", "str_pl": "大型快装水培架（损坏）" }
	},
	{
		"id": "hydroponic_kit_large",
		"type": "TOOL",
		"name": { "str": "大型快装水培架", "str_pl": "大型快装水培架" },
		"description": "这是一个大型（24格）快装水培架套装，可以很快地搭建起一个大型的水培架以供种植。",
		"weight": "30000 g",
		"volume": "150000 ml",
		"price": 15000,
		"to_hit": -3,
		"bashing": 4,
		"material": [ "plastic", "aluminum", "steel", "iron" ],
		"symbol": ";",
		"color": "green",
		"use_action": {
			"type": "deploy_tent",
			"radius": 2,
			"wall": "f_hydroponics_l",
			"floor": "f_hydroponics_l",
			"floor_center": "f_hy_frame_l",
			"door_opened": "f_hydroponics_l",
			"door_closed": "f_hydroponics_l"
		}
	}
]