[
	{
		"id" : "hand_bowgun",
	    "copy-from": "hand_crossbow",
		"type" : "GUN",
		"name" : { "str": "戰術手弩", "str_pl":"戰術手弩" },
		"description" : "設計精巧的連發手弩，利用槓桿原理上弦，矢道下設有暗匣，能在拉弦時將下一支箭上推，迅速擊發。",
		"clip_size" : 5,
		"relative": { "range": 2, "durability": 1 },
		"proportional": { "price": 1.5, "weight": 1.2	},
		"modes": [[ "DEFAULT", "手動", 1 ]],
	    "extend": { "flags": [ "RELOAD_ONE" ] }
	},{
		"//": "強度設定弱於氣動石子步槍，但填彈速度接近彈矢弩。",
		"id": "survivor_crossbow_bullet",
	    "copy-from": "bullet_crossbow",
		"type": "GUN",
		"name": { "str": "幸存者鋼珠弩", "str_pl":"幸存者鋼珠弩" },
		"description": "手工打造的珠箭兩用弩，封閉式的彈管構造提升了穩定度，彈匣內可容納10顆鋼珠，單發填充，亦能發射弩箭(F切換)，精巧又不失威力的狩獵武器。",
		"clip_size": 10,
	    "proportional": { "price": 1.75 },
		"relative": { "ranged_damage":2, "reload":100, "durability":2, "volume": "500 ml", "weight": "300 g" },
		"modes": [ [ "DEFAULT", "手動", 1 ]],
		"built_in_mods" : ["survivor_crossbow_bolt"],
	    "extend": { "flags": [ "RELOAD_ONE" ] }
	},{
		"id": "survivor_crossbow_bolt",
		"type": "GUNMOD",
		"name" : { "str": "幸存者獵弩", "str_pl":"幸存者獵弩" },
		"description": " ",
		"symbol": "+",
		"material": [ "steel", "wood" ],
		"location": "rail",
		"mod_targets": [ "crossbow" ],
		"gun_data": {
			  "skill": "archery",
			  "ammo": "bolt",
			  "clip_size": 1,
			  "ranged_damage": 24,
			  "range" : 15,
			  "dispersion": 350,
			  "durability": 8,
			  "reload": 1000,
			  "//": "模組的填彈時間，實際計算時要加上主體的填彈時間(500)。"
			},
		"flags": [ "STR_RELOAD", "PRIMITIVE_RANGED_WEAPON" ]
	},{
		"//":"0.E-2版本，玩家自製弓的極限為複合弓(compositebow, atk=38)，幸存者複合弓的強度設定強於複合弓、小於現代複合弓(compbow, atk=35/50/61)",
		"//":"拷貝compositebow會抓到armor_data，所以抓現代複合弓(中)的數據。",
		"id" : "survivor_complexbow",
	    "copy-from": "compbow",
		"type": "GUN",
		"name" : { "str": "幸存者複合弓", "str_pl":"幸存者複合弓" },
		"description" : "在複合弓的基礎上加裝滑輪系統，加大弓身儲能以提升威力。附有折疊式弓臂，安裝後可轉變為豎弩型態，進一步提升威力，激活(a)轉型成弩。",
		"weight": "3200 g",
		"price": 80000,
	    "proportional": { "ranged_damage": 0.8 },
		"relative": { "range": -3, "volume": "250 ml", "dispersion": 50 },
		"built_in_mods" : ["arrowrest"],
		"use_action":
			{
			"type": "transform",
			"menu_text": "改為弩型態",
			"target": "survivor_verticalbow",
			"move_cost": 3000,
			"//":"※目前版本transform不耗時",
			"msg": "你將折疊弩臂安裝在弓身，組合成豎弩型態。"
			}
	},{
		"//":"0.E-2版本，玩家自製弩的極限為複合弩(compositecrossbow, atk=27)，最強弩為合成弩(compcrossbow, atk=64)，幸存者豎弩的強度設定強於複合弩、小於合成弩，彈藥為箭(arrow)",
		"id" : "survivor_verticalbow",
	    "copy-from": "compcrossbow",
		"type": "GUN",
		"name" : { "str": "幸存者豎弩", "str_pl":"幸存者豎弩" },
		"description" : "幸存者複合弓改裝的弩型態，在弓型態上加設弩臂，前置手把方便使用者握持，弩翼依舊如弓一般保持直立。弩型態擁有更強的威力與射程，需要較長的時間上弦，激活(a)轉型成弓。",
		"ammo": "arrow",
		"weight": "3200 g",
		"price": 80000,
		"relative": { "min_strength": 2, "range": -2, "dispersion": 50 },
	    "proportional": { "ranged_damage": 0.75 },
	    "extend": { "flags": [ "FIRE_TWOHAND" ] },
		"built_in_mods" : ["arrowrest"],
		"use_action":
			{
			"type": "transform",
			"menu_text": "改為弓型態",
			"target": "survivor_complexbow",
			"msg": "你將弩臂拆除，恢復成滑輪弓的型態。",
			"move_cost": 1200
			}
	},{
		"id": "archer_bag",
	    "copy-from": "survivor_runner_pack",
		"type": "ARMOR",
		"name" : { "str": "弓手背包", "str_pl":"弓手背包" },
		"description": "弓箭愛好者量身打造的輕量背包，輕巧耐用，側邊的箭袋能容納20支箭。",
		"relative": { 
			"encumbrance": 1,
			"weight": 200
			},
		"use_action": {
			"type": "bandolier",
			"capacity": 20,
			"ammo": [ "arrow", "bolt" ],
			"draw_cost": 20
			}
	}
]