[
	{
		"type" : "recipe",
		"result": "hand_bowgun",
		"category": "CC_WEAPON",
		"subcategory": "CSC_WEAPON_RANGED",
		"skill_used": "fabrication",
		"skills_required": [ "mechanics", 3 ],
		"difficulty": 4,
		"time": "30 m",
		"decomp_learn": 3,
		"book_learn": [ [ "recipe_bows", 3 ], [ "manual_archery", 5 ], [ "book_archery", 4 ] ],
		"qualities":[
			{"id":"CUT","level":1},
			{"id":"HAMMER","level":2},
			{"id":"SCREW","level":1},
			{"id":"WRENCH","level":1}
		], 
		"components":
		[
			[
			  [ "hand_crossbow", 1 ]
			],
			[
			  [ "spring", 1 ]
			],
			[
			  [ "stick", 1],
			  [ "2x4", 1 ]
			],
			[
			  [ "steel_chunk", 1 ],
			  [ "scrap", 5 ]
			]
		]
	},{
		"type" : "recipe",
		"result": "survivor_crossbow_bullet",
		"category": "CC_WEAPON",
		"subcategory": "CSC_WEAPON_RANGED",
		"skill_used": "fabrication",
		"skills_required": [ "mechanics", 3 ],
		"difficulty": 5,
		"time": "30 m",
		"autolearn":true,
		"book_learn" : [ ["recipe_bows",4], ["manual_archery",4] ],
		"qualities":[
			{"id":"CUT","level":1},
			{"id":"HAMMER","level":2},
			{"id":"SCREW","level":1},
			{"id":"WRENCH","level":1}
		], 
		"tools": [
			[
			[ "soldering_iron", 15],
			[ "toolset", 15 ]
			]
		],
		"components": [
			[
			  [ "bullet_crossbow", 1 ]
			],
			[
			  [ "2x4", 2 ],
			  [ "stick", 2 ]
			],
			[
			  [ "steel_chunk", 2 ],
			  [ "scrap",10 ]
			]
		]	
	},{
		"type" : "recipe",
		"result": "survivor_complexbow",
		"category": "CC_WEAPON",
		"subcategory": "CSC_WEAPON_RANGED",
		"skill_used": "fabrication",
		"skills_required": [ ["archery",5],["mechanics",5] ], 
		"difficulty": 7,
		"time": "30 m",
		"autolearn": true,
		"book_learn" : [ ["recipe_bows",6],["manual_archery",6] ],
		"qualities":[
			{"id":"CUT","level":1},
			{"id":"HAMMER","level":2},
			{"id":"SCREW","level":1},
			{"id":"WRENCH","level":1}
		], 
		"using": [ [ "forging_standard", 4 ] ],
		"components": [
			[
			  [ "compositebow", 1 ]
			],
			[ [ "arrowrest", 1 ] ],
			[ [ "steel_standard", 1, "LIST" ] ],
			[ [ "plastic_chunk", 10 ] ],
			[ [ "duct_tape", 100 ], [ "superglue", 4 ] ],
			[ [ "pipe", 2 ]	]
		]
	},{
		"result": "archer_bag",
		"type": "recipe",
		"category": "CC_ARMOR",
		"subcategory": "CSC_ARMOR_STORAGE",
		"skill_used": "tailor",
		"difficulty": 4,
		"skills_required": [ "archery", 3 ],
		"time": "30 m",
		"autolearn": true,
		"tools": [ [ [ "sewing_kit", 50 ] ] ],
		"components": [
		  [ [ "runner_bag", 1 ], [ "survivor_runner_pack", 1 ] ],
		  [ [ "quiver", 1 ], [ "quiver_birchbark", 1 ] ]
		]
	}
]