[
{
			"type" : "material",
		"ident" : "wxkj_jade_meterial",
		"name" : "宝石",
		"bash_resist" : 1,
		"cut_resist" : 1,
		"bash_dmg_verb" : "chipped",
		"cut_dmg_verb" : "shattered",
		"dmg_adj" :
			[
            "marked",
            "chipped",
            "cracked",
            "shattered"
			],
		"acid_resist" : 1,
		"elec_resist" : 1,
		"fire_resist" : 1,
		"chip_resist" : 1,
		"density" : 1,
        "burn_data": [
            { "immune": true },
            { "immune": true },
            { "immune": true }
        ]
        
	},
	{
		"type" : "material",
		"ident" : "wxkj_ts",
		"name" : "特殊",
		"bash_resist" : 10,
		"cut_resist" : 10,
		"bash_dmg_verb" : "chipped",
		"cut_dmg_verb" : "shattered",
		"dmg_adj" :
			[
            "marked",
            "chipped",
            "cracked",
            "shattered"
			],
		"acid_resist" : 100,
		"elec_resist" : 100,
		"fire_resist" : 100,
		"chip_resist" : 100,
		"density" : 1,
        "burn_data": [
            { "immune": true },
            { "immune": true },
            { "immune": true }
        ]
        
        
	},
	{
			"type" : "material",
		"ident" : "wxkj_lq_meterial",
		"name" : "灵气",
		"bash_resist" : 10,
		"cut_resist" : 10,
		"bash_dmg_verb" : "chipped",
		"cut_dmg_verb" : "shattered",
		"dmg_adj" :
			[
            "marked",
            "chipped",
            "cracked",
            "shattered"
			],
		"acid_resist" : 10,
		"elec_resist" : 10,
		"fire_resist" : 10,
		"chip_resist" : 10,
		"density" : 1,
        "burn_data": [
            { "immune": true },
            { "immune": true },
            { "immune": true }
        ]
        
	},
	 
	 
	 
	{
		"type" : "material",
		"ident" : "wxkj_Adamantium",
		"name" : "艾德曼金属",
		"bash_resist" : 50,
		"cut_resist" : 50,
		"bash_dmg_verb" : "chipped",
		"cut_dmg_verb" : "shattered",
		"dmg_adj" :
			[
            "marked",
            "chipped",
            "cracked",
            "shattered"
			],
		"acid_resist" : 100,  
		"elec_resist" : 100,  
		"fire_resist" : 100,  
		"chip_resist" : 100,
		"density" : 1,  
        "burn_data": [
            { "immune": true },
            { "immune": true },
            { "immune": true }
        ]
        
	}
  ]