[{

	"type": "mod_tileset",
	"compatibility": [ "MSX++DEAD_PEOPLE","MshockXottoplus","MShock32Modded","ChestHole_iso","ChestHole32"],
	"tiles-new": [
	{
	"file": "64mon0-199.png",
    "sprite_width":64,
    "sprite_height":64,
    "sprite_offset_x":-16,
    "sprite_offset_y":-32,
    "tiles":
    [
        {
          "id": "mon_wxkj_mwzz1",
          "fg": 0,
          "rotates": false
        },
        {
          "id": "mon_wxkj_mwzz2",
          "fg": 0,
          "rotates": false
        },
        {
          "id": "mon_wxkj_mwzz3",
          "fg": 0,
          "rotates": false
        },
        {
          "id": "mon_wxkj_mwzz4",
          "fg": 0,
          "rotates": false
        },
        {
          "id": "mon_wxkj_mwc1",
          "fg": 1,
          "rotates": false
        },
        {
          "id": "mon_wxkj_mwc2",
          "fg": 1,
          "rotates": false
        },
        {
          "id": "mon_wxkj_mwc3",
          "fg": 1,
          "rotates": false
        },
        {
          "id": "mon_wxkj_mwc4",
          "fg": 1,
          "rotates": false
        },
        {
          "id": "mon_wxkj_mwh1",
          "fg": 2,
          "rotates": false
        },
        {
          "id": "mon_wxkj_mwh2",
          "fg": 2,
          "rotates": false
        },
        {
          "id": "mon_wxkj_mwh3",
          "fg": 2,
          "rotates": false
        },
        {
          "id": "mon_wxkj_mwh4",
          "fg": 2,
          "rotates": false
        },
        {
          "id": "mon_wxkj_xhl1",
          "fg": 3,
          "rotates": false
        },
        {
          "id": "mon_wxkj_hkl1",
          "fg": 4,
          "rotates": false
        }
		]},
		{
		"file": "96mon200-299.png",
    "sprite_width":96,
    "sprite_height":96,
    "sprite_offset_x":-24,
    "sprite_offset_y":-64,
    "tiles":
    [
        {
          "id": "mon_wxkj_phl1",
          "fg": 200,
          "rotates": false
        }
		]},	
			{
	"file": "32items300-499.png",
    "sprite_width":32,
    "sprite_height":32,
    "tiles":
    [
        {
          "id": "vp_boat_steel_vh1",
          "fg": 300,
          "rotates": false
        },  
        {
          "id": "vp_boat_steel_vh2",
          "fg": 300,
          "rotates": false
        },
        {
          "id": "wx_lqt_1",
          "fg": 308,
          "rotates": false
        },
        {
          "id": "SKJB",
          "fg": 309,
          "rotates": false
        },
        {
          "id": "wxkj_mhjl_ylzg1",
          "fg": 310,
          "rotates": true
        }, 
        {
       "id":"overlay_wielded_wxkj_mhjl_ylzg1",
          "fg": 310,
          "rotates": true
        },  
        {
          "id":"WXKJ_youxia_dm",
          "fg": 311,
          "rotates": false
        }, 
        {          "id":"overlay_worn_WXKJ_youxia_dm",
          "fg": 311,
          "rotates": true
        },
        {
          "id":"WXKJ_youxia_pj",
          "fg": 312,
          "rotates": false
        },
        {
          "id":"overlay_worn_WXKJ_youxia_pj",
          "fg": 312,
          "rotates": true
        },
        {    "id":"overlay_worn_WXKJ_youxia_pj_active",
          "fg": 312,
          "rotates": true
        },
        {
          "id":"WXKJ_youxia_pj_active",
          "fg": 312,
          "rotates": false
        },
        {
          "id":"WXKJ_youxia_px",
          "fg": 313,
          "rotates": false
        },
        {
          "id":"wxkj_mhjl_yxdz",
          "fg": 314,
          "rotates": false
        },
        {
          "id": "wx_jl_j1",
          "fg": 315,
          "rotates": true
        },
        {
          "id": "overlay_wielded_wx_jl_j1",
          "fg": 316,
          "rotates": true
        },
        {
          "id": "wx_jl_yxzj",
          "fg": 317,
          "rotates": false
        },
        {
          "id": "overlay_wielded_wx_jl_yxzj",
          "fg": 318,
          "rotates": true
        },
        {
          "id": "jl_ball1",
          "fg": 319,
          "rotates": false
        },
        {
          "id": "jl_ball2",
          "fg": 319,
          "rotates": false
        },
        {
          "id": "jl_ball3",
          "fg": 319,
          "rotates": false
        },
        {
          "id": "ldlhj_01",
          "fg": 320,
          "rotates": false
        },
        {
          "id": "ldlhj_02",
          "fg": 320,
          "rotates": false
        },
        {
          "id": "ldlhj_03",
          "fg": 320,
          "rotates": false
        },
        {
          "id": "ldlhj_04",
          "fg": 320,
          "rotates": false
        },
        {
          "id": "ldlhj_05",
          "fg": 320,
          "rotates": false
        },
        {
          "id": "ldlhj_06",
          "fg": 320,
          "rotates": false
        },
        {
          "id": "ldlhj_07",
          "fg": 320,
          "rotates": false
        },
        {
          "id": "wxkj_lqzhfj01",
          "fg": 321,
          "rotates": false
        },
        {
          "id": "wxkj_lqzhfj02",
          "fg": 321,
          "rotates": false
        },
        {
          "id": "wxkj_lqzhfj03",
          "fg": 321,
          "rotates": false
        },
        {
          "id": "wxkj_lqzhfj04",
          "fg": 321,
          "rotates": false
        },
        {
          "id": "wxkj_lqzhfj05",
          "fg": 321,
          "rotates": false
        },
        {
          "id": "wxkj_lqzhfj06",
          "fg": 321,
          "rotates": false
        },
        {
          "id": "wxkj_lqzhfj07",
          "fg": 321,
          "rotates": false
        },
        {
          "id": "Jzjsj_01",
          "fg": 322,
          "rotates": false
        },
        {
          "id": "Jzjsj_02",
          "fg": 322,
          "rotates": false
        },
        {
          "id": "Jzjsj_03",
          "fg": 322,
          "rotates": false
        },
        {
          "id": "Jzjsj_04",
          "fg": 322,
          "rotates": false
        },
        {
          "id": "Jzjsj_05",
          "fg": 322,
          "rotates": false
        },
        {
          "id": "Jzjsj_06",
          "fg": 322,
          "rotates": false
        },
        {
          "id": "Jzjsj_07",
          "fg": 322,
          "rotates": false
        },
        {
          "id": "Jzjsj_08",
          "fg": 322,
          "rotates": false
        },
        {
          "id": "Jzjsj_09",
          "fg": 322,
          "rotates": false
        },
        {
          "id": "lj_01",
          "fg": 323,
          "rotates": false
        },
        {
          "id": "lj_02",
          "fg": 323,
          "rotates": false
        },
        {
          "id": "lj_03",
          "fg": 323,
          "rotates": false
        },
        {
          "id": "lj_04",
          "fg": 323,
          "rotates": false
        },
        {
          "id": "lj_05",
          "fg": 323,
          "rotates": false
        },
        {
          "id": "lj_06",
          "fg": 323,
          "rotates": false
        },
        {
          "id": "lj_07",
          "fg": 323,
          "rotates": false
        },
        {
          "id": "lj_08",
          "fg": 323,
          "rotates": false
        },
        {
          "id": "lj_09",
          "fg": 323,
          "rotates": false
        }
        
		]}
	
	
	]
	
	 
}]