[{

	
"type": "mod_tileset",
	
"compatibility": [ "MSX++DEAD_PEOPLE","MshockXottoplus","MShock32Modded","ChestHole_iso","ChestHole32"],
	
"tiles-new": [
		
{
		
"file": "328x456_su57_0.png",
    "sprite_width":328,
    "sprite_height":456,
    "sprite_offset_x":-328,
    "sprite_offset_y":-456,
    "tiles":
    [
        
{
          "id": "wxkj_jl_j2",
          "fg": 0,
          "rotates": true
        }
		

]},

{
		
"file": "128x320_Tank_1_1.png",
    "sprite_width":128,
    "sprite_height":320,
    "sprite_offset_x":-128,
    "sprite_offset_y":-320,
    "tiles":
    [
        
{
          "id": "wxkj_jl_j3",
          "fg": 1,
          "rotates": true
        }
		
]}
	
	



]
	
	 



}]