[

{
    
"type": "MOD_INFO",
    
"mod_type": "SUPPLEMENTAL",
    
"ident": "WXSK_190609_2",
    
"name": "无限时空",

"dependencies": [ "dda" ],

"version": "1.2(0.D-9116+)",
    
  "description": "Mod介绍是不可能介绍的,加载此mod建议使用以下贴图包,以获得更佳的体验\nMSX++DEAD_PEOPLE\nMshockXottoplus\nMShock32Modded\nChestHole_iso\nChestHole32 \n介绍来了:\n目前本Mod由4部分组成:千古英豪,口袋妖怪,未来科技,魔幻降临,至于Mod具体内容,请自行在游戏中体验.\n由于Mod制作时未经过长时间的游戏测试,可能会有些bug或不合理之处,诺发现请联系作者,作者将酌情修改.\nQQ:2351797648\n发布时间: 2019.3.19 13:36",
    
"authors": ["青青子衿"],
    
"category": "content",
"path": ""

    }

]



