  [
{
  "type" : "skill",
		"ident" : "WX_SKILL-LQ",
		"name" : "灵力",
		"description" : "灵气可以滋养生物体内的精气,增加生命力的强度.按照天地规律运转，灵力可分为水、火、木、土、风、雷等多种属性。"
	},
	{
  "type" : "skill",
		"ident" : "WX_SKILL-FZJT",
		"name" : "符篆",
		"description" : "是一种通灵、修炼的法术，其主要作用是调动灵气，用来避邪镇煞、趋吉避凶等的一种方术."
	},
	{
  "type" : "skill",
		"ident" : "WX_SKILL-XXTF",
		"name" : "天资",
		"description" : "人与生俱来的资质,决定一个人的潜力,天资越高修行越快."
	},
	{
  "type" : "skill",
		"ident" : "WX_bug_skdh",
		"name" : "时空兑换",
		"description" : "时空兑换.请勿选择,选择后会产生某些BUG,将影响游戏体验."
	}
	
]