[
  
      {
    "id": "small_lh_sj",
    "type": "MAGAZINE",
    "category": "spare_parts",
    "name": "小型灵魂水晶",
    "name_plural": "小型灵魂水晶",
    "description": "这是一种专门设计用来容纳灵魂的一种水晶",
    "weight": 5,
    "volume": 1,
    "price": 1500,
    "symbol": "=",
    "color": "yellow",
    "ammo_type": "WXKJ_resoure_HP_type",
    "capacity": 1,
    "looks_like": "battery",
    "flags": [ "NO_SALVAGE", "NO_UNLOAD" ]
  },
    {
    "id": "lh_sj",
    "type": "MAGAZINE",
    "category": "spare_parts",
    "name": "灵魂水晶",
    "name_plural": "灵魂水晶",
    "description": "这是一种专门设计用来容纳灵魂的一种水晶",
    "weight": 1,
    "volume": 1,
    "price": 500,
    "symbol": "=",
    "color": "yellow",
    "ammo_type": "WXKJ_resoure_HP_type",
    "capacity": 3,
    "looks_like": "battery",
    "flags": [ "NO_SALVAGE", "NO_UNLOAD" ]
  }
  
  
]