[

  {
    "id": "yq_01_zaiju",
    "copy-from": "engine_combustion",
    "type": "vehicle_part",
    "item": "yq_01",
    "fuel_type": "gasoline",
    "difficulty": 6,
    "durability": 600,
    "epower": -500,
    "damage_modifier": 80,
    "breaks_into": [
      { "item": "steel_lump", "count": [ 30, 40 ] },
      { "item": "steel_chunk", "count": [ 30, 40 ] },
      { "item": "scrap", "count": [ 30, 40 ] }
    ]
  },
  {
    "id": "yq_01",
    "copy-from": "engine_gasoline",
    "type":"ENGINE",
    "name": "实验引擎_01",
    "description":"第一代实验型飞机引擎，可以使用汽油作为燃料，具有超强的动力，但功耗也是个大问题",
    "weight": 300000,
    "volume": 32,
    "price": 36000,
    "displacement": 2400
  }
]

