[
	{
		"type": "effect_type",
		"id": "lust",
		"name" : ["性冲动"],
		"desc": ["作为一个活着的人，你能感觉到最基本和最原始的欲望。简而言之，你想来一发。"],
		"rating": "neutral",
		"show_in_info": false,
		"//" : "intensityが100に達した時点で達する、という仕様にしよう",
		"max_intensity" : 100,
		"int_dur_factor": 1,
		"max_duration": 100,
		"miss_message": [
			["你感觉欲火焚身...", 5],
			["你拼命地忍受着...", 5]
		],
		"base_mods": {
			"stamina_min": [-0.1]
		},
		"scaling_mods": {
			"stamina_min": [-0.1]
		}
	},
	{
		"type": "effect_type",
		"id": "corrupt",
		"name" : [
			"脸红",
			"恍惚",
			"欲情",
			"心醉",
			"陶酔",
			"堕落"
		],
		"desc": [
			"你被你的感官欲望所左右。性兴奋使你变得更具有力量，你的感知也变得更加敏锐，但同时也让你一点一点地失去理智。",
			"你正在被你的肉体欲望所影响。你的感知之外的所有属性都会受到惩罚。",
			"你强烈的欲望正在逐渐取代你的思维。你的感知之外的所有属性都会受到惩罚。",
			"你的思想已经被你的性欲所支配。你的感知之外的属性会受到很大惩罚。",
			"你的思想已经被你的性欲所支配。...但这又如何？",
			"你完全堕落了。但这听起来没那么糟糕，对吧？"
		],
		"show_in_info": false,
		"max_intensity" : 6,
		"apply_message": "你开始\"兴奋\"了。",
		"remove_message": "你的欲望消失了",
		"miss_message": [["你被欲望所驱使...", 10]],
		"rating": "bad",
		"int_dur_factor": 600,
		"max_duration": 7200,
		"base_mods": {
			"str_mod": [1],
			"per_mod": [1],
			"int_mod": [-1],
			"speed_mod": [5],
			"stamina_min": [2]
		},
		"scaling_mods": {
			"str_mod": [-1.67],
			"dex_mod": [-0.84],
			"per_mod": [0.84],
			"int_mod": [-2],
			"speed_mod": [-0.4],
			"stamina_min": [-3]
		}
	},
	{
		"type": "effect_type",
		"id": "magic_sleepy",
		"name" : [
			"难以忍受的睡意",
			"不同寻常的睡意",
			"濒临入睡的边缘"
		],
		"desc": ["你被一种神秘的睡意袭击了。\n如果你在某个时刻失去知觉也不奇怪。"],
		"show_in_info": false,
		"max_intensity" : 3,
		"apply_message": "你突然昏昏欲睡...",
		"remove_message": "神秘的睡意消失了。",
		"rating": "bad",
		"int_dur_factor": 300,
		"max_duration": 900,
		"base_mods": {
			"speed_mod": [-5],
			"str_mod": [-1],
			"dex_mod": [-1],
			"int_mod": [-2],
			"per_mod": [-2],
			"sleep_min": [10],
			"sleep_max": [20],
			"sleep_chance": [75],
			"sleep_chance_bot": [100]
		},
		"scaling_mods": {
			"sleep_min": [10],
			"sleep_max": [20],
			"sleep_chance": [-36]
		}
	},
	{
		"type": "effect_type",
		"id": "estrus",
		"name": ["发情"],
		"desc": ["发情中。怀孕概率增加500%。"],
		"show_in_info": false,
		"max_intensity" : 1,
		"rating": "neutral",
		"int_dur_factor": 14400
	},
	{
		"type": "effect_type",
		"id": "contraception",
		"name": ["避孕"],
		"desc": ["避孕药发挥了效果。现在无论怎样啪都没关系。大概。"],
		"show_in_info": false,
		"max_intensity" : 1,
		"rating": "good",
		"int_dur_factor": 14400
	},
	{
		"type": "effect_type",
		"id": "anthcream",
		"show_in_info": false,
		"removes_effects": ["creampie"]
	},
	{
		"type": "effect_type",
		"id": "creampie",
		"show_in_info": false,
		"//": "最大効果は現実時間でだいたい5日。意味は各自でググってください。人目の無い所で。",
		"max_intensity" : 5,
		"int_dur_factor": 14400
	},
	{
		"type": "effect_type",
		"id": "impregnated",
		"show_in_info": false,
		"//": "現実時間でだいたい10週=70日。1ヶ月=だいたい30日ごとでintensityを分ける。",
		"max_intensity" : 3,
		"rating": "neutral",
		"max_duration": 70,
		"int_dur_factor": 30,
		"int_decay_step": 0,
		"base_mods": {
			"hunger_chance": [1440],
			"hunger_min": [1],
			"thirst_chance": [1440],
			"thirst_min": [1],
			"vomit_chance": [-1030]
		},
		"scaling_mods": {
			"hunger_chance": [-360],
			"thirst_chance": [-360],
			"vomit_chance": [510]
		},
		"removes_effects": ["creampie"]
	},
	{
		"type": "effect_type",
		"id": "pregnantcy",
		"apply_memorial_log": "怀孕了。",
		"remove_memorial_log": "生了一个孩子。", "//": "probably should be handled at lua in case abortion/stillbirth is added",
		"name": [
			"怀孕(3个月)",
			"怀孕(4个月)",
			"怀孕(5个月)",
			"怀孕(6个月)",
			"怀孕(7个月)",
			"怀孕(8个月)",
			"怀孕(9个月)"
		],
		"desc": ["怀孕了。"],
		"show_in_info": true,
		"max_intensity" : 7,
		"apply_message": "你怀孕了。",
		"rating": "mixed",
		"//": "現実時間でだいたい30週=210日。1ヶ月=だいたい30日ごとでintensityを分ける。",
		"max_duration": 210,
		"int_dur_factor": 30,
		"int_decay_step": 0,
		"base_mods": {
			"hunger_chance": [720],
			"hunger_min": [1],
			"thirst_chance": [720],
			"thirst_min": [1],
			"vomit_chance": [740]
		},
		"scaling_mods": {
			"speed_mod": [-5],
			"vomit_chance": [-250]
		},
		"removes_effects": ["estrus", "creampie", "impregnated", "incubation"]
	},
	{
		"type": "effect_type",
		"id": "incubation",
		"name": ["孵卵"],
		"desc": ["满肚子卵。"],
		"show_in_info": true,
		"max_intensity" : 7,
		"apply_message": "你怀孕了。",
		"rating": "mixed",
		"//": "現実時間でだいたい30週=210日。1ヶ月=だいたい30日ごとでintensityを分ける。",
		"max_duration": 210,
		"int_dur_factor": 30,
		"int_decay_step": 0,
		"base_mods": {
			"fatigue_min": [1],
			"fatigue_max": [2],
			"fatigue_chance": [1],
			"fatigue_chance_bot": [100]
		},
		"removes_effects": ["creampie", "impregnated", "pregnantcy"]
	},

	{
		"//": "↓*気持ちいいこと*中のエフェクトタイル用のためだけのeffect。↓",
		"type": "effect_type",
		"id": "movingdoing",
		"name" : ["*心情舒畅*"],
		"desc": ["感觉*心情舒畅*。"],
		"show_in_info": true,
		"max_intensity" : 1,
		"rating": "good"
	},

	{
		"//": "↓何人相手にしてるかカウント。",
		"type": "effect_type",
		"id": "gotwifed",
		"show_in_info": false,
		"rating": "bad",
		"max_intensity" : 3,
		"int_dur_factor": 1,
		"max_duration": 3
	},

	{
		"//": "↓ここから下はモンスター専用effect。もし見えたら、それはきっとバグ。这里下面是怪物专用effect。如果看到的话，那一定是bug。↓",
		"type": "effect_type",
		"id": "dominate",
		"name" : ["主动权"],
		"desc": ["Shows the initiative.  If you're seeing this on yourself, it's a bug."],
		"show_in_info": true,
		"max_intensity" : 1,
		"rating": "neutral",
		"max_duration": 1,
		"base_mods": {
			"speed_mod": [-50],
			"dex_mod": [-100]
		}
	},
	{
		"type": "effect_type",
		"id": "spell_charge",
		"name" : ["咏唱"],
		"desc": ["Chanting a spell.  If you're seeing this on yourself, it's a bug."],
		"show_in_info": true,
		"max_intensity" : 10,	"//" : "*溜め*は最大で10段階。",
		"int_dur_factor": 30,	"//" : "3分(30ターン)経過するごとに溜めの段階は下がっていく。魔法の詠唱は勢いが大事だと思うんです",
		"rating": "neutral",
		"max_duration": 300,
		"base_mods": {
			"int_mod": [1],
			"speed_mod": [-10]
		}
	},
	{
		"type": "effect_type",
		"id": "target_acquired",
		"name" : ["捕捉"],
		"desc": ["Target is acquired.  If you're seeing this on yourself, it's a bug."],
		"show_in_info": false,
		"max_intensity" : 1,
		"rating": "neutral",
		"max_duration": 1
	}
]
