[
	  {
		"type": "overmap_terrain",
		"id": "corrupted_school_ne",
		"name": "堕落的地区学校",
		"sym": "115",
		"color": "light_blue",
		"see_cost": 5,
		"mondensity": 2,
		"flags": [ "SIDEWALK" ]
	},
	{
		"type": "overmap_terrain",
		"id": "corrupted_school_n",
		"name": "堕落的地区学校",
		"sym": "83",
		"color": "light_blue",
		"see_cost": 5,
		"mondensity": 2,
		"flags": [ "SIDEWALK" ]
	},
	{
		"type": "overmap_terrain",
		"id": "corrupted_school_nw",
		"name": "堕落的地区学校",
		"sym": "115",
		"color": "light_blue",
		"see_cost": 5,
		"mondensity": 2,
		"flags": [ "SIDEWALK" ]
	},
	{
		"type": "overmap_terrain",
		"id": "corrupted_school_e",
		"name": "堕落的地区学校",
		"sym": "115",
		"color": "light_blue",
		"see_cost": 5,
		"mondensity": 2,
		"flags": [ "SIDEWALK" ]
	},
	{
		"type": "overmap_terrain",
		"id": "corrupted_school_ce",
		"name": "堕落的地区学校",
		"sym": "115",
		"color": "light_blue",
		"see_cost": 5,
		"mondensity": 2,
		"flags": [ "SIDEWALK" ]
	},
	{
		"type": "overmap_terrain",
		"id": "corrupted_school_w",
		"name": "堕落的地区学校",
		"sym": "115",
		"color": "light_blue",
		"see_cost": 5,
		"mondensity": 2,
		"flags": [ "SIDEWALK" ]
	},
	{
		"type": "overmap_terrain",
		"id": "corrupted_school_se",
		"name": "堕落的地区学校",
		"sym": "115",
		"color": "light_blue",
		"see_cost": 5,
		"mondensity": 2,
		"flags": [ "SIDEWALK" ]
	},
	{
		"type": "overmap_terrain",
		"id": "corrupted_school_s",
		"name": "堕落的地区学校",
		"sym": "115",
		"color": "light_blue",
		"see_cost": 5,
		"mondensity": 2,
		"flags": [ "SIDEWALK" ]
	},
	{
		"type": "overmap_terrain",
		"id": "corrupted_school_sw",
		"name": "堕落的地区学校",
		"sym": "115",
		"color": "light_blue",
		"see_cost": 5,
		"mondensity": 2,
		"flags": [ "SIDEWALK" ]
	}
]
