[
	{
		"type": "profession",
		"ident": "man_with_a_pet",
		"name": "一人一宠",
		"description": "大灾变发生的那一天，你成功地逃了出去，和你的宠物一起生存。现在，除了你心爱的宠物，你唯一拥有的是一种奇怪的药物，它是一位陌生的科学家在你的旅途中递给你的。",
		"points": 1,
		"items": {
			"both": [ "jeans", "longshirt", "socks", "sneakers", "purse", "fake_prof_pet", "iv_mutagen_human", "syringe", "rope_6" ],
			"male": [ "boxer_shorts" ],
			"female": [ "bra", "panties" ]
		}
	}
]
