[
	{
		"type" : "speech",
		"speaker" : "mon_cambion_male",
		"sound" : "\"草，真jb无聊...\"",
		"volume" : 5
	},
	{
		"type" : "speech",
		"speaker" : "mon_cambion_male",
		"sound" : "(吐唾沫)",
		"volume" : 5
	},
	{
		"type" : "speech",
		"speaker" : "mon_cambion_male",
		"sound" : "\"酒精，我没有酒精了啊...\"",
		"volume" : 5
	},
	{
		"type" : "speech",
		"speaker" : "mon_cambion_male",
		"sound" : "\"喂，有人有香烟吗？\"",
		"volume" : 10
	},
	{
		"type" : "speech",
		"speaker" : "mon_cambion_male",
		"sound" : "\"只喝一杯酒，这是我度过这一天所需要的...\"",
		"volume" : 5
	},
	{
		"type" : "speech",
		"speaker" : "mon_cambion_male",
		"sound" : "\"只抽一根烟，这是我度过这一天所需要的...\"",
		"volume" : 5
	},
	{
		"type" : "speech",
		"speaker" : "mon_cambion_male",
		"sound" : "\"人都在哪里？杀了这些该死的僵尸我真是累死了。\"",
		"volume" : 20
	},
	{
		"type" : "speech",
		"speaker" : "mon_cambion_male",
		"sound" : "\"上次打劫真爽。\"",
		"volume" : 10
	},
	{
		"type" : "speech",
		"speaker" : "mon_cambion_male",
		"sound" : "\"上次打劫差点被干了，草。\"",
		"volume" : 10
	},
	{
		"type" : "speech",
		"speaker" : "mon_cambion_male",
		"sound" : "\"啊啊，太爽了...\"",
		"volume" : 10
	},
	{
		"type" : "speech",
		"speaker" : "mon_cambion_male",
		"sound" : "(充满疯狂的笑声)",
		"volume" : 30
	},
	{
		"type" : "speech",
		"speaker" : "mon_cambion_male",
		"sound" : "\"妈的，我的腹股沟都起了皮疹...那个婊子病了还是什么？\"",
		"volume" : 5
	},
	{
		"type" : "speech",
		"speaker" : "mon_cambion_male",
		"sound" : "\"我听说她怀孕了。哈哈，应该用避孕套的。\"",
		"volume" : 5
	},


	{
		"type" : "speech",
		"speaker" : "mon_cambion_female",
		"sound" : "\"草，真jb无聊.....\"",
		"volume" : 5
	},
	{
		"type" : "speech",
		"speaker" : "mon_cambion_female",
		"sound" : "(吐唾沫)",
		"volume" : 5
	},
	{
		"type" : "speech",
		"speaker" : "mon_cambion_female",
		"sound" : "\"酒精，我没有酒精了啊...\"",
		"volume" : 5
	},
	{
		"type" : "speech",
		"speaker" : "mon_cambion_female",
		"sound" : "\"喂，有人有香烟吗？\"",
		"volume" : 10
	},
	{
		"type" : "speech",
		"speaker" : "mon_cambion_female",
		"sound" : "\"只喝一杯酒，这是我度过这一天所需要的...\"",
		"volume" : 5
	},
	{
		"type" : "speech",
		"speaker" : "mon_cambion_female",
		"sound" : "\"只抽一根烟，这是我度过这一天所需要的...\"",
		"volume" : 5
	},
	{
		"type" : "speech",
		"speaker" : "mon_cambion_female",
		"sound" : "\"人都在哪里？杀了这些该死的僵尸我真是累死了。\"",
		"volume" : 20
	},
	{
		"type" : "speech",
		"speaker" : "mon_cambion_female",
		"sound" : "\"上次打劫真爽。\"",
		"volume" : 10
	},
	{
		"type" : "speech",
		"speaker" : "mon_cambion_female",
		"sound" : "\"上次打劫差点被干了，草。\"",
		"volume" : 10
	},
	{
		"type" : "speech",
		"speaker" : "mon_cambion_female",
		"sound" : "\"啊啊，太爽了...\"",
		"volume" : 10
	},
	{
		"type" : "speech",
		"speaker" : "mon_cambion_female",
		"sound" : "(充满疯狂的笑声)",
		"volume" : 30
	},
	{
		"type" : "speech",
		"speaker" : "mon_cambion_female",
		"sound" : "\"啊，被蛰了...我抓到什么了吗？\"",
		"volume" : 5
	},
	{
		"type" : "speech",
		"speaker" : "mon_cambion_female",
		"sound" : "\"妈的，我不能停止呕吐。我希望我没有怀孕...\"",
		"volume" : 5
	},
	
	{
		"type": "speech",
		"speaker": "mon_mi_go",
		"sound": "(充满疯狂的笑声)",
		"volume": 60
	},{
		"type": "speech",
		"speaker": "mon_mi_go",
		"sound": "\"死，混蛋！\"",
		"volume": 60
	},{
		"type": "speech",
		"speaker": "mon_mi_go",
		"sound": "\"Hyahaaa!\"",
		"volume": 40
	},{
		"type": "speech",
		"speaker": "mon_mi_go",
		"sound": "\"这不是我第一次杀人了，菜鸡！\"",
		"volume": 40
	},{
		"type": "speech",
		"speaker": "mon_mi_go",
		"sound": "\"小心，那个婊子养的还在附近...\"",
		"volume": 40
	},{
		"type": "speech",
		"speaker": "mon_mi_go",
		"sound": "\"我希望我们能永远在一起...\"",
		"volume": 20
	},{
		"type": "speech",
		"speaker": "mon_mi_go",
		"sound": "\"我爱你...\"",
		"volume": 20
	},{
		"type": "speech",
		"speaker": "mon_mi_go",
		"sound": "\"我用了人血清。\"",
		"volume": 40
	},{
		"type": "speech",
		"speaker": "mon_mi_go",
		"sound": "\"因为你这种态度而哪天被背刺了话可别怪我。\"",
		"volume": 40
	},{
		"type": "speech",
		"speaker": "mon_mi_go",
		"sound": "\"嗯。。。你还不是恶魔，对吧？对吗？！\"",
		"volume": 40
	},{
		"type": "speech",
		"speaker": "mon_mi_go",
		"sound": "\"我对你的耐心越来越弱了\"",
		"volume": 60
	},{
		"type": "speech",
		"speaker": "mon_mi_go",
		"sound": "\"死亡不会是你的终点，你的灵魂将永远在地狱中燃烧！\"",
		"volume": 60
	},{
		"type": "speech",
		"speaker": "mon_mi_go",
		"sound": "\"我刚和僵尸打过架，现在他妈的去哪儿了？\"",
		"volume": 30
	}
]
