[
    {
        "type" : "snippet",
        "category" : "<fun_stuff_accept>",
        "text" : [
            "当然，没问题！",
			"很乐意！",
			"很高兴！",
			"是的，我躺下了！",
			"当然，让我们这样做吧！",
			"我正要说这个！"
        ]
    },{
		"//" : "for non-follower non-friends",
        "type" : "snippet",
        "category" : "<fun_stuff_accept_wanderer>",
        "text" : [
            "好的，我不介意。",
			"当然，如果你提供的话。",
			"我想我可以抽出一个小时左右的时间。",
			"从来没有想过我会遇到像你这样热切的人。让我们这样做吧。",
			"即使大灾难也不能改变你的生活方式，对吧？那么好吧。",
			"没有附加条件？太好了。",
			"这真的很疯狂，但我们不正是这样吗？"
        ]
    },{
        "type" : "snippet",
        "category" : "<fun_stuff_raw>",
        "text" : [
            "啊，这样好多了..."
        ],
		"//" : "these rely on whether speaker was never pregnant before, I can't check that currently",
		"//" : "We might become parents with this, haha.",
		"//" : "I hope we'll sort this all out so our children can live in a better world.",
		"//" : "You know, before this I really hated children. But now my instincts tell me what we're doing is for the better."
    },{
        "type" : "snippet",
        "category" : "<fun_stuff_partner_fvirgin>",
        "text" : [
            "当然可以，但是……呃，我以前从来没做过。",
            "我是处女，所以…请对我温柔些。",
            "我好紧张…你能抱着我吗？",
            "啊……不，我很好，继续…",
            "这是我第一次…我希望我能做好。",
            "嗯…这是我的第一次…这样行吗？"
        ]
    },{
        "type" : "snippet",
        "category" : "<fun_stuff_partner_mvirgin>",
        "text" : [
            "不要笑！我以前做过，这没有关系，对吧？！",
            "该死，我只是希望不会太尴尬。",
            "是的，在我死之前我至少要做一次。",
            "这是…我的第一次，所以…对不起…我做的不太好…"
        ]
    },{
        "type" : "snippet",
        "category" : "<fun_stuff_player_fvirgin>",
        "text" : [
            "别担心，我会温和的。",
			"没关系的，只是第一次会受点伤。",
			"可能会有点疼，但你会没事的。",
			"你很快就会习惯的。"
        ]
    },{
        "type" : "snippet",
        "category" : "<fun_stuff_player_mvirgin>",
        "text" : [
            "你知道放在哪里，对吧？这里，我来帮你。",
			"怎么了？你不知道该怎么办？别担心，我对这事很了解。",
			"没关系，让你的直觉指引你。",
			"在这之后你会成为一个好人。",
			"别担心，我会主动的"
        ]
    },{
        "type" : "snippet",
        "category" : "<fun_stuff_shy>",
        "text" : [
            "愚蠢！你在说什么？我并不是反对它，尽管…",
			"当然...嗯...不要盯着看，只是去做…",
			"哈哈…好的，快点啊。",
			"快…快一点, 好吗?",
			"我不敢相信我会这么做…"
        ]
    },{
        "type" : "snippet",
        "category" : "<fun_stuff_fear>",
        "text" : [
            "嗨…拜托，请不要伤害我…",
			"我会做任何你想做的事…",
			"如果这就是你追求的…好吧，但是请不要伤害我！",
			"好的...好的，冷静下来！满足你自己的需要吧…我只想活着离开这里。",
			"我讨厌被强奸…但我也不想死…哈哈…",
			"你病了，你知道吗？我希望有一天这事会让你栽一跟头。",
			"不，不！为什么？为什么？为什么这事发生在我身上…",
			"这是不可避免的，不是吗？毕竟没有什么是神圣的…",
			"我会去做的，好吗？不要伤害我…",
			"不管你想要什么，请发发慈悲怜悯我吧，求你了！",
			"可以...我想我别无选择了。"
        ]
    },{
        "type" : "snippet",
        "category" : "<fun_stuff_refuse>",
        "text" : [
            "与你？谢谢，但不用了，谢谢。",
			"你确定我们应该这样浪费时间吗？",
			"请不要告诉我那个。",
			"这是一个非常不恰当的时机。",
			"难道我们不应该担心更重要的事情吗？",
			"为什么我会这样？你觉得我这么容易吗？",
			"这太荒谬了。",
			"不会发生任何事。",
			"对不起，我现在心情不好。",
			"很渴望, 我们?",
			"不，我们不能。"
        ]
    },{
        "type" : "snippet",
        "category" : "<fun_stuff_refuse_rough>",
        "text" : [
            "你疯了吗？我更担心生存，而不是这个！",
			"他妈的怎么了？！滚开你!",
			"你他妈的玩你自己怎么样？",
			"去爬一棵树吧，你这家伙。",
			"他妈的闭嘴！",
			"别打扰我！",
			"爬行动物还没有灭绝吗？该死的。",
			"你为什么不去问丧尸呢？我肯定他们会喜欢那个事。",
			"我应该马上离开像你这样的人，让这个世界变得更好。",
			"向自己寻求帮助，不要悲伤。",
			"继续做梦吧，亲爱的。",
			"对不起，这辈子都不行的。",
			"你他妈的怎么了？"
        ]
    },{
        "type" : "snippet",
        "category" : "<fun_stuff_love>",
        "text" : [
            "哈哈…请留下来陪我…",
			"我爱你…",
			"我希望我们能像这样待在一起…",
			"没有人会阻止我们在一起…",
			"我很高兴和你在一起...",
			"我不想失去你…"
        ]
    },{
		"//" : "for non-followers non-friend partners",
        "type" : "snippet",
        "category" : "<fun_stuff_bye>",
        "text" : [
            "嗯，那很有趣，但是我得走了。",
			"谢谢，真是令人耳目一新。再见。",
			"那一点也不坏。再见。",
			"我现在就上路。",
			"正是我需要的。我该走了。",
			"亲爱的，我现在就要走了。"
        ]
    },{
		"//" : "for non-followers non-friend partners",
        "type" : "snippet",
        "category" : "<fun_stuff_bye_fear>",
        "text" : [
            "*呜呜声*",
			"*哭泣*",
			"为什么？为什么？",
			"我不想要这个…",
			"为什么是我…为什么是我…"
        ]
    },{
		"//" : "act was interrupted",
        "type" : "snippet",
        "category" : "<fun_stuff_interrupt>",
        "text" : [
            "嘿！",
			"已经做好了？",
			"我还没结束呢！",
			"发生了什么？",
			"你为什么停下来了？"
        ]
    },
	{
		"//": "keep these below until one day monsters can utilize snippets",
        "type" : "snippet",
        "category" : "<cambion_target_acquired>",
        "text" : [
            "呸！",
			"啊哈!",
			"什--？！",
			"嘿，是敌人！",
			"我们真是有缘！",
			"敌人！",
			"哈！我看见你了！",
			"啊哈哈！",
			"我要把你的头拧下来，把它变成我的玩具！",
			"哈哈哈！新鲜玩具啊！",
			"哈哈哈！新鲜的肉啊！",
			"今天我们要享用人肉！",
			"现在是强暴时间!",
			"（疯狂的笑声）",
			"该死！",
			"让他们见鬼去吧！"
        ]
    },{
        "type" : "snippet",
		"//": "露骨なパロディネタはいちおう自粛。",
		"//": "殺しは初めてじゃないんだよ、新米！",
		"//": "何百回とやってきた！そうすれば変わるだろう！？",
		"//": "自分を制して、悪に徹しろ！",
        "category" : "<cambion_target_engage>",
        "text" : [
			"哈哈哈！",
			"害怕了吧？！",
			"过来啊!",
			"鲜血！鲜血！鲜血啊啊！！！",
			"给我见血吧！",
			"你就是个垃圾!",
			"你对我一无所知！",
			"先奸后杀？还是先杀后奸？……听起来都很棒！",
			"我会强奸你，然后杀了你，然后再强奸你！",
			"谋杀，死亡，杀戮！！！",
			"我不介意帮助你出去，你知道吗？...不过是在和你做完之后！",
			"（疯狂的笑声）",
			"（咆哮）",
			"（嚎叫）",
			"（咆哮）",
			"再见！",
			"我妈的操你！",
			"我只是想和你玩玩，你不会介意的，对吧？！",
			"你这个小混蛋…",
			"为什么你还没死？！",
			"你为什么不能死？！",
			"这不是我第一次杀人了，菜鸡！",
			"如果不能作为人类活下去了话，就只能作为恶魔活下去了啊！",
			"当你下地狱的时候，告诉他们是我送你来的！",
			"当我杀了你之后，我还要奸你的尸！不要担心，我会很温柔的！",
			"你会他妈的后悔的！"
        ]
    },{
        "type" : "snippet",
        "category" : "<cambion_target_lost>",
        "text" : [
            "(咂嘴的声音)",
			"那个家伙跑得真快…",
			"那个sb跑得太快了，草!",
			"出来，出来，无论你在哪里！我要快点终结你！",
			"别躲着，给我滚出来！",
			"小心，那个家伙还躲在附近...",
			"别跑！",
			"该死，他妈的他去哪了？！",
			"我看见你了！不，我没有。是的！不，我没有。草！",
			"菜鸡，菜鸡，菜鸡！"
        ]
    }
]
