[
	{
		"type" : "trap",
		"id": "tr_magic_circle_none",
		"name" : "魔法陣",
		"color" : "light_gray",
		"symbol" : "O",
		"visibility" : 2,
		"avoidance" : 10,
		"difficulty" : 99,
		"action" : "none",
		"benign" : true
	},
	{
		"type" : "trap",
		"//" : "魔法陣(召喚)",
		"id": "tr_magic_circle_summon",
		"name" : "魔法陣(紫红)",
		"color" : "magenta",
		"symbol" : "O",
		"visibility" : 2,
		"avoidance" : 10,
		"difficulty" : 99,
		"action" : "none",
		"benign" : true
	},
	{
		"type" : "trap",
		"//" : "魔法陣(火炎)",
		"id": "tr_magic_circle_fire",
		"name" : "魔法陣(红)",
		"color" : "red",
		"symbol" : "O",
		"visibility" : 2,
		"avoidance" : 10,
		"difficulty" : 99,
		"action" : "none",
		"benign" : true
	},
	{
		"type" : "trap",
		"//" : "魔法陣(ダメージ)",
		"id": "tr_magic_circle_drain",
		"name" : "魔法陣(绿)",
		"color" : "light_green",
		"symbol" : "O",
		"visibility" : 8,
		"avoidance" : 10,
		"difficulty" : 99,
		"//" : "trapfunc.cppに用意されてるけど使われてない(と思われる)処理。なんか面白そうなので、本体側で完全に没になるまでは使ってみる。trapfunc.cpp中准备了但不被使用(一般认为是)的处理。因为总觉得有趣，到(连)实体方面完全没掉试着使用。",
		"action" : "drain"
	}
]
