	[
    {
        "type" : "COMESTIBLE",
        "id" : "seed_rice",
        "category": "other",
        "price" : 50,
        "name" : "旱稻种子",
        "name_plural" : "旱稻种子",
        "symbol" : ".",
        "color" : "brown",
        "description" : "旱稻种子",
        "material" : "veggy",
        "comestible_type": "FOOD",
        "tool" : "null",
        "addiction_type": "none",
        "volume" : 1,
        "weight" : 5,
        "bashing" : 1,
        "cutting" : 1,
        "to_hit" : 0,
        "charges" : 4,
        "stack_size" : 40,
        "seed_data": {
            "plant_name": "旱稻苗",
            "fruit": "rice",
            "byproducts": [ "straw_pile" ],
            "grow" : 31
        }
		},
    {
        "type" : "COMESTIBLE",
        "id" : "rice",
        "name" : "生米",
        "name_plural" : "生米",
        "weight" : 50,
        "color" : "brown",
        "comestible_type" : "FOOD",
        "symbol" : ",",
        "quench" : -10,
        "healthy" : 1,
        "nutrition" : 20,
        "description" : "一些生米，你得把它烘干了才能作为原料烹饪",
        "price" : 120,
        "material" : "veggy",
        "volume" : 4,
        "spoils_in" : 720,
        "charges" : 16,
        "fun" : -20,
            "vitamins": [
                [ "calcium", 3 ],
                [ "iron", 6 ],
                [ "vitB", 9 ],
                [ "vitC", 12 ]
            ]
    },
    {
        "type" : "COMESTIBLE",
        "id" : "seed_bean",
        "category": "other",
        "price" : 50,
        "name" : "大豆种子",
        "name_plural" : "大豆种子",
        "symbol" : ".",
        "color" : "brown",
        "description" : "大豆种子",
        "material" : "veggy",
        "comestible_type": "FOOD",
        "tool" : "null",
        "addiction_type": "none",
        "volume" : 1,
        "weight" : 5,
        "bashing" : 1,
        "cutting" : 1,
        "to_hit" : 0,
        "charges" : 4,
        "stack_size" : 40,
        "seed_data": {
            "plant_name": "大豆苗",
            "fruit": "can_beans",
            "byproducts": [ "straw_pile" ],
            "grow" : 31
        }
		},
  {
    "type" : "recipe",
    "result": "dry_rice",
    "category": "CC_FOOD",
    "subcategory": "CSC_FOOD_DRY",
    "skill_used": "cooking",
    "difficulty": 2,
    "time": 1125,
    "autolearn": true,
    "batch_time_factors": [ 12, 5 ],
    "tools": [
      [ [ "dehydrator", 3 ], [ "char_smoker", 3 ] ]   ],
    "components": [
	[["rice",16]]
	]
  },
{
"type" : "item_group",
"id" : "forage_summer",
"subtype": "distribution",
"entries" : [
      { "item": "seed_rice", "prob": 30, "count-min": 3, "count-max": 6 },
      { "item": "seed_bean", "prob": 30, "count-min": 3, "count-max": 6 }
    ]
  },{
"type" : "item_group",
"id" : "forage_autumn",
"subtype": "distribution",
"entries" : [
      { "item": "seed_rice", "prob": 30, "count-min": 3, "count-max": 6 },
      { "item": "seed_bean", "prob": 30, "count-min": 3, "count-max": 6 }
    ]
  },
  {
"type" : "item_group",
"id" : "farming_seeds",
"items" : [
      ["seed_rice", 60]
    ]
}
  ]