[
  {
    "type": "ARMOR",
    "id": "locket_lucy",
    "name": "Lucy's locket",
    "volume": 0,
    "material_thickness": 0,
    "description": "A small locket with a frame inside to store photographs or small objects.  Inside is a picture of a lovely looking woman and the etched words 'Lucy, my love'.",
    "weight": 30,
    "color": "light_gray",
    "encumbrance": 0,
    "price": 4000,
    "material": [ "silver" ],
    "coverage": 0,
    "symbol": "[",
    "warmth": 0,
    "flags": [ "FANCY" ]
  },
  {
    "type": "item_group",
    "id": "coffin_human",
    "items": [
      [ "bone_human", 200 ],
      [ "bone", 4 ],
      [ "corpse", 1 ],
      [ "withered", 5 ],
      [ "jeans", 5 ],
      [ "tshirt", 5 ],
      [ "dress_shirt", 5 ],
      [ "pants", 5 ],
      [ "dress", 5 ],
      [ "dress_shoes", 5 ],
      [ "heels", 5 ],
      [ "socks", 5 ]
    ]
  },
  {
    "type": "mapgen",
    "om_terrain": [ "cemetery_large_00" ],
    "//": "top left map tile of this 6x5 design",
    "method": "json",
    "weight": 100,
    "object": {
      "fill_ter": "t_dirt",
      "rows": [
        "                        ",
        "                        ",
        "                        ",
        "   /////////////////////",
        "   /$$$$$$$$$$$$$$$$$$$$",
        "   /$                   ",
        "   /$ 7$                ",
        "   /$ $$b               ",
        "   /$  bb               ",
        "   /$         h h h h   ",
        "   /$                   ",
        "   /$     h h h h ^ ^ ^ ",
        "   /$                   ",
        "   /$     ^ h h ^ ^ ^ ^ ",
        "   /$                   ",
        "   /$     ^ ^ ^ ^ ^ ^ ^ ",
        "   /$                   ",
        "   /$     ^ ^ ^ ^ ^ ^ ^ ",
        "   /$                   ",
        "   /$     ^ ^ ^ ^ ^ ^ ^ ",
        "   /$                   ",
        "   /$     ^ ^ ^ ^ ^ ^ ^ ",
        "   /$                   ",
        "   /$     ^ ^ ^ ^ ^ ^ ^ "
      ],
      "terrain": {
        "/": [
          "t_iron_fence",
          "t_iron_fence",
          "t_iron_fence",
          "t_iron_fence",
          "t_iron_fence",
          "t_iron_fence",
          "t_iron_fence",
          "t_iron_fence",
          "t_iron_fence",
          "t_iron_fence",
          "t_iron_fence",
          "t_iron_fence",
          "t_iron_fence",
          "t_iron_fence",
          "t_iron_fence",
          "t_iron_fence",
          "t_iron_fence",
          "t_iron_fence",
          "t_iron_fence",
          "t_iron_fence",
          "t_iron_fence",
          "t_iron_fence",
          "t_iron_fence",
          "t_iron_fence",
          "t_iron_fence",
          "t_iron_fence",
          "t_iron_fence",
          "t_iron_fence",
          "t_iron_fence",
          "t_iron_fence",
          "t_iron_fence",
          "t_iron_fence",
          "t_iron_fence",
          "t_iron_fence",
          "t_iron_fence",
          "t_iron_fence",
          "t_iron_fence_posts"
        ],
        " ": [ "t_dirt", "t_dirt", "t_dirt", "t_grass", "t_grass", "t_grass", "t_grass" ],
        "7": [ "t_tree", "t_tree", "t_tree_willow" ],
        "$": [ "t_shrub", "t_shrub", "t_shrub", "t_underbrush", "t_underbrush", "t_tree_young" ]
      },
      "furniture": {
        "b": "f_bench",
        "h": "f_grave_head",
        "^": [
          "f_grave_head",
          "f_grave_stone",
          "f_grave_stone",
          "f_grave_stone",
          "f_grave_stone",
          "f_grave_stone",
          "f_grave_stone",
          "f_grave_stone",
          "f_grave_stone",
          "f_statue"
        ]
      },
      "place_items": [ { "item": "grave_memories", "chance": 35, "x": [ 10, 23 ], "y": [ 9, 23 ], "repeat": [ 1, 2 ] } ]
    }
  },
  {
    "type": "mapgen",
    "om_terrain": [ "cemetery_large_10" ],
    "method": "json",
    "weight": 100,
    "object": {
      "fill_ter": "t_dirt",
      "rows": [
        "                        ",
        "                        ",
        "                        ",
        "////////////////////////",
        "$$$$$$$$$$$$$$$$$$$$$$$$",
        "                        ",
        "......                  ",
        "......                  ",
        "......                  ",
        "...       h h h h h h h ",
        "...                     ",
        "...   ^ ^ ^ ^ ^ ^ ^ ^ ^ ",
        "...                     ",
        "... ^ ^ ^ ^ ^ ^ ^ ^ ^ ^ ",
        "...                     ",
        "... ^ ^ ^ ^ ^ ^ ^ ^ ^ ^ ",
        "...                     ",
        "... ^ ^ ^ ^ ^ ^ ^ ^ ^ ^ ",
        "...                     ",
        "... ^ ^ ^ ^ ^ ^ ^ ^ ^ ^ ",
        "...                     ",
        "... ^ ^ ^ ^ ^ ^ ^ ^ ^ ^ ",
        "...                     ",
        "... ^ ^ ^ ^ ^ ^ ^ ^ ^ ^ "
      ],
      "terrain": {
        ".": "t_pavement",
        "/": [
          "t_iron_fence",
          "t_iron_fence",
          "t_iron_fence",
          "t_iron_fence",
          "t_iron_fence",
          "t_iron_fence",
          "t_iron_fence",
          "t_iron_fence",
          "t_iron_fence",
          "t_iron_fence",
          "t_iron_fence",
          "t_iron_fence",
          "t_iron_fence",
          "t_iron_fence",
          "t_iron_fence",
          "t_iron_fence",
          "t_iron_fence",
          "t_iron_fence",
          "t_iron_fence",
          "t_iron_fence",
          "t_iron_fence",
          "t_iron_fence",
          "t_iron_fence",
          "t_iron_fence",
          "t_iron_fence",
          "t_iron_fence",
          "t_iron_fence",
          "t_iron_fence",
          "t_iron_fence",
          "t_iron_fence",
          "t_iron_fence",
          "t_iron_fence",
          "t_iron_fence",
          "t_iron_fence",
          "t_iron_fence",
          "t_iron_fence",
          "t_iron_fence_posts"
        ],
        " ": [ "t_dirt", "t_dirt", "t_dirt", "t_grass", "t_grass", "t_grass", "t_grass" ],
        "$": [ "t_shrub", "t_shrub", "t_shrub", "t_underbrush", "t_underbrush", "t_tree_young" ]
      },
      "furniture": {
        "h": "f_grave_head",
        "^": [
          "f_grave_head",
          "f_grave_stone",
          "f_grave_stone",
          "f_grave_stone",
          "f_grave_stone",
          "f_grave_stone",
          "f_grave_stone",
          "f_grave_stone",
          "f_grave_stone",
          "f_statue"
        ]
      },
      "place_items": [ { "item": "grave_memories", "chance": 35, "x": [ 5, 23 ], "y": [ 9, 23 ], "repeat": [ 1, 2 ] } ]
    }
  },
  {
    "type": "mapgen",
    "om_terrain": [ "cemetery_large_20" ],
    "method": "json",
    "weight": 100,
    "object": {
      "fill_ter": "t_dirt",
      "rows": [
        "                        ",
        "                        ",
        "                        ",
        "////////////////////////",
        "$$$$$$$$$$$$$$$$$$$$$$$$",
        "                        ",
        "                        ",
        "                        ",
        "                        ",
        "^ ^ ^ ^ ^ ^ ^ ^ ^ ^ ^ ^ ",
        "                        ",
        "^ ^ ^ ^ ^ ^ ^ ^ ^ ^ ^ ^ ",
        "                        ",
        "^ ^ ^ ^ ^ ^ ^ ^ ^ ^ ^ ^ ",
        "                        ",
        "^ ^ ^ ^ ^ ^ ^ ^ ^ ^ ^ ^ ",
        "                        ",
        "^ ^ ^ ^ ^ ^ ^ ^ ^ ^ ^ ^ ",
        "                        ",
        "^ ^ ^ ^ ^ ^ ^ ^ ^ ^ ^ ^ ",
        "                        ",
        "^ ^ ^ ^ ^ ^ ^ ^ ^ ^ ^ ^ ",
        "                        ",
        "h h h h ^ ^ h ^ h h ^ ^ "
      ],
      "terrain": {
        ".": "t_pavement",
        "/": [
          "t_iron_fence",
          "t_iron_fence",
          "t_iron_fence",
          "t_iron_fence",
          "t_iron_fence",
          "t_iron_fence",
          "t_iron_fence",
          "t_iron_fence",
          "t_iron_fence",
          "t_iron_fence",
          "t_iron_fence",
          "t_iron_fence",
          "t_iron_fence",
          "t_iron_fence",
          "t_iron_fence",
          "t_iron_fence",
          "t_iron_fence",
          "t_iron_fence",
          "t_iron_fence",
          "t_iron_fence",
          "t_iron_fence",
          "t_iron_fence",
          "t_iron_fence",
          "t_iron_fence",
          "t_iron_fence",
          "t_iron_fence",
          "t_iron_fence",
          "t_iron_fence",
          "t_iron_fence",
          "t_iron_fence",
          "t_iron_fence",
          "t_iron_fence",
          "t_iron_fence",
          "t_iron_fence",
          "t_iron_fence",
          "t_iron_fence",
          "t_iron_fence_posts"
        ],
        " ": [ "t_dirt", "t_dirt", "t_dirt", "t_grass", "t_grass", "t_grass", "t_grass" ],
        "$": [ "t_shrub", "t_shrub", "t_shrub", "t_underbrush", "t_underbrush", "t_tree_young" ]
      },
      "furniture": {
        "h": "f_grave_head",
        "^": [
          "f_grave_head",
          "f_grave_stone",
          "f_grave_stone",
          "f_grave_stone",
          "f_grave_stone",
          "f_grave_stone",
          "f_grave_stone",
          "f_grave_stone",
          "f_grave_stone",
          "f_statue"
        ]
      },
      "place_items": [ { "item": "grave_memories", "chance": 35, "x": [ 0, 23 ], "y": [ 9, 23 ], "repeat": [ 1, 2 ] } ]
    }
  },
  {
    "type": "mapgen",
    "om_terrain": [ "cemetery_large_30" ],
    "method": "json",
    "weight": 100,
    "object": {
      "fill_ter": "t_dirt",
      "rows": [
        "                        ",
        "                        ",
        "                        ",
        "////////////////////////",
        "$$$$$$$$$$$$$$$$$$$$$$$$",
        "                        ",
        "                        ",
        "                        ",
        "                        ",
        "^ ^ ^ ^ ^ ^ ^ ^ ^ ^ ^ ^ ",
        "                        ",
        "^ ^ ^ ^ ^ ^ ^ ^ ^ ^ ^ ^ ",
        "                        ",
        "^ ^ ^ ^ ^ ^ ^ ^ ^ ^ ^ ^ ",
        "                        ",
        "^ ^ ^ ^ ^ ^ ^ ^ ^ ^ ^ ^ ",
        "                        ",
        "^ ^ ^ ^ ^ ^ ^ ^ ^ ^ ^ ^ ",
        "                        ",
        "^ ^ ^ ^ ^ ^ ^ ^ ^ ^ ^ ^ ",
        "                        ",
        "^ ^ ^ ^ ^ ^ ^ ^ ^ ^ ^ ^ ",
        "                        ",
        "^ ^ ^ ^ ^ ^ ^ ^ ^ ^ ^ ^ "
      ],
      "terrain": {
        "/": [
          "t_iron_fence",
          "t_iron_fence",
          "t_iron_fence",
          "t_iron_fence",
          "t_iron_fence",
          "t_iron_fence",
          "t_iron_fence",
          "t_iron_fence",
          "t_iron_fence",
          "t_iron_fence",
          "t_iron_fence",
          "t_iron_fence",
          "t_iron_fence",
          "t_iron_fence",
          "t_iron_fence",
          "t_iron_fence",
          "t_iron_fence",
          "t_iron_fence",
          "t_iron_fence",
          "t_iron_fence",
          "t_iron_fence",
          "t_iron_fence",
          "t_iron_fence",
          "t_iron_fence",
          "t_iron_fence",
          "t_iron_fence",
          "t_iron_fence",
          "t_iron_fence",
          "t_iron_fence",
          "t_iron_fence",
          "t_iron_fence",
          "t_iron_fence",
          "t_iron_fence",
          "t_iron_fence",
          "t_iron_fence",
          "t_iron_fence",
          "t_iron_fence_posts"
        ],
        " ": [ "t_dirt", "t_dirt", "t_dirt", "t_grass", "t_grass", "t_grass", "t_grass" ],
        "$": [ "t_shrub", "t_shrub", "t_shrub", "t_underbrush", "t_underbrush", "t_tree_young" ]
      },
      "furniture": {
        "^": [
          "f_grave_head",
          "f_grave_stone",
          "f_grave_stone",
          "f_grave_stone",
          "f_grave_stone",
          "f_grave_stone",
          "f_grave_stone",
          "f_grave_stone",
          "f_grave_stone",
          "f_statue"
        ]
      },
      "place_items": [ { "item": "grave_memories", "chance": 35, "x": [ 0, 23 ], "y": [ 9, 23 ], "repeat": [ 1, 2 ] } ]
    }
  },
  {
    "type": "mapgen",
    "om_terrain": [ "cemetery_large_40" ],
    "method": "json",
    "weight": 100,
    "object": {
      "fill_ter": "t_dirt",
      "rows": [
        "                        ",
        "                        ",
        "                        ",
        "////////////////////////",
        "$$$$$$$$$$$$$$$$$$$$$$$$",
        "                        ",
        "                     ...",
        "                     ...",
        "                     ...",
        "^ ^ ^ ^ ^ ^ ^ ^ ^ ^  ...",
        "                     ...",
        "^ ^ ^ ^ ^ ^ ^ ^ ^ ^  ...",
        "                     ...",
        "^ ^ ^ ^ ^ ^ ^ ^ ^ ^  ...",
        "                     ...",
        "^ ^ ^ ^ ^ ^ ^ ^ ^ ^  ...",
        "                     ...",
        "^ ^ ^ ^ ^ ^ ^ ^ ^ ^  ...",
        "                     ...",
        "^ ^ ^ ^ ^ ^ ^ ^ ^ ^  ...",
        "                     ...",
        "^ ^ ^ ^ ^ ^ ^ ^ ^ ^  ...",
        "                     ...",
        "^ ^ ^ ^ ^ ^ ^ ^ ^ ^  ..."
      ],
      "terrain": {
        ".": "t_pavement",
        "/": [
          "t_iron_fence",
          "t_iron_fence",
          "t_iron_fence",
          "t_iron_fence",
          "t_iron_fence",
          "t_iron_fence",
          "t_iron_fence",
          "t_iron_fence",
          "t_iron_fence",
          "t_iron_fence",
          "t_iron_fence",
          "t_iron_fence",
          "t_iron_fence",
          "t_iron_fence",
          "t_iron_fence",
          "t_iron_fence",
          "t_iron_fence",
          "t_iron_fence",
          "t_iron_fence",
          "t_iron_fence",
          "t_iron_fence",
          "t_iron_fence",
          "t_iron_fence",
          "t_iron_fence",
          "t_iron_fence",
          "t_iron_fence",
          "t_iron_fence",
          "t_iron_fence",
          "t_iron_fence",
          "t_iron_fence",
          "t_iron_fence",
          "t_iron_fence",
          "t_iron_fence",
          "t_iron_fence",
          "t_iron_fence",
          "t_iron_fence",
          "t_iron_fence_posts"
        ],
        " ": [ "t_dirt", "t_dirt", "t_dirt", "t_grass", "t_grass", "t_grass", "t_grass" ],
        "$": [ "t_shrub", "t_shrub", "t_shrub", "t_underbrush", "t_underbrush", "t_tree_young" ]
      },
      "furniture": {
        "h": "f_grave_head",
        "^": [
          "f_grave_head",
          "f_grave_stone",
          "f_grave_stone",
          "f_grave_stone",
          "f_grave_stone",
          "f_grave_stone",
          "f_grave_stone",
          "f_grave_stone",
          "f_grave_stone",
          "f_statue"
        ]
      },
      "place_items": [ { "item": "grave_memories", "chance": 35, "x": [ 0, 18 ], "y": [ 9, 23 ], "repeat": [ 1, 2 ] } ]
    }
  },
  {
    "type": "mapgen",
    "om_terrain": [ "cemetery_large_50" ],
    "method": "json",
    "weight": 100,
    "object": {
      "fill_ter": "t_dirt",
      "rows": [
        "                        ",
        "                        ",
        "                        ",
        "/////////////////////   ",
        "$$$$$$$$$$$$$$$$$$$$/   ",
        "                   $/   ",
        ".......   $______  $/   ",
        ".......   $_RlTl_  $/   ",
        ".......  ]]+,,,c_  $/   ",
        " ......]]]$_f,ac_  $/   ",
        " ......   $___0__  $/   ",
        "          $$$$$$   $/   ",
        "                   $/   ",
        "  ^ ^ ^ ^ ^ ^ ^    $/   ",
        "                   $/   ",
        "  ^ ^ ^ ^ ^ ^ ^    $/   ",
        "                   $/   ",
        "  ^ ^ ^ ^ ^ ^ ^    $/   ",
        "                   $/   ",
        "  ^ ^ ^ ^ ^ ^ ^    $/   ",
        "                   $/   ",
        "  ^ ^ ^ ^ ^ ^ ^    $/   ",
        "                   $/   ",
        "  ^ ^ ^ ^ ^ ^ ^    $/   "
      ],
      "terrain": {
        ".": "t_pavement",
        "]": "t_sidewalk",
        "/": [
          "t_iron_fence",
          "t_iron_fence",
          "t_iron_fence",
          "t_iron_fence",
          "t_iron_fence",
          "t_iron_fence",
          "t_iron_fence",
          "t_iron_fence",
          "t_iron_fence",
          "t_iron_fence",
          "t_iron_fence",
          "t_iron_fence",
          "t_iron_fence",
          "t_iron_fence",
          "t_iron_fence",
          "t_iron_fence",
          "t_iron_fence",
          "t_iron_fence",
          "t_iron_fence",
          "t_iron_fence",
          "t_iron_fence",
          "t_iron_fence",
          "t_iron_fence",
          "t_iron_fence",
          "t_iron_fence",
          "t_iron_fence",
          "t_iron_fence",
          "t_iron_fence",
          "t_iron_fence",
          "t_iron_fence",
          "t_iron_fence",
          "t_iron_fence",
          "t_iron_fence",
          "t_iron_fence",
          "t_iron_fence",
          "t_iron_fence",
          "t_iron_fence_posts"
        ],
        "_": "t_wall",
        ",": "t_floor",
        "+": [ "t_door_locked", "t_door_locked", "t_door_locked", "t_door_locked", "t_door_locked", "t_door_c" ],
        "0": "t_window_domestic",
        " ": [ "t_dirt", "t_dirt", "t_grass", "t_grass", "t_grass" ],
        "$": [ "t_shrub", "t_shrub", "t_shrub", "t_underbrush", "t_underbrush", "t_tree_young" ],
        "c": "t_floor",
        "a": "t_floor",
        "f": "t_floor",
        "T": "t_floor",
        "l": "t_floor",
        "R": "t_floor"
      },
      "furniture": {
        "c": "f_counter",
        "a": "f_sink",
        "f": "f_rack",
        "T": "f_table",
        "l": "f_locker",
        "R": "f_chair",
        "h": "f_grave_head",
        "^": [
          "f_grave_head",
          "f_grave_stone",
          "f_grave_stone",
          "f_grave_stone",
          "f_grave_stone",
          "f_grave_stone",
          "f_grave_stone",
          "f_grave_stone",
          "f_grave_stone",
          "f_statue"
        ]
      },
      "place_loot": [ { "item": "shovel", "chance": 65, "x": 12, "y": 9 } ],
      "place_items": [
        { "item": "grave_memories", "chance": 35, "x": [ 2, 14 ], "y": [ 13, 23 ], "repeat": [ 1, 2 ] },
        { "item": "hardware", "chance": 75, "x": [ 13, 15 ], "y": 7, "repeat": [ 1, 2 ] },
        { "item": "mine_storage", "chance": 50, "x": [ 13, 15 ], "y": 7 },
        { "item": "cleaning", "chance": 65, "x": 15, "y": [ 8, 9 ], "repeat": [ 1, 2 ] },
        { "item": "mine_storage", "chance": 50, "x": 13, "y": 9 }
      ]
    }
  },
  {
    "type": "mapgen",
    "om_terrain": [ "cemetery_large_01" ],
    "method": "json",
    "weight": 100,
    "object": {
      "fill_ter": "t_dirt",
      "rows": [
        "   /$                   ",
        "   /$     ^ ^ ^ ^ ^ ^ ^ ",
        "   /$                   ",
        "   /$     ^ ^ ^ ^ ^ ^ ^ ",
        "   /$                   ",
        "   /$     ^ ^ ^ ^ ^ ^ ^ ",
        "   /$                   ",
        "   /$     ^ ^ ^ ^ ^ ^ ^ ",
        "   /$                   ",
        "   /$     ^ ^ ^ ^ ^ ^ ^ ",
        "   /$                   ",
        "   /$     ^ ^ ^ ^ ^ ^ ^ ",
        "   /$                   ",
        "   /$     ^ ^ ^ ^ ^ ^ ^ ",
        "   /$                   ",
        "   /$     ^ ^ ^ ^ ^ ^ ^ ",
        "   /$                   ",
        "   /$     ^ ^ ^ ^ ^ ^ ^ ",
        "   /$                   ",
        "   /$     ^ ^ ^ ^ ^ ^ ^ ",
        "   /$                   ",
        "   /$     ^ ^ ^ ^ ^ ^ ^ ",
        "   /$                   ",
        "   /$     ^ ^ ^ ^ ^ ^ ^ "
      ],
      "terrain": {
        "/": [
          "t_iron_fence",
          "t_iron_fence",
          "t_iron_fence",
          "t_iron_fence",
          "t_iron_fence",
          "t_iron_fence",
          "t_iron_fence",
          "t_iron_fence",
          "t_iron_fence",
          "t_iron_fence",
          "t_iron_fence",
          "t_iron_fence",
          "t_iron_fence",
          "t_iron_fence",
          "t_iron_fence",
          "t_iron_fence",
          "t_iron_fence",
          "t_iron_fence",
          "t_iron_fence",
          "t_iron_fence",
          "t_iron_fence",
          "t_iron_fence",
          "t_iron_fence",
          "t_iron_fence",
          "t_iron_fence",
          "t_iron_fence",
          "t_iron_fence",
          "t_iron_fence",
          "t_iron_fence",
          "t_iron_fence",
          "t_iron_fence",
          "t_iron_fence",
          "t_iron_fence",
          "t_iron_fence",
          "t_iron_fence",
          "t_iron_fence",
          "t_iron_fence_posts"
        ],
        " ": [ "t_dirt", "t_dirt", "t_grass", "t_grass", "t_grass" ],
        "$": [ "t_shrub", "t_shrub", "t_shrub", "t_underbrush", "t_underbrush", "t_tree_young" ]
      },
      "furniture": {
        "^": [
          "f_grave_head",
          "f_grave_stone",
          "f_grave_stone",
          "f_grave_stone",
          "f_grave_stone",
          "f_grave_stone",
          "f_grave_stone",
          "f_grave_stone",
          "f_grave_stone",
          "f_statue"
        ]
      },
      "place_items": [ { "item": "grave_memories", "chance": 35, "x": [ 10, 23 ], "y": [ 0, 23 ], "repeat": [ 1, 2 ] } ]
    }
  },
  {
    "type": "mapgen",
    "om_terrain": [ "cemetery_large_11" ],
    "method": "json",
    "weight": 100,
    "object": {
      "fill_ter": "t_dirt",
      "rows": [
        "...                     ",
        "...  S  S  S  S  S  S  S",
        "...                     ",
        "...                     ",
        "...  S  S  h  S  S  S  S",
        "...                     ",
        "...                     ",
        "...  S  S  h  S  S  S  S",
        "...                     ",
        "...                     ",
        "...  S  S  S  S  h  S  S",
        "...                     ",
        "...                     ",
        "...  S  S  S  h  S  S  S",
        "...                     ",
        "...                     ",
        "...  S  S  h  h  S  S  S",
        "...                     ",
        "...                     ",
        "...  S  S  S  h  S  S  S",
        "...                     ",
        "...                     ",
        "...  S  S  S  S  S  S  S",
        "...                     "
      ],
      "terrain": { ".": "t_pavement", " ": [ "t_dirt", "t_dirt", "t_grass", "t_grass", "t_grass" ] },
      "furniture": { "S": [ "f_statue", "f_statue", "f_statue", "f_grave_stone_old", "f_slab", "f_grave_monument" ], "h": "f_grave_head" },
      "place_items": [ { "item": "grave_memories", "chance": 25, "x": [ 3, 23 ], "y": [ 0, 23 ] } ]
    }
  },
  {
    "type": "mapgen",
    "om_terrain": [ "cemetery_large_21" ],
    "method": "json",
    "weight": 100,
    "object": {
      "fill_ter": "t_dirt",
      "rows": [
        "                        ",
        "  S  S  S  g  g  g  S  g",
        "                        ",
        "                        ",
        "  S  S  S  g  g  S  g  g",
        "                        ",
        "                        ",
        "  S  S  g  g  h  h  g  g",
        "                        ",
        "                        ",
        "  h  g  g  g  h  g  h  h",
        "                        ",
        "                        ",
        "  h  g  g  g  g  g  g  g",
        "                        ",
        "                        ",
        "  S  g  g  g  g  S  g  g",
        "                        ",
        "                        ",
        "  S  S  g  S  g  g  g  g",
        "                        ",
        "                        ",
        "  S  S  S  S  g  g  g  g",
        "                        "
      ],
      "terrain": { " ": [ "t_dirt", "t_dirt", "t_grass", "t_grass", "t_grass" ] },
      "furniture": {
        "S": [ "f_statue", "f_statue", "f_statue", "f_grave_stone_old", "f_slab", "f_grave_monument" ],
        "g": [
          "f_grave_head",
          "f_grave_head",
          "f_grave_head",
          "f_grave_stone",
          "f_grave_stone",
          "f_grave_stone",
          "f_grave_stone",
          "f_grave_stone",
          "f_grave_stone_old",
          "f_statue"
        ],
        "h": "f_grave_head"
      },
      "place_items": [ { "item": "grave_memories", "chance": 25, "x": [ 0, 23 ], "y": [ 0, 23 ] } ]
    }
  },
  {
    "type": "mapgen",
    "om_terrain": [ "cemetery_large_31" ],
    "method": "json",
    "weight": 100,
    "object": {
      "fill_ter": "t_dirt",
      "rows": [
        "                        ",
        "  g  S    h h h g g g g ",
        "                        ",
        "          h g g g g g g ",
        "  g  h                  ",
        "          h h g g g g g ",
        "                        ",
        "  g  h    h h g g g g g ",
        "                        ",
        "          h g g g g g g ",
        "  g  g                  ",
        "          h g g g g g g ",
        "                        ",
        "  g  h    h g g g g g g ",
        "                        ",
        "          g g h h g g g ",
        "  g  h                  ",
        "          g g h h g g g ",
        "                        ",
        "  g  g    g g g g g g g ",
        "                        ",
        "          g g g g g g g ",
        "  g  h                  ",
        "          g g g h g g g "
      ],
      "terrain": { " ": [ "t_dirt", "t_dirt", "t_grass", "t_grass", "t_grass" ] },
      "furniture": {
        "S": [ "f_statue", "f_statue", "f_statue", "f_grave_stone_old", "f_slab", "f_grave_monument" ],
        "g": [
          "f_grave_head",
          "f_grave_head",
          "f_grave_head",
          "f_grave_stone",
          "f_grave_stone",
          "f_grave_stone",
          "f_grave_stone",
          "f_grave_stone",
          "f_grave_stone_old",
          "f_statue"
        ],
        "h": "f_grave_head"
      },
      "place_items": [ { "item": "grave_memories", "chance": 25, "x": [ 0, 23 ], "y": [ 0, 23 ] } ]
    }
  },
  {
    "type": "mapgen",
    "om_terrain": [ "cemetery_large_41" ],
    "method": "json",
    "weight": 100,
    "object": {
      "fill_ter": "t_dirt",
      "rows": [
        "                     ...",
        "g g g g g h g g g g  ...",
        "                     ...",
        "g g g g h g g g h h  ...",
        "                     ...",
        "g g g g h g g g g h  ...",
        "                     ...",
        "g g g g g g g g g    ...",
        "                     ...",
        "g g g g g h h g g h  ...",
        "                     ...",
        "g g g g g g h g h h  ...",
        "                     ...",
        "g g g g g g g g g    ...",
        "                     ...",
        "g g g g g g g g g h  ...",
        "                     ...",
        "g g g g g g g h g    ...",
        "                     ...",
        "g g h g g g g g h h  ...",
        "                     ...",
        "g g g g g g g g h h  ...",
        "                     ...",
        "g g g g g g g g g    ..."
      ],
      "terrain": { ".": "t_pavement", " ": [ "t_dirt", "t_dirt", "t_grass", "t_grass", "t_grass" ] },
      "furniture": {
        "g": [
          "f_grave_head",
          "f_grave_head",
          "f_grave_head",
          "f_grave_stone",
          "f_grave_stone",
          "f_grave_stone",
          "f_grave_stone",
          "f_grave_stone",
          "f_grave_stone_old",
          "f_statue"
        ],
        "h": "f_grave_head"
      },
      "place_items": [ { "item": "grave_memories", "chance": 35, "x": [ 0, 18 ], "y": [ 0, 23 ], "repeat": [ 1, 2 ] } ]
    }
  },
  {
    "type": "mapgen",
    "om_terrain": [ "cemetery_large_51" ],
    "method": "json",
    "weight": 100,
    "object": {
      "fill_ter": "t_dirt",
      "rows": [
        "                   $/   ",
        "  ^ ^ ^ ^ ^ ^ ^    $/   ",
        "                   $/   ",
        "  ^ ^ ^ ^ ^ ^ ^    $/   ",
        "                   $/   ",
        "  ^ ^ ^ ^ ^ ^ ^    $/   ",
        "                   $/   ",
        "  ^ ^ ^ ^ ^ ^ ^    $/   ",
        "                   $/   ",
        "  ^ ^ ^ ^ ^ ^ ^    $/   ",
        "                   $/   ",
        "  ^ ^ ^ ^ ^ ^ ^    $/   ",
        "                   $/   ",
        "  ^ ^ ^ ^ ^ ^ ^    $/   ",
        "                   $/   ",
        "  ^ ^ ^ ^ ^ ^ ^    $/   ",
        "                   $/   ",
        "  ^ ^ ^ ^ ^ ^ ^    $/   ",
        "                   $/   ",
        "  ^ ^ ^ ^ ^ ^ ^    $/   ",
        "                   $/   ",
        "  ^ ^ ^ ^ ^ ^ ^    $/   ",
        "                   $/   ",
        "  ^ ^ ^ ^ ^ ^ ^    $/   "
      ],
      "terrain": {
        ".": "t_pavement",
        "/": [
          "t_iron_fence",
          "t_iron_fence",
          "t_iron_fence",
          "t_iron_fence",
          "t_iron_fence",
          "t_iron_fence",
          "t_iron_fence",
          "t_iron_fence",
          "t_iron_fence",
          "t_iron_fence",
          "t_iron_fence",
          "t_iron_fence",
          "t_iron_fence",
          "t_iron_fence",
          "t_iron_fence",
          "t_iron_fence",
          "t_iron_fence",
          "t_iron_fence",
          "t_iron_fence",
          "t_iron_fence",
          "t_iron_fence",
          "t_iron_fence",
          "t_iron_fence",
          "t_iron_fence",
          "t_iron_fence",
          "t_iron_fence",
          "t_iron_fence",
          "t_iron_fence",
          "t_iron_fence",
          "t_iron_fence",
          "t_iron_fence",
          "t_iron_fence",
          "t_iron_fence",
          "t_iron_fence",
          "t_iron_fence",
          "t_iron_fence",
          "t_iron_fence_posts"
        ],
        " ": [ "t_dirt", "t_dirt", "t_grass", "t_grass", "t_grass" ],
        "$": [ "t_shrub", "t_shrub", "t_shrub", "t_underbrush", "t_underbrush", "t_tree_young" ]
      },
      "furniture": {
        "^": [
          "f_grave_head",
          "f_grave_stone",
          "f_grave_stone",
          "f_grave_stone",
          "f_grave_stone",
          "f_grave_stone",
          "f_grave_stone",
          "f_grave_stone",
          "f_grave_stone",
          "f_statue"
        ]
      },
      "place_items": [ { "item": "grave_memories", "chance": 30, "x": [ 0, 14 ], "y": [ 0, 23 ], "repeat": [ 1, 2 ] } ]
    }
  },
  {
    "type": "mapgen",
    "om_terrain": [ "cemetery_large_02" ],
    "method": "json",
    "weight": 100,
    "object": {
      "fill_ter": "t_dirt",
      "rows": [
        "   /$                   ",
        "   /$     ..............",
        "   /$     ..............",
        "   /$     ..............",
        "   /$                   ",
        "   /$    ^  ^  ^  ^  ^  ",
        "   /$                   ",
        "   /$                   ",
        "   /$    ^  ^  g  g  g  ",
        "   /$                   ",
        "   /$                   ",
        "   /$    g  ^  g  g  M  ",
        "   /$                   ",
        "   /$                   ",
        "   /$    g  ^  ^  ^  g  ",
        "   /$                   ",
        "   /$                   ",
        "   /$    ^  ^  ^  g  g  ",
        "   /$                   ",
        "   /$                   ",
        "   /$    ^  ^  ^  M  ^  ",
        "   /$                   ",
        "   /$                   ",
        "   /$    ^  g  g  ^  ^  "
      ],
      "terrain": {
        ".": "t_pavement",
        "/": [
          "t_iron_fence",
          "t_iron_fence",
          "t_iron_fence",
          "t_iron_fence",
          "t_iron_fence",
          "t_iron_fence",
          "t_iron_fence",
          "t_iron_fence",
          "t_iron_fence",
          "t_iron_fence",
          "t_iron_fence",
          "t_iron_fence",
          "t_iron_fence",
          "t_iron_fence",
          "t_iron_fence",
          "t_iron_fence",
          "t_iron_fence",
          "t_iron_fence",
          "t_iron_fence",
          "t_iron_fence",
          "t_iron_fence",
          "t_iron_fence",
          "t_iron_fence",
          "t_iron_fence",
          "t_iron_fence",
          "t_iron_fence",
          "t_iron_fence",
          "t_iron_fence",
          "t_iron_fence",
          "t_iron_fence",
          "t_iron_fence",
          "t_iron_fence",
          "t_iron_fence",
          "t_iron_fence",
          "t_iron_fence",
          "t_iron_fence",
          "t_iron_fence_posts"
        ],
        " ": [ "t_dirt", "t_dirt", "t_grass", "t_grass", "t_grass" ],
        "$": [ "t_shrub", "t_shrub", "t_shrub", "t_underbrush", "t_underbrush", "t_tree_young" ]
      },
      "furniture": {
        "g": [
          "f_grave_head",
          "f_grave_head",
          "f_grave_head",
          "f_grave_stone",
          "f_grave_stone",
          "f_grave_stone",
          "f_grave_stone",
          "f_grave_stone",
          "f_grave_stone_old",
          "f_statue"
        ],
        "^": [
          "f_grave_head",
          "f_grave_stone",
          "f_grave_stone",
          "f_grave_stone",
          "f_grave_stone",
          "f_grave_stone",
          "f_grave_stone",
          "f_grave_stone",
          "f_grave_stone",
          "f_statue"
        ],
        "M": "f_grave_monument"
      },
      "place_items": [ { "item": "grave_memories", "chance": 30, "x": [ 9, 23 ], "y": [ 5, 23 ], "repeat": [ 1, 2 ] } ]
    }
  },
  {
    "type": "mapgen",
    "om_terrain": [ "cemetery_large_12" ],
    "method": "json",
    "weight": 100,
    "object": {
      "fill_ter": "t_rock_floor",
      "rows": [
        "........................",
        "........................",
        "........................",
        "...                     ",
        "...                     ",
        "...  $MM$  -++-  -i+i-  ",
        "...  ----  -''-  -'''-  ",
        "...  +'n-  -fS-  -CnC-  ",
        "...  -'S-  ----  -----  ",
        "...  -0--               ",
        "...                     ",
        "...            ------   ",
        "...  i-''-i    O,-CC-   ",
        "...  -S''n-    -n'''-   ",
        "...]]''''''    ------   ",
        "...]]''''''             ",
        "...  -n''h-             ",
        "...  i-''-i    ------   ",
        "...            O'iCC-   ",
        "...            -n'''-   ",
        "...  $----     ------   ",
        "...   +'C-              ",
        "...  $----              ",
        "...                     "
      ],
      "terrain": {
        ".": "t_pavement",
        "]": "t_sidewalk",
        "o": [ "t_iron_gate_o", "t_iron_gate_c", "t_iron_gate_c" ],
        "O": [ "t_iron_gate_l", "t_iron_gate_l", "t_iron_gate_c", "t_iron_gate_c", "t_iron_gate_o" ],
        "_": "t_wall",
        ",": "t_floor",
        "'": "t_rock_floor",
        "+": [ "t_door_locked", "t_door_locked", "t_door_locked", "t_door_locked", "t_door_locked", "t_door_c" ],
        "0": "t_window",
        "-": "t_rock_smooth",
        "i": "t_column",
        " ": [ "t_dirt", "t_dirt", "t_grass", "t_grass", "t_grass" ],
        "$": [ "t_shrub", "t_shrub", "t_shrub", "t_tree_young" ]
      },
      "furniture": { "f": "f_rack", "S": "f_statue", "n": "f_slab", "C": "f_coffin_c" },
      "place_loot": [ { "item": "shovel", "chance": 35, "x": 12, "y": 7 } ],
      "place_items": [
        { "item": "grave_memories", "chance": 75, "x": 12, "y": 7 },
        { "item": "coffin_human", "chance": 85, "x": 18, "y": 7, "repeat": [ 2, 5 ] },
        { "item": "coffin_human", "chance": 85, "x": 20, "y": 7, "repeat": [ 2, 5 ] },
        { "item": "coffin_human", "chance": 85, "x": 8, "y": 21, "repeat": [ 2, 5 ] },
        { "item": "coffin_human", "chance": 85, "x": 18, "y": 12, "repeat": [ 2, 5 ] },
        { "item": "coffin_human", "chance": 85, "x": 19, "y": 12, "repeat": [ 2, 5 ] },
        { "item": "coffin_human", "chance": 85, "x": 18, "y": 18, "repeat": [ 2, 5 ] },
        { "item": "coffin_human", "chance": 85, "x": 19, "y": 18, "repeat": [ 2, 5 ] }
      ]
    }
  },
  {
    "type": "mapgen",
    "om_terrain": [ "cemetery_large_22" ],
    "method": "json",
    "weight": 100,
    "object": {
      "fill_ter": "t_rock_floor",
      "rows": [
        "........................",
        "........................",
        "........................",
        "                        ",
        "  #o##     S  n ##O# #O#",
        "  #''# #'# --O- #C'# #'#",
        "  #Sn# #n# -C'- #C'# #S#",
        "  #### ### ---- #### ###",
        "                        ",
        "                        ",
        "  ------  ------  ------",
        "  -CCCC-  -CnSC-  -C''C-",
        "  -C''n-  -n''C-  -CSS'-",
        "  -C''n-  -C''C-  -n''C-",
        "  --++--  --++--  --++--",
        "    ]]      ]]      ]]  ",
        "        $$      $$      ",
        "    ]]      ]]      ]]  ",
        "  --++--  --++--  --++--",
        "  -''''-  -S''S-  -C''C-",
        "  -'nn'-  -C''C-  -CCCC-",
        "  -''''-  -C''C-  -S--S-",
        "  -CCCC-  -CCCC-  -'CC'-",
        "  ------  ------  ------"
      ],
      "terrain": {
        ".": "t_pavement",
        "]": "t_sidewalk",
        "#": "t_rock_wall",
        "o": [ "t_iron_gate_o", "t_iron_gate_c", "t_iron_gate_c" ],
        "O": [ "t_iron_gate_l", "t_iron_gate_l", "t_iron_gate_c", "t_iron_gate_c", "t_iron_gate_o" ],
        "_": "t_wall",
        ",": "t_floor",
        "'": "t_rock_floor",
        "+": [ "t_door_locked", "t_door_locked", "t_door_locked", "t_door_locked", "t_door_locked", "t_door_c" ],
        "0": "t_window_domestic",
        "G": [ "t_window_stained_green", "t_window_stained_green", "t_window_stained_red", "t_window_stained_blue" ],
        "-": "t_rock_smooth",
        "i": "t_column",
        " ": [ "t_dirt", "t_dirt", "t_grass", "t_grass", "t_grass" ],
        "$": [ "t_shrub", "t_shrub", "t_shrub", "t_tree_young" ]
      },
      "furniture": { "S": "f_statue", "n": "f_slab", "C": "f_coffin_c" },
      "place_items": [
        { "item": "grave_memories", "chance": 75, "x": 4, "y": 6 },
        { "item": "grave_memories", "chance": 35, "x": [ 4, 5 ], "y": 20 },
        { "item": "stash_drugs", "chance": 20, "x": [ 20, 21 ], "y": 22, "repeat": [ 1, 2 ] },
        { "item": "guns_shotgun_obscure", "chance": 10, "x": [ 20, 21 ], "y": 22 },
        { "item": "guns_rifle_obscure", "chance": 10, "x": [ 20, 21 ], "y": 22 },
        { "item": "guns_smg_obscure", "chance": 10, "x": [ 20, 21 ], "y": 22 },
        { "item": "guns_pistol_obscure", "chance": 10, "x": [ 20, 21 ], "y": 22 },
        { "item": "coffin_human", "chance": 85, "x": 3, "y": 11, "repeat": [ 2, 5 ] },
        { "item": "coffin_human", "chance": 85, "x": 3, "y": 12, "repeat": [ 2, 5 ] },
        { "item": "coffin_human", "chance": 85, "x": 3, "y": 13, "repeat": [ 2, 5 ] },
        { "item": "coffin_human", "chance": 85, "x": 3, "y": 22, "repeat": [ 2, 5 ] },
        { "item": "coffin_human", "chance": 85, "x": 4, "y": 11, "repeat": [ 2, 5 ] },
        { "item": "coffin_human", "chance": 85, "x": 4, "y": 22, "repeat": [ 2, 5 ] },
        { "item": "coffin_human", "chance": 85, "x": 5, "y": 11, "repeat": [ 2, 5 ] },
        { "item": "coffin_human", "chance": 85, "x": 5, "y": 22, "repeat": [ 2, 5 ] },
        { "item": "coffin_human", "chance": 85, "x": 6, "y": 11, "repeat": [ 2, 5 ] },
        { "item": "coffin_human", "chance": 85, "x": 6, "y": 22, "repeat": [ 2, 5 ] },
        { "item": "coffin_human", "chance": 85, "x": 11, "y": 11, "repeat": [ 2, 5 ] },
        { "item": "coffin_human", "chance": 85, "x": 11, "y": 13, "repeat": [ 2, 5 ] },
        { "item": "coffin_human", "chance": 85, "x": 11, "y": 20, "repeat": [ 2, 5 ] },
        { "item": "coffin_human", "chance": 85, "x": 11, "y": 21, "repeat": [ 2, 5 ] },
        { "item": "coffin_human", "chance": 85, "x": 11, "y": 22, "repeat": [ 2, 5 ] },
        { "item": "coffin_human", "chance": 85, "x": 12, "y": 6, "repeat": [ 2, 5 ] },
        { "item": "coffin_human", "chance": 85, "x": 12, "y": 22, "repeat": [ 2, 5 ] },
        { "item": "coffin_human", "chance": 85, "x": 13, "y": 22, "repeat": [ 2, 5 ] },
        { "item": "coffin_human", "chance": 85, "x": 14, "y": 11, "repeat": [ 2, 5 ] },
        { "item": "coffin_human", "chance": 85, "x": 14, "y": 12, "repeat": [ 2, 5 ] },
        { "item": "coffin_human", "chance": 85, "x": 14, "y": 13, "repeat": [ 2, 5 ] },
        { "item": "coffin_human", "chance": 85, "x": 14, "y": 20, "repeat": [ 2, 5 ] },
        { "item": "coffin_human", "chance": 85, "x": 14, "y": 21, "repeat": [ 2, 5 ] },
        { "item": "coffin_human", "chance": 85, "x": 14, "y": 22, "repeat": [ 2, 5 ] },
        { "item": "coffin_human", "chance": 85, "x": 17, "y": 5, "repeat": [ 2, 5 ] },
        { "item": "coffin_human", "chance": 85, "x": 17, "y": 6, "repeat": [ 2, 5 ] },
        { "item": "coffin_human", "chance": 85, "x": 19, "y": 11, "repeat": [ 2, 5 ] },
        { "item": "coffin_human", "chance": 85, "x": 19, "y": 12, "repeat": [ 2, 5 ] },
        { "item": "coffin_human", "chance": 85, "x": 19, "y": 19, "repeat": [ 2, 5 ] },
        { "item": "coffin_human", "chance": 85, "x": 19, "y": 20, "repeat": [ 2, 5 ] },
        { "item": "coffin_human", "chance": 85, "x": 20, "y": 20, "repeat": [ 2, 5 ] },
        { "item": "coffin_human", "chance": 85, "x": 20, "y": 22, "repeat": [ 2, 5 ] },
        { "item": "coffin_human", "chance": 85, "x": 21, "y": 20, "repeat": [ 2, 5 ] },
        { "item": "coffin_human", "chance": 85, "x": 21, "y": 22, "repeat": [ 2, 5 ] },
        { "item": "coffin_human", "chance": 85, "x": 22, "y": 11, "repeat": [ 2, 5 ] },
        { "item": "coffin_human", "chance": 85, "x": 22, "y": 13, "repeat": [ 2, 5 ] },
        { "item": "coffin_human", "chance": 85, "x": 22, "y": 19, "repeat": [ 2, 5 ] },
        { "item": "coffin_human", "chance": 85, "x": 22, "y": 20, "repeat": [ 2, 5 ] }
      ]
    }
  },
  {
    "type": "mapgen",
    "om_terrain": [ "cemetery_large_32" ],
    "method": "json",
    "weight": 100,
    "object": {
      "fill_ter": "t_floor",
      "rows": [
        "........................",
        "........................",
        "........................",
        "                        ",
        " _,,_ _,,,_ _o_ _o_ _O_ ",
        " _,,_ _h^g_ _n_ _,_ _S_ ",
        " _Sn_ _____ ___ ___ ___ ",
        " ____                   ",
        "                        ",
        "  ------  ---GGGG---    ",
        "  -Z'zz-  -S,,CC,,S-    ",
        "  GN''z-  -,,MnnM,,-    ",
        "  GN''z-  -C,,,,,,C-    ",
        "  -'''z-  -CCi++inC-    ",
        "  --++--  --G-++-G--    ",
        "    ]]        ]]        ",
        "$$      $$          $$  ",
        "    ]]        ]]        ",
        "  ii++ii  --G-++-G--    ",
        "  iU''Ui  -CM,,,,MC-    ",
        "  -z''z-  G,,,,,,,,G    ",
        "  -z''z-  G,,inni,,G    ",
        "  -zzzz-  -n,,CC,,n-    ",
        "  ------  ----GG----    "
      ],
      "terrain": {
        ".": "t_pavement",
        "]": "t_sidewalk",
        "#": "t_rock_wall",
        "o": [ "t_iron_gate_o", "t_iron_gate_c", "t_iron_gate_c" ],
        "O": [ "t_iron_gate_l", "t_iron_gate_l", "t_iron_gate_c", "t_iron_gate_c", "t_iron_gate_o" ],
        "_": "t_wall",
        ",": "t_floor",
        "'": "t_rock_floor",
        "+": [ "t_door_locked", "t_door_locked", "t_door_locked", "t_door_locked", "t_door_locked", "t_door_c" ],
        "G": [ "t_window_stained_green", "t_window_stained_green", "t_window_stained_red", "t_window_stained_blue" ],
        "-": "t_rock_smooth",
        "i": "t_column",
        " ": [ "t_dirt", "t_dirt", "t_grass", "t_grass", "t_grass" ],
        "$": [ "t_shrub", "t_shrub", "t_shrub", "t_underbrush", "t_underbrush", "t_tree_young" ],
        "z": "t_rock_floor",
        "N": "t_rock_floor",
        "Z": "t_rock_floor",
        "U": "t_rock_floor"
      },
      "furniture": {
        "S": "f_statue",
        "n": "f_slab",
        "C": "f_coffin_c",
        "z": "f_coffin_c",
        "N": "f_slab",
        "Z": "f_counter",
        "U": "f_statue"
      },
      "place_items": [
        { "item": "grave_memories", "chance": 25, "x": [ 14, 15 ], "y": 21 },
        { "item": "grave_memories", "chance": 50, "x": 7, "y": 6 },
        { "item": "coffin_human", "chance": 85, "x": 3, "y": 20, "repeat": [ 2, 5 ] },
        { "item": "coffin_human", "chance": 85, "x": 3, "y": 21, "repeat": [ 2, 5 ] },
        { "item": "coffin_human", "chance": 85, "x": 3, "y": 22, "repeat": [ 2, 5 ] },
        { "item": "coffin_human", "chance": 85, "x": 4, "y": 22, "repeat": [ 2, 5 ] },
        { "item": "coffin_human", "chance": 85, "x": 5, "y": 10, "repeat": [ 2, 5 ] },
        { "item": "coffin_human", "chance": 85, "x": 5, "y": 22, "repeat": [ 2, 5 ] },
        { "item": "coffin_human", "chance": 85, "x": 6, "y": 10, "repeat": [ 2, 5 ] },
        { "item": "coffin_human", "chance": 85, "x": 6, "y": 11, "repeat": [ 2, 5 ] },
        { "item": "coffin_human", "chance": 85, "x": 6, "y": 12, "repeat": [ 2, 5 ] },
        { "item": "coffin_human", "chance": 85, "x": 6, "y": 20, "repeat": [ 2, 5 ] },
        { "item": "coffin_human", "chance": 85, "x": 6, "y": 21, "repeat": [ 2, 5 ] },
        { "item": "coffin_human", "chance": 85, "x": 6, "y": 22, "repeat": [ 2, 5 ] },
        { "item": "coffin_human", "chance": 85, "x": 11, "y": 12, "repeat": [ 2, 5 ] },
        { "item": "coffin_human", "chance": 85, "x": 11, "y": 13, "repeat": [ 2, 5 ] },
        { "item": "coffin_human", "chance": 85, "x": 11, "y": 19, "repeat": [ 2, 5 ] },
        { "item": "coffin_human", "chance": 85, "x": 12, "y": 13, "repeat": [ 2, 5 ] },
        { "item": "coffin_human", "chance": 85, "x": 14, "y": 10, "repeat": [ 2, 5 ] },
        { "item": "coffin_human", "chance": 85, "x": 14, "y": 22, "repeat": [ 2, 5 ] },
        { "item": "coffin_human", "chance": 85, "x": 15, "y": 10, "repeat": [ 2, 5 ] },
        { "item": "coffin_human", "chance": 85, "x": 15, "y": 22, "repeat": [ 2, 5 ] },
        { "item": "coffin_human", "chance": 85, "x": 18, "y": 12, "repeat": [ 2, 5 ] },
        { "item": "coffin_human", "chance": 85, "x": 18, "y": 13, "repeat": [ 2, 5 ] },
        { "item": "coffin_human", "chance": 85, "x": 18, "y": 19, "repeat": [ 2, 5 ] }
      ],
      "place_loot": [
        { "item": "pointy_stick", "chance": 65, "x": [ 14, 15 ], "y": [ 21, 21 ] },
        { "item": "locket_lucy", "chance": 65, "x": [ 14, 15 ], "y": [ 21, 21 ] },
        { "item": "corpse", "chance": 65, "x": [ 14, 15 ], "y": [ 21, 21 ] }
      ]
    }
  },
  {
    "type": "mapgen",
    "om_terrain": [ "cemetery_large_42" ],
    "method": "json",
    "weight": 100,
    "object": {
      "fill_ter": "t_dirt",
      "rows": [
        "........................",
        "........................",
        "........................",
        "                     ...",
        " __+_ _+_ _o_ ___O__ ...",
        " _n,_ _,_ _S_ _n,,,0 ...",
        " _C,_ _T_ ___ _,SSn_ ...",
        " ____ ___     ______ ...",
        "                     ...",
        "                     ...",
        "  M M g g g g g g h  ...",
        "                     ...",
        "  S g g S g g g g h  ...",
        "                     ...",
        "  M M g g g h h g g  ...",
        "                     ...",
        "                     ...",
        "                     ...",
        "                     ...",
        "  M g h g g g g g g  ...",
        "                     ...",
        "  g g g h g g g h h  ...",
        "                     ...",
        "  M g g g g g h g h  ..."
      ],
      "terrain": {
        ".": "t_pavement",
        "o": [ "t_iron_gate_o", "t_iron_gate_c", "t_iron_gate_c" ],
        "O": [ "t_iron_gate_l", "t_iron_gate_l", "t_iron_gate_c", "t_iron_gate_c", "t_iron_gate_o" ],
        "_": "t_wall",
        ",": "t_floor",
        "+": [ "t_door_locked", "t_door_locked", "t_door_locked", "t_door_locked", "t_door_locked", "t_door_c" ],
        "0": "t_window_domestic",
        "-": "t_rock_smooth",
        " ": [ "t_dirt", "t_dirt", "t_grass", "t_grass", "t_grass" ],
        "T": "t_floor",
        "S": "t_floor",
        "C": "t_floor",
        "n": "t_floor"
      },
      "furniture": {
        "T": "f_table",
        "n": "f_slab",
        "C": "f_coffin_c",
        "g": [
          "f_grave_head",
          "f_grave_head",
          "f_grave_head",
          "f_grave_stone",
          "f_grave_stone",
          "f_grave_stone",
          "f_grave_stone",
          "f_grave_stone",
          "f_grave_stone_old",
          "f_statue"
        ],
        "^": [
          "f_grave_head",
          "f_grave_stone",
          "f_grave_stone",
          "f_grave_stone",
          "f_grave_stone",
          "f_grave_stone",
          "f_grave_stone",
          "f_grave_stone",
          "f_grave_stone",
          "f_statue"
        ],
        "M": "f_grave_monument",
        "h": "f_grave_head",
        "S": [ "f_statue", "f_statue", "f_statue", "f_grave_stone_old", "f_slab", "f_grave_monument" ]
      },
      "place_items": [
        { "item": "grave_memories", "chance": 10, "x": [ 0, 18 ], "y": [ 10, 23 ] },
        { "item": "grave_memories", "chance": 50, "x": 7, "y": 6 },
        { "item": "coffin_human", "chance": 85, "x": 2, "y": 6, "repeat": [ 2, 5 ] }
      ],
      "items": { "C": { "item": "coffin_human", "repeat": [ 2, 12 ] } }
    }
  },
  {
    "type": "mapgen",
    "om_terrain": [ "cemetery_large_52" ],
    "method": "json",
    "weight": 100,
    "object": {
      "fill_ter": "t_dirt",
      "rows": [
        "..............     $/   ",
        "..............     $/   ",
        "..............     $/   ",
        "                   $/   ",
        "                   $/   ",
        "  M  S  g  g  ^    $/   ",
        "                   $/   ",
        "                   $/   ",
        "  S  ^  ^  g  ^    $/   ",
        "                   $/   ",
        "                   $/   ",
        "  M  S  g  ^  g    $/   ",
        "                   $/   ",
        "                   $/   ",
        "  M  ^  g  g  g    $/   ",
        "                   $/   ",
        "                   $/   ",
        "  S  M  ^  ^  ^    $/   ",
        "                   $/   ",
        "                   $/   ",
        "  g  g  g  g  ^    $/   ",
        "                   $/   ",
        "                   $/   ",
        "  M  g  g  S  g    $/   "
      ],
      "terrain": {
        ".": "t_pavement",
        "/": [
          "t_iron_fence",
          "t_iron_fence",
          "t_iron_fence",
          "t_iron_fence",
          "t_iron_fence",
          "t_iron_fence",
          "t_iron_fence",
          "t_iron_fence",
          "t_iron_fence",
          "t_iron_fence",
          "t_iron_fence",
          "t_iron_fence",
          "t_iron_fence",
          "t_iron_fence",
          "t_iron_fence",
          "t_iron_fence",
          "t_iron_fence",
          "t_iron_fence",
          "t_iron_fence",
          "t_iron_fence",
          "t_iron_fence",
          "t_iron_fence",
          "t_iron_fence",
          "t_iron_fence",
          "t_iron_fence",
          "t_iron_fence",
          "t_iron_fence",
          "t_iron_fence",
          "t_iron_fence",
          "t_iron_fence",
          "t_iron_fence",
          "t_iron_fence",
          "t_iron_fence",
          "t_iron_fence",
          "t_iron_fence",
          "t_iron_fence",
          "t_iron_fence_posts"
        ],
        " ": [ "t_dirt", "t_dirt", "t_grass", "t_grass", "t_grass" ],
        "$": [ "t_shrub", "t_shrub", "t_shrub", "t_underbrush", "t_underbrush", "t_tree_young" ]
      },
      "furniture": {
        "g": [
          "f_grave_head",
          "f_grave_head",
          "f_grave_head",
          "f_grave_stone",
          "f_grave_stone",
          "f_grave_stone",
          "f_grave_stone",
          "f_grave_stone",
          "f_grave_stone_old",
          "f_statue"
        ],
        "^": [
          "f_grave_head",
          "f_grave_stone",
          "f_grave_stone",
          "f_grave_stone",
          "f_grave_stone",
          "f_grave_stone",
          "f_grave_stone",
          "f_grave_stone",
          "f_grave_stone",
          "f_statue"
        ],
        "M": "f_grave_monument",
        "S": [ "f_statue", "f_statue", "f_statue", "f_grave_stone_old", "f_slab", "f_grave_monument" ]
      },
      "place_items": [ { "item": "grave_memories", "chance": 5, "x": [ 0, 14 ], "y": [ 5, 23 ] } ]
    }
  },
  {
    "type": "mapgen",
    "om_terrain": [ "cemetery_large_03" ],
    "method": "json",
    "weight": 100,
    "object": {
      "fill_ter": "t_dirt",
      "rows": [
        "   /$                   ",
        "   /$    g g h g g g g  ",
        "   /$                   ",
        "   /$    ^ ^ g g g ^ g  ",
        "   /$                   ",
        "   /$    ^ ^ ^ ^ ^ g g  ",
        "   /$                   ",
        "   /$    ^ ^ ^ ^ ^ ^ ^  ",
        "   /$                   ",
        "   /$    ^ ^ ^ ^ ^ ^ ^  ",
        "   /$                   ",
        "   /$    ^ ^ ^ ^ ^ ^ ^  ",
        "   /$                   ",
        "   /$    ^ ^ ^ ^ ^ ^ ^  ",
        "   /$                   ",
        "   /$    ^ ^ ^ ^ ^ ^ ^  ",
        "   /$                   ",
        "   /$    ^ ^ ^ ^ ^ ^ ^  ",
        "   /$                   ",
        "   /$    ^ ^ ^ ^ ^ ^ ^  ",
        "   /$                   ",
        "   /$    ^ ^ ^ ^ ^ ^ ^  ",
        "   /$                   ",
        "   /$    ^ ^ ^ ^ ^ ^ ^  "
      ],
      "terrain": {
        "/": [
          "t_iron_fence",
          "t_iron_fence",
          "t_iron_fence",
          "t_iron_fence",
          "t_iron_fence",
          "t_iron_fence",
          "t_iron_fence",
          "t_iron_fence",
          "t_iron_fence",
          "t_iron_fence",
          "t_iron_fence",
          "t_iron_fence",
          "t_iron_fence",
          "t_iron_fence",
          "t_iron_fence",
          "t_iron_fence",
          "t_iron_fence",
          "t_iron_fence",
          "t_iron_fence",
          "t_iron_fence",
          "t_iron_fence",
          "t_iron_fence",
          "t_iron_fence",
          "t_iron_fence",
          "t_iron_fence",
          "t_iron_fence",
          "t_iron_fence",
          "t_iron_fence",
          "t_iron_fence",
          "t_iron_fence",
          "t_iron_fence",
          "t_iron_fence",
          "t_iron_fence",
          "t_iron_fence",
          "t_iron_fence",
          "t_iron_fence",
          "t_iron_fence_posts"
        ],
        " ": [ "t_dirt", "t_dirt", "t_grass", "t_grass", "t_grass" ],
        "$": [ "t_shrub", "t_shrub", "t_shrub", "t_underbrush", "t_underbrush", "t_tree_young" ]
      },
      "furniture": {
        "g": [
          "f_grave_head",
          "f_grave_head",
          "f_grave_head",
          "f_grave_stone",
          "f_grave_stone",
          "f_grave_stone",
          "f_grave_stone",
          "f_grave_stone",
          "f_grave_stone_old",
          "f_statue"
        ],
        "^": [
          "f_grave_head",
          "f_grave_stone",
          "f_grave_stone",
          "f_grave_stone",
          "f_grave_stone",
          "f_grave_stone",
          "f_grave_stone",
          "f_grave_stone",
          "f_grave_stone",
          "f_statue"
        ]
      },
      "place_items": [ { "item": "grave_memories", "chance": 35, "x": [ 10, 23 ], "y": [ 0, 23 ], "repeat": [ 1, 2 ] } ]
    }
  },
  {
    "type": "mapgen",
    "om_terrain": [ "cemetery_large_13" ],
    "method": "json",
    "weight": 100,
    "object": {
      "fill_ter": "t_dirt",
      "rows": [
        "...                     ",
        "...                     ",
        "... h g g g g ^ ^ ^ ^ ^ ",
        "...                     ",
        "... h g ^ ^ ^ ^ ^ ^ ^ ^ ",
        "...                     ",
        "... h ^ ^ ^ ^ ^ ^ ^ ^ ^ ",
        "...                     ",
        "... h ^ ^ ^ ^ ^ ^ ^ ^ ^ ",
        "...                     ",
        "...   ^ ^ ^ ^ ^ ^ ^ ^ ^ ",
        "...                     ",
        "... h ^ ^ ^ ^ ^ ^ ^ ^ ^ ",
        "...                     ",
        "... h ^ ^ ^ ^ ^ ^ ^ g g ",
        "...                     ",
        "...   ^ ^ ^ ^ ^ ^ g g ^ ",
        "...                     ",
        "...   ^ ^ ^ ^ ^ ^ g ^ ^ ",
        "...                     ",
        "... h ^ ^ ^ ^ ^ ^ ^ g g ",
        "...                     ",
        "... h ^ ^ ^ ^ ^ ^ ^ ^ g ",
        "...                     "
      ],
      "terrain": { ".": "t_pavement", " ": [ "t_dirt", "t_dirt", "t_grass", "t_grass", "t_grass" ] },
      "furniture": {
        "g": [
          "f_grave_head",
          "f_grave_head",
          "f_grave_head",
          "f_grave_stone",
          "f_grave_stone",
          "f_grave_stone",
          "f_grave_stone",
          "f_grave_stone",
          "f_grave_stone_old",
          "f_statue"
        ],
        "h": "f_grave_head",
        "^": [
          "f_grave_head",
          "f_grave_stone",
          "f_grave_stone",
          "f_grave_stone",
          "f_grave_stone",
          "f_grave_stone",
          "f_grave_stone",
          "f_grave_stone",
          "f_grave_stone",
          "f_statue"
        ]
      },
      "place_items": [ { "item": "grave_memories", "chance": 30, "x": [ 4, 23 ], "y": [ 0, 23 ], "repeat": [ 1, 2 ] } ]
    }
  },
  {
    "type": "mapgen",
    "om_terrain": [ "cemetery_large_23" ],
    "method": "json",
    "weight": 100,
    "object": {
      "fill_ter": "t_dirt",
      "rows": [
        "                        ",
        "                        ",
        "^ g g ^ ^ ^ ^ ^ g g g g ",
        "                        ",
        "^ g g g ^ ^ ^ ^ ^ g g ^ ",
        "                        ",
        "^ ^ g ^ ^ ^ ^ ^ ^ g g ^ ",
        "                        ",
        "^ ^ ^ g g ^ ^ ^ g ^ g g ",
        "                        ",
        "^ ^ ^ ^ g ^ ^ ^ ^ ^ ^ ^ ",
        "                        ",
        "^ ^ ^ ^ ^ ^ ^ ^ ^ ^ ^ ^ ",
        "                        ",
        "^ g ^ ^ ^ ^ ^ g ^ ^ ^ ^ ",
        "                        ",
        "^ g ^ g ^ ^ g g ^ ^ ^ ^ ",
        "                        ",
        "^ ^ ^ g ^ ^ ^ ^ ^ ^ ^ ^ ",
        "                        ",
        "^ ^ g ^ ^ ^ ^ ^ ^ ^ ^ ^ ",
        "                        ",
        "^ ^ g ^ ^ ^ ^ ^ ^ ^ ^ ^ ",
        "                        "
      ],
      "terrain": { " ": [ "t_dirt", "t_dirt", "t_grass", "t_grass", "t_grass" ] },
      "furniture": {
        "g": [
          "f_grave_head",
          "f_grave_head",
          "f_grave_head",
          "f_grave_stone",
          "f_grave_stone",
          "f_grave_stone",
          "f_grave_stone",
          "f_grave_stone",
          "f_grave_stone_old",
          "f_statue"
        ],
        "^": [
          "f_grave_head",
          "f_grave_stone",
          "f_grave_stone",
          "f_grave_stone",
          "f_grave_stone",
          "f_grave_stone",
          "f_grave_stone",
          "f_grave_stone",
          "f_grave_stone",
          "f_statue"
        ]
      },
      "place_items": [ { "item": "grave_memories", "chance": 30, "x": [ 0, 23 ], "y": [ 0, 23 ], "repeat": [ 1, 2 ] } ]
    }
  },
  {
    "type": "mapgen",
    "om_terrain": [ "cemetery_large_33" ],
    "method": "json",
    "weight": 100,
    "object": {
      "fill_ter": "t_dirt",
      "rows": [
        "                        ",
        "                        ",
        " g ^ ^ ^ ^ ^ ^ ^ ^ ^ ^  ",
        "                        ",
        " g g ^ ^ ^ ^ ^ ^ ^ ^ ^  ",
        "                        ",
        " g g ^ ^ ^ ^ ^ ^ ^ ^ ^  ",
        "                        ",
        " g g g g ^ ^ ^ ^ ^ ^ ^  ",
        "                        ",
        " g g g ^ ^ ^ ^ ^ ^ ^ ^  ",
        "                        ",
        " ^ g g ^ ^ ^ ^ ^ ^ ^ ^  ",
        "                        ",
        " ^ g ^ ^ ^ ^ ^ ^ ^ ^ ^  ",
        "                        ",
        " ^ ^ ^ ^ ^ ^ ^ ^ ^ ^ ^  ",
        "                        ",
        " ^ ^ ^ ^ ^ ^ ^ ^ ^ ^ ^  ",
        "                        ",
        " ^ ^ ^ ^ ^ ^ ^ ^ ^ ^ ^  ",
        "                        ",
        " ^ ^ ^ ^ ^ ^ ^ ^ ^ ^ ^  ",
        "                        "
      ],
      "terrain": { " ": [ "t_dirt", "t_dirt", "t_grass", "t_grass", "t_grass" ] },
      "furniture": {
        "g": [
          "f_grave_head",
          "f_grave_head",
          "f_grave_head",
          "f_grave_stone",
          "f_grave_stone",
          "f_grave_stone",
          "f_grave_stone",
          "f_grave_stone",
          "f_grave_stone_old",
          "f_statue"
        ],
        "^": [
          "f_grave_head",
          "f_grave_stone",
          "f_grave_stone",
          "f_grave_stone",
          "f_grave_stone",
          "f_grave_stone",
          "f_grave_stone",
          "f_grave_stone",
          "f_grave_stone",
          "f_statue"
        ]
      },
      "place_items": [ { "item": "grave_memories", "chance": 30, "x": [ 0, 23 ], "y": [ 0, 23 ], "repeat": [ 1, 2 ] } ]
    }
  },
  {
    "type": "mapgen",
    "om_terrain": [ "cemetery_large_43" ],
    "method": "json",
    "weight": 100,
    "object": {
      "fill_ter": "t_floor",
      "rows": [
        "                     ...",
        "                     ...",
        "    SN      ]]]]]]bb ...",
        "    SN      ]]Mn]]]]]...",
        "         $  ]]Mn]]]]]...",
        "    77  $i$ ]]]]]]bb ...",
        "         $           ...",
        "  #################$ ...",
        "  #,_n_n_n_n_n____#$ ...",
        "  #__,_,_,_,_,_nn_A$ ...",
        "  #n,,,,,,,,,,,,,,A$ ...",
        "  #__,,,,,,,,,,,,,#$ ...",
        "  #n,,,,,____i,i_,A$ ...",
        "  #__,,,,,n__n,n_,A$ ...",
        "  #n,,,,,____n,n_,#$ ...",
        "  #__,,,,,n__n,n_,A$ ...",
        "  #n,,,,,____i,i_,A$ ...",
        "  #__,,,,,,,,,,,,,d]]...",
        "  #n,,,,,,,,,,,,,,A$ ...",
        "  #__,_,_,_,_,_nn_A$ ...",
        "  #,_n_n_n_n_n____#$ ...",
        "  #################$ ...",
        "                     ...",
        "                     ..."
      ],
      "terrain": {
        ".": "t_pavement",
        "]": "t_sidewalk",
        "#": "t_rock_wall",
        "_": "t_wall",
        ",": "t_floor",
        "d": "t_door_glass_c",
        "A": "t_wall_glass_alarm",
        "i": "t_column",
        " ": [ "t_dirt", "t_dirt", "t_grass", "t_grass", "t_grass" ],
        "7": [ "t_tree", "t_tree", "t_tree_willow" ],
        "$": [ "t_shrub", "t_shrub", "t_shrub", "t_underbrush", "t_underbrush", "t_tree_young" ],
        "N": "t_dirt",
        "M": "t_dirt"
      },
      "furniture": { "b": "f_bench", "S": "f_statue", "n": "f_slab", "N": "f_slab", "M": "f_grave_monument" },
      "place_items": [ { "item": "grave_memories", "chance": 35, "x": [ 3, 17 ], "y": [ 8, 20 ], "repeat": [ 1, 3 ] } ],
      "place_loot": [ { "item": "american_flag", "chance": 2, "x": [ 9, 9 ], "y": [ 5, 5 ] } ]
    }
  },
  {
    "type": "mapgen",
    "om_terrain": [ "cemetery_large_53" ],
    "method": "json",
    "weight": 100,
    "object": {
      "fill_ter": "t_dirt",
      "rows": [
        "                   $/   ",
        "  g g g ^ ^ ^ ^    $/   ",
        "                   $/   ",
        "  g g g g ^ ^ ^    $/   ",
        "                   $/   ",
        "  g g ^ g ^ ^ ^    $/   ",
        "                   $/   ",
        "  ^ ^ ^ ^ ^ ^ ^    $/   ",
        "                   $/   ",
        "  ^ ^ g ^ ^ ^ ^    $/   ",
        "                   $/   ",
        "  g g g ^ ^ ^ ^    $/   ",
        "                   $/   ",
        "  g g ^ ^ ^ ^ ^    $/   ",
        "                   $/   ",
        "  ^ ^ g ^ ^ ^ ^    $/   ",
        "                   $/   ",
        "  g g g ^ ^ ^ ^    $/   ",
        "                   $/   ",
        "  g g ^ ^ ^ ^ ^    $/   ",
        "                   $/   ",
        "  ^ ^ g ^ ^ ^ ^    $/   ",
        "                   $/   ",
        "  ^ ^ ^ ^ ^ ^ ^    $/   "
      ],
      "terrain": {
        "/": [
          "t_iron_fence",
          "t_iron_fence",
          "t_iron_fence",
          "t_iron_fence",
          "t_iron_fence",
          "t_iron_fence",
          "t_iron_fence",
          "t_iron_fence",
          "t_iron_fence",
          "t_iron_fence",
          "t_iron_fence",
          "t_iron_fence",
          "t_iron_fence",
          "t_iron_fence",
          "t_iron_fence",
          "t_iron_fence",
          "t_iron_fence",
          "t_iron_fence",
          "t_iron_fence",
          "t_iron_fence",
          "t_iron_fence",
          "t_iron_fence",
          "t_iron_fence",
          "t_iron_fence",
          "t_iron_fence",
          "t_iron_fence",
          "t_iron_fence",
          "t_iron_fence",
          "t_iron_fence",
          "t_iron_fence",
          "t_iron_fence",
          "t_iron_fence",
          "t_iron_fence",
          "t_iron_fence",
          "t_iron_fence",
          "t_iron_fence",
          "t_iron_fence_posts"
        ],
        " ": [ "t_dirt", "t_dirt", "t_grass", "t_grass", "t_grass" ],
        "$": [ "t_shrub", "t_shrub", "t_shrub", "t_underbrush", "t_underbrush", "t_tree_young" ]
      },
      "furniture": {
        "g": [
          "f_grave_head",
          "f_grave_head",
          "f_grave_head",
          "f_grave_stone",
          "f_grave_stone",
          "f_grave_stone",
          "f_grave_stone",
          "f_grave_stone",
          "f_grave_stone_old",
          "f_statue"
        ],
        "^": [
          "f_grave_head",
          "f_grave_stone",
          "f_grave_stone",
          "f_grave_stone",
          "f_grave_stone",
          "f_grave_stone",
          "f_grave_stone",
          "f_grave_stone",
          "f_grave_stone",
          "f_statue"
        ]
      },
      "place_items": [ { "item": "grave_memories", "chance": 30, "x": [ 0, 14 ], "y": [ 0, 23 ], "repeat": [ 1, 2 ] } ]
    }
  },
  {
    "type": "mapgen",
    "om_terrain": [ "cemetery_large_04" ],
    "method": "json",
    "weight": 100,
    "object": {
      "fill_ter": "t_dirt",
      "rows": [
        "   /                    ",
        "   /$    ^ ^ ^ ^ ^ ^ ^  ",
        "   /$                   ",
        "   /$    ^ ^ ^ ^ ^ ^ ^  ",
        "   /$                   ",
        "   /$    ^ ^ ^ ^ ^ ^ ^  ",
        "   /$                   ",
        "   /$    ^ ^ ^ ^ ^ ^ ^  ",
        "   /$                   ",
        "   /$    ^ ^ ^ ^ ^ ^ ^  ",
        "   /$                   ",
        "   /$    ^ ^ ^ ^ ^ ^ ^  ",
        "   /$                   ",
        "   /$    ^ ^ ^ ^ ^ ^ ^  ",
        "   /$                   ",
        "   /$1                  ",
        "   /$1                  ",
        "   /$7                  ",
        "   /$77111111111111111  ",
        "   /$$$$$$$$$$$$$$$$$$$ ",
        "   /////////////////////",
        "                        ",
        "                        ",
        "                        "
      ],
      "terrain": {
        "/": [
          "t_iron_fence",
          "t_iron_fence",
          "t_iron_fence",
          "t_iron_fence",
          "t_iron_fence",
          "t_iron_fence",
          "t_iron_fence",
          "t_iron_fence",
          "t_iron_fence",
          "t_iron_fence",
          "t_iron_fence",
          "t_iron_fence",
          "t_iron_fence",
          "t_iron_fence",
          "t_iron_fence",
          "t_iron_fence",
          "t_iron_fence",
          "t_iron_fence",
          "t_iron_fence",
          "t_iron_fence",
          "t_iron_fence",
          "t_iron_fence",
          "t_iron_fence",
          "t_iron_fence",
          "t_iron_fence",
          "t_iron_fence",
          "t_iron_fence",
          "t_iron_fence",
          "t_iron_fence",
          "t_iron_fence",
          "t_iron_fence",
          "t_iron_fence",
          "t_iron_fence",
          "t_iron_fence",
          "t_iron_fence",
          "t_iron_fence",
          "t_iron_fence_posts"
        ],
        " ": [ "t_dirt", "t_dirt", "t_grass", "t_grass", "t_grass" ],
        "7": [ "t_tree", "t_tree", "t_tree_willow" ],
        "1": [ "t_tree_young", "t_tree_young", "t_tree_young", "t_tree_young", "t_tree", "t_shrub" ],
        "$": [ "t_shrub", "t_shrub", "t_shrub", "t_underbrush", "t_underbrush", "t_tree_young" ]
      },
      "furniture": {
        "^": [
          "f_grave_head",
          "f_grave_stone",
          "f_grave_stone",
          "f_grave_stone",
          "f_grave_stone",
          "f_grave_stone",
          "f_grave_stone",
          "f_grave_stone",
          "f_grave_stone",
          "f_statue"
        ]
      },
      "place_items": [ { "item": "grave_memories", "chance": 30, "x": [ 9, 21 ], "y": [ 0, 13 ], "repeat": [ 1, 2 ] } ]
    }
  },
  {
    "type": "mapgen",
    "om_terrain": [ "cemetery_large_14" ],
    "method": "json",
    "weight": 100,
    "object": {
      "fill_ter": "t_dirt",
      "rows": [
        "... h ^ ^ ^ ^ ^ ^ ^ ^ ^ ",
        "...                     ",
        "...   ^ ^ ^ ^ ^ ^ ^ ^ ^ ",
        "...                     ",
        "...   ^ ^ ^ ^ ^ ^ g g ^ ",
        "...                     ",
        "... h ^ ^ ^ ^ ^ ^ ^ g ^ ",
        "...                     ",
        "... h ^ ^ ^ ^ ^ ^ ^ ^ ^ ",
        "...                     ",
        "... h ^ ^ ^ ^ ^ ^ ^ ^ ^ ",
        "...                     ",
        "........................",
        "........................",
        "........................",
        "          .....         ",
        "          .....         ",
        "          .....         ",
        "111111111].....]11111111",
        "$$$$$$$$$].....]$$$$$$$$",
        "/////////].....]////////",
        "         .......        ",
        "         .......        ",
        "         .......        "
      ],
      "terrain": {
        ".": "t_pavement",
        "]": "t_sidewalk",
        "/": [
          "t_iron_fence",
          "t_iron_fence",
          "t_iron_fence",
          "t_iron_fence",
          "t_iron_fence",
          "t_iron_fence",
          "t_iron_fence",
          "t_iron_fence",
          "t_iron_fence",
          "t_iron_fence",
          "t_iron_fence",
          "t_iron_fence",
          "t_iron_fence",
          "t_iron_fence",
          "t_iron_fence",
          "t_iron_fence",
          "t_iron_fence",
          "t_iron_fence",
          "t_iron_fence",
          "t_iron_fence",
          "t_iron_fence",
          "t_iron_fence",
          "t_iron_fence",
          "t_iron_fence",
          "t_iron_fence",
          "t_iron_fence",
          "t_iron_fence",
          "t_iron_fence",
          "t_iron_fence",
          "t_iron_fence",
          "t_iron_fence",
          "t_iron_fence",
          "t_iron_fence",
          "t_iron_fence",
          "t_iron_fence",
          "t_iron_fence",
          "t_iron_fence_posts"
        ],
        " ": [ "t_dirt", "t_dirt", "t_grass", "t_grass", "t_grass" ],
        "1": [ "t_tree_young", "t_tree_young", "t_tree_young", "t_tree_young", "t_tree", "t_shrub" ],
        "$": [ "t_shrub", "t_shrub", "t_shrub", "t_underbrush", "t_underbrush", "t_tree_young" ]
      },
      "furniture": {
        "g": [
          "f_grave_head",
          "f_grave_head",
          "f_grave_head",
          "f_grave_stone",
          "f_grave_stone",
          "f_grave_stone",
          "f_grave_stone",
          "f_grave_stone",
          "f_grave_stone_old",
          "f_statue"
        ],
        "h": "f_grave_head",
        "^": [
          "f_grave_head",
          "f_grave_stone",
          "f_grave_stone",
          "f_grave_stone",
          "f_grave_stone",
          "f_grave_stone",
          "f_grave_stone",
          "f_grave_stone",
          "f_grave_stone",
          "f_statue"
        ]
      },
      "place_items": [ { "item": "grave_memories", "chance": 25, "x": [ 4, 23 ], "y": [ 0, 10 ] } ]
    }
  },
  {
    "type": "mapgen",
    "om_terrain": [ "cemetery_large_24" ],
    "method": "json",
    "weight": 100,
    "object": {
      "fill_ter": "t_dirt",
      "rows": [
        "^ ^ ^ ^ ^ ^ ^ ^ ^ ^ ^ ^ ",
        "                        ",
        "^ ^ ^ ^ ^ ^ ^ ^ ^ ^ ^ ^ ",
        "                        ",
        "^ ^ ^ ^ ^ ^ ^ ^ ^ ^ ^ ^ ",
        "                        ",
        "^ ^ ^ ^ ^ ^ ^ ^ ^ ^ ^ ^ ",
        "                        ",
        "^ ^ ^ ^ ^ ^ ^ ^ ^ ^ ^ ^ ",
        "                        ",
        "h h h   h h   h h h   h ",
        "                        ",
        "........................",
        "........................",
        "........................",
        "                        ",
        "                        ",
        "                        ",
        "111111111111111111111111",
        "$$$$$$$$$$$$$$$$$$$$$$$$",
        "////////////////////////",
        "                        ",
        "                        ",
        "                        "
      ],
      "terrain": {
        ".": "t_pavement",
        "/": [
          "t_iron_fence",
          "t_iron_fence",
          "t_iron_fence",
          "t_iron_fence",
          "t_iron_fence",
          "t_iron_fence",
          "t_iron_fence",
          "t_iron_fence",
          "t_iron_fence",
          "t_iron_fence",
          "t_iron_fence",
          "t_iron_fence",
          "t_iron_fence",
          "t_iron_fence",
          "t_iron_fence",
          "t_iron_fence",
          "t_iron_fence",
          "t_iron_fence",
          "t_iron_fence",
          "t_iron_fence",
          "t_iron_fence",
          "t_iron_fence",
          "t_iron_fence",
          "t_iron_fence",
          "t_iron_fence",
          "t_iron_fence",
          "t_iron_fence",
          "t_iron_fence",
          "t_iron_fence",
          "t_iron_fence",
          "t_iron_fence",
          "t_iron_fence",
          "t_iron_fence",
          "t_iron_fence",
          "t_iron_fence",
          "t_iron_fence",
          "t_iron_fence_posts"
        ],
        " ": [ "t_dirt", "t_dirt", "t_grass", "t_grass", "t_grass" ],
        "1": [ "t_tree_young", "t_tree_young", "t_tree_young", "t_tree_young", "t_tree", "t_shrub" ],
        "$": [ "t_shrub", "t_shrub", "t_shrub", "t_underbrush", "t_underbrush", "t_tree_young" ]
      },
      "furniture": {
        "h": "f_grave_head",
        "^": [
          "f_grave_head",
          "f_grave_stone",
          "f_grave_stone",
          "f_grave_stone",
          "f_grave_stone",
          "f_grave_stone",
          "f_grave_stone",
          "f_grave_stone",
          "f_grave_stone",
          "f_statue"
        ]
      },
      "place_items": [ { "item": "grave_memories", "chance": 35, "x": [ 0, 23 ], "y": [ 0, 10 ] } ]
    }
  },
  {
    "type": "mapgen",
    "om_terrain": [ "cemetery_large_34" ],
    "method": "json",
    "weight": 100,
    "object": {
      "fill_ter": "t_dirt",
      "rows": [
        "^ ^ ^ ^ ^ ^ ^ ^ ^ ^ ^ ^ ",
        "                        ",
        "^ ^ ^ ^ ^ ^ ^ ^ ^ ^ ^ ^ ",
        "                        ",
        "^ ^ ^ ^ ^ ^ ^ ^ ^ ^ ^ ^ ",
        "                        ",
        "^ ^ ^ ^ ^ ^ ^ ^ ^ ^ ^ ^ ",
        "                        ",
        "^ ^ ^ ^ ^ ^ ^ ^ ^ ^ ^ ^ ",
        "                        ",
        "h h   h h h h   h h h   ",
        "                        ",
        "........................",
        "........................",
        "........................",
        "                        ",
        "                        ",
        "                        ",
        "111111111111111111111111",
        "$$$$$$$$$$$$$$$$$$$$$$$$",
        "////////////////////////",
        "                        ",
        "                        ",
        "                        "
      ],
      "terrain": {
        ".": "t_pavement",
        "/": [
          "t_iron_fence",
          "t_iron_fence",
          "t_iron_fence",
          "t_iron_fence",
          "t_iron_fence",
          "t_iron_fence",
          "t_iron_fence",
          "t_iron_fence",
          "t_iron_fence",
          "t_iron_fence",
          "t_iron_fence",
          "t_iron_fence",
          "t_iron_fence",
          "t_iron_fence",
          "t_iron_fence",
          "t_iron_fence",
          "t_iron_fence",
          "t_iron_fence",
          "t_iron_fence",
          "t_iron_fence",
          "t_iron_fence",
          "t_iron_fence",
          "t_iron_fence",
          "t_iron_fence",
          "t_iron_fence",
          "t_iron_fence",
          "t_iron_fence",
          "t_iron_fence",
          "t_iron_fence",
          "t_iron_fence",
          "t_iron_fence",
          "t_iron_fence",
          "t_iron_fence",
          "t_iron_fence",
          "t_iron_fence",
          "t_iron_fence",
          "t_iron_fence_posts"
        ],
        " ": [ "t_dirt", "t_dirt", "t_grass", "t_grass", "t_grass" ],
        "1": [ "t_tree_young", "t_tree_young", "t_tree_young", "t_tree_young", "t_tree", "t_shrub" ],
        "$": [ "t_shrub", "t_shrub", "t_shrub", "t_underbrush", "t_underbrush", "t_tree_young" ]
      },
      "furniture": {
        "h": "f_grave_head",
        "^": [
          "f_grave_head",
          "f_grave_stone",
          "f_grave_stone",
          "f_grave_stone",
          "f_grave_stone",
          "f_grave_stone",
          "f_grave_stone",
          "f_grave_stone",
          "f_grave_stone",
          "f_statue"
        ]
      },
      "place_items": [ { "item": "grave_memories", "chance": 25, "x": [ 0, 23 ], "y": [ 0, 10 ] } ]
    }
  },
  {
    "type": "mapgen",
    "om_terrain": [ "cemetery_large_44" ],
    "method": "json",
    "weight": 100,
    "object": {
      "fill_ter": "t_dirt",
      "rows": [
        "                     ...",
        "                     ...",
        "g g g ^ ^ ^ ^ ^ ^ ^  ...",
        "                     ...",
        "g ^ ^ ^ ^ ^ ^ ^ ^ ^  ...",
        "                     ...",
        "^ ^ ^ ^ ^ ^ ^ ^ ^ ^  ...",
        "                     ...",
        "^ ^ ^ ^ ^ ^ ^ ^ ^ ^  ...",
        "                     ...",
        "h h   ^ ^ ^ ^ ^ ^ ^  ...",
        "                     ...",
        "........................",
        "........................",
        "........................",
        "          .....         ",
        "          .....         ",
        "          .....         ",
        "111111111].....]11111111",
        "$$$$$$$$$].....]$$$$$$$$",
        "/////////].....]////////",
        "         .......        ",
        "         .......        ",
        "         .......        "
      ],
      "terrain": {
        ".": "t_pavement",
        "]": "t_sidewalk",
        "/": [
          "t_iron_fence",
          "t_iron_fence",
          "t_iron_fence",
          "t_iron_fence",
          "t_iron_fence",
          "t_iron_fence",
          "t_iron_fence",
          "t_iron_fence",
          "t_iron_fence",
          "t_iron_fence",
          "t_iron_fence",
          "t_iron_fence",
          "t_iron_fence",
          "t_iron_fence",
          "t_iron_fence",
          "t_iron_fence",
          "t_iron_fence",
          "t_iron_fence",
          "t_iron_fence",
          "t_iron_fence",
          "t_iron_fence",
          "t_iron_fence",
          "t_iron_fence",
          "t_iron_fence",
          "t_iron_fence",
          "t_iron_fence",
          "t_iron_fence",
          "t_iron_fence",
          "t_iron_fence",
          "t_iron_fence",
          "t_iron_fence",
          "t_iron_fence",
          "t_iron_fence",
          "t_iron_fence",
          "t_iron_fence",
          "t_iron_fence",
          "t_iron_fence_posts"
        ],
        " ": [ "t_dirt", "t_dirt", "t_grass", "t_grass", "t_grass" ],
        "1": [ "t_tree_young", "t_tree_young", "t_tree_young", "t_tree_young", "t_tree", "t_shrub" ],
        "$": [ "t_shrub", "t_shrub", "t_shrub", "t_underbrush", "t_underbrush", "t_tree_young" ]
      },
      "furniture": {
        "g": [
          "f_grave_head",
          "f_grave_head",
          "f_grave_head",
          "f_grave_stone",
          "f_grave_stone",
          "f_grave_stone",
          "f_grave_stone",
          "f_grave_stone",
          "f_grave_stone_old",
          "f_statue"
        ],
        "h": "f_grave_head",
        "^": [
          "f_grave_head",
          "f_grave_stone",
          "f_grave_stone",
          "f_grave_stone",
          "f_grave_stone",
          "f_grave_stone",
          "f_grave_stone",
          "f_grave_stone",
          "f_grave_stone",
          "f_statue"
        ]
      },
      "place_items": [ { "item": "grave_memories", "chance": 25, "x": [ 0, 18 ], "y": [ 0, 10 ] } ]
    }
  },
  {
    "type": "mapgen",
    "om_terrain": [ "cemetery_large_54" ],
    "method": "json",
    "weight": 100,
    "object": {
      "fill_ter": "t_dirt",
      "rows": [
        "  ^ ^ ^ ^ ^ ^ ^    $/   ",
        "                   $/   ",
        "  ^ ^ ^ ^ ^ ^ ^    $/   ",
        "                   $/   ",
        "  ^ ^ ^ ^ ^ ^ ^    $/   ",
        "                   $/   ",
        "  ^ ^ ^ ^ ^ ^ ^    $/   ",
        "                   $/   ",
        "  ^ ^ ^ ^ ^ ^ ^    $/   ",
        "                   $/   ",
        "  ^ ^ ^ ^ ^ ^      $/   ",
        "                   $/   ",
        "  ^ ^ ^ ^ ^ ^      $/   ",
        "                   $/   ",
        "                   $/   ",
        "                  1$/   ",
        "                  7$/   ",
        "                  7$/   ",
        "  11111111111111177$/   ",
        " $$$$$$$$$$$$$$$$$$$/   ",
        "/////////////////////   ",
        "                        ",
        "                        ",
        "                        "
      ],
      "terrain": {
        "/": [
          "t_iron_fence",
          "t_iron_fence",
          "t_iron_fence",
          "t_iron_fence",
          "t_iron_fence",
          "t_iron_fence",
          "t_iron_fence",
          "t_iron_fence",
          "t_iron_fence",
          "t_iron_fence",
          "t_iron_fence",
          "t_iron_fence",
          "t_iron_fence",
          "t_iron_fence",
          "t_iron_fence",
          "t_iron_fence",
          "t_iron_fence",
          "t_iron_fence",
          "t_iron_fence",
          "t_iron_fence",
          "t_iron_fence",
          "t_iron_fence",
          "t_iron_fence",
          "t_iron_fence",
          "t_iron_fence",
          "t_iron_fence",
          "t_iron_fence",
          "t_iron_fence",
          "t_iron_fence",
          "t_iron_fence",
          "t_iron_fence",
          "t_iron_fence",
          "t_iron_fence",
          "t_iron_fence",
          "t_iron_fence",
          "t_iron_fence",
          "t_iron_fence_posts"
        ],
        " ": [ "t_dirt", "t_dirt", "t_grass", "t_grass", "t_grass" ],
        "7": [ "t_tree", "t_tree", "t_tree_willow" ],
        "1": [ "t_tree_young", "t_tree_young", "t_tree_young", "t_tree_young", "t_tree", "t_shrub" ],
        "$": [ "t_shrub", "t_shrub", "t_shrub", "t_underbrush", "t_underbrush", "t_tree_young" ]
      },
      "furniture": {
        "^": [
          "f_grave_head",
          "f_grave_stone",
          "f_grave_stone",
          "f_grave_stone",
          "f_grave_stone",
          "f_grave_stone",
          "f_grave_stone",
          "f_grave_stone",
          "f_grave_stone",
          "f_statue"
        ]
      },
      "place_items": [ { "item": "grave_memories", "chance": 25, "x": [ 1, 14 ], "y": [ 0, 12 ] } ]
    }
  }
]
