[

  {
    "id": "wxkj_cjzls",
    "type": "SPELL",
    "name": "初级治疗术",
    "description": "治疗目标的生命值.",
    "valid_targets": [ "self", "ally" ],
    "min_damage": -5,
    "max_damage": -25,
    "damage_increment": -1,
    "max_level": 20,
    "min_range": 1,
    "//":"刚学时徒手施法的时的距离",
    "max_range": 3,
    "//":"最大施法距离",
    "range_increment": 0.1,  
    "//":"每级增加的距离",
    "effect": "target_attack",
    "base_casting_time": 300,
    "//":"施法的时间",
    "casting_time_increment": -10,
    "//":"每级减少的施法时间",    
    "final_casting_time": 100,
    "//":"最少的施法消耗回合值",
    "base_energy_cost": 300,   
    "//":"施法的消耗",
    "energy_increment": -5,   
    "//":"每级减少的施法消耗值",
    "final_energy_cost": 150,
    "//":"最少的施法消耗值",
    "difficulty": 3,
    "energy_source": "MANA"
  },
  {
    "id": "wxkj_cjzls_book",
    "type": "GENERIC",
    "name": "《初级治疗术》",
    "description": "以强大的法力作为基础,恢复目标生物的生命值.",
    "weight": 585,
    "volume": 2,
    "price": 5000,
    "symbol": "?",
    "color": "light_green",
    "use_action": { "type": "learn_spell", "spells": [ "wxkj_cjzls" ] }
  },
  {
		"type" : "recipe",
		"result" : "wxkj_cjzls_book",
		"category" : "CC_无限商店",
		"subcategory": "CSC_无限商店_秘籍",
    "time": 100,
    "qualities": [ { "id": "INTERNET", "level": 1 } ],
    "reversible": false,
    "autolearn": true,
    "flags": ["BLIND_EASY"],
    "components": [
      [ [ "SKJB", 500 ] ]    
    ]
  }  
  
 ]