[
  {
    "id": "standing_stones_alien",
    "type": "item_group",
    "subtype": "collection",
    "items": [
      [ "holy_symbol", 4 ],
      [ "holy_symbol_wood", 3 ],
      [ "essay_book", 5 ],
      [ "poetry_book", 5 ],
      [ "philosophy_book", 1 ],
      [ "holybook_havamal", 6 ],
      [ "robe", 2 ],
      [ "tunic", 2 ],
	  [ "henshin_belt_false", 1]
    ]
  },
  {
    "type": "mapgen",
    "method": "json",
    "om_terrain": [ "standing_stones" ],
    "weight": 250,
    "object": {
      "rows": [
        "ffffffffffffffffffff..ff",
        ".ffffff....fffffffffff..",
        "ff.ffffffff.....o...fff.",
        "ff..f...ffffffff......ff",
        ".fff.o.........f....ffff",
        "f.....fff......fff....f.",
        "f......f........ff......",
        "ff....................o.",
        ".f.o........o...........",
        "...........zs...O.....ff",
        ".........ossssss.......f",
        ".......sssssssss.....fff",
        "fff..Ossss#sOsss.o.....f",
        "f......sssssssss.....o..",
        "........ossssssO.......f",
        "o.......ss..ss.........f",
        "fff.......o.............",
        "....................ffff",
        ".ff....................f",
        "f....o...............of.",
        "fff..................f..",
        "ffffffffff.....o...ffff.",
        "ff.f.f.f.f....fff..f.f.f",
        "ffffff..........ffffffff"
      ],
      "terrain": {
        "#": "t_dirt",
        ".": [ "t_grass", "t_grass", "t_grass", "t_dirt", "t_dirt" ],
        "O": "t_dirt",
        "f": [ "t_grass", "t_grass", "t_grass", "t_tree", "t_tree_young", "t_underbrush", "t_underbrush", "t_underbrush", "t_dirt" ],
        "o": "t_dirt",
		"z": "t_dirt",
        "s": "t_dirt"
      },
	  "set": [
		{ "point": "trap", "id": "tr_portal", "x": 11, "y": 14 }
      ],
      "furniture": { "#": "f_brazier", "O": "f_boulder_large", "o": "f_boulder_small", "z": "f_grave_monument" },
      "place_items": [
        { "item": "standing_stones_alien", "x": [ 9, 14 ], "y": [ 13, 15 ], "chance": 50 },
		{ "item": "standing_stones_accident", "x": [ 9, 14 ], "y": [ 13, 15 ], "chance": 50, "repeat": [ 2, 5 ] },
        { "item": "standing_stones_libation", "x": 11, "y": 11, "chance": 100 }
      ],
      "loot": { "#": { "item": "stick", "repeat": [ 1, 2 ] } }
    }
  }
]
