[
{
"type":"BOOK",
"id":"AE_trainingmanual_gun",
"name":"训练手冊─射击(初级)",
"description":"生存者撰写的战斗心得，用以提升队友的技能等级。",
"weight":400,
"color":"green",
"symbol":"?",
"material":["paper"],
"volume":1,
"time":15,
"max_level":2,
"skill":"gun"
},{
"type":"BOOK",
"id":"AE_trainingmanual_gun2",
"copy-from":"AE_trainingmanual_gun",
"name":"训练手冊─射击(中级)",
"description":"生存者撰写的战斗心得，用以提升队友的技能等级。",
"relative":{
"volume":1,
"weight":300,
"max_level":2
}
},{
"type":"BOOK",
"id":"AE_trainingmanual_gun3",
"copy-from":"AE_trainingmanual_gun2",
"name":"训练手冊─射击(高级)",
"description":"生存者撰写的战斗心得，用以提升队友的技能等级。",
"relative":{
"volume":1,
"weight":300,
"max_level":2
}
},{
"type":"BOOK",
"id":"AE_trainingmanual_archery",
"copy-from":"AE_trainingmanual_gun",
"name":"训练手冊─弓术(初级)",
"description":"生存者撰写的战斗心得，用以提升队友的技能等级。",
"skill":"archery"
},{
"type":"BOOK",
"id":"AE_trainingmanual_archery2",
"copy-from":"AE_trainingmanual_archery",
"name":"训练手冊─弓术(中级)",
"description":"生存者撰写的战斗心得，用以提升队友的技能等级。",
"relative":{
"volume":1,
"weight":300,
"max_level":2
}
},{
"type":"BOOK",
"id":"AE_trainingmanual_archery3",
"copy-from":"AE_trainingmanual_archery2",
"name":"训练手冊─弓术(高级)",
"description":"生存者撰写的战斗心得，用以提升队友的技能等级。",
"relative":{
"volume":1,
"weight":300,
"max_level":2
}
},{
"type":"BOOK",
"id":"AE_trainingmanual_pistol",
"copy-from":"AE_trainingmanual_gun",
"name":"训练手冊─手枪(初级)",
"description":"生存者撰写的战斗心得，用以提升队友的技能等级。",
"skill":"pistol"
},{
"type":"BOOK",
"id":"AE_trainingmanual_pistol2",
"copy-from":"AE_trainingmanual_pistol",
"name":"训练手冊─手枪(中级)",
"description":"生存者撰写的战斗心得，用以提升队友的技能等级。",
"relative":{
"volume":1,
"weight":300,
"max_level":2
}
},{
"type":"BOOK",
"id":"AE_trainingmanual_pistol3",
"copy-from":"AE_trainingmanual_pistol2",
"name":"训练手冊─手枪(高级)",
"description":"生存者撰写的战斗心得，用以提升队友的技能等级。",
"relative":{
"volume":1,
"weight":300,
"max_level":2
}
},{
"type":"BOOK",
"id":"AE_trainingmanual_rifle",
"copy-from":"AE_trainingmanual_gun",
"name":"训练手冊─步枪(初级)",
"description":"生存者撰写的战斗心得，用以提升队友的技能等级。",
"skill":"rifle"
},{
"type":"BOOK",
"id":"AE_trainingmanual_rifle2",
"copy-from":"AE_trainingmanual_rifle",
"name":"训练手冊─步枪(中级)",
"description":"生存者撰写的战斗心得，用以提升队友的技能等级。",
"relative":{
"volume":1,
"weight":300,
"max_level":2
}
},{
"type":"BOOK",
"id":"AE_trainingmanual_rifle3",
"copy-from":"AE_trainingmanual_rifle2",
"name":"训练手冊─步枪(高级)",
"description":"生存者撰写的战斗心得，用以提升队友的技能等级。",
"relative":{
"volume":1,
"weight":300,
"max_level":2
}
},{
"type":"BOOK",
"id":"AE_trainingmanual_shotgun",
"copy-from":"AE_trainingmanual_gun",
"name":"训练手冊─霰弹枪(初级)",
"description":"生存者撰写的战斗心得，用以提升队友的技能等级。",
"skill":"shotgun"
},{
"type":"BOOK",
"id":"AE_trainingmanual_shotgun2",
"copy-from":"AE_trainingmanual_shotgun",
"name":"训练手冊─霰弹枪(中级)",
"description":"生存者撰写的战斗心得，用以提升队友的技能等级。",
"relative":{
"volume":1,
"weight":300,
"max_level":2
}
},{
"type":"BOOK",
"id":"AE_trainingmanual_shotgun3",
"copy-from":"AE_trainingmanual_shotgun2",
"name":"训练手冊─霰弹枪(高级)",
"description":"生存者撰写的战斗心得，用以提升队友的技能等级。",
"relative":{
"volume":1,
"weight":300,
"max_level":2
}
},{
"type":"BOOK",
"id":"AE_trainingmanual_smg",
"copy-from":"AE_trainingmanual_gun",
"name":"训练手冊─冲锋枪(初级)",
"description":"生存者撰写的战斗心得，用以提升队友的技能等级。",
"skill":"smg"
},{
"type":"BOOK",
"id":"AE_trainingmanual_smg2",
"copy-from":"AE_trainingmanual_smg",
"name":"训练手冊─冲锋枪(中级)",
"description":"生存者撰写的战斗心得，用以提升队友的技能等级。",
"relative":{
"volume":1,
"weight":300,
"max_level":2
}
},{
"type":"BOOK",
"id":"AE_trainingmanual_smg3",
"copy-from":"AE_trainingmanual_smg2",
"name":"训练手冊─冲锋枪(高级)",
"description":"生存者撰写的战斗心得，用以提升队友的技能等级。",
"relative":{
"volume":1,
"weight":300,
"max_level":2
}
},{
"type":"BOOK",
"id":"AE_trainingmanual_launcher",
"copy-from":"AE_trainingmanual_gun",
"name":"训练手冊─发射器(初级)",
"description":"生存者撰写的战斗心得，用以提升队友的技能等级。",
"skill":"launcher"
},{
"type":"BOOK",
"id":"AE_trainingmanual_launcher2",
"copy-from":"AE_trainingmanual_launcher",
"name":"训练手冊─发射器(中级)",
"description":"生存者撰写的战斗心得，用以提升队友的技能等级。",
"relative":{
"volume":1,
"weight":300,
"max_level":2
}
},{
"type":"BOOK",
"id":"AE_trainingmanual_launcher3",
"copy-from":"AE_trainingmanual_launcher2",
"name":"训练手冊─发射器(高级)",
"description":"生存者撰写的战斗心得，用以提升队友的技能等级。",
"relative":{
"volume":1,
"weight":300,
"max_level":2
}
},{
"type":"BOOK",
"id":"AE_trainingmanual_melee",
"copy-from":"AE_trainingmanual_gun",
"name":"训练手冊─近战(初级)",
"description":"生存者撰写的战斗心得，用以提升队友的技能等级。",
"skill":"melee"
},{
"type":"BOOK",
"id":"AE_trainingmanual_melee2",
"copy-from":"AE_trainingmanual_melee",
"name":"训练手冊─近战(中级)",
"description":"生存者撰写的战斗心得，用以提升队友的技能等级。",
"relative":{
"volume":1,
"weight":300,
"max_level":2
}
},{
"type":"BOOK",
"id":"AE_trainingmanual_melee3",
"copy-from":"AE_trainingmanual_melee2",
"name":"训练手冊─近战(高级)",
"description":"生存者撰写的战斗心得，用以提升队友的技能等级。",
"relative":{
"volume":1,
"weight":300,
"max_level":2
}
},{
"type":"BOOK",
"id":"AE_trainingmanual_unarmed",
"copy-from":"AE_trainingmanual_gun",
"name":"训练手冊─徒手格斗(初级)",
"description":"生存者撰写的战斗心得，用以提升队友的技能等级。",
"skill":"unarmed"
},{
"type":"BOOK",
"id":"AE_trainingmanual_unarmed2",
"copy-from":"AE_trainingmanual_unarmed",
"name":"训练手冊─徒手格斗(中级)",
"description":"生存者撰写的战斗心得，用以提升队友的技能等级。",
"relative":{
"volume":1,
"weight":300,
"max_level":2
}
},{
"type":"BOOK",
"id":"AE_trainingmanual_unarmed3",
"copy-from":"AE_trainingmanual_unarmed2",
"name":"训练手冊─徒手格斗(高级)",
"description":"生存者撰写的战斗心得，用以提升队友的技能等级。",
"relative":{
"volume":1,
"weight":300,
"max_level":2
}
},{
"type":"BOOK",
"id":"AE_trainingmanual_cutting",
"copy-from":"AE_trainingmanual_gun",
"name":"训练手冊─砍劈武器(初级)",
"description":"生存者撰写的战斗心得，用以提升队友的技能等级。",
"skill":"cutting"
},{
"type":"BOOK",
"id":"AE_trainingmanual_cutting2",
"copy-from":"AE_trainingmanual_cutting",
"name":"训练手冊─砍劈武器(中级)",
"description":"生存者撰写的战斗心得，用以提升队友的技能等级。",
"relative":{
"volume":1,
"weight":300,
"max_level":2
}
},{
"type":"BOOK",
"id":"AE_trainingmanual_cutting3",
"copy-from":"AE_trainingmanual_cutting2",
"name":"训练手冊─砍劈武器(高级)",
"description":"生存者撰写的战斗心得，用以提升队友的技能等级。",
"relative":{
"volume":1,
"weight":300,
"max_level":2
}
},{
"type":"BOOK",
"id":"AE_trainingmanual_bashing",
"copy-from":"AE_trainingmanual_gun",
"name":"训练手冊─钝击武器(初级)",
"description":"生存者撰写的战斗心得，用以提升队友的技能等级。",
"skill":"bashing"
},{
"type":"BOOK",
"id":"AE_trainingmanual_bashing2",
"copy-from":"AE_trainingmanual_bashing",
"name":"训练手冊─钝击武器(中级)",
"description":"生存者撰写的战斗心得，用以提升队友的技能等级。",
"relative":{
"volume":1,
"weight":300,
"max_level":2
}
},{
"type":"BOOK",
"id":"AE_trainingmanual_bashing3",
"copy-from":"AE_trainingmanual_bashing2",
"name":"训练手冊─钝击武器(高级)",
"description":"生存者撰写的战斗心得，用以提升队友的技能等级。",
"relative":{
"volume":1,
"weight":300,
"max_level":2
}
},{
"type":"BOOK",
"id":"AE_trainingmanual_stabbing",
"copy-from":"AE_trainingmanual_gun",
"name":"训练手冊─穿刺武器(初级)",
"description":"生存者撰写的战斗心得，用以提升队友的技能等级。",
"skill":"stabbing"
},{
"type":"BOOK",
"id":"AE_trainingmanual_stabbing2",
"copy-from":"AE_trainingmanual_stabbing",
"name":"训练手冊─穿刺武器(中级)",
"description":"生存者撰写的战斗心得，用以提升队友的技能等级。",
"relative":{
"volume":1,
"weight":300,
"max_level":2
}
},{
"type":"BOOK",
"id":"AE_trainingmanual_stabbing3",
"copy-from":"AE_trainingmanual_stabbing2",
"name":"训练手冊─穿刺武器(高级)",
"description":"生存者撰写的战斗心得，用以提升队友的技能等级。",
"relative":{
"volume":1,
"weight":300,
"max_level":2
}

}
]