[
{
"id":"target_ArcheryExtendMOD",
"type":"TOOL",
"symbol":"#",
"color":"white",
"name":"训练靶",
"description":"训练用靶，使用(a)设置在地上，然后朝着靶心来一发。",
"price":0,
"material":"wood",
"weight":5000,
"volume":10,
"use_action":{
"type":"place_monster",
"monster_id":"mon_target_ArcheryExtendMOD",
"difficulty":999,
"skill1":"speech",
"skill2":"throw",
"hostile_msg":"你设好了靶，准备给它來一发狠的。",
"friendly_msg":"威爾森含情脈脈地看着你...这剧本不对吧？",
"moves":1000
}
},{
"id":"mon_target_ArcheryExtendMOD",
"type":"MONSTER",
"name":"训练靶",
"description":"训练用射击靶，人形目标的头上写着：威爾森，我的朋友。",
"default_faction":"blob",
"species":["ROBOT"],
"size":"MEDIUM",
"hp":1500,
"speed":1,
"material":["wood"],
"symbol":"#",
"color":"white",
"death_function":["DISAPPEAR"],
"flags":["IMMOBILE","NO_BREATHE","NOT_HALLUCINATION"]
},{
"type":"recipe",
"result":"target_ArcheryExtendMOD",
"category":"CC_训练",
"subcategory":"CSC_训练_器材",
"skill_used":"fabrication",
"skills_required":[["survival",2]],
"difficulty":2,
"time":10000,
"autolearn":true,
"qualities":[{"id":"CUT","level":1},{"id":"HAMMER","level":1}],
"components":[[["2x4",6]],[["nail",20]]]
},{
"id":"tool_target2_AEmod",
"type":"TOOL",
"copy-from":"target_ArcheryExtendMOD",
"color":"green",
"name":"训练靶(变形怪)",
"name_plural":"训练靶(变形怪)",
"description":"以变形怪为材料，利用其塑形特性制成的训练靶，具自我修复能力，使用(a)设置。",
"material":["iron","flesh"],
"relative":{
"volume":4,
"weight":5000
},
"use_action":{
"type":"place_monster",
"monster_id":"mon_targetblob_AEmod",
"difficulty":999,
"skill1":"speech",
"skill2":"throw",
"hostile_msg":"你设好了靶，准备给它來一发狠的。",
"friendly_msg":"你过人的技巧征服了变形怪...你对牠做了什么？",
"moves":1000
}
},{
"id":"mon_targetblob_AEmod",
"type":"MONSTER",
"copy-from":"mon_target_ArcheryExtendMOD",
"name":"变形怪训练靶",
"description":"变形怪塑形而成的目标靶，具有自我修复能力，抖S生存者的最爱。",
"species":["BLOB"],
"hp":1800,
"material":["flesh","iron"],
"extend":{"flags":["REGENERATES_10"]}
},{
"type":"recipe",
"result":"tool_target2_AEmod",
"category":"CC_训练",
"subcategory":"CSC_训练_器材",
"skill_used":"fabrication",
"skills_required":[["survival",5]],
"difficulty":5,
"time":30000,
"autolearn":true,
"qualities":[{"id":"SAW_M","level":1},{"id":"HAMMER","level":3},{"id":"GLARE","level":2}],
"tools":[[["welder",25],["welder_crude",40],["toolset",40],["oxy_torch",5]]],
"components":[[["canister_goo",1]],[["pipe",6]],[["scrap",20]]]
}
]