[

  {
    "type": "profession",
    "ident": "wxkj_mhjl_ZFS",
    "name": "制符师",
    "description": "你无意中获得了一个未知的传承，从此成为了一位制符师，在茫茫末日中找寻那虚无缥缈的仙缘.",
    "points": 3,
    "traits": 
			[

             "FASTLEARNER"
			],
    "skills": [
     {"level": 3,"name": "survival"},
	 {"level": 0,"name": "WX_SKILL-LQ"},	       {"level": 2,"name": "WX_SKILL-FZJT"},
	 {"level": 4,"name": "WX_SKILL-XXTF"},
	 {"level": 1,"name": "archery"}
    ],
    "items": {
      "both": {
        "items": [
      	"army_top",
		"pants_army",
		"gloves_leather",
		"socks",
		"sneakers",
	    "kjjz_01",
        "wxwb",
        "wxkj_FB01",
        "lj_01",
        "Spell_00",
        "Spell_03",
        "WXKJ_mhjl_cjfp",
        "wxkj_FL2_sjcs1"
        
        ],
   "male": [ "briefs" ],
   "female": [ "bra","halter_top","panties" ],
   "entries": [
          { 
          "item": "FZ_paper", 
          "count": 5 },
          { 
          "item": "MJK", 
          "count": 12 },
          { 
          "item": "knife_hunting", 
          "container-item": "sheath" }
          
        ]
      }
    },
    "flags": [ "SCEN_ONLY" ]
  }
  ]