[

  {
    "type": "profession",
    "ident": "wxkj_mhjl_JLYX2",
    "name": "精灵游侠",
    "description": "你是一名游侠，并且是其中的佼佼者.",
    "points": 3,
    "traits": 
			[
             "FASTLEARNER"
			],
    "skills": [
    	{"level": 5,"name": "survival"},
		{"level": 4,"name": "WX_SKILL-XXTF"},
		{"level": 6,"name": "melee"},
		{"level": 6,"name": "dodge"},
		{"level": 6,"name": "archery"}
    ],
    "items": {
      "both": {
        "items": [
        "xrzds",
        "WXKJ_youxia_ft",
        "WXKJ_youxia_fw",
		"WXKJ_youxia_px",
	    "WXKJ_youxia_dm",
        "WXKJ_youxia_pj",
        "wxkj_mhjl_yxdz",
        "wxkj_mhjl_ylzg1",
        "wxkj_jl_Jx1"  
         
        ],
   "male": [ "briefs" ],
   "female": [ "bra","halter_top","panties" ],
   "entries": [
           { "item": "wxkj_jl_Jx", "charges": 50, "contents-item": "JLNLJ" },
           { 
          "item": "wx_jl_yxzj", 
          "container-item": "bscabbard" }
          
        ]
      }
    },
    "flags": [ "SCEN_ONLY" ]
  }
  ]