[
  {
    "id": "wxkj_Tank_1",
    "type": "vehicle",
    "name": "坦克1",
    "//":"左下角末0.0右边一格0.1",
    "blueprint": [
      [ "|~~|" ],
      [ "|~~|" ],
      [ "|~~|" ],
      [ "|~~|" ],
      [ "|~~|" ],
      [ "|~~|" ],
      [ "|~_|" ]
    ],
    "parts": [
      { "x": 0, "y": 0, "part": "hdframe_vertical" },
      { "x": 0, "y": 1, "part": "hdframe_horizontal" },
      { "x": 0, "y": 2, "part": "hdframe_horizontal" },
      { "x": 0, "y": 3, "part": "hdframe_vertical" },
      { "x": 1, "y": 0, "part": "hdframe_vertical" },
      { "x": 1, "y": 1, "part": "hdframe_horizontal" },
      { "x": 1, "y": 2, "part": "hdframe_horizontal" },
      { "x": 1, "y": 3, "part": "hdframe_vertical" },
      { "x": 2, "y": 0, "part": "hdframe_vertical" },
      { "x": 2, "y": 1, "part": "hdframe_horizontal" },
      { "x": 2, "y": 2, "part": "hdframe_horizontal" },
      { "x": 2, "y": 3, "part": "hdframe_vertical" },
      { "x": 3, "y": 0, "part": "hdframe_vertical" },
      { "x": 3, "y": 1, "part": "hdframe_horizontal" },
      { "x": 3, "y": 2, "part": "hdframe_horizontal" },
      { "x": 3, "y": 3, "part": "hdframe_vertical" },
      { "x": 4, "y": 0, "part":
  "hdframe_vertical"},
      { "x": 4, "y": 1, "part": "hdframe_horizontal" },
      { "x": 4, "y": 2, "part": "hdframe_horizontal" },
      { "x": 4, "y": 3, "part": "hdframe_vertical" },
      { "x": 5, "y": 0, "part": "hdframe_vertical" },
      { "x": 5, "y": 1, "part": "hdframe_horizontal" },
      { "x": 5, "y": 2, "part": "hdframe_horizontal" },
      { "x": 5, "y": 3, "part": "hdframe_vertical" },
      { "x": 6, "y": 0, "part": "hdframe_vertical" },
      { "x": 6, "y": 1, "part": "hdframe_horizontal" },
      { "x": 6, "y": 2, "part": "hdframe_horizontal" },
      { "x": 6, "y": 3, "part": "hdframe_vertical" }
      
    
    
    ]
   
  }
  ]