[
  {
    "id": "small_base",
    "type": "vehicle",
    "name": "基地车",
    "//":"左下角未0.0右边一格0.1",
    "blueprint": [
      [ "|~~~~~|" ],
      [ "|~~~~~|" ],
      [ "|~~~~~|" ],
      [ "|~~~~~|" ],
      [ "|~~~~~|" ],
      [ "|~~~~~|" ],
      [ "|~~~~~|" ],
      [ "|~~~~~|" ],
      [ "|<~~~>|" ]
    ],
    "parts": [
      { "x": 0, "y": 0, "part": "hdframe_vertical" },
      { "x": 0, "y": 0, "part": "wheel" }, 
      { "x": 0, "y": 1, "part": "hdframe_horizontal" },
      { "x": 0, "y": 2, "part": "hdframe_horizontal" },
      { "x": 0, "y": 3, "part": "hdframe_horizontal" },
      { "x": 0, "y": 4, "part": "hdframe_horizontal" },
      { "x": 0, "y": 5, "part": "hdframe_horizontal" },
      { "x": 0, "y": 6, "part": "hdframe_vertical" },
      { "x": 1, "y": 0, "part": "hdframe_vertical" },
      { "x": 1, "y": 1, "part": "hdframe_horizontal" },
      { "x": 1, "y": 2, "part": "hdframe_horizontal" },
      { "x": 1, "y": 3, "part": "hdframe_horizontal" },
      { "x": 1, "y": 4, "part": "hdframe_horizontal" },
      { "x": 1, "y": 5, "part": "hdframe_horizontal" },
      { "x": 1, "y": 6, "part": "hdframe_vertical" },
      { "x": 2, "y": 0, "part": "hdframe_vertical" },
      { "x": 2, "y": 1, "part": "hdframe_horizontal" },
      { "x": 2, "y": 2, "part": "hdframe_horizontal" },
      { "x": 2, "y": 3, "part": "hdframe_horizontal" },
      { "x": 2, "y": 4, "part": "hdframe_horizontal" },
      { "x": 2, "y": 5, "part": "hdframe_horizontal" },
      { "x": 2, "y": 6, "part": "hdframe_vertical" },
      { "x": 3, "y": 0, "part": "hdframe_vertical" },
      { "x": 3, "y": 1, "part": "hdframe_horizontal" },
      { "x": 3, "y": 2, "part": "hdframe_horizontal" },
      { "x": 3, "y": 3, "part": "hdframe_horizontal" },
      { "x": 3, "y": 4, "part": "hdframe_horizontal" },
      { "x": 3, "y": 5, "part": "hdframe_horizontal" },
      { "x": 3, "y": 6, "part": "hdframe_vertical" },
      { "x": 4, "y": 0, "part": "hdframe_vertical" },
      { "x": 4, "y": 1, "part": "hdframe_horizontal" },
      { "x": 4, "y": 2, "part": "hdframe_horizontal" },
      { "x": 4, "y": 3, "part": "hdframe_horizontal" },
      { "x": 4, "y": 4, "part": "hdframe_horizontal" },
      { "x": 4, "y": 5, "part": "hdframe_horizontal" },
      { "x": 4, "y": 6, "part": "hdframe_vertical" },
      { "x": 5, "y": 0, "part": "hdframe_vertical" },
      { "x": 5, "y": 1, "part": "hdframe_horizontal" },
      { "x": 5, "y": 2, "part": "hdframe_horizontal" },
      { "x": 5, "y": 3, "part": "hdframe_horizontal" },
      { "x": 5, "y": 4, "part": "hdframe_horizontal" },
      { "x": 5, "y": 5, "part": "hdframe_horizontal" },
      { "x": 5, "y": 6, "part": "hdframe_vertical" },
      { "x": 6, "y": 0, "part": "hdframe_vertical" },
      { "x": 6, "y": 1, "part": "hdframe_horizontal" },
      { "x": 6, "y": 2, "part": "hdframe_horizontal" },
      { "x": 6, "y": 3, "part": "hdframe_horizontal" },
      { "x": 6, "y": 4, "part": "hdframe_horizontal" },
      { "x": 6, "y": 5, "part": "hdframe_horizontal" },
      { "x": 6, "y": 6, "part": "hdframe_vertical" },
      { "x": 7, "y": 0, "part": "hdframe_vertical" },
      { "x": 7, "y": 1, "part": "hdframe_horizontal" },
      { "x": 7, "y": 2, "part": "hdframe_horizontal" },
      { "x": 7, "y": 3, "part": "hdframe_horizontal" },
      { "x": 7, "y": 4, "part": "hdframe_horizontal" },
      { "x": 7, "y": 5, "part": "hdframe_horizontal" },
      { "x": 7, "y": 6, "part": "hdframe_vertical" },
      { "x": 8, "y": 0, "part": "hdframe_vertical" },
      { "x": 8, "y": 1, "part": "hdframe_horizontal" },
      { "x": 8, "y": 2, "part": "hdframe_horizontal" },
      { "x": 8, "y": 3, "part": "hdframe_horizontal" },
      { "x": 8, "y": 4, "part": "hdframe_horizontal" },
      { "x": 8, "y": 5, "part": "hdframe_horizontal" },
      { "x": 8, "y": 6, "part": "hdframe_vertical" }
      
    
    
    ]
   
  }
  ]