[
	{
        "type": "MOD_INFO",
        "mod-type": "SUPPLEMENTAL",
        "ident": "Touhou",
        "name": "东方幻想乡职业",
        "authors": [ "Taberone" ],
        "description": "(某退坑玩家汉化)基于车万创作的一些职业. 平衡性没有保证(确实)",
        "category": "touhou",
		"dependencies": [ "dda" ]
    },
	{
    "type": "skill",
    "ident": "spellcraft",
    "name": "spellcraft",
    "display_category": "display_ranged",
    "description": "Your skill in the arcane.  Represents magic theory and all that entails.  A higher skill increases how quickly you can learn spells, and decreases their spell failure chance.  You learn this skill by studying books or spells."
  },
  {
    "id": "fd_clairvoyant",
    "type": "field_type",
    "intensity_levels": [ { "name": "clairvoyance", "sym": "8", "dangerous": false } ],
    "decay_amount_factor": 5,
    "gas_absorption_factor": 12,
    "dirty_transparency_cache": true,
    "outdoor_age_speedup": "0 turns",
    "priority": 8,
    "half_life": "1 seconds",
    "phase": "solid",
    "display_field": false
  }
]

