[
	{
        "type": "profession",
        "ident": "nitori_kawashiro",
        "name": "横向思维的河童",
        "description": "WIP.",
        "points": 0,
        "skills": [
			{
                "level": 8,
                "name": "mechanics"
            },
			{
                "level": 8,
                "name": "fabrication"
            },
			{
                "level": 8,
                "name": "electronics"
            },
			{
                "level": 8,
                "name": "swimming"
            },
			{
                "level": 8,
                "name": "barter"
            },
			{
                "level": 6,
                "name": "dodge"
            }
        ],
		"traits": [
            "PROF_MOKOU"
        ],
        "items": {
            "both": {
                "items": [
				"hose"
                ],
				"entries": [
                    { "item": "rm451_flamethrower", "contents-item": "shoulder_strap"}
                ]
            },
            "male": [
                "boxer_shorts"
            ],
            "female": [
                "bra",
                "panties"
            ]
        },
        "flags" : ["SCEN_ONLY"]
    },
	{
        "type": "profession",
        "ident": "fujiwara_no_mokou",
        "name": "蓬莱人",
        "description": "你一直要杀死的不死的对手在大灾难中神秘地消失了，和你认识的所有人一起消失了。你独自面对后大灾难的世界，你能操纵火焰。",
        "points": 6,
		"spells": [ 
			{ 
				"id": "create_lighter", 
				"level": 3 
			},
			{ 
				"id": "burning_hands", 
				"level": 5 
			},
			{ 
				"id": "fireball", 
				"level": 5 
			},
			{ 
				"id": "point_flare", 
				"level": 3
			}
			],
        "skills": [
			{
                "level": 2,
                "name": "melee"
            },
			{
                "level": 3,
                "name": "cooking"
            },
			{
                "level": 3,
                "name": "tailor"
            },
			{
                "level": 2,
                "name": "unarmed"
            },
			{
                "level": 2,
                "name": "dodge"
            }
        ],
		"traits": [
            "MANA_ADD1",
			"KELVINIST",
			"FASTHEALER",
			"PROF_MOKOU"
        ],
        "items": {
            "both": {
                "items": [
				"dress_shirt",
				"dress_shoes",
				"pants_cargo",
				"mokou_talisman"
                ]
            },
            "male": [
                "boxer_shorts"
            ],
            "female": [
                "bra",
                "panties"
            ]
        },
        "flags" : ["SCEN_ONLY"]
    },
	{
        "type": "profession",
        "ident": "iku_nagae",
        "name": "龙宫使者",
        "description": "你所有的努力用来警告世界即将到来的大灾难都是徒劳的，现在你被困在这里了，然你有了能作为武器使用的围巾和操纵电力的力量，可以让你在这个大灾难后的世界里更容易生存。",
        "points": 0,
		"CBMs":[
                "bio_torsionratchet",
                "bio_power_storage_mkII",
				"bio_chain_lightning",
				"bio_railgun",
				"bio_faraday",
				"bio_shock",
				"bio_shockwave"
            ],
        "skills": [
			{
                "level": 4,
                "name": "melee"
            },
			{
                "level": 3,
                "name": "cutting"
            },
			{
                "level": 3,
                "name": "bashing"
            },
			{
                "level": 4,
                "name": "unarmed"
            },
			{
                "level": 3,
                "name": "throw"
            },
            {
                "level": 4,
                "name": "dodge"
            }
        ],
        "items": {
            "both": {
                "items": [
				"dress_shirt_iku",
				"stockings",
				"skirt_iku",
				"long_iku_scarf",
				"fedora_iku",
				"dress_shoes"
                ]
            },
            "male": [
                "boxer_shorts"
            ],
            "female": [
                "bra",
                "panties"
            ]
        },
        "flags" : ["SCEN_ONLY"]
    },
	{
        "type": "profession",
        "ident": "reisen_II",
        "name": "月兔新兵",
        "description": "当大灾难发生的时候，你正在陪同绵月姐妹访问地球!在随之而来的混乱和恐慌中，你们走散了，独自一人。你已经从月球防御兵团的训练中获得了一些技能，但你需要的不仅仅是这些…",
        "points": 0,
		"CBMs":[
                "bio_torsionratchet",
                "bio_power_storage_mkII",
				"bio_reisen_II",
				"bio_ups",
				"bio_teleport"
            ],
        "skills": [
			{
                "level": 2,
                "name": "melee"
            },
			{
                "level": 2,
                "name": "stabbing"
            },
			{
                "level": 2,
                "name": "gun"
            },
			{
                "level": 2,
                "name": "rifle"
            },
            {
                "level": 2,
                "name": "dodge"
            }
        ],
		"traits": [
			"PROF_REISENTAIL",
            "PROF_REISEN"
        ],
        "items": {
            "both": {
                "items": [
				"dress_shirt",
				"suit_reisen",
				"tie_reisen",
				"stockings",
				"skirt",
				"knit_scarf",
				"lunar_helmet",
				"dress_shoes"
                ],
                "entries": [
                    { "item": "lunar_rifle", "contents-item": "shoulder_strap" }
                ]
            },
            "male": [
                "boxer_shorts"
            ],
            "female": [
                "bra",
                "panties"
            ]
        },
        "flags" : ["SCEN_ONLY"]
    },
	{
        "type": "profession",
        "ident": "sakuya_izayoi",
        "name": "斯卡雷特的女仆",
        "description": "你女主人的宅邸被毁了，她大概是这场大灾难中损失的数十亿人之一(屑吸血鬼)。现在最重要的是生存，但你还能当多久的时间停止和投掷飞刀的女仆?",
        "points": 0,
		"CBMs":[
                "bio_torsionratchet",
				"bio_time_freeze",
                "bio_power_storage_mkII",
				"bio_uncanny_dodge"
            ],
        "skills": [
            {
                "level": 4,
                "name": "cutting"
            },
			{
                "level": 4,
                "name": "throw"
            },
            {
                "level": 4,
                "name": "melee"
            },
			{
                "level": 6,
                "name": "cooking"
            },
            {
                "level": 4,
                "name": "dodge"
            }
        ],
        "items": {
            "both": {
                "items": [
                "leather_pouch",
				"stockings",
				"maid_dress",
				"maid_hat",
				"throwing_knife",
				"throwing_knife",
				"throwing_knife",
				"throwing_knife",
				"throwing_knife",
				"throwing_knife",
				"pocketwatch",
				"dress_shoes",
				"knit_scarf"
                ],
                "entries": [
                    { "item": "knife_combat", "container-item": "sheath" }
                ]
            },
            "male": [
                "boxer_shorts"
            ],
            "female": [
                "bra",
                "panties"
            ]
        },
        "flags" : ["SCEN_ONLY"]
    },
    {
        "type": "profession",
        "ident": "tenshi_hinanawi",
        "name": "不良天人",
        "description": "以无忧无虑的生活方式待在天界确实是无聊的，直到大灾难来袭。现在，世界发生了不可逆转的变化，而你却陷入了为生存而战的境地。这一次换换口味真不错，不是吗?",
        "points": 0,
        "skills": [
            {
                "level": 4,
                "name": "cutting"
            },
            {
                "level": 4,
                "name": "melee"
            },
            {
                "level": 4,
                "name": "dodge"
            }
        ],
		"traits": [
			"TOUGH3",
			"PAINRESIST",
            "PROF_TENSHIARMOR"
        ],
        "items": {
            "both": [
				"bowhat_tenshi",
				"stockings",
				"dress_tenshi",
				"boots",
				"jian_tenshi",
				"knit_scarf"
            ],
            "male": [
                "boxer_shorts"
            ],
            "female": [
                "bra",
                "panties"
            ]
        },
        "flags" : ["SCEN_ONLY"]
    },
	{
        "type": "profession",
        "ident": "reisen_udongein_inaba",
        "name": "月战老兵",
        "description": "当大灾难发生时，你正在为你的主人办事，使你无法回家。你有足够的技能作为一个专业的枪手，但这就足以让你活着离开这里吗?",
        "points": 0,
		"CBMs":[
                "bio_torsionratchet",
                "bio_power_storage_mkII",
                "bio_reisen",
				"bio_ups",
				"bio_targeting"
            ],
        "skills": [
            {
                "level": 5,
                "name": "gun"
            },
            {
                "level": 3,
                "name": "smg"
            },
			{
                "level": 3,
                "name": "shotgun"
            },
			{
                "level": 5,
                "name": "rifle"
            },
			{
                "level": 4,
                "name": "pistol"
            },
			{
                "level": 3,
                "name": "launcher"
            },
            {
                "level": 4,
                "name": "dodge"
            }
        ],
		"traits": [
            "PROF_REISENTAIL",
            "PROF_REISEN"
        ],
        "items": {
            "both": {
                "items": [
				"dress_shirt",
				"tie_reisen",
				"suit_reisen",
				"stockings",
				"skirt",
				"dress_shoes",
				"knit_scarf"
                ],
                "entries": [
                    { "item": "lunatic_pistol", "container-item": "holster_reisen" }
                ]
            },
            "male": [
                "boxer_shorts"
            ],
            "female": [
                "bra",
                "panties"
            ]
        }
    },
	{
        "type": "profession",
        "ident": "seiga_kaku",
        "name": "邪仙",
        "description": "你是一个邪恶的，无道德的仙，拥有穿越墙壁和奴役亡者的能力。你从来没有真正关心过别人，只是为了自己的目的去操纵他们。在这场大灾难中幸存应该…有趣。",
        "points": 4,
		"spells": [ 
			{ 
				"id": "summon_zombie", 
				"level": 5 
			}, 
			{ 
				"id": "necrotic_gaze", 
				"level": 1 
			},
			{
				"id": "quantum_tunnel_lesser",
				"level": 3
			}
			],
        "skills": [
            {
                "level": 2,
                "name": "survival"
            },
			{ 
				"level": 3, 
				"name": "spellcraft" 
			},
            {
                "level": 3,
                "name": "firstaid"
            },
            {
                "level": 2,
                "name": "dodge"
            }
        ],
		"traits": [
            "PSYCHOPATH", 
			"LIAR", 
			"SPIRITUAL",
			"ANIMIST"
        ],
        "items": {
            "both": [
				"stockings",
				"runner_bag",
				"dress_seiga",
				"hairstick_seiga",
				"dress_shoes",
				"scalpel",
				"knit_scarf"
            ],
            "male": [
                "boxer_shorts"
            ],
            "female": [
                "bra",
                "panties"
            ]
        },
        "flags" : ["SCEN_ONLY"]
    },
	{
        "type": "profession",
        "ident": "youmu_konpaku",
        "name": "幽灵庭师",
        "description": "你是对主人十分忠诚的半人半灵的下属，直到大灾难来袭，把你们分开。你用你的剑术独自对抗即将到来的黑暗",
        "points": 0,
		"CBMs":[
                "bio_torsionratchet",
                "bio_power_storage",
                "bio_uncanny_dodge"
            ],
        "skills": [
            {
                "level": 4,
                "name": "cutting"
            },
            {
                "level": 4,
                "name": "melee"
            },
            {
                "level": 4,
                "name": "dodge"
            }
        ],
		"traits": [
            "PROF_YOUMU",
			"YOUMU_PHANTOM"
        ],
        "items": {
            "both": {
                "items": [
                "stockings",
				"skirt_youmu",
				"dress_shirt",
				"vest_youmu",
				"knit_scarf",
				"ribbon_youmu",
				"dress_shoes"
                ],
                "entries": [
                    { "item": "katana", "container-item": "scabbard" },
					{ "item": "wakizashi", "container-item": "scabbard" }
                ]
            },
            "male": [
                "boxer_shorts"
            ],
            "female": [
                "bra",
                "panties"
            ]
        }
    }
]
