[
	{
    "id": "jian_tenshi",
    "type": "TOOL",
    "symbol": "/",
    "color": "light_gray",
    "name": "绯想剑 (解除)",
    "name_plural": "绯想剑 (解除)",
	"//": "Touhou Wiki states that it's a golden Chinese jian, the sword is shape shifting, and that the sword is probably spiritually summoned into battle.",
    "description": "一种金色的，可以变形的剑，可以从精神上召唤到战斗中，使它储存起来不会占用大量空间或使使用者感到沉重。激活召唤它。",
    "price": 160000,
    "material": "gold",
    "flags" : ["UNARMED_WEAPON", "TRADER_AVOID"],
	 "use_action": {
            "menu_text": "Summon Sword",
            "type": "transform",
            "target": "jian_tenshi_extended",
            "msg": "你召唤了你的剑."
        },
    "techniques": ["WBLOCK_1"],
    "weight": 0,
    "volume": 0,
    "bashing": 0,
    "cutting": 0,
    "to_hit": 0,
    "category" : "weapons"
    },
	{
    "id": "jian_tenshi_extended",
    "type": "TOOL",
    "symbol": "/",
    "color": "light_gray",
    "name": "绯想剑 (召唤)",
    "name_plural": "绯想剑 (召唤)",
	"//": "Touhou Wiki states that it's a golden Chinese jian, the sword is shape shifting, and that the sword is probably spiritually summoned into battle.",
    "description": "一种金色的，可以变形的剑，可以从精神上召唤到战斗中，使它储存起来不会占用大量空间或使使用者感到沉重。激活以解除它。",
    "price": 160000,
    "material": "gold",
    "flags" : ["DURABLE_MELEE", "SHEATH_SWORD", "TRADER_AVOID"],
	 "use_action": {
            "menu_text": "Dismiss Sword",
            "type": "transform",
            "target": "jian_tenshi",
            "msg": "你解除了你的剑."
        },
    "techniques": ["WBLOCK_1"],
    "weight": 800,
    "volume": 8,
    "bashing": 8,
    "cutting": 30,
    "to_hit": 2,
    "category" : "weapons",
    "qualities": [["CUT", 1], ["BUTCHER", 8]]
    }
	]