[ 
  {
    "type" : "start_location",
    "ident": "sloc_fema_entrance",
    "name": "FEMA camp (entrance)",
    "target": "fema_entrance"
  },
  {
    "type": "start_location",
    "ident": "sloc_fema",
    "name": "FEMA camp",
    "target": "fema"
  },
  {
    "type": "start_location",
    "ident": "sloc_mansion",
    "name": "Mansion",
    "target": "mansion_c"
  },
  {
    "type": "start_location",
    "ident": "sloc_gas_station",
    "name": "Gas Station",
    "target": "s_gas"
  },
  {
    "type": "start_location",
    "ident": "sloc_electronics_store",
    "name": "Electronics Store",
    "target": "s_electronics"
  },
  {
    "type": "start_location",
    "ident": "sloc_clothes_store",
    "name": "Clothing Store",
    "target": "s_clothes"
  }
]