[
  {
    "id": "bio_reisen_gun",
    "type": "GUN",
    "name": "指端枪 (点射)",
    "description": "this a pseudo item",
    "volume": 12,
    "price": 0,
    "material": [ "steel", "plastic" ],
    "symbol": "(",
    "color": "magenta",
    "skill": "pistol",
    "range": 30,
    "ranged_damage": { "damage_type": "heat", "amount": 25, "armor_penetration": 4 },
    "dispersion": 10,
	"aim_speed": 8,
    "durability": 10,
	"loudness": 7,
    "reload": 0,
	"modes": [ [ "DEFAULT", "auto", 5 ] ],
    "ammo_effects": [ "LASER", "INCENDIARY" ],
    "flags": [ "NEVER_JAMS", "TRADER_AVOID", "FIRESTARTER"]
  },
  {
    "id": "bio_reisen_II_gun",
    "type": "GUN",
    "name": "指端枪(半自动)",
    "description": "this a pseudo item",
    "volume": 12,
    "price": 0,
    "material": [ "steel", "plastic" ],
    "symbol": "(",
    "color": "magenta",
    "skill": "pistol",
    "range": 30,
    "ranged_damage": { "damage_type": "heat", "amount": 22, "armor_penetration": 4 },
    "dispersion": 10,
	"aim_speed": 8,
    "durability": 10,
    "reload": 0,
    "ammo_effects": [ "LASER", "INCENDIARY" ],
    "flags": [ "NEVER_JAMS", "TRADER_AVOID" ]
  }
]