[
	{
        "type": "speech",
        "speaker": "mon_touhou_moonrabbit",
        "sound": "\"Is that you, lady Yorihime?\"",
        "volume": 20
    },
	{
        "type": "speech",
        "speaker": "mon_touhou_moonrabbit",
        "sound": "\"Is that you, lady Toyohime?\"",
        "volume": 20
    },
	{
        "type": "speech",
        "speaker": "mon_touhou_moonrabbit",
        "sound": "\"I wanna go home!\"",
        "volume": 20
    },
	{
        "type": "speech",
        "speaker": "mon_touhou_moonrabbit",
        "sound": "\"I don't wanna die... Please...\"",
        "volume": 20
    },
	{
        "type": "speech",
        "speaker": "mon_touhou_moonrabbit",
        "sound": "\"Stay back! I'm warning you!\"",
        "volume": 20
    },
	{
        "type": "speech",
        "speaker": "mon_touhou_moonrabbit",
        "sound": "\"Please don't kill me!\"",
        "volume": 20
    },
	{
        "type": "speech",
        "speaker": "mon_touhou_moonrabbit",
        "sound": "\"Leave me alone!\"",
        "volume": 20
    },
	{
        "type": "speech",
        "speaker": "mon_touhou_moonrabbit",
        "sound": "\"We're all gonna die!\"",
        "volume": 20
    },
	{
        "type": "speech",
        "speaker": "mon_touhou_moonrabbit",
        "sound": "\"Even on Earth, this is happening...\"",
        "volume": 20
    },
	{
        "type": "speech",
        "speaker": "mon_touhou_moonrabbit",
        "sound": "\"Don't come any closer!\"",
        "volume": 20
    }
]