[
  {
    "type": "scenario",
    "ident": "touhou_everything",
    "name": "东方幻想乡",
    "points" : 0,
    "description": "你从任意地点开局基本都没限制，对于车万职业来讲.",
    "allowed_locs": ["shelter",
	  "boarded_house", 
	  "field", 
	  "house_w_1", 
	  "house_w_2", 
	  "house_w_3", 
	  "house_w_4", 
	  "house_w_5", 
	  "house_w_6", 
	  "s_grocery", 
	  "s_gun", 
	  "s_garage", 
	  "pawn", 
	  "bank", 
	  "mil_surplus", 
	  "furniture", 
	  "s_library", 
	  "s_bookstore", 
	  "cabin", 
	  "hospital_1",
	  "hospital_2",
	  "hospital_3",
	  "hospital_4",
	  "hospital_5",
	  "hospital_6",
	  "hospital_7",
	  "hospital_8",
	  "hospital_9",
	  "lmoe",
	  "lmoe_empty",
	  "forest", 
	  "lab_escape_cells", 
	  "lab_random",
	  "lab_finale", 
	  "ice_lab_stairs", 
	  "ice_lab_finale", 
	  "mall_a_12", 
	  "mall_a_30",
	  "fire_station",
	  "police",
	  "fp_break_room",
	  "school", 
	  "mine_finale", 
	  "prison",  
	  "campsite", 
	  "alcatraz",
	  "mi-go_camp",
	  "Swamp Shack",
	  "campground_1a", 
	  "campground_2b", 
	  "survivalist farm", 
	  "religous_church", 
	  "religous_cemetery",
	  "basement_bionic",
	  "zoo_0_1",
	  "zoo_1_1",
	  "golfcourse_11",
	  "golfcourse_31",
	  "apartments_con_tower_114",
	  "apartments_con_tower_014",
	  "apartments_con_tower_104",
	  "apartments_con_tower_004",
	  "horse_farm_13",
	  "cabin_lake",
	  "refugee",
	  "lighthouse_ground",
	  "mil_base_2g"
	  ],
    "professions" : ["reisen_II", 
	  "sakuya_izayoi", 
	  "reisen_udongein_inaba", 
	  "tenshi_hinanawi", 
	  "seiga_kaku", 
	  "iku_nagae", 
	  "youmu_konpaku", 
	  "fujiwara_no_mokou"
	  ],
	"start_name" : "几乎任何地方"
  }
]
