[ 
	{
    "id": "lunar_rifle",
	"looks_like": "ar15",
    "type": "GUN",
    "name": "月都步枪",
	"reload_noise_volume": 10,
    "description": "一把标准的UPS供能带刺刀的给月兔防卫兵团使用的栓动步枪. 月球技术使这种步枪的能量使用效率比人造激光步枪更高。一弯新月被画在枪柄上。",
    "weight": "2950 g",
    "volume": "3 L",
    "price": 1600000,
	"price_postapoc": 7500,
    "to_hit": 3,
    "bashing": 14,
	"cutting": 14,
    "material": [ "steel", "wood" ],
    "symbol": "(",
    "color": "yellow",
    "skill": "rifle",
    "range": 40,
    "ranged_damage": { "damage_type": "heat", "amount": 25, "armor_penetration": 4 },
    "dispersion": 10,
    "durability": 8,
	"loudness": 12,
    "ups_charges": 20,
    "reload": 0,
	"built_in_mods": [ "inter_bayonet" ],
    "valid_mod_locations": [
      [ "accessories", 4 ],
      [ "emitter", 1 ],
      [ "grip", 1 ],
      [ "lens", 1 ],
      [ "rail", 1 ],
      [ "sights", 1 ],
      [ "sling", 1 ],
      [ "stock", 1 ],
      [ "underbarrel", 1 ]
    ],
    "ammo_effects": [ "LASER", "INCENDIARY" ],
    "flags": [ "NEVER_JAMS", "NO_UNLOAD", "STAB", "TRADER_AVOID", "NON-FOULING", "NEEDS_NO_LUBE" ]
	},
	{
    "id": "lunatic_pistol",
	"looks_like": "glock_17",
    "type": "GUN",
	"reload_noise_volume": 10,
    "name": "狂乱手枪",
    "description": "一把白色的ups供能手枪， 有着兔耳在其末端并且有点射能力.",
    "weight": "680 g",
    "volume": "1 L",
    "price": 720000,
	"price_postapoc": 5500,
    "to_hit": 3,
    "bashing": 12,
    "material": [ "steel", "plastic" ],
    "symbol": "(",
    "color": "magenta",
    "skill": "pistol",
    "range": 35,
    "ranged_damage": { "damage_type": "heat", "amount": 15, "armor_penetration": 4 },
    "dispersion": 10,
    "durability": 8,
	"loudness": 7,
	"burst": 3,
    "ups_charges": 10,
    "reload": 0,
     "valid_mod_locations": [
      [ "accessories", 2 ],
      [ "emitter", 1 ],
      [ "grip", 1 ],
      [ "lens", 1 ],
      [ "rail", 1 ],
      [ "sights", 1 ],
      [ "stock", 1 ],
      [ "underbarrel", 1 ]
    ],
    "ammo_effects": [ "LASER", "INCENDIARY" ],
    "flags": [ "NEVER_JAMS", "NO_UNLOAD", "TRADER_AVOID", "NON-FOULING", "NEEDS_NO_LUBE" ]
  }
]