[
	{
        "id": "long_iku_scarf",
        "type": "TOOL_ARMOR",
        "category" : "clothing",
        "symbol": "[",
        "color": "dark_gray",
        "name": "皇带鱼围巾",
        "name_plural" : "皇带鱼围巾",
        "description": "围巾一种长而有褶边的围巾，戴在嘴上取暖它足够长，可以处理不标准的面部特征，可以容纳你的手，还可以把人鞭打致死。如果太热，可以将其放松。",
        "price": 3000,
		"price_postapoc": 200,
        "material": ["cotton"],
        "weight": "96 g",
		"volume": "750 ml",
		"cutting": 15,
		"bashing": 15,
        "to_hit" : 2,
        "use_action": {
            "type": "transform",
            "msg": "你放松了你的%s.",
            "target": "long_iku_scarf_loose",
            "menu_text": "Loosen"
        },
        "covers" : ["MOUTH"],
        "flags" : ["REACH_ATTACK", "REACH3", "WHIP", "OVERSIZE", "POCKETS", "OUTER"],
        "warmth" : 30,
        "environmental_protection" : 2,
        "encumbrance" : 3,
        "coverage" : 85,
        "material_thickness" : 2
    },
    {
        "id": "long_iku_scarf_loose",
        "type": "TOOL_ARMOR",
        "category" : "clothing",
        "symbol": "[",
        "color": "dark_gray",
        "name": "皇带鱼围巾(放松)",
        "name_plural" : "皇带鱼围巾(放松)",
        "description": "围巾一种长而有褶边的围巾，戴在嘴上取暖它足够长，可以处理不标准的面部特征，可以容纳你的手，还可以把人鞭打致死。如果你太冷了，可以把它穿得更紧一些.",
        "price": 3000,
		"price_postapoc": 200,
        "material": ["cotton"],
        "weight": "96 g",
		"volume": "750 ml",
		"cutting": 15,
		"bashing": 15,
        "to_hit" : 2,
        "use_action": {
            "type": "transform",
            "msg": "你把围巾裹得更紧.",
            "target": "long_iku_scarf",
            "menu_text": "Wrap tighter"
        },
        "revert_to": "long_iku_scarf",
        "covers" : ["MOUTH"],
        "flags" : ["REACH_ATTACK", "REACH3", "WHIP", "OVERSIZE", "POCKETS", "OUTER", "ALLOWS_NATURAL_ATTACKS"],
        "warmth" : 15,
        "environmental_protection" : 1,
        "encumbrance" : 2,
        "coverage" : 45,
        "material_thickness" : 2
    }
]