[
  {
    "id" : "holster_reisen",
    "type" : "ARMOR",
    "name" : "狂乱枪套",
    "description" : "一种特制的枪套，戴在尻♂部，用来装任何小枪。激活皮套/拔出枪.",
    "weight" : 220,
    "volume" : 2,
    "price" : 9000,
    "material" : "leather",
    "symbol" : "[",
	"looks_like": "sheath",
    "color" : "light_gray",
    "covers" : ["LEG_EITHER"],
    "coverage" : 5,
    "encumbrance" : 5,
    "material_thickness" : 1,
    "use_action" : {
      "type": "holster",
      "max_volume": 5,
      "skills": ["pistol", "smg", "rifle", "shotgun", "launcher"]
    },
    "flags" : ["WAIST", "OVERSIZE"]
  }
]