[	
	{
    "id": "mokou_talisman",
    "type": "ARMOR",
    "name": "耐火护符",
    "description": "一束纸做的护身符，能很好地保护你免受火和烟的伤害。",
    "weight": 0,
    "volume": 0,
    "price": 240500,
    "to_hit": -8,
    "material": [ "touhou_paper_mokou" ],
    "symbol": "[",
    "color": "light_gray",
    "covers": [ "HEAD", "MOUTH", "EYES", "TORSO", "ARMS", "HANDS", "LEGS" ],
    "coverage": 100,
    "encumbrance": 0,
    "warmth": 0,
    "material_thickness": 5,
	"environmental_protection": 10,
    "flags": [ "VARSIZE", "STURDY", "ALLOWS_NATURAL_ATTACKS" ]
	},
	{
    "id": "dress_shirt_iku",
	"repairs_like": "tshirt",
    "type": "ARMOR",
    "name": "礼服衬衫(镶褶)",
    "description": "一件有褶边和长袖的红白相间的衬衫。看起来很漂亮!",
    "weight": "250 g",
    "volume": "750 ml",
    "price": 1500,
	"price_postapoc": 50,
    "material": [ "cotton" ],
    "symbol": "[",
	"looks_like": "longshirt",
    "color": "white",
    "covers": [ "TORSO", "ARMS" ],
    "coverage": 90,
    "encumbrance": 5,
    "storage": "250 ml",
    "warmth": 15,
    "material_thickness": 1,
    "flags": [ "VARSIZE", "FANCY" ]
	},
	{
    "id": "skirt_iku",
    "type": "ARMOR",
    "name": "长裙",
    "description": "一条黑色长裙。",
    "weight": "74 g",
    "volume": "250 ml",
    "price": 6500,
	"price_postapoc": 50,
    "material": [ "cotton" ],
    "symbol": "[",
	"looks_like": "skirt",
    "color": "dark_gray",
    "covers": [ "LEGS" ],
    "coverage": 90,
    "storage": "250 ml",
    "material_thickness": 1,
    "flags": [ "VARSIZE" ]
	},
	{
    "id": "fedora_iku",
    "type": "ARMOR",
    "name": "皇带鱼软呢帽",
	"name_plural": "皇带鱼软呢帽",
    "description": "一顶装饰着红色蝴蝶结和两条长长的缎带的软呢帽。",
    "weight": "350 g",
    "volume": "1750 ml",
    "price": 7500,
    "price_postapoc": 100,
    "material": [ "leather" ],
    "symbol": "[",
    "color": "dark_gray",
    "covers": [ "HEAD" ],
    "coverage": 50,
    "encumbrance": 10,
    "warmth": 7,
    "material_thickness": 2,
    "environmental_protection": 3,
    "flags": [ "FANCY", "VARSIZE", "SUN_GLASSES" ]
	},
	{
    "id": "bowhat_tenshi",
	"repairs_like": "balclava",
    "type": "ARMOR",
    "name": "天人的帽子",
	"name_plural": "天人的帽子",
    "description": "用桃子和树叶装饰的圆顶礼帽。",
    "weight": "213 g",
    "volume": "1250 ml",
    "price": 4500,
	"price_postapoc": 50,
    "material": [ "cotton" ],
    "symbol": "[",
	"looks_like": "hat_cotton",
    "color": "dark_gray",
    "covers": [ "HEAD" ],
    "coverage": 50,
    "encumbrance": 15,
    "warmth": 5,
    "material_thickness": 2,
    "environmental_protection": 1,
    "flags": [ "FANCY", "VARSIZE" ]
	},
	{
    "id": "dress_tenshi",
	"repairs_like": "jeans",
    "type": "ARMOR",
    "name": "天人的裙子",
    "name_plural": "天人的裙子",
    "description": "一件有云朵状图案的蓝色裙子和一条白色围裙。围裙上连着有一个彩虹图案的碎片，还有一个小口袋用来装东西。",
    "weight": "680 g",
	"volume": "3500 ml",
    "price": 18000,
    "to_hit": -5,
    "material": [ "cotton" ],
    "symbol": "[",
	"looks_like": "robe",
    "color": "pink",
    "covers": [ "LEGS", "TORSO" ],
    "coverage": 85,
    "encumbrance": 7,
	"storage": 1,
    "warmth": 15,
    "material_thickness": 2,
    "flags": [ "VARSIZE", "FANCY" ]
	},
	{
    "id": "lunar_helmet",
	"repairs_like": "xlkevlar",
    "type": "ARMOR",
    "name": "月都头盔",
    "description": "一顶头盔，上面有可以让月兔的耳朵伸出来的空间。这是月球防卫兵团成员穿的。",
    "weight": "1383 g",
    "volume": "1750 ml",
    "price": 15000,
    "price_postapoc": 1500,
	"to_hit": -1,
    "bashing": 10,
    "material": [ "kevlar", "plastic" ],
    "symbol": "[",
	"looks_like": "hat_hard",
    "color": "white",
    "covers": [ "HEAD" ],
    "coverage": 85,
    "encumbrance": 20,
    "warmth": 20,
    "material_thickness": 9,
    "flags": [ "VARSIZE", "WATERPROOF", "STURDY" ]
	},
	{
    "id": "suit_reisen",
	"repairs_like": "trenchcoat",
    "type": "ARMOR",
    "name": "西装",
    "description": "长袖黑色西装，能遮住躯干和手臂。在口袋上可以看到月亮的标志。",
    "weight": "1587 g",
    "volume": "3500 ml",
    "price": 20000,
    "price_postapoc": 500,
    "to_hit": -5,
    "material": [ "cotton" ],
    "symbol": "[",
    "color": "light_gray",
    "covers": ["TORSO", "ARMS"],
    "coverage": 95,
    "encumbrance": 15,
    "storage": "2500 ml",
    "warmth": 25,
    "material_thickness": 2,
    "flags": [ "VARSIZE", "FANCY", "POCKETS"]
	},
	{
    "id": "tie_reisen",
    "type": "ARMOR",
    "name": "红色领带",
    "description": "一个红色的领带.",
    "weight": "15 g",
    "volume": "25 ml",
    "price": 1000,
	"price_postapoc": 10,
    "material": [ "cotton" ],
	"coverage" : 15,
    "symbol": "[",
    "color": "dark_gray",
    "flags": [ "FANCY" ]
	},
	{
        "id" : "ribbon_youmu",
        "type" : "TOOL_ARMOR",
        "category" : "clothing",
        "symbol" : "[",
        "color" : "pink",
        "name" : "发带(缎带)",
        "description" : "一种发带，上面有一条在发带侧边的黑色缎带。",
        "price": 1000,
		"price_postapoc": 10,
        "material" : ["plastic"],
		"coverage" : 15,
        "weight": "3 g",
		"volume": "5 ml",
        "flags" : ["FANCY"]
    },
	{
        "id" : "hairstick_seiga",
        "type" : "TOOL_ARMOR",
        "category" : "clothing",
        "symbol" : "[",
        "color" : "pink",
        "name" : "发簪",
        "description" : "一种把头发做成椒盐卷饼形状的大发簪。",
        "price" : 1000,
		"price_postapoc": 10,
        "material" : ["plastic"],
		"coverage" : 15,
        "weight": "3 g",
		"volume": "5 ml",
        "flags" : ["FANCY"],
		"use_action": { "type": "picklock", "pick_quality": 3 }
    },
	{
    "id": "dress_seiga",
	"repairs_like": "jeans",
    "type": "ARMOR",
    "name": "隐者之服",
    "name_plural": "隐者之服",
    "description": "蓝绿色的连衣裙，白色和蓝色相间的背心，花卉图案和中国图案。有一朵花用皮带系在腰间。",
    "weight": "680 g",
	"volume": "3500 ml",
    "price": 18000,
    "to_hit": -5,
    "material": [ "cotton" ],
    "symbol": "[",
	"looks_like": "robe",
    "color": "pink",
	"storage": 2,
    "covers": [ "LEGS", "TORSO", "ARMS" ],
    "coverage": 85,
    "encumbrance": 7,
    "warmth": 15,
    "material_thickness": 2,
    "flags": [ "VARSIZE", "FANCY" ]
	},
	{
    "id": "vest_youmu",
	"repairs_like": "jeans",
    "type": "ARMOR",
    "name": "幽灵的汗衫",
    "name_plural": "幽灵的汗衫",
    "description": "一件深绿色和白色的带有口袋的背心。口袋下面有幽灵的标志",
    "weight": "680 g",
	"volume": "2500 ml",
    "price": 18000,
    "to_hit": -5,
    "material": [ "cotton" ],
    "symbol": "[",
	"looks_like": "vest_leather",
    "color": "pink",
	"storage": 2,
    "covers": [ "TORSO" ],
    "coverage": 85,
    "encumbrance": 7,
    "warmth": 15,
    "material_thickness": 2,
    "flags": [ "VARSIZE", "FANCY" ]
	},
	{
    "id": "skirt_youmu",
    "repairs_like": "jeans",
    "type": "ARMOR",
    "name": { "str": "幽灵的裙子" },
    "description": "一条绿色的裙子。鬼魂的标志出现在裙边。",
    "weight": "74 g",
    "volume": "250 ml",
    "price": 6500,
    "price_postapoc": 50,
    "material": [ "cotton" ],
    "symbol": "[",
    "looks_like": "kilt",
    "color": "dark_gray",
    "covers": [ "LEGS" ],
    "coverage": 50,
    "storage": "250 ml",
    "warmth": 5,
    "material_thickness": 1,
    "flags": [ "VARSIZE", "FANCY" ]
  }
    ]
