[
	{
    "id": "mon_touhou_moonrabbit",
    "type": "MONSTER",
    "name": "月兔",
    "description": "胆小的士兵。从制服上看，她是月球防御兵团的一员。如果不是兔子的耳朵和尾巴，你会误以为她是人类。",
    "default_faction": "human",
    "species": [ "MAMMAL" ],
    "diff": 8,
    "size": "MEDIUM",
    "hp": 60,
    "speed": 110,
    "material": [ "flesh" ],
    "symbol": "@",
    "color": "white",
    "aggression": 2,
	"harvest": "human",
    "morale": 5,
    "melee_skill": 2,
    "melee_dice": 1,
    "melee_dice_sides": 6,
    "melee_cut": 0,
    "dodge": 1,
    "path_settings": { "max_dist": 20 },
	"vision_day": 50,
    "vision_night": 4,
	"special_attacks": [ [ "PARROT", 60 ] ],
    "death_drops": {
      "subtype": "collection",
      "groups": [
        [ "subway", 40 ],
        [ "sewer", 20 ],
        [ "trash", 5 ],
        [ "bedroom", 1 ],
        [ "dresser", 5 ],
        [ "ammo", 18 ]
      ]
    },
	"anger_triggers": [ "FRIEND_ATTACKED", "HURT" ],
    "fear_triggers": [ "FRIEND_DIED", "MEAT" ],
    "death_function": [ "NORMAL" ],
    "flags": [ "SEES", "HEARS", "WARM", "BASHES", "GROUP_BASH", "HUMAN", "PATH_AVOID_DANGER_2", "GRABS", "GROUP_MORALE", "HIT_AND_RUN", "BONES" ]
  }
]