[
	{
        "type" : "mutation",
        "id" : "PROF_MOKOU",
        "name" : "蓬莱人搏击",
        "points" : 0,
        "description" : "在肉搏战斗中，你主要是通过踢打对手获取胜利。",
        "valid": false,
        "initial_ma_styles" : [ "style_taekwondo" ],
        "purifiable": false,
        "profession": true
    },
	{
        "type" : "mutation",
        "id" : "PROF_TENSHIARMOR",
        "name" : "天人皮肤",
        "points" : 0,
        "description" : "你的皮肤异常坚硬。不论捶打还是斩击都难以伤害你，而且减少湿身带来的心情惩罚。",
        "starting_trait" : false,
        "cancels" : ["THINSKIN", "THICKSKIN", "TOUGH"],
        "wet_protection" : [
            { "part" : "LEG_L", "neutral" : 4 },
            { "part" : "LEG_R", "neutral" : 4 },
            { "part" : "ARM_L", "neutral" : 4 },
            { "part" : "ARM_R", "neutral" : 4 },
            { "part" : "TORSO", "neutral" : 4 }
        ],
        "armor" : [ { "parts" : "ALL", "cut" : 20, "bash" : 20 } ],
		"purifiable": false,
        "profession": false
    },
	{
        "type" : "mutation",
        "id" : "YOUMU_PHANTOM",
        "name" : "半灵",
        "points" : 0,
		"visibility": 10,
        "ugliness" : 2,
        "description" : "有个幽灵一直在你身边。",
		"valid": false,
		"purifiable": false,
        "profession": false
    },
	{
        "type" : "mutation",
        "id" : "PROF_YOUMU",
        "name" : "剑术达人",
        "points" : 0,
        "description" : "你在用剑方面很有经验。",
        "valid": false,
        "initial_ma_styles" : [ "style_niten" ],
        "purifiable": false,
        "profession": true
    },
	{
        "type" : "mutation",
        "id" : "PROF_REISENTAIL",
        "name" : "兔尾",
        "points" : 0,
        "visibility" : 2,
		"ugliness" : 2,
        "description" : "你有一条毛茸茸的小兔子尾巴。.",
		"purifiable": false,
        "profession": false,
		"cancels" : ["TAIL_LONG", "TAIL_THICK", "TAIL_FIN", "TAIL_RAT", "TAIL_RAPTOR", "TAIL_CATTLE", "TAIL_FLUFFY", "TAIL_STING", "TAIL_CLUB"]
    },
	{
        "type" : "mutation",
        "id" : "PROF_REISEN",
        "name" : "兔耳",
        "points" : 0,
		"visibility": 4,
        "description" : "你有一对兔耳。",
		"valid": false,
		"purifiable": false,
        "profession": false,
		"cancels" : ["FELINE_EARS", "URSINE_EARS", "ELFA_EARS", "CANINE_EARS", "LUPINE_EARS"]
    }
    ]