[
  {
    "id": "bio_reisen",
    "type": "bionic",
    "name": "指端点射CBM",
    "description": "你有能力从你的手指快速连续发射五颗子弹.",
    "occupied_bodyparts": [ [ "HAND_R", 1 ] ],
    "act_cost": 20,
    "fake_item": "bio_reisen_gun",
	"included": true,
	"flags": [ "BIONIC_GUN" ]
  },
  {
    "id": "bio_reisen_II",
    "type": "bionic",
    "name": "指端射击CBM",
    "description": "你有能力从你的手指中射出一颗子弹.",
    "occupied_bodyparts": [ [ "HAND_R", 1 ] ],
    "act_cost": 20,
    "fake_item": "bio_reisen_II_gun",
	"included": true,
	"flags": [ "BIONIC_GUN" ]
  },
  {
    "type": "bionic",
    "id": "bio_mokou",
    "name": "喷火器CBM",
    "occupied_bodyparts": [ [ "HAND_R", 1 ], [ "HAND_L", 1 ] ],
    "act_cost": 20,
    "fake_item": "flamethrower",
    "description": "You have the ability to shoot fire from your hands.",
	"included": true,
    "flags": [ "BIONIC_GUN" ]
  }
]