[
	{
		"type": "COMESTIBLE",
		"id": "fishery_egg_bullhead",
		"name": { "str": "鱼卵（大头鱼）" },
		"copy-from": "fishery_egg",
		"spoils_in": "10 days",
		"description": "一些可以食用，也可以等他们孵化出小鱼的大头鱼鱼卵。",
		"rot_spawn": "FISHERY_GROUP_EGG_bullhead",
		"rot_spawn_chance": 50
	},
	{
		"name": "FISHERY_GROUP_EGG_bullhead",
		"type": "monstergroup",
		"default": "fishery_mon_bullhead_juvenile",
		"monsters": [ ]
	},
	{
		"id": "fishery_mon_bullhead_juvenile",
		"type": "MONSTER",
		"name": { "str": "大头鱼幼鱼" },
		"description": "一条大头鱼幼鱼，过一段时间就会变成成鱼。",
		"copy-from": "fishery_mon_juvenile",
		"harvest": "fish_tiny",
		"upgrades": { "age_grow": 20, "into": "mon_fish_bullhead" }
	},
	{
		"id": "mon_fish_bullhead",
		"type": "MONSTER",
		"copy-from": "mon_fish_bullhead",
		"name": { "str": "大头鱼" },
		"reproduction": { "baby_egg": "fishery_egg_bullhead", "baby_count": 10, "baby_timer": 20 },
		"baby_flags": [ "SUMMER" ]
	}
]