[
	{
		"type": "COMESTIBLE",
		"id": "fishery_egg_eel",
		"name": { "str": "鱼卵（淡水鳗）" },
		"copy-from": "fishery_egg",
		"spoils_in": "10 days",
		"description": "一些可以食用，也可以等他们孵化出小鱼的淡水鳗鱼卵。",
		"rot_spawn": "FISHERY_GROUP_EGG_eel",
		"rot_spawn_chance": 50
	},
	{
		"name": "FISHERY_GROUP_EGG_eel",
		"type": "monstergroup",
		"default": "fishery_mon_eel_juvenile",
		"monsters": [ ]
	},
	{
		"id": "fishery_mon_eel_juvenile",
		"type": "MONSTER",
		"name": { "str": "淡水鳗幼鱼" },
		"description": "一条淡水鳗幼鱼，过一段时间就会变成成鱼。",
		"copy-from": "fishery_mon_juvenile",
		"harvest": "fish_tiny",
		"upgrades": { "age_grow": 20, "into": "mon_fish_eel" }
	},
	{
		"id": "mon_fish_eel",
		"type": "MONSTER",
		"copy-from": "mon_fish_eel",
		"name": { "str": "淡水鳗" },
		"reproduction": { "baby_egg": "fishery_egg_eel", "baby_count": 10, "baby_timer": 20 },
		"baby_flags": [ "SUMMER" ]
	}
]