[
	{
		"type": "COMESTIBLE",
		"id": "fishery_egg_kokaneesalmon",
		"name": { "str": "鱼卵（内陆红鲑）" },
		"copy-from": "fishery_egg",
		"spoils_in": "10 days",
		"description": "一些可以食用，也可以等他们孵化出小鱼的内陆红鲑鱼卵。",
		"rot_spawn": "FISHERY_GROUP_EGG_kokaneesalmon",
		"rot_spawn_chance": 50
	},
	{
		"name": "FISHERY_GROUP_EGG_kokaneesalmon",
		"type": "monstergroup",
		"default": "fishery_mon_kokaneesalmon_juvenile",
		"monsters": [ ]
	},
	{
		"id": "fishery_mon_kokaneesalmon_juvenile",
		"type": "MONSTER",
		"name": { "str": "内陆红鲑幼鱼" },
		"description": "一条内陆红鲑幼鱼，过一段时间就会变成成鱼。",
		"copy-from": "fishery_mon_juvenile",
		"harvest": "fish_tiny",
		"upgrades": { "age_grow": 20, "into": "mon_fish_kokanee_salmon" }
	},
	{
		"id": "mon_fish_kokanee_salmon",
		"type": "MONSTER",
		"copy-from": "mon_fish_kokanee_salmon",
		"name": { "str": "内陆红鲑" },
		"reproduction": { "baby_egg": "fishery_egg_kokaneesalmon", "baby_count": 10, "baby_timer": 20 },
		"baby_flags": [ "AUTUMN", "WINTER" ]
	}
]