[
	{
		"type": "COMESTIBLE",
		"id": "fishery_egg_pickerel",
		"name": { "str": "鱼卵（小梭鱼）" },
		"copy-from": "fishery_egg",
		"spoils_in": "10 days",
		"description": "一些可以食用，也可以等他们孵化出小鱼的小梭鱼鱼卵。",
		"rot_spawn": "FISHERY_GROUP_EGG_pickerel",
		"rot_spawn_chance": 50
	},
	{
		"name": "FISHERY_GROUP_EGG_pickerel",
		"type": "monstergroup",
		"default": "fishery_mon_pickerel_juvenile",
		"monsters": [ ]
	},
	{
		"id": "fishery_mon_pickerel_juvenile",
		"type": "MONSTER",
		"name": { "str": "小梭鱼幼鱼" },
		"description": "一条小梭鱼幼鱼，过一段时间就会变成成鱼。",
		"copy-from": "fishery_mon_juvenile",
		"harvest": "fish_tiny",
		"upgrades": { "age_grow": 20, "into": "mon_fish_pickerel" }
	},
	{
		"id": "mon_fish_pickerel",
		"type": "MONSTER",
		"copy-from": "mon_fish_pickerel",
		"name": { "str": "小梭鱼" },
		"reproduction": { "baby_egg": "fishery_egg_pickerel", "baby_count": 10, "baby_timer": 20 },
		"baby_flags": [ "SPRING" ]
	}
]