[
	{
		"type": "COMESTIBLE",
		"id": "fishery_egg_rainbowtrout",
		"name": { "str": "鱼卵（虹鳟）" },
		"copy-from": "fishery_egg",
		"spoils_in": "10 days",
		"description": "一些可以食用，也可以等他们孵化出小鱼的虹鳟鱼卵。",
		"rot_spawn": "FISHERY_GROUP_EGG_rainbowtrout",
		"rot_spawn_chance": 50
	},
	{
		"name": "FISHERY_GROUP_EGG_rainbowtrout",
		"type": "monstergroup",
		"default": "fishery_mon_rainbowtrout_juvenile",
		"monsters": [ ]
	},
	{
		"id": "fishery_mon_rainbowtrout_juvenile",
		"type": "MONSTER",
		"name": { "str": "虹鳟幼鱼" },
		"description": "一条虹鳟幼鱼，过一段时间就会变成成鱼。",
		"copy-from": "fishery_mon_juvenile",
		"harvest": "fish_tiny",
		"upgrades": { "age_grow": 20, "into": "mon_fish_rainbow_trout" }
	},
	{
		"id": "mon_fish_rainbow_trout",
		"type": "MONSTER",
		"copy-from": "mon_fish_rainbow_trout",
		"name": { "str": "虹鳟" },
		"reproduction": { "baby_egg": "fishery_egg_rainbowtrout", "baby_count": 10, "baby_timer": 20 },
		"baby_flags": [ "WINTER", "SPRING" ]
	}
]