[
	{
		"type": "COMESTIBLE",
		"id": "fishery_egg_redbreast",
		"name": { "str": "鱼卵（红胸太阳鱼）" },
		"copy-from": "fishery_egg",
		"spoils_in": "10 days",
		"description": "一些可以食用，也可以等他们孵化出小鱼的红胸太阳鱼鱼卵。",
		"rot_spawn": "FISHERY_GROUP_EGG_redbreast",
		"rot_spawn_chance": 50
	},
	{
		"name": "FISHERY_GROUP_EGG_redbreast",
		"type": "monstergroup",
		"default": "fishery_mon_redbreast_juvenile",
		"monsters": [ ]
	},
	{
		"id": "fishery_mon_redbreast_juvenile",
		"type": "MONSTER",
		"name": { "str": "红胸太阳鱼幼鱼" },
		"description": "一条红胸太阳鱼幼鱼，过一段时间就会变成成鱼。",
		"copy-from": "fishery_mon_juvenile",
		"harvest": "fish_tiny",
		"upgrades": { "age_grow": 20, "into": "mon_fish_redbreast" }
	},
	{
		"id": "mon_fish_redbreast",
		"type": "MONSTER",
		"copy-from": "mon_fish_redbreast",
		"name": { "str": "红胸太阳鱼" },
		"reproduction": { "baby_egg": "fishery_egg_redbreast", "baby_count": 10, "baby_timer": 20 },
		"baby_flags": [ "SPRING", "SUMMER" ]
	}
]