[
	{
		"type": "COMESTIBLE",
		"id": "fishery_egg_steelheadtrout",
		"name": { "str": "鱼卵（硬头鳟）" },
		"copy-from": "fishery_egg",
		"spoils_in": "10 days",
		"description": "一些可以食用，也可以等他们孵化出小鱼的硬头鳟鱼卵。",
		"rot_spawn": "FISHERY_GROUP_EGG_steelheadtrout",
		"rot_spawn_chance": 50
	},
	{
		"name": "FISHERY_GROUP_EGG_steelheadtrout",
		"type": "monstergroup",
		"default": "fishery_mon_steelheadtrout_juvenile",
		"monsters": [ ]
	},
	{
		"id": "fishery_mon_steelheadtrout_juvenile",
		"type": "MONSTER",
		"name": { "str": "硬头鳟幼鱼" },
		"description": "一条硬头鳟幼鱼，过一段时间就会变成成鱼。",
		"copy-from": "fishery_mon_juvenile",
		"harvest": "fish_tiny",
		"upgrades": { "age_grow": 20, "into": "mon_fish_steelhead_trout" }
	},
	{
		"id": "mon_fish_steelhead_trout",
		"type": "MONSTER",
		"copy-from": "mon_fish_steelhead_trout",
		"name": { "str": "硬头鳟" },
		"reproduction": { "baby_egg": "fishery_egg_steelheadtrout", "baby_count": 10, "baby_timer": 20 },
		"baby_flags": [ "WINTER", "SPRING" ]
	}
]