[
	{
		"type": "COMESTIBLE",
		"id": "fishery_egg_sunfish",
		"name": { "str": "鱼卵（太阳鱼）" },
		"copy-from": "fishery_egg",
		"spoils_in": "10 days",
		"description": "一些可以食用，也可以等他们孵化出小鱼的太阳鱼鱼卵。",
		"rot_spawn": "FISHERY_GROUP_EGG_sunfish",
		"rot_spawn_chance": 50
	},
	{
		"name": "FISHERY_GROUP_EGG_sunfish",
		"type": "monstergroup",
		"default": "fishery_mon_sunfish_juvenile",
		"monsters": [ ]
	},
	{
		"id": "fishery_mon_sunfish_juvenile",
		"type": "MONSTER",
		"name": { "str": "太阳鱼幼鱼" },
		"description": "一条太阳鱼幼鱼，过一段时间就会变成成鱼。",
		"copy-from": "fishery_mon_juvenile",
		"harvest": "fish_tiny",
		"upgrades": { "age_grow": 20, "into": "mon_fish_sunfish" }
	},
	{
		"id": "mon_fish_sunfish",
		"type": "MONSTER",
		"copy-from": "mon_fish_sunfish",
		"name": { "str": "太阳鱼" },
		"reproduction": { "baby_egg": "fishery_egg_sunfish", "baby_count": 10, "baby_timer": 20 },
		"baby_flags": [ "SPRING", "SUMMER" ]
	}
]