[
	{
		"type": "COMESTIBLE",
		"id": "fishery_egg_whitebass",
		"name": { "str": "鱼卵（白鲈）" },
		"copy-from": "fishery_egg",
		"spoils_in": "10 days",
		"description": "一些可以食用，也可以等他们孵化出小鱼的白鲈鱼卵。",
		"rot_spawn": "FISHERY_GROUP_EGG_whitebass",
		"rot_spawn_chance": 50
	},
	{
		"name": "FISHERY_GROUP_EGG_whitebass",
		"type": "monstergroup",
		"default": "fishery_mon_whitebass_juvenile",
		"monsters": [ ]
	},
	{
		"id": "fishery_mon_whitebass_juvenile",
		"type": "MONSTER",
		"name": { "str": "白鲈幼鱼" },
		"description": "一条白鲈幼鱼，过一段时间就会变成成鱼。",
		"copy-from": "fishery_mon_juvenile",
		"harvest": "fish_tiny",
		"upgrades": { "age_grow": 20, "into": "mon_fish_white_bass" }
	},
	{
		"id": "mon_fish_white_bass",
		"type": "MONSTER",
		"copy-from": "mon_fish_white_bass",
		"name": { "str": "白鲈" },
		"reproduction": { "baby_egg": "fishery_egg_whitebass", "baby_count": 10, "baby_timer": 20 },
		"baby_flags": [ "SPRING" ]
	}
]