  [
  {
    "id": "mon_wxkj_hkl1",
    "type": "MONSTER",
    "name": "火恐龙",
    "description": "火恐龙会用它锋利的爪子残忍地撕裂敌人。如果它的敌人十分强壮，它就会变得好斗。在这种情况下，它尾巴上的火焰会变成带点蓝色的亮白.",
    "categories": [ "WILDLIFE" ],
    "species": [ "MAMMAL" ],
    "default_faction": "phl_family",
    "harvest": "bird_large",
    "diff": 10,
    "size": "SMALL",
    "volume": "5 ml",
    "weight": 10,
    "hp": 219,
    "speed": 167,
    "material": [ "flesh" ],
    "symbol": "U",
    "color": "light_gray",
    "luminance": 1, 
    "aggression": 0,
    "morale": 100,
    "melee_skill": 5,
    "dodge": 6,
    "melee_dice": 3,
    "melee_dice_sides": 9,
    "melee_cut": 34,
    "melee_bash": 30,    
    "armor_cut": 30,
    "armor_bash": 30,    
    "path_settings": { "max_dist": 25 },
    "anger_triggers": [ "HURT", "FRIEND_ATTACKED","FRIEND_DIED"],    
    "placate_triggers": [ "MEAT" ],
     "upgrades":
     { "age_grow": 60, "into":"mon_wxkj_phl1" },  
     "special_attacks": 
     [
      [ "HOWL", 2 ],
       {
        "cooldown":5,
        "type": "gun",
        "gun_type": "wxkj_JN_huoqiu",
        "fake_skills": [ [ "gun", 5 ], [ "rifle", 6 ] ],
        "range": 5,
        "ranges": [ [ 0, 5, "AUTO" ] ],
        "require_targeting_npc": true,    
        "require_targeting_monster": true,    
        "laser_lock": true,   
        "targeting_cost": 50,     
        "targeting_timeout_extend": -10,
        "targeting_sound": "\"吼! (火恐龙身旁的凝聚着浓郁的能量!)\"",    
        "targeting_volume": 100,    
        "require_sunlight": false
      }
     ],
    "death_function": [ "MELT" ],
    "flags": [ "SEES", "HEARS", "SMELLS", "ANIMAL", "PATH_AVOID_DANGER_2", "WARM", "FUR",  "FAT", "MILKABLE", "FLIES" ]
  }
  
  ]