[
{
		"id": "WXKJ_JD_JF_protect",
		"type": "ARMOR",
		"symbol": "[",
		"color": "white",
		"name": "单兵作战保护服",
		"description": "使用特殊材料制作的单兵装甲内衣，能够辅助士兵更好使用单兵装甲。.",
		"material": ["wxkj_ts"],
        "volume" : 12,		
		"weight": 800,
        "warmth" : 10,
        "covers": [ "TORSO", "HEAD", "ARMS","EYES","HANDS", "LEGS", "FEET","MOUTH" ],
        "coverage" : 100,		
        "encumbrance" : 0,
		"environmental_protection" : 2,
        "material_thickness" : 2,		
		"flags" : ["STURDY","PARTIAL_DEAF","WATERPROOF","BLOCK_WHILE_WORN","SKINTIGHT","WATER_FRIENDLY"]
		
	}
	
	]
   