[
{
		"id": "WXKJ_JD_JF",
		"type": "TOOL_ARMOR",
		"category" : "wxkj_lq_lq",
		"symbol": "[",
		"color": "white",
		"name": "单兵作战装甲",
		"description": "使用特殊材料制作的单兵装甲，极大的提高了士兵的生存率.",
		"material": ["wxkj_ts"],
        "volume" : 24,		
		"weight": 16000,
        "warmth" : 30,
        "covers": [ "TORSO", "HEAD", "ARMS","EYES","HANDS", "LEGS", "FEET","MOUTH" ],
        "coverage" : 100,		
        "encumbrance" : 10,
		"environmental_protection" : 3,
        "material_thickness" : 3,		
		"flags" : ["OUTER","STURDY","PARTIAL_DEAF","WATERPROOF","BLOCK_WHILE_WORN","SUN_GLASSES","WATCH","GAS_PROOF","WATER_FRIENDLY"]
		
	}
	
	]
   