[
	{
        "type":"COMESTIBLE",
        "id": "wxkj_ore_Fe_1",
	      	"category" : "wxkj_ore",
        "name": "铁矿石(小)",
        "name_plural": "铁矿石(小)",
        "description": "一块小型的铁矿石,有多种用途",
        "symbol": "*",
        "color": "red",
        "volume" : 800,		
		      "weight": 6288,  
        "stack_size" : 200,
        "//":"铁的密度是7.83g每1立方厘米",
        "material": ["wxkj_meterial_Fe"]
		},
	{
        "type":"COMESTIBLE",
        "id": "wxkj_ore_Fe_2",
	      	"category" : "wxkj_ore",
        "name": "铁矿石",
        "name_plural": "铁矿石",
        "description": "一大块铁矿石,有多种用途.",
        "symbol": "*",
        "color": "red",
        "volume" : 8000,		
		      "weight": 62880,  
        "stack_size" : 200,
        "material": ["wxkj_meterial_Fe"]
		},
		{
        "type":"COMESTIBLE",
        "id": "wxkj_ore_Fe_3",
	      	"category" : "wxkj_ore",
        "name": "铁矿石(大)",
        "name_plural": "铁矿石(大)",
        "description": "一块巨大的铁矿石,有多种用途.",
        "symbol": "*",
        "color": "red",
        "volume" : 80000,		
		      "weight": 628800,  
        "stack_size" : 200,
        "material": ["wxkj_meterial_Fe"]
		},	
		{
		"type" : "recipe",
		"result" : "wxkj_ore_Fe_1",
		"category" : "CC_无限商店",
		"subcategory": "CSC_无限商店_材料",
    "time": 1000,
    "reversible": false,
    "autolearn": true,
      "charges" : 9,
    "flags": ["BLIND_HARD"],
    "qualities": [ { "id": "SAW_M_FINE", "level": 1 } ],
    "components": [
      [ [ "wxkj_ore_Fe_2", 1 ] ] 
    ]
  },
  {
		"type" : "recipe",
		"result" : "wxkj_ore_Fe_2",
		"category" : "CC_无限商店",
		"subcategory": "CSC_无限商店_材料",
    "time": 1000,
    "reversible": false,
    "autolearn": true,
      "charges" : 9,
    "flags": ["BLIND_HARD"],
    "qualities": [ { "id": "SAW_M_FINE", "level": 1 } ],
    "components": [
      [ [ "wxkj_ore_Fe_3", 1 ] ] 
    ]
  }
]