[
  {
    "id": "mon_star_horse",
    "type": "MONSTER",
    "name": "星骓",
    "description": "一匹半元素化的骏马，来自星界，驮力惊人。",
    "default_faction": "magical_beast",
    "bodytype": "horse",
    "species": [ "MAGICAL_ELEMENT" ],
    "volume": "550000 ml",
    "weight": "2000 kg",
    "hp": 100,
    "speed": 350,
    "luminance": 16,
    "material": [ "powder" ],
    "symbol": "H",
    "color": "cyan",
    "morale": 20,
    "melee_skill": 6,
    "melee_dice": 3,
    "melee_dice_sides": 12,
    "melee_cut": 0,
    "dodge": 5,
    "armor_bash": 3,
    "anger_triggers": [ "FRIEND_ATTACKED" ],
    "fear_triggers": [ "SOUND", "PLAYER_CLOSE" ],
    "placate_triggers": [ "PLAYER_WEAK" ],
    "death_function": [ "NORMAL" ],
    "harvest": "mammal_large_leather",
    "biosignature": { "biosig_item": "feces_manure", "biosig_timer": 2 },
    "special_attacks": [ [ "EAT_CROP", 60 ] ],
    "flags": [ "SEES", "HEARS", "SMELLS", "ANIMAL", "CATTLEFODDER", "PET_WONT_FOLLOW", "PET_MOUNTABLE", "PATH_AVOID_DANGER_1" ]
  },
  {
    "id": "mon_space_element_guard",
    "type": "MONSTER",
    "name": "时空元素守卫",
    "description": "悬浮在原地，闪着危险的幽蓝光辉，它负责守护或者摧毁空间锻炉。",
    "default_faction": "magical_beast",
    "bodytype": "dog",
    "species": [ "MAGICAL_ELEMENT" ],
    "volume": "15000 ml", "weight": "10 g",
    "hp": 30000,
    "speed": 100,
    "luminance": 16,
    "material": [ "powder" ],
    "symbol": "v",
    "color": "light_blue",
    "aggression": 100, "morale": 100,
    "melee_skill": 6, "melee_dice": 0, "melee_dice_sides": 0, "dodge": 10,
    "vision_day": 30, "vision_night": 30,
    "special_attacks": [ { "type": "spell", "spell_id": "space_element_flat", "spell_level": 1, "cooldown": 10 } ],
    "anger_triggers": [ "PLAYER_CLOSE", "STALK", "FRIEND_ATTACKED", "FRIEND_DIED" ],
    "death_function": [ "DISINTEGRATE" ],
    "flags": [ "SEES", "HEARS", "PATH_AVOID_DANGER_1", "ELECTRIC", "HARDTOSHOOT", "NOGIB", "NOHEAD", "NO_BREATHE", "IMMOBILE", "INTERIOR_AMMO" ]
  },
  {
    "id": "mon_stone_totem",
    "type": "MONSTER",
    "name": "石爪图腾",
    "description": "被大地之力活化的石质图腾柱。",
    "default_faction": "magical_beast",
    "species": [ "MAGICAL_ELEMENT" ],
    "volume": "2000L",
    "weight": "100000 g",
    "hp": 300,
    "speed": 20,
    "luminance": 5,
    "material": [ "stone" ],
    "symbol": "&",
    "color": "brown",
    "aggression": 100,
    "morale": 100,
    "melee_skill": 6,
    "melee_dice": 3,
    "melee_dice_sides": 5,
    "melee_damage": [ { "damage_type": "bash", "amount": 20 } ],
    "dodge": 1,
    "armor_cut": 5,
    "armor_stab": 5,
    "vision_day": 20,
    "vision_night": 20,
    "attack_effs": [ { "id": "downed", "duration": 5, "chance": 50 } ],
    "special_attacks": [ { "type": "spell", "spell_id": "eshaper_piercing_bolt", "spell_level": 1, "cooldown": 5 } ],
    "anger_triggers": [ "PLAYER_CLOSE", "STALK", "FRIEND_ATTACKED", "FRIEND_DIED" ],
    "death_function": [ "DISINTEGRATE" ],
    "flags": [ "SEES", "HEARS", "NOGIB", "NOHEAD", "NO_BREATHE", "GRABS" ]
  },
  {
    "id": "mon_winder_elder1",
    "copy-from": "mon_winder_elder",
    "type": "MONSTER",
    "name": "Whiper 风元素长老",
    "description": "上位元素响应盟约而来，它手中把玩着一道游蛇状的雷光。",
    "special_attacks": [ { "type": "spell", "spell_id": "lightning_flog", "spell_level": 20, "cooldown": 15 } ]
  },
  {
    "id": "mon_winder_elder2",
    "copy-from": "mon_winder_elder",
    "type": "MONSTER",
    "name": "Blader 风元素长老",
    "description": "上位元素响应盟约而来，它周身风刃环绕。",
    "special_attacks": [ { "type": "spell", "spell_id": "wind_blade", "spell_level": 10, "cooldown": 3 } ]
  },
  {
    "id": "mon_winder_elder3",
    "copy-from": "mon_winder_elder",
    "type": "MONSTER",
    "name": "Shocker 风元素长老",
    "description": "上位元素响应盟约而来，它肩头跳动着几团球状闪电。",
    "special_attacks": [ { "type": "spell", "spell_id": "lightning_blast", "spell_level": 25, "cooldown": 20 } ]
  },
  {
    "id": "mon_winder_elder",
    "type": "MONSTER",
    "name": "风元素长老",
    "description": "风元素精英模板",
    "default_faction": "magical_beast",
    "bodytype": "tank",
    "species": [ "MAGICAL_ELEMENT" ],
    "volume": "20000L",
    "weight": "1000 g",
    "hp": 1000,
    "speed": 180,
    "luminance": 16,
    "material": [ "powder" ],
    "symbol": "V",
    "color": "light_cyan",
    "aggression": 100,
    "morale": 100,
    "melee_skill": 10,
    "melee_dice": 7,
    "melee_dice_sides": 5,
    "melee_damage": [ { "damage_type": "electric", "amount": 20 } ],
    "dodge": 10,
    "armor_bash": 5,
    "armor_cut": 10,
    "armor_stab": 10,
    "armor_acid": 10,
    "vision_day": 40,
    "vision_night": 40,
    "special_when_hit": [ "ZAPBACK", 100 ],
    "anger_triggers": [ "PLAYER_CLOSE", "STALK", "FRIEND_ATTACKED", "FRIEND_DIED" ],
    "death_function": [ "DISINTEGRATE" ],
    "flags": [ "SEES", "HEARS", "PATH_AVOID_DANGER_1", "ELECTRIC", "HARDTOSHOOT", "NOGIB", "NOHEAD", "NO_BREATHE", "QUEEN" ]
  },
  {
    "id": "mon_winder_m",
    "type": "MONSTER",
    "name": "风元素",
    "description": "高大的元素生物，由电流和气旋构成。",
    "default_faction": "magical_beast",
    "bodytype": "cow",
    "species": [ "MAGICAL_ELEMENT" ],
    "volume": "1500L",
    "weight": "1000 g",
    "hp": 200,
    "speed": 160,
    "luminance": 16,
    "material": [ "powder" ],
    "symbol": "V",
    "color": "light_gray",
    "aggression": 50,
    "morale": 90,
    "melee_skill": 9,
    "melee_dice": 2,
    "melee_dice_sides": 7,
    "melee_damage": [ { "damage_type": "electric", "amount": 10 } ],
    "dodge": 9,
    "vision_day": 40,
    "vision_night": 40,
    "special_attacks": [ { "type": "spell", "spell_id": "lightning_flog", "spell_level": 10, "cooldown": 20 } ],
    "special_when_hit": [ "ZAPBACK", 60 ],
    "anger_triggers": [ "PLAYER_CLOSE", "STALK", "FRIEND_ATTACKED", "FRIEND_DIED" ],
    "death_function": [ "DISINTEGRATE" ],
    "flags": [ "SEES", "HEARS", "PATH_AVOID_DANGER_1", "ELECTRIC", "HARDTOSHOOT", "NOGIB", "NOHEAD", "NO_BREATHE", "GROUP_MORALE" ]
  },
  {
    "id": "mon_winder_lesser",
    "type": "MONSTER",
    "name": "风之子",
    "description": "一团不到成人膝盖高度的小气旋，在新英格兰的土地上欢快地滚来滚去。",
    "default_faction": "magical_beast",
    "bodytype": "dog",
    "species": [ "MAGICAL_ELEMENT" ],
    "volume": "15000 ml",
    "weight": "10 g",
    "hp": 30,
    "speed": 160,
    "luminance": 16,
    "material": [ "powder" ],
    "symbol": "v",
    "color": "light_gray",
    "aggression": 20,
    "morale": 50,
    "melee_skill": 6,
    "melee_dice": 1,
    "melee_dice_sides": 5,
    "melee_damage": [ { "damage_type": "electric", "amount": 5 } ],
    "dodge": 9,
    "vision_day": 30,
    "vision_night": 30,
    "special_attacks": [ { "type": "spell", "spell_id": "wind_blade", "spell_level": 1, "cooldown": 20 } ],
    "anger_triggers": [ "PLAYER_CLOSE", "STALK", "FRIEND_ATTACKED", "FRIEND_DIED" ],
    "death_function": [ "DISINTEGRATE" ],
    "flags": [ "SEES", "HEARS", "PATH_AVOID_DANGER_1", "ELECTRIC", "HARDTOSHOOT", "NOGIB",  "NOHEAD", "NO_BREATHE", "GROUP_MORALE" ]
  }
]
