  [
  {
    "id": "mon_wxkj_bby1",
    "type": "MONSTER",
    "name": "笨笨鱼",
    "description": "笨笨鱼的鳍是蓝色的，它长的很丑陋，笨笨鱼的外貌由土黄色蓝色为主、身上有些坑坑巴巴的，眼睛呈现呆滞的表情。",
    "categories": [ "WILDLIFE" ],
    "species": [ "MAMMAL" ],
    "default_faction": "mns_family",
    "harvest": "mammal_tiny",
    "diff": 2,
    "size": "TINY",
    "volume": "5 ml",
    "weight": 10,
    "hp": 95,
    "speed": 81,
    "material": [ "flesh" ],
    "symbol": "U",
    "color": "light_gray",
    "aggression": 1,
    "morale": 100,
    "melee_skill": 1,
    "melee_dice_sides": 5,
    "melee_dice": 2,
    "melee_cut": 10,
    "melee_bash": 6,
    "dodge": 3,
    "armor_bash": 8,
    "armor_cut": 13, 
    "path_settings": { "max_dist": 15 },
    "anger_triggers": [ "HURT", "FRIEND_ATTACKED","FRIEND_DIED"],
    "placate_triggers": [ "MEAT" ],
    "fear_triggers": [ "PLAYER_CLOSE","STALK" ],   
    "upgrades":
   { "age_grow": 90, "into":"mon_wxkj_mns1" },
     "special_attacks": 
     [     
      [ "wxkj_bump", 5 ]
     ],   
    "death_function": [ "MELT" ],
    "flags": [ "SEES", "HEARS", "SMELLS", "ANIMAL", "PATH_AVOID_DANGER_2", "WARM", "FUR",  "FAT","DOGFOOD",
   "PET_MOUNTABLE","SWIMS"
      ]
  },
  {
    "id": "mon_wxkj_bby2",
    "type": "MONSTER",
    "name": "笨笨鱼",
    "description": "笨笨鱼的鳍是蓝色的，它长的很丑陋，笨笨鱼的外貌由土黄色蓝色为主、身上有些坑坑巴巴的，眼睛呈现呆滞的表情。",
    "categories": [ "WILDLIFE" ],
    "species": [ "MAMMAL" ],
    "default_faction": "mns_family",
    "harvest": "mammal_tiny",
    "diff": 2,
    "size": "TINY",
    "volume": "5 ml",
    "weight": 10,
    "hp": 95,
    "speed": 81,
    "material": [ "flesh" ],
    "symbol": "U",
    "color": "light_gray",
    "aggression": 1,
    "morale": 100,
    "melee_skill": 1,
    "melee_dice_sides": 5,
    "melee_dice": 2,
    "melee_cut": 10,
    "melee_bash": 6,
    "dodge": 3,
    "armor_bash": 8,
    "armor_cut": 13, 
    "path_settings": { "max_dist": 15 },
    "anger_triggers": [ "HURT", "FRIEND_ATTACKED","FRIEND_DIED"],
    "placate_triggers": [ "MEAT" ],
    "fear_triggers": [ "PLAYER_CLOSE","STALK" ],       
     "special_attacks": 
     [      
      [ "wxkj_bump", 5 ]
     ],   
    "death_function": [ "MELT" ],
    "flags": [ "SEES", "HEARS", "SMELLS", "ANIMAL", "PATH_AVOID_DANGER_2", "WARM", "FUR",  "FAT","DOGFOOD",
   "PET_MOUNTABLE","SWIMS"
      ]
  },
  {
    "id": "mon_wxkj_bby3",
    "type": "MONSTER",
    "name": "笨笨鱼",
    "description": "笨笨鱼的鳍是蓝色的，它长的很丑陋，笨笨鱼的外貌由土黄色蓝色为主、身上有些坑坑巴巴的，眼睛呈现呆滞的表情。",
    "categories": [ "WILDLIFE" ],
    "species": [ "MAMMAL" ],
    "default_faction": "mns_family",
    "harvest": "mammal_tiny",
    "diff": 2,
    "size": "TINY",
    "volume": "5 ml",
    "weight": 10,
    "hp": 95,
    "speed": 81,
    "material": [ "flesh" ],
    "symbol": "U",
    "color": "light_gray",
    "aggression": 1,
    "morale": 100,
    "melee_skill": 1,
    "melee_dice_sides": 5,
    "melee_dice": 2,
    "melee_cut": 10,
    "melee_bash": 6,
    "dodge": 3,
    "armor_bash": 8,
    "armor_cut": 13, 
    "path_settings": { "max_dist": 15 },
    "anger_triggers": [ "HURT", "FRIEND_ATTACKED","FRIEND_DIED"],
    "placate_triggers": [ "MEAT" ],
    "fear_triggers": [ "PLAYER_CLOSE","STALK" ],       
     "special_attacks": 
     [      
      [ "wxkj_bump", 5 ]
     ],   
    "death_function": [ "MELT" ],
    "flags": [ "SEES", "HEARS", "SMELLS", "ANIMAL", "PATH_AVOID_DANGER_2", "WARM", "FUR",  "FAT","DOGFOOD",
   "PET_MOUNTABLE","SWIMS"
      ]
  },
  {
    "id": "mon_wxkj_bby4",
    "type": "MONSTER",
    "name": "笨笨鱼",
    "description": "笨笨鱼的鳍是蓝色的，它长的很丑陋，笨笨鱼的外貌由土黄色蓝色为主、身上有些坑坑巴巴的，眼睛呈现呆滞的表情。",
    "categories": [ "WILDLIFE" ],
    "species": [ "MAMMAL" ],
    "default_faction": "mns_family",
    "harvest": "mammal_tiny",
    "diff": 2,
    "size": "TINY",
    "volume": "5 ml",
    "weight": 10,
    "hp": 95,
    "speed": 81,
    "material": [ "flesh" ],
    "symbol": "U",
    "color": "light_gray",
    "aggression": 1,
    "morale": 100,
    "melee_skill": 1,
    "melee_dice_sides": 5,
    "melee_dice": 2,
    "melee_cut": 10,
    "melee_bash": 6,
    "dodge": 3,
    "armor_bash": 8,
    "armor_cut": 13, 
    "path_settings": { "max_dist": 15 },
    "anger_triggers": [ "HURT", "FRIEND_ATTACKED","FRIEND_DIED"],
    "placate_triggers": [ "MEAT" ],
    "fear_triggers": [ "PLAYER_CLOSE","STALK" ],       
     "special_attacks": 
     [      
      [ "wxkj_bump", 5 ]
     ],   
    "death_function": [ "MELT" ],
    "flags": [ "SEES", "HEARS", "SMELLS", "ANIMAL", "PATH_AVOID_DANGER_2", "WARM", "FUR",  "FAT","DOGFOOD",
   "PET_MOUNTABLE","SWIMS"
      ]
  }
  ]