  [
  {
    "id": "mon_wxkj_mns1",
    "type": "MONSTER",
    "name": "美纳斯",
    "description": "美纳斯的体色以米白色为主色，头上有触须和类似头发的粉红色鱼鳍，细长的睫毛，颈部两侧有笨笨鱼时的黑斑，彩虹般的扇形鱼尾是其特色.",
    "categories": [ "WILDLIFE" ],
    "species": [ "MAMMAL" ],
    "default_faction": "mns_family",
    "harvest": "mammal_tiny",
    "diff": 30,
    "size": "LARGE",
    "volume": "5 ml",
    "weight": 10,   
    "hp": 788,
    "speed": 287,
    "material": [ "flesh" ],
    "symbol": "U",
    "color": "light_gray",
    "aggression": 60,
    "morale": 100,
    "melee_skill": 7,
    "melee_dice_sides": 10,
    "melee_dice": 2,
    "melee_cut": 48,
    "melee_bash": 76,
    "dodge": 9,
    "armor_bash": 28,
    "armor_cut": 38, 
    "vision_day": 60,
    "vision_night": 30,
    "path_settings": { "max_dist": 60 },
    "anger_triggers": [ "HURT", "FRIEND_ATTACKED","FRIEND_DIED",  "PLAYER_CLOSE","STALK"],
    "placate_triggers": [ "MEAT" ],
    "reproduction": { "baby_monster": "mon_wxkj_bby1", "baby_count": 1, "baby_timer": 365 },
    "baby_flags": [ "SPRING", "SUMMER", "AUTUMN" ],
     "special_attacks": 
     [
     { "type": "spell", "spell_id": "wxkj_sqbb_ytq", "spell_level": 1, "cooldown": 20 }   
     ],   
    "death_function": [ "MELT" ],
    "flags": [ "SEES", "HEARS", "SMELLS", "ANIMAL", "PATH_AVOID_DANGER_2", "WARM", "FUR",  "FAT","DOGFOOD",
   "PET_MOUNTABLE","SWIMS"
      ]
  }
  
  ]