[
{
		"type" : "item_group",
		"subtype": "collection",
		"comment": "美纳斯掉落",	
		"id": "mon_drop_mns0",
		"entries":
	[
	{ "item": "SKJB", "count": [200,600] }
	]
},
{
		"type" : "item_group",
		"subtype": "collection",
		"comment": "美纳斯掉落",	
		"id": "mon_drop_mns1",
		"entries":
	[
	{ "item": "wx_baby_mns1", "count": [1,1] }
	]
},
{
		"type" : "MONSTER",
		"id" : "mon_wxkj_mns1",
		"copy-from" : "mon_wxkj_mns1",
		"death_drops": 
		{
			"subtype": "collection",
			"groups": 
		[	
    		[ "mon_drop_mns1", 10 ],
			[ "mon_drop_mns0", 90 ]
			
		]
		}
}
]