[
  {
    "id": "water_smoke",
    "copy-from": "water",
    "type": "COMESTIBLE",
    "name": "烟雾溶液",
    "name_plural": "烟雾溶液",
    "description": "一种浓稠的水溶液，可以蒸发成烟雾。最好不要喝它。",
    "category": "other",
    "color": "cyan",
    "count": 21,
    "container": "bottle_plastic",
    "nutrition": 3,
    "quench": 9,
    "ammo_data": { "ammo_type": "smoke_juice" },
    "flags": [ "EATEN_COLD" ]
  },
  {
    "id": "chime_scrap",
    "type": "AMMO",
    "name": "小风铃",
    "//": "An intro to mechanics, and a noisemaker.",
    "description": "几块被绑在绳子上的粗糙金属。当被展开后投掷出去可以产生噪音分散敌人的注意力。",
    "weight": 440,
    "volume": 1,
    "price": 300,
    "material": [ "steel" ],
    "symbol": "&",
    "color": "ltgray",
    "count": 1,
    "ammo_type": "thrown",
    "flags": [ "RECOVER_10", "NO_EMBED", "ACT_ON_RANGED_HIT" ],
    "use_action": { "target": "chime_scrap_act", "target_charges": 2, "active": true, "type": "transform" }
  },
  {
    "id": "chime_scrap_act",
    "type": "TOOL",
    "name": "小风铃",
    "//": "turns on because it needs to make noise.  Cant use a use action because they all use customized, specific sound description.",
    "description": "几块被绑在绳子上的粗糙金属。当被展开后投掷出去可以产生噪音分散敌人的注意力。",
    "weight": 440,
    "volume": 1,
    "price": 300,
    "material": [ "steel" ],
    "symbol": "&",
    "color": "ltgray",
    "flags": [ "NO_BOOM" ],
    "revert_to": "chime_scrap",
    "initial_charges": 2,
    "max_charges": 2,
    "turns_per_charge": 1,
    "use_action": {
      "type": "explosion",
      "sound_volume": 24,
      "sound_msg": "铿锵-叮当-叮当",
      "no_deactivate_msg": "它没有被激活;你为什么要破坏它?",
      "explosion": {  }
    }
  },
  {
    "id": "bomblet_casing",
    "type": "AMMO",
    "copy-from": "casing",
    "category": "spare_parts",
    "name": "小型榴弹外壳",
    "description": "一个空的小型榴弹外壳",
    "weight": 12,
    "volume": 2,
    "price": 10000,
    "material": [ "plastic", "steel" ],
    "symbol": "o",
    "color": "yellow",
    "count": 10,
    "ammo_type": "components"
  },
  {
    "id": "bomblet_explosive",
    "type": "AMMO",
    "name": "小型榴弹",
    "description": "一个装满炸药的小圆筒，发射后产生爆炸。",
    "weight": 80,
    "volume": 2,
    "price": 40000,
    "material": [ "plastic", "powder" ],
    "symbol": "*",
    "color": "brown",
    "count": 6,
    "ammo_type": "bomblet",
    "range": 25,
    "damage": 1,
    "pierce": 10,
    "effects": [ "NEVER_MISFIRES", "COOKOFF", "RECOVER_9", "ACT_ON_RANGED_HIT", "CUSTOM_EXPLOSION" ],
    "explode_in_fire": true,
    "explosion": { "power": 12, "distance_factor": 0.1, "shrapnel": 2 }
  },
  {
    "id": "bomblet_frag",
    "type": "AMMO",
    "name": "破片小型榴弹",
    "description": "一个装满炸药的小圆筒，内部填充了许多易碎金属。非常强大，但是对于使用者来说也相当危险。",
    "weight": 80,
    "volume": 2,
    "price": 65000,
    "material": [ "plastic", "powder" ],
    "symbol": "*",
    "color": "yellow",
    "count": 6,
    "ammo_type": "bomblet",
    "range": 20,
    "damage": 3,
    "pierce": 10,
    "effects": [ "NEVER_MISFIRES", "COOKOFF", "RECOVER_9", "ACT_ON_RANGED_HIT", "CUSTOM_EXPLOSION" ],
    "explode_in_fire": true,
    "explosion": { "power": 4, "distance_factor": 0.1, "shrapnel": 12 }
  },
  {
    "id": "bomblet_fire",
    "type": "AMMO",
    "name": "燃烧小型榴弹",
    "description": "一个装满炸药的小圆筒，产生巨大的爆炸，烟雾，以及火焰。危险物品，请小心使用。",
    "weight": 80,
    "volume": 2,
    "price": 55000,
    "material": [ "plastic", "powder" ],
    "symbol": "*",
    "color": "red",
    "count": 6,
    "ammo_type": "bomblet",
    "range": 20,
    "damage": 3,
    "pierce": 10,
    "effects": [ "INCENDIARY", "NEVER_MISFIRES", "COOKOFF", "RECOVER_9", "ACT_ON_RANGED_HIT", "CUSTOM_EXPLOSION" ],
    "explode_in_fire": true,
    "emits": [ "emit_smoke_bomblet", "emit_fire_bomblet", "emit_fire_bomblet_small" ],
    "countdown_interval": 2,
    "countdown_destroy": true,
    "countdown_action": { "type": "explosion", "explosion": { "power": 4, "distance_factor": 0.1 } }
  },
  {
    "id": "bomblet_acid",
    "type": "AMMO",
    "name": "酸性小型榴弹",
    "description": "一个装满强酸和有毒化学物质的小圆筒。发射后产生大量酸性液体和腐蚀性空气。",
    "weight": 80,
    "volume": 2,
    "price": 50000,
    "material": [ "plastic", "powder" ],
    "symbol": "*",
    "color": "ltgreen",
    "count": 6,
    "ammo_type": "bomblet",
    "range": 20,
    "damage": 3,
    "pierce": 10,
    "effects": [ "NEVER_MISFIRES", "COOKOFF", "RECOVER_9", "ACT_ON_RANGED_HIT", "CUSTOM_EXPLOSION" ],
    "explode_in_fire": true,
    "emits": [ "emit_tgas_bomblet", "emit_acid_bomblet" ],
    "countdown_interval": 2,
    "countdown_destroy": true,
    "countdown_action": { "type": "explosion", "explosion": { "power": 4, "distance_factor": 0.1 } }
  },
  {
    "id": "bomblet_stun",
    "type": "AMMO",
    "name": "眩晕小型榴弹",
    "description": "一个装满炸药的小圆筒，在爆裂时发出强烈的声音和光线，可以使敌人晕眩。",
    "weight": 80,
    "volume": 2,
    "price": 45000,
    "material": [ "plastic", "powder" ],
    "symbol": "*",
    "color": "ltblue",
    "count": 6,
    "ammo_type": "bomblet",
    "range": 25,
    "damage": 3,
    "pierce": 10,
    "effects": [ "LARGE_BEANBAG", "RECOVER_9", "NEVER_MISFIRES", "COOKOFF", "ACT_ON_RANGED_HIT", "CUSTOM_EXPLOSION" ],
    "explode_in_fire": true,
    "emits": [ "emit_dazzle_bomblet", "emit_teargas_bomblet" ],
    "countdown_interval": 2,
    "countdown_destroy": true,
    "countdown_action": { "target": "bomblet_stun_act", "target_charges": 1, "active": true, "type": "transform" }
  },
  {
    "id": "bomblet_stun_act",
    "type": "TOOL",
    "name": "眩晕小型榴弹",
    "description": "一个活跃的眩晕小炸弹，准备爆炸。",
    "weight": 80,
    "volume": 2,
    "price": 45000,
    "material": [ "plastic", "powder" ],
    "symbol": "*",
    "color": "ltblue",
    "initial_charges": 1,
    "max_charges": 1,
    "turns_per_charge": 1,
    "use_action": { "type": "explosion", "emp_blast_radius": 1, "explosion": { "power": 1, "distance_factor": 0.2, "shrapnel": 1 } }
  },
  {
    "id": "acidbomb_large",
    "type": "AMMO",
    "category": "weapons",
    "name": "中型硫酸瓶",
    "description": "装有腐蚀性化学物质的玻璃瓶。当投掷出去后，它们会向各个方向喷洒，形成一个中性酸性区域。",
    "weight": 1231,
    "volume": 3,
    "price": 7500,
    "to_hit": -1,
    "bashing": 10,
    "material": [ "glass" ],
    "symbol": "*",
    "color": "i_ltgreen",
    "ammo_type": "thrown",
    "flags": [ "ACT_ON_RANGED_HIT", "RECOVER_9" ],
    "emits": [ "emit_acid_large" ],
    "countdown_interval": 8,
    "countdown_destroy": true,
    "countdown_action": { "type": "explosion", "explosion": {  } }
  },
  {
    "id": "acidbomb_small",
    "type": "AMMO",
    "category": "weapons",
    "name": "小型硫酸瓶",
    "description": "装有腐蚀性化学物质的玻璃瓶。当投掷出去后，它们会向各个方向喷洒，形成一个小性酸性区域。",
    "weight": 813,
    "volume": 2,
    "price": 5000,
    "to_hit": -1,
    "bashing": 10,
    "material": [ "glass" ],
    "symbol": "*",
    "color": "green",
    "ammo_type": "thrown",
    "flags": [ "ACT_ON_RANGED_HIT", "RECOVER_9" ],
    "emits": [ "emit_acid_small", "emit_acid_trail_slow" ],
    "countdown_interval": 21,
    "countdown_destroy": true,
    "countdown_action": { "type": "explosion", "no_deactivate_msg": "The acid bubbles caustically.", "explosion": {  } }
  },
  {
    "id": "molotov_micro",
    "type": "TOOL",
    "category": "weapons",
    "name": "小型自制燃烧瓶",
    "description": "一个装满汽油的小容器，用保险丝绑了起来。当它被点燃并扔出去时，或许可以点燃目标，但是因为火力较小，所以也可能并不会对目标造成什么伤害。",
    "weight": 295,
    "volume": 1,
    "price": 4500,
    "to_hit": -1,
    "bashing": 8,
    "material": [ "hydrocarbons", "cotton", "glass" ],
    "symbol": "*",
    "color": "ltred",
    "explode_in_fire": true,
    "use_action": {
      "target": "molotov_micro_act",
      "msg": "你点燃了小型自制燃烧瓶。",
      "target_charges": 2,
      "active": true,
      "moves": 75,
      "need_fire": 1,
      "type": "transform"
    },
    "flags": [ "NPC_ACTIVATE" ]
  },
  {
    "id": "molotov_micro_act",
    "type": "TOOL",
    "category": "weapons",
    "name": "小型自制燃烧瓶(点燃)",
    "description": "点燃后的小型燃烧瓶，扔出去吧，或许有效果。",
    "weight": 285,
    "volume": 1,
    "material": [ "hydrocarbons", "cotton" ],
    "symbol": "*",
    "color": "ltred",
    "initial_charges": 2,
    "turns_per_charge": 1,
    "use_action": {
      "type": "explosion",
      "fields_type": "fd_fire",
      "fields_radius": 0,
      "fields_min_density": 0,
      "fields_max_density": 2,
      "no_deactivate_msg": "扔掉它！"
    },
    "flags": [ "LIGHT_15", "TRADER_AVOID", "NPC_THROW_NOW" ]
  },
  {
    "id": "shot_410_hull",
    "type": "AMMO",
    "copy-from": "casing",
    "category": "spare_parts",
    "name": "410霰弹弹壳",
    "description": "一个空的410霰弹弹壳。",
    "weight": 12,
    "volume": 2,
    "price": 10000,
    "material": [ "plastic", "steel" ],
    "symbol": "=",
    "color": "yellow",
    "ammo_type": "components"
  },
  {
    "id": "shot_410",
    "type": "AMMO",
    "name": "410霰弹",
    "name_plural": "410霰弹",
    "description": "410霰弹内部装满了破坏性的铁砂。这种子弹的尺寸与.45子弹一致，可互换。与其他同类子弹相比，它的破坏力与精准度都较差。",
    "weight": 24,
    "volume": 1,
    "price": 5000,
    "material": [ "plastic", "powder" ],
    "symbol": "=",
    "color": "ltred",
    "count": 20,
    "stack_size": 20,
    "ammo_type": "45",
    "casing": "shot_410_hull",
    "range": 8,
    "damage": 32,
    "dispersion": 25,
    "recoil": 250,
    "effects": [ "COOKOFF", "SHOT", "BEANBAG" ]
  },
  {
    "id": "shot_410_slug",
    "type": "AMMO",
    "name": "410穿甲霰弹",
    "description": "实心设计的小口径霰弹，被设计用来穿甲。这种子弹的尺寸与.45子弹一致，可互换。与其他同类子弹相比，它的破坏力与精准度都较差。",
    "weight": 22,
    "volume": 1,
    "price": 7500,
    "material": [ "plastic", "powder" ],
    "symbol": "=",
    "color": "ltred",
    "count": 20,
    "stack_size": 20,
    "ammo_type": "45",
    "casing": "shot_410_hull",
    "range": 16,
    "damage": 34,
    "pierce": 8,
    "dispersion": 40,
    "recoil": 550,
    "loudness": 140,
    "effects": [ "COOKOFF", "BEANBAG" ]
  },
  {
    "id": "shot_410_flechette",
    "type": "AMMO",
    "name": "410镖形霰弹",
    "name_plural": "410镖形霰弹",
    "description": "拥有4个尖弹头和填装了大量的炸药的小口径霰弹，这种子弹的尺寸与.45子弹一致，可互换。与其他同类子弹相比，它的破坏力与精准度都较差。",
    "weight": 22,
    "volume": 1,
    "price": 7500,
    "material": [ "plastic", "powder" ],
    "symbol": "=",
    "color": "ltred",
    "count": 20,
    "stack_size": 20,
    "ammo_type": "45",
    "casing": "shot_410_hull",
    "range": 12,
    "damage": 26,
    "pierce": 12,
    "dispersion": 10,
    "recoil": 350,
    "effects": [ "COOKOFF", "SHOT" ]
  },
  {
    "id": "shot_410_inc",
    "type": "AMMO",
    "name": "410燃烧霰弹",
    "name_plural": "410燃烧霰弹",
    "description": "附带燃烧效果的小口径霰弹，在受到冲击时会猛烈地燃烧。这种子弹的尺寸与.45子弹一致，可互换。与其他同类子弹相比，它的破坏力与精准度都较差。",
    "weight": 26,
    "volume": 1,
    "price": 7500,
    "material": [ "plastic", "powder" ],
    "symbol": "=",
    "color": "ltred",
    "count": 20,
    "stack_size": 20,
    "ammo_type": "45",
    "casing": "shot_410_hull",
    "range": 8,
    "damage": 8,
    "dispersion": 40,
    "recoil": 300,
    "loudness": 180,
    "effects": [ "COOKOFF", "BEANBAG", "INCENDIARY" ]
  },
  {
    "id": "shot_410_reloaded",
    "type": "AMMO",
    "copy-from": "shot_410",
    "name": "复装410霰弹",
    "name_plural": "复装410霰弹",
    "description": "410霰弹内部装满了破坏性的铁砂。这种子弹的尺寸与.45子弹一致，可互换。与其他同类子弹相比，它的破坏力与精准度都较差。",
    "proportional": { "price": 0.7, "damage": 0.8, "dispersion": 1.2 },
    "extend": { "effects": [ "RECYCLED" ] }
  },
  {
    "id": "shot_410_slug_reloaded",
    "type": "AMMO",
    "copy-from": "shot_410_slug",
    "name": "复装410穿甲霰弹",
    "name_plural": "复装410穿甲霰弹",
    "description": "实心设计的小口径霰弹，被设计用来穿甲。这种子弹的尺寸与.45子弹一致，可互换。与其他同类子弹相比，它的破坏力与精准度都较差。",
    "proportional": { "price": 0.7, "damage": 0.8, "dispersion": 1.2 },
    "extend": { "effects": [ "RECYCLED" ] }
  },
  {
    "id": "shot_410_flechette_reloaded",
    "type": "AMMO",
    "copy-from": "shot_410_flechette",
    "name": "复装410镖形霰弹",
    "name_plural": "复装410镖形霰弹",
    "description": "拥有4个尖弹头和填装了大量的炸药的小口径霰弹，这种子弹的尺寸与.45子弹一致，可互换。与其他同类子弹相比，它的破坏力与精准度都较差。",
    "proportional": { "price": 0.7, "damage": 0.8, "dispersion": 1.2 },
    "extend": { "effects": [ "RECYCLED" ] }
  },
  {
    "id": "shot_410_inc_reloaded",
    "type": "AMMO",
    "copy-from": "shot_410_inc",
    "name": "复装410燃烧霰弹",
    "name_plural": "复装410燃烧霰弹",
    "description": "附带燃烧效果的小口径霰弹，在受到冲击时会猛烈地燃烧。这种子弹的尺寸与.45子弹一致，可互换。与其他同类子弹相比，它的破坏力与精准度都较差。",
    "proportional": { "price": 0.7, "damage": 0.8, "dispersion": 1.2 },
    "extend": { "effects": [ "RECYCLED" ] }
  },
  {
    "id": "bfg_shell",
    "type": "AMMO",
    "name": "BFG等离子弹",
    "name_plural": "BFG等离子弹",
    "description": "大型绿色球状物，散发着微弱的光芒。内部不断旋转。一旦受到猛烈的冲击，内部的等离子将会失去稳定状态从而产生爆炸。",
    "weight": 150,
    "volume": 8,
    "price": 45000,
    "material": [ "spess_plastic", "powder" ],
    "symbol": "*",
    "color": "ltgreen",
    "count": 4,
    "ammo_type": "bfg_plutonium",
    "range": 40,
    "damage": 35,
    "pierce": 20,
    "effects": [
      "RECOVER_9",
      "NO_EMBED",
      "BOUNCE",
      "PLASMA",
      "ACT_ON_RANGED_HIT",
      "CUSTOM_EXPLOSION",
      "LEAK_ALWAYS",
      "LEAK_DAM",
      "RADIOACTIVE"
    ],
    "emits": [ "emit_bfg_rad", "emit_plasma", "emit_fatigue_big", "emit_fatigue" ],
    "countdown_interval": 2,
    "countdown_action": { "target": "bfg_shell_act", "target_charges": 1, "active": true, "type": "transform" }
  },
  {
    "id": "bfg_shell_act",
    "type": "TOOL",
    "name": "BFG等离子弹",
    "description": "这是一个充满能量的球体，在它摧毁现实的过程中，它能让你感到不安和痛苦。",
    "weight": 80,
    "volume": 2,
    "price": 45000,
    "material": [ "plastic", "powder" ],
    "symbol": "*",
    "color": "ltblue",
    "initial_charges": 1,
    "max_charges": 1,
    "turns_per_charge": 1,
    "use_action": {
      "type": "explosion",
      "emp_blast_radius": 5,
      "explosion": {
        "power": 60,
        "distance_factor": 0.4,
        "shrapnel": 4,
        "fields_type": "fd_rubble",
        "fields_radius": 2,
        "fields_min_density": 0,
        "fields_max_density": 1
      }
    }
  },
  {
    "id": "signal_flare",
    "type": "AMMO",
    "name": "信号弹",
    "description": "一个沉重的塑料信号弹弹药。似乎是改造自霰弹枪弹药。",
    "weight": 32,
    "volume": 1,
    "price": 2500,
    "material": [ "plastic", "powder" ],
    "symbol": "=",
    "color": "red",
    "count": 4,
    "stack_size": 20,
    "ammo_type": [ "signal_flare", "shot" ],
    "casing": "shot_hull",
    "range": 30,
    "damage": 16,
    "dispersion": 200,
    "recoil": 100,
    "drop": "handflare_lit",
    "effects": [ "NEVER_MISFIRES", "NO_EMBED", "RECOVER_10", "ACT_ON_RANGED_HIT" ]
  },
  {
    "id": "brute_shot_mag",
    "type": "MAGAZINE",
    "name": "小型榴弹弹匣",
    "description": "一块金属制成的小型榴弹弹匣，可以容纳25发小型榴弹。",
    "weight": 210,
    "volume": 3,
    "price": 2000,
    "material": "steel",
    "symbol": "#",
    "color": "dark_gray",
    "ammo_type": "bomblet",
    "capacity": 12,
    "reliability": 7,
    "reload_time": 250,
    "flags": [ "MAG_COMPACT" ]
  }
]
