[
  {
    "id": "flaming_skull",
    "type": "AMMO",
    "name": "骷髅火焰（怪物弹药）",
    "//": "This stuff lights you on fire, but not the environment.",
    "description": "一股火焰。",
    "weight": 1,
    "volume": 1,
    "price": 100,
    "material": [ "flesh" ],
    "symbol": "*",
    "color": "red",
    "count": 1,
    "stack_size": 1,
    "ammo_type": "shot",
    "range": 0,
    "damage": 8,
    "recoil": 200,
    "effects": [ "INCENDIARY" ],
    "flags": [ "NOGIB", "NO_BOOM" ]
  },
  {
    "id": "flaming_ball",
    "type": "AMMO",
    "name": "燃烧火球（怪物弹药）",
    "//": "This stuff is what destroys forests, homes, and framerates.",
    "description": "一个拳头大小的火球，烧焦了周围的空气。",
    "weight": 1,
    "volume": 1,
    "price": 100,
    "material": [ "flesh" ],
    "symbol": "*",
    "color": "red",
    "count": 1,
    "stack_size": 1,
    "ammo_type": "shot",
    "range": 20,
    "damage": 6,
    "recoil": 200,
    "effects": [ "FLARE", "TRAIL" ],
    "flags": [ "NOGIB" ]
  },
  {
    "id": "hell_plasma_k",
    "type": "AMMO",
    "name": "骑士等离子（怪物弹药）",
    "//": "knight plasma.",
    "description": "地狱骑士的等离子。",
    "weight": 1,
    "volume": 1,
    "price": 100,
    "material": [ "flesh" ],
    "symbol": "`",
    "color": "magenta",
    "count": 1,
    "stack_size": 1,
    "ammo_type": "plutonium",
    "range": 13,
    "damage": 17,
    "recoil": 200,
    "effects": [ "SHOT" ],
    "flags": [ "LEAK_DAM", "RADIOACTIVE" ]
  },
  {
    "id": "hell_plasma_b",
    "type": "AMMO",
    "name": "男爵等离子（怪物弹药）",
    "//": "deadlier plasma.",
    "description": "地狱男爵的等离子。",
    "weight": 1,
    "volume": 1,
    "price": 100,
    "material": [ "flesh" ],
    "symbol": "`",
    "color": "magenta",
    "count": 1,
    "stack_size": 1,
    "ammo_type": "plutonium",
    "range": 21,
    "damage": 23,
    "recoil": 200,
    "effects": [ "SHOT", "FLARE" ],
    "flags": [ "LEAK_DAM", "RADIOACTIVE" ]
  },
  {
    "id": "hell_plasma_c",
    "type": "AMMO",
    "name": "独眼等离子（怪物弹药）",
    "//": "deadliest plasma.",
    "description": "独眼恶魔的等离子。",
    "weight": 1,
    "volume": 1,
    "price": 100,
    "material": [ "flesh" ],
    "symbol": "`",
    "color": "magenta",
    "count": 1,
    "stack_size": 1,
    "ammo_type": "plutonium",
    "range": 30,
    "damage": 17,
    "recoil": 200,
    "effects": [ "LIGHTNING" ],
    "flags": [ "LEAK_DAM", "RADIOACTIVE" ]
  },
  {
    "id": "hell_laser",
    "type": "AMMO",
    "name": "蜘蛛激光（怪物弹药）",
    "description": "一束蜘蛛激光。",
    "weight": 68,
    "volume": 1,
    "price": 80000,
    "material": "plastic",
    "symbol": "|",
    "color": "magenta",
    "count": 1,
    "stack_size": 1,
    "ammo_type": "fusion",
    "range": 55,
    "damage": 13,
    "pierce": 9,
    "effects": [ "NEVER_MISFIRES" ]
  },
  {
    "id": "hell_laser_queen",
    "type": "AMMO",
    "name": "女王激光（怪物弹药）",
    "description": "一束蜘蛛激光。",
    "weight": 68,
    "volume": 1,
    "price": 80000,
    "material": "plastic",
    "symbol": "|",
    "color": "magenta",
    "count": 1,
    "stack_size": 1,
    "ammo_type": "fusion",
    "range": 55,
    "damage": 9,
    "pierce": 15,
    "effects": [ "NEVER_MISFIRES", "RECYCLED", "ACT_ON_RANGED_HIT", "CUSTOM_EXPLOSION", "BEANBAG" ],
    "explosion": { "power": 2, "distance_factor": 0.3, "shrapnel": 1 }
  },
  {
    "id": "cyber_rocket",
    "type": "AMMO",
    "name": "牛魔火箭（怪物弹药）",
    "description": "对于火箭来说，它的强度相对较弱，它的力量在于它能够在爆炸中发射。",
    "weight": 2500,
    "volume": 5,
    "price": 10000,
    "material": [ "steel", "powder" ],
    "symbol": "=",
    "color": "dark_gray",
    "count": 1,
    "ammo_type": "66mm",
    "range": 60,
    "damage": 222,
    "pierce": 30,
    "dispersion": 800,
    "sight_dispersion": 400,
    "recoil": 500,
    "effects": [ "EXPLOSIVE", "TRAIL", "SMOKE" ]
  },
  {
    "id": "hell_napalm",
    "type": "AMMO",
    "name": "马库汽油弹（怪物弹药）",
    "//": "Napalm is military-use, so not cheap.",
    "description": "一单位的凝固汽油弹，恶魔使用的。",
    "weight": 3,
    "volume": 2,
    "price": 50000,
    "phase": "liquid",
    "material": "powder",
    "symbol": "=",
    "color": "red",
    "count": 1,
    "ammo_type": "gasoline",
    "dispersion": 650,
    "sight_dispersion": 400,
    "recoil": 400,
    "range": 25,
    "damage": 13,
    "pierce": 25,
    "effects": [ "NAPALM", "PLASMA", "WIDE", "TRAIL", "SMOKE", "NEVER_MISFIRES" ]
  },
  {
    "id": "bomblet_vile",
    "type": "AMMO",
    "name": "祭司的火焰（怪物弹药）",
    "description": "祭司召唤一道火焰来攻击他的敌人。",
    "weight": 100,
    "volume": 1,
    "price": 0,
    "material": [ "flesh", "bone" ],
    "symbol": "*",
    "color": "yellow_red",
    "ammo_type": "bomblet",
    "range": 25,
    "damage": 2,
    "pierce": 200,
    "effects": [ "ACT_ON_RANGED_HIT", "RECOVER_5" ],
    "use_action": { "target": "bomblet_vile_act", "target_charges": 5, "active": true, "type": "transform" }
  },
  {
    "id": "bomblet_vile_act",
    "type": "TOOL",
    "category": "weapons",
    "name": "祭司的火墙（怪物弹药）",
    "description": "祭司召唤来的火焰变成了火墙。",
    "weight": 285,
    "volume": 1,
    "material": [ "hflesh" ],
    "symbol": "*",
    "color": "yellow_red",
    "initial_charges": 5,
    "turns_per_charge": 1,
    "emits": [ "emit_fvent_vile", "emit_radiation_plume" ],
    "countdown_interval": 5,
    "countdown_destroy": true,
    "countdown_action": {
      "type": "explosion",
      "no_deactivate_msg": "一股火焰喷涌而出!",
      "explosion": { "power": 2, "distance_factor": 0.1 }
    }
  },
  {
    "id": "bomblet_archvile",
    "type": "AMMO",
    "name": "魔祭司的火焰（怪物弹药）",
    "description": "魔祭司从地狱召唤火焰来打击敌人。",
    "weight": 100,
    "volume": 1,
    "price": 0,
    "material": [ "flesh", "bone" ],
    "symbol": "*",
    "color": "yellow_red",
    "ammo_type": "bomblet",
    "range": 25,
    "damage": 4,
    "pierce": 200,
    "effects": [ "ACT_ON_RANGED_HIT", "RECOVER_5" ],
    "use_action": { "target": "bomblet_archvile_act", "target_charges": 5, "active": true, "type": "transform" }
  },
  {
    "id": "bomblet_archvile_act",
    "type": "TOOL",
    "category": "weapons",
    "name": "魔祭司的火墙（怪物弹药）",
    "description": "祭司召唤来的火焰变成了火墙。",
    "weight": 285,
    "volume": 1,
    "material": [ "hflesh" ],
    "symbol": "*",
    "color": "yellow_red",
    "initial_charges": 5,
    "turns_per_charge": 1,
    "emits": [ "emit_fvent_archvile", "emit_fvent_vile", "emit_radiation_plume" ],
    "countdown_interval": 5,
    "countdown_destroy": true,
    "countdown_action": {
      "type": "explosion",
      "no_deactivate_msg": "地狱之口被撕开了!",
      "explosion": { "power": 2, "distance_factor": 0.1 }
    }
  },
  {
    "id": "bomblet_archdemon",
    "type": "AMMO",
    "name": "大恶魔符文（怪物弹药）",
    "description": "大恶魔会召唤这些，你就会死。",
    "weight": 100,
    "volume": 1,
    "price": 0,
    "material": [ "flesh", "steel" ],
    "symbol": "*",
    "color": "brown",
    "ammo_type": "bomblet",
    "range": 25,
    "damage": 5,
    "pierce": 200,
    "effects": [ "ACT_ON_RANGED_HIT", "RECOVER_5" ],
    "use_action": {
      "type": "place_monster",
      "monster_id": "mon_cacodemon",
      "difficulty": 90,
      "place_randomly": true,
      "skill1": "survival",
      "skill2": "melee"
    }
  },
  {
    "id": "bomblet_chickenbot",
    "type": "AMMO",
    "name": "小鸡炸弹（怪物弹药）",
    "description": "地上一个发光的洞，形状像星星。",
    "material": [ "steel" ],
    "symbol": "*",
    "color": "ltred",
    "count": 8,
    "ammo_type": "bomblet",
    "range": 50,
    "dispersion": 350,
    "sight_dispersion": 350,
    "recoil": 100,
    "damage": 20,
    "pierce": 10,
    "effects": [ "NEVER_MISFIRES", "NO_EMBED", "RECOVER_9", "ACT_ON_RANGED_HIT" ],
    "initial_charges": 2,
    "turns_per_charge": 1,
    "emits": [ "emit_fire_bomblet_small" ],
    "countdown_interval": 2,
    "countdown_destroy": true,
    "countdown_action": { "target": "bomblet_chickenbot_act", "active": true, "type": "transform" },
    "flags": [ "LIGHT_15", "TRADER_AVOID", "NPC_THROW_NOW" ]
  },
  {
    "id": "bomblet_chickenbot_act",
    "type": "TOOL",
    "category": "weapons",
    "name": "小鸡炸弹激活（怪物弹药）",
    "description": "呱呱呱呱",
    "symbol": "*",
    "color": "ltred",
    "material": [ "steel" ],
    "initial_charges": 2,
    "turns_per_charge": 1,
    "use_action": { "type": "explosion", "explosion": { "power": 40, "distance_factor": 0.5, "shrapnel": 1 } },
    "flags": [ "LIGHT_15", "TRADER_AVOID", "NPC_THROW_NOW" ]
  }
]
