[
  {
    "id": "bot_thing_head",
    "type": "TOOL",
    "name": "变异狗头生成器",
    "description": "生成一只变异狗头。",
    "weight": 330,
    "volume": 3,
    "price": 60000,
    "to_hit": -3,
    "bashing": 6,
    "cutting": 6,
    "material": [ "aluminum", "plastic" ],
    "symbol": ",",
    "color": "light_green",
    "use_action": { "type": "place_monster", "monster_id": "mon_thing_head", "place_randomly": true }
  },
  {
    "id": "bot_thing_spider",
    "type": "TOOL",
    "name": "变异蛛人生成器",
    "description": "生成一只变异蛛人。",
    "weight": 330,
    "volume": 3,
    "price": 60000,
    "to_hit": -3,
    "bashing": 6,
    "cutting": 6,
    "material": [ "aluminum", "plastic" ],
    "symbol": ",",
    "color": "light_green",
    "use_action": { "type": "place_monster", "monster_id": "mon_thing_spider", "place_randomly": true }
  },
  {
    "id": "bot_tripod",
    "type": "TOOL",
    "name": "三足机器人生成器",
    "description": "生成一只三足机器人。",
    "weight": 330,
    "volume": 3,
    "price": 60000,
    "to_hit": -3,
    "bashing": 6,
    "cutting": 6,
    "material": [ "aluminum", "plastic" ],
    "symbol": ",",
    "color": "light_gray",
    "use_action": { "type": "place_monster", "monster_id": "mon_tripod", "place_randomly": true }
  },
  {
    "id": "bot_cherub",
    "type": "TOOL",
    "name": "厄运小恶魔生成器",
    "description": "生成一只厄运小恶魔",
    "weight": 330,
    "volume": 3,
    "price": 60000,
    "to_hit": -3,
    "bashing": 6,
    "cutting": 6,
    "material": [ "aluminum", "plastic" ],
    "symbol": ",",
    "color": "light_green",
    "use_action": { "type": "place_monster", "monster_id": "mon_cherub", "place_randomly": true }
  },
  {
    "id": "bot_cherub_fly",
    "type": "TOOL",
    "name": "飞翔的厄运小恶魔生成器",
    "description": "生成一只飞翔的厄运小恶魔。",
    "weight": 330,
    "volume": 3,
    "price": 60000,
    "to_hit": -3,
    "bashing": 6,
    "cutting": 6,
    "material": [ "aluminum", "plastic" ],
    "symbol": ",",
    "color": "light_green",
    "use_action": { "type": "place_monster", "monster_id": "mon_cherub_fly", "place_randomly": true }
  },
  {
    "id": "bot_imp_revive",
    "type": "TOOL",
    "name": "伤痕厄运小鬼生成器",
    "description": "生成一只伤痕厄运小鬼。",
    "weight": 330,
    "volume": 3,
    "price": 60000,
    "to_hit": -3,
    "bashing": 6,
    "cutting": 6,
    "material": [ "aluminum", "plastic" ],
    "symbol": ",",
    "color": "light_green",
    "use_action": { "type": "place_monster", "monster_id": "mon_imp_revive", "place_randomly": true }
  },
  {
    "id": "bot_pinky_revive",
    "type": "TOOL",
    "name": "伤痕恶魔生成器",
    "description": "生成一只伤痕恶魔。",
    "weight": 330,
    "volume": 3,
    "price": 60000,
    "to_hit": -3,
    "bashing": 6,
    "cutting": 6,
    "material": [ "aluminum", "plastic" ],
    "symbol": ",",
    "color": "light_green",
    "use_action": { "type": "place_monster", "monster_id": "mon_pinky_revive", "place_randomly": true }
  },
  {
    "id": "bot_hell_knight_revive",
    "type": "TOOL",
    "name": "受创的地狱骑士生成器",
    "description": "生成一只受创的地狱骑士。",
    "weight": 330,
    "volume": 3,
    "price": 60000,
    "to_hit": -3,
    "bashing": 6,
    "cutting": 6,
    "material": [ "aluminum", "plastic" ],
    "symbol": ",",
    "color": "light_green",
    "use_action": { "type": "place_monster", "monster_id": "mon_hell_knight_revive", "place_randomly": true }
  },
  {
    "id": "bot_cacodemon_revive",
    "type": "TOOL",
    "name": "精英独眼恶魔生成器",
    "description": "生成一只精英独眼恶魔。",
    "weight": 330,
    "volume": 3,
    "price": 60000,
    "to_hit": -3,
    "bashing": 6,
    "cutting": 6,
    "material": [ "aluminum", "plastic" ],
    "symbol": ",",
    "color": "light_green",
    "use_action": {
      "type": "place_monster",
      "monster_id": "mon_cacodemon_revive",
      "difficulty": 90,
      "place_randomly": true,
      "skill1": "survival",
      "skill2": "melee"
    }
  },
  {
    "id": "bot_churl_revive",
    "type": "TOOL",
    "name": "被奴役的农夫生成器",
    "description": "生成一只被奴役的农夫。",
    "weight": 330,
    "volume": 3,
    "price": 60000,
    "to_hit": -3,
    "bashing": 6,
    "cutting": 6,
    "material": [ "aluminum", "plastic" ],
    "symbol": ",",
    "color": "light_green",
    "use_action": {
      "type": "place_monster",
      "monster_id": "mon_doom_churl_revive",
      "difficulty": 90,
      "place_randomly": true,
      "skill1": "survival",
      "skill2": "melee"
    }
  },
  {
    "id": "bot_imp",
    "type": "TOOL",
    "name": "厄运小鬼生成器",
    "description": "生成一只厄运小鬼。",
    "weight": 330,
    "volume": 3,
    "price": 60000,
    "to_hit": -3,
    "bashing": 6,
    "cutting": 6,
    "material": [ "aluminum", "plastic" ],
    "symbol": ",",
    "color": "light_green",
    "use_action": { "type": "place_monster", "monster_id": "mon_imp", "place_randomly": true }
  },
  {
    "id": "bot_imp_black",
    "type": "TOOL",
    "name": "精英厄运小鬼生成器",
    "description": "生成一只精英厄运小鬼。",
    "weight": 330,
    "volume": 3,
    "price": 60000,
    "to_hit": -3,
    "bashing": 6,
    "cutting": 6,
    "material": [ "aluminum", "plastic" ],
    "symbol": ",",
    "color": "light_green",
    "use_action": { "type": "place_monster", "monster_id": "mon_imp_black", "place_randomly": true }
  },
  {
    "id": "bot_pinky",
    "type": "TOOL",
    "name": "粉红恶魔生成器",
    "description": "生成一只粉红恶魔。",
    "weight": 330,
    "volume": 3,
    "price": 60000,
    "to_hit": -3,
    "bashing": 6,
    "cutting": 6,
    "material": [ "aluminum", "plastic" ],
    "symbol": ",",
    "color": "light_green",
    "use_action": { "type": "place_monster", "monster_id": "mon_pinky", "place_randomly": true }
  },
  {
    "id": "bot_lostsoul",
    "type": "TOOL",
    "name": "火焰骷髅头生成器",
    "description": "生成一只火焰骷髅头。",
    "weight": 330,
    "volume": 3,
    "price": 60000,
    "to_hit": -3,
    "bashing": 6,
    "cutting": 6,
    "material": [ "aluminum", "plastic" ],
    "symbol": ",",
    "color": "light_green",
    "use_action": { "type": "place_monster", "monster_id": "mon_lostsoul", "place_randomly": true }
  },
  {
    "id": "bot_revenant",
    "type": "TOOL",
    "name": "复生者生成器",
    "description": "生成一只复生者。",
    "weight": 330,
    "volume": 3,
    "price": 60000,
    "to_hit": -3,
    "bashing": 6,
    "cutting": 6,
    "material": [ "aluminum", "plastic" ],
    "symbol": ",",
    "color": "light_green",
    "use_action": { "type": "place_monster", "monster_id": "mon_revenant", "place_randomly": true }
  },
  {
    "id": "bot_hell_knight",
    "type": "TOOL",
    "name": "地狱骑士生成器",
    "description": "生成一只地狱骑士。",
    "weight": 330,
    "volume": 3,
    "price": 60000,
    "to_hit": -3,
    "bashing": 6,
    "cutting": 6,
    "material": [ "aluminum", "plastic" ],
    "symbol": ",",
    "color": "light_green",
    "use_action": { "type": "place_monster", "monster_id": "mon_hell_knight", "place_randomly": true }
  },
  {
    "id": "bot_hell_baron",
    "type": "TOOL",
    "name": "地狱男爵生成器",
    "description": "生成一只地狱男爵。",
    "weight": 330,
    "volume": 3,
    "price": 60000,
    "to_hit": -3,
    "bashing": 6,
    "cutting": 6,
    "material": [ "aluminum", "plastic" ],
    "symbol": ",",
    "color": "light_green",
    "use_action": { "type": "place_monster", "monster_id": "mon_hell_baron", "place_randomly": true }
  },
  {
    "id": "bot_mancubus",
    "type": "TOOL",
    "name": "马库巴斯生成器",
    "description": "生成一只马库巴斯。",
    "weight": 330,
    "volume": 3,
    "price": 60000,
    "to_hit": -3,
    "bashing": 6,
    "cutting": 6,
    "material": [ "aluminum", "plastic" ],
    "symbol": ",",
    "color": "light_green",
    "use_action": { "type": "place_monster", "monster_id": "mon_mancubus", "place_randomly": true }
  },
  {
    "id": "bot_cacodemon",
    "type": "TOOL",
    "name": "独眼恶魔生成器",
    "description": "生成一只独眼恶魔。",
    "weight": 330,
    "volume": 3,
    "price": 60000,
    "to_hit": -3,
    "bashing": 6,
    "cutting": 6,
    "material": [ "aluminum", "plastic" ],
    "symbol": ",",
    "color": "light_green",
    "use_action": {
      "type": "place_monster",
      "monster_id": "mon_cacodemon",
      "difficulty": 90,
      "place_randomly": true,
      "skill1": "survival",
      "skill2": "melee"
    }
  },
  {
    "id": "bot_mechaspider",
    "type": "TOOL",
    "name": "机械蜘蛛生成器",
    "description": "生成一只机械蜘蛛。",
    "weight": 330,
    "volume": 3,
    "price": 60000,
    "to_hit": -3,
    "bashing": 6,
    "cutting": 6,
    "material": [ "aluminum", "plastic" ],
    "symbol": ",",
    "color": "light_green",
    "use_action": { "type": "place_monster", "monster_id": "mon_mechaspider", "place_randomly": true }
  },
  {
    "id": "bot_cyberdemon",
    "type": "TOOL",
    "name": "机械牛魔王生成器",
    "description": "生成一只机械牛魔王。",
    "weight": 330,
    "volume": 3,
    "price": 60000,
    "to_hit": -3,
    "bashing": 6,
    "cutting": 6,
    "material": [ "aluminum", "plastic" ],
    "symbol": ",",
    "color": "light_green",
    "use_action": { "type": "place_monster", "monster_id": "mon_cyberdemon", "place_randomly": true }
  },
  {
    "id": "bot_rat",
    "type": "TOOL",
    "name": "黑鼠生成器",
    "description": "生成一只黑鼠。",
    "weight": 300,
    "volume": 1,
    "price": 1000,
    "to_hit": -3,
    "bashing": 6,
    "cutting": 6,
    "material": [ "aluminum", "plastic" ],
    "symbol": ".",
    "color": "ltgray",
    "use_action": {
      "type": "place_monster",
      "monster_id": "mon_black_rat",
      "friendly_msg": "黑鼠满怀期待的看着你。",
      "hostile_msg": "黑鼠看起来很不友好！",
      "place_randomly": true
    }
  },
  {
    "id": "bot_spider_web_s",
    "type": "TOOL",
    "name": "巨型网蛛幼体生成器",
    "description": "生成一只巨型网蛛幼体。",
    "weight": 300,
    "volume": 1,
    "price": 1000,
    "to_hit": -3,
    "bashing": 6,
    "cutting": 6,
    "material": [ "aluminum", "plastic" ],
    "symbol": ".",
    "color": "ltgray",
    "use_action": {
      "type": "place_monster",
      "monster_id": "mon_spider_web_s",
      "friendly_msg": "蜘蛛期待地环顾四周!",
      "hostile_msg": "蜘蛛看起来很有敌意!",
      "place_randomly": true
    }
  },
  {
    "id": "bot_spider_web_omega",
    "type": "TOOL",
    "name": "巨型网蛛Omega生成器",
    "description": "生成一只巨型网蛛Omega",
    "weight": 300,
    "volume": 1,
    "price": 1000,
    "to_hit": -3,
    "bashing": 6,
    "cutting": 6,
    "material": [ "aluminum", "plastic" ],
    "symbol": ".",
    "color": "ltgray",
    "use_action": {
      "type": "place_monster",
      "monster_id": "mon_spider_web_omega",
      "friendly_msg": "蜘蛛期待地环顾四周！",
      "hostile_msg": "蜘蛛看起来充满敌意！",
      "place_randomly": true
    }
  },
  {
    "id": "bot_trapdoor_s",
    "type": "TOOL",
    "name": "巨型螲蟷蛛幼体",
    "description": "生成一只巨型螲蟷蛛幼体。",
    "weight": 300,
    "volume": 1,
    "price": 1000,
    "to_hit": -3,
    "bashing": 6,
    "cutting": 6,
    "material": [ "aluminum", "plastic" ],
    "symbol": ".",
    "color": "ltgray",
    "use_action": {
      "type": "place_monster",
      "monster_id": "mon_spider_trapdoor_giant_s",
      "friendly_msg": "蜘蛛期待地环顾四周！",
      "hostile_msg": "蜘蛛看起来充满敌意！",
      "place_randomly": true
    }
  },
  {
    "id": "bot_spider_trapdoor_giant",
    "type": "TOOL",
    "name": "巨型螲蟷蛛生成器",
    "description": "生成一只巨型螲蟷蛛。",
    "weight": 300,
    "volume": 1,
    "price": 1000,
    "to_hit": -3,
    "bashing": 6,
    "cutting": 6,
    "material": [ "aluminum", "plastic" ],
    "symbol": ".",
    "color": "ltgray",
    "use_action": {
      "type": "place_monster",
      "monster_id": "mon_spider_trapdoor_giant",
      "friendly_msg": "蜘蛛期待地环顾四周！",
      "hostile_msg": "蜘蛛看起来充满敌意！",
      "place_randomly": true
    }
  },
  {
    "id": "bot_spider_trapdoor_giant_guardian",
    "type": "TOOL",
    "name": "巨型螲蟷蛛Alpha生成器",
    "description": "生成一只巨型螲蟷蛛Alpha。",
    "weight": 300,
    "volume": 1,
    "price": 1000,
    "to_hit": -3,
    "bashing": 6,
    "cutting": 6,
    "material": [ "aluminum", "plastic" ],
    "symbol": ".",
    "color": "ltgray",
    "use_action": {
      "type": "place_monster",
      "monster_id": "mon_spider_trapdoor_giant_guardian",
      "friendly_msg": "蜘蛛期待地环顾四周！",
      "hostile_msg": "蜘蛛看起来充满敌意！",
      "place_randomly": true
    }
  },
  {
    "id": "bot_fungal_boil",
    "type": "TOOL",
    "name": "孢子炸弹",
    "//": "Not really 'unseen', but its function is much similar to the others in this file.",
    "description": "装有一团孢子的罐子。激活释放它。",
    "weight": 920,
    "volume": 2,
    "price": 12500,
    "to_hit": -1,
    "bashing": 2,
    "material": [ "plastic", "veggy" ],
    "symbol": "o",
    "color": "light_gray",
    "revert_to": "canister_empty",
    "use_action": {
      "type": "place_monster",
      "monster_id": "mon_fungus_boil",
      "friendly_msg": "孢子在空气之中开始活跃了起来。",
      "hostile_msg": "孢子围绕在你周围。",
      "difficulty": 4,
      "moves": 75,
      "place_randomly": true,
      "skill1": "survival",
      "skill2": "firstaid"
    }
  },
  {
    "id": "bot_shady",
    "type": "TOOL",
    "name": "黑影丧尸生成器",
    "description": "生成一只黑影丧尸。",
    "weight": 330,
    "volume": 3,
    "price": 60000,
    "to_hit": -3,
    "bashing": 6,
    "cutting": 6,
    "material": [ "aluminum", "plastic" ],
    "symbol": ",",
    "color": "light_green",
    "use_action": { "type": "place_monster", "monster_id": "mon_zombie_shady", "place_randomly": true }
  },
  {
    "id": "bot_hollow",
    "type": "TOOL",
    "name": "变形丧尸生成器",
    "description": "生成一只变形丧尸。",
    "weight": 330,
    "volume": 3,
    "price": 60000,
    "to_hit": -3,
    "bashing": 6,
    "cutting": 6,
    "material": [ "aluminum", "plastic" ],
    "symbol": ",",
    "color": "light_green",
    "use_action": { "type": "place_monster", "monster_id": "mon_zombie_hollow", "place_randomly": true }
  },
  {
    "id": "bot_blind",
    "type": "TOOL",
    "name": "目盲丧尸生成器",
    "description": "生成一只目盲丧尸。",
    "weight": 330,
    "volume": 3,
    "price": 60000,
    "to_hit": -3,
    "bashing": 6,
    "cutting": 6,
    "material": [ "aluminum", "plastic" ],
    "symbol": ",",
    "color": "light_green",
    "use_action": { "type": "place_monster", "monster_id": "mon_zombie_blind_pk", "place_randomly": true }
  },
  {
    "id": "bot_grabber",
    "type": "TOOL",
    "name": "肉钩丧尸生成器",
    "description": "生成一只肉钩丧尸。",
    "weight": 330,
    "volume": 3,
    "price": 60000,
    "to_hit": -3,
    "bashing": 6,
    "cutting": 6,
    "material": [ "aluminum", "plastic" ],
    "symbol": ",",
    "color": "light_green",
    "use_action": { "type": "place_monster", "monster_id": "mon_zombie_grabber", "place_randomly": true }
  },
  {
    "id": "bot_acidic_pk",
    "type": "TOOL",
    "name": "酸液丧尸生成器",
    "description": "生成一只酸液丧尸。",
    "weight": 330,
    "volume": 3,
    "price": 60000,
    "to_hit": -3,
    "bashing": 6,
    "cutting": 6,
    "material": [ "aluminum", "plastic" ],
    "symbol": ",",
    "color": "light_green",
    "use_action": { "type": "place_monster", "monster_id": "mon_zombie_acidic_pk", "place_randomly": true }
  },
  {
    "id": "bot_ant_acid_ultralisk",
    "type": "TOOL",
    "name": "象蚁生成器",
    "description": "生成一只雷兽。",
    "weight": 330,
    "volume": 3,
    "price": 60000,
    "to_hit": -3,
    "bashing": 6,
    "cutting": 6,
    "material": [ "aluminum", "plastic" ],
    "symbol": ",",
    "color": "light_green",
    "use_action": { "type": "place_monster", "monster_id": "mon_ant_acid_ultralisk", "place_randomly": true }
  }
]
