[
  {
    "id": "water",
    "copy-from": "water",
    "type": "COMESTIBLE",
    "comestible_type": "DRINK",
    "category": "food",
    "name": "水",
    "name_plural": "水",
    "description": "水是维持生命的重要物质，是最好的解渴剂。不是很干净，但是一些灰尘和辐射不会造成太大的伤害，对吧！(1 rad)",
    "effects": [ { "id": "rad_tenths", "duration": 10 } ]
  },
  {
    "id": "water_clean",
    "copy-from": "water_clean",
    "type": "COMESTIBLE",
    "name": "净水",
    "name_plural": "净水",
    "description": "新鲜、干净的水。这是解渴的最好办法。基本上没有辐射和灰尘。(1/10 rad)",
    "effects": [ { "id": "rad_tenths", "duration": 1 } ]
  },
  {
    "id": "water_mineral",
    "copy-from": "water_mineral",
    "type": "COMESTIBLE",
    "name": "矿泉水",
    "name_plural": "矿泉水",
    "description": "神奇的矿泉水，拿着它就会让你感觉非常良好。就像其他东西一样，它也会携带一些环境辐射。(1/10 rad)",
    "container": "bottle_glass",
    "proportional": { "quench": 1.3 },
    "relative": { "fun": 4 },
    "effects": [ { "id": "rad_tenths", "duration": 1 } ]
  },
  {
    "id": "stomach",
    "copy-from": "stomach",
    "type": "COMESTIBLE",
    "name": "胃囊",
    "description": "一个林地生物的胃囊，十分的耐磨。(3/10 rad)",
    "effects": [ { "id": "rad_tenths", "duration": 3 } ]
  },
  {
    "id": "offal",
    "copy-from": "offal",
    "type": "COMESTIBLE",
    "name": "生内脏",
    "description": "未煮熟的动物内脏，富含人体所需的各种维生素，虽然外观看上去比较恶心。(3/10 rad)",
    "effects": [ { "id": "rad_tenths", "duration": 3 } ]
  },
  {
    "id": "fish",
    "copy-from": "fish",
    "type": "COMESTIBLE",
    "name": "生鱼",
    "name_plural": "生鱼",
    "description": "新鲜的鱼。可以生吃用来充饥。(6/10 rad)",
    "effects": [ { "id": "rad_tenths", "duration": 6 } ]
  },
  {
    "id": "human_flesh",
    "copy-from": "human_flesh",
    "type": "COMESTIBLE",
    "name": "human flesh",
    "name_plural": "人肉",
    "description": "一份新鲜的人肉切片。（4/10 rad）",
    "effects": [ { "id": "rad_tenths", "duration": 4 } ]
  },
  {
    "id": "meat",
    "copy-from": "meat",
    "type": "COMESTIBLE",
    "name": "肉块",
    "name_plural": "肉块",
    "description": "刚屠宰的肉。你可以吃生，但最好是烹熟。(4/10 rad)",
    "effects": [ { "id": "rad_tenths", "duration": 4 } ]
  },
  {
    "type": "COMESTIBLE",
    "id": "fresh_fries_big",
    "name": "特大号薯条",
    "name_plural": " 特大号薯条",
    "weight": 175,
    "color": "yellow",
    "spoils_in": 200,
    "container": "box_small",
    "comestible_type": "FOOD",
    "symbol": "%",
    "quench": -7,
    "healthy": -2,
    "calories": 208,
    "description": "卡乐星感谢您的光临，请享用您点的“特大薯条”。当你有能力再买一份“特大薯条”时，请回来。",
    "price": 500,
    "material": "junk",
    "volume": 1,
    "charges": 2,
    "flags": [ "EATEN_HOT" ],
    "fun": 9
  },
  {
    "id": "medikit",
    "type": "COMESTIBLE",
    "name": "PRM医疗包",
    "description": "一个PRM品牌的医疗包。可快速应用于战场情况;它的设计目的是迅速包扎受伤部位，所以消毒可能较差。",
    "weight": 400,
    "volume": 2,
    "price": 50000,
    "material": "spess_plastic",
    "symbol": "+",
    "color": "red",
    "comestible_type": "MED",
    "charges": 3,
    "stack_size": 6,
    "use_action": {
      "type": "heal",
      "move_cost": 3300,
      "long_action": true,
      "bandages_power": 8,
      "disinfectant_power": 8,
      "bleed": 0.95,
      "bite": 0.99,
      "effects": [ { "id": "doom_unhealth", "duration": 10 }, { "id": "pkill1", "duration": 300 }, { "id": "gauze", "duration": 17200 } ]
    },
    "flags": [ "USE_ON_NPC", "NPC_SAFE" ]
  },
  {
    "id": "berserker_drug",
    "type": "TOOL_ARMOR",
    "name": "狂战士刺激包",
    "description": "注射器安装在保护套内，PRM专利刺激剂会在短时间内将身体推向极限，让激烈的战斗变得更容易。",
    "weight": 360,
    "volume": 2,
    "price": 1000000,
    "to_hit": -1,
    "material": [ "plastic" ],
    "symbol": "|",
    "color": "ltgray",
    "covers": [ "HAND_EITHER", "ARM_EITHER" ],
    "coverage": 10,
    "encumbrance": 1,
    "material_thickness": 0,
    "use_action": {
      "target": "berserker_drug_act",
      "msg": "你把针插入静脉，你的血液沸腾了!",
      "target_charges": 7,
      "active": true,
      "moves": 250,
      "type": "transform"
    },
    "flags": [ "WATER_FRIENDLY", "BELTED", "ALLOWS_NATURAL_ATTACKS", "NO_RELOAD", "NO_UNLOAD", "USE_ON_NPC", "NPC_SAFE" ]
  },
  {
    "id": "berserker_drug_act",
    "type": "TOOL_ARMOR",
    "name": "狂战士刺激包(激活)",
    "description": "注射器安装在保护套内，针管已经插入静脉。PRM专利刺激剂给你提供了难以想象的力量和敏捷。",
    "weight": 360,
    "volume": 2,
    "price": 1000000,
    "to_hit": -1,
    "material": [ "plastic" ],
    "symbol": "|",
    "color": "i_dkgray",
    "initial_charges": 7,
    "max_charges": 7,
    "turns_per_charge": 1,
    "revert_to": "bag_plastic",
    "covers": [ "HAND_EITHER", "ARM_EITHER" ],
    "coverage": 10,
    "encumbrance": 1,
    "material_thickness": 0,
    "use_action": { "type": "consume_drug", "effects": [ { "id": "doom_stimpack", "duration": 40 } ] },
    "flags": [ "WATER_FRIENDLY", "BELTED", "ALLOWS_NATURAL_ATTACKS", "NO_RELOAD", "USE_ON_NPC", "NPC_SAFE" ]
  },
  {
    "id": "stamina_vial",
    "type": "COMESTIBLE",
    "name": "体力强化剂",
    "description": "含有大量带电的有机化学物质，这种PRM公司生产的体力强化剂可以在短期内显著的提供使用者的体力值。不过这种产品只为临时使用而已，使用后可能会影响你的健康。",
    "weight": 720,
    "volume": 3,
    "price": 100000,
    "to_hit": -1,
    "phase": "liquid",
    "container": "bottle_glass",
    "material": [ "glass" ],
    "symbol": ")",
    "color": "blue",
    "comestible_type": "MED",
    "charges": 3,
    "calories": 104,
    "fun": -5,
    "use_action": {
      "type": "consume_drug",
      "effects": [ { "id": "doom_unhealth", "duration": 3 }, { "id": "stamina_regen", "duration": 150 } ]
    },
    "flags": [ "NO_RELOAD", "NO_UNLOAD", "USE_ON_NPC", "NPC_SAFE" ]
  },
  {
    "id": "homebrew_antiseptic",
    "type": "COMESTIBLE",
    "name": "自制消毒剂",
    "description": "紧急情况下利用野外发现的材料制作的消毒剂。或许可以治疗伤害，消毒预防感染。当然，这仅仅是猜测，并不一定真的有效果。虽然使用后会相当疼痛，但还是值得尝试。",
    "weight": 450,
    "volume": 1,
    "price": 500,
    "symbol": "%",
    "color": "lt_green",
    "fun": -8,
    "healthy": 1,
    "revert_to": "paper",
    "comestible_type": "MED",
    "use_action": {
      "type": "heal",
      "disinfectant_power": 3,
      "bite": 0.35,
      "move_cost": 1200,
      "long_action": true,
      "effects": [ { "id": "stung", "duration": 12 } ]
    },
    "flags": [ "USE_ON_NPC", "NPC_SAFE" ]
  },
  {
    "id": "antidote_posion",
    "type": "COMESTIBLE",
    "name": "三尖树解毒剂",
    "description": "一种手工制作的解毒剂，治疗和阻断生物毒素。可以抵御目前已知的绝大多数毒素。但对某些未知的或者毒性更强的毒素可能不起作用。",
    "weight": 175,
    "volume": 1,
    "price": 35000,
    "phase": "liquid",
    "container": "flask_glass",
    "material": [ "powder" ],
    "symbol": ",",
    "color": "ltgreen",
    "comestible_type": "MED",
    "use_action": {
      "type": "consume_drug",
      "tools_needed": "syringe",
      "effects": [ { "id": "triffid_cure", "duration": 1 }, { "id": "doom_unhealth", "duration": 5 } ]
    },
    "flags": [ "USE_ON_NPC", "NPC_SAFE" ]
  },
  {
    "id": "antidote_badpoison",
    "type": "COMESTIBLE",
    "name": "三尖树中和剂",
    "description": "一种浓缩的医学中和剂，可以中和大多数已知的毒素，并将其排出体外。比蜂王浆更有效的是它能在一段时间内阻止和免疫毒素。",
    "weight": 175,
    "volume": 1,
    "price": 35000,
    "phase": "liquid",
    "container": "flask_glass",
    "material": [ "powder" ],
    "symbol": ",",
    "color": "ltgreen",
    "comestible_type": "MED",
    "use_action": { "type": "consume_drug", "tools_needed": "syringe", "effects": [ { "id": "triffid_neutralization", "duration": 1 } ] },
    "flags": [ "USE_ON_NPC", "NPC_SAFE" ]
  },
  {
    "type": "COMESTIBLE",
    "id": "clay_lump",
    "copy-from": "clay_lump",
    "name": "粘土块",
    "category": "other",
    "description": "一块新鲜的粘土，可以用于加工制作不同的物品。当然你也可以煮沸后或者生吃，可以暂时充饥并且净化体内的一定辐射。",
    "comestible_type": "MED",
    "charges": 1,
    "calories": 17,
    "quench": -10,
    "fun": -8,
    "parasites": 12,
    "use_action": {
      "type": "consume_drug",
      "activation_message": "你吃了一份 %s.",
      "effects": [ { "id": "rad_reduce", "duration": 360 } ],
      "vitamins": [ [ "calcium", 0, 4 ], [ "iron", 0, 8 ] ]
    },
    "flags": [ "USE_ON_NPC", "NPC_SAFE" ]
  },
  {
    "type": "COMESTIBLE",
    "id": "clay_boiled",
    "copy-from": "clay_lump",
    "name": "熟粘土",
    "category": "",
    "description": "用盐煮过的粘土，除去了坚硬的矿物质和寄生虫。相比生粘土口感更好，食用后可以去除体内的部分辐射。",
    "comestible_type": "MED",
    "charges": 1,
    "calories": 17,
    "quench": -13,
    "fun": -4,
    "parasites": 0,
    "use_action": {
      "type": "consume_drug",
      "activation_message": "你吃了一份 %s.",
      "effects": [ { "id": "rad_reduce", "duration": 360 }, { "id": "rad_reduce", "duration": 120 } ],
      "vitamins": [ [ "iron", 0, 4 ] ]
    },
    "flags": [ "USE_ON_NPC", "NPC_SAFE" ]
  },
  {
    "id": "vitamins",
    "copy-from": "vitamins",
    "type": "COMESTIBLE",
    "name": "复合维生素",
    "use_action": {
      "type": "consume_drug",
      "activation_message": "你服用了 %s.",
      "vitamins": [ [ "calcium", 16, 32 ], [ "iron", 16, 32 ], [ "vitA", 16, 32 ], [ "vitB", 16, 32 ], [ "vitC", 16, 32 ] ]
    },
    "flags": [ "USE_ON_NPC", "NPC_SAFE" ]
  },
  {
    "id": "gummy_vitamins",
    "copy-from": "vitamins",
    "type": "COMESTIBLE",
    "name": "维他命树脂糖",
    "description": "必需的营养物质被包装成水果味的耐嚼糖，用来掩盖里面的电离铁。当无法均衡饮食时，这是最后的选择，也能清除体内的微量毒素和放射性颗粒。过量使用可导致维生素过多。",
    "calories": 9,
    "stim": -1,
    "fun": 4,
    "charges": 10,
    "stack_size": 10,
    "use_action": {
      "type": "consume_drug",
      "activation_message": "你服用了 %s.",
      "effects": [ { "id": "chelated_iron", "duration": 600 }, { "id": "rad_reduce", "duration": 600 } ],
      "vitamins": [ [ "calcium", 25, 50 ], [ "iron", 25, 50 ], [ "vitA", 25, 50 ], [ "vitB", 25, 50 ], [ "vitC", 25, 50 ] ]
    },
    "flags": [ "USE_ON_NPC", "NPC_SAFE" ]
  },
  {
    "id": "prussian_blue",
    "type": "COMESTIBLE",
    "comestible_type": "MED",
    "name": "普鲁士蓝药片",
    "description": "含氧化亚铁氰化盐的药片。能够清除体内辐射污染。被污染后服用，药效持续一整天，需要数个小时后才可体现清除效果。",
    "weight": 1,
    "volume": 1,
    "price": 3000,
    "charges": 10,
    "stack_size": 200,
    "material": "powder",
    "flags": "NPC_SAFE",
    "symbol": "!",
    "color": "blue",
    "use_action": {
      "type": "consume_drug",
      "activation_message": "你服用了 %s.",
      "effects": [ { "id": "pblue", "duration": 14400 } ]
    }
  },
  {
    "type": "COMESTIBLE",
    "id": "fertilizer_chelated",
    "copy-from": "fungicide",
    "sub": "fertilizer_commercial",
    "name": "水族箱肥料",
    "name_plural": "水族箱肥料",
    "color": "ltred",
    "calories": 35,
    "stim": -2,
    "healthy": -4,
    "fun": -20,
    "charges": 16,
    "stack_size": 16,
    "description": "离子净化处理过的农业肥料，用于从水族箱中清洁辐射。可以在必要时清除体内的辐射。",
    "price": 1500,
    "use_action": {
      "type": "consume_drug",
      "activation_message": "你吃了一份 %s.",
      "effects": [
        { "id": "chelated_iron", "duration": 1200 },
        { "id": "chelated_iron", "duration": 800 },
        { "id": "chelated_iron", "duration": 600 },
        { "id": "rad_reduce", "duration": 600 },
        { "id": "rad_reduce", "duration": 300 }
      ],
      "vitamins": [ [ "iron", 30, 60 ] ]
    },
    "flags": [ "USE_ON_NPC", "NPC_SAFE" ]
  },
  {
    "type": "AMMO",
    "id": "medical_tape",
    "copy-from": "medical_tape",
    "name": "医用胶带",
    "description": "一卷医用胶带，有一些透气用小孔，总体类似强力胶带。",
    "count": 100
  },
  {
    "id": "flu_shot",
    "type": "COMESTIBLE",
    "comestible_type": "MED",
    "name": "流感疫苗",
    "copy-from": "flu_shot",
    "description": "为大规模接种而设计的药物流感疫苗，据说能对流感免疫。",
    "healthy": 3,
    "flags": [ "USE_ON_NPC", "NPC_SAFE" ]
  },
  {
    "id": "dr_stem_cell",
    "type": "COMESTIBLE",
    "name": "干细胞治疗剂",
    "description": "一管严格控制剂量的干细胞。可以用于治疗工业或体育运动带来的伤害，不过因为价格昂贵所以只有小部分人才能负担的起。",
    "weight": 175,
    "volume": 1,
    "price": 777000,
    "phase": "liquid",
    "container": "flask_glass",
    "material": [ "powder" ],
    "symbol": ",",
    "color": "green",
    "comestible_type": "MED",
    "use_action": {
      "type": "consume_drug",
      "tools_needed": "syringe",
      "effects": [ { "id": "stemcell_treatment", "duration": 30 }, { "id": "slashed", "duration": 30 } ]
    },
    "flags": [ "USE_ON_NPC", "NPC_SAFE" ]
  }
]
