[
  {
    "id": "plant_sac",
    "type": "COMESTIBLE",
    "name": "液囊",
    "description": "来自植物体内的液体囊。不太有营养，而且里面可能寄生着微生物。",
    "weight": 278,
    "volume": 1,
    "price": 0,
    "to_hit": -3,
    "bashing": 1,
    "material": "veggy",
    "symbol": "%",
    "color": "light_green",
    "comestible_type": "FOOD",
    "nutrition": 4,
    "quench": 11,
    "fun": 0,
    "spoils_in": 168
  },
  {
    "id": "sac_empty",
    "type": "COMESTIBLE",
    "name": "空液囊",
    "description": "空的液囊，不好吃也没办法充饥。但是或许可以用来做个空袋子。",
    "weight": 155,
    "volume": 1,
    "price": 0,
    "material": "veggy",
    "symbol": "%",
    "color": "light_green",
    "comestible_type": "FOOD",
    "nutrition": 3,
    "quench": 2,
    "fun": -2,
    "spoils_in": 256,
    "flags": [ "TRADER_AVOID" ]
  },
  {
    "id": "sac_treated",
    "type": "TOOL",
    "category": "spare_parts",
    "name": "硬化液囊",
    "description": "用盐处理过的液囊，不会腐烂。进一步用蜡加工后可以用来储水。",
    "weight": 142,
    "volume": 1,
    "price": 2500,
    "to_hit": -3,
    "bashing": 1,
    "material": "veggy",
    "symbol": "%",
    "color": "light_green"
  },
  {
    "id": "megabear_skull_unclean",
    "type": "COMESTIBLE",
    "name": "象熊头颅",
    "description": "一头没洗干净的象熊头颅。它可以用来制作一个舒适的头盔，或者在饥饿的绝望的时候吃掉。",
    "weight": 7887,
    "volume": 18,
    "to_hit": -3,
    "bashing": 4,
    "material": [ "flesh", "bone" ],
    "symbol": "c",
    "color": "i_dkgray",
    "comestible_type": "FOOD",
    "charges": 1,
    "quench": 15,
    "healthy": -1,
    "fun": -12,
    "spoils_in": 16,
    "proportional": { "calories": 0.5, "parasites": 1.5 },
    "flags": [ "TRADER_AVOID" ]
  },
  {
    "id": "megabear_skull_picked",
    "type": "GENERIC",
    "name": "象熊头骨",
    "description": "象熊头颅摘出来的头骨，还有一些残余物留存在里面。",
    "weight": 3113,
    "volume": 16,
    "to_hit": -1,
    "bashing": 7,
    "material": [ "bone", "flesh" ],
    "symbol": "c",
    "color": "i_dkgray",
    "flags": [ "TRADER_AVOID" ]
  },
  {
    "id": "megabear_skull_clean",
    "type": "GENERIC",
    "name": "少年象熊头骨",
    "description": "一只少年象熊的头骨。这是一个头盔的完美尺寸，只需稍加调整。",
    "weight": 2843,
    "volume": 16,
    "price": 9500,
    "to_hit": -2,
    "bashing": 8,
    "material": [ "bone" ],
    "symbol": "c",
    "color": "white"
  },
  {
    "id": "broken_mechaspider",
    "type": "GENERIC",
    "category": "other",
    "name": "机械蜘蛛（损坏）",
    "description": "一只被损坏的机械蜘蛛。现在已经无法构成威胁了。",
    "weight": 18520,
    "volume": 340,
    "price": 100000,
    "to_hit": -3,
    "bashing": 4,
    "material": [ "steel", "flesh" ],
    "symbol": "%",
    "color": "white"
  },
  {
    "id": "arachnotron_guts",
    "type": "GENERIC",
    "category": "other",
    "name": "机械蜘蛛（机械）",
    "description": "一只死亡的机械蜘蛛，只剩下机械部分了，肉体部分已经被剥离出来。",
    "weight": 16280,
    "volume": 328,
    "price": 42500,
    "to_hit": -3,
    "bashing": 4,
    "material": [ "steel" ],
    "symbol": "%",
    "color": "ltgray"
  },
  {
    "id": "spider_brain",
    "type": "COMESTIBLE",
    "category": "other",
    "name": "机械蜘蛛（肉质）",
    "description": "机械蜘蛛的肉质部分，略带咸味，保存一段时间。",
    "weight": 2440,
    "volume": 12,
    "material": "flesh",
    "symbol": "%",
    "color": "i_brown",
    "comestible_type": "FOOD",
    "charges": 1,
    "nutrition": 32,
    "quench": 5,
    "healthy": -6,
    "fun": -20,
    "spoils_in": 128,
    "parasites": 0,
    "use_action": { "type": "mutagen", "is_weak": true },
    "flags": [ "TRADER_AVOID" ]
  },
  {
    "id": "spider_steak",
    "type": "COMESTIBLE",
    "category": "other",
    "name": "蜘蛛肉块",
    "description": "机械蜘蛛的肉质部分被切割成片状。",
    "weight": 200,
    "volume": 1,
    "material": "flesh",
    "symbol": "%",
    "color": "i_brown",
    "comestible_type": "FOOD",
    "charges": 2,
    "nutrition": 12,
    "quench": 2,
    "healthy": -1,
    "fun": -12,
    "spoils_in": 96,
    "parasites": 0,
    "use_action": { "type": "mutagen", "is_weak": true },
    "flags": [ "TRADER_AVOID" ]
  },
  {
    "id": "spider_steak_cooked",
    "type": "COMESTIBLE",
    "category": "food",
    "name": "熟蜘蛛肉块",
    "description": "煮熟的机械蜘蛛肉块，不加任何佐料。不是很难吃。",
    "weight": 175,
    "volume": 1,
    "price": 550,
    "material": "flesh",
    "symbol": "%",
    "color": "brown",
    "comestible_type": "FOOD",
    "charges": 1,
    "nutrition": 18,
    "quench": 1,
    "healthy": 1,
    "fun": 1,
    "spoils_in": 56,
    "parasites": 0,
    "flags": [ "EATEN_HOT" ]
  },
  {
    "id": "spider_steak_fried",
    "type": "COMESTIBLE",
    "name": "面糊炸蜘蛛肉",
    "name_plural": "面糊炸机械蜘蛛肉",
    "description": "机械蜘蛛肉裹上面粉后油炸的食物。",
    "weight": 180,
    "volume": 1,
    "price": 800,
    "material": "flesh",
    "symbol": "%",
    "color": "yellow",
    "comestible_type": "FOOD",
    "charges": 3,
    "nutrition": 42,
    "quench": -4,
    "fun": 16,
    "spoils_in": 42,
    "flags": [ "EATEN_HOT" ]
  },
  {
    "id": "spider_steak_soup",
    "type": "COMESTIBLE",
    "name": "蜘蛛肉汤",
    "description": "一种营养丰富的机械蜘蛛肉汤，里面有花生碎和蔬菜。",
    "weight": 145,
    "volume": 1,
    "price": 3000,
    "phase": "liquid",
    "container": "can_food",
    "material": "flesh",
    "symbol": "~",
    "color": "light_gray",
    "comestible_type": "DRINK",
    "charges": 4,
    "nutrition": 40,
    "quench": 10,
    "healthy": 1,
    "fun": 1,
    "spoils_in": 244,
    "flags": [ "EATEN_HOT", "USE_EAT_VERB" ]
  },
  {
    "id": "spider_steak_sandwich",
    "type": "COMESTIBLE",
    "name": "蜘蛛肉三明治",
    "name_plural": "蜘蛛肉三明治",
    "description": "将机械蜘蛛肉煮熟后配上面包制作成的三明治。",
    "weight": 256,
    "volume": 1,
    "price": 1100,
    "material": "flesh",
    "symbol": "%",
    "color": "brown",
    "comestible_type": "FOOD",
    "charges": 2,
    "nutrition": 32,
    "quench": 0,
    "healthy": 1,
    "fun": 8,
    "spoils_in": 56,
    "flags": [ "EATEN_HOT" ]
  },
  {
    "id": "jar_spider_steak_pickled",
    "type": "GENERIC",
    "category": "food",
    "name": "密封腌蜘蛛肉罐头",
    "name_plural": "密封腌蜘蛛肉罐头",
    "description": "一罐密封的腌蜘蛛肉。打开后可以享用。",
    "weight": 590,
    "volume": 2,
    "price": 1100,
    "bashing": 4,
    "material": [ "glass", "flesh" ],
    "symbol": "%",
    "color": "light_gray",
    "use_action": {
      "target": "spider_steak_pickled",
      "msg": "你打开了罐子，内容物暴露在空气中。",
      "container": "jar_glass",
      "type": "transform"
    }
  },
  {
    "id": "spider_steak_pickled",
    "type": "COMESTIBLE",
    "name": "腌蜘蛛肉",
    "name_plural": "腌蜘蛛肉",
    "description": "罐子里面有腌蜘蛛肉。相当美味和健康。",
    "weight": 440,
    "volume": 2,
    "price": 1550,
    "container": "jar_glass",
    "material": "flesh",
    "symbol": "%",
    "color": "white",
    "comestible_type": "FOOD",
    "charges": 2,
    "nutrition": 48,
    "quench": -5,
    "healthy": 1,
    "fun": 6
  },
  {
    "id": "triffid_sap",
    "type": "AMMO",
    "category": "chems",
    "name": "异形花树液",
    "name_plural": "异形花树液",
    "//": "Didn't precisely exist pre-cataclysm, so tough to price.",
    "description": "异形花的花苞里面提取的凝胶型树液，没什么特别的作用。不过紧急关头可以将它抛出，伤害你想攻击的目标。",
    "weight": 215,
    "volume": 2,
    "price": 9000,
    "symbol": "%",
    "color": "i_yellow",
    "ammo_type": "components",
    "use_action": { "target": "triffid_sap_thrown", "target_charges": 0, "active": true, "type": "transform" },
    "flags": [ "ACT_ON_RANGED_HIT", "TRADER_AVOID" ]
  },
  {
    "id": "triffid_sap_thrown",
    "type": "TOOL",
    "category": "weapons",
    "name": "球状异形花树液",
    "description": "异形花的花苞里面提取的凝胶型树液，把它扔出去，就会产生一个黏糊糊的树液陷阱。",
    "weight": 215,
    "volume": 2,
    "symbol": "%",
    "color": "i_yellow",
    "turns_per_charge": 1,
    "use_action": {
      "type": "explosion",
      "fields_type": "fd_sap",
      "fields_radius": 0,
      "fields_min_density": 1,
      "fields_max_density": 2,
      "sound_volume": 0,
      "sound_msg": "glass shattering",
      "no_deactivate_msg": "不要玩它，把它扔了。",
      "explosion": { "power": 2 }
    }
  },
  {
    "id": "royal_jelly_sap",
    "type": "COMESTIBLE",
    "category": "drugs",
    "name": "混合蜂王浆",
    "name_plural": "混合蜂王浆",
    "//": "Didn't precisely exist pre-cataclysm, so tough to price.",
    "description": "蜂王浆与异形花树液混合而成的制品，进一步提高了治疗效果。",
    "weight": 132,
    "volume": 2,
    "price": 18000,
    "phase": "liquid",
    "container": "jar_glass",
    "symbol": "%",
    "color": "yellow_white",
    "comestible_type": "FOOD",
    "charges": 2,
    "nutrition": 12,
    "quench": 12,
    "healthy": 4,
    "fun": 5,
    "use_action": "ROYAL_JELLY"
  },
  {
    "id": "fighter_sting_juice",
    "type": "AMMO",
    "name": "三尖树树液",
    "description": "从三尖树真菌刺之中提取的树液。",
    "weight": 124,
    "volume": 1,
    "price": 12000,
    "phase": "liquid",
    "container": "flask_glass",
    "material": [ "veggy" ],
    "symbol": ",",
    "color": "green",
    "ammo_type": "components"
  },
  {
    "type": "COMESTIBLE",
    "id": "egg_wasp",
    "name": "黄蜂蛋",
    "sub": "egg_reptile",
    "weight": 60,
    "color": "white",
    "spoils_in": 672,
    "comestible_type": "FOOD",
    "symbol": "o",
    "quench": -6,
    "healthy": 0,
    "nutrition": 25,
    "description": "一枚黄蜂蛋，摸起来相当粗糙。",
    "fun": -18
  },
  {
    "type": "GENERIC",
    "id": "wasp_glue",
    "symbol": ",",
    "sub": "bone_glue",
    "color": "ltgray",
    "name": "黄蜂胶水",
    "description": "由黄蜂的唾液和它们吃过的一些植物材料制成的胶水。胶水粘合效果相当弱，但可以通过干燥以后继续加工变成强力粘合剂。",
    "price": 1800,
    "material": "paper",
    "weight": 50,
    "volume": 1,
    "to_hit": -2,
    "flags": [ "UNRECOVERABLE" ]
  },
  {
    "type": "GENERIC",
    "id": "wasp_glue_super",
    "symbol": ",",
    "sub": "superglue",
    "color": "dkgray",
    "name": "黄蜂粘合剂",
    "description": "黄蜂胶水干燥后与其他化学材料混合制成的粘合剂，粘合效果相当强。",
    "price": 1800,
    "material": "paper",
    "weight": 60,
    "volume": 1,
    "to_hit": -2,
    "flags": [ "UNRECOVERABLE" ]
  }
]
