[
  {
    "id": "manhack_firebomb",
    "type": "TOOL",
    "category": "weapons",
    "name": "无人机用燃烧弹",
    "description": "这是一枚炸弹装进了一个黑客的操纵装置里，所以黑客可以自行启动它。",
    "weight": 180,
    "volume": 1,
    "price": 0,
    "to_hit": -1,
    "bashing": 6,
    "material": [ "glass", "plastic" ],
    "symbol": "*",
    "color": "red",
    "use_action": { "target": "manhack_firebomb_act", "target_charges": 1, "active": true, "type": "transform" },
    "flags": [ "BOMB" ]
  },
  {
    "id": "manhack_firebomb_act",
    "type": "TOOL",
    "category": "weapons",
    "name": "无人机用燃烧弹",
    "description": "这是一枚炸弹，装进了一个黑客的操纵装置，这样的人就能自动激活它。由于人为侵入，有效半径稍微大一些。",
    "weight": 180,
    "volume": 1,
    "price": 0,
    "to_hit": -1,
    "bashing": 6,
    "material": [ "glass", "plastic" ],
    "symbol": "*",
    "color": "red",
    "initial_charges": 1,
    "max_charges": 1,
    "turns_per_charge": 1,
    "use_action": {
      "type": "explosion",
      "fields_type": "fd_fire",
      "fields_radius": 3,
      "fields_min_density": 1,
      "fields_max_density": 3,
      "sound_volume": 0,
      "sound_msg": "pphhhfftttt",
      "no_deactivate_msg": "这是一个你能看到的bug，但这并不意味着它不会杀死你。把它扔了!"
    },
    "flags": [ "BOMB" ]
  },
  {
    "id": "soulbomb",
    "type": "TOOL",
    "category": "weapons",
    "name": "灵魂炸弹",
    "description": "Haaaaaaaaaaaaaaaaaaaaaaaaaaax!",
    "weight": 236,
    "volume": 1,
    "price": 0,
    "to_hit": -1,
    "bashing": 5,
    "material": [ "diamond" ],
    "symbol": "*",
    "color": "white",
    "use_action": {
      "target": "soulbomb_on",
      "msg": "一台电脑显示器以极快的速度向你飞来!",
      "target_charges": 3,
      "active": true,
      "type": "transform"
    },
    "flags": [ "BOMB" ]
  },
  {
    "id": "soulbomb_on",
    "type": "TOOL",
    "category": "weapons",
    "name": "活跃的灵魂炸弹",
    "description": "Haaaaaaaaaaaaaaaaaaaaaaaaaaax!",
    "weight": 236,
    "volume": 1,
    "price": 0,
    "to_hit": -1,
    "bashing": 5,
    "material": [ "diamond" ],
    "symbol": "*",
    "color": "white",
    "initial_charges": 1,
    "max_charges": 1,
    "turns_per_charge": 1,
    "use_action": {
      "type": "explosion",
      "fields_type": "fd_laser",
      "fields_radius": 2,
      "fields_min_density": 3,
      "fields_max_density": 3,
      "sound_volume": 0,
      "sound_msg": "Tick.",
      "no_deactivate_msg": "你试着把它关掉，但它又会自动打开。",
      "explosion": { "power": 20, "distance_factor": 0.2, "shrapnel": 40 }
    }
  }
]
