[
  {
    "id": "handflare",
    "type": "TOOL",
    "name": "照明弹",
    "description": "一个缓慢燃烧的照明弹，点燃它后可以出发亮光，持续约半个小时的照明。",
    "material": [ "plastic", "powder" ],
    "symbol": ";",
    "color": "light_red",
    "weight": 128,
    "volume": 1,
    "price": 400,
    "use_action": { "type": "transform", "target": "handflare_act", "active": true, "target_charges": 6, "msg": "你点燃了照明弹。" }
  },
  {
    "id": "handflare_act",
    "type": "TOOL",
    "name": "照明弹（点燃）",
    "copy-from": "handflare",
    "description": "一个点燃的照明弹，稍等一会就会持续发出亮光。",
    "initial_charges": 6,
    "turns_per_charge": 1,
    "countdown_interval": 6,
    "countdown_action": { "type": "transform", "target": "handflare_lit", "target_charges": 300, "active": true, "msg": "照明弹亮了。" }
  },
  {
    "id": "handflare_lit",
    "copy-from": "handflare",
    "type": "TOOL",
    "name": "照明弹（激活）",
    "description": "燃烧的照明弹正在发光。它将持续约半小时后熄灭。",
    "color": "white",
    "initial_charges": 300,
    "max_charges": 300,
    "emits": [ "emit_smoke_flare" ],
    "turns_per_charge": 1,
    "revert_to": "handflare_dead",
    "revert_msg": "照明弹熄灭了。",
    "use_action": [  ],
    "flags": [ "FIRE", "LIGHT_240", "CHARGEDIM", "FLAMING", "TRADER_AVOID" ]
  },
  {
    "id": "cell_phone_flashlight",
    "copy-from": "cell_phone_flashlight",
    "type": "TOOL",
    "name": "手机（手电筒）",
    "name_plural": "手机（手电筒）",
    "turns_per_charge": 6
  }
]
