[
  {
    "id": "ref_lighter_dare",
    "type": "TOOL",
    "name": "高级可再充打火机",
    "copy-from": "lighter",
    "description": "这是一个高级可再充打火机，通过改进后可以比普通的打火机发出更大的火焰，而且点火速度更快。同样带来了更大的油耗。",
    "weight": 20,
    "volume": 0,
    "price": 3000,
    "material": "aluminum",
    "symbol": ",",
    "color": "light_gray",
    "ammo": "gasoline",
    "max_charges": 50,
    "rand_charges": [ 0, 0, 0, 0, 0, 0, 0, 0, 0, 0, 0, 1, 2, 3, 5, 7, 11, 13, 17, 21, 27 ],
    "charges_per_use": 2,
    "use_action": [ { "type": "firestarter", "moves": 30, "moves_slow": 400 } ],
    "flags": [ "FIRE", "FLAMING" ]
  },
  {
    "id": "ref_lighter_string",
    "type": "TOOL_ARMOR",
    "name": "可穿戴打火机",
    "copy-from": "lighter",
    "description": "一种有细绳的打火机，可以让它被戴在脖子上。虽然有点笨拙，但还是很实用的。",
    "weight": 25,
    "volume": 0,
    "price": 3000,
    "material": "aluminum",
    "symbol": ",",
    "color": "light_gray",
    "coverage": 1,
    "encumbrance": 0,
    "storage": 0,
    "warmth": 0,
    "material_thickness": 1,
    "ammo": "gasoline",
    "max_charges": 50,
    "rand_charges": [ 0, 0, 0, 0, 0, 0, 0, 0, 0, 0, 0, 1, 2, 3, 5, 7, 11, 13, 17, 21, 27 ],
    "charges_per_use": 1,
    "use_action": [ { "type": "firestarter", "moves": 60, "moves_slow": 600 } ],
    "flags": [ "FIRE", "FLAMING" ]
  },
  {
    "id": "candle_smoke",
    "copy-from": "candle",
    "type": "GENERIC",
    "name": "香薰蜡烛",
    "description": "一根蜡烛，可以散发出一股细细的烟雾。可以用来增加神秘的环境氛围。同样也带有淡淡的香味，可以减少周围难为的气味。",
    "emits": [ "emit_smoke_flare" ],
    "use_action": {
      "target": "candle_smoke_lit",
      "msg": "你点燃了香薰蜡烛。",
      "active": true,
      "need_fire": 1,
      "menu_text": "点燃",
      "type": "transform"
    }
  },
  {
    "id": "candle_smoke_lit",
    "type": "TOOL",
    "name": "香薰蜡烛 (点燃)",
    "name_plural": "香薰蜡烛 (点燃)",
    "copy-from": "candle_lit",
    "description": "这是香薰蜡烛被点燃了，提供照明和散发出淡淡细细的烟雾。",
    "emits": [ "emit_smoke_flare" ],
    "use_action": { "target": "candle_smoke", "msg": "蜡烛熄灭了。", "menu_text": "熄灭", "type": "transform" },
    "flags": [ "LIGHT_8", "TRADER_AVOID", "FIRE" ]
  },
  {
    "id": "smoke_machine",
    "type": "TOOL",
    "name": "烟幕机 (关)",
    "name_plural": "烟幕机 (关)",
    "description": "一台烟幕机，当它启动时，会在区域内产生浓厚的烟雾。模糊内部的视野和气味。",
    "weight": 1360,
    "volume": 6,
    "price": 6000,
    "bashing": 3,
    "to_hit": -2,
    "material": [ "plastic" ],
    "symbol": "0",
    "color": "i_white",
    "max_charges": 100,
    "ammo": "smoke_juice",
    "use_action": {
      "type": "transform",
      "target": "smoke_machine_act",
      "active": true,
      "msg": "你把烟幕机打开了。",
      "need_fire": 1,
      "need_charges_msg": "这台机器是空的，拆解后重新做一个。"
    },
    "flags": [ "NO_RELOAD", "NO_REPAIR" ]
  },
  {
    "id": "smoke_machine_unpreped",
    "type": "TOOL",
    "name": "烟幕机",
    "name_plural": "烟幕机",
    "copy-from": "smoke_machine",
    "description": "一台烟幕机，当它启动时，会在区域内产生浓厚的烟雾。模糊内部的视野和气味。它可以随意关闭，但如果是空的，则需要解构和重新填充。。使用它一次，设置为使用，然后再次激活它。",
    "max_charges": 100,
    "initial_charges": 100,
    "use_action": {
      "type": "transform",
      "target": "smoke_machine",
      "active": false,
      "msg": "你把烟幕机准备好。它还是关着的。"
    },
    "flags": [ "NO_RELOAD", "NO_REPAIR" ]
  },
  {
    "id": "smoke_machine_act",
    "copy-from": "smoke_machine",
    "type": "TOOL",
    "name": "烟幕机 (开)",
    "name_plural": "烟幕机 (开)",
    "max_charges": 100,
    "initial_charges": 100,
    "turns_per_charge": 158,
    "revert_to": "smoke_machine",
    "emits": [ "emit_smoke_flare", "emit_smoke_machine" ],
    "use_action": { "menu_text": "Turn off", "type": "transform", "target": "smoke_machine", "msg": "你关掉了烟幕机。" },
    "flags": [ "NO_RELOAD", "NO_REPAIR", "LIGHT_6", "CHARGEDIM", "TRADER_AVOID" ]
  },
  {
    "id": "pokeball",
    "type": "TOOL",
    "name": "宠物球",
    "description": "PRM公司开发的袖珍型宠物球，可以用来捕获动物并安全的运输动物。使用后选择要捕获的动物或者将宠物球内的动物放置在空地上。",
    "weight": 300,
    "volume": 3,
    "price": 2000000,
    "bashing": 3,
    "material": [ "steel", "plastic" ],
    "symbol": "o",
    "color": "light_red",
    "properties": [ [ "monster_size_capacity", "HUGE" ] ],
    "use_action": "CAPTURE_MONSTER_ACT"
  },
  {
    "id": "e_tool_chinese",
    "type": "TOOL",
    "name": "钢铲",
    "description": "一把用廉价钢材制成的结实铁锹。铁锹的刃口已被磨尖，足以切断铁丝。",
    "weight": 628,
    "volume": 4,
    "price": 4000,
    "to_hit": 1,
    "bashing": 8,
    "cutting": 8,
    "material": "budget_steel",
    "symbol": "/",
    "color": "light_gray",
    "qualities": [ [ "CUT", 1 ], [ "DIG", 3 ], [ "BUTCHER", -8 ], [ "SAW_W", 1 ], [ "SAW_M", 1 ] ],
    "use_action": "BOLTCUTTERS",
    "flags": [ "DURABLE_MELEE" ]
  },
  {
    "id": "broken_manhack_fire",
    "type": "GENERIC",
    "category": "other",
    "name": "燃烧弹无人机（损坏）",
    "description": "一个损坏的燃烧弹无人机。现在安静的散在地上构不成威胁。可以拆解得到部件。",
    "weight": 2113,
    "volume": 3,
    "price": 9000,
    "price_postapoc": 1000,
    "to_hit": -3,
    "bashing": 6,
    "cutting": 6,
    "material": [ "aluminum", "plastic" ],
    "symbol": ",",
    "color": "red"
  },
  {
    "id": "bot_manhack_fire",
    "type": "TOOL",
    "name": "燃烧弹无人机（关）",
    "description": "一台未激活的燃烧弹无人机。当它被激活时，它会飞向敌人毕引爆燃烧弹，照成剧烈爆炸和燃烧效果。",
    "weight": 500,
    "volume": 1,
    "price": 80000,
    "to_hit": -3,
    "bashing": 6,
    "cutting": 6,
    "material": [ "aluminum", "plastic" ],
    "symbol": ",",
    "color": "red",
    "use_action": {
      "type": "place_monster",
      "monster_id": "mon_manhack_fire",
      "friendly_msg": "燃烧弹无人机从你的手中飞出，开始调查这个地区！",
      "hostile_msg": "燃烧弹无人机的程序编写错误，注意隐蔽！",
      "difficulty": 6,
      "moves": 60,
      "place_randomly": true,
      "skill1": "electronics",
      "skill2": "computer"
    }
  },
  {
    "id": "spess_chunk",
    "type": "TOOL",
    "category": "spare_parts",
    "name": "多层聚合塑料块",
    "description": "一大块轻量级的多层聚合塑料，属于太空时代的新型材料。目前的环境下可能无法再被制造出来，所以请好好保存。",
    "weight": 60,
    "volume": 1,
    "price": 15000,
    "material": "spess_plastic",
    "symbol": ",",
    "color": "light_green",
    "flags": [ "NO_SALVAGE" ]
  },
  {
    "id": "bot_manhack_missile",
    "type": "TOOL",
    "name": "亡灵火箭",
    "description": "亡灵火箭。将会锁定目标并爆炸造成中度伤害和小型电磁脉冲爆炸。",
    "weight": 330,
    "volume": 3,
    "price": 60000,
    "to_hit": -3,
    "bashing": 6,
    "cutting": 6,
    "material": [ "aluminum", "plastic" ],
    "symbol": ",",
    "color": "light_green",
    "use_action": {
      "type": "place_monster",
      "monster_id": "mon_manhack_missile",
      "friendly_msg": "导弹不稳定的起飞了。",
      "hostile_msg": "导弹的编程出现错误，它将会把你当成敌人。",
      "difficulty": 4,
      "moves": 75,
      "place_randomly": true,
      "skill1": "electronics",
      "skill2": "computer"
    }
  },
  {
    "id": "rocket_core",
    "type": "TOOL",
    "category": "weapons",
    "name": "亡灵火箭核心",
    "description": "亡灵火箭的核心，暴露在空气中。现在看起来很稳定，但如果你搞砸了，它很可能会爆炸",
    "weight": 240,
    "volume": 2,
    "to_hit": -1,
    "bashing": 6,
    "material": [ "steel", "plastic" ],
    "symbol": ",",
    "color": "ltblue",
    "explode_in_fire": true,
    "use_action": { "target": "rocket_core_act", "target_charges": 4, "active": true, "type": "transform" },
    "flags": [ "TRADER_AVOID", "CUSTOM_EXPLOSION" ]
  },
  {
    "id": "rocket_core_act",
    "type": "TOOL",
    "category": "weapons",
    "name": "不稳定的亡灵火箭核心",
    "description": "亡灵火箭的核心，暴露在空气中。现在非常不稳定，随时都会爆炸。",
    "weight": 240,
    "volume": 2,
    "to_hit": -1,
    "bashing": 6,
    "material": [ "steel", "plastic" ],
    "symbol": ",",
    "color": "ltred",
    "initial_charges": 1,
    "max_charges": 4,
    "turns_per_charge": 1,
    "emits": [ "emit_radiation_plume" ],
    "use_action": {
      "type": "explosion",
      "draw_explosion_radius": 2,
      "draw_explosion_color": "ltblue",
      "emp_blast_radius": 2,
      "sound_volume": 0,
      "sound_msg": "Tick.",
      "no_deactivate_msg": "这个核心破损了;就要爆炸了!",
      "explosion": { "power": 12, "distance_factor": 0.5, "shrapnel": 1 }
    },
    "flags": [ "BOMB", "TRADER_AVOID", "CUSTOM_EXPLOSION" ]
  },
  {
    "id": "broken_soulcube",
    "type": "TOOL",
    "name": "发光的灵魂立方体",
    "description": "一个来至外星的立方体装置，用途不明。",
    "weight": 1000,
    "volume": 2,
    "price": 1000000,
    "to_hit": -3,
    "bashing": 6,
    "cutting": 6,
    "material": "diamond",
    "symbol": ",",
    "color": "white",
    "use_action": {
      "target": "soulcube_on",
      "msg": "光芒照射在你身上，缓慢的治愈着你。",
      "target_charges": 4,
      "active": true,
      "type": "transform"
    },
    "flags": [ "LIGHT_50" ]
  },
  {
    "id": "soulcube_on",
    "type": "TOOL",
    "name": "治疗的灵魂立方体",
    "description": "一个来至外星的立方体装置，用途不明。",
    "weight": 1000,
    "volume": 2,
    "price": 1000000,
    "to_hit": -3,
    "bashing": 6,
    "cutting": 6,
    "material": "diamond",
    "symbol": ",",
    "color": "white",
    "initial_charges": 4,
    "max_charges": 4,
    "turns_per_charge": 1,
    "revert_to": "soulcube_charging",
    "artifact_data": { "effects_activated": [ "AEA_HEAL" ] },
    "use_action": "ARTIFACT"
  },
  {
    "id": "soulcube_charging",
    "type": "TOOL",
    "name": "充能的灵魂立方体",
    "description": "一个来至外星的立方体装置，用途不明。",
    "weight": 1000,
    "volume": 2,
    "price": 1000000,
    "to_hit": -3,
    "bashing": 6,
    "cutting": 6,
    "material": "diamond",
    "symbol": ",",
    "color": "white",
    "use_action": {
      "target": "soulcube",
      "msg": "\"使用我们。\"",
      "moves": 0,
      "type": "delayed_transform",
      "transform_age": 4200,
      "not_ready_msg": "你摆弄立方体，但什么也没发生。",
      "//": "7小时"
    }
  },
  {
    "id": "soulcube",
    "type": "TOOL",
    "name": "灵魂立方体",
    "description": "一个来至外星的立方体装置，用途不明。",
    "weight": 1000,
    "volume": 2,
    "price": 1000000,
    "to_hit": -3,
    "bashing": 6,
    "cutting": 6,
    "material": "diamond",
    "symbol": ",",
    "color": "white",
    "use_action": {
      "type": "place_monster",
      "monster_id": "mon_soulcube",
      "friendly_msg": "当你摆弄立方体的时候，它从你手中飞走了!",
      "hostile_msg": "哦，它可能充满敌意。这是不应该发生的。",
      "moves": 50,
      "place_randomly": true,
      "skill1": "survival"
    }
  },
  {
    "id": "bot_fungal_boil_egg",
    "type": "TOOL",
    "name": "培育中的孢子炸弹",
    "description": "罐子里面有一团真菌正在生长，当它们培育完成后就可以释放出去了。",
    "weight": 820,
    "volume": 2,
    "price": 5000,
    "to_hit": -1,
    "bashing": 2,
    "material": [ "plastic", "veggy" ],
    "symbol": "o",
    "color": "dkgray",
    "revert_to": "canister_empty",
    "use_action": {
      "target": "bot_fungal_boil",
      "msg": "罐子里的孢子培育完成了。",
      "active": false,
      "type": "delayed_transform",
      "transform_age": 21600,
      "not_ready_msg": "孢子需要36小时才可培育完成，目前并未准备好。"
    }
  },
  {
    "id": "bot_turret_shockcannon",
    "type": "TOOL",
    "name": "电击炮炮塔（关闭）",
    "description": "关闭中的电击炮炮塔，使用后可以打开并安装在地上。炮塔会自动识别敌我，每次电击会消耗100电池，激活炮塔后会自动消耗你库存之中的电池。",
    "weight": 1450,
    "volume": 12,
    "price": 600000,
    "to_hit": -3,
    "bashing": 8,
    "material": [ "spess_plastic", "steel" ],
    "symbol": ";",
    "color": "white",
    "use_action": {
      "type": "place_monster",
      "monster_id": "mon_turret_shockcannon",
      "difficulty": 6,
      "moves": 100,
      "skill1": "electronics",
      "skill2": "computer"
    }
  },
  {
    "id": "triffid_sap_grenade",
    "type": "TOOL",
    "category": "weapons",
    "name": "树液手雷",
    "description": "异形花树液经过酸水稀释后制作成的投掷物，当它被投掷出去击中目标后，会给目标身上粘满粘稠物质，降低目标的移动的速度。",
    "weight": 315,
    "volume": 2,
    "material": [ "glass" ],
    "symbol": "%",
    "color": "i_yellow",
    "turns_per_charge": 1,
    "use_action": { "target": "triffid_sap_grenade_act", "target_charges": 3, "active": true, "type": "transform" },
    "flags": [ "ACT_ON_RANGED_HIT" ]
  },
  {
    "id": "triffid_sap_grenade_act",
    "type": "TOOL",
    "category": "weapons",
    "name": "树液手雷",
    "description": "异形花树液经过酸水稀释后制作成的投掷物，当它被投掷出去击中目标后，会给目标身上粘满粘稠物质，降低目标的移动的速度。",
    "weight": 315,
    "volume": 2,
    "material": [ "glass" ],
    "symbol": "%",
    "color": "i_yellow",
    "turns_per_charge": 1,
    "emits": [ "emit_sap_grenade" ],
    "countdown_interval": 2,
    "countdown_destroy": true,
    "countdown_action": { "type": "explosion", "explosion": { "power": 2, "distance_factor": 0.2 } }
  },
  {
    "id": "bot_robot_drone",
    "type": "TOOL",
    "name": "无人驾驶直升机（关闭）",
    "description": "这架无人直升机正在等待补给和重新激活。机载步枪使用.233弹药。当你激活它时会自动装载你携带的弹药，并围绕周围进行巡逻。",
    "weight": 4250,
    "volume": 35,
    "price": 3000000,
    "to_hit": -3,
    "material": [ "steel", "superalloy" ],
    "symbol": "H",
    "color": "ltgreen",
    "use_action": {
      "type": "place_monster",
      "monster_id": "mon_robot_drone",
      "difficulty": 8,
      "moves": 150,
      "skill1": "electronics",
      "skill2": "computer"
    }
  },
  {
    "id": "broken_robot_drone",
    "type": "GENERIC",
    "category": "other",
    "name": "无人驾驶直升机（损坏）",
    "description": "一架损坏的无人驾驶直升机。现在不那么危险了。",
    "weight": 4250,
    "volume": 34,
    "price": 100000,
    "to_hit": -3,
    "material": [ "steel", "superalloy" ],
    "symbol": "H",
    "color": "ltgreen"
  },
  {
    "type": "GENERIC",
    "id": "fridge_cargo",
    "name": "冷藏柜",
    "description": "一个足够大的冰箱，你可以在里面安全地存放大量的食物。",
    "weight": 27752,
    "to_hit": -10,
    "color": "light_blue",
    "symbol": "]",
    "material": "steel",
    "volume": 22,
    "category": "veh_parts",
    "price": 90000
  },
  {
    "id": "diveknife",
    "type": "TOOL",
    "category": "weapons",
    "name": "潜水匕首",
    "name_plural": "潜水匕首",
    "//": "Too small to be effectively used for butchering, still not bad at it due to serrated edge.",
    "description": "一个短而结实的匕首，锯齿状的刀刃能够切割绳子和皮带，边缘一个钝头可当做小型撬棍使用。非常轻便，几乎不占空间，潜水员经常使用。",
    "weight": 226,
    "volume": 0,
    "price": 14000,
    "cutting": 12,
    "material": [ "steel", "plastic" ],
    "symbol": ";",
    "color": "yellow",
    "qualities": [ [ "CUT", 1 ], [ "PRY", 1 ], [ "BUTCHER", 15 ] ],
    "techniques": [ "RAPID" ],
    "flags": [ "SHEATH_KNIFE" ]
  }
]
