[
	{
    "type":"monstergroup",
    "name" : "GROUP_MALL", 
	"//" : "以[GROUP_HOUSE]取代[GROUP_MALL],後者代碼位於mapgen/mall.json",
    "default" : "mon_zombie",
    "monsters" : [
      { "monster" : "mon_zombie_fat", "freq" : 130, "cost_multiplier": 2},
      { "monster" : "mon_zombie_tough", "freq" : 50, "cost_multiplier": 3},
      { "monster" : "mon_zombie_rot", "freq" : 10, "cost_multiplier": 2},
      { "monster" : "mon_zombie_crawler", "freq" : 5, "cost_multiplier": 2},
      { "monster" : "mon_zombie_child", "freq" : 150, "cost_multiplier" : 2 },
      { "monster" : "mon_zombie_cop", "freq" : 20, "cost_multiplier" : 2 },
      { "monster" : "mon_zombie_hazmat", "freq" : 10, "cost_multiplier" : 2 },
      { "monster" : "mon_zombie_fireman", "freq" : 10, "cost_multiplier" : 2 },
      { "monster" : "mon_zombie_dog", "freq" : 40, "cost_multiplier" : 2 },
      { "monster" : "mon_dog_skeleton", "freq" : 10, "cost_multiplier" : 2 },
      { "monster" : "mon_dog_zombie_cop", "freq" : 10, "cost_multiplier" : 2 },
      { "monster" : "mon_dog_zombie_rot", "freq" : 10, "cost_multiplier" : 2 },
      { "monster" : "mon_zombie_grabber", "freq" : 70, "cost_multiplier" : 1 },
      { "monster" : "mon_skeleton", "freq" : 30, "cost_multiplier" : 2 },
      { "monster" : "mon_zombie_smoker", "freq" : 30, "cost_multiplier" : 5 },
      { "monster" : "mon_zombie_shady", "freq" : 30, "cost_multiplier" : 5 },
      { "monster" : "mon_zombie_swimmer", "freq" : 20, "cost_multiplier" : 2 },
      { "monster" : "mon_zombie_shrieker", "freq" : 30, "cost_multiplier" : 5 },
      { "monster" : "mon_zombie_spitter", "freq" : 20, "cost_multiplier" : 5 },
      { "monster" : "mon_zombie_acidic", "freq" : 30, "cost_multiplier" : 2 },
      { "monster" : "mon_zombie_electric", "freq" : 30, "cost_multiplier" : 5 },
      { "monster" : "mon_zombie_necro", "freq" : 1, "cost_multiplier" : 25 },
      { "monster" : "mon_zombie_survivor", "freq" : 1, "cost_multiplier" : 25 },
      { "monster" : "mon_boomer", "freq" : 30, "cost_multiplier" : 7 },
      { "monster" : "mon_zombie_brute", "freq" : 10, "cost_multiplier" : 15 },
      { "monster" : "mon_zombie_hulk", "freq" : 1, "cost_multiplier" : 50 },
      { "monster" : "mon_zombie_master", "freq" : 1, "cost_multiplier" : 25 }
    ]
	}
]