[{
        "type": "overmap_special",
        "id": "SSsecrolab",
        "overmaps": [{
                "point": [0, -1, 0],
                "overmap": "road_end_north"
            }, {
                "point": [0, 0, 0],
                "overmap": "SecronomSSLab_top_north"
            }, {
                "point": [0, 0, -1],
                "overmap": "SecronomSSLab_b1_north"
            }, {
                "point": [0, 1, -1],
                "overmap": "SecronomSSLab_bowspecs_north"
            }, {
                "point": [0, 0, -2],
                "overmap": "SecronomSSLab_b2_north"
            }, {
                "point": [0, 1, -2],
                "overmap": "SecronomSSLab_failspecs_north"
            }, {
                "point": [0, 0, -3],
                "overmap": "SecronomSSLab_b3_north"
            }, {
                "point": [0, 1, -3],
                "overmap": "SecronomSSLab_Climax_north"
            }
        ],
        "connections": [{
                "point": [0, -1, 0],
                "terrain": "road"
            }
        ],
        "locations": ["land"],
        "flags": ["UNIQUE"],
        "city_distance": [30, -1],
        "city_sizes": [4, 16],
        "occurrences": [ 200, 44 ]
    }, {
        "id": "Saddler Nest",
        "locations": [
            "field"
        ],
        "occurrences": [
            1,
            5
        ],
        "spawns": {
            "group": "GROUP_SADDLER",
            "population": [100, 200],
            "radius": [2, 5]
        },
        "overmaps": [{
                "overmap": "saddler_cave_entrance_3_north",
                "point": [
                    0,
                    0,
                    0
                ]
            }, {
                "overmap": "saddler_cave_entrance_2_north",
                "point": [
                    1,
                    0,
                    0
                ]
            }, {
                "overmap": "saddler_cave_entrance_1_north",
                "point": [
                    2,
                    0,
                    0
                ]
            }, {
                "overmap": "saddler_cave_entrance_6_north",
                "point": [
                    0,
                    1,
                    0
                ]
            }, {
                "overmap": "saddler_cave_entrance_5_north",
                "point": [
                    1,
                    1,
                    0
                ]
            }, {
                "overmap": "saddler_cave_entrance_4_north",
                "point": [
                    2,
                    1,
                    0
                ]
            }, {
                "overmap": "saddler_cave_entrance_9_north",
                "point": [
                    0,
                    2,
                    0
                ]
            }, {
                "overmap": "saddler_cave_entrance_8_north",
                "point": [
                    1,
                    2,
                    0
                ]
            }, {
                "overmap": "saddler_cave_entrance_7_north",
                "point": [
                    2,
                    2,
                    0
                ]
            }, {
                "overmap": "saddler_cave_up_north",
                "point": [
                    1,
                    1,
                    -1
                ]
            }, {
                "overmap": "saddler_cave_north_north",
                "point": [
                    1,
                    0,
                    -1
                ]
            }, {
                "overmap": "saddler_cave_west_north",
                "point": [
                    2,
                    1,
                    -1
                ]
            }, {
                "overmap": "saddler_cave_brood_north",
                "point": [
                    3,
                    1,
                    -1
                ]
            }
        ],
        "type": "overmap_special"
    },
	{
        "id": "Flesh Forest",
        "locations": [
            "field"
        ],
        "occurrences": [
            0,
            1
        ],
        "overmaps": [{
                "overmap": "flesh_forest_3_north",
                "point": [
                    0,
                    0,
                    0
                ]
            }, {
                "overmap": "flesh_forest_2_north",
                "point": [
                    1,
                    0,
                    0
                ]
            }, {
                "overmap": "flesh_forest_1_north",
                "point": [
                    2,
                    0,
                    0
                ]
            }, {
                "overmap": "flesh_forest_6_north",
                "point": [
                    0,
                    1,
                    0
                ]
            }, {
                "overmap": "flesh_forest_5_north",
                "point": [
                    1,
                    1,
                    0
                ]
            }, {
                "overmap": "flesh_forest_4_north",
                "point": [
                    2,
                    1,
                    0
                ]
            }, {
                "overmap": "flesh_forest_9_north",
                "point": [
                    0,
                    2,
                    0
                ]
            }, {
                "overmap": "flesh_forest_8_north",
                "point": [
                    1,
                    2,
                    0
                ]
            }, {
                "overmap": "flesh_forest_7_north",
                "point": [
                    2,
                    2,
                    0
                ]
            }, {
                "overmap": "flesh_forest_near_north",
                "point": [
                    -1,
                    -1,
                    0
                ]
            }, {
                "overmap": "flesh_forest_near_north",
                "point": [
                    0,
                    -1,
                    0
                ]
            }, {
                "overmap": "flesh_forest_near_north",
                "point": [
                    1,
                    -1,
                    0
                ]
            }, {
                "overmap": "flesh_forest_near_north",
                "point": [
                    2,
                    -1,
                    0
                ]
            }, {
                "overmap": "flesh_forest_near_north",
                "point": [
                    3,
                    -1,
                    0
                ]
            }, {
                "overmap": "flesh_forest_near_north",
                "point": [
                    -1,
                    0,
                    0
                ]
            }, {
                "overmap": "flesh_forest_near_north",
                "point": [
                    3,
                    0,
                    0
                ]
            }, {
                "overmap": "flesh_forest_near_north",
                "point": [
                    -1,
                    1,
                    0
                ]
            }, {
                "overmap": "flesh_forest_near_north",
                "point": [
                    3,
                    1,
                    0
                ]
            }, {
                "overmap": "flesh_forest_near_north",
                "point": [
                    -1,
                    2,
                    0
                ]
            }, {
                "overmap": "flesh_forest_near_north",
                "point": [
                    3,
                    2,
                    0
                ]
            }, {
                "overmap": "flesh_forest_near_north",
                "point": [
                    -1,
                    3,
                    0
                ]
            }, {
                "overmap": "flesh_forest_near_north",
                "point": [
                    0,
                    3,
                    0
                ]
            }, {
                "overmap": "flesh_forest_near_north",
                "point": [
                    1,
                    3,
                    0
                ]
            }, {
                "overmap": "flesh_forest_near_north",
                "point": [
                    2,
                    3,
                    0
                ]
            }, {
                "overmap": "flesh_forest_near_north",
                "point": [
                    3,
                    3,
                    0
                ]
            }, {
                "overmap": "flesh_forest_mid_north",
                "point": [
                    -2,
                    -2,
                    0
                ]
            }, {
                "overmap": "flesh_forest_near_north",
                "point": [
                    -1,
                    -2,
                    0
                ]
            }, {
                "overmap": "flesh_forest_mid_north",
                "point": [
                    0,
                    -2,
                    0
                ]
            }, {
                "overmap": "flesh_forest_mid_north",
                "point": [
                    1,
                    -2,
                    0
                ]
            }, {
                "overmap": "flesh_forest_near_north",
                "point": [
                    2,
                    -2,
                    0
                ]
            }, {
                "overmap": "flesh_forest_mid_north",
                "point": [
                    3,
                    -2,
                    0
                ]
            }, {
                "overmap": "flesh_forest_mid_north",
                "point": [
                    4,
                    -2,
                    0
                ]
            }, {
                "overmap": "flesh_forest_mid_north",
                "point": [
                    -2,
                    -1,
                    0
                ]
            }, {
                "overmap": "flesh_forest_mid_north",
                "point": [
                    4,
                    -1,
                    0
                ]
            }, {
                "overmap": "flesh_forest_near_north",
                "point": [
                    -2,
                    0,
                    0
                ]
            }, {
                "overmap": "flesh_forest_mid_north",
                "point": [
                    4,
                    0,
                    0
                ]
            }, {
                "overmap": "flesh_forest_mid_north",
                "point": [
                    -2,
                    1,
                    0
                ]
            }, {
                "overmap": "flesh_forest_mid_north",
                "point": [
                    4,
                    1,
                    0
                ]
            }, {
                "overmap": "flesh_forest_mid_north",
                "point": [
                    -2,
                    2,
                    0
                ]
            }, {
                "overmap": "flesh_forest_mid_north",
                "point": [
                    4,
                    2,
                    0
                ]
            }, {
                "overmap": "flesh_forest_mid_north",
                "point": [
                    -2,
                    3,
                    0
                ]
            }, {
                "overmap": "flesh_forest_mid_north",
                "point": [
                    4,
                    3,
                    0
                ]
            }, {
                "overmap": "flesh_forest_mid_north",
                "point": [
                    -2,
                    4,
                    0
                ]
            }, {
                "overmap": "flesh_forest_mid_north",
                "point": [
                    -1,
                    4,
                    0
                ]
            }, {
                "overmap": "flesh_forest_near_north",
                "point": [
                    0,
                    4,
                    0
                ]
            }, {
                "overmap": "flesh_forest_mid_north",
                "point": [
                    1,
                    4,
                    0
                ]
            }, {
                "overmap": "flesh_forest_near_north",
                "point": [
                    2,
                    4,
                    0
                ]
            }, {
                "overmap": "flesh_forest_mid_north",
                "point": [
                    3,
                    4,
                    0
                ]
            }, {
                "overmap": "flesh_forest_mid_north",
                "point": [
                    4,
                    4,
                    0
                ]
            }, {
                "overmap": "flesh_forest_far_north",
                "point": [
                    -3,
                    -3,
                    0
                ]
            }, {
                "overmap": "flesh_forest_far_north",
                "point": [
                    -2,
                    -3,
                    0
                ]
            }, {
                "overmap": "flesh_forest_far_north",
                "point": [
                    -1,
                    -3,
                    0
                ]
            }, {
                "overmap": "flesh_forest_far_north",
                "point": [
                    0,
                    -3,
                    0
                ]
            }, {
                "overmap": "flesh_forest_far_north",
                "point": [
                    1,
                    -3,
                    0
                ]
            }, {
                "overmap": "flesh_forest_far_north",
                "point": [
                    2,
                    -3,
                    0
                ]
            }, {
                "overmap": "flesh_forest_far_north",
                "point": [
                    3,
                    -3,
                    0
                ]
            }, {
                "overmap": "flesh_forest_far_north",
                "point": [
                    4,
                    -3,
                    0
                ]
            }, {
                "overmap": "flesh_forest_far_north",
                "point": [
                    5,
                    -3,
                    0
                ]
            }, {
                "overmap": "flesh_forest_far_north",
                "point": [
                    -3,
                    -2,
                    0
                ]
            }, {
                "overmap": "flesh_forest_mid_north",
                "point": [
                    5,
                    -2,
                    0
                ]
            }, {
                "overmap": "flesh_forest_far_north",
                "point": [
                    -3,
                    -1,
                    0
                ]
            }, {
                "overmap": "flesh_forest_far_north",
                "point": [
                    5,
                    -1,
                    0
                ]
            }, {
                "overmap": "flesh_forest_mid_north",
                "point": [
                    -3,
                    0,
                    0
                ]
            }, {
                "overmap": "flesh_forest_far_north",
                "point": [
                    5,
                    0,
                    0
                ]
            }, {
                "overmap": "flesh_forest_far_north",
                "point": [
                    -3,
                    1,
                    0
                ]
            }, {
                "overmap": "flesh_forest_far_north",
                "point": [
                    5,
                    1,
                    0
                ]
            }, {
                "overmap": "flesh_forest_far_north",
                "point": [
                    -3,
                    2,
                    0
                ]
            }, {
                "overmap": "flesh_forest_far_north",
                "point": [
                    5,
                    2,
                    0
                ]
            }, {
                "overmap": "flesh_forest_far_north",
                "point": [
                    -3,
                    3,
                    0
                ]
            }, {
                "overmap": "flesh_forest_far_north",
                "point": [
                    5,
                    3,
                    0
                ]
            }, {
                "overmap": "flesh_forest_far_north",
                "point": [
                    -3,
                    4,
                    0
                ]
            }, {
                "overmap": "flesh_forest_far_north",
                "point": [
                    5,
                    4,
                    0
                ]
            }, {
                "overmap": "flesh_forest_far_north",
                "point": [
                    -3,
                    5,
                    0
                ]
            }, {
                "overmap": "flesh_forest_far_north",
                "point": [
                    -2,
                    5,
                    0
                ]
            }, {
                "overmap": "flesh_forest_far_north",
                "point": [
                    -1,
                    5,
                    0
                ]
            }, {
                "overmap": "flesh_forest_far_north",
                "point": [
                    0,
                    5,
                    0
                ]
            }, {
                "overmap": "flesh_forest_mid_north",
                "point": [
                    1,
                    5,
                    0
                ]
            }, {
                "overmap": "flesh_forest_far_north",
                "point": [
                    2,
                    5,
                    0
                ]
            }, {
                "overmap": "flesh_forest_far_north",
                "point": [
                    3,
                    5,
                    0
                ]
            }, {
                "overmap": "flesh_forest_far_north",
                "point": [
                    4,
                    5,
                    0
                ]
            }, {
                "overmap": "flesh_forest_far_north",
                "point": [
                    5,
                    5,
                    0
                ]
            }, {
                "overmap": "flesh_forest_vfar_north",
                "point": [
                    -4,
                    -4,
                    0
                ]
            }, {
                "overmap": "flesh_forest_vfar_north",
                "point": [
                    -3,
                    -4,
                    0
                ]
            }, {
                "overmap": "flesh_forest_vfar_north",
                "point": [
                    -2,
                    -4,
                    0
                ]
            }, {
                "overmap": "flesh_forest_far_north",
                "point": [
                    -1,
                    -4,
                    0
                ]
            }, {
                "overmap": "flesh_forest_vfar_north",
                "point": [
                    0,
                    -4,
                    0
                ]
            }, {
                "overmap": "flesh_forest_far_north",
                "point": [
                    1,
                    -4,
                    0
                ]
            }, {
                "overmap": "flesh_forest_vfar_north",
                "point": [
                    2,
                    -4,
                    0
                ]
            }, {
                "overmap": "flesh_forest_vfar_north",
                "point": [
                    3,
                    -4,
                    0
                ]
            }, {
                "overmap": "flesh_forest_vfar_north",
                "point": [
                    4,
                    -4,
                    0
                ]
            }, {
                "overmap": "flesh_forest_vfar_north",
                "point": [
                    5,
                    -4,
                    0
                ]
            }, {
                "overmap": "flesh_forest_vfar_north",
                "point": [
                    6,
                    -4,
                    0
                ]
            }, {
                "overmap": "flesh_forest_far_north",
                "point": [
                    -4,
                    -3,
                    0
                ]
            }, {
                "overmap": "flesh_forest_vfar_north",
                "point": [
                    6,
                    -3,
                    0
                ]
            }, {
                "overmap": "flesh_forest_vfar_north",
                "point": [
                    -4,
                    -2,
                    0
                ]
            }, {
                "overmap": "flesh_forest_vfar_north",
                "point": [
                    6,
                    -2,
                    0
                ]
            }, {
                "overmap": "flesh_forest_vfar_north",
                "point": [
                    -4,
                    -1,
                    0
                ]
            }, {
                "overmap": "flesh_forest_vfar_north",
                "point": [
                    6,
                    -1,
                    0
                ]
            }, {
                "overmap": "flesh_forest_vfar_north",
                "point": [
                    -4,
                    0,
                    0
                ]
            }, {
                "overmap": "flesh_forest_vfar_north",
                "point": [
                    6,
                    0,
                    0
                ]
            }, {
                "overmap": "flesh_forest_vfar_north",
                "point": [
                    -4,
                    1,
                    0
                ]
            }, {
                "overmap": "flesh_forest_vfar_north",
                "point": [
                    6,
                    1,
                    0
                ]
            }, {
                "overmap": "flesh_forest_far_north",
                "point": [
                    -4,
                    2,
                    0
                ]
            }, {
                "overmap": "flesh_forest_vfar_north",
                "point": [
                    6,
                    2,
                    0
                ]
            }, {
                "overmap": "flesh_forest_vfar_north",
                "point": [
                    -4,
                    3,
                    0
                ]
            }, {
                "overmap": "flesh_forest_vfar_north",
                "point": [
                    6,
                    3,
                    0
                ]
            }, {
                "overmap": "flesh_forest_vfar_north",
                "point": [
                    -4,
                    4,
                    0
                ]
            }, {
                "overmap": "flesh_forest_vfar_north",
                "point": [
                    6,
                    4,
                    0
                ]
            }, {
                "overmap": "flesh_forest_vfar_north",
                "point": [
                    -4,
                    5,
                    0
                ]
            }, {
                "overmap": "flesh_forest_vfar_north",
                "point": [
                    6,
                    5,
                    0
                ]
            }, {
                "overmap": "flesh_forest_vfar_north",
                "point": [
                    -4,
                    6,
                    0
                ]
            }, {
                "overmap": "flesh_forest_vfar_north",
                "point": [
                    -3,
                    6,
                    0
                ]
            }, {
                "overmap": "flesh_forest_vfar_north",
                "point": [
                    -2,
                    6,
                    0
                ]
            }, {
                "overmap": "flesh_forest_vfar_north",
                "point": [
                    -1,
                    6,
                    0
                ]
            }, {
                "overmap": "flesh_forest_vfar_north",
                "point": [
                    0,
                    6,
                    0
                ]
            }, {
                "overmap": "flesh_forest_vfar_north",
                "point": [
                    1,
                    6,
                    0
                ]
            }, {
                "overmap": "flesh_forest_vfar_north",
                "point": [
                    2,
                    6,
                    0
                ]
            }, {
                "overmap": "flesh_forest_vfar_north",
                "point": [
                    3,
                    6,
                    0
                ]
            }, {
                "overmap": "flesh_forest_vfar_north",
                "point": [
                    4,
                    6,
                    0
                ]
            }, {
                "overmap": "flesh_forest_far_north",
                "point": [
                    5,
                    6,
                    0
                ]
            }, {
                "overmap": "flesh_forest_vfar_north",
                "point": [
                    6,
                    6,
                    0
                ]
            }, {
                "overmap": "flesh_forest_vfaraway_north",
                "point": [
                    -5,
                    -5,
                    0
                ]
            }, {
                "overmap": "flesh_forest_vfaraway_north",
                "point": [
                    -4,
                    -5,
                    0
                ]
            }, {
                "overmap": "flesh_forest_vfaraway_north",
                "point": [
                    -3,
                    -5,
                    0
                ]
            }, {
                "overmap": "flesh_forest_vfaraway_north",
                "point": [
                    -2,
                    -5,
                    0
                ]
            }, {
                "overmap": "flesh_forest_vfaraway_north",
                "point": [
                    -1,
                    -5,
                    0
                ]
            }, {
                "overmap": "flesh_forest_vfaraway_north",
                "point": [
                    0,
                    -5,
                    0
                ]
            }, {
                "overmap": "flesh_forest_vfaraway_north",
                "point": [
                    1,
                    -5,
                    0
                ]
            }, {
                "overmap": "flesh_forest_vfaraway_north",
                "point": [
                    2,
                    -5,
                    0
                ]
            }, {
                "overmap": "flesh_forest_vfaraway_north",
                "point": [
                    3,
                    -5,
                    0
                ]
            }, {
                "overmap": "flesh_forest_vfaraway_north",
                "point": [
                    4,
                    -5,
                    0
                ]
            }, {
                "overmap": "flesh_forest_vfaraway_north",
                "point": [
                    5,
                    -5,
                    0
                ]
            }, {
                "overmap": "flesh_forest_vfaraway_north",
                "point": [
                    6,
                    -5,
                    0
                ]
            }, {
                "overmap": "flesh_forest_vfaraway_north",
                "point": [
                    7,
                    -5,
                    0
                ]
            }, {
                "overmap": "flesh_forest_vfaraway_north",
                "point": [
                    -5,
                    -4,
                    0
                ]
            }, {
                "overmap": "flesh_forest_vfaraway_north",
                "point": [
                    7,
                    -4,
                    0
                ]
            }, {
                "overmap": "flesh_forest_vfaraway_north",
                "point": [
                    -5,
                    -3,
                    0
                ]
            }, {
                "overmap": "flesh_forest_vfaraway_north",
                "point": [
                    7,
                    -3,
                    0
                ]
            }, {
                "overmap": "flesh_forest_vfaraway_north",
                "point": [
                    -5,
                    -2,
                    0
                ]
            }, {
                "overmap": "flesh_forest_vfaraway_north",
                "point": [
                    7,
                    -2,
                    0
                ]
            }, {
                "overmap": "flesh_forest_vfaraway_north",
                "point": [
                    -5,
                    -1,
                    0
                ]
            }, {
                "overmap": "flesh_forest_vfaraway_north",
                "point": [
                    7,
                    -1,
                    0
                ]
            }, {
                "overmap": "flesh_forest_vfaraway_north",
                "point": [
                    -5,
                    0,
                    0
                ]
            }, {
                "overmap": "flesh_forest_vfaraway_north",
                "point": [
                    7,
                    0,
                    0
                ]
            }, {
                "overmap": "flesh_forest_vfaraway_north",
                "point": [
                    -5,
                    1,
                    0
                ]
            }, {
                "overmap": "flesh_forest_vfaraway_north",
                "point": [
                    7,
                    1,
                    0
                ]
            }, {
                "overmap": "flesh_forest_vfaraway_north",
                "point": [
                    -5,
                    2,
                    0
                ]
            }, {
                "overmap": "flesh_forest_vfaraway_north",
                "point": [
                    7,
                    2,
                    0
                ]
            }, {
                "overmap": "flesh_forest_vfaraway_north",
                "point": [
                    -5,
                    3,
                    0
                ]
            }, {
                "overmap": "flesh_forest_vfaraway_north",
                "point": [
                    7,
                    3,
                    0
                ]
            }, {
                "overmap": "flesh_forest_vfaraway_north",
                "point": [
                    -5,
                    4,
                    0
                ]
            }, {
                "overmap": "flesh_forest_vfaraway_north",
                "point": [
                    7,
                    4,
                    0
                ]
            }, {
                "overmap": "flesh_forest_vfaraway_north",
                "point": [
                    -5,
                    5,
                    0
                ]
            }, {
                "overmap": "flesh_forest_vfaraway_north",
                "point": [
                    7,
                    5,
                    0
                ]
            }, {
                "overmap": "flesh_forest_vfaraway_north",
                "point": [
                    -5,
                    6,
                    0
                ]
            }, {
                "overmap": "flesh_forest_vfaraway_north",
                "point": [
                    7,
                    6,
                    0
                ]
            }, {
                "overmap": "flesh_forest_vfaraway_north",
                "point": [
                    -5,
                    7,
                    0
                ]
            }, {
                "overmap": "flesh_forest_vfaraway_north",
                "point": [
                    -4,
                    7,
                    0
                ]
            }, {
                "overmap": "flesh_forest_vfaraway_north",
                "point": [
                    -3,
                    7,
                    0
                ]
            }, {
                "overmap": "flesh_forest_vfaraway_north",
                "point": [
                    -2,
                    7,
                    0
                ]
            }, {
                "overmap": "flesh_forest_vfaraway_north",
                "point": [
                    -1,
                    7,
                    0
                ]
            }, {
                "overmap": "flesh_forest_vfaraway_north",
                "point": [
                    0,
                    7,
                    0
                ]
            }, {
                "overmap": "flesh_forest_vfaraway_north",
                "point": [
                    1,
                    7,
                    0
                ]
            }, {
                "overmap": "flesh_forest_vfaraway_north",
                "point": [
                    2,
                    7,
                    0
                ]
            }, {
                "overmap": "flesh_forest_vfaraway_north",
                "point": [
                    3,
                    7,
                    0
                ]
            },{
                "overmap": "flesh_forest_vfaraway_north",
                "point": [
                    4,
                    7,
                    0
                ]
            }, {
                "overmap": "flesh_forest_vfaraway_north",
                "point": [
                    5,
                    7,
                    0
                ]
            }, {
                "overmap": "flesh_forest_vfaraway_north",
                "point": [
                    6,
                    7,
                    0
                ]
            }, {
                "overmap": "flesh_forest_vfaraway_north",
                "point": [
                    7,
                    7,
                    0
                ]
            },
            {
                "overmap": "flesh_forest_bot1_3_north",
                "point": [
                    0,
                    0,
                    -1
                ]
            }, {
                "overmap": "flesh_forest_bot1_2_north",
                "point": [
                    1,
                    0,
                    -1
                ]
            }, {
                "overmap": "flesh_forest_bot1_1_north",
                "point": [
                    2,
                    0,
                    -1
                ]
            }, {
                "overmap": "flesh_forest_bot1_6_north",
                "point": [
                    0,
                    1,
                    -1
                ]
            }, {
                "overmap": "flesh_forest_bot1_5_north",
                "point": [
                    1,
                    1,
                    -1
                ]
            }, {
                "overmap": "flesh_forest_bot1_4_north",
                "point": [
                    2,
                    1,
                    -1
                ]
            }, {
                "overmap": "flesh_forest_bot1_9_north",
                "point": [
                    0,
                    2,
                    -1
                ]
            }, {
                "overmap": "flesh_forest_bot1_8_north",
                "point": [
                    1,
                    2,
                    -1
                ]
            }, {
                "overmap": "flesh_forest_bot1_7_north",
                "point": [
                    2,
                    2,
                    -1
                ]
            },
            {
                "overmap": "flesh_forest_bot2_3_north",
                "point": [
                    0,
                    0,
                    -2
                ]
            }, {
                "overmap": "flesh_forest_bot2_2_north",
                "point": [
                    1,
                    0,
                    -2
                ]
            }, {
                "overmap": "flesh_forest_bot2_1_north",
                "point": [
                    2,
                    0,
                    -2
                ]
            }, {
                "overmap": "flesh_forest_bot2_6_north",
                "point": [
                    0,
                    1,
                    -2
                ]
            }, {
                "overmap": "flesh_forest_bot2_5_north",
                "point": [
                    1,
                    1,
                    -2
                ]
            }, {
                "overmap": "flesh_forest_bot2_4_north",
                "point": [
                    2,
                    1,
                    -2
                ]
            }, {
                "overmap": "flesh_forest_bot2_9_north",
                "point": [
                    0,
                    2,
                    -2
                ]
            }, {
                "overmap": "flesh_forest_bot2_8_north",
                "point": [
                    1,
                    2,
                    -2
                ]
            }, {
                "overmap": "flesh_forest_bot2_7_north",
                "point": [
                    2,
                    2,
                    -2
                ]
            },
            {
                "overmap": "flesh_forest_bot3_3_north",
                "point": [
                    0,
                    0,
                    -3
                ]
            }, {
                "overmap": "flesh_forest_bot3_2_north",
                "point": [
                    1,
                    0,
                    -3
                ]
            }, {
                "overmap": "flesh_forest_bot3_1_north",
                "point": [
                    2,
                    0,
                    -3
                ]
            }, {
                "overmap": "flesh_forest_bot3_6_north",
                "point": [
                    0,
                    1,
                    -3
                ]
            }, {
                "overmap": "flesh_forest_bot3_5_north",
                "point": [
                    1,
                    1,
                    -3
                ]
            }, {
                "overmap": "flesh_forest_bot3_4_north",
                "point": [
                    2,
                    1,
                    -3
                ]
            }, {
                "overmap": "flesh_forest_bot3_9_north",
                "point": [
                    0,
                    2,
                    -3
                ]
            }, {
                "overmap": "flesh_forest_bot3_8_north",
                "point": [
                    1,
                    2,
                    -3
                ]
            }, {
                "overmap": "flesh_forest_bot3_7_north",
                "point": [
                    2,
                    2,
                    -3
                ]
            },
            {
                "overmap": "flesh_forest_boss_3_north",
                "point": [
                    0,
                    0,
                    -4
                ]
            }, {
                "overmap": "flesh_forest_boss_2_north",
                "point": [
                    1,
                    0,
                    -4
                ]
            }, {
                "overmap": "flesh_forest_boss_1_north",
                "point": [
                    2,
                    0,
                    -4
                ]
            }, {
                "overmap": "flesh_forest_boss_6_north",
                "point": [
                    0,
                    1,
                    -4
                ]
            }, {
                "overmap": "flesh_forest_boss_5_north",
                "point": [
                    1,
                    1,
                    -4
                ]
            }, {
                "overmap": "flesh_forest_boss_4_north",
                "point": [
                    2,
                    1,
                    -4
                ]
            }, {
                "overmap": "flesh_forest_boss_9_north",
                "point": [
                    0,
                    2,
                    -4
                ]
            }, {
                "overmap": "flesh_forest_boss_8_north",
                "point": [
                    1,
                    2,
                    -4
                ]
            }, {
                "overmap": "flesh_forest_boss_7_north",
                "point": [
                    2,
                    2,
                    -4
                ]
            }
        ],
        "type": "overmap_special"
    },
    {
        "id": "Flesh City 1",
        "locations": [
            "field"
        ],
        "occurrences": [
            50,
            100
        ],
        "flags": ["UNIQUE"],
        "spawns": {
            "group": "GROUP_FLESH_CITY",
            "population": [750, 1250],
            "radius": [2, 5]
        },
        "rotate": false,
        "//": "Flesh City overmap specials must not rotate, otherwise a horrible bug will appear (i.e jumbled road symbols but correct layouts).",
        "overmaps": [
			{ "point": [ 0, 0, 0 ], "overmap": "secro_flesh_city_core" },
			{ "point": [ 0, 0, 1 ], "overmap": "secro_flesh_city_core_up" },
			{ "point": [ 0, 0, 2 ], "overmap": "secro_flesh_city_core_upper" },
			{ "point": [ 0, 0, 3 ], "overmap": "secro_flesh_city_core_upper" },
			{ "point": [ 0, 0, 4 ], "overmap": "secro_flesh_city_core_uppest" },
			{ "point": [ 0, 0, 5 ], "overmap": "secro_flesh_city_core_uppest_roof" },
			{ "point": [ 1, 0, 0 ], "overmap": "secro_road_leftright_sidewalk_flesh" },
			{ "point": [ -1, 0, 0 ], "overmap": "secro_road_leftright_sidewalk_flesh" },
			{ "point": [ 2, 0, 0 ], "overmap": "secro_road_leftright_sidewalk_flesh" },
			{ "point": [ 3, 0, 0 ], "overmap": "secro_road_connect_flesh" },
			{ "point": [ 4, 0, 0 ], "overmap": "road_end_east" },
			{ "point": [ -2, 0, 0 ], "overmap": "secro_road_curve_ru_flesh" },
			{ "point": [ -2, -1, 0 ], "overmap": "secro_road_verti_end_flesh_south" },
			{ "point": [ 0, 1, 0 ], "overmap": "secro_road_updown_sidewalk_flesh" },
			{ "point": [ 0, -1, 0 ], "overmap": "secro_road_updown_sidewalk_flesh" },
			{ "point": [ 0, 2, 0 ], "overmap": "secro_road_updown_sidewalk_flesh" },
			{ "point": [ 0, 3, 0 ], "overmap": "secro_road_verti_end_flesh_north" },
			{ "point": [ 0, -2, 0 ], "overmap": "secro_road_verti_end_flesh_south" },
			{ "point": [ 1, -1, 0 ], "overmap": "s_shop_flesh_west" },
			{ "point": [ -1, 1, 0 ], "overmap": "s_shop_flesh_north" },
			{ "point": [ -1, -1, 0 ], "overmap": "s_shop_flesh_south" },
			{ "point": [ 1, 1, 0 ], "overmap": "s_shop_flesh_north" },
			{ "point": [ 2, -1, 0 ], "overmap": "s_house_flesh_south" },
			{ "point": [ -2, 1, 0 ], "overmap": "s_house_flesh_north" },
			{ "point": [ -3, 0, 0 ], "overmap": "s_house_flesh_east" },
			{ "point": [ -3, -1, 0 ], "overmap": "s_house_flesh_east" },
			{ "point": [ 2, 1, 0 ], "overmap": "s_house_flesh_north" },
			{ "point": [ 1, 2, 0 ], "overmap": "s_house_flesh_west" },
			{ "point": [ -1, -2, 0 ], "overmap": "s_house_flesh_east" },
			{ "point": [ -1, 2, 0 ], "overmap": "s_house_flesh_east" },
			{ "point": [ 1, -2, 0 ], "overmap": "s_house_flesh_west" },
			{ "point": [ 1, 3, 0 ], "overmap": "s_house_flesh_west" },
			{ "point": [ -1, 3, 0 ], "overmap": "s_house_flesh_east" },
			{ "point": [ 0, -3, 0 ], "overmap": "secro_flesh_city_edge" },
			{ "point": [ 1, -3, 0 ], "overmap": "secro_flesh_city_edge" },
			{ "point": [ -1, -3, 0 ], "overmap": "secro_flesh_city_edge" },
			{ "point": [ -2, -2, 0 ], "overmap": "secro_flesh_city_edge" },
			{ "point": [ -3, -2, 0 ], "overmap": "secro_flesh_city_edge" },
			{ "point": [ -4, -1, 0 ], "overmap": "secro_flesh_city_edge" },
			{ "point": [ -4, 0, 0 ], "overmap": "secro_flesh_city_edge" },
			{ "point": [ -3, 1, 0 ], "overmap": "secro_flesh_city_edge" },
			{ "point": [ -2, 2, 0 ], "overmap": "secro_flesh_city_edge" },
			{ "point": [ -2, 3, 0 ], "overmap": "secro_flesh_city_edge" },
			{ "point": [ 0, 4, 0 ], "overmap": "secro_flesh_city_edge" },
			{ "point": [ -1, 4, 0 ], "overmap": "secro_flesh_city_edge" },
			{ "point": [ 1, 4, 0 ], "overmap": "secro_flesh_city_edge" },
			{ "point": [ 2, 3, 0 ], "overmap": "secro_flesh_city_edge" },
			{ "point": [ 2, 2, 0 ], "overmap": "secro_flesh_city_edge" },
			{ "point": [ 3, 1, 0 ], "overmap": "secro_flesh_city_edge" },
			{ "point": [ 3, -1, 0 ], "overmap": "secro_flesh_city_edge" },
			{ "point": [ 2, -2, 0 ], "overmap": "secro_flesh_city_edge" }
        ],
        "connections": [ { "point": [ 4, 0, 0 ], "terrain": "road", "connection": "local_road", "from": [ 5, 0, 0 ] } ],
        "type": "overmap_special"
    },
    {
        "id": "Flesh City 2",
        "locations": [
            "field"
        ],
        "occurrences": [
            40,
            100
        ],
        "flags": ["UNIQUE"],
        "spawns": {
            "group": "GROUP_FLESH_CITY",
            "population": [750, 1250],
            "radius": [2, 5]
        },
        "rotate": false,
        "overmaps": [
			{ "point": [ 0, 0, 0 ], "overmap": "secro_flesh_city_core" },
			{ "point": [ 0, 0, 1 ], "overmap": "secro_flesh_city_core_up" },
			{ "point": [ 0, 0, 2 ], "overmap": "secro_flesh_city_core_upper" },
			{ "point": [ 0, 0, 3 ], "overmap": "secro_flesh_city_core_upper" },
			{ "point": [ 0, 0, 4 ], "overmap": "secro_flesh_city_core_uppest" },
			{ "point": [ 0, 0, 5 ], "overmap": "secro_flesh_city_core_uppest_roof" },
			{ "point": [ 1, 0, 0 ], "overmap": "secro_road_leftright_sidewalk_flesh" },
			{ "point": [ 2, 0, 0 ], "overmap": "secro_road_leftright_sidewalk_flesh" },
			{ "point": [ 3, 0, 0 ], "overmap": "secro_road_tee_lrd_flesh" },
			{ "point": [ 3, 1, 0 ], "overmap": "secro_road_updown_sidewalk_flesh" },
			{ "point": [ 3, 2, 0 ], "overmap": "secro_road_updown_sidewalk_flesh" },
			{ "point": [ 3, 3, 0 ], "overmap": "secro_road_curve_ru_flesh" },
			{ "point": [ 4, 3, 0 ], "overmap": "secro_road_leftright_sidewalk_flesh" },
			{ "point": [ 5, 3, 0 ], "overmap": "secro_road_leftright_sidewalk_flesh" },
			{ "point": [ 6, 3, 0 ], "overmap": "secro_road_leftright_sidewalk_flesh" },
			{ "point": [ 4, 0, 0 ], "overmap": "secro_road_hori_end_flesh_south" },
			{ "point": [ -1, 0, 0 ], "overmap": "secro_road_leftright_sidewalk_flesh" },
			{ "point": [ -2, 0, 0 ], "overmap": "secro_road_curve_rd_flesh" },
			{ "point": [ -2, 1, 0 ], "overmap": "secro_road_tee_lud_flesh" },
			{ "point": [ -3, 1, 0 ], "overmap": "secro_road_leftright_sidewalk_flesh" },
			{ "point": [ -4, 1, 0 ], "overmap": "secro_road_leftright_sidewalk_flesh" },
			{ "point": [ -5, 1, 0 ], "overmap": "secro_road_leftright_sidewalk_flesh" },
			{ "point": [ -6, 1, 0 ], "overmap": "secro_road_curve_rd_flesh" },
			{ "point": [ -6, 2, 0 ], "overmap": "secro_road_verti_end_flesh_north" },
			{ "point": [ -2, 2, 0 ], "overmap": "secro_road_updown_sidewalk_flesh" },
			{ "point": [ -2, 3, 0 ], "overmap": "secro_road_verti_end_flesh_north" },
			{ "point": [ 0, 1, 0 ], "overmap": "secro_road_updown_sidewalk_flesh" },
			{ "point": [ 0, 2, 0 ], "overmap": "secro_road_updown_sidewalk_flesh" },
			{ "point": [ 0, 3, 0 ], "overmap": "secro_road_updown_sidewalk_flesh" },
			{ "point": [ 0, 4, 0 ], "overmap": "secro_road_updown_sidewalk_flesh" },
			{ "point": [ 0, 5, 0 ], "overmap": "secro_road_4d_flesh" },
			{ "point": [ 1, 5, 0 ], "overmap": "secro_road_leftright_sidewalk_flesh" },
			{ "point": [ 2, 5, 0 ], "overmap": "secro_road_hori_end_flesh_north" },
			{ "point": [ 0, 6, 0 ], "overmap": "secro_road_updown_sidewalk_flesh" },
			{ "point": [ 0, 7, 0 ], "overmap": "secro_road_updown_sidewalk_flesh" },
			{ "point": [ 0, 8, 0 ], "overmap": "secro_road_tee_rud_flesh" },
			{ "point": [ 1, 8, 0 ], "overmap": "secro_road_leftright_sidewalk_flesh" },
			{ "point": [ 2, 8, 0 ], "overmap": "secro_road_connect_flesh" },
			{ "point": [ 3, 8, 0 ], "overmap": "road_end_east" },
			{ "point": [ 0, 9, 0 ], "overmap": "secro_road_verti_end_flesh_north" },
			{ "point": [ -1, 5, 0 ], "overmap": "secro_road_leftright_sidewalk_flesh" },
			{ "point": [ -2, 5, 0 ], "overmap": "secro_road_curve_rd_flesh" },
			{ "point": [ -2, 6, 0 ], "overmap": "secro_road_verti_end_flesh_north" },
			{ "point": [ 0, -1, 0 ], "overmap": "secro_road_updown_sidewalk_flesh" },
			{ "point": [ 0, -2, 0 ], "overmap": "secro_road_updown_sidewalk_flesh" },
			{ "point": [ 0, -3, 0 ], "overmap": "secro_road_tee_lud_flesh" },
			{ "point": [ -1, -3, 0 ], "overmap": "secro_road_leftright_sidewalk_flesh" },
			{ "point": [ -2, -3, 0 ], "overmap": "secro_road_leftright_sidewalk_flesh" },
			{ "point": [ -3, -3, 0 ], "overmap": "secro_road_hori_end_flesh_north" },
			{ "point": [ 0, -4, 0 ], "overmap": "secro_road_updown_sidewalk_flesh" },
			{ "point": [ 0, -5, 0 ], "overmap": "secro_road_updown_sidewalk_flesh" },
			{ "point": [ 0, -6, 0 ], "overmap": "secro_road_tee_lrd_flesh" },
			{ "point": [ -1, -6, 0 ], "overmap": "secro_road_leftright_sidewalk_flesh" },
			{ "point": [ -2, -6, 0 ], "overmap": "secro_road_connect_flesh" },
			{ "point": [ -3, -6, 0 ], "overmap": "road_end_west" },
			{ "point": [ 1, -6, 0 ], "overmap": "secro_road_hori_end_flesh_south" },
			{ "point": [ -1, -1, 0 ], "overmap": "s_shop_flesh_east" },
			{ "point": [ 1, -1, 0 ], "overmap": "s_shop_flesh_south" },
			{ "point": [ -1, -2, 0 ], "overmap": "s_shop_flesh_west" },
			{ "point": [ 1, -2, 0 ], "overmap": "s_shop_flesh_east" },
			{ "point": [ 1, -3, 0 ], "overmap": "s_shop_flesh_east" },
			{ "point": [ 1, 1, 0 ], "overmap": "s_shop_flesh_north" },
			{ "point": [ -1, 1, 0 ], "overmap": "s_shop_flesh_east" },
			{ "point": [ 1, 2, 0 ], "overmap": "s_shop_flesh_west" },
			{ "point": [ -1, 2, 0 ], "overmap": "s_shop_flesh_east" },
			{ "point": [ 1, 3, 0 ], "overmap": "s_shop_flesh_west" },
			{ "point": [ -1, 3, 0 ], "overmap": "s_shop_flesh_east" },
			{ "point": [ -2, -1, 0 ], "overmap": "s_shop_flesh_south" },
			{ "point": [ 2, -1, 0 ], "overmap": "s_shop_flesh_south" },
			{ "point": [ 2, 1, 0 ], "overmap": "s_shop_flesh_north" },
			{ "point": [ -3, 0, 0 ], "overmap": "s_shop_flesh_south" },
			{ "point": [ -3, 2, 0 ], "overmap": "s_shop_flesh_north" },
			{ "point": [ -2, -2, 0 ], "overmap": "s_house_flesh_north" },
			{ "point": [ -3, -2, 0 ], "overmap": "s_house_flesh_north" },
			{ "point": [ -3, -4, 0 ], "overmap": "s_house_flesh_south" },
			{ "point": [ -2, -4, 0 ], "overmap": "s_house_flesh_south" },
			{ "point": [ -1, -4, 0 ], "overmap": "s_house_flesh_west" },
			{ "point": [ 1, -4, 0 ], "overmap": "s_house_flesh_east" },
			{ "point": [ -1, -5, 0 ], "overmap": "s_house_flesh_west" },
			{ "point": [ 1, -5, 0 ], "overmap": "s_house_flesh_east" },
			{ "point": [ 0, -7, 0 ], "overmap": "s_house_flesh_south" },
			{ "point": [ -1, -7, 0 ], "overmap": "s_house_flesh_south" },
			{ "point": [ 1, -7, 0 ], "overmap": "s_house_flesh_south" },
			{ "point": [ 3, -1, 0 ], "overmap": "s_house_flesh_south" },
			{ "point": [ 4, -1, 0 ], "overmap": "s_house_flesh_south" },
			{ "point": [ 4, 1, 0 ], "overmap": "s_house_flesh_north" },
			{ "point": [ 2, 2, 0 ], "overmap": "s_house_flesh_west" },
			{ "point": [ 4, 2, 0 ], "overmap": "s_house_flesh_east" },
			{ "point": [ 5, 2, 0 ], "overmap": "s_house_flesh_south" },
			{ "point": [ 6, 2, 0 ], "overmap": "s_house_flesh_south" },
			{ "point": [ 2, 3, 0 ], "overmap": "s_house_flesh_west" },
			{ "point": [ 3, 4, 0 ], "overmap": "s_house_flesh_north" },
			{ "point": [ 4, 4, 0 ], "overmap": "s_house_flesh_north" },
			{ "point": [ 5, 4, 0 ], "overmap": "s_house_flesh_north" },
			{ "point": [ 6, 4, 0 ], "overmap": "s_house_flesh_north" },
			{ "point": [ -2, 4, 0 ], "overmap": "s_house_flesh_south" },
			{ "point": [ -1, 4, 0 ], "overmap": "s_house_flesh_south" },
			{ "point": [ 1, 4, 0 ], "overmap": "s_house_flesh_south" },
			{ "point": [ 2, 4, 0 ], "overmap": "s_house_flesh_south" },
			{ "point": [ -3, 5, 0 ], "overmap": "s_house_flesh_east" },
			{ "point": [ -3, 6, 0 ], "overmap": "s_house_flesh_east" },
			{ "point": [ -1, 6, 0 ], "overmap": "s_house_flesh_east" },
			{ "point": [ 1, 6, 0 ], "overmap": "s_house_flesh_north" },
			{ "point": [ 2, 6, 0 ], "overmap": "s_house_flesh_north" },
			{ "point": [ -1, 7, 0 ], "overmap": "s_house_flesh_east" },
			{ "point": [ 1, 7, 0 ], "overmap": "s_house_flesh_west" },
			{ "point": [ -1, 8, 0 ], "overmap": "s_house_flesh_east" },
			{ "point": [ -1, 9, 0 ], "overmap": "s_house_flesh_east" },
			{ "point": [ 1, 9, 0 ], "overmap": "s_house_flesh_east" },
			{ "point": [ -4, 0, 0 ], "overmap": "s_house_flesh_south" },
			{ "point": [ -5, 0, 0 ], "overmap": "s_house_flesh_south" },
			{ "point": [ -6, 0, 0 ], "overmap": "s_house_flesh_south" },
			{ "point": [ -7, 1, 0 ], "overmap": "s_house_flesh_east" },
			{ "point": [ -7, 2, 0 ], "overmap": "s_house_flesh_east" },
			{ "point": [ -5, 2, 0 ], "overmap": "s_house_flesh_north" },
			{ "point": [ -4, 2, 0 ], "overmap": "s_house_flesh_north" },
			{ "point": [ -3, 3, 0 ], "overmap": "s_house_flesh_east" },
			{ "point": [ 5, 0, 0 ], "overmap": "secro_flesh_city_edge" },
			{ "point": [ 5, 1, 0 ], "overmap": "secro_flesh_city_edge" },
			{ "point": [ 6, 1, 0 ], "overmap": "secro_flesh_city_edge" },
			{ "point": [ 7, 2, 0 ], "overmap": "secro_flesh_city_edge" },
			{ "point": [ 7, 3, 0 ], "overmap": "secro_flesh_city_edge" },
			{ "point": [ 7, 4, 0 ], "overmap": "secro_flesh_city_edge" },
			{ "point": [ 6, 5, 0 ], "overmap": "secro_flesh_city_edge" },
			{ "point": [ 5, 5, 0 ], "overmap": "secro_flesh_city_edge" },
			{ "point": [ 4, 5, 0 ], "overmap": "secro_flesh_city_edge" },
			{ "point": [ 3, 5, 0 ], "overmap": "secro_flesh_city_edge" },
			{ "point": [ 3, 6, 0 ], "overmap": "secro_flesh_city_edge" },
			{ "point": [ 2, 7, 0 ], "overmap": "secro_flesh_city_edge" },
			{ "point": [ 2, 9, 0 ], "overmap": "secro_flesh_city_edge" },
			{ "point": [ 1, 10, 0 ], "overmap": "secro_flesh_city_edge" },
			{ "point": [ 0, 10, 0 ], "overmap": "secro_flesh_city_edge" },
			{ "point": [ -1, 10, 0 ], "overmap": "secro_flesh_city_edge" },
			{ "point": [ -2, 9, 0 ], "overmap": "secro_flesh_city_edge" },
			{ "point": [ -2, 8, 0 ], "overmap": "secro_flesh_city_edge" },
			{ "point": [ -2, 7, 0 ], "overmap": "secro_flesh_city_edge" },
			{ "point": [ -3, 7, 0 ], "overmap": "secro_flesh_city_edge" },
			{ "point": [ -4, 6, 0 ], "overmap": "secro_flesh_city_edge" },
			{ "point": [ -4, 5, 0 ], "overmap": "secro_flesh_city_edge" },
			{ "point": [ -3, 4, 0 ], "overmap": "secro_flesh_city_edge" },
			{ "point": [ -4, 3, 0 ], "overmap": "secro_flesh_city_edge" },
			{ "point": [ -5, 3, 0 ], "overmap": "secro_flesh_city_edge" },
			{ "point": [ -6, 3, 0 ], "overmap": "secro_flesh_city_edge" },
			{ "point": [ -7, 3, 0 ], "overmap": "secro_flesh_city_edge" },
			{ "point": [ -8, 2, 0 ], "overmap": "secro_flesh_city_edge" },
			{ "point": [ -8, 1, 0 ], "overmap": "secro_flesh_city_edge" },
			{ "point": [ -7, 0, 0 ], "overmap": "secro_flesh_city_edge" },
			{ "point": [ -6, -1, 0 ], "overmap": "secro_flesh_city_edge" },
			{ "point": [ -5, -1, 0 ], "overmap": "secro_flesh_city_edge" },
			{ "point": [ -4, -1, 0 ], "overmap": "secro_flesh_city_edge" },
			{ "point": [ -3, -1, 0 ], "overmap": "secro_flesh_city_edge" },
			{ "point": [ -4, -2, 0 ], "overmap": "secro_flesh_city_edge" },
			{ "point": [ -4, -3, 0 ], "overmap": "secro_flesh_city_edge" },
			{ "point": [ -4, -4, 0 ], "overmap": "secro_flesh_city_edge" },
			{ "point": [ -3, -5, 0 ], "overmap": "secro_flesh_city_edge" },
			{ "point": [ -2, -5, 0 ], "overmap": "secro_flesh_city_edge" },
			{ "point": [ -2, -7, 0 ], "overmap": "secro_flesh_city_edge" },
			{ "point": [ -1, -8, 0 ], "overmap": "secro_flesh_city_edge" },
			{ "point": [ 0, -8, 0 ], "overmap": "secro_flesh_city_edge" },
			{ "point": [ 1, -8, 0 ], "overmap": "secro_flesh_city_edge" },
			{ "point": [ 2, -7, 0 ], "overmap": "secro_flesh_city_edge" },
			{ "point": [ 2, -6, 0 ], "overmap": "secro_flesh_city_edge" },
			{ "point": [ 2, -5, 0 ], "overmap": "secro_flesh_city_edge" },
			{ "point": [ 2, -4, 0 ], "overmap": "secro_flesh_city_edge" },
			{ "point": [ 2, -3, 0 ], "overmap": "secro_flesh_city_edge" },
			{ "point": [ 2, -2, 0 ], "overmap": "secro_flesh_city_edge" },
			{ "point": [ 3, -2, 0 ], "overmap": "secro_flesh_city_edge" },
			{ "point": [ 4, -2, 0 ], "overmap": "secro_flesh_city_edge" },
			{ "point": [ 5, -1, 0 ], "overmap": "secro_flesh_city_edge" }
        ],
        "connections": [ { "point": [ -3, -6, 0 ], "terrain": "road", "connection": "local_road", "from": [ -3, -7, 0 ] }, { "point": [ 3, 8, 0 ], "terrain": "road", "connection": "local_road", "from": [ 5, 8, 0 ] } ],
        "type": "overmap_special"
    }
]