[
  {
    "id": "water_smoke",
    "copy-from": "water",
    "type": "COMESTIBLE",
    "name": "烟雾制造剂",
    "name_plural": "烟雾制造剂",
    "description": "一种稠化的溶液,准备蒸发成烟.也许不吃更安全",
    "category": "other",
    "color": "cyan",
    "count": 21,
    "container": "bottle_plastic",
    "nutrition": 3,
    "quench": 9,
    "ammo_data": { "ammo_type": "smoke_juice" },
    "flags": [ "EATEN_COLD" ]
  },
  {
    "id": "chime_scrap",
    "type": "AMMO",
    "name": "噪音制造器",
    "//": "turns on because it needs to make noise.  Cant use a use action because they all use customized, specific sound description.",
    "description": "几块被拴在一根绳子上的形状粗糙的金属.这个东西展开后投掷出去,可以制造一些噪音干扰.",
    "weight": 440,
    "volume": 1,
    "price": 300,
    "material": [ "steel" ],
    "symbol": "&",
    "color": "light_gray",
    "count": 1,
    "ammo_type": "thrown",
    "flags": [ "RECOVER_10", "NO_EMBED", "ACT_ON_RANGED_HIT" ],
    "use_action": { "target": "chime_scrap_act", "target_charges": 2, "active": true, "type": "transform" }
  },
  {
    "id": "chime_scrap_act",
    "type": "TOOL",
    "name": "噪音制造器",
    "//": "turns on because it needs to make noise.  Cant use a use action because they all use customized, specific sound description.",
    "description": "几块被拴在一根绳子上的形状粗糙的金属.这个东西展开后投掷出去,可以制造一些噪音干扰.",
    "weight": 440,
    "volume": 1,
    "price": 300,
    "material": [ "steel" ],
    "symbol": "&",
    "color": "light_gray",
    "flags": [ "NO_BOOM" ],
    "revert_to": "chime_scrap",
    "initial_charges": 2,
    "max_charges": 2,
    "turns_per_charge": 1,
    "use_action": {
      "type": "explosion",
      "sound_volume": 24,
      "sound_msg": "铿锵-当啷-铿",
      "no_deactivate_msg": "你丢出去后没能使它起作用",
      "explosion": {  }
    }
  },
  {
    "id": "bomblet_casing",
    "type": "AMMO",
    "copy-from": "casing",
    "category": "spare_parts",
    "name": "小炸弹盒",
    "description": "一个空的小炸弹盒.",
    "weight": 12,
    "volume": 2,
    "price": 10000,
    "material": [ "plastic", "steel" ],
    "symbol": "o",
    "color": "yellow",
    "count": 10,
    "ammo_type": "components"
  },
  {
    "id": "bomblet_explosive",
    "type": "AMMO",
    "name": "小炸弹",
    "description": "一个装有爆炸性油灰的小圆筒.设计用于突发事件.",
    "weight": 80,
    "volume": 2,
    "price": 40000,
    "material": [ "plastic", "powder" ],
    "symbol": "*",
    "color": "brown",
    "count": 6,
    "ammo_type": "bomblet",
    "range": 25,
    "damage": { "damage_type": "stab", "amount": 1, "armor_penetration": 10 },
    "effects": [ "NEVER_MISFIRES", "COOKOFF", "RECOVER_9", "ACT_ON_RANGED_HIT", "CUSTOM_EXPLOSION" ],
    "explode_in_fire": true,
    "explosion": { "power": 12, "distance_factor": 0.1, "shrapnel": 2 }
  },
  {
    "id": "bomblet_frag",
    "type": "AMMO",
    "name": "破片小炸弹",
    "description": "一种小圆柱体,由易燃的爆炸性油灰和金属破片填充.爆炸时飞出的弹片相当强大,但对持用者来说同样不可预测和危险 ---保持距离,远离危险.",
    "weight": 80,
    "volume": 2,
    "price": 65000,
    "material": [ "plastic", "powder" ],
    "symbol": "*",
    "color": "yellow",
    "count": 6,
    "ammo_type": "bomblet",
    "range": 20,
    "damage": { "damage_type": "stab", "amount": 3, "armor_penetration": 10 },
    "effects": [ "NEVER_MISFIRES", "COOKOFF", "RECOVER_9", "ACT_ON_RANGED_HIT", "CUSTOM_EXPLOSION" ],
    "explode_in_fire": true,
    "explosion": { "power": 4, "distance_factor": 0.1, "shrapnel": 12 }
  },
  {
    "id": "bomblet_fire",
    "type": "AMMO",
    "name": "燃烧小炸弹",
    "description": "一个装有强力助燃剂的小圆筒.撞击时产生巨大的撞击声、烟雾和火灾.小心使用,否则对你也是危险的.",
    "weight": 80,
    "volume": 2,
    "price": 55000,
    "material": [ "plastic", "powder" ],
    "symbol": "*",
    "color": "red",
    "count": 6,
    "ammo_type": "bomblet",
    "range": 20,
    "damage": { "damage_type": "stab", "amount": 3, "armor_penetration": 10 },
    "effects": [ "INCENDIARY", "NEVER_MISFIRES", "COOKOFF", "RECOVER_9", "ACT_ON_RANGED_HIT", "CUSTOM_EXPLOSION" ],
    "explode_in_fire": true,
    "emits": [ "emit_smoke_bomblet", "emit_fire_bomblet", "emit_fire_bomblet_small" ],
    "countdown_interval": 2,
    "countdown_destroy": true,
    "countdown_action": { "type": "explosion", "explosion": { "power": 4, "distance_factor": 0.1 } }
  },
  {
    "id": "bomblet_acid",
    "type": "AMMO",
    "name": "酸液小炸弹",
    "description": "充满强酸和有毒化学物质的小圆筒.产生大量的酸液和扩散在空气中的腐蚀性物质,---准备好橡胶靴.",
    "weight": 80,
    "volume": 2,
    "price": 50000,
    "material": [ "plastic", "powder" ],
    "symbol": "*",
    "color": "light_green",
    "count": 6,
    "ammo_type": "bomblet",
    "range": 20,
    "damage": { "damage_type": "stab", "amount": 3, "armor_penetration": 10 },
    "effects": [ "NEVER_MISFIRES", "COOKOFF", "RECOVER_9", "ACT_ON_RANGED_HIT", "CUSTOM_EXPLOSION" ],
    "explode_in_fire": true,
    "emits": [ "emit_tgas_bomblet", "emit_acid_bomblet" ],
    "countdown_interval": 2,
    "countdown_destroy": true,
    "countdown_action": { "type": "explosion", "explosion": { "power": 4, "distance_factor": 0.1 } }
  },
  {
    "id": "bomblet_stun",
    "type": "AMMO",
    "name": "闪光小炸弹",
    "description": "一种小圆柱体,爆炸时会发出大量的声音和光,和闪光弹一样.在大灾变之前,关于滥用这种弹药导致伤亡的故事就已经流传开来.",
    "weight": 80,
    "volume": 2,
    "price": 45000,
    "material": [ "plastic", "powder" ],
    "symbol": "*",
    "color": "light_blue",
    "count": 6,
    "ammo_type": "bomblet",
    "range": 25,
    "damage": { "damage_type": "stab", "amount": 3, "armor_penetration": 10 },
    "effects": [ "LARGE_BEANBAG", "RECOVER_9", "NEVER_MISFIRES", "COOKOFF", "ACT_ON_RANGED_HIT", "CUSTOM_EXPLOSION" ],
    "explode_in_fire": true,
    "emits": [ "emit_dazzle_bomblet", "emit_teargas_bomblet" ],
    "countdown_interval": 2,
    "countdown_destroy": true,
    "countdown_action": { "target": "bomblet_stun_act", "target_charges": 1, "active": true, "type": "transform" }
  },
  {
    "id": "bomblet_stun_act",
    "type": "TOOL",
    "name": "激活的闪光小炸弹",
    "description": "一个激活的闪光小炸弹, 准备爆炸了.",
    "weight": 80,
    "volume": 2,
    "price": 45000,
    "material": [ "plastic", "powder" ],
    "symbol": "*",
    "color": "light_blue",
    "initial_charges": 1,
    "max_charges": 1,
    "turns_per_charge": 1,
    "use_action": { "type": "explosion", "emp_blast_radius": 1, "explosion": { "power": 1, "distance_factor": 0.2, "shrapnel": 1 } }
  },
 {
    "id": "acidbomb_large",
    "type": "AMMO",
    "category": "weapons",
    "name": "大型酸液炸弹",
    "description": "这个由三个装着酸液的瓶子捆在一起的酸液炸弹内部有足够多的酸性液体,可以在一个较大的区域内倾洒大量酸液.",
    "weight": 1231,
    "volume": 3,
    "price": 7500,
    "to_hit": -1,
    "bashing": 10,
    "material": [ "glass" ],
    "symbol": "*",
    "color": "i_light_green",
    "ammo_type": "thrown",
    "flags": [ "ACT_ON_RANGED_HIT", "RECOVER_9" ],
    "emits": [ "emit_acid_large" ],
    "countdown_interval": 8,
    "countdown_destroy": true,
    "countdown_action": { "type": "explosion", "explosion": {  } }
  },
  {
    "id": "acidbomb_small",
    "type": "AMMO",
    "category": "weapons",
    "name": "小型酸液炸弹",
    "description": "一瓶装满腐蚀性化学物质的玻璃罐或者是捆绑在一起的烧杯,当暴露在空气中时,它们会向四面八方喷射,形成一个洒满酸液的区域.",
    "weight": 813,
    "volume": 2,
    "price": 5000,
    "to_hit": -1,
    "bashing": 10,
    "material": [ "glass" ],
    "symbol": "*",
    "color": "green",
    "ammo_type": "thrown",
    "flags": [ "ACT_ON_RANGED_HIT", "RECOVER_9" ],
    "emits": [ "emit_acid_small", "emit_acid_trail_slow" ],
    "countdown_interval": 21,
    "countdown_destroy": true,
    "countdown_action": { "type": "explosion", "no_deactivate_msg": "The acid bubbles caustically.", "explosion": {  } }
  },
  {
    "id": "molotov_micro",
    "type": "TOOL",
    "category": "weapons",
    "name": "自制莫洛托夫燃烧瓶",
    "description": "一个装满汽油的小容器,用引线系住.当它被点燃并扔出去的时候,它可能会被抓住,也可能会因为摔破而毫无用处.",
    "weight": 295,
    "volume": 1,
    "price": 4500,
    "to_hit": -1,
    "bashing": 8,
    "material": [ "hydrocarbons", "cotton", "glass" ],
    "symbol": "*",
    "color": "light_red",
    "explode_in_fire": true,
    "use_action": {
      "target": "molotov_micro_act",
      "msg": "你点燃自制的莫洛托夫.",
      "target_charges": 2,
      "active": true,
      "moves": 75,
      "need_fire": 1,
      "type": "transform"
    },
    "flags": [ "NPC_ACTIVATE" ]
  },
  {
    "id": "molotov_micro_act",
    "type": "TOOL",
    "category": "weapons",
    "name": "自制莫洛托夫燃烧瓶(点燃)",
    "description": "一个已经点燃的自制莫洛托夫燃烧瓶 . . .  也许应该扔出去了?",
    "weight": 285,
    "volume": 1,
    "material": [ "hydrocarbons", "cotton" ],
    "symbol": "*",
    "color": "light_red",
    "initial_charges": 2,
    "turns_per_charge": 1,
    "use_action": {
      "type": "explosion",
      "fields_type": "fd_fire",
      "fields_radius": 0,
      "fields_min_density": 0,
      "fields_max_density": 2,
      "no_deactivate_msg": "Throw it!"
    },
    "flags": [ "LIGHT_15", "TRADER_AVOID", "NPC_THROW_NOW" ]
  },
  {
    "id": "shot_410_hull",
    "type": "AMMO",
    "copy-from": "casing",
    "category": "spare_parts",
    "name": ".410 弹壳",
    "description": ".410霰弹的空弹壳.",
    "weight": 12,
    "volume": 2,
    "price": 10000,
    "material": [ "plastic", "steel" ],
    "symbol": "=",
    "color": "yellow",
    "ammo_type": "components"
  },
  {
    "id": "shot_410",
    "type": "AMMO",
    "name": ".410 霰弹",
    "name_plural": ".410口径霰弹",
    "description": "一种小口径的霰弹枪子弹,充满了破坏性的金属圆珠.在过去的40年里,子弹的尺寸一直在不断变大.与.45口径的尺寸非常接近,足以实现互换,尽管它的精确度和破坏力都不如它的大个子表亲..",
    "weight": 24,
    "volume": 1,
    "price": 5000,
    "material": [ "plastic", "powder" ],
    "symbol": "=",
    "color": "light_red",
    "count": 20,
    "stack_size": 20,
    "ammo_type": "45",
    "casing": "shot_410_hull",
    "range": 8,
    "damage": { "damage_type": "stab", "amount": 32 },
    "dispersion": 25,
    "recoil": 250,
    "effects": [ "COOKOFF", "SHOT", "BEANBAG" ]
  },
  {
    "id": "shot_410_slug",
    "type": "AMMO",
    "name": ".410 独头弹",
    "description": "一种用于穿甲的独头小口径霰弹枪子弹,尺寸与.45口径相当接近,可以互换,不过它的精确度和破坏力都不及它的大个子表亲.",
    "weight": 22,
    "volume": 1,
    "price": 7500,
    "material": [ "plastic", "powder" ],
    "symbol": "=",
    "color": "light_red",
    "count": 20,
    "stack_size": 20,
    "ammo_type": "45",
    "casing": "shot_410_hull",
    "range": 16,
    "damage": { "damage_type": "stab", "amount": 34, "armor_penetration": 8 },
    "dispersion": 40,
    "recoil": 550,
    "loudness": 140,
    "effects": [ "COOKOFF", "BEANBAG" ]
  },
  {
    "id": "shot_410_flechette",
    "type": "AMMO",
    "name": "410 镖形霰弹",
    "name_plural": "410 镖形霰弹",
    "description": "一种小口径猎枪,有4个镖形弹头和大量火药.尺寸与0.45口径相当接近,可以互换,不过它的精确度和破坏力都不及它的大个子表亲.",
    "weight": 22,
    "volume": 1,
    "price": 7500,
    "material": [ "plastic", "powder" ],
    "symbol": "=",
    "color": "light_red",
    "count": 20,
    "stack_size": 20,
    "ammo_type": "45",
    "casing": "shot_410_hull",
    "range": 12,
    "damage": { "damage_type": "stab", "amount": 26, "armor_penetration": 12 },
    "dispersion": 10,
    "recoil": 350,
    "effects": [ "COOKOFF", "SHOT" ]
  },
  {
    "id": "shot_410_inc",
    "type": "AMMO",
    "name": "410 燃烧弹",
    "name_plural": "410 燃烧弹",
    "description": "一种小型霰弹枪的子弹,装有大量的爆炸性燃烧弹,在撞击时猛烈燃烧.尺寸与.45口径相当接近,可以互换,不过它的精确度和破坏力都不及它的大个子表亲.",
    "weight": 26,
    "volume": 1,
    "price": 7500,
    "material": [ "plastic", "powder" ],
    "symbol": "=",
    "color": "light_red",
    "count": 20,
    "stack_size": 20,
    "ammo_type": "45",
    "casing": "shot_410_hull",
    "range": 8,
    "damage": { "damage_type": "stab", "amount": 8 },
    "dispersion": 40,
    "recoil": 300,
    "loudness": 180,
    "effects": [ "COOKOFF", "BEANBAG", "INCENDIARY" ]
  },
  {
    "id": "shot_410_reloaded",
    "type": "AMMO",
    "copy-from": "shot_410",
    "name": ".410 霰弹（复装）",
    "name_plural": ".410 霰弹（复装）",
    "description": "一种小口径的霰弹枪子弹,充满了破坏性的金属圆珠.在过去的40年里,子弹的尺寸一直在不断变大,与.45口径的尺寸非常接近,足以实现互换,尽管它的精确度和破坏力都不如它的大个子表亲...",
    "proportional": { "price": 0.7, "damage": { "damage_type": "stab", "amount": 0.8 }, "dispersion": 1.2 },
    "extend": { "effects": [ "RECYCLED" ] }
  },
  {
    "id": "shot_410_slug_reloaded",
    "type": "AMMO",
    "copy-from": "shot_410_slug",
    "name": ".410 独头弹（复装）",
    "name_plural": ".410 独头弹（复装）",
    "description": "一种复装的用于穿甲的独头小口径霰弹枪子弹,尺寸与.45口径相当接近,可以互换,不过它的精确度和破坏力都不及它的大个子表亲.",
    "proportional": { "price": 0.7, "damage": { "damage_type": "stab", "amount": 0.8 }, "dispersion": 1.2 },
    "extend": { "effects": [ "RECYCLED" ] }
  },
  {
    "id": "shot_410_flechette_reloaded",
    "type": "AMMO",
    "copy-from": "shot_410_flechette",
    "name": ".410 镖形霰弹（复装）",
    "name_plural": ".410 镖形霰弹（复装）",
    "description": "一种复装的小口径猎枪,有4个镖形弹头和大量火药.尺寸与0.45口径相当接近,可以互换,不过它的精确度和破坏力都不及它的大个子表亲.",
    "proportional": { "price": 0.7, "damage": { "damage_type": "stab", "amount": 0.8 }, "dispersion": 1.2 },
    "extend": { "effects": [ "RECYCLED" ] }
  },
  {
    "id": "shot_410_inc_reloaded",
    "type": "AMMO",
    "copy-from": "shot_410_inc",
    "name": ".410 燃烧弹（复装）",
    "name_plural": ".410 燃烧弹（复装）",
    "description": "一种复装的小型霰弹枪的子弹,装有大量的爆炸性燃烧弹,在撞击时猛烈燃烧.尺寸与0.45口径相当接近,可以互换,不过它的精确度和破坏力都不及它的大个子表亲.",
    "proportional": { "price": 0.7, "damage": { "damage_type": "stab", "amount": 0.8 }, "dispersion": 1.2 },
    "extend": { "effects": [ "RECYCLED" ] }
  },
  {
    "id": "bfg_shell",
    "type": "AMMO",
    "name": "BFG 炮弹",
    "name_plural": "BFG 炮弹",
    "description": "一个巨大的绿色球体,无时无刻散发着发着微弱的光,表面有着不断变换的漩涡状图案.一旦受到猛烈的冲击,就会破坏内部亚金物质的稳定,引爆周围.值得注意的是,它是防走火的.",
    "weight": 150,
    "volume": 8,
    "price": 45000,
    "material": [ "spess_plastic", "powder" ],
    "symbol": "*",
    "color": "light_green",
    "count": 4,
    "ammo_type": "bfg_plutonium",
    "range": 40,
    "damage": { "damage_type": "stab", "amount": 35, "armor_penetration": 20 },
    "effects": [
      "RECOVER_9",
      "NO_EMBED",
      "BOUNCE",
      "PLASMA",
      "ACT_ON_RANGED_HIT",
      "CUSTOM_EXPLOSION",
      "LEAK_ALWAYS",
      "LEAK_DAM",
      "RADIOACTIVE"
    ],
    "emits": [ "emit_bfg_rad", "emit_plasma", "emit_fatigue_big", "emit_fatigue" ],
    "countdown_interval": 2,
    "countdown_action": { "target": "bfg_shell_act", "target_charges": 1, "active": true, "type": "transform" }
  },
  {
    "id": "bfg_shell_act",
    "type": "TOOL",
    "name": "BFG 炮弹",
    "description": "一个能量集中的发光球体,随着它的内部结构的损坏而展开和扭动.",
    "weight": 80,
    "volume": 2,
    "price": 45000,
    "material": [ "plastic", "powder" ],
    "symbol": "*",
    "color": "light_blue",
    "initial_charges": 1,
    "max_charges": 1,
    "turns_per_charge": 1,
    "use_action": {
      "type": "explosion",
      "emp_blast_radius": 5,
      "explosion": {
        "power": 60,
        "distance_factor": 0.4,
        "shrapnel": 4,
        "fields_type": "fd_rubble",
        "fields_radius": 2,
        "fields_min_density": 0,
        "fields_max_density": 1
      }
    }
  },
  {
    "id": "brute_shot_mag",
    "type": "MAGAZINE",
    "name": "蛮人子弹带",
    "description": "一小块废铁精心制作而成,可快速将小炸弹取出来插入25型小炸弹发射器.",
    "weight": 210,
    "volume": 3,
    "price": 2000,
    "material": "steel",
    "symbol": "#",
    "color": "dark_gray",
    "ammo_type": "bomblet",
    "capacity": 12,
    "reliability": 7,
    "reload_time": 250,
    "flags": [ "MAG_COMPACT" ]
  }
]
