[
  {
    "id": "manhack_firebomb",
    "type": "TOOL",
    "category": "weapons",
    "name": "燃烧弹锯鸟",
    "description": "This is an firebomb fitted into a manhack and rigged so the manhack can self-activate it.  This one is active.",
    "weight": 180,
    "volume": 1,
    "price": 0,
    "to_hit": -1,
    "bashing": 6,
    "material": [ "glass", "plastic" ],
    "symbol": "*",
    "color": "red",
    "use_action": { "target": "manhack_firebomb_act", "target_charges": 1, "active": true, "type": "transform" },
    "flags": [ "BOMB" ]
  },
  {
    "id": "manhack_firebomb_act",
    "type": "TOOL",
    "category": "weapons",
    "name": "燃烧弹锯鸟",
    "description": "This is an acidbomb fitted into a manhack and rigged so the manhack can self-activate it.  Due to the manhack exploding the effective radius is somewhat larger.",
    "weight": 180,
    "volume": 1,
    "price": 0,
    "to_hit": -1,
    "bashing": 6,
    "material": [ "glass", "plastic" ],
    "symbol": "*",
    "color": "red",
    "initial_charges": 1,
    "max_charges": 1,
    "turns_per_charge": 1,
    "use_action": {
      "type": "explosion",
      "fields_type": "fd_fire",
      "fields_radius": 3,
      "fields_min_density": 1,
      "fields_max_density": 3,
      "sound_volume": 0,
      "sound_msg": "pphhhfftttt",
      "no_deactivate_msg": "Its a bug that you can see this, but that doesnt mean it won't kill you.  Throw it!"
    },
    "flags": [ "BOMB" ]
  },
  {
    "id": "soulbomb",
    "type": "TOOL",
    "category": "weapons",
    "name": "灵魂炸弹",
    "description": "Haaaaaaaaaaaaaaaaaaaaaaaaaaax!",
    "weight": 236,
    "volume": 1,
    "price": 0,
    "to_hit": -1,
    "bashing": 5,
    "material": [ "diamond" ],
    "symbol": "*",
    "color": "white",
    "use_action": {
      "target": "soulbomb_on",
      "msg": "A computer monitor flies towards you at extreme speed!",
      "target_charges": 3,
      "active": true,
      "type": "transform"
    },
    "flags": [ "BOMB" ]
  },
  {
    "id": "soulbomb_on",
    "type": "TOOL",
    "category": "weapons",
    "name": "灵魂炸弹（激活）",
    "description": "Haaaaaaaaaaaaaaaaaaaaaaaaaaax!",
    "weight": 236,
    "volume": 1,
    "price": 0,
    "to_hit": -1,
    "bashing": 5,
    "material": [ "diamond" ],
    "symbol": "*",
    "color": "white",
    "initial_charges": 1,
    "max_charges": 1,
    "turns_per_charge": 1,
    "use_action": {
      "type": "explosion",
      "fields_type": "fd_laser",
      "fields_radius": 2,
      "fields_min_density": 3,
      "fields_max_density": 3,
      "sound_volume": 0,
      "sound_msg": "Tick.",
      "no_deactivate_msg": "You try to turn it off, but it just turns right back on.",
      "explosion": { "power": 20, "distance_factor": 0.2, "shrapnel": 40 }
    }
  }
]
