[
  {
    "id": "diesel",
    "type": "AMMO",
    "copy-from": "diesel",
    "name": "diesel",
    "energy": 200
  },
  {
    "id": "gasoline",
    "type": "AMMO",
    "copy-from": "gasoline",
    "name": "gasoline",
    "energy": 150
  },
  {
    "type": "AMMO",
    "id": "battery",
    "copy-from": "battery",
    "name": "battery",
    "description": "A set of universal batteries.  Used to charge almost any electronic device.",
    "energy": 4
  },
  {
    "type": "AMMO",
    "id": "plut_cell",
    "copy-from": "plut_cell",
    "name": "plutonium cell",
    "description": "A nuclear-powered battery.  Used to charge advanced and rare electronics.",
    "energy": 500
  },
  {
    "type": "AMMO",
    "id": "plut_slurry_dense",
    "copy-from": "plut_slurry_dense",
    "name": "plutonium slurry",
    "description": "Highly radioactive slurry.  It is probably best to get far away from this.",
    "energy": 400
  }
]
