[
  {
    "id": "bomblet_launcher_single",
    "type": "GUN",
    "name": "小炸弹单管发射器",
    "description": "一种简易的自制小炸弹发射器,由钉在一段钢管上的木制支架和一个改进的用来固定和激活小炸弹的击发器组成.",
    "weight": 1514,
    "volume": 5,
    "price": 45000,
    "to_hit": -1,
    "bashing": 12,
    "material": [ "steel", "wood" ],
	"looks_like": "launcher_simple",
    "symbol": ")",
    "color": "light_red",
    "ammo": "bomblet",
    "skill": "launcher",
    "range": 1,
    "dispersion": 50,
    "sight_dispersion": 50,
    "recoil": 35,
    "durability": 7,
    "clip_size": 1,
    "reload": 300,
    "valid_mod_locations": [ [ "accessories", 1 ] ],
    "ammo_effects": [ "DRAW_AS_LINE" ],
    "flags": [ "NEVER_JAMS", "RELOAD_ONE" ]
  },
  {
    "id": "bomblet_launcher_double",
    "type": "GUN",
    "name": "小炸弹双管发射器",
    "description": "自制的双管小炸弹发射器.它可以同时发射两颗小炸弹,而且可以进行一些的改装.",
    "weight": 1690,
    "volume": 6,
    "price": 95000,
    "to_hit": -2,
    "bashing": 10,
    "material": [ "steel", "wood" ],
	"looks_like": "launcher_simple",
    "symbol": ")",
    "color": "magenta",
    "ammo": "bomblet",
    "skill": "launcher",
    "range": 2,
    "dispersion": 50,
    "sight_dispersion": 50,
    "recoil": 30,
    "durability": 7,
    "burst": 2,
    "clip_size": 2,
    "reload": 250,
    "valid_mod_locations": [ [ "accessories", 4 ], [ "sights", 1 ], [ "stock", 1 ] ],
    "ammo_effects": [ "DRAW_AS_LINE" ],
    "flags": [ "MODE_BURST", "NEVER_JAMS", "RELOAD_ONE" ]
  },
  {
    "id": "bomblet_launcher_rotary",
    "type": "GUN",
    "name": "PRMP4多管炸弹发射器",
    "description": "PRMP4“胡椒枪”具有单发和连发的模式,是最早也是最成功的小炸弹发射器之一.它被设计用来给镇压小分队的步兵配备,它同样可以在不致命的情况下平息暴动.",
    "weight": 3259,
    "volume": 10,
    "price": 210000,
    "to_hit": -1,
    "bashing": 11,
    "material": [ "steel", "plastic" ],
	"looks_like": "mgl",
    "symbol": ")",
    "color": "magenta",
    "ammo": "bomblet",
    "skill": "launcher",
    "range": 5,
    "dispersion": 20,
    "sight_dispersion": 20,
    "recoil": 20,
    "durability": 10,
    "burst": 4,
    "clip_size": 24,
    "reload": 150,
    "valid_mod_locations": [
      [ "accessories", 4 ],
      [ "grip", 1 ],
      [ "mechanism", 4 ],
      [ "rail", 1 ],
      [ "sights", 1 ],
      [ "stock", 1 ],
      [ "underbarrel", 1 ]
    ],
    "ammo_effects": [ "DRAW_AS_LINE" ],
    "flags": [ "MODE_BURST", "NEVER_JAMS", "RELOAD_ONE" ]
  },
  {
    "id": "bomblet_launcher_dualshot",
    "type": "GUN",
    "name": "PRMP2仲裁者",
    "description": "PRMP2“仲裁者”是一种可以单手手持的发射器,可以同时填装两种不同的子弹,以适应当今不断变化的战场.虽然比一个普通的发射器有着更多功能,但也导致了装弹的时间延长和相当强烈的后坐力.",
    "weight": 1642,
    "volume": 3,
    "price": 175000,
    "to_hit": -3,
    "bashing": 10,
    "material": [ "steel", "plastic" ],
	"looks_like": "m79",
    "symbol": ")",
    "color": "light_red",
    "ammo": "bomblet",
    "skill": "launcher",
    "range": 5,
    "dispersion": 20,
    "sight_dispersion": 20,
    "recoil": 55,
    "durability": 6,
    "burst": 2,
    "clip_size": 6,
    "reload": 200,
    "valid_mod_locations": [ [ "accessories", 4 ], [ "grip", 1 ], [ "rail", 1 ], [ "sights", 1 ], [ "stock", 1 ] ],
    "built_in_mods": [ "bomblet_undermod" ],
    "ammo_effects": [ "DRAW_AS_LINE" ],
    "flags": [ "MODE_BURST", "NEVER_JAMS", "RELOAD_ONE" ]
  },
  {
    "id": "bomblet_launcher_brute",
    "type": "GUN",
    "name": "25型小炸弹发射器",
    "description": "这把枪有着一个巨大的弯曲刀片固定在发射器上.由此产生的武器非常重,需要足够壮才能灵活的使用它,但可以提供接近中程的压制,具有相对较低的后坐力,并可以在射击中重新装载一个自制的条状弹匣.",
    "weight": 10052,
    "volume": 24,
    "price": 280000,
    "to_hit": 1,
    "bashing": 18,
    "cutting": 36,
    "material": [ "steel", "spess_plastic" ],
	"looks_like": "mark19",
    "symbol": ")",
    "color": "red",
    "ammo": "bomblet",
    "skill": "launcher",
    "range": 10,
    "dispersion": 20,
    "sight_dispersion": 30,
    "recoil": 10,
    "durability": 10,
    "reload": 100,
    "valid_mod_locations": [ [ "accessories", 4 ], [ "grip", 1 ], [ "rail", 1 ], [ "underbarrel", 1 ] ],
    "ammo_effects": [ "DRAW_AS_LINE" ],
    "magazine_well": 2,
    "magazines": [ [ "bomblet", [ "brute_shot_mag" ] ] ],
    "techniques": [ "WIDE", "BRUTAL", "heavy_blow" ]
  },
  {
    "id": "bomblet_undermod",
    "type": "GUNMOD",
    "name": "下挂式小炸弹发射器",
    "description": "一种步枪的下挂配件,能装下并发射最多3枚小炸弹.下挂配件及其弹药的重量在一定程度上降低了两种武器的精度.",
    "weight": 972,
    "volume": 3,
    "price": 90000,
    "material": "steel",
    "symbol": ":",
    "color": "i_magenta",
    "location": "underbarrel",
    "mod_targets": [ "rifle", "crossbow", "shotgun", "launchers" ],
    "gun_data": {
      "ammo": "bomblet",
      "skill": "launcher",
      "dispersion": 20,
      "sight_dispersion": 1,
      "recoil": 50,
      "durability": 10,
      "clip_size": 3,
      "reload": 150,
      "flags": [ "NEVER_JAMS", "RELOAD_ONE" ]
    },
    "dispersion_modifier": 40,
    "min_skills": [ [ "gun", 3 ] ]
  },
  {
    "id": "shockcannon",
    "type": "GUN",
    "name": "电磁炮",
    "description": "一个相当笨重的电磁炮,能够猛烈地发出一阵电流.不完全是特斯拉大炮,它始终是一个相当强大的镇暴武器.可以修改为使用钚电池或ups来供能",
    "weight": 4542,
    "volume": 23,
    "price": 175000,
    "to_hit": -3,
    "bashing": 10,
    "material": [ "spess_plastic", "plastic" ],
	"looks_like": "laser_cannon",
    "symbol": "v",
    "color": "white_yellow",
    "ammo": "battery",
    "skill": "launcher",
    "range": 5,
    "ranged_damage": { "damage_type": "stab", "amount": 5, "armor_penetration": 100 },
    "dispersion": 200,
    "sight_dispersion": 100,
    "recoil": 10,
    "durability": 4,
    "burst": 3,
    "clip_size": 2400,
    "reload": 1,
    "valid_mod_locations": [ [ "accessories", 2 ], [ "grip", 1 ], [ "rail", 1 ] ],
    "ammo_effects": [ "DRAW_AS_LINE", "BEANBAG", "WIDE", "BOUNCE", "LIGHTNING" ],
    "flags": [ "NEVER_JAMS", "FIRE_100", "NO_UNLOAD", "RECHARGE" ]
  },
  {
    "id": "shockcannon_ups",
    "type": "GUN",
    "name": "军用电磁炮",
    "description": "一个相当笨重的军用电磁炮,能够猛烈地发出一阵电流.不完全是特斯拉大炮,它始终是一个相当强大的镇暴武器.以UPS来提供能源,没有拆下UPS供电模组就不能使用电池来供能.",
    "weight": 4542,
    "volume": 23,
    "price": 175000,
    "to_hit": -3,
    "bashing": 10,
    "material": [ "spess_plastic", "plastic" ],
	"looks_like": "laser_cannon",
    "symbol": "v",
    "color": "white_yellow",
    "skill": "launcher",
    "range": 5,
    "ranged_damage": { "damage_type": "stab", "amount": 5, "armor_penetration": 100 },
    "dispersion": 200,
    "sight_dispersion": 100,
    "recoil": 10,
    "durability": 4,
    "burst": 3,
    "ups_charges": 50,
    "valid_mod_locations": [ [ "accessories", 2 ], [ "grip", 1 ], [ "rail", 1 ] ],
    "ammo_effects": [ "DRAW_AS_LINE", "BEANBAG", "WIDE", "BOUNCE", "LIGHTNING" ],
    "flags": [ "USE_UPS", "NEVER_JAMS", "NO_UNLOAD", "RECHARGE" ]
  },
  {
    "id": "shockcannon_plut",
    "type": "GUN",
    "name": "核动力电磁炮",
    "description": "一个相当笨重的电磁炮,能够猛烈地发出一阵电流.不完全是特斯拉大炮,它始终是一个相当强大的镇暴武器.使用钚电池来提供大量的能源,并且在拆除之前无法使用ups或电池来供能.",
    "weight": 4542,
    "volume": 23,
    "price": 175000,
    "to_hit": -3,
    "bashing": 10,
    "material": [ "spess_plastic", "plastic" ],
	"looks_like": "laser_cannon",
    "symbol": "v",
    "color": "white_yellow",
    "ammo": "plutonium",
    "skill": "launcher",
    "range": 5,
    "ranged_damage": { "damage_type": "stab", "amount": 5, "armor_penetration": 100 },
    "dispersion": 200,
    "sight_dispersion": 100,
    "recoil": 10,
    "durability": 4,
    "burst": 3,
    "clip_size": 12000,
    "reload": 1,
    "valid_mod_locations": [ [ "accessories", 2 ], [ "grip", 1 ], [ "rail", 1 ] ],
    "ammo_effects": [ "DRAW_AS_LINE", "BEANBAG", "WIDE", "BOUNCE", "LIGHTNING" ],
    "flags": [ "NEVER_JAMS", "FIRE_50", "NO_UNLOAD" ]
  },
  {
    "id": "410_lever",
    "type": "GUN",
    "name": "Klaxon X410猎枪",
    "description": "一种小型中程杠杆式猎枪,使用较小的410口径霰弹.klaxon能够发射0.45口径子弹和410口径子弹,为“现代户外运动者提供了高通用性和可靠性”.其名称中的“X”表示其10轮容量.",
    "weight": 1805,
    "volume": 7,
    "price": 175000,
    "to_hit": -2,
    "material": [ "steel", "wood" ],
	"looks_like": "surv_levershotgun",
    "symbol": ")",
    "color": "light_red",
    "ammo": "45",
    "skill": "shotgun",
    "ranged_damage": { "damage_type": "stab", "amount": 2 },
    "range": -1,
    "dispersion": 140,
    "durability": 5,
    "clip_size": 10,
    "reload": 50,
    "reload_noise": "click - chak",
    "valid_mod_locations": [ [ "accessories", 2 ], [ "grip", 1 ], [ "mechanism", 1 ], [ "rail", 1 ], [ "sights", 1 ], [ "stock", 1 ] ],
    "flags": [ "NEVER_JAMS", "RELOAD_ONE" ]
  },
  {
    "id": "410_revolver",
    "type": "GUN",
    "name": "5410-边境左轮手枪",
    "description": "一把可发射410小口径霰弹枪子弹的左轮手枪.作为一种强大的家庭防御武器,5410-边境足够大,可以通过练习来加快填装速度并且可以安装大多数的改装配件,让用户感到尽可能地安全.",
    "weight": 715,
    "volume": 3,
    "price": 75000,
    "to_hit": -2,
    "material": [ "steel" ],
	"looks_like": "ruger_redhawk",
    "symbol": ")",
    "color": "light_red",
    "ammo": "45",
    "skill": "pistol",
    "ranged_damage": { "damage_type": "stab", "amount": 2 },
    "range": -1,
    "dispersion": 210,
    "durability": 9,
    "clip_size": 6,
    "reload": 80,
    "valid_mod_locations": [
      [ "accessories", 2 ],
      [ "barrel", 1 ],
      [ "grip", 1 ],
      [ "rail", 1 ],
      [ "sights", 1 ],
      [ "stock", 1 ],
      [ "underbarrel", 1 ]
    ],
    "flags": [ "NEVER_JAMS", "RELOAD_ONE" ]
  },
  {
    "id": "ithaca_doom",
    "copy-from": "shotgun_pump",
    "type": "GUN",
    "name": "伊萨卡-2021",
    "description": "一把生产于2021年的猎枪,由伊萨卡公司商业化生产,是一种坚固的猎枪,设计用于家庭防御和私人军事用途.带有手枪式握把还有被截短的枪管,这把可操纵的猎枪既缺乏一个合适的枪托,也缺乏一个底部枪管下挂配件的导轨.",
    "weight": 3066,
    "volume": 6,
    "price": 200000,
    "to_hit": -2,
    "bashing": 6,
    "material": [ "steel", "plastic" ],
    "symbol": ")",
    "color": "pink",
    "ammo": "shot",
    "skill": "shotgun",
    "range": 3,
    "ranged_damage": { "damage_type": "stab", "amount": -1 },
    "dispersion": 300,
    "recoil": 70,
    "durability": 7,
    "clip_size": 12,
    "reload": 120,
    "flags": [ "NEVER_JAMS", "RELOAD_ONE" ],
    "valid_mod_locations": [
      [ "accessories", 4 ],
      [ "barrel", 1 ],
      [ "bore", 1 ],
      [ "grip", 1 ],
      [ "mechanism", 4 ],
      [ "muzzle", 1 ],
      [ "rail", 1 ],
      [ "sights", 1 ]
    ]
  },
  {
    "id": "ithaca_doom_dual",
    "copy-from": "shotgun_pump",
    "type": "GUN",
    "name": "伊萨卡-命运无常",
    "description": "这是最后一批由伊萨卡(Ithaca)制造商通过合同生产的散弹枪之一,命运无常是一种坚固和低维护的弹仓式霰弹,减少了枪管长度,以增加可操控性.通过部分零件采用铝金属,这种轻型散弹枪最多可以装12发子弹,只需轻按扳机,弹药就会连续飞快地喷出枪管,使用户可以尽可能快地射出子弹而不用松开扳机.",
    "weight": 2466,
    "volume": 6,
    "price": 200000,
    "to_hit": -2,
    "bashing": 6,
    "material": [ "steel", "aluminum" ],
    "symbol": ")",
    "color": "pink",
    "ammo": "shot",
    "skill": "shotgun",
    "ranged_damage": { "damage_type": "stab", "amount": 3 },
    "dispersion": 330,
    "recoil": 350,
    "durability": 9,
    "burst": 2,
    "clip_size": 12,
    "reload": 130,
    "flags": [ "MODE_BURST", "NEVER_JAMS", "RELOAD_ONE" ],
    "valid_mod_locations": [ [ "accessories", 4 ], [ "bore", 1 ], [ "muzzle", 1 ], [ "sights", 1 ], [ "stock", 1 ] ]
  },
  {
    "id": "BFG",
    "type": "GUN",
    "symbol": ")",
    "color": "green",
    "name": "BFG 2041-2",
    "name_plural": "BFG 2041-2",
    "description": "BFG 2041-2,粒子能量武器的原型.它利用亚光速粒子,从一个目标传播到另一个目标,放大周围环境的能量,并在受害者体内产生次核爆炸.",
    "price": 12500000,
    "material": [ "spess_plastic", "steel" ],
    "flags": [ "DRAW_AS_LINE", "NO_UNLOAD", "NEVER_JAMS", "RELOAD_ONE", "WATERPROOF_GUN" ],
    "skill": "launcher",
    "ammo": "bfg_plutonium",
    "weight": 9200,
    "volume": 16,
    "to_hit": -3,
    "dispersion": 200,
    "durability": 9,
    "clip_size": 2,
    "reload": 350
  }
]
