[
	{
        "type" : "npc_class",
        "id" : "Merc_Med",
        "name" : "医药商",
        "job_description" : "销售药品",
        "common" : false,
        "bonus_int" : { "one_in" : 4 },
        "bonus_str" : { "rng" : [ 10, 19 ] },
        "shopkeeper_item_group" : "Merc_Med_misc",
        "skills" : [
            {
                "skill" : "ALL", "level" : {
                    "mul" : [
                        { "one_in" : 3 },
                        {
                            "sum" : [
                                { "dice" : [ 2, 2 ] },
                                { "constant" : -2 },
                                { "one_in" : 4 }
                            ]
                        }
                    ]
                }
            },
            { "skill": "mechanics", "bonus" : { "one_in" : 2 } },
            { "skill": "electronics", "bonus" : { "rng" : [ 0, 2 ] } },
            { "skill": "speech", "bonus" : { "rng" : [ 4, 8 ] } },
            { "skill": "barter", "bonus" : { "rng" : [ 8, 15 ] } }
        ]
    },
	{
        "type" : "npc_class",
        "id" : "Merc_Smith",
        "name" : "铁匠",
        "job_description" : "销售自制物品",
        "common" : false,
        "bonus_int" : { "one_in" : 4 },
        "bonus_str" : { "rng" : [ 10, 19 ] },
        "shopkeeper_item_group" : "Merc_Smith_misc",
        "skills" : [
            {
                "skill" : "ALL", "level" : {
                    "mul" : [
                        { "one_in" : 3 },
                        {
                            "sum" : [
                                { "dice" : [ 2, 2 ] },
                                { "constant" : -2 },
                                { "one_in" : 4 }
                            ]
                        }
                    ]
                }
            },
            { "skill": "mechanics", "bonus" : { "one_in" : 2 } },
            { "skill": "electronics", "bonus" : { "rng" : [ 0, 2 ] } },
            { "skill": "speech", "bonus" : { "rng" : [ 4, 8 ] } },
            { "skill": "barter", "bonus" : { "rng" : [ 8, 15 ] } }
        ]
    }
]