[

  {
    "id": "wxkj_sqbb_ghzy",
    "type": "SPELL",
    "name": "光合作用",
    "description": "治疗使用者的生命值.",
    "valid_targets": [ "self"],
    "min_damage": -50,
    "max_damage": -150,   
    "damage_increment": -25,
    "min_aoe": 2,
    "//":"半径范围",
    "max_aoe": 2,
    "max_level": 3,
    "min_range": 0,
    "//":"刚学时徒手施法的时的距离",
    "max_range": 0,
    "//":"最大施法距离",
    "effect": "target_attack",
    "base_casting_time": 1000,
    "//":"施法的时间",  
    "casting_time_increment": -100,
    "//":"每级减少的施法时间",    
    "final_casting_time": 300,
    "//":"最少的施法消耗回合值",
    "base_energy_cost": 1000,   
    "//":"施法的消耗",
    "difficulty": 6,
    "energy_source": "MANA"
  }, 
  {
    "id": "wxkj_jnjq_ghzy",
    "type": "GENERIC",
    "name": "技能机器:光合作用",
    "description": "技能机器:光合作用",
    "weight": 585,
    "volume": 2,
    "price": 500000,
    "symbol": "?",
    "color": "light_green",
    "use_action": { "type": "learn_spell", "spells": [ "wxkj_sqbb_ghzy" ] }
  }
  ]