[

  {
    "id": "wxkj_sqbb_ytq",
    "type": "SPELL",
    "name": "液体圈",
    "description": "在周边覆上水幕，治疗友方者的生命值.",
    "valid_targets": [ "self" ],
    "min_damage": -25,
    "max_damage": -60,   
    "damage_increment": -25,   
    "max_level": 3,
    "min_aoe": 2,
    "//":"半径范围",
    "max_aoe": 2,
    "min_range": 1,
    "//":"刚学时徒手施法的时的距离",
    "max_range": 2,
    "//":"最大施法距离",
    "range_increment": 0.1,
    "effect": "target_attack",
    "base_casting_time": 500,
    "//":"施法的时间",  
    "casting_time_increment": -100,
    "//":"每级减少的施法时间",    
    "final_casting_time": 200,
    "//":"最少的施法消耗回合值",
    "base_energy_cost": 300,   
    "//":"施法的消耗",
    "difficulty": 6,   
    "energy_source": "MANA"
  },
  {
    "id": "wxkj_jnjq_ytq",
    "type": "GENERIC",
    "name": "技能机器:液体圈",
    "description": "技能机器:液体圈",
    "weight": 585,
    "volume": 2,
    "price": 500000,
    "symbol": "?",
    "color": "light_green",
    "use_action": { "type": "learn_spell", "spells": [ "wxkj_sqbb_ytq" ] }
  }
  ]