[

  {
    "id": "wxkj_sqbb_lr_hqs",
    "type": "SPELL",
    "name": "火球术",
    "description": "发出一个炽热的火球进行打击.",
    "sound_type": "speech",
    "sound_description": "\"火球术!\"",
    "valid_targets": [ "hostile", "ground" ],
    "//":"施法目标",
    "difficulty":1,  
    "max_level": 30,
    "//":"最大等级",
    "effect": "target_attack",
    "damage_type": "fire",
    "//":"伤害类型",     
    
    "min_damage": 10,
    "max_damage": 50,   
    "damage_increment": 1,
    "//":"每次升级增加的伤害",    
    
    "min_aoe": 0,
    "//":"半径范围",
    "max_aoe": 1,
    "aoe_increment": 0,
    "//":"升级增加的半径范围",    
    
    "min_range": 1,
    "//":"刚学时徒手施法的时的距离",
    "max_range": 20,
    "//":"最大施法距离",
    "range_increment": 0.5,
    "//":"每次升级增加的距离",
    
    "base_casting_time": 200,
    "//":"施法的时间",  
    "casting_time_increment": -5,
    "//":"每级减少的施法时间",    
    "final_casting_time": 60,
    "//":"最少的施法消耗回合值",
    
    "base_energy_cost": 100,   
    "//":"施法的消耗",
    "casting_energy_cost": -1,
    "//":"每级减少的施法消耗",    
    "final__energy_cost": 60,
    "//":"最少的施法消耗值",    
    
    "min_duration": 0,
    "max_duration": 0,
    "duration_increment": 0,
    "//":"每次升级增加的持续时间",
    "energy_source": "MANA"
  },
  {
    "id": "wxkj_jnjq_hqs",
    "type": "GENERIC",
    "name": "技能机器:火球术",
    "description": "技能机器:火球术",
    "weight": 585,
    "volume": 2,
    "price": 500000,
    "symbol": "?",
    "color": "light_green",
    "use_action": { "type": "learn_spell", "spells": [ "wxkj_sqbb_lr_hqs" ] }
  }
  ]