[

  {
    "id": "wxkj_sqbb_fxzl",
    "type": "SPELL",
    "name": "芳香治疗",
    "description": "治疗周围友方的生命值.",
    "valid_targets": [ "self", "ally" ],
    "min_damage": -10,
    "max_damage": -150,   
    "damage_increment": -2,   
    "max_level": 60,
    "min_aoe": 1,
    "//":"半径范围",
    "max_aoe": 6,
    "aoe_increment": 1,
    "min_range": 1,
    "//":"刚学时徒手施法的时的距离",
    "max_range": 6,
    "//":"最大施法距离",
    "range_increment": 1,
    "effect": "target_attack",
    "base_casting_time": 500,
    "//":"施法的时间",  
    "casting_time_increment": -10,
    "//":"每级减少的施法时间",    
    "final_casting_time": 200,
    "//":"最少的施法消耗回合值",
    "base_energy_cost": 300,   
    "//":"施法的消耗",
    "difficulty": 3,   
    "duration_increment": 10,
    "energy_source": "MANA"
  },
  {
    "id": "wxkj_jnjq_fxzl",
    "type": "GENERIC",
    "name": "技能机器:芳香治疗",
    "description": "技能机器:芳香治疗",
    "weight": 585,
    "volume": 2,
    "price": 500000,
    "symbol": "?",
    "color": "light_green",
    "use_action": { "type": "learn_spell", "spells": [ "wxkj_sqbb_fxzl" ] }
  }
  ]