[

  {
    "id": "wxkj_sqbb_lr_fykd",
    "type": "SPELL",
    "name": "飞叶快刀",
    "description": "飞花摘叶皆可伤人，凝聚一片急速旋转中的飞叶切割对手.",
    "sound_type": "speech",
    "sound_description": "\"飞叶快刀!\"",
    "valid_targets": [ "hostile", "ground" ],
    "//":"施法目标",
    "difficulty":1,  
    "max_level": 99,
    "//":"最大等级",
    "effect": "target_attack",
    "damage_type": "cut",
    "//":"伤害类型",     
    
    "min_damage": 1,
    "max_damage": 100,   
    "damage_increment": 1,
    "//":"每次升级增加的伤害",    
    
    "min_aoe": 0,
    "//":"半径范围",
    "max_aoe": 0,
    "aoe_increment": 0,
    "//":"升级增加的半径范围",    
    
    "min_range": 1,
    "//":"刚学时徒手施法的时的距离",
    "max_range": 60,
    "//":"最大施法距离",
    "range_increment": 0.5,
    "//":"每次升级增加的距离",
    
    "base_casting_time": 100,
    "//":"施法的时间",  
    "casting_time_increment": -1,
    "//":"每级减少的施法时间",    
    "final_casting_time": 50,
    "//":"最少的施法消耗回合",
    
    "base_energy_cost": 150,   
    "//":"施法的消耗",
    "casting_energy_cost": -1,
    "//":"每级增加的施法消耗",    
    "final__energy_cost": 50,
    "//":"最少的施法消耗值",    
    
    "min_duration": 0,
    "max_duration": 0,
    "duration_increment": 0,
    "//":"每次升级增加的持续时间",
	"effects": 
	[
	{ "id": "bleed", "duration": 30, "bp": "HEAD", "chance": 10 },
    { "id": "bleed", "duration": 30, "bp": "TORSO", "chance": 40 },
	{ "id": "bleed", "duration": 30, "bp": "LEGS", "chance": 25 },
	{ "id": "bleed", "duration": 30, "bp": "ARMS", "chance": 25 },
	{ "id": "bleed", "duration": 30, "bp": "LEGS", "chance": 10 }
    ],
    "energy_source": "MANA"
  },
  {
    "id": "wxkj_jnjq_fykd",
    "type": "GENERIC",
    "name": "技能机器:飞叶快刀",
    "description": "技能机器:飞叶快刀",
    "weight": 585,
    "volume": 2,
    "price": 500000,
    "symbol": "?",
    "color": "light_green",
    "use_action": { "type": "learn_spell", "spells": [ "wxkj_sqbb_lr_fykd" ] }
  }
  ]