[
  {
    "type": "talk_topic",
    "id": "TALK_HEALER_GREY",
    "dynamic_line": {
      "u_has_var": "talked_to_healer_grey",
      "type": "dialogue",
      "context": "healer_grey",
      "value": "yes",
      "no": "I must purge this land of its curse.  Will you help or hinder our mission?",
      "yes": "Blessed be."
    },
    "responses": [
      {
        "text": "Hello <name_g>.",
        "topic": "TALK_HEALER_GREY_INTRO",
        "effect": { "u_add_var": "talked_to_HEALER_GREY", "type": "dialogue", "context": "healer_grey", "value": "yes" }
      },
      { "text": "Wanna get outta here?", "topic": "TALK_SUGGEST_FOLLOW" },
      { "text": "Let's trade items.", "topic": "TALK_HEALER_GREY", "effect": "start_trade" },
      { "text": "Can I do anything for you?", "topic": "TALK_MISSION_OFFER" },
      { "text": "About the mission…", "topic": "TALK_MISSION_INQUIRE", "condition": "has_assigned_mission" },
      {
        "text": "About one of those missions…",
        "topic": "TALK_MISSION_LIST_ASSIGNED",
        "condition": "has_many_assigned_missions"
      },
      { "text": "Goodbye.", "topic": "TALK_DONE" }
    ]
  },
  {
    "type": "talk_topic",
    "id": "TALK_HEALER_GREY_INTRO",
    "dynamic_line": "Blessed be.  May you purge that which opposes the calm.",
    "responses": [
      { "text": "Why don't you go somewhere else?", "topic": "TALK_HEALER_GREY_LEAVE" },
      { "text": "Let's trade then.", "effect": "start_trade", "topic": "TALK_HEALER_GREY" },
      { "text": "I'm sorry, I gotta go.", "topic": "TALK_DONE" }
    ]
  },
  {
    "type": "talk_topic",
    "id": "TALK_HEALER_GREY_LEAVE",
    "dynamic_line": "I must purge this place before I can move on.",
    "responses": [
      { "text": "Wanna get outta here?", "topic": "TALK_SUGGEST_FOLLOW" },
      { "text": "What can you sell me?", "topic": "TALK_HEALER_GREY", "effect": "start_trade" },
      { "text": "I'm sorry, I gotta go.", "topic": "TALK_DONE" }
    ]
  }
]
