[
{
"type":"recipe",
"result":"DIY_slingbow",
"category":"CC_WEAPON",
"subcategory":"CSC_WEAPON_RANGED",
"skill_used":"archery",
"difficulty":0,
"time":10000,
"reversible":true,
"autolearn":true,
"qualities":[{"id":"CUT","level":1,"amount":1}],
"components":[
[["pipe",1]],
[["hose",1]],
[["leather",1]],
[["thread",20],["plant_fibre",20],["sinew",20]]
]
},{
"type":"recipe",
"result":"hand_bowgun",
"category":"CC_WEAPON",
"subcategory":"CSC_WEAPON_RANGED",
"skill_used":"mechanics",
"skills_required":["fabrication",3],
"difficulty":4,
"time":30000,
"autolearn":true,
"decomp_learn":3,
"book_learn":[["recipe_bows",2],["manual_archery",3],["book_archery",3]],
"qualities":[
{"id":"CUT","level":1},
{"id":"HAMMER","level":2},
{"id":"SCREW","level":1},
{"id":"WRENCH","level":1}
],
"tools":[[["soldering_iron",10],["toolset",10]]],
"components":
[[
["hand_crossbow",1]],
[["stick",1],["2x4",1]],
[["steel_chunk",1],["scrap",5]
]
]
},{
"type":"recipe",
"result":"China_rep_bowgun",
"category":"CC_WEAPON",
"subcategory":"CSC_WEAPON_RANGED",
"skill_used":"mechanics",
"skills_required":["fabrication",4],
"difficulty":5,
"time":30000,
"book_learn":[["recipe_bows",4],["textbook_weapeast",6]],
"decomp_learn":4,
"qualities":[
{"id":"CUT","level":1},
{"id":"HAMMER","level":2},
{"id":"SCREW","level":1}
],
"components":[
[["rep_crossbow",1]],
[["2x4",2],["stick",2]
]
]
},{
"type":"recipe",
"result":"survior_crossbow_bullet",
"category":"CC_WEAPON",
"subcategory":"CSC_WEAPON_RANGED",
"skill_used":"mechanics",
"skills_required":["archery",3],
"difficulty":5,
"time":30000,
"autolearn":true,
"book_learn":[["recipe_bows",4]],
"qualities":[
{"id":"CUT","level":1},
{"id":"HAMMER","level":2},
{"id":"SCREW","level":1},
{"id":"WRENCH","level":1}
],
"tools":[[["soldering_iron",15],["toolset",15]]],
"components":[
[["bullet_crossbow",1]],
[["2x4",2],["stick",2]],
[["steel_chunk",2],["scrap",10]],
[["arrowrest",1]],
[["grip",1]],
[["pistol_grip",1]]
]
},{
"type":"recipe",
"result":"compbow_survivorr",
"category":"CC_WEAPON",
"subcategory":"CSC_WEAPON_RANGED",
"skill_used":"fabrication",
"skills_required":["archery",7],
"difficulty":6,
"time":30000,
"autolearn":true,
"book_learn":[["recipe_bows",6],["manual_archery",7]],
"qualities":[
{"id":"CUT","level":1},
{"id":"HAMMER","level":2},
{"id":"SCREW","level":1},
{"id":"WRENCH","level":1}
],
"tools":[[["soldering_iron",15],["toolset",15]]],
"components":[[["reflexrecurvebow",1]],
[["steel_chunk",2],["scrap",10]],
[["arrowrest",1]],
[["bow_stabilizer",1]],
[["bow_sight",1]],
[["grip",1]],
[["pistol_grip",1]]
]
},{
"type":"recipe",
"result":"vertical_crossbow",
"category":"CC_WEAPON",
"subcategory":"CSC_WEAPON_RANGED",
"skill_used":"fabrication",
"skills_required":["archery",7],
"difficulty":1,
"time":3000,
"reversible":true,
"autolearn":true,
"book_learn":[["recipe_bows",6],["manual_archery",7]],
"components":[[["compbow_survivorr",1]]]
},{
"result":"archer_bag",
"type":"recipe",
"category":"CC_ARMOR",
"subcategory":"CSC_ARMOR_STORAGE",
"skill_used":"tailor",
"difficulty":4,
"skills_required":["archery",3],
"time":30000,
"autolearn":true,
"tools":[[["sewing_kit",50]]],
"components":[
[["mbag",2],["runner_bag",2],["survivor_runner_pack",1]],
[["quiver",1],["quiver_birchbark",1]]
]
}
]