[
	{
		"type": "recipe",
		"result": "multi_cooker",
		"id_suffix": "Lauriver's extend MOD",
		"category": "CC_ELECTRONIC",
		"subcategory": "CSC_ELECTRONIC_TOOLS",
		"skill_used": "electronics",
		"skills_required": [ "computer", 3 ],
		"difficulty": 5,
		"time": 30000,
		"book_learn": [[ "textbook_robots", 4 ]],
		"qualities": [ {"id":"HAMMER","level":3},{ "id": "SCREW", "level": 1 } ],
		"tools": [ [ [ "soldering_iron", 25 ], [ "toolset", 25 ] ] ],
		"components": [
		  [ [ "scrap", 4 ] ],
		  [ [ "cable", 2 ] ],
		  [ [ "pot", 1 ], [ "pot_copper", 1 ] ],
		  [ [ "motor_small", 1 ] ],
		  [ [ "e_scrap", 1 ] ]
		]
	}
]
