[
	{
		"type" : "recipe",
		"result": "fat",
		"id_suffix": "Lauriver's extend MOD",
		"category": "CC_FOOD",
		"subcategory": "CSC_FOOD_MEAT",
		"skill_used": "cooking",
		"difficulty": 1,
		"time": 6000,
		"autolearn": true,
		"qualities" :
			[
				{"id":"COOK","level":1,"amount":1},
				{"id":"CONTAIN","level":1,"amount":1}
			],
		"tools":
			[
				[
				  [ "hotplate", 3 ],
				  [ "toolset", 3 ],
				  [ "fire", -1 ]
				]
			],
		"components": 
			[
				[
				  [ "meat", 2 ],
				  [ "human_flesh", 2 ]
				]
			]
	},{
		"type" : "recipe",
		"result": "bologna",
		"id_suffix": "Lauriver's extend MOD",
		"category": "CC_FOOD",
		"subcategory": "CSC_FOOD_MEAT",
		"skill_used": "cooking",
		"difficulty": 4,
		"time": 60000,
		"autolearn": true,
		"batch_time_factors":[83, 3],
		"qualities" : [{"id":"CUT","level":1},{"id":"COOK","level":1}],
		"tools" : [[[ "char_smoker", 10 ]]],
 		"components":
			[
				[[ "protein_powder", 16 ]],
				[[ "water_clean", 8 ]],
				[
				  [ "salt", 10 ],
				  [ "soysauce", 1 ],
				  [ "seasoning_italian", 10 ],
				  [ "wild_herbs", 10 ],
				  [ "seasoning_salt", 10 ]
				]
			]
	},{
		"type" : "recipe",
		"result": "sausage",
		"id_suffix": "Lauriver's extend MOD",
		"category": "CC_FOOD",
		"subcategory": "CSC_FOOD_MEAT",
		"skill_used": "cooking",
		"difficulty": 4,
		"time": 60000,
		"autolearn": true,
		"batch_time_factors":[83, 3],
		"qualities" : [{"id":"CUT","level":1,"amount":1},{"id":"COOK","level":1,"amount":1}],
		"tools" :[[[ "char_smoker", 10 ]]],
		"components": 
		 [
			[[ "protein_powder", 6 ]],
			[[ "water_clean", 3 ]],
			[[ "fat", 3 ],[ "tallow", 3 ],[ "lard", 3 ]],
			[
			  [ "salt", 10 ],[ "soysauce", 1 ],
			  [ "seasoning_italian", 10 ],[ "wild_herbs", 10 ],
			  [ "seasoning_salt", 10 ],[ "pepper", 10 ] 
			]
		 ]
	},{
		"type" : "recipe",
		"result": "hfleshbologna",
		"id_suffix": "Lauriver's extend MOD",
		"category": "CC_FOOD",
		"subcategory": "CSC_FOOD_MEAT",
		"skill_used": "cooking",
		"difficulty": 4,
		"time": 60000,
		"batch_time_factors":[83, 3],
		"book_learn": [[ "cookbook_human", 3 ]],
		"qualities" : [{"id":"CUT","level":1},{"id":"COOK","level":1}],
		"tools" : [[[ "char_smoker", 10 ]]],
		"components":
			[
				[[ "hflesh_powder", 16 ]],
				[[ "water_clean", 8 ]],
				[
				  [ "salt", 10 ],
				  [ "soysauce", 1 ],
				  [ "seasoning_italian", 10 ],
				  [ "wild_herbs", 10 ],
				  [ "seasoning_salt", 10 ]
				]
			]
	},{
		"type" : "recipe",
		"result": "mannwurst",
		"id_suffix": "Lauriver's extend MOD",
		"category": "CC_FOOD",
		"subcategory": "CSC_FOOD_MEAT",
		"skill_used": "cooking",
		"difficulty": 4,
		"time": 60000,
		"batch_time_factors":[83, 3],
		"book_learn": [[ "cookbook_human", 3 ]],
		"qualities" : [{"id":"CUT","level":1,"amount":1},{"id":"COOK","level":1,"amount":1}],
		"tools" :[[[ "char_smoker", 10 ]]],
		"components": 
		 [
			[[ "hflesh_powder", 6 ]],
			[[ "water_clean", 3 ]],
			[[ "fat", 3 ],[ "tallow", 3 ],[ "lard", 3 ]],
			[
			  [ "salt", 10 ],[ "soysauce", 1 ],
			  [ "seasoning_italian", 10 ],[ "wild_herbs", 10 ],
			  [ "seasoning_salt", 10 ],[ "pepper", 10 ] 
			]
		 ]
	}
]