[
	{
		"type":"GENERIC",
		"category" : "spare_parts",
		"id": "cashcard_pack",
		"name": "一捆現金卡",
		"name_plural": "一捆現金卡",		
		"description": "一捆現金卡，裡面存著末日前你夢寐以求的存款，現在只是佔用道具欄的數字而已，需要使用時再拆解吧。",
		"symbol": "]",
		"color": "yellow",
		"price": 5000,
		"material": ["plastic"]	
	},{
		"type" : "recipe",
		"result": "cashcard_pack",
		"category": "CC_OTHER",
		"subcategory": "CSC_OTHER_OTHER",
		"difficulty": 0,
		"time": 100,
		"reversible": true,
		"autolearn": true,
		"flags": ["BLIND_EASY"], 	
		"components": [
			[
			 [ "cash_card", 5 ]
			]
		]
	},{
		"type":"GENERIC",
		"category" : "spare_parts",
		"id": "lighter_pack",
		"name": "一捆打火機",
		"name_plural": "一捆打火機",		
		"description": "一捆打火機，零零散散地佔用一大堆格子，需要使用時再拆解吧。",
		"symbol": "]",
		"color": "blue",
		"price": 500,
		"material": ["plastic"]
	},{
		"type" : "recipe",
		"result": "lighter_pack",
		"category": "CC_OTHER",
		"subcategory": "CSC_OTHER_OTHER",
		"difficulty": 0,
		"time": 100,
		"reversible": true,
		"autolearn": true,
		"flags": ["BLIND_EASY"],
		"components": [
			[
			 [ "lighter", 5 ]
			]
		]
	},{
		"type":"GENERIC",
		"category" : "spare_parts",
		"id": "matches_pack",
		"name": "一捆火柴盒",
		"name_plural": "一捆火柴盒",		
		"description": "一捆火柴盒，零零散散地佔用一大堆格子，需要使用時再拆解吧。",
		"symbol": "]",
		"color": "blue",
		"price": 100,
		"material": ["paper"]
	},{
		"type" : "recipe",
		"result": "matches_pack",
		"category": "CC_OTHER",
		"subcategory": "CSC_OTHER_OTHER",
		"difficulty": 0,
		"time": 100,
		"reversible": true,
		"autolearn": true,
		"flags": ["BLIND_EASY"],
		"components": [
			[
			 [ "matches", 5 ]
			]
		]

	}
]