[
  {
    "type": "ammunition_type",
    "id": "arcane_en",
    "name": "奥能",
    "default": "arcane_en"
  },
  {
    "type": "ammunition_type",
    "id": "dark_en",
    "name": "暗能",
    "default": "dark_en"
  },
  {
    "type": "ammunition_type",
    "id": "holy_en",
    "name": "圣能",
    "default": "holy_en"
  },
  {
    "type": "ammunition_type",
    "id": "acid_bone_spear",
    "name": "酸液骨矛",
    "default": "acid_bone_spear"
  },
  {
    "type": "ammunition_type",
    "id": "magic_element_blade",
    "name": "元素飞刀",
    "default": "element_blade_elec"
  },
  {
    "type": "ammunition_type",
    "id": "dragon_blood",
    "name": "dragon blood",
    "default": "dragon_blood"
  },
  {
    "type": "ammunition_type",
    "id": "tainted_blood",
    "name": "tainted blood",
    "default": "tainted_blood"
  },
  {
    "type": "ammunition_type",
    "id": "blood",
    "name": "blood",
    "default": "blood"
  },
  {
    "type": "ammunition_type",
    "id": "arrow_orichalcum",
    "name": "orichalcum arrow",
    "default": "arrow_odin"
  }
]
