[
  {
    "id": "SMOKE_AOE_lesser",
    "type": "ammo_effect",
    "aoe": { "field_type": "fd_smoke", "intensity_min": 2, "intensity_max": 3, "chance": 90, "radius": 3 }
  },
  {
    "id": "FOG_AOE_lesser",
    "type": "ammo_effect",
    "aoe": { "field_type": "fd_fog", "intensity_min": 2, "intensity_max": 3, "chance": 90, "radius": 5 }
  },
  {
    "id": "FOG_TRAIL_lesser",
    "type": "ammo_effect",
    "trail": { "field_type": "fd_fog", "intensity_min": 1, "intensity_max": 3, "chance": 50 }
  },
  {
    "id": "ACID_AOE_m",
    "type": "ammo_effect",
    "aoe": { "field_type": "fd_acid", "intensity_min": 2, "intensity_max": 3, "chance": 100, "radius": 2 }
  },
  {
    "id": "ACID_AOE_lesser",
    "type": "ammo_effect",
    "aoe": { "field_type": "fd_acid", "intensity_min": 1, "intensity_max": 3, "chance": 90, "radius": 2 }
  },
  {
    "id": "ACID_TRAIL_lesser",
    "type": "ammo_effect",
    "trail": { "field_type": "fd_acid", "intensity_min": 1, "intensity_max": 2, "chance": 50 }
  },
  {
    "id": "FIRE_AOE_lesser",
    "type": "ammo_effect",
    "aoe": { "field_type": "fd_fire", "intensity_min": 1, "intensity_max": 2, "chance": 90, "radius": 1 }
  },
  {
    "id": "FIRE_TRAIL_lesser",
    "type": "ammo_effect",
    "trail": { "field_type": "fd_fire", "intensity_min": 1, "intensity_max": 2, "chance": 50 }
  },
  {
    "id": "LIGHTNING_TRAIL_lesser",
    "type": "ammo_effect",
    "trail": { "field_type": "fd_electricity", "intensity_min": 2, "intensity_max": 3, "chance": 50 }
  },
  {
    "id": "LIGHTNING_TRAIL_greater",
    "type": "ammo_effect",
    "trail": { "field_type": "fd_electricity", "intensity_min": 2, "intensity_max": 3, "chance": 75 }
  },
  {
    "id": "LIGHTNING_AOE_lesser",
    "type": "ammo_effect",
    "aoe": { "field_type": "fd_electricity", "intensity_min": 2, "intensity_max": 3, "chance": 100, "radius": 0 }
  },
  {
    "id": "LIGHTNING_AOE_m",
    "type": "ammo_effect",
    "aoe": { "field_type": "fd_electricity", "intensity_min": 1, "intensity_max": 3, "chance": 90, "radius": 1 }
  },
  {
    "id": "LIGHTNING_AOE_greater",
    "type": "ammo_effect",
    "aoe": { "field_type": "fd_electricity", "intensity_min": 2, "intensity_max": 3, "chance": 75, "radius": 2 }
  }
]
