[
  {
    "type": "AMMO",
    "id": "arcane_en",
    "category": "spare_parts",
    "name": "奥能",
    "symbol": "*",
    "color": "pink",
    "description": "一小团凝实的纯粹魔力，施展奥术时能量逸出的副产物，不填入合适容器的话就会迅速消散。",
    "flags": [ "LIGHT_5", "TRADER_AVOID", "NO_SALVAGE", "NO_UNLOAD" ],
    "material": [ "powder" ],
    "volume": "1 ml",
    "weight": "0 g",
    "ammo_type": "arcane_en",
    "count": 1
  },
  {
    "type": "AMMO",
    "id": "dark_en",
    "category": "spare_parts",
    "name": "暗能",
    "symbol": "*",
    "color": "black",
    "description": "一小团凝实的暗影，施展神术时能量逸出的副产物，不填入合适容器的话就会迅速消散。",
    "flags": [ "TRADER_AVOID", "NO_SALVAGE", "NO_UNLOAD" ],
    "material": [ "powder" ],
    "volume": "1 ml",
    "weight": "0 g",
    "ammo_type": "dark_en",
    "count": 1
  },
  {
    "type": "AMMO",
    "id": "holy_en",
    "category": "spare_parts",
    "name": "圣能",
    "symbol": "*",
    "color": "yellow",
    "description": "一小团凝实的圣光，施展神术时能量逸出的副产物，不填入合适容器的话就会迅速消散。",
    "flags": [ "LIGHT_5", "TRADER_AVOID", "NO_SALVAGE", "NO_UNLOAD" ],
    "material": [ "powder" ],
    "volume": "1 ml",
    "weight": "0 g",
    "ammo_type": "holy_en",
    "count": 1
  },
  {
    "type": "AMMO",
    "id": "acid_bone_spear",
    "name": "酸液骨矛",
    "price": 0,
    "symbol": "1",
    "color": "green",
    "description": "骨质短矛，作为弹药发射时能触发它的酸液附魔效果。",
    "material": [ "bone" ],
    "volume": "1000 ml",
    "weight": "50 g",
    "bashing": 3,
    "cutting": 15,
    "flags": [ "STAB" ],
    "ammo_type": "acid_bone_spear",
    "range": 10,
    "damage": 30,
    "pierce": 50,
    "dispersion": 50,
    "loudness": 5,
    "count": 1,
    "effects": [ "ACID_TRAIL_lesser", "ACID_AOE_m" ]
  },
  {
    "type": "AMMO",
    "id": "element_blade_shock",
    "name": "元素飞刃·震爆",
    "price": 0,
    "symbol": ")",
    "color": "white",
    "description": "聩盲夺路。",
    "material": [ "steel" ],
    "volume": "30 ml",
    "weight": "50 g",
    "bashing": 3,
    "cutting": 15,
    "ammo_type": "magic_element_blade",
    "range": 10,
    "damage": 15,
    "pierce": 10,
    "dispersion": 50,
    "loudness": 5,
    "count": 10,
    "effects": [ "FLASHBANG", "EMP" ]
  },
  {
    "type": "AMMO",
    "id": "element_blade_smoke",
    "name": "元素飞刃·云雾",
    "price": 0,
    "symbol": ")",
    "color": "light_gray",
    "description": "烟云深处。",
    "material": [ "steel" ],
    "volume": "30 ml",
    "weight": "50 g",
    "bashing": 3,
    "cutting": 15,
    "ammo_type": "magic_element_blade",
    "range": 10,
    "damage": 15,
    "pierce": 10,
    "dispersion": 50,
    "loudness": 5,
    "count": 10,
    "effects": [ "FOG_TRAIL_lesser", "FOG_AOE_lesser", "SMOKE_AOE_lesser" ]
  },
  {
    "type": "AMMO",
    "id": "element_blade_acid",
    "name": "元素飞刃·酸蚀",
    "price": 0,
    "symbol": ")",
    "color": "green",
    "description": "销魂蚀骨。",
    "material": [ "steel" ],
    "volume": "30 ml",
    "weight": "50 g",
    "bashing": 3,
    "cutting": 15,
    "ammo_type": "magic_element_blade",
    "range": 10,
    "damage": 15,
    "pierce": 10,
    "dispersion": 50,
    "loudness": 5,
    "count": 10,
    "effects": [ "ACID_TRAIL_lesser", "ACID_AOE_lesser" ]
  },
  {
    "type": "AMMO",
    "id": "element_blade_fire",
    "name": "元素飞刃·灼烧",
    "price": 0,
    "symbol": ")",
    "color": "red",
    "description": "星火燎原。",
    "material": [ "steel" ],
    "volume": "30 ml",
    "weight": "50 g",
    "bashing": 3,
    "cutting": 15,
    "ammo_type": "magic_element_blade",
    "range": 10,
    "damage": 15,
    "pierce": 10,
    "dispersion": 50,
    "loudness": 5,
    "count": 10,
    "effects": [ "FIRE_TRAIL_lesser", "FIRE_AOE_lesser" ]
  },
  {
    "type": "AMMO",
    "id": "element_blade_elec",
    "name": "元素飞刃·风暴",
    "price": 0,
    "symbol": ")",
    "color": "light_blue",
    "description": "电力四射。",
    "material": [ "steel" ],
    "volume": "30 ml",
    "weight": "50 g",
    "bashing": 3,
    "cutting": 15,
    "ammo_type": "magic_element_blade",
    "range": 10,
    "damage": 15,
    "pierce": 10,
    "dispersion": 50,
    "loudness": 20,
    "count": 10,
    "effects": [ "LIGHTNING_TRAIL_lesser", "LIGHTNING_AOE_m" ]
  },
  {
    "type": "AMMO",
    "id": "arrow_storm_lesser",
    "price": 1200,
    "name": "次级风暴箭",
    "symbol": "=",
    "color": "light_blue",
    "description": "经风暴之力简单附魔强化的金属箭矢，散发着幽蓝微光。",
    "material": [ "steel" ],
    "volume": "250 ml",
    "weight": "50 g",
    "bashing": 3,
    "cutting": 2,
    "ammo_type": "arrow",
    "prop_damage": 1.2,
    "pierce": 3,
    "range": 3,
    "dispersion": 85,
    "loudness": 0,
    "count": 10,
    "flags": [ "LIGHT_5" ],
    "effects": [ "RECOVER_20", "LIGHTNING_TRAIL_lesser" ]
  },
  {
    "type": "AMMO",
    "id": "arrow_storm_m",
    "price": 1200,
    "name": "风暴箭",
    "symbol": "=",
    "color": "light_blue",
    "description": "经风暴之力附魔强化的金属箭矢，箭身与箭头刻蚀的符文散发着幽蓝微光，射中目标后会留下电弧火花。这种附魔强度导致箭矢物质结构不太稳定，射出后的回收概率降低。",
    "material": [ "steel" ],
    "volume": "250 ml",
    "weight": "50 g",
    "bashing": 3,
    "cutting": 2,
    "ammo_type": "arrow",
    "prop_damage": 1.25,
    "pierce": 10,
    "range": 5,
    "dispersion": 75,
    "loudness": 5,
    "count": 10,
    "flags": [ "LIGHT_5" ],
    "effects": [ "RECOVER_5", "LIGHTNING_TRAIL_lesser", "LIGHTNING_AOE_lesser" ]
  },
  {
    "type": "AMMO",
    "id": "arrow_storm_greater",
    "price": 1200,
    "name": "超导风暴箭",
    "symbol": "=",
    "color": "blue",
    "description": "经风暴之力多重附魔强化的金属箭矢，嗯，也许强化过头了。这种附魔强度导致箭矢物质结构极不稳定，射出后无法回收。",
    "material": [ "steel" ],
    "volume": "250 ml",
    "weight": "50 g",
    "bashing": 3,
    "cutting": 2,
    "ammo_type": "arrow",
    "prop_damage": 2,
    "pierce": 20,
    "range": 10,
    "dispersion": 75,
    "loudness": 15,
    "count": 10,
    "flags": [ "LIGHT_5" ],
    "effects": [ "NON-FOULING", "LIGHTNING_TRAIL_greater", "LIGHTNING_AOE_greater", "BOUNCE" ]
  },
  {
    "type": "AMMO",
    "id": "arrow_odin",
    "price": 3500,
    "name": "orichalcum arrow",
    "symbol": "=",
    "color": "white",
    "description": "An arrow composed of a sliver of orichalcum.  The arrow has a mysterious glow.  Has a very high chance of staying intact when fired, however can only be fired from Ichaival.",
    "material": [ "wood", "orichalcum_metal" ],
    "ammo_type": "arrow_orichalcum",
    "volume": "145 ml",
    "weight": "30 g",
    "bashing": 12,
    "prop_damage": 1.95,
    "pierce": 20,
    "dispersion": 35,
    "loudness": 0,
    "range": 7,
    "count": 15,
    "stack_size": 15,
    "effects": [ "RECOVER_65" ]
  },
  {
    "id": "magiced_nail",
    "type": "AMMO",
    "category": "spare_parts",
    "name": "磁化附魔钉",
    "description": "一枚泛着幽蓝微光的铁钉，附着的电磁魔力大幅提升了它作为弹药使用时的射击距离与杀伤力。",
    "weight": "4 g",
    "volume": "250 ml",
    "price": 1000,
    "price_postapoc": 6000,
    "material": "iron",
    "symbol": "=",
    "color": "light_blue",
    "count": 100,
    "stack_size": 100,
    "ammo_type": "nail",
    "range": 20,
    "damage": 20,
    "pierce": 30,
    "dispersion": 90,
    "loudness": 5,
    "flags": [ "LIGHT_5" ],
    "effects": [ "NON-FOULING", "LIGHTNING_TRAIL_lesser" ]
  }
]
