[
  {
    "id": "invisforce_field",
    "type": "GUN",
    "reload_noise_volume": 0,
    "name": "投刃力场",
    "description": "小小的无形力场躺在你掌心，它可以用来发射元素飞刀。“奥丁的圆盘。”",
    "weight": "1 g",
    "volume": "30 ml",
    "to_hit": -3,
    "bashing": 1,
    "material": [ "orichalcum_metal" ],
    "symbol": "o",
    "color": "light_gray",
    "ammo": "magic_element_blade",
    "skill": "throw",
    "ranged_damage": 0,
    "range": 10,
    "loudness": 0,
    "dispersion": 50,
    "durability": 6,
    "clip_size": 1,
    "reload": 5,
    "flags": [ "RELOAD_AND_SHOOT", "MAGIC_FOCUS" ]
  },
  {
    "id": "Superelec_gun",
    "type": "GUN",
    "reload_noise_volume": 5,
    "name": "超电磁炮",
    "description": "风暴之力收束形成的高强度螺旋电流，虽然只有手掌大小，但维持与操纵都颇耗心力，因此无法长时间存在。它可以发射钉子或者磁化附魔钉。",
    "weight": "1 g",
    "volume": "50 ml",
    "to_hit": -3,
    "bashing": 1,
    "material": [ "steel" ],
    "flags": [ "LIGHT_10" ],
    "symbol": "o",
    "color": "blue",
    "ammo": "nail",
    "skill": "rifle",
    "ranged_damage": 10,
    "range": 20,
    "loudness": 10,
    "dispersion": 90,
    "durability": 6,
    "clip_size": 12,
    "reload": 50,
    "modes": [ [ "DEFAULT", "semi-auto", 1 ], [ "AUTO", "auto", 2 ] ],
    "ammo_effects": [ "INCENDIARY" ]
  },
  {
    "id": "ichaival",
    "type": "GUN",
    "looks_like": "reflexrecurvebow",
    "symbol": "(",
    "color": "white",
    "name": "Ichaival",
    "description": "Ichaival, the bow of Odin.  Rumored to fire 10 arrows with every pull of the string.  It has gold and silver ornaments on it, as well as an ornate Raven.",
    "price": 160000,
    "material": [ "orichalcum_metal", "gold", "wood" ],
    "flags": [ "FIRE_TWOHAND", "STR_DRAW", "RELOAD_AND_SHOOT", "PRIMITIVE_RANGED_WEAPON", "BELTED", "WATER_FRIENDLY" ],
    "skill": "archery",
    "min_strength": 8,
    "ammo": [ "arrow_orichalcum", "arrow" ],
    "weight": "740 g",
    "volume": "5 L",
    "bashing": 14,
    "armor_data": { "covers": [ "TORSO" ], "coverage": 5, "material_thickness": 1, "encumbrance": 14 },
    "reload_noise_volume": 2,
    "loudness": 5,
    "ranged_damage": 25,
    "range": 20,
    "dispersion": 95,
    "durability": 6,
    "clip_size": 1,
    "reload": 40,
    "valid_mod_locations": [ [ "underbarrel", 1 ], [ "sights", 1 ], [ "accessories", 2 ], [ "stabilizer", 1 ], [ "dampening", 1 ] ]
  }
]
