[
  {
    "id": "quiver",
    "name": "quiver",
    "copy-from": "quiver",
    "type": "ARMOR",
    "use_action": { "type": "bandolier", "capacity": 20, "ammo": [ "arrow", "bolt", "arrow_orichalcum" ], "draw_cost": 20 }
  },
  {
    "id": "quiver_large",
    "name": "large quiver",
    "copy-from": "quiver_large",
    "type": "ARMOR",
    "use_action": { "type": "bandolier", "capacity": 60, "ammo": [ "arrow", "bolt", "arrow_orichalcum" ], "draw_cost": 20 }
  },
  {
    "id": "quiver_birchbark",
    "name": "birchbark quiver",
    "copy-from": "quiver_birchbark",
    "type": "ARMOR",
    "use_action": { "type": "bandolier", "capacity": 20, "ammo": [ "arrow", "bolt", "arrow_orichalcum" ], "draw_cost": 20 }
  },
  {
    "id": "quiver_large_birchbark",
    "name": "large birchbark quiver",
    "copy-from": "quiver_large_birchbark",
    "type": "ARMOR",
    "use_action": { "type": "bandolier", "capacity": 60, "ammo": [ "arrow", "bolt", "arrow_orichalcum" ], "draw_cost": 20 }
  }
]
