[
  {
    "id": "rune_sublimancer",
    "type": "TOOL",
    "symbol": "=",
    "color": "white",
    "name": "升华者符文",
    "description": "骨质符文晶莹如玉，放射出阵阵灵能波动。只有涉及心灵之力的高阶施法者才能妥善运用它。",
    "volume": "5ml",
    "weight": "1 g",
    "material": "bone",
    "flags": [ "TRADER_AVOID" ]
  },
  {
    "id": "rune_forsmancer",
    "type": "TOOL",
    "symbol": "=",
    "color": "black",
    "name": "遗忘者符文",
    "description": "骨质符文涌动灵魂的叹息，深黯表层之下却隐约可见微弱银光。只有涉及暗影之力的高阶施法者才能妥善运用它。",
    "volume": "5ml",
    "weight": "1 g",
    "material": "bone",
    "flags": [ "TRADER_AVOID" ]
  },
  {
    "id": "rune_astromancer",
    "type": "TOOL",
    "symbol": "=",
    "color": "blue",
    "name": "星术师符文",
    "description": "符文几无重量，表层深邃如午夜，内部点点微光缓缓流转，灿若星河。只有涉及群星之力的高阶施法者才能妥善运用它。",
    "volume": "5ml",
    "weight": "0 g",
    "material": "arcane_skin",
    "flags": [ "LIGHT_5", "TRADER_AVOID" ]
  },
  {
    "id": "rune_mechanical_spirit",
    "type": "TOOL",
    "symbol": "=",
    "color": "light_gray",
    "name": "机械之魂符文",
    "description": "符文由齿轮、杠杆和导线组成，其间流动着未知光芒，你能感到它具有微弱的自主意识。只有涉及科技之力的高阶施法者才能妥善运用它。",
    "volume": "5ml",
    "weight": "1 g",
    "material": "steel",
    "flags": "TRADER_AVOID"
  },
  {
    "id": "rune_entropy",
    "type": "TOOL",
    "symbol": "=",
    "color": "red",
    "name": "熵域行者符文",
    "description": "从掌心传来的感觉难以言表，似火热似冰寒，你突然意识到这枚符文由聚散无常的微粒组成。只有初步涉及熵之力的高阶施法者才能妥善运用它。",
    "volume": "5ml",
    "weight": "1 g",
    "material": "stone",
    "flags": "TRADER_AVOID"
  },
  {
    "id": "rune_hills_core",
    "type": "TOOL",
    "symbol": "=",
    "color": "brown",
    "name": "群山之心符文",
    "description": "这枚褐色石片看上去平平无奇，但握在手心时能感到微不可察的脉动之声，如松涛低语，似山风呼啸，若涧石滚落。只有涉及大地之力的高阶施法者才能活化其中蕴含的力量。",
    "volume": "5ml",
    "weight": "1 g",
    "material": "stone",
    "flags": "TRADER_AVOID"
  },
  {
    "id": "rune_mount_celestia",
    "type": "TOOL",
    "symbol": "=",
    "color": "white",
    "name": "天堂山符文",
    "description": "散发乳白微光的符文表面镌刻着羽毛状银色印记。只有涉及秩序之力的高阶施法者才能妥善运用它。",
    "volume": "5ml",
    "weight": "1 g",
    "material": "stone",
    "flags": [ "LIGHT_5", "TRADER_AVOID" ]
  },
  {
    "id": "rune_planeswalker",
    "type": "TOOL",
    "symbol": "=",
    "color": "blue",
    "name": "旅法师符文",
    "description": "很难说清这枚符文是何种颜色，五彩斑斓的蓝？只有涉及时空之力的高阶施法者才能妥善运用它。",
    "volume": "5ml",
    "weight": "1 g",
    "material": "stone",
    "flags": "TRADER_AVOID"
  },
  {
    "id": "rune_stormlord",
    "type": "TOOL",
    "symbol": "=",
    "color": "light_blue",
    "name": "风暴主宰符文",
    "description": "当你把玩这枚符文时，微型雷霆漩涡在它半透明的表面浮现。只有涉及风暴之力的高阶施法者才能妥善运用它。",
    "volume": "5ml",
    "weight": "1 g",
    "material": "steel",
    "flags": "TRADER_AVOID"
  },
  {
    "id": "rune_druid_greater",
    "type": "TOOL",
    "symbol": "=",
    "color": "light_green",
    "name": "大德鲁伊符文",
    "description": "这枚符文如翡翠般晶莹温润，蕴含森林山川的脉动。只有涉及自然之力的高阶施法者才能调动其中的力量。",
    "volume": "5ml",
    "weight": "1 g",
    "material": "stone",
    "flags": "TRADER_AVOID"
  },
  {
    "id": "rune_biomancer",
    "type": "TOOL",
    "symbol": "=",
    "color": "pink",
    "name": "Biomancer rune",
    "description": "This magical pebble has an insignia of rended flesh and bones on it.  It is necessary for Biomancers to channel magic into their crafts.",
    "volume": "5ml",
    "weight": "1 g",
    "material": "stone",
    "flags": "TRADER_AVOID"
  },
  {
    "id": "rune_technomancer",
    "type": "TOOL",
    "symbol": "=",
    "color": "blue",
    "name": "Technomancer rune",
    "description": "This magical pebble has an insignia of clockwork and gears on it.  It is necessary for Technomancers to channel magic into their crafts.",
    "volume": "5ml",
    "weight": "1 g",
    "material": "stone",
    "flags": "TRADER_AVOID"
  },
  {
    "id": "rune_magus",
    "type": "TOOL",
    "symbol": "=",
    "color": "magenta",
    "name": "Magus rune",
    "name_plural": "Magi runes",
    "description": "This magical pebble has an insignia of crystal and mana orbs on it.  It is necessary for Magi to channel magic into their crafts.",
    "volume": "5ml",
    "weight": "1 g",
    "material": "stone",
    "flags": "TRADER_AVOID"
  },
  {
    "id": "rune_earthshaper",
    "type": "TOOL",
    "symbol": "=",
    "color": "green",
    "name": "Earthshaper rune",
    "description": "This magical pebble has an insignia of steel and rocks on it.  It is necessary for Earthshapers to channel magic into their crafts.",
    "volume": "5ml",
    "weight": "1 g",
    "material": "stone",
    "flags": "TRADER_AVOID"
  },
  {
    "id": "rune_kelvinist",
    "type": "TOOL",
    "symbol": "=",
    "color": "red",
    "name": "Kelvinist rune",
    "description": "This magical pebble has an insignia of ice and flames on it.  It is necessary for Kelvinists to channel magic into their crafts.",
    "volume": "5ml",
    "weight": "1 g",
    "material": "stone",
    "flags": "TRADER_AVOID"
  },
  {
    "id": "rune_stormshaper",
    "type": "TOOL",
    "symbol": "=",
    "color": "yellow",
    "name": "Stormshaper rune",
    "description": "This magical pebble has an insignia of lightning and storm clouds on it.  It is necessary for Stormshapers to channel magic into their crafts.",
    "volume": "5ml",
    "weight": "1 g",
    "material": "stone",
    "flags": "TRADER_AVOID"
  },
  {
    "id": "rune_druid",
    "type": "TOOL",
    "symbol": "=",
    "color": "brown",
    "name": "Druid rune",
    "description": "This magical pebble has an insignia of nature and trees on it.  It is necessary for Druids to channel magic into their crafts.",
    "volume": "5ml",
    "weight": "1 g",
    "material": "stone",
    "flags": "TRADER_AVOID"
  },
  {
    "id": "rune_animist",
    "type": "TOOL",
    "symbol": "=",
    "color": "light_red",
    "name": "Animist rune",
    "description": "This magical pebble has an insignia of summoners on it.  It is necessary for Animists to channel magic into their crafts.",
    "volume": "5ml",
    "weight": "1 g",
    "material": "stone",
    "flags": "TRADER_AVOID"
  },
  {
    "id": "rune_alchemist",
    "type": "TOOL",
    "symbol": "=",
    "color": "black",
    "name": "alchemist rune",
    "description": "This magical pebble has an insignia of alchemy and potions on it.  While versatile in use, the lack of attunement to any school prevents creation of more advanced recipes.",
    "volume": "5ml",
    "weight": "1 g",
    "material": "stone",
    "flags": "TRADER_AVOID"
  }
]
