[
  {
    "id": "seed_space_lesser",
    "copy-from": "seed",
    "type": "COMESTIBLE",
    "name": "次级空间道标",
    "description": "某种星界植物的未成熟种子，蕴含少量空间法则，异常珍贵，通常作为次级临时传送门的空间锚定物使用。",
    "weight": "152 g",
    "price": 160,
    "charges": 1,
    "stack_size": 1,
    "seed_data": { "plant_name": "次级空间道标", "fruit": "seed_space_lesser", "byproducts": [ "glow_dust" ], "grow": "600 days" }
  },
  {
    "type": "COMESTIBLE",
    "id": "mage_tea",
    "name": "法师茶饮",
    "weight": "250 g",
    "color": "brown",
    "use_action": "CAFF",
    "stim": 3,
    "container": "clay_teapot",
    "comestible_type": "DRINK",
    "symbol": "~",
    "quench": 55,
    "calories": 2,
    "description": "灌注了魔力，比普通茶水更解渴，连续五年召唤量领先。这香气让人想起学徒时期的初恋。“还没陪她饮过tea，法师塔顶看风景。”",
    "volume": "250 ml",
    "material": [ "water" ],
    "phase": "liquid",
    "flags": [ "EATEN_HOT", "NUTRIENT_OVERRIDE", "TRADER_AVOID" ],
    "fun": 10
  },
  {
    "id": "magic_bread",
    "type": "COMESTIBLE",
    "comestible_type": "FOOD",
    "name": "魔法面包",
    "weight": "60 g",
    "color": "brown",
    "symbol": "%",
    "healthy": 1,
    "calories": 84,
    "spoils_in": "10 minutes",
    "description": "法爷行善布施专用款魔法面包，但新英格兰没啥大型副本。“最好马上吃掉。”",
    "price": 0,
    "volume": "250 ml",
    "charges": 2,
    "fun": 1
  },
  {
    "type": "COMESTIBLE",
    "id": "egg_owlbear_rock",
    "name": "owlbear egg",
    "weight": "2395 g",
    "color": "light_gray",
    "spoils_in": "14 days",
    "comestible_type": "FOOD",
    "symbol": "0",
    "quench": 128,
    "healthy": 3,
    "calories": 3200,
    "description": "This egg laid by an owlbear seems almost indistinguishable from a large rock until you touch it and can feel the warm glow of potential life energy from within.  It's hard to believe that an owlbear could grow so quickly from something so small.  Perhaps you could carefully crack it open to get at the liquid golden goodness inside.",
    "price": 300000,
    "material": [ "egg", "stone" ],
    "volume": "2500 ml",
    "stack_size": 1,
    "fun": -18,
    "flags": [ "FREEZERBURN" ],
    "rot_spawn": "GROUP_EGG_OWLBEAR",
    "vitamins": [ [ "vitA", 360 ], [ "calcium", 120 ], [ "iron", 160 ], [ "vitB", 840 ] ],
    "rot_spawn_chance": 80,
    "//": "Alchemically speaking, I see this egg as having the elements of Growth, Stone, and Egg.  Growth would make things grow faster, the simplest example being a magical liquid fertilizer.  Stone would be a defensive element, used in creating something like a potion of stoneskin.  Egg would be interesting though.  What if instead of being imbibed there were potions that instead functioned similarly to the sourdough items, or the blob vehicle parts, in that they take a gestation period and then you could activate them and have a new item pop out.  Creatures sure but especially biomancers could have temporarily-lived tools, weapons, and armor."
  },
  {
    "type": "COMESTIBLE",
    "id": "egg_owlbear",
    "name": "owlbear egg yolk",
    "copy-from": "egg_chicken",
    "phase": "liquid",
    "healthy": 3,
    "color": "yellow",
    "description": "The liquid innards of an owlbear egg.  Good eating."
  },
  {
    "id": "hairball",
    "type": "COMESTIBLE",
    "comestible_type": "MED",
    "healthy": -1,
    "stack_size": 1,
    "material": [ "fur", "water" ],
    "primary_material": "fur",
    "volume": "350ml",
    "weight": "15 g",
    "color": "brown",
    "symbol": "0",
    "name": "hairball",
    "name_plural": "hairballs",
    "description": "A big, ugly ball of animal spit and licked-off hairs.  Don't swallow it.",
    "price": 0,
    "flags": [ "TRADER_AVOID", "EDIBLE_FROZEN" ],
    "fun": -20
  },
  {
    "id": "meat_dragon",
    "type": "COMESTIBLE",
    "copy-from": "meat",
    "name": "dragon meat",
    "name_plural": "dragon meat",
    "description": "The meat from a slain dragon.  It does not seem to respond to cooking the same way as other meat, making it obvious that it still retains some magical properties.",
    "parasites": 0
  },
  {
    "id": "scream_mush",
    "type": "COMESTIBLE",
    "copy-from": "mushroom",
    "name": "scream mushroom",
    "description": "The mushrooms harvested from a dead shrieker.  Could be used in potions.",
    "price": 1400
  },
  {
    "id": "purified_meat",
    "type": "COMESTIBLE",
    "flags": "NUTRIENT_OVERRIDE",
    "copy-from": "meat",
    "name": "purified meat",
    "description": "Indistinguishable from pre-Cataclysm lab grown beef.  It should be excellent but somehow it's just edible.",
    "price": 400
  },
  {
    "id": "impure_meat",
    "type": "COMESTIBLE",
    "flags": "NUTRIENT_OVERRIDE",
    "copy-from": "mutant_meat",
    "name": "impure meat",
    "description": "Not as tainted as previously and tastes like the real thing.  You do not want to cook this for your friends, though if you do they won't know the difference for a while.",
    "price": 100
  }
]
