[
  {
    "type": "AMMO",
    "id": "dragon_blood",
    "name": "dragon blood",
    "name_plural": "dragon blood",
    "weight": "2 g",
    "color": "red",
    "container": "flask_glass",
    "symbol": "~",
    "description": "Blood of a dragon, it radiates warmth and looking at it you see moving patterns form and disappear in it as if looking at an actual fire.",
    "price": 100000,
    "material": "flesh",
    "volume": "1 ml",
    "phase": "liquid",
    "category": "fuel",
    "ammo_type": "dragon_blood",
    "damage": 5,
    "range": 4,
    "pierce": 5,
    "effects": [ "FLAME", "STREAM", "INCENDIARY", "NEVER_MISFIRES" ],
    "fuel": {
      "energy": 50,
      "explosion_data": { "chance_hot": 20, "chance_cold": 1000, "factor": 0.2, "fiery": true, "size_factor": 0.1 }
    }
  },
  {
    "type": "AMMO",
    "id": "tainted_blood",
    "name": "tainted blood",
    "name_plural": "tainted blood",
    "weight": "2 g",
    "color": "black",
    "container": "flask_glass",
    "symbol": "~",
    "description": "Blood from a blob corrupted creature.  The surface of this black sluge ondulate slowy as if agitated by a soft breeze.",
    "price": 0,
    "material": "flesh",
    "volume": "1 ml",
    "phase": "liquid",
    "category": "fuel",
    "ammo_type": "tainted_blood",
    "fuel": { "energy": 5 }
  },
  {
    "type": "AMMO",
    "id": "blood",
    "name": "blood",
    "name_plural": "blood",
    "weight": "265 g",
    "color": "red",
    "container": "flask_glass",
    "symbol": "~",
    "description": "Blood, possibly that of a human.  Disgusting!",
    "price": 0,
    "material": "hflesh",
    "volume": "250 ml",
    "phase": "liquid",
    "category": "fuel",
    "ammo_type": "blood",
    "fuel": { "energy": 1 }
  }
]
