[
  {
    "id": "storm_mark_greater",
    "type": "TOOL",
    "symbol": "h",
    "color": "light_gray",
    "name": "风暴银徽",
    "description": "元素长老不想说话，并朝你丢了一枚银质徽章，上有山铜岚纹。“疗养？”（风元素语）",
    "volume": "5ml",
    "weight": "1 g",
    "material": [ "silver", "orichalcum_metal" ],
    "flags": [ "TRADER_AVOID" ]
  },
  {
    "id": "storm_mark_m",
    "type": "TOOL",
    "symbol": "z",
    "color": "light_blue",
    "name": "风暴纹章",
    "description": "你从风元素手里接过石片，上面金属岚纹含义似乎是，呃，“实习”？还有一个类似贵族纹章的图案。“你们领主可真会玩儿。”",
    "volume": "5ml",
    "weight": "1 g",
    "material": [ "stone", "steel" ],
    "flags": [ "TRADER_AVOID" ]
  },
  {
    "id": "storm_mark_lesser",
    "type": "TOOL",
    "symbol": "w",
    "color": "light_blue",
    "name": "风暴印记",
    "description": "响应召唤的风之子总是带着这种小石片，上面的岚纹含义似乎是“儿童”“托管”……？！",
    "volume": "5ml",
    "weight": "1 g",
    "material": "stone",
    "flags": [ "TRADER_AVOID" ]
  }
]
