[
  {
    "id": "storm_sceptre",
    "type": "TOOL",
    "name": "风暴权杖",
    "description": "自然大道万千，你选择风暴之路。“风在吼，树在啸，自然在咆哮。执此杖者身居中路掌握雷霆。”",
    "symbol": "/",
    "price": 160000,
    "material": [ "wood", "leather", "gold", "orichalcum_metal" ],
    "initial_charges": 24,
    "max_charges": 24,
    "charges_per_use": 8,
    "artifact_data": { "effects_activated": ["AEA_STORM"], "charge_type": "ARTC_SOLAR", "effects_wielded": ["AEP_RESIST_ELECTRICITY"] },
    "flags": [ "MAGIC_FOCUS", "HYGROMETER", "BAROMETER" ],
    "techniques": [ "WBLOCK_2" ],
    "weight": "1700 g",
    "bashing": 30,
    "use_action": [ { "type": "cast_spell", "spell_id": "lightning_storm", "no_fail": true, "level": 15, "need_wielding": true }, "WEATHER_TOOL", "ARTIFACT" ],
    "relic_data": { "passive_effects": [ { "has": "WIELD", "condition": "ALWAYS", "hit_you_effect": [ { "id": "sto_sce_effect" } ] } ] }
  },
  {
    "id": "mjolnir",
    "copy-from": "warhammer",
    "type": "GENERIC",
    "name": "Mjölnir",
    "description": "Mjölnir, the legendary hammer of Thor.  It is rumored to be able to level mountains with a single blow.  You feel the power of Asgard coursing through the hammer.",
    "weight": "1731 g",
    "color": "light_gray",
    "material": [ "orichalcum_metal", "wood", "gold" ],
    "techniques": [ "WBLOCK_2", "BRUTAL" ],
    "volume": "3750 ml",
    "bashing": 45,
    "price": 200000
  },
  {
    "id": "gungnir",
    "copy-from": "spear_steel",
    "type": "TOOL",
    "category": "weapons",
    "name": "Gungnir",
    "description": "Gungnir, the spear of Odin.  It is rumored to be the perfect spear, perfectly hitting any target regardless of the wielder's strength or skill.  If feels like Odin's protecting you.",
    "weight": "1854 g",
    "material": [ "orichalcum_metal", "wood", "gold" ],
    "techniques": [ "WBLOCK_1", "IMPALE", "SWEEP" ],
    "volume": "3250 ml",
    "bashing": 10,
    "cutting": 35,
    "price": 200000,
    "flags": [ "DURABLE_MELEE", "SPEAR", "REACH_ATTACK", "NONCONDUCTIVE", "SHEATH_SPEAR", "NO_UNLOAD" ],
    "initial_charges": 0,
    "max_charges": 36,
    "charges_per_use": 9,
    "ammo": [ "holy_en" ],
    "use_action": { "type": "cast_spell", "spell_id": "god_certain_hit", "no_fail": true, "level": 1, "need_wielding": true }
  },
  {
    "id": "god_certain_hit",
    "type": "SPELL",
    "name": "冈格尼尔·必中宣言",
    "description": "只是gungnir的附带法术。",
    "valid_targets": [ "ally", "hostile" ],
    "effect": "projectile_attack",
    "flags": [ "VERBAL", "NO_HANDS", "LOUD", "RANDOM_DAMAGE" ],
    "difficulty": 1, "base_casting_time": 50, "max_level": 1,
    "min_damage": 120, "max_damage": 150,
    "damage_type": "none",
    "min_range": 30, "max_range": 30,
    "extra_effects": [ { "id": "god_certain_hit_ef1" }, { "id": "god_certain_hit_ef2", "hit_self": true } ]
  },
  {
    "id": "god_certain_hit_ef1",
    "type": "SPELL",
    "name": "必中宣言·地面效果",
    "description": "只是冈格尼尔·必中宣言的附属法术。",
    "valid_targets": [ "hostile", "ground", "self", "ally" ],
    "effect": "projectile_attack",
    "flags": [ "SOMATIC", "NO_LEGS" ],
    "difficulty": 1, "max_level": 1,
    "base_casting_time": 100,
    "min_damage": 0, "max_damage": 0,
    "min_aoe": 2, "max_aoe": 2,
    "min_range": 30, "max_range": 30,
    "field_id": "fd_electricity", "field_chance": 2,
    "min_field_intensity": 1, "max_field_intensity": 3,
    "field_intensity_increment": 0.1, "field_intensity_variance": 0.5
  },
  {
    "id": "god_certain_hit_ef2",
    "type": "SPELL",
    "name": "必中宣言·效果",
    "description": "只是冈格尼尔·必中宣言的附属法术。",
    "valid_targets": [ "self" ],
    "effect": "target_attack", "effect_str": "gch_boost",
    "base_casting_time": 100,
    "difficulty": 1, "max_level": 1,
    "flags": [ "SILENT" ],
    "min_duration": 300, "max_duration": 300
  },
  {
    "id": "gram",
    "copy-from": "jian",
    "type": "GENERIC",
    "name": "Gram",
    "description": "Gram, the sword of Sigurd.  It is rumored to be the sword that slayed the legendary dragon, Fafnir.  Once said to have cleaved Regin's anvil in half, the edge is impeccable.",
    "weight": "1132 g",
    "material": [ "orichalcum_metal", "steel", "leather" ],
    "techniques": [ "WBLOCK_2", "PRECISE", "VORPAL" ],
    "volume": "2500 ml",
    "cutting": 45,
    "price": 200000
  },
  {
    "id": "laevateinn",
    "copy-from": "i_staff",
    "type": "TOOL",
    "category": "weapons",
    "name": "Laevateinn",
    "description": "Laevateinn, the staff of Loki.  Said to have been plucked from the gates of Hel by Loki.  Imbued with a mysterious magic, the magic of the trickster god himself.",
    "price": 160000,
    "material": [ "steel", "gold", "orichalcum_metal" ],
    "flags": [ "MAGIC_FOCUS", "NO_UNLOAD" ],
    "techniques": [ "WBLOCK_2", "SPIN", "RAPID", "SWEEP" ],
    "weight": "1860 g",
    "bashing": 20,
    "cutting": 35,
    "initial_charges": 0,
    "max_charges": 9,
    "charges_per_use": 1,
    "ammo": [ "dark_en" ],
    "use_action": { "type": "cast_spell", "spell_id": "ethereal_grasp", "no_fail": true, "level": 15, "need_wielding": true }
  }
]
