[
  {
    "id": "cauldron_demon_chitin",
    "type": "CONTAINER",
    "category": "other",
    "name": { "str": "cauldron of purification", "str_pl": "cauldrons of purification" },
    "description": "This cauldron made of demon spider chitin seems to absorb the light.  It will hold 16 liters of material and will absorb poisons from it.  It may have other properties that require discovery.",
    "weight": "1424 g",
    "volume": "20 L",
    "price": 2000,
    "to_hit": -1,
    "looks_like": "clay_hydria",
    "bashing": 1,
    "material": "demon_chitin",
    "symbol": ")",
    "color": "red",
    "contains": "16 L",
    "//": "I went ahead and gave this a level of 2 for when magical mutagens become a thing as I figured dragonblood for instance should need different tools than making alpha mutagen.",
    "watertight": true,
    "qualities": [ [ "COOK", 3 ], [ "BOIL", 2 ], [ "CONTAIN", 1 ], [ "MAGIC_MUTAGEN", 2 ] ],
    "use_action": "HEAT_FOOD"
  }
]
