[
  {
    "type": "vehicle_part",
    "id": "bulette_plate",
    "name": "bulette plating",
    "symbol": ")",
    "color": "light_gray",
    "broken_symbol": ")",
    "broken_color": "light_gray",
    "durability": 800,
    "item": "bulette_plate",
    "location": "armor",
    "flags": [ "ARMOR" ],
    "breaks_into": [ { "item": "leather", "count": [ 1, 2 ] } ],
    "damage_reduction": { "all": 12 },
    "requirements": { "install": { "skills": [ [ "mechanics", 0 ] ], "time": "1600 s", "using": [ [ "rope_natural", 2 ] ] } }
  }
]
