[
 {
		"type" : "recipe",
		"result" : "WXKJ_ll_water",
		"category" : "CC_无限商店",
		"subcategory": "CSC_无限商店_术法",
    "time": 60000,
    "reversible": false,
    "autolearn": true,
    "flags": ["BLIND_EASY"],
    "skill_used" : "WX_SKILL-XXTF",
    "difficulty": 1,
    "skills_required": [ "WX_SKILL-LQ", 2 ],
    "book_learn" : [ ["slydfj_01",1] ],
    "components": [
      [
      [ "water", 10 ],
      [ "water_sewage", 20 ],
      [ "salt_water", 15 ],
      [ "water_clean", 10 ],    
      [ "WXKJ_resoure_LQ", 1 ]   
      ]  
    ]
  }
]

  



