[
  {
    "type": "mapgen",
    "method": "json",
    "om_terrain": [ "YS_mj_00" ],
    "object": {
      "fill_ter": "t_grass",
      "rows": [
        "aaaaaaaaaaaaaaaaaaaaaaaa",   
        "aaaaaaaaaaaaaaaaaaaaaaaa",     
        "aaaaaaaaaaaaaaaaaaaaaaaa",
        "aaaaaaaaaaaaaaaaaaaaaaaa",
        "aaaaaaaaaaaaaaaaaaaaaaaa",
        "aaaaaaaaaaaaaaaaaaaaaaaa",   
        "aaaaaaaaaaaaaaaaaaaaaaaa",     
        "aaaaaaaaaaaaaaaaaaaaaaaa",
        "aaaaaaaaaaaaaaaaaaaaaaaa",
        "aaaaaaaaaaaaaaaaaaaaaaaa",
        "aaaaaaaaaaaaaaaaaaaaaaaa",   
        "aaaaaaaaaaaaaaaaaaaaaaaa",     
        "aaaaaaaaaaaaaaaaaaaaaaaa",
        "aaaaaaaaaaaaaaaaaaaaaaaa",
        "aaaaaaaaaaaaaaaaaaaaaaaa",
        "aaaaaaaaaaaaaaaaaaaaaaaa",   
        "aaaaaaaaaaaaaaaaaaaaaaaa",     
        "aaaaaaaaaaaaaaaaaaaaaaaa",
        "aaaaaaaaaaaaaaaaaaaaaaaa",
        "aaaaaaaaaaaaaaaaaaaaaaaa",
        "aaaaaaaaaaaaaaaaaaaaaaaa",     
        "aaaaaaaaaaaaaaaaaaaaaaaa",
        "aaaaaaaaaaaaaaaaaaaaaaaa",
        "aaaaaaaaaaaaaaaaaaaaaaaa"
     
      ],
      "terrain": {
        "a": "t_mj_ys",
        "f": "t_window"
      },
      "furniture": { "g": "f_table", "h": "f_chair", "i": "f_sandbag_half", "j": "f_standing_tank" }
    }
  },
  {
        "type" : "overmap_terrain",
        "id" : "YS_mj_00",
        "name" : "魔晶原石矿",
        "sym" : 66,
        "color" : "green",
        "see_cost" : 5,
        "extras": "build",
        "flags": [ "NO_ROTATE" ]
    }
    
 
    
    
    
]