[
  {
    "type": "ter_furn_transform",
    "id": "mag_star_fall_hole",
    "terrain": [ 
        { "result": "t_open_air", "valid_flags": [ "TRANSPARENT" ] },
        { "result": "t_open_air", "valid_flags": [ "TREE" ] },
        { "result": "t_open_air", "valid_flags": [ "WALL" ] }
     ]
  },
  {
    "type": "ter_furn_transform",
    "id": "bio_bone_ladder",
    "furniture": [ { "result": "f_bone_ladder", "valid_furniture": [ "f_null" ] } ]
  },
  {
    "type": "ter_furn_transform",
    "id": "tech_sp_re",
    "furniture": [ { "result": "f_space_recycler", "valid_furniture": [ "f_null" ] } ]
  },
  {
    "type": "ter_furn_transform",
    "id": "Kl_enf_door",
    "furniture": [ { "result": "f_Kl_volcano", "valid_furniture": [ "f_null" ] } ]
  },
  {
    "type": "ter_furn_transform",
    "id": "earth_mud_pool",
    "terrain": [ { "result": "t_mud_pool", "valid_flags": [ "DIGGABLE", "FLAT" ] }, { "result": "t_sand_flowing", "valid_terrain": [ "t_mud_pool" ] } ]
  },
  {
    "type": "ter_furn_transform",
    "id": "earth_arena_pillar",
    "terrain": [ { "result": "t_wall_earth", "valid_flags": [ "DIGGABLE" ] }, { "result": "t_mud", "valid_terrain": [ "t_wall_earth" ] } ]
  },
  {
    "type": "ter_furn_transform",
    "id": "earth_flat",
    "terrain": [ { "result": "t_mud", "valid_flags": [ "DIGGABLE" ] } ]
  },
  {
    "type": "ter_furn_transform",
    "id": "earth_flat_dirt",
    "furniture": [ { "result": "f_null", "valid_flags": [ "TRANSPARENT" ] } ]
  },
  {
    "type": "ter_furn_transform",
    "id": "temporary_transdoor",
    "furniture": [ { "result": "f_temporary_transdoor", "valid_furniture": [ "f_null" ] } ]
  },
  {
    "type": "ter_furn_transform",
    "id": "natural_angry",
    "fail_message": "这片土地无法联系自然之力。",
    "terrain": [
      { "result": "t_water_sh",
        "valid_terrain": [ "t_pit", "t_slope_down", "t_pit_corpsed", "t_pit_covered", "t_pit_glass", "t_pit_glass_covered", "t_pit_spiked", "t_pit_spiked_covered", "t_rootcellar", "t_pit_shallow", "t_golf_hole" ], "message": "浅者为泉。" },
      { "result": "t_water_dp", "valid_terrain": [ "t_hole" ], "message": "深者为渊。" },
      { "result": "t_tree", "valid_terrain": [ "t_tree_young", "t_root_wall" ], "message": "树界降临。" },
      { "result": "t_mud",
        "valid_terrain": [ "t_grave", "t_dirt", "t_sand", "t_clay", "t_dirtmound", "t_dirtfloor", "t_sandbox", "t_dirt_barren", "t_searth_test" ], "message": "沃土遍野。" },
      { "result": "t_tree_young",
        "valid_terrain": [
          "t_grass", "t_grass_long", "t_grass_tall", "t_grass_dead", "t_grass_white",
          "t_trunk", "t_stump", "t_grass_golf", "t_fern", "t_fern_harvested",
          "t_wall_wood", "t_wall_wood_chipped", "t_wall_wood_broken",
          "t_wall_log", "t_wall_log_chipped", "t_wall_log_broken", "t_wall_log_half",
          "t_palisade", "t_wall_wattle", "t_wall_wattle_broken", "t_wall_wattle_half", "t_tree_burnt" ],
        "message": "树界降临。" },
      { "result": "t_grass", "valid_terrain": [ "t_mud", "t_moss", "t_woodchips", "t_tree_dead" ], "message": "草木葳蕤。" },
      { "result": "t_tree_burnt", "valid_terrain": [ "t_webbed_corpse", "t_demon_web_wall" ], "message": "自然轮回。" },
      { "result": "t_tree_dead", "valid_terrain": [ "t_tree" ], "message": "自然轮回。" },
      { "result": "t_mud", "valid_terrain": [ "t_rock" ], "message": "沃土遍野。" },
      { "result": "t_tree", "valid_flags": [ "SHRUB" ], "message": "树界降临。" },
      { "result": "t_mud", "valid_flags": [ "FUNGUS" ], "message": "沃土遍野。" }
    ],
    "furniture": [ { "result": "f_leaves_pile", "valid_flags": [ "FUNGUS" ], "message": "叶落归根。" } ]
  },
  {
    "type": "ter_furn_transform",
    "id": "tiny_forest",
    "terrain": [ { "result": "t_underbrush", "valid_flags": [ "DIGGABLE", "FLAT" ], "message": "地上长出一丛灌木。" } ]
  },
  {
    "type": "ter_furn_transform",
    "id": "natural_spring",
    "terrain": [ { "result": "t_water_sh", "valid_flags": [ "SHRUB" ], "message": "灌木根部涌出清泉。" } ]
  },
  {
    "type": "ter_furn_transform",
    "id": "g_purify",
    "terrain": [ { "result": "t_water_sh", "valid_flags": [ "FUNGUS" ], "message": "真菌消失，清水泉涌。" } ],
    "furniture": [ { "result": "f_lily", "valid_flags": [ "FUNGUS" ], "message": "真菌消失，百合盛开。" } ]
  },
  {
    "type": "ter_furn_transform",
    "id": "holy_telep",
    "terrain": [ { "result": "t_holy_teletrap", "valid_flags": [ "DIGGABLE", "FLAT" ] } ]
  },
  {
    "type": "ter_furn_transform",
    "id": "move_earth",
    "fail_message": "The earth here does not listen to your command to move.",
    "terrain": [
      { "result": "t_hole", "valid_terrain": [ "t_pit", "t_slope_down" ], "message": "The pit has deepened further." },
      {
        "result": "t_pit",
        "valid_terrain": [
          "t_pit_corpsed",
          "t_pit_covered",
          "t_pit_glass",
          "t_pit_glass_covered",
          "t_pit_spiked",
          "t_pit_spiked_covered",
          "t_rootcellar",
          "t_pit_shallow"
        ],
        "message": "More debris shifts out of the pit."
      },
      {
        "result": "t_pit_shallow",
        "valid_terrain": [
          "t_grave",
          "t_dirt",
          "t_sand",
          "t_clay",
          "t_dirtmound",
          "t_grass",
          "t_grass_long",
          "t_grass_tall",
          "t_grass_dead",
          "t_grass_white",
          "t_dirtfloor",
          "t_fungus_floor_in",
          "t_fungus_floor_sup",
          "t_fungus_floor_out",
          "t_sandbox"
        ],
        "message": "The earth moves out of the way for you."
      },
      {
        "result": "t_sand",
        "valid_terrain": [
          "t_pavement",
          "t_pavement_y",
          "t_sidewalk",
          "t_concrete",
          "t_thconc_floor",
          "t_thconc_floor_olight",
          "t_strconc_floor",
          "t_floor",
          "t_floor_waxed",
          "t_carpet_red",
          "t_carpet_yellow",
          "t_carpet_purple",
          "t_carpet_green",
          "t_linoleum_white",
          "t_linoleum_gray",
          "t_slope_up",
          "t_rock_red",
          "t_rock_blue",
          "t_floor_red",
          "t_floor_green",
          "t_floor_blue",
          "t_pavement_bg_dp",
          "t_pavement_y_bg_dp",
          "t_sidewalk_bg_dp"
        ],
        "message": "The rocks here are ground into sand."
      },
      { "result": "t_rock_floor", "valid_terrain": [ "t_rock" ], "message": "The rock crumbles to dust." },
      {
        "result": "t_hole",
        "valid_terrain": [ "t_null" ],
        "message": "All the dust in the air here falls to the ground.",
        "message_good": false
      }
    ]
  },
  {
    "type": "ter_furn_transform",
    "id": "fungicide",
    "terrain": [ { "result": "t_dirt_barren", "valid_flags": [ "FUNGUS" ], "message": "The fungus here dies back." } ],
    "furniture": [ { "result": "f_null", "valid_flags": [ "FUNGUS" ], "message": "The fungus here dies back." } ]
  },
  {
    "type": "ter_furn_transform",
    "id": "lava_bomb",
    "terrain": [ { "result": "t_lava", "valid_flags": [ "DIGGABLE" ] } ]
  },
  {
    "type": "ter_furn_transform",
    "id": "earthshaper_pillar",
    "//": "Furniture alteration has to be able to reasonably check for most intervening furniture and remove it.",
    "terrain": [
      {
        "result": "t_rock_smooth",
        "valid_flags": [ "DIGGABLE", "FLAT" ],
        "message": "The ground shakes, a section of unnaturally smooth stone wall rising up."
      }
    ],
    "furniture": [ { "result": "f_null", "valid_flags": [ "TRANSPARENT", "WALL" ] } ]
  },
  {
    "type": "ter_furn_transform",
    "id": "druidic_renewal",
    "//": "TODO: Update the birch and willow transformations if they ever make those trees behave consistent relative to blackjack oak and pine.",
    "terrain": [
      {
        "result": [ [ "t_tree_blackjack_harvested", 10 ], [ "t_tree_harvested", 90 ] ],
        "valid_terrain": [ "t_tree_dead" ],
        "message": "The dead tree regrows."
      },
      {
        "result": "t_tree_pine_harvested",
        "valid_terrain": [ "t_tree_deadpine" ],
        "message": "The dead tree regrows."
      },
      {
        "result": "t_tree_hickory_harvested",
        "valid_terrain": [ "t_tree_hickory_dead" ],
        "message": "The dead tree regrows."
      },
      { "result": "t_tree_birch", "valid_terrain": [ "t_tree_birch_harvested" ], "message": "The dead tree regrows." },
      {
        "result": "t_tree_willow",
        "valid_terrain": [ "t_tree_willow_harvested" ],
        "message": "The dead tree regrows."
      },
      {
        "result": "t_grass",
        "valid_terrain": [ "t_grass_dead" ],
        "message": "Life springs anew from the dead grass."
      }
    ]
  }
]
