[
  {
    "type": "GUNMOD",
    "id": "aux_flamer_diesel",
    "name": "下挂式柴油火焰喷射器",
    "location": "underbarrel",
    "weight": 1820,
    "color": "light_red",
    "to_hit": -1,
    "dispersion_modifier": 30,
    "price": 85000,
    "description": "一个下挂式柴油火焰喷射器",
    "symbol": ":",
    "material": [ "steel" ],
    "volume": 4,
    "mod_targets": [ "rifle", "shotgun", "smg", "crossbow" ],
    "bashing": 2,
    "flags": [ "FIRE_100" ],
    "gun_data": {
      "skill": "launcher",
      "ammo": "diesel",
      "clip_size": 400,
      "dispersion": 300,
      "aim_speed": 0,
      "//": "Fix when normal aux fixed",
      "sight_dispersion": 0,
      "recoil": 0,
      "durability": 8,
      "reload": 100
    },
    "skill_required": 2,
    "skill": "shotgun"
  },
  {
    "type": "GUNMOD",
    "id": "22aux",
    "name": "下挂式.22手枪",
    "//": "Wanted to add a way to allow stand alone fire but never figured it out...",
    "location": "underbarrel",
    "weight": 1020,
    "color": "dark_gray",
    "to_hit": -1,
    "dispersion_modifier": 10,
    "price": 12000,
    "description": "一个下挂式.22手枪，弹容量30。",
    "symbol": ":",
    "material": [ "steel", "plastic" ],
    "volume": 2,
    "mod_targets": [ "rifle", "crossbow", "smg" ],
    "bashing": 2,
    "gun_data": {
      "skill": "pistol",
      "ammo": "22",
      "clip_size": 30,
      "dispersion": 80,
      "aim_speed": 2,
      "sight_dispersion": 0,
      "recoil": 100,
      "durability": 8,
      "reload": 100
    },
    "skill_required": 2,
    "skill": "pistol"
  },
  {
    "type": "GUNMOD",
    "id": "9mmaux",
    "name": "下挂式9mm手枪",
    "location": "underbarrel",
    "weight": 1020,
    "color": "dark_gray",
    "to_hit": -1,
    "dispersion_modifier": 10,
    "price": 12000,
    "description": "一个下挂式9mm手枪，弹容量18发。",
    "symbol": ":",
    "material": [ "steel", "plastic" ],
    "volume": 2,
    "mod_targets": [ "rifle", "crossbow", "smg" ],
    "bashing": 2,
    "gun_data": {
      "skill": "pistol",
      "ammo": "9mm",
      "clip_size": 18,
      "dispersion": 80,
      "aim_speed": 2,
      "sight_dispersion": 0,
      "recoil": 100,
      "durability": 8,
      "reload": 100
    },
    "skill_required": 2,
    "skill": "pistol"
  },
  {
    "type": "GUNMOD",
    "id": "45aux",
    "name": "下挂式.45手枪",
    "location": "underbarrel",
    "weight": 1020,
    "color": "dark_gray",
    "to_hit": -1,
    "dispersion_modifier": 10,
    "price": 12000,
    "description": "一个下挂式.45手枪，弹容量12发。",
    "symbol": ":",
    "material": [ "steel", "plastic" ],
    "volume": 2,
    "mod_targets": [ "rifle", "crossbow", "smg" ],
    "bashing": 2,
    "gun_data": {
      "skill": "pistol",
      "ammo": "45",
      "clip_size": 12,
      "dispersion": 80,
      "aim_speed": 2,
      "sight_dispersion": 0,
      "recoil": 100,
      "durability": 8,
      "reload": 100
    },
    "skill_required": 2,
    "skill": "pistol"
  },
  {
    "type": "GUNMOD",
    "id": "surv_laser_sight",
    "name": "幸存者激光瞄准器",
    "location": "sights",
    "sight_dispersion": 50,
    "aim_speed": 8,
    "description": "用于最大限度捕获目标而制作的瞄准具，它由一个小的红点瞄准器构成，发射出一个激光束在它的目标上。视线内的十字线允许适当的瞄准，而激光束允许快速的瞄准目标。",
    "weight": 150,
    "to_hit": -1,
    "color": "dark_gray",
    "symbol": ":",
    "material": [ "plastic", "steel" ],
    "mod_targets": [ "smg", "rifle", "pistol", "shotgun", "crossbow", "bow", "launcher" ],
    "volume": 1,
    "price": 85000,
    "skill_required": 3,
    "flags": [ "DISABLE_SIGHTS" ]
  },
  {
    "type": "GUNMOD",
    "id": "lmg_handle",
    "name": "轻机枪把手",
    "//": "Unique to my LMGs!",
    "location": "carry handle",
    "dispersion_modifier": 20,
    "sight_dispersion": 60,
    "aim_speed": 7,
    "recoil_modifier": 20,
    "description": "有助于腰射的轻机枪把手，降低瞄准时间和视线分散，但增加后坐力和散布。",
    "weight": 120,
    "to_hit": -1,
    "color": "dark_gray",
    "symbol": ":",
    "material": [ "plastic", "steel" ],
    "mod_targets": [ "rifle" ],
    "volume": 0,
    "price": 0
  }
]
