[
	{
		"type" : "recipe",
		"result": "bearing",
		"id_suffix": "from element steel",	
		"category": "CC_AMMO",
		"subcategory": "CSC_AMMO_OTHER",
		"skill_used": "fabrication",		
		"skills_required": [["GS_int",6],["fabrication",4]],
		"difficulty": 0,
		"time": 3000,
		"book_learn" : [[ "GS_book_alchemy3",0]],
		"tools": [
			[
			  [ "surface_heat", 25, "LIST" ]
			]
		],
		"components":
		[
			[
			 [ "element_steel", 1 ]
			]
		]
	},{
		"type" : "recipe",
		"result": "combatnail",
		"id_suffix": "from element steel",	
		"category": "CC_AMMO",
		"subcategory": "CSC_AMMO_OTHER",
		"skill_used": "fabrication",		
		"skills_required": [["GS_int",6],["fabrication",4]],
		"difficulty": 0,
		"time": 15000,
		"book_learn" : [[ "GS_book_alchemy3",0]],
		"tools": [
			[
			  [ "surface_heat", 50, "LIST" ]
			]
		],
	    "qualities":[
			{"id":"HAMMER","level":3}
			],
		"components":
		[
			[
			 [ "element_steel", 1 ]
			]
		]
	}
]