[
{
        "type" : "terrain",
        "id" : "t_9_dirt",
        "name": "“九天息壤",
        "description": "息土,又名九天息壤, 乃是女娲造人时所用的神士.",
        "symbol": ".",
        "color": "brown",
        "move_cost": 2,
        "flags": ["TRANSPARENT", "DIGGABLE", "FLAT"],
        "bash": {
                "sound": "thump",
                "ter_set": "t_null",
                "str_min": 50,
                "str_max": 100,
                "str_min_supported": 100,
                "bash_below": true
        }
    }
    ]
    
    