[
  {
    "type": "mapgen",
    "method": "json",
    "om_terrain": [ "s_garage" ],
    "weight": 10000,
    "object": {
      "fill_ter": "t_floor",
      "rows": [
        "   ::::::::::;:::::::::/",
        "   ::::::::::;:::::::::/",
        "   ::::::::::;:::::::::/",
        "   ::::::::::;:::::::::/",
        "   :e::::::::;e::::::::/",
        " ||||========||======||/",
        " |c.e.........e.......|/",
        " |c...................|/",
        " |c...................|/",
        " |c...................|/",
        " |c...................|/",
        " |c...................|/",
        " |c...................|/",
        " |....................|/",
        " ||||.................|/",
        " |..|............HHHHH|/",
        " |..|............H.bbb|/",
        " |..*............H....|/",
        " |..|............$.6b.+/",
        " |..|ccccccccccccH.LLL| ",
        " |||||xxxxxx||||||||||| ",
        "                        ",
        "                        ",
        "                        "
      ],
      "terrain": {
        " ": [ "t_grass", "t_grass", "t_grass", "t_dirt" ],
        ":": "t_pavement",
        ";": "t_pavement_y",
        "/": "t_sidewalk",
        "e": "t_gates_mech_control",
        "=": "t_door_metal_locked",
        "+": "t_door_c",
        "*": "t_door_frame",
        "H": "t_wall_glass",
        "$": "t_door_glass_c",
        "6": "t_console_broken",
        ".": "t_floor",
        "x": "t_window",
        "|": "t_wall"
      },
      "furniture": { "c": "f_counter", "b": "f_bench", "L": "f_locker" },
      "items": { "c": { "item": "mechanics", "chance": 30 }, "L": { "item": "clothing_work_set", "chance": 45 } },
      "place_vehicles": [
        { "vehicle": "garage", "x": [ 10, 11 ], "y": [ 16, 18 ], "chance": 25, "rotation": 0 },
        { "vehicle": "garage", "x": [ 10, 11 ], "y": [ 6, 8 ], "chance": 25, "rotation": 0 }
      ]
    }
  }
]
