[
{
		"type" : "ammunition_type",
		"id" : "wxkj_qy_type",
		"name" : "契约",
		"default" : "wxkj_ol_jyqy_1"	
	},{
		"type" : "AMMO",
		"id" : "wxkj_ol_jyqy_1",
		"category" : "wxkj_ts",
		"name" : "交易契约:卖方",
		"name_plural" : "交易契约:卖方",
		"symbol" : "'",
		"color" : "blue",
		"material": "paper",
		"description" : "用于保证双方进行公平公正交易的契约.",
		"ammo_type" : "wxkj_qy_type"
	},{
		"type" : "AMMO",
		"id" : "wxkj_ol_jyqy_2",
		"category" : "wxkj_ts",
		"name" : "交易契约:买方",
		"name_plural" : "交易契约:买方",
		"symbol" : "'",
		"color" : "blue",
		"material": "paper",
		"description" : "用于保证双方进行公平公正交易的契约.",
		"ammo_type" : "wxkj_qy_type"
	}
]