[
 {
		"type" : "recipe",
		"result" : "mcwy_milk_change",
	    "id_suffix": "from_part",
		"result_mult": 1,
		"category" : "CC_无限商店",
		"subcategory": "CSC_无限商店_道具",
    "time": 100,
    "qualities": [ { "id": "INTERNET", "level": 1 } ],
    "reversible": false,
    "autolearn": true,
    "flags": ["BLIND_EASY"],
    "components": [
      [ [ "cable", 20 ] ],
      [ [ "autoclave", 1 ] ],
      [ [ "microcentrifuge", 1 ] ],
      [ [ "test_tube_micro", 1 ] ]
      
    ]
  },
  {
		"type" : "recipe",
		"result" : "milk_change50",
	    "id_suffix": "from_milk",
		"result_mult": 1,
		"category" : "CC_无限商店",
		"subcategory": "CSC_无限商店_道具",
    "time": 100,
    "qualities": [ { "id": "INTERNET", "level": 1 } ],
    "reversible": false,
    "autolearn": true,
    "flags": ["BLIND_EASY"],
    "components": [
      [ [ "milk", 50 ] ],
      [ [ "mcwy_milk_change", 1 ] ]
    ]
  },
 {
		"type" : "recipe",
		"result" : "milk_change",
	    "id_suffix": "from_milk",
		"result_mult": 1,
		"category" : "CC_无限商店",
		"subcategory": "CSC_无限商店_道具",
    "time": 100,
    "qualities": [ { "id": "INTERNET", "level": 1 } ],
    "reversible": false,
    "autolearn": true,
    "flags": ["BLIND_EASY"],
    "components": [
      [ [ "milk", 100 ] ],
      [ [ "mcwy_milk_change", 1 ] ]
    ]
  },
    {
    "id": "mcwy_milk_change",
    "type": "TOOL",
    "name": "微型牛奶加工机",
    "description": "私人DIY而成的超小型牛奶加工装置，能够将牛奶加工成奶粉，不过过程中将产生一些损耗.",
    "weight": 76000,
    "volume": "38 L",
    "price": 5000,
    "to_hit": -3,
    "bashing": 5,
    "material": [ "steel" ],
    "symbol": "=",
    "color": "light_gray"    
  }, 
  	{
	    "type": "TOOL",
		"id": "mlik_change1",
		"name": "微型牛奶加工机(加工完成)",
		"description": "私人DIY而成的超小型牛奶加工装置，能够将牛奶加工成奶粉，不过过程中将产生一些损耗",
		"symbol": "&",
		"color": "brown",
		"material": ["steel"],
		"weight": 76000,
		"volume": "38 L",
 	"flags" : ["BELTED"]
	},{
		"type" : "uncraft",
		"result": "mlik_change1",
		"time": 100,
		"flags": ["BLIND_EASY"],	
		"components": 
		[
			[
		[ "milk_powder", 80 ]			
			],
			[
		[ "mcwy_milk_change", 1 ]		
			]
		]		
},
{
    "id": "milk_change",
    "type": "TOOL",
    "name": "微型牛奶加工机(加工中)",
    "description": "私人DIY而成的超小型牛奶加工装置，能够将牛奶加工成奶粉，不过过程中将产生一些损耗.此时正在加工100份的牛奶.",
    "weight": 76000,
    "volume": "38 L",
    "price": 10,    
    "material": [ "steel", "milk" ],
    "symbol": "%",
    "color": "white",
    "use_action": {
      "target": "mlik_change1",
      "msg": "奶粉加工完成.",
      "moves": 50,
      "type": "delayed_transform",
      "transform_age": 86400,
      "not_ready_msg": "牛奶还未加工完成."
    }
  },
  {
	    "type": "TOOL",
		"id": "mlik_change1_50",
		"name": "微型牛奶加工机(加工完成)",
		"description": "私人DIY而成的超小型牛奶加工装置，能够将牛奶加工成奶粉，不过过程中将产生一些损耗.",
		"symbol": "&",
		"color": "brown",
		"material": ["steel"],
		"weight": 76000,
		"volume": "38 L",
 	"flags" : ["BELTED"]
	},{
		"type" : "uncraft",
		"result": "mlik_change1_50",
		"time": 100,
		"flags": ["BLIND_EASY"],	
		"components": 
		[
			[
		[ "milk_powder", 40 ]			
			],
			[
		[ "mcwy_milk_change", 1 ]		
			]
		]		
},
{
    "id": "milk_change50",
    "type": "TOOL",
    "name": "微型牛奶加工机(加工中)",
    "description": "私人DIY而成的超小型牛奶加工装置，能够将牛奶加工成奶粉，不过过程中将产生一些损耗.此时正在加工50份的牛奶.",
    "weight": 76000,
    "volume": "38 L",
    "price": 10,    
    "material": [ "steel", "milk" ],
    "symbol": "%",
    "color": "white",
    "use_action": {
      "target": "mlik_change1",
      "msg": "奶粉加工完成.",
      "moves": 50,
      "type": "delayed_transform",
      "transform_age": 43200,
      "not_ready_msg": "牛奶还未加工完成."
    }
  }
  
]