[
  {
    "copy-from": "mring_silver",
    "type": "TOOL_ARMOR",
    "id": "mring_wind_lesser1",
    "name": "次级岚戒·微风",
    "description": "银色指环镶嵌两枚蓝宝石与一枚电气石，山铜勾勒出魔纹回路，戒面上镌刻了形态变换符文。这枚魔法戒指底材平凡，其中运用的锻造蚀刻手法却已达到了高阶附魔水准。",
    "material": [ "silver", "orichalcum_metal", "gemstone" ],
    "flags": [ "WATER_FRIENDLY", "ALLOWS_NATURAL_ATTACKS", "FANCY", "ONLY_ONE", "SKINTIGHT", "NO_UNLOAD" ],
    "initial_charges": 20,
    "max_charges": 50,
    "charges_per_use": 5,
    "ammo": [ "arcane_en" ],
    "use_action": [
           { "type": "cast_spell", "spell_id": "wind_blade", "no_fail": true, "level": 1, "need_worn": true },
           { "target": "mring_wind_lesser2", "msg": "你转动戒面。", "menu_text": "变换符文", "type": "transform" } ]
  },
  {
    "copy-from": "mring_silver",
    "type": "TOOL_ARMOR",
    "id": "mring_wind_lesser2",
    "name": "次级岚戒·疾风",
    "description": "银色指环镶嵌两枚蓝宝石与一枚电气石，山铜勾勒出魔纹回路，戒面上镌刻了形态变换符文。这枚魔法戒指底材平凡，其中运用的锻造蚀刻手法却已达到了高阶附魔水准。",
    "material": [ "silver", "orichalcum_metal", "gemstone" ],
    "flags": [ "WATER_FRIENDLY", "ALLOWS_NATURAL_ATTACKS", "FANCY", "ONLY_ONE", "SKINTIGHT", "NO_UNLOAD" ],
    "initial_charges": 50,
    "max_charges": 50,
    "charges_per_use": 10,
    "ammo": [ "arcane_en" ],
    "use_action": [
           { "type": "cast_spell", "spell_id": "wind_blade", "no_fail": true, "level": 10, "need_worn": true },
           { "target": "mring_wind_lesser3", "msg": "你转动戒面。", "menu_text": "变换符文", "type": "transform" } ]
  },
  {
    "copy-from": "mring_silver",
    "type": "TOOL_ARMOR",
    "id": "mring_wind_lesser3",
    "name": "次级岚戒·精灵",
    "description": "银色指环镶嵌两枚蓝宝石与一枚电气石，山铜勾勒出魔纹回路，戒面上镌刻了形态变换符文。这枚魔法戒指底材平凡，其中运用的锻造蚀刻手法却已达到了高阶附魔水准。",
    "material": [ "silver", "orichalcum_metal", "gemstone" ],
    "flags": [ "WATER_FRIENDLY", "ALLOWS_NATURAL_ATTACKS", "FANCY", "ONLY_ONE", "SKINTIGHT", "NO_UNLOAD" ],
    "initial_charges": 50,
    "max_charges": 50,
    "charges_per_use": 15,
    "ammo": [ "arcane_en" ],
    "use_action": [
           { "type": "cast_spell", "spell_id": "summon_winder_lesser", "no_fail": true, "level": 5, "need_worn": true },
           { "target": "mring_wind_lesser1", "msg": "你转动戒面。", "menu_text": "变换符文", "type": "transform" } ]
  },
  {
    "type": "TOOL_ARMOR",
    "id": "holy_rain_collar",
    "name": "圣雨徽记",
    "description": "你曾在某些高阶泛灵师身上见过类似的项链，圣徽表面的山铜细丝和雨滴状珍珠勾勒出大雨滂沱的抽象画面，其间有微弱圣光流转。",
    "weight": "9 g",
    "volume": 0,
    "price": 5000,
    "material": [ "gold", "orichalcum_metal", "gemstone" ],
    "symbol": "[",
    "color": "yellow",
    "coverage": 0,
    "warmth": 0,
    "flags": [ "WATER_FRIENDLY", "ALLOWS_NATURAL_ATTACKS", "FANCY", "ONLY_ONE", "SKINTIGHT", "NO_UNLOAD" ],
    "initial_charges": 50,
    "max_charges": 100,
    "charges_per_use": 20,
    "ammo": [ "holy_en" ],
    "use_action": { "type": "cast_spell", "spell_id": "animist_peace_rain", "no_fail": true, "level": 5, "need_worn": true, "menu_text": "沐浴圣光。" }
  },
  {
    "copy-from": "mring_silver",
    "type": "TOOL_ARMOR",
    "id": "mring_shadow_lesser",
    "name": "次级阴影之戒",
    "description": "银色指环上山铜魔纹回路勾连七枚钻石，魔法赋予它超凡灵光。这枚戒指的做工略显粗放，但依然是珍贵的中阶附魔首饰。",
    "material": [ "silver", "orichalcum_metal", "diamond" ],
    "flags": [ "WATER_FRIENDLY", "ALLOWS_NATURAL_ATTACKS", "FANCY", "ONLY_ONE", "SKINTIGHT", "NO_UNLOAD" ],
    "initial_charges": 50,
    "max_charges": 100,
    "charges_per_use": 30,
    "ammo": [ "dark_en" ],
    "use_action": { "type": "cast_spell", "spell_id": "invisibility", "no_fail": true, "level": 5, "need_worn": true, "menu_text": "遁入阴影。" }
  },
  {
    "copy-from": "mring_silver",
    "type": "TOOL_ARMOR",
    "id": "mring_shadow_greater",
    "name": "阴影之戒",
    "description": "银色指环上山铜魔纹回路勾连七枚钻石，魔法赋予它超凡灵光。这枚戒指的做工臻于完美，显然出自大师之手。",
    "material": [ "silver", "orichalcum_metal", "diamond" ],
    "flags": [ "WATER_FRIENDLY", "ALLOWS_NATURAL_ATTACKS", "FANCY", "ONLY_ONE", "SKINTIGHT", "NO_UNLOAD" ],
    "initial_charges": 100,
    "max_charges": 200,
    "charges_per_use": 30,
    "ammo": [ "dark_en" ],
    "use_action": { "type": "cast_spell", "spell_id": "illusion_body", "no_fail": true, "level": 20, "need_worn": true, "menu_text": "遁入阴影。" }
  },
  {
    "copy-from": "mring_silver",
    "type": "TOOL_ARMOR",
    "id": "mring_blades_greater",
    "name": "虹彩飞刃戒指",
    "name_plural": "rings of blades",
    "description": "银色指环上细密的山铜符文勾连五色宝石，魔法赋予它超凡灵光。这枚华丽的戒指能在手中召唤一个投刃力场和五枚随机元素飞刃。",
    "material": [ "silver", "orichalcum_metal", "diamond", "gemstone" ],
    "use_action": { "type": "cast_spell", "spell_id": "conj_throwing_blade2", "no_fail": true, "level": 1, "need_worn": true },
    "initial_charges": 10,
    "max_charges": 10,
    "charges_per_use": 2,
    "artifact_data": { "charge_type": "ARTC_TIME" }
  },
  {
    "abstract": "mring_copper",
    "type": "TOOL_ARMOR",
    "name": "copper magic ring",
    "description": "A generic copper magic ring.",
    "weight": "4 g",
    "volume": 0,
    "price": 5000,
    "material": [ "copper" ],
    "symbol": "[",
    "color": "light_red",
    "covers": [ "HAND_EITHER" ],
    "coverage": 0,
    "warmth": 0,
    "flags": [ "WATER_FRIENDLY", "ALLOWS_NATURAL_ATTACKS", "FANCY", "ONLY_ONE", "SKINTIGHT" ]
  },
  {
    "abstract": "mring_silver",
    "type": "TOOL_ARMOR",
    "name": "magic ring",
    "description": "A generic silver magic ring.",
    "weight": "5 g",
    "volume": 0,
    "price": 5000,
    "material": [ "silver" ],
    "symbol": "[",
    "color": "light_gray",
    "covers": [ "HAND_EITHER" ],
    "coverage": 0,
    "warmth": 0,
    "flags": [ "WATER_FRIENDLY", "ALLOWS_NATURAL_ATTACKS", "FANCY", "ONLY_ONE", "SKINTIGHT" ]
  },
  {
    "abstract": "mring_gold",
    "type": "TOOL_ARMOR",
    "name": "magic ring",
    "description": "A generic gold magic ring.",
    "weight": "9 g",
    "volume": 0,
    "price": 5000,
    "material": [ "gold" ],
    "symbol": "[",
    "color": "yellow",
    "covers": [ "HAND_EITHER" ],
    "coverage": 0,
    "warmth": 0,
    "flags": [ "WATER_FRIENDLY", "ALLOWS_NATURAL_ATTACKS", "FANCY", "ONLY_ONE", "SKINTIGHT" ]
  },
  {
    "abstract": "mring_platinum",
    "type": "TOOL_ARMOR",
    "name": "magic ring",
    "description": "A generic platinum magic ring.",
    "weight": "11 g",
    "volume": 0,
    "price": 5000,
    "material": [ "platinum" ],
    "symbol": "[",
    "color": "light_gray",
    "covers": [ "HAND_EITHER" ],
    "coverage": 0,
    "warmth": 0,
    "flags": [ "WATER_FRIENDLY", "ALLOWS_NATURAL_ATTACKS", "FANCY", "ONLY_ONE", "SKINTIGHT" ]
  },
  {
    "copy-from": "mring_silver",
    "type": "TOOL_ARMOR",
    "id": "mring_blades_lesser",
    "name": "ring of blades",
    "name_plural": "rings of blades",
    "description": "An ornate silver ring engraved with daggers that conjures a near perfect throwing knife into your hand on activation.",
    "use_action": { "type": "cast_spell", "spell_id": "conj_throwing_blade1", "no_fail": true, "level": 1, "need_worn": true },
    "initial_charges": 5,
    "max_charges": 5,
    "charges_per_use": 1,
    "artifact_data": { "charge_type": "ARTC_TIME" }
  },
  {
    "copy-from": "mring_silver",
    "type": "TOOL_ARMOR",
    "id": "mring_dodge_bonus_1",
    "name": "eel ring",
    "description": "A thin silver band ring, depicting an eel coiled on itself.  Allows you to dodge an extra attack per turn.",
    "relic_data": { "passive_effects": [ { "has": "WORN", "condition": "ALWAYS", "values": [ { "value": "BONUS_DODGE", "add": 1 } ] } ] }
  },
  {
    "copy-from": "mring_gold",
    "type": "TOOL_ARMOR",
    "id": "mring_dodge_bonus_2",
    "name": "bicephalous eel ring",
    "description": "A thin gold band ring, depicting a bicephalous eel coiled on itself.  Allows you to dodge two extra attacks per turn.",
    "relic_data": { "passive_effects": [ { "has": "WORN", "condition": "ALWAYS", "values": [ { "value": "BONUS_DODGE", "add": 2 } ] } ] }
  },
  {
    "copy-from": "mring_copper",
    "type": "TOOL_ARMOR",
    "id": "mring_strength_1",
    "name": "ring of strength +1",
    "name_plural": "minor rings of strength +1",
    "description": "A copper ring that makes you a little stronger when you wear it.",
    "relic_data": { "passive_effects": [ { "has": "WORN", "condition": "ALWAYS", "values": [ { "value": "STRENGTH", "add": 1 } ] } ] }
  },
  {
    "copy-from": "mring_silver",
    "type": "TOOL_ARMOR",
    "id": "mring_strength_2",
    "name": "ring of strength +2",
    "name_plural": "rings of strength +2",
    "description": "A silver ring that makes you a good bit stronger when you wear it.",
    "relic_data": { "passive_effects": [ { "has": "WORN", "condition": "ALWAYS", "values": [ { "value": "STRENGTH", "add": 2 } ] } ] }
  },
  {
    "copy-from": "mring_gold",
    "type": "TOOL_ARMOR",
    "id": "mring_strength_3",
    "name": "ring of strength +3",
    "name_plural": "rings of strength +3",
    "description": "A golden ring that makes you surprisingly stronger when you wear it.",
    "relic_data": { "passive_effects": [ { "has": "WORN", "condition": "ALWAYS", "values": [ { "value": "STRENGTH", "add": 3 } ] } ] }
  },
  {
    "copy-from": "mring_platinum",
    "type": "TOOL_ARMOR",
    "id": "mring_strength_4",
    "name": "ring of strength +4",
    "name_plural": "rings of strength +4",
    "description": "A platinum ring that makes you much stronger when you wear it.",
    "relic_data": { "passive_effects": [ { "has": "WORN", "condition": "ALWAYS", "values": [ { "value": "STRENGTH", "add": 4 } ] } ] }
  },
  {
    "copy-from": "mring_copper",
    "type": "TOOL_ARMOR",
    "id": "mring_dexterity_1",
    "name": "ring of dexterity +1",
    "name_plural": "rings of dexterity +1",
    "description": "A copper ring that makes you a little more agile when you wear it.",
    "relic_data": { "passive_effects": [ { "has": "WORN", "condition": "ALWAYS", "values": [ { "value": "DEXTERITY", "add": 1 } ] } ] }
  },
  {
    "copy-from": "mring_silver",
    "type": "TOOL_ARMOR",
    "id": "mring_dexterity_2",
    "name": "ring of dexterity +2",
    "name_plural": "rings of dexterity +2",
    "description": "A silver ring that makes you a good bit more agile when you wear it.",
    "relic_data": { "passive_effects": [ { "has": "WORN", "condition": "ALWAYS", "values": [ { "value": "DEXTERITY", "add": 2 } ] } ] }
  },
  {
    "copy-from": "mring_gold",
    "type": "TOOL_ARMOR",
    "id": "mring_dexterity_3",
    "name": "ring of dexterity +3",
    "name_plural": "rings of dexterity +3",
    "description": "A golden ring that makes you surprisingly more agile when you wear it.",
    "relic_data": { "passive_effects": [ { "has": "WORN", "condition": "ALWAYS", "values": [ { "value": "DEXTERITY", "add": 3 } ] } ] }
  },
  {
    "copy-from": "mring_platinum",
    "type": "TOOL_ARMOR",
    "id": "mring_dexterity_4",
    "name": "ring of dexterity +4",
    "name_plural": "rings of dexterity +4",
    "description": "A platinum ring that makes you much more agile when you wear it.",
    "relic_data": { "passive_effects": [ { "has": "WORN", "condition": "ALWAYS", "values": [ { "value": "DEXTERITY", "add": 4 } ] } ] }
  },
  {
    "copy-from": "mring_copper",
    "type": "TOOL_ARMOR",
    "id": "mring_intelligence_1",
    "name": "ring of intelligence +1",
    "name_plural": "rings of intelligence +1",
    "description": "A copper ring that makes you a little more intelligent when you wear it.",
    "relic_data": { "passive_effects": [ { "has": "WORN", "condition": "ALWAYS", "values": [ { "value": "INTELLIGENCE", "add": 1 } ] } ] }
  },
  {
    "copy-from": "mring_silver",
    "type": "TOOL_ARMOR",
    "id": "mring_intelligence_2",
    "name": "ring of intelligence +2",
    "name_plural": "rings of intelligence +2",
    "description": "A silver ring that makes you a good bit more intelligent when you wear it.",
    "relic_data": { "passive_effects": [ { "has": "WORN", "condition": "ALWAYS", "values": [ { "value": "INTELLIGENCE", "add": 2 } ] } ] }
  },
  {
    "copy-from": "mring_gold",
    "type": "TOOL_ARMOR",
    "id": "mring_intelligence_3",
    "name": "ring of intelligence +3",
    "name_plural": "rings of intelligence +3",
    "description": "A golden ring that makes you surprisingly more intelligent when you wear it.",
    "relic_data": { "passive_effects": [ { "has": "WORN", "condition": "ALWAYS", "values": [ { "value": "INTELLIGENCE", "add": 3 } ] } ] }
  },
  {
    "copy-from": "mring_platinum",
    "type": "TOOL_ARMOR",
    "id": "mring_intelligence_4",
    "name": "ring of intelligence +4",
    "name_plural": "rings of intelligence +4",
    "description": "A platinum ring that makes you much more intelligent when you wear it.",
    "relic_data": { "passive_effects": [ { "has": "WORN", "condition": "ALWAYS", "values": [ { "value": "INTELLIGENCE", "add": 4 } ] } ] }
  },
  {
    "copy-from": "mring_copper",
    "type": "TOOL_ARMOR",
    "id": "mring_perception_1",
    "name": "ring of perception +1",
    "name_plural": "rings of perception +1",
    "description": "A copper ring that makes you a little more perceptive when you wear it.",
    "relic_data": { "passive_effects": [ { "has": "WORN", "condition": "ALWAYS", "values": [ { "value": "PERCEPTION", "add": 1 } ] } ] }
  },
  {
    "copy-from": "mring_silver",
    "type": "TOOL_ARMOR",
    "id": "mring_perception_2",
    "name": "ring of perception +2",
    "name_plural": "rings of perception +2",
    "description": "A silver ring that makes you a good bit more perceptive when you wear it.",
    "relic_data": { "passive_effects": [ { "has": "WORN", "condition": "ALWAYS", "values": [ { "value": "PERCEPTION", "add": 2 } ] } ] }
  },
  {
    "copy-from": "mring_gold",
    "type": "TOOL_ARMOR",
    "id": "mring_perception_3",
    "name": "ring of perception +3",
    "name_plural": "rings of perception +3",
    "description": "A golden ring that makes you eye-openingly more perceptive when you wear it.",
    "relic_data": { "passive_effects": [ { "has": "WORN", "condition": "ALWAYS", "values": [ { "value": "PERCEPTION", "add": 3 } ] } ] }
  },
  {
    "copy-from": "mring_platinum",
    "type": "TOOL_ARMOR",
    "id": "mring_perception_4",
    "name": "ring of perception +4",
    "name_plural": "rings of perception +4",
    "description": "A platinum ring that makes you much more perceptive when you wear it.",
    "relic_data": { "passive_effects": [ { "has": "WORN", "condition": "ALWAYS", "values": [ { "value": "PERCEPTION", "add": 4 } ] } ] }
  },
  {
    "copy-from": "mring_copper",
    "type": "TOOL_ARMOR",
    "id": "mring_speed_3",
    "name": "ring of speed +3",
    "name_plural": "rings of speed +3",
    "description": "A copper ring that makes you a little faster when you wear it.",
    "relic_data": { "passive_effects": [ { "has": "WORN", "condition": "ALWAYS", "values": [ { "value": "SPEED", "add": 3 } ] } ] }
  },
  {
    "copy-from": "mring_silver",
    "type": "TOOL_ARMOR",
    "id": "mring_speed_5",
    "name": "ring of speed +5",
    "name_plural": "rings of speed +5",
    "description": "A silver ring that makes you a good bit faster when you wear it.",
    "relic_data": { "passive_effects": [ { "has": "WORN", "condition": "ALWAYS", "values": [ { "value": "SPEED", "add": 5 } ] } ] }
  },
  {
    "copy-from": "mring_gold",
    "type": "TOOL_ARMOR",
    "id": "mring_speed_7",
    "name": "ring of speed +7",
    "name_plural": "rings of speed +7",
    "description": "A golden ring that makes you quite hasty when you wear it.",
    "relic_data": { "passive_effects": [ { "has": "WORN", "condition": "ALWAYS", "values": [ { "value": "SPEED", "add": 7 } ] } ] }
  },
  {
    "copy-from": "mring_platinum",
    "type": "TOOL_ARMOR",
    "id": "mring_speed_10",
    "name": "ring of speed +10",
    "name_plural": "rings of speed +10",
    "description": "A platinum ring that makes you much faster when you wear it.",
    "relic_data": { "passive_effects": [ { "has": "WORN", "condition": "ALWAYS", "values": [ { "value": "SPEED", "add": 10 } ] } ] }
  },
  {
    "copy-from": "mring_copper",
    "type": "TOOL_ARMOR",
    "id": "mring_protection_2",
    "name": "ring of protection +2",
    "name_plural": "rings of protection +2",
    "description": "A copper ring that reduces some of the force of damage you take when you wear it.",
    "relic_data": {
      "passive_effects": [
        {
          "has": "WORN",
          "condition": "ALWAYS",
          "values": [ { "value": "ARMOR_CUT", "add": -2 }, { "value": "ARMOR_BASH", "add": -2 }, { "value": "ARMOR_STAB", "add": -2 } ]
        }
      ]
    }
  },
  {
    "copy-from": "mring_silver",
    "type": "TOOL_ARMOR",
    "id": "mring_protection_4",
    "name": "ring of protection +4",
    "name_plural": "rings of protection +4",
    "description": "A silver ring that appreciably reduces some of the force of damage you take when you wear it.",
    "relic_data": {
      "passive_effects": [
        {
          "has": "WORN",
          "condition": "ALWAYS",
          "values": [ { "value": "ARMOR_CUT", "add": -4 }, { "value": "ARMOR_BASH", "add": -4 }, { "value": "ARMOR_STAB", "add": -4 } ]
        }
      ]
    }
  },
  {
    "copy-from": "mring_gold",
    "type": "TOOL_ARMOR",
    "id": "mring_protection_6",
    "name": "ring of protection +6",
    "name_plural": "rings of protection +6",
    "description": "A golden ring that greatly reduces some of the force of damage you take when you wear it.",
    "relic_data": {
      "passive_effects": [
        {
          "has": "WORN",
          "condition": "ALWAYS",
          "values": [ { "value": "ARMOR_CUT", "add": -6 }, { "value": "ARMOR_BASH", "add": -6 }, { "value": "ARMOR_STAB", "add": -6 } ]
        }
      ]
    }
  },
  {
    "copy-from": "mring_platinum",
    "type": "TOOL_ARMOR",
    "id": "mring_protection_8",
    "name": "ring of protection +8",
    "name_plural": "rings of protection +8",
    "description": "A platinum ring that vastly reduces some of the force of damage you take when you wear it.",
    "relic_data": {
      "passive_effects": [
        {
          "has": "WORN",
          "condition": "ALWAYS",
          "values": [ { "value": "ARMOR_CUT", "add": -8 }, { "value": "ARMOR_BASH", "add": -8 }, { "value": "ARMOR_STAB", "add": -8 } ]
        }
      ]
    }
  }
]
