[
  {
    "abstract": "spell_wand",
    "name": "Magic Wand",
    "type": "TOOL",
    "weight": "230 g",
    "volume": "500 ml",
    "price": 10000,
    "bashing": 3,
    "to_hit": 1,
    "material": [ "wood" ],
    "symbol": "|",
    "color": "brown",
    "flags": [ "BELT_CLIP", "NONCONDUCTIVE" ],
    "charges_per_use": 1,
    "ammo": "crystallized_mana",
    "magazines": [ [ "crystallized_mana", [ "small_mana_crystal" ] ] ],
    "magazine_well": 1
  },
  {
    "abstract": "disp_wand",
    "name": "Disposable Wand",
    "type": "TOOL",
    "weight": "230 g",
    "volume": "500 ml",
    "price": 10000,
    "bashing": 3,
    "to_hit": 1,
    "material": [ "wood" ],
    "symbol": "|",
    "color": "brown",
    "flags": [ "BELT_CLIP", "NONCONDUCTIVE" ],
    "initial_charges": 20,
    "max_charges": 20,
    "charges_per_use": 1
  },
  {
    "type": "TOOL",
    "id": "wand_magic_missile_minor",
    "name": "minor wand of magic missile",
    "name_plural": "minor wands of magic missile",
    "copy-from": "spell_wand",
    "description": "A slender wooden wand with a mana crystal socket at the base that casts a spell when activated.  This wand casts magic missile.",
    "use_action": { "type": "cast_spell", "spell_id": "magic_missile", "no_fail": true, "level": 5, "need_wielding": true }
  },
  {
    "type": "TOOL",
    "id": "wand_magic_missile_lesser",
    "name": "lesser wand of magic missile",
    "name_plural": "lesser wands of magic missile",
    "copy-from": "spell_wand",
    "price": 20000,
    "description": "A slender wooden wand with a mana crystal socket at the base that casts a spell when activated.  This wand casts magic missile.",
    "use_action": { "type": "cast_spell", "spell_id": "magic_missile", "no_fail": true, "level": 10, "need_wielding": true }
  },
  {
    "type": "TOOL",
    "id": "wand_magic_missile_greater",
    "name": "greater wand of magic missile",
    "name_plural": "greater wands of magic missile",
    "copy-from": "spell_wand",
    "price": 30000,
    "description": "A slender wooden wand with a mana crystal socket at the base that casts a spell when activated.  This wand casts magic missile.",
    "use_action": { "type": "cast_spell", "spell_id": "magic_missile", "no_fail": true, "level": 15, "need_wielding": true }
  },
  {
    "type": "TOOL",
    "id": "wand_fireball_minor",
    "name": "minor wand of fireball",
    "name_plural": "minor wands of fireball",
    "copy-from": "spell_wand",
    "description": "A slender wooden wand with a mana crystal socket at the base that casts a spell when activated.  This wand casts fireball.",
    "use_action": { "type": "cast_spell", "spell_id": "fireball", "no_fail": true, "level": 5, "need_wielding": true }
  },
  {
    "type": "TOOL",
    "id": "wand_fireball_lesser",
    "name": "lesser wand of fireball",
    "name_plural": "lesser wands of fireball",
    "copy-from": "spell_wand",
    "price": 20000,
    "description": "A slender wooden wand with a mana crystal socket at the base that casts a spell when activated.  This wand casts fireball.",
    "use_action": { "type": "cast_spell", "spell_id": "fireball", "no_fail": true, "level": 10, "need_wielding": true }
  },
  {
    "type": "TOOL",
    "id": "wand_fireball_greater",
    "name": "greater wand of fireball",
    "name_plural": "greater wands of fireball",
    "copy-from": "spell_wand",
    "price": 30000,
    "description": "A slender wooden wand with a mana crystal socket at the base that casts a spell when activated.  This wand casts fireball.",
    "use_action": { "type": "cast_spell", "spell_id": "fireball", "no_fail": true, "level": 15, "need_wielding": true }
  },
  {
    "type": "TOOL",
    "id": "wand_mana_beam_minor",
    "name": "minor wand of mana beam",
    "name_plural": "minor wands of mana beam",
    "copy-from": "spell_wand",
    "description": "A slender wooden wand with a mana crystal socket at the base that casts a spell when activated.  This wand casts mana beam.",
    "use_action": { "type": "cast_spell", "spell_id": "magus_mana_beam", "no_fail": true, "level": 5, "need_wielding": true }
  },
  {
    "type": "TOOL",
    "id": "wand_mana_beam_lesser",
    "name": "lesser wand of mana beam",
    "name_plural": "lesser wands of mana beam",
    "copy-from": "spell_wand",
    "price": 20000,
    "description": "A slender wooden wand with a mana crystal socket at the base that casts a spell when activated.  This wand casts mana beam.",
    "use_action": { "type": "cast_spell", "spell_id": "magus_mana_beam", "no_fail": true, "level": 10, "need_wielding": true }
  },
  {
    "type": "TOOL",
    "id": "wand_mana_beam_greater",
    "name": "greater wand of mana beam",
    "name_plural": "greater wands of mana beam",
    "copy-from": "spell_wand",
    "price": 30000,
    "description": "A slender wooden wand with a mana crystal socket at the base that casts a spell when activated.  This wand casts mana beam.",
    "use_action": { "type": "cast_spell", "spell_id": "magus_mana_beam", "no_fail": true, "level": 15, "need_wielding": true }
  },
  {
    "type": "TOOL",
    "id": "wand_point_flare_minor",
    "name": "minor wand of point flare",
    "name_plural": "minor wands of point flare",
    "copy-from": "spell_wand",
    "description": "A slender wooden wand with a mana crystal socket at the base that casts a spell when activated.  This wand casts point flare.",
    "use_action": { "type": "cast_spell", "spell_id": "point_flare", "no_fail": true, "level": 5, "need_wielding": true }
  },
  {
    "type": "TOOL",
    "id": "wand_point_flare_lesser",
    "name": "lesser wand of point flare",
    "name_plural": "lesser wands of point flare",
    "copy-from": "spell_wand",
    "price": 20000,
    "description": "A slender wooden wand with a mana crystal socket at the base that casts a spell when activated.  This wand casts point flare.",
    "use_action": { "type": "cast_spell", "spell_id": "point_flare", "no_fail": true, "level": 10, "need_wielding": true }
  },
  {
    "type": "TOOL",
    "id": "wand_point_flare_greater",
    "name": "greater wand of point flare",
    "name_plural": "greater wands of point flare",
    "copy-from": "spell_wand",
    "price": 30000,
    "description": "A slender wooden wand with a mana crystal socket at the base that casts a spell when activated.  This wand casts point flare.",
    "use_action": { "type": "cast_spell", "spell_id": "point_flare", "no_fail": true, "level": 15, "need_wielding": true }
  },
  {
    "type": "TOOL",
    "id": "wand_hoaryblast_minor",
    "name": "minor wand of hoary blast",
    "name_plural": "minor wands of hoary blast",
    "copy-from": "spell_wand",
    "description": "A slender wooden wand with a mana crystal socket at the base that casts a spell when activated.  This wand casts hoary blast.",
    "use_action": { "type": "cast_spell", "spell_id": "hoary_blast", "no_fail": true, "level": 5, "need_wielding": true }
  },
  {
    "type": "TOOL",
    "id": "wand_hoaryblast_lesser",
    "name": "lesser wand of hoary blast",
    "name_plural": "lesser wands of hoary blast",
    "copy-from": "spell_wand",
    "price": 20000,
    "description": "A slender wooden wand with a mana crystal socket at the base that casts a spell when activated.  This wand casts hoary blast.",
    "use_action": { "type": "cast_spell", "spell_id": "hoary_blast", "no_fail": true, "level": 10, "need_wielding": true }
  },
  {
    "type": "TOOL",
    "id": "wand_hoaryblast_greater",
    "name": "greater wand of hoary blast",
    "name_plural": "greater wands of hoary blast",
    "copy-from": "spell_wand",
    "price": 30000,
    "description": "A slender wooden wand with a mana crystal socket at the base that casts a spell when activated.  This wand casts hoary blast.",
    "use_action": { "type": "cast_spell", "spell_id": "hoary_blast", "no_fail": true, "level": 15, "need_wielding": true }
  },
  {
    "type": "TOOL",
    "id": "wand_cone_cold_minor",
    "name": "minor wand of cone of cold",
    "name_plural": "minor wands of cone of cold",
    "copy-from": "spell_wand",
    "description": "A slender wooden wand with a mana crystal socket at the base that casts a spell when activated.  This wand casts cone of cold.",
    "use_action": { "type": "cast_spell", "spell_id": "cone_cold", "no_fail": true, "level": 5, "need_wielding": true }
  },
  {
    "type": "TOOL",
    "id": "wand_cone_cold_lesser",
    "name": "lesser wand of cone of cold",
    "name_plural": "lesser wands of cone of cold",
    "copy-from": "spell_wand",
    "price": 20000,
    "description": "A slender wooden wand with a mana crystal socket at the base that casts a spell when activated.  This wand casts cone of cold.",
    "use_action": { "type": "cast_spell", "spell_id": "cone_cold", "no_fail": true, "level": 10, "need_wielding": true }
  },
  {
    "type": "TOOL",
    "id": "wand_cone_cold_greater",
    "name": "greater wand of cone of cold",
    "name_plural": "greater wands of cone of cold",
    "copy-from": "spell_wand",
    "price": 30000,
    "description": "A slender wooden wand with a mana crystal socket at the base that casts a spell when activated.  This wand casts cone of cold.",
    "use_action": { "type": "cast_spell", "spell_id": "cone_cold", "no_fail": true, "level": 15, "need_wielding": true }
  },
  {
    "type": "TOOL",
    "id": "wand_disp_magic_missile_minor",
    "name": "disposable minor wand of magic missile",
    "name_plural": "disposable minor wands of magic missile",
    "copy-from": "disp_wand",
    "description": "A slender wooden wand with an embedded mana crystal at the base that casts a spell when activated.  This wand casts magic missile.",
    "use_action": { "type": "cast_spell", "spell_id": "magic_missile", "no_fail": true, "level": 5, "need_wielding": true }
  },
  {
    "type": "TOOL",
    "id": "wand_disp_magic_missile_lesser",
    "name": "disposable lesser wand of magic missile",
    "name_plural": "disposable lesser wands of magic missile",
    "copy-from": "disp_wand",
    "price": 20000,
    "description": "A slender wooden wand with an embedded mana crystal at the base that casts a spell when activated.  This wand casts magic missile.",
    "use_action": { "type": "cast_spell", "spell_id": "magic_missile", "no_fail": true, "level": 10, "need_wielding": true }
  },
  {
    "type": "TOOL",
    "id": "wand_disp_magic_missile_greater",
    "name": "disposable greater wand of magic missile",
    "name_plural": "disposable greater wands of magic missile",
    "copy-from": "disp_wand",
    "price": 30000,
    "description": "A slender wooden wand with an embedded mana crystal at the base that casts a spell when activated.  This wand casts magic missile.",
    "use_action": { "type": "cast_spell", "spell_id": "magic_missile", "no_fail": true, "level": 15, "need_wielding": true }
  },
  {
    "type": "TOOL",
    "id": "wand_disp_fireball_minor",
    "name": "disposable minor wand of fireball",
    "name_plural": "disposable minor wands of fireball",
    "copy-from": "disp_wand",
    "description": "A slender wooden wand with an embedded mana crystal at the base that casts a spell when activated.  This wand casts fireball.",
    "use_action": { "type": "cast_spell", "spell_id": "fireball", "no_fail": true, "level": 5, "need_wielding": true }
  },
  {
    "type": "TOOL",
    "id": "wand_disp_fireball_lesser",
    "name": "disposable lesser wand of fireball",
    "name_plural": "disposable lesser wands of fireball",
    "copy-from": "disp_wand",
    "price": 20000,
    "description": "A slender wooden wand with an embedded mana crystal at the base that casts a spell when activated.  This wand casts fireball.",
    "use_action": { "type": "cast_spell", "spell_id": "fireball", "no_fail": true, "level": 10, "need_wielding": true }
  },
  {
    "type": "TOOL",
    "id": "wand_disp_fireball_greater",
    "name": "disposable greater wand of fireball",
    "name_plural": "disposable greater wands of fireball",
    "copy-from": "disp_wand",
    "price": 30000,
    "description": "A slender wooden wand with an embedded mana crystal at the base that casts a spell when activated.  This wand casts fireball.",
    "use_action": { "type": "cast_spell", "spell_id": "fireball", "no_fail": true, "level": 15, "need_wielding": true }
  },
  {
    "type": "TOOL",
    "id": "wand_disp_mana_beam_minor",
    "name": "disposable minor wand of mana beam",
    "name_plural": "disposable minor wands of mana beam",
    "copy-from": "disp_wand",
    "description": "A slender wooden wand with an embedded mana crystal at the base that casts a spell when activated.  This wand casts mana beam.",
    "use_action": { "type": "cast_spell", "spell_id": "magus_mana_beam", "no_fail": true, "level": 5, "need_wielding": true }
  },
  {
    "type": "TOOL",
    "id": "wand_disp_mana_beam_lesser",
    "name": "disposable lesser wand of mana beam",
    "name_plural": "disposable lesser wands of mana beam",
    "copy-from": "disp_wand",
    "price": 20000,
    "description": "A slender wooden wand with an embedded mana crystal at the base that casts a spell when activated.  This wand casts mana beam.",
    "use_action": { "type": "cast_spell", "spell_id": "magus_mana_beam", "no_fail": true, "level": 10, "need_wielding": true }
  },
  {
    "type": "TOOL",
    "id": "wand_disp_mana_beam_greater",
    "name": "disposable greater wand of mana beam",
    "name_plural": "disposable greater wands of mana beam",
    "copy-from": "disp_wand",
    "price": 30000,
    "description": "A slender wooden wand with an embedded mana crystal at the base that casts a spell when activated.  This wand casts mana beam.",
    "use_action": { "type": "cast_spell", "spell_id": "magus_mana_beam", "no_fail": true, "level": 15, "need_wielding": true }
  },
  {
    "type": "TOOL",
    "id": "wand_disp_point_flare_minor",
    "name": "disposable minor wand of point flare",
    "name_plural": "disposable minor wands of point flare",
    "copy-from": "disp_wand",
    "description": "A slender wooden wand with an embedded mana crystal at the base that casts a spell when activated.  This wand casts point flare.",
    "use_action": { "type": "cast_spell", "spell_id": "point_flare", "no_fail": true, "level": 5, "need_wielding": true }
  },
  {
    "type": "TOOL",
    "id": "wand_disp_point_flare_lesser",
    "name": "disposable lesser wand of point flare",
    "name_plural": "disposable lesser wands of point flare",
    "copy-from": "disp_wand",
    "price": 20000,
    "description": "A slender wooden wand with an embedded mana crystal at the base that casts a spell when activated.  This wand casts point flare.",
    "use_action": { "type": "cast_spell", "spell_id": "point_flare", "no_fail": true, "level": 10, "need_wielding": true }
  },
  {
    "type": "TOOL",
    "id": "wand_disp_point_flare_greater",
    "name": "disposable greater wand of point flare",
    "name_plural": "disposable greater wands of point flare",
    "copy-from": "disp_wand",
    "price": 30000,
    "description": "A slender wooden wand with an embedded mana crystal at the base that casts a spell when activated.  This wand casts point flare.",
    "use_action": { "type": "cast_spell", "spell_id": "point_flare", "no_fail": true, "level": 15, "need_wielding": true }
  },
  {
    "type": "TOOL",
    "id": "wand_disp_hoaryblast_minor",
    "name": "disposable minor wand of hoary blast",
    "name_plural": "disposable minor wands of hoary blast",
    "copy-from": "disp_wand",
    "description": "A slender wooden wand with an embedded mana crystal at the base that casts a spell when activated.  This wand casts hoary blast.",
    "use_action": { "type": "cast_spell", "spell_id": "hoary_blast", "no_fail": true, "level": 5, "need_wielding": true }
  },
  {
    "type": "TOOL",
    "id": "wand_disp_hoaryblast_lesser",
    "name": "disposable lesser wand of hoary blast",
    "name_plural": "disposable lesser wands of hoary blast",
    "copy-from": "disp_wand",
    "price": 20000,
    "description": "A slender wooden wand with an embedded mana crystal at the base that casts a spell when activated.  This wand casts hoary blast.",
    "use_action": { "type": "cast_spell", "spell_id": "hoary_blast", "no_fail": true, "level": 10, "need_wielding": true }
  },
  {
    "type": "TOOL",
    "id": "wand_disp_hoaryblast_greater",
    "name": "disposable greater wand of hoary blast",
    "name_plural": "disposable greater wands of hoary blast",
    "copy-from": "disp_wand",
    "price": 30000,
    "description": "A slender wooden wand with an embedded mana crystal at the base that casts a spell when activated.  This wand casts hoary blast.",
    "use_action": { "type": "cast_spell", "spell_id": "hoary_blast", "no_fail": true, "level": 15, "need_wielding": true }
  },
  {
    "type": "TOOL",
    "id": "wand_disp_cone_cold_minor",
    "name": "disposable minor wand of cone of cold",
    "name_plural": "disposable minor wands of cone of cold",
    "copy-from": "disp_wand",
    "description": "A slender wooden wand with an embedded mana crystal at the base that casts a spell when activated.  This wand casts cone of cold.",
    "use_action": { "type": "cast_spell", "spell_id": "cone_cold", "no_fail": true, "level": 5, "need_wielding": true }
  },
  {
    "type": "TOOL",
    "id": "wand_disp_cone_cold_lesser",
    "name": "disposable lesser wand of cone of cold",
    "name_plural": "disposable lesser wands of cone of cold",
    "copy-from": "disp_wand",
    "price": 20000,
    "description": "A slender wooden wand with an embedded mana crystal at the base that casts a spell when activated.  This wand casts cone of cold.",
    "use_action": { "type": "cast_spell", "spell_id": "cone_cold", "no_fail": true, "level": 10, "need_wielding": true }
  },
  {
    "type": "TOOL",
    "id": "wand_disp_cone_cold_greater",
    "name": "disposable greater wand of cone of cold",
    "name_plural": "disposable greater wands of cone of cold",
    "copy-from": "disp_wand",
    "price": 30000,
    "description": "A slender wooden wand with an embedded mana crystal at the base that casts a spell when activated.  This wand casts cone of cold.",
    "use_action": { "type": "cast_spell", "spell_id": "cone_cold", "no_fail": true, "level": 15, "need_wielding": true }
  }
]
