  [
  {
    "id": "mon_wxkj_xhl1",
    "type": "MONSTER",
    "name": "小火龙",
    "description": "小火龙有四颗小小的可见的牙齿，肚子和尾巴下方是奶油色的，最显着的特点是它的尾巴尖在出生时就有燃烧着的火焰.",
    "categories": [ "WILDLIFE" ],
    "species": [ "MAMMAL" ],
    "default_faction": "phl_family",
    "harvest": "bird_large",
    "diff": 10,
    "size": "TINY",
    "hp": 120,
    "//":"2x2.5",
    "speed": 120,
    "material": [ "flesh" ],
    "symbol": "U",
    "color": "light_gray",
   "luminance": 1, 
    "aggression": 0,
    "morale": 100,
    "melee_skill": 2,
    "melee_dice": 2,
    "melee_dice_sides": 10,
    "melee_cut": 5,
    "dodge": 3,
    "armor_bash": 10,
    "path_settings": { "max_dist": 20 },
    "anger_triggers": [ "HURT", "FRIEND_ATTACKED","FRIEND_DIED"],
    "placate_triggers": [ "MEAT" ],
     "fear_triggers": [ "PLAYER_CLOSE" ],
     "special_attacks": 
     [
      [ "HOWL", 1 ]
     ],
   
    "death_function": [ "MELT" ],
    "flags": [ "SEES", "HEARS", "SMELLS", "ANIMAL", "PATH_AVOID_DANGER_2", "WARM", "FUR",  "FAT", "MILKABLE", "FLIES" ]
  }
  
  ]