  [
  {
    "id": "mon_wxkj_hkl1",
    "type": "MONSTER",
    "name": "火恐龙",
    "description": "火恐龙会用它锋利的爪子残忍地撕裂敌人。如果它的敌人十分强壮，它就会变得好斗。在这种情况下，它尾巴上的火焰会变成带点蓝色的亮白.",
    "categories": [ "WILDLIFE" ],
    "species": [ "MAMMAL" ],
    "default_faction": "phl_family",
    "harvest": "bird_large",
    "diff": 10,
    "size": "SMALL",
    "hp": 240,
    "//":"2x2.5",
    "speed": 200,
    "material": [ "flesh" ],
    "symbol": "U",
    "color": "light_gray",
    "luminance": 1, 
    "aggression": 1,
    "morale": 100,
    "melee_skill": 5,
    "melee_dice": 2,
    "melee_dice_sides": 10,
    "melee_cut": 20,
    "dodge": 6,
    "armor_bash": 20,
    "path_settings": { "max_dist": 20 },
    "anger_triggers": [ "HURT", "FRIEND_ATTACKED","FRIEND_DIED"],
    "placate_triggers": [ "MEAT" ],
     "fear_triggers": [ "PLAYER_CLOSE" ],
     "special_attacks": 
     [
      [ "HOWL", 1 ]
     ],
    "death_function": [ "MELT" ],
    "flags": [ "SEES", "HEARS", "SMELLS", "ANIMAL", "PATH_AVOID_DANGER_2", "WARM", "FUR",  "FAT", "MILKABLE", "FLIES" ]
  }
  
  ]