[
   {
    "type": "terrain",
    "id": "t_wxkj_kdyg_cc",
    "name": "草丛",
    "description": "在草丛附近有几率遇见野生的精灵..",
    "symbol": "#",
    "color": "green",
    "move_cost": 10,
    "flags": [ "TRANSPARENT","REDUCE_SCENT", "PLOWABLE" ],
    "bash": { "sound": "thump", 
    "ter_set": "t_grass", 
    "str_min": 20, "str_max": 50
   } 
    
    },
     {
    "type": "terrain",
    "id": "t_wxkj_kdyg_xh",
    "name": "小花",
    "description": "一朵小花，在附近有几率遇见野生的精灵.",
    "symbol": "#",
    "color": "green",
    "move_cost": 10,
    "flags": [ "TRANSPARENT","REDUCE_SCENT", "PLOWABLE" ],
    "bash": { "sound": "thump", 
    "ter_set": "t_grass", 
    "str_min": 15, "str_max": 30
    
  }
  },
    {
    "type": "terrain",
    "id": "t_wxkj_kdyg_gcc",
    "name": "高草丛",
    "description": "神奇宝贝世界中的一种地形,在草丛附近有几率遇见野生的精灵..",
    "symbol": "#",
    "color": "green",
    "move_cost": 15,
    "flags": [ "TRANSPARENT","REDUCE_SCENT","PLOWABLE" ],
    "bash": { "sound": "thump", 
    "ter_set": "t_grass", 
    "str_min": 20, "str_max": 40       
    }
    
  },
  {
    "type": "terrain",
    "id": "t_tree_wxkj_kdyg0",
    "name": "小树树",
    "description": "一颗小树树,你忍心伤害它吗?",
    "symbol": "i",
    "color": [ "light_green" ],
    "move_cost": 25,
    "coverage": 40,
    "flags": [ "FLAMMABLE_ASH", "NOITEM", "TRANSPARENT", "TREE", "MOUNTABLE" ],  
    "bash": {
      "str_min": 15,
      "str_max": 30,
      "sound": "crunch!",
      "sound_fail": "whack!",
      "ter_set": "t_grass"
     
    }
  },
  {
    "type": "terrain",
    "id": "t_tree_wxkj_kdyg1",
    "name": "大树",
    "description": "一颗大树",
    "symbol": "i",
    "color": [ "light_green" ],
    "move_cost": 0,
    "coverage": 80,
    "flags": [ "FLAMMABLE_ASH", "NOITEM", "SUPPORTS_ROOF", "TREE", "REDUCE_SCENT" ],  
    "bash": {
      "str_min": 80,
      "str_max": 180,
      "sound": "crunch!",
      "sound_fail": "whack!",
      "ter_set": "t_grass"
     
    }
  }
    
]