[
    {
        "type" : "terrain",
        "id" : "t_border_rock",
        "description" : "placed at border of underground specials to prevent double wall look",
        "name": "solid rock",
        "symbol": "#",
        "color": "white",
        "move_cost": 0,
        "flags": ["NOITEM", "SUPPORTS_ROOF"],
        "roof": "t_rock_floor",
        "bash": {
            "str_min": 100, "str_max": 400,
            "sound": "crash!",
            "sound_fail": "whump!",
            "ter_set": "t_rock_floor",
            "items": [
                { "item": "rock", "count": [3, 7] },
                { "item": "coal_lump", "charges": [250, 500], "prob": 10 },
                { "item": "material_limestone", "charges": [10, 25], "prob": 80 },
                { "item": "material_rocksalt", "count": [0, 1], "prob": 20 }
            ]
        }
    }
]
