[
	{
		"id" : "GS_book_freedom",
		"type" : "BOOK",
		"name" : "超凡者无界",
		"description" : "虽然任务时空无法直接连上外网，懂得翻墙的超凡者仍可以从时空泡外获得资讯，再利用超凡手段偷渡讯息─翻墙小能手，你值得拥有。\n \n※抄箓其他书籍的必备工具，抄箓配方随技能逐步解锁。",
		"color" : "white",
		"symbol" : "?",
		"material" : ["super_mt"],
		"time" : 10,
		"fun" : 3
	},{	
		"type" : "BOOK",
		"id" : "GS_book_int_gun",
		"name" : "枪械炼成书",
		"description" : "使用具现能力冶炼枪械的经典之作，收录经典左轮与霰弹枪的图纸，以及改造必备的元件。",
		"weight" : 500,
		"color" : "black",
		"intelligence" : 12,
		"symbol" : "?",
		"material" : ["paper"],
		"volume" : 5,
		"time" : 20,
		"required_level" : 3,
		"max_level" : 6,
		"skill" : "gun"
	},{
		"type" : "BOOK",
		"id" : "GS_book_int_fabrication",
		"name" : "新 天工开物",
		"description" : "揉合经典科学与超凡技巧，火药黑科技，爆炸重火力！",
		"symbol" : "?",
		"material" : ["super_mt"],
		"weight" : 1500,
		"color" : "blue",
		"volume" : 5,
		"time" : 30,
		"intelligence" : 12,
		"required_level" : 5,
		"max_level" : 10,
		"skill" : "fabrication"
	},{
		"type" : "BOOK",
		"id" : "GS_book_int_mechanic",
		"name" : "诸葛鬼工考",
		"description" : "考证古工艺技术将其再现于世的科普之作，主要以弓弩及机关术为研究对象，能制造独特的机关武装─天机伞，以及威力强大的机关箭，大幅提升弓弩系的杀伤力。",
		"weight" : 1500,
		"color" : "black",
		"intelligence" : 12,
		"symbol" : "?",
		"material" : ["super_mt"],
		"volume" : 5,
		"time" : 30,
		"required_level" : 5,
		"max_level" : 10,
		"skill" : "mechanics"
	},{
		"type" : "BOOK",
		"id" : "GS_book_int4_medic",
		"name" : "现代超凡医学",
		"description" : "网罗东西方医学的经典理论，从分子层级的角度观测生理与药理反应，修正传统理论的模糊地带，这本书详细说明了利用病毒刺激细胞潜能的实验方法。",
		"symbol" : "?",
		"material" : ["super_mt"],
		"weight" : 1500,
		"color" : "blue",
		"volume" : 5,
		"time" : 30,
		"intelligence" : 12,
		"required_level" : 5,
		"max_level" : 10,
		"skill" : "firstaid"
	},{

		"type" : "BOOK",
 		"category" : "GS_feature",
		"id" : "GS_book_alchemy1",
		"name" : "思维具现-初级",
		"description" : "智力向超凡者的基础技，使用思维复制、构筑物质的能力，具现简单物质：水、土、木。",
		"symbol" : "?",
		"material" : ["super_mt"],
		"color" : "blue",
		"time" : 25,
		"intelligence" : 10,
		"required_level" : 0,
		"max_level" : 1,
		"skill" : "fabrication"
	},{
		"type" : "BOOK",
		"id" : "GS_book_alchemy2",
		"copy-from": "GS_book_alchemy1",
		"name" : "思维具现-中级",
		"description" : "智力向超凡者的基础技，使用思维复制、构筑物质的能力，具现常見物质：骨、塑胶、棉织物。",
		"required_level" : 2,
		"max_level" : 3
	},{
		"type" : "BOOK",
		"id" : "GS_book_alchemy3",
		"copy-from": "GS_book_alchemy1",
		"name" : "思维具现-高级",
		"description" : "智力向超凡者的基础技，使用思维复制、构筑物质的能力，具现复杂、坚韧的物质：金属、皮革、特殊纤维。",
		"required_level" : 4,
		"max_level" : 5
	},{
		"type" : "BOOK",
		"id" : "GS_book_imgbullet",
		"copy-from": "GS_book_alchemy1",
		"name" : "思维具现-弹药",
		"description" : "智力向超凡者的基础技，消费天命具现弹药，具现子弹不占重量体积，射击后不留弹壳。",
		"required_level" : 3,
		"max_level" : 4
	},{
		"type" : "BOOK",
		"id" : "GS_book_merit1",
		"name" : "两全功德法(初阶)",
		"description" : "虚拟世界的佛教功法，讲述信仰之力的基础，可以通过超渡亡者累积功德，并记载了凝练功德灵的法诀。这部功法可以通过收集信仰进一步完善。",
		"weight" : 666,
		"color" : "blue",
		"symbol" : "?",
		"material" : ["super_mt"],
		"volume" : 1,
		"time" : 10,
		"fun" : 1,
		"max_level" : 3,
		"skill" : "speech",
		"flags" : "INSPIRATIONAL"
	},{
		"type" : "BOOK",
		"id" : "GS_book_merit2",
		"name" : "两全功德法(中阶)",
		"description" : "虚拟世界的佛教功法，讲述信仰之力的特性，无视等级发挥强大的威力，本书记载了凝练功德灵的法诀，以及功德之器的冶炼。这部功法可以通过收集信仰进一步完善。",
		"weight" : 666,
		"color" : "blue",
		"symbol" : "?",
		"material" : ["super_mt"],
		"volume" : 1,
		"time" : 10,
		"fun" : 1,
		"max_level" : 6,
		"skill" : "speech",
		"flags" : "INSPIRATIONAL"
	},{
		"type" : "BOOK",
		"id" : "GS_book_merit3",
		"name" : "两全功德法(高阶)",
		"description" : "虚拟世界的佛教功法，讲述信仰之力的应用，包括威力强大的高等功德灵，以及顶级功德法器。\n \n※这部功法已升到顶级。",
		"weight" : 666,
		"color" : "blue",
		"symbol" : "?",
		"material" : ["super_mt"],
		"volume" : 1,
		"time" : 10,
		"fun" : 1,
		"max_level" : 10,
		"skill" : "speech",
		"flags" : "INSPIRATIONAL"
	},{	
		"type" : "BOOK",
		"id" : "GS_book_int5_alchemy_gun_readme",
		"name" : "炼金术士之铳(配方)",
		"description" : "炼金术士之铳：智力科学系的枪械武装，利用异能强化子弹初速、以元素填充子弹特效，组成高杀伤力的转轮手枪。这个说明书包含枪体与子弹的配方。",
		"symbol" : "?",
		"material" : ["paper"],
		"color" : "white",
		"time" : 10
	}
]