[{
        "//": "Ey, its a surprise monster. It'll deliver the finest challengers for you!",
        "id": "mon_unknown_unknown",
        "looks_like": "mon_vortex",
        "type": "MONSTER",
        "name": "时空漩涡",
        "description": "时间和空间的涟漪，透明并发射出引力场，就像黑洞周围的引力场。不明身份，这会让你觉得不舒服，好像是不是威胁.",
        "default_faction": "unknown",
        "species": ["UNKNOWN"],
        "volume": "0 ml",
        "weight": 0,
        "hp": 999999,
        "speed": 10,
        "material": ["secro_null"],
        "symbol": "O",
        "color": "black",
        "phase": "GAS",
        "aggression": 100,
        "morale": 100,
        "melee_skill": 0,
        "melee_dice": 0,
        "melee_dice_sides": 0,
        "melee_cut": 0,
        "attack_cost": 999,
        "harvest": "exempt",
        "armor_bash": 999,
        "armor_cut": 999,
        "armor_stab": 999,
        "armor_acid": 999,
        "armor_fire": 999,
        "vision_day": 10,
        "vision_night": 10,
        "death_function": ["DISINTEGRATE"],
        "flags": [
            "FLIES",
            "STUN_IMMUNE",
            "NOHEAD",
            "PACIFIST"
        ]
    }, {
        "id": "mon_unknown_unknown_carrion",
        "copy-from": "mon_unknown_unknown",
        "looks_like": "mon_vortex",
        "type": "MONSTER",
        "name": "异界漩涡",
        "name_plural": "???",
        "special_attacks": [{
                "type": "spell",
                "spell_data": { "id":"mon_unknown_unknown_carrion_target"},
                "cooldown": 10
            }
        ]
    }, {
        "id": "mon_unknown_unknown_vector",
        "copy-from": "mon_unknown_unknown",
        "looks_like": "mon_vortex",
        "type": "MONSTER",
        "name": "???",
        "name_plural": "???",
        "special_attacks": [{
                "type": "spell",
                "spell_data": { "id":"mon_unknown_unknown_vector_target"},
                "cooldown": 10
            }
        ]
    }
]
