[{
        "//": "Zombies from another world, wherein blobs isn't the cause of reanimation. This race resembles the Scorn, far likely it is.",
        "id": "mon_carrion",
        "looks_like": "mon_twisted_body",
        "type": "MONSTER",
        "name": "爬行者",
        "description": "反复无常，可怕，来自于另一个世界毁灭的维度。它没有明显的外观和严重的畸形，但作为一个坏死的皮肤肿块.",
        "default_faction": "carrion",
        "bodytype": "migo",
        "species": ["UNKNOWN"],
        "volume": "92500 ml",
        "weight": 120000,
        "hp": 135,
        "speed": 80,
        "material": ["flesh"],
        "symbol": "C",
        "color": "red",
        "aggression": 100,
        "morale": 100,
        "melee_skill": 6,
        "melee_dice": 4,
        "melee_dice_sides": 6,
        "melee_cut": 1,
        "dodge": 1,
        "armor_bash": 4,
        "armor_cut": 1,
        "armor_stab": 1,
        "armor_acid": 1,
        "vision_day": 24,
        "vision_night": 4,
        "harvest": "zombie",
        "path_settings": {
            "max_dist": 5
        },
        "special_attacks": [
            ["SHRIEK", 32], {
                "type": "bite",
                "cooldown": 5,
                "min_mul": 1
            },
            ["GRAB", 20]
        ],
        "death_function": ["NORMAL"],
        "flags": ["SEES", "HEARS", "SMELLS", "WARM", "BASHES", "GROUP_BASH", "POISON", "NO_BREATHE", "REVIVES", "PUSH_MON", "GRABS"]
    }, {
        "id": "mon_carrion_dismantler",
        "copy-from": "mon_carrion",
        "looks_like": "mon_twisted_body",
        "type": "MONSTER",
        "name": "爬行者完全体",
        "description": "长满了骨头的刀刃喜欢这只腐肉的四肢，在阳光下闪闪发光。更强壮，更坚韧，但比普通的更迟钝.",
        "hp": 140,
        "speed": 70,
        "color": "light_red",
        "melee_skill": 6,
        "melee_dice": 1,
        "melee_dice_sides": 6,
        "melee_cut": 5,
        "dodge": 1,
        "armor_bash": 4,
        "armor_cut": 1,
        "armor_stab": 2,
        "armor_acid": 1,
        "special_attacks": [
            ["SHRIEK", 32], {
                "type": "bite",
                "cooldown": 5,
                "min_mul": 1
            },
            ["GRAB", 33], {
                "id": "scratch",
                "damage_max_instance": [{
                        "damage_type": "cut",
                        "amount": 22
                    }
                ]
            }
        ],
        "death_function": ["NORMAL"],
        "flags": ["SEES", "HEARS", "SMELLS", "WARM", "BASHES", "GROUP_BASH", "POISON", "NO_BREATHE", "REVIVES", "PUSH_MON", "BLEED"]
    }, {
        "id": "mon_carrion_orifice",
        "copy-from": "mon_carrion",
        "looks_like": "mon_twisted_body",
        "type": "MONSTER",
        "name": "深渊爬行者",
        "description": "这只腐肉比其他的大得多，周围有很多洞，可以压迫嘴巴。它似乎能用牙齿咬它.",
        "volume": "112500 ml",
        "weight": 134000,
        "hp": 185,
        "speed": 60,
        "color": "red",
        "melee_skill": 6,
        "melee_dice": 2,
        "melee_dice_sides": 6,
        "melee_cut": 4,
        "dodge": 1,
        "armor_bash": 5,
        "armor_cut": 2,
        "armor_stab": 1,
        "armor_acid": 1,
        "special_attacks": [
            ["SHRIEK", 16], {
                "type": "bite",
                "cooldown": 4
            },
            ["GRAB", 22]
        ],
        "death_function": ["NORMAL"],
        "flags": ["SEES", "HEARS", "SMELLS", "WARM", "BASHES", "GROUP_BASH", "POISON", "NO_BREATHE", "REVIVES", "PUSH_MON", "BLEED"]
    }
]
