[{
        "//": "Alien plant creatures with similarities and resemblance to the CDDA's fungal critters.",
        "//": "For now, their sprites will look like the fungus.",
        "id": "mon_vector",
        "looks_like": "mon_fungaloid",
        "type": "MONSTER",
        "name": "幽绿树",
        "description": "一种生机勃勃，近10英尺高的浅蓝色植物，叶亮而宽，茎和枝上有不规则的条纹，在运动时剧烈地抽搐。微弱但令人愉快的是，尘埃颗粒笼罩着这个像星空般闪烁的生物.",
        "default_faction": "vector",
        "species": ["UNKNOWN"],
        "volume": "92500 ml",
        "weight": 120000,
        "hp": 95,
        "speed": 60,
        "material": ["veggy"],
        "emit_fields": ["secro_vector_normal", "secro_vector_normal_seeding"],
        "symbol": "V",
        "color": "light_blue",
        "attack_effs": [{
                "id": "vector_infect",
                "duration": 120,
                "chance": 5
            }
        ],
        "aggression": -35,
        "morale": 20,
        "melee_skill": 4,
        "melee_dice": 3,
        "melee_dice_sides": 4,
        "melee_cut": 0,
        "dodge": 2,
        "armor_bash": 2,
        "armor_cut": 10,
        "armor_stab": 10,
        "armor_acid": 3,
        "vision_day": 30,
        "vision_night": 12,
        "harvest": "exempt",
        "luminance": 3,
        "path_settings": {
            "max_dist": 1
        },
        "special_attacks": [{
                "type": "spell",
                "monster_message": "<color_yellow>%1$s blooms a vector haze!</color>",
                "spell_data": { "id":"mon_vector_rize_smol_target"},
                "cooldown": 14
            }
        ],
        "death_function": ["NORMAL"],
        "upgrades": {
            "age_grow": 6,
            "into_group": "GROUP_VECTOR_GROW"
        },
        "anger_triggers": ["HURT", "FRIEND_ATTACKED", "FRIEND_DIED"],
        "flags": ["SEES", "SMELLS", "BASHES", "GROUP_BASH", "NOHEAD", "NO_BREATHE"]
    }, {
        "id": "mon_vector_sprout",
        "type": "MONSTER",
        "name": "幽绿树幼苗",
        "looks_like": "mon_fungaloid_young",
        "default_faction": "vector",
        "description": "摇曳着的病媒芽，和人一样高。未成熟时，树叶和浓密的树枝散发出闪烁的微粒味.",
        "volume": "62500 ml",
        "weight": 81500,
        "hp": 45,
        "speed": 50,
        "material": ["veggy"],
        "emit_fields": ["secro_vector_small"],
        "attack_effs": [{
                "id": "vector_infect",
                "duration": 120,
                "chance": 5
            }
        ],
        "symbol": "v",
        "color": "light_blue",
        "aggression": -50,
        "morale": 20,
        "melee_skill": 2,
        "melee_dice": 1,
        "melee_dice_sides": 3,
        "melee_cut": 0,
        "armor_bash": 2,
        "armor_cut": 5,
        "armor_stab": 5,
        "armor_acid": 2,
        "dodge": 1,
        "luminance": 2,
        "vision_day": 30,
        "vision_night": 12,
        "harvest": "exempt",
        "upgrades": {
            "age_grow": 4,
            "into_group": "GROUP_VECTOR_GROW1"
        },
		"death_function": ["DISINTEGRATE"],
        "special_attacks": [{
                "type": "spell",
                "monster_message": "<color_yellow>%1$s blooms a vector haze!</color>",
                "spell_data": { "id":"mon_vector_rize_smol_target"},
                "cooldown": 24
            }
        ],
        "anger_triggers": ["HURT", "FRIEND_ATTACKED", "FRIEND_DIED"],
        "flags": ["SEES", "SMELLS", "NOHEAD", "NO_BREATHE"]
    }, {
        "id": "mon_vector_sprig",
        "type": "MONSTER",
        "looks_like": "mon_fungaloid_young",
        "name": "幽蓝古树幼苗",
        "description": "一种扭曲的深蓝色茎，有拳头大小的叶子.",
        "volume": "750 ml",
        "weight": 1000,
        "hp": 10,
        "speed": 30,
        "default_faction": "vector",
        "material": ["veggy"],
        "symbol": "v",
        "color": "blue",
        "aggression": -50,
        "morale": 20,
        "melee_skill": 1,
        "melee_dice": 1,
        "melee_dice_sides": 2,
        "melee_cut": 0,
        "armor_bash": 1,
        "armor_cut": 3,
        "armor_stab": 3,
        "armor_acid": 1,
        "harvest": "exempt",
        "luminance": 1,
        "vision_day": 30,
        "vision_night": 12,
        "upgrades": {
            "age_grow": 2,
            "into_group": "GROUP_VECTOR_GROW2"
        },
		"death_function": ["DISINTEGRATE"],
        "flags": ["SEES", "SMELLS", "NOHEAD", "NO_BREATHE", "PACIFIST"]
    }, {
        "id": "mon_vector_spore",
        "type": "MONSTER",
        "name": "狍子尘埃",
        "looks_like": "mon_spore",
        "description": "一种紧凑的尘埃，轻轻地飘浮在空中.",
        "volume": "750 ml",
        "weight": 1000,
        "hp": 4,
        "speed": 140,
        "default_faction": "vector",
        "material": ["veggy"],
        "emit_fields": ["secro_vector_smol_seeding"],
        "symbol": "o",
        "color": "light_blue",
        "aggression": -50,
        "morale": 20,
        "melee_skill": 1,
        "melee_dice": 1,
        "melee_dice_sides": 1,
        "melee_cut": 0,
        "phase": "GAS",
        "dodge": 8,
        "harvest": "exempt",
        "luminance": 1,
        "vision_day": 30,
        "vision_night": 12,
        "upgrades": {
            "age_grow": 1,
            "into": "mon_vector_sprig"
        },
        "special_attacks": [["DISAPPEAR", 200], {
                "type": "spell",
                "monster_message": "<color_yellow>%1$s blooms a vector haze!</color>",
                "spell_data": { "id":"mon_vector_rize_smol_target"},
                "cooldown": 38
            }
        ],
        "death_function": ["DISINTEGRATE"],
        "flags": ["SEES", "NOHEAD", "NO_BREATHE", "FLIES", "NOGIB", "PACIFIST"]
    }, {
        "id": "mon_vector_seedler",
        "type": "MONSTER",
        "name": "幽蓝古树",
        "looks_like": "mon_fungal_blossom",
        "description": "一种在其分支末端有独特花朵盛开的载体。偶尔起伏，它会把更细的灰尘送到周围.",
        "default_faction": "vector",
        "species": ["UNKNOWN"],
        "volume": "92500 ml",
        "weight": 120000,
        "hp": 110,
        "speed": 50,
        "material": ["veggy"],
        "emit_fields": ["secro_vector_stream", "secro_vector_seeding"],
        "symbol": "V",
        "color": "cyan",
        "aggression": -25,
        "morale": 20,
        "melee_skill": 4,
        "melee_dice": 2,
        "melee_dice_sides": 3,
        "melee_cut": 0,
        "attack_effs": [{
                "id": "vector_infect",
                "duration": 120,
                "chance": 5
            }
        ],
        "dodge": 1,
        "armor_bash": 3,
        "armor_cut": 13,
        "armor_stab": 13,
        "armor_acid": 3,
        "vision_day": 30,
        "vision_night": 12,
        "harvest": "exempt",
        "path_settings": {
            "max_dist": 1
        },
        "special_attacks": [{
                "type": "spell",
                "monster_message": "<color_yellow>%1$s blooms a vector haze!</color>",
                "spell_data": { "id":"mon_vector_rize_big_target"},
                "cooldown": 34
            }
        ],
        "anger_triggers": ["HURT", "FRIEND_ATTACKED", "FRIEND_DIED"],
        "death_function": ["NORMAL"],
        "flags": ["SEES", "SMELLS", "BASHES", "GROUP_BASH", "NOHEAD", "NO_BREATHE"]
    }, {
        "id": "mon_vector_stinger",
        "type": "MONSTER",
        "looks_like": "mon_fungaloid",
        "name": "幽蓝魔树",
        "description": "长刺覆盖着这个病媒的树皮。一种较薄的植物，叶子较少，像枯树，但速度快得多，会渗出蓝色的厚树液.",
        "default_faction": "vector",
        "species": ["UNKNOWN"],
        "volume": "92500 ml",
        "weight": 120000,
        "hp": 90,
        "speed": 80,
        "material": ["veggy"],
        "symbol": "V",
        "color": "blue",
        "aggression": -10,
        "morale": 20,
        "attack_effs": [{
                "id": "sap",
                "duration": 10,
                "chance": 15
            }, {
                "id": "vector_infect",
                "duration": 120,
                "chance": 15
            }
        ],
        "melee_skill": 4,
        "melee_dice": 1,
        "melee_dice_sides": 4,
        "melee_cut": 4,
        "dodge": 3,
        "armor_bash": 1,
        "armor_cut": 8,
        "armor_stab": 8,
        "armor_acid": 2,
        "vision_day": 30,
        "vision_night": 12,
        "harvest": "exempt",
        "path_settings": {
            "max_dist": 1
        },
        "death_function": ["NORMAL"],
        "anger_triggers": ["HURT", "FRIEND_ATTACKED", "FRIEND_DIED"],
        "flags": ["SEES", "SMELLS", "BASHES", "GROUP_BASH", "NOHEAD", "BLEED", "NO_BREATHE"]
    }, {
        "//": "A fungal tower, but moves. Only seen in vector portals.",
        "id": "mon_vector_tree",
        "type": "MONSTER",
        "looks_like": "mon_fungaloid_seeder",
        "name": "幽蓝帝古树",
        "description": "一种年老的病媒，比普通的橡树高很多，大得多。几乎一动不动，密密麻麻的藤蔓遮住了它厚厚的树皮，每当风呼啸时，它的星光尘埃就扩散得更远.",
        "default_faction": "vector",
        "species": ["UNKNOWN"],
        "volume": "875000 ml",
        "weight": 200000,
        "hp": 690,
        "//": "Nice.",
        "speed": 2,
        "material": ["veggy"],
        "emit_fields": ["secro_vector_tree_seeding", "secro_vector_tree_spread"],
        "symbol": "V",
        "color": "cyan",
        "attack_cost": 275,
        "aggression": -100,
        "morale": 20,
        "melee_skill": 10,
        "melee_dice": 10,
        "melee_dice_sides": 6,
        "melee_cut": 4,
        "dodge": 1,
        "attack_effs": [{
                "id": "vector_infect",
                "duration": 120,
                "chance": 35
            }
        ],
        "armor_bash": 6,
        "armor_cut": 17,
        "armor_stab": 17,
        "armor_acid": 5,
        "vision_day": 30,
        "vision_night": 12,
        "harvest": "exempt",
        "luminance": 10,
        "anger_triggers": ["HURT", "FRIEND_ATTACKED", "FRIEND_DIED"],
        "path_settings": {
            "max_dist": 1
        },
        "special_attacks": [{
                "type": "spell",
                "monster_message": "<color_yellow>%1$s blooms a vector haze!</color>",
                "spell_data": { "id":"mon_vector_rize_big_target"},
                "cooldown": 18
            }
        ],
        "death_function": ["NORMAL"],
        "flags": ["SEES", "SMELLS", "BASHES", "GROUP_BASH", "NOHEAD", "NO_BREATHE", "STUN_IMMUNE"]
    }
]
