[
  {
    "id": "bio_nanite_spawning",
    "type": "TOOL",
    "category": "spare_parts",
    "name": "纳米生物培养箱(激活)",
    "description": "装满了材料以及生物兼容纳米粒子的培养箱,完成培养之后它们将可以取出，并且培养箱将会进入空闲状态.",
    "weight": 6000,
    "volume": 240,
    "price": 0,
    "to_hit": -2,
    "material": [ "steel" ],
    "symbol": ",",
    "color": "brown",
    "use_action": {
      "target": "bio_nanite_spawned",
      "msg": "生物相容的纳米聚成一簇容易去除.",
      "moves": 150,
      "type": "delayed_transform",
      "transform_age": 43200,
      "not_ready_msg": "培养尚未完成."
    },
    "flags": [ "TRADER_AVOID", "NO_SALVAGE" ]
  },{
    "id": "bio_nanite_spawned",
    "type": "TOOL",
    "category": "spare_parts",
    "name": "纳米生物培养箱(完成)",
    "description": "一个装满了生物兼容纳米粒子的容器,这些生物纳米粒子已经进入空闲状态并准备被取出.（拆解以恢复）",
    "weight": 6000,
    "volume": 240,
    "price": 0,
    "to_hit": -2,
    "material": [ "steel" ],
    "symbol": ",",
    "color": "brown",
    "flags": [ "TRADER_AVOID", "NO_SALVAGE" ]
  },{
    "id": "nanite_cluster",
    "type": "AMMO",
    "symbol": ";",
    "color": "green",
    "name": "纳米粒子",
    "name_plural": "nanites",
    "description": "一堆不活跃的纳米粒子",
    "looks_like": "slime_scrap",
    "price": 12000,
    "material": "nanite",
    "ammo_type" : "nanite",
    "damage" : 0,
    "pierce" : 0,
    "range" : 0,
    "dispersion" : 0,
    "recoil" : 0,
    "loudness": 0,
    "count" : 100,
    "stack_size" : 100,
    "weight": 1,
    "volume": "100ml",
    "effects" : ["NEVER_MISFIRES"],
    "flags": [ "TRADER_AVOID" ]
  },{
    "id": "bio_nanites",
    "type": "AMMO",
    "symbol": ";",
    "color": "green",
    "name": "纳米生物粒子",
    "name_plural": "bio-compatible nanites",
    "description": "一批非活性纳米生物粒子",
    "looks_like": "slime_scrap",
    "price": 12000,
    "material": "nanite",
    "ammo_type" : "nanite",
    "damage" : 0,
    "pierce" : 0,
    "range" : 0,
    "dispersion" : 0,
    "recoil" : 0,
    "loudness": 0,
    "count" : 100,
    "stack_size" : 100,
    "weight": 1,
    "volume": "100ml",
    "effects" : ["NOGIB", "NEVER_MISFIRES"],
    "flags": [ "TRADER_AVOID" ]
  }
]