[
  {
    "id": "programming_laptop",
    "type": "TOOL",
    "name": "可编程笔记本电脑",
    "description": "一台修好的笔记本电脑,可以用来编程,需要外部电源充电.",
    "weight": 2721,
    "volume": 4,
    "price": 10000,
    "material": [ "plastic", "aluminum" ],
    "symbol": ",",
    "color": "yellow",
    "ammo": "battery",
    "max_charges": 1000,
    "flags": [ "WATCH", "ALARMCLOCK", "NO_UNLOAD", "NO_RELOAD", "RECHARGE" ]
  },{
    "type" : "AMMO",
    "id" : "3d_resin",
    "category" : "ammo",
    "price" : 50,
    "name" : "原料(塑料)",
    "symbol" : "=",
    "color" : "light_blue",
    "description" : "用于高级制造的塑料原料",
    "looks_like": "solder_wire",
    "volume" : "50ml",
    "weight" : 10,
    "phase" : "solid",
    "bashing" : 1,
    "cutting" : 0,
    "to_hit" : 0,
    "ammo_type" : "3d_resin",
    "damage" : 0,
    "pierce" : 0,
    "range" : 0,
    "dispersion" : 0,
    "recoil" : 0,
    "count" : 100,
    "effects" : "NEVER_MISFIRES"
  },{
    "type" : "AMMO",
    "id" : "3d_resin_metal",
    "category" : "ammo",
    "price" : 50,
    "name" : "原料(金属)",
    "symbol" : "=",
    "color" : "light_blue",
    "description" : "用于高级制造的金属原料.",
    "looks_like": "solder_wire",
    "volume" : "50ml",
    "weight" : 10,
    "phase" : "solid",
    "bashing" : 1,
    "cutting" : 0,
    "to_hit" : 0,
    "ammo_type" : "3d_resin",
    "damage" : 0,
    "pierce" : 0,
    "range" : 0,
    "dispersion" : 0,
    "recoil" : 0,
    "count" : 100,
    "effects" : "NEVER_MISFIRES"
  },{       
    "type" : "AMMO",
    "id" : "3d_resin_electronic",
    "category" : "ammo",
    "price" : 50,
    "name" : "原料(电子元件)",
    "symbol" : "=",
    "color" : "light_blue",
    "description" : "用于高级制造的电子元件原料.",
    "looks_like": "cable",
    "volume" : "50ml",
    "weight" : 10,
    "phase" : "solid",
    "bashing" : 1,
    "cutting" : 0,
    "to_hit" : 0,
    "ammo_type" : "3d_resin",
    "damage" : 0,
    "pierce" : 0,
    "range" : 0,
    "dispersion" : 0,
    "recoil" : 0,
    "count" : 100,
    "effects" : "NEVER_MISFIRES"
  },{
    "type" : "ammunition_type",
    "id" : "3d_resin",
    "name" : "3D打印",
    "default" : "3d_resin"
  },{
    "id": "nanofactory_1",
    "type": "TOOL",
    "symbol": ";",
    "color": "light_cyan",
    "name": "纳米工厂（基础）",
    "description": "体积巨大的基础型纳米产品生产机器,可以将内部的纳米粒子高效地组装成产品,只可以完成基础的纳米制造工作.",
    "looks_like": "weldrig",
    "price": 240000,
    "material": "nanite",
    "weight": 600000,
    "volume": 2000,
    "bashing": 5,
    "cutting": 0,
    "to_hit": -1,
    "flags": [ "TRADER_AVOID" ],
    "qualities": [["NANO_FAB", 1] ]
  },{
    "id": "nanofactory_exp",
    "type": "TOOL",
    "symbol": ";",
    "color": "light_cyan",
    "name": "试验型纳米装配机",
    "description": "低效切笨重的纳米产品制造系统,使用它或许你可以修复一些有用的东西.",
    "looks_like": "weldrig",
    "price": 240000,
    "material": "nanite",
    "weight": 600000,
    "volume": 2000,
    "bashing": 5,
    "cutting": 0,
    "to_hit": -1,
    "flags": [ "TRADER_AVOID" ]
  },{
    "id": "nano_ammo_fab",
    "type": "TOOL",
    "symbol": ";",
    "color": "light_cyan",
    "name": "纳米弹药装配机",
    "looks_like": "toolbox",
    "description": "通过预设的编程,可以将注入的原料加工过程对应的纳米弹药。",
    "price": 24000,
    "material": "nanite",
    "weight": 3522,
    "volume": 10,
    "bashing": 5,
    "cutting": 0,
    "to_hit": -1,
    "flags": [ "TRADER_AVOID" ]
  },{
    "id": "nanite_power_cell",
    "type": "AMMO",
    "name": "纳米动力电池",
    "description": "由钚加工成的小块纳米电池",
    "looks_like": "plut_cell",
    "weight": 174,
    "volume": 1,
    "price": 30000,
    "count": 20,
    "stack_size": 20,
    "material": "steel",
    "symbol": ",",
    "color": "light_gray",
    "ammo_type": "components",
    "flags": [ "TRADER_AVOID" ]
  },{
    "id": "nano_programmer_1",
    "type": "TOOL",
    "symbol": ";",
    "color": "light_cyan",
    "name": "纳米编程器（基础）",
    "description": "一种小型终端,可以与附近的纳米机器人链接，向它们上传数据与程序,还可以利用远程终端入侵纳米机器人.",
    "looks_like": "control_laptop",
    "price": 240000,
    "material": "nanite",
    "weight": 1000,
    "volume": 4,
    "bashing": 1,
    "cutting": 1,
    "to_hit": -1,
    "flags": [ "TRADER_AVOID" ],
    "qualities": [["NANO_PRO", 1] ],
    "use_action": [
      "ROBOTCONTROL",
      {
        "type": "repair_item",
        "item_action_type": "repair_metal",
        "materials": [ "nanite" ],
        "skill": "mechanics",
        "cost_scaling": 1,
        "move_cost": 250
      }
    ]
  },{
    "id": "nanofactory_2",
    "type": "TOOL",
    "symbol": ";",
    "color": "light_blue",
    "name": "纳米工厂（高级）",
    "description": "优化后的纳米产品生产机器,体积及重量稍微降低,但依然无法携带,能完成部分纳米产品的生产工作.",
    "looks_like": "weldrig",
    "price": 480000,
    "material": "nanite",
    "weight": 300000,
    "volume": 640,
    "bashing": 5,
    "cutting": 0,
    "to_hit": -1,
    "flags": [ "TRADER_AVOID" ],
    "qualities": [["NANO_FAB", 2] ]
  },{
    "id": "nano_programmer_2",
    "type": "TOOL",
    "symbol": ";",
    "color": "light_blue",
    "name": "纳米编程器（高级）",
    "description": "一种小型终端,可以与附近的纳米机器人链接，向它们上传数据与程序,还可以利用远程终端入侵纳米机器人.",
    "looks_like": "control_laptop",
    "price": 480000,
    "material": "nanite",
    "weight": 100,
    "volume": 4,
    "bashing": 1,
    "cutting": 1,
    "to_hit": -1,
    "flags": [ "TRADER_AVOID" ],
    "qualities": [["NANO_PRO", 2] ],
    "use_action": [
      "ROBOTCONTROL",
      {
        "type": "repair_item",
        "item_action_type": "repair_metal",
        "materials": [ "nanite" ],
        "skill": "mechanics",
        "cost_scaling": 0.75,
        "move_cost": 250
      }
    ]
  },{
    "id": "nanofactory_3",
    "type": "TOOL",
    "symbol": ";",
    "color": "cyan",
    "name": "便携式纳米工厂（基础）",
    "description": "经过优化后纳米生产工具,体积及重量大幅减少,易于携带,可以完成大部分纳米产品的生产工作.",
    "looks_like": "control_laptop",
    "price": 960000,
    "material": "nanite",
    "weight": 1000,
    "volume": 16,
    "bashing": 0,
    "cutting": 0,
    "to_hit": -1,
    "flags": [ "TRADER_AVOID" ],
    "qualities": [["NANO_FAB", 3], ["NANOTECH", 2], ["NANO_PRO", 3] ],
    "use_action": [
      "ROBOTCONTROL",
      {
        "type": "repair_item",
        "item_action_type": "repair_metal",
        "materials": [ "nanite" ],
        "skill": "mechanics",
        "cost_scaling": 0.5,
        "move_cost": 250
      }
    ]
  },{
    "id": "nanofactory_4",
    "type": "TOOL",
    "symbol": ";",
    "color": "blue",
    "name": "便携式纳米工厂（高级）",
    "description": "经过优化后纳米生产工具,体积及重量大幅减少,易于携带,可以完成所有纳米产品的生产工作.",
    "looks_like": "two_way_radio",
    "price": 1920000,
    "material": "nanite",
    "weight": 200,
    "volume": 6,
    "bashing": 0,
    "cutting": 0,
    "to_hit": -1,
    "flags": [ "TRADER_AVOID" ],
    "qualities": [["NANO_FAB", 4], ["NANOTECH", 4], ["NANO_PRO", 4 ] ],
    "use_action": [
      "ROBOTCONTROL",
      {
        "type": "repair_item",
        "item_action_type": "repair_metal",
        "materials": [ "nanite" ],
        "skill": "mechanics",
        "cost_scaling": 0.25,
        "move_cost": 250
      }
    ]
  }
]