[
  {
    "type": "mapgen",
    "method": "json",
    "om_terrain": [
      "shrine_anomaly"
    ],
    "weight": 300,
    "object": {
      "rows": [
        ",,,,,,,,,,,,,,,,,,,,,,,,",
        ",,=TTTTTT==,,==TTTTTT=,,",
        ",==T,,,,,,,,,,,,,,,,T==,",
        ",TT,,======++======,,TT,",
        ",T,,==............==,,T,",
        ",T,==..I........I..==,T,",
        ",T,T]..............]T,T,",
        ",T,T]..I........I..]T,T,",
        ",T,T]..............]T,T,",
        ",=,T]..I........I..]T,=,",
        ",=,=]..............]=,=,",
        ",,,========xx========,,,",
        ",,,=C..............C=,,,",
        ",=,=p....iiiiii....p=,=,",
        ",=,=p...ii....ii...p=,=,",
        ",T,=p..ii......ii..p=,T,",
        ",T,=p..i...aa...i..p=,T,",
        ",T,=C..ii......ii..C=,T,",
        ",T,==C..ii....ii..C==,T,",
        ",T,,==C..iiiiii..C==,,T,",
        ",TT,,==============,,TT,",
        ",==T,,,,,,,,,,,,,,,,T==,",
        ",,=TTTTTT==,,==TTTTTT=,,",
        ",,,,,,,,,,,,,,,,,,,,,,,,"
      ],
      "palettes": [
        "arcana_palette"
      ],
      "set": [
        {
          "point": "trap",
          "id": "tr_portal",
          "x": [
            11,
            12
          ],
          "y": [
            0,
            2
          ],
          "repeat": [
            0,
            1
          ]
        }
      ],
      "terrain": {
        "T": [
          "t_rock_smooth",
          "t_rock_smooth",
          "t_dirt",
          "t_lava"
        ],
        "x": "t_rdoor_boarded"
      },
      "furniture": {
        "C": "f_coffin_c",
        "i": "f_candle_barrier_playermade"
      },
      "mapping": {
        "C": {
          "furniture": "f_coffin_c",
          "items": [
            {
              "item": "summoner_casualties",
              "chance": 80
            }
          ]
        }
      },
      "place_loot": [
        {
          "group": "unaligned_arcanist_books",
          "x": 4,
          "y": [
            6,
            10
          ],
          "chance": 40,
          "repeat": 10
        },
        {
          "group": "unaligned_arcanist_books",
          "x": 19,
          "y": [
            6,
            10
          ],
          "chance": 40,
          "repeat": 10
        },
        {
          "item": "essence_blood",
          "x": [
            11,
            12
          ],
          "y": 16,
          "chance": 50,
          "repeat": [
            5,
            10
          ]
        },
        {
          "item": "jade_wreath",
          "x": [
            11,
            12
          ],
          "y": 16
        }
      ],
      "place_monster": [
        {
          "monster": "mon_dementia",
          "x": [
            8,
            15
          ],
          "y": [
            5,
            10
          ],
          "repeat": [
            3,
            6
          ]
        },
        {
          "monster": "mon_blood_sacrifice",
          "x": 10,
          "y": 10
        },
        {
          "monster": "mon_blood_sacrifice",
          "x": 13,
          "y": 10
        },
        {
          "monster": "mon_shoggoth_summoned",
          "x": 11,
          "y": 15,
          "chance": 100
        }
      ]
    }
  },
  {
    "type": "mapgen",
    "method": "json",
    "om_terrain": [
      "shrine_anomaly_2"
    ],
    "weight": 300,
    "object": {
      "rows": [
        "                        ",
        "                        ",
        "                        ",
        "   ;;;;;;~~~~~~;;;;;;   ",
        "   ;                ;   ",
        "   ; ############## ;   ",
        "   ; #]]]......{{{# ;   ",
        "   ; #............# ;   ",
        "   ; #..IIIiiIII..# ;   ",
        "   ~ #..I..rr..I..# ~   ",
        "   ~ #..I.rrrr.I..# ~   ",
        "     x..IrreerrI..x     ",
        "     x..IrreerrI..x     ",
        "   ~ #..I.rrrr.I..# ~   ",
        "   ~ #..I..rr..I..# ~   ",
        "   ; #..IIIiiIII..# ;   ",
        "   ; #............# ;   ",
        "   ; #{{{......]]]# ;   ",
        "   ; ############## ;   ",
        "   ;                ;   ",
        "   ;;;;;;~~~~~~;;;;;;   ",
        "                        ",
        "                        ",
        "                        "
      ],
      "palettes": [
        "arcana_palette"
      ],
      "terrain": {
        " ": [
          [
            "t_dirt",
            3
          ],
          [
            "t_grass",
            2
          ],
          "t_shrub",
          "t_tree_dead",
          "t_water_sh",
          [
            "t_swater_sh",
            2
          ]
        ],
        "~": "t_swater_sh",
        ";": "t_swater_dp",
        "#": "t_rock_wall",
        "x": "t_door_locked",
        "e": "t_carpet_green",
        "r": "t_carpet_green"
      },
      "furniture": {
        "i": "f_candle_barrier_playermade"
      },
      "set": [
        {
          "point": "trap",
          "id": "tr_snake",
          "x": [
            6,
            7
          ],
          "y": [
            7,
            16
          ],
          "repeat": [
            3,
            6
          ]
        },
        {
          "point": "trap",
          "id": "tr_snake",
          "x": [
            16,
            17
          ],
          "y": [
            7,
            16
          ],
          "repeat": [
            3,
            6
          ]
        },
        {
          "point": "trap",
          "id": "tr_portal",
          "x": [
            1,
            22
          ],
          "y": [
            21,
            23
          ],
          "repeat": [
            0,
            1
          ]
        }
      ],
      "place_loot": [
        {
          "group": "unaligned_arcanist_books",
          "x": [
            6,
            8
          ],
          "y": 6,
          "chance": 50,
          "repeat": 6
        },
        {
          "group": "magic_consumables",
          "x": [
            15,
            17
          ],
          "y": 6,
          "chance": 40,
          "repeat": 4
        },
        {
          "group": "unaligned_arcanist_books",
          "x": [
            6,
            8
          ],
          "y": 17,
          "chance": 50,
          "repeat": 6
        },
        {
          "group": "magic_consumables",
          "x": [
            15,
            17
          ],
          "y": 17,
          "chance": 40,
          "repeat": 4
        },
        {
          "item": "moonstone_fang",
          "x": [
            11,
            12
          ],
          "y": [
            11,
            12
          ]
        }
      ],
      "place_monster": [
        {
          "monster": "mon_rattlesnake",
          "x": [
            0,
            23
          ],
          "y": [
            0,
            4
          ],
          "repeat": [
            2,
            4
          ]
        },
        {
          "monster": "mon_rattlesnake_giant",
          "x": [
            0,
            23
          ],
          "y": [
            19,
            23
          ],
          "repeat": [
            2,
            4
          ]
        },
        {
          "monster": "mon_sewer_snake",
          "x": [
            0,
            4
          ],
          "y": [
            0,
            23
          ],
          "repeat": [
            3,
            6
          ]
        },
        {
          "monster": "mon_sewer_snake",
          "x": [
            19,
            23
          ],
          "y": [
            0,
            23
          ],
          "repeat": [
            3,
            6
          ]
        },
        {
          "monster": "mon_twisted_body",
          "x": 11,
          "y": 10,
          "chance": 50
        }
      ]
    }
  },
  {
    "type": "mapgen",
    "method": "json",
    "om_terrain": [
      "shrine_anomaly_3"
    ],
    "weight": 300,
    "object": {
      "rows": [
        ",,####################,,",
        ",##,,,,,,,,,,,,,#,,,,##,",
        "##,,,,,#,,,,,,,,,,,,,,##",
        "#,,I,,,##########,,,I,,#",
        "#,,,,,##mmmmmmmm##,,,,,#",
        "#,,,,##mmuuuuuumm##,,,,#",
        "#,,,##mmuuEEEEuumm##,,,#",
        "#,,##mmuuEEEEEEuumm##,,#",
        "#,,#mmuuIEEEEEEIuumm#,,#",
        "#,,#muuEEbEEEEbEEuum#,,#",
        "#,,#muEEEEEEEEEEEEum#,,#",
        "#,,#muEEEEEaaEEEEEum#,,#",
        "#,,#muEEEEEaaEEEEEum#,,#",
        "#,,#muEEEEEEEEEEEEum#,,#",
        "#,,#muuEEbEEEEbEEuum#,,#",
        "#,,#mmuuIEEEEEEIuumm#,,#",
        "#,,##mmuuEEEEEEuumm##,,#",
        "#,,,##mmuuEEEEuumm##,,,#",
        "#,,,,##mmuuuuuumm##,,,,#",
        "#,,,,,##mmmmmmmm##,,,,,#",
        "#,,I,,,###iiii###,,,I,,#",
        "##,,,,,,,,,,,,##,,,,,,##",
        ",##,,,,,,,,,,##,,,,,,##,",
        ",,#############,,,,,##,,"
      ],
      "palettes": [
        "arcana_palette"
      ],
      "terrain": {
        "b": "t_rock_floor_no_roof",
        "i": "t_dirt"
      },
      "furniture": {
        "i": "f_candle_barrier_playermade"
      },
      "mapping": {
        "a": {
          "furniture": "f_slab",
          "items": {
            "item": "magic_items",
            "chance": 40,
            "repeat": 2
          }
        },
        "b": {
          "furniture": "f_brazier",
          "items": {
            "item": "cult_sacrifice",
            "chance": 100
          }
        }
      },
      "set": [
        {
          "point": "trap",
          "id": "tr_glow",
          "x": [
            9,
            14
          ],
          "y": [
            9,
            14
          ],
          "repeat": [
            2,
            3
          ]
        },
        {
          "point": "trap",
          "id": "tr_hum",
          "x": [
            9,
            14
          ],
          "y": [
            9,
            14
          ],
          "repeat": [
            2,
            3
          ]
        },
        {
          "point": "trap",
          "id": "tr_drain",
          "x": [
            9,
            14
          ],
          "y": [
            9,
            14
          ],
          "repeat": [
            2,
            3
          ]
        },
        {
          "point": "trap",
          "id": "tr_portal",
          "x": [
            3,
            12
          ],
          "y": [
            21,
            22
          ],
          "repeat": [
            0,
            1
          ]
        }
      ],
      "place_loot": [
        {
          "group": "summoner_casualties",
          "x": [
            20,
            22
          ],
          "y": [
            17,
            19
          ],
          "chance": 90
        },
        {
          "group": "summoner_casualties",
          "x": [
            20,
            22
          ],
          "y": [
            4,
            6
          ],
          "chance": 90
        },
        {
          "group": "summoner_casualties",
          "x": [
            1,
            3
          ],
          "y": [
            4,
            6
          ],
          "chance": 90
        },
        {
          "group": "summoner_casualties",
          "x": [
            1,
            3
          ],
          "y": [
            17,
            19
          ],
          "chance": 90
        },
        {
          "item": "meteoric_talisman",
          "x": [
            11,
            12
          ],
          "y": [
            11,
            12
          ]
        }
      ],
      "place_monster": [
        {
          "monster": "mon_crawler",
          "x": [
            8,
            15
          ],
          "y": [
            1,
            2
          ],
          "repeat": [
            2,
            3
          ]
        },
        {
          "monster": "mon_one_eye",
          "x": [
            20,
            22
          ],
          "y": [
            17,
            19
          ]
        },
        {
          "monster": "mon_one_eye",
          "x": [
            1,
            3
          ],
          "y": [
            17,
            19
          ]
        }
      ],
      "place_monsters": [
        {
          "monster": "GROUP_IMPACT",
          "x": [
            6,
            17
          ],
          "y": [
            6,
            17
          ],
          "density": 0.1
        }
      ]
    }
  }
]