[
  {
    "type": "mapgen",
    "method": "json",
    "om_terrain": [
      "impact_site"
    ],
    "weight": 100,
    "object": {
      "fill_ter": "t_dirt",
      "rows": [
        "                        ",
        "        mmm  mmm        ",
        "      mmmuu  uummm      ",
        "    mmmuuuu  uuuummm    ",
        "   mmuuuuu    uuuuumm   ",
        "   muuuuuEEEEEEuuuuum   ",
        "  mmuuuuEEEEEEEEuuuumm  ",
        "  muuuuaEEEEEEEEauuuum  ",
        " mmuuuEEEEEEEEEEEEuuumm ",
        " muuuEEEEbEEEEbEEEEuuum ",
        " muu EEEEEEEEEEEEEE uum ",
        "     EEEEEE<<EEEEEE     ",
        "     EEEEEE<<EEEEEE     ",
        " muu EEEEEEEEEEEEEE uum ",
        " muuuEEEEbEEEEbEEEEuuum ",
        " mmuuuEEEEEEEEEEEEuuumm ",
        "  muuuuaEEEEEEEEauuuum  ",
        "  mmuuuuEEEEEEEEuuuumm  ",
        "   muuuuuEEEEEEuuuuum   ",
        "   mmuuuuu    uuuuumm   ",
        "    mmmuuuu  uuuummm    ",
        "      mmmuu  uummm      ",
        "        mmm  mmm        ",
        "                        "
      ],
      "palettes": [
        "arcana_palette"
      ],
      "terrain": {
        "b": "t_rock_floor_no_roof"
      },
      "mapping": {
        "b": {
          "furniture": "f_brazier",
          "items": {
            "item": "cult_sacrifice",
            "chance": 100
          }
        }
      },
      "place_monsters": [
        {
          "monster": "GROUP_IMPACT",
          "x": [
            6,
            17
          ],
          "y": [
            6,
            17
          ],
          "density": 0.1
        }
      ]
    }
  },
  {
    "type": "mapgen",
    "method": "json",
    "om_terrain": [
      "impact_platforms_center"
    ],
    "weight": 100,
    "object": {
      "fill_ter": "t_open_air",
      "rows": [
        "           ____________ ",
        "           __         _ ",
        "  __???????__ _________ ",
        " ___???????__ _         ",
        " ___       __ _________ ",
        " ??      ==..==      __ ",
        " ??     ==....==     __ ",
        " ??    ==......==    __ ",
        " ??   ==........==   __ ",
        " ??  ==..I....I..==  __ ",
        " ??  =............=  __ ",
        "___  3.....>>.....3  ___",
        "___  3.....>>.....3  ___",
        " __  =............=  ?? ",
        " __  ==..I....I..==  ?? ",
        " __   ==........==   ?? ",
        " __    ==......==    ?? ",
        " __     ==....==     ?? ",
        " ___     ==..==      ?? ",
        "  ________ __       ___ ",
        "         _ __???????___ ",
        " _________ __???????__  ",
        " _         __           ",
        " ____________           "
      ],
      "palettes": [
        "arcana_palette"
      ],
      "set": [
        {
          "point": "trap",
          "id": "tr_glow",
          "x": [
            13,
            19
          ],
          "y": [
            20,
            21
          ],
          "repeat": [
            5,
            10
          ]
        },
        {
          "point": "trap",
          "id": "tr_drain",
          "x": [
            21,
            22
          ],
          "y": [
            13,
            18
          ],
          "repeat": [
            4,
            8
          ]
        },
        {
          "point": "trap",
          "id": "tr_drain",
          "x": [
            4,
            10
          ],
          "y": [
            2,
            3
          ],
          "repeat": [
            5,
            10
          ]
        },
        {
          "point": "trap",
          "id": "tr_glow",
          "x": [
            1,
            2
          ],
          "y": [
            5,
            10
          ],
          "repeat": [
            4,
            8
          ]
        }
      ],
      "terrain": {
        "?": "t_floor_blue",
        "_": "t_rock_floor_no_roof"
      },
      "place_monsters": [
        {
          "monster": "GROUP_ARCHON",
          "x": [
            0,
            23
          ],
          "y": [
            0,
            23
          ],
          "density": 0.15
        }
      ]
    }
  },
  {
    "type": "mapgen",
    "method": "json",
    "om_terrain": [
      "impact_platforms_left"
    ],
    "weight": 100,
    "object": {
      "fill_ter": "t_open_air",
      "rows": [
        "                        ",
        "                        ",
        "                        ",
        "                        ",
        "                        ",
        "                        ",
        "                        ",
        "                        ",
        "                ====    ",
        "               ==..==   ",
        "              ==....==  ",
        "              =..<<..+..",
        "              =..<<..+..",
        "              ==....==  ",
        "               ==..==   ",
        "                ====    ",
        "                        ",
        "                        ",
        "                        ",
        "                        ",
        "                        ",
        "                        ",
        "                        ",
        "                        "
      ],
      "palettes": [
        "arcana_palette"
      ],
      "place_monsters": [
        {
          "monster": "GROUP_ARCHON",
          "x": [
            0,
            23
          ],
          "y": [
            0,
            23
          ],
          "density": 0.1
        }
      ]
    }
  },
  {
    "type": "mapgen",
    "method": "json",
    "om_terrain": [
      "impact_platforms_right"
    ],
    "weight": 100,
    "object": {
      "fill_ter": "t_open_air",
      "rows": [
        "                        ",
        "                        ",
        "                        ",
        "                        ",
        "                        ",
        "                        ",
        "                        ",
        "                        ",
        "    ====                ",
        "   ==..==               ",
        "  ==....==              ",
        "..+..<<..=              ",
        "..+..<<..=              ",
        "  ==....==              ",
        "   ==..==               ",
        "    ====                ",
        "                        ",
        "                        ",
        "                        ",
        "                        ",
        "                        ",
        "                        ",
        "                        ",
        "                        "
      ],
      "palettes": [
        "arcana_palette"
      ],
      "place_monsters": [
        {
          "monster": "GROUP_ARCHON",
          "x": [
            0,
            23
          ],
          "y": [
            0,
            23
          ],
          "density": 0.1
        }
      ]
    }
  },
  {
    "type": "mapgen",
    "method": "json",
    "om_terrain": [
      "impact_temple_left"
    ],
    "weight": 100,
    "object": {
      "fill_ter": "t_open_air",
      "rows": [
        "                        ",
        "                        ",
        "                        ",
        "                        ",
        "                        ",
        "                        ",
        "        =3??3=          ",
        "       ==CCCC3          ",
        "      ==.....?  ====   =",
        "      3{..Zb.3 ==..== ==",
        "      ?{.....===....===.",
        "      .{......+..>>..+i.",
        "      .{......+..>>..+i.",
        "      ?{.....===....===.",
        "      3{..AF.3 ==..== ==",
        "      ==.....?  ====   =",
        "       ==CCCC3          ",
        "        =3??3=          ",
        "                        ",
        "                        ",
        "                        ",
        "                        ",
        "                        ",
        "                        "
      ],
      "palettes": [
        "arcana_palette"
      ],
      "set": [
        {
          "point": "trap",
          "id": "tr_portal",
          "x": [
            9,
            11
          ],
          "y": [
            9,
            14
          ],
          "repeat": [
            1,
            2
          ]
        }
      ],
      "mapping": {
        "{": {
          "item": [
            {
              "item": "glass_shard",
              "chance": 75
            }
          ]
        }
      },
      "terrain": {
        "?": [
          "t_window_stained_blue",
          "t_rock_floor"
        ]
      },
      "place_loot": [
        {
          "group": "chalice_cult_gear",
          "x": [
            9,
            12
          ],
          "y": 7,
          "chance": 5,
          "repeat": 8
        },
        {
          "group": "chalice_cult_consumables",
          "x": 7,
          "y": [
            9,
            14
          ],
          "chance": 25,
          "repeat": 12
        },
        {
          "group": "chalice_cult_crafting",
          "x": [
            9,
            12
          ],
          "y": 16,
          "chance": 30,
          "repeat": 8
        },
        {
          "group": "chalice_cult_casualties",
          "x": [
            8,
            12
          ],
          "y": [
            8,
            15
          ],
          "chance": 90
        }
      ],
      "place_monsters": [
        {
          "monster": "GROUP_ARCHON",
          "x": [
            8,
            12
          ],
          "y": [
            8,
            15
          ],
          "density": 0.1
        }
      ]
    }
  },
  {
    "type": "mapgen",
    "method": "json",
    "om_terrain": [
      "impact_temple_right"
    ],
    "weight": 100,
    "object": {
      "fill_ter": "t_open_air",
      "rows": [
        "                        ",
        "                        ",
        "                        ",
        "                        ",
        "                        ",
        "                        ",
        "          =3??3=        ",
        "          3....==       ",
        "=   ====  ?.]]..==      ",
        "== ==..== 3.]].hd3      ",
        ".===....===.]].hd?      ",
        ".i+..>>..+.....hd.      ",
        ".i+..>>..+.....hd.      ",
        ".===....===.]].hd?      ",
        "== ==..== 3.]].hd3      ",
        "=   ====  ?.]]..==      ",
        "          3....==       ",
        "          =3??3=        ",
        "                        ",
        "                        ",
        "                        ",
        "                        ",
        "                        ",
        "                        "
      ],
      "palettes": [
        "arcana_palette"
      ],
      "set": [
        {
          "point": "trap",
          "id": "tr_portal",
          "x": [
            12,
            13
          ],
          "y": [
            11,
            12
          ]
        }
      ],
      "mapping": {
        "d": {
          "item": [
            {
              "item": "glass_shard",
              "chance": 50
            }
          ]
        },
        "h": {
          "item": [
            {
              "item": "glass_shard",
              "chance": 25
            }
          ]
        }
      },
      "terrain": {
        "?": [
          "t_window_stained_blue",
          "t_rock_floor"
        ]
      },
      "place_loot": [
        {
          "group": "chalice_cult_books",
          "x": [
            12,
            13
          ],
          "y": [
            8,
            10
          ],
          "chance": 75,
          "repeat": 12
        },
        {
          "group": "chalice_cult_books",
          "x": [
            12,
            13
          ],
          "y": [
            13,
            15
          ],
          "chance": 75,
          "repeat": 12
        },
        {
          "group": "chalice_cult_casualties",
          "x": 15,
          "y": [
            9,
            14
          ],
          "chance": 90
        }
      ],
      "place_monsters": [
        {
          "monster": "GROUP_ARCHON",
          "x": [
            11,
            14
          ],
          "y": [
            8,
            15
          ],
          "density": 0.05
        }
      ]
    }
  },
  {
    "type": "mapgen",
    "method": "json",
    "om_terrain": [
      "impact_temple_center"
    ],
    "weight": 100,
    "object": {
      "fill_ter": "t_open_air",
      "rows": [
        "        ========        ",
        "       ==brrrrb==       ",
        "       =rrrrrrrr=       ",
        "       =rrrrrrrr=       ",
        "       =rrrrrrrr=       ",
        "       =rrrrrrrr=       ",
        "       =rrrrrrrr=       ",
        " ========brrrrb======== ",
        "==pppppp===XX===pppppp==",
        "...........rr...........",
        "..p.p.p.p.arra.p.p.p.p..",
        "..p.p.p.prrrrrrp.p.p.p..",
        "..p.p.p.prrrrrrp.p.p.p..",
        "..p.p.p.p.arra.p.p.p.p..",
        "...........rr...........",
        "==pppppp===++===pppppp==",
        " ========B....B======== ",
        "       =D..]]..D=       ",
        "       =B..]]..B=       ",
        "       =D..]]..D=       ",
        "       =B......B=       ",
        "       =D.hhhh.D=       ",
        "       ==BddddB==       ",
        "        ========        "
      ],
      "palettes": [
        "arcana_palette"
      ],
      "terrain": {
        "a": "t_carpet_red",
        "b": "t_carpet_red"
      },
      "place_loot": [
        {
          "group": "chalice_cult_casualty_special",
          "x": 11,
          "y": 4
        },
        {
          "item": "note_chalice",
          "x": [
            11,
            12
          ],
          "y": [
            4,
            5
          ]
        },
        {
          "group": "chalice_cult_casualties",
          "x": [
            1,
            22
          ],
          "y": [
            9,
            12
          ],
          "repeat": [
            2,
            5
          ]
        },
        {
          "group": "sanguine_cult_casualties",
          "x": [
            0,
            3
          ],
          "y": [
            9,
            12
          ],
          "repeat": [
            1,
            2
          ]
        },
        {
          "group": "sanguine_cult_casualties",
          "x": [
            20,
            23
          ],
          "y": [
            9,
            12
          ],
          "repeat": [
            1,
            2
          ]
        },
        {
          "item": "note_chalice_tenet",
          "x": [
            11,
            12
          ],
          "y": [
            17,
            19
          ],
          "chance": 90
        },
        {
          "group": "chalice_cult_books",
          "x": [
            11,
            12
          ],
          "y": [
            17,
            19
          ],
          "chance": 50,
          "repeat": 12
        },
        {
          "group": "chalice_cult_spells",
          "x": [
            11,
            12
          ],
          "y": [
            17,
            19
          ],
          "chance": 5,
          "repeat": 3
        },
        {
          "group": "chalice_cult_gear",
          "x": [
            11,
            12
          ],
          "y": 23,
          "chance": 5,
          "repeat": 4
        },
        {
          "group": "chalice_cult_consumables",
          "x": [
            11,
            12
          ],
          "y": 22,
          "chance": 25,
          "repeat": 4
        },
        {
          "group": "add_apprentice",
          "x": [
            11,
            12
          ],
          "y": 22,
          "chance": 50
        },
        {
          "item": "arcanemap",
          "x": [
            11,
            12
          ],
          "y": 22,
          "chance": 50
        }
      ],
      "place_monster": [
        {
          "monster": "mon_archon",
          "x": 7,
          "y": [
            11,
            12
          ]
        }
      ]
    }
  },
  {
    "type": "mapgen",
    "method": "json",
    "om_terrain": [
      "impact_roof_left"
    ],
    "weight": 100,
    "//": "Only way to give temple a roof without changing layout",
    "object": {
      "fill_ter": "t_open_air",
      "rows": [
        "                        ",
        "                        ",
        "                        ",
        "                        ",
        "                        ",
        "                        ",
        "        ======          ",
        "       ==....=          ",
        "      ==.....=  ====   =",
        "      =......= ==..== ==",
        "      =......===....===.",
        "      =.................",
        "      =.................",
        "      =......===....===.",
        "      =......= ==..== ==",
        "      ==.....=  ====   =",
        "       ==....=          ",
        "        ======          ",
        "                        ",
        "                        ",
        "                        ",
        "                        ",
        "                        ",
        "                        "
      ],
      "palettes": [
        "arcana_palette"
      ]
    }
  },
  {
    "type": "mapgen",
    "method": "json",
    "om_terrain": [
      "impact_roof_right"
    ],
    "weight": 100,
    "object": {
      "fill_ter": "t_open_air",
      "rows": [
        "                        ",
        "                        ",
        "                        ",
        "                        ",
        "                        ",
        "                        ",
        "          ======        ",
        "          =....==       ",
        "=   ====  =.....==      ",
        "== ==..== =......=      ",
        ".===....===......=      ",
        ".................=      ",
        ".................=      ",
        ".===....===......=      ",
        "== ==..== =......=      ",
        "=   ====  =.....==      ",
        "          =....==       ",
        "          ======        ",
        "                        ",
        "                        ",
        "                        ",
        "                        ",
        "                        ",
        "                        "
      ],
      "palettes": [
        "arcana_palette"
      ]
    }
  },
  {
    "type": "mapgen",
    "method": "json",
    "om_terrain": [
      "impact_roof_center"
    ],
    "weight": 100,
    "object": {
      "fill_ter": "t_open_air",
      "rows": [
        "        ========        ",
        "       ==......==       ",
        "       =........=       ",
        "       =........=       ",
        "       =........=       ",
        "       =........=       ",
        "       =........=       ",
        " =======........======= ",
        "==....................==",
        "........................",
        "........................",
        "........................",
        "........................",
        "........................",
        "........................",
        "==....................==",
        " =======........======= ",
        "       =........=       ",
        "       =........=       ",
        "       =........=       ",
        "       =........=       ",
        "       =........=       ",
        "       ==......==       ",
        "        ========        "
      ],
      "palettes": [
        "arcana_palette"
      ]
    }
  }
]