[
  {
    "type": "mapgen",
    "method": "json",
    "om_terrain": [
      "new_anomaly_1"
    ],
    "weight": 300,
    "object": {
      "rows": [
        ",,,,,,,,,,,,,,,,,,,,,,,,",
        ",=,,,,,,,,,,,,,,,,,,,,=,",
        ",,,,,,,,,,,==,,,,,,,,,,,",
        ",,,,,,,,,,,,,,,,,,,,,,,,",
        ",,,,,,,,,,,,,,,,,,,,,,,,",
        ",,,,,,,,,,,,,,,,,,,,,,,,",
        ",,,,,,,,,,,,,,,,,,,,,,,,",
        ",,,,,,,,,,,,,,,,,,,,,,,,",
        ",,,,,,,,,,,,,,,,,,,,,,,,",
        ",,,,,,,,I,,,,,,I,,,,,,,,",
        ",,,,,,,,,,EEEE,,,,,,,,,,",
        ",,,,,,,,,EEEEEE,,,,,,,,,",
        ",,=,,,,,,EEEEEE,,,,,,=,,",
        ",,=,,,,,,EEEEEE,,,,,,=,,",
        ",,,,,,,,,EEEEEE,,,,,,,,,",
        ",,,,,,,,,,EEEE,,,,,,,,,,",
        ",,,,,,,,I,,,,,,I,,,,,,,,",
        ",,,,,,,,,,,,,,,,,,,,,,,,",
        ",,,,,,,,,,,,,,,,,,,,,,,,",
        ",,,,,,,,,,,,,,,,,,,,,,,,",
        ",,,,,,,,,,,,,,,,,,,,,,,,",
        ",,,,,,,,,,,==,,,,,,,,,,,",
        ",=,,,,,,,,,,,,,,,,,,,,=,",
        ",,,,,,,,,,,,,,,,,,,,,,,,"
      ],
      "palettes": [
        "arcana_palette"
      ],
      "set": [
        {
          "point": "trap",
          "id": "tr_portal",
          "x": [
            9,
            13
          ],
          "y": [
            9,
            13
          ],
          "repeat": 2
        }
      ],
      "place_loot": [
        {
          "item": "essence_pure",
          "x": [
            9,
            13
          ],
          "y": [
            9,
            13
          ],
          "repeat": 2
        }
      ],
      "place_monsters": [
        {
          "monster": "GROUP_NETHER",
          "x": [
            3,
            20
          ],
          "y": [
            3,
            20
          ],
          "density": 0.15
        }
      ]
    }
  },
  {
    "type": "mapgen",
    "method": "json",
    "om_terrain": [
      "new_anomaly_2"
    ],
    "weight": 300,
    "object": {
      "rows": [
        ",,,,,,,,I======I,,,,,,,,",
        ",,,,,,~~~~~~~~~~~~,,,,,,",
        ",,,,,~~====,,====~~,,,,,",
        ",,,,~~==,,,,,,,,==~~,,,,",
        ",,,~~==,,,,,,,,,,==~~,,,",
        ",,~~==,,,,,,,,,,,,==~~,,",
        ",~~==,,,,,,,,,,,,,,==~~,",
        ",~==,,,,,,,,,,,,,,,,==~,",
        ",~=,,,,,,,~~~~,,,,,,,=~,",
        "I~=,,,,,I~~EE~~I,,,,,=~I",
        "=~=,,,,,~~EEEE~~,,,,,=~=",
        "=~~,,,,~~EEEEEE~~,,,,~~=",
        "=~~,,,,~EEEEEEEE~,,,,~~=",
        "=~=,,,,~EEEEEEEE~,,,,=~=",
        "I~=,,,,~~EEEEEE~~,,,,=~I",
        ",~=,,,,,~~EEEE~~,,,,,=~,",
        ",~==,,,,I~~EE~~I,,,,==~,",
        ",~~==,,,,,~~~~,,,,,==~~,",
        ",,~~==,,,,,,,,,,,,==~~,,",
        ",,,~~==,,,,,,,,,,==~~,,,",
        ",,,,~~==,,,,,,,,==~~,,,,",
        ",,,,,~~====~~====~~,,,,,",
        ",,,,,,~~~~~~~~~~~~,,,,,,",
        ",,,,,,,,I======I,,,,,,,,"
      ],
      "palettes": [
        "arcana_palette"
      ],
      "terrain": {
        "~": "t_water_sh"
      },
      "set": [
        {
          "point": "trap",
          "id": "tr_portal",
          "x": [
            9,
            13
          ],
          "y": [
            9,
            13
          ],
          "repeat": 3
        }
      ],
      "place_loot": [
        {
          "item": "essence_pure",
          "x": [
            9,
            13
          ],
          "y": [
            9,
            13
          ],
          "repeat": 3
        }
      ],
      "place_monsters": [
        {
          "monster": "GROUP_NETHER",
          "x": [
            3,
            20
          ],
          "y": [
            3,
            20
          ],
          "density": 0.2
        }
      ]
    }
  },
  {
    "type": "mapgen",
    "method": "json",
    "om_terrain": [
      "new_anomaly_t"
    ],
    "weight": 300,
    "object": {
      "rows": [
        ",,````````````````````,,",
        ",T`````````??`````````T,",
        "````````T`?~~?`T````````",
        "``````````T??T``````````",
        "````?T````````````T?````",
        "``T?~?````````````?~?T``",
        "````?``T```??```T``?````",
        "``````````?~~?``````````",
        "`````````?~~~~?`````````",
        "````````?~~EE~~?````````",
        "```T```?~~EEEE~~?```T```",
        "``T```?~~EEaaEE~~?```T``",
        "``T```?~~EEaaEE~~?```T``",
        "```T```?~~EEEE~~?```T```",
        "````````?~~EE~~?````````",
        "`````````?~~~~?`````````",
        "``````````?~~?``````````",
        "````?``T```??```T``?````",
        "``T?~?````````````?~?T``",
        "````?T````````````T?````",
        "``````````T??T``````````",
        "````````T`?~~?`T````````",
        ",T`````````??`````````T,",
        ",,````````````````````,,"
      ],
      "palettes": [
        "arcana_palette"
      ],
      "terrain": {
        "~": "t_water_sh",
        "?": [
          "t_water_sh",
          "t_grass"
        ]
      },
      "place_loot": [
        {
          "item": "triffid_queen_flower",
          "x": [
            11,
            12
          ],
          "y": [
            11,
            12
          ]
        }
      ],
      "place_monsters": [
        {
          "monster": "GROUP_TRIFFID",
          "x": [
            0,
            23
          ],
          "y": [
            0,
            23
          ],
          "density": 0.2
        }
      ]
    }
  },
  {
    "type": "mapgen",
    "method": "json",
    "om_terrain": [
      "new_anomaly_w"
    ],
    "weight": 300,
    "object": {
      "rows": [
        ",,,,,,,,,,,,,,,,,,,,,,,,",
        ",,,,,,,,,,====,,,,,,,,,,",
        ",,,,,,,=$==EE====,,,,,,,",
        ",,,,,,E$%E$$EEE~==,,,,,,",
        ",,,,,E$%%%EEEE~%~==,,,,,",
        ",,,,EE~~~%~~%~~%~~==,,,,",
        ",,,EE~~~~~~~~~%~~~~==,,,",
        ",,EE,~~EEE~~~~EEE~~~==,,",
        ",,=~%~~E$E~~~~EEE~~~~=!,",
        ",$=$%~~EEE~~~~EEE~~~E=!,",
        ",=$$$%~~~~~;;~~~~~~EE$=,",
        ",=EE$~~~~~;;;;~~~~~EEE=,",
        ",=EEE~~~~~;;;;~~~~~EEE=,",
        ",==EE%~~~~~;;~~~~~~EE$=,",
        ",,=E~~~EEE~~~~EEE~~~E=!,",
        ",,=~%~~EIE~~~~EIE~~~~=,!",
        ",,==~~~EEE~~~~EEE~~~==,,",
        ",,,==~~~~~~~~~~~~~~==,,,",
        ",,,,==~~~~~~~~~~~~==,,,,",
        ",,,,,==~~~EEEE~~~==,,,,,",
        ",,,,,,==~EEEEEE~==,,,,,,",
        ",,,,,,,====EE====,,,,,,,",
        ",,,,,,,,,,====,,,,,,,,,,",
        ",,,,,,,,,,,,,,,,,,,,,,,,"
      ],
      "palettes": [
        "arcana_palette"
      ],
      "terrain": {
        "~": "t_water_sh",
        ";": "t_water_dp",
        "%": "t_water_sh",
        "$": "t_rock_floor_no_roof",
        "!": "t_dirt"
      },
      "furniture": {
        "%": "f_rubble",
        "$": "f_rubble",
        "!": "f_rubble"
      },
      "mapping": {
        "%": {
          "item": [
            {
              "item": "rock",
              "chance": 50,
              "repeat": 5
            }
          ],
          "items": [
            {
              "item": "ceramics_workroom",
              "chance": 4
            },
            {
              "item": "metal_workshop",
              "chance": 3
            },
            {
              "item": "foodintincan",
              "chance": 2
            }
          ]
        },
        "$": {
          "item": [
            {
              "item": "rock",
              "chance": 50,
              "repeat": 5
            }
          ],
          "items": [
            {
              "item": "ceramics_workroom",
              "chance": 4
            },
            {
              "item": "metal_workshop",
              "chance": 3
            },
            {
              "item": "foodintincan",
              "chance": 2
            }
          ]
        },
        "!": {
          "item": [
            {
              "item": "rock",
              "chance": 50,
              "repeat": 5
            }
          ]
        },
        "E": {
          "items": [
            {
              "item": "ceramics_workroom",
              "chance": 3
            },
            {
              "item": "metal_workshop",
              "chance": 2
            },
            {
              "item": "foodintincan",
              "chance": 1
            }
          ]
        },
        "~": {
          "items": [
            {
              "item": "ceramics_workroom",
              "chance": 3
            },
            {
              "item": "metal_workshop",
              "chance": 2
            },
            {
              "item": "foodintincan",
              "chance": 1
            }
          ]
        }
      },
      "place_loot": [
        {
          "group": "map_extra_police",
          "x": [
            18,
            19
          ],
          "y": [
            6,
            7
          ]
        },
        {
          "group": "map_extra_drugdeal",
          "x": [
            8,
            9
          ],
          "y": [
            9,
            10
          ]
        },
        {
          "group": "map_extra_drugdeal",
          "x": [
            12,
            13
          ],
          "y": [
            14,
            14
          ]
        },
        {
          "group": "remains_soldier",
          "x": 21,
          "y": [
            11,
            12
          ]
        }
      ],
      "place_vehicles": [
        {
          "chance": 100,
          "rotation": 30,
          "vehicle": "pickup",
          "x": 19,
          "y": 10
        },
        {
          "chance": 100,
          "rotation": 90,
          "vehicle": "motorcycle",
          "x": 21,
          "y": 10
        }
      ],
      "place_monsters": [
        {
          "monster": "GROUP_RAZORCLAW",
          "x": [
            0,
            23
          ],
          "y": [
            0,
            23
          ],
          "density": 0.2
        }
      ]
    }
  }
]