[
  {
    "type": "mapgen",
    "method": "json",
    "om_terrain": [
      "island_temple_roof"
    ],
    "weight": 250,
    "object": {
      "fill_ter": "t_open_air",
      "rows": [
        "                        ",
        "                        ",
        "                        ",
        "                        ",
        "                        ",
        "                        ",
        "                        ",
        "                        ",
        "                        ",
        "                        ",
        "                        ",
        "                        ",
        "                        ",
        "                        ",
        "                        ",
        "                      __",
        "                      __",
        "                     ___",
        "                     ___",
        "                   _____",
        "                   _____",
        "                 _______",
        "               _________",
        "               _________"
      ],
      "terrain": {
        "_": "t_rock_floor_no_roof"
      }
    }
  },
  {
    "type": "mapgen",
    "method": "json",
    "om_terrain": [
      "island_temple_1"
    ],
    "weight": 250,
    "object": {
      "rows": [
        ",,,,,,,,,,,,,,,,,,,~~~~,",
        ",,,,,,,,,~~~~~~~~~~~~~~g",
        ",,,,,,,~~~~~~~~~~~~~;;;g",
        ",,,,,~~~~~;;;;;;;;;;;;;g",
        ",,,,~~~;;;;;;;;;;;;;;;;g",
        ",,,~~~;;;;;;;;;;;;;;;;;g",
        ",,~~~;;;;;;;;;;;;;;;;;;g",
        ",,~~;;;;;;;;;;;;;;;;;;;g",
        ",,~~;;;;;;;;;;;;;;;;;;;g",
        ",~~~;;;;;;;;;;;;;;;;;;;g",
        ",~~;;;;;;;;;;;;;;;;;;;;g",
        ",~~;;;;;;;;;;;;;;;;;;;;g",
        ",~~;;;;;;;;;;;;;;;;~~~~g",
        ",~~;;;;;;;;;;;;;;;;~~~~,",
        ",~~;;;;;;;;;;;;;;;~~~,,,",
        ",~~;;;;;;;;;;;;;;;~~~,|-",
        ",~~;;;;;;;;;;;;;~~~~,,+_",
        ",~~;;;;;;;;;;;;;~~~~,||_",
        ",~~;;;;;;;;;;;~~~~,,,|d_",
        ",~~;;;;;;;;;~~~~~~,|-|h_",
        "~~~;;;;;;;;;~~~~,,,|____",
        "~~;;;;;;;;;;~~,,,|-|_|-x",
        "~~;;;;;;;;;;~~,|+|dh_|__",
        ",gggggggggggg,,|_____x_>"
      ],
      "palettes": [
        "arcana_palette"
      ],
      "terrain": {
        "~": "t_water_sh"
      },
      "mapping": {
        "h": {
          "furniture": "f_chair",
          "items": {
            "item": "sanguine_cult_casualties",
            "chance": 30
          }
        }
      },
      "place_monsters": [
        {
          "monster": "GROUP_IMPACT",
          "x": [
            0,
            14
          ],
          "y": [
            0,
            14
          ],
          "density": 0.1
        }
      ]
    }
  },
  {
    "type": "mapgen",
    "method": "json",
    "om_terrain": [
      "island_temple_b_1"
    ],
    "weight": 250,
    "object": {
      "fill_ter": "t_rock",
      "rows": [
        "                    ====",
        "                   ==...",
        "                   =b.rr",
        "        =====      ==.rr",
        "      ===BDB===    ==.rr",
        "      =BD...DB=    =b.rr",
        "    ===.......===  ==...",
        "    =B..dh.]]..B=   ===+",
        "   ==D..dh.]]..D==    =i",
        "   =B...dh.]]...B=    =.",
        "   =D...dh.]]...D======X",
        "   =B...dh.]]...B=......",
        "   ==D..dh.]]...==.~~~~g",
        "    =B..dh.]]...X..~~~~g",
        "    ===.......===.~~~...",
        "      =BD.....=...~~~.==",
        "      ===BDB=X=.~~~~..X.",
        "        =====...~~~~.==.",
        "          =...~~~~...=b.",
        "          =.~~~~~~.===..",
        "          =.~~~~...=....",
        "          =.~~...===.==X",
        "          =.~~.=X=b..=..",
        "          =.gg.=.....X.<"
      ],
      "palettes": [
        "arcana_palette"
      ],
      "terrain": {
        "g": "t_floor_blue"
      },
      "mapping": {
        "b": {
          "furniture": "f_brazier",
          "items": {
            "item": "cult_sacrifice",
            "chance": 100
          }
        }
      },
      "place_loot": [
        {
          "item": "note_sanguine",
          "x": [
            22,
            23
          ],
          "y": [
            22,
            23
          ],
          "chance": 100
        },
        {
          "group": "sanguine_ritual",
          "x": 23,
          "y": 3,
          "chance": 100
        },
        {
          "item": "arcanemap",
          "x": 8,
          "y": [
            6,
            12
          ],
          "chance": 75
        },
        {
          "group": "sanguine_cult_books",
          "x": [
            11,
            12
          ],
          "y": [
            7,
            13
          ],
          "chance": 50,
          "repeat": 15
        },
        {
          "group": "sanguine_cult_spells",
          "x": [
            11,
            12
          ],
          "y": [
            7,
            13
          ],
          "chance": 5
        }
      ],
      "place_monsters": [
        {
          "monster": "GROUP_SANGUINE_BASEMENT",
          "x": [
            11,
            18
          ],
          "y": [
            11,
            18
          ],
          "density": 0.1
        }
      ],
      "place_monster": [
        {
          "monster": "mon_dracolich",
          "x": 23,
          "y": 4
        }
      ]
    }
  },
  {
    "type": "mapgen",
    "method": "json",
    "om_terrain": [
      "island_temple_b_2"
    ],
    "weight": 250,
    "object": {
      "fill_ter": "t_rock",
      "rows": [
        "====                    ",
        "...==                   ",
        "rr.b=                   ",
        "rr.==      =====        ",
        "rr.==    ===.b.===      ",
        "rr.b=    =a.....a=      ",
        "...==  ===.......===    ",
        "+===   =a.........a=    ",
        "i=    ==...IgggI...==   ",
        ".=    =....g~~~g...8=   ",
        "X======b...g~;~g.Z.a=   ",
        "......=....g~~~g...[=   ",
        "g~~~~.==...IgggI...==   ",
        "g~~~~..X..........a=    ",
        "...~~~.===.......===    ",
        "==.~~~...=......a=      ",
        ".X..~~~~.=X=.b.===      ",
        ".==.~~~~...=====        ",
        ".b=...~~~~...=          ",
        "..===.~~~~~~.=          ",
        "....=...~~~~.=          ",
        "X==.===...~~.=          ",
        "..=..b=X=.~~.=          ",
        "<.X.....=.gg.=          "
      ],
      "palettes": [
        "arcana_palette"
      ],
      "terrain": {
        "g": "t_floor_blue"
      },
      "set": [
        {
          "point": "trap",
          "id": "tr_portal",
          "x": [
            12,
            14
          ],
          "y": [
            9,
            11
          ]
        }
      ],
      "mapping": {
        "a": {
          "furniture": "f_slab",
          "items": [
            {
              "item": "sanguine_cult_consumables",
              "chance": 60
            },
            {
              "item": "sanguine_cult_gear",
              "chance": 10
            }
          ]
        },
        "b": {
          "furniture": "f_brazier",
          "items": {
            "item": "cult_sacrifice",
            "chance": 100
          }
        }
      },
      "place_monsters": [
        {
          "monster": "GROUP_SANGUINE_BASEMENT",
          "x": [
            5,
            12
          ],
          "y": [
            11,
            18
          ],
          "density": 0.1
        }
      ]
    }
  },
  {
    "type": "mapgen",
    "method": "json",
    "om_terrain": [
      "island_temple_b_3"
    ],
    "weight": 250,
    "object": {
      "fill_ter": "t_rock",
      "rows": [
        "          =.gg.=.....X.<",
        "          =.~~.=X=b..=..",
        "          =.~~...===.==X",
        "          =.~~~~...=....",
        "          =.~~~~~~.===..",
        "          =...~~~~...=b.",
        "        =====...~~~~.==.",
        "      ===.b.=X=.~~~~..X.",
        "      =a......=...~~~.==",
        "    ===.......===.~~~...",
        "    =a..........X..~~~~g",
        "   ==...IgggI...==.~~~~g",
        "   =[...g~~~g....=......",
        "   =a.Z.g~;~g...b=======",
        "   =8...g~~~g....=      ",
        "   ==...IgggI...==      ",
        "    =a.........a=       ",
        "    ===.......===       ",
        "      =a.....a=         ",
        "      ===.b.===         ",
        "        =====           ",
        "                        ",
        "                        ",
        "                        "
      ],
      "palettes": [
        "arcana_palette"
      ],
      "terrain": {
        "g": "t_floor_blue"
      },
      "set": [
        {
          "point": "trap",
          "id": "tr_portal",
          "x": [
            12,
            14
          ],
          "y": [
            9,
            11
          ]
        }
      ],
      "mapping": {
        "a": {
          "furniture": "f_slab",
          "items": [
            {
              "item": "sanguine_cult_crafting",
              "chance": 75
            }
          ]
        },
        "b": {
          "furniture": "f_brazier",
          "items": {
            "item": "cult_sacrifice",
            "chance": 100
          }
        }
      },
      "place_monsters": [
        {
          "monster": "GROUP_SANGUINE_BASEMENT",
          "x": [
            11,
            18
          ],
          "y": [
            5,
            12
          ],
          "density": 0.1
        }
      ]
    }
  },
  {
    "type": "mapgen",
    "method": "json",
    "om_terrain": [
      "island_temple_b_4"
    ],
    "weight": 250,
    "object": {
      "fill_ter": "t_rock",
      "rows": [
        "<.X.....=.gg.=          ",
        "..=..b=X=.~~.=          ",
        "X==.===...~~.=          ",
        "....=...~~~~.=          ",
        "..===.~~~~~~.=          ",
        ".b=...~~~~...=          ",
        ".==.~~~~...=====        ",
        ".X..~~~~.=X=BDB===      ",
        "==.~~~...=.....DB=      ",
        "...~~~.===.......===    ",
        "g~~~~..X...]].hd..B=    ",
        "g~~~~.==...]].hd..D==   ",
        "......=B...]].hd...B=   ",
        "=======D...]].hd...D=   ",
        "      =B...]].hd...B=   ",
        "      ==D..]].hd..D==   ",
        "       =B..]].hd..B=    ",
        "       ===.......===    ",
        "         =BD...DB=      ",
        "         ===BDB===      ",
        "           =====        ",
        "                        ",
        "                        ",
        "                        "
      ],
      "palettes": [
        "arcana_palette"
      ],
      "terrain": {
        "g": "t_floor_blue"
      },
      "mapping": {
        "b": {
          "furniture": "f_brazier",
          "items": {
            "item": "cult_sacrifice",
            "chance": 100
          }
        }
      },
      "place_loot": [
        {
          "item": "note_sanguine_tenet",
          "x": [
            11,
            12
          ],
          "y": [
            10,
            16
          ],
          "chance": 90
        },
        {
          "group": "sanguine_cult_books",
          "x": [
            11,
            12
          ],
          "y": [
            10,
            16
          ],
          "chance": 50,
          "repeat": 15
        },
        {
          "group": "sanguine_cult_spells",
          "x": [
            11,
            12
          ],
          "y": [
            10,
            16
          ],
          "chance": 5
        }
      ],
      "place_monsters": [
        {
          "monster": "GROUP_SANGUINE_BASEMENT",
          "x": [
            5,
            12
          ],
          "y": [
            5,
            12
          ],
          "density": 0.1
        }
      ]
    }
  }
]