[
  {
    "type": "mapgen",
    "method": "json",
    "om_terrain": [
      "cf_church_1"
    ],
    "weight": 300,
    "object": {
      "rows": [
        ",,,,,,,,,,,,,,,,,,,,,,,,",
        ",^^^^^uuuuu,,,,,,,,,,,,,",
        ",^,,,,,,,,,,,,,,,,,,,,,,",
        ",^,||||||||||||||||||||,",
        ",^,|,,|,,|,,|,,|,,,,,,|,",
        ",^,|,,|,,|,,|,,|,,,,,,|,",
        ",u,||,||,||,||,|,,,,,,|,",
        ",u,|,,,,,,,,,,,,,,,,,,|,",
        ",u,|,,,,,,,,,,,,,,,,,,|,",
        ",u,||,||,||,||,|,,,,,,|,",
        ",u,|,,|,,|,,|,,|,,,,,,|,",
        ",,,|,,|,,|,,|,,|,,,,,,|,",
        ",,,|||||||||||||||,,|||,",
        ",,,,,,,,,,,,,,,,,,,,,,,,",
        ",,,,,,,,,,,,,,,,,,,,,,,,",
        ",,,,,,,,,,,,,,,,,,,,,,,,",
        ",,,,,,,,,,,,,,,,,,,,,,,,",
        ",,,,,,,,,,,,,,,,,,,,,,,,",
        ",,,,,,,,,,,,,,,,,,,,,,,,",
        ",,,,,,,,,,,,,,,,,,,,,,,,",
        ",,,,,,,,,,,,,,,,,,,,,,,,",
        ",,,,,,,,,,,,,,,,,,,,,,,,",
        ",,,,,,,,,,,,,,,,,,,,,,,,",
        ",,,,,,,,,,,,,,,,,,,,,,,,"
      ],
      "palettes": [
        "arcana_palette"
      ],
      "terrain": {
        "^": "t_pit",
        "|": "t_wall_log_half"
      },
      "place_zones": [
        {
          "type": "NPC_INVESTIGATE_ONLY",
          "faction": "cleansing_flame",
          "x": [
            4,
            23
          ],
          "y": [
            4,
            23
          ]
        }
      ]
    }
  },
  {
    "type": "mapgen",
    "method": "json",
    "om_terrain": [
      "cf_church_2"
    ],
    "weight": 300,
    "object": {
      "rows": [
        ",,,,,,,,,,,,,,,,,,,,,,,,",
        ",,,,,,,,,,,,,uuuuu^^^^^,",
        ",,,,,,,,,,,,,,,,,,,,,,^,",
        ",,,,,,,,,,,,,,,,,,,,,,^,",
        ",,,,,,,,,,,,,,,,,,,,,,^,",
        ",,,,,,,,,,,,,,,,,,,,,,^,",
        ",,,,,,,,,,,,,,,,,,,,,,u,",
        ",,,,,,,,,,,,,,,,,,,,,,u,",
        ",,,,,,,,,,,,,,,,,,,,,,u,",
        ",,,,,,,,,,,,,,,,,,,,,,u,",
        ",,,,,,,,,,,,,,,,,,,,,,u,",
        ",,,,,,,,,,,,,,,,,,,,,,,,",
        ",,,,,,,,,,,,,,,,,,,,,,,,",
        ",,,,,,,||||||++||||||,,,",
        ",,,,,,,|,,,,,,,,,,,,|,,,",
        ",,,,,,,|,MMMMMMMMMM,|,,,",
        ",,,,,,,|,MMMMMMMMMM,|,,,",
        ",,,,,,,|,,,,,,,,,,,,|,,,",
        ",,,,,,,|,nnnnnnnnnn,|,,,",
        ",,,,,,,|,NNNNNNNNNN,|,,,",
        ",,,,,,,|,,,,,,,,,,,,|,,,",
        ",,,,,,,||||||||||||||,,,",
        ",,,,,,,,,,,,,,,,,,,,,,,,",
        ",,,,,,,,,,,,,#,,#,,,,,,,"
      ],
      "palettes": [
        "arcana_palette"
      ],
      "terrain": {
        "^": "t_pit",
        "|": "t_chickenwire_fence",
        "+": "t_chickenwire_gate_c",
        "M": "t_dirt",
        "N": "t_dirt",
        "n": "t_dirt"
      },
      "sealed_item": {
        "M": {
          "item": {
            "item": "seed_buckwheat"
          },
          "furniture": "f_plant_seedling"
        },
        "n": {
          "item": {
            "item": "seed_canola"
          },
          "furniture": "f_plant_seedling"
        },
        "N": {
          "item": {
            "item": "seed_thyme"
          },
          "furniture": "f_plant_seedling"
        }
      },
      "place_zones": [
        {
          "type": "NPC_INVESTIGATE_ONLY",
          "faction": "cleansing_flame",
          "x": [
            0,
            19
          ],
          "y": [
            4,
            23
          ]
        }
      ]
    }
  },
  {
    "type": "mapgen",
    "method": "json",
    "om_terrain": [
      "cf_church_3"
    ],
    "weight": 300,
    "object": {
      "rows": [
        ",,,,,,,,,,,,,,,,,,,,,,,,",
        ",,,,,,,,,,,,,,,,,,,,,,##",
        ",,,,,,,,,,,,,,,,,,,,,,#.",
        ",,,,,,,,,,,,,,,,,,,,u,#.",
        ",,,,,,,,,,,,,,,,,,,,,,#&",
        ",,,,,,,,,,,,,,,,,,,,,,##",
        ",,,,,,,,,,,,,,,,,,,,,,,#",
        ",,,,,,,,,,,,,,,,,,,,,,##",
        ",,,,,,,,,,,,,,,,,,,,,,#.",
        ",,,,,,,,,,,,,,,,,,,,,,+.",
        ",,,,,,,,,,,,,,,,,,,,,,+.",
        ",,,,,,,,,,,,,,,,,,,,,,#.",
        ",,,,,,,,,,,,,,,,,,,,,,##",
        ",u,,,,,,,,,,,,,,,,,,,,,#",
        ",u,,,,,,,,,,,,,,,,,,,,##",
        ",u,,,,,,,,,,,,,,,,,,,,#n",
        ",u,,,,,,,,,,,,,,,,,,,,#.",
        ",u,,,,,,,,,,,,,,,,,,,,#.",
        ",^,,,,,,,,,,,,,,,,,,,,##",
        ",^,,,,,,,,,,,,,,,,,,,,,,",
        ",^,,,,,,,,,,,,,,,,,,,,,,",
        ",^,,,,,,,,,,,,,,,,,,,,,,",
        ",^^^^^uuu,,,,,,uu,,,,,,,",
        ",,,,,,,,,,,,,,,,,,,,,,,,"
      ],
      "palettes": [
        "arcana_palette"
      ],
      "terrain": {
        "^": "t_pit"
      },
      "place_loot": [
        {
          "group": "cannedfood",
          "x": 23,
          "y": 15,
          "chance": 60,
          "repeat": 5
        }
      ],
      "place_zones": [
        {
          "type": "NPC_INVESTIGATE_ONLY",
          "faction": "cleansing_flame",
          "x": [
            4,
            23
          ],
          "y": [
            0,
            19
          ]
        }
      ]
    }
  },
  {
    "type": "mapgen",
    "method": "json",
    "om_terrain": [
      "cf_church_4"
    ],
    "weight": 300,
    "//": "Gothic style, converted to fit being occupied by survivors.  Side room converted into a kitchen, altar replaced with a stone hörgr, chancel opened up a bit, and arcanist books stashed in a makeshift parochet.",
    "object": {
      "rows": [
        ",,,,,,,,,,,,##12##,,,,,,",
        "####,,,,,,,,#pppp#,,,,,,",
        "..s#,##,,##,+....3,,,,,,",
        "..s#1##32##1#.ppp#,,,,,,",
        "#+##p.p.p.p.p....#2#,,,,",
        "#..#p.p.p.p.p.RRRR.1,,,,",
        "..l#p.p.p.p.p......##,,,",
        "..l#p.p.p.p.p..I...3,,,,",
        "...#..p.p.p.p....rr#,,,,",
        "...=...........a.x{##,,,",
        "...=...........a.x{##,,,",
        "...#..p.p.p.p....rr#,,,,",
        "..l#p.p.p.p.p..I...3,,,,",
        "..l#p.p.p.p.p......##,u,",
        "#..#p.p.p.p.p.RRRR.1,,u,",
        "#+##p.p.p.p.p....#2#,,u,",
        "...#3##21##3#.ppp#,,,,u,",
        "bCC#,##,,##,+....3,,,,u,",
        "####,,,,,,,,#pppp#,,,,^,",
        ",,,,,,,,,,,,##21##,,,,^,",
        ",,,,,,,,,,,,,#,,#,,,,,^,",
        ",,,,,,,,,,,,,,,,,,,,,,^,",
        ",,,,,,,,,,,,,uuuuu^^^^^,",
        ",,,,,,,,,,,,,,,,,,,,,,,,"
      ],
      "palettes": [
        "arcana_palette"
      ],
      "terrain": {
        "I": "t_rock_floor",
        "R": "t_railing_v",
        "l": "t_rock_floor",
        "r": "t_rock_floor",
        "x": "t_rock_floor",
        "=": "t_door_glass_c",
        "^": "t_pit"
      },
      "furniture": {
        "{": "f_wardrobe",
        "I": "f_arcane_candlestick",
        "l": "f_locker",
        "r": "f_canvas_wall",
        "x": "f_canvas_door"
      },
      "place_zones": [
        {
          "type": "NPC_INVESTIGATE_ONLY",
          "faction": "cleansing_flame",
          "x": [
            0,
            19
          ],
          "y": [
            0,
            19
          ]
        }
      ],
      "faction_owner": [
        {
          "id": "cleansing_flame",
          "x": [
            4,
            16
          ],
          "y": [
            0,
            18
          ]
        }
      ],
      "items": {
        "p": {
          "item": "bed",
          "chance": 25
        },
        "l": [
          {
            "item": "gear_survival",
            "chance": 25
          },
          {
            "item": "gear_survival",
            "chance": 25
          }
        ]
      },
      "place_loot": [
        {
          "group": "cleansing_flame_books",
          "x": 18,
          "y": [
            9,
            10
          ],
          "chance": 50,
          "repeat": 5
        },
        {
          "group": "standing_stones_libation",
          "x": 15,
          "y": [
            9,
            10
          ],
          "chance": 100
        },
        {
          "item": "note_flame_tenet",
          "x": 15,
          "y": [
            9,
            10
          ],
          "chance": 100
        },
        {
          "group": "oven",
          "x": [
            1,
            2
          ],
          "y": 17,
          "chance": 40,
          "repeat": 2
        }
      ],
      "place_npcs": [
        {
          "class": "cleansing_flame_representative",
          "x": 9,
          "y": 9
        },
        {
          "class": "mage_hunter_guard",
          "x": 2,
          "y": 8
        },
        {
          "class": "mage_hunter_guard",
          "x": 2,
          "y": 11
        },
        {
          "class": "mage_hunter_guard",
          "x": 12,
          "y": 5
        },
        {
          "class": "mage_hunter_guard",
          "x": 10,
          "y": 14
        },
        {
          "class": "mage_hunter_guard",
          "x": 15,
          "y": 15
        }
      ]
    }
  },
  {
    "type": "mapgen",
    "method": "json",
    "om_terrain": [
      "cf_church_1_roof"
    ],
    "weight": 300,
    "object": {
      "fill_ter": "t_open_air",
      "rows": [
        "                        ",
        "                        ",
        "                        ",
        "                        ",
        "                        ",
        "                        ",
        "                        ",
        "                        ",
        "                        ",
        "                        ",
        "                        ",
        "                        ",
        "                        ",
        "                        ",
        "                        ",
        "                        ",
        "                        ",
        "                        ",
        "                        ",
        "                        ",
        "                        ",
        "                        ",
        "                        ",
        "                        "
      ],
      "terrain": {
        "#": "t_rock_wall_half"
      }
    }
  },
  {
    "type": "mapgen",
    "method": "json",
    "om_terrain": [
      "cf_church_2_roof"
    ],
    "weight": 300,
    "object": {
      "fill_ter": "t_open_air",
      "rows": [
        "                        ",
        "                        ",
        "                        ",
        "                        ",
        "                        ",
        "                        ",
        "                        ",
        "                        ",
        "                        ",
        "                        ",
        "                        ",
        "                        ",
        "                        ",
        "                        ",
        "                        ",
        "                        ",
        "                        ",
        "                        ",
        "                        ",
        "                        ",
        "                        ",
        "                        ",
        "                        ",
        "             #  #       "
      ],
      "terrain": {
        "#": "t_rock_wall_half"
      }
    }
  },
  {
    "type": "mapgen",
    "method": "json",
    "om_terrain": [
      "cf_church_3_roof"
    ],
    "weight": 300,
    "object": {
      "fill_ter": "t_open_air",
      "rows": [
        "                        ",
        "                      ##",
        "                      #_",
        "                      #_",
        "                      #_",
        "                      ##",
        "                       #",
        "                      ##",
        "                      #_",
        "                      #_",
        "                      #_",
        "                      #_",
        "                      ##",
        "                       #",
        "                      ##",
        "                      #_",
        "                      #_",
        "                      #_",
        "                      ##",
        "                        ",
        "                        ",
        "                        ",
        "                        ",
        "                        "
      ],
      "terrain": {
        "#": "t_rock_wall_half",
        "_": "t_rock_roof"
      }
    }
  },
  {
    "type": "mapgen",
    "method": "json",
    "om_terrain": [
      "cf_church_4_roof"
    ],
    "weight": 300,
    "object": {
      "fill_ter": "t_open_air",
      "rows": [
        "            ######      ",
        "####        #____#      ",
        "___# ##  ## #____#      ",
        "___##########____#      ",
        "_________________###    ",
        "___________________#    ",
        "___________________##   ",
        "___________________#    ",
        "___________________#    ",
        "___________________##   ",
        "___________________##   ",
        "___________________#    ",
        "___________________#    ",
        "___________________##   ",
        "___________________#    ",
        "_________________###    ",
        "___##########____#      ",
        "___# ##  ## #____#      ",
        "####        #____#      ",
        "            ######      ",
        "             #  #       ",
        "                        ",
        "                        ",
        "                        "
      ],
      "terrain": {
        "#": "t_rock_wall_half",
        "_": "t_rock_roof"
      }
    }
  }
]