[
  {
    "type": "mapgen",
    "method": "json",
    "om_terrain": [
      "arcanist_basement"
    ],
    "weight": 75,
    "object": {
      "fill_ter": "t_rock",
      "rotation": [
        0,
        3
      ],
      "rows": [
        "                        ",
        "                        ",
        "                        ",
        "                        ",
        "                        ",
        "  --------------------  ",
        "  |].................|  ",
        "  |].................|  ",
        "  |].................|  ",
        "  |].........|---+---|  ",
        "  |].........|{......|  ",
        "  |--++--|-+-|{.....C|  ",
        "  |......|...|{....hC|  ",
        "  |.b..b.|.<.|{...CCC|  ",
        "  |......|------------  ",
        "  |..CC..|              ",
        "  |......|              ",
        "  --------              ",
        "                        ",
        "                        ",
        "                        ",
        "                        ",
        "                        ",
        "                        "
      ],
      "palettes": [
        "arcana_palette"
      ],
      "place_loot": [
        {
          "group": "cult_sacrifice",
          "x": 4,
          "y": 13,
          "chance": 100
        },
        {
          "group": "cult_sacrifice",
          "x": 7,
          "y": 13,
          "chance": 100
        },
        {
          "group": "sanguine_cult_casualties_fresh",
          "x": 19,
          "y": 12,
          "chance": 75
        },
        {
          "group": "sanguine_cult_books",
          "x": 3,
          "y": [
            6,
            10
          ],
          "chance": 75,
          "repeat": 5
        },
        {
          "group": "sanguine_cult_spells",
          "x": 3,
          "y": [
            6,
            10
          ],
          "chance": 10
        },
        {
          "item": "book_syncretism",
          "x": 3,
          "y": [
            6,
            10
          ],
          "chance": 5
        },
        {
          "item": "human_flesh",
          "x": 20,
          "y": [
            11,
            13
          ],
          "chance": 50,
          "repeat": 5
        },
        {
          "item": "blood_athame",
          "x": [
            18,
            19
          ],
          "y": 13,
          "chance": 50
        },
        {
          "group": "sanguine_cult_consumables",
          "x": 14,
          "y": 10,
          "chance": 30,
          "repeat": 3
        },
        {
          "group": "sanguine_cult_crafting",
          "x": 14,
          "y": 10,
          "chance": 40,
          "repeat": 5
        },
        {
          "item": "essence_blood",
          "x": [
            5,
            6
          ],
          "y": 15,
          "chance": 50,
          "repeat": 10
        },
        {
          "item": "note_sanguine_tenet",
          "x": 3,
          "y": [
            6,
            10
          ],
          "chance": 90
        }
      ],
      "place_monster": [
        {
          "monster": "mon_dementia",
          "x": 9,
          "y": 7,
          "repeat": [
            1,
            4
          ]
        },
        {
          "monster": "mon_dementia",
          "x": 17,
          "y": 11,
          "repeat": [
            1,
            3
          ]
        },
        {
          "monster": "mon_homunculus",
          "x": 5,
          "y": 16,
          "repeat": 1
        }
      ]
    }
  },
  {
    "type": "mapgen",
    "method": "json",
    "om_terrain": [
      "arcanist_basement"
    ],
    "weight": 100,
    "object": {
      "fill_ter": "t_rock",
      "rotation": [
        0,
        3
      ],
      "rows": [
        " ---------------------  ",
        " |]......rrrrr......]|  ",
        " |]....b.rrCrr.b....]|  ",
        " |]......rrrrr......]|  ",
        " |].......rrr.......]|  ",
        " |].ppppp.rrr.ppppp.]|  ",
        " |........rrr........|  ",
        " |..ppppp.rrr.ppppp..|  ",
        " |........rrr........|  ",
        " |..ppppp.rrr.ppppp..|  ",
        " |...................|  ",
        " |{{{{{..|-+-|..{{{{{|  ",
        " --------|...|--------  ",
        "         |.<.|          ",
        "         -----          ",
        "                        ",
        "                        ",
        "                        ",
        "                        ",
        "                        ",
        "                        ",
        "                        ",
        "                        ",
        "                        "
      ],
      "palettes": [
        "arcana_palette"
      ],
      "place_loot": [
        {
          "item": "holy_symbol",
          "x": 11,
          "y": 2,
          "chance": 90
        },
        {
          "item": "note_flame_tenet",
          "x": 11,
          "y": 2,
          "chance": 90
        },
        {
          "group": "cleansing_flame_spells",
          "x": 11,
          "y": 2,
          "chance": 10
        },
        {
          "group": "cleansing_flame_casualties_basement",
          "x": [
            2,
            20
          ],
          "y": [
            1,
            10
          ],
          "chance": 50,
          "repeat": 4
        },
        {
          "group": "cleansing_flame_books",
          "x": 2,
          "y": [
            1,
            5
          ],
          "chance": 50,
          "repeat": 5
        },
        {
          "group": "cleansing_flame_books",
          "x": 20,
          "y": [
            1,
            5
          ],
          "chance": 50,
          "repeat": 5
        },
        {
          "item": "book_syncretism",
          "x": 20,
          "y": [
            1,
            5
          ],
          "chance": 5
        },
        {
          "group": "cleansing_flame_gear_consumables",
          "x": [
            2,
            6
          ],
          "y": 11,
          "chance": 30,
          "repeat": 3
        },
        {
          "group": "cleansing_flame_crafting",
          "x": [
            16,
            20
          ],
          "y": 11,
          "chance": 50,
          "repeat": 5
        },
        {
          "item": "CF_golden_scale",
          "x": [
            16,
            20
          ],
          "y": 11,
          "chance": 25,
          "repeat": 3
        }
      ],
      "place_monsters": [
        {
          "monster": "GROUP_PREPPER_HOUSE",
          "x": [
            2,
            20
          ],
          "y": [
            1,
            10
          ],
          "density": 0.15
        }
      ]
    }
  },
  {
    "type": "mapgen",
    "method": "json",
    "om_terrain": [
      "arcanist_basement"
    ],
    "weight": 50,
    "object": {
      "fill_ter": "t_rock",
      "rotation": [
        0,
        3
      ],
      "rows": [
        "                        ",
        "                        ",
        "                        ",
        "                        ",
        "      -----------       ",
        "      |.........|       ",
        "      |.........|       ",
        "      |+-|-+-|-+|       ",
        "      |rr|...|rr|       ",
        "      |rr|.<.|rr|       ",
        "      |rr|...|rr|       ",
        "     -|rr|-+-|rr|-      ",
        "     |rr--...--rr|      ",
        "     |rr-]...]-rr|      ",
        "     |rr--]{]--rr|      ",
        "     -|rr-----rr|-      ",
        "    |---+-]]]-+---|     ",
        "    |.............|     ",
        "    |.p.p..b..p.p.|     ",
        "    |.p.p.....p.p.|     ",
        "    |......a......|     ",
        "    ---------------     ",
        "                        ",
        "                        "
      ],
      "palettes": [
        "arcana_palette"
      ],
      "place_loot": [
        {
          "item": "offering_chalice",
          "x": 11,
          "y": 19
        },
        {
          "item": "note_chalice_tenet",
          "x": 11,
          "y": 19,
          "chance": 90
        },
        {
          "group": "chalice_cult_spells",
          "x": 11,
          "y": 19,
          "chance": 10
        },
        {
          "group": "chalice_cult_casualties_fresh",
          "x": 11,
          "y": 13,
          "chance": 100
        },
        {
          "group": "chalice_cult_casualties_fresh",
          "x": [
            2,
            20
          ],
          "y": [
            1,
            10
          ],
          "chance": 75,
          "repeat": 3
        },
        {
          "group": "chalice_cult_books",
          "x": [
            10,
            12
          ],
          "y": 16,
          "chance": 40,
          "repeat": 5
        },
        {
          "item": "book_syncretism",
          "x": [
            10,
            12
          ],
          "y": 16,
          "chance": 5
        },
        {
          "group": "chalice_cult_books",
          "x": 9,
          "y": 13,
          "chance": 30,
          "repeat": 3
        },
        {
          "group": "chalice_cult_books",
          "x": 13,
          "y": 13,
          "chance": 30,
          "repeat": 3
        },
        {
          "group": "chalice_cult_books",
          "x": 10,
          "y": 14,
          "chance": 30,
          "repeat": 3
        },
        {
          "group": "chalice_cult_books",
          "x": 12,
          "y": 14,
          "chance": 30,
          "repeat": 3
        },
        {
          "group": "chalice_cult_consumables",
          "x": 11,
          "y": 14,
          "chance": 30,
          "repeat": 3
        },
        {
          "group": "chalice_cult_crafting",
          "x": 11,
          "y": 14,
          "chance": 30,
          "repeat": 4
        },
        {
          "group": "cult_sacrifice",
          "x": 11,
          "y": 18,
          "chance": 100
        }
      ],
      "place_monsters": [
        {
          "monster": "GROUP_CF_BASEMENT",
          "x": [
            5,
            17
          ],
          "y": [
            17,
            20
          ],
          "density": 0.15
        },
        {
          "monster": "GROUP_CF_BASEMENT",
          "x": [
            7,
            15
          ],
          "y": [
            5,
            6
          ],
          "density": 0.05
        }
      ],
      "place_monster": [
        {
          "monster": "mon_dementia",
          "x": 11,
          "y": 13,
          "repeat": [
            1,
            2
          ]
        },
        {
          "monster": "mon_flesh_angel",
          "x": 11,
          "y": 19
        }
      ]
    }
  },
  {
    "type": "mapgen",
    "method": "json",
    "om_terrain": [
      "arcanist_basement"
    ],
    "weight": 125,
    "object": {
      "fill_ter": "t_rock",
      "rotation": [
        0,
        3
      ],
      "rows": [
        "  --------------------  ",
        "  |B.........CCCCC..]|  ",
        "  |D................]|  ",
        "  |.................]|  ",
        "  |.................]|  ",
        "  |.................]|  ",
        "  |{.................|  ",
        "  |{................C|  ",
        "  |{...............hd|  ",
        "  |{.................|  ",
        "  |{................}|  ",
        "  |------|-+-|-------|  ",
        "         |...|          ",
        "         |.<.|          ",
        "         -----          ",
        "                        ",
        "                        ",
        "                        ",
        "                        ",
        "                        ",
        "                        ",
        "                        ",
        "                        ",
        "                        "
      ],
      "palettes": [
        "arcana_palette"
      ],
      "place_loot": [
        {
          "item": "matches",
          "x": 20,
          "y": 7,
          "chance": 50
        },
        {
          "group": "reading_lights",
          "x": 20,
          "y": 7,
          "chance": 90
        },
        {
          "group": "cannedfood",
          "x": [
            13,
            17
          ],
          "y": 1,
          "chance": 75,
          "repeat": 5
        },
        {
          "group": "homebooks",
          "x": 20,
          "y": [
            1,
            5
          ],
          "chance": 75,
          "repeat": 6
        },
        {
          "group": "unaligned_arcanist_books",
          "x": 20,
          "y": [
            1,
            5
          ],
          "chance": 50,
          "repeat": 6
        },
        {
          "group": "magic_crafting",
          "x": 3,
          "y": [
            6,
            10
          ],
          "chance": 35,
          "repeat": 8
        },
        {
          "group": "magic_consumables",
          "x": 20,
          "y": 10,
          "chance": 50,
          "repeat": 3
        },
        {
          "item": "book_syncretism",
          "x": 20,
          "y": 10,
          "chance": 75
        },
        {
          "group": "unaligned_arcanist_spells",
          "x": 20,
          "y": 10,
          "chance": 15
        }
      ],
      "place_monsters": [
        {
          "monster": "GROUP_CF_BASEMENT",
          "x": [
            3,
            20
          ],
          "y": [
            1,
            10
          ],
          "density": 0.15
        },
        {
          "monster": "GROUP_PREPPER_HOUSE",
          "x": [
            3,
            20
          ],
          "y": [
            1,
            10
          ],
          "density": 0.15
        }
      ]
    }
  },
  {
    "type": "mapgen",
    "method": "json",
    "om_terrain": [
      "basement_bionic"
    ],
    "weight": 100,
    "object": {
      "fill_ter": "t_rock_floor",
      "rows": [
        "                        ",
        "           |----------| ",
        "           |...___....| ",
        "           |..........| ",
        "           |..~~~~~~..| ",
        " |---------|..~~~~~~..| ",
        " |...__..i|L..~~~~~~..| ",
        " |?.......|...~~~~~~..| ",
        " |/.......+L..........| ",
        " |.ccc.ccc|LL...___...| ",
        " |------------+-------| ",
        " |{{{{|bbbbbb|...rrccr| ",
        " |....|s....b|ff......| ",
        " |__..|s.t..b|...ccccc| ",
        " |....|a....b|........| ",
        " |^.!.............s..t| ",
        " |................s..t| ",
        " |%.@.............s..t| ",
        " |...............|----| ",
        " |.....|+-|++|...|&..i| ",
        " |.....|.W|..|...+...C| ",
        " |.}...|.F|.<|...|.cc*| ",
        " ---------------------- ",
        "                        "
      ],
      "palettes": [
        "basement_game"
      ],
      "terrain": {
        "~": "t_water_pool"
      },
      "furniture": {
        "$": "f_safe_l",
        "}": "f_pinball_machine",
        "*": "f_shower",
        "!": [
          "f_ergometer",
          "f_ergometer_mechanical"
        ],
        "@": [
          "f_treadmill",
          "f_treadmill_mechanical"
        ],
        "^": "f_exercise",
        "%": "f_floor_canvas",
        "C": "f_cupboard",
        "{": "f_bigmirror",
        "_": "f_bench",
        "L": "f_locker",
        "?": "f_autodoc",
        "/": "f_autodoc_couch",
        "F": "f_home_furnace",
        "W": "f_water_heater"
      },
      "liquids": {
        "W": {
          "liquid": "water_clean",
          "amount": [
            0,
            100
          ]
        }
      },
      "place_loot": [
        {
          "group": "alcohol",
          "x": [
            14,
            15
          ],
          "y": 12,
          "chance": 96,
          "repeat": [
            1,
            2
          ]
        },
        {
          "group": "fridgesnacks",
          "x": [
            14,
            15
          ],
          "y": 12,
          "chance": 80,
          "repeat": [
            1,
            2
          ]
        },
        {
          "group": "homebooks",
          "x": [
            7,
            12
          ],
          "y": 11,
          "chance": 70,
          "repeat": [
            1,
            2
          ]
        },
        {
          "group": "homebooks",
          "x": 12,
          "y": [
            12,
            14
          ],
          "chance": 70,
          "repeat": [
            1,
            2
          ]
        },
        {
          "group": "magazines",
          "x": 21,
          "y": [
            15,
            17
          ],
          "chance": 30
        },
        {
          "group": "magazines",
          "x": 9,
          "y": 12,
          "chance": 30
        },
        {
          "group": "snacks",
          "x": [
            16,
            21
          ],
          "y": 11,
          "chance": 40,
          "repeat": [
            1,
            2
          ]
        },
        {
          "group": "snacks",
          "x": [
            16,
            21
          ],
          "y": 13,
          "chance": 40,
          "repeat": [
            1,
            2
          ]
        },
        {
          "group": "softdrugs",
          "x": 21,
          "y": 20,
          "chance": 75,
          "repeat": [
            1,
            2
          ]
        },
        {
          "group": "cleaning",
          "x": 11,
          "y": 5,
          "chance": 70,
          "repeat": [
            1,
            2
          ]
        },
        {
          "group": "cleaning",
          "x": [
            11,
            12
          ],
          "y": 8,
          "chance": 70,
          "repeat": [
            1,
            2
          ]
        },
        {
          "group": "surgery",
          "x": [
            8,
            9
          ],
          "y": 9,
          "chance": 70,
          "repeat": [
            1,
            2
          ]
        },
        {
          "group": "bionics_common",
          "x": 7,
          "y": 9
        },
        {
          "item": "anesthetic_kit",
          "x": 7,
          "y": 9,
          "ammo": 100
        },
        {
          "item": "television",
          "x": 21,
          "y": 16,
          "chance": 95
        },
        {
          "item": "soap",
          "x": 19,
          "y": 21,
          "chance": 80
        },
        {
          "item": "towel",
          "x": 20,
          "y": 21,
          "chance": 80
        },
        {
          "item": "towel",
          "x": 3,
          "y": 13,
          "chance": 60
        },
        {
          "item": "stereo",
          "x": 2,
          "y": 13,
          "chance": 50
        },
        {
          "group": "tools_science",
          "x": [
            4,
            5
          ],
          "y": 9,
          "chance": 50,
          "repeat": 3
        },
        {
          "group": "supplies_electronics",
          "x": [
            4,
            5
          ],
          "y": 9,
          "chance": 50,
          "repeat": 3
        },
        {
          "group": "magic_crafting",
          "x": 3,
          "y": 9,
          "chance": 50,
          "repeat": 3
        },
        {
          "group": "lab_magitech_other",
          "x": 3,
          "y": 9,
          "chance": 10
        },
        {
          "group": "lab_magitech_bionics",
          "x": 3,
          "y": 9,
          "chance": 5
        },
        {
          "item": "recipe_lab_arcana",
          "x": 3,
          "y": 9,
          "chance": 5
        }
      ],
      "place_monster": [
        {
          "monster": "mon_broken_cyborg",
          "x": 14,
          "y": 3,
          "chance": 100
        },
        {
          "monster": "mon_prototype_cyborg",
          "x": 13,
          "y": 4,
          "chance": 100
        },
        {
          "monster": "mon_skitterbot",
          "x": 4,
          "y": 8,
          "chance": 100
        }
      ]
    }
  },
  {
    "type": "mapgen",
    "method": "json",
    "om_terrain": "house_prepper2_basement",
    "weight": 500,
    "object": {
      "fill_ter": "t_thconc_floor",
      "rows": [
        "                        ",
        " |||||||||||||||||||||| ",
        " |1...................| ",
        " |....................| ",
        " |..............zz...g| ",
        " |..............z.....| ",
        " |................z..F| ",
        " |....................| ",
        " |....................| ",
        " |...................Z| ",
        " |...................J| ",
        " |...................W| ",
        " |....................| ",
        " |...................<| ",
        " |....................| ",
        " |....................| ",
        " |....................| ",
        " ||||||.......heeee...| ",
        "      |r.......eeee...| ",
        "      |r.........h....| ",
        "      |r..............| ",
        "      |r.............s| ",
        "      ||||||||||||||||| ",
        "                        "
      ],
      "palettes": [
        "basement_empty"
      ],
      "terrain": {
        "h": "t_thconc_floor",
        "r": "t_thconc_floor",
        "s": "t_thconc_floor"
      },
      "furniture": {
        "e": "f_table",
        "h": "f_chair",
        "r": "f_rack",
        "s": "f_safe_l"
      },
      "mapping": {
        "r": {
          "items": [
            {
              "item": "rural_church_medical_items",
              "chance": 50
            },
            {
              "item": "preserved_food",
              "chance": 50
            },
            {
              "item": "everyday_gear",
              "chance": 75
            },
            {
              "item": "everyday_gear",
              "chance": 75
            }
          ]
        },
        "s": {
          "items": [
            {
              "item": "magic_crafting",
              "chance": 10
            },
            {
              "item": "magic_crafting",
              "chance": 10
            },
            {
              "item": "magic_crafting",
              "chance": 10
            },
            {
              "item": "ammo_common",
              "chance": 50
            },
            {
              "item": "ammo_reloaded",
              "chance": 75
            },
            {
              "item": "guns_common",
              "chance": 25
            },
            {
              "item": "guns_improvised",
              "chance": 50
            }
          ]
        },
        "e": {
          "items": [
            {
              "item": "rural_church_hunter_haul",
              "chance": 50
            },
            {
              "item": "arcana_hunt_random",
              "chance": 10
            },
            {
              "item": "magic_books",
              "chance": 10
            },
            {
              "item": "rural_church_farmhand_research",
              "chance": 10
            }
          ]
        }
      },
      "nested": {
        "1": {
          "chunks": [
            [
              "null",
              10
            ],
            [
              "room_6x6_brewer_E",
              10
            ],
            [
              "room_6x6_junk_E",
              30
            ],
            [
              "room_6x6_office_E",
              30
            ],
            [
              "6x6_sewing_open",
              20
            ],
            [
              "6x6_electronics_open",
              10
            ]
          ]
        }
      },
      "place_monster": [
        {
          "group": "GROUP_PREPPER_HOUSE",
          "x": [
            2,
            21
          ],
          "y": [
            2,
            16
          ],
          "repeat": [
            1,
            3
          ]
        }
      ]
    }
  },
  {
    "type": "mapgen",
    "method": "json",
    "om_terrain": "house_fortified_basement",
    "weight": 500,
    "object": {
      "fill_ter": "t_thconc_floor",
      "rows": [
        "                        ",
        "         |||||||||||||| ",
        "         |1...........| ",
        "         |............| ",
        "         |............| ",
        "         |............| ",
        "         |............| ",
        "         |............| ",
        "         |............| ",
        "         |............| ",
        "         |............| ",
        " |||||||||............| ",
        " |2...................| ",
        " |....................| ",
        " |...................<| ",
        " |....................| ",
        " |...................W| ",
        " |............h......Z| ",
        " |||||||||||.tttth....| ",
        "           |.tttt.....| ",
        "           |..........| ",
        "           |sgF...rrrr| ",
        "           |||||||||||| ",
        "                        "
      ],
      "palettes": [
        "basement_empty"
      ],
      "terrain": {
        "h": "t_thconc_floor",
        "r": "t_thconc_floor",
        "s": "t_thconc_floor"
      },
      "furniture": {
        "e": "f_table",
        "h": "f_chair",
        "r": "f_rack",
        "s": "f_safe_l"
      },
      "mapping": {
        "r": {
          "items": [
            {
              "item": "rural_church_medical_items",
              "chance": 50
            },
            {
              "item": "preserved_food",
              "chance": 50
            },
            {
              "item": "everyday_gear",
              "chance": 75
            },
            {
              "item": "everyday_gear",
              "chance": 75
            }
          ]
        },
        "s": {
          "items": [
            {
              "item": "magic_crafting",
              "chance": 10
            },
            {
              "item": "magic_crafting",
              "chance": 10
            },
            {
              "item": "magic_crafting",
              "chance": 10
            },
            {
              "item": "ammo_common",
              "chance": 50
            },
            {
              "item": "ammo_reloaded",
              "chance": 75
            },
            {
              "item": "guns_common",
              "chance": 25
            },
            {
              "item": "guns_improvised",
              "chance": 50
            }
          ]
        },
        "t": {
          "items": [
            {
              "item": "rural_church_hunter_haul",
              "chance": 50
            },
            {
              "item": "arcana_hunt_random",
              "chance": 10
            },
            {
              "item": "magic_books",
              "chance": 10
            },
            {
              "item": "rural_church_farmhand_research",
              "chance": 10
            }
          ]
        }
      },
      "nested": {
        "1": {
          "chunks": [
            [
              "null",
              10
            ],
            [
              "recroom_12x12",
              30
            ],
            [
              "tvroom_12x12",
              30
            ],
            [
              "workoutroom_12x12",
              10
            ]
          ]
        },
        "2": {
          "chunks": [
            [
              "null",
              10
            ],
            [
              "room_6x6_brewer_E",
              10
            ],
            [
              "room_6x6_junk_E",
              30
            ],
            [
              "room_6x6_office_E",
              30
            ],
            [
              "6x6_sewing_open",
              20
            ],
            [
              "6x6_electronics_open",
              10
            ]
          ]
        }
      },
      "place_monster": [
        {
          "group": "GROUP_PREPPER_HOUSE",
          "x": [
            10,
            20
          ],
          "y": [
            12,
            16
          ],
          "repeat": [
            1,
            3
          ]
        }
      ]
    }
  },
  {
    "type": "mapgen",
    "method": "json",
    "om_terrain": [
      "basement_survival"
    ],
    "weight": 500,
    "object": {
      "fill_ter": "t_rock",
      "rows": [
        "                        ",
        "                        ",
        " --------------------   ",
        " |######....ccgf...{|   ",
        " |#................{|   ",
        " |#................{|   ",
        " |..y......h.h|--+----| ",
        " |.........###|]....##| ",
        " |.........h.h|]....h#| ",
        " |............|.......| ",
        " |sssss.s|{..{|dbb.bbd| ",
        " |.......|{..{|-------| ",
        " |X...xXX|{..{|..t|     ",
        " |Xx....X|{...+...|     ",
        " |XX..xXX|{..{|k..|     ",
        " |XXx..X.|{..{|------   ",
        " |X......|----|....<|   ",
        " |-|................|   ",
        "   |---..........|--|   ",
        "      |----------|      ",
        "                        ",
        "                        ",
        "                        ",
        "                        "
      ],
      "terrain": {
        "#": "t_rock_floor",
        "+": "t_door_c",
        "-": "t_wall",
        ".": "t_rock_floor",
        "<": "t_stairs_up",
        "X": "t_rock_floor",
        "]": "t_rock_floor",
        "b": "t_rock_floor",
        "c": "t_rock_floor",
        "d": "t_rock_floor",
        "f": "t_rock_floor",
        "g": "t_rock_floor",
        "h": "t_rock_floor",
        "k": "t_rock_floor",
        "s": "t_rock_floor",
        "t": "t_rock_floor",
        "x": "t_rock_floor",
        "y": "t_rock_floor",
        "{": "t_rock_floor",
        "|": "t_wall"
      },
      "furniture": {
        "#": "f_counter",
        "X": "f_crate_o",
        "]": "f_bookcase",
        "b": "f_bed",
        "c": "f_cupboard",
        "d": "f_dresser",
        "f": "f_fridge",
        "g": "f_oven",
        "h": "f_chair",
        "k": "f_sink",
        "s": "f_sandbag_half",
        "x": "f_crate_c",
        "y": "f_woodstove",
        "{": "f_rack"
      },
      "toilets": {
        "t": {}
      },
      "place_liquids": [
        {
          "liquid": "water",
          "x": [
            4,
            15
          ],
          "y": [
            14,
            15
          ],
          "repeat": 3
        }
      ],
      "place_loot": [
        {
          "group": "basement_survival_last_stand_casing",
          "x": 2,
          "y": 8,
          "chance": 20,
          "repeat": [
            1,
            10
          ]
        },
        {
          "group": "basement_survival_last_stand_casing",
          "x": 3,
          "y": 8,
          "chance": 20,
          "repeat": [
            1,
            10
          ]
        },
        {
          "group": "basement_survival_last_stand_casing",
          "x": 4,
          "y": 8,
          "chance": 20,
          "repeat": [
            1,
            10
          ]
        },
        {
          "group": "basement_survival_last_stand_casing",
          "x": 5,
          "y": 9,
          "chance": 20,
          "repeat": [
            1,
            10
          ]
        },
        {
          "group": "basement_survival_last_stand_casing",
          "x": 2,
          "y": 9,
          "chance": 20,
          "repeat": [
            1,
            10
          ]
        },
        {
          "group": "basement_survival_last_stand_casing",
          "x": 3,
          "y": 9,
          "chance": 20,
          "repeat": [
            1,
            10
          ]
        },
        {
          "group": "basement_survival_last_stand_casing",
          "x": 4,
          "y": 9,
          "chance": 20,
          "repeat": [
            1,
            10
          ]
        },
        {
          "group": "basement_survival_last_stand_casing",
          "x": 5,
          "y": 9,
          "chance": 20,
          "repeat": [
            1,
            10
          ]
        },
        {
          "group": "basement_survival_last_stand",
          "x": [
            3,
            4
          ],
          "y": 9,
          "chance": 100
        },
        {
          "group": "tools_common",
          "x": [
            3,
            7
          ],
          "y": 3,
          "chance": 100
        },
        {
          "group": "tools_entry",
          "x": [
            3,
            7
          ],
          "y": 3,
          "chance": 50
        },
        {
          "item": "fire_ax",
          "x": 2,
          "y": 2,
          "chance": 25
        },
        {
          "item": "2x4",
          "x": [
            4,
            7
          ],
          "y": [
            5,
            6
          ],
          "chance": 100,
          "repeat": [
            2,
            4
          ]
        },
        {
          "item": "log",
          "x": [
            4,
            7
          ],
          "y": [
            5,
            6
          ],
          "chance": 100,
          "repeat": [
            1,
            2
          ]
        },
        {
          "group": "misc_smoking",
          "x": 21,
          "y": 8,
          "chance": 75
        },
        {
          "group": "kitchen",
          "x": [
            11,
            13
          ],
          "y": 7,
          "chance": 100
        },
        {
          "group": "cannedfood",
          "x": 10,
          "y": 10,
          "chance": 75
        },
        {
          "group": "cannedfood",
          "x": 10,
          "y": 11,
          "chance": 75
        },
        {
          "group": "cannedfood",
          "x": 10,
          "y": 12,
          "chance": 75
        },
        {
          "group": "cannedfood",
          "x": 10,
          "y": 13,
          "chance": 75
        },
        {
          "group": "cannedfood",
          "x": 10,
          "y": 14,
          "chance": 75
        },
        {
          "group": "cannedfood",
          "x": 10,
          "y": 15,
          "chance": 75
        },
        {
          "group": "fridge",
          "x": 14,
          "y": 2,
          "chance": 80,
          "repeat": [
            1,
            3
          ]
        },
        {
          "group": "book_survival",
          "x": 15,
          "y": 7,
          "chance": 90
        },
        {
          "group": "book_survival",
          "x": 15,
          "y": 8,
          "chance": 30
        },
        {
          "group": "gear_survival",
          "x": 13,
          "y": 10,
          "chance": 75
        },
        {
          "group": "gear_survival",
          "x": 13,
          "y": 11,
          "chance": 75
        },
        {
          "group": "gear_survival",
          "x": 13,
          "y": 12,
          "chance": 75
        },
        {
          "group": "gear_survival",
          "x": 13,
          "y": 14,
          "chance": 75
        },
        {
          "group": "gear_survival",
          "x": 13,
          "y": 15,
          "chance": 75
        },
        {
          "group": "guns_survival",
          "x": 19,
          "y": [
            3,
            4
          ],
          "chance": 100,
          "repeat": [
            1,
            2
          ],
          "ammo": 75,
          "magazine": 100
        },
        {
          "group": "ammo_reloaded",
          "x": 19,
          "y": 5,
          "chance": 100,
          "repeat": [
            1,
            3
          ],
          "magazine": 100
        },
        {
          "group": "guns_pistol_common",
          "x": 15,
          "y": 10,
          "chance": 30,
          "ammo": 75,
          "magazine": 100
        },
        {
          "group": "guns_pistol_common",
          "x": 21,
          "y": 10,
          "chance": 30,
          "ammo": 75,
          "magazine": 100
        },
        {
          "group": "clothing_outdoor_set",
          "x": 15,
          "y": 10,
          "chance": 30
        },
        {
          "group": "clothing_outdoor_set",
          "x": 21,
          "y": 10,
          "chance": 30
        },
        {
          "item": "blanket",
          "x": 16,
          "y": 10,
          "chance": 30
        },
        {
          "item": "blanket",
          "x": 20,
          "y": 10,
          "chance": 30
        },
        {
          "item": "pillow",
          "x": 16,
          "y": 10,
          "chance": 30
        },
        {
          "item": "pillow",
          "x": 20,
          "y": 10,
          "chance": 30
        },
        {
          "group": "rural_church_hunter_haul",
          "x": [
            11,
            13
          ],
          "y": 7,
          "chance": 50,
          "repeat": 3
        },
        {
          "group": "arcana_hunt_random",
          "x": [
            11,
            13
          ],
          "y": 7,
          "chance": 25,
          "repeat": 3
        },
        {
          "group": "rural_church_farmhand_research",
          "x": [
            11,
            13
          ],
          "y": 7,
          "chance": 10,
          "repeat": 3
        }
      ],
      "place_monsters": [
        {
          "monster": "GROUP_PREPPER_HOUSE",
          "x": [
            2,
            10
          ],
          "y": [
            6,
            9
          ],
          "chance": 2
        }
      ]
    }
  },
  {
    "method": "json",
    "om_terrain": "urban_18_1",
    "type": "mapgen",
    "weight": 500,
    "object": {
      "fill_ter": "t_thconc_floor",
      "rows": [
        "                        ",
        "                        ",
        "                        ",
        "                        ",
        "            |||||       ",
        "            |JJJ|       ",
        "          |||:::|||     ",
        "          |U:::::F|     ",
        "          |U::::::||||||",
        "          |U::::|||:::::",
        "          |||BBBBB::::::",
        "            |::::::||||:",
        "            ||:||||||||:",
        "            |::::zz||||:",
        "            |:::::z:::::",
        "            |:::::::::|:",
        "            |:::::::::|:",
        "            |||||:::||||",
        "                |:::|   ",
        "                |||||   ",
        "                        ",
        "                        ",
        "                        ",
        "                        "
      ],
      "palettes": [
        "basement_empty"
      ],
      "terrain": {
        ":": "t_dirtfloor",
        "B": "t_dirtfloor",
        "F": "t_dirtfloor",
        "J": "t_dirtfloor",
        "U": "t_dirtfloor",
        "z": "t_dirtfloor",
        "|": "t_rock_wall"
      },
      "furniture": {
        "B": "f_bookcase"
      },
      "mapping": {
        "B": {
          "items": [
            {
              "item": "mansion_bookcase",
              "chance": 100
            }
          ]
        },
        "F": {
          "items": [
            {
              "item": "cult_sacrifice",
              "chance": 100
            }
          ]
        },
        "J": {
          "items": [
            {
              "item": "butcher_tools",
              "chance": 50
            },
            {
              "item": "magic_crafting",
              "chance": 50
            },
            {
              "item": "arcana_hunt_random",
              "chance": 25
            },
            {
              "item": "magic_books",
              "chance": 10
            }
          ]
        },
        "U": {
          "items": [
            {
              "item": "art",
              "chance": 50
            },
            {
              "item": "antique",
              "chance": 25
            },
            {
              "item": "antique_rare",
              "chance": 10
            }
          ]
        }
      },
      "place_loot": [
        {
          "item": "basket_laundry",
          "x": 36,
          "y": 9,
          "chance": 75
        }
      ],
      "place_monster": [
        {
          "monster": "mon_dementia",
          "x": 14,
          "y": 7,
          "repeat": [
            2,
            5
          ]
        }
      ]
    }
  },
  {
    "type": "mapgen",
    "method": "json",
    "om_terrain": [
      "cabin_strange_b"
    ],
    "weight": 450,
    "object": {
      "rows": [
        "########################",
        "##.hh..#c..cc###########",
        "##hee..#c....#...#######",
        "##hee..+.....G.b8#######",
        "##.hh..#.....#...#######",
        "##.....#....c###########",
        "###...####x###|---|---|#",
        "####x#####.###|c.h|<..|#",
        "##.rrr.##...##|..d|-x-|#",
        "#.rrrrr.#.I.##|-+-|..h##",
        "#.pprpp.#...##c......c##",
        "#.rrrrr.#.I.##ccI..Icc##",
        "#.pprpp.#...##cc.....{##",
        "#.rrrrr.#.I.##ccI..I.{##",
        "#.pprpp.#...##ee..ch.{##",
        "#.rrrrr.#.I.##eeIccI..##",
        "#..rrr..#............h##",
        "#.b.a.b.#.I..I..I..I.c##",
        "##.....##.dh.cc...BBcc##",
        "###+#+##################",
        "##....]#################",
        "##dd..]#################",
        "##dh..]#################",
        "########################"
      ],
      "palettes": [
        "arcana_palette"
      ],
      "terrain": {
        "p": "t_carpet_red",
        "G": "t_door_bar_locked"
      },
      "mapping": {
        ".": {
          "items": {
            "item": "subway",
            "chance": 5
          }
        },
        "a": {
          "furniture": "f_slab",
          "item": {
            "item": "etched_skull"
          }
        },
        "c": {
          "items": [
            {
              "item": "dresser",
              "chance": 15
            },
            {
              "item": "creepy",
              "chance": 5
            }
          ],
          "b": {
            "furniture": "f_brazier",
            "items": {
              "item": "cult_sacrifice",
              "chance": 100
            }
          }
        },
        "]": {
          "furniture": "f_bookcase",
          "items": {
            "item": "mansion_bookcase",
            "chance": 100
          }
        },
        "{": {
          "furniture": "f_rack",
          "items": {
            "item": "cannedfood",
            "chance": 50
          }
        }
      },
      "place_loot": [
        {
          "item": "book_magicfordummies",
          "x": 17,
          "y": 8
        },
        {
          "item": "note_starry_missive",
          "x": [
            2,
            3
          ],
          "y": 21
        }
      ],
      "place_monster": [
        {
          "monster": "mon_dementia",
          "x": 4,
          "y": 12,
          "repeat": [
            3,
            6
          ]
        },
        {
          "monster": "mon_dementia",
          "x": 10,
          "y": 3,
          "repeat": [
            1,
            4
          ]
        },
        {
          "monster": "mon_dementia",
          "x": 12,
          "y": 7
        },
        {
          "monster": "mon_homunculus",
          "x": 16,
          "y": 4
        },
        {
          "monster": "mon_flesh_angel",
          "x": 3,
          "y": 22
        }
      ]
    }
  },
  {
    "type": "mapgen",
    "method": "json",
    "om_terrain": [
      "necropolis_b_54"
    ],
    "weight": 375,
    "object": {
      "fill_ter": "t_floor",
      "rows": [
        "########################",
        "########################",
        "########################",
        "#|--------|#############",
        "#|???cc..]|#.###########",
        "#|...Ic..]x...##########",
        "#|.......]|#..B#########",
        "#|D....!!!|#..D#########",
        "#|D......<|#...C########",
        "#|--------|#...C########",
        "#|hee....<|#...C########",
        "#|hee..!!!|#..d#########",
        "#|.......]|#..h#########",
        "#|...I...]x...##########",
        "#|fccchh.]|#.###########",
        "#|--------|#############",
        "########################",
        "########################",
        "########################",
        "########################",
        "########################",
        "########################",
        "########################",
        "########################"
      ],
      "palettes": [
        "arcana_palette"
      ],
      "terrain": {
        "?": "t_rock_floor",
        "!": "t_railing_h"
      },
      "furniture": {
        "?": "f_sofa"
      },
      "mapping": {
        ".": {
          "item": {
            "item": "rock",
            "chance": 5
          }
        },
        "]": {
          "furniture": "f_bookcase",
          "items": {
            "item": "mansion_bookcase",
            "chance": 100
          }
        },
        "d": {
          "item": [
            {
              "item": "CF_golden_scale"
            },
            {
              "item": "book_magicfordummies"
            },
            {
              "item": "note_soa_mission"
            }
          ]
        },
        "C": {
          "items": [
            {
              "item": "tools_survival",
              "chance": 50
            },
            {
              "item": "tools_robotics",
              "chance": 50
            }
          ]
        }
      },
      "place_items": [
        {
          "item": "alcohol",
          "x": [
            2,
            2
          ],
          "y": [
            14,
            14
          ],
          "chance": 90
        },
        {
          "item": "cannedfood",
          "x": 15,
          "y": [
            8,
            10
          ],
          "chance": 60,
          "repeat": 8
        }
      ],
      "place_monsters": [
        {
          "monster": "GROUP_NECROPOLIS_SEWERS",
          "x": [
            1,
            22
          ],
          "y": [
            1,
            22
          ],
          "density": 0.1
        }
      ]
    }
  },
  {
    "type": "mapgen",
    "method": "json",
    "om_terrain": [
      "cathedral_b_SE"
    ],
    "weight": 375,
    "object": {
      "rows": [
        "__+________|############",
        "__|_s_s_s__|############",
        "__|--------|-|##########",
        "__E________+<|##########",
        "__EH__HEEH_|-|---|######",
        "______HEEH_|}___f|######",
        "______HEEH_+____f|######",
        "___________|____o|######",
        "__M__M_____C____o|######",
        "___________C____C|######",
        "__M__M_____C____s|######",
        "_______HHH_C____C|######",
        "------------|-+-||######",
        "............x___|#######",
        "............|]]]|#######",
        ".I...I......|-x-|#######",
        "........#####...########",
        "........###.......######",
        "..I..#####{........#####",
        ".....#####{.heee..v#####",
        "..I..#####{..eeeh..#####",
        "....#######...h...######",
        "############.....#######",
        "########################"
      ],
      "palettes": [
        "arcana_palette"
      ],
      "terrain": {
        ".": "t_concrete",
        "C": "t_floor",
        "E": "t_floor",
        "H": "t_floor",
        "M": "t_floor",
        "e": "t_concrete",
        "f": "t_floor",
        "h": "t_concrete",
        "o": "t_floor",
        "s": "t_floor",
        "v": "t_concrete",
        "}": "t_floor",
        "{": "t_concrete",
        "]": "t_floor"
      },
      "furniture": {
        "E": "f_table",
        "H": "f_chair",
        "M": "f_makeshift_bed",
        "}": "f_rack",
        "]": "f_bookcase"
      },
      "items": {
        "}": {
          "item": "cleaning",
          "chance": 70
        },
        "o": {
          "item": "oven",
          "chance": 70
        },
        "]": {
          "item": "mansion_bookcase",
          "chance": 100
        },
        "f": {
          "item": "fridge",
          "chance": 70
        }
      },
      "place_loot": [
        {
          "group": "cleansing_flame_books",
          "x": [
            13,
            15
          ],
          "y": [
            19,
            20
          ],
          "chance": 60,
          "repeat": 5
        },
        {
          "item": "note_flame_tenet",
          "x": [
            13,
            15
          ],
          "y": [
            19,
            20
          ]
        },
        {
          "item": "arcanemap",
          "x": [
            13,
            15
          ],
          "y": [
            19,
            20
          ],
          "chance": 25
        },
        {
          "group": "cleansing_flame_gear_consumables",
          "x": 10,
          "y": [
            18,
            20
          ],
          "chance": 30,
          "repeat": 4
        },
        {
          "item": "CF_golden_scale",
          "x": 10,
          "y": [
            18,
            20
          ],
          "chance": 25,
          "repeat": 3
        }
      ],
      "place_monster": [
        {
          "monster": "mon_flesh_angel",
          "x": 2,
          "y": 19
        }
      ]
    }
  }
]