[
  {
    "id": "curious_structure",
    "type": "overmap_terrain",
    "name": "curious structure",
    "sym": "C",
    "color": "i_light_red",
    "see_cost": 5,
    "flags": [
      "RISK_HIGH"
    ]
  },
  {
    "id": "curious_structure_roof",
    "type": "overmap_terrain",
    "name": "curious structure roof",
    "sym": "C",
    "color": "i_light_red",
    "see_cost": 5
  },
  {
    "id": "curious_structure_b",
    "type": "overmap_terrain",
    "name": "curious underground structure",
    "sym": "C",
    "color": "dark_gray",
    "see_cost": 5
  },
  {
    "id": "curious_structure_b2",
    "type": "overmap_terrain",
    "name": "eerie cavern",
    "sym": "C",
    "color": "red",
    "see_cost": 5
  },
  {
    "id": "strange_grove",
    "type": "overmap_terrain",
    "name": "strange grove",
    "sym": "T",
    "color": "i_light_green",
    "see_cost": 5,
    "flags": [
      "RISK_HIGH"
    ]
  },
  {
    "id": "grove_ruins",
    "type": "overmap_terrain",
    "name": "underground ruin",
    "sym": "T",
    "color": "i_green",
    "see_cost": 5
  },
  {
    "id": "impact_site",
    "type": "overmap_terrain",
    "name": "impact site",
    "sym": "O",
    "color": "i_light_red",
    "see_cost": 5,
    "flags": [
      "RISK_HIGH"
    ]
  },
  {
    "id": "impact_platforms_left",
    "type": "overmap_terrain",
    "name": "floating temple",
    "sym": "T",
    "color": "i_light_blue",
    "see_cost": 5
  },
  {
    "id": "impact_platforms_center",
    "type": "overmap_terrain",
    "name": "floating temple",
    "sym": "T",
    "color": "i_light_blue",
    "see_cost": 5
  },
  {
    "id": "impact_platforms_right",
    "type": "overmap_terrain",
    "name": "floating temple",
    "sym": "T",
    "color": "i_light_blue",
    "see_cost": 5
  },
  {
    "id": "impact_temple_left",
    "type": "overmap_terrain",
    "name": "floating temple",
    "sym": "T",
    "color": "i_light_blue",
    "see_cost": 5
  },
  {
    "id": "impact_temple_center",
    "type": "overmap_terrain",
    "name": "floating temple",
    "sym": "T",
    "color": "i_light_blue",
    "see_cost": 5
  },
  {
    "id": "impact_temple_right",
    "type": "overmap_terrain",
    "name": "floating temple",
    "sym": "T",
    "color": "i_light_blue",
    "see_cost": 5
  },
  {
    "id": "impact_roof_left",
    "type": "overmap_terrain",
    "name": "floating temple roof",
    "sym": "T",
    "color": "i_light_blue",
    "see_cost": 5
  },
  {
    "id": "impact_roof_center",
    "type": "overmap_terrain",
    "name": "floating temple roof",
    "sym": "T",
    "color": "i_light_blue",
    "see_cost": 5
  },
  {
    "id": "impact_roof_right",
    "type": "overmap_terrain",
    "name": "floating temple roof",
    "sym": "T",
    "color": "i_light_blue",
    "see_cost": 5
  },
  {
    "id": "island_temple_roof",
    "type": "overmap_terrain",
    "name": "island temple roof",
    "sym": "T",
    "color": "i_blue",
    "see_cost": 5
  },
  {
    "id": "island_temple_1",
    "type": "overmap_terrain",
    "name": "island temple",
    "sym": "T",
    "color": "i_blue",
    "see_cost": 5,
    "flags": [
      "RISK_HIGH"
    ]
  },
  {
    "id": "island_temple_b_1",
    "type": "overmap_terrain",
    "name": "underground temple",
    "sym": "T",
    "color": "dark_gray",
    "see_cost": 5
  },
  {
    "id": "island_temple_b_2",
    "type": "overmap_terrain",
    "name": "underground temple",
    "sym": "T",
    "color": "dark_gray",
    "see_cost": 5
  },
  {
    "id": "island_temple_b_3",
    "type": "overmap_terrain",
    "name": "underground temple",
    "sym": "T",
    "color": "dark_gray",
    "see_cost": 5
  },
  {
    "id": "island_temple_b_4",
    "type": "overmap_terrain",
    "name": "underground temple",
    "sym": "T",
    "color": "dark_gray",
    "see_cost": 5
  },
  {
    "id": "shrine_anomaly",
    "type": "overmap_terrain",
    "name": "ruined shrine",
    "sym": "S",
    "color": "i_light_gray",
    "see_cost": 5,
    "flags": [
      "RISK_HIGH"
    ]
  },
  {
    "id": "shrine_anomaly_2",
    "type": "overmap_terrain",
    "name": "ruined shrine",
    "sym": "F",
    "color": "i_light_gray",
    "see_cost": 5,
    "flags": [
      "RISK_HIGH"
    ]
  },
  {
    "id": "shrine_anomaly_3",
    "type": "overmap_terrain",
    "name": "ruined shrine",
    "sym": "@",
    "color": "i_light_gray",
    "see_cost": 5,
    "flags": [
      "RISK_HIGH"
    ]
  },
  {
    "type": "overmap_terrain",
    "id": "arcanist_basement",
    "copy-from": "generic_city_house_basement"
  },
  {
    "type": "overmap_terrain",
    "id": "new_anomaly_1",
    "name": "recent anomaly",
    "sym": ".",
    "color": "brown_magenta",
    "see_cost": 2,
    "flags": [
      "NO_ROTATE",
      "RISK_HIGH"
    ]
  },
  {
    "type": "overmap_terrain",
    "id": "new_anomaly_2",
    "name": "recent anomaly",
    "sym": ".",
    "color": "brown_magenta",
    "see_cost": 2,
    "flags": [
      "NO_ROTATE",
      "RISK_HIGH"
    ]
  },
  {
    "type": "overmap_terrain",
    "id": "new_anomaly_t",
    "name": "strange pond",
    "sym": ".",
    "color": "blue",
    "see_cost": 2,
    "flags": [
      "NO_ROTATE",
      "RISK_HIGH"
    ]
  },
  {
    "type": "overmap_terrain",
    "id": "new_anomaly_w",
    "name": "unknown rock formation",
    "sym": ".",
    "color": "light_gray",
    "see_cost": 2,
    "flags": [
      "NO_ROTATE",
      "RISK_HIGH"
    ]
  },
  {
    "type": "overmap_terrain",
    "id": "arcana_hermitage_1",
    "name": "odd house",
    "sym": "v",
    "color": "i_light_green",
    "see_cost": 5
  },
  {
    "type": "overmap_terrain",
    "id": "arcana_hermitage_2",
    "name": "odd house",
    "sym": "^",
    "color": "i_light_green",
    "see_cost": 5
  },
  {
    "type": "overmap_terrain",
    "id": "arcana_hermitage_roof",
    "name": "odd house roof",
    "sym": "^",
    "color": "i_light_green",
    "see_cost": 5
  },
  {
    "type": "overmap_terrain",
    "id": "cf_church_1",
    "name": "back lot",
    "sym": "O",
    "color": "brown",
    "see_cost": 5,
    "flags": [
      "NO_ROTATE"
    ]
  },
  {
    "type": "overmap_terrain",
    "id": "cf_church_2",
    "name": "back lot",
    "sym": "O",
    "color": "brown",
    "see_cost": 5,
    "flags": [
      "NO_ROTATE"
    ]
  },
  {
    "type": "overmap_terrain",
    "id": "cf_church_3",
    "name": "dirt lot",
    "sym": "O",
    "color": "brown",
    "see_cost": 5,
    "flags": [
      "NO_ROTATE"
    ]
  },
  {
    "id": "cf_church_4",
    "type": "overmap_terrain",
    "name": "rural church",
    "sym": "C",
    "color": "light_red",
    "see_cost": 5,
    "flags": [
      "NO_ROTATE"
    ]
  },
  {
    "type": "overmap_terrain",
    "id": "cf_church_1_roof",
    "name": "open air",
    "sym": ".",
    "color": "blue",
    "flags": [
      "NO_ROTATE"
    ]
  },
  {
    "type": "overmap_terrain",
    "id": "cf_church_2_roof",
    "name": "open air",
    "sym": ".",
    "color": "blue",
    "flags": [
      "NO_ROTATE"
    ]
  },
  {
    "type": "overmap_terrain",
    "id": "cf_church_3_roof",
    "name": "open air",
    "sym": ".",
    "color": "blue",
    "flags": [
      "NO_ROTATE"
    ]
  },
  {
    "id": "cf_church_4_roof",
    "type": "overmap_terrain",
    "name": "rural church roof",
    "sym": "C",
    "color": "light_red",
    "see_cost": 5,
    "flags": [
      "NO_ROTATE"
    ]
  },
  {
    "type": "overmap_terrain",
    "id": "sanguine_holdout_roof",
    "name": "cabin roof",
    "sym": "C",
    "color": "i_green",
    "see_cost": 5
  },
  {
    "type": "overmap_terrain",
    "id": "sanguine_holdout_1",
    "name": "cabin",
    "sym": "C",
    "color": "i_green",
    "see_cost": 5
  },
  {
    "type": "overmap_terrain",
    "id": "sanguine_holdout_2",
    "name": "cabin",
    "sym": "C",
    "color": "i_green",
    "see_cost": 5
  },
  {
    "type": "overmap_terrain",
    "id": "sanguine_holdout_b1",
    "name": "cabin basement",
    "sym": "C",
    "color": "i_green",
    "see_cost": 5
  },
  {
    "type": "overmap_terrain",
    "id": "house_arcana",
    "name": "house",
    "copy-from": "generic_city_building",
    "color": "light_green",
    "see_cost": 2,
    "flags": [
      "SIDEWALK",
      "RISK_HIGH"
    ]
  },
  {
    "type": "overmap_terrain",
    "id": "house_arcana_roof",
    "name": "house",
    "copy-from": "generic_city_building",
    "color": "light_green",
    "see_cost": 2
  },
  {
    "id": "arcana_field_anomalous_buffer",
    "type": "overmap_terrain",
    "name": "field",
    "sym": ".",
    "color": "brown",
    "see_cost": 2,
    "flags": [
      "RISK_HIGH"
    ]
  },
  {
    "id": "arcana_structure_anomalous_roof",
    "type": "overmap_terrain",
    "name": "unidentified anomalous structure roof",
    "sym": "T",
    "color": "i_light_gray",
    "see_cost": 5
  },
  {
    "id": "arcana_structure_anomalous_surface",
    "type": "overmap_terrain",
    "name": "unidentified anomalous structure",
    "sym": "T",
    "color": "i_light_gray",
    "see_cost": 5,
    "flags": [
      "RISK_HIGH"
    ]
  },
  {
    "id": "arcana_structure_anomalous_entrance",
    "type": "overmap_terrain",
    "name": "unidentified anomalous structure",
    "sym": "T",
    "color": "i_light_gray",
    "see_cost": 5,
    "flags": [
      "RISK_HIGH"
    ]
  },
  {
    "id": "arcana_structure_anomalous_underground",
    "type": "overmap_terrain",
    "name": "unidentified anomalous structure",
    "sym": "T",
    "color": "i_light_gray",
    "see_cost": 5,
    "flags": [
      "RISK_HIGH"
    ]
  },
  {
    "id": "arcana_structure_anomalous_finale",
    "type": "overmap_terrain",
    "name": "unidentified anomalous structure",
    "sym": "T",
    "color": "i_light_gray",
    "see_cost": 5,
    "flags": [
      "RISK_HIGH"
    ]
  }
]