[
{
"type":"AMMO",
"id":"arrow_steel_0",
"name":"精铁箭",
"copy-from":"arrow_metal",
"description":"精铁打造的锐利箭矢，高伤害且不易损坏，射击后有高机率保持完整。",
"material":"steel",
"relative":{
"damage":2,
"pierce":1,
"range":2,
"cutting":3
},
"proportional":{
"price":1.4,
"weight":1.15
},
"effects":["RECOVER_18"]
},{
"type":"recipe",
"result":"arrow_steel_0",
"category":"CC_AMMO",
"subcategory":"CSC_AMMO_ARROWS",
"skill_used":"fabrication",
"skills_required":[["archery",6],["survival",2]],
"difficulty":6,
"time":25000,
"reversible":false,
"autolearn":true,
"book_learn":[["recipe_arrows",4]],
"qualities":[
{"id":"CUT","level":1,"amount":1},
{"id":"HAMMER","level":1,"amount":1},
{"id":"SAW_M","level":1,"amount":1}
],
"tools":[
[["toolset",7],["fire",-1],["forge",7],["oxy_torch",2]]
],
"components":[
[["superglue",1],["bone_glue",1],["thread",20],["sinew",20],["plant_fibre",20]],
[["scrap",10],["steel_chunk",2]],
[["feather",10],["duct_tape",40],["bag_plastic",1],["bottle_plastic_small",1],["box_small",1],["plastic_chunk",1],["aluminum_foil",40],["cash_card",2]]
]
}
]