[
  {
    "id": "NC_SUPER_SOLDIER_worn",
    "type": "item_group",
    "//": "Generic super soldier kit, unisex.",
    "subtype": "collection",
    "entries": [
      { "item": "undershirt" },
      { "item": "pants_army" },
      { "item": "jacket_army" },
      { "item": "balclava" },
      { "item": "beret" },
      { "item": "gloves_liner" },
      { "item": "gloves_tactical" },
      { "item": "socks" },
      { "item": "boots_combat" }
    ]
  },
  {
    "id": "NC_SUPER_SOLDIER_carry",
    "type": "item_group",
    "//": "Super soldier items.  Now that NPCs can use UPS, we do so.",
    "subtype": "collection",
    "entries": [
      { "item": "militarymap" },
      { "item": "id_military" },
      { "item": "adv_UPS_off", "charges": [ 1250, 2500 ] }
    ]
  },
  {
    "id": "NC_SUPER_SOLDIER_weapon",
    "type": "item_group",
    "subtype": "collection",
    "//": "Randomly picks any of the weapons used by player super soldiers.",
    "entries": [
      {
        "distribution": [
          { "item": "arc_laser_rifle", "prob": 25, "contents-item": [ "shoulder_strap", "knife_combat" ] },
          { "item": "neo_laser_pistol", "prob": 20, "contents-item": [ "pistol_bayonet" ] },
          { "item": "akro_laser_smg", "prob": 15, "contents-item": [ "shoulder_strap", "knife_combat" ] },
          { "item": "xarm_laser_shotgun", "prob": 10, "contents-item": [ "shoulder_strap", "knife_combat" ] },
          { "item": "mx_laser_sniper", "prob": 5, "contents-item": [ "shoulder_strap", "knife_combat" ] }
        ]
      }
    ]
  },
  {
    "id": "NC_BIO_HUNTER_E_worn",
    "type": "item_group",
    "//": "Evelynn Rose's kit, mimics dummied-out player version somewhat.  Main change is a MOLLE pack to ensure she can carry items as quest fodder, instead of handing you her weapon.",
    "subtype": "collection",
    "entries": [
      { "item": "bra" },
      { "item": "panties" },
      { "item": "pants_army" },
      { "item": "jacket_army" },
      { "item": "molle_pack" },
      { "item": "beret" },
      { "item": "gloves_fingerless" },
      { "item": "socks" },
      { "item": "boots_combat" },
      { "item": "badge_bio_weapon" },
      { "item": "canteen" }
    ]
  },
  {
    "id": "NC_BIO_HUNTER_E_carry",
    "type": "item_group",
    "subtype": "collection",
    "entries": [
      { "item": "mre_veggy_box" },
      { "item": "biomap" },
      { "item": "militarymap" },
      { "item": "adv_UPS_off", "charges": [ 1250, 2500 ] },
      { "group": "everyday_gear" },
      { "group": "drugs_soldier", "prob": 50 },
      { "group": "supplies_electronics", "prob": 50, "count": [ 1, 3 ] }
    ]
  },
  {
    "id": "NC_BIO_HUNTER_E_weapon",
    "type": "item_group",
    "//": "Evelynn Rose's weapon, don't think you can define weapon overrides any other way.",
    "subtype": "collection",
    "entries": [ { "item": "akro_laser_smg", "contents-item": [ "shoulder_strap", "knife_combat" ] } ]
  }
]
