[
{
    "result": "fan_heater_off",
    "type": "recipe",
    "category": "CC_ELECTRONIC",
    "subcategory": "CSC_ELECTRONIC_TOOLS",
    "skill_used": "electronics",
    "skills_required" : [ "fabrication", 3 ],
    "difficulty": 4,
    "decomp_learn": 4,
    "reversible": true,
    "time": 30000,
    "book_learn": [["advanced_electronics", 3] , ["textbook_electronics", 3]],
    "qualities": [ { "id": "SCREW", "level": 1 } ],
    "tools" : [
       [ ["mold_plastic", -1] ]
     ],
    "using": [ [ "soldering_standard", 10 ], [ "surface_heat", 10 ] ],
    "components": [ [ [ "scrap", 3 ] ], [ [ "plastic_chunk", 8 ] ], [ [ "motor_micro", 1 ] ], [ [ "cable", 20 ] ], [ [ "element", 8 ] ] ]
  },
{
    "result": "heater_vp",
    "type": "recipe",
    "category": "CC_ELECTRONIC",
    "subcategory": "CSC_ELECTRONIC_TOOLS",
    "skill_used": "electronics",
    "skills_required" : [ "fabrication", 3 ],
    "difficulty": 3,
    "decomp_learn": 3,
    "time": 30000,
    "book_learn": [["advanced_electronics", 3] , ["textbook_electronics", 3]],
    "qualities": [ { "id": "SCREW", "level": 1 } ],
    "using": [ [ "soldering_standard", 10 ] ],
    "components": [ [ [ "scrap", 3 ] ], [ [ "plastic_chunk", 8 ] ], [ [ "cable", 100 ] ], [ [ "element", 8 ] ] ]
  }
]