[
  {
    "id": "heater_vp",
    "type": "TOOL",
    "symbol": "=",
    "color": "red",
    "name": "防冻器",
    "description": "可以装在车上的带状加热器,保护食物和油箱内液体不被冻结,和引擎联动工作.",
    "price": 40000,
    "material": ["plastic","steel"],
    "weight": 1060,
    "volume": 4
  },
  {
    "id": "fan_heater_off",
    "type": "TOOL",
    "symbol": "*",
    "color": "red",
    "name": "桌上暖风机(off)",
    "description": "家用小型暖风机,激活以使用·",
    "price": 4000,
    "material": ["plastic","steel"],
    "weight": 2060,
    "volume": 5,
    "max_charges": 200,
    "charges_per_use": 1,
    "ammo": "battery",
    "use_action": {
      "target": "fan_heater_on",
      "menu_text": "Turn on",
      "need_charges": 1,
      "active": true,
      "msg": "开启",
      "need_charges_msg": "电力不足.",
      "type": "transform"
    }
  },
  {
    "id": "fan_heater_on",
    "type": "TOOL",
    "symbol": "*",
    "color": "red",
    "name": "桌上暖风机(on)",
    "description": "家用小型暖风机,激活以使用",
    "price": 4000,
    "material": ["plastic","steel"],
    "weight": 2060,
    "volume": 5,
    "max_charges": 200,
    "turns_per_charge": 4,
    "ammo": "battery",
    "emits": [ "emit_hot_air_min1","emit_hot_air_min2","emit_hot_air_min3"],
    "revert_to": "fan_heater_off",
    "use_action": {
      "target": "fan_heater_off",
      "menu_text": "Turn off",
      "msg": "关闭电源.",
      "type": "transform"
    }
  },
  {
    "id": "jet_heater_off",
    "type": "TOOL",
    "symbol": "#",
    "color": "red",
    "name": "电动加热器(off)",
    "description": "有两个档位温度的工业用电动加热器.让周围较大一片区域内温度提高,但是请小心周围的高温.请激活使用.",
    "price": 90000,
    "material": ["plastic","steel"],
    "weight": 24060,
    "volume": 12,
    "max_charges": 1000,
    "charges_per_use": 1,
    "ammo": "battery",
    "use_action": [{
      "target": "jet_heater_on",
      "menu_text": "中温",
      "need_charges": 1,
      "active": true,
      "msg": "工作中",
      "need_charges_msg": "电力不足",
      "type": "transform"
        },{
      "type": "delayed_transform",
      "transform_age" : 1,
      "not_ready_msg" : "The yeast has not been done The yeast isn't done culturing yet.",
      "need_charges_msg": "电力不足",
      "need_charges": 1,
      "active": true,
      "menu_text": "高温",
      "msg": "变为高温",
      "target": "jet_heater_on2"
        }]
  },
  {
    "id": "jet_heater_on",
    "type": "TOOL",
    "symbol": "#",
    "color": "red",
    "name": "电动加热器(中/on)",
    "description": "有两个档位温度的工业用电动加热器.让周围较大一片区域内温度提高,现在是中温模式,请小心周围的高温.",
    "price": 90000,
    "material": ["plastic","steel"],
    "weight": 24060,
    "volume": 12,
    "max_charges": 1000,
    "turns_per_charge": 2,
    "ammo": "battery",
    "emits": [ "emit_hot_air_mid1","emit_hot_air_mid2","emit_hot_air_mid3","emit_hot_air_mid3_2"],
    "revert_to": "jet_heater_off",
    "use_action": [{
      "target": "jet_heater_on2",
      "menu_text": "高温",
      "need_charges": 1,
      "active": true,
      "msg": "变为高温",
      "need_charges_msg": "电力不足",
      "type": "transform"
        },{
      "type": "delayed_transform",
      "transform_age" : 1,
      "not_ready_msg" : "The yeast has not been done The yeast isn't done culturing yet.",
      "menu_text": "Turn off",
      "msg": "关闭电源",
      "target": "jet_heater_off"
        }]
  },
  {
    "id": "jet_heater_on2",
    "type": "TOOL",
    "symbol": "#",
    "color": "red",
    "name": "电动加热器(高/on)",
    "description": "有两个档位温度的工业用电动加热器.让周围较大一片区域内温度显著提高,现在是高温模式,请小心周围的高温.",
    "price": 90000,
    "material": ["plastic","steel"],
    "weight": 34060,
    "volume": 12,
    "max_charges": 1000,
    "turns_per_charge": 1,
    "ammo": "battery",
    "emits": [ "emit_hot_air_max1","emit_hot_air_max2","emit_hot_air_max3","emit_hot_air_max3_2","emit_hot_air_max4"],
    "revert_to": "jet_heater_off",
    "use_action": [{
      "target": "jet_heater_on",
      "menu_text": "中温",
      "need_charges": 1,
      "active": true,
      "msg": "工作中",
      "need_charges_msg": "电力不足",
      "type": "transform"
        },{
      "type": "delayed_transform",
      "transform_age" : 1,
      "not_ready_msg" : "The yeast has not been done The yeast isn't done culturing yet.",
      "menu_text": "Turn off",
      "msg": "关闭电源",
      "target": "jet_heater_off"
        }]
  },
  {
    "id": "hobo_stove",
    "type": "TOOL",
    "copy-from": "hobo_stove",
    "name": "hobo stove",
    "//": "流浪汉火炉，原版部分有，其他部分没有必要改"
  },	
  {
    "id": "hobo_stove_on",
    "type": "TOOL",
	"copy-from": "hobo_stove_on",
    "name": "hobo stove (lit)",
	"//": "流浪汉火炉，原版有，其他部分没有必要改",
    "name_plural": "hobo stove (lit)",
    "//": "Dummied out due to reverting hobo stove behavior, to be consistent with existing items. -Chaosvolt",
    "emits": ["emit_hot_air_min2","emit_hot_air_max4"]
  }    
 ]