[
  {
    "type": "vehicle_part",
    "id": "heater_vp",
    "name": "防冻器",
    "symbol": "H",
    "color": "light_red",
    "broken_symbol": "#",
    "broken_color": "light_blue",
    "damage_modifier": 10,
    "durability": 50,
    "item": "heater_vp",
    "description": "注意:可以装在任何地方,但是只有引擎启动时才工作.",
    "difficulty": 3,
    "flags": [ "TOOL_WRENCH", "E_HEATER" ],
    "breaks_into": [
      { "item": "steel_lump", "count": [ 3, 5 ] },
      { "item": "steel_chunk", "count": [ 6, 10 ] },
      { "item": "scrap", "count": [ 8, 13 ] }
    ]
  },
  {
    "type": "vehicle_part",
    "id": "minifreezer_floor",
    "name": "小型冷冻库",
    "symbol": "H",
    "looks_like": "trunk_floor",
    "color": "light_blue",
    "broken_symbol": "#",
    "broken_color": "blue",
    "damage_modifier": 10,
    "durability": 100,
    "epower": -45,
    "size": 300,
    "item": "minifreezer",
    "difficulty": 5,
    "location": "center",
    "flags": [ "AISLE", "BOARDABLE", "CARGO", "LOCKABLE_CARGO", "FREEZER", "COVERED", "TOOL_WRENCH", "ENABLED_DRAINS_EPOWER" ],
    "breaks_into": [
      { "item": "steel_lump", "count": [ 8, 13 ] },
      { "item": "steel_chunk", "count": [ 8, 13 ] },
      { "item": "scrap", "count": [ 8, 13 ] },
      { "item": "hose", "prob": 50 }
    ]
  },
  {
    "type": "vehicle_part",
    "id": "minifridge_floor",
    "name": "小型冷藏库",
    "symbol": "H",
    "looks_like": "trunk_floor",
    "color": "light_blue",
    "broken_symbol": "#",
    "broken_color": "light_blue",
    "damage_modifier": 10,
    "durability": 100,
    "description":"一个小型冷冻库,当打开时,它会冷冻里面的食物,延长时间,直至食物变质.",
    "//": "Use average consumption, not the max on the appliance rating plate. 30W ~ 260kWh per annum",
    "epower": -30,
    "size": 300,
    "item": "minifridge",
    "difficulty": 5,
    "location": "center",
    "flags": [ "AISLE", "BOARDABLE", "CARGO", "LOCKABLE_CARGO", "FRIDGE", "COVERED", "TOOL_WRENCH", "ENABLED_DRAINS_EPOWER" ],
    "breaks_into": [
      { "item": "steel_lump", "count": [ 8, 13 ] },
      { "item": "steel_chunk", "count": [ 8, 13 ] },
      { "item": "scrap", "count": [ 8, 13 ] },
      { "item": "hose", "prob": 50 }
    ]
  }
]
