[
  {
    "type": "mapgen",
    "method": "json",
    "om_terrain": [ "KDYG_SL_Z_11" ],
    "object": {
      "fill_ter": "t_grass",
      "rows": [
        "adadadebcccbaeabcccbbddb",   
        "bbbbbbebccbaddabcdcbaabb",     
        "ccccccceccbbbaabccbaaaab",
        "ccddccbcdcbcddccccbadaaa",
        "ccccbccccccccccccbeadaba",
        "bbccbbbcccbccbbccbaeeaaa",
        "abccbaabccbccbbccbadaabb",
        "abccebbdccbbccccbbedaaaa",
        "aebcccbeccbbbebccbbbbaba",
        "adaebcceccbaaabcccccccab",
        "adebbcccccbeaabccccccccc",
        "bbbccccbcccbebecccbabbba",
        "cccccccbecccbdbcdcbaaaaa",
        "ccccbbbebbcccbcccbaaaaaa",
        "bbbebdaaabbcddcbbeaaaaba",
        "ddabeabbbabccaccbaddaaaa",
        "aaaaabeddaebcccbbaddaaba",
        "bbbbbbccbaabccbbaaeaaabb",   
        "cccbccdcbabccbecbbddaaaa",
        "ccccddcccccecccccccccaba",
        "bbccccbbbbbcbbbcccccbaaa",
        "dabbbebaaacccabbbcccaeba",
        "aaabbababbcccabbaababbaa",  
        "abbaabababccbbaaccabaabb" 
    
      ],
      "terrain": {
        "a": "t_grass_tall",
        "b": "t_tree_wxkj_kdyg1",
        "c": "t_wxkj_kdyg_cc",
        "d": "t_wxkj_kdyg_xh",
        "e": "t_tree_wxkj_kdyg0",
        "r": "t_pavement_y",
        "f": "t_window"
      },
       "place_monster": [
            {
              "monster": "mon_wxkj_mwzz4",
                "x": [ 18, 23 ],
                "y": [ 3, 12 ],
                "chance": 60, 
                "repeat": [ 1, 2 ]
            }, 
             {
              "monster": "mon_wxkj_tts1",
                "x": [ 18, 23 ],
                "y": [ 3, 12 ],
                "chance": 60, 
                "repeat": [ 1, 2 ]
            }, 
            {
             "monster": "mon_wxkj_bhgww1",
                "x": [ 18, 23 ],
                "y": [ 3, 12 ],
                "chance": 60, 
                "repeat": [ 1, 1 ]
            },	
            {
              "monster": "mon_wxkj_mwh4",
                "x": [ 18, 23 ],
                "y": [ 3, 12 ],
                "chance": 50, 
                "repeat": [ 1, 1 ]
            }, 
            {
              "monster": "mon_wxkj_jzs1",
                "x": [ 18, 23 ],
                "y": [ 3, 12 ],
                "chance": 50, 
                "repeat": [ 1, 1 ]
            },			 
            {
              "monster": "mon_wxkj_qexj1",
                "x": [ 18, 23 ],
                "y": [ 3, 12 ],
                "chance": 50, 
                "repeat": [ 1, 1 ]
            }	
            ],
      "furniture": { "g": "f_table", "h": "f_chair", "i": "f_sandbag_half", "j": "f_standing_tank" }
    }
  },
  {
        "type" : "overmap_terrain",
        "id" : "KDYG_SL_Z_11",
        "name" : "森林",
        "symbol": "F",
        "color" : "green",        
        "see_cost" : 5
    }

    
    
]