[
  {
    "type": "profession",
    "ident": "nano_agent",
    "name": "纳米智能",
    "description": "纳米技能虽然及时完成了，但是似乎也并没能阻止大灾变的发生。你的任务是保证安全的同时继续纳米技术的研究。",
    "points": 8,
    "items": {
      "both": [
        "dress_shirt",
        "pants",
        "socks",
        "boots",
        "coat_lab",
        "backpack",
        "nano_programmer_2",
        "nanite_core_1",
        "nanite_cluster",
        "nanite_cluster",
        "nanite_cluster",
        "nanite_cluster",
        "nanite_cluster",
        "nanite_cluster",
        "nanite_cluster",
        "nanite_cluster",
        "nanite_cluster",
        "nanite_power_cell",
        "nanite_multitool_small"
      ],
      "male": [
        "briefs"
      ],
      "female": [
        "bra",
        "panties"
      ]
    }
  }
]
