[
   {
    "type": "terrain",
    "id": "t_wxkj_kdyg_cc",
    "name": "草丛",
    "description": "在草丛附近有几率遇见野生的精灵..",
    "symbol": "#",
    "color": "green",
    "move_cost": 4,
    "coverage": 30,
    "//":"每增加2游戏内移动时间增加1s",
    "flags": [ "TRANSPARENT","REDUCE_SCENT", "PLOWABLE","DIGGABLE"  ],
    "bash": { "sound": "thump", 
    "ter_set": "t_grass", 
    "str_min": 21, "str_max": 50,
    "str_min_supported": 100, 
    "bash_below": true 
    }   
    
    },
     {
    "type": "terrain",
    "id": "t_wxkj_kdyg_xh",
    "name": "小花",
    "description": "一朵小花，在附近有几率遇见野生的精灵.",
    "symbol": "#",
    "color": "green",
    "move_cost": 2,
    "flags": [ "TRANSPARENT","REDUCE_SCENT", "PLOWABLE" ],
    "bash": { "sound": "thump", 
    "ter_set": "t_grass", 
    "str_min": 15, "str_max": 30
    
  }
  },
    {
    "type": "terrain",
    "id": "t_wxkj_kdyg_gcc",
    "name": "高草丛",
    "description": "神奇宝贝世界中的一种地形,在草丛附近有几率遇见野生的精灵..",
    "symbol": "#",
    "color": "green",
    "move_cost": 6,
    "coverage": 60,
    "flags": [ "TRANSPARENT","REDUCE_SCENT","PLOWABLE" ],
    "bash": { "sound": "thump", 
    "ter_set": "t_grass", 
    "str_min": 15, "str_max": 40       
    }
    
  },
  {
    "type": "terrain",
    "id": "t_tree_wxkj_kdyg0",
    "name": "小树树",
    "description": "一颗小树树,你忍心伤害它吗?",
    "symbol": "i",
    "color": [ "light_green" ],
    "move_cost": 5,
    "coverage": 30,
    "flags": [ "FLAMMABLE_ASH", "NOITEM", "TRANSPARENT", "TREE", "MOUNTABLE" ],  
    "bash": {
      "str_min": 21,
      "str_max": 30,
      "sound": "crunch!",
      "sound_fail": "whack!",
      "ter_set": "t_grass"
     
    }
  },
  {
    "type": "terrain",
    "id": "t_tree_wxkj_kdyg1",
    "name": "大树",
    "description": "一颗大树",
    "symbol": "i",
    "color": [ "light_green" ],
    "move_cost": 0,
    "coverage": 90,
    "flags": [ "FLAMMABLE_ASH", "NOITEM", "SUPPORTS_ROOF", "TREE", "REDUCE_SCENT" ],  
    "bash": {
      "str_min": 666,
      "str_max": 999,
      "sound": "crunch!",
      "sound_fail": "whack!",
      "ter_set": "t_grass"
     }
    }, 
    {
    "type": "terrain",
    "id": "t_tree_wxkj_mj1",
    "name": "大树",
    "description": "一颗大树",
    "symbol": "i",
    "color": [ "light_green" ],
    "move_cost": 0,
    "coverage": 90,
    "light_emitted": 50,
    "//":"10:1",
    "flags": [ "FLAMMABLE_ASH", "NOITEM", "SUPPORTS_ROOF", "TREE", "REDUCE_SCENT" ],  
    "bash": {
      "str_min": 666,
      "str_max": 999,
      "sound": "crunch!",
      "sound_fail": "whack!",
      "ter_set": "t_grass"
     
    }
  },  
  {
    "type": "terrain",
    "id": "t_mj_door00",
    "name": "秘境之门",
    "description": "通往一个未知的地点",
    "symbol": "M",
    "color": [ "light_green", "light_green", "red_green", "brown" ],
    "move_cost": 0,
    "coverage": 80,
    "flags": [ "FLAMMABLE_ASH", "NOITEM", "SUPPORTS_ROOF", "TREE", "REDUCE_SCENT" ],
    "transforms_into": "t_stairs_up",
    "examine_action": "harvest_ter_nectar",
    "harvest_by_season": [ 
    { "seasons": 
    [ "spring","summer","autumn","winter"
    ], 
    "entries": [ 
    { "drop": "apple", "base_num":  [ 0, 0 ], "scaled_num": [ 0, 0.5 ] }     
     ] } 
     ] 
  } 
    
]