[
  {
    "id": "f_anvil_stone",
    "type": "furniture",
    "name": "石砧",
    "symbol": "^",
    "color": [ "dkgray" ],
	"description": "一整个从石块上凿出来的石砧，可以用来代替铁砧.",
    "move_cost_mod": 3,
    "required_str": 8,
    "crafting_pseudo_item": "boulder_anvil_leveled",
    "bash": {
      "str_min": 12,
      "str_max": 36,
      "sound": "smash!",
      "sound_fail": "thump.",
      "items": [ { "item": "rock", "count": [ 1, 5 ] } ]
    },
    "flags": [ "TRANSPARENT", "MINEABLE", "NOITEM", "MOUNTABLE", "TINY" ]
  }
]
