[
    {
        "type" : "overmap_terrain",
        "id" : "empty_rock",
        "copy-from" : "empty_rock",
        "flags" : [ "NO_ROTATE" ]
    },
    {
        "type" : "overmap_special",
        "id" : "Crater",
        "copy-from" : "Crater",
        "overmaps" : [
            { "point":[0,0,0], "overmap": "crater"},
            { "point":[0,0,-1], "overmap": "vein_maybe"}
        ]
    },
    {
        "type" : "overmap_special",
        "id" : "Toxic Waste Dump",
        "copy-from" : "Toxic Waste Dump",
        "overmaps" : [
            { "point":[0,0,0], "overmap": "toxic_dump_north"},
            { "point":[0,0,-1], "overmap": "vein_maybe"}
        ]
    },
    {
        "type" : "overmap_special",
        "id" : "bog",
        "copy-from" : "bog",
        "overmaps" : [
            { "point":[0,0,0], "overmap": "pond_swamp_north"},
            { "point":[0,0,-1], "overmap": "vein_hematite"}
        ]
    },
    {
        "type" : "overmap_special",
        "id" : "Cabin",
        "copy-from" : "Cabin",
        "overmaps" : [
            { "point":[0,0,0], "overmap": "cabin_north"},
            { "point":[0,0,-1], "overmap": "vein_maybe"}
        ]
    },
    {
        "type" : "overmap_special",
        "id" : "Strange Cabin",
        "copy-from" : "Strange Cabin",
        "overmaps" : [
            { "point":[0,0,0], "overmap": "cabin_strange_north"},
            { "point":[0,0,-1], "overmap": "cabin_strange_b_north"},
            { "point":[0,0,-2], "overmap": "vein_maybe"},
            { "point":[0,0,-3], "overmap": "vein_maybe"},
            { "point":[0,0,-4], "overmap": "vein_maybe"},
            { "point":[0,0,-5], "overmap": "vein_maybe"}
        ]
    },
    {
        "type" : "overmap_special",
        "id" : "Standing stones",
        "copy-from" : "Standing stones",
        "overmaps" : [
            { "point":[0,0,0], "overmap": "standing_stones"},
            { "point":[0,0,-1], "overmap": "empty_rock"},
            { "point":[0,0,-2], "overmap": "vein_maybe"},
            { "point":[0,0,-3], "overmap": "vein_maybe"},
            { "point":[0,0,-4], "overmap": "vein_maybe"},
            { "point":[0,0,-5], "overmap": "vein_maybe"}

        ]
    }
]
