[
    {
        "type" : "terrain",
        "id" : "t_rock",
        "name": "坚岩",
        "symbol": "#",
        "color": "white",
		"description": "一大片坚实的岩石,能出产各式各样的矿物。快快抓起你的鹤嘴锄或类似的挖掘工具,并开始strike the earth ! (注:矮人要塞Duarf Fortress开局词)",
        "move_cost": 0,
        "flags": ["NOITEM", "SUPPORTS_ROOF", "MINEABLE","WALL"],
        "roof": "t_rock_floor",
        "bash": {
            "str_min": 100, "str_max": 400,
            "sound": "crash!",
            "sound_fail": "whump!",
            "ter_set": "t_rock_floor",
            "items": [
                { "item": "rock", "count": [3, 7] },
                { "item": "material_limestone", "charges": [10, 25], "prob": 80 }
            ]
        }
    },{
        "type" : "terrain",
        "id" : "t_rock_coal",
        "name": "煤矿脉",
        "symbol": "#",
        "color": "dkgray",
		"description": "一簇煤矿,能够开采出煤炭。快快抓起你的鹤嘴锄或类似的挖掘工具来开采吧",
        "move_cost": 0,
        "flags": ["NOITEM", "SUPPORTS_ROOF", "MINEABLE","WALL"],
        "roof": "t_rock_floor",
        "bash": {
            "str_min": 100, "str_max": 400,
            "sound": "crash!",
            "sound_fail": "whump!",
            "ter_set": "t_rock_floor",
            "items": [
                { "item": "rock", "count": [3, 7] },
                { "item": "coal_lump", "charges": [250, 500], "prob": 80 }
            ]
        }
    },
    {
        "type" : "terrain",
        "id" : "t_rock_halite",
        "name": "岩盐矿",
        "symbol": "#",
        "color": "white",
		"description": "一簇岩盐,里面有沉淀了许多矿物质，能够开采出岩盐。快快抓起你的鹤嘴锄或类似的挖掘工具来开采吧",
        "move_cost": 0,
        "flags": ["NOITEM", "SUPPORTS_ROOF", "MINEABLE","WALL"],
        "roof": "t_rock_floor",
        "bash": {
            "str_min": 100, "str_max": 400,
            "sound": "crash!",
            "sound_fail": "whump!",
            "ter_set": "t_rock_floor",
            "items": [
                { "item": "rock", "count": [3, 7] },
                { "item": "material_rocksalt", "count": [1, 3], "prob": 80 }
            ]
        }
    },
    {
        "type" : "terrain",
        "id" : "t_rock_niter",
        "name": "硝石矿",
        "symbol": "#",
        "color": "ltgray",
		"description": "一簇硝石矿,里面含有硝石，能够开采出硝石。快快抓起你的鹤嘴锄或类似的挖掘工具来开采吧",
        "move_cost": 0,
        "flags": ["NOITEM", "SUPPORTS_ROOF", "MINEABLE","WALL"],
        "roof": "t_rock_floor",
        "bash": {
            "str_min": 100, "str_max": 400,
            "sound": "crash!",
            "sound_fail": "whump!",
            "ter_set": "t_rock_floor",
            "items": [
                { "item": "rock", "count": [3, 7] },
                { "item": "material_niter", "count": [1, 3], "prob": 80 }
            ]
        }
    },
    {
        "type" : "terrain",
        "id" : "t_rock_brimstone",
        "name": "硫磺矿",
        "symbol": "#",
        "color": "yellow",
		"description": "一簇硫磺矿,里面含有硫磺，味道刺鼻，能够开采出硫磺。快快抓起你的鹤嘴锄或类似的挖掘工具来开采吧",
        "move_cost": 0,
        "flags": ["NOITEM", "SUPPORTS_ROOF", "MINEABLE","WALL"],
        "roof": "t_rock_floor",
        "bash": {
            "str_min": 100, "str_max": 400,
            "sound": "crash!",
            "sound_fail": "whump!",
            "ter_set": "t_rock_floor",
            "items": [
                { "item": "rock", "count": [3, 7] },
                { "item": "chunk_sulfur", "count": [1, 3], "prob": 80 }
            ]
        }
    },
    {
        "type" : "terrain",
        "id" : "t_rock_copper",
        "name": "铜矿脉",
        "symbol": "#",
        "color": "ltred",
		"description": "一簇铜矿,里面含有铜矿石，可以进行开采。快快抓起你的鹤嘴锄或类似的挖掘工具来开采吧",
        "move_cost": 0,
        "flags": ["NOITEM", "SUPPORTS_ROOF", "MINEABLE","WALL"],
        "roof": "t_rock_floor",
        "bash": {
            "str_min": 100, "str_max": 400,
            "sound": "crash!",
            "sound_fail": "whump!",
            "ter_set": "t_rock_floor",
            "items": [
                { "item": "rock", "count": [3, 7] },
                { "item": "chunk_copper", "count": [1, 3], "prob": 80 }
            ]
        }
    },
    {
        "type" : "terrain",
        "id" : "t_rock_silver",
        "name": "银矿脉",
        "symbol": "#",
        "color": "white",
		"description": "一簇银矿,里面含有质地较软的银矿石。快快抓起你的鹤嘴锄或类似的挖掘工具来开采吧",
        "move_cost": 0,
        "flags": ["NOITEM", "SUPPORTS_ROOF", "MINEABLE","WALL"],
        "roof": "t_rock_floor",
        "bash": {
            "str_min": 100, "str_max": 400,
            "sound": "crash!",
            "sound_fail": "whump!",
            "ter_set": "t_rock_floor",
            "items": [
                { "item": "rock", "count": [3, 7] },
                { "item": "chunk_silver", "count": [1, 2], "prob": 80 }
            ]
        }
    },
    {
        "type" : "terrain",
        "id" : "t_rock_gold",
        "name": "金矿脉",
        "symbol": "#",
        "color": "yellow",
		"description": "一簇金矿,里面含有些许黄金，价格不菲。快快抓起你的鹤嘴锄或类似的挖掘工具来开采吧",
        "move_cost": 0,
        "flags": ["NOITEM", "SUPPORTS_ROOF", "MINEABLE","WALL"],
        "roof": "t_rock_floor",
        "bash": {
            "str_min": 100, "str_max": 400,
            "sound": "crash!",
            "sound_fail": "whump!",
            "ter_set": "t_rock_floor",
            "items": [
                { "item": "rock", "count": [3, 7] },
                { "item": "chunk_gold", "count": [1, 2], "prob": 80 }
            ]
        }
    },
    {
        "type" : "terrain",
        "id" : "t_rock_aluminum",
        "name": "铝矿脉",
        "symbol": "#",
        "color": "ltgray",
		"description": "一簇非常稀有的铝矿，里面含有铝矿石。快快抓起你的鹤嘴锄或类似的挖掘工具来开采吧",
        "move_cost": 0,
        "flags": ["NOITEM", "SUPPORTS_ROOF", "MINEABLE","WALL"],
        "roof": "t_rock_floor",
        "bash": {
            "str_min": 100, "str_max": 400,
            "sound": "crash!",
            "sound_fail": "whump!",
            "ter_set": "t_rock_floor",
            "items": [
                { "item": "rock", "count": [3, 7] },
                { "item": "chunk_aluminum", "count": [1, 3], "prob": 80 }
            ]
        }
    },
    {
        "type" : "terrain",
        "id" : "t_rock_cassiterite",
        "name": "锡矿脉",
        "symbol": "#",
        "color": "brown",
		"description": "一簇锡矿，里面含有锡矿石。快快抓起你的鹤嘴锄或类似的挖掘工具来开采吧",
        "move_cost": 0,
        "flags": ["NOITEM", "SUPPORTS_ROOF", "MINEABLE","WALL"],
        "roof": "t_rock_floor",
        "bash": {
            "str_min": 100, "str_max": 400,
            "sound": "crash!",
            "sound_fail": "whump!",
            "ter_set": "t_rock_floor",
            "items": [
                { "item": "rock", "count": [3, 7] },
                { "item": "chunk_cassiterite", "count": [2, 4], "prob": 80 }
            ]
        }
    },
    {
        "type" : "terrain",
        "id" : "t_rock_galena",
        "name": "方铅矿脉",
        "symbol": "#",
        "color": "ltgray",
		"description": "一簇方铅矿，里面含有方铅矿石。快快抓起你的鹤嘴锄或类似的挖掘工具来开采吧",
        "move_cost": 0,
        "flags": ["NOITEM", "SUPPORTS_ROOF", "MINEABLE","WALL"],
        "roof": "t_rock_floor",
        "bash": {
            "str_min": 100, "str_max": 400,
            "sound": "crash!",
            "sound_fail": "whump!",
            "ter_set": "t_rock_floor",
            "items": [
                { "item": "rock", "count": [3, 7] },
                { "item": "chunk_galena", "count": [2, 4], "prob": 80 }
            ]
        }
    },
    {
        "type" : "terrain",
        "id" : "t_rock_hematite",
        "name": "铁矿脉",
        "symbol": "#",
        "color": "brown",
		"description": "一簇铁矿，是十分常见又十分重要的金属，也是促进人类生产力的材料！里面含有铁矿石。快快抓起你的鹤嘴锄或类似的挖掘工具来开采吧",
        "move_cost": 0,
        "flags": ["NOITEM", "SUPPORTS_ROOF", "MINEABLE","WALL"],
        "roof": "t_rock_floor",
        "bash": {
            "str_min": 100, "str_max": 400,
            "sound": "crash!",
            "sound_fail": "whump!",
            "ter_set": "t_rock_floor",
            "items": [
                { "item": "rock", "count": [3, 7] },
                { "item": "chunk_hematite", "count": [2, 4], "prob": 80 }
            ]
        }
    }
]
