[
  {
    "id": "light_healing",
    "type": "SPELL",
    "name": "Cure Light Wounds",
    "description": "Heals a little bit of damage on the target.",
    "valid_targets": [ "self", "ally" ],
    "min_damage": -5,
    "max_damage": -20,
    "damage_increment": -1.0,
    "max_level": 10,
    "min_range": 0,
    "max_range": 4,
    "range_increment": 0.75,
    "effect": "target_attack",
    "base_casting_time": 300,
    "base_energy_cost": 800,
    "flags": [ "SOMATIC", "VERBAL" ],
    "spell_class": "BIOMANCER",
    "difficulty": 2,
    "energy_source": "MANA"
  },
  {
    "id": "pain_split",
    "type": "SPELL",
    "name": "Pain Split",
    "description": "Evens out damage among your limbs.",
    "valid_targets": [ "self" ],
    "effect": "pain_split",
    "base_casting_time": 100,
    "base_energy_cost": 800,
    "energy_source": "MANA",
    "flags": [ "SOMATIC", "NO_LEGS", "CONCENTRATE" ],
    "spell_class": "BIOMANCER",
    "difficulty": 4,
    "max_level": 1
  },
  {
    "id": "vicious_tentacle",
    "type": "SPELL",
    "name": "Vicious Tentacle",
    "description": "This spell extrudes a long nasty whiplike tentacle of sharp bones and oozing acid from your body, it has a long reach attack and vicious damage.",
    "valid_targets": [ "self" ],
    "min_damage": 1,
    "max_damage": 1,
    "effect": "spawn_item",
    "effect_str": "tentacle_whip",
    "base_casting_time": 250,
    "base_energy_cost": 550,
    "min_duration": 30000,
    "max_duration": 90000,
    "duration_increment": 3000,
    "difficulty": 6,
    "max_level": 20,
    "flags": [ "SOMATIC", "LOUD" ],
    "spell_class": "BIOMANCER",
    "energy_source": "MANA"
  },
  {
    "id": "bio_grotesque",
    "type": "SPELL",
    "name": "Grotesque Enhancement",
    "description": "A spell that warps your body in alien ways to increase your physical abilities and strength.",
    "valid_targets": [ "self" ],
    "effect": "target_attack",
    "effect_str": "bio_boost",
    "base_casting_time": 200,
    "base_energy_cost": 150,
    "energy_source": "MANA",
    "spell_class": "BIOMANCER",
    "difficulty": 6,
    "max_level": 20,
    "flags": [ "SOMATIC", "LOUD" ],
    "//": "duration is in moves",
    "min_duration": 6000,
    "max_duration": 12000,
    "duration_increment": 300
  },
  {
    "id": "bio_acidicspray",
    "type": "SPELL",
    "name": { "str": "Acidic Spray" },
    "description": "When cast, the mage opens his mouth and sprays acid in a wide cone to dissolve his foes into goo.  Just imagine what he'll do with the goo.",
    "valid_targets": [ "ally", "hostile", "ground" ],
    "effect": "cone_attack",
    "effect_str": "bio_acidburn",
    "base_casting_time": 200,
    "base_energy_cost": 200,
    "energy_source": "MANA",
    "spell_class": "BIOMANCER",
    "difficulty": 2,
    "max_level": 20,
    "min_damage": 8,
    "max_damage": 65,
    "damage_increment": 4.0,
    "damage_type": "acid",
    "min_range": 3,
    "max_range": 5,
    "flags": [ "VERBAL", "NO_HANDS" ],
    "range_increment": 0.25,
    "min_aoe": 25,
    "max_aoe": 60,
    "aoe_increment": 5.0
  },
  {
    "id": "bio_fleshpouch",
    "type": "SPELL",
    "name": "Flesh Pouch",
    "description": "This spell grows a large pouch out of your skin on your back, allowing you to store your gear in it.",
    "valid_targets": [ "none" ],
    "min_damage": 1,
    "max_damage": 1,
    "effect": "spawn_item",
    "effect_str": "fleshpouch",
    "base_casting_time": 250,
    "base_energy_cost": 300,
    "min_duration": 60000,
    "max_duration": 360000,
    "duration_increment": 15000,
    "difficulty": 4,
    "max_level": 20,
    "flags": [ "NO_HANDS", "NO_LEGS", "SOMATIC" ],
    "spell_class": "BIOMANCER",
    "energy_source": "MANA"
  },
  {
    "id": "bio_bonespear",
    "type": "SPELL",
    "name": "Conjure Bonespear",
    "description": "This spell creates a long shaft of bone with a wicked point and blades along its length.",
    "valid_targets": [ "self" ],
    "min_damage": 1,
    "max_damage": 1,
    "effect": "spawn_item",
    "effect_str": "bonespear",
    "base_casting_time": 300,
    "base_energy_cost": 350,
    "min_duration": 30000,
    "max_duration": 90000,
    "duration_increment": 3000,
    "difficulty": 14,
    "max_level": 20,
    "flags": [ "LOUD", "SOMATIC" ],
    "spell_class": "BIOMANCER",
    "energy_source": "MANA"
  },
  {
    "id": "create_rune_biomancer",
    "type": "SPELL",
    "name": { "str": "Biomancer Rune" },
    "description": "This ritual creates a small pebble attuned to Biomancers.  You can use the rune as a catalyst for recipes.",
    "valid_targets": [ "self" ],
    "min_damage": 1,
    "max_damage": 1,
    "effect": "spawn_item",
    "effect_str": "rune_biomancer",
    "base_casting_time": 5000,
    "base_energy_cost": 5,
    "min_duration": 1,
    "max_duration": 2,
    "duration_increment": 1,
    "difficulty": 0,
    "max_level": 1,
    "spell_class": "BIOMANCER",
    "energy_source": "MANA",
    "flags": [ "PERMANENT", "NO_LEGS", "CONCENTRATE" ]
  },
  {
    "id": "biomancer_paralytic_dart",
    "type": "SPELL",
    "name": "Paralytic Dart",
    "description": "Spits a warped needle of sinew and bone, carrying with it a sting that slows your victim.",
    "valid_targets": [ "ally", "hostile" ],
    "effect": "projectile_attack",
    "effect_str": "biomancer_dart_venom",
    "flags": [ "VERBAL", "NO_HANDS" ],
    "spell_class": "BIOMANCER",
    "energy_source": "MANA",
    "difficulty": 3,
    "base_casting_time": 100,
    "base_energy_cost": 80,
    "max_level": 15,
    "min_damage": 4,
    "max_damage": 28,
    "damage_increment": 1.6,
    "damage_type": "stab",
    "min_range": 3,
    "max_range": 9,
    "range_increment": 0.4,
    "min_duration": 1200,
    "max_duration": 12000,
    "duration_increment": 720
  },
  {
    "id": "biomancer_visceral_projection",
    "type": "SPELL",
    "name": "Visceral Projection",
    "description": "Projects a spray of acrid blood and gore all around you, growing to ensnare your prey in in a field of twitching poisonous tendrils.",
    "valid_targets": [ "ally", "hostile", "ground" ],
    "effect": "target_attack",
    "effect_str": "badpoison",
    "extra_effects": [ { "id": "biomancer_visceral_paralyze" }, { "id": "biomancer_visceral_backlash", "hit_self": true } ],
    "flags": [ "VERBAL", "NO_HANDS" ],
    "spell_class": "BIOMANCER",
    "energy_source": "MANA",
    "difficulty": 4,
    "base_casting_time": 200,
    "base_energy_cost": 150,
    "max_level": 20,
    "min_damage": 1,
    "max_damage": 10,
    "damage_increment": 0.45,
    "damage_type": "bio",
    "min_aoe": 2,
    "max_aoe": 6,
    "aoe_increment": 0.2,
    "field_id": "fd_blood",
    "field_chance": 1,
    "min_field_intensity": 1,
    "max_field_intensity": 3,
    "field_intensity_increment": 0.1
  },
  {
    "id": "biomancer_visceral_paralyze",
    "type": "SPELL",
    "name": "Visceral Paralysis",
    "description": "Paralytic side effect of Projection.",
    "valid_targets": [ "ally", "hostile" ],
    "effect": "target_attack",
    "effect_str": "biomancer_dart_venom",
    "flags": [ "SILENT" ],
    "max_level": 20,
    "min_aoe": 2,
    "max_aoe": 6,
    "aoe_increment": 0.2,
    "min_duration": 6000,
    "max_duration": 18000,
    "duration_increment": 450,
    "field_id": "fd_gibs_flesh",
    "field_chance": 1,
    "min_field_intensity": 1,
    "max_field_intensity": 3,
    "field_intensity_increment": 0.1
  },
  {
    "id": "biomancer_visceral_backlash",
    "type": "SPELL",
    "name": "Visceral Backlash",
    "description": "Hits the user with side effects too.",
    "valid_targets": [ "self" ],
    "effect": "target_attack",
    "effect_str": "biomancer_visceral_side_effects",
    "flags": [ "VERBAL" ],
    "min_duration": 600,
    "max_duration": 600
  },
  {
    "id": "biomancer_coagulant_weave",
    "type": "SPELL",
    "name": "Coagulant Weave",
    "description": "Turns your biological mastery inwards, medically enhancing your flesh.  Rather than strength of healing, it staves off blood loss and purges wounds before they can turn septic, at the cost of increased hunger and thirst.",
    "valid_targets": [ "self" ],
    "effect": "target_attack",
    "effect_str": "bio_weave",
    "flags": [ "SOMATIC", "VERBAL" ],
    "energy_source": "MANA",
    "spell_class": "BIOMANCER",
    "difficulty": 5,
    "base_casting_time": 400,
    "base_energy_cost": 150,
    "max_level": 20,
    "min_duration": 6000,
    "max_duration": 12000,
    "duration_increment": 300
  }
]
