[
  {
    "type": "vehicle_part",
    "copy-from": "turret",
    "id": "ups_rifle_t",
    "name": "安装UPS步枪",
    "color": "yellow",
    "broken_symbol": "#",
    "broken_color": "yellow",
    "range": 25,
    "item": "ups_rifle",
    "difficulty": 6,
    "folded_volume": 8,
    "//": "Haven't figured out the breaks_into...",
    "breaks_into": [ { "item": "ups_rifle", "prob": 50 } ],
    "extend": { "flags": [ "FOLDABLE" ] }
  },
  {
    "type": "vehicle_part",
    "copy-from": "turret",
    "id": "sur_pnu_lmg_t",
    "name": "安装气动轻机枪",
    "color": "dark_gray",
    "broken_symbol": "#",
    "broken_color": "dark_gray",
    "range": 12,
    "item": "sur_pnu_lmg",
    "difficulty": 4,
    "size": 40,
    "folded_volume": 8,
    "//": "CARGO for the ammo. MANUAL means you got stand in the same tile as it to use it.",
    "breaks_into": [ { "item": "sur_pnu_lmg", "prob": 50 } ],
    "extend": { "flags": [ "CARGO", "MANUAL", "FOLDABLE" ] }
  },
  {
    "type": "GENERIC",
    "id": "surv_station",
    "//": "Actual item",
    "name": "幸存者工作台",
    "description": "一个由很多设施组成的车载工具，所有工具都压缩精简成一个紧凑单元。",
    "weight": 123134,
    "to_hit": -2,
    "color": "light_red",
    "symbol": "=",
    "material": [ "steel" ],
    "volume": 120,
    "category": "veh_parts",
    "price": 80000
  },
  {
    "type": "vehicle_part",
    "id": "surv_station_t",
    "//": "Almost all utilities in one!",
    "name": "车载幸存者工作台",
    "description": "一个由很多设施组成的车载工具，所有工具都压缩精简成一个紧凑单元。将车载烹饪、锻造、焊接、化学和厨房机的所有功能组合起来。因此，它没有为存储留下任何空间。",
    "symbol": "=",
    "color": "light_red",
    "broken_symbol": "x",
    "broken_color": "light_red",
    "damage_modifier": 80,
    "durability": 100,
    "item": "surv_station",
    "difficulty": 6,
    "location": "center",
    "tools": [ "hotplate", "pot", "welder", "soldering_iron", "vac_sealer", "dehydrator", "press", "chemistry_set", "forge" ],
    "flags": [ "OBSTACLE", "KITCHEN", "CHEMLAB", "CRAFTRIG", "FORGE", "WELDRIG", "WATER_PURIFIER", "FAUCET" ],
    "breaks_into": [
      { "item": "steel_lump", "count": [ 30, 40 ] },
      { "item": "steel_chunk", "count": [ 30, 40 ] },
      { "item": "scrap", "count": [ 30, 40 ] },
      { "item": "circuit", "count": [ 30, 40 ] },
      { "item": "e_scrap", "count": [ 30, 40 ] },
      { "item": "amplifier", "count": [ 30, 40 ] }
    ]
  },
  {
    "type": "vehicle_part",
    "id": "surv_full_223_t",
    "copy-from": "turret",
    "name": "安装幸存者.223突击步枪",
    "color": "brown",
    "broken_symbol": "#",
    "broken_color": "brown",
    "range": 12,
    "item": "surv_full_223",
    "difficulty": 4,
    "size": 40,
    "folded_volume": 8,
    "breaks_into": [ { "item": "surv_full_223", "prob": 50 } ],
    "extend": { "flags": [ "CARGO", "MANUAL" ] }
  },
  {
    "type": "vehicle_part",
    "id": "surv_full_308_t",
    "copy-from": "turret",
    "name": "安装幸存者.308战斗步枪",
    "color": "brown",
    "broken_symbol": "#",
    "broken_color": "brown",
    "range": 12,
    "item": "surv_full_308",
    "difficulty": 4,
    "size": 40,
    "folded_volume": 8,
    "breaks_into": [ { "item": "surv_full_308", "prob": 50 } ],
    "extend": { "flags": [ "CARGO", "MANUAL" ] }
  },
  {
    "type": "vehicle_part",
    "copy-from": "turret",
    "id": "surv_full_762_t",
    "name": "安装幸存者7.62x39突击步枪",
    "color": "brown",
    "broken_symbol": "#",
    "broken_color": "brown",
    "range": 12,
    "item": "surv_full_762",
    "difficulty": 4,
    "size": 40,
    "folded_volume": 8,
    "breaks_into": [ { "item": "surv_full_762", "prob": 50 } ],
    "extend": { "flags": [ "CARGO", "MANUAL" ] }
  },
  {
    "type": "vehicle_part",
    "copy-from": "turret",
    "id": "surv_full_12_t",
    "name": "安装幸存者全自动霰弹枪",
    "color": "brown",
    "broken_symbol": "#",
    "broken_color": "brown",
    "range": 12,
    "item": "surv_full_12",
    "difficulty": 4,
    "size": 40,
    "folded_volume": 8,
    "breaks_into": [ { "item": "surv_full_12", "prob": 50 } ],
    "extend": { "flags": [ "CARGO", "MANUAL" ] }
  },
  {
    "type": "vehicle_part",
    "copy-from": "turret",
    "id": "surv_lmg_308_t",
    "name": "安装幸存者308通用机枪",
    "color": "brown",
    "broken_symbol": "#",
    "broken_color": "brown",
    "range": 12,
    "item": "surv_lmg_308",
    "difficulty": 4,
    "size": 80,
    "folded_volume": 8,
    "breaks_into": [ { "item": "surv_lmg_308", "prob": 50 } ],
    "extend": { "flags": [ "CARGO", "MANUAL" ] }
  },
  {
    "type": "vehicle_part",
    "copy-from": "turret",
    "id": "surv_lmg_223_t",
    "name": "安装幸存者223轻机枪",
    "color": "brown",
    "broken_symbol": "#",
    "broken_color": "brown",
    "range": 12,
    "item": "surv_lmg_223",
    "difficulty": 4,
    "size": 80,
    "folded_volume": 8,
    "breaks_into": [ { "item": "surv_lmg_223", "prob": 50 } ],
    "extend": { "flags": [ "CARGO", "MANUAL" ] }
  },
  {
    "type": "vehicle_part",
    "copy-from": "turret",
    "id": "surv_lmg_762_t",
    "name": "安装幸存者762通用机枪",
    "color": "brown",
    "broken_symbol": "#",
    "broken_color": "brown",
    "range": 12,
    "item": "surv_lmg_762",
    "difficulty": 4,
    "size": 80,
    "folded_volume": 8,
    "breaks_into": [ { "item": "surv_lmg_762", "prob": 50 } ],
    "extend": { "flags": [ "CARGO", "MANUAL" ] }
  },
  {
    "type": "vehicle_part",
    "copy-from": "turret",
    "id": "laser_lmg_t",
    "name": "安装KRX-108激光轻机枪",
    "color": "yellow",
    "broken_symbol": "#",
    "broken_color": "yellow",
    "range": 30,
    "item": "krx_laser_lmg",
    "difficulty": 6,
    "//": "Haven't figured out the breaks_into...",
    "breaks_into": [ { "item": "krx_laser_lmg", "prob": 50 } ]
  },
  {
    "id": "generator_electric_small",
    "copy-from": "vehicle_alternator",
    "type": "vehicle_part",
    "name": "小型发电机",
    "item": "motor_small",
    "difficulty": 1,
    "durability": 120,
    "power": -1492,
    "epower": 1000,
    "//": "1 kW ~ 2HP drain @ 68% effficiency",
    "damage_modifier": 80,
    "folded_volume": 1,
    "breaks_into": [
      { "item": "steel_lump", "count": [ 1, 2 ] },
      { "item": "steel_chunk", "count": [ 1, 2 ] },
      { "item": "scrap", "count": [ 1, 2 ] },
      { "item": "cable", "charges": [ 3, 6 ] }
    ],
    "extend": { "flags": [ "TOOL_SCREWDRIVER", "FOLDABLE" ] }
  },
  {
    "id": "generator_electric",
    "copy-from": "vehicle_alternator",
    "type": "vehicle_part",
    "name": "发电机",
    "item": "motor",
    "difficulty": 2,
    "durability": 200,
    "power": -6341,
    "epower": 5000,
    "//": "5 kW ~ 8.5HP drain @ 80% effficiency",
    "damage_modifier": 80,
    "breaks_into": [
      { "item": "steel_lump", "count": [ 3, 5 ] },
      { "item": "steel_chunk", "count": [ 3, 5 ] },
      { "item": "scrap", "count": [ 3, 5 ] },
      { "item": "cable", "charges": [ 10, 15 ] }
    ],
    "extend": { "flags": [ "TOOL_WRENCH" ] }
  },
  {
    "id": "generator_electric_large",
    "copy-from": "vehicle_alternator",
    "type": "vehicle_part",
    "name": "大型发电机",
    "item": "motor_large",
    "difficulty": 3,
    "durability": 400,
    "power": -50728,
    "epower": 40000,
    "//": "40 kW ~ 68HP drain @ 80% effficiency",
    "damage_modifier": 80,
    "breaks_into": [
      { "item": "steel_lump", "count": [ 3, 5 ] },
      { "item": "steel_chunk", "count": [ 3, 5 ] },
      { "item": "scrap", "count": [ 3, 5 ] },
      { "item": "cable", "charges": [ 10, 15 ] }
    ],
    "extend": { "flags": [ "TOOL_WRENCH" ] }
  },
  {
    "id": "generator_electric_enhanced",
    "copy-from": "vehicle_alternator",
    "type": "vehicle_part",
    "name": "增强型发电机",
    "item": "motor_enhanced",
    "difficulty": 4,
    "durability": 200,
    "power": -76092,
    "epower": 60000,
    "//": "60 kW ~ 102HP drain @ 80% effficiency",
    "damage_modifier": 80,
    "breaks_into": [
      { "item": "steel_lump", "count": [ 3, 5 ] },
      { "item": "steel_chunk", "count": [ 3, 5 ] },
      { "item": "scrap", "count": [ 3, 5 ] },
      { "item": "cable", "charges": [ 10, 15 ] }
    ],
    "extend": { "flags": [ "TOOL_WRENCH" ] }
  }
]
