[
  {
    "id": "surv_rv",
    "type": "vehicle",
    "name": "幸存者房车",
    "parts": [
      { "x": 1, "y": -1, "parts": [ "hdframe_nw", "reinforced_windshield", "omnicam", "plating_hard" ] },
      { "x": 1, "y": 0, "parts": [ "hdframe_horizontal", "reinforced_windshield", "storage_battery", "headlight_reinforced", "plating_hard" ] },
      { "x": 1, "y": 1, "parts": [ "hdframe_horizontal", "reinforced_windshield","storage_battery", "plating_hard" ] },
      { "x": 1, "y": 2, "parts": [ "hdframe_horizontal", "reinforced_windshield", "storage_battery", "plating_hard" ] },
      { "x": 1, "y": 3, "parts": [ "hdframe_horizontal", "reinforced_windshield", "storage_battery", "headlight_reinforced", "plating_hard" ] },
      { "x": 1, "y": 4, "parts": [ "hdframe_ne", "reinforced_windshield", "omnicam", "plating_hard" ] },

      { "x": 0, "y": -1, "parts": [ "hdframe_vertical", "wheel_armor_steerable", "hddoor", "inboard_mirror", "plating_hard", "door_motor" ] },
      { "x": 0, "y": 0, "parts": [ "hdframe_vertical_2", "turret_mount", "ups_rifle_t", "hdroof", "seat", "seatbelt_heavyduty", "cam_control", "controls", "dashboard", "vehicle_clock", "vehicle_alarm", "stereo" ] },
      { "x": 0, "y": 1, "parts": [ "hdframe_vertical_2", "tracker", "inboard_mirror", "horn_big", "trunk_floor", "hdroof" ] },
      { "x": 0, "y": 2, "parts": [ "hdframe_vertical_2", "tracker", "trunk_floor", "hdroof" ] },
      { "x": 0, "y": 3, "parts": [ "hdframe_vertical_2", "turret_mount", "ups_rifle_t", "hdroof", "seat", "seatbelt_heavyduty" ] },
      { "x": 0, "y": 4, "parts": [ "hdframe_vertical", "wheel_armor_steerable", "hddoor", "inboard_mirror", "plating_hard", "door_motor" ] },

      { "x": -1, "y": -1, "parts": [ "hdframe_vertical", "hdboard_vertical", "floodlight", "plating_hard" ] },
      { "x": -1, "y": 0, "parts": [ "hdframe_vertical_2", "stowboard_horizontal", "minireactor", "engine_electric_enhanced" ] },
      { "x": -1, "y": 1, "parts": [ "hdframe_vertical_2", "hdroof", "door_internal", "door_motor" ] },
      { "x": -1, "y": 2, "parts": [ "hdframe_vertical_2", "stowboard_horizontal" ] },
      { "x": -1, "y": 3, "parts": [ "hdframe_vertical_2", "stowboard_horizontal", "minireactor", "engine_electric_enhanced" ] },
      { "x": -1, "y": 4, "parts": [ "hdframe_vertical", "hdboard_vertical", "floodlight", "plating_hard" ] },

      { "x": -2, "y": -1, "parts": [ "hdframe_vertical", "reinforced_windshield", "v_curtain", "plating_hard" ] },
      { "x": -2, "y": 0, "parts": [ "hdframe_vertical_2", "lit_aisle_horizontal", "hdroof" ] },
      { "x": -2, "y": 1, "parts": [ "hdframe_vertical_2", "aisle_horizontal", "hdroof" ] },
      { "x": -2, "y": 2, "parts": [ "hdframe_vertical_2", "aisle_horizontal", "hdroof" ] },
      { "x": -2, "y": 3, "parts": [ "hdframe_vertical_2", "lit_aisle_horizontal", "hdroof" ] },
      { "x": -2, "y": 4, "parts": [ "hdframe_vertical", "door_opaque", "plating_hard", "door_motor" ] },

      { "x": -3, "y": -1, "parts": [ "hdframe_vertical", "hdboard_vertical", "plating_hard" ] },
      { "x": -3, "y": 0, "parts": [ "hdframe_vertical_2", "hdroof", "minifreezer" ] },
      { "x": -3, "y": 1, "parts": [ "hdframe_vertical_2", "aisle_horizontal", "hdroof" ] },
      { "x": -3, "y": 2, "parts": [ "hdframe_vertical_2", "aisle_horizontal", "hdroof" ] },
      { "x": -3, "y": 3, "parts": [ "hdframe_vertical_2", "hdroof", "aisle_horizontal" ] },
      { "x": -3, "y": 4, "parts": [ "hdframe_vertical", "reinforced_windshield", "v_curtain", "plating_hard" ] },

      { "x": -4, "y": -1, "parts": [ "hdframe_vertical", "floodlight", "hdboard_vertical", "plating_hard" ] },
      { "x": -4, "y": 0, "parts": [ "hdframe_vertical_2", "hdroof", "minifridge" ] },
      { "x": -4, "y": 1, "parts": [ "hdframe_vertical_2", "aisle_horizontal", "hdroof" ] },
      { "x": -4, "y": 2, "parts": [ "hdframe_vertical_2", "aisle_horizontal", "hdroof" ] },
      { "x": -4, "y": 3, "parts": [ "hdframe_vertical_2", "hdroof", "veh_table_wood" ] },
      { "x": -4, "y": 4, "parts": [ "hdframe_vertical", "floodlight", "reinforced_windshield", "v_curtain", "plating_hard" ] },

      { "x": -5, "y": -1, "parts": [ "hdframe_vertical", "omnicam", "hdboard_vertical", "plating_hard" ] },
      { "x": -5, "y": 0, "parts": [ "hdframe_vertical_2", "hdroof", "surv_station_t", "tank" ] },
      { "x": -5, "y": 1, "parts": [ "hdframe_vertical_2", "lit_aisle_horizontal", "hdroof" ] },
      { "x": -5, "y": 2, "parts": [ "hdframe_vertical_2", "aisle_horizontal", "hdroof" ] },
      { "x": -5, "y": 3, "parts": [ "hdframe_vertical_2", "hdroof", "seat_wood" ] },
      { "x": -5, "y": 4, "parts": [ "hdframe_vertical", "omnicam", "reinforced_windshield", "v_curtain", "plating_hard" ] },

      { "x": -6, "y": -1, "parts": [ "hdframe_vertical", "hdboard_vertical", "funnel", "tank", "plating_hard" ] },
      { "x": -6, "y": 0, "parts": [ "hdframe_vertical_2", "stowboard_horizontal", "recharge_station" ] },
      { "x": -6, "y": 1, "parts": [ "hdframe_vertical_2", "hdroof", "door_internal" ] },
      { "x": -6, "y": 2, "parts": [ "hdframe_vertical_2", "stowboard_horizontal", "recharge_station" ] },
      { "x": -6, "y": 3, "parts": [ "hdframe_vertical_2", "stowboard_horizontal", "recharge_station" ] },
      { "x": -6, "y": 4, "parts": [ "hdframe_vertical", "hdboard_vertical", "funnel", "tank", "plating_hard" ] },

      { "x": -7, "y": -1, "parts": [ "hdframe_vertical", "reinforced_windshield", "v_curtain", "plating_hard" ] },
      { "x": -7, "y": 0, "parts": [ "hdframe_vertical_2", "hdroof", "reinforced_solar_panel_v2", "cargo_space" ] },
      { "x": -7, "y": 1, "parts": [ "hdframe_vertical_2", "hdroof", "reinforced_solar_panel_v2", "aisle_horizontal" ] },
      { "x": -7, "y": 2, "parts": [ "hdframe_vertical_2", "hdroof", "reinforced_solar_panel_v2", "aisle_horizontal" ] },
      { "x": -7, "y": 3, "parts": [ "hdframe_vertical_2", "hdroof", "reinforced_solar_panel_v2", "veh_table_wood", "atomic_lamp" ] },
      { "x": -7, "y": 4, "parts": [ "hdframe_vertical", "reinforced_windshield", "v_curtain", "plating_hard" ] },

      { "x": -8, "y": -1, "parts": [ "hdframe_vertical", "wheel_armor", "reinforced_windshield", "v_curtain", "plating_hard" ] },
      { "x": -8, "y": 0, "parts": [ "hdframe_vertical_2", "hdroof", "reinforced_solar_panel_v2", "cargo_space" ] },
      { "x": -8, "y": 1, "parts": [ "hdframe_vertical_2", "hdroof", "reinforced_solar_panel_v2", "aisle_horizontal" ] },
      { "x": -8, "y": 2, "parts": [ "hdframe_vertical_2", "hdroof", "reinforced_solar_panel_v2", "aisle_horizontal" ] },
      { "x": -8, "y": 3, "parts": [ "hdframe_vertical_2", "hdroof", "reinforced_solar_panel_v2", "bed" ] },
      { "x": -8, "y": 4, "parts": [ "hdframe_vertical", "wheel_armor", "reinforced_windshield", "v_curtain", "plating_hard" ] },

      { "x": -9, "y": -1, "parts": [ "hdframe_sw", "wheel_armor", "hdboard_sw", "omnicam", "storage_battery_mount", "storage_battery_removable", "plating_hard" ] },
      { "x": -9, "y": 0, "parts": [ "hdframe_horizontal", "stowboard_horizontal", "turret_mount", "ups_rifle_t", "bike_rack", "muffler", "plating_hard" ] },
      { "x": -9, "y": 1, "parts": [ "hdframe_horizontal", "stowboard_horizontal", "bike_rack", "floodlight", "plating_hard" ] },
      { "x": -9, "y": 2, "parts": [ "hdframe_horizontal", "stowboard_horizontal", "bike_rack", "floodlight", "plating_hard" ] },
      { "x": -9, "y": 3, "parts": [ "hdframe_horizontal", "stowboard_horizontal", "turret_mount", "ups_rifle_t", "bike_rack", "muffler", "plating_hard" ] },
      { "x": -9, "y": 4, "parts": [ "hdframe_se", "wheel_armor", "hdboard_se", "omnicam", "storage_battery_mount", "storage_battery_removable", "plating_hard" ] }
    ],
    "items": [
      { "x": -9, "y": 0, "chance": 50, "items": [ "folding_bicycle" ] },
      { "x": -9, "y": 1, "chance": 99, "items": [ "jack" ] },
      { "x": -9, "y": 2, "chance": 70, "items": [ "wheel_armor" ] },
      { "x": -9, "y": 3, "chance": 99, "items": [ "jerrycan_big" ] },
      { "x": -9, "y": 3, "chance": 99, "items": [ "hose" ] },
      { "x": -8, "y": 3, "chance": 99, "items": [ "gown" ] },
      { "x": -8, "y": 3, "chance": 99, "items": [ "ear_plugs" ] },
      { "x": -8, "y": 3, "chance": 99, "items": [ "blindfold" ] },
      { "x": -7, "y": 3, "chance": 50, "items": [ "survivormap" ] },
      {
        "x": -7,
        "y": 0,
        "chance": 50,
        "items": [ "surv_lmg_223", "surv_belt_223", "reloaded_223", "reloaded_223", "reloaded_223" ]
      },
      { "x": -6, "y": 0, "chance": 99, "items": [ "goggles_welding" ] },
      { "x": -4, "y": 0, "chance": 75, "item_groups": [ "stash_food" ], "repeat": [ 1, 5 ] }
    ]
  },
  {
    "id": "surv_tractor",
    "type": "vehicle",
    "name": "幸存者拖拉机",
    "blueprint": [ [ "O---O" ], [ "8|=x|" ], [ "O-+-O" ] ],
    "parts": [
      { "x": 0, "y": 1, "part": "hdframe_vertical" },
      { "x": 0, "y": 1, "part": "door_opaque" },
      { "x": 0, "y": 0, "part": "hdframe_vertical_2" },
      { "x": 0, "y": 0, "part": "reaper_advanced" },
      { "x": 0, "y": 0, "part": "hdroof" },
      { "x": 0, "y": -1, "part": "hdframe_vertical" },
      { "x": 0, "y": -1, "part": "hdboard_vertical" },
      { "x": 1, "y": 1, "part": "hdframe_vertical" },
      { "x": 1, "y": 1, "part": "reinforced_windshield" },
      { "x": 1, "y": 0, "part": "hdframe_vertical_2" },
      { "x": 1, "y": 0, "part": "controls" },
      { "x": 1, "y": 0, "part": "seat" },
      { "x": 1, "y": 0, "part": "seatbelt_heavyduty" },
      { "x": 1, "y": 0, "part": "hdroof" },
      { "x": 1, "y": -1, "part": "hdframe_vertical" },
      { "x": 1, "y": -1, "part": "reinforced_windshield" },
      { "x": 2, "y": 1, "part": "hdframe_ne" },
      { "x": 2, "y": 1, "part": "headlight" },
      { "x": 2, "y": 1, "part": "wheel_wide_steerable" },
      { "x": 2, "y": 1, "part": "reinforced_windshield" },
      { "x": 2, "y": 0, "part": "hdframe_horizontal" },
      { "x": 2, "y": 0, "part": "reinforced_windshield" },
      { "x": 2, "y": 0, "part": "omnicam" },
      { "x": 2, "y": -1, "part": "hdframe_nw" },
      { "x": 2, "y": -1, "part": "headlight" },
      { "x": 2, "y": -1, "part": "wheel_wide_steerable" },
      { "x": 2, "y": -1, "part": "reinforced_windshield" },
      { "x": -1, "y": 1, "part": "hdframe_cross" },
      { "x": -1, "y": 1, "part": "storage_battery_mount" },
      { "x": -1, "y": 1, "part": "storage_battery_removable" },
      { "x": -1, "y": 1, "part": "hdboard_se" },
      { "x": -1, "y": 0, "part": "hdframe_horizontal" },
      { "x": -1, "y": 0, "part": "plow" },
      { "x": -1, "y": 0, "part": "hdboard_horizontal" },
      { "x": -1, "y": -1, "part": "hdframe_cross" },
      { "x": -1, "y": -1, "part": "storage_battery_mount" },
      { "x": -1, "y": -1, "part": "storage_battery_removable" },
      { "x": -1, "y": -1, "part": "hdboard_sw" },
      { "x": -2, "y": 1, "part": "hdframe_se" },
      { "x": -2, "y": 1, "part": "engine_electric" },
      { "x": -2, "y": 1, "part": "storage_battery_mount" },
      { "x": -2, "y": 1, "part": "storage_battery_removable" },
      { "x": -2, "y": 1, "part": "cargo_space" },
      { "x": -2, "y": 1, "part": "wheel_wide_steerable" },
      { "x": -2, "y": 0, "part": "seed_drill_advanced" },
      { "x": -2, "y": -1, "part": "hdframe_sw" },
      { "x": -2, "y": -1, "part": "engine_electric" },
      { "x": -2, "y": -1, "part": "storage_battery_mount" },
      { "x": -2, "y": -1, "part": "storage_battery_removable" },
      { "x": -2, "y": -1, "part": "cargo_space" },
      { "x": -2, "y": -1, "part": "wheel_wide_steerable" }
    ],
    "items": [  ]
  }
]
