[
   {
		"type" : "recipe",
		"result" : "wxkj_FL2_zyzs1",
		"category" : "CC_无限商店",
		"subcategory": "CSC_无限商店_符篆",
    "time": 100,
    "flags": ["BLIND_EASY"],
    "skills_required" : [ "WX_SKILL-LQ", 1 ],
    "skill_used": "WX_SKILL-FZJT",
    "difficulty": 1,
    "book_learn" : [ ["Spell_01",1] ],
    "reversible": false,
    "autolearn": true,
    "qualities": [ { "id": "WXKJ_ZF_01", "level": 1 } ],
    "components":
     [
      [ 
      [ "WXKJ_ll_water", 6 ], 
      [ "WXKJ_ll_tree", 6 ],
      [ "WXKJ_ll_earth", 8 ],
      [ "WXKJ_ll_wind", 12 ],
      [ "WXKJ_ll_ice", 14 ],
      [ "WXKJ_ll_thunder", 18 ],
      [ "WXKJ_ll_fire", 18 ]       
      ],
      [ [ "paper", 1 ] ]
     ]
  },
{
        "type":"TOOL",
        "id": "wxkj_FL2_zyzs1",
      		"category" : "wxkj_fz",
        "name": "符篆:治愈之手",
        "name_plural": "符篆:治愈之手",
        "description": "入门级符篆,上面刻画着玄妙的符文,使用后将治愈自身...",
        "symbol": "@",
        "color": "red",
        "volume" : 1,		
		      "weight": 1,
        "material": ["wxkj_ts"],
		"max_charges": 6,
		"initial_charges":0,
		"ammo": "WXKJ_resoure_LQ_type",
			"use_action": {
			"type": "transform",
			"msg": "随着灵气的流转,符篆被激发了!",
			"target": "wxkj_FL2_zyzs2",
			"active": true,
			"need_charges": 6,
			"need_charges_msg": "灵气不足以支撑符篆的激发"
			}
   	},
   	{
        "type":"TOOL",
        "id": "wxkj_FL2_zyzs2",
      		"category" : "wxkj_fz",
        "name": "符篆:治愈之手",
        "name_plural": "符篆:治愈之手",
        "description": "入门级符篆,上面刻画着玄妙的符文.",
        "symbol": "@",
        "color": "red",
        "volume" : 1,		
		      "weight": 1,
        "material": ["wxkj_ts"],
      		"artifact_data" : 
		{
					"effects_activated":["AEA_HEAL"],
					"charge_type": "ARTC_NULL"
		},
		"max_charges": 6,
		"initial_charges":0,
		"charges_per_use": 3,
		"turns_per_charge": 1,
		"ammo": "WXKJ_resoure_LQ_type",		
		"revert_to": "WXKJ_resoure_LQ",
		"revert_msg":"符篆耗尽灵气化作光点缓缓消逝.",
		"use_action": "ARTIFACT"
	}
	]