[
{
        "type":"TOOL",
        "id": "wxkj_FL4_yhhl1",
      		"category" : "wxkj_fz",
        "name": "符篆:业火红莲",
        "name_plural": "符篆:业火红莲",
        "description": "禁忌符篆,上面刻画着常人晦涩难懂的符文,使用后将提升使用者速度并且进入静步状态...",
        "symbol": "@",
        "color": "red",
        "volume" : 1,		
		      "weight": 1,
        "material": ["wxkj_ts"],
		"max_charges": 48,
		"initial_charges":0,
		"ammo": "WXKJ_resoure_LQ_type",
			"use_action": {
			"type": "transform",
			"msg": "随着灵气的流转,符篆被激发了!",
			"target": "wxkj_FL4_yhhl2",
			"active": true,
			"need_charges": 48,
			"need_charges_msg": "灵气不足以支撑符篆的激发"
			}
   	},
   	{
        "type":"TOOL",
        "id": "wxkj_FL4_yhhl2",
      		"category" : "wxkj_fz",
        "name": "符篆:业火红莲",
        "name_plural": "符篆:业火红莲",
        "description": "禁忌符篆,上面刻画着常人晦涩难懂的符文,使用后将提升使用者速度并且进入静步状态....",
        "symbol": "@",
        "color": "red",
        "volume" : 1,		
		      "weight": 1,
        "material": ["wxkj_ts"],
      		"artifact_data" : 
		{
				 "effects_activated":[  
				 "AEA_FIRESTORM"
				 ],
				 "effects_carried": 
[
"AEP_EXTINGUISH"
],
					"charge_type": "ARTC_NULL"
		},
		"max_charges": 48,
		"initial_charges":1,
		"charges_per_use": 12,
		"turns_per_charge": 1,
		"ammo": "WXKJ_resoure_LQ_type",		
		"revert_to": "WXKJ_resoure_LQ",
		"revert_msg":"符篆耗尽灵气化作光点缓缓消逝.",
		"use_action": "ARTIFACT"
	}
	
	]