[
{
		"type" : "recipe",
		"result" : "wxkj_FL3_kclk1",
		"category" : "CC_无限商店",
		"subcategory": "CSC_无限商店_符篆",
    "time": 100000,
    "flags": ["BLIND_EASY"],
    "skills_required" : [ "WX_SKILL-LQ", 4 ],
    "skill_used": "WX_SKILL-FZJT",
    "difficulty": 3,
    "book_learn" : [ ["Spell_03",1] ],
    "reversible": false,
    "autolearn": true,
    "qualities": [ { "id": "WXKJ_ZF_01", "level": 3 } ],
    "components":
     [
      [ 
      [ "WXKJ_ll_earth", 120 ]    
      ],
      [ [ "wxkj_jade_small", 1 ] ]
     ]
  },
{
        "type":"TOOL",
        "id": "wxkj_FL3_kclk1",
      		"category" : "wxkj_fz",
        "name": "符篆:勘测灵矿",
        "name_plural": "符篆:勘测灵矿",
        "description": "高级符篆,上面刻画着常人晦涩难懂的符文,使用后将会探测周围是否存在灵矿.",
        "symbol": "@",
        "color": "red",
        "volume" : 1,		
		      "weight": 1,
        "material": ["wxkj_ts"],
		"max_charges": 240,
		"initial_charges":0,
		"ammo": "WXKJ_resoure_LQ_type",
			"use_action": {
			"type": "transform",
			"msg": "随着灵气的激发，符篆向四周发出阵阵波纹! \n符篆耗尽灵气后,缓缓的化作一张地图. ",
			"target": "wxkj_FL3_kclk2",
			"active": true,
			"need_charges": 240,
			"need_charges_msg": "灵气不足以支撑符篆的激发"
			}
   	},
  {
    "id": "wxkj_FL3_kclk2",
    "copy-from": "abstractmap",
    "type": "GENERIC",
    "name": "周围灵矿分布情况",
    "name_plural": "周围灵矿分布情况",
    "description": "一张地图上面描述着周围是否存在灵矿",
    "color": "green",
    "use_action":
    {
      "type": "reveal_map",
      "radius": 180,
      "terrain": [ "jade_ore_01" ],
      "message": "你从图中了解周围是否存在灵矿."
    }
    }  
    ]