[
  {
    "id": "Spell_gather_lq_base",
    "type": "TOOL",
    "name": "聚灵阵(阵基)",
    "name_plural": "聚灵阵(阵基)",
    "description": "以一块大型玉石为基,辅之聚灵符篆,作为聚灵阵阵基,用于建造聚灵阵.",
    "material": "wxkj_ts",
    "symbol": "o",
    "color": "light_gray",
    "weight": 0,
    "volume": 0,
    "price": 0,
    "bashing": 0,
    "to_hit": 0,
  	"flags": ["NO_SALVAGE"]
   },
 {
		"type" : "recipe",
		"result" : "Spell_gather_lq_base",
		"category" : "CC_无限商店",
		"subcategory": "CSC_无限商店_术法",
    "time": 10000,
    "reversible": false,
    "autolearn": true,
    "book_learn" : [ ["Spell_01",1] ],
    "flags": ["BLIND_HARD"],
    "skills_required": [ "WX_SKILL-FZJT", 1 ],
     "components": [
      [ [ "Spell_gather_lq", 6 ] ],
      [ [ "wxkj_jade_big", 1 ] ]
     
    ]
  }


 

]
