[
  {
    "type": "skill",
    "ident": "magic",
    "name": "arcana",
    "description": "Your knowledge of strange, anomalous powers from far-off worlds.  While certain artifacts are beyond mortal understanding, this skill can be used for creating and using a few odd devices, some with lethal applications.",
    "tags": [ "combat_skill" ],
    "display_category": "display_interaction"
  },
  {
    "type": "material",
    "ident": "essencemat",
    "name": "Magical Essence",
    "density": 1,
    "bash_resist": 20,
    "cut_resist": 20,
    "acid_resist": 99,
    "fire_resist": 99,
    "elec_resist": 99,
    "chip_resist": 99,
    "dmg_adj": [ "lightly damaged", "damaged", "very damaged", "thoroughly damaged" ],
    "bash_dmg_verb": "damaged",
    "cut_dmg_verb": "damaged"
  }
]
