[
  {
    "id": "halo_clairvoyance",
    "copy-from": "spell_base",
    "type": "ARMOR",
    "name": "ivory halo",
    "description": "A strange radiance permeating your body, granting you sight beyond sight.",
    "color": "magenta",
    "artifact_data": { "effects_worn": [ "AEP_CLAIRVOYANCE" ] },
    "flags": [ "ONLY_ONE" ]
  },
  {
    "id": "halo_shadowsnakes",
    "copy-from": "spell_base",
    "type": "ARMOR",
    "name": "obsidian halo",
    "description": "A strange radiance permeating your body, summoning serpentine shadows when you are harmed.",
    "color": "dark_gray",
    "artifact_data": { "effects_worn": [ "AEP_SNAKES" ] },
    "flags": [ "ONLY_ONE" ]
  },
  {
    "id": "halo_dampening",
    "copy-from": "spell_base",
    "type": "ARMOR",
    "name": "coral halo",
    "description": "A strange radiance permeating your body, dulling the effects of flame and radiation.",
    "color": "light_gray",
    "artifact_data": { "effects_worn": [ "AEP_PBLUE", "AEP_EXTINGUISH" ] },
    "flags": [ "ONLY_ONE" ]
  },
  {
    "id": "halo_drainlife",
    "copy-from": "spell_base",
    "type": "ARMOR",
    "name": "horned halo",
    "description": "A strange radiance permeating your body, granting you a life-draining touch.",
    "color": "dark_gray",
    "artifact_data": { "effects_worn": [ "AEP_SAP_LIFE" ] },
    "flags": [ "ONLY_ONE" ]
  },
  {
    "id": "triffid_garland",
    "type": "ARMOR",
    "name": "triffid garland",
    "description": "A wreath of brightly-colored flowers from another world, worn around the neck.  Aside from the otherworldly beauty afforded by its petals, it has no practical use.",
    "weight": 40,
    "volume": 0,
    "price": 1200,
    "material": [ "veggy" ],
    "symbol": "[",
    "looks_like": "silver_necklace",
    "color": "light_red",
    "relic_data": {
      "passive_effects": [
        {
          "has": "WORN",
          "condition": "ALWAYS",
          "values": [ { "value": "REGEN_MANA", "multiply": 0.025 }, { "value": "MAX_MANA", "multiply": 0.025 } ]
        }
      ]
    },
    "flags": [ "FANCY" ]
  },
  {
    "id": "amulet_exotic",
    "type": "TOOL_ARMOR",
    "name": "exotic amulet",
    "description": "A makeshift necklace with a single gem, a charm worked from some manner of unnatural material.",
    "weight": 60,
    "volume": 0,
    "price": 10000,
    "material": [ "stone" ],
    "symbol": "[",
    "looks_like": "holy_symbol",
    "color": "light_gray",
    "flags": [ "FANCY" ],
    "relic_data": {
      "passive_effects": [
        {
          "has": "WORN",
          "condition": "ALWAYS",
          "values": [ { "value": "REGEN_MANA", "multiply": 0.025 }, { "value": "MAX_MANA", "multiply": 0.025 } ]
        }
      ]
    },
    "use_action": "MEDITATE"
  },
  {
    "id": "brooch_iridescent",
    "type": "ARMOR",
    "name": "iridescent brooch",
    "name_plural": "iridescent brooches",
    "description": "A hand-crafted disc brooch made from a strange, unearthly material vaguely resembling mother-of-pearl.",
    "weight": 52,
    "volume": 0,
    "price": 9000,
    "material": [ "stone" ],
    "symbol": "[",
    "looks_like": "jade_brooch",
    "color": "dark_gray",
    "relic_data": {
      "passive_effects": [
        {
          "has": "WORN",
          "condition": "ALWAYS",
          "values": [ { "value": "REGEN_MANA", "multiply": 0.025 }, { "value": "MAX_MANA", "multiply": 0.025 } ]
        }
      ]
    },
    "flags": [ "FANCY" ]
  },
  {
    "id": "mana_gem",
    "type": "ARMOR",
    "name": "essence gem",
    "description": "A strange blue stone set in a copper talisman, worn around the neck.  It is capable of storing a considerable reserve of various sorts of magical energy, and can be used to reload magical weapons more quickly if worn.",
    "weight": 250,
    "volume": "50 ml",
    "price": 6400,
    "material": [ "copper", "essencemat" ],
    "symbol": "[",
    "looks_like": "holy_symbol",
    "color": "blue",
    "relic_data": {
      "passive_effects": [
        {
          "has": "WORN",
          "condition": "ALWAYS",
          "values": [ { "value": "REGEN_MANA", "multiply": 0.1 }, { "value": "MAX_MANA", "multiply": 0.01 } ]
        }
      ]
    },
    "use_action": {
      "type": "bandolier",
      "capacity": 200,
      "ammo": [ "essence_type", "essence_blood_type", "essence_dull_type", "essence_pure_type" ],
      "draw_cost": 10
    }
  },
  {
    "id": "satchel_eternity",
    "type": "ARMOR",
    "name": "satchel of eternity",
    "name_plural": "satchels of eternity",
    "//": "A quarter the storage of Blazemod cargo dimensions.",
    "description": "A small fabric pouch decorated with ornate textile imagery depicting an otherworldly abstract pattern, further adorned with copper rings and clasps.  It is said to represent the search for greater knowledge of the unknown, focused by a drive to find utility and purpose in new discoveries.  It uses the power of a vortex to create a useful storage item, but the portal's instability can draw attention from Beyond.",
    "weight": 610,
    "volume": 2,
    "price": 1000,
    "to_hit": 1,
    "bashing": 1,
    "material": [ "cotton", "copper" ],
    "symbol": "[",
    "looks_like": "leather_pouch",
    "color": "light_red",
    "covers": [ "TORSO" ],
    "coverage": 15,
    "encumbrance": 15,
    "storage": 250,
    "material_thickness": 1,
    "artifact_data": { "effects_worn": [ "AEP_CARRY_MORE", "AEP_ATTENTION" ] },
    "flags": [ "WAIST", "OVERSIZE" ]
  }
]
