[
  {
    "id": "arcana_essence_any",
    "type": "requirement",
    "//": "Any type of magical essence.",
    "components": [ [ [ "essence", 1 ], [ "essence_blood", 3 ], [ "essence_dull", 15 ] ] ]
  },
  {
    "id": "arcana_essence_exclude_dull",
    "type": "requirement",
    "//": "Normal or blood essence only.  Silly mage hunters!",
    "components": [ [ [ "essence", 1 ], [ "essence_blood", 3 ] ] ]
  },
  {
    "id": "arcana_essence_exclude_blood",
    "type": "requirement",
    "//": "Normal or dull essence only, for things the local sanguinists would turn their noses at.",
    "components": [ [ [ "essence", 1 ], [ "essence_dull", 15 ] ] ]
  },
  {
    "id": "arcana_holy_relic_any",
    "type": "requirement",
    "//": "Selection of more ornate holy symbols.",
    "components": [ [ [ "small_relic", 1 ], [ "amulet_exotic", 1 ] ] ]
  },
  {
    "id": "arcana_holy_symbol_any",
    "type": "requirement",
    "//": "Selection of basic holy symbols.",
    "components": [ [ [ "holy_symbol", 1 ], [ "holy_symbol_wood", 1 ], [ "charm_bone", 1 ] ] ]
  },
  {
    "id": "arcana_polishing_standard",
    "type": "requirement",
    "//": "Hammering quality plus some medium for old-school abrasion.",
    "qualities": [ { "id": "HAMMER", "level": 1 } ],
    "components": [ [ [ "material_sand", 10 ], [ "salt", 20 ] ] ]
  },
  {
    "id": "arcana_potioncraft_standard",
    "type": "requirement",
    "//": "Tools and components for making potions.",
    "qualities": [ { "id": "CHEM", "level": 1 } ],
    "tools": [ [ [ "book_potioncraft", -1 ] ] ],
    "components": [
      [
        [ "chem_ethanol", 1 ],
        [ "denat_alcohol", 1 ],
        [ "mixed_alcohol_strong", 2 ],
        [ "vodka", 2 ],
        [ "rum", 2 ],
        [ "whiskey", 2 ],
        [ "single_malt_whiskey", 2 ],
        [ "tequila", 2 ],
        [ "gin", 2 ],
        [ "moonshine", 2 ],
        [ "brandy", 2 ]
      ]
    ]
  },
  {
    "id": "arcana_purification_standard",
    "type": "requirement",
    "//": "Certain bowls or a chalice, plus fire.",
    "tools": [
      [
        [ "offering_chalice", -1 ],
        [ "bowl_pewter", -1 ],
        [ "bowl_clay", -1 ],
        [ "ceramic_bowl", -1 ],
        [ "glass_bowl", -1 ],
        [ "chemistry_set", -1 ],
        [ "chemistry_set_basic", -1 ]
      ],
      [ [ "fire", -1 ] ]
    ]
  },
  {
    "id": "arcana_scrollwriting_standard",
    "type": "requirement",
    "//": "Tools and components for writing scrolls, old-school style.  No ink is used, hence no consuming charcoal markers.",
    "tools": [
      [ [ "torch_lit", -1 ], [ "candle_lit", -1 ], [ "oil_lamp_on", -1 ], [ "candle_warding_active", -1 ], [ "fire", -1 ] ],
      [ [ "survival_marker", -1 ], [ "feather", -1 ] ]
    ],
    "components": [ [ [ "scroll_blank", 1 ] ] ]
  },
  {
    "id": "arcana_soaking_standard",
    "type": "requirement",
    "//": "A container plus some water, for certain items.",
    "qualities": [ { "id": "CONTAIN", "level": 1 } ],
    "components": [ [ [ "water", 1 ], [ "water_clean", 1 ] ] ]
  },
  {
    "id": "arcana_transcription_standard",
    "type": "requirement",
    "//": "Tools and components for writing down essential elements of an arcane book for tool use.  No ink is used, hence no consuming charcoal markers.",
    "tools": [
      [ [ "torch_lit", -1 ], [ "candle_lit", -1 ], [ "oil_lamp_on", -1 ], [ "candle_warding_active", -1 ], [ "fire", -1 ] ],
      [ [ "survival_marker", -1 ], [ "feather", -1 ] ]
    ],
    "components": [ [ [ "paper", 20 ] ], [ [ "arcana_essence_any", 1, "LIST" ] ] ]
  }
]
