[
  {
    "id": "f_blade_upright",
    "type": "furniture",
    "name": "upright weapon",
    "description": "A strange sword hovering just above the ground.  The stairway underneath is blocked off by a solid barrier of light, but the sword should be easy to remove.",
    "symbol": "|",
    "looks_like": "sun_sword_on",
    "bgcolor": [ "yellow" ],
    "move_cost_mod": -2,
    "light_emitted": 240,
    "required_str": -1,
    "flags": [ "NOITEM", "TRANSPARENT" ],
    "deployed_item": "sun_sword",
    "examine_action": "deployed_furniture"
  },
  {
    "id": "f_candle_barrier",
    "type": "furniture",
    "name": "glowing candle",
    "description": "A single glowing candle, radiating with strange energy and projecting a glowing barrier.  Removing the candle should dispel the barrier.",
    "symbol": ",",
    "looks_like": "candle_lit",
    "bgcolor": [ "blue" ],
    "move_cost_mod": -2,
    "light_emitted": 24,
    "required_str": -1,
    "flags": [ "NOITEM", "TRANSPARENT", "USABLE_FIRE" ],
    "deployed_item": "candle_barrier_aftermath",
    "examine_action": "deployed_furniture"
  },
  {
    "id": "f_candle_barrier_playermade",
    "type": "furniture",
    "name": "flickering candle",
    "description": "A single candle, wick emanating a ghostly flame and projecting a glowing barrier.  Removing the candle should dispel the barrier, but sufficient force may also collapse it.",
    "symbol": ",",
    "looks_like": "candle_lit",
    "bgcolor": [ "magenta" ],
    "move_cost_mod": -2,
    "light_emitted": 12,
    "required_str": -1,
    "flags": [ "NOITEM", "TRANSPARENT", "USABLE_FIRE" ],
    "deployed_item": "candle",
    "examine_action": "deployed_furniture",
    "bash": {
      "str_min": 40,
      "str_max": 210,
      "sound": "crash!",
      "sound_fail": "whump.",
      "items": [ { "item": "candle", "count": [ 0, 1 ] } ]
    }
  },
  {
    "type": "furniture",
    "id": "f_altar_arcana",
    "name": "stone altar",
    "symbol": "n",
    "looks_like": "f_slab",
    "description": "A strange structure of flowing, living stone molded into a broad altar, surface cracking and reforming periodically.  It offers modest space to burn offerings safely, or a flat surface sufficient for more morbid rituals.",
    "color": "dark_gray",
    "move_cost_mod": 2,
    "required_str": -1,
    "crafting_pseudo_item": "boulder_anvil",
    "flags": [
      "INDOORS",
      "PLACE_ITEM",
      "FIRE_CONTAINER",
      "SUPPRESS_SMOKE",
      "TRANSPARENT",
      "MOUNTABLE",
      "SHORT",
      "MINEABLE",
      "FLAT_SURF"
    ],
    "bash": { "str_min": 10, "str_max": 20, "sound": "smash!", "sound_fail": "thump." },
    "examine_action": "workbench",
    "workbench": { "multiplier": 1.0, "mass": 100000, "volume": "100L" }
  },
  {
    "type": "furniture",
    "id": "f_pozdol_arcana",
    "name": "forest floor",
    "description": "A thin covering of twisted, warped, yet seemingly still-fresh leaf litter from some unknown forest floor, with tangled spikes of molded stone and branches overhead.  Better than sleeping on open ground under a bare sky, at least.",
    "symbol": ",",
    "looks_like": "t_moss",
    "bgcolor": "green",
    "comfort": 2,
    "floor_bedding_warmth": 100,
    "move_cost_mod": 0,
    "required_str": -1,
    "flags": [ "FLAMMABLE_HARD", "TRANSPARENT", "INDOORS", "NOCOLLIDE" ],
    "bash": { "str_min": 5, "str_max": 30, "sound": "smash!", "sound_fail": "whump." }
  },
  {
    "type": "furniture",
    "id": "f_spires_arcana",
    "name": "molded stone wall",
    "symbol": "#",
    "looks_like": "t_root_wall",
    "description": "A wall made of interlocked spires of shifting stone, earth, and unearthly plant roots, molding and clinging to the otherwise untouched ground the structure grows from.  Every so often the flowing stone cracks and crumbles only to mend and resolidify itself.",
    "color": "dark_gray",
    "move_cost_mod": -1,
    "required_str": -1,
    "flags": [ "NOITEM" ],
    "bash": { "str_min": 20, "str_max": 60, "sound": "crash!", "sound_fail": "thump!" }
  },
  {
    "type": "furniture",
    "id": "f_door_arcana_c",
    "name": "woven gate",
    "description": "A heavy curtain of strange vines, branches, and living stone.  It moves with surprising ease at your touch, flowing to weave its structure in and out of the surrounding mass of molded earth.",
    "looks_like": "t_door_curtain_c",
    "symbol": "+",
    "color": "white",
    "move_cost_mod": -1,
    "required_str": -1,
    "flags": [ "FLAMMABLE_HARD", "NOITEM" ],
    "open": "f_door_arcana_o",
    "bash": { "str_min": 4, "str_max": 40, "sound": "smash!", "sound_fail": "whump!" }
  },
  {
    "type": "furniture",
    "id": "f_door_arcana_o",
    "name": "open woven gate",
    "description": "A heavy curtain of strange vines, branches, and living stone.  It moves with surprising ease at your touch, flowing to weave its structure in and out of the surrounding mass of molded earth.  It is currently doing exactly that, giving the impression of an inviting, if unusual, doorway.",
    "looks_like": "t_door_curtain_o",
    "symbol": ".",
    "color": "white",
    "move_cost_mod": 0,
    "required_str": -1,
    "flags": [ "FLAMMABLE_HARD", "TRANSPARENT" ],
    "close": "f_door_arcana_c",
    "bash": { "str_min": 4, "str_max": 40, "sound": "smash!", "sound_fail": "whump!" }
  },
  {
    "type": "furniture",
    "id": "f_arcane_candlestick",
    "name": "candle pedestal",
    "description": "A short stone pedestal with an ornate candle holder firmly mounted atop it.",
    "looks_like": "t_pedestal_wyrm",
    "symbol": "&",
    "color": "dark_gray",
    "move_cost_mod": -1,
    "coverage": 50,
    "required_str": -1,
    "flags": [ "TRANSPARENT", "SEALED", "PLACE_ITEM" ],
    "bash": {
      "str_min": 100,
      "str_max": 400,
      "sound": "crash!",
      "sound_fail": "whump!",
      "items": [ { "item": "rock", "count": [ 2, 5 ] } ]
    }
  },
  {
    "id": "f_force_barrier",
    "type": "furniture",
    "name": "shimmering barrier",
    "description": "A strange wavering distortion in the air, offering the faintest hint of illumination.  It hardens into a crackling wall of light when struck, but a gentle touch could dismiss it...",
    "symbol": "#",
    "looks_like": "t_reinforced_glass",
    "bgcolor": [ "blue" ],
    "move_cost_mod": -2,
    "light_emitted": 1,
    "required_str": -1,
    "flags": [ "NOITEM", "TRANSPARENT" ],
    "deployed_item": "candle_barrier_aftermath",
    "examine_action": "deployed_furniture",
    "bash": { "str_min": 100, "str_max": 400, "sound": "crash!", "sound_fail": "whump!" }
  }
]
