[
  {
    "id": "magic_items",
    "type": "item_group",
    "items": [
      [ "thunder_sigil", 5 ],
      [ "bloodscourge", 5 ],
      [ "bloodaxe", 15 ],
      [ "spear_pestilence", 10 ],
      [ "sun_sword", 10 ],
      [ "ethereal_crossbow", 5 ],
      [ "gilded_aegis", 10 ],
      [ "armor_wyrm", 10 ],
      [ "robe_shadow", 5 ],
      [ "somen_clairvoyance", 5 ],
      [ "revenant_crown", 10 ],
      [ "gauntlets_necro", 15 ]
    ]
  },
  {
    "id": "magic_consumables",
    "type": "item_group",
    "items": [
      [ "numbness_potion", 45 ],
      [ "strength_potion", 40 ],
      [ "speed_potion", 35 ],
      [ "healing_potion", 30 ],
      [ "red_black_vulnerary", 25 ],
      [ "yellow_white_incense", 20 ],
      [ "scroll_sun", 25 ],
      [ "scroll_moon", 25 ],
      [ "scroll_artiface", 20 ],
      [ "scroll_nature", 20 ],
      [ "scroll_destruction", 15 ],
      [ "scroll_subversion", 10 ],
      [ "summon_kreck", 8 ],
      [ "summon_blank", 8 ],
      [ "summon_flaming_eye", 7 ],
      [ "summon_hunting_horror", 7 ],
      [ "summon_flying_polyp", 6 ],
      [ "summon_mi_go", 6 ],
      [ "summon_yugg", 5 ],
      [ "summon_shoggoth", 5 ],
      [ "totem_insight", 4 ],
      [ "totem_plants", 4 ],
      [ "totem_confusion", 4 ],
      [ "totem_agile", 4 ],
      [ "totem_lightning", 4 ],
      [ "totem_strength", 4 ],
      [ "totem_elecresist", 3 ],
      [ "totem_clarity", 3 ],
      [ "totem_heal", 3 ],
      [ "totem_flamearmor", 3 ],
      [ "totem_clairvoyance", 3 ],
      [ "totem_invis", 3 ],
      [ "totem_cleric", 2 ],
      [ "totem_free_action", 2 ],
      [ "totem_acidspray", 2 ],
      [ "dragonblood_mutagen", 1 ]
    ]
  },
  {
    "id": "magic_tools",
    "type": "item_group",
    "items": [
      [ "offering_chalice", 25 ],
      [ "blood_athame", 20 ],
      [ "hexenhammer", 10 ],
      [ "silver_glyph", 5 ],
      [ "scroll_blank", 5 ],
      [ "mana_gem", 5 ]
    ]
  },
  {
    "id": "magic_books",
    "type": "item_group",
    "items": [
      [ "book_magicfordummies", 5 ],
      [ "book_potioncraft", 10 ],
      [ "book_scrollcraft", 10 ],
      [ "book_hexenhammer", 5 ],
      [ "book_sacrifice", 10 ],
      [ "book_bloodmagic", 10 ],
      [ "book_summoning", 5 ],
      [ "book_syncretism", 1 ]
    ]
  },
  {
    "id": "essence",
    "type": "item_group",
    "items": [ [ "essence", 1 ] ]
  },
  {
    "id": "essence_blood",
    "type": "item_group",
    "items": [ { "item": "essence_blood", "prob": 100, "count": [ 1, 3 ] } ]
  },
  {
    "id": "essence_boss",
    "type": "item_group",
    "items": [ { "item": "essence", "prob": 100, "count": [ 2, 5 ] } ]
  },
  {
    "id": "essence_nether",
    "type": "item_group",
    "items": [ { "item": "essence", "prob": 100, "count": [ 1, 3 ] } ]
  },
  {
    "id": "homebooks",
    "type": "item_group",
    "items": [ [ "book_magicfordummies", 1 ], [ "book_potioncraft", 1 ], [ "book_scrollcraft", 1 ] ]
  },
  {
    "id": "church",
    "type": "item_group",
    "items": [ [ "book_hexenhammer", 1 ], [ "book_scrollcraft", 1 ], [ "manual_cleansingflame", 1 ] ]
  },
  {
    "id": "religious_books",
    "type": "item_group",
    "items": [ [ "book_hexenhammer", 1 ], [ "book_scrollcraft", 1 ], [ "book_sacrifice", 1 ] ]
  },
  {
    "id": "mansion_bookcase",
    "type": "item_group",
    "subtype": "collection",
    "groups": [ [ "magic_books", 8 ] ]
  },
  {
    "id": "rare_martial_arts_books",
    "type": "item_group",
    "items": [ [ "manual_cleansingflame", 1 ] ]
  },
  {
    "id": "mansion_safe",
    "type": "item_group",
    "subtype": "collection",
    "groups": [
      { "group": "magic_consumables", "prob": 45 },
      { "group": "magic_items", "prob": 30 },
      { "group": "magic_tools", "prob": 15 },
      { "item": "arcanemap", "prob": 25 }
    ]
  },
  {
    "id": "cop_evidence",
    "type": "item_group",
    "items": [ [ "offering_chalice", 1 ], [ "blood_athame", 1 ] ]
  },
  {
    "id": "creepy",
    "type": "item_group",
    "items": [ [ "offering_chalice", 5 ], [ "blood_athame", 5 ], [ "dragonblood_mutagen", 1 ] ]
  },
  {
    "id": "vault",
    "type": "item_group",
    "items": [
      [ "arcanemap", 10 ],
      [ "offering_chalice", 1 ],
      [ "blood_athame", 1 ],
      [ "mana_gem", 1 ],
      [ "totem_elecresist", 1 ],
      [ "totem_clairvoyance", 1 ],
      [ "totem_insight", 1 ],
      [ "totem_lightning", 1 ]
    ]
  },
  {
    "id": "art",
    "type": "item_group",
    "items": [
      [ "mana_gem", 2 ],
      [ "offering_chalice", 3 ],
      [ "revenant_crown", 3 ],
      [ "gauntlets_necro", 1 ],
      [ "thunder_sigil", 3 ],
      [ "amulet_exotic", 2 ],
      [ "brooch_iridescent", 2 ],
      [ "totem_elecresist", 1 ],
      [ "totem_clairvoyance", 1 ],
      [ "totem_insight", 1 ],
      [ "totem_lightning", 1 ]
    ]
  },
  {
    "id": "jewelry_back",
    "type": "item_group",
    "items": [
      [ "mana_gem", 1 ],
      [ "totem_elecresist", 1 ],
      [ "totem_clairvoyance", 1 ],
      [ "totem_insight", 1 ],
      [ "totem_lightning", 1 ]
    ]
  },
  {
    "id": "pawn",
    "type": "item_group",
    "items": [ [ "mana_gem", 1 ], [ "offering_chalice", 1 ], [ "sun_sword", 1 ], [ "revenant_crown", 1 ], [ "blood_athame", 1 ] ]
  },
  {
    "id": "spider",
    "type": "item_group",
    "items": [
      [ "arcanemap", 5 ],
      { "group": "magic_tools", "prob": 1 },
      { "group": "magic_items", "prob": 1 },
      { "group": "magic_consumables", "prob": 1 },
      { "group": "magic_books", "prob": 1 }
    ]
  },
  {
    "id": "rare",
    "type": "item_group",
    "items": [
      { "group": "magic_tools", "prob": 1 },
      { "group": "magic_items", "prob": 1 },
      { "group": "magic_consumables", "prob": 1 },
      { "group": "magic_books", "prob": 1 }
    ]
  },
  {
    "id": "museum_misc",
    "type": "item_group",
    "items": [ [ "offering_chalice", 1 ], [ "blood_athame", 1 ] ]
  },
  {
    "id": "museum_primative",
    "type": "item_group",
    "items": [ [ "totem_cleric", 1 ], [ "totem_agile", 1 ], [ "totem_strength", 1 ], [ "totem_invis", 1 ] ]
  },
  {
    "id": "dermatik_sting",
    "type": "item_group",
    "items": [ [ "dermatik_sting", 1 ] ]
  },
  {
    "id": "graboid_fang",
    "type": "item_group",
    "items": [ [ "graboid_fang", 1 ] ]
  },
  {
    "id": "triffid_queen_flower",
    "type": "item_group",
    "items": [ [ "triffid_queen_flower", 1 ] ]
  },
  {
    "id": "vortex_shard",
    "type": "item_group",
    "items": [ [ "vortex_shard", 1 ] ]
  },
  {
    "id": "blob_gem",
    "type": "item_group",
    "items": [ [ "blob_gem", 1 ] ]
  },
  {
    "id": "monster_tear",
    "type": "item_group",
    "items": [ [ "monster_tear", 1 ] ]
  },
  {
    "id": "shadow_gem",
    "type": "item_group",
    "items": [ [ "shadow_gem", 1 ] ]
  },
  {
    "id": "bone_twisted",
    "type": "item_group",
    "items": [ [ "bone_twisted", 1 ] ]
  },
  {
    "id": "gracken_knuckles",
    "type": "item_group",
    "items": [ [ "gracken_knuckles", 1 ] ]
  },
  {
    "id": "wyrmskin_piece",
    "type": "item_group",
    "items": [ [ "wyrmskin_piece", 1 ] ]
  },
  {
    "id": "monster_fang",
    "type": "item_group",
    "items": [ [ "monster_fang", 1 ] ]
  },
  {
    "id": "iridescent_plate",
    "type": "item_group",
    "items": [ [ "iridescent_plate", 1 ] ]
  },
  {
    "id": "engraved_stone",
    "type": "item_group",
    "items": [ [ "engraved_stone", 1 ] ]
  },
  {
    "id": "NC_EVAC_SHOPKEEP_misc",
    "type": "item_group",
    "subtype": "collection",
    "items": [ { "item": "CF_golden_scale", "count-min": 10, "count-max": 20, "prob": 20 } ]
  },
  {
    "id": "arcana_hunt_random",
    "type": "item_group",
    "items": [
      [ "fighter_sting", 5 ],
      [ "biollante_bud", 5 ],
      [ "graboid_fang", 5 ],
      [ "triffid_queen_flower", 5 ],
      [ "dermatik_sting", 10 ],
      [ "vortex_shard", 5 ],
      [ "blob_gem", 15 ],
      [ "monster_tear", 10 ],
      [ "shadow_gem", 5 ],
      [ "bone_twisted", 10 ],
      [ "gracken_knuckles", 5 ],
      [ "wyrmskin_piece", 5 ],
      [ "monster_fang", 15 ],
      [ "iridescent_plate", 15 ],
      [ "engraved_stone", 10 ]
    ]
  },
  {
    "type": "item_group",
    "id": "magic_shop_books",
    "//": "Additions to magic shop itemgroups are for automatic compatibility with Magiclysm.  General assumption is only the non-faction books were traded around enough for the non-arcanist magical community to start collecting samples.  Todo: remember magic_CBM itemgroup for when magitech is added to arcana.",
    "items": [ [ "book_potioncraft", 25 ], [ "book_scrollcraft", 15 ], [ "book_summoning", 10 ], [ "book_syncretism", 5 ] ]
  },
  {
    "type": "item_group",
    "id": "magic_shop_books",
    "items": [ [ "numbness_potion", 10 ], [ "strength_potion", 10 ], [ "speed_potion", 5 ], [ "healing_potion", 5 ] ]
  }
]
