[
  {
    "type": "ter_furn_transform",
    "id": "arcana_plants",
    "fail_message": "Life fails to take hold in this place.",
    "terrain": [
      {
        "result": [ [ "t_grass_tall", 50 ], [ "t_underbrush", 24 ], [ "t_marloss", 1 ], [ "t_tree_birch", 20 ], [ "t_tree_cherry", 5 ] ],
        "valid_flags": [ "DIGGABLE", "FLAT" ],
        "message": "Plant life grows wild over the ground."
      },
      {
        "result": [ [ "t_grass", 3 ], [ "t_grass_long", 1 ] ],
        "valid_flags": [ "FLAT", "ROAD" ],
        "message": "The ground shifts and crumbles, grass growing from the cracks."
      }
    ]
  },
  {
    "type": "ter_furn_transform",
    "id": "arcana_fire_dragonblood3",
    "fail_message": "Nothing remains to be marked by flame.",
    "terrain": [
      {
        "result": "t_grass_dead",
        "valid_terrain": [ "t_moss", "t_grass", "t_grass_long", "t_grass_tall", "t_grass_white", "t_grass_golf" ]
      },
      { "result": "t_dirt", "valid_flags": [ "SHRUB" ] },
      { "result": "t_dirt", "valid_flags": [ "TREE" ] },
      {
        "result": "t_dirt",
        "//": "Reliable fungus killer, but you're not getting your terrain back.",
        "valid_flags": [ "FUNGUS" ],
        "message": "The fungal corruption erupts into a shower of blue embers!"
      }
    ],
    "furniture": [
      { "result": "f_null", "valid_furniture": [ "f_datura", "f_cattails", "f_lily", "f_lotus" ] },
      { "result": "f_null", "valid_flags": [ "FLOWER", "PLANT" ] },
      {
        "result": "f_egg_sacke",
        "valid_furniture": [ "f_egg_sackbw", "f_egg_sackcs", "f_egg_sackws" ],
        "message": "The egg sacks swell and burst from the unearthly heat!"
      },
      {
        "result": "f_null",
        "valid_flags": [ "FUNGUS" ],
        "message": "The fungal corruption erupts into a shower of blue embers!"
      },
      {
        "result": "f_null",
        "//": "Partial effect on mi-go terraforming, only the more recognizably alive projections are vulnerable.",
        "valid_furniture": [ "f_alien_tendril", "f_alien_anemone", "f_alien_gasper", "f_alien_zapper", "f_alien_scar", "f_alien_table" ],
        "message": "The unnatural outgrowths are cauterized bare, in a spray of green sparks!"
      }
    ]
  },
  {
    "type": "ter_furn_transform",
    "id": "arcana_pulse",
    "fail_message": "The ground weathers the blast unscathed.",
    "terrain": [ { "result": "t_dirt", "valid_flags": [ "BLOCK_WIND", "INDOORS" ] } ],
    "furniture": [ { "result": "f_null", "valid_flags": [ "BLOCK_WIND", "INDOORS" ] } ]
  },
  {
    "type": "ter_furn_transform",
    "id": "arcana_barrier",
    "fail_message": "The barrier flickers out of existence.",
    "furniture": [ { "result": "f_force_barrier", "valid_furniture": [ "f_null" ] } ]
  },
  {
    "type": "ter_furn_transform",
    "id": "arcana_consecrate",
    "fail_message": "Reality fails to impose itself on this place.",
    "terrain": [
      {
        "result": "t_rock_smooth",
        "valid_terrain": [
          "t_wall_resin",
          "t_wall_resin_cage",
          "t_fault",
          "t_pedestal_wyrm",
          "t_pedestal_temple",
          "t_paper",
          "t_root_wall",
          "t_wax"
        ]
      },
      {
        "result": "t_rock_floor_no_roof",
        "valid_terrain": [
          "t_floor_resin",
          "t_platform_resin",
          "t_resin_hole_c",
          "t_resin_hole_o",
          "t_resin_hole",
          "t_floor_red",
          "t_floor_green",
          "t_floor_blue",
          "t_rock_red",
          "t_rock_green",
          "t_rock_blue",
          "t_switch_rg",
          "t_switch_gb",
          "t_switch_rb",
          "t_switch_even",
          "t_lava",
          "t_vat",
          "t_slime"
        ]
      },
      { "result": "t_open_air", "valid_terrain": [ "t_resin_roof" ] },
      { "result": "t_rock_floor_no_roof", "valid_flags": [ "FUNGUS" ] }
    ],
    "furniture": [
      { "result": "f_null", "valid_flags": [ "FUNGUS" ] },
      {
        "result": "f_null",
        "valid_furniture": [
          "f_alien_tendril",
          "f_alien_anemone",
          "f_alien_gasper",
          "f_alien_zapper",
          "f_alien_scar",
          "f_alien_pod",
          "f_alien_pod_organ",
          "f_alien_table",
          "f_mutpoppy",
          "f_egg_sackbw",
          "f_egg_sackcs",
          "f_egg_sackws",
          "f_egg_sacke"
        ]
      }
    ]
  },
  {
    "type": "ter_furn_transform",
    "id": "arcana_sundering_quake",
    "fail_message": "The earth remains still.",
    "terrain": [
      {
        "result": [ [ "t_dirt", 50 ], [ "t_dirtmound", 50 ], [ "t_pit_shallow", 1 ] ],
        "valid_flags": [ "DIGGABLE", "FLAT" ],
        "message": "The ground shifts."
      }
    ],
    "furniture": [
      {
        "result": [
          [ "f_null", 50 ],
          [ "f_rubble_rock", 20 ],
          [ "f_boulder_small", 20 ],
          [ "f_boulder_medium", 5 ],
          [ "f_boulder_large", 5 ]
        ],
        "valid_furniture": [ "f_null" ]
      }
    ]
  },
  {
    "type": "mapgen",
    "update_mapgen_id": "arcana_dummy",
    "method": "json",
    "object": {  }
  },
  {
    "type": "mapgen",
    "method": "json",
    "nested_mapgen_id": "cf_church_upgrade_1_a",
    "object": {
      "mapgensize": [ 20, 20 ],
      "rows": [
        "||||||||||||||||||||",
        "|  |  |  |  |      |",
        "|  |  |  |  |      |",
        "||_||_||_||_|      |",
        "|                  |",
        "|                  |",
        "||_||_||_||_|      |",
        "|  |  |  |  |      |",
        "|  |  |  |  |      |",
        "|||||||||||||||__|||",
        "                    ",
        "                    ",
        "                    ",
        "                    ",
        "                    ",
        "                    ",
        "                    ",
        "                    ",
        "                    ",
        "                    "
      ],
      "terrain": { "|": "t_wall_log", "_": "t_door_frame" }
    }
  },
  {
    "type": "mapgen",
    "method": "json",
    "nested_mapgen_id": "cf_church_upgrade_1_b",
    "object": {
      "mapgensize": [ 2, 2 ],
      "rows": [
        "  ",
        "##"
      ],
      "terrain": { "#": "t_dirt" },
      "furniture": { "#": "f_sandbag_half" }
    }
  },
  {
    "type": "mapgen",
    "method": "json",
    "nested_mapgen_id": "cf_church_upgrade_1_c",
    "weight": 100,
    "object": { "mapgensize": [ 2, 2 ], "rows": [
        " +",
        " +"
      ], "terrain": { "+": "t_rdoor_c" } }
  },
  {
    "type": "mapgen",
    "method": "json",
    "nested_mapgen_id": "cf_church_upgrade_1_d",
    "object": {
      "mapgensize": [ 20, 20 ],
      "rows": [
        "          #      #  ",
        "   #  ##  #+     #  ",
        "                 ## ",
        "                   #",
        "                   #",
        "                    ",
        "                   #",
        "                   #",
        "                    ",
        "                    ",
        "                   #",
        "                   #",
        "                    ",
        "                   #",
        "                   #",
        "                 ## ",
        "   #  ##  #+     #  ",
        "          #      #  ",
        "                    ",
        "             ##     "
      ],
      "terrain": { "+": "t_rdoor_c" },
      "furniture": { "#": "f_sandbag_half" },
      "place_loot": [
        { "item": "candle_warding_special", "x": 14, "y": 6, "chance": 100 },
        { "item": "candle_warding_special", "x": 14, "y": 11, "chance": 100 }
      ]
    }
  },
  {
    "type": "mapgen",
    "method": "json",
    "nested_mapgen_id": "cf_church_upgrade_2_a",
    "object": {
      "mapgensize": [ 20, 20 ],
      "rows": [
        "||||||||||||||||||||",
        "|__|__|__|__|______|",
        "|__|__|__|__|______|",
        "||+||+||+||+|______|",
        "|__________________|",
        "|__________________|",
        "||+||+||+||+|______|",
        "|__|__|__|__|______|",
        "|__|__|__|__|______|",
        "|||||||||||||||++|||",
        "                    ",
        "                    ",
        "                    ",
        "                    ",
        "                    ",
        "                    ",
        "                    ",
        "                    ",
        "                    ",
        "                    "
      ],
      "terrain": { "|": "t_wall_log", "_": "t_floor_primitive", "+": "t_door_c" }
    }
  },
  {
    "type": "mapgen",
    "method": "json",
    "nested_mapgen_id": "cf_church_upgrade_2_b",
    "object": {
      "mapgensize": [ 20, 20 ],
      "rows": [
        "||||||||||||||||||||",
        "|__________________|",
        "|__________________|",
        "|__________________|",
        "|__________________|",
        "|__________________|",
        "|__________________|",
        "|__________________|",
        "|__________________|",
        "||||||||||||||||||||",
        "                    ",
        "                    ",
        "                    ",
        "                    ",
        "                    ",
        "                    ",
        "                    ",
        "                    ",
        "                    ",
        "                    "
      ],
      "terrain": { "|": "t_wall_log_half", "_": "t_thatch_roof" }
    }
  },
  {
    "type": "mapgen",
    "method": "json",
    "nested_mapgen_id": "cf_church_upgrade_3_a",
    "object": {
      "mapgensize": [ 20, 20 ],
      "rows": [
        "|||||^^^^^uuuuu     ",
        "|                   ",
        "|                   ",
        "|  BD BD BD BD      ",
        "|  B  B  B  B    hh ",
        "^               heeh",
        "^               heeh",
        "^                hh ",
        "^                   ",
        "^  B  B  B  B       ",
        "u  BD BD BD BD      ",
        "u                   ",
        "u                   ",
        "u                   ",
        "u                   ",
        "                    ",
        "                    ",
        "                    ",
        "                    ",
        "                    "
      ],
      "terrain": { "|": "t_palisade", "^": "t_pit", "u": "t_pit_shallow" },
      "furniture": { "B": "f_bed", "D": "f_dresser", "e": "f_table", "h": "f_chair" },
      "place_npcs": [
        { "class": "cleansing_flame_grandmaster", "x": 19, "y": 8, "add_trait": "FIX_CF_GM" },
        { "class": "mage_hunter_guard", "x": 3, "y": 6, "add_trait": "BGSS_CF_FILTER" },
        { "class": "mage_hunter_guard", "x": 17, "y": 4, "add_trait": "BGSS_CF_FILTER" },
        { "class": "mage_hunter_guard", "x": 6, "y": 10, "add_trait": "BGSS_CF_FILTER" }
      ]
    }
  },
  {
    "type": "mapgen",
    "method": "json",
    "update_mapgen_id": "cf_church_upgrade_3_b",
    "object": {
      "set": [
        { "line": "terrain", "id": "t_palisade", "x": 22, "x2": 22, "y": 1, "y2": 5 },
        { "line": "terrain", "id": "t_palisade", "x": 18, "x2": 21, "y": 1, "y2": 1 },
        { "line": "terrain", "id": "t_pit", "x": 22, "x2": 22, "y": 6, "y2": 10 },
        { "line": "terrain", "id": "t_pit", "x": 13, "x2": 17, "y": 1, "y2": 1 },
        { "line": "terrain", "id": "t_pit_shallow", "x": 22, "x2": 22, "y": 11, "y2": 15 },
        { "line": "terrain", "id": "t_pit_shallow", "x": 8, "x2": 12, "y": 1, "y2": 1 }
      ]
    }
  },
  {
    "type": "mapgen",
    "method": "json",
    "update_mapgen_id": "cf_church_upgrade_3_c",
    "object": {
      "set": [
        { "line": "terrain", "id": "t_palisade", "x": 1, "x2": 1, "y": 18, "y2": 21 },
        { "line": "terrain", "id": "t_palisade", "x": 1, "x2": 5, "y": 22, "y2": 22 },
        { "line": "terrain", "id": "t_pit", "x": 1, "x2": 1, "y": 13, "y2": 17 },
        { "line": "terrain", "id": "t_pit", "x": 6, "x2": 8, "y": 22, "y2": 22 },
        { "line": "terrain", "id": "t_pit", "x": 15, "x2": 16, "y": 22, "y2": 22 },
        { "line": "terrain", "id": "t_pit_shallow", "x": 1, "x2": 1, "y": 8, "y2": 12 },
        { "line": "terrain", "id": "t_pit_shallow", "x": 17, "x2": 21, "y": 22, "y2": 22 }
      ]
    }
  },
  {
    "type": "mapgen",
    "method": "json",
    "update_mapgen_id": "cf_church_upgrade_3_d",
    "object": {
      "set": [
        { "line": "terrain", "id": "t_palisade", "x": 22, "x2": 22, "y": 18, "y2": 21 },
        { "line": "terrain", "id": "t_palisade", "x": 18, "x2": 22, "y": 22, "y2": 22 },
        { "line": "terrain", "id": "t_pit", "x": 22, "x2": 22, "y": 13, "y2": 17 },
        { "line": "terrain", "id": "t_pit", "x": 13, "x2": 17, "y": 22, "y2": 22 },
        { "line": "terrain", "id": "t_pit_shallow", "x": 22, "x2": 22, "y": 8, "y2": 12 },
        { "line": "terrain", "id": "t_pit_shallow", "x": 8, "x2": 12, "y": 22, "y2": 22 }
      ]
    }
  },
  {
    "type": "mapgen",
    "method": "json",
    "update_mapgen_id": "cf_church_upgrade_GM_1_a",
    "object": {
      "set": [
        { "line": "terrain", "id": "t_fence_post", "x": 0, "x2": 0, "y": 0, "y2": 4 },
        { "line": "terrain", "id": "t_fence_post", "x": 1, "x2": 4, "y": 0, "y2": 0 },
        { "line": "terrain", "id": "t_palisade", "x": 1, "x2": 1, "y": 1, "y2": 10 },
        { "line": "terrain", "id": "t_palisade", "x": 2, "x2": 10, "y": 1, "y2": 1 },
        { "line": "terrain", "id": "t_pit", "x": 1, "x2": 1, "y": 11, "y2": 15 },
        { "line": "terrain", "id": "t_pit", "x": 11, "x2": 15, "y": 1, "y2": 1 },
        { "line": "terrain", "id": "t_pit_shallow", "x": 1, "x2": 1, "y": 16, "y2": 20 },
        { "line": "terrain", "id": "t_pit_shallow", "x": 16, "x2": 20, "y": 1, "y2": 1 }
      ]
    }
  },
  {
    "type": "mapgen",
    "method": "json",
    "update_mapgen_id": "cf_church_upgrade_GM_1_b",
    "object": {
      "set": [
        { "line": "terrain", "id": "t_fence_post", "x": 23, "x2": 23, "y": 0, "y2": 4 },
        { "line": "terrain", "id": "t_fence_post", "x": 18, "x2": 22, "y": 0, "y2": 0 },
        { "line": "terrain", "id": "t_palisade", "x": 22, "x2": 22, "y": 1, "y2": 10 },
        { "line": "terrain", "id": "t_palisade", "x": 13, "x2": 21, "y": 1, "y2": 1 },
        { "line": "terrain", "id": "t_pit", "x": 22, "x2": 22, "y": 11, "y2": 15 },
        { "line": "terrain", "id": "t_pit", "x": 8, "x2": 12, "y": 1, "y2": 1 },
        { "line": "terrain", "id": "t_pit_shallow", "x": 22, "x2": 22, "y": 16, "y2": 20 },
        { "line": "terrain", "id": "t_pit_shallow", "x": 3, "x2": 7, "y": 1, "y2": 1 }
      ]
    }
  },
  {
    "type": "mapgen",
    "method": "json",
    "update_mapgen_id": "cf_church_upgrade_GM_1_c",
    "object": {
      "set": [
        { "line": "terrain", "id": "t_fence_post", "x": 0, "x2": 0, "y": 19, "y2": 22 },
        { "line": "terrain", "id": "t_fence_post", "x": 0, "x2": 4, "y": 23, "y2": 23 },
        { "line": "terrain", "id": "t_palisade", "x": 1, "x2": 1, "y": 13, "y2": 21 },
        { "line": "terrain", "id": "t_palisade", "x": 1, "x2": 8, "y": 22, "y2": 22 },
        { "line": "terrain", "id": "t_palisade", "x": 15, "x2": 16, "y": 22, "y2": 22 },
        { "line": "terrain", "id": "t_pit", "x": 1, "x2": 1, "y": 8, "y2": 12 },
        { "line": "terrain", "id": "t_pit", "x": 17, "x2": 21, "y": 22, "y2": 22 },
        { "line": "terrain", "id": "t_pit_shallow", "x": 1, "x2": 1, "y": 3, "y2": 7 },
        { "line": "terrain", "id": "t_pit_shallow", "x": 22, "x2": 23, "y": 22, "y2": 22 }
      ]
    }
  },
  {
    "type": "mapgen",
    "method": "json",
    "update_mapgen_id": "cf_church_upgrade_GM_1_d",
    "object": {
      "set": [
        { "line": "terrain", "id": "t_fence_post", "x": 23, "x2": 23, "y": 19, "y2": 22 },
        { "line": "terrain", "id": "t_fence_post", "x": 19, "x2": 23, "y": 23, "y2": 23 },
        { "line": "terrain", "id": "t_palisade", "x": 22, "x2": 22, "y": 13, "y2": 21 },
        { "line": "terrain", "id": "t_palisade", "x": 13, "x2": 22, "y": 22, "y2": 22 },
        { "line": "terrain", "id": "t_pit", "x": 22, "x2": 22, "y": 8, "y2": 12 },
        { "line": "terrain", "id": "t_pit", "x": 8, "x2": 12, "y": 22, "y2": 22 },
        { "line": "terrain", "id": "t_pit_shallow", "x": 22, "x2": 22, "y": 3, "y2": 7 },
        { "line": "terrain", "id": "t_pit_shallow", "x": 3, "x2": 7, "y": 22, "y2": 22 }
      ]
    }
  },
  {
    "type": "mapgen",
    "method": "json",
    "update_mapgen_id": "cf_church_upgrade_GM_2_a",
    "object": {
      "set": [
        { "line": "terrain", "id": "t_fence_barbed", "x": 0, "x2": 0, "y": 0, "y2": 4 },
        { "line": "terrain", "id": "t_fence_barbed", "x": 1, "x2": 4, "y": 0, "y2": 0 },
        { "line": "terrain", "id": "t_fence_post", "x": 0, "x2": 0, "y": 5, "y2": 9 },
        { "line": "terrain", "id": "t_fence_post", "x": 5, "x2": 9, "y": 0, "y2": 0 },
        { "line": "terrain", "id": "t_palisade", "x": 1, "x2": 1, "y": 1, "y2": 15 },
        { "line": "terrain", "id": "t_palisade", "x": 2, "x2": 15, "y": 1, "y2": 1 },
        { "line": "terrain", "id": "t_pit", "x": 1, "x2": 1, "y": 16, "y2": 20 },
        { "line": "terrain", "id": "t_pit", "x": 16, "x2": 20, "y": 1, "y2": 1 },
        { "line": "terrain", "id": "t_pit_shallow", "x": 1, "x2": 1, "y": 21, "y2": 23 },
        { "line": "terrain", "id": "t_pit_shallow", "x": 21, "x2": 23, "y": 1, "y2": 1 }
      ]
    }
  },
  {
    "type": "mapgen",
    "method": "json",
    "update_mapgen_id": "cf_church_upgrade_GM_2_b",
    "object": {
      "set": [
        { "line": "terrain", "id": "t_fence_barbed", "x": 23, "x2": 23, "y": 0, "y2": 4 },
        { "line": "terrain", "id": "t_fence_barbed", "x": 18, "x2": 22, "y": 0, "y2": 0 },
        { "line": "terrain", "id": "t_fence_post", "x": 23, "x2": 23, "y": 5, "y2": 9 },
        { "line": "terrain", "id": "t_fence_post", "x": 13, "x2": 17, "y": 0, "y2": 0 },
        { "line": "terrain", "id": "t_palisade", "x": 22, "x2": 22, "y": 1, "y2": 15 },
        { "line": "terrain", "id": "t_palisade", "x": 8, "x2": 21, "y": 1, "y2": 1 },
        { "line": "terrain", "id": "t_pit", "x": 22, "x2": 22, "y": 16, "y2": 20 },
        { "line": "terrain", "id": "t_pit", "x": 3, "x2": 7, "y": 1, "y2": 1 },
        { "line": "terrain", "id": "t_pit_shallow", "x": 22, "x2": 22, "y": 21, "y2": 23 },
        { "line": "terrain", "id": "t_pit_shallow", "x": 0, "x2": 2, "y": 1, "y2": 1 }
      ]
    }
  },
  {
    "type": "mapgen",
    "method": "json",
    "update_mapgen_id": "cf_church_upgrade_GM_2_c",
    "object": {
      "set": [
        { "line": "terrain", "id": "t_fence_barbed", "x": 0, "x2": 0, "y": 19, "y2": 22 },
        { "line": "terrain", "id": "t_fence_barbed", "x": 0, "x2": 4, "y": 23, "y2": 23 },
        { "line": "terrain", "id": "t_fence_post", "x": 0, "x2": 0, "y": 13, "y2": 18 },
        { "line": "terrain", "id": "t_fence_post", "x": 5, "x2": 5, "y": 23, "y2": 23 },
        { "line": "terrain", "id": "t_fence_post", "x": 15, "x2": 18, "y": 23, "y2": 23 },
        { "line": "terrain", "id": "t_palisade", "x": 1, "x2": 1, "y": 8, "y2": 21 },
        { "line": "terrain", "id": "t_palisade", "x": 1, "x2": 8, "y": 22, "y2": 22 },
        { "line": "terrain", "id": "t_palisade", "x": 15, "x2": 21, "y": 22, "y2": 22 },
        { "line": "terrain", "id": "t_pit", "x": 1, "x2": 1, "y": 3, "y2": 7 },
        { "line": "terrain", "id": "t_pit", "x": 22, "x2": 23, "y": 22, "y2": 22 },
        { "line": "terrain", "id": "t_pit_shallow", "x": 1, "x2": 1, "y": 0, "y2": 2 }
      ]
    }
  },
  {
    "type": "mapgen",
    "method": "json",
    "update_mapgen_id": "cf_church_upgrade_GM_2_d",
    "object": {
      "set": [
        { "line": "terrain", "id": "t_fence_barbed", "x": 23, "x2": 23, "y": 19, "y2": 22 },
        { "line": "terrain", "id": "t_fence_barbed", "x": 19, "x2": 23, "y": 23, "y2": 23 },
        { "line": "terrain", "id": "t_fence_post", "x": 23, "x2": 23, "y": 14, "y2": 18 },
        { "line": "terrain", "id": "t_fence_post", "x": 14, "x2": 18, "y": 23, "y2": 23 },
        { "line": "terrain", "id": "t_palisade", "x": 22, "x2": 22, "y": 8, "y2": 21 },
        { "line": "terrain", "id": "t_palisade", "x": 8, "x2": 22, "y": 22, "y2": 22 },
        { "line": "terrain", "id": "t_pit", "x": 22, "x2": 22, "y": 3, "y2": 7 },
        { "line": "terrain", "id": "t_pit", "x": 3, "x2": 7, "y": 22, "y2": 22 },
        { "line": "terrain", "id": "t_pit_shallow", "x": 22, "x2": 22, "y": 0, "y2": 2 },
        { "line": "terrain", "id": "t_pit_shallow", "x": 0, "x2": 2, "y": 22, "y2": 22 }
      ]
    }
  },
  {
    "type": "mapgen",
    "method": "json",
    "update_mapgen_id": "cf_church_upgrade_GM_3_a",
    "object": {
      "set": [
        { "line": "terrain", "id": "t_fence_barbed", "x": 0, "x2": 0, "y": 0, "y2": 9 },
        { "line": "terrain", "id": "t_fence_barbed", "x": 1, "x2": 9, "y": 0, "y2": 0 },
        { "line": "terrain", "id": "t_fence_post", "x": 0, "x2": 0, "y": 10, "y2": 14 },
        { "line": "terrain", "id": "t_fence_post", "x": 10, "x2": 14, "y": 0, "y2": 0 },
        { "line": "terrain", "id": "t_palisade", "x": 1, "x2": 1, "y": 1, "y2": 20 },
        { "line": "terrain", "id": "t_palisade", "x": 2, "x2": 20, "y": 1, "y2": 1 },
        { "line": "terrain", "id": "t_pit", "x": 1, "x2": 1, "y": 21, "y2": 23 },
        { "line": "terrain", "id": "t_pit", "x": 21, "x2": 23, "y": 1, "y2": 1 }
      ]
    }
  },
  {
    "type": "mapgen",
    "method": "json",
    "update_mapgen_id": "cf_church_upgrade_GM_3_b",
    "object": {
      "set": [
        { "line": "terrain", "id": "t_fence_barbed", "x": 23, "x2": 23, "y": 0, "y2": 9 },
        { "line": "terrain", "id": "t_fence_barbed", "x": 13, "x2": 22, "y": 0, "y2": 0 },
        { "line": "terrain", "id": "t_fence_post", "x": 23, "x2": 23, "y": 10, "y2": 14 },
        { "line": "terrain", "id": "t_fence_post", "x": 8, "x2": 12, "y": 0, "y2": 0 },
        { "line": "terrain", "id": "t_palisade", "x": 22, "x2": 22, "y": 1, "y2": 20 },
        { "line": "terrain", "id": "t_palisade", "x": 3, "x2": 21, "y": 1, "y2": 1 },
        { "line": "terrain", "id": "t_pit", "x": 22, "x2": 22, "y": 21, "y2": 23 },
        { "line": "terrain", "id": "t_pit", "x": 0, "x2": 2, "y": 1, "y2": 1 }
      ]
    }
  },
  {
    "type": "mapgen",
    "method": "json",
    "update_mapgen_id": "cf_church_upgrade_GM_3_c",
    "object": {
      "set": [
        { "line": "terrain", "id": "t_fence_barbed", "x": 0, "x2": 0, "y": 13, "y2": 22 },
        { "line": "terrain", "id": "t_fence_barbed", "x": 0, "x2": 8, "y": 23, "y2": 23 },
        { "line": "terrain", "id": "t_fence_barbed", "x": 15, "x2": 18, "y": 23, "y2": 23 },
        { "line": "terrain", "id": "t_fence_post", "x": 0, "x2": 0, "y": 8, "y2": 12 },
        { "line": "terrain", "id": "t_fence_post", "x": 19, "x2": 23, "y": 23, "y2": 23 },
        { "line": "terrain", "id": "t_palisade", "x": 1, "x2": 1, "y": 3, "y2": 21 },
        { "line": "terrain", "id": "t_palisade", "x": 1, "x2": 8, "y": 22, "y2": 22 },
        { "line": "terrain", "id": "t_palisade", "x": 15, "x2": 23, "y": 22, "y2": 22 },
        { "line": "terrain", "id": "t_pit", "x": 1, "x2": 1, "y": 0, "y2": 2 }
      ]
    }
  },
  {
    "type": "mapgen",
    "method": "json",
    "update_mapgen_id": "cf_church_upgrade_GM_3_d",
    "object": {
      "set": [
        { "line": "terrain", "id": "t_fence_barbed", "x": 23, "x2": 23, "y": 14, "y2": 22 },
        { "line": "terrain", "id": "t_fence_barbed", "x": 14, "x2": 23, "y": 23, "y2": 23 },
        { "line": "terrain", "id": "t_fence_post", "x": 23, "x2": 23, "y": 9, "y2": 13 },
        { "line": "terrain", "id": "t_fence_post", "x": 9, "x2": 13, "y": 23, "y2": 23 },
        { "line": "terrain", "id": "t_palisade", "x": 22, "x2": 22, "y": 3, "y2": 21 },
        { "line": "terrain", "id": "t_palisade", "x": 3, "x2": 22, "y": 22, "y2": 22 },
        { "line": "terrain", "id": "t_pit", "x": 22, "x2": 22, "y": 0, "y2": 2 },
        { "line": "terrain", "id": "t_pit", "x": 0, "x2": 2, "y": 22, "y2": 22 }
      ]
    }
  }
]
