[
  {
    "id": "cleansing_flame_books",
    "type": "item_group",
    "//": "25% mundane books, 25% non-magical religious books , 45% arcane books, 5% martial arts manuals.",
    "items": [
      [ "poetry_book", 10 ],
      [ "philosophy_book", 10 ],
      [ "essay_book", 5 ],
      [ "holybook_bible1", 2 ],
      [ "holybook_bible2", 3 ],
      [ "holybook_havamal", 5 ],
      [ "holybook_quran", 3 ],
      [ "holybook_hadith", 2 ],
      [ "holybook_kojiki", 5 ],
      [ "holybook_tanakh", 3 ],
      [ "holybook_tripitaka", 1 ],
      [ "holybook_sutras", 1 ],
      [ "book_hexenhammer", 25 ],
      [ "book_scrollcraft", 10 ],
      [ "book_potioncraft", 10 ],
      [ "manual_cleansingflame", 3 ],
      [ "manual_fencing", 1 ],
      [ "manual_aikido", 1 ]
    ]
  },
  {
    "id": "cleansing_flame_gear",
    "type": "item_group",
    "items": [
      [ "warhammer", 15 ],
      [ "mace", 10 ],
      [ "morningstar", 10 ],
      [ "broadsword", 5 ],
      [ "zweihander", 5 ],
      [ "crossbow", 15 ],
      [ "bolt_steel", 15 ],
      [ "helmet_barbute", 5 ],
      [ "helmet_plate", 5 ],
      [ "chainmail_suit", 10 ],
      [ "armor_plate", 5 ],
      [ "armor_lightplate", 5 ],
      [ "boots_plate", 5 ],
      [ "gloves_plate", 5 ],
      [ "holy_symbol", 25 ]
    ]
  },
  {
    "id": "cleansing_flame_spells",
    "type": "item_group",
    "items": [
      [ "scroll_spell_plants", 1 ],
      [ "scroll_spell_heal", 1 ],
      [ "scroll_spell_flame_armor", 1 ],
      [ "scroll_spell_clairvoyance", 1 ],
      [ "scroll_spell_cleric", 1 ]
    ]
  },
  {
    "id": "cleansing_flame_gear_magic",
    "type": "item_group",
    "items": [
      [ "sun_sword", 5 ],
      [ "ethereal_crossbow", 5 ],
      [ "gilded_aegis", 5 ],
      [ "somen_clairvoyance", 5 ],
      [ "hexenhammer", 10 ]
    ]
  },
  {
    "id": "cleansing_flame_gear_consumables",
    "type": "item_group",
    "items": [
      [ "numbness_potion", 5 ],
      [ "strength_potion", 10 ],
      [ "speed_potion", 5 ],
      [ "healing_potion", 15 ],
      [ "scroll_sun", 5 ],
      [ "scroll_moon", 5 ],
      [ "scroll_artiface", 5 ],
      [ "scroll_nature", 3 ],
      [ "scroll_destruction", 2 ],
      [ "scroll_subversion", 1 ]
    ]
  },
  {
    "id": "cleansing_flame_crafting",
    "type": "item_group",
    "items": [
      { "item": "essence_dull", "prob": 30, "count-min": 3, "count-max": 8 },
      [ "gold_small", 5 ],
      [ "silver_small", 15 ],
      [ "feather", 15 ],
      [ "scrap", 20 ],
      [ "copper", 25 ]
    ]
  },
  {
    "id": "cleansing_flame_casualties",
    "type": "item_group",
    "subtype": "collection",
    "entries": [
      { "group": "clothing_outdoor_set", "damage": [ 1, 4 ] },
      { "group": "cleansing_flame_gear", "prob": 10, "damage": [ 1, 4 ] },
      { "group": "cleansing_flame_gear_magic", "prob": 15, "damage": [ 1, 4 ] },
      { "group": "cleansing_flame_gear_consumables", "prob": 25 },
      { "group": "cf_corpse_combatants" }
    ]
  },
  {
    "id": "cf_corpse_combatants",
    "//": "Various adult corpses, excluding versions that imply anything human was responsible.",
    "type": "item_group",
    "items": [
      [ "corpse", 25 ],
      [ "corpse_bloody", 25 ],
      [ "corpse_generic_male", 15 ],
      [ "corpse_generic_female", 10 ],
      [ "corpse_painful", 10 ],
      [ "corpse_halved_upper", 10 ],
      [ "corpse_half_beheaded", 5 ]
    ]
  },
  {
    "id": "cleansing_flame_casualties_inferno",
    "//": "For the bodies in the lowest level, likely killed by the spirit of fire.",
    "type": "item_group",
    "subtype": "collection",
    "entries": [
      { "group": "clothing_outdoor_set", "damage": [ 1, 4 ] },
      { "group": "cleansing_flame_gear", "prob": 10, "damage": [ 1, 4 ] },
      { "group": "cleansing_flame_gear_magic", "prob": 15, "damage": [ 1, 4 ] },
      { "group": "cleansing_flame_gear_consumables", "prob": 25 },
      { "item": "rmi2_corpse" }
    ]
  },
  {
    "id": "add_apprentice",
    "type": "item_group",
    "subtype": "collection",
    "entries": [ { "item": "book_magicfordummies" } ]
  },
  {
    "type": "mapgen",
    "method": "json",
    "om_terrain": [ "curious_structure_roof" ],
    "weight": 300,
    "object": {
      "fill_ter": "t_open_air",
      "rows": [
        "                        ",
        "  ========    ========  ",
        "  =______======______=  ",
        "  =__________________=  ",
        "  =__________________=  ",
        "  =__________________=  ",
        "  =__________________=  ",
        " ==__________________== ",
        "==____________________==",
        "=______________________=",
        "=______________________=",
        "=______________________=",
        "=______________________=",
        "=______________________=",
        "=______________________=",
        "==____________________==",
        " =____________________= ",
        " =____________________= ",
        " =____________________= ",
        " =____________________= ",
        " =____________________= ",
        " =____________________= ",
        " ========______======== ",
        "        ========        "
      ],
      "terrain": { "=": "t_rock_smooth", "_": "t_rock_floor_no_roof" }
    }
  },
  {
    "type": "mapgen",
    "method": "json",
    "om_terrain": [ "curious_structure" ],
    "weight": 300,
    "object": {
      "rows": [
        ",,,,,,,,,,,,,,,,,,,,,,,,",
        ",,########,,,,########,,",
        ",,#.hh..n######&.|.tt#,,",
        ",,#.eeh.o|....|..|...#,,",
        ",,#.eeh.s|.=>.|-+|-+-#,,",
        ",,#.....f|....|s.....#,,",
        ",,#...v.C|-XX-|C.....#,,",
        ",##-+----|....|----+-##,",
        "##_____.........._____##",
        "3____I_.b..CC..b._I____2",
        "3______..........______2",
        "#_pppppppprrrrpppppppp_#",
        "#_________rrrr_________#",
        "2_pppppppprrrrpppppppp_3",
        "2_________rrrr_________3",
        "##________rrrr________##",
        ",#--++--|_rrrr_|--++--#,",
        ",#BB__BB|++--++|BB__BB#,",
        ",#D____D|rr__rr|D____D#,",
        ",#BB__BB|rr__rr|BB__BB#,",
        ",#D____D|rr__rr|D____D#,",
        ",#BB__BB|rr__rr|BB__BB#,",
        ",###11###rr__rr###11###,",
        ",,,,,,,,###++###,,,,,,,,"
      ],
      "palettes": [ "arcana_palette" ],
      "terrain": { "B": "t_floor", "D": "t_floor", "p": "t_floor" },
      "place_loot": [
        { "item": "holy_symbol", "x": 11, "y": 9, "chance": 100 },
        { "item": "note_flame", "x": 12, "y": 9, "chance": 100 },
        { "group": "produce", "x": 8, "y": 5, "chance": 80, "repeat": 4 },
        { "group": "oven", "x": 8, "y": 3, "chance": 40, "repeat": 2 },
        { "group": "cannedfood", "x": 8, "y": 2, "chance": 80, "repeat": 5 }
      ],
      "place_monsters": [ { "monster": "GROUP_CHURCH_ZOMBIE", "x": [ 3, 21 ], "y": [ 8, 21 ], "density": 0.15 } ]
    }
  },
  {
    "type": "mapgen",
    "method": "json",
    "om_terrain": [ "curious_structure_b" ],
    "weight": 300,
    "object": {
      "rows": [
        "########################",
        "###.....###...###.....##",
        "##].].].##.....##..hd.]#",
        "##].].].#.......#..hd.]#",
        "##].].].+...<...+..hd.]#",
        "##].].].#.......#..hd.]#",
        "##].].].##.....##..hd.]#",
        "###.....###...###.....##",
        "############+###########",
        "###...................##",
        "##..======.....======..#",
        "##.==....=======....==.#",
        "##.=......AF.CK......=.#",
        "##.=..I...........I..=.#",
        "##.=..I....~~~....I..=.#",
        "##.=.......~S~.......=.#",
        "##.==......~~~......==.#",
        "##..===...........===..#",
        "###.......##X##.......##",
        "#####++####...####++####",
        "##{{{..{{#.....#{{..{{{#",
        "##.......#..>..#.......#",
        "##{{{{{{{#.....#{{{{{{{#",
        "########################"
      ],
      "palettes": [ "arcana_palette" ],
      "furniture": { ">": "f_blade_upright" },
      "set": [ { "point": "trap", "id": "tr_portal", "x": 12, "y": 14 } ],
      "place_loot": [
        { "group": "cleansing_flame_crafting", "x": [ 2, 4 ], "y": 20, "chance": 30, "repeat": 5 },
        { "item": "CF_golden_scale", "x": [ 2, 4 ], "y": 20, "chance": 25, "repeat": 3 },
        { "group": "cleansing_flame_crafting", "x": [ 20, 22 ], "y": 20, "chance": 30, "repeat": 5 },
        { "item": "CF_golden_scale", "x": [ 20, 22 ], "y": 20, "chance": 25, "repeat": 3 },
        { "group": "cleansing_flame_gear_consumables", "x": [ 7, 8 ], "y": 20, "chance": 40, "repeat": 3 },
        { "group": "cleansing_flame_gear_consumables", "x": [ 16, 17 ], "y": 20, "chance": 40, "repeat": 3 },
        { "group": "cleansing_flame_gear", "x": [ 2, 8 ], "y": 22, "chance": 25, "repeat": 3 },
        { "group": "cleansing_flame_gear", "x": [ 16, 22 ], "y": 22, "chance": 25, "repeat": 3 },
        { "group": "cleansing_flame_gear_magic", "x": [ 2, 8 ], "y": 22, "chance": 20, "repeat": 3 },
        { "group": "cleansing_flame_gear_magic", "x": [ 16, 22 ], "y": 22, "chance": 20, "repeat": 3 },
        { "group": "cleansing_flame_casualties", "x": [ 7, 17 ], "y": [ 13, 15 ], "repeat": 7 },
        { "group": "add_apprentice", "x": 20, "y": [ 2, 6 ], "chance": 50, "repeat": 3 },
        { "item": "arcanemap", "x": 20, "y": [ 2, 6 ], "chance": 50 },
        { "group": "cleansing_flame_books", "x": 2, "y": [ 2, 6 ], "chance": 75, "repeat": 10 },
        { "group": "cleansing_flame_books", "x": 4, "y": [ 2, 6 ], "chance": 75, "repeat": 10 },
        { "group": "cleansing_flame_books", "x": 6, "y": [ 2, 6 ], "chance": 75, "repeat": 10 },
        { "group": "cleansing_flame_books", "x": 22, "y": [ 2, 6 ], "chance": 75, "repeat": 10 },
        { "group": "cleansing_flame_spells", "x": 22, "y": [ 2, 6 ], "chance": 5, "repeat": 3 },
        { "item": "note_flame_tenet", "x": 22, "y": [ 2, 6 ], "chance": 90 },
        { "item": "candle_warding_active", "x": 13, "y": 12, "chance": 50 }
      ],
      "place_monsters": [ { "monster": "GROUP_CF_BASEMENT", "x": [ 2, 22 ], "y": [ 9, 18 ], "density": 0.15 } ]
    }
  },
  {
    "type": "mapgen",
    "method": "json",
    "om_terrain": [ "curious_structure_b2" ],
    "weight": 300,
    "object": {
      "rows": [
        "########################",
        "####...^^^^^^^^^^^...###",
        "###.....^^#####^^.....##",
        "##^^...^^#.....#^^...^^#",
        "###^^.^^^#..a..#^^^.^^##",
        "###^....^^#.#.#^^....^##",
        "##^^......#...#......^^#",
        "##^.........#.........^#",
        "##.....................#",
        "##......##.....##......#",
        "###...................##",
        "####.................###",
        "###......#.....#......##",
        "##.........#.#.........#",
        "##.....#...###...#.....#",
        "##..........#..........#",
        "##........#...#........#",
        "##......####.####......#",
        "##^....##.......##....^#",
        "##^.^..#..#####..#..^.^#",
        "##^.^^.#.##...##.#.^^.^#",
        "##...^^#....<....#^^...#",
        "###.^^^#.##...##.#^^^.##",
        "########################"
      ],
      "palettes": [ "arcana_palette" ],
      "place_loot": [
        { "group": "cleansing_flame_casualties_inferno", "x": [ 10, 14 ], "y": [ 8, 12 ], "chance": 75, "repeat": 3 },
        { "item": "hand_of_armok", "x": 12, "y": 4 }
      ],
      "place_monsters": [ { "monster": "GROUP_NETHER_LAVA", "x": [ 2, 22 ], "y": [ 5, 17 ], "density": 0.25 } ],
      "place_monster": [ { "monster": "mon_spirit_of_fire", "x": [ 10, 14 ], "y": 3 } ]
    }
  }
]
