[
  {
    "id": "sanguine_cult_books",
    "type": "item_group",
    "items": [
      [ "poetry_book", 10 ],
      [ "novel_drama", 10 ],
      [ "essay_book", 10 ],
      [ "plays_book", 5 ],
      [ "philosophy_book", 5 ],
      [ "cookbook_human", 5 ],
      [ "textbook_speech", 5 ],
      [ "book_bloodmagic", 25 ],
      [ "book_potioncraft", 15 ],
      [ "book_summoning", 10 ],
      [ "manual_silat", 3 ],
      [ "manual_dragon", 2 ]
    ]
  },
  {
    "id": "sanguine_cult_spells",
    "type": "item_group",
    "items": [
      [ "scroll_spell_confusion", 1 ],
      [ "scroll_spell_agile", 1 ],
      [ "scroll_spell_elecresist", 1 ],
      [ "scroll_spell_clarity", 1 ],
      [ "scroll_spell_acidspray", 1 ]
    ]
  },
  {
    "id": "sanguine_cult_gear",
    "type": "item_group",
    "items": [ [ "blood_athame", 10 ], [ "bloodaxe", 3 ], [ "bloodscourge", 2 ], [ "armor_wyrm", 3 ], [ "revenant_crown", 2 ] ]
  },
  {
    "id": "sanguine_cult_consumables",
    "type": "item_group",
    "items": [
      [ "portal", 10 ],
      [ "numbness_potion", 4 ],
      [ "strength_potion", 2 ],
      [ "speed_potion", 3 ],
      [ "healing_potion", 1 ],
      [ "summon_kreck", 2 ],
      [ "summon_blank", 2 ],
      [ "summon_flaming_eye", 2 ],
      [ "summon_hunting_horror", 2 ],
      [ "summon_flying_polyp", 1 ],
      [ "summon_mi_go", 1 ],
      [ "summon_yugg", 1 ],
      [ "summon_shoggoth", 1 ]
    ]
  },
  {
    "id": "sanguine_cult_crafting",
    "type": "item_group",
    "items": [
      { "item": "essence_blood", "prob": 30, "count": [ 1, 3 ] },
      [ "gold_small", 10 ],
      [ "silver_small", 25 ],
      [ "bone_human", 25 ],
      [ "rag_bloody", 35 ],
      [ "scrap", 30 ],
      [ "diamond", 5 ],
      [ "jade_brooch", 5 ]
    ]
  },
  {
    "id": "sanguine_cult_casualties",
    "type": "item_group",
    "subtype": "collection",
    "entries": [
      { "group": "clothing_outdoor_set", "damage": [ 1, 4 ] },
      { "group": "sanguine_cult_gear", "prob": 10, "damage": [ 1, 4 ] },
      { "item": "bone_human", "prob": 100, "count": [ 3, 9 ] }
    ]
  },
  {
    "id": "sanguine_ritual",
    "type": "item_group",
    "subtype": "collection",
    "entries": [ { "item": "silver_glyph" }, { "item": "essence_blood" }, { "item": "cleric_ring" } ]
  },
  {
    "type": "mapgen",
    "method": "json",
    "om_terrain": [ "island_temple_roof" ],
    "weight": 250,
    "object": {
      "fill_ter": "t_open_air",
      "rows": [
        "                        ",
        "                        ",
        "                        ",
        "                        ",
        "                        ",
        "                        ",
        "                        ",
        "                        ",
        "                        ",
        "                        ",
        "                        ",
        "                        ",
        "                        ",
        "                        ",
        "                        ",
        "                      __",
        "                      __",
        "                     ___",
        "                     ___",
        "                   _____",
        "                   _____",
        "                 _______",
        "               _________",
        "               _________"
      ],
      "terrain": { "_": "t_rock_floor_no_roof" }
    }
  },
  {
    "type": "mapgen",
    "method": "json",
    "om_terrain": [ "island_temple_1" ],
    "weight": 250,
    "object": {
      "rows": [
        ",,,,,,,,,,,,,,,,,,,~~~~,",
        ",,,,,,,,,~~~~~~~~~~~~~~g",
        ",,,,,,,~~~~~~~~~~~~~;;;g",
        ",,,,,~~~~~;;;;;;;;;;;;;g",
        ",,,,~~~;;;;;;;;;;;;;;;;g",
        ",,,~~~;;;;;;;;;;;;;;;;;g",
        ",,~~~;;;;;;;;;;;;;;;;;;g",
        ",,~~;;;;;;;;;;;;;;;;;;;g",
        ",,~~;;;;;;;;;;;;;;;;;;;g",
        ",~~~;;;;;;;;;;;;;;;;;;;g",
        ",~~;;;;;;;;;;;;;;;;;;;;g",
        ",~~;;;;;;;;;;;;;;;;;;;;g",
        ",~~;;;;;;;;;;;;;;;;~~~~g",
        ",~~;;;;;;;;;;;;;;;;~~~~,",
        ",~~;;;;;;;;;;;;;;;~~~,,,",
        ",~~;;;;;;;;;;;;;;;~~~,|-",
        ",~~;;;;;;;;;;;;;~~~~,,+_",
        ",~~;;;;;;;;;;;;;~~~~,||_",
        ",~~;;;;;;;;;;;~~~~,,,|d_",
        ",~~;;;;;;;;;~~~~~~,|-|h_",
        "~~~;;;;;;;;;~~~~,,,|____",
        "~~;;;;;;;;;;~~,,,|-|_|-x",
        "~~;;;;;;;;;;~~,|+|dh_|__",
        ",gggggggggggg,,|_____x_>"
      ],
      "palettes": [ "arcana_palette" ],
      "mapping": { "h": { "furniture": "f_chair", "items": { "item": "sanguine_cult_casualties", "chance": 30 } } },
      "place_monsters": [ { "monster": "GROUP_IMPACT", "x": [ 0, 14 ], "y": [ 0, 14 ], "density": 0.1 } ]
    }
  },
  {
    "type": "mapgen",
    "method": "json",
    "om_terrain": [ "island_temple_2" ],
    "weight": 250,
    "object": {
      "rows": [
        ",~~~~,,,,,,,,,,,,,,,,,,,",
        "g~~~~~~~~~~~~~~,,,,,,,,,",
        "g;;;~~~~~~~~~~~~~~,,,,,,",
        "g;;;;;;;;;;;;;~~~~~,,,,,",
        "g;;;;;;;;;;;;;;;;~~~,,,,",
        "g;;;;;;;;;;;;;;;;;~~~,,,",
        "g;;;;;;;;;;;;;;;;;;~~~,,",
        "g;;;;;;;;;;;;;;;;;;;~~,,",
        "g;;;;;;;;;;;;;;;;;;;~~,,",
        "g;;;;;;;;;;;;;;;;;;;~~~,",
        "g;;;;;;;;;;;;;;;;;;;;~~,",
        "g;;;;;;;;;;;;;;;;;;;;~~,",
        "g~~~~;;;;;;;;;;;;;;;;~~,",
        ",~~~~;;;;;;;;;;;;;;;;~~,",
        ",,,~~~;;;;;;;;;;;;;;;~~,",
        "-|,~~~;;;;;;;;;;;;;;;~~,",
        "_+,,~~~~;;;;;;;;;;;;;~~,",
        "_||,~~~~;;;;;;;;;;;;;~~,",
        "_d|,,,~~~~;;;;;;;;;;;~~,",
        "_h|-|,~~~~~~;;;;;;;;;~~,",
        "____|,,,~~~~;;;;;;;;;~~~",
        "x-|_|-|,,,~~;;;;;;;;;;~~",
        "__|_hd|+|,~~;;;;;;;;;;~~",
        ">_x_____|,,gggggggggggg,"
      ],
      "palettes": [ "arcana_palette" ],
      "mapping": { "h": { "furniture": "f_chair", "items": { "item": "sanguine_cult_casualties", "chance": 30 } } },
      "place_monsters": [ { "monster": "GROUP_IMPACT", "x": [ 9, 23 ], "y": [ 0, 14 ], "density": 0.1 } ]
    }
  },
  {
    "type": "mapgen",
    "method": "json",
    "om_terrain": [ "island_temple_3" ],
    "weight": 250,
    "object": {
      "fill_ter": "t_dirt",
      "rows": [
        ",gggggggggggg,,|_____x.>",
        "~~;;;;;;;;;;~~,|+|dh_|__",
        "~~;;;;;;;;;;~~,,,|-|_|-x",
        "~~;;;;;;;;;;~~~~,,,|____",
        "~~~;;;;;;;;;~~~~~~,|-|h_",
        ",~~;;;;;;;;;;;~~~~,,,|d_",
        ",~~;;;;;;;;;;;;;~~~~,||_",
        ",~~;;;;;;;;;;;;;~~~~,,+_",
        ",~~;;;;;;;;;;;;;;;~~~,|-",
        ",~~;;;;;;;;;;;;;;;~~~,,,",
        ",~~;;;;;;;;;;;;;;;;~~~~,",
        ",~~;;;;;;;;;;;;;;;;~~~~g",
        ",~~;;;;;;;;;;;;;;;;;;;;g",
        ",~~;;;;;;;;;;;;;;;;;;;;g",
        ",~~~;;;;;;;;;;;;;;;;;;;g",
        ",,~~;;;;;;;;;;;;;;;;;;;g",
        ",,~~;;;;;;;;;;;;;;;;;;;g",
        ",,~~~;;;;;;;;;;;;;;;;;;g",
        ",,,~~~;;;;;;;;;;;;;;;;;g",
        ",,,,~~~;;;;;;;;;;;;;;;;g",
        ",,,,,~~~~~;;;;;;;;;;;;;g",
        ",,,,,,~~~~~~~~~~~~~~;;;g",
        ",,,,,,,,,~~~~~~~~~~~~~~g",
        ",,,,,,,,,,,,,,,,,,,~~~~,"
      ],
      "palettes": [ "arcana_palette" ],
      "mapping": { "h": { "furniture": "f_chair", "items": { "item": "sanguine_cult_casualties", "chance": 30 } } },
      "place_monsters": [ { "monster": "GROUP_IMPACT", "x": [ 0, 14 ], "y": [ 9, 23 ], "density": 0.1 } ]
    }
  },
  {
    "type": "mapgen",
    "method": "json",
    "om_terrain": [ "island_temple_4" ],
    "weight": 250,
    "object": {
      "rows": [
        ">_x_____|,,gggggggggggg,",
        "__|_hd|+|,~~;;;;;;;;;;~~",
        "x-|_|-|,,,~~;;;;;;;;;;~~",
        "____|,,,~~~~;;;;;;;;;;~~",
        "_h|-|,~~~~~~;;;;;;;;;~~~",
        "_d|,,,~~~~;;;;;;;;;;;~~,",
        "_||,~~~~;;;;;;;;;;;;;~~,",
        "_+,,~~~~;;;;;;;;;;;;;~~,",
        "-|,~~~;;;;;;;;;;;;;;;~~,",
        ",,,~~~;;;;;;;;;;;;;;;~~,",
        ",~~~~;;;;;;;;;;;;;;;;~~,",
        "g~~~~;;;;;;;;;;;;;;;;~~,",
        "g;;;;;;;;;;;;;;;;;;;;~~,",
        "g;;;;;;;;;;;;;;;;;;;;~~,",
        "g;;;;;;;;;;;;;;;;;;;~~~,",
        "g;;;;;;;;;;;;;;;;;;;~~,,",
        "g;;;;;;;;;;;;;;;;;;;~~,,",
        "g;;;;;;;;;;;;;;;;;;~~~,,",
        "g;;;;;;;;;;;;;;;;;~~~,,,",
        "g;;;;;;;;;;;;;;;;~~~,,,,",
        "g;;;;;;;;;;;;;~~~~~,,,,,",
        "g;;;~~~~~~~~~~~~~~,,,,,,",
        "g~~~~~~~~~~~~~~,,,,,,,,,",
        ",~~~~,,,,,,,,,,,,,,,,,,,"
      ],
      "palettes": [ "arcana_palette" ],
      "mapping": { "h": { "furniture": "f_chair", "items": { "item": "sanguine_cult_casualties", "chance": 30 } } },
      "place_monsters": [ { "monster": "GROUP_IMPACT", "x": [ 9, 23 ], "y": [ 9, 23 ], "density": 0.1 } ]
    }
  },
  {
    "type": "mapgen",
    "method": "json",
    "om_terrain": [ "island_temple_b_1" ],
    "weight": 250,
    "object": {
      "fill_ter": "t_rock",
      "rows": [
        "                    ====",
        "                   ==...",
        "                   =b.rr",
        "        =====      ==.rr",
        "      ===BDB===    ==.rr",
        "      =BD...DB=    =b.rr",
        "    ===.......===  ==...",
        "    =B..dh.]]..B=   ===+",
        "   ==D..dh.]]..D==    =i",
        "   =B...dh.]]...B=    =.",
        "   =D...dh.]]...D======X",
        "   =B...dh.]]...B=......",
        "   ==D..dh.]]...==.~~~~g",
        "    =B..dh.]]...X..~~~~g",
        "    ===.......===.~~~...",
        "      =BD.....=...~~~.==",
        "      ===BDB=X=.~~~~..X.",
        "        =====...~~~~.==.",
        "          =...~~~~...=b.",
        "          =.~~~~~~.===..",
        "          =.~~~~...=....",
        "          =.~~...===.==X",
        "          =.~~.=X=b..=..",
        "          =.gg.=.....X.<"
      ],
      "palettes": [ "arcana_palette" ],
      "terrain": { "~": "t_water_sh_underground", "g": "t_floor_blue" },
      "mapping": { "b": { "furniture": "f_brazier", "items": { "item": "cult_sacrifice", "chance": 100 } } },
      "place_loot": [
        { "item": "note_sanguine", "x": [ 22, 23 ], "y": [ 22, 23 ], "chance": 100 },
        { "group": "sanguine_ritual", "x": 23, "y": 3, "chance": 100 },
        { "item": "arcanemap", "x": 8, "y": [ 6, 12 ], "chance": 75 },
        { "group": "sanguine_cult_books", "x": [ 11, 12 ], "y": [ 7, 13 ], "chance": 50, "repeat": 15 },
        { "group": "sanguine_cult_spells", "x": [ 11, 12 ], "y": [ 7, 13 ], "chance": 5 }
      ],
      "place_monsters": [ { "monster": "GROUP_SANGUINE_BASEMENT", "x": [ 11, 18 ], "y": [ 11, 18 ], "density": 0.1 } ],
      "place_monster": [ { "monster": "mon_dracolich", "x": 23, "y": 4 } ]
    }
  },
  {
    "type": "mapgen",
    "method": "json",
    "om_terrain": [ "island_temple_b_2" ],
    "weight": 250,
    "object": {
      "fill_ter": "t_rock",
      "rows": [
        "====                    ",
        "...==                   ",
        "rr.b=                   ",
        "rr.==      =====        ",
        "rr.==    ===.b.===      ",
        "rr.b=    =a.....a=      ",
        "...==  ===.......===    ",
        "+===   =a.........a=    ",
        "i=    ==...IgggI...==   ",
        ".=    =....g~~~g...8=   ",
        "X======b...g~;~g.Z.a=   ",
        "......=....g~~~g...[=   ",
        "g~~~~.==...IgggI...==   ",
        "g~~~~..X..........a=    ",
        "...~~~.===.......===    ",
        "==.~~~...=......a=      ",
        ".X..~~~~.=X=.b.===      ",
        ".==.~~~~...=====        ",
        ".b=...~~~~...=          ",
        "..===.~~~~~~.=          ",
        "....=...~~~~.=          ",
        "X==.===...~~.=          ",
        "..=..b=X=.~~.=          ",
        "<.X.....=.gg.=          "
      ],
      "palettes": [ "arcana_palette" ],
      "terrain": { "~": "t_water_sh_underground", ";": "t_water_dp_underground", "g": "t_floor_blue" },
      "set": [ { "point": "trap", "id": "tr_portal", "x": [ 12, 14 ], "y": [ 9, 11 ] } ],
      "mapping": {
        "a": {
          "furniture": "f_slab",
          "items": [ { "item": "sanguine_cult_consumables", "chance": 60 }, { "item": "sanguine_cult_gear", "chance": 10 } ]
        },
        "b": { "furniture": "f_brazier", "items": { "item": "cult_sacrifice", "chance": 100 } }
      },
      "place_monsters": [ { "monster": "GROUP_SANGUINE_BASEMENT", "x": [ 5, 12 ], "y": [ 11, 18 ], "density": 0.1 } ]
    }
  },
  {
    "type": "mapgen",
    "method": "json",
    "om_terrain": [ "island_temple_b_3" ],
    "weight": 250,
    "object": {
      "fill_ter": "t_rock",
      "rows": [
        "          =.gg.=.....X.<",
        "          =.~~.=X=b..=..",
        "          =.~~...===.==X",
        "          =.~~~~...=....",
        "          =.~~~~~~.===..",
        "          =...~~~~...=b.",
        "        =====...~~~~.==.",
        "      ===.b.=X=.~~~~..X.",
        "      =a......=...~~~.==",
        "    ===.......===.~~~...",
        "    =a..........X..~~~~g",
        "   ==...IgggI...==.~~~~g",
        "   =[...g~~~g....=......",
        "   =a.Z.g~;~g...b=======",
        "   =8...g~~~g....=      ",
        "   ==...IgggI...==      ",
        "    =a.........a=       ",
        "    ===.......===       ",
        "      =a.....a=         ",
        "      ===.b.===         ",
        "        =====           ",
        "                        ",
        "                        ",
        "                        "
      ],
      "palettes": [ "arcana_palette" ],
      "terrain": { "~": "t_water_sh_underground", ";": "t_water_dp_underground", "g": "t_floor_blue" },
      "set": [ { "point": "trap", "id": "tr_portal", "x": [ 12, 14 ], "y": [ 9, 11 ] } ],
      "mapping": {
        "a": { "furniture": "f_slab", "items": [ { "item": "sanguine_cult_crafting", "chance": 75 } ] },
        "b": { "furniture": "f_brazier", "items": { "item": "cult_sacrifice", "chance": 100 } }
      },
      "place_monsters": [ { "monster": "GROUP_SANGUINE_BASEMENT", "x": [ 11, 18 ], "y": [ 5, 12 ], "density": 0.1 } ]
    }
  },
  {
    "type": "mapgen",
    "method": "json",
    "om_terrain": [ "island_temple_b_4" ],
    "weight": 250,
    "object": {
      "fill_ter": "t_rock",
      "rows": [
        "<.X.....=.gg.=          ",
        "..=..b=X=.~~.=          ",
        "X==.===...~~.=          ",
        "....=...~~~~.=          ",
        "..===.~~~~~~.=          ",
        ".b=...~~~~...=          ",
        ".==.~~~~...=====        ",
        ".X..~~~~.=X=BDB===      ",
        "==.~~~...=.....DB=      ",
        "...~~~.===.......===    ",
        "g~~~~..X...]].hd..B=    ",
        "g~~~~.==...]].hd..D==   ",
        "......=B...]].hd...B=   ",
        "=======D...]].hd...D=   ",
        "      =B...]].hd...B=   ",
        "      ==D..]].hd..D==   ",
        "       =B..]].hd..B=    ",
        "       ===.......===    ",
        "         =BD...DB=      ",
        "         ===BDB===      ",
        "           =====        ",
        "                        ",
        "                        ",
        "                        "
      ],
      "palettes": [ "arcana_palette" ],
      "terrain": { "~": "t_water_sh_underground", "g": "t_floor_blue" },
      "mapping": { "b": { "furniture": "f_brazier", "items": { "item": "cult_sacrifice", "chance": 100 } } },
      "place_loot": [
        { "item": "note_sanguine_tenet", "x": [ 11, 12 ], "y": [ 10, 16 ], "chance": 90 },
        { "group": "sanguine_cult_books", "x": [ 11, 12 ], "y": [ 10, 16 ], "chance": 50, "repeat": 15 },
        { "group": "sanguine_cult_spells", "x": [ 11, 12 ], "y": [ 10, 16 ], "chance": 5 }
      ],
      "place_monsters": [ { "monster": "GROUP_SANGUINE_BASEMENT", "x": [ 5, 12 ], "y": [ 5, 12 ], "density": 0.1 } ]
    }
  }
]
