[
  {
    "id": "MISSION_FIND_HERMIT_1",
    "type": "mission_definition",
    "name": "Reach Standing Stones",
    "description": "Lead your companion to an area in the forest, suspected of being host to supernatural activity.",
    "goal": "MGOAL_GO_TO_TYPE",
    "difficulty": 2,
    "value": 20000,
    "origins": [ "ORIGIN_OPENER_NPC", "ORIGIN_ANY_NPC" ],
    "followup": "MISSION_FIND_HERMIT_2",
    "destination": "standing_stones",
    "start": {
      "effect": "follow",
      "assign_mission_target": { "om_terrain": "standing_stones", "om_special": "Standing stones", "reveal_radius": 3, "search_range": 180, "z": 0 }
    },
    "dialogue": {
      "describe": "If you see this, it's a bug!",
      "offer": "As unreal as things have gotten, I've been trying to find some sort of answer to it all.  Or if not that, at least closure.  Not long before things boiled over, I've been having strange dreams of otherworldly scenery, and now that everything's gone to hell I'm wondering if there's any meaning to it.  I know it sounds crazy, but there might be something in what I recall that we could investigate.",
      "accepted": "Thank you.  Thing is, some of the scenery from these dreams looked familiar, and after zero day I started poring over some local maps to try and make sense of what little looked real.  One of the places I recall was hidden away in a part of the local woods I used to go camping in.  I doubt we'll find anything, but maybe it'll give me peace of mind knowing these weird dreams don't have anything to do with what happened.",
      "rejected": "I understand.  We've got more important things to worry about than chasing half-remembered dreams that might not mean anything.  Maybe another time...",
      "advice": "Never know what we might run into along the way, maybe the journey will be more useful than what we find there.  The dream had a vision of strange stones and dark rituals.  If any of it turns out to be real, it might be good to visit during the daytime to be safe.",
      "inquire": "Any luck so far?",
      "success": "I don't believe it.  The stones, that cairn in the center?  It looks just just like how it appeared in the dreams.  Maybe my mind's playing tricks on me, but I could've sworn I never ran into anything like this before.  I don't know what to make of this.  I'll continue to follow you for now, maybe we can look into this further.",
      "success_lie": "What madness is this?",
      "failure": "How ...?"
    }
  },
  {
    "id": "MISSION_FIND_HERMIT_2",
    "type": "mission_definition",
    "name": "Reach Ruined Shrine",
    "description": "Lead your companion to the suspected location of a ruined shrine, that allegedly didn't exist before the cataclysm...",
    "goal": "MGOAL_GO_TO_TYPE",
    "difficulty": 4,
    "value": 40000,
    "origins": [ "ORIGIN_SECONDARY" ],
    "followup": "MISSION_FIND_HERMIT_3",
    "destination": "shrine_anomaly",
    "start": {
      "assign_mission_target": { "om_terrain": "shrine_anomaly", "om_special": "Ruined Shrine", "reveal_radius": 3, "search_range": 180, "z": 0 }
    },
    "dialogue": {
      "describe": "If you see this, it's a bug!",
      "offer": "I've tried to think about what I can recall from the dreams.  Seeing that last place with my own eyes brought a bit of clarity to what I remember.  There's another place that stood out, another part of the countryside I've been to with strange features that shouldn't be there.  It might be more useful to investigate than the last place, too.",
      "accepted": "I've been in that part of the countryside before, and what I saw in the dream definitely wasn't there back then.  Looked a bit more dangerous but there might be something valuable to make up for it.  And if there's nothing there, fine by me.  Would mean those dreams are just that, and nothing meaningful.",
      "rejected": "Alright.  Talk to me if you change your mind.  Maybe that last place was a fluke, maybe it had been there all this time and I just didn't remember until now.",
      "advice": "I saw some sort of artificial structure, otherworldly but definitely manmade.  Or made by something, at least.  Expect anomalous monsters, whatever other hazards if any of it's actually real.",
      "inquire": "Any luck so far?",
      "success": "This place is giving me the creeps.  It's real alright, too damn real.  We should be careful, clean the place out if you want but might be worth seeing if anything else I can recall stands out.  Whenever you're ready.",
      "success_lie": "What madness is this?",
      "failure": "How ...?"
    }
  },
  {
    "id": "MISSION_FIND_HERMIT_3",
    "type": "mission_definition",
    "name": "Reach Odd House",
    "description": "Lead your companion to a rural house suspected to be inhabited by someone.  There might be something to those weird dreams after all...",
    "goal": "MGOAL_GO_TO_TYPE",
    "difficulty": 3,
    "value": 30000,
    "origins": [ "ORIGIN_SECONDARY" ],
    "destination": "arcana_hermitage_1",
    "start": {
      "effect": { "u_add_effect": "sent_to_hermit", "duration": "PERMANENT" },
      "assign_mission_target": { "om_terrain": "arcana_hermitage_1", "om_special": "Hermit Cabin", "reveal_radius": 3, "search_range": 180, "z": 0 }
    },
    "dialogue": {
      "describe": "If you see this, it's a bug!",
      "offer": "I'm convinced there's something to this.  I tried to go over any of what I remember, bring up anything that stood out.  This isn't giving me any answers or even any closure, just more questions.  One thing stood out though.  A house of some sort, and in that dream I didn't just see images of it.  I saw someone traveling there, and a shadow of something otherworldly hanging over the place.  Thinking on what I recalled was calming, for some reason.  Maybe we'll find something?",
      "accepted": "Alright.  I'll show you what I recall of the area, and maybe we'll find something this time.  Can't be any worse than the last place we visited.",
      "rejected": "I understand.  But this was the one dream, out of all the weird shit I can remember, that actually felt like more than just a warning, or omen, or whatever the hell the rest have been.",
      "advice": "It was a rural house of sort sort.  Nothing dangerous or even weird stood out in that dream.  In fact it seemed like the most mundane out of the bunch, but there was this sense of foreboding, and what happened in it was so much more vivid.",
      "inquire": "Any luck so far?",
      "success": "Looks like the place.  I can see signs of the house being inhabited.  The place looks so familar even though this is the first time I've ever laid eyes on it in the waking world.  Maybe the dreams were visions of the future, if so I'm guessing that one was about traveling here, not just an omen or whatever.  I'll let you decide what to do if we meet anyone here, I don't know if the other dreams will do us much good.  At least trying to make sense of them, seeing these places in person made me feel, I don't know, better.  Less uneasy.  Thank you.",
      "success_lie": "What madness is this?",
      "failure": "How ...?"
    }
  },
  {
    "id": "MISSION_HERMIT_RETRIEVE_SWORD",
    "type": "mission_definition",
    "name": "Retrieve The Cursed Blade",
    "description": "Obtain the cursed sword from the floating temple, and show it to the hermit.  The fallen relic may still be of use.",
    "goal": "MGOAL_CONDITION",
    "goal_condition": { "or": [ { "u_has_item": "stormbringer" }, { "u_has_item": "veilblade" } ] },
    "difficulty": 5,
    "value": 250000,
    "start": {
      "assign_mission_target": { "om_terrain": "impact_site", "om_special": "Floating Temple", "reveal_radius": 3, "search_range": 180, "z": 0 }
    },
    "end": { "effect": [ { "npc_add_effect": "hermit_stage_1", "duration": "PERMANENT" } ] },
    "origins": [ "ORIGIN_SECONDARY" ],
    "followup": "MISSION_HERMIT_RESTORE_SWORD",
    "dialogue": {
      "describe": "Perhaps we shall at last atone...",
      "offer": "This is a task not to be taken lightly, and I can understand if you deem yourself unprepared.  We had a temple once, built on flying stone, over ground marked by a fallen star.  There, our last effort to serve Him failed.  There remains a dangerous threat that broke our order, and a fallen relic.  If I could see that relic once again, tainted though it may be, I can rest in peace when my time comes.",
      "accepted": "Thank you.  My He From Beyond The Veil guide you, or failing that whatever other gods you serve.  I will tell you where to go, but I'm afraid I can't lead you there personally.  I ask that you retrieve the cursed blade and bring it here, and then I will explain further.  Beware the unholy monsters likely to still infest the temple, and ...what remains of the high priest.",
      "rejected": "I understand.  The threat that defiles the old temple is not to be underestimated.  If I felt I could make the journey, I would attempt it myself, even if I failed I could die knowing I did the right thing.  Seek my guidance if you change your mind.",
      "advice": "You will likely have to kill the abomination inhabiting the body of the temple's former high priest.  I know not what weapons he may still carry, nor what unholy power the spirit possessing him commands, but be careful and expect anything.  Most likely he will have turned our own symbol of judgment on his congregation, meaning you'll have to expect lightning magic.",
      "inquire": "Have you completed this task?",
      "success": "Excellent.  I have no need of this item, in fact you might be better suited to use it, if you are cautious.  Speak with me further and I will tell you whatever you need know, and then I will have a task to offer you.",
      "success_lie": "What folly is this?",
      "failure": "As I feared..."
    }
  },
  {
    "id": "MISSION_HERMIT_RESTORE_SWORD",
    "type": "mission_definition",
    "name": "Restore The Ritual Blade",
    "description": "Learn the purification ritual from Oaths to The Chalice, restore the ritual sword to a usable condition, then show it to the hermit.",
    "goal": "MGOAL_CONDITION",
    "goal_condition": { "u_has_item": "veilblade" },
    "difficulty": 5,
    "value": 250000,
    "end": { "effect": [ { "npc_add_effect": "hermit_stage_2", "duration": "PERMANENT" } ] },
    "origins": [ "ORIGIN_SECONDARY" ],
    "followup": "MISSION_HERMIT_AWAKEN_POWER",
    "dialogue": {
      "describe": "Perhaps we shall at last atone...",
      "offer": "I have told you some of what I know.  And that may be of use to you.  The blade may be marred by dark magic, but it can be salvaged.  You have the potential, and it may prove even more useful restored than as a sanguine-corrupted weapon.",
      "accepted": "Wonderful.  The way forward lies within Oaths to The Chalice.  To undertake this task is to accept the responsibility that comes with it.  I will offer what advice I can, but I can't perform the purification ritual for you.  That shall be your duty.",
      "rejected": "I understand, though I hope you have not come to favor the relic's current state for its use as a weapon.  Seek me out if you deem yourself ready.",
      "advice": "You shall need the studies of those who have came before, certain ritual components.  You'll also need to seek out a copy of Sanguine Codex to properly counter the sanguine curse placed on it.",
      "inquire": "Have you performed the ritual?  Let me see it...",
      "success": "To see this, after so long... it's hard for me to put words to this.  It'll never be restored to the glory it once held, forged in fires from Beyond as one of the divine gifts, but even this gives me hope.  Come, we have much to discuss, before we can continue.",
      "success_lie": "What folly is this?",
      "failure": "As I feared..."
    }
  },
  {
    "id": "MISSION_HERMIT_AWAKEN_POWER",
    "type": "mission_definition",
    "name": "Earn The Favor From Beyond",
    "description": "Fuel the restored ritual blade by charging it from a portal, offer the power to Hy From Beyond The Veil, then return to the hermit after being awarded with any of His blessings.",
    "goal": "MGOAL_CONDITION",
    "goal_condition": { "u_has_trait_flag": "explorer_of_the_veil" },
    "difficulty": 5,
    "value": 250000,
    "start": {
      "assign_mission_target": {
        "om_terrain": "new_anomaly_1",
        "om_terrain_replace": "field",
        "random": true,
        "reveal_radius": 3,
        "search_range": 180,
        "z": 0
      }
    },
    "end": { "effect": [ { "npc_add_effect": "hermit_stage_3", "duration": "PERMANENT" } ] },
    "origins": [ "ORIGIN_SECONDARY" ],
    "followup": "MISSION_HERMIT_BECOME_PARAGON",
    "dialogue": {
      "describe": "Perhaps we shall at last atone...",
      "offer": "This is a task I will leave for you to pursue on your own initiative, though I will advise you if needed.  To use the awakened blade requires certain energies to be returned to The Beyond.  The method that best fulfills the relic's purpose requires you to seek out the lingering wounds in The Veil, and my fading senses have revealed one such place that may be useful.  However you choose to serve Him, your actions will serve a greater purpose.  Will you accept my guidance in this endeavor?",
      "accepted": "May He From Beyond The Veil guide us both.  I will do what I can to direct you towards letting the relic serve its purpose.  Failing that, there are methods to sustain this power, to be found within the pages of Oaths To The Chalice.  Some of what you will see are common, trifling things.  Others are wonders only He can bestow, and they may yet serve you well.  When the time comes and you have seen the fruit of your labor, speak to me again.",
      "rejected": "Unfortunate.  I am hopeful that you will heed the call on your own, and come to me when you are ready.  In pursuing the path laid before you, your destiny is intertwined with those who seek to ensure this world does not fall into further decay.  One way or another, your path lies before you.",
      "advice": "Drawing upon a rift will require you to linger beside the portal, until the blade draws upon its power.  You will know in time, when you have received the sign.  If you require what little guidance I can offer, you need only ask.",
      "inquire": "Show me that spark within your eyes, if you have earned His favor...",
      "success": "So it has come to pass.  I hope the task was not too troublesome for you, nor did His favor prove too difficult to grasp.  This proves it.  You are suitable to be His Chosen.  Come, there is much to discuss.  And then, I hope, something more to do...",
      "success_lie": "What folly is this?",
      "failure": "As I feared..."
    }
  },
  {
    "id": "MISSION_HERMIT_BECOME_PARAGON",
    "type": "mission_definition",
    "name": "Become A Paragon Of The Veil",
    "description": "Continue to seek out portals or otherwise channeling power through the restored ritual blade, until receiving a clear sign of He From Beyond The Veil's favor.  Excessive mutation, becoming too strongly tied to things from Beyond, might endanger this goal.",
    "goal": "MGOAL_CONDITION",
    "goal_condition": { "u_has_trait": "THRESH_VEIL" },
    "difficulty": 5,
    "value": 250000,
    "start": {
      "assign_mission_target": {
        "om_terrain": "new_anomaly_2",
        "om_terrain_replace": "field",
        "random": true,
        "reveal_radius": 3,
        "search_range": 180,
        "z": 0
      }
    },
    "end": { "effect": [ { "npc_add_effect": "hermit_stage_4", "duration": "PERMANENT" } ] },
    "origins": [ "ORIGIN_SECONDARY" ],
    "dialogue": {
      "describe": "Perhaps we shall at last atone...",
      "offer": "This is a task that will be a long-term matter, I suspect.  You have demonstrated the potential the He From Beyond The Veil seeks.  I have told you the nature of our mission, our enduring oath.  And you have filled this feeble old heart with renewed hope.  Others may foster the survival of humanity, but what good will it do if the wounds in The Veil continue to bleed, and we are cast into the abyss?  That is our purpose, the one common ground we held with the Cleansing Flame.  But every rift sealed, every intrusion halted, pulls us away from the brink.  I ask you to continue along the path you have chosen.  Continue your work, and use your rewards with care and precision.  Will you accept this request?",
      "accepted": "Thank you.  There is another such place that may be useful to start with, and I'll show you where it is.  Other than that, your journey may be a long one, hunting for instabilities and presenting these offerings from Beyond.  Beware becoming corrupted by mutation, as becoming too strongly tethered to the Beyond will make you unsuitable for His plans.  When you have achieved this, seek to me again if you so desire.  I will offer you what little guidance I can.",
      "rejected": "I see.  Perhaps you are confident that The Veil will hold, seeing that it hasn't collapsed despite all that has happened.  But you have come so far, and can we be certain when the consequences are so dire?  If you change your mind, I will await you.",
      "advice": "Be cautious in what methods you use to obtain the offering.  Use summoning rites only when it is a necessary infliction to make on The Veil, and do not let the allure of blood magic cause yourself undue harm.  As for other rifts to seal, remember every place that you have seen touched by the influence of the arcane, and of mundane hazards as well.  I have little experience in the laboratories that inflicted so much destruction, but they may hold remnants that can be mended.",
      "inquire": "Has He anointed you as his Chosen?",
      "success": "You have proven yourself, in ways that few have.  For each relic, only one high priest each had been anointed as you have.  I will offer whatever council I can, but I have no tasks left to offer you.  Follow as fate leads.",
      "success_lie": "What folly is this?",
      "failure": "I can quite plainly sense the cause of this.  His Chosen cannot be tied too strongly to the Beyond, lest pursuing His goals endanger them as well.  It seems you've done exactly that.  Unfortunate, but there may still be hope.  Come, we have things to discuss it seems..."
    }
  },
  {
    "id": "MISSION_CF_DEACON_1",
    "type": "mission_definition",
    "name": "Check On Rural Church",
    "description": "Visit the rural church and speak with Sofia McKinnon.  Return to Dorian with the news.",
    "goal": "MGOAL_CONDITION",
    "goal_condition": { "u_has_effect": "sofia_deacon_message" },
    "difficulty": 2,
    "value": 10000,
    "has_generic_rewards": false,
    "start": {
      "effect": [ { "u_add_effect": "already_asked_deacon", "duration": "PERMANENT" } ],
      "assign_mission_target": {
        "om_terrain": "cf_church_4",
        "om_special": "cf_rural_church",
        "om_terrain_replace": "field",
        "reveal_radius": 3,
        "random": true,
        "cant_see": true,
        "range": [ 10, 90 ]
      }
    },
    "origins": [ "ORIGIN_SECONDARY" ],
    "dialogue": {
      "describe": "Here's hoping it goes well...",
      "offer": "As much as I'd like to return to check on the people sheltering at the church, I've been caught up in helping out here.  If you could pay them a visit, ask to speak with Sofia McKinnon.  Could you send her my regards, and my apologies for having been delayed in returning?",
      "accepted": "Thank you.  No doubt she will have work for you as well, if you ask her about it.  If your travels take you back here, please keep me informed.  I don't have much I can offer as a reward, but I'll do what I can.  Godspeed.",
      "rejected": "I understand.  There is much to be done even here.  Still, I suspect I'll be busy here for much longer than I expected, so if you get the chance please see me about it.  I don't have much to offer in return, but I'll scrounge up what I can.",
      "advice": "It's a rural church along the side of the road.  The survivors there should be able to help you if needed.  I'm afraid I don't know much else about the group, as Father Alexander was the one that knew them personally.",
      "inquire": "Have you any news?",
      "success": "Thank you.  It's a relief to hear back from them.  I may be here a while longer, these people need all the help they can get, and Sofia's group can take care of themselves well enough.  I know this isn't much, but please have this.",
      "success_lie": "What are you trying to pull?",
      "failure": "How in God's name did you fail at this?"
    },
    "end": {
      "effect": [ { "npc_add_effect": "rural_church_aware", "duration": "PERMANENT" }, { "u_buy_item": "FMCNote", "count": 5 } ]
    }
  },
  {
    "id": "MISSION_CF_REP_1",
    "type": "mission_definition",
    "name": "Find or Make Bone Charm",
    "description": "Obtain or craft a bone charm, a makeshift holy symbol carved from the body parts of certain otherworldly monsters, then bring it to Sofia.",
    "goal": "MGOAL_FIND_ITEM",
    "difficulty": 1,
    "value": 10000,
    "has_generic_rewards": false,
    "item": "charm_bone",
    "origins": [ "ORIGIN_SECONDARY" ],
    "followup": "MISSION_CF_REP_2",
    "dialogue": {
      "describe": "Odin, guide my hand...",
      "offer": "We have been working on fortifying this location, and trying to regain contact with any others of our other.  But mundane methods alone may not be sufficient.  There are protective spells that would not only augment our defense, but serve as the mark of our sanctum to those experienced in our ways.  For this I will need a specific ritual component, known as a bone charm.",
      "accepted": "Thank you.  I know it's a strange request, as is asking that you make it yourself.  But I feel that adding your own personal touch to it may prove a useful learning experience, as every talisman worked from the bones of otherworldly beasts reflects the nature of its maker.",
      "rejected": "I understand that this may seem like a trivial thing, and an odd request.  But this ritual is more important to us than you realize.",
      "advice": "There are many monsters whose bones, ivory, and such carry the mark of the otherworldly upon them.  The impish creatures known as \"krecks\" among survivors would be easy prey, and so-called \"grackens\" should be an even safer hunt.  Or you could seek out beasts such as flying polyps or hunting horrors.",
      "inquire": "How goes the hunt, and the craft?  Have you found what we seek?",
      "success": "Wonderful.  I'll have things set up shortly, and the others have been working on securing the place further.  We have much to discuss, and more jobs for you if you wish.",
      "success_lie": "What do you think you're trying to pull?",
      "failure": "But how..."
    },
    "end": {
      "effect": [ { "u_add_effect": "cf_mission_1", "duration": "PERMANENT" }, { "u_buy_item": "CF_golden_scale", "count": 2 } ],
      "update_mapgen": [
        {
          "om_terrain": "cf_church_1",
          "om_special": "cf_rural_church",
          "place_nested": [ { "chunks": [ "cf_church_upgrade_1_a" ], "x": 3, "y": 3 } ]
        },
        {
          "om_terrain": "cf_church_2",
          "om_special": "cf_rural_church",
          "place_nested": [ { "chunks": [ "cf_church_upgrade_1_b" ], "x": 14, "y": 22 } ]
        },
        {
          "om_terrain": "cf_church_3",
          "om_special": "cf_rural_church",
          "place_nested": [ { "chunks": [ "cf_church_upgrade_1_c" ], "x": 21, "y": 9 } ]
        },
        {
          "om_terrain": "cf_church_4",
          "om_special": "cf_rural_church",
          "place_nested": [ { "chunks": [ "cf_church_upgrade_1_d" ], "x": 1, "y": 1 } ]
        }
      ]
    }
  },
  {
    "id": "MISSION_CF_REP_2",
    "type": "mission_definition",
    "name": "Deliver Trade Arrangements",
    "description": "Deliver the trade arrangements to the merchant at the refugee center, along with the Golden Scales provided for the deal.  Return to Sofia with the receipt that will be provided.",
    "goal": "MGOAL_FIND_ITEM",
    "difficulty": 1,
    "value": 12500,
    "has_generic_rewards": false,
    "item": "cf_rep_trade_receipt",
    "start": {
      "effect": [ { "u_buy_item": "cf_rep_trade_arrangement" }, { "u_buy_item": "CF_golden_scale", "count": 20 } ],
      "assign_mission_target": { "om_terrain": "evac_center_18", "reveal_radius": 1 }
    },
    "origins": [ "ORIGIN_SECONDARY" ],
    "followup": "MISSION_CF_REP_3",
    "dialogue": {
      "describe": "Odin, guide my hand...",
      "offer": "This should be a simple matter, though I hope you'll find the journey tolerable.  I have occasionally visited the refugee center to trade for essential tools and supplies, but I will be needed here for the time being, and the others have been busy gathering supplies and continuing construction.  We have arrangements made for delivery of supplies, but every so often we have to send inventory of what we need and what we have to offer.  Could you simply deliver this to their merchant, and return the receipt they usually write up?",
      "accepted": "Thank you.  The merchant requires an advance payment, usually surplus scavenged supplies or precious metals.  This should be sufficient to complete the arrangement, we use these to set aside measured amounts of material for repairing our equipment.  With your help we'll be able to focus our efforts on making this place livable, and once the trade is settled that'll give us more breathing room.  Hopefully by the time supplies start running low again, we'll have a few more of us around to take care of ourselves.",
      "rejected": "Please, whenever you're able to speak to me again, we can't rely exclusively on scavenging for very long, as few people we have to spare for the task.",
      "advice": "If you can talk them into accepting a lower rate for the initial payment, you can keep what's left over.  Not many people see value in gold now, but it has some uses all the same.  The repair blanks we use are stamped with a known weight and purity, which is better than any random scrap.",
      "inquire": "Has the center agreed to our offer?  They usually provide a receipt confirming the arrangements have been made.",
      "success": "Thank you.  We're a bit closer to having the area built up into a usable sanctum.  I just hope that there are more of us out there, that heed our call.  I can spare a bit more for your trouble, as well.  I'll have additional work for you as well.",
      "success_lie": "What do you think you're trying to pull?",
      "failure": "But how..."
    },
    "end": {
      "effect": [ { "u_add_effect": "cf_mission_1", "duration": "PERMANENT" }, { "u_buy_item": "CF_golden_scale", "count": 5 } ],
      "update_mapgen": [
        {
          "om_terrain": "cf_church_1",
          "om_special": "cf_rural_church",
          "place_nested": [ { "chunks": [ "cf_church_upgrade_2_a" ], "x": 3, "y": 3 } ]
        },
        {
          "om_terrain": "cf_church_1_roof",
          "om_special": "cf_rural_church",
          "place_nested": [ { "chunks": [ "cf_church_upgrade_2_b" ], "x": 3, "y": 3 } ]
        }
      ]
    }
  },
  {
    "id": "MISSION_CF_REP_3",
    "type": "mission_definition",
    "name": "Kill Unknown Monster",
    "description": "Hunt down a monster of unknown nature nearby.  Optionally recruit one of the church's guards to assist.",
    "goal": "MGOAL_KILL_MONSTER",
    "difficulty": 4,
    "value": 20000,
    "has_generic_rewards": false,
    "start": {
      "assign_mission_target": { "om_terrain": "forest_thick", "reveal_radius": 1, "random": true, "search_range": 20, "min_distance": 5 },
      "update_mapgen": { "place_monster": [ { "monster": "mon_flesh_angel", "x": 11, "y": 11, "target": true } ] }
    },
    "origins": [ "ORIGIN_SECONDARY" ],
    "followup": "MISSION_CF_REP_4",
    "dialogue": {
      "describe": "Odin, guide my hand...",
      "offer": "I have good news and bad news.  The good news is that we've made contact with a group of our brethren, and they are expected to arrive soon.  The bad news is they've reported something else has been attracted to this area by our wards, stalking the surrounding words due to the magic itself deterring it.  It may be a threat to travelers, in addition to potentially endangering our comrades while they're en route.  I would like to request you scout the area and, if need be, slay the creature.",
      "accepted": "May Odin grant you victory in battle, should it come to that.  Any creature attracted by our defensive magic is likely to be not only otherwordly, but tied to other mystic forces.  Expect trouble.  I will permit you the assistance of one of our brethren if you deem it necessary, but we cannot spare the forces needed for a proper hunt.",
      "rejected": "This thing may endanger the lives of others.  I do not yet know the full extent of the threat, but we can't afford to endanger our position here.  Please, as soon as you are able, speak with me again.",
      "advice": "It's likely to have unnatural senses of some sort, and many such creatures are able to use such abilities to enthrall or otherwise overwhelm the weak-minded.  Avoid being in its line of sight if possible, as most such threats are most potent when the user can lay eyes upon its victim.",
      "inquire": "Has the beast been slain?",
      "success": "I'm thankful that you returned victorious.  Hearing of it now, and the scouting reports from the others, the creature was a rare sight indeed.  A human form woven into a mockery of the divine.  I'm sorry to have endangered you facing an unknown threat.  However, thanks to you assistance the others arrived safely, a fellow founder of our order among them.  I have more tasks for you, and you may wish to speak to him as well.",
      "success_lie": "What do you think you're trying to pull?",
      "failure": "But how..."
    },
    "end": {
      "effect": [
        { "u_add_effect": "cf_mission_1", "duration": "PERMANENT" },
        { "npc_add_effect": "cf_mission_3", "duration": "PERMANENT" },
        { "u_buy_item": "CF_golden_scale", "count": 6 }
      ],
      "update_mapgen": [
        {
          "om_terrain": "cf_church_1",
          "om_special": "cf_rural_church",
          "place_nested": [ { "chunks": [ "cf_church_upgrade_3_a" ], "x": 1, "y": 1 } ]
        },
        { "om_terrain": "cf_church_2", "om_special": "cf_rural_church", "mapgen_update_id": "cf_church_upgrade_3_b" },
        { "om_terrain": "cf_church_3", "om_special": "cf_rural_church", "mapgen_update_id": "cf_church_upgrade_3_c" },
        { "om_terrain": "cf_church_4", "om_special": "cf_rural_church", "mapgen_update_id": "cf_church_upgrade_3_d" }
      ]
    }
  },
  {
    "id": "MISSION_CF_REP_4",
    "//": "This missions is here so that I can expand on the mission chain later on without old saves being stuck.",
    "type": "mission_definition",
    "name": "Placeholder Mission",
    "goal": "MGOAL_KILL_MONSTER",
    "difficulty": 4,
    "value": 150000,
    "origins": [ "ORIGIN_SECONDARY" ],
    "dialogue": {
      "describe": "...",
      "offer": "...",
      "accepted": "...",
      "rejected": "...",
      "advice": "...",
      "inquire": "...",
      "success": "...",
      "success_lie": "...",
      "failure": "..."
    }
  },
  {
    "id": "MISSION_CF_GM_1",
    "type": "mission_definition",
    "name": "Retrieve Bane Staff",
    "description": "Retrieve the bane staff from the strange grove, and bring it to Johnathan.",
    "goal": "MGOAL_FIND_ITEM",
    "difficulty": 5,
    "item": "scourge_staff",
    "value": 20000,
    "has_generic_rewards": false,
    "origins": [ "ORIGIN_SECONDARY" ],
    "followup": "MISSION_CF_GM_2",
    "start": { "assign_mission_target": { "om_terrain": "strange_grove", "reveal_radius": 3, "z": 0 } },
    "end": {
      "effect": [ { "u_add_effect": "cf_mission_1", "duration": "PERMANENT" }, { "u_buy_item": "CF_golden_scale", "count": 8 } ],
      "update_mapgen": [
        { "om_terrain": "cf_church_1", "om_special": "cf_rural_church", "mapgen_update_id": "cf_church_upgrade_GM_1_a" },
        {
          "om_terrain": "cf_church_2",
          "om_special": "cf_rural_church",
          "mapgen_update_id": "cf_church_upgrade_GM_1_b"
        },
        {
          "om_terrain": "cf_church_3",
          "om_special": "cf_rural_church",
          "mapgen_update_id": "cf_church_upgrade_GM_1_c"
        },
        {
          "om_terrain": "cf_church_4",
          "om_special": "cf_rural_church",
          "mapgen_update_id": "cf_church_upgrade_GM_1_d"
        }
      ]
    },
    "dialogue": {
      "describe": "Grant us strength...",
      "offer": "During our journey we've seen scattered evidence of some hazards still afflicting certain areas, former hotspots of anomalous activity now made even more dangerous, ever since holes in reality began opening up.  With the rest of us focused on rebuilding and securing the area, I would like to ask your assistance with investigating one such location, and retrieving an artifact of historical importance believed to be lost there.",
      "accepted": "Thank you.  I will direct you to the location, if you've not seen it for yourself.  Decades ago the place was inhabited, but now the place seems to be overgrown and infested with monsters.  Do what you must to cleanse the place.  Dii vult.",
      "rejected": "When you believe you are ready, talk to me again.  The longer these old places linger without being dealt with, the more of a threat they may become.",
      "advice": "The extent to which the place has overgrown is unnatural.  I would expect monsters comfortable among greenery to be the most common threat, and we have reason to believe something large has taken root there.  Beyond that, I can tell you little of the history behind that place, Sofia might know more.",
      "inquire": "How goes the hunt?",
      "success": "Thank you.  That staff was associated with those who once inhabited that place, but it seems whatever anomalies caused all this corrupted it to some extent.  I will care for it, anything else you found down there you may deal with as you see fit.  The rest of us will try to discern just what to make of these anomalies.  And if you wish, I have more for you.",
      "success_lie": "What idiocy is this?",
      "failure": "But how?"
    }
  },
  {
    "id": "MISSION_CF_GM_2",
    "type": "mission_definition",
    "name": "Retrieve Demon Claw",
    "description": "Retrieve the demon claw from the curious structure, and bring it to Johnathan.",
    "goal": "MGOAL_FIND_ITEM",
    "difficulty": 5,
    "item": "hand_of_armok",
    "value": 30000,
    "has_generic_rewards": false,
    "origins": [ "ORIGIN_SECONDARY" ],
    "followup": "MISSION_CF_GM_3",
    "start": { "assign_mission_target": { "om_terrain": "curious_structure", "reveal_radius": 3, "z": 0 } },
    "end": {
      "effect": [ { "u_add_effect": "cf_mission_1", "duration": "PERMANENT" }, { "u_buy_item": "CF_golden_scale", "count": 12 } ],
      "update_mapgen": [
        { "om_terrain": "cf_church_1", "om_special": "cf_rural_church", "mapgen_update_id": "cf_church_upgrade_GM_2_a" },
        {
          "om_terrain": "cf_church_2",
          "om_special": "cf_rural_church",
          "mapgen_update_id": "cf_church_upgrade_GM_2_b"
        },
        {
          "om_terrain": "cf_church_3",
          "om_special": "cf_rural_church",
          "mapgen_update_id": "cf_church_upgrade_GM_2_c"
        },
        {
          "om_terrain": "cf_church_4",
          "om_special": "cf_rural_church",
          "mapgen_update_id": "cf_church_upgrade_GM_2_d"
        }
      ]
    },
    "dialogue": {
      "describe": "Grant us strength...",
      "offer": "I believe I can now trust you with a more dangerous, yet also more vital, task.  In the past we had few dedicated safehouses, most of us were hosted in the rural homes and churches of our brethren and those they could trust.  Only one place was truly built by our hand, and it suffered the same strange occurrences so many other places suffered during zero hour.  The handful of survivors to flee brought with them tales of living fire and otherworldly horror, warping the very stones underneath the sanctum.  If you believe yourself ready, I would like you to lead a hunt to cleanse it.",
      "accepted": "By Thor and The God In Three Persons both, may you be victorious.  The evil lurking there was described as wielding a clawed weapon that warped The Veil itself with hellfire, until it was struck from its fiery grasp by a lucky strike.  They were able to seal it behind a barrier with one of our swords as the keystone, and you will need to undo the seal to confront it.  If you can retrieve that infernal weapon in your hunt, we will be able to destroy it safely.  I would commit a full hunting party if only we could spare anyone.  Dii vult!",
      "rejected": "Understood.  This task is dangerous, and the seal they set up shouldn't be undone unless you're prepared to see it through to the end.  Speak with me when you see fit.",
      "advice": "Bring any assistance you can, and expect all manner of abominations to have followed that thing through the wounds in The Veil.  Be prepared for infernal fire, any magic or equipment that would safeguard against flame would help.  Do as best as you can to assemble a proper hunting party, but sadly we are stretched thin as it is.",
      "inquire": "How goes the hunt?",
      "success": "Gods above and below, to think this thing caused one of our holiest places to fall to ruin.  I doubt it will be safe to reclaim that place anytime soon.  Anything you found down their is yours to use as you see fit.  I hope that those who fell holding that thing back are are peace.  Speak with me when you see fit, I have another thing to ask of you.",
      "success_lie": "What idiocy is this?",
      "failure": "But how?"
    }
  },
  {
    "id": "MISSION_CF_GM_3",
    "type": "mission_definition",
    "name": "Cleanse Sanguinist Sect",
    "description": "Optionally recruit one of the church's guards to assist",
    "goal": "MGOAL_ASSASSINATE",
    "difficulty": 10,
    "value": 30000,
    "has_generic_rewards": false,
    "start": {
      "assign_mission_target": {
        "om_terrain": "sanguine_holdout_1",
        "om_special": "sanguine_holdout",
        "om_terrain_replace": "forest",
        "reveal_radius": 3,
        "random": true,
        "cant_see": true,
        "range": [ 10, 90 ]
      },
      "update_mapgen": [
        {
          "om_terrain": "sanguine_holdout_b1",
          "om_special": "sanguine_holdout",
          "place_npcs": [ { "class": "sanguine_order_magus", "x": 14, "y": 12, "target": true, "add_trait": "MUTE" } ]
        }
      ]
    },
    "end": {
      "effect": [
        { "u_add_effect": "cf_mission_1", "duration": "PERMANENT" },
        { "npc_add_effect": "cf_mission_3", "duration": "PERMANENT" },
        { "u_buy_item": "CF_golden_scale", "count": 12 }
      ],
      "update_mapgen": [
        {
          "om_terrain": "cf_church_1",
          "om_special": "cf_rural_church",
          "mapgen_update_id": "cf_church_upgrade_GM_3_a",
          "place_npcs": [ { "class": "mage_hunter_guard", "x": 16, "y": 11 }, { "class": "mage_hunter_guard", "x": 7, "y": 5 } ]
        },
        {
          "om_terrain": "cf_church_2",
          "om_special": "cf_rural_church",
          "mapgen_update_id": "cf_church_upgrade_GM_3_b"
        },
        {
          "om_terrain": "cf_church_3",
          "om_special": "cf_rural_church",
          "mapgen_update_id": "cf_church_upgrade_GM_3_c"
        },
        {
          "om_terrain": "cf_church_4",
          "om_special": "cf_rural_church",
          "mapgen_update_id": "cf_church_upgrade_GM_3_d",
          "place_npcs": [ { "class": "mage_hunter_seeker", "x": 16, "y": 5 } ]
        }
      ]
    },
    "origins": [ "ORIGIN_SECONDARY" ],
    "followup": "MISSION_CF_GM_4",
    "dialogue": {
      "describe": "Grant us strength...",
      "offer": "We have evidence not only of a still-practicing group of sanguinists, but moreover confirmation of their most likely hideout.  You know what must be done.  Their sect will likely be centralized around a local magus, prioritizing them will reduce the threat even if their underlings escape justice.  Hunt them down, when you are prepared for the task.",
      "accepted": "God and gods willing, may you return safe and victorious.  This will be a dangerous task, and while we may be stretched thin, I will allow you to request assistance at your discretion.  We can spare at another hunter to the task.",
      "rejected": "I understand.  Come back when you are prepared.",
      "advice": "They will have pursued any advantage they could get their hands on.  Any weapon at their disposal, any foul magic, any corruption of body and soul.  Bring as many allies as you can muster to your cause, any weapon to suit you.",
      "inquire": "Have they been dealt with?",
      "success": "Thank the gods that you've returned safely!  May this serve as a warning to any who would further endanger humanity.  I hope that you will use proper discretion in dealing with any dangerous items you retrieved from that place.  While you were gone, one of our scouting missions made contact with a small holdout of our brethren, which should ease some of the workload here.  I may have more for you, even then.",
      "success_lie": "What idiocy is this?",
      "failure": "But how?"
    }
  },
  {
    "id": "MISSION_CF_GM_4",
    "//": "This missions is here so that I can expand on the mission chain later on without old saves being stuck.",
    "type": "mission_definition",
    "name": "Placeholder Mission",
    "goal": "MGOAL_KILL_MONSTER",
    "difficulty": 4,
    "value": 150000,
    "origins": [ "ORIGIN_SECONDARY" ],
    "dialogue": {
      "describe": "...",
      "offer": "...",
      "accepted": "...",
      "rejected": "...",
      "advice": "...",
      "inquire": "...",
      "success": "...",
      "success_lie": "...",
      "failure": "..."
    }
  }
]
