[
  {
    "id": "mon_alpha_razorclaw",
    "copy-from": "mon_alpha_razorclaw",
    "type": "MONSTER",
    "death_drops": "mon_alpha_razorclaw_death_drops"
  },
  {
    "id": "mon_ant_queen",
    "copy-from": "mon_ant_queen",
    "type": "MONSTER",
    "death_drops": "mon_ant_queen_death_drops"
  },
  {
    "id": "mon_ant_acid_queen",
    "copy-from": "mon_ant_acid_queen",
    "type": "MONSTER",
    "death_drops": "mon_ant_acid_queen_death_drops"
  },
  {
    "id": "mon_graboid",
    "copy-from": "mon_graboid",
    "type": "MONSTER",
    "death_drops": "mon_graboid_death_drops"
  },
  {
    "id": "mon_worm",
    "copy-from": "mon_worm",
    "type": "MONSTER",
    "death_drops": "mon_worm_death_drops"
  },
  {
    "id": "mon_cockatrice",
    "copy-from": "mon_cockatrice",
    "type": "MONSTER",
    "death_drops": "mon_cockatrice_death_drops"
  },
  {
    "id": "mon_sludge_crawler",
    "copy-from": "mon_sludge_crawler",
    "type": "MONSTER",
    "death_drops": "mon_sludge_crawler_death_drops"
  },
  {
    "id": "mon_zombie_shady",
    "copy-from": "mon_zombie_shady",
    "type": "MONSTER",
    "death_drops": "mon_zombie_shady_death_drops"
  },
  {
    "id": "mon_zombie_brute_ninja",
    "copy-from": "mon_zombie_brute_ninja",
    "type": "MONSTER",
    "death_drops": "mon_zombie_brute_ninja_death_drops"
  },
  {
    "id": "mon_zombie_fiend",
    "copy-from": "mon_zombie_fiend",
    "type": "MONSTER",
    "death_drops": "mon_zombie_fiend_death_drops"
  },
  {
    "id": "mon_zombie_scorched",
    "copy-from": "mon_zombie_scorched",
    "type": "MONSTER",
    "death_drops": "mon_zombie_scorched_death_drops"
  },
  {
    "id": "mon_zombie_necro",
    "copy-from": "mon_zombie_necro",
    "type": "MONSTER",
    "death_drops": "mon_zombie_necro_death_drops"
  },
  {
    "id": "mon_zombie_master",
    "copy-from": "mon_zombie_master",
    "type": "MONSTER",
    "death_drops": "mon_zombie_master_death_drops"
  },
  {
    "id": "mon_zombie_hollow",
    "copy-from": "mon_zombie_hollow",
    "type": "MONSTER",
    "death_drops": "mon_zombie_hollow_death_drops"
  },
  {
    "id": "mon_fleshy_shambler",
    "copy-from": "mon_fleshy_shambler",
    "type": "MONSTER",
    "death_drops": "mon_fleshy_shambler_death_drops"
  },
  {
    "id": "mon_flesh_golem",
    "copy-from": "mon_flesh_golem",
    "type": "MONSTER",
    "death_drops": "mon_flesh_golem_death_drops"
  },
  {
    "id": "mon_jabberwock",
    "copy-from": "mon_jabberwock",
    "type": "MONSTER",
    "death_drops": "mon_jabberwock_death_drops"
  },
  {
    "id": "mon_charred_nightmare",
    "copy-from": "mon_charred_nightmare",
    "type": "MONSTER",
    "death_drops": "mon_charred_nightmare_death_drops"
  },
  {
    "id": "mon_triffid",
    "copy-from": "mon_triffid",
    "type": "MONSTER",
    "death_drops": "mon_triffid_death_drops"
  },
  {
    "id": "mon_triffid_young",
    "copy-from": "mon_triffid_young",
    "type": "MONSTER",
    "death_drops": "mon_triffid_young_death_drops"
  },
  {
    "id": "mon_fungal_fighter",
    "copy-from": "mon_fungal_fighter",
    "type": "MONSTER",
    "death_drops": "mon_fungal_fighter_death_drops"
  },
  {
    "id": "mon_triffid_queen",
    "copy-from": "mon_triffid_queen",
    "type": "MONSTER",
    "death_drops": "mon_triffid_queen_death_drops"
  },
  {
    "id": "mon_creeper_hub",
    "copy-from": "mon_creeper_hub",
    "type": "MONSTER",
    "death_drops": "mon_creeper_hub_death_drops"
  },
  {
    "id": "mon_biollante",
    "copy-from": "mon_biollante",
    "type": "MONSTER",
    "death_drops": "mon_biollante_death_drops"
  },
  {
    "id": "mon_vinebeast",
    "copy-from": "mon_vinebeast",
    "type": "MONSTER",
    "death_drops": "mon_vinebeast_death_drops"
  },
  {
    "id": "mon_triffid_heart",
    "copy-from": "mon_triffid_heart",
    "type": "MONSTER",
    "death_drops": "mon_triffid_heart_death_drops"
  },
  {
    "id": "mon_fungaloid",
    "copy-from": "mon_fungaloid",
    "type": "MONSTER",
    "death_drops": "mon_fungaloid_death_drops"
  },
  {
    "id": "mon_fungaloid_young",
    "copy-from": "mon_fungaloid_young",
    "type": "MONSTER",
    "death_drops": "mon_fungaloid_young_death_drops"
  },
  {
    "id": "mon_fungaloid_queen",
    "copy-from": "mon_fungaloid_queen",
    "type": "MONSTER",
    "death_drops": "mon_fungaloid_queen_death_drops"
  },
  {
    "id": "mon_fungaloid_seeder",
    "copy-from": "mon_fungaloid_seeder",
    "type": "MONSTER",
    "death_drops": "mon_fungaloid_seeder_death_drops"
  },
  {
    "id": "mon_fungal_tendril",
    "copy-from": "mon_fungal_tendril",
    "type": "MONSTER",
    "death_drops": "mon_fungal_tendril_death_drops"
  },
  {
    "id": "mon_fungal_blossom",
    "copy-from": "mon_fungal_blossom",
    "type": "MONSTER",
    "death_drops": "mon_fungaloid_blossom_death_drops"
  },
  {
    "id": "mon_blob_brain",
    "copy-from": "mon_blob_brain",
    "type": "MONSTER",
    "death_drops": "mon_blob_brain_death_drops"
  },
  {
    "id": "mon_blob_large",
    "copy-from": "mon_blob_large",
    "type": "MONSTER",
    "death_drops": "mon_blob_large_death_drops"
  },
  {
    "id": "mon_blob",
    "copy-from": "mon_blob",
    "type": "MONSTER",
    "death_drops": "mon_blob_death_drops"
  },
  {
    "id": "mon_one_eye",
    "copy-from": "mon_one_eye",
    "type": "MONSTER",
    "death_drops": "mon_one_eye_death_drops"
  },
  {
    "id": "mon_crawler",
    "copy-from": "mon_crawler",
    "type": "MONSTER",
    "death_drops": "mon_crawler_death_drops"
  },
  {
    "id": "mon_rat_king",
    "copy-from": "mon_rat_king",
    "type": "MONSTER",
    "death_drops": "mon_rat_king_death_drops"
  },
  {
    "id": "mon_dermatik_larva",
    "copy-from": "mon_dermatik_larva",
    "type": "MONSTER",
    "death_drops": "mon_dermatik_larva_death_drops"
  },
  {
    "id": "mon_dermatik",
    "copy-from": "mon_dermatik",
    "type": "MONSTER",
    "death_drops": "mon_dermatik_death_drops"
  },
  {
    "id": "mon_dark_wyrm",
    "copy-from": "mon_dark_wyrm",
    "type": "MONSTER",
    "death_drops": "mon_dark_wyrm_death_drops"
  },
  {
    "id": "mon_amigara_horror",
    "copy-from": "mon_amigara_horror",
    "type": "MONSTER",
    "death_drops": "mon_amigara_horror_death_drops"
  },
  {
    "id": "mon_thing",
    "copy-from": "mon_thing",
    "type": "MONSTER",
    "death_drops": "mon_thing_death_drops"
  },
  {
    "id": "mon_human_snail",
    "copy-from": "mon_human_snail",
    "type": "MONSTER",
    "death_drops": "mon_human_snail_death_drops"
  },
  {
    "id": "mon_twisted_body",
    "copy-from": "mon_twisted_body",
    "type": "MONSTER",
    "death_drops": "mon_twisted_body_death_drops"
  },
  {
    "id": "mon_vortex",
    "copy-from": "mon_vortex",
    "type": "MONSTER",
    "//": "FFS why are they harmless",
    "melee_dice": 1,
    "melee_dice_sides": 4,
    "death_drops": "mon_vortex_death_drops"
  },
  {
    "id": "mon_flying_polyp",
    "copy-from": "mon_flying_polyp",
    "type": "MONSTER",
    "name": "flying polyp",
    "death_drops": "mon_flying_polyp_death_drops"
  },
  {
    "id": "mon_hunting_horror",
    "copy-from": "mon_hunting_horror",
    "type": "MONSTER",
    "name": "hunting horror",
    "death_drops": "mon_hunting_horror_death_drops"
  },
  {
    "id": "mon_mi_go",
    "copy-from": "mon_mi_go",
    "type": "MONSTER",
    "death_drops": "mon_mi_go_death_drops"
  },
  {
    "id": "mon_yugg",
    "copy-from": "mon_yugg",
    "type": "MONSTER",
    "death_drops": "mon_yugg_death_drops"
  },
  {
    "id": "mon_gelatin",
    "copy-from": "mon_gelatin",
    "type": "MONSTER",
    "death_drops": "mon_gelatin_death_drops"
  },
  {
    "id": "mon_flaming_eye",
    "copy-from": "mon_flaming_eye",
    "type": "MONSTER",
    "death_drops": "mon_flaming_eye_death_drops"
  },
  {
    "id": "mon_kreck",
    "copy-from": "mon_kreck",
    "type": "MONSTER",
    "death_drops": "mon_kreck_death_drops"
  },
  {
    "id": "mon_gracke",
    "copy-from": "mon_gracke",
    "type": "MONSTER",
    "death_drops": "mon_gracke_death_drops"
  },
  {
    "id": "mon_blank",
    "copy-from": "mon_blank",
    "type": "MONSTER",
    "death_drops": "mon_blank_death_drops"
  },
  {
    "id": "mon_gozu",
    "copy-from": "mon_gozu",
    "type": "MONSTER",
    "death_drops": "mon_gozu_death_drops"
  },
  {
    "id": "mon_shadow",
    "copy-from": "mon_shadow",
    "type": "MONSTER",
    "melee_damage": [ { "damage_type": "cold", "amount": 1, "armor_multiplier": 0.75 } ],
    "death_drops": "mon_shadow_death_drops"
  },
  {
    "id": "mon_darkman",
    "copy-from": "mon_darkman",
    "type": "MONSTER",
    "melee_damage": [ { "damage_type": "cold", "amount": 2, "armor_multiplier": 0.75 } ],
    "special_attacks": [ [ "DARKMAN", 30 ], [ "scratch", 15 ] ],
    "death_drops": "mon_darkman_death_drops"
  },
  {
    "id": "mon_breather_hub",
    "copy-from": "mon_breather_hub",
    "type": "MONSTER",
    "death_drops": "mon_breather_hub_death_drops"
  },
  {
    "id": "mon_breather",
    "copy-from": "mon_breather",
    "type": "MONSTER",
    "death_drops": "mon_breather_death_drops"
  },
  {
    "id": "mon_shadow_snake",
    "copy-from": "mon_shadow_snake",
    "melee_damage": [ { "damage_type": "cold", "amount": 2, "armor_multiplier": 0.75 } ],
    "type": "MONSTER",
    "death_drops": "mon_shadow_snake_death_drops"
  },
  {
    "id": "mon_shoggoth",
    "copy-from": "mon_shoggoth",
    "type": "MONSTER",
    "death_drops": "mon_shoggoth_death_drops"
  },
  {
    "id": "mon_dementia",
    "copy-from": "mon_dementia",
    "type": "MONSTER",
    "death_drops": "mon_dementia_death_drops"
  },
  {
    "id": "mon_homunculus",
    "copy-from": "mon_homunculus",
    "type": "MONSTER",
    "death_drops": "mon_homunculus_death_drops"
  },
  {
    "id": "mon_blood_sacrifice",
    "copy-from": "mon_blood_sacrifice",
    "type": "MONSTER",
    "death_drops": "mon_blood_sacrifice_death_drops"
  },
  {
    "id": "mon_flesh_angel",
    "copy-from": "mon_flesh_angel",
    "type": "MONSTER",
    "death_drops": "mon_flesh_angel_death_drops"
  },
  {
    "id": "mon_player_blob",
    "copy-from": "mon_player_blob",
    "type": "MONSTER",
    "death_drops": "mon_player_blob_death_drops"
  },
  {
    "id": "mon_shia",
    "copy-from": "mon_shia",
    "type": "MONSTER",
    "death_drops": "mon_shia_death_drops"
  },
  {
    "id": "mon_zombie_dancer",
    "copy-from": "mon_zombie_dancer",
    "type": "MONSTER",
    "death_drops": "mon_zombie_dancer_death_drops"
  },
  {
    "id": "mon_skeleton_hulk",
    "copy-from": "mon_skeleton_hulk",
    "type": "MONSTER",
    "death_drops": "mon_skeleton_hulk_death_drops"
  },
  {
    "id": "mon_zombie_nullfield",
    "copy-from": "mon_zombie_nullfield",
    "type": "MONSTER",
    "death_drops": "mon_zombie_nullfield_death_drops"
  },
  {
    "id": "mon_hound_tindalos",
    "copy-from": "mon_hound_tindalos",
    "//": "Only the real ones will drop essence, not afterimages.",
    "type": "MONSTER",
    "death_drops": "mon_hound_tindalos_death_drops"
  },
  {
    "id": "mon_devourer",
    "copy-from": "mon_devourer",
    "type": "MONSTER",
    "death_drops": "mon_devourer_death_drops"
  },
  {
    "id": "mon_skeleton_electric",
    "copy-from": "mon_skeleton_electric",
    "type": "MONSTER",
    "death_drops": "mon_skeleton_electric_death_drops"
  },
  {
    "id": "mon_skeleton_brute",
    "copy-from": "mon_skeleton_brute",
    "type": "MONSTER",
    "death_drops": "mon_skeleton_brute_death_drops"
  },
  {
    "id": "mon_spirit_of_fire",
    "type": "MONSTER",
    "name": "spirit of fire",
    "name_plural": "spirits of fire",
    "description": "A massive animated conflagration, crackling like burning logs as it moves.",
    "default_faction": "nether",
    "categories": [ "CLASSIC" ],
    "species": [ "HORROR" ],
    "//": "Intentionally much lighter than expected.",
    "volume": "483750 ml",
    "weight": 40750,
    "hp": 750,
    "speed": 120,
    "symbol": "&",
    "looks_like": "mon_zombie_brute_shocker",
    "color": "yellow",
    "aggression": 100,
    "morale": 500,
    "melee_skill": 6,
    "melee_dice": 3,
    "melee_dice_sides": 6,
    "melee_cut": 6,
    "dodge": 3,
    "armor_bash": 8,
    "armor_cut": 6,
    "vision_day": 50,
    "luminance": 200,
    "harvest": "exempt",
    "regenerates": 1,
    "special_attacks": [
      {
        "type": "gun",
        "cooldown": 10,
        "move_cost": 500,
        "gun_type": "monster_fire_fake",
        "ammo_type": "generic_no_ammo",
        "fake_str": 5,
        "fake_dex": 4,
        "fake_per": 6,
        "max_ammo": 1000,
        "ranges": [ [ 2, 5, "DEFAULT" ] ],
        "require_targeting_player": false,
        "description": "Wicked flames erupt from the spirit of fire!",
        "no_ammo_sound": "a distorted growl!"
      }
    ],
    "death_drops": "mon_spirit_of_fire_death_drops",
    "death_function": [ "MELT" ],
    "flags": [
      "NOHEAD",
      "HARDTOSHOOT",
      "WEBWALK",
      "FLIES",
      "FIREY",
      "WARM",
      "FIREPROOF",
      "SEES",
      "PATH_AVOID_DANGER_1",
      "PRIORITIZE_TARGETS"
    ]
  },
  {
    "id": "mon_moruboru",
    "type": "MONSTER",
    "name": "moruboru",
    "description": "A large plantlike creature with a gaping, toothy maw and numerous vines.  A hideous smell permeates the air around it.",
    "default_faction": "moruboru",
    "categories": [ "CLASSIC" ],
    "species": [ "ABERRATION" ],
    "volume": "92500 ml",
    "weight": 120000,
    "hp": 680,
    "speed": 90,
    "material": [ "veggy" ],
    "symbol": "M",
    "looks_like": "mon_triffid_queen",
    "color": "green",
    "aggression": 100,
    "morale": 200,
    "melee_skill": 8,
    "melee_dice": 3,
    "melee_dice_sides": 6,
    "melee_cut": 8,
    "dodge": 1,
    "armor_bash": 12,
    "armor_cut": 8,
    "emit_fields": [ "emit_toxic_leak" ],
    "harvest": "moruboru_harvest",
    "special_attacks": [ { "type": "bite", "cooldown": 5 }, [ "TENTACLE", 5 ] ],
    "death_drops": "mon_moruboru_death_drops",
    "death_function": [ "NORMAL" ],
    "flags": [ "HEARS", "SMELLS", "NOHEAD", "POISON", "NO_BREATHE", "PARALYZEVENOM", "PATH_AVOID_DANGER_2", "PRIORITIZE_TARGETS" ],
    "//": "Boss-level essence and an item"
  },
  {
    "id": "mon_archon",
    "type": "MONSTER",
    "name": "host of the archon",
    "description": "A tall, robed figure twisted into a mockery of the human form, brandishing a strange golden talisman.  You feel an otherworldly presence about it.",
    "default_faction": "archon",
    "categories": [ "CLASSIC" ],
    "species": [ "HORROR" ],
    "volume": "77500 ml",
    "weight": 81500,
    "hp": 750,
    "speed": 120,
    "material": [ "flesh" ],
    "symbol": "H",
    "looks_like": "mon_zombie_master",
    "color": "yellow",
    "aggression": 100,
    "morale": 100,
    "melee_skill": 9,
    "melee_dice": 2,
    "melee_dice_sides": 3,
    "melee_damage": [ { "damage_type": "cold", "amount": 4, "armor_multiplier": 0.1 } ],
    "melee_cut": 2,
    "dodge": 3,
    "armor_bash": 6,
    "armor_cut": 4,
    "vision_night": 25,
    "harvest": "human",
    "starting_ammo": { "bot_vortex": 6 },
    "special_attacks": [
      [ "FEAR_PARALYZE", 40 ],
      [ "GRENADIER_ELITE", 15 ],
      [ "PARROT", 25 ],
      {
        "type": "gun",
        "cooldown": 15,
        "move_cost": 50,
        "gun_type": "monster_lightning_fake",
        "ammo_type": "generic_no_ammo",
        "fake_str": 8,
        "fake_dex": 7,
        "fake_per": 9,
        "max_ammo": 1000,
        "ranges": [ [ 2, 12, "DEFAULT" ] ],
        "require_targeting_player": false,
        "description": "A beam of lightning arcs from the host of the archon's symbol of judgment!",
        "no_ammo_sound": "a horrific screech!"
      },
      {
        "type": "spell",
        "spell_id": "arcana_monster_archon_gaze",
        "cooldown": 10,
        "monster_message": "You briefly sense the otherworldly presence controlling the host, as it glares at %3$s."
      }
    ],
    "//": "Here, have some chalice-specific loot",
    "death_drops": "mon_archon_death_drops",
    "death_function": [ "NORMAL" ],
    "flags": [
      "ELECTRIC",
      "SEES",
      "HEARS",
      "SMELLS",
      "WARM",
      "HUMAN",
      "PATH_AVOID_DANGER_2",
      "CAN_OPEN_DOORS",
      "PRIORITIZE_TARGETS",
      "HARDTOSHOOT",
      "QUEEN",
      "NIGHT_INVISIBILITY"
    ]
  },
  {
    "id": "mon_dracolich",
    "type": "MONSTER",
    "name": "dracolich",
    "description": "A massive, reptilian creature with batlike wings.  Its decaying body looks like it was halfway through being dissected, and the membranes of its wings are in tatters.  You wonder how such a large beast could fly in the first place, let alone in that condition.",
    "default_faction": "nether",
    "species": [ "ABERRATION" ],
    "categories": [ "CLASSIC" ],
    "//": "Also has less mass than expected due to being in very poor shape.",
    "volume": "483750 ml",
    "weight": 120000,
    "hp": 990,
    "speed": 140,
    "material": [ "flesh" ],
    "symbol": "D",
    "looks_like": "mon_dragon",
    "color": "dkgray",
    "aggression": 75,
    "morale": 500,
    "melee_skill": 10,
    "melee_dice": 4,
    "melee_dice_sides": 8,
    "melee_cut": 3,
    "dodge": 2,
    "armor_bash": 12,
    "armor_cut": 8,
    "vision_day": 50,
    "vision_night": 30,
    "harvest": "dracolich_harvest",
    "special_attacks": [
      [ "FLESH_GOLEM", 5 ],
      { "type": "bite", "cooldown": 10 },
      {
        "type": "gun",
        "cooldown": 10,
        "move_cost": 500,
        "gun_type": "monster_fire_fake",
        "ammo_type": "generic_no_ammo",
        "fake_str": 9,
        "fake_dex": 3,
        "fake_per": 5,
        "max_ammo": 1000,
        "ranges": [ [ 2, 5, "DEFAULT" ] ],
        "require_targeting_player": false,
        "description": "Wicked flames erupt from the dracolich's mouth!",
        "no_ammo_sound": "a howl of feral anger!"
      }
    ],
    "death_drops": "mon_dracolich_death_drops",
    "death_function": [ "NORMAL" ],
    "flags": [
      "SEES",
      "SMELLS",
      "KEENNOSE",
      "HEARS",
      "WARM",
      "FIREPROOF",
      "FLIES",
      "POISON",
      "BLEED",
      "REVIVES",
      "NO_BREATHE",
      "PRIORITIZE_TARGETS"
    ]
  },
  {
    "id": "mon_dark_wyrm_summoned",
    "copy-from": "mon_dark_wyrm",
    "type": "MONSTER",
    "name": "summoned dark wyrm",
    "categories": [ "CLASSIC" ],
    "species": [ "NETHER" ],
    "weight": 150000,
    "mountable_weight_ratio": 0.9,
    "speed": 180,
    "path_settings": { "max_dist": 10 },
    "regenerates": 1,
    "special_attacks": [
      {
        "type": "bite",
        "cooldown": 20,
        "damage_max_instance": [ { "damage_type": "acid", "amount": 10, "armor_multiplier": 0.25 } ]
      }
    ],
    "death_function": [ "MELT" ],
    "death_drops": {  },
    "extend": { "flags": [ "SEES", "PATH_AVOID_DANGER_2", "PRIORITIZE_TARGETS", "PET_MOUNTABLE" ] },
    "delete": { "flags": [ "ACIDTRAIL", "SUNDEATH", "BASHES", "BORES" ] }
  },
  {
    "id": "mon_zombie_fiend_summoned",
    "copy-from": "mon_zombie_fiend",
    "type": "MONSTER",
    "name": "summoned fiend",
    "categories": [ "CLASSIC" ],
    "species": [ "NETHER" ],
    "melee_damage": [ { "damage_type": "heat", "amount": 2 } ],
    "path_settings": { "max_dist": 10 },
    "regenerates": 1,
    "death_function": [ "MELT" ],
    "death_drops": {  },
    "extend": { "flags": [ "PATH_AVOID_DANGER_2", "PRIORITIZE_TARGETS" ] },
    "delete": { "upgrades": { "half_life": 8, "into": "mon_zombie_brute" } }
  },
  {
    "id": "mon_jabberwock_summoned",
    "copy-from": "mon_jabberwock",
    "type": "MONSTER",
    "name": "summoned jabberwock",
    "weight": 250000,
    "mountable_weight_ratio": 0.9,
    "speed": 175,
    "categories": [ "CLASSIC" ],
    "species": [ "NETHER" ],
    "path_settings": { "max_dist": 10 },
    "regenerates": 1,
    "death_function": [ "MELT" ],
    "death_drops": {  },
    "extend": { "flags": [ "PATH_AVOID_DANGER_2", "PRIORITIZE_TARGETS", "PET_MOUNTABLE" ] },
    "delete": { "flags": [ "BASHES", "DESTROYS", "ATTACKMON" ] }
  },
  {
    "id": "mon_homunculus_summoned",
    "copy-from": "mon_homunculus",
    "type": "MONSTER",
    "name": "summoned homunculus",
    "categories": [ "CLASSIC" ],
    "species": [ "NETHER" ],
    "path_settings": { "max_dist": 10 },
    "special_attacks": [ [ "SMASH", 25 ] ],
    "regenerates": 1,
    "death_function": [ "MELT" ],
    "death_drops": {  },
    "extend": { "flags": [ "PATH_AVOID_DANGER_2", "PRIORITIZE_TARGETS" ] },
    "delete": { "flags": [ "BASHES", "GROUP_BASH" ] }
  },
  {
    "id": "mon_thing_summoned",
    "copy-from": "mon_thing",
    "type": "MONSTER",
    "name": "summoned thing",
    "weight": 150000,
    "mountable_weight_ratio": 0.9,
    "speed": 200,
    "categories": [ "CLASSIC" ],
    "path_settings": { "max_dist": 10 },
    "regenerates": 1,
    "death_drops": {  },
    "special_attacks": [ [ "RANGED_PULL", 20 ], [ "LUNGE", 10 ] ],
    "extend": { "flags": [ "SEES", "PATH_AVOID_DANGER_2", "PRIORITIZE_TARGETS", "PET_MOUNTABLE" ] },
    "delete": { "flags": [ "BASHES", "GROUP_BASH", "ATTACKMON" ] }
  },
  {
    "id": "mon_dog_skeleton_summoned",
    "copy-from": "mon_dog_skeleton",
    "type": "MONSTER",
    "name": "summoned skeletal dog",
    "categories": [ "CLASSIC" ],
    "species": [ "NETHER" ],
    "speed": 150,
    "mountable_weight_ratio": 0.9,
    "path_settings": { "max_dist": 10 },
    "regenerates": 1,
    "death_function": [ "MELT" ],
    "death_drops": {  },
    "extend": { "flags": [ "PATH_AVOID_DANGER_2", "PRIORITIZE_TARGETS", "CANPLAY", "PET_HARNESSABLE" ] }
  },
  {
    "id": "mon_skeleton_summoned",
    "copy-from": "mon_skeleton",
    "type": "MONSTER",
    "name": "summoned skeleton",
    "categories": [ "CLASSIC" ],
    "species": [ "NETHER" ],
    "hp": 50,
    "speed": 80,
    "path_settings": { "max_dist": 10 },
    "regenerates": 1,
    "attack_effs": [ { "id": "stunned", "duration": 5, "chance": 30 } ],
    "death_function": [ "MELT" ],
    "death_drops": {  },
    "extend": { "flags": [ "PATH_AVOID_DANGER_2", "PRIORITIZE_TARGETS" ] },
    "delete": { "upgrades": { "half_life": 15, "into": "mon_skeleton_hulk" } }
  },
  {
    "id": "mon_vortex_summoned",
    "copy-from": "mon_vortex",
    "type": "MONSTER",
    "name": "summoned vortex",
    "categories": [ "CLASSIC" ],
    "species": [ "NETHER", "UNKNOWN" ],
    "path_settings": { "max_dist": 10 },
    "death_drops": {  },
    "speed": 90,
    "melee_skill": 4,
    "vision_day": 25,
    "vision_night": 2,
    "luminance": 60,
    "melee_damage": [ { "damage_type": "cold", "amount": 10 } ],
    "regenerates": 10,
    "extend": { "flags": [ "SEES", "ELECTRIC", "PATH_AVOID_DANGER_2", "PRIORITIZE_TARGETS" ] },
    "delete": { "flags": [ "STUMBLES" ] }
  },
  {
    "id": "mon_yugg_summoned",
    "copy-from": "mon_yugg",
    "type": "MONSTER",
    "name": "summoned yugg",
    "categories": [ "CLASSIC" ],
    "weight": 200000,
    "mountable_weight_ratio": 0.9,
    "speed": 150,
    "path_settings": { "max_dist": 10 },
    "regenerates": 1,
    "special_attacks": [
      {
        "type": "spell",
        "spell_id": "arcana_monster_dart_yugg",
        "cooldown": 20,
        "monster_message": "The summoned yugg fires a dart at %3$s!"
      }
    ],
    "death_function": [ "MELT" ],
    "death_drops": {  },
    "extend": { "flags": [ "PATH_AVOID_DANGER_2", "PRIORITIZE_TARGETS", "PET_MOUNTABLE" ] },
    "delete": { "flags": [ "BASHES", "DESTROYS", "DIGS" ] }
  },
  {
    "id": "mon_kreck_summoned",
    "copy-from": "mon_kreck",
    "type": "MONSTER",
    "name": "summoned kreck",
    "categories": [ "CLASSIC" ],
    "mountable_weight_ratio": 0.9,
    "speed": 150,
    "vision_day": 50,
    "vision_night": 50,
    "death_drops": {  },
    "special_attacks": [ { "type": "bite", "cooldown": 15 } ],
    "regenerates": 1,
    "extend": { "flags": [ "PATH_AVOID_DANGER_2", "PRIORITIZE_TARGETS", "CANPLAY", "PET_HARNESSABLE" ] },
    "delete": { "flags": [ "BASHES" ] }
  },
  {
    "id": "mon_triffid_summoned",
    "copy-from": "mon_triffid",
    "type": "MONSTER",
    "name": "summoned triffid",
    "categories": [ "CLASSIC" ],
    "mountable_weight_ratio": 0.9,
    "speed": 125,
    "species": [ "NETHER" ],
    "path_settings": { "max_dist": 10 },
    "regenerates": 1,
    "death_function": [ "MELT" ],
    "death_drops": {  },
    "special_attacks": [
      { "type": "bite", "cooldown": 10 },
      {
        "type": "spell",
        "spell_id": "arcana_monster_dart_triffid",
        "cooldown": 5,
        "monster_message": "The summoned triffid fires a dart at %3$s!"
      }
    ],
    "extend": { "flags": [ "VENOM", "PATH_AVOID_DANGER_2", "PRIORITIZE_TARGETS", "PET_HARNESSABLE" ] },
    "delete": { "flags": [ "BASHES", "GROUP_BASH" ] }
  },
  {
    "id": "mon_flesh_angel_summoned",
    "copy-from": "mon_flesh_angel",
    "type": "MONSTER",
    "name": "summoned flesh angel",
    "categories": [ "CLASSIC" ],
    "species": [ "NETHER" ],
    "path_settings": { "max_dist": 10 },
    "regenerates": 1,
    "death_function": [ "MELT" ],
    "death_drops": {  },
    "special_attacks": [ { "type": "bite", "cooldown": 5 } ],
    "extend": { "flags": [ "PATH_AVOID_DANGER_2", "PRIORITIZE_TARGETS" ] },
    "delete": { "flags": [ "ATTACKMON" ] }
  },
  {
    "id": "mon_hunting_horror_summoned",
    "copy-from": "mon_hunting_horror",
    "type": "MONSTER",
    "name": "summoned hunting horror",
    "categories": [ "CLASSIC" ],
    "path_settings": { "max_dist": 10 },
    "regenerates": 1,
    "vision_day": 50,
    "vision_night": 50,
    "death_drops": {  },
    "extend": { "flags": [ "PATH_AVOID_DANGER_2", "PRIORITIZE_TARGETS" ] },
    "delete": { "flags": [ "SUNDEATH" ] }
  },
  {
    "id": "mon_mi_go_summoned",
    "copy-from": "mon_mi_go",
    "type": "MONSTER",
    "name": "summoned mi-go",
    "categories": [ "CLASSIC" ],
    "mountable_weight_ratio": 0.9,
    "path_settings": { "max_dist": 10 },
    "regenerates": 1,
    "death_function": [ "MELT" ],
    "special_attacks": [ { "id": "scratch", "damage_max_instance": [ { "damage_type": "cut", "amount": 23, "armor_multiplier": 0.8 } ] } ],
    "death_drops": {  },
    "extend": { "flags": [ "PET_HARNESSABLE" ] },
    "delete": { "flags": [ "BASHES" ] }
  },
  {
    "id": "mon_flying_polyp_summoned",
    "copy-from": "mon_flying_polyp",
    "type": "MONSTER",
    "name": "summoned flying polyp",
    "categories": [ "CLASSIC" ],
    "path_settings": { "max_dist": 10 },
    "regenerates": 1,
    "vision_day": 50,
    "vision_night": 50,
    "death_drops": {  },
    "special_attacks": [ { "type": "bite", "cooldown": 20, "damage_max_instance": [ { "damage_type": "cold", "amount": 20 } ] } ],
    "extend": { "flags": [ "SEES", "PATH_AVOID_DANGER_2", "PRIORITIZE_TARGETS" ] },
    "delete": { "flags": [ "BASHES", "ATTACKMON" ] }
  },
  {
    "id": "mon_shoggoth_summoned",
    "copy-from": "mon_shoggoth",
    "type": "MONSTER",
    "name": "summoned shoggoth",
    "categories": [ "CLASSIC" ],
    "mountable_weight_ratio": 0.9,
    "speed": 200,
    "path_settings": { "max_dist": 10 },
    "regenerates": 5,
    "death_drops": {  },
    "extend": { "flags": [ "PATH_AVOID_DANGER_2", "PRIORITIZE_TARGETS", "PET_HARNESSABLE" ] },
    "delete": { "flags": [ "ABSORBS_SPLITS" ] }
  },
  {
    "id": "mon_shadow_summoned",
    "copy-from": "mon_shadow",
    "type": "MONSTER",
    "name": "summoned shadow",
    "categories": [ "CLASSIC" ],
    "mountable_weight_ratio": 0.9,
    "speed": 80,
    "melee_dice_sides": 4,
    "melee_damage": [ { "damage_type": "cold", "amount": 2, "armor_multiplier": 0.1 } ],
    "vision_day": 2,
    "vision_night": 50,
    "path_settings": { "max_dist": 10 },
    "regenerates_in_dark": true,
    "death_drops": {  },
    "death_function": [ "MELT" ],
    "special_attacks": [ [ "PARROT", 900 ] ],
    "extend": { "flags": [ "PATH_AVOID_DANGER_2", "PRIORITIZE_TARGETS" ] },
    "delete": { "flags": [ "SUNDEATH", "HEARS", "GOODHEARING", "SMELLS", "HIT_AND_RUN", "ELECTRIC" ] }
  },
  {
    "id": "mon_shadow_snake_summoned",
    "copy-from": "mon_shadow_snake",
    "type": "MONSTER",
    "name": "summoned shadow snake",
    "categories": [ "CLASSIC" ],
    "speed": 85,
    "death_drops": {  },
    "death_function": [ "MELT" ],
    "melee_damage": [ { "damage_type": "cold", "amount": 3, "armor_multiplier": 0.1 } ],
    "vision_day": 2,
    "vision_night": 50,
    "path_settings": { "max_dist": 10 },
    "regenerates_in_dark": true,
    "special_attacks": [ [ "PARROT", 900 ] ],
    "extend": { "flags": [ "PATH_AVOID_DANGER_2", "PRIORITIZE_TARGETS" ] },
    "delete": { "flags": [ "SUNDEATH", "SMELLS" ] }
  },
  {
    "id": "mon_centipede_giant_summoned",
    "copy-from": "mon_centipede_giant",
    "type": "MONSTER",
    "name": "summoned giant centipede",
    "path_settings": { "max_dist": 10 },
    "regenerates": 1,
    "death_drops": {  },
    "death_function": [ "MELT" ],
    "extend": { "flags": [ "PATH_AVOID_DANGER_2", "PRIORITIZE_TARGETS" ] }
  }
]
