[
  {
    "type": "item_group",
    "id": "mon_alpha_razorclaw_death_drops",
    "subtype": "collection",
    "entries": [ { "item": "essence", "count": [ 2, 5 ] } ]
  },
  {
    "type": "item_group",
    "id": "mon_ant_queen_death_drops",
    "subtype": "collection",
    "entries": [ { "item": "essence", "count": [ 2, 5 ], "prob": 25 } ]
  },
  {
    "type": "item_group",
    "id": "mon_ant_acid_queen_death_drops",
    "subtype": "collection",
    "entries": [ { "item": "essence", "count": [ 2, 5 ], "prob": 25 } ]
  },
  {
    "type": "item_group",
    "id": "mon_graboid_death_drops",
    "subtype": "collection",
    "entries": [ { "item": "graboid_fang", "prob": 90 }, { "item": "essence", "prob": 50 } ]
  },
  {
    "type": "item_group",
    "id": "mon_worm_death_drops",
    "subtype": "collection",
    "entries": [ { "item": "graboid_fang", "prob": 15 }, { "item": "essence", "prob": 25 } ]
  },
  {
    "type": "item_group",
    "id": "mon_cockatrice_death_drops",
    "subtype": "collection",
    "entries": [ { "item": "monster_tear", "prob": 5 }, { "item": "essence", "prob": 5 } ]
  },
  {
    "type": "item_group",
    "id": "mon_sludge_crawler_death_drops",
    "subtype": "collection",
    "entries": [ { "item": "essence", "prob": 10 } ]
  },
  {
    "type": "item_group",
    "id": "mon_zombie_shady_death_drops",
    "subtype": "collection",
    "entries": [
      { "group": "default_zombie_death_drops" },
      { "item": "shadow_gem", "prob": 10 },
      { "item": "essence_blood", "count": [ 1, 3 ], "prob": 25 }
    ]
  },
  {
    "type": "item_group",
    "id": "mon_zombie_thorn_death_drops",
    "//": "Adds to existing group",
    "subtype": "collection",
    "entries": [ { "item": "triffid_queen_flower", "prob": 20 }, { "item": "essence_blood", "count": [ 1, 3 ], "prob": 25 } ]
  },
  {
    "type": "item_group",
    "id": "mon_zombie_brute_ninja_death_drops",
    "subtype": "collection",
    "entries": [
      { "group": "default_zombie_death_drops" },
      { "item": "shadow_gem", "prob": 25 },
      { "item": "essence_blood", "count": [ 1, 3 ] }
    ]
  },
  {
    "type": "item_group",
    "id": "mon_zombie_fiend_death_drops",
    "subtype": "collection",
    "entries": [ { "item": "iridescent_plate", "prob": 10 }, { "item": "essence_blood", "count": [ 1, 3 ], "prob": 10 } ]
  },
  {
    "type": "item_group",
    "id": "mon_zombie_scorched_death_drops",
    "subtype": "collection",
    "entries": [ { "item": "iridescent_plate", "prob": 25 }, { "item": "essence_blood", "count": [ 1, 3 ], "prob": 10 } ]
  },
  {
    "type": "item_group",
    "id": "mon_zombie_necro_death_drops",
    "subtype": "collection",
    "entries": [ { "group": "default_zombie_death_drops" }, { "group": "strange_zombie_death_drops" } ]
  },
  {
    "type": "item_group",
    "id": "mon_zombie_master_death_drops",
    "subtype": "collection",
    "entries": [ { "group": "default_zombie_death_drops" }, { "group": "strange_zombie_death_drops" } ]
  },
  {
    "type": "item_group",
    "id": "mon_zombie_hollow_death_drops",
    "subtype": "collection",
    "entries": [ { "item": "essence_blood", "count": [ 1, 3 ], "prob": 30 } ]
  },
  {
    "type": "item_group",
    "id": "mon_fleshy_shambler_death_drops",
    "subtype": "collection",
    "entries": [ { "group": "arcana_hunt_random", "prob": 25 }, { "item": "essence_blood", "count": [ 1, 3 ], "prob": 25 } ]
  },
  {
    "type": "item_group",
    "id": "mon_flesh_golem_death_drops",
    "subtype": "collection",
    "entries": [ { "group": "arcana_hunt_random", "prob": 50 }, { "item": "essence_blood", "count": [ 1, 3 ], "prob": 50 } ]
  },
  {
    "type": "item_group",
    "id": "mon_jabberwock_death_drops",
    "subtype": "collection",
    "//": "Blood essence, plus a completely random monsterpart.  Could be from some unlucky part of the body assembly, or from something it hunted.",
    "entries": [ { "group": "arcana_hunt_random" }, { "item": "essence_blood", "count": [ 1, 3 ] } ]
  },
  {
    "id": "mon_charred_nightmare_death_drops",
    "type": "item_group",
    "subtype": "collection",
    "entries": [
      { "group": "vault_wanderer" },
      { "group": "essence_blood", "prob": 10 },
      {
        "distribution": [
          { "group": "magic_tools", "prob": 1, "damage-min": 1, "damage-max": 4 },
          { "group": "magic_items", "prob": 2, "damage-min": 1, "damage-max": 4 },
          { "group": "magic_consumables", "prob": 3 },
          { "group": "magic_books", "prob": 4 }
        ],
        "prob": 1
      }
    ]
  },
  {
    "type": "item_group",
    "id": "mon_triffid_death_drops",
    "subtype": "collection",
    "entries": [ { "item": "essence", "prob": 10 } ]
  },
  {
    "type": "item_group",
    "id": "mon_triffid_young_death_drops",
    "subtype": "collection",
    "entries": [ { "item": "essence", "prob": 5 } ]
  },
  {
    "type": "item_group",
    "id": "mon_fungal_fighter_death_drops",
    "subtype": "collection",
    "entries": [ { "group": "fungal_sting", "prob": 85 }, { "item": "essence", "prob": 50 } ]
  },
  {
    "type": "item_group",
    "id": "mon_triffid_queen_death_drops",
    "subtype": "collection",
    "entries": [ { "item": "triffid_queen_flower", "prob": 80 }, { "item": "essence", "prob": 25 } ]
  },
  {
    "type": "item_group",
    "id": "mon_creeper_hub_death_drops",
    "subtype": "collection",
    "entries": [ { "item": "essence", "prob": 15 } ]
  },
  {
    "type": "item_group",
    "id": "mon_biollante_death_drops",
    "subtype": "collection",
    "entries": [ { "group": "biollante", "prob": 80 }, { "item": "essence", "prob": 15 } ]
  },
  {
    "type": "item_group",
    "id": "mon_vinebeast_death_drops",
    "subtype": "collection",
    "entries": [ { "item": "essence", "prob": 10 } ]
  },
  {
    "type": "item_group",
    "id": "mon_triffid_heart_death_drops",
    "subtype": "collection",
    "entries": [ { "item": "essence", "count": [ 2, 5 ] } ]
  },
  {
    "type": "item_group",
    "id": "mon_fungaloid_death_drops",
    "subtype": "collection",
    "entries": [ { "item": "essence", "prob": 10 } ]
  },
  {
    "type": "item_group",
    "id": "mon_fungaloid_young_death_drops",
    "subtype": "collection",
    "entries": [ { "item": "essence", "prob": 5 } ]
  },
  {
    "type": "item_group",
    "id": "mon_fungaloid_queen_death_drops",
    "subtype": "collection",
    "entries": [ { "item": "essence", "count": [ 2, 5 ] } ]
  },
  {
    "type": "item_group",
    "id": "mon_fungaloid_seeder_death_drops",
    "subtype": "collection",
    "entries": [ { "item": "essence", "count": [ 2, 5 ] } ]
  },
  {
    "type": "item_group",
    "id": "mon_fungal_tendril_death_drops",
    "subtype": "collection",
    "entries": [ { "item": "dermatik_sting", "prob": 10 }, { "item": "essence", "prob": 5 } ]
  },
  {
    "type": "item_group",
    "id": "mon_fungaloid_blossom_death_drops",
    "subtype": "collection",
    "entries": [ { "item": "essence", "prob": 25 } ]
  },
  {
    "type": "item_group",
    "id": "mon_blob_brain_death_drops",
    "subtype": "collection",
    "entries": [ { "item": "blob_gem" }, { "item": "essence", "count": [ 2, 5 ] } ]
  },
  {
    "type": "item_group",
    "id": "mon_blob_large_death_drops",
    "subtype": "collection",
    "entries": [ { "item": "blob_gem", "prob": 10 }, { "item": "essence", "prob": 10, "count": [ 1, 3 ] } ]
  },
  {
    "type": "item_group",
    "id": "mon_blob_death_drops",
    "subtype": "collection",
    "entries": [ { "item": "blob_gem", "prob": 5 }, { "item": "essence", "prob": 5, "count": [ 1, 3 ] } ]
  },
  {
    "type": "item_group",
    "id": "mon_one_eye_death_drops",
    "subtype": "collection",
    "entries": [
      { "item": "monster_tear", "prob": 10 },
      { "item": "essence", "prob": 15 },
      { "group": "subway", "prob": 40 },
      { "group": "sewer", "prob": 20 },
      { "group": "trash", "prob": 5 },
      { "group": "bedroom", "prob": 1 },
      { "group": "dresser", "prob": 5 },
      { "group": "ammo", "prob": 18 }
    ]
  },
  {
    "type": "item_group",
    "id": "mon_crawler_death_drops",
    "subtype": "collection",
    "entries": [ { "item": "bone_twisted", "prob": 5 }, { "item": "essence", "prob": 15 } ]
  },
  {
    "type": "item_group",
    "id": "mon_rat_king_death_drops",
    "subtype": "collection",
    "entries": [ { "item": "bone_twisted", "prob": 50 }, { "item": "essence", "prob": 75 } ]
  },
  {
    "type": "item_group",
    "id": "mon_dermatik_larva_death_drops",
    "subtype": "collection",
    "entries": [ { "item": "dermatik_sting", "prob": 10 }, { "item": "essence", "prob": 5 } ]
  },
  {
    "type": "item_group",
    "id": "mon_dermatik_death_drops",
    "subtype": "collection",
    "entries": [ { "item": "dermatik_sting", "prob": 75 }, { "item": "essence", "prob": 10 } ]
  },
  {
    "type": "item_group",
    "id": "mon_dark_wyrm_death_drops",
    "subtype": "collection",
    "entries": [
      { "item": "wyrmskin_piece", "prob": 90 },
      { "item": "graboid_fang", "prob": 30 },
      { "item": "essence", "prob": 25, "count": [ 1, 3 ] }
    ]
  },
  {
    "type": "item_group",
    "id": "mon_amigara_horror_death_drops",
    "subtype": "collection",
    "entries": [
      { "item": "bone_twisted" },
      { "item": "engraved_stone", "prob": 25 },
      { "item": "essence", "prob": 25, "count": [ 1, 3 ] }
    ]
  },
  {
    "type": "item_group",
    "id": "mon_thing_death_drops",
    "subtype": "collection",
    "entries": [
      { "item": "monster_fang", "prob": 90 },
      { "item": "bone_twisted", "prob": 20 },
      { "item": "essence", "prob": 25, "count": [ 1, 3 ] }
    ]
  },
  {
    "type": "item_group",
    "id": "mon_human_snail_death_drops",
    "subtype": "collection",
    "entries": [ { "item": "iridescent_plate", "prob": 25 }, { "item": "essence", "prob": 25, "count": [ 1, 3 ] } ]
  },
  {
    "type": "item_group",
    "id": "mon_twisted_body_death_drops",
    "subtype": "collection",
    "entries": [
      { "item": "bone_twisted", "prob": 75 },
      { "item": "vortex_shard", "prob": 10 },
      { "item": "essence", "prob": 25, "count": [ 1, 3 ] }
    ]
  },
  {
    "type": "item_group",
    "id": "mon_vortex_death_drops",
    "subtype": "collection",
    "entries": [ { "item": "vortex_shard", "prob": 50 }, { "item": "essence", "prob": 25, "count": [ 1, 3 ] } ]
  },
  {
    "type": "item_group",
    "id": "mon_flying_polyp_death_drops",
    "subtype": "collection",
    "entries": [
      { "item": "monster_fang", "prob": 90 },
      { "item": "vortex_shard", "prob": 10 },
      { "item": "essence", "prob": 50, "count": [ 1, 3 ] }
    ]
  },
  {
    "type": "item_group",
    "id": "mon_hunting_horror_death_drops",
    "subtype": "collection",
    "entries": [ { "item": "monster_fang", "prob": 75 }, { "item": "essence", "prob": 50, "count": [ 1, 3 ] } ]
  },
  {
    "type": "item_group",
    "id": "mon_mi_go_death_drops",
    "//": "All advanced variants drop plates at higher rate, versions with slaver beam additionally drop essence at higher rate.",
    "subtype": "collection",
    "entries": [ { "item": "iridescent_plate", "prob": 40 }, { "item": "essence", "prob": 30, "count": [ 1, 3 ] } ]
  },
  {
    "type": "item_group",
    "id": "mon_mi_go_slaver_death_drops",
    "subtype": "collection",
    "entries": [ { "item": "iridescent_plate", "prob": 60 }, { "item": "essence", "prob": 50, "count": [ 1, 3 ] } ]
  },
  {
    "type": "item_group",
    "id": "mon_mi_go_surgeon_death_drops",
    "subtype": "collection",
    "entries": [ { "item": "iridescent_plate", "prob": 60 }, { "item": "essence", "prob": 30, "count": [ 1, 3 ] } ]
  },
  {
    "type": "item_group",
    "id": "mon_mi_go_guard_death_drops",
    "subtype": "collection",
    "entries": [ { "item": "iridescent_plate", "prob": 60 }, { "item": "essence", "prob": 50, "count": [ 1, 3 ] } ]
  },
  {
    "type": "item_group",
    "id": "mon_mi_go_myrmidon_death_drops",
    "subtype": "collection",
    "entries": [ { "item": "iridescent_plate", "prob": 60 }, { "item": "essence", "prob": 50, "count": [ 1, 3 ] } ]
  },
  {
    "type": "item_group",
    "id": "mon_yugg_death_drops",
    "subtype": "collection",
    "entries": [
      { "item": "wyrmskin_piece" },
      { "item": "dermatik_sting", "prob": 50 },
      { "item": "essence", "prob": 50, "count": [ 1, 3 ] }
    ]
  },
  {
    "type": "item_group",
    "id": "mon_gelatin_death_drops",
    "subtype": "collection",
    "entries": [ { "item": "blob_gem", "prob": 50 }, { "item": "essence", "prob": 50, "count": [ 1, 3 ] } ]
  },
  {
    "type": "item_group",
    "id": "mon_flaming_eye_death_drops",
    "subtype": "collection",
    "entries": [ { "item": "monster_tear", "prob": 90 }, { "item": "essence", "count": [ 1, 3 ] } ]
  },
  {
    "type": "item_group",
    "id": "mon_kreck_death_drops",
    "subtype": "collection",
    "entries": [ { "item": "monster_fang", "prob": 25 }, { "item": "essence", "prob": 30, "count": [ 1, 3 ] } ]
  },
  {
    "type": "item_group",
    "id": "mon_gracke_death_drops",
    "subtype": "collection",
    "entries": [ { "item": "gracken_knuckles", "prob": 90 }, { "item": "essence", "prob": 50, "count": [ 1, 3 ] } ]
  },
  {
    "type": "item_group",
    "id": "mon_blank_death_drops",
    "subtype": "collection",
    "entries": [ { "item": "monster_tear", "prob": 45 }, { "item": "essence", "prob": 50, "count": [ 1, 3 ] } ]
  },
  {
    "type": "item_group",
    "id": "mon_gozu_death_drops",
    "subtype": "collection",
    "entries": [ { "item": "gracken_knuckles", "prob": 45 }, { "item": "essence", "prob": 50, "count": [ 1, 3 ] } ]
  },
  {
    "type": "item_group",
    "id": "mon_shadow_death_drops",
    "subtype": "collection",
    "entries": [ { "item": "shadow_gem", "prob": 1 }, { "item": "essence", "prob": 1 } ]
  },
  {
    "type": "item_group",
    "id": "mon_darkman_death_drops",
    "subtype": "collection",
    "entries": [ { "item": "shadow_gem" }, { "item": "essence", "count": [ 1, 3 ] } ]
  },
  {
    "type": "item_group",
    "id": "mon_breather_hub_death_drops",
    "subtype": "collection",
    "entries": [ { "item": "blob_gem" }, { "item": "essence", "count": [ 1, 3 ] } ]
  },
  {
    "type": "item_group",
    "id": "mon_breather_death_drops",
    "subtype": "collection",
    "entries": [ { "item": "essence", "prob": 1 } ]
  },
  {
    "type": "item_group",
    "id": "mon_shadow_snake_death_drops",
    "subtype": "collection",
    "entries": [ { "item": "shadow_gem", "prob": 1 }, { "item": "essence", "prob": 1 } ]
  },
  {
    "type": "item_group",
    "id": "mon_shoggoth_death_drops",
    "subtype": "collection",
    "entries": [ { "item": "engraved_stone" }, { "item": "blob_gem", "prob": 25 }, { "item": "essence", "count": [ 1, 3 ] } ]
  },
  {
    "id": "mon_dementia_death_drops",
    "type": "item_group",
    "subtype": "collection",
    "entries": [
      { "group": "default_zombie_death_drops" },
      { "item": "essence_blood", "prob": 50, "count": [ 1, 3 ] },
      { "group": "magic_tools", "prob": 1, "damage-min": 1, "damage-max": 4 },
      { "group": "magic_items", "prob": 2, "damage-min": 1, "damage-max": 4 },
      { "group": "magic_consumables", "prob": 3 },
      { "group": "magic_books", "prob": 25 }
    ]
  },
  {
    "id": "mon_homunculus_death_drops",
    "type": "item_group",
    "subtype": "collection",
    "entries": [
      { "item": "engraved_stone", "prob": 25 },
      { "item": "essence" },
      { "group": "magic_tools", "prob": 4, "damage-min": 1, "damage-max": 4 },
      { "group": "magic_items", "prob": 8, "damage-min": 1, "damage-max": 4 },
      { "group": "magic_consumables", "prob": 12 },
      { "group": "magic_books", "prob": 16 }
    ]
  },
  {
    "id": "mon_blood_sacrifice_death_drops",
    "type": "item_group",
    "subtype": "collection",
    "entries": [
      { "group": "default_zombie_clothes" },
      { "item": "monster_tear", "prob": 25 },
      { "item": "essence_blood", "prob": 50, "count": [ 1, 3 ] }
    ]
  },
  {
    "id": "mon_flesh_angel_death_drops",
    "type": "item_group",
    "subtype": "collection",
    "entries": [
      { "group": "default_zombie_clothes" },
      { "item": "engraved_stone", "prob": 50 },
      { "group": "essence" },
      { "group": "magic_tools", "prob": 5, "damage-min": 1, "damage-max": 4 },
      { "group": "magic_items", "prob": 10, "damage-min": 1, "damage-max": 4 },
      { "group": "magic_consumables", "prob": 15 },
      { "group": "magic_books", "prob": 20 }
    ]
  },
  {
    "type": "item_group",
    "id": "mon_player_blob_death_drops",
    "subtype": "collection",
    "entries": [ { "item": "essence_blood", "prob": 10 } ]
  },
  {
    "id": "mon_shia_death_drops",
    "type": "item_group",
    "subtype": "collection",
    "entries": [
      { "group": "shia_stuff" },
      { "item": "essence_blood", "prob": 50, "count": [ 1, 3 ] },
      { "group": "magic_tools", "prob": 1, "damage-min": 1, "damage-max": 4 },
      { "group": "magic_items", "prob": 2, "damage-min": 1, "damage-max": 4 },
      { "group": "magic_consumables", "prob": 3 },
      { "group": "magic_books", "prob": 4 }
    ]
  },
  {
    "type": "item_group",
    "id": "mon_zombie_dancer_death_drops",
    "subtype": "collection",
    "entries": [ { "group": "mon_zombie_hulk_death_drops" }, { "item": "essence", "prob": 75, "count": [ 1, 3 ] } ]
  },
  {
    "type": "item_group",
    "id": "mon_skeleton_electric_death_drops",
    "subtype": "collection",
    "entries": [
      { "group": "default_zombie_clothes" },
      {
        "distribution": [
          { "item": "vortex_shard", "prob": 50 },
          { "item": "blob_gem", "prob": 50 },
          { "item": "gracken_knuckles", "prob": 25 },
          { "item": "bone_twisted", "prob": 15 },
          { "item": "iridescent_plate", "prob": 10 }
        ],
        "prob": 10
      },
      { "item": "essence_blood", "prob": 10, "count": [ 1, 3 ] }
    ]
  },
  {
    "type": "item_group",
    "id": "mon_skeleton_brute_death_drops",
    "subtype": "collection",
    "entries": [
      { "group": "default_zombie_clothes" },
      {
        "distribution": [
          { "item": "gracken_knuckles", "prob": 50 },
          { "item": "bone_twisted", "prob": 40 },
          { "item": "iridescent_plate", "prob": 10 }
        ],
        "prob": 10
      },
      { "item": "essence_blood", "prob": 10, "count": [ 1, 3 ] }
    ]
  },
  {
    "type": "item_group",
    "id": "mon_skeleton_hulk_death_drops",
    "subtype": "collection",
    "entries": [
      { "group": "mon_zombie_hulk_death_drops" },
      { "item": "gracken_knuckles", "prob": 75 },
      { "item": "bone_twisted", "prob": 50 },
      { "item": "iridescent_plate", "prob": 25 },
      { "item": "essence_blood", "prob": 10, "count": [ 1, 3 ] }
    ]
  },
  {
    "type": "item_group",
    "id": "mon_zombie_nullfield_death_drops",
    "subtype": "collection",
    "entries": [
      { "group": "default_zombie_death_drops" },
      { "item": "vortex_shard", "prob": 50 },
      { "item": "blob_gem", "prob": 25 },
      { "item": "essence_blood", "prob": 75, "count": [ 1, 3 ] }
    ]
  },
  {
    "type": "item_group",
    "id": "mon_hound_tindalos_death_drops",
    "subtype": "collection",
    "entries": [
      { "item": "vortex_shard", "prob": 25 },
      { "item": "shadow_gem", "prob": 50 },
      { "item": "essence", "prob": 75, "count": [ 1, 3 ] }
    ]
  },
  {
    "id": "strange_zombie_death_drops",
    "type": "item_group",
    "//": "Used by necromancers and masters.",
    "subtype": "collection",
    "entries": [
      { "item": "essence_blood", "count": [ 1, 3 ] },
      { "group": "magic_tools", "prob": 5, "damage-min": 1, "damage-max": 4 },
      { "group": "magic_items", "prob": 10, "damage-min": 1, "damage-max": 4 },
      { "group": "magic_consumables", "prob": 20 },
      { "group": "magic_books", "prob": 80 }
    ]
  },
  {
    "id": "mon_zombie_survivor_death_drops",
    "type": "item_group",
    "//": "You may or may not get an essence or magical loot.  Only need to add items since we're referencing an existing itemgroup.",
    "subtype": "collection",
    "entries": [
      { "item": "essence_blood", "prob": 50, "count": [ 1, 3 ] },
      { "group": "magic_items", "prob": 3, "damage-min": 1, "damage-max": 4 },
      { "group": "magic_consumables", "prob": 5 },
      { "group": "magic_tools", "prob": 1, "damage-min": 1, "damage-max": 4 },
      { "group": "magic_books", "prob": 15 }
    ]
  },
  {
    "id": "jackson_drops",
    "type": "item_group",
    "//": "The only being without the queen flag to drop boss-level essence, also gives high odds of magical gear.  Only need to add items since we're referencing an existing itemgroup.",
    "subtype": "collection",
    "entries": [
      { "group": "magic_items", "prob": 25, "damage-min": 1, "damage-max": 4 },
      { "group": "magic_consumables", "prob": 50 },
      { "group": "magic_books", "prob": 75 },
      { "group": "magic_tools", "prob": 25, "damage-min": 1, "damage-max": 4 },
      { "item": "essence", "count": [ 2, 5 ] }
    ]
  },
  {
    "id": "marloss_yellow_drops",
    "type": "item_group",
    "//": "Boss-level essence added to standard marloss gel drops, plus a stinger.  Only need to add items since we're referencing an existing itemgroup.",
    "subtype": "collection",
    "entries": [ { "item": "dermatik_sting" }, { "item": "essence", "count": [ 2, 5 ] } ]
  },
  {
    "id": "mon_spirit_of_fire_death_drops",
    "type": "item_group",
    "subtype": "collection",
    "entries": [ { "item": "ash", "charges": [ 500, 1000 ] }, { "item": "essence", "count": [ 2, 5 ] } ]
  },
  {
    "id": "mon_moruboru_death_drops",
    "type": "item_group",
    "subtype": "collection",
    "entries": [
      { "item": "scourge_staff", "prob": 100 },
      { "item": "triffid_queen_flower", "prob": 100 },
      { "item": "essence", "count": [ 2, 5 ] }
    ]
  },
  {
    "id": "mon_archon_death_drops",
    "type": "item_group",
    "subtype": "collection",
    "entries": [
      { "item": "essence", "count": [ 2, 5 ] },
      { "item": "thunder_sigil" },
      { "item": "book_sacrifice", "prob": 50 },
      { "item": "offering_chalice", "prob": 25 },
      { "group": "pants", "damage-min": 1, "damage-max": 4 },
      { "group": "shirts", "damage-min": 1, "damage-max": 4 },
      { "group": "shoes", "damage-min": 1, "damage-max": 4 },
      { "group": "jackets", "prob": 20, "damage-min": 1, "damage-max": 4 },
      { "group": "bags", "prob": 6, "damage-min": 1, "damage-max": 4 }
    ]
  },
  {
    "id": "mon_dracolich_death_drops",
    "type": "item_group",
    "subtype": "collection",
    "entries": [ { "item": "essence", "count": [ 2, 5 ] }, { "item": "draconic_heart" } ]
  },
  {
    "id": "marloss_zealot_death_drops",
    "//": "Adds to existing group.",
    "type": "item_group",
    "subtype": "collection",
    "entries": [ { "item": "essence_blood", "count": [ 1, 3 ], "prob": 10 } ]
  },
  {
    "id": "mon_devourer_death_drops",
    "//": "Mimics the existing triple sets of clothing, but adds a chance of blood essence, plus potentially a random monsterpart.  How did that get in there...",
    "type": "item_group",
    "subtype": "collection",
    "entries": [
      { "group": "default_zombie_death_drops" },
      { "group": "default_zombie_death_drops" },
      { "group": "default_zombie_death_drops" },
      { "group": "arcana_hunt_random", "prob": 5 },
      { "item": "essence_blood", "count": [ 1, 3 ], "prob": 10 }
    ]
  },
  {
    "type": "item_group",
    "id": "mon_tengu_death_drops",
    "//": "All Youkai Disco monsterdrops are defined following the mod-friendly convention as seen here, allowing Arcana to inject drops automatically.  In this case, the main unifying factor is purification of creatures that, while otherworldly, are still of this world rather than of The Beyond.  Hence, dull essence at a rate below what consecrating nether-tier essence would yield.",
    "subtype": "collection",
    "entries": [ { "item": "essence_dull", "count": [ 5, 10 ], "prob": 25 } ]
  },
  {
    "type": "item_group",
    "id": "mon_tengu_monk_death_drops",
    "subtype": "collection",
    "entries": [ { "item": "essence_dull", "count": [ 5, 10 ], "prob": 30 }, { "item": "engraved_stone", "prob": 10 } ]
  },
  {
    "type": "item_group",
    "id": "mon_nekomata_death_drops",
    "subtype": "collection",
    "entries": [ { "item": "essence_dull", "count": [ 5, 10 ], "prob": 10 } ]
  },
  {
    "type": "item_group",
    "id": "mon_kappa_death_drops",
    "subtype": "collection",
    "entries": [ { "item": "essence_dull", "count": [ 5, 10 ], "prob": 25 }, { "item": "monster_tear", "prob": 10 } ]
  },
  {
    "type": "item_group",
    "id": "mon_kappa_engineer_death_drops",
    "subtype": "collection",
    "entries": [ { "item": "essence_dull", "count": [ 5, 10 ], "prob": 30 }, { "item": "monster_tear", "prob": 15 } ]
  },
  {
    "type": "item_group",
    "id": "mon_oni_bandit_death_drops",
    "//": "This implies a small chance that, aside from stolen valuables oni already might have, this one potentially ran into a group of mage hunters.",
    "subtype": "collection",
    "entries": [
      { "item": "essence_dull", "count": [ 5, 10 ], "prob": 30 },
      { "item": "monster_fang", "prob": 15 },
      { "item": "CF_golden_scale", "count": [ 1, 3 ], "prob": 5 }
    ]
  },
  {
    "type": "item_group",
    "id": "mon_kamaitachi_death_drops",
    "subtype": "collection",
    "entries": [ { "item": "essence_dull", "count": [ 5, 10 ], "prob": 25 }, { "item": "vortex_shard", "prob": 10 } ]
  },
  {
    "type": "item_group",
    "id": "mon_okka_death_drops",
    "subtype": "collection",
    "entries": [ { "item": "essence_dull", "count": [ 5, 10 ], "prob": 10 } ]
  },
  {
    "type": "item_group",
    "id": "mon_kanazuchibo_death_drops",
    "subtype": "collection",
    "entries": [ { "item": "essence_dull", "count": [ 5, 10 ], "prob": 30 }, { "item": "engraved_stone", "prob": 10 } ]
  }
]
