[
  {
    "id": "arcana_monster_archon_gaze",
    "type": "SPELL",
    "name": "Archon's Gaze",
    "description": "This is a monster spell, used by the host of the archon.",
    "message": "",
    "effect": "target_attack",
    "valid_targets": [ "hostile" ],
    "flags": [ "RANDOM_DURATION", "SILENT" ],
    "min_range": 8,
    "max_range": 8,
    "min_aoe": 2,
    "max_aoe": 2,
    "effect_str": "archon_gaze_effect",
    "min_duration": 144000,
    "max_duration": 192000,
    "field_id": "fd_archon_rift",
    "field_chance": 1,
    "min_field_intensity": 1,
    "max_field_intensity": 1
  },
  {
    "id": "arcana_monster_dart_triffid",
    "type": "SPELL",
    "name": "Paralytic Dart",
    "description": "This is a monster spell, used by summoned triffids.",
    "message": "",
    "effect": "projectile_attack",
    "valid_targets": [ "hostile" ],
    "flags": [ "RANDOM_DAMAGE", "RANDOM_DURATION", "SILENT" ],
    "min_damage": 5,
    "max_damage": 15,
    "min_range": 15,
    "max_range": 15,
    "effect_str": "paralyzepoison",
    "min_duration": 1000,
    "max_duration": 3000,
    "damage_type": "stab"
  },
  {
    "id": "arcana_monster_dart_yugg",
    "type": "SPELL",
    "name": "Greater Paralytic Dart",
    "description": "This is a monster spell, used by summoned yuggs.",
    "message": "",
    "effect": "projectile_attack",
    "valid_targets": [ "hostile" ],
    "flags": [ "RANDOM_DAMAGE", "RANDOM_DURATION", "SILENT" ],
    "min_damage": 30,
    "max_damage": 40,
    "min_range": 20,
    "max_range": 20,
    "effect_str": "paralyzepoison",
    "min_duration": 2000,
    "max_duration": 6000,
    "damage_type": "stab"
  }
]
