[
  {
    "type": "mutation",
    "id": "BGSS_CF_1",
    "name": "Survivor Story",
    "points": 0,
    "description": "This NPC could tell you about how they survived the cataclysm",
    "player_display": false,
    "valid": false,
    "purifiable": false,
    "types": [ "BACKGROUND_SURVIVAL_STORY" ],
    "flags": [ "BG_SURVIVAL_STORY" ]
  },
  {
    "type": "mutation",
    "id": "BGSS_CF_2",
    "name": "Survivor Story",
    "points": 0,
    "description": "This NPC could tell you about how they survived the cataclysm",
    "player_display": false,
    "valid": false,
    "purifiable": false,
    "types": [ "BACKGROUND_SURVIVAL_STORY" ],
    "flags": [ "BG_SURVIVAL_STORY" ]
  },
  {
    "type": "mutation",
    "id": "BGSS_CF_3",
    "name": "Survivor Story",
    "points": 0,
    "description": "This NPC could tell you about how they survived the cataclysm",
    "player_display": false,
    "valid": false,
    "purifiable": false,
    "types": [ "BACKGROUND_SURVIVAL_STORY" ],
    "flags": [ "BG_SURVIVAL_STORY" ]
  },
  {
    "type": "mutation",
    "id": "BGSS_CF_4",
    "name": "Survivor Story",
    "points": 0,
    "description": "This NPC could tell you about how they survived the cataclysm",
    "player_display": false,
    "valid": false,
    "purifiable": false,
    "types": [ "BACKGROUND_SURVIVAL_STORY" ],
    "flags": [ "BG_SURVIVAL_STORY" ]
  },
  {
    "type": "mutation",
    "id": "BGSS_CF_5",
    "name": "Survivor Story",
    "points": 0,
    "description": "This NPC could tell you about how they survived the cataclysm",
    "player_display": false,
    "valid": false,
    "purifiable": false,
    "types": [ "BACKGROUND_SURVIVAL_STORY" ],
    "flags": [ "BG_SURVIVAL_STORY" ]
  },
  {
    "type": "mutation",
    "id": "BGSS_BLOOD_MAGE_1",
    "name": "Survivor Story",
    "points": 0,
    "description": "This NPC could tell you about how they survived the cataclysm",
    "player_display": false,
    "valid": false,
    "purifiable": false,
    "types": [ "BACKGROUND_SURVIVAL_STORY" ],
    "flags": [ "BG_SURVIVAL_STORY" ]
  },
  {
    "type": "mutation",
    "id": "BGSS_BLOOD_MAGE_2",
    "name": "Survivor Story",
    "points": 0,
    "description": "This NPC could tell you about how they survived the cataclysm",
    "player_display": false,
    "valid": false,
    "purifiable": false,
    "types": [ "BACKGROUND_SURVIVAL_STORY" ],
    "flags": [ "BG_SURVIVAL_STORY" ]
  },
  {
    "type": "mutation",
    "id": "CF_DEACON",
    "name": "Deacon Marker",
    "points": 0,
    "description": "This trait marks The Deacon, used for certain dialog checks to keep things working right.  Seeing this is probably a bug.",
    "player_display": false,
    "valid": false,
    "purifiable": false
  },
  {
    "type": "mutation",
    "id": "BGSS_CF_FILTER",
    "name": "Background Story Filter",
    "points": 0,
    "description": "This exists so that mage hunter NPCs spawned after Sofia's mission, if they end up recruited in the future and generate certain background stories, will refer to linking up with Johnathan instead of Sofia.",
    "player_display": false,
    "valid": false,
    "purifiable": false
  },
  {
    "type": "mutation",
    "id": "FIX_CF_GM",
    "name": "Fix Jonathan",
    "points": 0,
    "description": "This trait ensures that old versions of this NPC, on being able to access the mission chain, only versions citing the correct starter mission will be able to offer missions.  The old versions cited the wrong initial mission, turning what was supposed to be a clever compatibility feature into a terrible mistake.",
    "player_display": false,
    "valid": false,
    "purifiable": false
  },
  {
    "type": "mutation",
    "id": "MARTIAL_ARTS_CF",
    "name": "Path of Sword and Hammer",
    "points": 3,
    "description": "You have been trained in Via Gladium et Malleo, a weapon art focused on preserving momentum and fighting multiple opponents, using your fury in different ways depending on your weapon of choice.",
    "starting_trait": true,
    "initial_ma_styles": [ "style_cleansingflame" ],
    "changes_to": [ "PROF_SANGUINE", "PROF_CHALICE" ],
    "valid": false
  },
  {
    "type": "mutation",
    "id": "THRESH_AGILITY",
    "name": "Fake Threshold",
    "points": 0,
    "description": "This exists only because mutation categories for pattern scrolls throw out errors without a matching threshold.  This is a bug if you have it.",
    "valid": false,
    "purifiable": false,
    "threshold": true
  },
  {
    "type": "mutation",
    "id": "THRESH_BUGSLESSER",
    "name": "Fake Threshold",
    "points": 0,
    "description": "This exists only because mutation categories for pattern scrolls throw out errors without a matching threshold.  This is a bug if you have it.",
    "valid": false,
    "purifiable": false,
    "threshold": true
  },
  {
    "type": "mutation",
    "id": "THRESH_CLAIRVOYANCE",
    "name": "Fake Threshold",
    "points": 0,
    "description": "This exists only because mutation categories for pattern scrolls throw out errors without a matching threshold.  This is a bug if you have it.",
    "valid": false,
    "purifiable": false,
    "threshold": true
  },
  {
    "type": "mutation",
    "id": "THRESH_CLARITY",
    "name": "Fake Threshold",
    "points": 0,
    "description": "This exists only because mutation categories for pattern scrolls throw out errors without a matching threshold.  This is a bug if you have it.",
    "valid": false,
    "purifiable": false,
    "threshold": true
  },
  {
    "type": "mutation",
    "id": "THRESH_CONSECRATELESSER",
    "name": "Fake Threshold",
    "points": 0,
    "description": "This exists only because mutation categories for pattern scrolls throw out errors without a matching threshold.  This is a bug if you have it.",
    "valid": false,
    "purifiable": false,
    "threshold": true
  },
  {
    "type": "mutation",
    "id": "THRESH_CONFUSE",
    "name": "Fake Threshold",
    "points": 0,
    "description": "This exists only because mutation categories for pattern scrolls throw out errors without a matching threshold.  This is a bug if you have it.",
    "valid": false,
    "purifiable": false,
    "threshold": true
  },
  {
    "type": "mutation",
    "id": "THRESH_ACIDSPRAY",
    "name": "Fake Threshold",
    "points": 0,
    "description": "This exists only because mutation categories for pattern scrolls throw out errors without a matching threshold.  This is a bug if you have it.",
    "valid": false,
    "purifiable": false,
    "threshold": true
  },
  {
    "type": "mutation",
    "id": "THRESH_ECLIPSE",
    "name": "Fake Threshold",
    "points": 0,
    "description": "This exists only because mutation categories for pattern scrolls throw out errors without a matching threshold.  This is a bug if you have it.",
    "valid": false,
    "purifiable": false,
    "threshold": true
  },
  {
    "type": "mutation",
    "id": "THRESH_ELEMENTALBURST",
    "name": "Fake Threshold",
    "points": 0,
    "description": "This exists only because mutation categories for pattern scrolls throw out errors without a matching threshold.  This is a bug if you have it.",
    "valid": false,
    "purifiable": false,
    "threshold": true
  },
  {
    "type": "mutation",
    "id": "THRESH_FLAMEARMOR",
    "name": "Fake Threshold",
    "points": 0,
    "description": "This exists only because mutation categories for pattern scrolls throw out errors without a matching threshold.  This is a bug if you have it.",
    "valid": false,
    "purifiable": false,
    "threshold": true
  },
  {
    "type": "mutation",
    "id": "THRESH_FROSTARMORLESSER",
    "name": "Fake Threshold",
    "points": 0,
    "description": "This exists only because mutation categories for pattern scrolls throw out errors without a matching threshold.  This is a bug if you have it.",
    "valid": false,
    "purifiable": false,
    "threshold": true
  },
  {
    "type": "mutation",
    "id": "THRESH_FREEACTION",
    "name": "Fake Threshold",
    "points": 0,
    "description": "This exists only because mutation categories for pattern scrolls throw out errors without a matching threshold.  This is a bug if you have it.",
    "valid": false,
    "purifiable": false,
    "threshold": true
  },
  {
    "type": "mutation",
    "id": "THRESH_HEAL",
    "name": "Fake Threshold",
    "points": 0,
    "description": "This exists only because mutation categories for pattern scrolls throw out errors without a matching threshold.  This is a bug if you have it.",
    "valid": false,
    "purifiable": false,
    "threshold": true
  },
  {
    "type": "mutation",
    "id": "THRESH_INSIGHT",
    "name": "Fake Threshold",
    "points": 0,
    "description": "This exists only because mutation categories for pattern scrolls throw out errors without a matching threshold.  This is a bug if you have it.",
    "valid": false,
    "purifiable": false,
    "threshold": true
  },
  {
    "type": "mutation",
    "id": "THRESH_INVIS",
    "name": "Fake Threshold",
    "points": 0,
    "description": "This exists only because mutation categories for pattern scrolls throw out errors without a matching threshold.  This is a bug if you have it.",
    "valid": false,
    "purifiable": false,
    "threshold": true
  },
  {
    "type": "mutation",
    "id": "THRESH_ELECRESIST",
    "name": "Fake Threshold",
    "points": 0,
    "description": "This exists only because mutation categories for pattern scrolls throw out errors without a matching threshold.  This is a bug if you have it.",
    "valid": false,
    "purifiable": false,
    "threshold": true
  },
  {
    "type": "mutation",
    "id": "THRESH_MIGHT",
    "name": "Fake Threshold",
    "points": 0,
    "description": "This exists only because mutation categories for pattern scrolls throw out errors without a matching threshold.  This is a bug if you have it.",
    "valid": false,
    "purifiable": false,
    "threshold": true
  },
  {
    "type": "mutation",
    "id": "THRESH_OVERGROWTH",
    "name": "Fake Threshold",
    "points": 0,
    "description": "This exists only because mutation categories for pattern scrolls throw out errors without a matching threshold.  This is a bug if you have it.",
    "valid": false,
    "purifiable": false,
    "threshold": true
  },
  {
    "type": "mutation",
    "id": "THRESH_LIGHTNING",
    "name": "Fake Threshold",
    "points": 0,
    "description": "This exists only because mutation categories for pattern scrolls throw out errors without a matching threshold.  This is a bug if you have it.",
    "valid": false,
    "purifiable": false,
    "threshold": true
  },
  {
    "type": "mutation",
    "id": "THRESH_SUNDERINGQUAKE",
    "name": "Fake Threshold",
    "points": 0,
    "description": "This exists only because mutation categories for pattern scrolls throw out errors without a matching threshold.  This is a bug if you have it.",
    "valid": false,
    "purifiable": false,
    "threshold": true
  },
  {
    "type": "mutation",
    "id": "THRESH_CLERIC",
    "name": "Fake Threshold",
    "points": 0,
    "description": "This exists only because mutation categories for pattern scrolls throw out errors without a matching threshold.  This is a bug if you have it.",
    "valid": false,
    "purifiable": false,
    "threshold": true
  },
  {
    "type": "mutation",
    "id": "THRESH_VEIL",
    "name": "Paragon of The Veil",
    "points": 1,
    "description": "You have gazed deeper into The Beyond than anyone that still lives.  It has gazed back, and found greater purpose in you.  The living wind it calls its herald, and you its knight under oath.  You will unable to mutate beyond your current state by mundane means, as this would tie you to intruders that must be cast out...",
    "valid": false,
    "purifiable": false,
    "threshold": true,
    "//": "The good news, you regen mana faster and vortices are friendly.  The bad news, HFBTV doesn't want you getting any more dependent on the blob (or worse, the Mycus) than you already are.  Side note, the sheer volume of one-note categories I have to define to make all this work annoys me to no end.",
    "mana_regen_multiplier": 1.25,
    "ignored_by": [ "UNKNOWN" ],
    "allowed_category": [
      "VEIL",
      "ACIDSPRAY",
      "AGILITY",
      "CLAIRVOYANCE",
      "CLARITY",
      "CONFUSE",
      "FLAMEARMOR",
      "FREEACTION",
      "HEAL",
      "INSIGHT",
      "INVIS",
      "ELECRESIST",
      "MIGHT",
      "OVERGROWTH",
      "LIGHTNING",
      "CLERIC",
      "CONSECRATELESSER",
      "FROSTARMORLESSER",
      "SUNDERINGQUAKE",
      "ELEMENTALBURST",
      "BUGSLESSER",
      "ECLIPSE"
    ]
  },
  {
    "type": "mutation",
    "id": "THRESH_DRAGONBLOOD",
    "name": "Dragonblood",
    "points": 1,
    "description": "Power by any means.  The Sanguine Order believed the Dragonblood Sacrament would make them powerful enough to survive the cataclysm, to rule over man and monster alike.  That you have survived this long just might prove them right.",
    "valid": false,
    "purifiable": false,
    "threshold": true
  },
  {
    "type": "mutation",
    "id": "SPELL_AGILE",
    "name": "Magic Sign: Agility",
    "points": 4,
    "description": "Powers from beyond have granted you power, that can grant a temporary speed and agility-enhancing effect.  (( Remember to bind the \"spellcasting\" key! ))",
    "valid": false,
    "purifiable": false,
    "category": [ "AGILITY" ],
    "changes_to": [ "SPELL_AGILE2", "SPELL_DAYLIGHT2", "SPELL_DRAINLIFE", "SPELL_INVIS" ],
    "spells_learned": [ [ "arcana_magic_agility", 1 ] ]
  },
  {
    "type": "mutation",
    "id": "SPELL_CLAIRVOYANCE",
    "name": "Magic Sign: Clairvoyance",
    "points": 6,
    "description": "Powers from beyond have granted you power, that can grant sight beyond sight temporarily.  (( Remember to bind the \"spellcasting\" key! ))",
    "valid": false,
    "purifiable": false,
    "category": [ "CLAIRVOYANCE" ],
    "changes_to": [ "SPELL_CLAIRVOYANCE2", "SPELL_AGILE2", "SPELL_DAYLIGHT2", "SPELL_DRAINLIFE", "SPELL_INVIS" ],
    "spells_learned": [ [ "arcana_magic_clairvoyance", 1 ] ]
  },
  {
    "type": "mutation",
    "id": "SPELL_CLARITY",
    "name": "Magic Sign: Clarity of Blood",
    "points": 4,
    "description": "Powers from beyond have granted you a power that can protect against parasites and the Mycus.  (( Remember to bind the \"spellcasting\" key! ))",
    "valid": false,
    "purifiable": false,
    "category": [ "CLARITY" ],
    "spells_learned": [ [ "arcana_magic_clarity_blood", 1 ] ]
  },
  {
    "type": "mutation",
    "id": "SPELL_CONFUSE",
    "name": "Magic Sign: Confuse Monster",
    "points": 3,
    "description": "Powers from beyond have granted you a power that can confuse nearby monsters.  (( Remember to bind the \"spellcasting\" key! ))",
    "valid": false,
    "purifiable": false,
    "category": [ "CONFUSE" ],
    "changes_to": [ "SPELL_CONFUSE2", "SPELL_CLOUD", "SPELL_LIGHTNING2", "SPELL_FIRE2", "SPELL_LIGHTNINGFIELD", "SPELL_PULSE" ],
    "spells_learned": [ [ "arcana_magic_confuse_monster", 1 ] ]
  },
  {
    "type": "mutation",
    "id": "SPELL_ACID",
    "name": "Magic Sign: Conjure Acid",
    "points": 3,
    "description": "Powers from beyond have granted you the power to conjure sprays of acid.  (( Remember to bind the \"spellcasting\" key! ))",
    "valid": false,
    "purifiable": false,
    "category": [ "ACIDSPRAY" ],
    "spells_learned": [ [ "arcana_magic_conjure_acid", 1 ] ]
  },
  {
    "type": "mutation",
    "id": "SPELL_CONSECRATELESSER",
    "name": "Magic Sign: Consecrate",
    "points": 8,
    "description": "Powers from beyond have granted you the power to subvert otherworldly influences on the environment, within your immediate surroundings.  (( Remember to bind the \"spellcasting\" key! ))",
    "valid": false,
    "purifiable": false,
    "category": [ "CONSECRATELESSER" ],
    "changes_to": [ "SPELL_CONSECRATE" ],
    "spells_learned": [ [ "arcana_magic_consecrate", 1 ] ]
  },
  {
    "type": "mutation",
    "id": "SPELL_DAMPENING",
    "name": "Magic Sign: Dampening",
    "points": 2,
    "description": "Powers from beyond have granted you the power to stave off radiation, and extinguish flames in your wake.  (( Remember to bind the \"spellcasting\" key! ))",
    "valid": false,
    "purifiable": false,
    "spells_learned": [ [ "arcana_magic_dampening", 1 ] ]
  },
  {
    "type": "mutation",
    "id": "SPELL_FIRE",
    "name": "Magic Sign: Conjure Flame",
    "points": 3,
    "description": "Powers from beyond have granted you the power to conjure a burst of flame, where you command.  (( Remember to bind the \"spellcasting\" key! ))",
    "valid": false,
    "purifiable": false,
    "changes_to": [ "SPELL_FIRE2", "SPELL_LIGHTNINGFIELD", "SPELL_PULSE" ],
    "spells_learned": [ [ "arcana_magic_conjure_flame", 1 ] ]
  },
  {
    "type": "mutation",
    "id": "SPELL_ECLIPSE",
    "name": "Magic Sign: Eclipse",
    "points": 9,
    "description": "Powers from beyond have granted you the power to bring forth wicked omens, gaining a temporary surge of power in exchange for permanent scars upon the land.  (( Remember to bind the \"spellcasting\" key! ))",
    "valid": false,
    "purifiable": false,
    "category": [ "ECLIPSE" ],
    "changes_to": [ "PROF_CLEANSINGFLAME", "PROF_CLEANSINGFLAME2" ],
    "spells_learned": [ [ "arcana_magic_eclipse", 1 ] ]
  },
  {
    "type": "mutation",
    "id": "SPELL_ELEMENTALBURST",
    "name": "Magic Sign: Elemental Burst",
    "points": 7,
    "description": "Powers from beyond have granted you the power to conjure chaotic magic, blasting foes with elemental force.  (( Remember to bind the \"spellcasting\" key! ))",
    "valid": false,
    "purifiable": false,
    "category": [ "ELEMENTALBURST" ],
    "spells_learned": [ [ "arcana_magic_elemental_burst", 1 ] ]
  },
  {
    "type": "mutation",
    "id": "SPELL_FLAMEARMOR",
    "name": "Magic Sign: Flame Armor",
    "points": 5,
    "description": "Powers from beyond have granted you power, that can grant temporary resistance to heat and smoke.  Direct contact with flame will still harm you.  (( Remember to bind the \"spellcasting\" key! ))",
    "valid": false,
    "purifiable": false,
    "category": [ "FLAMEARMOR" ],
    "changes_to": [ "SPELL_FLAMEARMOR2", "SPELL_FROSTARMOR", "SPELL_PSYSHIELD" ],
    "spells_learned": [ [ "arcana_magic_flame_armor", 1 ] ]
  },
  {
    "type": "mutation",
    "id": "SPELL_FROSTARMORLESSER",
    "name": "Magic Sign: Frost Armor",
    "points": 5,
    "description": "Powers from beyond have granted you power, that can grant temporary resistance to the cold.  (( Remember to bind the \"spellcasting\" key! ))",
    "valid": false,
    "purifiable": false,
    "category": [ "FROSTARMORLESSER" ],
    "changes_to": [ "SPELL_FROSTARMOR", "SPELL_PSYSHIELD" ],
    "spells_learned": [ [ "arcana_magic_frost_armor", 1 ] ]
  },
  {
    "type": "mutation",
    "id": "SPELL_FREEACTION",
    "name": "Magic Sign: Free Action",
    "points": 6,
    "description": "Powers from beyond have granted you power, that can protect against paralytic effects and other hindrances.  (( Remember to bind the \"spellcasting\" key! ))",
    "valid": false,
    "purifiable": false,
    "category": [ "FREEACTION" ],
    "spells_learned": [ [ "arcana_magic_free_action", 1 ] ]
  },
  {
    "type": "mutation",
    "id": "SPELL_HEAL",
    "name": "Magic Sign: Healing",
    "points": 5,
    "description": "Powers from beyond have granted you the power to heal the body, though overuse may have consequences.  (( Remember to bind the \"spellcasting\" key! ))",
    "valid": false,
    "purifiable": false,
    "category": [ "HEAL" ],
    "changes_to": [ "PROF_SANGUINE" ],
    "spells_learned": [ [ "arcana_magic_healing", 1 ] ]
  },
  {
    "type": "mutation",
    "id": "SPELL_INSIGHT",
    "name": "Magic Sign: Insight",
    "points": 3,
    "description": "Powers from beyond have granted you power, that can grant a temporary boost to perception.  (( Remember to bind the \"spellcasting\" key! ))",
    "valid": false,
    "purifiable": false,
    "category": [ "INSIGHT" ],
    "spells_learned": [ [ "arcana_magic_insight", 1 ] ]
  },
  {
    "type": "mutation",
    "id": "SPELL_LIGHT",
    "name": "Magic Sign: Light",
    "points": 2,
    "description": "Powers from beyond have granted you the power to conjure a temporary aura of illumination.  (( Remember to bind the \"spellcasting\" key! ))",
    "valid": false,
    "purifiable": false,
    "changes_to": [ "SPELL_LIGHT2", "SPELL_LOCKPICK2", "SPELL_TELEPORT", "SPELL_PACIFY", "SPELL_CONSECRATE" ],
    "spells_learned": [ [ "arcana_magic_light", 1 ] ]
  },
  {
    "type": "mutation",
    "id": "SPELL_ELECRESIST",
    "name": "Magic Sign: Lightning Ward",
    "points": 4,
    "description": "Powers from beyond have granted you power, that can grant temporary protection against electricity.  (( Remember to bind the \"spellcasting\" key! ))",
    "valid": false,
    "purifiable": false,
    "category": [ "ELECRESIST" ],
    "changes_to": [ "SPELL_ELECRESIST2", "SPELL_FLAMEARMOR2", "SPELL_FROSTARMOR", "SPELL_PSYSHIELD" ],
    "spells_learned": [ [ "arcana_magic_lightning_ward", 1 ] ]
  },
  {
    "type": "mutation",
    "id": "SPELL_STRENGTH",
    "name": "Magic Sign: Might",
    "points": 5,
    "description": "Powers from beyond have granted you power, that can provide a temporary strength-enhancing effect.  (( Remember to bind the \"spellcasting\" key! ))",
    "valid": false,
    "purifiable": false,
    "category": [ "MIGHT" ],
    "changes_to": [ "SPELL_STRENGTH2", "SPELL_CLAIRVOYANCE2", "SPELL_AGILE2", "SPELL_DAYLIGHT2", "SPELL_DRAINLIFE", "SPELL_INVIS" ],
    "spells_learned": [ [ "arcana_magic_might", 1 ] ]
  },
  {
    "type": "mutation",
    "id": "SPELL_LOCKPICK",
    "name": "Magic Sign: Open Lock",
    "points": 4,
    "description": "Powers from beyond have granted you the power to conjure a mote of energy, that can be used to open locked doors.  (( Remember to bind the \"spellcasting\" key! ))",
    "valid": false,
    "purifiable": false,
    "changes_to": [ "SPELL_LOCKPICK2", "SPELL_TELEPORT", "SPELL_PACIFY", "SPELL_CONSECRATE" ],
    "spells_learned": [ [ "arcana_magic_open_lock", 1 ] ]
  },
  {
    "type": "mutation",
    "id": "SPELL_PLANTS",
    "name": "Magic Sign: Overgrowth",
    "points": 3,
    "description": "Powers from beyond have granted you the power to cause plants to spring up from nothingness.  (( Remember to bind the \"spellcasting\" key! ))",
    "valid": false,
    "purifiable": false,
    "category": [ "OVERGROWTH" ],
    "spells_learned": [ [ "arcana_magic_overgrowth", 1 ] ]
  },
  {
    "type": "mutation",
    "id": "SPELL_POISONARMOR",
    "name": "Magic Sign: Poison Armor",
    "points": 3,
    "description": "Powers from beyond have granted you power, that can offer temporary protection from toxic gas and other poisons.  (( Remember to bind the \"spellcasting\" key! ))",
    "valid": false,
    "purifiable": false,
    "changes_to": [ "SPELL_POISONARMOR2", "SPELL_ELECRESIST2", "SPELL_FLAMEARMOR2", "SPELL_FROSTARMOR", "SPELL_PSYSHIELD" ],
    "spells_learned": [ [ "arcana_magic_poison_armor", 1 ] ]
  },
  {
    "type": "mutation",
    "id": "SPELL_SHADOWSNAKES",
    "name": "Magic Sign: Serpentine Shield",
    "points": 6,
    "description": "Powers from beyond have granted you power, a defensive effect that will summon shadowy snakes when you are injured.  (( Remember to bind the \"spellcasting\" key! ))",
    "valid": false,
    "purifiable": false,
    "//": "ID for INVIS retained to not break stuff.",
    "category": [ "INVIS" ],
    "changes_to": [ "PROF_CLEANSINGFLAME", "PROF_CLEANSINGFLAME2" ],
    "spells_learned": [ [ "arcana_magic_serpentine_shield", 1 ] ]
  },
  {
    "type": "mutation",
    "id": "SPELL_LIGHTNING",
    "name": "Magic Sign: Shockstorm",
    "points": 2,
    "description": "Powers from beyond have granted you the power to create a shockwave of lightning around you.  (( Remember to bind the \"spellcasting\" key! ))",
    "valid": false,
    "purifiable": false,
    "category": [ "LIGHTNING" ],
    "changes_to": [ "SPELL_LIGHTNING2", "SPELL_FIRE2", "SPELL_LIGHTNINGFIELD", "SPELL_PULSE" ],
    "spells_learned": [ [ "arcana_magic_shockstorm", 1 ] ]
  },
  {
    "type": "mutation",
    "id": "SPELL_BUGSLESSER",
    "name": "Magic Sign: Summon Centipedes",
    "points": 6,
    "description": "Powers from beyond have granted you the power to summon scuttling abominations.  (( Remember to bind the \"spellcasting\" key! ))",
    "valid": false,
    "purifiable": false,
    "category": [ "BUGSLESSER" ],
    "changes_to": [ "PROF_CLEANSINGFLAME", "PROF_CLEANSINGFLAME2", "SPELL_BUGS", "SPELL_SUMMONVORTEX" ],
    "spells_learned": [ [ "arcana_magic_summon_giant_centipedes", 1 ] ]
  },
  {
    "type": "mutation",
    "id": "SPELL_SUMMONDOG",
    "name": "Magic Sign: Summon Skeletal Dog",
    "points": 3,
    "description": "Powers from beyond have granted you the power to summon a skeletal dog.  (( Remember to bind the \"spellcasting\" key! ))",
    "valid": false,
    "purifiable": false,
    "changes_to": [
      "PROF_CLEANSINGFLAME",
      "PROF_CLEANSINGFLAME2",
      "SPELL_SUMMONDOG2",
      "SPELL_SUMMONSKEL",
      "SPELL_SUMMONCULUS",
      "SPELL_SUMMONTHING",
      "SPELL_BUGS",
      "SPELL_SUMMONVORTEX"
    ],
    "spells_learned": [ [ "arcana_magic_summon_skeletal_dog", 1 ] ]
  },
  {
    "type": "mutation",
    "id": "SPELL_SUNDERINGQUAKE",
    "name": "Magic Sign: Sundering Quake",
    "points": 4,
    "description": "Powers from beyond have granted you the power to topple structures, and bury them in rubble.  (( Remember to bind the \"spellcasting\" key! ))",
    "valid": false,
    "purifiable": false,
    "category": [ "SUNDERINGQUAKE" ],
    "spells_learned": [ [ "arcana_magic_sundering_quake", 1 ] ]
  },
  {
    "type": "mutation",
    "id": "SPELL_DAYLIGHT",
    "//": "ID retained to avoid load errors.",
    "name": "Magic Sign: Surge of Adrenaline",
    "points": 2,
    "description": "Powers from beyond have granted you the power to provoke an uplifting rush through the body.  (( Remember to bind the \"spellcasting\" key! ))",
    "valid": false,
    "purifiable": false,
    "changes_to": [ "SPELL_DAYLIGHT2", "SPELL_DRAINLIFE", "SPELL_INVIS" ],
    "spells_learned": [ [ "arcana_magic_surge_adrenaline", 1 ] ]
  },
  {
    "type": "mutation",
    "id": "SPELL_CLERIC",
    "name": "Magic Sign: Ward Against Evil",
    "points": 5,
    "description": "Powers from beyond have granted you power, that can offer temporary protection against various anomalous effects.  (( Remember to bind the \"spellcasting\" key! ))",
    "valid": false,
    "purifiable": false,
    "category": [ "CLERIC" ],
    "changes_to": [ "SPELL_PSYSHIELD" ],
    "spells_learned": [ [ "arcana_magic_ward_against_evil", 1 ] ]
  },
  {
    "type": "mutation",
    "//": "Note: value of Elemental Sign is 5, and value of Suppression is 2.",
    "id": "SPELL_EMBERS_DRAGONBLOOD",
    "name": "Mark of Embers",
    "points": 7,
    "description": "Inhuman power has granted you the ability to manipulate your elemental nature, including guarding further against heat as well as suppressing your inner fire.  (( Remember to bind the \"spellcasting\" key! ))",
    "valid": false,
    "purifiable": false,
    "prereqs": [ "ARCANA_INNERFIRE", "ARCANA_DRAGONFIRE" ],
    "prereqs2": [ "ARCANA_FIREAFFINITY" ],
    "changes_to": [
      "SPELL_ACIDARMOR",
      "SPELL_POISONARMOR2",
      "SPELL_ELECRESIST2",
      "SPELL_FLAMEARMOR2",
      "SPELL_FROSTARMOR",
      "SPELL_PSYSHIELD"
    ],
    "category": [ "DRAGONBLOOD" ],
    "spells_learned": [ [ "arcana_mark_elemental_sign", 1 ], [ "arcana_mark_suppression", 1 ] ]
  },
  {
    "type": "mutation",
    "//": "Note: value of Might is 5, and value of Revenant Blood is 4.",
    "id": "SPELL_INSTINCT_DRAGONBLOOD",
    "name": "Mark of Instinct",
    "points": 9,
    "description": "Inhuman power has granted you the abilities pertaining to your inhuman nature, including a strength-enhancing spell, along with the ability to guard against parasites or other hazards.  (( Remember to bind the \"spellcasting\" key! ))",
    "valid": false,
    "purifiable": false,
    "leads_to": [ "SPELL_HUNT_DRAGONBLOOD" ],
    "changes_to": [ "SPELL_STRENGTH2", "SPELL_CLAIRVOYANCE2", "SPELL_AGILE2", "SPELL_DAYLIGHT2", "SPELL_DRAINLIFE", "SPELL_INVIS" ],
    "category": [ "DRAGONBLOOD" ],
    "spells_learned": [ [ "arcana_mark_might", 1 ], [ "arcana_mark_revenant_blood", 1 ] ]
  },
  {
    "type": "mutation",
    "//": "ID retained to reduce redundancy and avoid load errors.  Note: value of Infernal Flame is 3, and value of Summon Fiend is 4.",
    "id": "SPELL_SUMMONFIEND",
    "name": "Mark of Hellfire",
    "points": 7,
    "description": "Inhuman power has granted you unnatural abilities, the power to conjure unholy flames and the power to summon ashen undead.  (( Remember to bind the \"spellcasting\" key! ))",
    "valid": false,
    "purifiable": false,
    "leads_to": [ "SPELL_SUMMONWYRM" ],
    "changes_to": [ "SPELL_CONFUSE2", "SPELL_CLOUD", "SPELL_LIGHTNING2", "SPELL_FIRE2", "SPELL_LIGHTNINGFIELD", "SPELL_PULSE" ],
    "category": [ "DRAGONBLOOD" ],
    "spells_learned": [ [ "arcana_mark_infernal_flame", 1 ], [ "arcana_mark_summon_fiend", 1 ] ]
  },
  {
    "type": "mutation",
    "//": "ID retained to reduce redundancy and avoid load errors.  Note: value of Summon Dark Wyrm is 5, and value of Summon Jabberwock is 6",
    "id": "SPELL_SUMMONWYRM",
    "name": "Mark of The Beyond",
    "points": 11,
    "description": "Inhuman power has granted you unnatural abilities, allowing you to summon strange creatures woven from the Beyond.  (( Remember to bind the \"spellcasting\" key! ))",
    "valid": false,
    "purifiable": false,
    "prereqs": [ "SPELL_SUMMONFIEND" ],
    "category": [ "DRAGONBLOOD" ],
    "threshreq": [ "THRESH_DRAGONBLOOD" ],
    "changes_to": [ "SPELL_SUMMONDOG2", "SPELL_SUMMONSKEL", "SPELL_SUMMONCULUS", "SPELL_SUMMONTHING", "SPELL_BUGS", "SPELL_SUMMONVORTEX" ],
    "spells_learned": [ [ "arcana_mark_summon_dark_wyrm", 1 ], [ "arcana_mark_summon_jabberwock", 1 ] ]
  },
  {
    "type": "mutation",
    "//": "Note: Value of Drain Life is 6, and value of Surge of Adrenaline is also 2.",
    "id": "SPELL_HUNT_DRAGONBLOOD",
    "name": "Mark of The Hunt",
    "points": 8,
    "description": "Inhuman power has granted you abilities to further hone your lethality, in the form of life-draining magic and the ability to spark a surge of adrenaline at will.  (( Remember to bind the \"spellcasting\" key! ))",
    "valid": false,
    "purifiable": false,
    "prereqs": [ "SPELL_INSTINCT_DRAGONBLOOD" ],
    "category": [ "DRAGONBLOOD" ],
    "threshreq": [ "THRESH_DRAGONBLOOD" ],
    "changes_to": [ "SPELL_SMOKE", "SPELL_LIGHT2", "SPELL_LOCKPICK2", "SPELL_TELEPORT", "SPELL_PACIFY", "SPELL_CONSECRATE" ],
    "spells_learned": [ [ "arcana_mark_drain_life", 1 ], [ "arcana_mark_surge_adrenaline", 1 ] ]
  },
  {
    "type": "mutation",
    "id": "SPELL_SMOKE",
    "//": "IDs for Arcane Blessings are reused to reduce the amount of obsolete JSON.",
    "name": "Sign of Alteration I",
    "points": 1,
    "description": "\"You must learn to shape your surroundings to serve your purpose.  In time, you will find your purpose as well.\"\nUnknowable forces have given you a gift, that can conjure a shroud of darkness to conceal you.  (( Remember to bind the \"spellcasting\" key! ))",
    "valid": false,
    "purifiable": false,
    "changes_to": [ "SPELL_LIGHT2" ],
    "cancels": [ "SPELL_HUNT_DRAGONBLOOD" ],
    "category": [ "VEIL" ],
    "spells_learned": [ [ "arcana_blessing_conjure_shadow_field", 1 ] ],
    "flags": [ "explorer_of_the_veil" ]
  },
  {
    "type": "mutation",
    "id": "SPELL_LIGHT2",
    "name": "Sign of Alteration II",
    "points": 2,
    "description": "\"You will carry my torch, exert my influence to serve our mutual goals.\"\nUnknowable forces have given you a gift, that can conjure an aura of illumination.  (( Remember to bind the \"spellcasting\" key! ))",
    "valid": false,
    "purifiable": false,
    "prereqs": [ "SPELL_SMOKE" ],
    "changes_to": [ "SPELL_LOCKPICK2" ],
    "cancels": [ "SPELL_HUNT_DRAGONBLOOD", "SPELL_LIGHT" ],
    "category": [ "VEIL" ],
    "spells_learned": [ [ "arcana_blessing_conjure_lightburst", 1 ] ],
    "flags": [ "explorer_of_the_veil" ]
  },
  {
    "type": "mutation",
    "id": "SPELL_LOCKPICK2",
    "name": "Sign of Alteration III",
    "points": 3,
    "description": "\"You will move unbidden, no artifice will obstruct one who follows my command.\"\nUnknowable forces have given you a third gift, that can manipulate locked doors.  (( Remember to bind the \"spellcasting\" key! ))",
    "valid": false,
    "purifiable": false,
    "prereqs": [ "SPELL_LIGHT2" ],
    "changes_to": [ "SPELL_TELEPORT" ],
    "cancels": [ "SPELL_HUNT_DRAGONBLOOD", "SPELL_LIGHT", "SPELL_LOCKPICK" ],
    "category": [ "VEIL" ],
    "threshreq": [ "THRESH_VEIL" ],
    "spells_learned": [ [ "arcana_blessing_open_lock", 1 ] ],
    "flags": [ "explorer_of_the_veil" ]
  },
  {
    "type": "mutation",
    "//": "ID retained, effect changed as teleport is of more limited use.",
    "id": "SPELL_TELEPORT",
    "name": "Sign of Alteration IV",
    "points": 4,
    "description": "\"If your enemy seeks escape or refuge, you will learn to halt them.\"\nUnknowable forces have given you a fourth gift, that can allow you to conjure barriers of light.  (( Remember to bind the \"spellcasting\" key! ))",
    "valid": false,
    "purifiable": false,
    "prereqs": [ "SPELL_LOCKPICK2" ],
    "changes_to": [ "SPELL_PACIFY" ],
    "cancels": [ "SPELL_HUNT_DRAGONBLOOD", "SPELL_LIGHT", "SPELL_LOCKPICK" ],
    "category": [ "VEIL" ],
    "threshreq": [ "THRESH_VEIL" ],
    "spells_learned": [ [ "arcana_blessing_wall_force", 1 ] ],
    "flags": [ "explorer_of_the_veil" ]
  },
  {
    "type": "mutation",
    "id": "SPELL_PACIFY",
    "name": "Sign of Alteration V",
    "points": 5,
    "description": "\"And if a foe would block your way, my messages can soothe what cannot be destroyed.\"\nUnknowable forces have given you a fifth gift, that can allow you to pacify monsters.  (( Remember to bind the \"spellcasting\" key! ))",
    "valid": false,
    "purifiable": false,
    "prereqs": [ "SPELL_TELEPORT" ],
    "changes_to": [ "SPELL_CONSECRATE" ],
    "cancels": [ "SPELL_HUNT_DRAGONBLOOD", "SPELL_LIGHT", "SPELL_LOCKPICK" ],
    "threshreq": [ "THRESH_VEIL" ],
    "category": [ "VEIL" ],
    "spells_learned": [ [ "arcana_blessing_pacify_monsters", 1 ] ],
    "flags": [ "explorer_of_the_veil" ]
  },
  {
    "type": "mutation",
    "id": "SPELL_CONSECRATE",
    "name": "Sign of Alteration VI",
    "points": 6,
    "description": "\"In time, you will play but one part in preserving this world, by driving off these intrusions.  It is my will.\"\nUnknowable forces have given you a sixth gift, that can allow you to subvert otherworldly alterations afflicting the environment.  (( Remember to bind the \"spellcasting\" key! ))",
    "valid": false,
    "purifiable": false,
    "prereqs": [ "SPELL_PACIFY" ],
    "cancels": [ "SPELL_HUNT_DRAGONBLOOD", "SPELL_LIGHT", "SPELL_LOCKPICK", "SPELL_CONSECRATELESSER" ],
    "threshreq": [ "THRESH_VEIL" ],
    "category": [ "VEIL" ],
    "spells_learned": [ [ "arcana_blessing_consecrate", 1 ] ],
    "flags": [ "explorer_of_the_veil" ]
  },
  {
    "type": "mutation",
    "id": "SPELL_STRENGTH2",
    "name": "Sign of Augmentation I",
    "points": 1,
    "description": "\"You must be strong, not just in body but especially in spirit.  In time, you will be strong enough to face the end of all.\"\nUnknowable forces have given you a gift, that can grant a strength-enhancing effect.  (( Remember to bind the \"spellcasting\" key! ))",
    "valid": false,
    "purifiable": false,
    "changes_to": [ "SPELL_CLAIRVOYANCE2" ],
    "cancels": [ "SPELL_INSTINCT_DRAGONBLOOD", "SPELL_STRENGTH" ],
    "category": [ "VEIL" ],
    "spells_learned": [ [ "arcana_blessing_might", 1 ] ],
    "flags": [ "explorer_of_the_veil" ]
  },
  {
    "type": "mutation",
    "id": "SPELL_CLAIRVOYANCE2",
    "name": "Sign of Augmentation II",
    "points": 2,
    "description": "\"You will face truths mortals are not meant to bear.\"\nUnknowable forces have given you a second gift, that can grant sight beyond sight.  (( Remember to bind the \"spellcasting\" key! ))",
    "valid": false,
    "purifiable": false,
    "prereqs": [ "SPELL_STRENGTH2" ],
    "changes_to": [ "SPELL_AGILE2" ],
    "cancels": [ "SPELL_INSTINCT_DRAGONBLOOD", "SPELL_STRENGTH", "SPELL_CLAIRVOYANCE" ],
    "category": [ "VEIL" ],
    "spells_learned": [ [ "arcana_blessing_clairvoyance", 1 ] ],
    "flags": [ "explorer_of_the_veil" ]
  },
  {
    "type": "mutation",
    "id": "SPELL_AGILE2",
    "name": "Sign of Augmentation III",
    "points": 3,
    "description": "\"You will learn to act without hesitation, to do what is needed for the sake of this world.\"\nUnknowable forces have given you a third gift, that can grant a speed and agility-enhancing effect.  (( Remember to bind the \"spellcasting\" key! ))",
    "valid": false,
    "purifiable": false,
    "prereqs": [ "SPELL_CLAIRVOYANCE2" ],
    "changes_to": [ "SPELL_DAYLIGHT2" ],
    "cancels": [ "SPELL_INSTINCT_DRAGONBLOOD", "SPELL_STRENGTH", "SPELL_CLAIRVOYANCE", "SPELL_AGILE" ],
    "category": [ "VEIL" ],
    "threshreq": [ "THRESH_VEIL" ],
    "spells_learned": [ [ "arcana_blessing_agility", 1 ] ],
    "flags": [ "explorer_of_the_veil" ]
  },
  {
    "type": "mutation",
    "id": "SPELL_DAYLIGHT2",
    "name": "Sign of Augmentation IV",
    "points": 4,
    "description": "\"Persevere and you shall carry my banner to the highest peaks of your realm, even through greatest hardship.\"\nUnknowable forces have given you a fourth gift, that can trigger an uplifting rush through the body.  (( Remember to bind the \"spellcasting\" key! ))",
    "valid": false,
    "purifiable": false,
    "prereqs": [ "SPELL_AGILE2" ],
    "changes_to": [ "SPELL_DRAINLIFE" ],
    "cancels": [ "SPELL_INSTINCT_DRAGONBLOOD", "SPELL_STRENGTH", "SPELL_CLAIRVOYANCE", "SPELL_AGILE", "SPELL_DAYLIGHT" ],
    "category": [ "VEIL" ],
    "threshreq": [ "THRESH_VEIL" ],
    "spells_learned": [ [ "arcana_blessing_surge_adrenaline", 1 ] ],
    "flags": [ "explorer_of_the_veil" ]
  },
  {
    "type": "mutation",
    "id": "SPELL_DRAINLIFE",
    "name": "Sign of Augmentation V",
    "points": 5,
    "description": "\"Take no pleasure in what you must do, but always find purpose in each act.\"\nUnknowable forces have given you a fifth gift, that can grant a temporary life-draining effect.  (( Remember to bind the \"spellcasting\" key! ))",
    "valid": false,
    "purifiable": false,
    "prereqs": [ "SPELL_DAYLIGHT2" ],
    "changes_to": [ "SPELL_INVIS" ],
    "cancels": [ "SPELL_INSTINCT_DRAGONBLOOD", "SPELL_STRENGTH", "SPELL_CLAIRVOYANCE", "SPELL_AGILE", "SPELL_DAYLIGHT" ],
    "category": [ "VEIL" ],
    "threshreq": [ "THRESH_VEIL" ],
    "spells_learned": [ [ "arcana_blessing_drain_life", 1 ] ],
    "flags": [ "explorer_of_the_veil" ]
  },
  {
    "type": "mutation",
    "id": "SPELL_INVIS",
    "name": "Sign of Augmentation VI",
    "points": 6,
    "description": "\"In time, you will be strong in spirit, and never need to hide from that which mortals fear.  It is my will.\"\nUnknowable forces have given you a sixth gift, that can grant temporary invisibility.  (( Remember to bind the \"spellcasting\" key! ))",
    "valid": false,
    "purifiable": false,
    "prereqs": [ "SPELL_DRAINLIFE" ],
    "cancels": [ "SPELL_INSTINCT_DRAGONBLOOD", "SPELL_STRENGTH", "SPELL_CLAIRVOYANCE", "SPELL_AGILE", "SPELL_DAYLIGHT" ],
    "category": [ "VEIL" ],
    "threshreq": [ "THRESH_VEIL" ],
    "spells_learned": [ [ "arcana_blessing_illusion_cloak", 1 ] ],
    "flags": [ "explorer_of_the_veil" ]
  },
  {
    "type": "mutation",
    "id": "SPELL_CONFUSE2",
    "name": "Sign of Destruction I",
    "points": 1,
    "description": "\"You will face many threats.  In time, they will be made to kneel.\"\nUnknowable forces have given you a gift, that can stun monsters in an area around you.  (( Remember to bind the \"spellcasting\" key! ))",
    "valid": false,
    "purifiable": false,
    "changes_to": [ "SPELL_CLOUD" ],
    "cancels": [ "SPELL_SUMMONFIEND", "SPELL_CONFUSE" ],
    "category": [ "VEIL" ],
    "spells_learned": [ [ "arcana_blessing_confuse_monster", 1 ] ],
    "flags": [ "explorer_of_the_veil" ]
  },
  {
    "type": "mutation",
    "id": "SPELL_CLOUD",
    "name": "Sign of Destruction II",
    "points": 2,
    "description": "\"Your enemies will suffer all the same evils they have visited upon this realm.\"\nUnknowable forces have given you a second gift, that can conjure toxic gases at a desired location.  (( Remember to bind the \"spellcasting\" key! ))",
    "valid": false,
    "purifiable": false,
    "prereqs": [ "SPELL_CONFUSE2" ],
    "changes_to": [ "SPELL_LIGHTNING2" ],
    "cancels": [ "SPELL_SUMMONFIEND", "SPELL_CONFUSE" ],
    "category": [ "VEIL" ],
    "spells_learned": [ [ "arcana_blessing_conjure_miasma", 1 ] ],
    "flags": [ "explorer_of_the_veil" ]
  },
  {
    "type": "mutation",
    "id": "SPELL_LIGHTNING2",
    "name": "Sign of Destruction III",
    "points": 3,
    "description": "\"You will use my gifts with caution, for each is a weapon to set right what has turned wrong.\"\nUnknowable forces have given you a third gift, that can invoke a storm of divine lightning.  (( Remember to bind the \"spellcasting\" key! ))",
    "valid": false,
    "purifiable": false,
    "prereqs": [ "SPELL_CLOUD" ],
    "changes_to": [ "SPELL_FIRE2" ],
    "cancels": [ "SPELL_SUMMONFIEND", "SPELL_CONFUSE", "SPELL_LIGHTNING" ],
    "category": [ "VEIL" ],
    "threshreq": [ "THRESH_VEIL" ],
    "spells_learned": [ [ "arcana_blessing_divine_storm", 1 ] ],
    "flags": [ "explorer_of_the_veil" ]
  },
  {
    "type": "mutation",
    "id": "SPELL_FIRE2",
    "name": "Sign of Destruction IV",
    "points": 4,
    "description": "\"Bring judgment to our enemies, for they bring only suffering.\"\nUnknowable forces have given you a fourth gift, that can blast an area with divine flames.  (( Remember to bind the \"spellcasting\" key! ))",
    "valid": false,
    "purifiable": false,
    "prereqs": [ "SPELL_LIGHTNING2" ],
    "changes_to": [ "SPELL_LIGHTNINGFIELD" ],
    "cancels": [ "SPELL_SUMMONFIEND", "SPELL_CONFUSE", "SPELL_LIGHTNING", "SPELL_FIRE" ],
    "category": [ "VEIL" ],
    "threshreq": [ "THRESH_VEIL" ],
    "spells_learned": [ [ "arcana_blessing_holy_flare", 1 ] ],
    "flags": [ "explorer_of_the_veil" ]
  },
  {
    "type": "mutation",
    "id": "SPELL_LIGHTNINGFIELD",
    "name": "Sign of Destruction V",
    "points": 5,
    "description": "\"With a steady hand, you will strike true.\"\nUnknowable forces have given you a fifth gift, that can bathe your enemies in bolts of lightning.  (( Remember to bind the \"spellcasting\" key! ))",
    "valid": false,
    "purifiable": false,
    "prereqs": [ "SPELL_FIRE2" ],
    "changes_to": [ "SPELL_PULSE" ],
    "cancels": [ "SPELL_SUMMONFIEND", "SPELL_CONFUSE", "SPELL_LIGHTNING", "SPELL_FIRE" ],
    "category": [ "VEIL" ],
    "threshreq": [ "THRESH_VEIL" ],
    "spells_learned": [ [ "arcana_blessing_radiant_burst", 1 ] ],
    "flags": [ "explorer_of_the_veil" ]
  },
  {
    "type": "mutation",
    "id": "SPELL_PULSE",
    "name": "Sign of Destruction VI",
    "points": 6,
    "description": "\"In time, you will play a part in avenging these evils.  It is my will.\"\nUnknowable forces have given you a sixth gift, that can unleash a blast of destructive energy.  (( Remember to bind the \"spellcasting\" key! ))",
    "valid": false,
    "purifiable": false,
    "category": [ "VEIL" ],
    "prereqs": [ "SPELL_LIGHTNINGFIELD" ],
    "cancels": [ "SPELL_SUMMONFIEND", "SPELL_CONFUSE", "SPELL_LIGHTNING", "SPELL_FIRE" ],
    "threshreq": [ "THRESH_VEIL" ],
    "spells_learned": [ [ "arcana_blessing_wave_destruction", 1 ] ],
    "flags": [ "explorer_of_the_veil" ]
  },
  {
    "type": "mutation",
    "id": "SPELL_ACIDARMOR",
    "name": "Sign of Protection I",
    "points": 1,
    "description": "\"To serve me, you must learn to guard against many threats.  In time, you will have nothing to fear.\"\nUnknowable forces have given you a gift, that can grant temporary resistance to corrosive effects.  (( Remember to bind the \"spellcasting\" key! ))",
    "valid": false,
    "purifiable": false,
    "changes_to": [ "SPELL_POISONARMOR2" ],
    "cancels": [ "SPELL_EMBERS_DRAGONBLOOD" ],
    "category": [ "VEIL" ],
    "spells_learned": [ [ "arcana_blessing_ward_acid", 1 ] ],
    "flags": [ "explorer_of_the_veil" ]
  },
  {
    "type": "mutation",
    "id": "SPELL_POISONARMOR2",
    "name": "Sign of Protection II",
    "points": 2,
    "description": "\"You will bear my mark of protection, for your body is a frail and transient thing.\"\nUnknowable forces have given you a second gift, that can grant temporary protection from toxic gas and other poisons.  (( Remember to bind the \"spellcasting\" key! ))",
    "valid": false,
    "purifiable": false,
    "prereqs": [ "SPELL_ACIDARMOR" ],
    "changes_to": [ "SPELL_ELECRESIST2" ],
    "cancels": [ "SPELL_EMBERS_DRAGONBLOOD", "SPELL_POISONARMOR" ],
    "category": [ "VEIL" ],
    "spells_learned": [ [ "arcana_blessing_ward_poison", 1 ] ],
    "flags": [ "explorer_of_the_veil" ]
  },
  {
    "type": "mutation",
    "id": "SPELL_ELECRESIST2",
    "name": "Sign of Protection III",
    "points": 3,
    "description": "\"You will face storms that would sweep away all you hold dear.\"\nUnknowable forces have given you a third gift, that can grant temporary protection against electricity.  (( Remember to bind the \"spellcasting\" key! ))",
    "valid": false,
    "purifiable": false,
    "prereqs": [ "SPELL_POISONARMOR2" ],
    "changes_to": [ "SPELL_FLAMEARMOR2" ],
    "cancels": [ "SPELL_EMBERS_DRAGONBLOOD", "SPELL_POISONARMOR", "SPELL_ELECRESIST" ],
    "category": [ "VEIL" ],
    "threshreq": [ "THRESH_VEIL" ],
    "spells_learned": [ [ "arcana_blessing_ward_lightning", 1 ] ],
    "flags": [ "explorer_of_the_veil" ]
  },
  {
    "type": "mutation",
    "id": "SPELL_FLAMEARMOR2",
    "name": "Sign of Protection IV",
    "points": 4,
    "description": "\"But your spirit shall face these trials as stone faces the flame, unyielding to the inferno.\"\nUnknowable forces have given you a fourth gift, that can grant resistance to fire and smoke.  (( Remember to bind the \"spellcasting\" key! ))",
    "valid": false,
    "purifiable": false,
    "prereqs": [ "SPELL_ELECRESIST2" ],
    "changes_to": [ "SPELL_FROSTARMOR" ],
    "cancels": [ "SPELL_EMBERS_DRAGONBLOOD", "SPELL_POISONARMOR", "SPELL_ELECRESIST", "SPELL_FLAMEARMOR" ],
    "category": [ "VEIL" ],
    "threshreq": [ "THRESH_VEIL" ],
    "spells_learned": [ [ "arcana_blessing_ward_flame", 1 ] ],
    "flags": [ "explorer_of_the_veil" ]
  },
  {
    "type": "mutation",
    "id": "SPELL_FROSTARMOR",
    "name": "Sign of Protection V",
    "points": 5,
    "description": "\"There will be no storm, no blizzard, nothing will deter you when you heed my call.\"\nUnknowable forces have given you a fifth gift, that can protect against cold.  (( Remember to bind the \"spellcasting\" key! ))",
    "valid": false,
    "purifiable": false,
    "prereqs": [ "SPELL_FLAMEARMOR2" ],
    "changes_to": [ "SPELL_PSYSHIELD" ],
    "cancels": [ "SPELL_EMBERS_DRAGONBLOOD", "SPELL_POISONARMOR", "SPELL_ELECRESIST", "SPELL_FLAMEARMOR", "SPELL_FROSTARMORLESSER" ],
    "category": [ "VEIL" ],
    "threshreq": [ "THRESH_VEIL" ],
    "spells_learned": [ [ "arcana_blessing_ward_cold", 1 ] ],
    "flags": [ "explorer_of_the_veil" ]
  },
  {
    "type": "mutation",
    "id": "SPELL_PSYSHIELD",
    "name": "Sign of Protection VI",
    "points": 6,
    "description": "\"In time, your service to me will see you safely through death itself.  It is my will.\"\nUnknowable forces have given you a sixth gift, that can project a powerful protective force.  (( Remember to bind the \"spellcasting\" key! ))",
    "valid": false,
    "purifiable": false,
    "prereqs": [ "SPELL_FROSTARMOR" ],
    "cancels": [
      "SPELL_EMBERS_DRAGONBLOOD",
      "SPELL_POISONARMOR",
      "SPELL_ELECRESIST",
      "SPELL_FLAMEARMOR",
      "SPELL_CLERIC",
      "SPELL_FROSTARMORLESSER"
    ],
    "category": [ "VEIL" ],
    "threshreq": [ "THRESH_VEIL" ],
    "spells_learned": [ [ "arcana_blessing_holy_ward", 1 ] ],
    "flags": [ "explorer_of_the_veil" ]
  },
  {
    "type": "mutation",
    "id": "SPELL_SUMMONDOG2",
    "name": "Sign of Summoning I",
    "points": 1,
    "description": "\"This is a sign of the fate that awaits your world.  In time, you must learn what will help avert this omen.\"\nUnknowable forces have given you a gift, that can summon skeletal dogs.  (( Remember to bind the \"spellcasting\" key! ))",
    "valid": false,
    "purifiable": false,
    "changes_to": [ "SPELL_SUMMONSKEL" ],
    "cancels": [ "SPELL_SUMMONWYRM", "SPELL_SUMMONDOG" ],
    "category": [ "VEIL" ],
    "spells_learned": [ [ "arcana_blessing_summon_skeletal_dog", 1 ] ],
    "flags": [ "explorer_of_the_veil" ]
  },
  {
    "type": "mutation",
    "id": "SPELL_SUMMONSKEL",
    "name": "Sign of Summoning II",
    "points": 2,
    "description": "\"You will witness more dire omens, foretelling your fate.  Do not fear them.\"\nUnknowable forces have given you a second gift, that can summon a skeleton.  (( Remember to bind the \"spellcasting\" key! ))",
    "valid": false,
    "purifiable": false,
    "prereqs": [ "SPELL_SUMMONDOG2" ],
    "changes_to": [ "SPELL_SUMMONCULUS" ],
    "cancels": [ "SPELL_SUMMONWYRM", "SPELL_SUMMONDOG" ],
    "category": [ "VEIL" ],
    "spells_learned": [ [ "arcana_blessing_summon_skeleton", 1 ] ],
    "flags": [ "explorer_of_the_veil" ]
  },
  {
    "type": "mutation",
    "id": "SPELL_SUMMONCULUS",
    "name": "Sign of Summoning III",
    "points": 3,
    "description": "\"You will witness other interlopers, promising different paths to your world's survival.  They are false omens.\"\nUnknowable forces have given you a third gift, that can summon a homunculus.  (( Remember to bind the \"spellcasting\" key! ))",
    "valid": false,
    "purifiable": false,
    "prereqs": [ "SPELL_SUMMONSKEL" ],
    "changes_to": [ "SPELL_SUMMONTHING" ],
    "cancels": [ "SPELL_SUMMONWYRM", "SPELL_SUMMONDOG" ],
    "category": [ "VEIL" ],
    "threshreq": [ "THRESH_VEIL" ],
    "spells_learned": [ [ "arcana_blessing_summon_homunculus", 1 ] ],
    "flags": [ "explorer_of_the_veil" ]
  },
  {
    "type": "mutation",
    "id": "SPELL_SUMMONTHING",
    "name": "Sign of Summoning IV",
    "points": 4,
    "description": "\"With caution you will learn to read these signs, and call forth beings to answer their false promises.\"\nUnknowable forces have given you a fourth gift, that can summon a horrifying thing.  (( Remember to bind the \"spellcasting\" key! ))",
    "valid": false,
    "purifiable": false,
    "prereqs": [ "SPELL_SUMMONCULUS" ],
    "changes_to": [ "SPELL_BUGS" ],
    "cancels": [ "SPELL_SUMMONWYRM", "SPELL_SUMMONDOG" ],
    "category": [ "VEIL" ],
    "threshreq": [ "THRESH_VEIL" ],
    "spells_learned": [ [ "arcana_blessing_summon_thing", 1 ] ],
    "flags": [ "explorer_of_the_veil" ]
  },
  {
    "type": "mutation",
    "id": "SPELL_BUGS",
    "name": "Sign of Summoning V",
    "points": 5,
    "description": "\"Your omens will avert theirs, and your signs will reveal our enemies for what they truly are.\"\nUnknowable forces have given you a fifth gift, that can summon giant centipedes.  (( Remember to bind the \"spellcasting\" key! ))",
    "valid": false,
    "purifiable": false,
    "prereqs": [ "SPELL_SUMMONTHING" ],
    "changes_to": [ "SPELL_SUMMONVORTEX" ],
    "cancels": [ "SPELL_SUMMONWYRM", "SPELL_SUMMONDOG", "SPELL_BUGSLESSER" ],
    "category": [ "VEIL" ],
    "threshreq": [ "THRESH_VEIL" ],
    "spells_learned": [ [ "arcana_blessing_summon_giant_centipedes", 1 ] ],
    "flags": [ "explorer_of_the_veil" ]
  },
  {
    "type": "mutation",
    "id": "SPELL_SUMMONVORTEX",
    "name": "Sign of Summoning VI",
    "points": 6,
    "description": "\"In time, you will bear my messages, and call forth heralds to guide others.  It is my will.\"\nUnknowable forces have given you a sixth gift, that can summon vortices.  (( Remember to bind the \"spellcasting\" key! ))",
    "valid": false,
    "purifiable": false,
    "prereqs": [ "SPELL_BUGS" ],
    "cancels": [ "SPELL_SUMMONWYRM", "SPELL_SUMMONDOG", "SPELL_BUGSLESSER" ],
    "category": [ "VEIL" ],
    "threshreq": [ "THRESH_VEIL" ],
    "spells_learned": [ [ "arcana_blessing_summon_vortices", 1 ] ],
    "flags": [ "explorer_of_the_veil" ]
  },
  {
    "type": "mutation",
    "id": "ARCANA_SCALYPATCHES",
    "name": "Scaly Patches",
    "points": 1,
    "visibility": 5,
    "ugliness": 3,
    "description": "Part of your torso and arms have become covered in flexible scales, providing limited protection there.",
    "valid": false,
    "purifiable": false,
    "category": [ "DRAGONBLOOD" ],
    "changes_to": [ "ARCANA_DRAGONSCALES" ],
    "types": [ "SKIN" ],
    "stealth_modifier": -5,
    "wet_protection": [ { "part": "ARM_L", "ignored": 4 }, { "part": "ARM_R", "ignored": 4 }, { "part": "TORSO", "ignored": 10 } ],
    "armor": [ { "parts": [ "ARM_L", "ARM_R", "TORSO" ], "bash": 1, "cut": 2 } ]
  },
  {
    "type": "mutation",
    "id": "ARCANA_DRAGONSCALES",
    "name": "Draconic Scales",
    "points": 2,
    "visibility": 10,
    "ugliness": 3,
    "description": "A set of flexible scales and armored plates now covers your body, acting as natural armor.  Somewhat reduces wet effects.",
    "valid": false,
    "purifiable": false,
    "category": [ "DRAGONBLOOD" ],
    "prereqs": [ "ARCANA_SCALYPATCHES" ],
    "threshreq": [ "THRESH_DRAGONBLOOD" ],
    "types": [ "SKIN" ],
    "stealth_modifier": -20,
    "wet_protection": [
      { "part": "HEAD", "ignored": 3 },
      { "part": "LEG_L", "ignored": 10 },
      { "part": "LEG_R", "ignored": 10 },
      { "part": "FOOT_L", "ignored": 3 },
      { "part": "FOOT_R", "ignored": 3 },
      { "part": "ARM_L", "ignored": 9 },
      { "part": "ARM_R", "ignored": 9 },
      { "part": "HAND_L", "ignored": 2 },
      { "part": "HAND_R", "ignored": 2 },
      { "part": "TORSO", "ignored": 20 }
    ],
    "armor": [ { "parts": "ALL", "bash": 2, "cut": 4, "acid": 3 } ]
  },
  {
    "type": "mutation",
    "id": "ARCANA_FIREAFFINITY",
    "name": "Elemental Affinity",
    "points": 4,
    "bodytemp_modifiers": [ -2500, 0 ],
    "description": "Your body feels abnormally comfortable around heat and flame, letting you tolerate its heat for longer, and reducing damage from fire.",
    "valid": false,
    "purifiable": false,
    "category": [ "DRAGONBLOOD" ],
    "prereqs": [ "ARCANA_INNERFIRE", "ARCANA_DRAGONFIRE" ],
    "prereqs2": [ "CANNIBAL" ],
    "armor": [ { "parts": "ALL", "heat": 6 } ]
  },
  {
    "type": "mutation",
    "id": "ARCANA_TOXINIMMUNE",
    "name": "Metabolic Resilience",
    "points": 5,
    "description": "Your body has adapted to prey upon the new life that infests this world.  It's not powerful enough to deal with undead flesh, but mutated meat is more tolerable to your system.  Albeit, not to your palette.",
    "valid": false,
    "purifiable": false,
    "category": [ "DRAGONBLOOD" ],
    "prereqs": [ "ARCANA_INNERFIRE", "ARCANA_DRAGONFIRE" ],
    "vitamin_rates": [ [ "mutant_toxin", 1 ] ]
  },
  {
    "type": "mutation",
    "id": "ARCANA_INNERHEAT",
    "name": "Inner Heat",
    "points": 1,
    "mixed_effect": true,
    "bodytemp_modifiers": [ 250, 500 ],
    "bodytemp_sleep": 100,
    "description": "A strange heat permeates your body, warming you up in exchange for a more active metabolism.  While you need to eat and drink more, you also find it easier to recover from physical exertion and mend wounds.",
    "valid": false,
    "purifiable": false,
    "changes_to": [ "ARCANA_INNERFIRE" ],
    "category": [ "DRAGONBLOOD" ],
    "types": [ "METABOLISM" ],
    "metabolism_modifier": 0.5,
    "thirst_modifier": 0.5,
    "healing_awake": 1.0,
    "healing_resting": 0.5,
    "stamina_regen_modifier": 0.5
  },
  {
    "type": "mutation",
    "id": "ARCANA_INNERFIRE",
    "name": "Inner Fire",
    "points": 2,
    "mixed_effect": true,
    "bodytemp_modifiers": [ 500, 750 ],
    "bodytemp_sleep": 250,
    "description": "That strange warmth deep within your body has grown more intense, and its effects have become more pronounced.  While you still need to eat and drink more, your stamina and healing have adapted in turn.  A strange glow can also be faintly seen in the back of your throat, lending an unnatural aura of menace to your every word.",
    "valid": false,
    "purifiable": false,
    "prereqs": [ "ARCANA_INNERHEAT" ],
    "prereqs2": [ "ANIMALDISCORD" ],
    "changes_to": [ "ARCANA_DRAGONFIRE" ],
    "leads_to": [ "ARCANA_FIREAFFINITY", "ARCANA_TOXINIMMUNE" ],
    "category": [ "DRAGONBLOOD" ],
    "types": [ "METABOLISM" ],
    "metabolism_modifier": 1.0,
    "thirst_modifier": 1.0,
    "healing_awake": 2.0,
    "healing_resting": 1.0,
    "stamina_regen_modifier": 0.666,
    "social_modifiers": { "persuade": -25, "intimidate": 25 }
  },
  {
    "type": "mutation",
    "id": "ARCANA_DRAGONFIRE",
    "name": "Dragonfire",
    "points": 5,
    "mixed_effect": true,
    "bodytemp_modifiers": [ 0, 1000 ],
    "bodytemp_sleep": 500,
    "description": "Your body has adapted further, exploiting the strange power that fuels your body.  You still need more food and water than normal, but the benefits are more pronounced relative to the drawbacks.  Activate to breathe short-ranged bursts of flame.",
    "valid": false,
    "purifiable": false,
    "prereqs": [ "ARCANA_INNERFIRE" ],
    "threshreq": [ "THRESH_DRAGONBLOOD" ],
    "prereqs2": [ "CARNIVORE" ],
    "category": [ "DRAGONBLOOD" ],
    "types": [ "METABOLISM" ],
    "metabolism_modifier": 1.25,
    "thirst_modifier": 1.25,
    "healing_awake": 3.0,
    "healing_resting": 1.5,
    "stamina_regen_modifier": 0.75,
    "social_modifiers": { "persuade": -25, "intimidate": 25 },
    "active": true,
    "cost": 30,
    "hunger": true,
    "ranged_mutation": { "type": "mut_dragonfire", "message": "You loose a tongue of flame from your mouth." }
  },
  {
    "type": "mutation",
    "id": "ARCANA_SCALYWINGS",
    "name": "Scaly Wings",
    "points": -1,
    "visibility": 4,
    "ugliness": 2,
    "description": "You have a pair of large, scale-covered wings.  Your body is too heavy to be able to fly, and worse yet they seem to simply get in the way, preventing you from wearing any torso gear not made of fabric.",
    "valid": false,
    "purifiable": false,
    "prereqs": [ "ARCANA_SCALYPATCHES", "ARCANA_DRAGONSCALES" ],
    "changes_to": [ "ARCANA_DRAGONWINGS" ],
    "encumbrance_always": [ [ "TORSO", 10 ] ],
    "encumbrance_covered": [ [ "TORSO", 5 ] ],
    "category": [ "DRAGONBLOOD" ],
    "types": [ "WINGS" ],
    "restricts_gear": [ "TORSO" ],
    "allow_soft_gear": true
  },
  {
    "type": "mutation",
    "id": "ARCANA_DRAGONWINGS",
    "name": "Draconic Wings",
    "points": 1,
    "visibility": 4,
    "ugliness": 2,
    "description": "You have a pair of large, scale-covered wings.  While you are still unable to fly, your muscles have addapted to support their movements.  They don't encumber you as severely, and the resulting adaptation has improved your strength and stamina.",
    "valid": false,
    "purifiable": false,
    "prereqs": [ "ARCANA_SCALYWINGS" ],
    "threshreq": [ "THRESH_DRAGONBLOOD" ],
    "category": [ "DRAGONBLOOD" ],
    "encumbrance_always": [ [ "TORSO", 5 ] ],
    "encumbrance_covered": [ [ "TORSO", 5 ] ],
    "types": [ "WINGS" ],
    "max_stamina_modifier": 1.1,
    "restricts_gear": [ "TORSO" ],
    "allow_soft_gear": true,
    "passive_mods": { "str_mod": 3 }
  },
  {
    "type": "mutation",
    "id": "ARCANA_DRAGONCLAWS",
    "name": "Curved Claws",
    "points": 2,
    "visibility": 3,
    "ugliness": 2,
    "description": "You have sharply curved claws on the ends of your fingers, allowing you to make an extra attack when conditions favor it.  However, they do get in the way a bit, especially if you are wearing gloves.",
    "valid": false,
    "purifiable": false,
    "types": [ "CLAWS" ],
    "category": [ "DRAGONBLOOD" ],
    "encumbrance_always": [ [ "HAND_L", 5 ], [ "HAND_R", 5 ] ],
    "encumbrance_covered": [ [ "HAND_L", 5 ], [ "HAND_R", 5 ] ],
    "attacks": [
      {
        "attack_text_u": "You slash %s with your claws",
        "attack_text_npc": "%1$s slashes %2$s with their claws",
        "chance": 20,
        "strength_damage": { "damage_type": "cut", "amount": 2 }
      }
    ]
  },
  {
    "type": "mutation",
    "id": "ARCANA_DRAGONTEETH",
    "name": "Pointed Teeth",
    "points": 2,
    "visibility": 2,
    "ugliness": 3,
    "description": "Your teeth have changed into an assortment of pointed mimicries of human teeth, allowing you to make an extra attack when conditions favor it.",
    "valid": false,
    "purifiable": false,
    "category": [ "DRAGONBLOOD" ],
    "changes_to": [ "ARCANA_DRAGONMUZZLE" ],
    "types": [ "TEETH" ],
    "attacks": {
      "attack_text_u": "You sink your teeth into %s",
      "attack_text_npc": "%1$s sinks their teeth into %2$s",
      "body_part": "MOUTH",
      "chance": 20,
      "strength_damage": { "damage_type": "stab", "amount": 2 }
    }
  },
  {
    "type": "mutation",
    "id": "ARCANA_DRAGONMUZZLE",
    "name": "Draconic Muzzle",
    "points": -2,
    "visibility": 5,
    "ugliness": 4,
    "mixed_effect": true,
    "description": "Your jaw and nose have extended into a somewhat pointed muzzle, pointed yet fairly broad.  It lends itself to biting in combat and looks impressive, but prevents you from wearing mouthgear.",
    "valid": false,
    "purifiable": false,
    "prereqs": [ "ARCANA_DRAGONSCALES" ],
    "prereqs2": [ "ARCANA_DRAGONTEETH" ],
    "threshreq": [ "THRESH_DRAGONBLOOD" ],
    "category": [ "DRAGONBLOOD" ],
    "types": [ "TEETH", "MUZZLE", "facial_hair" ],
    "restricts_gear": [ "MOUTH" ],
    "social_modifiers": { "intimidate": 20 },
    "attacks": {
      "attack_text_u": "You savagely tear into %s with your jaws",
      "attack_text_npc": "%1$s savagely tear into %2$s with their jaws",
      "body_part": "MOUTH",
      "chance": 15,
      "strength_damage": { "damage_type": "stab", "amount": 4 }
    }
  },
  {
    "type": "mutation",
    "id": "ARCANA_SCALYLEGS",
    "name": "Scaly Hind Limbs",
    "points": -2,
    "visibility": 5,
    "ugliness": 2,
    "mixed_effect": true,
    "description": "Your legs have been altered into a digitigrade structure ending in wickedly sharp talons, preventing you from wearing footwear and making it hard to walk, especially on rough terrain.  It's even worse if you try to wear anything over them.  On the plus side, you can kick with them rather effectively.",
    "valid": false,
    "purifiable": false,
    "category": [ "DRAGONBLOOD" ],
    "prereqs": [ "ARCANA_DRAGONSCALES" ],
    "threshreq": [ "THRESH_DRAGONBLOOD" ],
    "changes_to": [ "ARCANA_DRAGONLEGS" ],
    "types": [ "LEGS" ],
    "encumbrance_always": [ [ "LEG_L", 10 ], [ "LEG_R", 10 ], [ "FOOT_L", 10 ], [ "FOOT_R", 10 ] ],
    "encumbrance_covered": [ [ "LEG_L", 10 ], [ "LEG_R", 10 ], [ "FOOT_L", 10 ], [ "FOOT_R", 10 ] ],
    "restricts_gear": [ "FOOT_L", "FOOT_R" ],
    "destroys_gear": true,
    "movecost_obstacle_modifier": 1.3,
    "movecost_flatground_modifier": 0.9,
    "noise_modifier": 2.0,
    "attacks": [
      {
        "attack_text_u": "You rake %s with your toe claws",
        "attack_text_npc": "%1$s rakes %2$s with their toe claws",
        "chance": 30,
        "strength_damage": { "damage_type": "cut", "amount": 2 }
      }
    ]
  },
  {
    "type": "mutation",
    "id": "ARCANA_DRAGONLEGS",
    "name": "Draconic Hind Limbs",
    "points": 1,
    "visibility": 5,
    "ugliness": 2,
    "mixed_effect": true,
    "description": "Your legs have been altered into a digitigrade structure ending in wickedly sharp talons.  While you still can't wear footwear, your new legs have adapted to a bipedal structure, making them much less awkward.  Rough terrain is still a hindrance and they're better left uncovered, but you can move a bit faster on level ground.",
    "valid": false,
    "purifiable": false,
    "category": [ "DRAGONBLOOD" ],
    "prereqs": [ "ARCANA_SCALYLEGS" ],
    "threshreq": [ "THRESH_DRAGONBLOOD" ],
    "types": [ "LEGS" ],
    "encumbrance_always": [ [ "LEG_L", 5 ], [ "LEG_R", 5 ], [ "FOOT_L", 5 ], [ "FOOT_R", 5 ] ],
    "encumbrance_covered": [ [ "LEG_L", 5 ], [ "LEG_R", 5 ], [ "FOOT_L", 5 ], [ "FOOT_R", 5 ] ],
    "restricts_gear": [ "FOOT_L", "FOOT_R" ],
    "destroys_gear": true,
    "movecost_obstacle_modifier": 1.2,
    "movecost_flatground_modifier": 0.8,
    "noise_modifier": 1.5,
    "attacks": [
      {
        "attack_text_u": "You rake %s with your toe claws",
        "attack_text_npc": "%1$s rakes %2$s with their toe claws",
        "chance": 25,
        "strength_damage": { "damage_type": "cut", "amount": 3 }
      }
    ]
  },
  {
    "type": "mutation",
    "id": "ARCANA_SCALYTAIL",
    "name": "Scaly Tail",
    "points": 2,
    "visibility": 8,
    "ugliness": 2,
    "description": "You have a long, thin, lizardlike tail.  It's flexible enough to help with balance a bit, and makes a serviceable whip.  Prevents wearing non-fabric pants.",
    "valid": false,
    "purifiable": false,
    "prereqs": [ "ARCANA_SCALYPATCHES", "ARCANA_DRAGONSCALES" ],
    "changes_to": [ "ARCANA_DRAGONTAIL" ],
    "category": [ "DRAGONBLOOD" ],
    "types": [ "TAIL" ],
    "restricts_gear": [ "LEG_L", "LEG_R" ],
    "allow_soft_gear": true,
    "attacks": {
      "attack_text_u": "You whip %s with your tail",
      "attack_text_npc": "%1$s whips %2$s with their tail",
      "chance": 20,
      "strength_damage": { "damage_type": "bash", "amount": 1 }
    },
    "dodge_modifier": 2
  },
  {
    "type": "mutation",
    "id": "ARCANA_DRAGONTAIL",
    "name": "Draconic Tail",
    "points": 3,
    "visibility": 8,
    "ugliness": 3,
    "description": "You have a long, thin, lizardlike tail, with a few nasty-looking spikes on the end of it.  It doesn't help as much with balance anymore, but still makes a serviceable whip.  Prevents wearing non-fabric pants.",
    "valid": false,
    "purifiable": false,
    "prereqs": [ "ARCANA_SCALYTAIL" ],
    "category": [ "DRAGONBLOOD" ],
    "types": [ "TAIL" ],
    "restricts_gear": [ "LEG_L", "LEG_R" ],
    "allow_soft_gear": true,
    "attacks": {
      "attack_text_u": "You lash %s with your tail",
      "attack_text_npc": "%1$s lashes %2$s with their tail",
      "chance": 15,
      "strength_damage": [ { "damage_type": "stab", "amount": 2 }, { "damage_type": "bash", "amount": 1 } ]
    },
    "//": "Becoming less effective at balancing is intentional, spikes aren't as substantial as Spiked Tail but still impedes dodge bonus.",
    "dodge_modifier": 1
  },
  {
    "type": "mutation",
    "id": "ARCANA_DRAGONHORNS",
    "name": "Swept-Back Horns",
    "points": 3,
    "visibility": 6,
    "ugliness": 1,
    "mixed_effect": true,
    "description": "You have a pair of relatively short horns, sweeping and pointing backwards.  While they don't make very good weapons, and prevent you from wearing any headwear not made of fabric, they tend to get in the way of attacks aimed at your head.",
    "valid": false,
    "purifiable": false,
    "category": [ "DRAGONBLOOD" ],
    "types": [ "HORNS" ],
    "restricts_gear": [ "HEAD" ],
    "allow_soft_gear": true,
    "armor": [ { "parts": "HEAD", "bash": 5, "cut": 10 } ],
    "attacks": {
      "attack_text_u": "You headbutt %s",
      "attack_text_npc": "%1$s headbutts %2$s",
      "chance": 35,
      "strength_damage": { "damage_type": "bash", "amount": 2 }
    }
  },
  {
    "type": "mutation",
    "id": "ARCANA_PLATES",
    "name": "Draconic Plating",
    "points": 6,
    "visibility": 8,
    "ugliness": 3,
    "mixed_effect": true,
    "description": "You have grown thick, overlapping plates like scutes along part of your body, serving as sturdy natural armor.  Reduces wet effects a bit.",
    "valid": false,
    "purifiable": false,
    "prereqs": [ "ARCANA_DRAGONMUZZLE" ],
    "prereqs2": [ "ARCANA_DRAGONLEGS" ],
    "category": [ "DRAGONBLOOD" ],
    "threshreq": [ "THRESH_DRAGONBLOOD" ],
    "wet_protection": [ { "part": "TORSO", "ignored": 15 } ],
    "encumbrance_always": [ [ "TORSO", 5 ] ],
    "encumbrance_covered": [ [ "TORSO", 5 ] ],
    "armor": [ { "parts": "TORSO", "bash": 5, "cut": 15 } ]
  },
  {
    "type": "mutation",
    "id": "PROF_CLEANSINGFLAME",
    "name": "Cleansing Flame",
    "points": 0,
    "description": "You were sworn into an order known as the Cleansing Flame.  Whether a dutiful hunter or a renagade, wherever your loyalties now lie, your past may still be useful in the future.",
    "valid": false,
    "purifiable": false,
    "profession": true,
    "//": "This prevents mage hunters from picking forbidden summoning spells, along with blood magic.",
    "cancels": [ "SPELL_SHADOWSNAKES", "SPELL_SUMMONDOG", "SPELL_BUGSLESSER", "SPELL_CLARITY", "SPELL_ECLIPSE" ]
  },
  {
    "type": "mutation",
    "id": "PROF_CLEANSINGFLAME2",
    "name": "Cleansing Flame",
    "points": 0,
    "description": "You were sworn into an order known as the Cleansing Flame.  Whether a dutiful hunter or a renagade, wherever your loyalties now lie, your past may still be useful in the future.",
    "valid": false,
    "purifiable": false,
    "profession": true,
    "//": "This prevents mage hunters from picking forbidden summoning spells, along with blood magic.",
    "cancels": [ "SPELL_SHADOWSNAKES", "SPELL_SUMMONDOG", "SPELL_BUGSLESSER", "SPELL_CLARITY", "SPELL_ECLIPSE" ]
  },
  {
    "type": "mutation",
    "id": "PROF_SANGUINE",
    "name": "Sanguinist",
    "points": 0,
    "description": "You were sworn into an order known as the Sanguine Order.  Infamous and feared as you were among those who studied in secret, your past may still be useful in the future.",
    "valid": false,
    "purifiable": false,
    "profession": true,
    "//": "This prevents blood mages from picking a spell considered potentially too altruistic in nature, or from choosing a faction-specific martial art.  Non-faction arcanists are still allowed to pick it.",
    "cancels": [ "SPELL_HEAL", "MARTIAL_ARTS_CF" ]
  },
  {
    "type": "mutation",
    "id": "PROF_CHALICE",
    "name": "Keeper of The Oath",
    "points": 0,
    "description": "You were sworn into an order known as the Keepers of The Oath.  Whether or not He From Beyond The Veil still guides you, the oath you swore is eternal, and your past may still be useful in the future.",
    "valid": false,
    "purifiable": false,
    "profession": true,
    "//": "This prevents dark priests from picking a faction-specific martial art.  Non-faction arcanists are still allowed to pick it.",
    "cancels": [ "MARTIAL_ARTS_CF" ]
  },
  {
    "type": "mutation",
    "id": "PROF_ARCANIST",
    "name": "Arcanist",
    "points": 0,
    "description": "Though you studied the Beyond, you weren't directly associated with the major groups to gain infamy among your fellow scholars.  Still, your familiarity with the arcane may prove useful someday.",
    "valid": false,
    "purifiable": false,
    "profession": true
  },
  {
    "type": "mutation",
    "id": "PROF_ARCANIST2",
    "name": "Arcanist",
    "points": 0,
    "description": "Though you studied the Beyond, you weren't directly associated with the major groups to gain infamy among your fellow scholars.  Still, your familiarity with the arcane may prove useful someday.",
    "valid": false,
    "purifiable": false,
    "profession": true
  }
]
