[
  {
    "type": "npc_class",
    "id": "NC_HERMIT",
    "name": "Hermit",
    "job_description": "I'm just an old man.",
    "common": false,
    "bonus_str": { "rng": [ -3, 0 ] },
    "bonus_dex": { "rng": [ -2, 1 ] },
    "bonus_int": { "rng": [ 2, 5 ] },
    "bonus_per": { "rng": [ -2, 2 ] },
    "skills": [
      { "skill": "magic", "level": { "rng": [ 7, 9 ] } },
      { "skill": "cooking", "level": { "rng": [ 2, 4 ] } },
      { "skill": "fabrication", "level": { "rng": [ 5, 6 ] } },
      { "skill": "firstaid", "level": { "rng": [ 1, 3 ] } },
      { "skill": "speech", "level": { "rng": [ 1, 3 ] } },
      { "skill": "survival", "level": { "rng": [ 3, 5 ] } },
      { "skill": "swimming", "level": { "rng": [ 1, 2 ] } },
      { "skill": "tailor", "level": { "rng": [ 2, 4 ] } },
      { "skill": "traps", "level": { "rng": [ 1, 3 ] } },
      { "skill": "archery", "level": { "rng": [ 2, 4 ] } },
      { "skill": "bashing", "level": { "rng": [ 1, 3 ] } },
      { "skill": "gun", "level": { "rng": [ 5, 7 ] } },
      { "skill": "melee", "level": { "rng": [ 1, 3 ] } },
      { "skill": "stabbing", "level": { "rng": [ 2, 4 ] } }
    ],
    "worn_override": "NC_HERMIT_worn",
    "carry_override": "NC_HERMIT_carry",
    "weapon_override": "NC_HERMIT_weapon",
    "traits": [
      [ "SKIN_MEDIUM", 100 ],
      [ "hair_white_short", 100 ],
      [ "PROF_CHALICE", 100 ],
      [ "NIGHTVISION", 100 ],
      [ "MYOPIC", 100 ],
      [ "BADHEARING", 100 ],
      [ "LIGHTSTEP", 100 ],
      [ "BADKNEES", 100 ]
    ]
  },
  {
    "type": "npc_class",
    "id": "NC_CF_DEACON",
    "name": "Deacon",
    "job_description": "I am a cleric visiting the refugee center.",
    "common": false,
    "bonus_per": { "rng": [ 0, 2 ] },
    "bonus_int": { "rng": [ 0, 2 ] },
    "skills": [
      { "skill": "magic", "level": { "rng": [ 0, 2 ] } },
      { "skill": "computer", "level": { "rng": [ 1, 3 ] } },
      { "skill": "driving", "level": { "rng": [ 1, 3 ] } },
      { "skill": "barter", "level": { "rng": [ 2, 4 ] } },
      { "skill": "cooking", "level": { "rng": [ 1, 3 ] } },
      { "skill": "fabrication", "level": { "rng": [ 5, 6 ] } },
      { "skill": "firstaid", "level": { "rng": [ 3, 6 ] } },
      { "skill": "speech", "level": { "rng": [ 2, 4 ] } },
      { "skill": "survival", "level": { "rng": [ 1, 3 ] } },
      { "skill": "tailor", "level": { "rng": [ 1, 3 ] } }
    ],
    "worn_override": "NC_CF_DEACON_worn",
    "carry_override": "NC_CF_DEACON_carry",
    "weapon_override": "EMPTY_GROUP",
    "traits": [ { "group": "Appearance_demographics" }, [ "CF_DEACON", 100 ], [ "SPIRITUAL", 100 ], [ "PACIFIST", 100 ] ]
  },
  {
    "type": "npc_class",
    "id": "NC_CF_REP",
    "name": "Thane",
    "job_description": "I am a founder of the Cleansing Flame.",
    "common": false,
    "bonus_str": { "rng": [ -1, 2 ] },
    "bonus_dex": { "rng": [ 0, 2 ] },
    "bonus_int": { "rng": [ 2, 5 ] },
    "skills": [
      { "skill": "magic", "level": { "rng": [ 6, 8 ] } },
      { "skill": "barter", "level": { "rng": [ 1, 3 ] } },
      { "skill": "cooking", "level": { "rng": [ 3, 5 ] } },
      { "skill": "fabrication", "level": { "rng": [ 5, 6 ] } },
      { "skill": "firstaid", "level": { "rng": [ 2, 4 ] } },
      { "skill": "speech", "level": { "rng": [ 3, 6 ] } },
      { "skill": "survival", "level": { "rng": [ 3, 5 ] } },
      { "skill": "tailor", "level": { "rng": [ 3, 5 ] } },
      { "skill": "bashing", "level": { "rng": [ 1, 2 ] } },
      { "skill": "dodge", "level": { "rng": [ 3, 6 ] } },
      { "skill": "melee", "level": { "rng": [ 1, 3 ] } }
    ],
    "shopkeeper_item_group": "NC_CF_REP_carry",
    "worn_override": "NC_CF_REP_worn",
    "carry_override": "NC_CF_REP_carry",
    "weapon_override": "NC_CF_REP_weapon",
    "traits": [
      [ "SKIN_LIGHT", 100 ],
      [ "hair_blond_long", 100 ],
      [ "PROF_CLEANSINGFLAME", 100 ],
      [ "NONADDICTIVE", 100 ],
      [ "SPIRITUAL", 100 ]
    ]
  },
  {
    "type": "npc_class",
    "id": "NC_CF_GM",
    "name": "Grandmaster",
    "job_description": "I am a founder of the Cleansing Flame.",
    "common": false,
    "bonus_str": { "rng": [ 1, 3 ] },
    "bonus_dex": { "rng": [ -1, 2 ] },
    "bonus_per": { "rng": [ 0, 2 ] },
    "skills": [
      { "skill": "magic", "level": { "rng": [ 6, 8 ] } },
      { "skill": "driving", "level": { "rng": [ 2, 3 ] } },
      { "skill": "fabrication", "level": { "rng": [ 3, 5 ] } },
      { "skill": "firstaid", "level": { "rng": [ 1, 3 ] } },
      { "skill": "speech", "level": { "rng": [ 2, 5 ] } },
      { "skill": "survival", "level": { "rng": [ 3, 5 ] } },
      { "skill": "swimming", "level": { "rng": [ 2, 3 ] } },
      { "skill": "tailor", "level": { "rng": [ 2, 3 ] } },
      { "skill": "bashing", "level": { "rng": [ 1, 3 ] } },
      { "skill": "cutting", "level": { "rng": [ 3, 5 ] } },
      { "skill": "dodge", "level": { "rng": [ 2, 4 ] } },
      { "skill": "melee", "level": { "rng": [ 2, 4 ] } },
      { "skill": "unarmed", "level": { "rng": [ 3, 5 ] } },
      { "skill": "gun", "level": { "rng": [ 3, 5 ] } }
    ],
    "worn_override": "NC_CF_GM_worn",
    "carry_override": "NC_CF_GM_carry",
    "weapon_override": "NC_CF_GM_weapon",
    "traits": [
      [ "SKIN_MEDIUM", 100 ],
      [ "hair_black_medium", 100 ],
      [ "PROF_CLEANSINGFLAME", 100 ],
      [ "MARTIAL_ARTS_CF", 100 ],
      [ "SPIRITUAL", 100 ],
      [ "TERRIFYING", 100 ],
      [ "TRIGGERHAPPY", 100 ],
      [ "TRUTHTELLER", 100 ]
    ]
  },
  {
    "type": "npc_class",
    "id": "NC_CF_SEEKER",
    "name": "Seeker",
    "job_description": "I am a founder of the Cleansing Flame.",
    "common": false,
    "bonus_dex": { "rng": [ -1, 2 ] },
    "bonus_int": { "rng": [ 1, 3 ] },
    "bonus_per": { "rng": [ 0, 2 ] },
    "skills": [
      { "skill": "magic", "level": { "rng": [ 5, 7 ] } },
      { "skill": "driving", "level": { "rng": [ 3, 6 ] } },
      { "skill": "fabrication", "level": { "rng": [ 3, 5 ] } },
      { "skill": "firstaid", "level": { "rng": [ 2, 6 ] } },
      { "skill": "speech", "level": { "rng": [ 3, 6 ] } },
      { "skill": "barter", "level": { "rng": [ 3, 6 ] } },
      { "skill": "survival", "level": { "rng": [ 3, 6 ] } },
      { "skill": "swimming", "level": { "rng": [ 1, 4 ] } },
      { "skill": "tailor", "level": { "rng": [ 2, 5 ] } },
      { "skill": "dodge", "level": { "rng": [ 3, 6 ] } }
    ],
    "worn_override": "NC_CF_SEEKER_worn",
    "carry_override": "NC_CF_SEEKER_carry",
    "weapon_override": "EMPTY_GROUP",
    "shopkeeper_item_group": "NC_CF_SEEKER_carry",
    "traits": [
      { "group": "Appearance_cleansingflame" },
      [ "PROF_CLEANSINGFLAME", 100 ],
      [ "SPIRITUAL", 100 ],
      [ "PACIFIST", 100 ],
      [ "FASTREADER", 100 ],
      [ "GOODMEMORY", 100 ]
    ]
  },
  {
    "type": "npc_class",
    "id": "NC_MAGE_HUNTER",
    "name": "Mage Hunter",
    "job_description": "I am a hunter of otherworldly monsters and dangerous magic.",
    "common": false,
    "skills": [
      { "skill": "magic", "level": { "rng": [ 3, 7 ] } },
      { "skill": "cooking", "level": { "rng": [ 1, 5 ] } },
      { "skill": "fabrication", "level": { "rng": [ 1, 5 ] } },
      { "skill": "firstaid", "level": { "rng": [ 1, 5 ] } },
      { "skill": "speech", "level": { "rng": [ 1, 5 ] } },
      { "skill": "survival", "level": { "rng": [ 1, 5 ] } },
      { "skill": "bashing", "level": { "rng": [ 1, 5 ] } },
      { "skill": "cutting", "level": { "rng": [ 1, 5 ] } },
      { "skill": "rifle", "level": { "rng": [ 1, 5 ] } },
      { "skill": "dodge", "level": { "rng": [ 1, 3 ] } },
      { "skill": "melee", "level": { "rng": [ 2, 4 ] } },
      { "skill": "gun", "level": { "rng": [ 2, 4 ] } }
    ],
    "worn_override": "NC_MAGE_HUNTER_worn",
    "carry_override": "NC_MAGE_HUNTER_carry",
    "weapon_override": "NC_MAGE_HUNTER_weapon",
    "traits": [
      { "group": "Appearance_cleansingflame" },
      { "group": "Mage_Hunter_starting_traits" },
      { "group": "BG_survival_story_MAGE_HUNTER" },
      [ "PROF_CLEANSINGFLAME", 100 ],
      [ "MARTIAL_ARTS_CF", 25 ]
    ]
  },
  {
    "type": "npc_class",
    "id": "NC_BLOOD_MAGE_APPRENTICE",
    "name": "Apprentice",
    "job_description": "I aspire to follow The Path.",
    "common": false,
    "skills": [
      { "skill": "magic", "level": { "rng": [ 0, 2 ] } },
      { "skill": "firstaid", "level": { "rng": [ 1, 3 ] } },
      { "skill": "survival", "level": { "rng": [ 1, 3 ] } },
      { "skill": "bashing", "level": { "rng": [ 1, 2 ] } },
      { "skill": "cutting", "level": { "rng": [ 1, 2 ] } },
      { "skill": "stabbing", "level": { "rng": [ 1, 2 ] } },
      { "skill": "unarmed", "level": { "rng": [ 1, 2 ] } },
      { "skill": "throw", "level": { "rng": [ 1, 2 ] } },
      { "skill": "pistol", "level": { "rng": [ 1, 2 ] } },
      { "skill": "rifle", "level": { "rng": [ 1, 2 ] } },
      { "skill": "smg", "level": { "rng": [ 1, 2 ] } },
      { "skill": "dodge", "level": { "rng": [ 0, 1 ] } },
      { "skill": "melee", "level": { "rng": [ 1, 3 ] } },
      { "skill": "gun", "level": { "rng": [ 1, 3 ] } }
    ],
    "worn_override": "NC_BLOOD_MAGE_APPRENTICE_worn",
    "carry_override": "NC_BLOOD_MAGE_APPRENTICE_carry",
    "weapon_override": "NC_BLOOD_MAGE_APPRENTICE_weapon",
    "traits": [ { "group": "Appearance_demographics" }, { "group": "Sanguine_aspirant_traits" }, [ "PROF_ARCANIST", 100 ] ]
  },
  {
    "type": "npc_class",
    "id": "NC_BLOOD_MAGE_SHRIKE",
    "name": "Sanguine Shrike",
    "job_description": "I'm a hunter of hunters.",
    "common": false,
    "skills": [
      { "skill": "magic", "level": { "rng": [ 2, 5 ] } },
      { "skill": "firstaid", "level": { "rng": [ 2, 5 ] } },
      { "skill": "fabrication", "level": { "rng": [ 1, 3 ] } },
      { "skill": "survival", "level": { "rng": [ 3, 6 ] } },
      { "skill": "bashing", "level": { "rng": [ 1, 3 ] } },
      { "skill": "cutting", "level": { "rng": [ 2, 5 ] } },
      { "skill": "stabbing", "level": { "rng": [ 2, 5 ] } },
      { "skill": "unarmed", "level": { "rng": [ 1, 2 ] } },
      { "skill": "pistol", "level": { "rng": [ 2, 5 ] } },
      { "skill": "rifle", "level": { "rng": [ 2, 5 ] } },
      { "skill": "dodge", "level": { "rng": [ 2, 5 ] } },
      { "skill": "melee", "level": { "rng": [ 3, 6 ] } },
      { "skill": "gun", "level": { "rng": [ 3, 6 ] } }
    ],
    "worn_override": "NC_BLOOD_MAGE_SHRIKE_worn",
    "carry_override": "NC_BLOOD_MAGE_SHRIKE_carry",
    "weapon_override": "NC_BLOOD_MAGE_SHRIKE_weapon",
    "traits": [ { "group": "Appearance_demographics" }, [ "PROF_SANGUINE", 100 ] ]
  },
  {
    "type": "npc_class",
    "id": "NC_BLOOD_MAGE_MAGUS",
    "//": "Only used by a specific blood mage continuing Dragonblood research.",
    "name": "Blood Mage",
    "job_description": "I follow The Path.",
    "common": false,
    "skills": [
      { "skill": "magic", "level": { "rng": [ 3, 6 ] } },
      { "skill": "firstaid", "level": { "rng": [ 2, 5 ] } },
      { "skill": "fabrication", "level": { "rng": [ 2, 5 ] } },
      { "skill": "survival", "level": { "rng": [ 2, 5 ] } },
      { "skill": "tailor", "level": { "rng": [ 1, 3 ] } },
      { "skill": "bashing", "level": { "rng": [ 1, 3 ] } },
      { "skill": "stabbing", "level": { "rng": [ 2, 5 ] } },
      { "skill": "unarmed", "level": { "rng": [ 1, 3 ] } },
      { "skill": "dodge", "level": { "rng": [ 1, 4 ] } },
      { "skill": "melee", "level": { "rng": [ 1, 3 ] } },
      { "skill": "gun", "level": { "rng": [ 3, 6 ] } }
    ],
    "worn_override": "NC_BLOOD_MAGE_MAGUS_worn",
    "carry_override": "NC_BLOOD_MAGE_MAGUS_carry",
    "weapon_override": "NC_BLOOD_MAGE_MAGUS_weapon",
    "traits": [
      { "group": "Appearance_demographics" },
      [ "ARCANA_SCALYPATCHES", 100 ],
      [ "ARCANA_DRAGONTAIL", 75 ],
      [ "ARCANA_SCALYWINGS", 50 ],
      [ "ARCANA_INNERFIRE", 100 ],
      [ "ARCANA_FIREAFFINITY", 50 ],
      [ "ARCANA_DRAGONCLAWS", 50 ],
      [ "ARCANA_DRAGONTEETH", 75 ],
      [ "ARCANA_DRAGONHORNS", 25 ],
      [ "PROF_SANGUINE", 100 ]
    ]
  },
  {
    "id": "NC_HERMIT_worn",
    "type": "item_group",
    "subtype": "collection",
    "entries": [
      { "item": "boxer_shorts" },
      { "item": "pants" },
      { "item": "dress_shirt" },
      { "item": "robe" },
      { "item": "knit_scarf" },
      { "item": "gloves_leather" },
      { "item": "socks" },
      { "item": "boots_hiking" },
      { "item": "backpack" },
      { "item": "glasses_eye" },
      { "item": "charm_bone" }
    ]
  },
  {
    "id": "NC_HERMIT_weapon",
    "type": "item_group",
    "subtype": "collection",
    "ammo": 100,
    "entries": [ { "item": "thunder_sigil" } ]
  },
  {
    "id": "NC_HERMIT_carry",
    "type": "item_group",
    "subtype": "collection",
    "ammo": 100,
    "entries": [
      { "item": "essence", "count": [ 10, 25 ] },
      { "item": "arcanemap", "prob": 50 },
      { "item": "book_sacrifice" },
      { "item": "offering_chalice" },
      { "group": "magic_consumables", "count": [ 2, 4 ] }
    ]
  },
  {
    "id": "NC_CF_DEACON_worn",
    "type": "item_group",
    "subtype": "collection",
    "entries": [
      { "item": "briefs" },
      { "item": "longshirt" },
      { "item": "pants" },
      { "item": "socks" },
      { "item": "dress_shoes" },
      { "item": "cassock" },
      { "item": "holy_symbol" },
      { "item": "slingpack" }
    ]
  },
  {
    "id": "NC_CF_DEACON_carry",
    "type": "item_group",
    "subtype": "collection",
    "entries": [
      { "item": "FMCNote", "count": [ 2, 5 ] },
      { "item": "holybook_bible2" },
      { "item": "water_clean" },
      { "item": "matches" },
      { "item": "pockknife" },
      { "group": "charged_cell_phone" }
    ]
  },
  {
    "id": "NC_CF_REP_worn",
    "type": "item_group",
    "subtype": "collection",
    "entries": [
      { "item": "panties" },
      { "item": "bra" },
      { "item": "dress" },
      { "item": "socks_wool" },
      { "item": "boots" },
      { "item": "cloak_wool" },
      { "item": "jade_brooch" },
      { "item": "backpack" },
      { "item": "holy_symbol" }
    ]
  },
  {
    "id": "NC_CF_REP_weapon",
    "type": "item_group",
    "subtype": "collection",
    "entries": [ { "item": "q_staff" } ]
  },
  {
    "id": "NC_CF_REP_carry",
    "type": "item_group",
    "subtype": "collection",
    "ammo": 100,
    "entries": [
      { "item": "CF_golden_scale", "count": [ 5, 10 ] },
      { "item": "essence_dull", "count": [ 5, 15 ] },
      { "item": "holybook_havamal" },
      { "item": "book_hexenhammer" },
      { "item": "water_clean" },
      { "item": "lighter" },
      { "group": "drugs_heal_simple", "count": [ 3, 5 ] },
      { "group": "cleansing_flame_crafting", "count": [ 3, 5 ] }
    ]
  },
  {
    "id": "NC_CF_GM_worn",
    "type": "item_group",
    "subtype": "collection",
    "entries": [
      { "item": "boxer_shorts" },
      { "item": "dress_shirt" },
      { "item": "pants" },
      { "item": "socks" },
      { "item": "boots" },
      { "item": "cassock" },
      { "item": "scabbard" },
      { "item": "helmet_plate" },
      { "item": "backpack" },
      { "item": "amulet_exotic" }
    ]
  },
  {
    "id": "NC_CF_GM_weapon",
    "type": "item_group",
    "subtype": "collection",
    "entries": [ { "item": "arming_sword" } ]
  },
  {
    "id": "NC_CF_GM_carry",
    "type": "item_group",
    "subtype": "collection",
    "ammo": 100,
    "entries": [
      { "item": "CF_golden_scale", "count": [ 5, 10 ] },
      { "item": "essence_dull", "count": [ 5, 15 ] },
      { "item": "book_hexenhammer" },
      { "item": "holybook_bible2" },
      { "item": "water_clean" },
      { "item": "lighter" },
      { "group": "drugs_heal_simple", "count": [ 3, 5 ] },
      { "group": "cleansing_flame_crafting", "count": [ 3, 5 ] }
    ]
  },
  {
    "id": "NC_CF_SEEKER_worn",
    "type": "item_group",
    "subtype": "collection",
    "entries": [
      { "item": "boxer_briefs" },
      { "item": "dress_shirt" },
      { "item": "pants" },
      { "item": "socks" },
      { "item": "boots" },
      { "item": "robe" },
      { "item": "knit_scarf" },
      { "item": "duffelbag" }
    ]
  },
  {
    "id": "NC_CF_SEEKER_carry",
    "type": "item_group",
    "subtype": "collection",
    "ammo": 100,
    "entries": [
      { "item": "CF_golden_scale", "count": [ 10, 20 ] },
      { "item": "essence_dull", "count": [ 10, 30 ] },
      { "group": "cleansing_flame_books", "count": [ 3, 5 ] },
      { "group": "mansion_books", "count": [ 2, 4 ] },
      { "group": "cleansing_flame_crafting", "count": [ 1, 3 ] },
      { "group": "cleansing_flame_gear_consumables", "count": [ 1, 3 ] },
      { "group": "reading_lights" }
    ]
  },
  {
    "id": "NC_MAGE_HUNTER_worn",
    "type": "item_group",
    "subtype": "collection",
    "ammo": 100,
    "entries": [
      {
        "distribution": [ { "item": "undershirt", "prob": 50 }, { "item": "long_undertop", "prob": 25 }, { "item": "under_armor", "prob": 25 } ]
      },
      {
        "distribution": [
          { "item": "boxer_shorts", "prob": 50 },
          { "item": "long_underpants", "prob": 25 },
          { "item": "under_armor_shorts", "prob": 25 }
        ]
      },
      { "distribution": [ { "item": "socks", "prob": 50 }, { "item": "socks_wool", "prob": 50 } ] },
      { "distribution": [ { "item": "pants", "prob": 75 }, { "item": "jeans", "prob": 25 } ] },
      {
        "distribution": [
          { "item": "dress_shirt", "prob": 50 },
          { "item": "tshirt", "prob": 20 },
          { "item": "longshirt", "prob": 20 },
          { "item": "tunic", "prob": 10 }
        ]
      },
      {
        "distribution": [
          { "item": "boots", "prob": 50 },
          { "item": "dress_shoes", "prob": 25 },
          { "item": "boots_larmor", "prob": 15 },
          { "item": "boots_plate", "prob": 10 }
        ]
      },
      {
        "distribution": [ { "item": "backpack", "prob": 50 }, { "item": "backpack_leather", "prob": 25 }, { "item": "rucksack", "prob": 25 } ]
      },
      {
        "distribution": [
          { "item": "chainmail_hood", "prob": 50 },
          { "item": "helmet_barbute", "prob": 20 },
          { "item": "helmet_galea", "prob": 5 },
          { "item": "kufi", "prob": 10 },
          { "item": "eboshi", "prob": 10 },
          { "item": "kippah", "prob": 5 }
        ],
        "prob": 75
      },
      {
        "distribution": [
          { "item": "gloves_leather", "prob": 50 },
          { "item": "gauntlets_larmor", "prob": 30 },
          { "item": "gloves_plate", "prob": 20 }
        ],
        "prob": 50
      },
      {
        "distribution": [
          { "item": "gilded_aegis", "prob": 25 },
          { "item": "robe", "prob": 25 },
          { "item": "cassock", "prob": 25 },
          { "item": "cloak_leather", "prob": 10 },
          { "item": "cloak", "prob": 10 },
          { "item": "cloak_wool", "prob": 5 }
        ],
        "prob": 75
      },
      {
        "distribution": [
          { "item": "mana_gem", "prob": 25 },
          { "item": "holy_symbol", "prob": 25 },
          { "item": "holy_symbol_wood", "prob": 25 },
          { "item": "bead_necklace", "prob": 15 },
          { "item": "amulet_exotic", "prob": 10 }
        ],
        "prob": 75
      },
      { "item": "somen_clairvoyance", "prob": 90 }
    ]
  },
  {
    "id": "NC_MAGE_HUNTER_carry",
    "type": "item_group",
    "subtype": "collection",
    "ammo": 100,
    "entries": [
      { "item": "water_clean" },
      { "item": "lighter" },
      { "item": "book_hexenhammer", "prob": 20 },
      { "item": "essence_dull", "charges": [ 5, 10 ] },
      { "item": "bolt_steel", "charges": [ 10, 15 ] }
    ]
  },
  {
    "type": "item_group",
    "id": "NC_MAGE_HUNTER_weapon",
    "ammo": 100,
    "items": [
      [ "warhammer", 10 ],
      [ "mace", 3 ],
      [ "morningstar", 2 ],
      [ "hexenhammer", 15 ],
      [ "arming_sword", 6 ],
      [ "broadsword", 5 ],
      [ "scimitar", 4 ],
      [ "katana", 3 ],
      [ "jian", 2 ],
      [ "sun_sword", 10 ],
      [ "crossbow", 12 ],
      [ "compositecrossbow", 8 ],
      [ "hand_crossbow", 3 ],
      [ "huge_crossbow", 2 ],
      [ "ethereal_crossbow", 25 ]
    ]
  },
  {
    "id": "NC_BLOOD_MAGE_APPRENTICE_worn",
    "type": "item_group",
    "subtype": "collection",
    "ammo": 100,
    "entries": [
      { "distribution": [ { "item": "undershirt", "prob": 10 }, { "item": "long_undertop", "prob": 90 } ] },
      { "distribution": [ { "item": "boxer_shorts", "prob": 10 }, { "item": "long_underpants", "prob": 90 } ] },
      { "distribution": [ { "item": "socks", "prob": 75 }, { "item": "stockings", "prob": 25 } ] },
      { "group": "clothing_outdoor_torso" },
      { "group": "clothing_outdoor_pants" },
      { "group": "clothing_outdoor_shoes" },
      {
        "distribution": [ { "item": "backpack", "prob": 25 }, { "item": "mbag", "prob": 50 }, { "item": "slingpack", "prob": 50 } ]
      }
    ]
  },
  {
    "id": "NC_BLOOD_MAGE_APPRENTICE_carry",
    "type": "item_group",
    "subtype": "collection",
    "ammo": 100,
    "entries": [
      { "item": "water_clean" },
      { "item": "matches" },
      {
        "distribution": [ { "item": "rag", "prob": 25, "count": [ 1, 3 ] }, { "item": "rag_bloody", "prob": 75, "count": [ 1, 3 ] } ],
        "prob": 75
      },
      { "item": "essence_blood", "charges": [ 1, 3 ], "prob": 25 }
    ]
  },
  {
    "type": "item_group",
    "id": "NC_BLOOD_MAGE_APPRENTICE_weapon",
    "ammo": 100,
    "magazine": 100,
    "items": [
      [ "sten", 5 ],
      [ "surv_six_shooter", 10 ],
      [ "surv_hand_cannon", 10 ],
      [ "2_shot_special", 10 ],
      [ "surv_carbine_223", 5 ],
      [ "survivor_special_700", 10 ],
      [ "knife_butcher", 10 ],
      [ "machete", 10 ],
      [ "blood_athame", 5 ],
      [ "ax", 10 ],
      [ "hatchet", 10 ],
      [ "bloodaxe", 5 ]
    ]
  },
  {
    "id": "NC_BLOOD_MAGE_SHRIKE_worn",
    "type": "item_group",
    "subtype": "collection",
    "ammo": 100,
    "entries": [
      { "distribution": [ { "item": "undershirt", "prob": 10 }, { "item": "long_undertop", "prob": 90 } ] },
      { "distribution": [ { "item": "boxer_shorts", "prob": 10 }, { "item": "long_underpants", "prob": 90 } ] },
      { "distribution": [ { "item": "socks", "prob": 75 }, { "item": "stockings", "prob": 25 } ] },
      {
        "distribution": [
          {
            "collection": [ { "item": "greatcoat" }, { "item": "peacoat" }, { "item": "breeches" }, { "item": "knee_high_boots" } ],
            "prob": 25
          },
          {
            "collection": [ { "item": "duster" }, { "item": "dress_shirt" }, { "item": "pants" }, { "item": "boots" } ],
            "prob": 25
          },
          { "item": "armor_wyrm", "prob": 50 }
        ]
      },
      {
        "distribution": [
          { "item": "tricorne", "prob": 25 },
          { "item": "cowboy_hat", "prob": 25 },
          { "item": "bowhat", "prob": 15 },
          { "item": "hat_newsboy", "prob": 10 },
          { "item": "revenant_crown", "prob": 15 },
          { "item": "helmet_larmor", "prob": 10 }
        ]
      },
      {
        "distribution": [ { "item": "bandana", "prob": 50 }, { "item": "keffiyeh", "prob": 25 }, { "item": "knit_scarf", "prob": 25 } ]
      },
      { "distribution": [ { "item": "backpack", "prob": 50 }, { "item": "backpack_leather", "prob": 50 } ] },
      { "item": "flintlock_pouch", "charges": 14, "contents-item": "flintlock_ammo" },
      {
        "distribution": [ { "item": "scabbard", "contents-item": "rapier" }, { "item": "sheath", "contents-item": "blood_athame" } ],
        "prob": 90
      }
    ]
  },
  {
    "id": "NC_BLOOD_MAGE_SHRIKE_carry",
    "type": "item_group",
    "subtype": "collection",
    "ammo": 100,
    "entries": [
      { "item": "water_clean" },
      { "item": "matches" },
      { "item": "bandages" },
      { "item": "essence_blood", "charges": [ 2, 5 ], "prob": 75 }
    ]
  },
  {
    "type": "item_group",
    "id": "NC_BLOOD_MAGE_SHRIKE_weapon",
    "ammo": 100,
    "items": [
      [ "pistol_flintlock", 50 ],
      [ "carbine_flintlock", 25 ],
      [ "rifle_flintlock", 15 ],
      [ "carbine_flintlock_double", 10 ]
    ]
  },
  {
    "id": "NC_BLOOD_MAGE_MAGUS_worn",
    "type": "item_group",
    "subtype": "collection",
    "entries": [
      { "item": "loincloth" },
      { "item": "tunic" },
      { "item": "robe" },
      { "item": "gloves_fingerless" },
      { "item": "footrags" },
      { "item": "bastsandals" },
      { "item": "backpack" },
      { "item": "sheath", "contents-item": "blood_athame" },
      { "item": "charm_bone" }
    ]
  },
  {
    "id": "NC_BLOOD_MAGE_MAGUS_weapon",
    "type": "item_group",
    "subtype": "collection",
    "ammo": 100,
    "entries": [ { "item": "bloodscourge" } ]
  },
  {
    "id": "NC_BLOOD_MAGE_MAGUS_carry",
    "type": "item_group",
    "subtype": "collection",
    "ammo": 100,
    "entries": [
      { "item": "water_clean" },
      { "item": "matches" },
      { "item": "bandages" },
      { "item": "bowl_clay" },
      { "item": "essence_blood", "count": [ 5, 15 ] },
      { "item": "book_bloodmagic" },
      { "group": "sanguine_cult_spells", "chance": 75 }
    ]
  },
  {
    "id": "NC_ARSONIST_random",
    "type": "item_group",
    "items": [ [ "bloodscourge", 1 ] ]
  },
  {
    "id": "NC_ARSONIST_misc",
    "type": "item_group",
    "items": [ [ "bloodaxe", 1 ] ]
  },
  {
    "id": "NC_BOUNTY_HUNTER_coat",
    "type": "item_group",
    "items": [ [ "gilded_aegis", 1 ] ]
  },
  {
    "id": "NC_DOCTOR_misc",
    "type": "item_group",
    "items": [ [ "healing_potion", 5 ] ]
  },
  {
    "id": "NC_HUNTER_archery",
    "type": "item_group",
    "items": [ [ "ethereal_crossbow", 1 ] ]
  },
  {
    "id": "NC_HUNTER_misc",
    "type": "item_group",
    "items": [
      [ "graboid_fang", 1 ],
      [ "bone_twisted", 1 ],
      [ "gracken_knuckles", 1 ],
      [ "wyrmskin_piece", 1 ],
      [ "monster_fang", 1 ],
      [ "iridescent_plate", 1 ]
    ]
  },
  {
    "id": "NC_JUNK_SHOPKEEP_misc",
    "type": "item_group",
    "items": [ [ "scroll_blank", 10 ], [ "silver_glyph", 5 ] ]
  },
  {
    "id": "NC_SCAVENGER_gloves",
    "type": "item_group",
    "items": [ [ "gauntlets_necro", 1 ] ]
  },
  {
    "id": "NC_SCAVENGER_archery",
    "type": "item_group",
    "items": [ [ "ethereal_crossbow", 1 ] ]
  },
  {
    "id": "NC_SCAVENGER_misc",
    "type": "item_group",
    "items": [
      [ "numbness_potion", 1 ],
      [ "healing_potion", 1 ],
      [ "scroll_sun", 1 ],
      [ "scroll_artiface", 1 ],
      [ "totem_confusion", 1 ],
      [ "totem_insight", 1 ],
      [ "totem_plants", 1 ]
    ]
  },
  {
    "id": "npc_extra",
    "type": "item_group",
    "items": [ [ "triffid_garland", 1 ], [ "amulet_exotic", 1 ], [ "brooch_iridescent", 1 ] ]
  },
  {
    "id": "NC_EVAC_SHOPKEEP_misc",
    "type": "item_group",
    "subtype": "collection",
    "items": [ { "item": "CF_golden_scale", "count-min": 5, "count-max": 30, "prob": 20 } ]
  }
]
