[
  {
    "id": "thunder_sigil",
    "type": "GUN",
    "category": "weapons",
    "name": "symbol of judgment",
    "name_plural": "symbols of judgment",
    "description": "A large golden band decorated with a trident motif, and inlaid with silver.  Just small enough to grasp the band in your palm, prongs between the fingers.  Holding it gives you the vague sense that this is a holy symbol, dedicated to something not of this world.  Firing it calls forth lightning.",
    "weight": 3000,
    "volume": 5,
    "price": 179500,
    "to_hit": -2,
    "bashing": 12,
    "cutting": 1,
    "material": [ "gold", "silver" ],
    "symbol": ",",
    "looks_like": "gold_bracelet",
    "color": "cyan",
    "ammo": "essence_type",
    "skill": "magic",
    "range": 50,
    "ranged_damage": { "damage_type": "electric", "amount": 50, "armor_multiplier": 0.75 },
    "pierce": 15,
    "dispersion": 200,
    "durability": 10,
    "loudness": 150,
    "clip_size": 5,
    "reload": 400,
    "relic_data": {
      "passive_effects": [ { "has": "WIELD", "condition": "ALWAYS", "hit_you_effect": [ { "id": "arcana_react_symbol_judgment_wonder" } ] } ]
    },
    "ammo_effects": [ "LIGHTNING", "EMP", "PARALYZEPOISON" ],
    "flags": [ "STAB", "BELT_CLIP", "NEVER_JAMS", "PRIMITIVE_RANGED_WEAPON", "MAGIC_FOCUS" ],
    "use_action": "MEDITATE"
  },
  {
    "id": "bloodscourge",
    "type": "GUN",
    "category": "weapons",
    "name": "hellfire stave",
    "name_plural": "hellfire staves",
    "description": "A staff decorated with silver and a skull motif, capped with a strange red gem.  The metal parts feel uncomfortably warm to the touch.  Firing it projects a gout of wicked flame.  It can also be used to spark magical flames, but this will drain fatigue to use.",
    "weight": 2800,
    "volume": 12,
    "price": 45600,
    "to_hit": 3,
    "bashing": 21,
    "material": [ "wood", "silver", "bone" ],
    "symbol": "/",
    "looks_like": "q_staff",
    "color": "red",
    "ammo": "essence_blood_type",
    "skill": "magic",
    "range": 20,
    "ranged_damage": { "damage_type": "heat", "amount": 25, "armor_multiplier": 0.95 },
    "pierce": 3,
    "dispersion": 250,
    "durability": 10,
    "loudness": 100,
    "clip_size": 15,
    "reload": 300,
    "modes": [ [ "DEFAULT", "single", 1 ], [ "BURST", "triple", 3 ] ],
    "ammo_effects": [ "FLAME", "STREAM", "INCENDIARY", "FLARE" ],
    "techniques": [ "WBLOCK_1", "RAPID" ],
    "use_action": { "type": "cast_spell", "spell_id": "arcana_item_sparks", "no_fail": true, "level": 0, "need_wielding": true },
    "flags": [
      "NEVER_JAMS",
      "DURABLE_MELEE",
      "PRIMITIVE_RANGED_WEAPON",
      "NONCONDUCTIVE",
      "NO_SALVAGE",
      "MAGIC_FOCUS",
      "USE_PLAYER_ENERGY"
    ]
  },
  {
    "id": "ethereal_crossbow",
    "type": "GUN",
    "category": "weapons",
    "name": "wraithslayer crossbow",
    "//": "Piercing does not display when using explicit damage blocks, but armor_multiplier will affect it.",
    "description": "A crossbow decorated with golden symbols, seemingly lacking a bowstring.  Instead it propels bright green bolts of energy, able to mitigate the protection afforded by armor instead of pierce it outright.",
    "weight": 2928,
    "volume": 6,
    "price": 85300,
    "to_hit": 1,
    "bashing": 11,
    "material": [ "steel", "wood", "gold" ],
    "symbol": "(",
    "looks_like": "crossbow",
    "color": "green",
    "ammo": "essence_dull_type",
    "skill": "magic",
    "range": 15,
    "ranged_damage": { "damage_type": "stab", "amount": 25, "armor_multiplier": 0.01 },
    "pierce": 50,
    "dispersion": 150,
    "durability": 6,
    "clip_size": 1,
    "reload": 75,
    "ammo_effects": [ "WIDE", "LASER", "BEANBAG", "BLINDS_EYES" ],
    "flags": [ "NEVER_JAMS", "PRIMITIVE_RANGED_WEAPON", "NO_SALVAGE", "BELTED" ],
    "armor_data": { "covers": [ "TORSO" ], "coverage": 5, "material_thickness": 1, "encumbrance": 15 }
  },
  {
    "id": "hand_of_armok",
    "type": "GUN",
    "category": "weapons",
    "name": "demon claw",
    "description": "An ornate weapon resembling a clawed gauntlet, blades perpetually glowing red-hot.  Despite this, the weapon seems safe to wield.  Firing it will smite your enemies with wicked fire, to sate the god of blood.",
    "weight": 92,
    "volume": 0,
    "price": 200000,
    "to_hit": 3,
    "bashing": 8,
    "cutting": 16,
    "material": [ "steel", "essencemat" ],
    "symbol": "/",
    "looks_like": "bagh_nakha",
    "color": "yellow",
    "ammo": "essence_pure_type",
    "skill": "magic",
    "range": 40,
    "//": "High as that amount is, remember this is the equivalent to 10 essence a shot.",
    "ranged_damage": { "damage_type": "heat", "amount": 300, "armor_multiplier": 0.5 },
    "pierce": 25,
    "dispersion": 200,
    "durability": 10,
    "loudness": 500,
    "clip_size": 1,
    "reload": 200,
    "use_action": { "type": "cast_spell", "spell_id": "arcana_item_sparks", "no_fail": true, "level": 0, "need_wielding": true },
    "ammo_effects": [ "NAPALM" ],
    "artifact_data": { "effects_wielded": [ "AEP_SAP_LIFE", "AEP_EVIL", "AEP_GLOW" ] },
    "techniques": [ "WBLOCK_1" ],
    "qualities": [ [ "BUTCHER", 12 ] ],
    "flags": [
      "UNARMED_WEAPON",
      "NEVER_JAMS",
      "UNBREAKABLE_MELEE",
      "FIRE",
      "FLAMING",
      "PRIMITIVE_RANGED_WEAPON",
      "USE_PLAYER_ENERGY"
    ]
  },
  {
    "id": "scourge_staff",
    "type": "GUN",
    "category": "weapons",
    "name": "bane staff",
    "name_plural": "bane staves",
    "description": "A wooden staff decorated with gold, capped with a dark blue gem.  The wood gives off a faintly acrid smell.  Firing it will produce pools of acid and toxic fumes.",
    "weight": 2800,
    "volume": 12,
    "price": 45600,
    "to_hit": 3,
    "bashing": 22,
    "material": [ "wood", "gold", "essencemat" ],
    "symbol": "/",
    "looks_like": "q_staff",
    "color": "yellow",
    "ammo": "essence_blood_type",
    "skill": "magic",
    "range": 20,
    "ranged_damage": { "damage_type": "acid", "amount": 40, "armor_multiplier": 0.9 },
    "pierce": 10,
    "dispersion": 250,
    "durability": 10,
    "loudness": 75,
    "clip_size": 4,
    "reload": 200,
    "relic_data": {
      "passive_effects": [ { "has": "WIELD", "condition": "ALWAYS", "hit_you_effect": [ { "id": "arcana_react_bane_staff_venom" } ] } ]
    },
    "ammo_effects": [ "ACIDBOMB", "TOXICGAS" ],
    "techniques": [ "WBLOCK_1", "RAPID" ],
    "flags": [ "UNBREAKABLE_MELEE", "NEVER_JAMS", "PRIMITIVE_RANGED_WEAPON", "NONCONDUCTIVE", "NO_SALVAGE", "MAGIC_FOCUS" ]
  },
  {
    "id": "monster_fire_fake",
    "copy-from": "v29",
    "type": "GUN",
    "name": "monster fire weapon",
    "description": "Used to give fire-breathing bosses in Arcana a specific degree of inaccuracy.  If you encounter one of these in the wild, it's a bug.",
    "dispersion": 7500,
    "sight_dispersion": 1000,
    "ranged_damage": { "damage_type": "heat", "amount": 10, "armor_multiplier": 0.95 },
    "pierce": 5,
    "range": 5,
    "loudness": 0,
    "ammo_effects": [ "STREAM", "INCENDIARY" ]
  },
  {
    "id": "monster_lightning_fake",
    "copy-from": "v29",
    "type": "GUN",
    "name": "monster lightning weapon",
    "description": "Used to give the Host of the Archon a specific degree of inaccuracy.  If you encounter one of these in the wild, it's a bug.",
    "dispersion": 5000,
    "sight_dispersion": 1000,
    "ranged_damage": { "damage_type": "electric", "amount": 10, "armor_multiplier": 0.9 },
    "pierce": 10,
    "range": 12,
    "loudness": 50,
    "ammo_effects": [ "LIGHTNING", "EMP", "PARALYZEPOISON" ]
  },
  {
    "id": "mut_dragonfire",
    "type": "GUN",
    "name": "dragonfire",
    "name_plural": "dragonfire",
    "description": "Cited by dragonfire mutation, this is a pseudo item.",
    "material": [ "essencemat" ],
    "symbol": "(",
    "color": "red",
    "skill": "launcher",
    "range": 10,
    "ranged_damage": { "damage_type": "heat", "amount": 10 },
    "dispersion": 300,
    "durability": 10,
    "loudness": 5,
    "reload": 500,
    "ammo_effects": [ "WIDE", "STREAM" ],
    "flags": [ "NEVER_JAMS", "TRADER_AVOID", "INCENDIARY" ]
  }
]
