[
  {
    "result": "thunder_sigil",
    "type": "recipe",
    "category": "CC_WEAPON",
    "subcategory": "CSC_WEAPON_OTHER",
    "skill_used": "magic",
    "difficulty": 8,
    "skills_required": [ "fabrication", 6 ],
    "time": "150 m",
    "book_learn": [ [ "book_sacrifice", 8 ] ],
    "using": [
      [ "forging_standard", 3 ],
      [ "bronzesmithing_tools", 1 ],
      [ "arcana_holy_symbol_any", 1 ],
      [ "arcana_essence_exclude_dull", 5 ]
    ],
    "tools": [ [ [ "book_sacrifice", -1 ] ] ],
    "components": [ [ [ "gold_small", 625 ] ], [ [ "silver_small", 165 ] ] ]
  },
  {
    "result": "blood_athame",
    "type": "recipe",
    "category": "CC_WEAPON",
    "subcategory": "CSC_WEAPON_PIERCING",
    "skill_used": "magic",
    "difficulty": 3,
    "skills_required": [ "fabrication", 5 ],
    "time": "180 m",
    "book_learn": [ [ "book_bloodmagic", 3 ], [ "book_syncretism", 4 ] ],
    "using": [ [ "forging_standard", 2 ], [ "bronzesmithing_tools", 1 ], [ "arcana_essence_any", 1 ] ],
    "tools": [ [ [ "book_bloodmagic", -1 ], [ "book_syncretism", -1 ] ] ],
    "components": [
      [ [ "silver_small", 400 ] ],
      [ [ "2x4", 1 ], [ "stick", 1 ] ],
      [ [ "fur", 2 ], [ "leather", 2 ] ],
      [ [ "blood", 1 ], [ "rag_bloody", 3 ] ]
    ]
  },
  {
    "result": "sun_sword",
    "type": "recipe",
    "category": "CC_WEAPON",
    "subcategory": "CSC_WEAPON_CUTTING",
    "skill_used": "magic",
    "difficulty": 6,
    "skills_required": [ "fabrication", 4 ],
    "time": "80 m",
    "book_learn": [ [ "book_hexenhammer", 6 ] ],
    "using": [ [ "arcana_holy_symbol_any", 1 ] ],
    "qualities": [ { "id": "HAMMER", "level": 2 }, { "id": "ANVIL", "level": 1 } ],
    "tools": [ [ [ "book_hexenhammer", -1 ] ], [ [ "surface_heat", 5, "LIST" ] ] ],
    "components": [
      [ [ "broadsword", 1 ], [ "arming_sword", 1 ], [ "jian", 1 ] ],
      [ [ "gold_small", 80 ], [ "CF_golden_scale", 16 ] ],
      [ [ "essence_dull", 25 ] ]
    ]
  },
  {
    "result": "hexenhammer",
    "type": "recipe",
    "category": "CC_WEAPON",
    "subcategory": "CSC_WEAPON_BASHING",
    "skill_used": "magic",
    "difficulty": 4,
    "skills_required": [ "fabrication", 4 ],
    "time": "70 m",
    "book_learn": [ [ "book_hexenhammer", 4 ], [ "book_syncretism", 5 ] ],
    "using": [ [ "arcana_essence_any", 1 ] ],
    "qualities": [ { "id": "HAMMER", "level": 2 }, { "id": "ANVIL", "level": 1 } ],
    "tools": [ [ [ "book_hexenhammer", -1 ], [ "book_syncretism", -1 ] ], [ [ "surface_heat", 4, "LIST" ] ] ],
    "components": [
      [ [ "warhammer", 1 ] ],
      [ [ "arcana_holy_symbol_any", 1, "LIST" ], [ "arcana_holy_relic_any", 1, "LIST" ] ],
      [ [ "silver_small", 120 ] ]
    ]
  },
  {
    "result": "bloodscourge",
    "type": "recipe",
    "category": "CC_WEAPON",
    "subcategory": "CSC_WEAPON_OTHER",
    "skill_used": "magic",
    "difficulty": 6,
    "skills_required": [ "fabrication", 5 ],
    "time": "90 m",
    "book_learn": [ [ "book_bloodmagic", 6 ] ],
    "qualities": [ { "id": "HAMMER", "level": 2 }, { "id": "ANVIL", "level": 1 } ],
    "tools": [ [ [ "book_bloodmagic", -1 ] ], [ [ "surface_heat", 4, "LIST" ] ] ],
    "components": [
      [ [ "q_staff", 1 ] ],
      [ [ "silver_small", 475 ] ],
      [ [ "bone_twisted", 1 ], [ "gracken_knuckles", 1 ], [ "bone", 7 ], [ "bone_human", 7 ], [ "bone_tainted", 14 ] ],
      [ [ "essence_blood", 10 ] ]
    ]
  },
  {
    "result": "bloodaxe",
    "type": "recipe",
    "category": "CC_WEAPON",
    "subcategory": "CSC_WEAPON_PIERCING",
    "skill_used": "magic",
    "difficulty": 5,
    "skills_required": [ "fabrication", 1 ],
    "time": "20 m",
    "book_learn": [ [ "book_bloodmagic", 5 ] ],
    "qualities": [ { "id": "CUT", "level": 1 }, { "id": "SAW_M", "level": 1 } ],
    "tools": [ [ [ "book_bloodmagic", -1 ] ] ],
    "components": [ [ [ "hatchet", 1 ] ], [ [ "rag_bloody", 2 ] ], [ [ "essence_blood", 5 ] ] ]
  },
  {
    "result": "ethereal_crossbow",
    "type": "recipe",
    "category": "CC_WEAPON",
    "subcategory": "CSC_WEAPON_RANGED",
    "skill_used": "magic",
    "difficulty": 7,
    "skills_required": [ "fabrication", 1 ],
    "time": "80 m",
    "book_learn": [ [ "book_hexenhammer", 7 ] ],
    "using": [ [ "arcana_holy_symbol_any", 1 ] ],
    "qualities": [ { "id": "HAMMER", "level": 2 }, { "id": "ANVIL", "level": 1 }, { "id": "CUT", "level": 1 } ],
    "tools": [ [ [ "book_hexenhammer", -1 ] ], [ [ "surface_heat", 3, "LIST" ] ] ],
    "components": [
      [ [ "crossbow", 1 ] ],
      [ [ "rope_6", 1 ], [ "rag", 3 ], [ "string_36", 6 ] ],
      [ [ "gold_small", 45 ], [ "CF_golden_scale", 9 ] ],
      [ [ "essence_dull", 20 ] ]
    ]
  },
  {
    "result": "spear_pestilence",
    "type": "recipe",
    "category": "CC_WEAPON",
    "subcategory": "CSC_WEAPON_PIERCING",
    "//": "fungal fighters are plants, so not an option",
    "skill_used": "magic",
    "difficulty": 7,
    "skills_required": [ "fabrication", 5 ],
    "time": "90 m",
    "book_learn": [ [ "book_sacrifice", 7 ] ],
    "using": [ [ "arcana_essence_exclude_dull", 4 ] ],
    "qualities": [ { "id": "CUT", "level": 1 } ],
    "tools": [ [ [ "book_sacrifice", -1 ] ] ],
    "components": [
      [ [ "spear_steel", 1 ], [ "qiang", 1 ] ],
      [ [ "bee_sting", 1 ], [ "wasp_sting", 1 ], [ "dermatik_sting", 1 ] ],
      [ [ "chitin_piece", 2 ] ]
    ]
  },
  {
    "result": "verge_meteoric",
    "type": "recipe",
    "category": "CC_WEAPON",
    "subcategory": "CSC_WEAPON_BASHING",
    "skill_used": "magic",
    "difficulty": 8,
    "skills_required": [ "fabrication", 6 ],
    "time": "80 m",
    "book_learn": [ [ "book_sacrifice", 8 ], [ "book_syncretism", 7 ] ],
    "using": [ [ "forging_standard", 3 ], [ "bronzesmithing_tools", 1 ], [ "arcana_essence_any", 8 ] ],
    "tools": [ [ [ "book_sacrifice", -1 ], [ "book_syncretism", -1 ] ] ],
    "components": [ [ [ "cudgel", 1 ] ], [ [ "thunder_sigil", 1 ] ], [ [ "meteoric_talisman", 1 ] ] ]
  },
  {
    "result": "scourge_moonstone",
    "type": "recipe",
    "category": "CC_WEAPON",
    "subcategory": "CSC_WEAPON_CUTTING",
    "skill_used": "magic",
    "difficulty": 9,
    "skills_required": [ "fabrication", 6 ],
    "time": "100 m",
    "book_learn": [ [ "book_sacrifice", 9 ], [ "book_syncretism", 8 ] ],
    "using": [
      [ "sewing_standard", 80 ],
      [ "forging_standard", 2 ],
      [ "bronzesmithing_tools", 1 ],
      [ "arcana_essence_exclude_dull", 9 ]
    ],
    "tools": [ [ [ "book_bloodmagic", -1 ], [ "book_syncretism", -1 ] ] ],
    "components": [ [ [ "bullwhip", 1 ] ], [ [ "blood_athame", 1 ] ], [ [ "moonstone_fang", 1 ] ] ]
  },
  {
    "result": "veilblade",
    "type": "recipe",
    "category": "CC_WEAPON",
    "subcategory": "CSC_WEAPON_CUTTING",
    "//": "References an idea had by Noct, with some differences.",
    "skill_used": "magic",
    "difficulty": 4,
    "time": "30 m",
    "book_learn": [ [ "book_sacrifice", 8 ] ],
    "autolearn": [ [ "magic", 10 ] ],
    "qualities": [ { "id": "CUT", "level": 1 } ],
    "tools": [
      [ [ "book_sacrifice", -1 ] ],
      [ [ "book_bloodmagic", -1 ] ],
      [
        [ "torch_lit", -1 ],
        [ "candle_lit", -1 ],
        [ "oil_lamp_on", -1 ],
        [ "candle_warding_active", -1 ],
        [ "fire", -1 ]
      ],
      [
        [ "holy_symbol", -1 ],
        [ "holy_symbol_wood", -1 ],
        [ "charm_bone", -1 ],
        [ "small_relic", -1 ],
        [ "amulet_exotic", -1 ],
        [ "offering_chalice", -1 ],
        [ "thunder_sigil", -1 ],
        [ "hexenhammer", -1 ],
        [ "sun_sword", -1 ]
      ]
    ],
    "components": [ [ [ "stormbringer", 1 ] ], [ [ "salt", 100 ] ], [ [ "essence_blood", 12 ] ] ]
  }
]
