[
  {
    "type": "talk_topic",
    "id": "TALK_CF_REP",
    "dynamic_line": {
      "u_has_effect": "cf_mission_1",
      "yes": "Welcome once again.  How may I help you?",
      "no": {
        "u_has_trait": "PROF_SANGUINE",
        "yes": {
          "u_has_effect": "sofia_motive_explained",
          "yes": "Greetings.  You are welcome here, so long as you cause no trouble.",
          "no": "Greetings.  I know you are, or were, a follower of the Path to Power.  For what purpose have you come here?"
        },
        "no": {
          "u_has_any_trait": [ "PROF_CLEANSINGFLAME", "PROF_CLEANSINGFLAME2" ],
          "yes": {
            "u_male": "Welcome, Brother.  I knew we were not alone just yet.",
            "no": "Welcome, Sister.  I knew we were not alone just yet."
          },
          "no": {
            "u_has_any_trait": [ "PROF_CHALICE", "THRESH_VEIL" ],
            "yes": {
              "u_has_effect": "sofia_motive_explained",
              "yes": "Greetings.  I hope that we can work together.",
              "no": "Greetings, Keeper.  The others cannot see the mark of your god upon you, as I can.  We need not be enemies, if your intentions are peaceful."
            },
            "no": "Welcome, traveler.  You may rest here if in need, meager though our sanctum may be."
          }
        }
      }
    },
    "responses": [
      {
        "text": "[MISSION] I need another copy of the trade arrangements, please.",
        "topic": "TALK_CF_REP_MISSION_2_COPY",
        "condition": {
          "and": [
            { "not": { "u_has_item": "cf_rep_trade_arrangement" } },
            { "u_has_mission": "MISSION_CF_REP_2" },
            { "not": { "u_has_effect": "cf_mission_receipt" } }
          ]
        }
      },
      {
        "text": "[MISSION] What can you tell me about the \"strange grove\" Johnathan asked me to investigate?",
        "topic": "TALK_CF_REP_JOHNATHAN_ADVICE_1",
        "condition": { "u_has_mission": "MISSION_CF_GM_1" }
      },
      {
        "text": "[MISSION] What can you tell me about this sanctum Johnathan sent me to investigate?",
        "topic": "TALK_CF_REP_JOHNATHAN_ADVICE_2",
        "condition": { "u_has_mission": "MISSION_CF_GM_2" }
      },
      {
        "text": "[MISSION] What can you tell me about these sanguinists that Johnathan has asked me to deal with?",
        "topic": "TALK_CF_REP_JOHNATHAN_ADVICE_3",
        "condition": { "u_has_mission": "MISSION_CF_GM_3" }
      },
      {
        "text": "[MISSION] The deacon at the refugee center asked me to check up on you.",
        "topic": "TALK_CF_REP_DEACON_MISSION",
        "condition": {
          "and": [
            { "not": { "u_has_effect": "sofia_deacon_message" } },
            { "not": { "u_has_any_trait": [ "PROF_CHALICE", "THRESH_VEIL", "PROF_SANGUINE" ] } },
            { "u_has_mission": "MISSION_CF_DEACON_1" }
          ]
        }
      },
      { "text": "What is this place?", "topic": "TALK_CF_REP_WHERE" },
      { "text": "Who are you?", "topic": "TALK_CF_REP_WHO" },
      {
        "text": "What can you tell me about the others?",
        "topic": "TALK_CF_REP_GM",
        "condition": { "npc_has_effect": "cf_mission_3" }
      },
      {
        "text": "Why didn't you attack me?",
        "condition": { "and": [ { "not": { "u_has_effect": "sofia_motive_explained" } }, { "u_has_trait": "PROF_SANGUINE" } ] },
        "topic": "TALK_CF_REP_SANGUINE_ASK"
      },
      {
        "text": "I'm not here to fight you.",
        "condition": { "and": [ { "not": { "u_has_effect": "sofia_motive_explained" } }, { "u_has_trait": "PROF_SANGUINE" } ] },
        "topic": "TALK_CF_REP_SANGUINE_MOTIVE_1"
      },
      {
        "text": "I have my own reasons for being here.",
        "condition": { "and": [ { "not": { "u_has_effect": "sofia_motive_explained" } }, { "u_has_trait": "PROF_SANGUINE" } ] },
        "topic": "TALK_CF_REP_SANGUINE_MOTIVE_2"
      },
      {
        "text": "I have been chosen by them, though I am no Keeper.",
        "condition": {
          "and": [
            { "not": { "u_has_effect": "sofia_motive_explained" } },
            { "not": { "u_has_trait": "THRESH_VEIL" } },
            { "u_has_trait": "PROF_CHALICE" }
          ]
        },
        "topic": "TALK_CF_REP_CHOSEN"
      },
      {
        "text": "I am not here for a fight.  He From Beyond The Veil has seen fit to ensure our meeting.",
        "condition": { "and": [ { "not": { "u_has_effect": "sofia_motive_explained" } }, { "u_has_trait": "PROF_CHALICE" } ] },
        "topic": "TALK_CF_REP_CHALICE_MOTIVE_1"
      },
      {
        "text": "We have been both allies and enemies in the past.  I am trusting that the cycle will not repeat.",
        "condition": { "and": [ { "not": { "u_has_effect": "sofia_motive_explained" } }, { "u_has_trait": "PROF_CHALICE" } ] },
        "topic": "TALK_CF_REP_CHALICE_MOTIVE_2"
      },
      {
        "text": "I was told about this place by the merchant at the refugee center, and decided to see if things are any better here.",
        "condition": {
          "and": [
            { "not": { "u_has_effect": "sofia_motive_explained" } },
            { "u_has_effect": "rural_church_aware" },
            { "u_has_any_trait": [ "PROF_CHALICE", "THRESH_VEIL", "PROF_SANGUINE" ] }
          ]
        },
        "topic": "TALK_CF_REP_MERCHANT_MOTIVE"
      },
      {
        "text": "I was sent by the deacon at the refugee center, to check up on you.",
        "condition": {
          "and": [
            { "not": { "u_has_effect": "sofia_motive_explained" } },
            { "u_has_mission": "MISSION_CF_DEACON_1" },
            { "u_has_any_trait": [ "PROF_CHALICE", "THRESH_VEIL", "PROF_SANGUINE" ] }
          ]
        },
        "topic": "TALK_CF_REP_DEACON_MOTIVE"
      },
      { "text": "Do you have anything to trade?", "topic": "TALK_CF_REP_TRADE" },
      {
        "text": "Anything I can do to help?",
        "topic": "TALK_MISSION_LIST",
        "condition": { "not": { "npc_has_effect": "cf_mission_3" } }
      },
      {
        "text": "Anything I can do to help?",
        "topic": "TALK_CF_REP_TBC",
        "condition": { "npc_has_effect": "cf_mission_3" }
      },
      {
        "text": "Well, bye.",
        "topic": "TALK_DONE",
        "effect": { "u_add_effect": "sofia_deacon_message", "duration": "PERMANENT" }
      }
    ]
  },
  {
    "id": "TALK_CF_REP_MISSION_2_COPY",
    "type": "talk_topic",
    "dynamic_line": "Oh, okay.  Should be easy enough to replace, since the list is a bit short.  Our needs and resources haven't changed at the moment anyway.  Here you go.",
    "responses": [ { "text": "Thank you.", "topic": "TALK_CF_REP", "effect": { "u_buy_item": "cf_rep_trade_arrangement" } } ]
  },
  {
    "type": "talk_topic",
    "id": "TALK_CF_REP_DEACON_MISSION",
    "dynamic_line": "I see.  I'm glad that he's doing alright over there.  If you get the chance to stop by, be sure to tell him we're doing okay.  Should put his mind at ease, as I'm sure he's needed over there.",
    "responses": [
      {
        "text": "Alright.",
        "topic": "TALK_CF_REP",
        "effect": { "u_add_effect": "sofia_deacon_message", "duration": "PERMANENT" }
      }
    ]
  },
  {
    "type": "talk_topic",
    "id": "TALK_CF_REP_JOHNATHAN_ADVICE_1",
    "dynamic_line": "An old arcanist enclave, right?  I'm afraid I don't know much of practical value beyond Johnathan's own judgement on the potential threat.  But I do recall a bit about the place prior to its infestation.",
    "responses": [
      { "text": "What do you know about what the place used to be?", "topic": "TALK_CF_REP_JOHNATHAN_ADVICE_1_1" },
      { "text": "Know anything about what happened to the place?", "topic": "TALK_CF_REP_JOHNATHAN_ADVICE_1_2" },
      { "text": "Another time, perhaps.  Thank you though.", "topic": "TALK_CF_REP" }
    ]
  },
  {
    "type": "talk_topic",
    "id": "TALK_CF_REP_JOHNATHAN_ADVICE_1_1",
    "dynamic_line": "It was used by a group of scholars, mystics, and such.  Long before all this started, before the great wounds in The Veil, even before our group became involved in all these strange things.",
    "responses": [
      { "text": "What did they do there, back then?", "topic": "TALK_CF_REP_JOHNATHAN_ADVICE_1_3" },
      {
        "text": "I see.  I have something else to ask you about the place.",
        "topic": "TALK_CF_REP_JOHNATHAN_ADVICE_1"
      },
      { "text": "I see.  That's all for now.", "topic": "TALK_CF_REP" }
    ]
  },
  {
    "type": "talk_topic",
    "id": "TALK_CF_REP_JOHNATHAN_ADVICE_1_3",
    "dynamic_line": "Studied, wrote, whatever they researched there laid the foundations for many other practices you've surely seen hints of.  Only thing it was missing was a way to turn hypothesis into practice, and others found that out once the people there abandoned the place.",
    "responses": [
      { "text": "I see.  I have something else to ask you about the place.", "topic": "TALK_CF_REP_JOHNATHAN_ADVICE_1" },
      { "text": "I see.  That's all for now.", "topic": "TALK_CF_REP" }
    ]
  },
  {
    "type": "talk_topic",
    "id": "TALK_CF_REP_JOHNATHAN_ADVICE_1_2",
    "dynamic_line": "As far as I know, they abandoned the place and it simply fell into ruin.  I had assumed that they lacked the means to put any of their ideas into practice back then, but if there are anomalies afflicting the place than there must have been something to allow these problems to flare up so long after they left.",
    "responses": [
      { "text": "I see.  I have something else to ask you about the place.", "topic": "TALK_CF_REP_JOHNATHAN_ADVICE_1" },
      { "text": "I see.  That's all for now.", "topic": "TALK_CF_REP" }
    ]
  },
  {
    "type": "talk_topic",
    "id": "TALK_CF_REP_JOHNATHAN_ADVICE_2",
    "dynamic_line": {
      "u_has_any_trait": [ "PROF_CLEANSINGFLAME", "PROF_CLEANSINGFLAME2" ],
      "yes": "I know about that place, yes.  The Sanctum of St. John.  Don't know if you ever had the chance to visit it before all this happened, but it was the only sanctum built by our own hand.  Only one I know of, at least.  Anything you wish to know, I will answer as best as I can recall.",
      "no": "I know about that place, yes.  We called it the Sanctum of St. John.  As far as I am aware, it was the only refuge we constructed ourselves, rather than being sheltered by our contacts elsewhere.  What do you wish to know about it?"
    },
    "responses": [
      { "text": "What can you tell me about the layout of the place?", "topic": "TALK_CF_REP_JOHNATHAN_ADVICE_2_1" },
      { "text": "What happened to it?", "topic": "TALK_CF_REP_JOHNATHAN_ADVICE_2_2" },
      { "text": "Another time, perhaps.  Thank you though.", "topic": "TALK_CF_REP" }
    ]
  },
  {
    "type": "talk_topic",
    "id": "TALK_CF_REP_JOHNATHAN_ADVICE_2_1",
    "dynamic_line": "Like any proper sanctum, there's a main room just beyond the entrance, and common rooms for the benefit of any people sheltered there.  Workspaces, archives, armories and the like will be downstairs, and they're likely to be infested by abominations given what what others have mentioned.  The main room there will be divided into hallways by the stone supports and walls, you might be able to use them to keep any monsters down there bunched up.  As for what's beyond that, I...",
    "responses": [
      { "text": "Yes?  What's wrong?", "topic": "TALK_CF_REP_JOHNATHAN_ADVICE_2_3" },
      { "text": "Maybe it would be better to ask about something else.", "topic": "TALK_CF_REP_JOHNATHAN_ADVICE_1" },
      { "text": "It's fine.  That's all for now.", "topic": "TALK_CF_REP" }
    ]
  },
  {
    "type": "talk_topic",
    "id": "TALK_CF_REP_JOHNATHAN_ADVICE_2_3",
    "dynamic_line": "The floor below that used to be our ritual room, and a tomb for those that've fallen in battle.  What the others said, that part of the structured has been completely subverted by some unknown intrusion from Beyond.  It's bad enough that those who fell trying to hold those monsters back went unburied, but gods know what happened to those laid to rest there.  You'll need to take down a barrier sealing off the stairs, you'll see one of our swords.  You'll be able to remove it to dispel the barrier easily enough.  Whatever you do, please come back safely.",
    "responses": [
      { "text": "I'd like to ask about something else, please.", "topic": "TALK_CF_REP_JOHNATHAN_ADVICE_1" },
      { "text": "Thank you.  That's it for now.", "topic": "TALK_CF_REP" }
    ]
  },
  {
    "type": "talk_topic",
    "id": "TALK_CF_REP_JOHNATHAN_ADVICE_2_2",
    "dynamic_line": "When all this started, many places suffered anomalies and hazards of various sorts.  The mere nature of our work down there, dismantling dangerous objects recovered on hunts, evidently allowed such things to happen even there, despite all our efforts to be cautious.  The hunters there held off what came crawling out from Beyond as best as they could, but they couldn't... I'm sorry.  It's unavoidable in our line of work, but we lost so many down there, that day.  Whatever fate the gods mandate for them, I hope they are at peace.",
    "responses": [
      { "text": "Maybe it would be better to ask about something else.", "topic": "TALK_CF_REP_JOHNATHAN_ADVICE_1" },
      { "text": "That's all for now.", "topic": "TALK_CF_REP" }
    ]
  },
  {
    "type": "talk_topic",
    "id": "TALK_CF_REP_JOHNATHAN_ADVICE_3",
    "dynamic_line": {
      "u_has_any_trait": [ "PROF_CLEANSINGFLAME", "PROF_CLEANSINGFLAME2" ],
      "yes": "You know your duty.  \"If they are a threat to humanity, be they blood mage or bandit, offer no mercy and expect none in return.\"  Those among the Order who are willing to abandon their ways, or even merely offer truce to us, are vanishingly rare.  They are continuing their studies, continuing to prey upon the innocent to fuel their practices.  May Odin grant you victory in battle.",
      "no": {
        "u_has_trait": "PROF_SANGUINE",
        "yes": "You have seen the worst of your order.  I would advice caution, and be prepared for a fight even if they recognize that you're one of them.  That you pursue this task means I can trust you to do what's right.  They're preying upon people just as the Order has for decades, and not even the threat of humanity's extinction has swayed them.  It's unfortunate, as killing each other is the last thing we should be doing in times like these, but they must be brought to justice.",
        "no": "The Sanguine Order is dangerous.  It is not merely their dabbling in dangerous forces, they were a threat even before their discoveries.  They are murderers, worse than any petty bandit.  While I am hopeful that some of their number might face the threat of humanity's end, and come to understand this cannot continue, this group has been confirmed to still be just as senseless in their actions as the Order typically is.  Do not trust them, and do not underestimate them."
      }
    },
    "responses": [
      {
        "text": "\"Dii supra et infra, dōnēs nobis virtus.\"  I'll deal with them.",
        "switch": true,
        "condition": { "u_has_any_trait": [ "PROF_CLEANSINGFLAME", "PROF_CLEANSINGFLAME2" ] },
        "topic": "TALK_CF_REP"
      },
      {
        "text": "We'll see what comes of it, hunter.",
        "switch": true,
        "condition": { "u_has_trait": "PROF_SANGUINE" },
        "topic": "TALK_CF_REP"
      },
      {
        "text": "So be it.  \"No matter the cost, no matter what we must do, for the strength and safety of this world...\"",
        "switch": true,
        "condition": { "u_has_trait": "PROF_CHALICE" },
        "topic": "TALK_CF_REP"
      },
      { "text": "Understood.  Thank you.", "switch": true, "default": true, "topic": "TALK_CF_REP" }
    ]
  },
  {
    "type": "talk_topic",
    "id": "TALK_CF_REP_SANGUINE_ASK",
    "dynamic_line": "You had to have known what you were walking into.  Either you are here to make peace, or else there is a trick at play here.  If so, know that we are watching.  Now please, for what purpose have you come here?",
    "responses": [
      { "text": "You are correct.  I'm not here for a fight.", "topic": "TALK_CF_REP_SANGUINE_MOTIVE_1" },
      { "text": "My reasons are my own.", "topic": "TALK_CF_REP_SANGUINE_MOTIVE_2" },
      {
        "text": "[ATTACK] To finish what my fellows started.  I need no tricks to put your kind down.",
        "topic": "TALK_DONE",
        "effect": [ { "u_faction_rep": -30 }, "insult_combat" ]
      }
    ]
  },
  {
    "type": "talk_topic",
    "id": "TALK_CF_REP_SANGUINE_MOTIVE_1",
    "dynamic_line": "So I see.  If you are here with honest intent, I can guide you.  Let us set things right.",
    "responses": [
      {
        "text": "We'll see what can be done.",
        "effect": { "u_add_effect": "sofia_motive_explained", "duration": "PERMANENT" },
        "topic": "TALK_CF_REP"
      }
    ]
  },
  {
    "type": "talk_topic",
    "id": "TALK_CF_REP_SANGUINE_MOTIVE_2",
    "dynamic_line": "I am willing to trust you, if you prove yourself.  Your reasons are your own, but remember that we will not let our guard down.",
    "responses": [
      {
        "text": "Alright.",
        "effect": { "u_add_effect": "sofia_motive_explained", "duration": "PERMANENT" },
        "opinion": { "value": -1 },
        "topic": "TALK_CF_REP"
      }
    ]
  },
  {
    "type": "talk_topic",
    "id": "TALK_CF_REP_CHOSEN",
    "dynamic_line": "I see.  However you accomplished that, I'm impressed.  I hope that you have learned caution and temperance regarding powers from the Beyond.  I can offer any guidance I can, if you accept it.",
    "responses": [
      {
        "text": "We'll see.",
        "effect": { "u_add_effect": "sofia_motive_explained", "duration": "PERMANENT" },
        "opinion": { "value": 1 },
        "topic": "TALK_CF_REP"
      }
    ]
  },
  {
    "type": "talk_topic",
    "id": "TALK_CF_REP_CHALICE_MOTIVE_1",
    "dynamic_line": "So it seems.  Whether your god or those we follow, our meeting was fated.  I'm certain of it.  This is an opportunity to work together.",
    "responses": [
      {
        "text": "Perhaps we will, then.",
        "effect": { "u_add_effect": "sofia_motive_explained", "duration": "PERMANENT" },
        "opinion": { "trust": 1 },
        "topic": "TALK_CF_REP"
      }
    ]
  },
  {
    "type": "talk_topic",
    "id": "TALK_CF_REP_CHALICE_MOTIVE_2",
    "dynamic_line": "You have my word.  Neither of us can afford to be enemies anymore.",
    "responses": [
      {
        "text": "Thank you.",
        "effect": { "u_add_effect": "sofia_motive_explained", "duration": "PERMANENT" },
        "opinion": { "value": 1, "anger": -1 },
        "topic": "TALK_CF_REP"
      }
    ]
  },
  {
    "type": "talk_topic",
    "id": "TALK_CF_REP_MERCHANT_MOTIVE",
    "dynamic_line": {
      "u_has_trait": "PROF_SANGUINE",
      "yes": "And yet you came here, knowing the potential danger.  Or did you think us extinct?  Perhaps that means you can be trusted.  If your intent remains honest, we need not be enemies.  But we shall see.",
      "no": "Then hopefully this means we need not be enemies.  The gods ensured that mortal means would lead us to meet.  Remind us of our shared humanity, perhaps.  We shall see if this holds true."
    },
    "responses": [
      {
        "text": "We'll see.",
        "effect": { "u_add_effect": "sofia_motive_explained", "duration": "PERMANENT" },
        "topic": "TALK_CF_REP"
      }
    ]
  },
  {
    "type": "talk_topic",
    "id": "TALK_CF_REP_DEACON_MOTIVE",
    "dynamic_line": {
      "u_has_trait": "PROF_SANGUINE",
      "yes": "That young man knows nothing of our history.  I fear he may be too trusting, to have asked for your assistance.  I will give you the benefit of the doubt for now, but if I find that you've harmed him, I will slay you myself.  Understood?",
      "no": "The deacon of this church does not know of our nature, unlike the priest who would normally be attending this place.  If you get the opportunity to visit him again, I'm sure he'll be relieved to know that we're still holding on."
    },
    "responses": [
      {
        "text": "...",
        "switch": true,
        "effect": { "u_add_effect": "sofia_motive_explained", "duration": "PERMANENT" },
        "condition": { "u_has_trait": "PROF_SANGUINE" },
        "topic": "TALK_CF_REP"
      },
      {
        "text": "I see.",
        "switch": true,
        "default": true,
        "effect": { "u_add_effect": "sofia_motive_explained", "duration": "PERMANENT" },
        "topic": "TALK_CF_REP"
      }
    ]
  },
  {
    "type": "talk_topic",
    "id": "TALK_CF_REP_WHERE",
    "dynamic_line": "Before all this started, an old parish church.  Many of our sanctums took the form of any church, hof, or other such place sympathetic to our cause.  I'd known the priest here for years, and he sheltered us many times despite the heathen nature of many of us, including myself.  This was a natural choice on realizing how dire the situation was, though we found the place abandoned at some point during the chaos.",
    "responses": [
      {
        "text": "What did you mean by heathen?",
        "condition": { "not": { "u_has_any_trait": [ "PROF_CLEANSINGFLAME", "PROF_CLEANSINGFLAME2" ] } },
        "topic": "TALK_CF_REP_HEATHEN"
      },
      { "text": "And what cause would that be?", "topic": "TALK_CF_REP_CAUSE" },
      { "text": "I see.  That is all for now.", "topic": "TALK_CF_REP" }
    ]
  },
  {
    "type": "talk_topic",
    "id": "TALK_CF_REP_HEATHEN",
    "dynamic_line": "Our order was composed of people from various religions.  Not only Abrahamic ones of various sorts, but those that would be considered pagan.  Asatruan, in my case.  Over time our practices mingled, a shared influence affecting our approach to the arcane.",
    "responses": [
      {
        "text": "What do you mean, arcane?",
        "condition": {
          "not": {
            "u_has_any_trait": [ "PROF_ARCANIST", "PROF_ARCANIST2", "PROF_SANGUINE", "PROF_CHALICE", "THRESH_VEIL", "THRESH_DRAGONBLOOD" ]
          }
        },
        "topic": "TALK_CF_REP_ARCANE"
      },
      { "text": "...", "topic": "TALK_CF_REP" }
    ]
  },
  {
    "type": "talk_topic",
    "id": "TALK_CF_REP_ARCANE",
    "dynamic_line": {
      "u_has_effect": "cf_sofia_notes_given",
      "yes": "Things may have reached their boiling point rather recently, but less-disruptive events have been happening here and there for a bit before all this.  There is a logic to it, and I hope if you attempt to understand it yourself you'll be cautious in your efforts.",
      "no": "We've taken to referring to certain supernatural events as such, and the methods some have found to exploit these effects.  Things may have reached their boiling point rather recently, but less-disruptive events have been happening here and there for a bit before all this.  Given things like strange monsters being called from gods-know-where, cultists fueling rituals with blood, and the like, it's hard not to refer to such as magical, even if there is some manner of logic to it.  Here.  This may help you make sense of what we've had to deal with, to some extent."
    },
    "responses": [
      {
        "text": "I see.  I think...",
        "switch": true,
        "topic": "TALK_CF_REP",
        "condition": { "u_has_effect": "cf_sofia_notes_given" }
      },
      {
        "text": "O ...kay.  I see.  I think...",
        "switch": true,
        "default": true,
        "topic": "TALK_CF_REP",
        "effect": [ { "u_buy_item": "book_magicfordummies" }, { "u_add_effect": "cf_sofia_notes_given", "duration": "PERMANENT" } ]
      }
    ]
  },
  {
    "type": "talk_topic",
    "id": "TALK_CF_REP_CAUSE",
    "dynamic_line": {
      "u_has_any_trait": [ "PROF_CLEANSINGFLAME", "PROF_CLEANSINGFLAME2" ],
      "yes": "An interesting question, from one of my kin.  We have not strayed from our goal of protecting the innocent against the dangers of the Beyond.",
      "no": "Before all this boiled over, who would believe us?  With the dead rising, and strange powers decaying the very fabric of reality, we can afford to be more open about our nature.  We seek to protect people from dangerous magic and otherworldly monsters.  The first signs of these threats were isolated, forbidden knowledge slipping through the cracks, minor symptoms of whatever caused this.  Now it is more than any one group can handle, I fear."
    },
    "responses": [
      {
        "text": "Magic?  I'm still not sure I can believe that.",
        "condition": {
          "not": {
            "u_has_any_trait": [
              "PROF_ARCANIST",
              "PROF_ARCANIST2",
              "PROF_CLEANSINGFLAME",
              "PROF_CLEANSINGFLAME2",
              "PROF_SANGUINE",
              "PROF_CHALICE",
              "THRESH_VEIL",
              "THRESH_DRAGONBLOOD"
            ]
          }
        },
        "topic": "TALK_CF_REP_MAGIC"
      },
      { "text": "I see.", "topic": "TALK_CF_REP" }
    ]
  },
  {
    "type": "talk_topic",
    "id": "TALK_CF_REP_MAGIC",
    "dynamic_line": {
      "u_has_effect": "cf_sofia_notes_given",
      "yes": "You have every right to consider it absurd.  We speak of magic and the arcane, when it's something effects we use with only enough comprehension to use safely.  Perhaps calling it such when there is an order to it, a logic of its own, may be incorrect as well.  But it's useful to remind us to treat even the items we're familiar with cautiously, and never make the assumption that we understand enough to make a rash mistake.",
      "no": "You have every right to consider it absurd.  We speak of magic and the arcane, when it's something effects we use with only enough comprehension to use safely.  Perhaps calling it such when there is an order to it, a logic of its own, may be incorrect as well.  Here.  This may prove better than trying to toy with the unknown unaided."
    },
    "responses": [
      { "text": "...", "switch": true, "topic": "TALK_CF_REP", "condition": { "u_has_effect": "cf_sofia_notes_given" } },
      {
        "text": "Er.  Thanks, I think.",
        "switch": true,
        "default": true,
        "topic": "TALK_CF_REP",
        "effect": [ { "u_buy_item": "book_magicfordummies" }, { "u_add_effect": "cf_sofia_notes_given", "duration": "PERMANENT" } ]
      }
    ]
  },
  {
    "type": "talk_topic",
    "id": "TALK_CF_REP_WHO",
    "dynamic_line": "Sofia McKinnon, entitled as Thane by our founding, and a Sister of the Cleansing Flame.",
    "responses": [
      {
        "text": "Is this all that's left of us?",
        "switch": true,
        "condition": { "u_has_any_trait": [ "PROF_CLEANSINGFLAME", "PROF_CLEANSINGFLAME2" ] },
        "topic": "TALK_CF_REP_CF_LEFT"
      },
      { "text": "The Cleansing Flame?", "switch": true, "default": true, "topic": "TALK_CF_REP_CF_QUERY" },
      { "text": "Why are you called Thane?", "topic": "TALK_CF_REP_THANE" },
      { "text": "I see.  That is all for now.", "topic": "TALK_CF_REP" }
    ]
  },
  {
    "type": "talk_topic",
    "id": "TALK_CF_REP_TBC",
    "dynamic_line": "Not at the moment.  Check back later, and I should have more for you.",
    "responses": [ { "text": "Oh, okay.", "topic": "TALK_CF_REP" } ]
  },
  {
    "type": "talk_topic",
    "id": "TALK_CF_REP_CF_LEFT",
    "dynamic_line": {
      "npc_has_effect": "cf_mission_3",
      "yes": "Do not lose hope yet.  Already our efforts bore fruit, and more are surely out there.  If the gods will it, we will endure.",
      "no": "I do not know for certain.  Between trying to get anything to come in via radio, and our contact with the refugee center, I have heard nothing else so far, but I will keep searching.  We must never give up."
    },
    "responses": [ { "text": "So long as the Sun shines upon the Earth...", "topic": "TALK_CF_REP" } ]
  },
  {
    "type": "talk_topic",
    "id": "TALK_CF_REP_CF_QUERY",
    "dynamic_line": "A religious order.  Of many faiths, along many paths.  We were never that large in size, mostly just a few local communities united by the depredations of a cult.  Before any of these arcane goings-on happened, but when the cracks in the Veil began to show its effects, we adapted just as the Sanguine Order did.",
    "responses": [
      {
        "text": "What do you mean, arcane?",
        "condition": {
          "not": {
            "u_has_any_trait": [ "PROF_ARCANIST", "PROF_ARCANIST2", "PROF_SANGUINE", "PROF_CHALICE", "THRESH_VEIL", "THRESH_DRAGONBLOOD" ]
          }
        },
        "topic": "TALK_CF_REP_ARCANE"
      },
      {
        "text": "The Veil?",
        "condition": {
          "not": {
            "u_has_any_trait": [ "PROF_ARCANIST", "PROF_ARCANIST2", "PROF_SANGUINE", "PROF_CHALICE", "THRESH_VEIL", "THRESH_DRAGONBLOOD" ]
          }
        },
        "topic": "TALK_CF_REP_VEIL"
      },
      {
        "text": "And who were the Sanguine Order?",
        "condition": { "not": { "u_has_any_trait": [ "PROF_SANGUINE", "PROF_CHALICE" ] } },
        "topic": "TALK_CF_REP_SANGUINE_QUERY"
      },
      { "text": "...", "topic": "TALK_CF_REP" }
    ]
  },
  {
    "type": "talk_topic",
    "id": "TALK_CF_REP_VEIL",
    "dynamic_line": "Our term for whatever effect seems to be linked to some of the monsters that have invaded this realm.  You may have seen these rifts or holes during your travels, or heard others report of them.  Things coming out of them?  Whatever caused them, there has to be some way to prevent things from getting worse.",
    "responses": [ { "text": "I ...see.  Never mind.", "topic": "TALK_CF_REP" } ]
  },
  {
    "type": "talk_topic",
    "id": "TALK_CF_REP_SANGUINE_QUERY",
    "dynamic_line": {
      "u_has_trait": "THRESH_DRAGONBLOOD",
      "yes": "I had thought from your alterations that you were familiar with them.  They were the ones that developed the practices that you yourself have benefited from.  A band of murderous cultists, even before all this started and they found ways to exploit these anomalies.",
      "no": "A local cult that used to infest this area's rural regions, and their effects on our community led to our own group being formed.  Like us, before things boiled over there were some initial supernatural effects, and with that came ways of using it to one's benefit.  Their rituals went from simple murder to something dangerous to more than just their victims."
    },
    "responses": [ { "text": "...", "topic": "TALK_CF_REP" } ]
  },
  {
    "type": "talk_topic",
    "id": "TALK_CF_REP_THANE",
    "dynamic_line": "A reminder of our history.  Before our founding, when we were a few disparate groups of various religions.  Including followers of the old gods such as myself, who used titles and ranks where now we are merely Brothers and Sisters.",
    "responses": [ { "text": "Oh, okay.", "topic": "TALK_CF_REP" } ]
  },
  {
    "id": "TALK_CF_REP_GM",
    "type": "talk_topic",
    "dynamic_line": "A few others among our order, some having had contact with our fellows working closer to the cities.  Grandmaster Leone seems to be the most senior of the group, and he provided me with a lot of information I'll need to examine closely.  Might lead us to other survivors to get in touch with.  Might be a good idea to speak with him as well.",
    "responses": [ { "text": "We'll see.", "topic": "TALK_CF_REP" } ]
  },
  {
    "type": "talk_topic",
    "id": "TALK_CF_REP_TRADE",
    "dynamic_line": "The entrance and kitchen have a handful of things you may use if you are in need.  Beyond that we don't have much to spare, but I will offer you what I can.  We've taken to using measured blanks of gold in lieu of currency, which we used to use for repairing some of our items.  The others can vouch for the purity and weight being standardized.",
    "responses": [
      { "text": "Let's trade then.", "effect": "start_trade", "topic": "TALK_CF_REP" },
      { "text": "It's fine, never mind.", "topic": "TALK_CF_REP" }
    ]
  }
]
