[
  {
    "type": "talk_topic",
    "id": "TALK_BLOOD_MAGE_SHRIKE_ROGUE",
    "dynamic_line": {
      "u_has_trait": "PROF_SANGUINE",
      "yes": "Well, aren't you a little troublemaker?  The magus here is a bit uppity about would-be rivals barging in to make a mess of things.  What are you here for?",
      "no": {
        "u_has_any_trait": [ "PROF_CLEANSINGFLAME", "PROF_CLEANSINGFLAME2" ],
        "yes": "...hunter.",
        "no": "You shouldn't be here, meddling in things beyond your understanding.  Might get yourself hurt."
      }
    },
    "responses": [
      {
        "text": "[MISSION] I'm here to put a stop to this.",
        "condition": {
          "and": [
            { "not": { "u_has_any_trait": [ "PROF_CLEANSINGFLAME", "PROF_CLEANSINGFLAME2" ] } },
            { "u_has_mission": "MISSION_CF_GM_3" }
          ]
        },
        "topic": "TALK_BLOOD_MAGE_SHRIKE_ROGUE_ITS_TIME_TO_STOP"
      },
      {
        "text": "...lanius.",
        "condition": { "u_has_any_trait": [ "PROF_CLEANSINGFLAME", "PROF_CLEANSINGFLAME2" ] },
        "topic": "TALK_BLOOD_MAGE_SHRIKE_ROGUE_LANIUS",
        "opinion": { "value": 1 }
      },
      {
        "text": "[ATTACK] Ecce, sanguinem magum...",
        "condition": { "u_has_any_trait": [ "PROF_CLEANSINGFLAME", "PROF_CLEANSINGFLAME2" ] },
        "effect": "insult_combat",
        "topic": "TALK_DONE",
        "opinion": { "value": -1 }
      },
      {
        "text": "Why do you follow this magus?  We should be standing together.",
        "condition": { "u_has_trait": "PROF_SANGUINE" },
        "topic": "TALK_BLOOD_MAGE_SHRIKE_ROGUE_MAGUS"
      },
      {
        "text": "Who are you?",
        "condition": { "not": { "u_has_any_trait": [ "PROF_CLEANSINGFLAME", "PROF_CLEANSINGFLAME2", "PROF_SANGUINE" ] } },
        "topic": "TALK_BLOOD_MAGE_SHRIKE_ROGUE_WHO"
      },
      {
        "text": "What can you tell me about this place?",
        "condition": { "not": { "u_has_any_trait": [ "PROF_CLEANSINGFLAME", "PROF_CLEANSINGFLAME2", "PROF_SANGUINE" ] } },
        "topic": "TALK_BLOOD_MAGE_SHRIKE_ROGUE_WHERE"
      },
      {
        "text": "I'll just be going...",
        "condition": { "not": { "u_has_any_trait": [ "PROF_CLEANSINGFLAME", "PROF_CLEANSINGFLAME2" ] } },
        "trial": { "type": "PERSUADE", "difficulty": 5 },
        "success": { "topic": "TALK_BLOOD_MAGE_SHRIKE_ROGUE_LEAVE", "opinion": { "value": -2 } },
        "failure": { "topic": "TALK_BLOOD_MAGE_SHRIKE_ROGUE_NICE_TRY", "opinion": { "value": -4 } }
      }
    ]
  },
  {
    "id": "TALK_BLOOD_MAGE_SHRIKE_ROGUE_ITS_TIME_TO_STOP",
    "type": "talk_topic",
    "dynamic_line": "And I'm here to put a stop to you putting a stop to this.  Funny how that works out.",
    "responses": [ { "text": "...", "topic": "TALK_DONE", "effect": "insult_combat" } ]
  },
  {
    "id": "TALK_BLOOD_MAGE_SHRIKE_ROGUE_LANIUS",
    "type": "talk_topic",
    "dynamic_line": "Fight and die well, hunter.",
    "responses": [ { "text": "...", "topic": "TALK_DONE", "effect": "insult_combat" } ]
  },
  {
    "id": "TALK_BLOOD_MAGE_SHRIKE_ROGUE_MAGUS",
    "type": "talk_topic",
    "dynamic_line": "Someone has to keep these idiots from killing each other.  Not like you're helping with that.",
    "responses": [
      {
        "text": "They're misguided.  This will only bring what's left of our order into extinction.",
        "topic": "TALK_BLOOD_MAGE_SHRIKE_ROGUE_MISGUIDED"
      },
      {
        "text": "[ATTACK] They aren't getting themselves killed fast enough for my liking.",
        "topic": "TALK_DONE",
        "effect": "insult_combat"
      }
    ]
  },
  {
    "id": "TALK_BLOOD_MAGE_SHRIKE_ROGUE_MISGUIDED",
    "type": "talk_topic",
    "dynamic_line": {
      "u_has_trait": "THRESH_DRAGONBLOOD",
      "yes": "Funny to hear, when you've clearly been sticking your nose in the exact same bad idea the magus is dabbling in.",
      "no": {
        "u_has_trait": "THRESH_VEIL",
        "yes": "I think I see the problem.  Let me guess, quit the Order, found religion, and now the Keepers' little friend is pulling your strings?  \"No god, no demon, no spirit can be trusted with power over you.\"  You've compromised your principles, friend.",
        "no": "I have my duties.  They may be idiots but they're my idiots.  If you were interested in not dragging the order to extinction, then you should've left well enough alone while you had the chance."
      }
    },
    "responses": [
      {
        "text": "This isn't about that.  We can't continue down the path we're following, or they'll be nothing left for us.",
        "condition": { "u_has_trait": "THRESH_DRAGONBLOOD" },
        "switch": true,
        "trial": { "type": "PERSUADE", "difficulty": 30 },
        "success": { "topic": "TALK_BLOOD_MAGE_SHRIKE_ROGUE_CONVINCE", "opinion": { "trust": 1 } },
        "failure": { "topic": "TALK_BLOOD_MAGE_SHRIKE_ROGUE_FAILURE", "opinion": { "anger": 1, "trust": -1 } }
      },
      {
        "text": "I am not ruled by Him.  I have made my choice.  We must adapt, and in this case it requires an end to the old ways.",
        "condition": { "u_has_trait": "THRESH_VEIL" },
        "switch": true,
        "trial": { "type": "PERSUADE", "difficulty": 10 },
        "success": { "topic": "TALK_BLOOD_MAGE_SHRIKE_ROGUE_CONVINCE" },
        "failure": { "topic": "TALK_BLOOD_MAGE_SHRIKE_ROGUE_FAILURE", "opinion": { "anger": 1, "trust": -3, "value": -2 } }
      },
      {
        "text": "We can't keep backstabbing everyone we meet, we must be measured in our practice.",
        "switch": true,
        "default": true,
        "trial": { "type": "PERSUADE", "difficulty": 20 },
        "success": { "topic": "TALK_BLOOD_MAGE_SHRIKE_ROGUE_CONVINCE", "opinion": { "trust": 1, "value": 1, "anger": -1 } },
        "failure": { "topic": "TALK_BLOOD_MAGE_SHRIKE_ROGUE_FAILURE", "opinion": { "value": -1 } }
      },
      { "text": "[ATTACK] I've heard enough.  Die.", "topic": "TALK_DONE", "effect": "insult_combat" }
    ]
  },
  {
    "id": "TALK_BLOOD_MAGE_SHRIKE_ROGUE_CONVINCE",
    "type": "talk_topic",
    "dynamic_line": {
      "u_has_trait": "THRESH_VEIL",
      "yes": "Still adhere to The Path at heart, huh?  Maybe that's true, but I have my duty.  To follow The Path for the sake of others, a hunter of hunters.  What do you expect me to do, puppet?",
      "no": "Perhaps.  Thinking of the big picture like a shrike, not just about the next kill, hmm?  I still have a duty to these people, incompetent or not.  You expect me to ignore that?"
    },
    "responses": [
      {
        "text": "Join me.  There will be others, and we can set them on the right track.",
        "topic": "TALK_AGREE_FOLLOW",
        "effect": "follow"
      },
      { "text": "[ATTACK] I expect you to die.", "topic": "TALK_DONE", "effect": "insult_combat" }
    ]
  },
  {
    "id": "TALK_BLOOD_MAGE_SHRIKE_ROGUE_FAILURE",
    "type": "talk_topic",
    "dynamic_line": {
      "u_has_trait": "THRESH_DRAGONBLOOD",
      "yes": "I have a better idea, troublemaker.  Your scaly hide might make a passable pair of boots.",
      "no": {
        "u_has_trait": "THRESH_VEIL",
        "yes": "Really have lost sight of things, haven't you?  Let me see if I can get the point across for you.  Fuck you, and fuck your so-called god.  How's that?",
        "no": "I'm plenty measured in my practice, and I think you'd look better with a bit of said backstabbing."
      }
    },
    "responses": [ { "text": "...", "topic": "TALK_DONE", "effect": "insult_combat" } ]
  },
  {
    "id": "TALK_BLOOD_MAGE_SHRIKE_ROGUE_WHO",
    "type": "talk_topic",
    "dynamic_line": "A hunter of hunters.  As you've surely seen, the others can't quite keep themselves from falling to pieces, often literally.",
    "responses": [
      { "text": "Oh.  I see.", "topic": "TALK_BLOOD_MAGE_SHRIKE_ROGUE" },
      {
        "text": "I'll just be going...",
        "trial": { "type": "PERSUADE", "difficulty": 5 },
        "success": { "topic": "TALK_BLOOD_MAGE_SHRIKE_ROGUE_LEAVE", "opinion": { "value": -2, "fear": -1 } },
        "failure": { "topic": "TALK_BLOOD_MAGE_SHRIKE_ROGUE_NICE_TRY", "opinion": { "value": -4, "fear": -2 } }
      }
    ]
  },
  {
    "id": "TALK_BLOOD_MAGE_SHRIKE_ROGUE_LEAVE",
    "type": "talk_topic",
    "dynamic_line": "Today's your lucky day, I'm not the one who'll have to clean up the mess.  Go on.  Run.",
    "responses": [
      { "text": "Okay, I'm going.", "topic": "TALK_DONE", "effect": "player_leaving" },
      {
        "text": "[ATTACK] On second thought, how about I rearrange your face?",
        "topic": "TALK_DONE",
        "effect": "insult_combat"
      }
    ]
  },
  {
    "id": "TALK_BLOOD_MAGE_SHRIKE_ROGUE_NICE_TRY",
    "type": "talk_topic",
    "dynamic_line": "Go ahead and try, interloper.  You'll only die tired.  Let the hunt begin.",
    "responses": [ { "text": "...", "topic": "TALK_DONE", "effect": "insult_combat" } ]
  },
  {
    "id": "TALK_BLOOD_MAGE_SHRIKE_ROGUE_WHERE",
    "type": "talk_topic",
    "dynamic_line": "I can tell you this much: you shouldn't be down here.  Any more questions?",
    "responses": [
      { "text": "Who are you?", "topic": "TALK_BLOOD_MAGE_SHRIKE_ROGUE_WHO" },
      { "text": "Never mind...", "topic": "TALK_BLOOD_MAGE_SHRIKE_ROGUE" },
      { "text": "[ATTACK] Fuck off.", "topic": "TALK_DONE", "effect": "insult_combat" },
      {
        "text": "I'll just be going...",
        "trial": { "type": "PERSUADE", "difficulty": 5 },
        "success": { "topic": "TALK_BLOOD_MAGE_SHRIKE_ROGUE_LEAVE", "opinion": { "value": -2, "fear": -1 } },
        "failure": { "topic": "TALK_BLOOD_MAGE_SHRIKE_ROGUE_NICE_TRY", "opinion": { "value": -4, "fear": -2 } }
      }
    ]
  },
  {
    "id": "TALK_FRIEND_CONVERSATION",
    "type": "talk_topic",
    "responses": [
      {
        "text": "<BGSS_intro_question>",
        "topic": "BGSS_BLOOD_MAGE_2_STORY1",
        "condition": { "npc_has_trait": "BGSS_BLOOD_MAGE_2" },
        "switch": true
      }
    ]
  },
  {
    "id": "BGSS_BLOOD_MAGE_2_STORY1",
    "type": "talk_topic",
    "dynamic_line": "I was on a hunt.  Not much to say about that, just another mage hunter making trouble.  Didn't get to finish my business with them.",
    "responses": [
      { "text": "What happened?", "topic": "BGSS_CF_1_STORY2" },
      { "text": "<done_conversation_section>", "topic": "TALK_FRIEND" },
      { "text": "<end_talking>", "topic": "TALK_DONE" }
    ]
  },
  {
    "id": "BGSS_BLOOD_MAGE_2_STORY2",
    "type": "talk_topic",
    "dynamic_line": "What'd you expect, love blooming on the battlefield?  Something stole my kill, attracted a few guests along the way.  Not used to being the hunted.",
    "responses": [
      { "text": "What kind of guests?", "topic": "BGSS_CF_1_STORY3" },
      { "text": "<done_conversation_section>", "topic": "TALK_FRIEND" },
      { "text": "<end_talking>", "topic": "TALK_DONE" }
    ]
  },
  {
    "id": "BGSS_BLOOD_MAGE_2_STORY3",
    "type": "talk_topic",
    "dynamic_line": "The kind you don't want to invite to your birthday party, for one.  Too noisy, no sense of personal space, have a bad habit of not staying dead, all the usual problems with the undead.  I legged it to report to the people that sent me, and that's about it.",
    "responses": [ { "text": "<done_conversation_section>", "topic": "TALK_FRIEND" }, { "text": "<end_talking>", "topic": "TALK_DONE" } ]
  }
]
