[
	{
		"type": "recipe",
		"result": "hy_mobile_germination_box_active_5_wildherbs",
		"category": "CC_农业拓展",
		"subcategory": "CSC_农业拓展_水培：便携式水培",
		"skill_used": "fabrication",
		"difficulty": 1,
		"autolearn": true,
		"time": "10 s",
		"components": [
			[ [ "hy_mobile_germination_box", 1 ] ],
			[ [ "seed_wild_herbs", 5 ] ],
			[ [ "water_clean", 1 ] ]
		]
	},
	{
		"type": "recipe",
		"result": "hy_mobile_germination_box_active_10_wildherbs",
		"category": "CC_农业拓展",
		"subcategory": "CSC_农业拓展_水培：便携式水培",
		"skill_used": "fabrication",
		"difficulty": 1,
		"autolearn": true,
		"time": "20 s",
		"components": [
			[ [ "hy_mobile_germination_box", 1 ] ],
			[ [ "seed_wild_herbs", 10 ] ],
			[ [ "water_clean", 1 ] ]
		]
	},
	{
		"type": "recipe",
		"result": "hy_mobile_germination_box_active_20_wildherbs",
		"category": "CC_农业拓展",
		"subcategory": "CSC_农业拓展_水培：便携式水培",
		"skill_used": "fabrication",
		"difficulty": 1,
		"autolearn": true,
		"time": "40 s",
		"components": [
			[ [ "hy_mobile_germination_box", 1 ] ],
			[ [ "seed_wild_herbs", 20 ] ],
			[ [ "water_clean", 1 ] ]
		]
	},
	{
		"type": "recipe",
		"result": "hy_mobile_germination_box_active_50_wildherbs",
		"category": "CC_农业拓展",
		"subcategory": "CSC_农业拓展_水培：便携式水培",
		"skill_used": "fabrication",
		"difficulty": 1,
		"autolearn": true,
		"time": "100 s",
		"components": [
			[ [ "hy_mobile_germination_box", 1 ] ],
			[ [ "seed_wild_herbs", 50 ] ],
			[ [ "water_clean", 1 ] ]
		]
	},
	
	{
		"result": "hy_mobile_germination_box_done_5_wildherbs",
		"type": "uncraft",
		"time": "100 s",
		"components": [
			[ [ "hy_mobile_germination_box", 1 ] ],
			[ [ "hy_mobile_germinated_seed_wildherbs", 5 ] ]
		]
	},
	{
		"result": "hy_mobile_germination_box_done_10_wildherbs",
		"type": "uncraft",
		"time": "100 s",
		"components": [
			[ [ "hy_mobile_germination_box", 1 ] ],
			[ [ "hy_mobile_germinated_seed_wildherbs", 10 ] ]
		]
	},
	{
		"result": "hy_mobile_germination_box_done_20_wildherbs",
		"type": "uncraft",
		"time": "100 s",
		"components": [
			[ [ "hy_mobile_germination_box", 1 ] ],
			[ [ "hy_mobile_germinated_seed_wildherbs", 20 ] ]
		]
	},
	{
		"result": "hy_mobile_germination_box_done_50_wildherbs",
		"type": "uncraft",
		"time": "100 s",
		"components": [
			[ [ "hy_mobile_germination_box", 1 ] ],
			[ [ "hy_mobile_germinated_seed_wildherbs", 50 ] ]
		]
	},
	{
		"type": "recipe",
		"result": "hy_mobile_simple_germination_box_active_10_wildherbs",
		"category": "CC_农业拓展",
		"subcategory": "CSC_农业拓展_水培：便携式水培",
		"skill_used": "fabrication",
		"difficulty": 1,
		"autolearn": true,
		"time": "100 s",
		"components": [
			[ [ "hy_mobile_simple_germination_box", 1 ] ],
			[ [ "seed_wild_herbs", 10 ] ],
			[ [ "water_clean", 1 ] ]
		]
	},
	{
		"result": "hy_mobile_simple_germination_box_done_10_wildherbs",
		"type": "uncraft",
		"time": "100 s",
		"components": [
			[ [ "hy_mobile_simple_germination_box", 1 ] ],
			[ [ "hy_mobile_germinated_seed_wildherbs", 9 ] ]
		]
	},
	
	
	
	
	{
		"result": "hy_mobile_seedling_bowl_seedling_wildherbs",
		"type": "uncraft",
		"time": "5 s",
		"components": [
			[ [ "hy_mobile_seedling_wildherbs", 1 ] ],
			[ [ "hy_mobile_seedling_bowl", 1 ] ],
			[ [ "hy_mobile_nursery_soil", 1 ] ]
		]
	},
	
	{
		"type": "recipe",
		"result": "hy_mobile_adv_m_seedling_wildherbs",
		"category": "CC_农业拓展",
		"subcategory": "CSC_农业拓展_水培：便携式水培",
		"skill_used": "fabrication",
		"difficulty": 1,
		"autolearn": true,
		"time": "5 s",
		"components": [
			[ [ "hy_mobile_planting_basket_seedling_wildherbs", 10 ] ],
			[ [ "hy_mobile_adv_m", 1 ] ]
		]
	},
	{
		"result": "hy_mobile_adv_m_harvest_wildherbs",
		"type": "uncraft",
		"time": "5 s",
		"components": [
			[ [ "hy_mobile_adv_m", 1 ] ],
			[ [ "hy_mobile_planting_basket", 10 ] ],
			[ [ "hy_mobile_planting_basket_spongia", 10 ] ],
			[ [ "wild_herbs", 25 ] ],
			[ [ "seed_wild_herbs", 15 ] ]
		]
	}
]