[
	{
		"type": "recipe",
		"result": "hy_mobile_germination_box_active_5_wildvegetable",
		"category": "CC_农业拓展",
		"subcategory": "CSC_农业拓展_水培：便携式水培",
		"skill_used": "fabrication",
		"difficulty": 1,
		"autolearn": true,
		"time": "10 s",
		"components": [
			[ [ "hy_mobile_germination_box", 1 ] ],
			[ [ "seed_veggy_wild", 5 ] ],
			[ [ "water_clean", 1 ] ]
		]
	},
	{
		"type": "recipe",
		"result": "hy_mobile_germination_box_active_10_wildvegetable",
		"category": "CC_农业拓展",
		"subcategory": "CSC_农业拓展_水培：便携式水培",
		"skill_used": "fabrication",
		"difficulty": 1,
		"autolearn": true,
		"time": "20 s",
		"components": [
			[ [ "hy_mobile_germination_box", 1 ] ],
			[ [ "seed_veggy_wild", 10 ] ],
			[ [ "water_clean", 1 ] ]
		]
	},
	{
		"type": "recipe",
		"result": "hy_mobile_germination_box_active_20_wildvegetable",
		"category": "CC_农业拓展",
		"subcategory": "CSC_农业拓展_水培：便携式水培",
		"skill_used": "fabrication",
		"difficulty": 1,
		"autolearn": true,
		"time": "40 s",
		"components": [
			[ [ "hy_mobile_germination_box", 1 ] ],
			[ [ "seed_veggy_wild", 20 ] ],
			[ [ "water_clean", 1 ] ]
		]
	},
	{
		"type": "recipe",
		"result": "hy_mobile_germination_box_active_50_wildvegetable",
		"category": "CC_农业拓展",
		"subcategory": "CSC_农业拓展_水培：便携式水培",
		"skill_used": "fabrication",
		"difficulty": 1,
		"autolearn": true,
		"time": "100 s",
		"components": [
			[ [ "hy_mobile_germination_box", 1 ] ],
			[ [ "seed_veggy_wild", 50 ] ],
			[ [ "water_clean", 1 ] ]
		]
	},
	
	{
		"result": "hy_mobile_germination_box_done_5_wildvegetable",
		"type": "uncraft",
		"time": "100 s",
		"components": [
			[ [ "hy_mobile_germination_box", 1 ] ],
			[ [ "hy_mobile_germinated_seed_wildvegetable", 5 ] ]
		]
	},
	{
		"result": "hy_mobile_germination_box_done_10_wildvegetable",
		"type": "uncraft",
		"time": "100 s",
		"components": [
			[ [ "hy_mobile_germination_box", 1 ] ],
			[ [ "hy_mobile_germinated_seed_wildvegetable", 10 ] ]
		]
	},
	{
		"result": "hy_mobile_germination_box_done_20_wildvegetable",
		"type": "uncraft",
		"time": "100 s",
		"components": [
			[ [ "hy_mobile_germination_box", 1 ] ],
			[ [ "hy_mobile_germinated_seed_wildvegetable", 20 ] ]
		]
	},
	{
		"result": "hy_mobile_germination_box_done_50_wildvegetable",
		"type": "uncraft",
		"time": "100 s",
		"components": [
			[ [ "hy_mobile_germination_box", 1 ] ],
			[ [ "hy_mobile_germinated_seed_wildvegetable", 50 ] ]
		]
	},
	{
		"type": "recipe",
		"result": "hy_mobile_simple_germination_box_active_10_wildvegetable",
		"category": "CC_农业拓展",
		"subcategory": "CSC_农业拓展_水培：便携式水培",
		"skill_used": "fabrication",
		"difficulty": 1,
		"autolearn": true,
		"time": "100 s",
		"components": [
			[ [ "hy_mobile_simple_germination_box", 1 ] ],
			[ [ "seed_veggy_wild", 10 ] ],
			[ [ "water_clean", 1 ] ]
		]
	},
	{
		"result": "hy_mobile_simple_germination_box_done_10_wildvegetable",
		"type": "uncraft",
		"time": "100 s",
		"components": [
			[ [ "hy_mobile_simple_germination_box", 1 ] ],
			[ [ "hy_mobile_germinated_seed_wildvegetable", 9 ] ]
		]
	},
	
	
	
	
	{
		"result": "hy_mobile_seedling_bowl_seedling_wildvegetable",
		"type": "uncraft",
		"time": "5 s",
		"components": [
			[ [ "hy_mobile_seedling_wildvegetable", 1 ] ],
			[ [ "hy_mobile_seedling_bowl", 1 ] ],
			[ [ "hy_mobile_nursery_soil", 1 ] ]
		]
	},
	
	{
		"type": "recipe",
		"result": "hy_mobile_adv_m_seedling_wildvegetable",
		"category": "CC_农业拓展",
		"subcategory": "CSC_农业拓展_水培：便携式水培",
		"skill_used": "fabrication",
		"difficulty": 1,
		"autolearn": true,
		"time": "5 s",
		"components": [
			[ [ "hy_mobile_planting_basket_seedling_wildvegetable", 10 ] ],
			[ [ "hy_mobile_adv_m", 1 ] ]
		]
	},
	{
		"result": "hy_mobile_adv_m_harvest_wildvegetable",
		"type": "uncraft",
		"time": "5 s",
		"components": [
			[ [ "hy_mobile_adv_m", 1 ] ],
			[ [ "hy_mobile_planting_basket", 10 ] ],
			[ [ "hy_mobile_planting_basket_spongia", 10 ] ],
			[ [ "veggy_wild", 25 ] ],
			[ [ "seed_veggy_wild", 15 ] ]
		]
	}
]