[
  {
    "id": "mon_imp",
    "type": "MONSTER",
    "name": "幼魔",
    "description": "这个类人生物就像一个燃烧过的灰岩.它用致命的火焰和强壮的爪子来攻击敌人,是恶魔军队的杂兵.",
    "default_faction": "doom",
    "species": [ "ABERRATION" ],
    "diff": 12,
    "size": "MEDIUM",
    "harvest": "zombie_leather",
    "hp": 75,
    "speed": 110,
    "material": [ "flesh" ],
    "symbol": "i",
    "color": "brown",
    "aggression": 30,
    "morale": 30,
    "melee_skill": 5,
    "melee_dice": 2,
    "melee_dice_sides": 5,
    "melee_cut": 5,
    "dodge": 2,
    "armor_bash": 2,
    "armor_cut": 2,
    "armor_acid": 1,
    "armor_fire": 5,
    "vision_day": 40,
    "vision_night": 4,
    "path_settings": { "max_dist": 30 },
    "starting_ammo": { "flaming_skull": 66 },
    "special_attacks": [
      [ "scratch", 20 ],
      [ "LUNGE", 40 ],
      [ "wound_minor", 30 ],
      { "type": "leap", "cooldown": 25, "max_range": 4 },
      { "type": "bite", "cooldown": 30, "no_infection_chance": 9 },
      {
        "type": "gun",
        "cooldown": 5,
        "move_cost": 150,
        "gun_type": "hell_ball",
        "ammo_type": "flaming_skull",
        "fake_skills": [ [ "gun", 2 ] ],
        "fake_dex": 13,
        "fake_per": 6,
        "max_ammo": 1000,
        "ranges": [ [ 1, 13, "DEFAULT" ] ],
        "targeting_cost": 200,
        "targeting_sound": "怒嚎!",
        "targeting_volume": 25,
        "description": "幼魔丢出了一个火球!",
        "no_ammo_sound": "RAAGH?"
      }
    ],
    "death_function": [ "NORMAL" ],
    "burn_into": "mon_imp_revive",
    "flags": [ "SEES", "HEARS", "WARM", "BASHES", "POISON", "BLEED", "BONES", "CLIMBS", "PUSH_MON", "GROUP_MORALE" ]
  },
  {
    "id": "mon_imp_black",
    "type": "MONSTER",
    "name": "黑色幼魔",
    "description": "即使是幼魔,这个形象也会使皮肤变黑.它用致命的火焰和强壮的爪子来攻击敌人,并指挥带领它的同胞们投入战斗.",
    "default_faction": "upper_doom",
    "species": [ "ABERRATION" ],
    "diff": 12,
    "size": "MEDIUM",
    "harvest": "zombie_leather",
    "hp": 80,
    "speed": 110,
    "material": [ "flesh" ],
    "symbol": "i",
    "color": "brown",
    "aggression": 30,
    "morale": 60,
    "melee_skill": 5,
    "melee_dice": 2,
    "melee_dice_sides": 6,
    "melee_cut": 6,
    "dodge": 2,
    "armor_bash": 4,
    "armor_cut": 4,
    "armor_acid": 3,
    "armor_fire": 7,
    "vision_day": 40,
    "vision_night": 4,
    "path_settings": { "max_dist": 30 },
    "starting_ammo": { "flaming_ball": 66 },
    "special_attacks": [
      [ "LUNGE", 40 ],
      [ "scratch", 40 ],
      [ "slash", 40 ],
      [ "wound_minor", 30 ],
      { "type": "leap", "cooldown": 25, "max_range": 4 },
      { "type": "bite", "cooldown": 30, "no_infection_chance": 9 },
      {
        "type": "gun",
        "cooldown": 5,
        "move_cost": 150,
        "gun_type": "hell_ball",
        "ammo_type": "flaming_ball",
        "fake_skills": [ [ "gun", 2 ] ],
        "fake_str": 10,
        "fake_dex": 13,
        "fake_per": 7,
        "max_ammo": 1000,
        "ranges": [ [ 2, 17, "DEFAULT" ] ],
        "targeting_cost": 250,
        "targeting_sound": "怒嚎!",
        "targeting_volume": 25,
        "description": "幼魔放出一个火球!",
        "no_ammo_sound": "RAAGH?"
      }
    ],
    "death_function": [ "NORMAL" ],
    "flags": [ "SEES", "HEARS", "PATH_AVOID_DANGER_1", "WARM", "BASHES", "POISON", "BLEED", "CLIMBS", "PUSH_MON", "GROUP_MORALE" ]
  },
  {
    "id": "mon_pinky",
    "type": "MONSTER",
    "name": "恶魔",
    "description": "一种粉红色皮肤的两足怪物,其下颚占其身体的的部分很不成比例.能够融入阴影中伏击受害者.",
    "default_faction": "doom",
    "species": [ "ABERRATION" ],
    "diff": 16,
    "size": "LARGE",
    "harvest": "zombie_leather",
    "hp": 140,
    "speed": 95,
    "material": [ "flesh" ],
    "symbol": "D",
    "color": "red",
    "aggression": 60,
    "morale": 80,
    "melee_skill": 5,
    "melee_dice": 3,
    "melee_dice_sides": 7,
    "melee_cut": 4,
    "dodge": 2,
    "armor_bash": 6,
    "armor_cut": 4,
    "armor_stab": 8,
    "armor_acid": 1,
    "armor_fire": 8,
    "vision_day": 35,
    "vision_night": 10,
    "path_settings": { "max_dist": 20 },
    "special_attacks": [
      [ "GRAB_DRAG", 10 ],
      [ "hammer", 20 ],
      [ "wound_minor", 30 ],
      {
        "type": "bite",
        "cooldown": 5,
        "accuracy": 4,
        "no_infection_chance": 9,
        "damage_max_instance": [
          { "damage_type": "stab", "amount": 10, "armor_multiplier": 0.5 },
          { "damage_type": "bash", "amount": 18, "armor_multiplier": 0.5 }
        ]
      }
    ],
    "death_function": [ "NORMAL" ],
    "burn_into": "mon_pinky_revive",
    "flags": [ "SEES", "HEARS", "SMELLS", "WARM", "BASHES", "BLEED", "PUSH_MON", "GROUP_BASH", "NIGHT_INVISIBILITY", "GROUP_MORALE" ]
  },
  {
    "id": "mon_lostsoul",
    "type": "MONSTER",
    "name": "地狱丧魂",
    "description": "在一团火焰中盘旋的颅骨.速度非常快.",
    "default_faction": "doom",
    "species": [ "ABERRATION" ],
    "diff": 10,
    "size": "TINY",
    "harvest": "exempt",
    "hp": 5,
    "speed": 200,
    "material": [ "bone" ],
    "symbol": "o",
    "color": "red_white",
    "aggression": 80,
    "morale": 70,
    "melee_skill": 3,
    "melee_dice": 1,
    "melee_dice_sides": 13,
    "melee_cut": 2,
    "dodge": 2,
    "armor_bash": 4,
    "armor_cut": 6,
    "armor_stab": 20,
    "armor_acid": 1,
    "vision_day": 35,
    "vision_night": 5,
    "path_settings": { "max_dist": 30 },
    "luminance": 10,
    "starting_ammo": { "flaming_skull": 66 },
    "emit_fields": [ "emit_fire_small" ],
    "special_attacks": [
      [ "LUNGE", 20 ],
      [ "wound_minor", 10 ],
      {
        "type": "gun",
        "cooldown": 5,
        "move_cost": 300,
        "gun_type": "hell_ball",
        "ammo_type": "flaming_skull",
        "fake_skills": [ [ "gun", 1 ], [ "pistol", 1 ] ],
        "fake_str": 5,
        "fake_dex": 15,
        "fake_per": 9,
        "max_ammo": 1000,
        "ranges": [ [ 0, 1, "DEFAULT" ] ],
        "targeting_cost": 300,
        "targeting_sound": "skaaah!",
        "targeting_volume": 15,
        "description": "丧魂口中喷出一股烈焰!",
        "no_ammo_sound": "skiiiissh"
      }
    ],
    "flags": [ "SEES", "STUMBLES", "FLIES", "POISON", "NO_BREATHE", "NOGIB", "HARDTOSHOOT", "FIREY", "SWARMS", "HIT_AND_RUN" ]
  },
  {
    "id": "mon_revenant",
    "type": "MONSTER",
    "name": "亡魂",
    "description": "这是一个瘦骨嶙峋的亡魂,长有着半透明的肌肉,这支恶魔军队的精英在每个肩膀上都发射了一连串的自导火箭.它的重拳能打裂人的骨头.",
    "default_faction": "doom",
    "species": [ "ABERRATION" ],
    "diff": 20,
    "size": "MEDIUM",
    "harvest": "mr_bones",
    "hp": 110,
    "speed": 95,
    "material": [ "bone" ],
    "symbol": "R",
    "color": "white",
    "aggression": 80,
    "morale": 90,
    "melee_skill": 6,
    "melee_dice": 3,
    "melee_dice_sides": 10,
    "dodge": 3,
    "armor_bash": 5,
    "armor_cut": 15,
    "armor_stab": 25,
    "armor_acid": 4,
    "armor_fire": 3,
    "vision_day": 45,
    "vision_night": 4,
    "path_settings": { "max_dist": 30 },
    "starting_ammo": { "bot_manhack_missile": 16 },
    "special_attacks": [ [ "RANGED_PULL", 20 ], [ "GRENADIER", 40 ], [ "GRENADIER_ELITE", 50 ] ],
    "death_drops": {
      "subtype": "collection",
      "groups": [ [ "revenant_death_drops", 75 ] ],
      "//": "Sometimes drops its manhacks.  Sometimes it drops grenade-style bombs."
    },
    "death_function": [ "NORMAL" ],
    "flags": [ "SEES", "HEARS", "PRIORITIZE_TARGETS", "NO_BREATHE", "PUSH_MON", "BASHES", "GROUP_BASH" ]
  },
  {
    "id": "mon_hell_knight",
    "type": "MONSTER",
    "name": "地狱骑士",
    "description": "一个高耸的怪物,模糊地让人想起萨提尔.作为其领域的统治物种的一员,它被赋予行政控制权.它的等离子体爆炸是致命的.",
    "default_faction": "upper_doom",
    "species": [ "ABERRATION" ],
    "diff": 20,
    "size": "LARGE",
    "harvest": "zombie_leather",
    "hp": 160,
    "speed": 90,
    "material": [ "flesh" ],
    "symbol": "K",
    "color": "red_yellow",
    "aggression": 100,
    "morale": 100,
    "melee_skill": 6,
    "melee_dice": 2,
    "melee_dice_sides": 13,
    "melee_cut": 3,
    "dodge": 1,
    "armor_bash": 6,
    "armor_cut": 10,
    "armor_acid": 3,
    "armor_fire": 10,
    "vision_day": 50,
    "vision_night": 5,
    "path_settings": { "max_dist": 50 },
    "starting_ammo": { "hell_plasma_k": 66 },
    "special_attacks": [
      [ "SMASH", 60 ],
      [ "slash", 40 ],
      [ "GRAB", 40 ],
      {
        "id": "hammer",
        "cooldown": 30,
        "moves": 220,
        "damage_max_instance": [
          { "damage_type": "bash", "amount": 20, "armor_multiplier": 0.8 },
          { "damage_type": "cut", "amount": 6, "armor_multiplier": 0.8 }
        ]
      },
      {
        "type": "gun",
        "cooldown": 5,
        "move_cost": 150,
        "gun_type": "hell_plasma",
        "ammo_type": "hell_plasma_k",
        "fake_skills": [ [ "gun", 3 ], [ "rifle", 1 ] ],
        "fake_str": 17,
        "fake_dex": 9,
        "fake_per": 10,
        "max_ammo": 1000,
        "ranges": [ [ 2, 17, "DEFAULT" ] ],
        "targeting_cost": 200,
        "targeting_sound": "ROOAWNNT!!",
        "targeting_volume": 40,
        "description": "一个等离子球从骑士手中的等离子炮射出!",
        "no_ammo_sound": "Rooar?"
      }
    ],
    "death_function": [ "NORMAL" ],
    "burn_into": "mon_hell_knight_revive",
    "flags": [ "SEES", "HEARS", "SMELLS", "PATH_AVOID_DANGER_1", "WARM", "BASHES", "GROUP_BASH", "POISON", "PUSH_MON", "BLEED" ]
  },
  {
    "id": "mon_hell_baron",
    "type": "MONSTER",
    "name": "地狱男爵",
    "description": "一个高耸的怪物,模糊地让人想起萨提尔.作为其领域的统治物种的一员,它被赋予行政控制权.它的等离子体爆炸是致命的.",
    "default_faction": "upper_doom",
    "species": [ "ABERRATION" ],
    "diff": 30,
    "size": "LARGE",
    "harvest": "zombie_leather",
    "hp": 200,
    "speed": 90,
    "material": [ "flesh" ],
    "symbol": "K",
    "color": "i_red",
    "aggression": 100,
    "morale": 150,
    "melee_skill": 7,
    "melee_dice": 2,
    "melee_dice_sides": 13,
    "melee_cut": 5,
    "dodge": 2,
    "armor_bash": 8,
    "armor_cut": 12,
    "armor_acid": 3,
    "armor_fire": 12,
    "vision_day": 50,
    "vision_night": 7,
    "path_settings": { "max_dist": 50 },
    "starting_ammo": { "hell_plasma_b": 66 },
    "special_attacks": [
      [ "SMASH", 40 ],
      [ "GRAB", 30 ],
      [ "slash", 30 ],
      [ "FLESH_GOLEM", 20 ],
      {
        "id": "hammer",
        "cooldown": 30,
        "moves": 220,
        "damage_max_instance": [
          { "damage_type": "bash", "amount": 20, "armor_multiplier": 0.8 },
          { "damage_type": "cut", "amount": 6, "armor_multiplier": 0.8 }
        ]
      },
      {
        "type": "gun",
        "cooldown": 5,
        "move_cost": 150,
        "gun_type": "hell_plasma",
        "ammo_type": "hell_plasma_b",
        "fake_skills": [ [ "gun", 5 ], [ "rifle", 2 ] ],
        "fake_str": 17,
        "fake_dex": 9,
        "fake_per": 10,
        "max_ammo": 1000,
        "ranges": [ [ 2, 25, "DEFAULT" ] ],
        "targeting_cost": 300,
        "targeting_sound": "!!ROOOWWNT!!",
        "targeting_volume": 35,
        "description": "一个等离子球从男爵手中的等离子炮射出!",
        "no_ammo_sound": "Rownt:("
      }
    ],
    "death_function": [ "NORMAL" ],
    "flags": [
      "SEES",
      "HEARS",
      "SMELLS",
      "PATH_AVOID_DANGER_1",
      "PRIORITIZE_TARGETS",
      "WARM",
      "BASHES",
      "GROUP_BASH",
      "DESTROYS",
      "POISON",
      "PUSH_MON",
      "BLEED"
    ]
  },
  {
    "id": "mon_mancubus",
    "type": "MONSTER",
    "name": "肥球",
    "description": "一个肥胖的、长着猪脸的怪物;它的双手被迫换成了巨大的火焰加农炮.",
    "default_faction": "upper_doom",
    "species": [ "ABERRATION" ],
    "diff": 25,
    "size": "LARGE",
    "harvest": "zombie_leather",
    "hp": 240,
    "speed": 70,
    "material": [ "flesh" ],
    "symbol": "M",
    "color": "i_red",
    "aggression": 100,
    "morale": 120,
    "melee_skill": 3,
    "melee_dice": 2,
    "melee_dice_sides": 12,
    "dodge": 1,
    "armor_bash": 12,
    "armor_cut": 6,
    "armor_stab": 8,
    "armor_acid": 4,
    "armor_fire": 17,
    "vision_day": 40,
    "vision_night": 3,
    "luminance": 5,
    "path_settings": { "max_dist": 25 },
    "starting_ammo": { "hell_napalm": 122 },
    "special_attacks": [
      [ "SMASH", 30 ],
      [ "hammer", 20 ],
      [ "FLAMETHROWER", 60 ],
      {
        "type": "gun",
        "cooldown": 4,
        "move_cost": 200,
        "gun_type": "hell_laser_napalm",
        "ammo_type": "hell_napalm",
        "fake_skills": [ [ "launcher", 3 ] ],
        "fake_str": 25,
        "fake_dex": 8,
        "fake_per": 9,
        "max_ammo": 1000,
        "ranges": [ [ 3, 11, "DEFAULT" ], [ 12, 19, "AUTO" ] ],
        "targeting_cost": 200,
        "targeting_sound": "fppphh~!",
        "targeting_volume": 50,
        "description": "肥球举起了它的加农炮!",
        "no_ammo_sound": "加农炮随着一声脆响停了下来!"
      }
    ],
    "flags": [
      "SEES",
      "HEARS",
      "PRIORITIZE_TARGETS",
      "STUMBLES",
      "WARM",
      "BASHES",
      "GROUP_BASH",
      "DESTROYS",
      "POISON",
      "BLEED",
      "NO_BREATHE",
      "PUSH_MON"
    ]
  },
  {
    "id": "mon_cacodemon",
    "type": "MONSTER",
    "name": "巨眼魔",
    "description": "一个有着邪恶牙齿的暗红色球体.当它从嘴里喷出等离子时,它的那只眼睛亮了起来.",
    "default_faction": "doom",
    "species": [ "ABERRATION" ],
    "diff": 20,
    "size": "MEDIUM",
    "harvest": "arachnid_tainted",
    "hp": 140,
    "speed": 80,
    "material": [ "flesh" ],
    "symbol": "C",
    "color": "i_red",
    "aggression": 70,
    "morale": 70,
    "melee_skill": 6,
    "melee_dice": 2,
    "melee_dice_sides": 15,
    "melee_cut": 10,
    "dodge": 3,
    "armor_bash": 8,
    "armor_cut": 16,
    "armor_stab": 10,
    "armor_acid": 6,
    "armor_fire": 6,
    "vision_day": 40,
    "vision_night": 10,
    "path_settings": { "max_dist": 25 },
    "starting_ammo": { "hell_plasma_c": 122 },
    "special_attacks": [
      [ "wound_minor", 30 ],
      {
        "type": "bite",
        "cooldown": 20,
        "accuracy": 4,
        "no_infection_chance": 9,
        "damage_max_instance": [ { "damage_type": "stab", "amount": 35, "armor_multiplier": 0.5 } ]
      },
      {
        "type": "gun",
        "cooldown": 3,
        "move_cost": 95,
        "gun_type": "hell_plasma",
        "ammo_type": "hell_plasma_c",
        "fake_skills": [ [ "gun", 1 ], [ "rifle", 5 ] ],
        "fake_str": 16,
        "fake_dex": 5,
        "fake_per": 8,
        "max_ammo": 1000,
        "ranges": [ [ 3, 30, "DEFAULT" ] ],
        "targeting_cost": 300,
        "targeting_sound": "SKIIIEEEE",
        "targeting_volume": 30,
        "description": "当它张开嘴时,一股等离子体洪流喷涌而出!",
        "no_ammo_sound": "HIiiiss?"
      }
    ],
    "death_function": [ "NORMAL" ],
    "burn_into": "mon_cacodemon_revive",
    "flags": [ "SEES", "HEARS", "SMELLS", "FLIES", "POISON", "ARTHROPOD_BLOOD", "BLEED", "BASHES", "PUSH_MON" ]
  },
  {
    "id": "mon_mechaspider",
    "type": "MONSTER",
    "name": "人脑机械蜘蛛",
    "description": "一个金属支架支撑着一个被包裹的大脑,这个激光武器机器人几乎是直接从80年代的科幻小说中撕下来的.",
    "default_faction": "doom",
    "species": [ "ABERRATION" ],
    "diff": 25,
    "size": "LARGE",
    "harvest": "exempt",
    "hp": 140,
    "speed": 85,
    "material": [ "steel" ],
    "symbol": "A",
    "color": "i_white",
    "aggression": 50,
    "morale": 50,
    "melee_skill": 3,
    "melee_dice": 1,
    "melee_dice_sides": 12,
    "dodge": 1,
    "armor_bash": 10,
    "armor_cut": 20,
    "armor_acid": 5,
    "armor_fire": 8,
    "vision_day": 45,
    "vision_night": 5,
    "path_settings": { "max_dist": 50 },
    "starting_ammo": { "hell_laser": 264, "bot_cherub": 3, "bot_cherub_fly": 1 },
    "special_attacks": [
      [ "wound_minor", 30 ],
      [ "GRENADIER", 25 ],
      {
        "type": "gun",
        "cooldown": 5,
        "move_cost": 400,
        "gun_type": "hell_laser_gun",
        "ammo_type": "hell_laser",
        "fake_skills": [ [ "gun", 3 ], [ "rifle", 3 ] ],
        "fake_str": 33,
        "fake_dex": 9,
        "fake_per": 13,
        "max_ammo": 1000,
        "ranges": [ [ 3, 50, "AUTO" ] ],
        "targeting_cost": 200,
        "targeting_sound": "Vvvoooooooo-",
        "targeting_volume": 50,
        "description": "人脑机械蜘蛛扮了个鬼脸并且开火了!",
        "no_ammo_sound": "-Beep-beep-beep-"
      }
    ],
    "death_function": [ "SMOKEBURST", "BROKEN" ],
    "flags": [
      "SEES",
      "HEARS",
      "PATH_AVOID_DANGER_2",
      "PRIORITIZE_TARGETS",
      "STUMBLES",
      "WARM",
      "ELECTRONIC",
      "NO_BREATHE",
      "PUSH_MON",
      "INTERIOR_AMMO"
    ]
  },
  {
    "id": "mon_mechaspider_queen",
    "type": "MONSTER",
    "name": "蜘蛛首脑",
    "description": "一个巨大的脑子和一把巨大的枪!他还有两只胖乎乎的小胳膊,一把看上去火力很猛的三管加特林机枪,坚固的金属外壳和强化玻璃外壳.",
    "default_faction": "doom",
    "species": [ "ABERRATION" ],
    "diff": 45,
    "size": "HUGE",
    "harvest": "exempt",
    "hp": 360,
    "speed": 85,
    "material": [ "steel" ],
    "symbol": "A",
    "color": "white",
    "aggression": 30,
    "morale": 60,
    "melee_skill": 4,
    "melee_dice": 1,
    "melee_dice_sides": 60,
    "dodge": 1,
    "armor_bash": 15,
    "armor_cut": 25,
    "armor_acid": 5,
    "armor_fire": 8,
    "vision_day": 45,
    "vision_night": 15,
    "path_settings": { "max_dist": 50 },
    "starting_ammo": { "hell_laser_queen": 666, "bot_cherub": 18, "bot_cherub_fly": 7 },
    "special_attacks": [
      [ "UPGRADE", 10 ],
      [ "GRENADIER", 10 ],
      { "id": "hammer", "damage_max_instance": [ { "damage_type": "bash", "amount": 35, "armor_multiplier": 0.8 } ] },
      {
        "type": "gun",
        "cooldown": 3,
        "move_cost": 350,
        "gun_type": "hell_laser_gun_queen",
        "ammo_type": "hell_laser_queen",
        "fake_skills": [ [ "gun", 3 ], [ "rifle", 3 ] ],
        "fake_str": 33,
        "fake_dex": 9,
        "fake_per": 13,
        "max_ammo": 1000,
        "ranges": [ [ 3, 50, "AUTO" ] ],
        "targeting_cost": 200,
        "targeting_sound": "rrraaaaaAHHHH-",
        "targeting_volume": 50,
        "description": "蜘蛛首脑扮了个鬼脸并且开火了!",
        "no_ammo_sound": "-Beep-beep-beep-"
      }
    ],
    "death_function": [ "SMOKEBURST", "MELT" ],
    "flags": [
      "SEES",
      "HEARS",
      "PATH_AVOID_DANGER_2",
      "PRIORITIZE_TARGETS",
      "STUMBLES",
      "WARM",
      "ELECTRONIC",
      "NO_BREATHE",
      "PUSH_MON",
      "INTERIOR_AMMO"
    ]
  },
  {
    "id": "mon_cherub",
    "type": "MONSTER",
    "name": "童天使",
    "description": "一只没有腿的童天使,有一张好似婴儿的脸和一对小翅膀,可以帮助它“滑翔”进入敌人的身体.虽然它看起来十分懦弱和幼稚,但它的利爪攻击可以穿透最坚硬的盔甲.",
    "default_faction": "doom",
    "species": [ "ABERRATION" ],
    "diff": 18,
    "size": "SMALL",
    "harvest": "zombie",
    "hp": 18,
    "speed": 120,
    "material": [ "flesh" ],
    "symbol": "c",
    "color": "yellow",
    "aggression": 60,
    "morale": 30,
    "melee_skill": 4,
    "melee_dice": 2,
    "melee_dice_sides": 3,
    "melee_damage": [ { "damage_type": "biological", "amount": 3 } ],
    "dodge": 4,
    "armor_bash": 2,
    "armor_cut": 3,
    "vision_day": 20,
    "vision_night": 7,
    "special_attacks": [
      [ "wound_minor", 10 ],
      {
        "id": "scratch",
        "damage_max_instance": [ { "damage_type": "cut", "amount": 8 }, { "damage_type": "biological", "amount": 2 } ]
      },
      { "type": "leap", "cooldown": 20, "max_range": 6 }
    ],
    "upgrades": { "half_life": 128, "into": "mon_cherub_fly" },
    "death_function": [ "MELT" ],
    "anger_triggers": [ "PLAYER_WEAK", "STALK" ],
    "fear_triggers": [ "HURT", "FRIEND_DIED" ],
    "flags": [ "SEES", "SMELLS", "HEARS", "WEBWALK", "CLIMBS", "HIT_AND_RUN", "PUSH_MON", "SWARMS", "GROUP_MORALE" ]
  },
  {
    "id": "mon_cherub_fly",
    "type": "MONSTER",
    "name": "丘比特",
    "copy-from": "mon_cherub",
    "hp": 22,
    "speed": 125,
    "aggression": 40,
    "morale": 40,
    "melee_damage": [ { "damage_type": "biological", "amount": 5 } ],
    "dodge": 6,
    "starting_ammo": { "bot_cherub": 1 },
    "special_attacks": [
      [ "wound_minor", 10 ],
      [ "GRENADIER", 15 ],
      {
        "id": "scratch",
        "damage_max_instance": [ { "damage_type": "cut", "amount": 8 }, { "damage_type": "biological", "amount": 3 } ]
      }
    ],
    "flags": [ "SEES", "SMELLS", "HEARS", "FLIES", "HIT_AND_RUN", "PUSH_MON", "SWARMS", "GROUP_MORALE", "HARDTOSHOOT" ]
  },
  {
    "id": "mon_cyberdemon",
    "type": "MONSTER",
    "name": "机械巨魔",
    "description": "一个有着同样令人印象深刻的机械和仿生学结合的巨大类人生物. 安装在一只手臂上的是一个巨型的等离子发射炮,大得你简直可以钻进去.",
    "default_faction": "upper_doom",
    "species": [ "ABERRATION" ],
    "diff": 50,
    "size": "HUGE",
    "harvest": "zombie_leather",
    "hp": 500,
    "speed": 100,
    "material": [ "flesh" ],
    "symbol": "C",
    "color": "white_red",
    "aggression": 50,
    "morale": 150,
    "melee_skill": 10,
    "melee_dice": 4,
    "melee_dice_sides": 20,
    "melee_cut": 20,
    "dodge": 1,
    "armor_bash": 18,
    "armor_cut": 21,
    "armor_stab": 12,
    "armor_acid": 6,
    "armor_fire": 12,
    "vision_day": 50,
    "vision_night": 5,
    "path_settings": { "max_dist": 35 },
    "starting_ammo": { "cyber_rocket": 99 },
    "special_attacks": [
      {
        "id": "hammer",
        "moves": 250,
        "damage_max_instance": [ { "damage_type": "bash", "amount": 75, "armor_multiplier": 0.8 } ]
      },
      {
        "type": "gun",
        "cooldown": 5,
        "move_cost": 500,
        "gun_type": "hell_launcher",
        "ammo_type": "cyber_rocket",
        "fake_skills": [ [ "gun", 4 ], [ "launcher", 4 ] ],
        "fake_str": 33,
        "fake_dex": 9,
        "fake_per": 13,
        "max_ammo": 1000,
        "ranges": [ [ 1, 50, "DEFAULT" ] ],
        "targeting_cost": 300,
        "targeting_sound": "a charging whine!",
        "targeting_volume": 70,
        "description": "当机械巨兽举起它那只带膛线的手臂时,你听到一连串的爆炸声!",
        "no_ammo_sound": "ROOOAAAAAaat"
      }
    ],
    "death_function": [ "NORMAL", "SMOKEBURST" ],
    "flags": [
      "SEES",
      "HEARS",
      "PRIORITIZE_TARGETS",
      "WARM",
      "POISON",
      "BLEED",
      "BASHES",
      "DESTROYS",
      "NO_BREATHE",
      "PUSH_MON",
      "ATTACKMON"
    ]
  },
  {
    "id": "mon_doom_churl",
    "type": "MONSTER",
    "name": "恶魔奴仆",
    "description": "一个被折磨的奴隶;一个还活着的幸存者,不断被挨打,挨饿,衣衫褴褛,挥舞着粗糙的武器.他们看起来饿得什么都能吃.",
    "default_faction": "doom",
    "species": [ "MAMMAL" ],
    "diff": 16,
    "size": "MEDIUM",
    "hp": 65,
    "speed": 115,
    "material": [ "flesh" ],
    "harvest": "human",
    "symbol": "@",
    "color": "red",
    "aggression": 60,
    "morale": 40,
    "melee_skill": 6,
    "melee_dice": 2,
    "melee_dice_sides": 7,
    "melee_cut": 8,
    "dodge": 3,
    "armor_bash": 5,
    "armor_cut": 5,
    "special_attacks": [
      [ "wound_minor", 20 ],
      {
        "id": "scratch",
        "damage_max_instance": [
          { "damage_type": "cut", "amount": 10, "armor_multiplier": 0.85 },
          { "damage_type": "bash", "amount": 10, "armor_multiplier": 0.85 }
        ]
      }
    ],
    "death_drops": { "subtype": "collection", "groups": [ [ "spearmelee_pk", 95 ] ] },
    "death_function": [ "NORMAL" ],
    "burn_into": "mon_doom_churl_revive",
    "flags": [ "SEES", "HEARS", "SMELLS", "PATH_AVOID_DANGER_1", "WARM", "BASHES", "GROUP_BASH", "BLEED", "HUMAN", "CLIMBS" ],
    "anger_triggers": [ "PLAYER_WEAK", "HURT", "PLAYER_CLOSE" ],
    "placate_triggers": [ "FRIEND_DIED", "MEAT" ]
  },
  {
    "id": "mon_doom_slave",
    "type": "MONSTER",
    "name": "恶魔奴隶",
    "description": "一个受诅咒的仆人.这个可怜的灵魂从恶魔前线的恐怖中解脱出来,在后方被虐待.它的舌头被割掉了.",
    "default_faction": "doom",
    "species": [ "MAMMAL" ],
    "diff": 13,
    "size": "MEDIUM",
    "harvest": "human",
    "hp": 60,
    "speed": 125,
    "material": [ "flesh" ],
    "symbol": "@",
    "color": "magenta",
    "aggression": 10,
    "morale": 10,
    "melee_skill": 4,
    "melee_dice": 3,
    "melee_dice_sides": 4,
    "melee_cut": 3,
    "dodge": 4,
    "armor_bash": 3,
    "armor_cut": 3,
    "special_attacks": [ [ "scratch", 20 ], [ "wound_minor", 30 ] ],
    "death_drops": "default_zombie_clothes",
    "death_function": [ "NORMAL" ],
    "flags": [ "SEES", "HEARS", "SMELLS", "PATH_AVOID_DANGER_2", "WARM", "BASHES", "GROUP_BASH", "BLEED", "HUMAN", "CLIMBS" ],
    "anger_triggers": [ "PLAYER_WEAK" ],
    "fear_triggers": [ "HURT", "FRIEND_DIED" ],
    "placate_triggers": [ "FRIEND_ATTACKED", "MEAT" ]
  },
  {
    "id": "mon_doom_cur",
    "type": "MONSTER",
    "name": "丧尸士兵",
    "description": "一个丧尸,穿着绿色的海军陆战队盔甲.粘在一起的碎肉毫无用处地挂在手臂和颚骨曾经所在的地方.",
    "default_faction": "doom",
    "species": [ "ZOMBIE" ],
    "diff": 1,
    "size": "MEDIUM",
    "harvest": "zombie",
    "hp": 100,
    "speed": 100,
    "material": [ "flesh" ],
    "symbol": "Z",
    "color": "light_red",
    "aggression": 50,
    "morale": 100,
    "melee_skill": 0,
    "melee_dice": 0,
    "melee_dice_sides": 0,
    "dodge": 2,
    "armor_bash": 2,
    "armor_cut": 3,
    "death_drops": "mon_zombie_survivor_death_drops",
    "death_function": [ "NORMAL" ],
    "flags": [ "SEES", "HEARS", "SMELLS", "WARM", "POISON", "REVIVES", "HIT_AND_RUN", "SWIMS" ]
  },
  {
    "id": "mon_lostsoul_mount",
    "type": "MONSTER",
    "name": "地狱燃颅",
    "description": "用金属钉、铁链和钉子固定在这个地方,这个燃烧的头骨简直就是一盏活灯.",
    "default_faction": "doom",
    "species": [ "ABERRATION" ],
    "diff": 10,
    "size": "TINY",
    "harvest": "exempt",
    "hp": 5,
    "speed": 200,
    "material": [ "bone" ],
    "symbol": "o",
    "color": "red_white",
    "aggression": 80,
    "morale": 70,
    "melee_skill": 0,
    "melee_dice": 0,
    "melee_dice_sides": 0,
    "dodge": 0,
    "armor_bash": 6,
    "armor_cut": 6,
    "armor_stab": 25,
    "armor_acid": 4,
    "vision_day": 5,
    "vision_night": 3,
    "luminance": 19,
    "starting_ammo": { "flaming_skull": 66 },
    "emit_fields": [ "emit_fire_small" ],
    "special_attacks": [
      {
        "type": "gun",
        "cooldown": 1,
        "move_cost": 100,
        "gun_type": "hell_ball",
        "ammo_type": "flaming_skull",
        "fake_skills": [ [ "gun", 1 ], [ "pistol", 0 ] ],
        "fake_str": 4,
        "fake_dex": 11,
        "fake_per": 7,
        "max_ammo": 1000,
        "ranges": [ [ 0, 1, "DEFAULT" ] ],
        "targeting_cost": 300,
        "targeting_sound": "skaaah!",
        "targeting_volume": 10,
        "description": "A tongue of flame licks out from the lost soul!",
        "no_ammo_sound": "skiiiissh"
      }
    ],
    "flags": [ "SEES", "STUMBLES", "FLIES", "POISON", "NO_BREATHE", "NOGIB", "HARDTOSHOOT", "FIREY", "IMMOBILE" ]
  },
  {
    "id": "mon_doom_sacrifice",
    "type": "MONSTER",
    "name": "残缺僵尸",
    "description": "所有证据都表明,这曾经是一名幸存者,他被酷刑杀害,然后尸体被复活.它的服装缺乏其他僵尸饱经风霜的样子,但仍然残缺不全.虽然它挣扎着挣脱,但它被钉子、铁链和铁钉牢牢地拴住了.",
    "default_faction": "doom",
    "species": [ "ZOMBIE" ],
    "diff": 2,
    "size": "MEDIUM",
    "harvest": "zombie",
    "hp": 50,
    "speed": 85,
    "material": [ "flesh" ],
    "symbol": "@",
    "color": "light_red",
    "aggression": 100,
    "morale": 100,
    "melee_skill": 0,
    "melee_dice": 1,
    "melee_dice_sides": 5,
    "melee_cut": 2,
    "dodge": 0,
    "armor_bash": 2,
    "armor_cut": 3,
    "vision_day": 20,
    "vision_night": 3,
    "special_attacks": [ [ "FEAR_PARALYZE", 25 ] ],
    "death_drops": "default_zombie_clothes",
    "death_function": [ "NORMAL" ],
    "flags": [ "SEES", "HEARS", "SMELLS", "WARM", "IMMOBILE", "POISON", "REVIVES" ]
  },
  {
    "id": "mon_soulcube",
    "type": "MONSTER",
    "name": "灵魂盒",
    "description": "它是一种未知的立方体形状的装置,显然来自外星,它带着特殊的目的飞了出去.",
    "default_faction": "player",
    "species": [ "ROBOT" ],
    "diff": 10,
    "size": "TINY",
    "harvest": "exempt",
    "hp": 50,
    "speed": 250,
    "material": [ "diamond" ],
    "symbol": "e",
    "color": "white",
    "aggression": 100,
    "morale": 100,
    "melee_skill": 0,
    "melee_dice": 0,
    "melee_dice_sides": 0,
    "dodge": 10,
    "armor_cut": 4,
    "vision_day": 50,
    "vision_night": 50,
    "path_settings": { "max_dist": 50 },
    "luminance": 100,
    "revert_to_itype": "soulcube",
    "starting_ammo": { "soulbomb": 1 },
    "special_attacks": [ [ "KAMIKAZE", 0 ] ],
    "death_function": [ "BROKEN_AMMO" ],
    "flags": [ "SEES", "PRIORITIZE_TARGETS", "FLIES", "NOHEAD", "NO_BREATHE", "INTERIOR_AMMO" ]
  },
  {
    "id": "mon_doom_archvile",
    "type": "MONSTER",
    "name": "恶魔祭祀",
    "description": "一种瘦骨如柴的黄色长人形动物.它几乎完全掌控了火焰,能够运用火焰攻击,并给它倒下的盟友注入生命.",
    "default_faction": "upper_doom",
    "species": [ "ABERRATION" ],
    "diff": 30,
    "size": "MEDIUM",
    "harvest": "zombie",
    "hp": 180,
    "speed": 110,
    "material": [ "flesh" ],
    "symbol": "A",
    "color": "dark_gray",
    "aggression": 5,
    "morale": 200,
    "melee_skill": 8,
    "melee_dice": 3,
    "melee_dice_sides": 7,
    "melee_cut": 1,
    "dodge": 3,
    "armor_bash": 15,
    "armor_cut": 15,
    "armor_stab": 5,
    "vision_day": 55,
    "vision_night": 5,
    "path_settings": { "max_dist": 50 },
    "starting_ammo": { "bomblet_vile": 100, "bot_imp_revive": 3, "bot_pinky_revive": 1 },
    "special_attacks": [
      [ "RESURRECT", 30 ],
      [ "UPGRADE", 30 ],
      [ "GRENADIER", 15 ],
      [ "hammer", 20 ],
      {
        "type": "gun",
        "cooldown": 50,
        "move_cost": 200,
        "gun_type": "bomblet_launcher_rotary",
        "ammo_type": "bomblet_vile",
        "fake_skills": [ [ "gun", 9 ], [ "launcher", 9 ] ],
        "fake_str": 10,
        "fake_dex": 20,
        "fake_per": 7,
        "max_ammo": 1000,
        "ranges": [ [ 0, 25, "AUTO" ] ],
        "require_targeting_player": false,
        "require_targeting_npc": false,
        "require_targeting_monster": false,
        "targeting_cost": 100,
        "description": "火焰从你身上燃起!",
        "no_ammo_sound": "a cry of frustration!"
      }
    ],
    "anger_triggers": [ "HURT", "PLAYER_CLOSE", "PLAYER_WEAK" ],
    "death_function": [ "NORMAL" ],
    "flags": [ "SEES", "HEARS", "PATH_AVOID_DANGER_2", "PRIORITIZE_TARGETS", "WARM", "POISON", "NO_BREATHE" ]
  },
  {
    "id": "mon_doom_archvile_2",
    "type": "MONSTER",
    "copy-from": "mon_doom_archvile",
    "starting_ammo": { "bomblet_vile": 100, "bot_churl_revive": 5 }
  },
  {
    "id": "mon_doom_archvile_3",
    "type": "MONSTER",
    "copy-from": "mon_doom_archvile",
    "starting_ammo": { "bomblet_vile": 100, "bot_pinky_revive": 2, "bot_cacodemon_revive": 1 }
  },
  {
    "id": "mon_doom_archvile_4",
    "type": "MONSTER",
    "copy-from": "mon_doom_archvile",
    "starting_ammo": { "bomblet_vile": 100, "bot_cacodemon_revive": 2 }
  },
  {
    "id": "mon_doom_archvile_5",
    "type": "MONSTER",
    "copy-from": "mon_doom_archvile",
    "starting_ammo": { "bomblet_vile": 100, "bot_hell_knight_revive": 2 }
  },
  {
    "id": "mon_doom_archdemon",
    "type": "MONSTER",
    "name": "罪恶之像",
    "description": "用大型机械横切的巨大的山羊脸;各种冒着气泡的液体从它身上的管道中流动,然后从溃烂的伤口中重新冒出来.  它的前额已经被移除,露出一个肿胀的脑组织,并且从那里面发出声音.",
    "default_faction": "doom_upper",
    "species": [ "ABERRATION" ],
    "diff": 50,
    "size": "HUGE",
    "harvest": "exempt",
    "hp": 300,
    "speed": 100,
    "material": [ "spess_plastic" ],
    "symbol": "O",
    "color": "dark_gray",
    "aggression": 100,
    "morale": 200,
    "melee_skill": 0,
    "melee_dice": 0,
    "melee_dice_sides": 0,
    "dodge": 0,
    "armor_bash": 30,
    "armor_cut": 30,
    "armor_acid": 20,
    "armor_fire": 20,
    "vision_day": 50,
    "vision_night": 50,
    "starting_ammo": {
      "bomblet_archdemon": 5,
      "bot_cacodemon": 5,
      "bot_cyberdemon": 1,
      "bot_hell_baron": 5,
      "bot_hell_knight": 10,
      "bot_imp": 20,
      "bot_imp_black": 15,
      "bot_lostsoul": 15,
      "bot_mancubus": 5,
      "bot_mechaspider": 5,
      "bot_pinky": 15,
      "bot_revenant": 10
    },
    "special_attacks": [
      [ "GRENADIER_ELITE", 40 ],
      [ "GRENADIER", 50 ],
      {
        "type": "gun",
        "cooldown": 60,
        "move_cost": 200,
        "gun_type": "bomblet_launcher_single",
        "ammo_type": "bomblet_archdemon",
        "fake_skills": [ [ "gun", 9 ], [ "launcher", 9 ] ],
        "fake_str": 10,
        "fake_dex": 13,
        "fake_per": 7,
        "max_ammo": 1000,
        "ranges": [ [ 0, 20, "DEFAULT" ] ],
        "require_targeting_player": false,
        "require_targeting_npc": false,
        "require_targeting_monster": false,
        "targeting_cost": 200,
        "targeting_sound": "em llik tsum uoy emag eht niw ot",
        "targeting_volume": 120,
        "description": "em llik tsum uoy emag eht niw ot",
        "no_ammo_sound": "lliw ruoy erimda ew"
      }
    ],
    "death_function": [ "JABBERWOCKY", "SMOKEBURST" ],
    "flags": [ "SEES", "WARM", "POISON", "NO_BREATHE", "IMMOBILE", "QUEEN" ]
  }
]
