[
  {
    "type": "scenario",
    "name": "客机坠毁",
    "description": "你是个幸运儿，这次客机失事你九死一生带着重伤出来，但是你周围的“人们”似乎打算把你作为晚餐",
    "ident": "airliner",
    "points":-8 ,
    "allowed_locs": [  "airliner_s"] ,
    "start_name": "失事客机",
    "professions": [
      "tourist"
    ],
    "flags": [ "HELI_CRASH", "LONE_START", "INFECTED", "CHALLENGE" ]
  },
    {
    "type": "scenario",
    "name": "hub 01",
    "description":"逃生路上，你在马路尽头发现了一个大型的实验室，但是里面的人员讲你拒之门外。",
    "ident": "hub_01",
    "points": 2,
    "allowed_locs": [ "hub_01_s" ] ,
    "start_name": "Hub 01",
    "flags": [ "LONE_START" ]
  },
    {
    "type": "scenario",
    "name": "苹果园",
    "description": "你在一个苹果园作为园丁每天照料着苹果树，因为远离城市而暂时逃过了丧尸危机，但是你觉得继续呆在那里也不是办法，不能坐吃山空，你需要武装起自己来开辟....",
    "ident": "orchard_tree_apple",
    "points":-1 ,
    "allowed_locs": [  "orchard_tree_apple_s"] ,
    "start_name": "苹果园",
    "professions": [  "groundskeeper"],
    "flags": [ "LONE_START"]
  },
    {
    "type": "scenario",
    "name": "军事哨站",
    "description": "作为一个军人你原本每天照常在哨站负责警戒工作，但是这天起来感觉到气氛感觉不对劲。",
    "ident": "outpost",
    "points":0 ,
    "allowed_locs": [  "outpost_s"] ,
    "start_name": "军事哨站",
    "professions": [ "soldier", "specops", "bio_soldier", "bio_sniper","winter_army" ],
    "flags": [ "LONE_START"]
  },
    {
    "type": "scenario",
    "name": "狱警的灾难",
    "description": "你原本作为一名狱警在监狱看管这犯人，但是由于未知原因囚犯和你的同事都变成了丧尸，现在你只能翘班保命了....",
    "ident": "prison_s1",
    "points":0 ,
    "allowed_locs": [  "prison_s1"] ,
    "start_name": "监狱入口",
     "professions": [ "k9_cop","cop", "bionic_cop" ],
    "flags": [ "LONE_START"]
  },
    {
    "type": "scenario",
    "name": "私人度假村",
    "description": "本来你应该在度假村好好享受自己的美好假期，然而现在可能你更需要离开这个地方，周围的和你一起的朋友们都....",
    "ident": "p_resort",
    "points":0 ,
    "allowed_locs": [  "p_resort_s"] ,
    "start_name": "私人度假村",
    "flags": [ "LONE_START"]
  },
  {
    "type": "scenario",
    "name": "奶牛场",
    "description": "大灾变已经开始，由于逃跑匆忙你没有带够足够食物，但是眼前的奶牛场貌似可以救急。",
    "ident": "  dairy_farm_NW  ",
    "points":1,
    "allowed_locs": [  "dairy_farm_NW_s"] ,
    "start_name": "奶牛场",
    "flags": [ "LONE_START"]
  },
  {
    "type": "scenario",
    "name": "科研大楼",
    "description": "你只是研究所里的众多研究人员之一，这天你因为工作地点远离丧尸爆发中心而暂时躲过一劫，你现在在犹豫是离开还是坚守这栋大楼。",
    "ident": "lab_surface_brick_blockC3",
    "points":-3,
    "allowed_locs": [  "lab_surface_brick_blockC3_s"] ,
    "start_name": "科研大楼",
    "professions": [  "labtech" ],
    "flags": [ "LONE_START"]
  },
  {
    "type": "scenario",
    "name": "汽车展厅",
    "description": "你原本是去参观车展，结果周围的人都已经成了丧尸，你只能想办法先靠着展厅的钢化玻璃躲一会保命。",
    "ident": "cs_car_showroom",
    "points":0 ,
    "allowed_locs": [  "cs_car_showroom_s"] ,
    "start_name": "汽车展厅",
    "flags": [ "LONE_START"]
  },
    {
    "type": "scenario",
    "name": "水泵房",
    "description": "在逃亡尸群的路上，你偶然发现一个水泵房，至少你可能不会缺水了。",
    "ident": "pump_station_1",
    "points":0 ,
    "allowed_locs": [  "pump_station_1_s"] ,
    "start_name": "水泵房",
    "flags": [ "LONE_START"]
  }
]
