[
  {
    "type": "start_location",
    "ident": "airliner_s",
    "name": "坠毁客机",
    "target":"airliner_2b_-1"
  },
   {
    "type": "start_location",
    "ident": "cs_car_showroom_s",
    "name": "汽车展厅",
    "target":"cs_car_showroom"
  },
    {
    "type": "start_location",
    "ident": "dairy_farm_NW_s",
    "name": "奶牛场",
    "target":"dairy_farm_NW"
  },
    {
    "type": "start_location",
    "ident": "hub_01_s",
    "name": "hub 01",
    "target":"robofachq_surface_parking"
  },
    {
    "type": "start_location",
    "ident": "lab_surface_brick_blockC3_s",
    "name": "科研大楼",
    "target":"lab_surface_brick_blockC3"
  },
    {
    "type": "start_location",
    "ident": "orchard_tree_apple_s",
    "name": "苹果园",
    "target":"orchard_tree_apple"
  },
    {
    "type": "start_location",
    "ident": "outpost_s",
    "name": "军事哨站",
    "target":"outpost"
  },
  {
    "type": "start_location",
    "ident": "prison_s1",
    "name": "监狱门口",
    "target":"prison_1_2"
  },
    {
    "type": "start_location",
    "ident": "p_resort_s",
    "name": "私人度假村",
    "target":"p_resort_1ee"
  },
    {
    "type": "start_location",
    "ident": "pump_station_1_s",
    "name": "水泵房",
    "target":"pump_station_1"
  }
]
