[
	{
		"type":"GENERIC",
		"category" : "spare_parts",
		"id": "lighter_pack",
		"name": { "str": "一捆打火機", "str_pl":"一捆打火機" },		
		"looks_like": "lighter",
		"description": "一捆打火機，零零散散地佔用一大堆格子，需要使用時再拆解吧。",
		"symbol": "]",
		"color": "blue",
		"price": 500,
		"material": ["plastic","aluminum"],
		"use_action": "DISASSEMBLE"
	},{
		"type" : "recipe",
		"result": "lighter_pack",
		"category": "CC_OTHER",
		"subcategory": "CSC_OTHER_OTHER",
		"difficulty": 0,
		"time": "1 m",
		"reversible": true,
		"autolearn": true,
		"flags": ["BLIND_EASY"],
		"components": [
			[
			 [ "lighter", 5 ]
			]
		]
	},{
		"id": "lighter_repack",
		"type": "GENERIC",
		"category": "tools",
		"name": { "str": "封裝的打火機", "str_pl":"封裝的打火機" },		
		"looks_like": "lighter",
		"description": "手工重填的打火機，拆封(a)後才能使用。",
		"material": [ "plastic","aluminum" ],
		"symbol": "]",
		"color": "white",
		"use_action": {
		  "type": "transform",
		  "target": "lighter",
		  "msg": "你將封裝好的打火機重新打開",
		  "target_charges": 100,
		  "moves": 50
		}
	},{
		"type" : "recipe",
		"result": "lighter_repack",
		"category": "CC_OTHER",
		"subcategory": "CSC_OTHER_OTHER",
		"difficulty": 0,
		"time": "1 m",
		"autolearn": true,
		"tools":[
			[
			[ "lighter", 100 ]
			]
		],
		"components": [
			[
			 [ "lighter", 1 ]
			]
		]
	},{
		"type":"GENERIC",
		"category" : "spare_parts",
		"id": "matches_pack",
		"looks_like": "matches",
		"name": { "str": "一捆火柴盒", "str_pl":"一捆火柴盒" },		
		"description": "一捆火柴盒，零零散散地佔用一大堆格子，需要使用時再拆解吧。",
		"symbol": ",",
		"color": "blue",
		"price": 100,
		"material": ["paper","wood"],
		"use_action": "DISASSEMBLE"
	},{
		"type" : "recipe",
		"result": "matches_pack",
		"category": "CC_OTHER",
		"subcategory": "CSC_OTHER_OTHER",
		"difficulty": 0,
		"time": "1 m",
		"reversible": true,
		"autolearn": true,
		"flags": ["BLIND_EASY"],
		"components": [
			[
			 [ "matches", 5 ]
			]
		]
	},{
		"id": "matches_repack",
		"type": "GENERIC",
		"category": "tools",
		"name": { "str": "封裝的火柴", "str_pl":"封裝的火柴" },		
		"looks_like": "matches",
		"description": "手工重填的火柴，拆封(a)後才能使用。",
		"material": "cardboard",
		"symbol": "]",
		"color": "white",
		"use_action": {
		  "type": "transform",
		  "target": "matches",
		  "msg": "你將封裝好的打火機重新打開",
		  "target_charges": 100,
		  "moves": 50
		}
	},{
		"type" : "recipe",
		"result": "matches_repack",
		"category": "CC_OTHER",
		"subcategory": "CSC_OTHER_OTHER",
		"difficulty": 0,
		"time": "1 m",
		"autolearn": true,
		"tools":[
			[
			[ "matches", 100 ]
			]
		],
		"components": [
			[
			 [ "matches", 1 ]
			]
		]
	},{
		"type":"GENERIC",
		"category" : "spare_parts",
		"id": "smart_phone_pack",
		"looks_like": "smart_phone",
		"name": { "str": "一捆智能手機(UPS)", "str_pl":"一捆智能手機(UPS)" },		
		"description": "一捆智能手機(UPS)，零零散散地佔用一大堆格子，需要使用時再拆解吧。",
		"volume": "500 ml",
		"weight": "1150 g",
		"symbol": ";",
		"color": "light_gray",
		"price": 100,
		"material": ["aluminum","plastic"],
		"use_action": "DISASSEMBLE"
	},{
		"type" : "recipe",
		"result": "smart_phone_pack",
		"category": "CC_OTHER",
		"subcategory": "CSC_OTHER_OTHER",
		"difficulty": 0,
		"time": "1 m",
		"reversible": true,
		"autolearn": true,
		"flags": ["BLIND_EASY"],
		"components": [
			[
			 [ "smart_phone", 5 ]
			]
		]	
	}
]