[
  {
    "type": "GENERIC",
    "id": "fold_orichalcum_frame",
    "name": "foldable orichalcum frame",
    "copy-from": "foldframe",
    "description": "A folding frame made of orichalcum pipes.  Not as light as aluminum, but significantly sturdier.",
    "weight": "10 kg",
    "color": "yellow",
    "material": [ "orichalcum_metal" ],
    "price": 10000
  },
  {
    "type": "GENERIC",
    "id": "orichalcum_frame",
    "name": "orichalcum frame",
    "symbol": "]",
    "description": "A frame made of orichalcum.  Significantly sturdier than steel, but also much more expensive.",
    "volume": "20 L",
    "weight": "100 kg",
    "color": "yellow",
    "material": [ "orichalcum_metal" ],
    "price": 800000
  }
]
