{
    "id": "mon_fleshweaver",
    "looks_like": "mon_kreck",
    "type": "MONSTER",
    "name": "紫色甲虫",
    "description": "一种大的、有知觉的、像甲虫一样的生物，有着广泛的爪子和附属物，它邪恶的外表跟和平的本性格格不入。只不过是一个孤独的流浪者，没有死亡，只寻求照顾一个有机体的肉体.",
    "default_faction": "fleshweaver",
    "species": ["ABERRATION"],
    "volume": "62500 ml",
    "weight": 81500,
    "hp": 160,
    "speed": 95,
    "material": ["flesh", "bone"],
    "symbol": "⨣",
    "color": "light_blue",
    "aggression": -100,
    "morale": 100,
    "melee_skill": 4,
    "melee_dice": 2,
    "melee_dice_sides": 4,
    "melee_cut": 6,
    "attack_cost": 115,
    "dodge": 1,
    "harvest": "arachnid",
    "armor_bash": 6,
    "armor_cut": 12,
    "armor_stab": 10,
    "armor_acid": 1,
    "armor_fire": 1,
    "vision_day": 24,
    "vision_night": 8,
    "//": "As the description says, it helps... But with ASSIST and CHECK_UP special attack, it parrots with robotic voice, so not for now.",
    "special_attacks": [["PARROT_AT_DANGER", 10], {
            "type": "spell",
            "spell_data": { "id":"mon_fleshweaver_vscratch"},
            "cooldown": 33,
            "monster_message": "<color_yellow>%1$s injects %3$s with a volatile fluid!</color>"
        }
    ],
    "death_function": ["NORMAL"],
    "placate_triggers": ["STALK", "PLAYER_WEAK", "PLAYER_CLOSE"],
    "flags": [
        "HEARS",
        "PATH_AVOID_DANGER_1",
        "SEES",
        "SMELLS",
        "WARM",
        "CAN_OPEN_DOORS",
        "CLIMBS"
    ]
}
