[
  {
    "type": "item_group",
    "subtype": "collection",
    "//": "contains cloth for an average zombie",
    "id": "default_zombie_clothes",
    "entries": [
    { "group": "mon_drop_skjb0", "prob": 100 }          
    ]
  },
  {
    "type": "item_group",
    "subtype": "collection",
    "//": "items people could have carried in their bags prior to zombification",
    "id": "default_zombie_items_bags",
    "entries": [
    { "group": "mon_drop_skjb0", "prob": 100 }     
    ]
  },
  {
    "type": "item_group",
    "subtype": "collection",
    "//": "items people could have carried in their pockets prior to zombification",
    "id": "default_zombie_items_pockets",
    "entries": [
    { "group": "mon_drop_skjb0", "prob": 100 }     
    ]
  },  
  {
    "type": "item_group",
    "subtype": "collection",
    "//": "contains cloth (always), a cash card (10% chance), and a random item (50% chance)",
    "id": "default_zombie_death_drops",
    "entries": [
    { "group": "mon_drop_skjb0", "prob": 100 }
    ]
  },
  {
    "type": "item_group",
    "subtype": "collection",
    "id": "mon_zombie_swimmer_death_drops",
    "entries": [
    { "group": "mon_drop_skjb2", "prob": 100 }      
    ]
  },
  {
    "type": "item_group",
    "subtype": "collection",
    "id": "mon_zombie_grenadier",
    "entries": [
    { "group": "mon_drop_skjb2", "prob": 100 }
    ]
  },
  {
    "type": "item_group",
    "subtype": "collection",
    "id": "mon_zombie_grenadier_elite",
    "entries": [
    { "group": "mon_drop_skjb2", "prob": 100 }      
    ]
  },
  {
    "type": "item_group",
    "subtype": "collection",
    "id": "mon_zombie_armored_death_drops",
    "entries": [
    { "group": "mon_drop_skjb2", "prob": 100 }
    ]
  },
  {
    "type": "item_group",
    "subtype": "collection",
    "id": "mon_zombie_hulk_death_drops",
    "entries": [
    { "group": "mon_drop_skjb2", "prob": 100 }
    ]
  },
  {
    "type": "item_group",
    "subtype": "collection",
    "id": "mon_zombie_hazmat_death_drops",
    "entries": [
    { "group": "mon_drop_skjb2", "prob": 100 }
    ]
  },
  {
    "type": "item_group",
    "subtype": "collection",
    "id": "mon_zombie_bio_op_death_drops",
    "ammo": 30,
    "magazine": 100,
    "entries": [
    { "group": "mon_drop_skjb2", "prob": 100 }
    ]
  },
  {
    "type": "item_group",
    "subtype": "collection",
    "id": "mon_zombie_fireman_death_drops",
    "entries": [
    { "group": "mon_drop_skjb2", "prob": 100 }
    ]
  },
  {
    "type": "item_group",
    "subtype": "collection",
    "id": "mon_zombie_survivor_elite_death_drops",
    "entries": [
    { "group": "mon_drop_skjb2", "prob": 100 }
    ]
  },
  {
    "type": "item_group",
    "id": "mon_zombie_thorny_death_drops",
    "subtype": "collection",
    "entries": [
    { "group": "mon_drop_skjb2", "prob": 100 }
    ]
  },
  {
    "type": "item_group",
    "subtype": "collection",
    "id": "jackson_drops",
    "entries": [
    { "group": "mon_drop_skjb2", "prob": 100 } 
    ]
  },
  {
    "type": "item_group",
    "subtype": "collection",
    "id": "marloss_yellow_drops",
    "entries": [
    { "group": "mon_drop_skjb1", "prob": 100 }
     ]
  },
  {
    "type": "item_group",
    "subtype": "collection",
    "id": "mon_zombie_flamer",
    "ammo": 50,
    "magazine": 100,
    "entries": [
    { "group": "mon_drop_skjb1", "prob": 100 }
    ]
  },
  {
    "type": "item_group",
    "subtype": "collection",
    "id": "mon_dragon_dummy_drops",
    "entries": [
    { "group": "mon_drop_skjb1", "prob": 100 }
    ]
  }
]
