[
{
        "type" : "mutation",
        "id" : "MARTIAL_ARTS_hokuto",
        "name" : "北斗神拳",
        "points" : 4,
        "description" : "在战斗中寻找奥义，是世界最强的暗杀拳。",
        "starting_trait" : true,
        "initial_ma_styles" : [ "style_hokuto" ],
        "valid" : false
},
{
        "type" : "mutation",
        "id" : "PROF_MA_HOKUTO",
        "name" : "北斗神拳",
        "points" : 0,
        "description" : "在战斗中寻找奥义，世界最强暗杀拳",
        "initial_ma_styles" : [ "style_hokuto" ],
        "valid": false,
        "purifiable": false,
        "profession": true
},
{
        "type" : "mutation",
        "id" : "MARTIAL_ARTS_nanto_all",
        "name" : "南斗六圣拳",
        "points" : 4,
        "description" : "与北斗神拳相对应，主“阳”的暗杀拳。攻击手段以外部直接破坏为主。",
        "starting_trait" : true,
        "initial_ma_styles" : [ "style_nanto_sui", "style_nanto_kosyu", "style_nanto_koukaku", "style_nanto_hakuro", "style_nanto_houou" ],
        "valid" : false
},
{
        "type" : "mutation",
        "id" : "MARTIAL_ARTS_nanto_all_class",
        "name" : "南斗六圣拳",
        "points" : 0,
        "description" : "与北斗神拳相对应，主“阳”的暗杀拳。攻击手段以外部直接破坏为主。",
        "initial_ma_styles" : [ "style_nanto_sui", "style_nanto_kosyu", "style_nanto_koukaku", "style_nanto_hakuro", "style_nanto_houou" ],
        "valid": false,
        "purifiable": false,
        "profession": true
}
]