[
    {
        "type": "profession",
        "ident": "battle_hokuto",
        "name": {
            "male": "北斗神拳传承者",
            "female": "北斗神拳传承者"
        },
        "description": "为了拯救世纪末的新英格兰，北斗神拳传人站了出来!",
        "points": 8,
        "traits": [
            "PROF_MA_HOKUTO"
        ],
        "skills": [
            {
                "level": 6,
                "name": "throw"
            },
            {
                "level": 6,
                "name": "melee"
            },
            {
                "level": 6,
                "name": "unarmed"
            },
            {
                "level": 6,
                "name": "dodge"
            }
        ],
        "items": {
            "male": [
                "boxer_shorts",
                "pants_leather",
                "socks",
                "jacket_leather"
            ],
            "female": [
                "bra",
                "tights",
                "pants_leather",
                "boots",
                "jacket_leather"
            ]
        }
     },
     {
        "type": "profession",
        "ident": "battle_nanto_all",
        "name": {
            "male": "南斗六圣拳传承者",
            "female": "南斗六圣拳传承者"
        },
        "description": "为了拯救世纪末的新英格兰，南斗六圣拳的传人站了出来!",
        "points": 8,
        "traits": [
            "MARTIAL_ARTS_nanto_all_class"
        ],
        "skills": [
            {
                "level": 6,
                "name": "throw"
            },
            {
                "level": 6,
                "name": "melee"
            },
            {
                "level": 6,
                "name": "unarmed"
            },
            {
                "level": 6,
                "name": "dodge"
            }
        ],
        "items": {
            "male": [
                "boxer_shorts",
                "pants_leather",
                "socks",
                "jacket_leather"
            ],
            "female": [
                "bra",
                "tights",
                "pants_leather",
                "boots",
                "jacket_leather"
            ]
        }
     }
]