[
    {
        "type":"GENERIC",
        "id": "broken_pursuer_bot",
        "symbol": "%",
        "color": "green",
        "name": "追踪者无人机（损坏）",
        "category": "other",
        "description": "一架损坏的追踪者无人机。现在安静的散在地上构不成威胁了。可以拆卸得到零件.",
        "price": 1000,
        "material": ["steel", "plastic"],
        "weight": 102650,
        "volume": 120,
        "bashing": 4,
        "cutting": 4,
        "to_hit": -3
    },
    {
        "type":"GENERIC",
        "id": "broken_seeker_bot",
        "symbol": "%",
        "color": "green",
        "name": "搜寻者无人机（损坏）",
        "category": "other",
        "description": "一架损坏的搜寻者无人机。现在安静的散在地上构不成威胁了。可以拆卸得到零件.",
        "price": 1000,
        "material": ["steel", "plastic"],
        "weight": 31520,
        "volume": 60,
        "bashing": 6,
        "cutting": 6,
        "to_hit": -3
    },
	{
        "type":"TOOL",
        "id": "bot_seeker",
        "symbol": ";",
        "color": "green",
        "name": "搜寻者无人机（关）",
        "category": "other",
        "description": "一种用于搜寻和消灭敌方战斗人员的战斗无人机。它可以在接近猎物时发射9毫米炮弹. 激活以部署该无人机.",
        "price": 500000,
        "material": ["steel", "plastic"],
        "weight": 3520,
        "volume": 60,
        "bashing": 6,
        "cutting": 6,
        "to_hit": -3,
        "max_charges": 0,
        "initial_charges": 0,
        "charges_per_use": 0,
        "turns_per_charge": 0,
        "ammo": "NULL",
        "revert_to": "null",
        "use_action": {
           "type": "place_monster",
           "monster_id": "mon_seeker_bot",
           "difficulty": 6,
           "skill1": "electronics",
           "skill2": "computer",
           "moves": 200,
           "place_randomly": true
	    }
    },
    {
        "type":"GENERIC",
        "id": "broken_hunter_bot",
        "symbol": "%",
        "color": "green",
        "name": "猎人无人机（损坏）",
        "category": "other",
        "description": "一架损坏的猎人无人机。现在安静的散在地上构不成威胁了。可以拆卸得到零件.",
        "price": 1000,
        "material": ["steel", "plastic"],
        "weight": 62650,
        "volume": 120,
        "bashing": 4,
        "cutting": 4,
        "to_hit": -3
    },
	{
        "type":"TOOL",
        "id": "bot_hunter",
        "symbol": ";",
        "color": "green",
        "name": "猎犬无人机（关）",
        "category": "other",
        "description": "一种如同狗一般大小的军事无人机，用于追捕和消灭敌方战斗人员.它装备了一对带刺的下颚，可以防止猎物逃跑. 激活以部署该无人机.",
        "price": 500000,
        "material": ["steel", "plastic"],
        "weight": 62650,
        "volume": 120,
        "bashing": 4,
        "cutting": 4,
        "to_hit": -3,
        "max_charges": 0,
        "initial_charges": 0,
        "charges_per_use": 0,
        "turns_per_charge": 0,
        "ammo": "NULL",
        "revert_to": "null",
        "use_action": {
           "type": "place_monster",
           "monster_id": "mon_hunter_bot",
           "difficulty": 6,
           "skill1": "electronics",
           "skill2": "computer",
           "moves": 200
		}
    },
    {
        "type":"GENERIC",
        "id": "broken_chaser_bot",
        "symbol": "%",
        "color": "green",
        "name": "追击者无人机（损坏）",
        "category": "other",
        "description": "一架坏了的追击者无人机，现在安静的散在地上并且解除了武装，构不成威胁了。可以拆卸得到零件.",
        "price": 1000,
        "material": ["steel", "plastic"],
        "weight": 31520,
        "volume": 60,
        "bashing": 6,
        "cutting": 6,
        "to_hit": -3
    },
    {
        "type":"TOOL",
        "id": "bot_chaser",
        "symbol": ";",
        "color": "red",
        "name": "追击者无人机（关）",
        "category": "other",
        "description":"一种无情的四轴悬停无人机，用来追踪和消灭敌人. 它能发射三发.50bmg子弹，然后接近并干掉它的猎物. 激活以部署该无人机.",
        "price": 500000,
        "material": ["steel", "plastic"],
        "weight": 3520,
        "volume": 60,
        "bashing": 6,
        "cutting": 6,
        "to_hit": -3,
        "max_charges": 0,
        "initial_charges": 0,
        "charges_per_use": 0,
        "turns_per_charge": 0,
        "ammo": "NULL",
        "revert_to": "null",
        "use_action": {
           "type": "place_monster",
           "monster_id": "mon_chaser_bot",
           "difficulty": 6,
           "skill1": "electronics",
           "skill2": "computer",
           "moves": 200,
           "place_randomly": true
	    }
    },
    {
        "type":"GENERIC",
        "id": "broken manhack",
        "symbol": ",",
        "color": "light_green",
        "name": "锯鸟无人机（损坏）",
        "category": "other",
        "description": "一架坏了的锯鸟无人机，现在安静的散在地上构不成威胁了。可以拆卸得到零件.",
        "price": 1000,
        "material": ["aluminum", "plastic"],
        "weight": 3213,
        "volume": 3,
        "bashing": 6,
        "cutting": 6,
        "to_hit": -3
    },
	{
        "id": "bot_venomhack",
        "type": "TOOL",
        "symbol": ";",
        "color": "brown",
        "name": "毒刺无人机",
        "description": "由一架锯鸟无人机改装而成的毒蜂.巨型昆虫的刺取代了锯片.激活以部署该无人机.",
        "price": 60000,
        "material": ["aluminum", "plastic"],
        "weight": 300,
        "volume": 1,
        "bashing": 6,
        "cutting": 6,
        "to_hit": -3,
        "max_charges": 0,
        "initial_charges": 0,
        "charges_per_use": 0,
        "turns_per_charge": 0,
        "ammo": "NULL",
        "revert_to": "null",
        "use_action": {
            "type": "place_monster",
            "monster_id": "mon_venomhack",
            "difficulty": 4,
            "skill1": "electronics",
            "skill2": "computer",
            "hostile_msg": "你错误地编写了毒液无人机的破解程序;现在它是敌对的!",
            "friendly_msg": "毒液无人机从你手中飞走，并开始滴落有毒化学物质.",
            "place_randomly": true,
            "moves": 60
        }
    },
    {
        "type":"GENERIC",
        "id": "broken_venomhack",
        "symbol": ",",
        "color": "light_green",
        "name": "毒刺无人机(损坏）",
        "category": "other",
        "description": "一架坏了的毒刺无人机，现在安静的散在地上构不成威胁了。可以拆卸得到零件.",
        "price": 1000,
        "material": ["aluminum", "plastic"],
        "weight": 3213,
        "volume": 3,
        "bashing": 6,
        "cutting": 6,
        "to_hit": -3
    },
    {
        "id": "bot_distractron",
        "type": "TOOL",
        "symbol": ";",
        "color": "yellow",
        "name": "干扰者无人机",
        "description":"一名黑客匆忙地重新安装了一个用来吸引注意力的装置.原本的主切割锯片已经被移除，使它变得毫无战斗力，但也更难以击中。大灾变前的一个装满民间音乐的Mp3被加入作为进一步的干扰. 激活以部署该无人机.",
        "price": 60000,
        "material": ["aluminum", "plastic"],
        "weight": 300,
        "volume": 1,
        "bashing": 6,
        "cutting": 6,
        "to_hit": -3,
        "max_charges": 0,
        "initial_charges": 0,
        "charges_per_use": 0,
        "turns_per_charge": 0,
        "ammo": "NULL",
        "revert_to": "null",
        "use_action": {
            "type": "place_monster",
            "monster_id": "mon_distractron",
            "difficulty": 1,
            "skill1": "electronics",
            "skill2": "computer",
            "hostile_msg": "你错误地编写了干扰者无人机的破解程序;现在它是敌对的.",
            "friendly_msg": "干扰者从你的手上飞了起来，然后亮了起来.",
            "place_randomly": true,
            "moves": 60
        }
    },
    {
        "type":"GENERIC",
        "id": "broken_distractron",
        "symbol": ",",
        "color": "yellow",
        "name": "干扰者无人机（损坏）",
        "category": "other",
        "description": "一架坏了的干扰者无人机，现在安静的散在地上构不成威胁了。可以拆卸得到零件.",
        "price": 1000,
        "material": ["aluminum", "plastic"],
        "weight": 3213,
        "volume": 3,
        "bashing": 6,
        "cutting": 6,
        "to_hit": -3
    },	
    {
        "id": "bot_smokehack",
        "type": "TOOL",
        "symbol": ";",
        "color": "ltgray",
        "name": "造烟者无人机",
        "description":"一架锯鸟无人机改装而成的造烟者无人机. 它是一种效率较低的武器，但提供了良好的烟幕.激活以部署该无人机.",
        "price": 60000,
        "material": ["aluminum", "plastic"],
        "weight": 300,
        "volume": 1,
        "bashing": 6,
        "cutting": 6,
        "to_hit": -3,
        "max_charges": 0,
        "initial_charges": 0,
        "charges_per_use": 0,
        "turns_per_charge": 0,
        "ammo": "NULL",
        "revert_to": "null",
        "use_action": {
            "type": "place_monster",
            "monster_id": "mon_smokehack",
            "difficulty": 1,
            "skill1": "electronics",
            "skill2": "computer",
            "hostile_msg": "你错误地编写了造烟者无人机的破解程序;现在它是敌对的.",
            "friendly_msg": "造烟者无人机从你的手中飞了起来，并且亮起了灯.",
            "place_randomly": true,
            "moves": 60
        }
    },
    {
        "type":"GENERIC",
        "id": "broken_eyebot",
        "symbol": "%",
        "color": "ltgray",
        "name": "目视者无人机（损坏）",
        "category": "other",
        "description": "一个坏了的目视者无人机，现在倒下了，看不见了. 它可以拆卸得到零件或临时改装成一种新型机器人.",
        "price": 1000,
        "material": ["steel", "plastic"],
        "weight": 31520,
        "volume": 60,
        "bashing": 6,
        "cutting": 6,
        "to_hit": -3
    },
    {
        "type":"GENERIC",
        "id": "broken_orb_bot",
        "symbol": "%",
        "color": "ltgray",
        "name": "恒星机器人(损坏）",
        "category": "other",
        "description": "一架坏了的恒星机器人，现在黑暗而毫无生气。它可以拆卸得到零件或拆卸它的目视者机器人框架.",
        "price": 10000,
        "material": ["steel", "plastic"],
        "weight": 31520,
        "volume": 60,
        "bashing": 6,
        "cutting": 6,
        "to_hit": -3
    },
	{
        "type":"TOOL",
        "id": "bot_orb_bot",
        "symbol": ";",
        "color": "yellow",
        "name": "目照者机器人（关）",
        "category": "other",
        "description": "一架用劣质电子设备拼凑起来的老掉牙的目照者机器人。摄像机已经被一个强大的泛光灯所取代。激活以部署该无人机.",
        "price": 50000,
        "material": ["steel", "plastic"],
        "weight": 31520,
        "volume": 60,
        "bashing": 6,
        "cutting": 6,
        "to_hit": -3,
        "max_charges": 0,
        "initial_charges": 0,
        "charges_per_use": 0,
        "turns_per_charge": 0,
        "ammo": "NULL",
        "revert_to": "null",
        "use_action": {
           "type": "place_monster",
           "monster_id": "mon_orb_bot",
           "difficulty": 2,
           "skill1": "electronics",
           "skill2": "computer",
           "moves": 100,
           "place_randomly": true
		}
    },
    {
        "type":"GENERIC",
        "id": "broken_skitterbot",
        "symbol": "%",
        "color": "blue",
        "name": "掠行机器人（损坏）",
        "category": "other",
        "description": "一台坏了的掠行机器人,现在悲伤的散在地上构不成威胁. 它可以拆卸得到零件或临时改装成一种新型机器人.",
        "price": 1000,
        "material": ["steel", "plastic"],
        "weight": 62650,
        "volume": 120,
        "bashing": 4,
        "cutting": 4,
        "to_hit": -3
    },
    {
        "type":"GENERIC",
        "id": "broken_skaterbot",
        "symbol": "%",
        "color": "blue",
        "name": "滚轮掠行机器人（损坏）",
        "category": "other",
        "description": "一架坏了的滚轮掠行无人机，现在排干了水散在地上构不成威胁.它可以拆卸得到零件或拆卸它的掠行机器人框架.",
        "price": 1000,
        "material": ["steel", "plastic"],
        "weight": 62650,
        "volume": 120,
        "bashing": 4,
        "cutting": 4,
        "to_hit": -3
    },
    {
        "type":"TOOL",
        "id": "bot_skaterbot",
        "symbol": ";",
        "color": "blue",
        "name": "滚轮掠行机器人（关）",
        "category": "other",
        "description": "回收的掠行机器人重新接上了消费级电子产品.小轮子被组装到它的昆虫状腿的末端.激活以部署该无人机.",
        "price": 1000,
        "material": ["steel", "plastic"],
        "weight": 62650,
        "volume": 120,
        "bashing": 4,
        "cutting": 4,
        "to_hit": -3,
        "max_charges": 0,
        "initial_charges": 0,
        "charges_per_use": 0,
        "turns_per_charge": 0,
        "ammo": "NULL",
        "revert_to": "null",
        "use_action": {
           "type": "place_monster",
           "monster_id": "mon_skaterbot",
           "difficulty": 6,
           "skill1": "electronics",
           "skill2": "computer",
           "hostile_msg": "你错误地编写了滑行机器人的破解程序;现在它是敌对的.",
           "friendly_msg": "滑行机器人旋转着轮子，喷发出一连串的火花.",
           "moves": 200
		}
    },
    {
        "type":"GENERIC",
        "id": "broken_copbot",
        "symbol": "%",
        "color": "blue",
        "name": "警用机器人（损坏）",
        "category": "other",
        "description": "一台破损的警用机器人,现在又脏又破的散在地上构不成威胁.它可以拆卸得到零件或临时改装成一种新型机器人.",
        "price": 30000,
        "material": ["steel", "plastic"],
        "weight": 140000,
        "volume": 250,
        "bashing": 6,
        "cutting": 6,
        "to_hit": -3
    },
    {
        "type":"GENERIC",
        "id": "broken_shockbot",
        "symbol": "%",
        "color": "ltblue",
        "name": "放电机器人（损坏）",
        "category": "other",
        "description": "一台坏了的放电机器人，现在已经没有电了。它可以被修复或拆卸得到它的警用机器人框架.",
        "price": 30000,
        "material": ["steel", "plastic"],
        "weight": 140000,
        "volume": 250,
        "bashing": 6,
        "cutting": 6,
        "to_hit": -3
    },
    {
        "type":"TOOL",
        "id": "bot_shockbot",
        "symbol": ";",
        "color": "ltblue",
        "name": "放电机器人（关）",
        "category": "other",
        "description":"一个用旧电路板和汽车电池修复的废弃安防机器人。它被电气化的铁丝网覆盖着，并配备了一支临时的电击枪。激活以部署该无人机.",
        "price": 300000,
        "flags": ["RADIO_ACTIVATION", "RADIOSIGNAL_3"],
        "material": ["steel", "plastic"],
        "weight": 140000,
        "volume": 250,
        "bashing": 6,
        "cutting": 6,
        "to_hit": -3,
        "max_charges": 0,
        "initial_charges": 0,
        "charges_per_use": 0,
        "turns_per_charge": 0,
        "ammo": "NULL",
        "revert_to": "null",
        "use_action": {
           "type": "place_monster",
           "monster_id": "mon_shockbot",
           "difficulty": 2,
           "skill1": "electronics",
           "skill2": "computer",		   
           "hostile_msg": "你错误地编写了放电机器人的破解程序;现在它是敌对的!",
           "friendly_msg": "放电机器人发出一种低电流嗡嗡声，并开始四处走动.",
           "place_randomly": true,
           "moves": 200
		}
    },
    {
        "type":"GENERIC",
        "id": "broken_riotbot",
        "symbol": "%",
        "color": "blue",
        "name": "防爆机器人（损坏）",
        "category": "other",
        "description": "一台坏了的防爆机器人, 现在变形地散在地上构不成威胁了.它可以拆卸得到零件或临时改装成一种新型机器人.",
        "price": 30000,
        "material": ["steel", "plastic"],
        "weight": 140000,
        "volume": 250,
        "bashing": 6,
        "cutting": 6,
        "to_hit": -3
    },
    {
        "type":"GENERIC",
        "id": "broken_solar_bot",
        "symbol": "%",
        "color": "yellow",
        "name": "太阳能激光机器人（损坏）",
        "category": "other",
        "description": "一台损坏的太阳能机器人,现在破碎地散在地上构不成威胁. 它可以被修复或拆卸得到原来的框架.",
        "price": 30000,
        "material": ["steel", "plastic"],
        "weight": 140000,
        "volume": 250,
        "bashing": 6,
        "cutting": 6,
        "to_hit": -3
    },	
    {
        "type":"TOOL",
        "id": "bot_solar_bot",
        "symbol": ";",
        "color": "yellow",
        "name": "太阳能激光机器人（关）",
        "category": "other",
        "description":"一个被回收的防暴机器人笨拙地与一个实验激光炮塔焊接在一起.它身上覆盖着一层太阳能板和闪烁的LED灯. 激活以部署该无人机.",
        "price": 300000,
        "flags": ["RADIO_ACTIVATION", "RADIOSIGNAL_3"],
        "material": ["steel", "plastic"],
        "weight": 140000,
        "volume": 250,
        "bashing": 6,
        "cutting": 6,
        "to_hit": -3,
        "max_charges": 0,
        "initial_charges": 0,
        "charges_per_use": 0,
        "turns_per_charge": 0,
        "ammo": "NULL",
        "revert_to": "null",
        "use_action": {
           "type": "place_monster",
           "monster_id": "mon_solar_bot",
           "difficulty": 2,
           "skill1": "electronics",
           "skill2": "computer",		   
           "hostile_msg": "你错误地编写了太阳能机器人的破解程序.它现在是敌对的!",
           "friendly_msg": "太阳能机器人成功启动时，它的LED灯光开始闪烁.",
           "place_randomly": true,
           "moves": 200
		}
    },
    {
        "type":"GENERIC",
        "id": "broken_secubot",
        "symbol": "%",
        "color": "blue",
        "name": "安防机器人(损坏）",
        "category": "other",
        "description": "一台坏了的安防机器人,现在安静的散在地上构不成威胁了。它可以拆卸得到零件或临时改装成一种新型机器人.",
        "price": 30000,
        "material": ["steel", "plastic"],
        "weight": 140000,
        "volume": 250,
        "bashing": 6,
        "cutting": 6,
        "to_hit": -3
    },
    {
        "type":"GENERIC",
        "id": "broken_killbot",
        "symbol": "%",
        "color": "red",
        "name": "链锯杀手机器人(损坏）",
        "category": "other",
        "description": "一台坏了的战斗型机器人,现在安静的散在地上构不成威胁了。它可以被修复或拆卸得到它的安保机器人框架.",
        "price": 30000,
        "material": ["steel", "plastic"],
        "weight": 140000,
        "volume": 250,
        "bashing": 6,
        "cutting": 6,
        "to_hit": -3
    },
    {
        "type":"TOOL",
        "id": "bot_killbot",
        "symbol": ";",
        "color": "red",
        "name": "链锯杀手机器人(关）",
        "category": "other",
        "description": "一个废弃的安保机器人被改造成了一台笨重的杀人机器。额外的钢装甲层和一对链锯已经焊接到底盘上。激活以部署该无人机.",
        "price": 300000,
        "material": ["steel", "plastic"],
        "weight": 140000,
        "flags": ["RADIO_ACTIVATION", "RADIOSIGNAL_3"],
        "volume": 250,
        "bashing": 6,
        "cutting": 6,
        "to_hit": -3,
        "max_charges": 0,
        "initial_charges": 0,
        "charges_per_use": 0,
        "turns_per_charge": 0,
        "ammo": "NULL",
        "revert_to": "null",
        "use_action": {
           "type": "place_monster",
           "monster_id": "mon_killbot",
           "difficulty": 2,
           "skill1": "electronics",
           "skill2": "computer",		   
           "hostile_msg": "你错误地编写了链锯机器人的破解程序.它现在是敌对的.",
           "friendly_msg": "链锯机器人的系统上线并旋转它的链锯.",
           "place_randomly": true,
           "moves": 200
		}
    },
    {
        "type":"GENERIC",
        "id": "broken_chickenbot",
        "symbol": "%",
        "color": "red",
        "name": "双足机器人（损坏）",
        "category": "other",
        "description": "一个摔坏了的双足机器人，现在它缺了个头而且浑身破烂不堪。它可以被拆成零件或临时改装成一种新型机器人.",
        "price": 10000,
        "material": ["steel", "plastic"],
        "weight": 430000,
        "volume": 750,
        "bashing": 10,
        "cutting": 6,
        "to_hit": -2
    },
    {
        "type":"GENERIC",
        "id": "broken_murder_bot",
        "symbol": "%",
        "color": "red",
        "name": "恐怖双足机器人（损坏）",
        "category": "other",
        "description": "一台坏了的杀人机器，现在安静的散在地上构不成威胁了。它可以被修复或拆卸得到它的机器人框架.",
        "price": 10000,
        "material": ["steel", "plastic"],
        "weight": 430000,
        "volume": 750,
        "bashing": 10,
        "cutting": 6,
        "to_hit": -2
    },		
	{
        "type":"TOOL",
        "id": "bot_murder_bot",
        "symbol": ";",
        "color": "red",
        "name": "恐怖双足机器人（关）",
        "category": "other",
        "description":"一只被修理好的双足机器人，现在它被重新组装成一个步履蹒跚的战斗机器人，它的可怕程度远远超过了它的效率。激活以部署该无人机.",
        "price": 300000,
        "flags": ["RADIO_ACTIVATION", "RADIOSIGNAL_3"],
        "material": ["steel", "plastic"],
        "weight": 430000,
        "volume": 750,
        "bashing": 10,
        "cutting": 6,
        "to_hit": -2,
        "max_charges": 0,
        "initial_charges": 0,
        "charges_per_use": 0,
        "turns_per_charge": 0,
        "ammo": "NULL",
        "revert_to": "null",
        "use_action": {
           "type": "place_monster",
           "monster_id": "mon_murder_bot",
           "difficulty": 4,
           "skill1": "electronics",
           "skill2": "computer",		   
           "hostile_msg": "你错误地编写了战斗双足机器人的破解程序.它现在想杀你的!",
           "friendly_msg": "战斗双足机器人复活了.",
           "place_randomly": true,
           "moves": 200
        }
    },
    {
        "type":"GENERIC",
        "id": "broken_tankbot",
        "symbol": "%",
        "color": "red",
        "name": "坦克无人机（损坏）",
        "category": "other",
        "description": "一架坏了的坦克，躺在一堆扭曲的金属上。它可以被拆成零件或临时改装成一种新型机器人.",
        "price": 10000,
        "material": ["steel", "plastic"],
        "weight": 1223850,
        "volume": 3500,
        "bashing": 20,
        "cutting": 15,
        "to_hit": -3
    },
    {
        "type":"GENERIC",
        "id": "broken_droidnaught",
        "symbol": "%",
        "color": "red",
        "name": "气锤坦克无人机（损坏）",
        "category": "other",
        "description": "一架坏了的气锤坦克无人机. 它可以被修复或拆卸得到它的坦克无人机框架.",
        "price": 10000,
        "material": ["steel", "plastic"],
        "weight": 1223850,
        "volume": 3500,
        "bashing": 20,
        "cutting": 15,
        "to_hit": -3
    },
    {
        "type":"TOOL",
        "id": "bot_droidnaught",
        "symbol": ";",
        "color": "red",
        "name": "气锤坦克无人机（关）",
        "category": "other",
        "description": "一个被掏空又重新组装的坦克机器人，用汽车零件和一些看起来有问题的电线翻新过。上面的大口径加农炮已被一种速射气锤所取代。激活以部署该无人机.",
        "price": 1000000,
        "flags": ["RADIO_ACTIVATION", "RADIOSIGNAL_3"],
        "material": ["steel", "plastic"],
        "weight": 1223850,
        "volume": 3500,
        "bashing": 20,
        "cutting": 15,
        "to_hit": -3,
        "max_charges": 0,
        "initial_charges": 0,
        "charges_per_use": 0,
        "turns_per_charge": 0,
        "ammo": "NULL",
        "revert_to": "null",
        "use_action": {
           "type": "place_monster",
           "monster_id": "mon_droidnaught",
           "difficulty": 6,
           "skill1": "electronics",
           "skill2": "computer",		   
           "hostile_msg": "你犯了一个非常严重的错误。气锤坦克无人机现在想要干掉你.",
           "friendly_msg": "气锤坦克无人机在系统上线时启动了它的引擎.",
           "place_randomly": true,
           "moves": 200
        }
    },
    {
        "type":"GENERIC",
        "id": "broken_hazmatbot",
        "symbol": "%",
        "color": "blue",
        "name": "危险物操作机器人（损坏）",
        "category": "other",
        "description": "一台坏了的危险物操作机器人，现在已经被其他东西污染和破烂不堪了。它可以被拆成零件或临时改装成一种新型机器人.",
        "price": 10000,
        "material": ["steel", "plastic"],
        "weight": 140000,
        "volume": 250,
        "bashing": 6,
        "cutting": 6,
        "to_hit": -3
    },
    {
        "type":"GENERIC",
        "id": "broken_cleaner_bot",
        "symbol": "%",
        "color": "ltgreen",
        "name": "喷酸清洁机器人（损坏）",
        "category": "other",
        "description": "一台坏了的清洁机器人，现在又脏又臭。它可以被修复或拆卸到它的危险物操作机器人框架.",
        "price": 30000,
        "material": ["steel", "plastic"],
        "weight": 140000,
        "volume": 250,
        "bashing": 6,
        "cutting": 6,
        "to_hit": -3
    },
    {
        "type":"TOOL",
        "id": "bot_cleaner_bot",
        "symbol": ";",
        "color": "ltgreen",
        "name": "喷酸清洁机器人（关）",
        "category": "other",
        "description":"一个回收改装的危险物机器人，用二手电路和管道设备改装而成。它通过喷洒内部锅炉的腐蚀性液体来清洁，或是腐蚀。激活以部署该无人机.",
        "price": 100000,
        "flags": ["RADIO_ACTIVATION", "RADIOSIGNAL_3"],
        "material": ["steel", "plastic"],
        "weight": 100000,
        "volume": 250,
        "bashing": 6,
        "cutting": 6,
        "to_hit": -3,
        "max_charges": 0,
        "initial_charges": 0,
        "charges_per_use": 0,
        "turns_per_charge": 0,
        "ammo": "NULL",
        "revert_to": "null",
        "use_action": {
           "type": "place_monster",
           "monster_id": "mon_cleaner_bot",
           "difficulty": 2,
           "skill1": "electronics",
           "skill2": "computer",		   
           "hostile_msg": "你把清洁机器人的程序弄错了!",
           "friendly_msg": "清洁机器人充满了有毒化学物质并开始冒泡.",
           "place_randomly": true,
           "moves": 200
		}
    }
]