[
{
    "type" : "MONSTER",
    "id" : "mon_pursuer_bot",
    "name": "追踪者无人机",
    "species":"ROBOT",
    "default_faction":"military",
    "symbol":"P",
    "color":"white_green",
    "size":"MEDIUM",
    "material":"steel",
    "diff":15,
    "aggression":100,
    "morale":100,
    "speed":100,
    "melee_skill":5,
    "melee_dice":3,
    "melee_dice_sides":6,
    "melee_cut":6,
    "dodge":2,
    "armor_bash":10,
    "armor_cut":12,
    "vision_day":50,
    "vision_night":5,
    "special_attacks":[["GRENADIER", 20]],
    "starting_ammo" : {"bot_manhack":10},
    "hp":80,
    "death_function":["BROKEN"],
    "death_drops": {
        "groups": [
            [ "robots", 4 ]
        ]
    },
    "description": "一台用于追击和消灭敌方战斗人员的有轮子的无人机。它有能力在舰载上施放锯鸟无人机来攻击和削弱它的猎物.",
    "flags":["SEES", "FLIES", "ELECTRONIC", "NO_BREATHE", "NOHEAD","HIT_AND_RUN"]
},{
    "type" : "MONSTER",
    "id" : "mon_seeker_bot",
    "name": "搜寻者无人机",
    "species":"ROBOT",
    "default_faction":"military",
    "symbol":"s",
    "color":"white_green",
    "size":"SMALL",
    "material":"steel",
    "diff":15,
    "aggression":100,
    "morale":100,
    "speed":130,
    "melee_skill":5,
    "melee_dice":3,
    "melee_dice_sides":6,
    "melee_cut":6,
    "dodge":2,
    "armor_bash":10,
    "armor_cut":12,
    "vision_day":50,
    "vision_night":5,
    "revert_to_itype": "bot_seeker",
    "special_attacks":{"SMG":6},
    "starting_ammo" : {"9mm":8},
    "death_drops": {
        "groups": [
            [ "robots", 4 ]
        ]
    },
    "hp":20,
    "death_function":"BROKEN",
    "description": "一种用于搜寻和消灭敌方战斗人员的自动无人机。它可以在接近猎物之前发射9毫米的炮弹.",
    "flags":["SEES", "FLIES", "ELECTRONIC", "NO_BREATHE", "NOHEAD","HIT_AND_RUN"]
},{
    "type" : "MONSTER",
    "id" : "mon_hunter_bot",
    "name": "猎犬无人机",
    "species":"ROBOT",
    "default_faction":"military",
    "symbol":"h",
    "color":"white_green",
    "size":"SMALL",
    "material":"steel",
    "diff":15,
    "aggression":100,
    "morale":100,
    "speed":110,
    "melee_skill":5,
    "melee_dice":3,
    "melee_dice_sides":6,
    "melee_cut":6,
    "dodge":2,
    "armor_bash":10,
    "armor_cut":20,
    "vision_day":50,
    "vision_night":5,
    "death_drops": {
        "groups": [
            [ "robots", 4 ]
        ]
    },
    "hp":60,
    "death_function":"BROKEN",
    "revert_to_itype": "bot_hunter",
    "special_attacks":{"GRAB":4},
    "description":"一种狗大小的军事无人机，用于追捕和消灭敌方战斗人员。它有一对带刺的下颚，可以防止猎物逃跑.",
    "flags":["SEES", "HEARS", "BASHES", "ATTACKMON", "ELECTRONIC", "NO_BREATHE"]
},{
    "type" : "MONSTER",
    "id" : "mon_chaser_bot",
    "name": "追击者无人机",
    "species":"ROBOT",
    "default_faction":"military",
    "symbol":"c",
    "color":"red_green",
    "size":"SMALL",
    "material":"steel",
    "diff":20,
    "aggression":100,
    "morale":100,
    "speed":130,
    "melee_skill":5,
    "melee_dice":3,
    "melee_dice_sides":6,
    "melee_cut":6,
    "dodge":2,
    "armor_bash":10,
    "armor_cut":12,
    "vision_day":50,
    "vision_night":5,
    "revert_to_itype": "bot_chaser",
    "death_drops": {
        "groups": [
            [ "robots", 4 ]
        ]
    },
    "hp":30,
    "death_function":"BROKEN",
    "special_attacks":{"BMG_TUR":3},
    "starting_ammo" : {"50bmg":3},
    "description":"一种无情的空中无人机，用来追踪和消灭敌人的机器人。它能发射三发.50bmg的子弹，然后接近并干掉它的猎物.",
    "flags":["FLIES", "SEES", "HEARS", "BASHES", "NO_BREATHE", "ELECTRONIC", "HIT_AND_RUN"]
    }
]
