[
{
    "type" : "MONSTER",
    "id" : "mon_secubot",
    "name": "安防机器人",
    "species":"ROBOT",
    "default_faction":"defense_bot",
    "symbol":"R",
    "color":"dkgray",
    "size":"MEDIUM",
    "material":"steel",
    "diff":19,
    "aggression":100,
    "morale":100,
    "speed":70,
    "melee_skill":0,
    "melee_dice":0,
    "melee_dice_sides":0,
    "melee_cut":0,
    "dodge":0,
    "armor_bash":14,
    "armor_cut":14,
    "vision_day":50,
    "death_drops": {
        "groups": [
            [ "robots", 4 ]
        ]
    },
    "hp":80,
    "death_function":"BROKEN",
    "special_attacks":{"SMG":2},
    "starting_ammo" : {"9mm":100},
    "description":"诺斯罗普警卫X-1是一个装甲战斗系列的机器人。最初设计用于军事巡逻和护送服务，它由一套液压承轴和滚轮支撑，装备有两把smg.",
    "flags":["SEES", "HEARS", "BASHES", "ATTACKMON", "ELECTRONIC", "NO_BREATHE"]
},{
    "type" : "MONSTER",
    "id" : "mon_hazmatbot",
    "name": "危险物操作机器人",
    "species":"ROBOT",
    "default_faction":"utility_bot",
    "symbol":"R",
    "color":"green",
    "size":"MEDIUM",
    "material":"steel",
    "diff":2,
    "aggression":0,
    "morale":100,
    "speed":70,
    "melee_skill":2,
    "melee_dice":0,
    "melee_dice_sides":0,
    "melee_cut":0,
    "dodge":0,
    "armor_bash":10,
    "armor_cut":12,
    "vision_day":50,
    "hp":120,
    "death_function":"BROKEN",
    "description":"福特生产的萨尼特隆系列机器人,一种在危险条件下用于清理废弃物的实用机器人.",
    "flags":["SEES", "HEARS", "BASHES", "ELECTRONIC", "NO_BREATHE"]
},{
    "type" : "MONSTER",
    "id" : "mon_chickenbot",
    "name": "双足机器人",
    "species":"ROBOT",
    "default_faction":"military",
    "symbol":"R",
    "color":"red",
    "size":"LARGE",
    "material":"steel",
    "diff":32,
    "aggression":100,
    "morale":100,
    "speed":115,
    "melee_skill":3,
    "melee_dice":3,
    "melee_dice_sides":3,
    "melee_cut":0,
    "dodge":0,
    "armor_bash":18,
    "armor_cut":14,
    "vision_day":50,
    "death_drops": {
        "groups": [
            [ "robots", 4 ]
        ]
    },
    "hp":90,
    "death_function":"BROKEN",
    "special_attacks":{"CHICKENBOT":4},
    "starting_ammo" : {"556":1000, "40mm_frag":100},
    "description":"诺思拉普 ATSV是一个巨大的、全副武装的机器人，用一对反向连接的腿行走。配备了40毫米反器材榴弹发射器，5.56反步兵炮，以及对攻击者的电气化能力，它是一种有效的自动化哨兵，尽管由于法律纠纷生产有限.",
    "flags":["SEES", "HEARS", "BASHES", "NO_BREATHE", "ELECTRONIC"]
 }
 ]