[
{
    "type" : "recipe",
    "result": "broken_pursuer_bot",
    "id_suffix": "uncraft",
    "category": "CC_NONCRAFT",
    "subcategory": "CSC_NONCRAFT",
    "skill_used": "electronics",
    "difficulty": 5,
    "time": 30000,
    "reversible": true,
    "autolearn": false,
    "qualities" : [
        {"id":"SCREW","level":1,"amount":1}
    ], "tools": [
        [ [ "soldering_iron", 3 ], [ "toolset", 3 ] ]
    ], "components": [
    [
      [ "bot_manhack", 2 ],
      [ "UPS_off", 1 ],
      [ "power_supply", 1 ],
      [ "plut_cell", 1 ],
      [ "plastic_chunk", 10 ]
    ],
    [ [ "scrap", 10 ] ]
    ]
},{
    "type" : "recipe",
    "result": "broken_seeker_bot",
    "id_suffix": "uncraft",
    "category": "CC_NONCRAFT",
    "subcategory": "CSC_NONCRAFT",
    "skill_used": "electronics",
    "difficulty": 5,
    "time": 30000,
    "reversible": true,
    "autolearn": false,
    "qualities" : [
        {"id":"SCREW","level":1,"amount":1}
    ], "tools": [
        [ [ "soldering_iron", 3 ], [ "toolset", 3 ] ]
    ], "components": [
    [
      [ "hk_mp5", 1 ],
      [ "power_supply", 1 ],
      [ "plut_cell", 1 ],
      [ "plastic_chunk", 10 ]
    ],
    [ [ "scrap", 10 ] ]
    ]
  },{
    "type" : "recipe",
    "result": "bot_seeker",
    "id_suffix": "uncraft",
    "category": "CC_NONCRAFT",
    "subcategory": "CSC_NONCRAFT",
    "skill_used": "electronics",
    "difficulty": 5,
    "time": 30000,
    "reversible": true,
    "autolearn": false,
    "qualities" : [
        {"id":"SCREW","level":1,"amount":1}
    ], "tools": [
        [ [ "soldering_iron", 3 ], [ "toolset", 3 ] ]
    ], "components": [
    [
      [ "uzi", 1 ],
      [ "tec9", 1 ],
      [ "calico", 1 ],
      [ "hk_mp5", 1 ]
    ],
    [ [ "processor", 2 ] ],
    [ [ "RAM", 2 ] ],
    [
      [ "power_supply", 1 ],
      [ "plut_cell", 1 ]
    ],
    [ [ "scrap", 10 ] ]
  ]
},{
    "type" : "recipe",
    "result": "broken_hunter_bot",
    "id_suffix": "uncraft",
    "category": "CC_NONCRAFT",
    "subcategory": "CSC_NONCRAFT",
    "skill_used": "electronics",
    "difficulty": 5,
    "time": 30000,
    "reversible": true,
    "autolearn": false,
    "qualities" : [
        {"id":"SCREW","level":1,"amount":1}
    ], "tools": [
        [ [ "soldering_iron", 3 ], [ "toolset", 3 ] ]
    ], "components": [
    [
      [ "tazer", 1 ],
      [ "circuit", 1 ],
      [ "power_supply", 1 ],
      [ "plut_cell", 1 ],
      [ "plastic_chunk", 10 ]
    ],
    [ [ "scrap", 10 ] ]
  ]
},{
    "type" : "recipe",
    "result": "bot_hunter",
    "id_suffix": "uncraft",
    "category": "CC_NONCRAFT",
    "subcategory": "CSC_NONCRAFT",
    "skill_used": "electronics",
    "difficulty": 5,
    "time": 30000,
    "reversible": true,
    "autolearn": false,
    "qualities" : [
        {"id":"SCREW","level":1,"amount":1}
    ], "tools": [
        [ [ "soldering_iron", 3 ], [ "toolset", 3 ] ]
    ], "components": [
    [
      [ "tazer", 1 ],
      [ "circuit", 1 ]
    ],
    [ [ "processor", 2 ] ],
    [ [ "RAM", 2 ] ],
    [
      [ "power_supply", 1 ],
      [ "plut_cell", 1 ]
    ],
    [ [ "scrap", 10 ] ]
  ]
},{
    "type" : "recipe",
    "result": "broken_chaser_bot",
    "id_suffix": "uncraft",
    "category": "CC_NONCRAFT",
    "subcategory": "CSC_NONCRAFT",
    "skill_used": "electronics",
    "difficulty": 5,
    "time": 30000,
    "reversible": true,
    "autolearn": false,
    "qualities" : [
        {"id":"SCREW","level":1,"amount":1}
    ], "tools": [
        [ [ "soldering_iron", 3 ], [ "toolset", 3 ] ]
    ], "components": [ 
    [
      [ "laser_sight", 1 ],
      [ "rail_laser_sight", 1 ],
      [ "processor", 2 ],
      [ "RAM", 2 ],
      [ "power_supply", 1 ],
      [ "plut_cell", 1 ],
      [ "plastic_chunk", 10 ]
    ],
    [ [ "scrap", 10 ] ]
    ]
},{
    "type" : "recipe",
    "result": "bot_chaser",
    "id_suffix": "uncraft",
    "category": "CC_NONCRAFT",
    "subcategory": "CSC_NONCRAFT",
    "skill_used": "electronics",
    "difficulty": 5,
    "time": 30000,
    "reversible": true,
    "autolearn": false,
    "qualities" : [
        {"id":"SCREW","level":1,"amount":1}
    ], "tools": [
        [ [ "soldering_iron", 3 ], [ "toolset", 3 ] ]
    ], "components": [
    [
      [ "laser_sight", 1 ],
      [ "rail_laser_sight", 1 ]
    ],
    [ [ "processor", 2 ] ],
    [ [ "RAM", 2 ] ],
    [
      [ "power_supply", 1 ],
      [ "plut_cell", 1 ]
    ],
    [ [ "scrap", 10 ] ]
  ]
},{
    "type" : "recipe",
    "result": "broken_eyebot",
    "id_suffix": "uncraft",
    "category": "CC_NONCRAFT",
    "subcategory": "CSC_NONCRAFT",
    "skill_used": "electronics",
    "difficulty": 2,
    "time": 30000,
    "reversible": true,
    "autolearn": false,
    "qualities" : [
        {"id":"SCREW","level":1,"amount":1}
    ], "tools": [
        [ [ "soldering_iron", 3 ], [ "toolset", 3 ] ]
    ], "components": [
        [ [ "processor", 1 ] ],
        [ [ "lens", 1 ] ],
        [ [ "e_scrap", 1 ] ],
        [ [ "scrap", 1 ] ]
    ]
},{
    "type" : "recipe",
    "result": "broken_orb_bot",
    "id_suffix": "uncraft",
    "category": "CC_NONCRAFT",
    "subcategory": "CSC_NONCRAFT",
    "skill_used": "electronics",
    "difficulty": 3,
    "time": 30000,
    "reversible": true,
    "autolearn": false,
    "qualities" : [
        {"id":"SCREW","level":1,"amount":1}
    ], "tools": [
        [ [ "soldering_iron", 3 ], [ "toolset", 3 ] ]
    ], "components": [
        [ [ "broken_eyebot", 1 ] ],
        [ [ "floodlight", 1 ] ],
        [ [ "scrap", 3 ] ]
    ]
},{
  "type" : "recipe",
  "result": "broken_venomhack",
    "id_suffix": "uncraft",
  "category": "CC_NONCRAFT",
  "subcategory": "CSC_NONCRAFT",
  "skill_used": "electronics",
  "difficulty": 4,
  "time": 2000,
  "reversible": true,
  "autolearn": false,
  "qualities" : [
    {"id":"SCREW","level":1,"amount":1}
  ], "tools": [
    [
      [ "soldering_iron", 5 ],
      [ "toolset", 5 ]
    ]
  ],
  "components": [
    [ [ "syringe", 1 ] ],
    [ [ "processor", 1 ] ],
    [ [ "RAM", 1 ] ],
    [ [ "scrap", 1 ] ]
  ]
},{
    "type" : "recipe",
    "result": "broken_skaterbot",
    "id_suffix": "uncraft",
    "category": "CC_NONCRAFT",
    "subcategory": "CSC_NONCRAFT",
    "skill_used": "electronics",
    "difficulty": 3,
    "time": 30000,
    "reversible": true,
    "autolearn": false,
    "qualities" : [
        {"id":"SCREW","level":1,"amount":1}
    ], "tools": [
        [ [ "soldering_iron", 10 ], [ "toolset", 10 ] ]
    ], "components": [
        [ [ "broken_skitterbot", 1 ] ],
        [ [ "tazer", 1 ] ],
        [ [ "e_scrap", 1 ] ],
        [ [ "scrap", 3 ] ]
    ]
},{
    "type" : "recipe",
    "result": "broken_shockbot",
    "id_suffix": "uncraft",
    "category": "CC_NONCRAFT",
    "subcategory": "CSC_NONCRAFT",
    "skill_used": "electronics",
    "difficulty": 6,
    "time": 60000,
    "reversible": true,
    "autolearn": false,
    "qualities" : [
        {"id":"SCREW","level":1,"amount":1},
        {"id":"SAW_M","level":1,"amount":1}
    ], "tools": [
        [ [ "soldering_iron", 20 ], [ "toolset", 20 ] ],
        [ [ "oxy_torch", 10 ], [ "welder", 50 ], [ "toolset", 75 ], [ "welder_crude", 75 ] ]
    ], "components": [
        [ [ "broken_copbot", 1 ] ],
        [ [ "bio_chain_lightning", 1 ] ],
        [ [ "plut_cell", 2 ] ],
        [ [ "power_supply", 10 ] ],
        [ [ "e_scrap", 1 ] ],
        [ [ "scrap", 2 ] ]
    ]
},{
    "type" : "recipe",
    "result": "broken_solar_bot",
    "id_suffix": "uncraft",
    "category": "CC_NONCRAFT",
    "subcategory": "CSC_NONCRAFT",
    "skill_used": "electronics",
    "difficulty": 6,
    "time": 60000,
    "reversible": true,
    "autolearn": false,
    "qualities" : [
        {"id":"SCREW","level":1,"amount":1},
        {"id":"SAW_M","level":1,"amount":1}
    ], "tools": [
        [ [ "soldering_iron", 20 ], [ "toolset", 20 ] ],
        [ [ "oxy_torch", 10 ], [ "welder", 50 ], [ "toolset", 75 ], [ "welder_crude", 75 ] ]
    ], "components": [
        [ [ "broken_riotbot", 1 ] ],
        [ [ "solar_cell", 2 ] ],
        [ [ "cerberus_laser", 1 ] ],
        [ [ "e_scrap", 2 ] ],
        [ [ "scrap", 2 ] ]
    ]
},{
    "type" : "recipe",
    "result": "broken_secubot",
    "id_suffix": "uncraft",
    "category": "CC_NONCRAFT",
    "subcategory": "CSC_NONCRAFT",
    "skill_used": "electronics",
    "difficulty": 6,
    "time": 120000,
    "reversible": true,
    "autolearn": false,
    "qualities" : [
        {"id":"SCREW","level":1,"amount":1},
        {"id":"WRENCH","level":1,"amount":1},
        {"id":"SAW_M","level":1,"amount":1}
    ], "tools": [
        [ [ "soldering_iron", 20 ], [ "toolset", 20 ] ],
        [ [ "oxy_torch", 10 ], [ "welder", 50 ], [ "toolset", 75 ], [ "welder_crude", 75 ] ]
    ], "components": [
        [ [ "power_supply", 4 ] ],
        [ [ "plut_cell", 2 ] ],
        [ [ "hk_mp5", 1 ] ],
        [ [ "cable", 5 ] ],
        [ [ "e_scrap", 3 ] ],
        [ [ "steel_chunk", 10 ] ]
    ]
},{
    "type" : "recipe",
    "result": "broken_killbot",
    "id_suffix": "uncraft",
    "category": "CC_NONCRAFT",
    "subcategory": "CSC_NONCRAFT",
    "skill_used": "electronics",
    "difficulty": 6,
    "time": 60000,
    "reversible": true,
    "autolearn": false,
    "qualities" : [
        {"id":"SCREW","level":1,"amount":1},
        {"id":"WRENCH","level":1,"amount":1},
        {"id":"SAW_M","level":1,"amount":1}
    ], "tools": [
        [ [ "soldering_iron", 20 ], [ "toolset", 20 ] ],
        [ [ "oxy_torch", 10 ], [ "welder", 50 ], [ "toolset", 75 ], [ "welder_crude", 75 ] ]
    ], "components": [
        [ [ "broken_secubot", 1 ] ],
        [ [ "elec_chainsaw_off", 2 ] ],
        [ [ "steel_plate", 2 ] ],
        [ [ "e_scrap", 3 ] ],
        [ [ "steel_chunk", 12 ] ]
    ]
},{
    "type" : "recipe",
    "result": "broken_chickenbot",
    "id_suffix": "uncraft",
    "category": "CC_NONCRAFT",
    "subcategory": "CSC_NONCRAFT",
    "skill_used": "electronics",
    "skills_required": ["mechanics",  3],
    "difficulty": 8,
    "time": 120000,
    "reversible": true,
    "autolearn": false,
    "qualities" : [
        {"id":"SCREW","level":1,"amount":1},
        {"id":"WRENCH","level":1,"amount":1},
        {"id":"SAW_M","level":1,"amount":1}
    ], "tools": [
        [ [ "oxy_torch", 20 ], [ "welder", 100 ], [ "toolset", 150 ], [ "welder_crude", 150 ] ]
    ], "components": [
        [ [ "power_supply", 4 ] ],
        [ [ "tazer", 1 ] ],
        [ [ "frame", 1 ] ],
        [ [ "motor", 1 ] ],
        [ [ "m4a1", 1 ] ],
        [ [ "e_scrap", 3 ] ],
        [ [ "flamethrower", 3 ] ],
        [ [ "steel_chunk", 4 ] ]
    ]
},{
    "type" : "recipe",
    "result": "broken_murder_bot",
    "id_suffix": "uncraft",
    "category": "CC_NONCRAFT",
    "subcategory": "CSC_NONCRAFT",
    "skill_used": "electronics",
    "skills_required": ["mechanics",  3],
    "difficulty": 7,
    "time": 120000,
    "reversible": true,
    "autolearn": false,
    "qualities" : [
        {"id":"SCREW","level":1,"amount":1},
        {"id":"WRENCH","level":1,"amount":1},
        {"id":"SAW_M","level":1,"amount":1}
    ], "tools": [
        [ [ "oxy_torch", 20 ], [ "welder", 100 ], [ "toolset", 150 ], [ "welder_crude", 150 ] ]
    ], "components": [
        [ [ "broken_chickenbot", 1 ] ],
        [ [ "spike", 2 ] ],
        [ [ "e_scrap", 4 ] ],
        [ [ "scrap", 10 ] ]
    ]
},{
    "type" : "recipe",
    "result": "broken_tankbot",
    "id_suffix": "uncraft",	
    "category": "CC_NONCRAFT",
    "subcategory": "CSC_NONCRAFT",
    "skill_used": "electronics",
    "difficulty": 8,
    "time": 600000,
    "reversible": true,
    "autolearn": false,
    "qualities" : [
        {"id":"SCREW","level":1,"amount":1},
        {"id":"WRENCH","level":1,"amount":1},
        {"id":"SAW_M","level":1,"amount":1}
    ], "tools": [
        [ [ "soldering_iron", 30 ], [ "toolset", 30 ] ],
        [ [ "oxy_torch", 40 ], [ "welder", 200 ], [ "toolset", 300 ], [ "welder_crude", 300 ] ]
    ], "components": [
        [ [ "flamethrower", 1 ] ],
        [ [ "tazer", 1 ] ],
        [ [ "m4a1", 1 ] ],
        [ [ "motor_large", 1 ] ],
        [ [ "power_supply", 20 ] ],
        [ [ "plut_cell", 4 ] ],
        [ [ "RAM", 2 ] ],
        [ [ "steel_chunk", 15 ] ],
        [ [ "mil_plate", 2 ] ],
        [ [ "robot_controls", 1 ] ]
    ]
},{
    "type" : "recipe",
    "result": "broken_droidnaught",
    "id_suffix": "uncraft",
    "category": "CC_NONCRAFT",
    "subcategory": "CSC_NONCRAFT",
    "skill_used": "electronics",
    "skills_required": ["mechanics",  3],
    "difficulty": 8,
    "time": 120000,
    "reversible": true,
    "autolearn": false,
    "qualities" : [
        {"id":"SCREW","level":1,"amount":1},
        {"id":"WRENCH","level":1,"amount":1},
        {"id":"SAW_M","level":1,"amount":1}
    ], "tools": [
        [ [ "oxy_torch", 20 ], [ "welder", 100 ], [ "toolset", 150 ], [ "welder_crude", 150 ] ]
    ], "components": [
        [ [ "broken_tankbot", 1 ] ],
        [ [ "elec_jackhammer", 1 ] ],
    [
        [ "hard_plate", 1 ],
        [ "steel_plate", 3 ]
    ],
        [ [ "power_supply", 5 ] ],
        [ [ "plut_cell", 4 ] ],
        [ [ "e_scrap", 4 ] ],
        [ [ "steel_chunk", 5 ] ]
    ]
},{
    "type" : "recipe",
    "result": "broken_hazmatbot",
    "id_suffix": "uncraft",
    "category": "CC_NONCRAFT",
    "subcategory": "CSC_NONCRAFT",
    "skill_used": "electronics",
    "difficulty": 6,
    "time": 60000,
    "reversible": true,
    "autolearn": false,
    "qualities" : [
        {"id":"SCREW","level":1,"amount":1},
        {"id":"WRENCH","level":1,"amount":1},
        {"id":"SAW_M","level":1,"amount":1}
    ], "tools": [
        [ [ "soldering_iron", 20 ], [ "toolset", 20 ] ],
        [ [ "oxy_torch", 10 ], [ "welder", 50 ], [ "toolset", 75 ], [ "welder_crude", 75 ] ]
    ], "components": [
        [ [ "geiger_off", 1 ] ],
        [ [ "metal_tank", 3 ] ],
        [ [ "hose", 3 ] ],
        [ [ "plut_cell", 2 ] ],
        [ [ "power_supply", 5 ] ],
        [ [ "e_scrap", 10 ] ],
        [ [ "scrap", 10 ] ]
    ]
},{
    "type" : "recipe",
    "result": "broken_cleaner_bot",
    "id_suffix": "uncraft",
    "category": "CC_NONCRAFT",
    "subcategory": "CSC_NONCRAFT",
    "skill_used": "electronics",
    "difficulty": 6,
    "time": 60000,
    "reversible": true,
    "autolearn": false,
    "qualities" : [
        {"id":"SCREW","level":1,"amount":1},
        {"id":"WRENCH","level":1,"amount":1},
        {"id":"SAW_M","level":1,"amount":1}
    ], "tools": [
        [ [ "soldering_iron", 20 ], [ "toolset", 20 ] ],
        [ [ "oxy_torch", 10 ], [ "welder", 50 ], [ "toolset", 75 ], [ "welder_crude", 75 ] ]
    ], "components": [
        [ [ "broken_hazmatbot", 1 ] ],
        [ [ "still", 1 ] ],
        [ [ "plut_cell", 2 ] ],
        [ [ "element", 10 ] ],
        [ [ "e_scrap", 1 ] ],
        [ [ "scrap", 2 ] ]
    ]
	}
]