[
{
    "type" : "MONSTER",
    "id" : "mon_distractron",
    "name": "干扰者无人机",
    "species":"ROBOT",
    "default_faction":"rigged_bot",
    "symbol":"e",
    "color":"yellow",
    "size":"TINY",
    "material":"steel",
    "diff":1,
    "aggression":100,
    "morale":100,
    "speed":190,
    "melee_skill":6,
    "melee_dice":1,
    "melee_dice_sides":1,
    "melee_cut":0,
    "dodge":6,
    "armor_bash":1,
    "armor_cut":3,
    "vision_day":50,
    "revert_to_itype": "bot_manhack",
    "death_drops": {
        "groups": [
            [ "robots", 4 ]
        ]
    },
    "luminance":10,
    "hp":10,
    "death_function":"BROKEN",
    "special_attacks":[["PARROT", 2]],
    "description":"一名黑客匆忙地重新安装上了一个用来吸引注意力的装置。它的主切割叶片被移除，使它变得无害，但也更难以击中。储存着大灾变前的民间音乐的Mp3被加入作为进一步的干扰装置.",
    "flags":["SEES", "FLIES", "NOHEAD", "ELECTRONIC", "HIT_AND_RUN", "NO_BREATHE"]
},{
    "type" : "MONSTER",
    "id" : "mon_venomhack",
    "name": "毒刺无人机",
    "species":"ROBOT",
    "default_faction":"rigged_bot",
    "symbol":"e",
    "color":"brown",
    "size":"TINY",
    "material":"steel",
    "diff":1,
    "aggression":100,
    "morale":100,
    "speed":190,
    "melee_skill":6,
    "melee_dice":1,
    "melee_dice_sides":4,
    "melee_cut":8,
    "dodge":6,
    "armor_bash":0,
    "armor_cut":6,
    "vision_day":50,
    "revert_to_itype": "bot_venomhack",
    "death_drops": {
        "groups": [
            [ "robots", 4 ]
        ]
    },
    "luminance":3,
    "hp":10,
    "death_function":"BROKEN",
    "description":"一个黑客将锯鸟无人机改装成了一架有毒的毒刺无人机。巨型昆虫的刺取代了切割叶片.",
    "flags":["SEES", "FLIES", "NOHEAD", "ELECTRONIC", "HIT_AND_RUN", "NO_BREATHE","VENOM"]
},{
    "type" : "MONSTER",
    "id" : "mon_smokehack",
    "name": "造烟者无人机",
    "species":"ROBOT",
    "default_faction":"rigged_bot",
    "symbol":"e",
    "color":"ltgray",
    "size":"TINY",
    "material":"steel",
    "diff":1,
    "aggression":100,
    "morale":100,
    "speed":190,
    "melee_skill":6,
    "melee_dice":1,
    "melee_dice_sides":3,
    "melee_cut":2,
    "dodge":6,
    "armor_bash":0,
    "armor_cut":6,
    "vision_day":50,
    "revert_to_itype": "bot_smokehack",
    "hp":10,
    "death_function":"SMOKEBURST",
    "special_attacks":{"SMOKECLOUD":3},
    "description":"一个黑客用锯鸟改装成的会飞的烟雾发生器。它是一种效率较低的武器，但提供了良好的烟幕。.",
    "flags":["SEES", "GOODHEARING", "FLIES", "NOHEAD", "ELECTRONIC", "HIT_AND_RUN", "NO_BREATHE"]
},{
    "type" : "MONSTER",
    "id" : "mon_orb_bot",
    "name": "恒星无人机",
    "species":"ROBOT",
    "default_faction":"rigged_bot",
    "symbol":"o",
    "color":"yellow",
    "size":"SMALL",
    "material":"steel",
    "diff":2,
    "aggression":0,
    "morale":0,
    "speed":120,
    "melee_skill":0,
    "melee_dice":0,
    "melee_dice_sides":0,
    "melee_cut":0,
    "dodge":3,
    "armor_bash":8,
    "armor_cut":8,
    "revert_to_itype": "bot_orb_bot",
    "death_drops": {
        "groups": [
            [ "robots", 4 ]
        ]
    },
    "luminance":200,
    "hp":18,
    "death_function":"BROKEN",
    "description":"这是一个回收并改装过的眼球机器人，用劣质的电子设备和强大的泛光灯进行修补。它在空中摇摆不定地飞行.",
    "flags":["SEES", "FLIES", "ELECTRONIC", "NO_BREATHE", "NOHEAD"],
    "fear_triggers":["HURT", "FRIEND_ATTACKED", "PLAYER_CLOSE"]
},{
    "type" : "MONSTER",
    "id" : "mon_skaterbot",
    "name": "滚轮掠行机器人",
    "species":"ROBOT",
    "default_faction":"rigged_bot",
    "symbol":"a",
    "color":"ltblue",
    "size":"SMALL",
    "material":"steel",
    "diff":12,
    "aggression":100,
    "morale":100,
    "speed":130,
    "melee_skill":0,
    "melee_dice":0,
    "melee_dice_sides":0,
    "melee_cut":0,
    "dodge":3,
    "armor_bash":10,
    "armor_cut":10,
    "vision_day":20,
    "death_drops": {
        "groups": [
            [ "robots", 4 ]
        ]
    },
    "hp":30,
    "death_function":"BROKEN",
    "revert_to_itype": "bot_skaterbot",
    "special_attacks":{"TAZER":40},
	"special_when_hit":["ZAPBACK", 100],
    "description":"一个被回收并改装过的带着轮子的小型昆虫机器人。当它在地面上移动时，会产生危险的火花，同时也会散发出一股淡淡的臭氧味.",
    "flags":["SEES", "HEARS", "GOODHEARING", "ATTACKMON", "ELECTRONIC", "NO_BREATHE","HIT_AND_RUN"]
},{
    "type" : "MONSTER",
    "id" : "mon_shockbot",
    "name": "放电机器人",
    "species":"ROBOT",
    "default_faction":"rigged_bot",
    "symbol":"R",
    "color":"ltblue",
    "size":"MEDIUM",
    "material":"steel",
    "diff":12,
    "aggression":100,
    "morale":100,
    "speed":100,
    "melee_skill":0,
    "melee_dice":0,
    "melee_dice_sides":0,
    "melee_cut":0,
    "dodge":1,
    "armor_bash":12,
    "armor_cut":12,
    "vision_day":20,
    "death_drops": {
        "groups": [
            [ "robots", 4 ]
        ]
    },
    "hp":80,
    "death_function":"BROKEN",
    "revert_to_itype": "bot_shockbot",
    "special_attacks":{"SHOCKSTORM":50},
	"special_when_hit":["ZAPBACK", 10],
    "description":"一个用旧电路板和汽车电池修复的废弃安防机器人。它被电气化的铁丝网覆盖着，并配备了一支临时的电击枪。安全协议被抹去后，它将不再尊重警方权威，也不再关心盟友的安全.",
    "flags":["SEES", "HEARS", "BASHES", "ELECTRONIC", "NO_BREATHE"]
},{
    "type" : "MONSTER",
    "id" : "mon_solar_bot",
    "name": "太阳能激光机器人",
    "species":"ROBOT",
    "default_faction":"rigged_bot",
    "symbol":"R",
    "color":"yellow",
    "size":"MEDIUM",
    "material":"steel",
    "diff":20,
    "aggression":100,
    "morale":100,
    "speed":100,
    "melee_skill":0,
    "melee_dice":0,
    "melee_dice_sides":0,
    "melee_cut":0,
    "dodge":1,
    "armor_bash":14,
    "armor_cut":14,
    "luminance":300,
    "vision_day":20,
    "death_drops": {
        "groups": [
            [ "robots", 4 ]
        ]
    },
    "hp":80,
    "death_function":"BROKEN",
    "revert_to_itype": "bot_solar_bot",
    "special_attacks":{"LASER":1},
    "description":"一个被回收和改装过的防暴机器人笨拙地与一个激光炮塔焊接在一起。机体上覆盖着一层太阳能电池和闪烁的LED灯.",
    "flags":["SEES", "HEARS", "GOODHEARING", "ELECTRONIC", "NO_BREATHE"]
},{
    "type" : "MONSTER",
    "id" : "mon_killbot",
    "name": "链锯杀手机器人",
    "species":"ROBOT",
    "default_faction":"rigged_bot",
    "symbol":"R",
    "color":"red",
    "size":"MEDIUM",
    "material":"steel",
    "diff":25,
    "aggression":100,
    "morale":100,
    "speed":70,
    "melee_skill":4,
    "melee_dice":3,
    "melee_dice_sides":6,
    "melee_cut":8,
    "dodge":0,
    "armor_bash":15,
    "armor_cut":15,
    "vision_day":20,
    "death_drops": {
        "groups": [
            [ "robots", 4 ]
        ]
    },
    "hp":100,
    "death_function":"BROKEN",
    "revert_to_itype": "bot_killbot",
    "special_attacks":{"SMG":4},
    "starting_ammo" : {"9mm":100},
    "description": "一个废弃的安防机器人被改造成了一个配备笨重的破坏引擎。额外的几层不匹配的装甲板和被焊接到底盘上的一对链锯.",
    "flags":["SEES", "HEARS", "BASHES", "ATTACKMON", "ELECTRONIC", "NO_BREATHE", "STUMBLES"]
  },{
    "type" : "MONSTER",
    "id" : "mon_murder_bot",
    "name": "恐怖双足机器人",
    "species":"ROBOT",
    "default_faction":"rigged_bot",
    "symbol":"M",
    "color":"red",
    "size":"LARGE",
    "material":"steel",
    "diff":32,
    "aggression":100,
    "morale":100,
    "speed":100,
    "melee_skill":3,
    "melee_dice":3,
    "melee_dice_sides":3,
    "melee_cut":0,
    "dodge":0,
    "armor_bash":10,
    "armor_cut":10,
    "vision_day":20,
    "death_drops": {
        "groups": [
            [ "robots", 4 ]
        ]
    },
    "hp":90,
    "death_function":"BROKEN",
    "revert_to_itype": "bot_murder_bot",
    "special_attacks":{"RIFLE_TUR":5, "SMOKECLOUD":4, "SHRIEK":20},
    "starting_ammo" : {"556":2000},
    "description":"一个回收的双足机器人，拼凑成一个蹒跚的战斗机器人，它的可怕程度远远超过了它的效率。火焰喷射器已被转换成烟雾发生器，并拆除了榴弹发射器，以腾出空间额外带5.56弹药。为了恐吓，生锈的尖刺和恐怖的垃圾装饰着杀人机器的外壳，而扬声器则播放震耳欲聋的尖叫声.",
    "flags":["SEES", "HEARS", "GOODHEARING", "BASHES", "NO_BREATHE", "ELECTRONIC"]
},{
    "type" : "MONSTER",
    "id" : "mon_droidnaught",
    "name": "气锤坦克无人机",
    "species":"ROBOT",
    "default_faction":"rigged_bot",
    "symbol":"R",
    "color":"dkgray",
    "size":"HUGE",
    "material":"steel",
    "diff":30,
    "aggression":100,
    "morale":100,
    "speed":75,
    "melee_skill":5,
    "melee_dice":3,
    "melee_dice_sides":10,
    "melee_cut":0,
    "dodge":0,
    "armor_bash":21,
    "armor_cut":21,
    "vision_day":10,
    "death_drops": {
        "groups": [
            [ "robots", 4 ]
        ]
    },
    "hp":240,
    "death_function":"BROKEN",
    "revert_to_itype": "bot_droidnaught",
    "special_attacks":{"SMASH":8},
    "description": "一个被掏空又重新组装的坦克机器人，用汽车零件和一些看起来有问题的电线翻新过。上面的大口径加农炮已被一种速射气锤所取代.",
    "flags":["SEES", "HEARS", "GOODHEARING", "NOHEAD", "BASHES", "DESTROYS", "NO_BREATHE", "ELECTRONIC"]
},{
    "type" : "MONSTER",
    "id" : "mon_cleaner_bot",
    "name": "喷酸清洁机器人",
    "species":"ROBOT",
    "default_faction":"rigged_bot",
    "symbol":"R",
    "color":"ltgreen",
    "size":"MEDIUM",
    "material":"steel",
    "diff":10,
    "aggression":100,
    "morale":100,
    "speed":70,
    "melee_skill":0,
    "melee_dice":0,
    "melee_dice_sides":0,
    "melee_cut":0,
    "dodge":0,
    "armor_bash":10,
    "armor_cut":10,
    "vision_day":10,
    "hp":100,
    "special_attacks":{"ACID_BARF":22},
    "special_when_hit":["ACIDSPLASH", 100],
    "death_function":["BROKEN"],
    "revert_to_itype": "bot_cleaner_bot",
    "description":"一个回收的危险物操作机器人，用二手电路和管道设备改装而成。它通过从内部锅炉喷射腐蚀性液体来清洗。虽然不是用于战斗，但是它可以有效地清除敌人.",
    "flags":["SEES", "HEARS", "BASHES", "ELECTRONIC", "NO_BREATHE", "ACIDPROOF", "ACIDTRAIL"]
}
]