 [
    {
        "type" : "vehicle",
        "id" : "robotic_taxi",
        "name" : "Clever Cab",
        "blueprint" : [
            ["o--o"],
            ["'&'#"],
            ["'#'#"],
            ["o+-o"]
        ],
        "parts" : [
            {"x": 0, "y": 0, "part": "frame_vertical_2"},
            {"x": 0, "y": 0, "part": "robot_controls"},
            {"x": 0, "y": 0, "part": "omnicam"},
            {"x": 0, "y": 0, "part": "tracker"},
            {"x": 0, "y": 0, "part": "vehicle_clock"},
            {"x": 0, "y": 0, "part": "horn_car"},
            {"x": 0, "y": 0, "part": "roof"},
            {"x": 0, "y": 1, "part": "frame_vertical_2"},
            {"x": 0, "y": 1, "part": "seat"},
            {"x": 0, "y": 1, "part": "seatbelt"},
            {"x": 0, "y": 1, "part": "roof"},
            {"x": 0, "y": -1, "part": "frame_vertical"},
            {"x": 0, "y": -1, "part": "windshield"},
            {"x": 0, "y": 2, "part": "frame_vertical"},
            {"x": 0, "y": 2, "part": "door"},
            {"x": 1, "y": 0, "part": "frame_horizontal"},
            {"x": 1, "y": 0, "part": "windshield"},
            {"x": 1, "y": 1, "part": "frame_horizontal"},
            {"x": 1, "y": 1, "part": "windshield"},
            {"x": 1, "y": -1, "part": "frame_vertical"},
            {"x": 1, "y": -1, "part": "windshield"},
            {"x": 1, "y": 2, "part": "frame_vertical"},
            {"x": 1, "y": 2, "part": "windshield"},
            {"x": 2, "y": 0, "part": "frame_horizontal"},
            {"x": 2, "y": 0, "part": "halfboard_horizontal"},
            {"x": 2, "y": 0, "part": "engine_electric"},
            {"x": 2, "y": 0, "part": "storage_battery_mount"},
            {"x": 2, "y": 0, "part": "storage_battery_removable"},
            {"x": 2, "y": 0, "part": "solar_panel"},
            {"x": 2, "y": 1, "part": "frame_horizontal"},
            {"x": 2, "y": 1, "part": "halfboard_horizontal"},
            {"x": 2, "y": 1, "part": "storage_battery_mount"},
            {"x": 2, "y": 1, "part": "storage_battery_removable"},
            {"x": 2, "y": 1, "part": "solar_panel"},
            {"x": 2, "y": -1, "part": "frame_nw"},
            {"x": 2, "y": -1, "part": "halfboard_nw"},
            {"x": 2, "y": -1, "part": "wheel"},
            {"x": 2, "y": -1, "part": "headlight"},
            {"x": 2, "y": 2, "part": "frame_ne"},
            {"x": 2, "y": 2, "part": "halfboard_ne"},
            {"x": 2, "y": 2, "part": "wheel"},
            {"x": 2, "y": 2, "part": "headlight"},
            {"x": -1, "y": -1, "part": "frame_horizontal"},
            {"x": -1, "y": -1, "part": "halfboard_sw"},
            {"x": -1, "y": -1, "part": "wheel"},
            {"x": -1, "y": 0, "part": "frame_horizontal"},
            {"x": -1, "y": 0, "part": "windshield"},
            {"x": -1, "y": 0, "part": "muffler"},
            {"x": -1, "y": 1, "part": "frame_horizontal"},
            {"x": -1, "y": 1, "part": "windshield"},
            {"x": -1, "y": 2, "part": "frame_horizontal"},
            {"x": -1, "y": 2, "part": "halfboard_se"},
            {"x": -1, "y": 2, "part": "wheel"}
        ]
    },
	{
        "type" : "vehicle",
        "id" : "robotic_bus",
        "name" : "Bionic Bus",
        "blueprint" : [
            ["''O''''oO"],
            ["'#####'#H"],
            ["o.....'&>"],
            ["'###.#'#H"],
            ["''O'+''oO"]
        ],
        "parts" : [
            {"x": 0, "y": 1, "part": "frame_vertical_2"},
            {"x": 0, "y": 1, "part": "windshield"},
            {"x": 0, "y": 1, "part": "roof"},
            {"x": 0, "y": 2, "part": "frame_vertical_2"},
            {"x": 0, "y": 2, "part": "windshield"},
            {"x": 0, "y": 2, "part": "roof"},
            {"x": 0, "y": 3, "part": "frame_vertical"},
            {"x": 0, "y": 3, "part": "windshield"},
            {"x": 0, "y": 0, "part": "frame_vertical_2"},
            {"x": 0, "y": 0, "part": "roof"},
            {"x": 0, "y": 0, "part": "windshield"},
            {"x": 0, "y": -1, "part": "frame_vertical"},
            {"x": 0, "y": -1, "part": "windshield"},
            {"x": 1, "y": -1, "part": "frame_horizontal"},
            {"x": 1, "y": -1, "part": "halfboard_vertical"},
            {"x": 1, "y": -1, "part": "omnicam"},
            {"x": 1, "y": -1, "part": "storage_battery_mount"},
            {"x": 1, "y": -1, "part": "storage_battery_removable"},
            {"x": 1, "y": 0, "part": "frame_horizontal"},
            {"x": 1, "y": 0, "part": "engine_electric_large"},
            {"x": 1, "y": 0, "part": "solar_panel"},
            {"x": 1, "y": 0, "part": "halfboard_horizontal_2"},
            {"x": 1, "y": 1, "part": "frame_horizontal"},
            {"x": 1, "y": 1, "part": "robot_controls"},
            {"x": 1, "y": 1, "part": "horn_car"},
            {"x": 1, "y": 2, "part": "frame_horizontal"},
            {"x": 1, "y": 2, "part": "solar_panel"},
            {"x": 1, "y": 2, "part": "halfboard_horizontal_2"},
            {"x": 1, "y": 3, "part": "frame_horizontal"},
            {"x": 1, "y": 3, "part": "halfboard_vertical"},
            {"x": 1, "y": 3, "part": "omnicam"},
            {"x": 1, "y": 3, "part": "storage_battery_mount"},
            {"x": 1, "y": 3, "part": "storage_battery_removable"},
            {"x": 2, "y": -1, "part": "frame_nw"},
            {"x": 2, "y": -1, "part": "halfboard_nw"},
            {"x": 2, "y": -1, "part": "wheel_wide"},
            {"x": 2, "y": 0, "part": "frame_horizontal_2"},
            {"x": 2, "y": 0, "part": "halfboard_horizontal_2"},
            {"x": 2, "y": 0, "part": "headlight"},
            {"x": 2, "y": 1, "part": "frame_cover"},
            {"x": 2, "y": 1, "part": "halfboard_cover"},
            {"x": 2, "y": 2, "part": "frame_horizontal_2"},
            {"x": 2, "y": 2, "part": "halfboard_horizontal_2"},
            {"x": 2, "y": 2, "part": "headlight"},
            {"x": 2, "y": 3, "part": "frame_ne"},
            {"x": 2, "y": 3, "part": "halfboard_ne"},
            {"x": 2, "y": 3, "part": "wheel_wide"},
            {"x": -1, "y": -1, "part": "frame_vertical"},
            {"x": -1, "y": -1, "part": "windshield"},
            {"x": -1, "y": 0, "part": "frame_horizontal_2"},
            {"x": -1, "y": 0, "part": "seat"},
            {"x": -1, "y": 0, "part": "solar_panel"},
            {"x": -1, "y": 0, "part": "roof"},
            {"x": -1, "y": 1, "part": "frame_vertical_2"},
            {"x": -1, "y": 1, "part": "aisle_vertical"},
            {"x": -1, "y": 1, "part": "roof"},
            {"x": -1, "y": 2, "part": "frame_horizontal_2"},
            {"x": -1, "y": 2, "part": "seat"},
            {"x": -1, "y": 2, "part": "solar_panel"},
            {"x": -1, "y": 2, "part": "roof"},
            {"x": -1, "y": 3, "part": "frame_vertical"},
            {"x": -1, "y": 3, "part": "windshield"},
            {"x": -2, "y": -1, "part": "frame_vertical"},
            {"x": -2, "y": -1, "part": "windshield"},
            {"x": -2, "y": 0, "part": "frame_horizontal_2"},
            {"x": -2, "y": 0, "part": "seat"},
            {"x": -2, "y": 0, "part": "solar_panel"},
            {"x": -2, "y": 0, "part": "roof"},
            {"x": -2, "y": 1, "part": "frame_vertical_2"},
            {"x": -2, "y": 1, "part": "aisle_vertical"},
            {"x": -2, "y": 1, "part": "roof"},
            {"x": -2, "y": 2, "part": "frame_horizontal_2"},
            {"x": -2, "y": 2, "part": "aisle_vertical"},
            {"x": -2, "y": 2, "part": "roof"},
            {"x": -2, "y": 2, "part": "solar_panel"},
            {"x": -2, "y": 3, "part": "frame_vertical"},
            {"x": -2, "y": 3, "part": "door"},
            {"x": -3, "y": -1, "part": "frame_vertical"},
            {"x": -3, "y": -1, "part": "windshield"},
            {"x": -3, "y": 0, "part": "frame_horizontal_2"},
            {"x": -3, "y": 0, "part": "seat"},
            {"x": -3, "y": 0, "part": "solar_panel"},
            {"x": -3, "y": 0, "part": "roof"},
            {"x": -3, "y": 1, "part": "frame_vertical_2"},
            {"x": -3, "y": 1, "part": "trunk_floor"},
            {"x": -3, "y": 1, "part": "roof"},
            {"x": -3, "y": 2, "part": "frame_horizontal_2"},
            {"x": -3, "y": 2, "part": "seat"},
            {"x": -3, "y": 2, "part": "solar_panel"},
            {"x": -3, "y": 2, "part": "roof"},
            {"x": -3, "y": 3, "part": "frame_vertical"},
            {"x": -3, "y": 3, "part": "windshield"},
            {"x": -4, "y": -1, "part": "frame_horizontal"},
            {"x": -4, "y": -1, "part": "wheel_wide"},
            {"x": -4, "y": -1, "part": "windshield"},
            {"x": -4, "y": 0, "part": "frame_horizontal_2"},
            {"x": -4, "y": 0, "part": "seat"},
            {"x": -4, "y": 0, "part": "solar_panel"},
            {"x": -4, "y": 0, "part": "roof"},
            {"x": -4, "y": 1, "part": "frame_vertical_2"},
            {"x": -4, "y": 1, "part": "aisle_vertical"},
            {"x": -4, "y": 1, "part": "roof"},
            {"x": -4, "y": 2, "part": "frame_horizontal_2"},
            {"x": -4, "y": 2, "part": "seat"},
            {"x": -4, "y": 2, "part": "solar_panel"},
            {"x": -4, "y": 2, "part": "roof"},
            {"x": -4, "y": 3, "part": "frame_horizontal"},
            {"x": -4, "y": 3, "part": "wheel_wide"},
            {"x": -4, "y": 3, "part": "windshield"},
            {"x": -5, "y": -1, "part": "frame_vertical"},
            {"x": -5, "y": -1, "part": "windshield"},
            {"x": -5, "y": 0, "part": "frame_horizontal_2"},
            {"x": -5, "y": 0, "part": "seat"},
            {"x": -5, "y": 0, "part": "solar_panel"},
            {"x": -5, "y": 0, "part": "roof"},
            {"x": -5, "y": 1, "part": "frame_vertical_2"},
            {"x": -5, "y": 1, "part": "aisle_vertical"},
            {"x": -5, "y": 1, "part": "roof"},
            {"x": -5, "y": 2, "part": "frame_horizontal_2"},
            {"x": -5, "y": 2, "part": "seat"},
            {"x": -5, "y": 2, "part": "solar_panel"},
            {"x": -5, "y": 2, "part": "roof"},
            {"x": -5, "y": 3, "part": "frame_vertical"},
            {"x": -5, "y": 3, "part": "windshield"},
            {"x": -6, "y": -1, "part": "frame_horizontal"},
            {"x": -6, "y": -1, "part": "windshield"},
            {"x": -6, "y": 0, "part": "frame_horizontal"},
            {"x": -6, "y": 0, "part": "windshield"},
            {"x": -6, "y": 1, "part": "frame_vertical"},
            {"x": -6, "y": 1, "part": "halfboard_horizontal"},
            {"x": -6, "y": 1, "part": "omnicam"},
            {"x": -6, "y": 2, "part": "frame_horizontal"},
            {"x": -6, "y": 2, "part": "windshield"},
            {"x": -6, "y": 3, "part": "frame_horizontal"},
            {"x": -6, "y": 3, "part": "windshield"}
        ]
    },
	{
        "type" : "vehicle",
        "id" : "robotic_riot_control",
        "name" : "SWAT Pacifier",
        "blueprint" : [
            ["OtO"],
            [">&>"],
            ["OtO"]
        ],
        "parts" : [
            {"x": 0, "y": -1, "part": "frame_cover"},
            {"x": 0, "y": -1, "part": "tank"},
            {"x": 0, "y": -1, "part": "plating_steel"},
            {"x": 0, "y": 0, "part": "frame_vertical_2"},
            {"x": 0, "y": 0, "part": "robot_controls"},
            {"x": 0, "y": 1, "part": "frame_cover"},
            {"x": 0, "y": 1, "part": "tank"},
            {"x": 0, "y": 1, "part": "plating_steel"},
            {"x": 1, "y": 0, "part": "frame_cover"},
            {"x": 1, "y": 0, "part": "engine_electric"},
            {"x": 1, "y": 0, "part": "storage_battery_mount"},
            {"x": 1, "y": 0, "part": "storage_battery_removable"},
            {"x": 1, "y": 0, "part": "light_red"},
            {"x": 1, "y": -1, "part": "frame_horizontal"},
            {"x": 1, "y": -1, "part": "wheel_motorbike"},
            {"x": 1, "y": 1, "part": "frame_horizontal"},
            {"x": 1, "y": 1, "part": "wheel_motorbike"},
            {"x": -1, "y": 0, "part": "frame_cover"},
            {"x": -1, "y": 0, "part": "light_blue"},
            {"x": -1, "y": -1, "part": "frame_horizontal"},
            {"x": -1, "y": -1, "part": "wheel_motorbike"},
            {"x": -1, "y": 1, "part": "frame_horizontal"},
            {"x": -1, "y": 1, "part": "wheel_motorbike"}
		]
    }
]