[
  {
   "//": "在建造菜单中种植",
    "type": "construction",
    "description": "建造聚灵阵",
    "category": "FARM_WOOD",
    "required_skills" : [ [ "WX_SKILL-LQ", 2 ],["WX_SKILL-FZJT",1] ],
    "time": 30,
    "qualities": [ [ { "id": "DIG", "level": 1 } ] ],
   "components": [
    [ [ "wx_lz_1", 2 ] ],
    [[ "wxkj_jlz_lq", 1 ],["Spell_gather_lq",6] ]
      ],
    "pre_flags": "DIGGABLE",
    "//": "per为需要在土堆上才能种植",
    "pre_terrain": "t_dirt",
    "post_terrain": "t_immortal_mixture_g"
  },
 {
        "type" : "terrain",
        "id" : "t_immortal_gather_lq_full",
        "name": "聚灵阵(充盈)",
        "description": "一座聚灵阵法，上面充满着浓郁的灵气",
        "symbol": "O",
        "color": "light_green",
        "move_cost": 8,
        "flags": ["TRANSPARENT", "CONTAINER", "FLAMMABLE_ASH", "THIN_OBSTACLE", "SHRUB", "SHORT"],
        "//": "下面的t_dirtmound为收获后变为土堆地形",
        "transforms_into": "t_immortal_gather_lq",
 "//":"plant为成熟期之后且不会再变而ter_necter为成长期",
        "examine_action": "harvest_ter_nectar",
        "harvest_by_season" : [
            { "seasons": [ "winter","spring", "summer", "autumn"  ], "entries": [ { "drop": "wx_lz_1", "base_num": [ 1, 1 ], "scaled_num": [ 0, 1 ] }
            ] }
        ],
        "bash": {
            "str_min": 0, "str_max": 1,
            "sound": "crunch.",
            "sound_fail": "brush.",
            "ter_set": "t_dirt",
            "items": [
                { "item": "withered", "prob": 100, "count": [1, 2] }
            ]
        }
    },{
        "type" : "terrain",
        "id" : "t_immortal_gather_lq",
        "name": "聚灵阵(凝聚状态)",
        "description": "一座聚灵阵法，上面飘散着一些白雾.",
        "symbol": "O",
        "color": "red_green",
        "move_cost": 8,
        "flags": ["TRANSPARENT", "CONTAINER", "FLAMMABLE_ASH", "THIN_OBSTACLE", "SHRUB", "SHORT", "HARVESTED"],
    "transforms_into":"t_immortal_gather_lq_full",
        "examine_action": "harvest_ter_nectar",
        "bash": {
            "str_min": 0, "str_max": 1,
            "sound": "crunch.",
            "sound_fail": "brush.",
            "ter_set": "t_dirt",
            "items": [
                { "item": "withered", "prob": 100, "count": [1, 2] }
            ]
        }
    }
    
    ]