[
  {
    "type":"WHEEL",
    "id": "cxf_zz",
    "symbol": "o",
    "color": "brown",
    "name": "磁悬浮装置",
    "name_plural": "磁悬浮装置",
    "description": "利用“同性相斥，异性相吸”的原理，使载具具有抗拒地心引力的能力，使载具完全脱离地面，悬浮在距离地面约1m处，腾空行驶.",
    "price": 8000,
    "material": ["wxkj_ts"],
    "weight": 20000,
    "volume": 50,
    "diameter": 5,
    "width": 5,
    "category": "veh_parts"
  }
]
