[
  {
    "id": "zjxfqzzz_part",
    "type": "vehicle_part",
    "name": "载具悬浮起重装置",
    "item": "wxkj_zjxfqzzz",
    "location": "center",
    "symbol": "=",
    "broken_symbol": "*",
    "color": "light_gray",
    "broken_color": "light_blue",
    "difficulty": 5,
    "durability": 500,
    "folded_volume": 20,
    "breaks_into": [
      { "item": "pipe", "count": [ 8, 32 ] },
      { "item": "scrap", "count": [ 8, 24 ] }
    ],
    "qualities": [ [ "LIFT", 20 ], [ "JACK", 200 ] ],
    "flags": [ "TOOL_WRENCH", "PROTRUSION", "OBSTACLE", "UNMOUNT_ON_DAMAGE" ]


  }
  ]