
[
  {
    "type":"WHEEL",
    "id": "zj_under_Adamantium01",
    "symbol": "|",
    "color": "brown",
    "name": "装甲履带(Adm·s)",
    "name_plural": "装甲履带(Adm·s)",
    "description": "使用Adamantium·sub制作的装甲履带，极难被破坏。",
    "price": 800000,
    "material": ["wxkj_Adamantium"],
    "weight": 50000,
    "volume": 100,
    "diameter": 50,
    "width": 20,
    "category": "veh_parts"
  },

  {
    "type" : "vehicle_part",
    "id" : "zj_under_Adamantium01_part",
    "name" : "装甲履带(Adm·s)",
    "description": "使用Adamantium·sub制作的装甲履带，极难被破坏。",
    "symbol" : "|",
    "color" : "brown",
    "broken_symbol" : "x",
    "broken_color" : "light_gray",
    "damage_modifier" : 200,
    "durability" : 15000,
    "item" : "zj_under_Adamantium01",
    "difficulty" : 9,
    "location" : "under",
    "flags" : ["WHEEL","STABLE",  "STEERABLE","FLIES"],
 
    "breaks_into" : [ {"item": "splinter", "count": [10, 20]} ]
  }
]
