[
    {
        "type":"GENERIC",
        "id" : "cj_adm_cj",
        "name" : "次级艾德曼金属车架",
        "description" : "使用次级艾德曼金属制作的底盘车架，其硬度比一般金属甚至钛合金都坚硬很多，但可以被强力破坏.",
        "weight" : 15000,
        "to_hit" : 1,
        "color" : "light_gray",
        "symbol" : "]",
        "material" : ["wxkj_Adamantium"],
        "techniques" : ["DEF_DISARM"],
        "volume" : 8,
        "bashing" : 15,
        "category" : "veh_parts",
        "price" : 4000000

    },
    {
    
    "abstract": "cj_adm_cj",
    "id": "adm_part01",
    "type": "vehicle_part",
    "name": "次级艾德曼金属车架",
    "item": "cj_adm_cj",
    "location": "structure",
    "symbol": "H",
    "difficulty": 8,
    "durability": 10000,
    
    
    "flags": [ "INITIAL_PART", "MOUNTABLE" ]
  },
  {
    "id": "adm_+",
    "copy-from": "cj_adm_cj",
    "type": "vehicle_part",
    "symbol": "+"
  },
   {
    "id": "adm_1",
    "copy-from": "cj_adm_cj",
    "type": "vehicle_part",
    "symbol": "|"
  }
  
  
  
  
    
      ]