[
	{
		"type" : "overmap_special",
		"id" : "Corrupted_school",
		"overmaps" : [
			{ "point":[0,-1,0], "overmap": "road_end_north"},
			{ "point":[0,0,0], "overmap": "corrupted_school_nw_north"},
			{ "point":[1,0,0], "overmap": "corrupted_school_n_north"},
			{ "point":[2,0,0], "overmap": "corrupted_school_ne_north"},
			{ "point":[0,1,0], "overmap": "corrupted_school_w_north"},
			{ "point":[1,1,0], "overmap": "corrupted_school_ce_north"},
			{ "point":[2,1,0], "overmap": "corrupted_school_e_north"},
			{ "point":[0,2,0], "overmap": "corrupted_school_sw_north"},
			{ "point":[1,2,0], "overmap": "corrupted_school_s_north"},
			{ "point":[2,2,0], "overmap": "corrupted_school_se_north"},
			{ "point":[1,3,0], "overmap": "road_isolated"}
		],
		"connections" : [
			{ "point" : [0,-1,0] },
			{ "point" : [1,3,0] }
		],
		"locations" : [ "wilderness" ],
		"city_distance" : [1, 5],
		"city_sizes" : [4, 12],
		"occurrences" : [0, 2]
	}
]
