  [
  {
    "id": "mon_wxkj_mwc1",
    "type": "MONSTER",
    "name": "妙蛙草",
    "description": "它由妙蛙种子进化后，妙蛙草会长出小小的尖牙，明显的内耳和瞳孔。妙蛙草的皮肤相比妙蛙种子更蓝一些。最显要的区别在于妙蛙草的外貌——它的鳞茎变成一朵伴随着延伸叶片的粉色花朵的蓓蕾.",
    "categories": [ "WILDLIFE" ],
    "species": [ "MAMMAL" ],
    "default_faction": "mwh_family",
    "harvest": "mammal_tiny",
    "diff": 5,
    "size": "TINT",
    "volume": "5 ml",
    "weight": 10,
    "hp": 187,
    "speed": 150,
    "material": [ "flesh" ],
    "symbol": "U",
    "color": "light_gray",
    "aggression": 60,
    "morale": 100,
    "melee_skill": 5,
    "melee_dice_sides": 9,
    "melee_dice": 3,
    "melee_cut": 20,
    "melee_bash": 25,
    "dodge": 5,
    "armor_bash": 30,
    "armor_cut": 20, 
    "vision_day": 20,
    "vision_night": 5,
    "path_settings": { "max_dist": 20 },
    "anger_triggers": [ "HURT", "FRIEND_ATTACKED","FRIEND_DIED"],
    "placate_triggers": [ "MEAT" ],
    "upgrades":
     { "age_grow": 60, "into":"mon_wxkj_mwc1" },  
     "special_attacks": 
     [
     { "type": "spell", "spell_id": "wxkj_sqbb_ghzy", "spell_level": 2, "cooldown": 50 },
      [ "wxkj_lash", 5 ],
      [ "wxkj_tbcr", 15 ]        
     ],
   
    "death_function": [ "MELT" ],
    "flags": [ "SEES", "HEARS", "SMELLS", "ANIMAL", "PATH_AVOID_DANGER_2", "WARM", "FUR",  "FAT" ]
  },
    {
    "id": "mon_wxkj_mwc2",
    "type": "MONSTER",
    "name": "妙蛙草",
    "description": "它由妙蛙种子进化后，妙蛙草会长出小小的尖牙，明显的内耳和瞳孔。妙蛙草的皮肤相比妙蛙种子更蓝一些。最显要的区别在于妙蛙草的外貌——它的鳞茎变成一朵伴随着延伸叶片的粉色花朵的蓓蕾.",
    "categories": [ "WILDLIFE" ],
    "species": [ "MAMMAL" ],
    "default_faction": "mwh_family",
    "harvest": "mammal_tiny",
    "diff": 5,
    "size": "TINT",
    "volume": "5 ml",
    "weight": 10,
    "hp": 225,
    "speed": 195,
    "material": [ "flesh" ],
    "symbol": "U",
    "color": "light_gray",
    "aggression": 60,
    "morale": 100,
    "melee_skill": 5,
    "melee_dice_sides": 9,
    "melee_dice": 3,
    "melee_cut": 20,
    "melee_bash": 25,
    "dodge": 7,
    "armor_bash": 25,
    "armor_cut": 20, 
    "vision_day": 20,
    "vision_night": 5,
    "path_settings": { "max_dist": 20 },
    "anger_triggers": [ "HURT", "FRIEND_ATTACKED","FRIEND_DIED"],
    "placate_triggers": [ "MEAT" ],
    "upgrades":
     { "age_grow": 60, "into":"mon_wxkj_mwc2" },  
     "special_attacks": 
     [
     { "type": "spell", "spell_id": "wxkj_sqbb_ghzy", "spell_level": 2, "cooldown": 50 },
      {
        "cooldown":3,
        "type": "gun",
        "gun_type": "wxkj_JN_TB1",
        "fake_skills": [ [ "gun", 10 ], [ "rifle", 9 ] ],
        "range": 15,
        "ranges": [ [ 0, 15, "AUTO" ] ],
        "require_targeting_npc": true,    
        "require_targeting_monster": true,    
        "laser_lock": true,   
        "targeting_cost": 50,     
        "targeting_timeout_extend": -10,
        "targeting_sound": "\"妙蛙～(妙蛙草身上的藤鞭在空中飞舞.)\"",   
        "targeting_volume": 100,    
        "require_sunlight": false
      },
      [ "wxkj_tbcr", 10 ] 
       ],
    "death_function": [ "MELT" ],
    "flags": [ "SEES", "HEARS", "SMELLS", "ANIMAL", "PATH_AVOID_DANGER_2", "WARM", "FUR",  "FAT", 
    "PET_MOUNTABLE",
    "HIT_AND_RUN"]
  },
    {
    "id": "mon_wxkj_mwc3",
    "type": "MONSTER",
    "name": "妙蛙草",
    "description": "它由妙蛙种子进化后，妙蛙草会长出小小的尖牙，明显的内耳和瞳孔。妙蛙草的皮肤相比妙蛙种子更蓝一些。最显要的区别在于妙蛙草的外貌——它的鳞茎变成一朵伴随着延伸叶片的粉色花朵的蓓蕾.",
    "categories": [ "WILDLIFE" ],
    "species": [ "MAMMAL" ],
    "default_faction": "mwh_family",
    "harvest": "mammal_tiny",
    "diff": 5,
    "size": "TINT",
    "volume": "5 ml",
    "weight": 10,
    "hp": 140,
    "speed": 180,
    "material": [ "flesh" ],
    "symbol": "U",
    "color": "light_gray",
    "aggression": 60,
    "morale": 100,
    "melee_skill": 5,
    "melee_dice_sides": 9,
    "melee_dice": 3,
    "melee_cut": 20,
    "melee_bash": 25,
    "dodge": 5,
    "armor_bash": 30,
    "armor_cut": 20, 
    "vision_day": 20,
    "vision_night": 5,
    "path_settings": { "max_dist": 20 },
    "anger_triggers": [ "HURT", "FRIEND_ATTACKED","FRIEND_DIED"],
    "placate_triggers": [ "MEAT" ],
    "upgrades":
     { "age_grow": 60, "into":"mon_wxkj_mwc3" },  
     "special_attacks": 
     [
     { "type": "spell", "spell_id": "wxkj_sqbb_ghzy", "spell_level": 2, "cooldown": 50 },
      [ "wxkj_lash", 5 ],
      [ "wxkj_tbcr", 10 ]        
     ],
    "death_function": [ "MELT" ],
    "flags": [ "SEES", "HEARS", "SMELLS", "ANIMAL", "PATH_AVOID_DANGER_2", "WARM", "FUR",  
    "PET_MOUNTABLE",
    "FAT" ]
  },
      {
    "id": "mon_wxkj_mwc4",
    "type": "MONSTER",
    "name": "妙蛙草",
    "description": "它由妙蛙种子进化后，妙蛙草会长出小小的尖牙，明显的内耳和瞳孔。妙蛙草的皮肤相比妙蛙种子更蓝一些。最显要的区别在于妙蛙草的外貌——它的鳞茎变成一朵伴随着延伸叶片的粉色花朵的蓓蕾.",
    "categories": [ "WILDLIFE" ],
    "species": [ "MAMMAL" ],
    "default_faction": "mwh_family",
    "harvest": "mammal_tiny",
    "diff": 5,
    "size": "TINT",
    "volume": "5 ml",
    "weight": 10,
    "hp": 205,
    "speed": 200,
    "material": [ "flesh" ],
    "symbol": "U",
    "color": "light_gray",
    "aggression": 60,
    "morale": 100,
    "melee_skill": 6,
    "melee_dice_sides": 9,
    "melee_dice": 3,
    "melee_cut": 20,
    "melee_bash": 25,
    "dodge": 7,
    "armor_bash": 35,
    "armor_cut": 30, 
    "vision_day": 25,
    "vision_night": 10,
    "path_settings": { "max_dist": 25 },
    "anger_triggers": [ "HURT", "FRIEND_ATTACKED","FRIEND_DIED"],
    "placate_triggers": [ "MEAT" ],
    "upgrades":
     { "age_grow": 90, "into":"mon_wxkj_mwc4" },  
     "special_attacks": 
     [
     { "type": "spell", "spell_id": "wxkj_sqbb_ghzy", "spell_level": 2, "cooldown": 50 },
      [ "wxkj_lash", 5 ],
      [ "wxkj_tbcr", 10 ]        
     ],
    "death_function": [ "MELT" ],
    "flags": [ "SEES", "HEARS", "SMELLS", "ANIMAL", "PATH_AVOID_DANGER_2", "WARM", "FUR",  
    "PET_MOUNTABLE",
    "FAT" ]
  }
  
  ]