  [
  {
    "id": "mon_wxkj_mwh1",
    "type": "MONSTER",
    "name": "妙蛙花",
    "description": "妙蛙花是四足的爬行动物类宝可梦，体型比进化前要大的多。其皮肤呈蓝绿色，并且没有了进化前的深色斑块纹，取而代之的是类似蟾蜍背部疣粒的疙瘩。妙蛙花的头顶有一对耳朵，耳朵内部为红色，眼睛呈橘红色，嘴里有牙。它背上的花蕾现在盛开成壹朵巨大的花朵，有六片带著白色斑点的红色花瓣，由一根的类似褐榈树的褐色树干状物支撑。其爪子上有三趾，腿也变得比妙蛙草更粗。",
    "categories": [ "WILDLIFE" ],
    "species": [ "MAMMAL" ],
    "default_faction": "mwh_family",
    "harvest": "mammal_tiny",
    "diff": 30,
    "size": "LARGE",
    "volume": "20000 ml",
    "weight": 5,
    "hp": 600,
    "speed": 200,
    "material": [ "flesh" ],
    "symbol": "H",
    "color": "light_gray",
    "aggression": 60,
    "morale": 100,
    "melee_skill": 9,
    "melee_dice_sides": 8,
    "melee_dice": 4,
    "melee_cut": 65,
    "melee_bash": 56,
    "dodge": 7,
    "armor_bash": 29,
    "armor_cut": 33, 
    "vision_day": 25,
    "vision_night": 6,
    "path_settings": { "max_dist": 25 },
    "anger_triggers": [ "HURT", "FRIEND_ATTACKED","FRIEND_DIED",  "PLAYER_CLOSE","STALK"],
    "reproduction": { "baby_monster": "mon_wxkj_mwzz1", "baby_count": 1, "baby_timer": 365 },
    "baby_flags": [ "SPRING", "SUMMER", "AUTUMN" ],
     "special_attacks":
      [
      { "type": "spell", "spell_id": "wxkj_sqbb_ghzy", "spell_level": 3, "cooldown": 30 },
      {
        "cooldown":15,
        "type": "gun",
        "gun_type": "wxkj_JN_fykd",
        "fake_skills": [ [ "gun", 20 ], [ "rifle", 9 ] ],
        "range": 15,
        "ranges": [ [ 0, 15, "AUTO" ] ],
        "require_targeting_npc": true,    
        "require_targeting_monster": true,    
        "laser_lock": true,   
        "targeting_cost": 50,     
        "targeting_timeout_extend": -10,
        "targeting_sound": "\"吼! (妙蛙花身旁凝聚着浓郁的能量)\"",   
        "targeting_volume": 150,    
        "require_sunlight": false
      },
      [ "wxkj_tbcr", 10 ]
     ], 
    "death_function": [ "MELT" ],
    "flags": [ "SEES", "HEARS", "SMELLS", "ANIMAL", "PATH_AVOID_DANGER_2", "WARM", "FUR",  "FAT", "MILKABLE","CATTLEFODDER",
   "PET_MOUNTABLE"
      ]
  },
    {
    "id": "mon_wxkj_mwh2",
    "type": "MONSTER",
    "name": "妙蛙花",
    "description": "妙蛙花是四足的爬行动物类宝可梦，体型比进化前要大的多。其皮肤呈蓝绿色，并且没有了进化前的深色斑块纹，取而代之的是类似蟾蜍背部疣粒的疙瘩。妙蛙花的头顶有一对耳朵，耳朵内部为红色，眼睛呈橘红色，嘴里有牙。它背上的花蕾现在盛开成壹朵巨大的花朵，有六片带著白色斑点的红色花瓣，由一根的类似褐榈树的褐色树干状物支撑。其爪子上有三趾，腿也变得比妙蛙草更粗。",
    "categories": [ "WILDLIFE" ],
    "species": [ "MAMMAL" ],
    "default_faction": "mwh_family",
    "harvest": "mammal_tiny",
    "diff": 30,
    "size": "LARGE",
    "volume": "20000 ml",
    "weight": 5,
    "hp": 450,
    "speed": 300,
    "material": [ "flesh" ],
    "symbol": "H",
    "color": "light_gray",
    "aggression": 60,
    "morale": 100,
    "melee_skill": 9,
    "melee_dice_sides": 8,
    "melee_dice": 4,
    "melee_cut": 43,
    "melee_bash": 48,
    "dodge": 9,
    "armor_bash": 13,
    "armor_cut": 16, 
    "vision_day": 30,
    "vision_night": 8,
    "path_settings": { "max_dist": 30 },
    "anger_triggers": [ "HURT", "FRIEND_ATTACKED","FRIEND_DIED",  "PLAYER_CLOSE","STALK"],
    "reproduction": { "baby_monster": "mon_wxkj_mwzz2", "baby_count": 1, "baby_timer": 365 },
    "baby_flags": [ "SPRING", "SUMMER", "AUTUMN" ],
     "special_attacks": 
     [
     { "type": "spell", "spell_id": "wxkj_sqbb_ghzy", "spell_level": 3, "cooldown": 30 },
      {
        "cooldown":2,
        "type": "gun",
        "gun_type": "wxkj_JN_TB2",
        "fake_skills": [ [ "gun", 20 ], [ "rifle", 9 ] ],
        "range": 25,
        "ranges": [ [ 0, 25, "AUTO" ] ],
        "require_targeting_npc": true,    
        "require_targeting_monster": true,    
        "laser_lock": true,   
        "targeting_cost": 50,     
        "targeting_timeout_extend": -10,
        "targeting_sound": "\"吼! (妙蛙花身旁的藤鞭飞舞着!)\"",    
        "targeting_volume": 100,    
        "require_sunlight": false
      },
      [ "wxkj_tbcr", 10 ] 
       ],
    "death_function": [ "MELT" ],
    "flags": [ "SEES", "HEARS", "SMELLS", "ANIMAL", "PATH_AVOID_DANGER_2", "WARM", "FUR",  "FAT", "HIT_AND_RUN","CATTLEFODDER", "PET_MOUNTABLE" ]
  },
     {
    "id": "mon_wxkj_mwh3",
    "type": "MONSTER",
    "name": "妙蛙花",
    "description": "妙蛙花是四足的爬行动物类宝可梦，体型比进化前要大的多。其皮肤呈蓝绿色，并且没有了进化前的深色斑块纹，取而代之的是类似蟾蜍背部疣粒的疙瘩。妙蛙花的头顶有一对耳朵，耳朵内部为红色，眼睛呈橘红色，嘴里有牙。它背上的花蕾现在盛开成壹朵巨大的花朵，有六片带著白色斑点的红色花瓣，由一根的类似褐榈树的褐色树干状物支撑。其爪子上有三趾，腿也变得比妙蛙草更粗。",
    "categories": [ "WILDLIFE" ],
    "species": [ "MAMMAL" ],
    "default_faction": "mwh_family",
    "harvest": "mammal_tiny",
    "diff": 30,
    "size": "LARGE",
    "volume": "20000 ml",
    "weight": 100000,
    "hp": 500,
    "speed": 260,
    "material": [ "flesh" ],
    "symbol": "H",
    "color": "light_gray",
    "aggression": 60,
    "morale": 100,
    "melee_skill": 9,
    "melee_dice_sides": 8,
    "melee_dice": 4,
    "melee_cut": 43,
    "melee_bash": 48,
    "dodge": 9,
    "armor_bash": 13,
    "armor_cut": 22, 
    "vision_day": 30,
    "vision_night": 8,
    "path_settings": { "max_dist": 30 },
    "anger_triggers": [ "HURT", "FRIEND_ATTACKED","FRIEND_DIED",  "PLAYER_CLOSE","STALK"],
    "reproduction": { "baby_monster": "mon_wxkj_mwzz3", "baby_count": 1, "baby_timer": 365 },
    "baby_flags": [ "SPRING", "SUMMER", "AUTUMN" ],
     "special_attacks": 
     [
     { "type": "spell", "spell_id": "wxkj_sqbb_ghzy", "spell_level": 3, "cooldown": 30 },
      {
        "cooldown":2,
        "type": "gun",
        "gun_type": "wxkj_JN_TB2",
        "fake_skills": [ [ "gun", 20 ], [ "rifle", 9 ] ],
        "range": 25,
        "ranges": [ [ 0, 25, "AUTO" ] ],
        "require_targeting_npc": true,    
        "require_targeting_monster": true,    
        "laser_lock": true,   
        "targeting_cost": 50,     
        "targeting_timeout_extend": -10,
        "targeting_sound": "\"吼! (妙蛙花身旁的藤鞭飞舞着!)\"",    
        "targeting_volume": 100,    
        "require_sunlight": false
      },
      [ "wxkj_tbcr", 10 ] 
       ],
    "death_function": [ "MELT" ],
    "flags": [ "SEES", "HEARS", "SMELLS", "ANIMAL", "PATH_AVOID_DANGER_2", "WARM", "FUR",  "FAT", "HIT_AND_RUN", "CATTLEFODDER","PET_MOUNTABLE" ]
  },
  {
    "id": "mon_wxkj_mwh4",
    "type": "MONSTER",
    "name": "妙蛙花",
    "description": "妙蛙花是四足的爬行动物类宝可梦，体型比进化前要大的多。其皮肤呈蓝绿色，并且没有了进化前的深色斑块纹，取而代之的是类似蟾蜍背部疣粒的疙瘩。妙蛙花的头顶有一对耳朵，耳朵内部为红色，眼睛呈橘红色，嘴里有牙。它背上的花蕾现在盛开成壹朵巨大的花朵，有六片带著白色斑点的红色花瓣，由一根的类似褐榈树的褐色树干状物支撑。其爪子上有三趾，腿也变得比妙蛙草更粗。",
    "categories": [ "WILDLIFE" ],
    "species": [ "MAMMAL" ],
    "default_faction": "mwh_family",
    "harvest": "mammal_tiny",
    "diff": 30,
    "size": "LARGE",
    "volume": "20000 ml",
    "weight": 100000,
    "hp": 700,
    "speed": 300,
    "material": [ "flesh" ],
    "symbol": "H",
    "color": "light_gray",
    "aggression": 60,
    "morale": 100,
    "melee_skill": 10,
    "melee_dice_sides": 8,
    "melee_dice": 4,
    "melee_cut": 65,
    "melee_bash": 62,
    "dodge": 10,
    "armor_bash": 27,
    "armor_cut": 44, 
    "vision_day": 30,
    "vision_night": 8,
    "path_settings": { "max_dist": 30 },
    "anger_triggers": [ "HURT", "FRIEND_ATTACKED","FRIEND_DIED",  "PLAYER_CLOSE","STALK"],
    "reproduction": { "baby_monster": "mon_wxkj_mwzz4", "baby_count": 1, "baby_timer": 365 },
    "baby_flags": [ "SPRING", "SUMMER", "AUTUMN" ],
     "special_attacks": 
     [   
     { "type": "spell", "spell_id": "wxkj_sqbb_ghzy", "spell_level": 3, "cooldown": 30 },
      {
        "cooldown":10,
        "type": "gun",
        "gun_type": "wxkj_JN_fykd",
        "fake_skills": [ [ "gun", 20 ], [ "rifle", 10 ] ],
        "range": 15,
        "ranges": [ [ 2, 15, "AUTO" ] ],
        "require_targeting_npc": true,    
        "require_targeting_monster": true,    
        "laser_lock": true,   
        "targeting_cost": 50,     
        "targeting_timeout_extend": -10,
        "targeting_sound": "\"吼! (妙蛙花身旁凝聚着浓郁的能量)\"",   
        "targeting_volume": 150,    
        "require_sunlight": false
      },
      [ "wxkj_tbcr", 15 ] 
       ],
    "death_function": [ "MELT" ],
    "flags": [ "SEES", "HEARS", "SMELLS", "ANIMAL", "PATH_AVOID_DANGER_2", "WARM", "FUR",  "FAT", "HIT_AND_RUN", "CATTLEFODDER", "PET_MOUNTABLE" ]
  }
  
  ]