[
  {
    "type": "npc_class",
    "id": "NC_HERMIT",
    "name": {
      "str": "Hermit"
    },
    "job_description": "I'm just an old man.",
    "common": false,
    "bonus_str": {
      "rng": [
        -3,
        0
      ]
    },
    "bonus_dex": {
      "rng": [
        -2,
        1
      ]
    },
    "bonus_int": {
      "rng": [
        2,
        5
      ]
    },
    "bonus_per": {
      "rng": [
        -2,
        2
      ]
    },
    "skills": [
      {
        "skill": "magic",
        "level": {
          "rng": [
            7,
            9
          ]
        }
      },
      {
        "skill": "cooking",
        "level": {
          "rng": [
            2,
            4
          ]
        }
      },
      {
        "skill": "fabrication",
        "level": {
          "rng": [
            5,
            6
          ]
        }
      },
      {
        "skill": "firstaid",
        "level": {
          "rng": [
            1,
            3
          ]
        }
      },
      {
        "skill": "speech",
        "level": {
          "rng": [
            1,
            3
          ]
        }
      },
      {
        "skill": "survival",
        "level": {
          "rng": [
            3,
            5
          ]
        }
      },
      {
        "skill": "swimming",
        "level": {
          "rng": [
            1,
            2
          ]
        }
      },
      {
        "skill": "tailor",
        "level": {
          "rng": [
            2,
            4
          ]
        }
      },
      {
        "skill": "traps",
        "level": {
          "rng": [
            1,
            3
          ]
        }
      },
      {
        "skill": "archery",
        "level": {
          "rng": [
            2,
            4
          ]
        }
      },
      {
        "skill": "bashing",
        "level": {
          "rng": [
            1,
            3
          ]
        }
      },
      {
        "skill": "gun",
        "level": {
          "rng": [
            5,
            7
          ]
        }
      },
      {
        "skill": "melee",
        "level": {
          "rng": [
            1,
            3
          ]
        }
      },
      {
        "skill": "stabbing",
        "level": {
          "rng": [
            2,
            4
          ]
        }
      }
    ],
    "worn_override": "NC_HERMIT_worn",
    "carry_override": "NC_HERMIT_misc",
    "weapon_override": "NC_HERMIT_weapon",
    "traits": [
      [
        "SKIN_MEDIUM",
        100
      ],
      [
        "hair_white_short",
        100
      ],
      [
        "PROF_CHALICE",
        100
      ],
      [
        "NIGHTVISION",
        100
      ],
      [
        "MYOPIC",
        100
      ],
      [
        "BADHEARING",
        100
      ],
      [
        "LIGHTSTEP",
        100
      ],
      [
        "BADKNEES",
        100
      ]
    ]
  },
  {
    "type": "npc_class",
    "id": "NC_CF_DEACON",
    "name": {
      "str": "Deacon"
    },
    "job_description": "I am a cleric visiting the refugee center.",
    "common": false,
    "bonus_per": {
      "rng": [
        0,
        2
      ]
    },
    "bonus_int": {
      "rng": [
        0,
        2
      ]
    },
    "skills": [
      {
        "skill": "magic",
        "level": {
          "rng": [
            0,
            2
          ]
        }
      },
      {
        "skill": "computer",
        "level": {
          "rng": [
            1,
            3
          ]
        }
      },
      {
        "skill": "driving",
        "level": {
          "rng": [
            1,
            3
          ]
        }
      },
      {
        "skill": "barter",
        "level": {
          "rng": [
            2,
            4
          ]
        }
      },
      {
        "skill": "cooking",
        "level": {
          "rng": [
            1,
            3
          ]
        }
      },
      {
        "skill": "fabrication",
        "level": {
          "rng": [
            5,
            6
          ]
        }
      },
      {
        "skill": "firstaid",
        "level": {
          "rng": [
            3,
            6
          ]
        }
      },
      {
        "skill": "speech",
        "level": {
          "rng": [
            2,
            4
          ]
        }
      },
      {
        "skill": "survival",
        "level": {
          "rng": [
            1,
            3
          ]
        }
      },
      {
        "skill": "tailor",
        "level": {
          "rng": [
            1,
            3
          ]
        }
      }
    ],
    "worn_override": "NC_CF_DEACON_worn",
    "carry_override": "NC_CF_DEACON_misc",
    "weapon_override": "EMPTY_GROUP",
    "traits": [
      {
        "group": "Appearance_demographics"
      },
      [
        "CF_DEACON",
        100
      ],
      [
        "SPIRITUAL",
        100
      ],
      [
        "PACIFIST",
        100
      ]
    ]
  },
  {
    "type": "npc_class",
    "id": "NC_CF_REP",
    "name": {
      "str": "Thane"
    },
    "job_description": "I am a founder of the Cleansing Flame.",
    "common": false,
    "bonus_str": {
      "rng": [
        -1,
        2
      ]
    },
    "bonus_dex": {
      "rng": [
        0,
        2
      ]
    },
    "bonus_int": {
      "rng": [
        2,
        5
      ]
    },
    "skills": [
      {
        "skill": "magic",
        "level": {
          "rng": [
            6,
            8
          ]
        }
      },
      {
        "skill": "barter",
        "level": {
          "rng": [
            1,
            3
          ]
        }
      },
      {
        "skill": "cooking",
        "level": {
          "rng": [
            3,
            5
          ]
        }
      },
      {
        "skill": "fabrication",
        "level": {
          "rng": [
            5,
            6
          ]
        }
      },
      {
        "skill": "firstaid",
        "level": {
          "rng": [
            2,
            4
          ]
        }
      },
      {
        "skill": "speech",
        "level": {
          "rng": [
            3,
            6
          ]
        }
      },
      {
        "skill": "survival",
        "level": {
          "rng": [
            3,
            5
          ]
        }
      },
      {
        "skill": "tailor",
        "level": {
          "rng": [
            3,
            5
          ]
        }
      },
      {
        "skill": "bashing",
        "level": {
          "rng": [
            1,
            2
          ]
        }
      },
      {
        "skill": "dodge",
        "level": {
          "rng": [
            3,
            6
          ]
        }
      },
      {
        "skill": "melee",
        "level": {
          "rng": [
            1,
            3
          ]
        }
      }
    ],
    "carry_override": "NC_CF_REP_misc",
    "worn_override": "NC_CF_REP_worn",
    "weapon_override": "NC_CF_REP_weapon",
    "traits": [
      [
        "SKIN_LIGHT",
        100
      ],
      [
        "hair_blond_long",
        100
      ],
      [
        "PROF_CLEANSINGFLAME",
        100
      ],
      [
        "SPELL_HEAL",
        100
      ],
      [
        "SPELL_FLAMEARMOR",
        100
      ],
      [
        "SPELL_CLERIC",
        100
      ],
      [
        "NONADDICTIVE",
        100
      ],
      [
        "SPIRITUAL",
        100
      ]
    ],
    "spells": [
      {
        "id": "arcana_magic_healing",
        "level": 3
      },
      {
        "id": "arcana_magic_heat_ward",
        "level": 5
      },
      {
        "id": "arcana_magic_ward_against_evil",
        "level": 6
      }
    ]
  },
  {
    "type": "npc_class",
    "id": "NC_CF_GM",
    "name": {
      "str": "Grandmaster"
    },
    "job_description": "I am a founder of the Cleansing Flame.",
    "common": false,
    "bonus_str": {
      "rng": [
        1,
        3
      ]
    },
    "bonus_dex": {
      "rng": [
        -1,
        2
      ]
    },
    "bonus_per": {
      "rng": [
        0,
        2
      ]
    },
    "skills": [
      {
        "skill": "magic",
        "level": {
          "rng": [
            6,
            8
          ]
        }
      },
      {
        "skill": "driving",
        "level": {
          "rng": [
            2,
            3
          ]
        }
      },
      {
        "skill": "fabrication",
        "level": {
          "rng": [
            3,
            5
          ]
        }
      },
      {
        "skill": "firstaid",
        "level": {
          "rng": [
            1,
            3
          ]
        }
      },
      {
        "skill": "speech",
        "level": {
          "rng": [
            2,
            5
          ]
        }
      },
      {
        "skill": "survival",
        "level": {
          "rng": [
            3,
            5
          ]
        }
      },
      {
        "skill": "swimming",
        "level": {
          "rng": [
            2,
            3
          ]
        }
      },
      {
        "skill": "tailor",
        "level": {
          "rng": [
            2,
            3
          ]
        }
      },
      {
        "skill": "bashing",
        "level": {
          "rng": [
            1,
            3
          ]
        }
      },
      {
        "skill": "cutting",
        "level": {
          "rng": [
            3,
            5
          ]
        }
      },
      {
        "skill": "dodge",
        "level": {
          "rng": [
            2,
            4
          ]
        }
      },
      {
        "skill": "melee",
        "level": {
          "rng": [
            2,
            4
          ]
        }
      },
      {
        "skill": "unarmed",
        "level": {
          "rng": [
            3,
            5
          ]
        }
      },
      {
        "skill": "gun",
        "level": {
          "rng": [
            3,
            5
          ]
        }
      },
      {
        "skill": "lockpick",
        "level": {
          "rng": [
            2,
            4
          ]
        }
      }
    ],
    "worn_override": "NC_CF_GM_worn",
    "carry_override": "NC_CF_GM_misc",
    "weapon_override": "NC_CF_GM_weapon",
    "traits": [
      [
        "SKIN_MEDIUM",
        100
      ],
      [
        "hair_black_medium",
        100
      ],
      [
        "PROF_CLEANSINGFLAME",
        100
      ],
      [
        "MARTIAL_ARTS_CF",
        100
      ],
      [
        "SPELL_DAYLIGHT",
        100
      ],
      [
        "SPELL_LIGHT",
        100
      ],
      [
        "SPELL_CONSECRATELESSER",
        100
      ],
      [
        "SPIRITUAL",
        100
      ],
      [
        "TERRIFYING",
        100
      ],
      [
        "TRIGGERHAPPY",
        100
      ],
      [
        "TRUTHTELLER",
        100
      ]
    ],
    "spells": [
      {
        "id": "arcana_magic_surge_adrenaline",
        "level": 5
      },
      {
        "id": "arcana_magic_light",
        "level": 2
      },
      {
        "id": "arcana_magic_consecrate",
        "level": 4
      }
    ]
  },
  {
    "type": "npc_class",
    "id": "NC_CF_SEEKER",
    "name": {
      "str": "Seeker"
    },
    "job_description": "I am a founder of the Cleansing Flame.",
    "common": false,
    "bonus_dex": {
      "rng": [
        -1,
        2
      ]
    },
    "bonus_int": {
      "rng": [
        1,
        3
      ]
    },
    "bonus_per": {
      "rng": [
        0,
        2
      ]
    },
    "skills": [
      {
        "skill": "magic",
        "level": {
          "rng": [
            5,
            7
          ]
        }
      },
      {
        "skill": "driving",
        "level": {
          "rng": [
            3,
            6
          ]
        }
      },
      {
        "skill": "fabrication",
        "level": {
          "rng": [
            3,
            5
          ]
        }
      },
      {
        "skill": "firstaid",
        "level": {
          "rng": [
            2,
            6
          ]
        }
      },
      {
        "skill": "speech",
        "level": {
          "rng": [
            3,
            6
          ]
        }
      },
      {
        "skill": "barter",
        "level": {
          "rng": [
            3,
            6
          ]
        }
      },
      {
        "skill": "survival",
        "level": {
          "rng": [
            3,
            6
          ]
        }
      },
      {
        "skill": "swimming",
        "level": {
          "rng": [
            1,
            4
          ]
        }
      },
      {
        "skill": "tailor",
        "level": {
          "rng": [
            2,
            5
          ]
        }
      },
      {
        "skill": "dodge",
        "level": {
          "rng": [
            3,
            6
          ]
        }
      },
      {
        "skill": "chemistry",
        "level": {
          "rng": [
            2,
            4
          ]
        }
      }
    ],
    "worn_override": "NC_CF_SEEKER_worn",
    "carry_override": "NC_CF_SEEKER_misc",
    "weapon_override": "EMPTY_GROUP",
    "traits": [
      {
        "group": "Appearance_cleansingflame"
      },
      [
        "PROF_CLEANSINGFLAME",
        100
      ],
      [
        "SPELL_AGILE",
        100
      ],
      [
        "SPELL_LOCKPICK",
        100
      ],
      [
        "SPELL_PLANTS",
        100
      ],
      [
        "SPIRITUAL",
        100
      ],
      [
        "PACIFIST",
        100
      ],
      [
        "FASTREADER",
        100
      ],
      [
        "GOODMEMORY",
        100
      ]
    ],
    "spells": [
      {
        "id": "arcana_magic_agility",
        "level": 7
      },
      {
        "id": "arcana_magic_open_lock",
        "level": 5
      },
      {
        "id": "arcana_magic_overgrowth",
        "level": 3
      }
    ]
  },
  {
    "type": "npc_class",
    "id": "NC_MAGE_HUNTER",
    "name": {
      "str": "Mage Hunter"
    },
    "job_description": "I am a hunter of otherworldly monsters and dangerous magic.",
    "common": false,
    "skills": [
      {
        "skill": "magic",
        "level": {
          "rng": [
            3,
            7
          ]
        }
      },
      {
        "skill": "cooking",
        "level": {
          "rng": [
            1,
            5
          ]
        }
      },
      {
        "skill": "fabrication",
        "level": {
          "rng": [
            1,
            5
          ]
        }
      },
      {
        "skill": "firstaid",
        "level": {
          "rng": [
            1,
            5
          ]
        }
      },
      {
        "skill": "speech",
        "level": {
          "rng": [
            1,
            5
          ]
        }
      },
      {
        "skill": "survival",
        "level": {
          "rng": [
            1,
            5
          ]
        }
      },
      {
        "skill": "bashing",
        "level": {
          "rng": [
            1,
            5
          ]
        }
      },
      {
        "skill": "cutting",
        "level": {
          "rng": [
            1,
            5
          ]
        }
      },
      {
        "skill": "rifle",
        "level": {
          "rng": [
            1,
            5
          ]
        }
      },
      {
        "skill": "dodge",
        "level": {
          "rng": [
            1,
            3
          ]
        }
      },
      {
        "skill": "melee",
        "level": {
          "rng": [
            2,
            4
          ]
        }
      },
      {
        "skill": "gun",
        "level": {
          "rng": [
            2,
            4
          ]
        }
      }
    ],
    "worn_override": "NC_MAGE_HUNTER_worn",
    "carry_override": "NC_MAGE_HUNTER_misc",
    "weapon_override": "NC_MAGE_HUNTER_weapon",
    "traits": [
      {
        "group": "Appearance_cleansingflame"
      },
      {
        "group": "Arcanist_starting_traits"
      },
      {
        "group": "BG_survival_story_MAGE_HUNTER"
      },
      [
        "PROF_CLEANSINGFLAME",
        100
      ],
      [
        "MARTIAL_ARTS_CF",
        25
      ],
      [
        "SPIRITUAL",
        75
      ]
    ]
  },
  {
    "type": "npc_class",
    "id": "NC_BLOOD_MAGE_APPRENTICE",
    "name": {
      "str": "Apprentice"
    },
    "job_description": "I aspire to follow The Path.",
    "common": false,
    "skills": [
      {
        "skill": "magic",
        "level": {
          "rng": [
            0,
            2
          ]
        }
      },
      {
        "skill": "firstaid",
        "level": {
          "rng": [
            1,
            3
          ]
        }
      },
      {
        "skill": "survival",
        "level": {
          "rng": [
            1,
            3
          ]
        }
      },
      {
        "skill": "bashing",
        "level": {
          "rng": [
            1,
            2
          ]
        }
      },
      {
        "skill": "cutting",
        "level": {
          "rng": [
            1,
            2
          ]
        }
      },
      {
        "skill": "stabbing",
        "level": {
          "rng": [
            1,
            2
          ]
        }
      },
      {
        "skill": "unarmed",
        "level": {
          "rng": [
            1,
            2
          ]
        }
      },
      {
        "skill": "throw",
        "level": {
          "rng": [
            1,
            2
          ]
        }
      },
      {
        "skill": "pistol",
        "level": {
          "rng": [
            1,
            2
          ]
        }
      },
      {
        "skill": "rifle",
        "level": {
          "rng": [
            1,
            2
          ]
        }
      },
      {
        "skill": "smg",
        "level": {
          "rng": [
            1,
            2
          ]
        }
      },
      {
        "skill": "dodge",
        "level": {
          "rng": [
            0,
            1
          ]
        }
      },
      {
        "skill": "melee",
        "level": {
          "rng": [
            1,
            3
          ]
        }
      },
      {
        "skill": "gun",
        "level": {
          "rng": [
            1,
            3
          ]
        }
      }
    ],
    "worn_override": "NC_BLOOD_MAGE_APPRENTICE_worn",
    "carry_override": "NC_BLOOD_MAGE_APPRENTICE_misc",
    "weapon_override": "NC_BLOOD_MAGE_APPRENTICE_weapon",
    "traits": [
      {
        "group": "Appearance_demographics"
      },
      {
        "group": "Sanguine_aspirant_traits"
      },
      [
        "BGSS_BLOOD_MAGE_1",
        100
      ],
      [
        "PROF_ARCANIST",
        100
      ]
    ]
  },
  {
    "type": "npc_class",
    "id": "NC_BLOOD_MAGE_SHRIKE",
    "name": {
      "str": "Sanguine Shrike"
    },
    "job_description": "I'm a hunter of hunters.",
    "common": false,
    "skills": [
      {
        "skill": "magic",
        "level": {
          "rng": [
            2,
            5
          ]
        }
      },
      {
        "skill": "firstaid",
        "level": {
          "rng": [
            2,
            5
          ]
        }
      },
      {
        "skill": "fabrication",
        "level": {
          "rng": [
            1,
            3
          ]
        }
      },
      {
        "skill": "survival",
        "level": {
          "rng": [
            3,
            6
          ]
        }
      },
      {
        "skill": "bashing",
        "level": {
          "rng": [
            1,
            3
          ]
        }
      },
      {
        "skill": "cutting",
        "level": {
          "rng": [
            2,
            5
          ]
        }
      },
      {
        "skill": "stabbing",
        "level": {
          "rng": [
            2,
            5
          ]
        }
      },
      {
        "skill": "unarmed",
        "level": {
          "rng": [
            1,
            2
          ]
        }
      },
      {
        "skill": "pistol",
        "level": {
          "rng": [
            2,
            5
          ]
        }
      },
      {
        "skill": "rifle",
        "level": {
          "rng": [
            2,
            5
          ]
        }
      },
      {
        "skill": "dodge",
        "level": {
          "rng": [
            2,
            5
          ]
        }
      },
      {
        "skill": "melee",
        "level": {
          "rng": [
            3,
            6
          ]
        }
      },
      {
        "skill": "gun",
        "level": {
          "rng": [
            3,
            6
          ]
        }
      }
    ],
    "worn_override": "NC_BLOOD_MAGE_SHRIKE_worn",
    "carry_override": "NC_BLOOD_MAGE_SHRIKE_misc",
    "weapon_override": "NC_BLOOD_MAGE_SHRIKE_weapon",
    "traits": [
      {
        "group": "Appearance_demographics"
      },
      {
        "group": "Arcanist_starting_traits"
      },
      [
        "BGSS_BLOOD_MAGE_2",
        100
      ],
      [
        "PROF_SANGUINE",
        100
      ],
      [
        "SPELL_CLARITY",
        100
      ],
      [
        "SPELL_CONFUSE",
        100
      ],
      [
        "SPELL_ACID",
        100
      ],
      [
        "SPELL_FREEACTION",
        100
      ]
    ],
    "spells": [
      {
        "id": "arcana_magic_clarity_blood",
        "level": 4
      },
      {
        "id": "arcana_magic_confuse_monster",
        "level": 5
      },
      {
        "id": "arcana_magic_conjure_acid",
        "level": 2
      },
      {
        "id": "arcana_magic_free_action",
        "level": 4
      }
    ]
  },
  {
    "type": "npc_class",
    "id": "NC_BLOOD_MAGE_SHRIKE_GENERIC",
    "name": {
      "str": "Sanguine Shrike"
    },
    "job_description": "I'm a hunter of hunters.",
    "common": false,
    "skills": [
      {
        "skill": "magic",
        "level": {
          "rng": [
            2,
            5
          ]
        }
      },
      {
        "skill": "firstaid",
        "level": {
          "rng": [
            2,
            5
          ]
        }
      },
      {
        "skill": "fabrication",
        "level": {
          "rng": [
            1,
            3
          ]
        }
      },
      {
        "skill": "survival",
        "level": {
          "rng": [
            3,
            6
          ]
        }
      },
      {
        "skill": "bashing",
        "level": {
          "rng": [
            1,
            3
          ]
        }
      },
      {
        "skill": "cutting",
        "level": {
          "rng": [
            2,
            5
          ]
        }
      },
      {
        "skill": "stabbing",
        "level": {
          "rng": [
            2,
            5
          ]
        }
      },
      {
        "skill": "unarmed",
        "level": {
          "rng": [
            1,
            2
          ]
        }
      },
      {
        "skill": "pistol",
        "level": {
          "rng": [
            2,
            5
          ]
        }
      },
      {
        "skill": "rifle",
        "level": {
          "rng": [
            2,
            5
          ]
        }
      },
      {
        "skill": "dodge",
        "level": {
          "rng": [
            2,
            5
          ]
        }
      },
      {
        "skill": "melee",
        "level": {
          "rng": [
            3,
            6
          ]
        }
      },
      {
        "skill": "gun",
        "level": {
          "rng": [
            3,
            6
          ]
        }
      }
    ],
    "worn_override": "NC_BLOOD_MAGE_SHRIKE_worn",
    "carry_override": "NC_BLOOD_MAGE_SHRIKE_misc",
    "weapon_override": "NC_BLOOD_MAGE_SHRIKE_weapon",
    "traits": [
      {
        "group": "Appearance_demographics"
      },
      {
        "group": "Arcanist_starting_traits"
      },
      [
        "PROF_SANGUINE",
        100
      ]
    ]
  },
  {
    "type": "npc_class",
    "id": "NC_BLOOD_MAGE_SHRIKE_HUNTMASTER",
    "name": {
      "str": "Shrike Huntmaster"
    },
    "job_description": "I lead this group of Shrikes.",
    "common": false,
    "skills": [
      {
        "skill": "magic",
        "level": {
          "rng": [
            3,
            6
          ]
        }
      },
      {
        "skill": "firstaid",
        "level": {
          "rng": [
            3,
            6
          ]
        }
      },
      {
        "skill": "fabrication",
        "level": {
          "rng": [
            2,
            4
          ]
        }
      },
      {
        "skill": "survival",
        "level": {
          "rng": [
            4,
            7
          ]
        }
      },
      {
        "skill": "bashing",
        "level": {
          "rng": [
            2,
            4
          ]
        }
      },
      {
        "skill": "cutting",
        "level": {
          "rng": [
            3,
            6
          ]
        }
      },
      {
        "skill": "stabbing",
        "level": {
          "rng": [
            3,
            6
          ]
        }
      },
      {
        "skill": "unarmed",
        "level": {
          "rng": [
            2,
            3
          ]
        }
      },
      {
        "skill": "pistol",
        "level": {
          "rng": [
            3,
            6
          ]
        }
      },
      {
        "skill": "rifle",
        "level": {
          "rng": [
            3,
            6
          ]
        }
      },
      {
        "skill": "dodge",
        "level": {
          "rng": [
            3,
            6
          ]
        }
      },
      {
        "skill": "melee",
        "level": {
          "rng": [
            4,
            7
          ]
        }
      },
      {
        "skill": "gun",
        "level": {
          "rng": [
            4,
            7
          ]
        }
      }
    ],
    "worn_override": "NC_BLOOD_MAGE_SHRIKE_HUNTMASTER_worn",
    "carry_override": "NC_BLOOD_MAGE_SHRIKE_misc",
    "weapon_override": "NC_BLOOD_MAGE_SHRIKE_HUNTMASTER_weapon",
    "traits": [
      {
        "group": "Appearance_demographics"
      },
      {
        "group": "Arcanist_starting_traits"
      },
      [
        "hair_black_long",
        100
      ],
      [
        "SKIN_MEDIUM",
        100
      ],
      [
        "PROF_SANGUINE",
        100
      ]
    ]
  },
  {
    "type": "npc_class",
    "id": "NC_BLOOD_MAGE_SHRIKE_MERCHANT",
    "name": {
      "str": "Shrike"
    },
    "job_description": "I'm just here to survive.",
    "common": false,
    "skills": [
      {
        "skill": "magic",
        "level": {
          "rng": [
            3,
            6
          ]
        }
      },
      {
        "skill": "barter",
        "level": {
          "rng": [
            3,
            6
          ]
        }
      },
      {
        "skill": "fabrication",
        "level": {
          "rng": [
            2,
            4
          ]
        }
      },
      {
        "skill": "survival",
        "level": {
          "rng": [
            3,
            6
          ]
        }
      },
      {
        "skill": "bashing",
        "level": {
          "rng": [
            2,
            4
          ]
        }
      },
      {
        "skill": "cutting",
        "level": {
          "rng": [
            4,
            7
          ]
        }
      },
      {
        "skill": "stabbing",
        "level": {
          "rng": [
            3,
            6
          ]
        }
      },
      {
        "skill": "unarmed",
        "level": {
          "rng": [
            2,
            4
          ]
        }
      },
      {
        "skill": "archery",
        "level": {
          "rng": [
            2,
            4
          ]
        }
      },
      {
        "skill": "dodge",
        "level": {
          "rng": [
            3,
            6
          ]
        }
      },
      {
        "skill": "melee",
        "level": {
          "rng": [
            4,
            7
          ]
        }
      },
      {
        "skill": "gun",
        "level": {
          "rng": [
            2,
            4
          ]
        }
      }
    ],
    "worn_override": "NC_BLOOD_MAGE_SHRIKE_MERCHANT_worn",
    "carry_override": "NC_BLOOD_MAGE_SHRIKE_MERCHANT_misc",
    "weapon_override": "NC_BLOOD_MAGE_SHRIKE_MERCHANT_weapon",
    "traits": [
      {
        "group": "Appearance_demographics"
      },
      {
        "group": "Arcanist_starting_traits"
      },
      [
        "hair_black_short",
        100
      ],
      [
        "SKIN_LIGHT",
        100
      ],
      [
        "PROF_SANGUINE",
        100
      ],
      [
        "PSYCHOPATH",
        100
      ],
      [
        "TERRIFYING",
        100
      ],
      [
        "BADTEMPER",
        100
      ],
      [
        "DEFT",
        100
      ]
    ]
  },
  {
    "type": "npc_class",
    "id": "NC_BLOOD_MAGE_MAGUS",
    "//": "Only used by a specific blood mage continuing Dragonblood research.",
    "name": {
      "str": "Blood Mage"
    },
    "job_description": "I follow The Path.",
    "common": false,
    "skills": [
      {
        "skill": "magic",
        "level": {
          "rng": [
            3,
            6
          ]
        }
      },
      {
        "skill": "firstaid",
        "level": {
          "rng": [
            2,
            5
          ]
        }
      },
      {
        "skill": "fabrication",
        "level": {
          "rng": [
            2,
            5
          ]
        }
      },
      {
        "skill": "survival",
        "level": {
          "rng": [
            2,
            5
          ]
        }
      },
      {
        "skill": "tailor",
        "level": {
          "rng": [
            1,
            3
          ]
        }
      },
      {
        "skill": "bashing",
        "level": {
          "rng": [
            1,
            3
          ]
        }
      },
      {
        "skill": "stabbing",
        "level": {
          "rng": [
            2,
            5
          ]
        }
      },
      {
        "skill": "unarmed",
        "level": {
          "rng": [
            1,
            3
          ]
        }
      },
      {
        "skill": "dodge",
        "level": {
          "rng": [
            1,
            4
          ]
        }
      },
      {
        "skill": "melee",
        "level": {
          "rng": [
            1,
            3
          ]
        }
      },
      {
        "skill": "gun",
        "level": {
          "rng": [
            3,
            6
          ]
        }
      }
    ],
    "worn_override": "NC_BLOOD_MAGE_MAGUS_worn",
    "carry_override": "NC_BLOOD_MAGE_MAGUS_misc",
    "weapon_override": "NC_BLOOD_MAGE_MAGUS_weapon",
    "traits": [
      {
        "group": "Appearance_demographics"
      },
      {
        "group": "Arcanist_starting_traits"
      },
      [
        "ARCANA_SCALYPATCHES",
        100
      ],
      [
        "ARCANA_DRAGONTAIL",
        75
      ],
      [
        "ARCANA_SCALYWINGS",
        50
      ],
      [
        "ARCANA_INNERFIRE",
        100
      ],
      [
        "ARCANA_FIREAFFINITY",
        50
      ],
      [
        "ARCANA_DRAGONCLAWS",
        50
      ],
      [
        "ARCANA_DRAGONTEETH",
        75
      ],
      [
        "ARCANA_DRAGONHORNS",
        25
      ],
      [
        "PROF_SANGUINE",
        100
      ]
    ]
  },
  {
    "type": "npc_class",
    "id": "NC_CF_AUX_MAGE",
    "name": {
      "str": "Arcanist"
    },
    "job_description": "I'm a scholar of the Beyond.",
    "common": false,
    "bonus_str": {
      "rng": [
        -1,
        1
      ]
    },
    "bonus_dex": {
      "rng": [
        -1,
        2
      ]
    },
    "bonus_int": {
      "rng": [
        3,
        4
      ]
    },
    "bonus_per": {
      "rng": [
        0,
        2
      ]
    },
    "skills": [
      {
        "skill": "magic",
        "level": {
          "rng": [
            4,
            6
          ]
        }
      },
      {
        "skill": "cooking",
        "level": {
          "rng": [
            1,
            3
          ]
        }
      },
      {
        "skill": "fabrication",
        "level": {
          "rng": [
            4,
            5
          ]
        }
      },
      {
        "skill": "firstaid",
        "level": {
          "rng": [
            2,
            4
          ]
        }
      },
      {
        "skill": "speech",
        "level": {
          "rng": [
            0,
            5
          ]
        }
      },
      {
        "skill": "barter",
        "level": {
          "rng": [
            0,
            5
          ]
        }
      },
      {
        "skill": "survival",
        "level": {
          "rng": [
            2,
            4
          ]
        }
      },
      {
        "skill": "tailor",
        "level": {
          "rng": [
            1,
            3
          ]
        }
      },
      {
        "skill": "driving",
        "level": {
          "rng": [
            2,
            5
          ]
        }
      },
      {
        "skill": "mechanics",
        "level": {
          "rng": [
            1,
            4
          ]
        }
      },
      {
        "skill": "dodge",
        "level": {
          "rng": [
            2,
            5
          ]
        }
      },
      {
        "skill": "gun",
        "level": {
          "rng": [
            2,
            5
          ]
        }
      }
    ],
    "worn_override": "NC_CF_AUX_MAGE_worn",
    "carry_override": "NC_CF_AUX_MAGE_misc",
    "weapon_override": "EMPTY_GROUP",
    "traits": [
      {
        "group": "Appearance_demographics"
      },
      [
        "PROF_ARCANIST",
        100
      ],
      [
        "OUTDOORSMAN",
        100
      ],
      [
        "LIGHTSTEP",
        100
      ],
      [
        "TRUTHTELLER",
        100
      ],
      [
        "ANIMALDISCORD",
        100
      ]
    ],
    "spells": [
      {
        "id": "arcana_magic_conjure_flame",
        "level": 6
      },
      {
        "id": "arcana_magic_dampening",
        "level": 3
      }
    ]
  },
  {
    "type": "npc_class",
    "id": "NC_CF_AUX_MERC",
    "name": {
      "str": "Gunslinger"
    },
    "job_description": "I'm a hired gun.",
    "common": false,
    "bonus_str": {
      "rng": [
        -2,
        3
      ]
    },
    "bonus_dex": {
      "rng": [
        -1,
        1
      ]
    },
    "bonus_int": {
      "rng": [
        -1,
        1
      ]
    },
    "bonus_per": {
      "rng": [
        1,
        4
      ]
    },
    "skills": [
      {
        "skill": "magic",
        "level": {
          "rng": [
            0,
            2
          ]
        }
      },
      {
        "skill": "cooking",
        "level": {
          "rng": [
            1,
            3
          ]
        }
      },
      {
        "skill": "fabrication",
        "level": {
          "rng": [
            2,
            4
          ]
        }
      },
      {
        "skill": "firstaid",
        "level": {
          "rng": [
            1,
            3
          ]
        }
      },
      {
        "skill": "barter",
        "level": {
          "rng": [
            1,
            3
          ]
        }
      },
      {
        "skill": "survival",
        "level": {
          "rng": [
            4,
            7
          ]
        }
      },
      {
        "skill": "tailor",
        "level": {
          "rng": [
            0,
            2
          ]
        }
      },
      {
        "skill": "driving",
        "level": {
          "rng": [
            2,
            5
          ]
        }
      },
      {
        "skill": "dodge",
        "level": {
          "rng": [
            1,
            3
          ]
        }
      },
      {
        "skill": "gun",
        "level": {
          "rng": [
            3,
            6
          ]
        }
      },
      {
        "skill": "rifle",
        "level": {
          "rng": [
            3,
            6
          ]
        }
      },
      {
        "skill": "pistol",
        "level": {
          "rng": [
            2,
            4
          ]
        }
      },
      {
        "skill": "melee",
        "level": {
          "rng": [
            1,
            3
          ]
        }
      },
      {
        "skill": "unarmed",
        "level": {
          "rng": [
            1,
            3
          ]
        }
      },
      {
        "skill": "traps",
        "level": {
          "rng": [
            2,
            4
          ]
        }
      },
      {
        "skill": "lockpick",
        "level": {
          "rng": [
            1,
            5
          ]
        }
      }
    ],
    "worn_override": "NC_CF_AUX_MERC_worn",
    "carry_override": "NC_CF_AUX_MERC_misc",
    "weapon_override": "NC_CF_AUX_MERC_weapon",
    "traits": [
      [
        "SKIN_MEDIUM",
        100
      ],
      [
        "hair_gray_medium",
        100
      ],
      [
        "BGSS_Gung_Ho_1",
        100
      ],
      [
        "OUTDOORSMAN",
        100
      ],
      [
        "PSYCHOPATH",
        75
      ],
      [
        "PAINRESIST",
        75
      ],
      [
        "PAINREC3",
        50
      ],
      [
        "NIGHTVISION",
        50
      ],
      [
        "THICKSKIN",
        50
      ],
      [
        "INFIMMUNE",
        50
      ],
      [
        "FASTHEALER2",
        25
      ],
      [
        "TOUGH3",
        25
      ],
      [
        "TOXICFLESH",
        25
      ],
      [
        "HYPEROPIC",
        100
      ],
      [
        "BADTEMPER",
        75
      ],
      [
        "BADHEARING",
        75
      ],
      [
        "TRIGGERHAPPY",
        50
      ],
      [
        "ANTIJUNK",
        50
      ],
      [
        "BADKNEES",
        50
      ],
      [
        "BADBACK",
        50
      ],
      [
        "BADCARDIO",
        25
      ],
      [
        "FORGETFUL",
        25
      ],
      [
        "COLDBLOOD",
        25
      ]
    ]
  },
  {
    "id": "NC_HERMIT_worn",
    "type": "item_group",
    "subtype": "collection",
    "entries": [
      {
        "item": "boxer_shorts"
      },
      {
        "item": "pants"
      },
      {
        "item": "dress_shirt"
      },
      {
        "item": "robe"
      },
      {
        "item": "knit_scarf"
      },
      {
        "item": "gloves_leather"
      },
      {
        "item": "socks"
      },
      {
        "item": "boots_hiking"
      },
      {
        "item": "satchel_eternity",
        "contents-item": "offering_mission_notes"
      },
      {
        "item": "glasses_eye"
      },
      {
        "item": "charm_bone"
      }
    ]
  },
  {
    "type": "item_group",
    "id": "NC_HERMIT_weapon",
    "items": [
      [
        "q_staff",
        30
      ],
      [
        "i_staff",
        20
      ],
      [
        "spear_steel",
        40
      ],
      [
        "qiang",
        10
      ]
    ]
  },
  {
    "id": "NC_HERMIT_misc",
    "type": "item_group",
    "subtype": "collection",
    "items": [
      {
        "item": "essence",
        "count": [
          10,
          25
        ]
      },
      {
        "item": "arcanemap",
        "prob": 50
      },
      {
        "item": "book_sacrifice"
      },
      {
        "item": "offering_chalice"
      },
      {
        "group": "magic_consumables",
        "count": [
          2,
          4
        ]
      }
    ]
  },
  {
    "id": "NC_CF_DEACON_worn",
    "type": "item_group",
    "subtype": "collection",
    "entries": [
      {
        "item": "briefs"
      },
      {
        "item": "longshirt"
      },
      {
        "item": "pants"
      },
      {
        "item": "socks"
      },
      {
        "item": "dress_shoes"
      },
      {
        "item": "cassock"
      },
      {
        "item": "holy_symbol"
      },
      {
        "item": "slingpack"
      }
    ]
  },
  {
    "id": "NC_CF_DEACON_misc",
    "type": "item_group",
    "subtype": "collection",
    "entries": [
      {
        "item": "FMCNote",
        "count": [
          2,
          5
        ]
      },
      {
        "item": "holybook_bible2"
      },
      {
        "item": "water_clean"
      },
      {
        "item": "matches"
      },
      {
        "item": "pockknife"
      },
      {
        "group": "charged_cell_phone"
      }
    ]
  },
  {
    "id": "NC_CF_REP_worn",
    "type": "item_group",
    "subtype": "collection",
    "entries": [
      {
        "item": "panties"
      },
      {
        "item": "bra"
      },
      {
        "item": "dress"
      },
      {
        "item": "socks_wool"
      },
      {
        "item": "boots"
      },
      {
        "item": "cloak_wool"
      },
      {
        "item": "jade_brooch"
      },
      {
        "item": "backpack"
      },
      {
        "item": "holy_symbol"
      }
    ]
  },
  {
    "id": "NC_CF_REP_weapon",
    "type": "item_group",
    "subtype": "collection",
    "entries": [
      {
        "item": "q_staff"
      }
    ]
  },
  {
    "id": "NC_CF_REP_misc",
    "type": "item_group",
    "subtype": "collection",
    "items": [
      {
        "item": "CF_golden_scale",
        "count": [
          30,
          60
        ]
      },
      {
        "item": "essence_dull",
        "count": [
          30,
          60
        ]
      },
      {
        "item": "holybook_havamal"
      },
      {
        "item": "book_hexenhammer"
      },
      {
        "item": "water_clean"
      },
      {
        "item": "lighter"
      },
      {
        "group": "rural_church_medical_items",
        "count": [
          3,
          5
        ]
      },
      {
        "group": "cleansing_flame_crafting",
        "count": [
          3,
          5
        ]
      }
    ]
  },
  {
    "id": "NC_CF_GM_worn",
    "type": "item_group",
    "subtype": "collection",
    "entries": [
      {
        "item": "boxer_shorts"
      },
      {
        "item": "dress_shirt"
      },
      {
        "item": "pants"
      },
      {
        "item": "socks"
      },
      {
        "item": "boots"
      },
      {
        "item": "cassock"
      },
      {
        "item": "scabbard"
      },
      {
        "item": "helmet_plate"
      },
      {
        "item": "backpack"
      },
      {
        "item": "amulet_exotic"
      }
    ]
  },
  {
    "id": "NC_CF_GM_weapon",
    "type": "item_group",
    "subtype": "collection",
    "entries": [
      {
        "item": "arming_sword"
      }
    ]
  },
  {
    "id": "NC_CF_GM_misc",
    "type": "item_group",
    "subtype": "collection",
    "items": [
      {
        "item": "CF_golden_scale",
        "count": [
          30,
          60
        ]
      },
      {
        "item": "essence_dull",
        "count": [
          30,
          60
        ]
      },
      {
        "item": "book_hexenhammer"
      },
      {
        "item": "holybook_bible2"
      },
      {
        "item": "water_clean"
      },
      {
        "item": "lighter"
      },
      {
        "group": "rural_church_medical_items",
        "count": [
          3,
          5
        ]
      },
      {
        "group": "cleansing_flame_crafting",
        "count": [
          3,
          5
        ]
      }
    ]
  },
  {
    "id": "NC_CF_SEEKER_worn",
    "type": "item_group",
    "subtype": "collection",
    "entries": [
      {
        "item": "boxer_briefs"
      },
      {
        "item": "dress_shirt"
      },
      {
        "item": "pants"
      },
      {
        "item": "socks"
      },
      {
        "item": "boots"
      },
      {
        "item": "robe"
      },
      {
        "item": "knit_scarf"
      },
      {
        "item": "duffelbag"
      }
    ]
  },
  {
    "id": "NC_CF_SEEKER_misc",
    "type": "item_group",
    "subtype": "collection",
    "items": [
      {
        "item": "CF_golden_scale",
        "count": [
          30,
          60
        ]
      },
      {
        "item": "essence_dull",
        "count": [
          20,
          60
        ]
      },
      {
        "group": "cleansing_flame_books",
        "count": [
          3,
          5
        ]
      },
      {
        "group": "mansion_books",
        "count": [
          2,
          4
        ]
      },
      {
        "group": "cleansing_flame_crafting",
        "count": [
          1,
          3
        ]
      },
      {
        "group": "cleansing_flame_gear_consumables",
        "count": [
          1,
          3
        ]
      },
      {
        "group": "reading_lights"
      }
    ]
  },
  {
    "id": "NC_MAGE_HUNTER_worn",
    "type": "item_group",
    "subtype": "collection",
    "ammo": 100,
    "entries": [
      {
        "distribution": [
          {
            "item": "undershirt",
            "prob": 50
          },
          {
            "item": "long_undertop",
            "prob": 25
          },
          {
            "item": "under_armor",
            "prob": 25
          }
        ]
      },
      {
        "distribution": [
          {
            "item": "boxer_shorts",
            "prob": 50
          },
          {
            "item": "long_underpants",
            "prob": 25
          },
          {
            "item": "under_armor_shorts",
            "prob": 25
          }
        ]
      },
      {
        "distribution": [
          {
            "item": "socks",
            "prob": 50
          },
          {
            "item": "socks_wool",
            "prob": 50
          }
        ]
      },
      {
        "distribution": [
          {
            "item": "pants",
            "prob": 75
          },
          {
            "item": "jeans",
            "prob": 25
          }
        ]
      },
      {
        "distribution": [
          {
            "item": "dress_shirt",
            "prob": 50
          },
          {
            "item": "tshirt",
            "prob": 20
          },
          {
            "item": "longshirt",
            "prob": 20
          },
          {
            "item": "tunic",
            "prob": 10
          }
        ]
      },
      {
        "distribution": [
          {
            "item": "boots",
            "prob": 50
          },
          {
            "item": "dress_shoes",
            "prob": 25
          },
          {
            "item": "boots_larmor",
            "prob": 15
          },
          {
            "item": "boots_plate",
            "prob": 10
          }
        ]
      },
      {
        "distribution": [
          {
            "item": "backpack",
            "prob": 50
          },
          {
            "item": "backpack_leather",
            "prob": 25
          },
          {
            "item": "rucksack",
            "prob": 25
          }
        ]
      },
      {
        "distribution": [
          {
            "item": "chainmail_hood",
            "prob": 50
          },
          {
            "item": "helmet_galea",
            "prob": 15
          },
          {
            "item": "helmet_nasal",
            "prob": 10
          },
          {
            "item": "kufi",
            "prob": 10
          },
          {
            "item": "eboshi",
            "prob": 10
          },
          {
            "item": "kippah",
            "prob": 5
          }
        ],
        "prob": 75
      },
      {
        "distribution": [
          {
            "item": "gloves_leather",
            "prob": 50
          },
          {
            "item": "gauntlets_larmor",
            "prob": 30
          },
          {
            "item": "gloves_plate",
            "prob": 20
          }
        ],
        "prob": 50
      },
      {
        "distribution": [
          {
            "item": "gilded_aegis",
            "prob": 25
          },
          {
            "item": "robe",
            "prob": 25
          },
          {
            "item": "cassock",
            "prob": 25
          },
          {
            "item": "cloak_leather",
            "prob": 10
          },
          {
            "item": "cloak",
            "prob": 10
          },
          {
            "item": "cloak_wool",
            "prob": 5
          }
        ],
        "prob": 75
      },
      {
        "distribution": [
          {
            "item": "mana_gem",
            "prob": 25
          },
          {
            "item": "holy_symbol",
            "prob": 25
          },
          {
            "item": "holy_symbol_wood",
            "prob": 25
          },
          {
            "item": "bead_necklace",
            "prob": 15
          },
          {
            "item": "amulet_exotic",
            "prob": 10
          }
        ],
        "prob": 75
      },
      {
        "item": "somen_clairvoyance",
        "prob": 90
      }
    ]
  },
  {
    "id": "NC_MAGE_HUNTER_misc",
    "type": "item_group",
    "subtype": "collection",
    "items": [
      {
        "item": "water_clean"
      },
      {
        "item": "lighter"
      },
      {
        "item": "book_hexenhammer",
        "prob": 20
      },
      {
        "item": "essence_dull",
        "charges": [
          10,
          25
        ]
      },
      {
        "item": "bolt_steel",
        "charges": [
          10,
          15
        ]
      }
    ]
  },
  {
    "type": "item_group",
    "id": "NC_MAGE_HUNTER_weapon",
    "ammo": 100,
    "items": [
      [
        "warhammer",
        10
      ],
      [
        "mace",
        3
      ],
      [
        "morningstar",
        2
      ],
      [
        "hexenhammer",
        15
      ],
      [
        "arming_sword",
        6
      ],
      [
        "broadsword",
        5
      ],
      [
        "scimitar",
        4
      ],
      [
        "katana",
        3
      ],
      [
        "jian",
        2
      ],
      [
        "sun_sword",
        10
      ],
      [
        "crossbow",
        12
      ],
      [
        "compositecrossbow",
        8
      ],
      [
        "hand_crossbow",
        3
      ],
      [
        "huge_crossbow",
        2
      ],
      [
        "ethereal_crossbow",
        25
      ]
    ]
  },
  {
    "id": "NC_BLOOD_MAGE_APPRENTICE_worn",
    "type": "item_group",
    "subtype": "collection",
    "ammo": 100,
    "entries": [
      {
        "distribution": [
          {
            "item": "undershirt",
            "prob": 10
          },
          {
            "item": "long_undertop",
            "prob": 90
          }
        ]
      },
      {
        "distribution": [
          {
            "item": "boxer_shorts",
            "prob": 10
          },
          {
            "item": "long_underpants",
            "prob": 90
          }
        ]
      },
      {
        "distribution": [
          {
            "item": "socks",
            "prob": 75
          },
          {
            "item": "stockings",
            "prob": 25
          }
        ]
      },
      {
        "group": "clothing_outdoor_torso"
      },
      {
        "group": "clothing_outdoor_pants"
      },
      {
        "group": "clothing_outdoor_shoes"
      },
      {
        "distribution": [
          {
            "item": "backpack",
            "prob": 25
          },
          {
            "item": "mbag",
            "prob": 50
          },
          {
            "item": "slingpack",
            "prob": 50
          }
        ]
      }
    ]
  },
  {
    "id": "NC_BLOOD_MAGE_APPRENTICE_misc",
    "type": "item_group",
    "subtype": "collection",
    "items": [
      {
        "item": "water_clean"
      },
      {
        "item": "matches"
      },
      {
        "distribution": [
          {
            "item": "rag",
            "prob": 25,
            "count": [
              1,
              3
            ]
          },
          {
            "item": "bandages",
            "prob": 75
          }
        ],
        "prob": 75
      },
      {
        "item": "essence_blood",
        "charges": [
          1,
          3
        ],
        "prob": 25
      }
    ]
  },
  {
    "type": "item_group",
    "id": "NC_BLOOD_MAGE_APPRENTICE_weapon",
    "ammo": 100,
    "magazine": 100,
    "items": [
      [
        "sten",
        5
      ],
      [
        "surv_six_shooter",
        10
      ],
      [
        "surv_hand_cannon",
        10
      ],
      [
        "2_shot_special",
        10
      ],
      [
        "surv_carbine_223",
        5
      ],
      [
        "survivor_special_700",
        10
      ],
      [
        "knife_butcher",
        10
      ],
      [
        "machete",
        10
      ],
      [
        "blood_athame",
        5
      ],
      [
        "ax",
        10
      ],
      [
        "hatchet",
        10
      ],
      [
        "bloodaxe",
        5
      ]
    ]
  },
  {
    "id": "NC_BLOOD_MAGE_SHRIKE_worn",
    "type": "item_group",
    "subtype": "collection",
    "ammo": 100,
    "entries": [
      {
        "distribution": [
          {
            "item": "undershirt",
            "prob": 10
          },
          {
            "item": "long_undertop",
            "prob": 90
          }
        ]
      },
      {
        "distribution": [
          {
            "item": "boxer_shorts",
            "prob": 10
          },
          {
            "item": "long_underpants",
            "prob": 90
          }
        ]
      },
      {
        "distribution": [
          {
            "item": "socks",
            "prob": 75
          },
          {
            "item": "stockings",
            "prob": 25
          }
        ]
      },
      {
        "distribution": [
          {
            "collection": [
              {
                "item": "greatcoat"
              },
              {
                "item": "peacoat"
              },
              {
                "item": "breeches"
              },
              {
                "item": "knee_high_boots"
              }
            ],
            "prob": 25
          },
          {
            "collection": [
              {
                "item": "duster"
              },
              {
                "item": "dress_shirt"
              },
              {
                "item": "pants"
              },
              {
                "item": "boots"
              }
            ],
            "prob": 25
          },
          {
            "item": "armor_wyrm",
            "prob": 50
          }
        ]
      },
      {
        "distribution": [
          {
            "item": "tricorne",
            "prob": 25
          },
          {
            "item": "cowboy_hat",
            "prob": 25
          },
          {
            "item": "bowhat",
            "prob": 15
          },
          {
            "item": "hat_newsboy",
            "prob": 10
          },
          {
            "item": "revenant_crown",
            "prob": 15
          },
          {
            "item": "helmet_larmor",
            "prob": 10
          }
        ]
      },
      {
        "distribution": [
          {
            "item": "bandana",
            "prob": 50
          },
          {
            "item": "keffiyeh",
            "prob": 25
          },
          {
            "item": "knit_scarf",
            "prob": 25
          }
        ]
      },
      {
        "distribution": [
          {
            "item": "backpack",
            "prob": 50
          },
          {
            "item": "backpack_leather",
            "prob": 50
          }
        ]
      },
      {
        "item": "flintlock_pouch",
        "contents-group": "NC_BLOOD_MAGE_SHRIKE_ammo"
      },
      {
        "distribution": [
          {
            "item": "scabbard",
            "contents-item": "rapier"
          },
          {
            "item": "sheath",
            "contents-item": "blood_athame"
          }
        ],
        "prob": 90
      }
    ]
  },
  {
    "type": "item_group",
    "subtype": "collection",
    "id": "NC_BLOOD_MAGE_SHRIKE_ammo",
    "entries": [
      {
        "item": "flintlock_ammo",
        "charges": 14
      }
    ]
  },
  {
    "id": "NC_BLOOD_MAGE_SHRIKE_misc",
    "type": "item_group",
    "subtype": "collection",
    "items": [
      {
        "item": "water_clean"
      },
      {
        "item": "matches"
      },
      {
        "item": "bandages"
      },
      {
        "item": "essence_blood",
        "charges": [
          2,
          5
        ],
        "prob": 75
      }
    ]
  },
  {
    "type": "item_group",
    "id": "NC_BLOOD_MAGE_SHRIKE_weapon",
    "ammo": 100,
    "items": [
      [
        "pistol_flintlock",
        50
      ],
      [
        "carbine_flintlock",
        25
      ],
      [
        "rifle_flintlock",
        15
      ],
      [
        "carbine_flintlock_double",
        10
      ]
    ]
  },
  {
    "id": "NC_BLOOD_MAGE_SHRIKE_HUNTMASTER_worn",
    "type": "item_group",
    "subtype": "collection",
    "ammo": 100,
    "entries": [
      {
        "item": "bra"
      },
      {
        "item": "panties"
      },
      {
        "item": "socks"
      },
      {
        "item": "peacoat"
      },
      {
        "item": "breeches"
      },
      {
        "item": "boots"
      },
      {
        "item": "robe_shadow"
      },
      {
        "item": "tricorne"
      },
      {
        "item": "backpack"
      },
      {
        "item": "scabbard"
      }
    ]
  },
  {
    "id": "NC_BLOOD_MAGE_SHRIKE_HUNTMASTER_weapon",
    "type": "item_group",
    "subtype": "collection",
    "entries": [
      {
        "item": "butterfly_swords"
      }
    ]
  },
  {
    "id": "NC_BLOOD_MAGE_SHRIKE_MERCHANT_worn",
    "type": "item_group",
    "subtype": "collection",
    "entries": [
      {
        "item": "boxer_shorts"
      },
      {
        "item": "socks"
      },
      {
        "item": "armor_wyrm"
      },
      {
        "item": "cloak"
      },
      {
        "item": "gloves_plate"
      },
      {
        "item": "helmet_nasal"
      },
      {
        "item": "backpack"
      }
    ]
  },
  {
    "id": "NC_BLOOD_MAGE_SHRIKE_MERCHANT_weapon",
    "type": "item_group",
    "subtype": "collection",
    "entries": [
      {
        "item": "zweihander"
      }
    ]
  },
  {
    "id": "NC_BLOOD_MAGE_SHRIKE_MERCHANT_misc",
    "type": "item_group",
    "subtype": "collection",
    "items": [
      {
        "item": "CF_golden_scale",
        "count": [
          15,
          30
        ]
      },
      {
        "item": "matches"
      },
      {
        "group": "stash_food",
        "count": [
          2,
          4
        ]
      },
      {
        "group": "rural_church_medical_items",
        "count": [
          1,
          3
        ]
      },
      {
        "item": "essence_blood",
        "charges": [
          5,
          10
        ]
      }
    ]
  },
  {
    "id": "NC_BLOOD_MAGE_MAGUS_worn",
    "type": "item_group",
    "subtype": "collection",
    "entries": [
      {
        "item": "loincloth"
      },
      {
        "item": "tunic"
      },
      {
        "item": "robe"
      },
      {
        "item": "gloves_fingerless"
      },
      {
        "item": "footrags"
      },
      {
        "item": "bastsandals"
      },
      {
        "item": "backpack"
      },
      {
        "item": "sheath",
        "contents-item": "blood_athame"
      },
      {
        "item": "charm_bone"
      }
    ]
  },
  {
    "id": "NC_BLOOD_MAGE_MAGUS_weapon",
    "type": "item_group",
    "subtype": "collection",
    "ammo": 100,
    "entries": [
      {
        "item": "bloodscourge"
      }
    ]
  },
  {
    "id": "NC_BLOOD_MAGE_MAGUS_misc",
    "type": "item_group",
    "subtype": "collection",
    "items": [
      {
        "item": "water_clean"
      },
      {
        "item": "matches"
      },
      {
        "item": "bandages"
      },
      {
        "item": "bowl_clay"
      },
      {
        "item": "essence_blood",
        "count": [
          5,
          15
        ]
      },
      {
        "item": "book_bloodmagic"
      },
      {
        "group": "sanguine_cult_spells",
        "prob": 75
      }
    ]
  },
  {
    "id": "NC_CF_AUX_MAGE_worn",
    "type": "item_group",
    "subtype": "collection",
    "entries": [
      {
        "item": "bra"
      },
      {
        "item": "panties"
      },
      {
        "item": "pants"
      },
      {
        "item": "dress_shirt"
      },
      {
        "item": "robe"
      },
      {
        "item": "keffiyeh"
      },
      {
        "item": "gloves_fingerless"
      },
      {
        "item": "socks"
      },
      {
        "item": "boots"
      },
      {
        "item": "backpack"
      },
      {
        "item": "mana_gem"
      }
    ]
  },
  {
    "id": "NC_CF_AUX_MAGE_misc",
    "type": "item_group",
    "subtype": "collection",
    "items": [
      {
        "item": "CF_golden_scale",
        "count": [
          30,
          60
        ]
      },
      {
        "item": "water_clean"
      },
      {
        "item": "lighter"
      },
      {
        "group": "gear_survival",
        "count": [
          3,
          6
        ]
      },
      {
        "group": "magic_crafting",
        "count": [
          3,
          6
        ]
      },
      {
        "group": "unaligned_arcanist_books",
        "count": [
          3,
          5
        ]
      },
      {
        "group": "unaligned_arcanist_spells",
        "prob": 25,
        "count": [
          1,
          2
        ]
      }
    ]
  },
  {
    "type": "item_group",
    "id": "NC_CF_AUX_MERC_worn",
    "subtype": "collection",
    "entries": [
      {
        "item": "boxer_shorts"
      },
      {
        "item": "socks"
      },
      {
        "item": "kevlar"
      },
      {
        "item": "dress_shirt"
      },
      {
        "item": "jeans"
      },
      {
        "item": "leather_pouch"
      },
      {
        "item": "bandana"
      },
      {
        "item": "sheath",
        "contents-item": "knife_hunting"
      },
      {
        "item": "colt_saa",
        "ammo-item": "reloaded_45colt_jhp",
        "charges": 6,
        "container-item": "holster"
      },
      {
        "item": "duster"
      },
      {
        "item": "cowboy_hat"
      },
      {
        "item": "boots"
      }
    ]
  },
  {
    "type": "item_group",
    "id": "NC_CF_AUX_MERC_weapon",
    "subtype": "collection",
    "entries": [
      {
        "item": "1895sbl",
        "ammo-item": "reloaded_4570_pen",
        "charges": 7,
        "contents-item": "shoulder_strap"
      }
    ]
  },
  {
    "id": "NC_CF_AUX_MERC_misc",
    "type": "item_group",
    "subtype": "collection",
    "items": [
      {
        "item": "water_clean"
      },
      {
        "item": "matches"
      },
      {
        "item": "bandages"
      },
      {
        "item": "reloaded_45colt_jhp",
        "charges": [
          40,
          60
        ]
      },
      {
        "item": "reloaded_4570_pen",
        "charges": [
          30,
          50
        ]
      }
    ]
  },
  {
    "id": "NC_ARSONIST_random",
    "type": "item_group",
    "items": [
      [
        "bloodscourge",
        1
      ]
    ]
  },
  {
    "id": "NC_ARSONIST_misc",
    "type": "item_group",
    "items": [
      [
        "bloodaxe",
        1
      ]
    ]
  },
  {
    "id": "NC_BOUNTY_HUNTER_coat",
    "type": "item_group",
    "items": [
      [
        "gilded_aegis",
        1
      ]
    ]
  },
  {
    "id": "NC_DOCTOR_misc",
    "type": "item_group",
    "items": [
      [
        "healing_potion",
        5
      ]
    ]
  },
  {
    "id": "NC_HUNTER_archery",
    "type": "item_group",
    "items": [
      [
        "ethereal_crossbow",
        1
      ]
    ]
  },
  {
    "id": "NC_HUNTER_misc",
    "type": "item_group",
    "items": [
      [
        "graboid_fang",
        1
      ],
      [
        "bone_twisted",
        1
      ],
      [
        "gracken_knuckles",
        1
      ],
      [
        "wyrmskin_piece",
        1
      ],
      [
        "monster_fang",
        1
      ],
      [
        "iridescent_plate",
        1
      ]
    ]
  },
  {
    "id": "NC_JUNK_SHOPKEEP_misc",
    "type": "item_group",
    "items": [
      [
        "scroll_blank",
        10
      ],
      [
        "silver_glyph",
        5
      ]
    ]
  },
  {
    "id": "NC_SCAVENGER_gloves",
    "type": "item_group",
    "items": [
      [
        "gauntlets_necro",
        1
      ]
    ]
  },
  {
    "id": "NC_SCAVENGER_archery",
    "type": "item_group",
    "items": [
      [
        "ethereal_crossbow",
        1
      ]
    ]
  },
  {
    "id": "NC_SCAVENGER_misc",
    "type": "item_group",
    "items": [
      [
        "numbness_potion",
        1
      ],
      [
        "healing_potion",
        1
      ],
      [
        "scroll_sun",
        1
      ],
      [
        "scroll_artiface",
        1
      ],
      [
        "totem_confusion",
        1
      ],
      [
        "totem_insight",
        1
      ],
      [
        "totem_plants",
        1
      ]
    ]
  },
  {
    "id": "npc_extra",
    "type": "item_group",
    "items": [
      [
        "triffid_garland",
        1
      ],
      [
        "amulet_exotic",
        1
      ],
      [
        "brooch_iridescent",
        1
      ]
    ]
  },
  {
    "id": "NC_EVAC_SHOPKEEP_misc",
    "type": "item_group",
    "subtype": "collection",
    "items": [
      {
        "item": "CF_golden_scale",
        "count": [
          10,
          60
        ],
        "prob": 30
      },
      {
        "group": "cleansing_flame_gear_consumables",
        "count": [
          1,
          3
        ],
        "prob": 10
      }
    ]
  }
]