[
  {
    "type": "npc",
    "id": "the_hermit",
    "name_unique": "Alexander Cornett",
    "name_suffix": "Hermit",
    "gender": "male",
    "class": "NC_HERMIT",
    "attitude": 0,
    "mission": 7,
    "chat": "TALK_HERMIT",
    "faction": "keeper_remnant",
    "mission_offered": "MISSION_HERMIT_RETRIEVE_SWORD"
  },
  {
    "type": "npc",
    "id": "cf_deacon",
    "//": "Provides plot hook to visit the rural church.",
    "name_unique": "Dorian Vance",
    "name_suffix": "Deacon",
    "gender": "male",
    "class": "NC_CF_DEACON",
    "attitude": 0,
    "mission": 7,
    "chat": "TALK_CF_DEACON",
    "faction": "free_merchants",
    "mission_offered": "MISSION_CF_DEACON_1"
  },
  {
    "type": "npc",
    "id": "cleansing_flame_representative",
    "//": "Primary quest source.",
    "name_unique": "Sofia McKinnon",
    "name_suffix": "Thane",
    "gender": "female",
    "class": "NC_CF_REP",
    "attitude": 0,
    "mission": 3,
    "chat": "TALK_CF_REP",
    "faction": "cleansing_flame",
    "mission_offered": "MISSION_CF_REP_1"
  },
  {
    "type": "npc",
    "id": "mage_hunter_guard",
    "//": "Cleansing Flame guard, generic.",
    "name_suffix": "Mage Hunter",
    "class": "NC_MAGE_HUNTER",
    "attitude": 0,
    "mission": 7,
    "chat": "TALK_MAGE_HUNTER",
    "faction": "cleansing_flame"
  },
  {
    "type": "npc",
    "id": "cleansing_flame_grandmaster",
    "//": "Secondary quest source.",
    "name_unique": "Johnathan Leone",
    "name_suffix": "Grandmaster",
    "gender": "male",
    "class": "NC_CF_GM",
    "attitude": 0,
    "mission": 7,
    "chat": "TALK_CF_GM",
    "faction": "cleansing_flame",
    "mission_offered": "MISSION_CF_GM_1"
  },
  {
    "type": "npc",
    "id": "mage_hunter_seeker",
    "//": "Minor merchant.",
    "name_unique": "Matthew Desai",
    "name_suffix": "Seeker",
    "gender": "male",
    "class": "NC_CF_SEEKER",
    "attitude": 0,
    "mission": 3,
    "chat": "TALK_CF_SEEKER",
    "faction": "cleansing_flame"
  },
  {
    "type": "npc",
    "id": "cleansing_flame_purifier_rep",
    "//": "Future mission source.",
    "name_unique": "Nicholas Hartman",
    "name_suffix": "Arcane Purifier",
    "gender": "male",
    "class": "NC_DOCTOR",
    "attitude": 0,
    "mission": 7,
    "chat": "TALK_CF_PURIFIER",
    "faction": "cleansing_flame",
    "mission_offered": "MISSION_CF_PURIFIER_1"
  },
  {
    "type": "npc",
    "id": "cleansing_flame_purifier_merchant",
    "//": "Minor merchant.",
    "name_suffix": "Arcane Purifier",
    "class": "NC_SCIENTIST",
    "attitude": 0,
    "mission": 3,
    "chat": "TALK_CF_PURIFIER",
    "faction": "cleansing_flame",
    "mission_offered": "MISSION_CF_PURIFIER_2"
  },
  {
    "type": "npc",
    "id": "sanguine_order_apprentice_generic",
    "//": "Sanguine Order cannon fodder, in an area you're not supposed to be in.",
    "name_suffix": "Apprentice",
    "class": "NC_BLOOD_MAGE_APPRENTICE",
    "attitude": 10,
    "mission": 7,
    "chat": "TALK_DONE",
    "faction": "sanguine_order_remnant"
  },
  {
    "type": "npc",
    "id": "sanguine_order_apprentice",
    "//": "Sanguinist you can encounter topside, has some dialogue.",
    "name_suffix": "Apprentice",
    "class": "NC_BLOOD_MAGE_APPRENTICE",
    "attitude": 1,
    "mission": 7,
    "chat": "TALK_BLOOD_MAGE_APPRENTICE",
    "faction": "sanguine_order_remnant"
  },
  {
    "type": "npc",
    "id": "sanguine_order_shrike",
    "//": "Oh shit, they have a shrike too.  Some dialogue if the player gives them a chance to speak up.",
    "name_suffix": "Sanguine Shrike",
    "class": "NC_BLOOD_MAGE_SHRIKE",
    "attitude": 1,
    "mission": 7,
    "chat": "TALK_BLOOD_MAGE_SHRIKE_ROGUE",
    "faction": "sanguine_order_remnant"
  },
  {
    "type": "npc",
    "id": "sanguine_order_shrike_renegade",
    "//": "Generic rogue member of the Sanguine Order, not immediately hostile.",
    "name_suffix": "Sanguine Shrike",
    "class": "NC_BLOOD_MAGE_SHRIKE_GENERIC",
    "attitude": 0,
    "mission": 7,
    "chat": "TALK_BLOOD_MAGE_SHRIKE_SPLINTER",
    "faction": "sanguine_shrike_splinter"
  },
  {
    "type": "npc",
    "id": "sanguine_order_shrike_huntmaster",
    "//": "Rogue member of the Sanguine Order, quest target.",
    "name_unique": "Elena Crowell",
    "name_suffix": "Huntmaster",
    "gender": "female",
    "class": "NC_BLOOD_MAGE_SHRIKE_HUNTMASTER",
    "attitude": 1,
    "mission": 3,
    "chat": "TALK_BLOOD_MAGE_SHRIKE_SPLINTER",
    "faction": "sanguine_shrike_splinter"
  },
  {
    "type": "npc",
    "id": "cf_shrike_merchant",
    "//": "Former Sanguine Shrike, optional merchant and dialogue source.",
    "name_unique": "Horace Blackwell",
    "name_suffix": "Shrike",
    "gender": "male",
    "class": "NC_BLOOD_MAGE_SHRIKE_MERCHANT",
    "attitude": 0,
    "mission": 7,
    "chat": "TALK_SHRIKE_MERCHANT",
    "faction": "cleansing_flame"
  },
  {
    "type": "npc",
    "id": "sanguine_order_magus",
    "//": "The specific person Jonathan sent you to kill, a proper magus.",
    "name_suffix": "Blood Mage",
    "class": "NC_BLOOD_MAGE_MAGUS",
    "attitude": 10,
    "mission": 7,
    "chat": "TALK_DONE",
    "faction": "sanguine_order_remnant"
  },
  {
    "type": "npc",
    "id": "cf_auxillery_guard_1",
    "//": "Recruited guard, generic classless version.  Used by the Wasteland Scavengers option.",
    "name_suffix": "Scavenger",
    "class": "NC_NONE",
    "attitude": 0,
    "mission": 7,
    "chat": "TALK_GUARD_CF_AUX",
    "faction": "cleansing_flame"
  },
  {
    "type": "npc",
    "id": "cf_auxillery_guard_2",
    "//": "Recruited guard, generic soldier version.  Used by the Old Guard option.",
    "name_suffix": "Soldier",
    "class": "NC_SOLDIER",
    "attitude": 0,
    "mission": 7,
    "chat": "TALK_GUARD_CF_AUX",
    "faction": "cleansing_flame"
  },
  {
    "type": "npc",
    "id": "cf_auxillery_guard_3",
    "//": "Recruited guard, generic cowboy version.  Used by the broker and crop overseer options.",
    "name_suffix": "Guard",
    "class": "NC_COWBOY",
    "attitude": 0,
    "mission": 7,
    "chat": "TALK_GUARD_CF_AUX",
    "faction": "cleansing_flame"
  },
  {
    "type": "npc",
    "id": "cf_auxillery_guard_4",
    "//": "Recruited guard, generic scavenger version.  Used by the scavenger merc and scavenger boss options.",
    "name_suffix": "Mercenary",
    "class": "NC_SCAVENGER",
    "attitude": 0,
    "mission": 7,
    "chat": "TALK_GUARD_CF_AUX",
    "faction": "cleansing_flame"
  },
  {
    "type": "npc",
    "id": "cf_auxillery_merchant_1",
    "//": "Recruited merchant, classless version.  Used by the Wasteland Scavengers option.",
    "name_suffix": "Trader",
    "class": "NC_TRADER",
    "attitude": 0,
    "mission": 3,
    "chat": "TALK_MERCHANT_CF_AUX",
    "faction": "cleansing_flame",
    "mission_offered": "MISSION_CF_AUX_A"
  },
  {
    "type": "npc",
    "id": "cf_auxillery_merchant_2",
    "//": "Recruited merchant, hunter version.  Used by the Free Merchant option.",
    "name_suffix": "Hunter",
    "class": "NC_TRADER",
    "attitude": 0,
    "mission": 3,
    "chat": "TALK_MERCHANT_CF_AUX",
    "faction": "cleansing_flame",
    "mission_offered": "MISSION_CF_AUX_B"
  },
  {
    "type": "npc",
    "id": "cf_auxillery_merchant_3",
    "//": "Recruited merchant, doctor version.  Used by the Old Guard option.",
    "name_suffix": "Doctor",
    "class": "NC_DOCTOR",
    "attitude": 0,
    "mission": 3,
    "chat": "TALK_MERCHANT_CF_AUX",
    "faction": "cleansing_flame",
    "mission_offered": "MISSION_CF_AUX_C"
  },
  {
    "type": "npc",
    "id": "cf_auxillery_merchant_4",
    "//": "Recruited merchant, mercenary version.  Used by the Scavenger Merc option.",
    "name_suffix": "Mercenary Leader",
    "class": "NC_SCAVENGER_MERC",
    "attitude": 0,
    "mission": 3,
    "chat": "TALK_MERCHANT_CF_AUX",
    "faction": "cleansing_flame"
  },
  {
    "type": "npc",
    "id": "cf_auxillery_merchant_5",
    "//": "Recruited merchant.  Functionally same as classless version, but with a different mission.",
    "name_suffix": "Farmhand",
    "class": "NC_TRADER",
    "attitude": 0,
    "mission": 3,
    "chat": "TALK_MERCHANT_CF_AUX",
    "faction": "cleansing_flame",
    "mission_offered": "MISSION_CF_AUX_D"
  },
  {
    "type": "npc",
    "id": "cf_auxillery_merchant_6",
    "//": "Recruited merchant, junk shopkeep.  Unlocked by advanced Tacoma Commune option.",
    "name_suffix": "Junk Dealer",
    "class": "NC_JUNK_SHOPKEEP",
    "attitude": 0,
    "mission": 3,
    "chat": "TALK_MERCHANT_CF_AUX",
    "faction": "cleansing_flame",
    "mission_offered": "MISSION_CF_AUX_E"
  },
  {
    "type": "npc",
    "id": "cf_auxillery_mage",
    "//": "Optional recruit, flavor dialogue and might teach you some things.",
    "name_unique": "Celine Frias",
    "name_suffix": "Arcanist",
    "gender": "female",
    "class": "NC_CF_AUX_MAGE",
    "attitude": 0,
    "mission": 3,
    "chat": "TALK_CF_AUX_MAGE",
    "faction": "cleansing_flame"
  },
  {
    "type": "npc",
    "id": "cf_auxillery_mercenary",
    "//": "Optional recruit, source of banter and can be hired as a mercenary.",
    "name_unique": "Abraham McClain",
    "name_suffix": "Gunslinger",
    "gender": "male",
    "class": "NC_CF_AUX_MERC",
    "attitude": 0,
    "mission": 7,
    "chat": "TALK_CF_AUX_MERC",
    "faction": "cleansing_flame"
  }
]