[
  {
    "type": "talk_topic",
    "id": "TALK_MAGE_HUNTER",
    "dynamic_line": {
      "u_has_effect": "cf_mission_1",
      "yes": [
        "I'm glad that you're still in one piece for now.",
        "It's good to see you alive and well.",
        {
          "u_has_any_trait": [
            "PROF_CLEANSINGFLAME",
            "PROF_CLEANSINGFLAME2"
          ],
          "yes": {
            "u_male": "Welcome back, Brother.",
            "no": "Welcome back, Sister."
          },
          "no": "Welcome back."
        },
        {
          "u_has_trait": "PROF_SANGUINE",
          "yes": [
            "I never thought we'd end up working together.  A welcome reprieve, I suppose.",
            "I'm glad we aren't fighting each other for once."
          ],
          "no": "Thank you once again for your help here."
        }
      ],
      "no": {
        "u_has_effect": "cf_hunter_motive",
        "yes": [
          "Greetings once again.",
          "You are welcome here, so long as you cause no trouble.",
          "It would be best if you speak with Thane McKinnon first and foremost.",
          "You are welcome here, so long as you cause no trouble."
        ],
        "no": {
          "u_has_any_trait": [
            "PROF_SANGUINE",
            "THRESH_DRAGONBLOOD"
          ],
          "yes": [
            "Cause no trouble, blood mage.",
            "I have nothing to say to you, sanguinist.",
            "I can sense the taint of blood magic even without a mask.  Why are you here?",
            "If not for Thane McKinnon's orders, I would slay you where you stand.  What do you want?",
            "We will tolerate your presence so long as you don't try anything, but we are watching, sanguinist."
          ],
          "no": {
            "u_has_any_trait": [
              "PROF_ARCANIST2",
              "THRESH_VEIL"
            ],
            "yes": [
              "There's something off about you.  Cause no trouble here…",
              "I'm watching you.  What are you here for?",
              "If not for Sofia's orders, I would have to search you for any dangerous magic.  Don't make me regret that.",
              "I can sense dangerous magic about you.  Tread lightly, this is sacred ground.",
              "Something about you makes me uneasy…"
            ],
            "no": [
              "Greetings.",
              "Hello.  You are welcome to stay if needed.",
              "A visitor?  Speak with Thane McKinnon, she can best answer any questions you may have.",
              "Welcome.  If you are here to trade, I'm afraid we have little to offer.",
              {
                "u_has_any_trait": [
                  "PROF_CLEANSINGFLAME",
                  "PROF_CLEANSINGFLAME2"
                ],
                "yes": {
                  "u_male": [
                    "Welcome, Brother.  This is our sanctum, for now.",
                    "Greetings, Brother.  I'm glad we aren't the only ones left."
                  ],
                  "no": [
                    "Welcome, Sister.  This is our sanctum, for now.",
                    "Greetings, Sister.  I'm glad we aren't the only ones left."
                  ]
                },
                "no": "Cause no trouble, and you will be welcome here."
              }
            ]
          }
        }
      }
    },
    "responses": [
      {
        "text": "约翰纳森说我应该请你们中的一个帮忙？",
        "topic": "TALK_MAGE_HUNTER_RECRUIT_2",
        "effect": {
          "u_add_effect": "cf_mission_3_recruited_3",
          "duration": "PERMANENT"
        },
        "condition": {
          "and": [
            {
              "u_has_mission": "MISSION_CF_GM_4"
            },
            {
              "not": {
                "u_has_effect": "cf_mission_3_recruited_3"
              }
            }
          ]
        }
      },
      {
        "text": "约翰纳森说我应该请你们中的一个帮忙？",
        "topic": "TALK_MAGE_HUNTER_RECRUIT_2",
        "effect": {
          "u_add_effect": "cf_mission_3_recruited_2",
          "duration": "PERMANENT"
        },
        "condition": {
          "and": [
            {
              "or": [
                {
                  "u_has_mission": "MISSION_CF_GM_3"
                },
                {
                  "u_has_mission": "MISSION_CF_GM_4"
                }
              ]
            },
            {
              "not": {
                "u_has_effect": "cf_mission_3_recruited_2"
              }
            }
          ]
        }
      },
      {
        "text": "索菲亚说我应该请你们中的一个帮忙？",
        "topic": "TALK_MAGE_HUNTER_RECRUIT",
        "condition": {
          "and": [
            {
              "u_has_mission": "MISSION_CF_REP_3"
            },
            {
              "not": {
                "u_has_effect": "cf_mission_3_recruited"
              }
            }
          ]
        }
      },
      {
        "text": "这是什么地方？",
        "topic": "TALK_MAGE_HUNTER_WHERE"
      },
      {
        "text": "你们是谁啊？",
        "topic": "TALK_MAGE_HUNTER_WHO",
        "condition": {
          "not": {
            "u_has_any_trait": [
              "PROF_CLEANSINGFLAME",
              "PROF_CLEANSINGFLAME2"
            ]
          }
        }
      },
      {
        "text": "有什么我能帮忙的吗？",
        "topic": "TALK_MAGE_HUNTER_HELP"
      },
      {
        "text": "我们还剩下什么？",
        "topic": "TALK_MAGE_HUNTER_REMAIN",
        "condition": {
          "u_has_any_trait": [
            "PROF_CLEANSINGFLAME",
            "PROF_CLEANSINGFLAME2"
          ]
        }
      },
      {
        "text": "我不是来找麻烦的。为什么会有这样的敌意？",
        "topic": "TALK_MAGE_HUNTER_OTHERWORLDLY",
        "condition": {
          "and": [
            {
              "not": {
                "u_has_effect": "cf_mission_1"
              }
            },
            {
              "not": {
                "u_has_effect": "cf_hunter_motive"
              }
            },
            {
              "not": {
                "u_has_trait": "PROF_SANGUINE"
              }
            },
            {
              "u_has_any_trait": [
                "THRESH_DRAGONBLOOD",
                "PROF_ARCANIST2",
                "THRESH_VEIL"
              ]
            }
          ]
        }
      },
      {
        "text": "我不是来和你战斗的，亨特。",
        "topic": "TALK_MAGE_HUNTER_SANGUINE",
        "condition": {
          "and": [
            {
              "not": {
                "u_has_effect": "cf_mission_1"
              }
            },
            {
              "u_has_trait": "PROF_SANGUINE"
            }
          ]
        }
      },
      {
        "text": "把你的态度拿出来，猎人法师。",
        "topic": "TALK_MAGE_HUNTER_INSULT",
        "opinion": {
          "value": -3,
          "anger": 1
        },
        "effect": [
          {
            "u_faction_rep": -1
          }
        ],
        "condition": {
          "and": [
            {
              "not": {
                "u_has_effect": "cf_mission_1"
              }
            },
            {
              "u_has_trait": "PROF_SANGUINE"
            }
          ]
        }
      },
      {
        "text": "好吧，再见。",
        "topic": "TALK_DONE"
      }
    ]
  },
  {
    "id": "TALK_MAGE_HUNTER_RECRUIT",
    "type": "talk_topic",
    "dynamic_line": [
      "So long as the Sun shines upon the Earth.  I am prepared to do my duty.",
      "So be it.  When you're ready.",
      "Dii vult.  Let's go.",
      "We'll manage, but thank you.  Speak with Sofia, she might have something for you to do.",
      {
        "u_has_trait": "PROF_CLEANSINGFLAME",
        "yes": {
          "u_male": "As you see fit, Brother.",
          "no": "As you see fit, Sister."
        },
        "no": "As you see fit."
      },
      {
        "u_has_trait": "PROF_SANGUINE",
        "yes": [
          "I sure hope Sofia knows what she's doing… let's go then.",
          "Alright.  Stay in my sight.",
          "I see.  Be careful, and remember.  This thing is a threat, not something to toy around with."
        ],
        "no": "At your command, then."
      }
    ],
    "responses": [
      {
        "text": "走吧。",
        "topic": "TALK_DONE",
        "effect": [
          {
            "u_add_effect": "cf_mission_3_recruited",
            "duration": "PERMANENT"
          },
          "follow"
        ]
      }
    ]
  },
  {
    "id": "TALK_MAGE_HUNTER_RECRUIT_2",
    "type": "talk_topic",
    "dynamic_line": [
      "So long as the Sun shines upon the Earth.  I am prepared to do my duty.",
      "When you're ready.",
      "Dii vult.  Lead the way.",
      {
        "u_has_trait": "PROF_CLEANSINGFLAME",
        "yes": {
          "u_male": "As you see fit, Brother.",
          "no": "As you see fit, Sister."
        },
        "no": "As you see fit."
      },
      {
        "u_has_trait": "PROF_SANGUINE",
        "yes": [
          "If the Grandmaster trusts your judgment, so be it.",
          "Alright.  Stay in my sight.",
          {
            "u_has_mission": "MISSION_CF_GM_3",
            "yes": "I see.  You know full well how dangerous these sanguinists can be, be on your guard.",
            "no": "I see.  I hope you are prepared for this, be on your guard."
          }
        ],
        "no": {
          "u_has_mission": "MISSION_CF_GM_3",
          "yes": "May the blood mages find justice, under the hammer of the gods.",
          "no": "May we find peace, through bringing light into unholy darkness."
        }
      }
    ],
    "responses": [
      {
        "text": "走吧。",
        "topic": "TALK_DONE",
        "effect": "follow"
      }
    ]
  },
  {
    "id": "TALK_MAGE_HUNTER_WHERE",
    "type": "talk_topic",
    "dynamic_line": [
      "An old church, it seems.  Best place we could find for shelter.",
      "Local parish church, hallowed ground is a good place for a sanctum, and it's a sturdy building against mundane threats.",
      "A church.  Moved some things around to make it better shelter, a few of the others added personal touches of their own.  Of many faiths, after all…",
      "For now, our sanctum.  Cities have become too dangerous.",
      "Don't know much about the place itself.  Thane McKinnon could tell you more, I suspect."
    ],
    "responses": [
      {
        "text": "我懂了。",
        "topic": "TALK_MAGE_HUNTER"
      }
    ]
  },
  {
    "id": "TALK_MAGE_HUNTER_HELP",
    "type": "talk_topic",
    "dynamic_line": [
      "I have no jobs for you.",
      "I'm afraid I have nothing you can help with.",
      "Talk to Thane McKinnon or one of the others in charge here, they should have something you can help with.",
      "The others here should have work if you need it.",
      "We'll manage, but thank you.  Speak with Sofia, she might have something for you to do.",
      {
        "u_has_trait": "PROF_SANGUINE",
        "yes": {
          "u_has_effect": "cf_mission_1",
          "yes": [
            "A pleasant surprise surprise to hear.  I have nothing for you however, speak to the others in charge here.",
            "You know the drill.  Speak with Thane McKinnon.",
            "I sure hope Sofia knows what she's doing …right.  Talk to her if you're looking for work."
          ],
          "no": [
            "You?  A blood mage? Is this a trick of some kind?  If you're honest about it, speak with those in charge here.",
            "Never thought I'd hear that from a blood mage.  Speak with Thane McKinnon.  If this is a trick of some kind, remember.  We.  Are.  Watching you.",
            "I have nothing for you, sanguinist."
          ]
        },
        "no": "I have nothing for you, sadly."
      }
    ],
    "responses": [
      {
        "text": "哦，好吧。",
        "topic": "TALK_MAGE_HUNTER"
      }
    ]
  },
  {
    "id": "TALK_MAGE_HUNTER_WHO",
    "type": "talk_topic",
    "dynamic_line": [
      "Hunters of otherworldly monsters.  It's the least we can do, in times like these.",
      "Of many faiths, united in purpose.  Thane McKinnon would be better able to tell you more.",
      "Before all this started, a gathering of different religious communities.  Before my time, I'm afraid.",
      "Survivors, at this point.  All that matters now, so long as we don't abandon our duties in the process.",
      "You've seen the monsters, right?  Strange events perhaps, supernatural even?  Our purpose is to do what little we can, to protect people from things like that."
    ],
    "responses": [
      {
        "text": "我懂了。",
        "topic": "TALK_MAGE_HUNTER"
      }
    ]
  },
  {
    "id": "TALK_MAGE_HUNTER_REMAIN",
    "type": "talk_topic",
    "dynamic_line": [
      "You're the first of our brethren outside our hunting party that I've seen since this mess started.  I wish I could tell you more.",
      "If any of us know, Thane McKinnon would.  Ask her.",
      "I wish I knew for certain.  Sofia remains confident that others are out there, and I suppose your arrival confirms that.  Beyond that, we shall see.",
      "There has to be.  I cannot say for certain, but by the gods we can't be all that's left…"
    ],
    "responses": [
      {
        "text": "你还坚持信仰吗？",
        "topic": "TALK_MAGE_HUNTER_FAITH"
      },
      {
        "text": "我懂了。",
        "topic": "TALK_MAGE_HUNTER"
      }
    ]
  },
  {
    "id": "TALK_MAGE_HUNTER_FAITH",
    "type": "talk_topic",
    "dynamic_line": [
      "So long as the Sun shines upon the Earth.  We're not out of this yet.",
      "Respect the gods in equal measure, no matter the faith I serve.  We do not stray from our purpose.",
      "Cross and hammer, crescent and gate.  And a couple other faiths beyond those of the founders.  We still stand together.",
      "We have not wavered.  Sofia has seen to that."
    ],
    "responses": [
      {
        "text": "很好。",
        "topic": "TALK_MAGE_HUNTER"
      }
    ]
  },
  {
    "id": "TALK_MAGE_HUNTER_OTHERWORLDLY",
    "type": "talk_topic",
    "dynamic_line": {
      "u_has_trait": "THRESH_DRAGONBLOOD",
      "yes": [
        "Your body bears the scars of blood magic.  Why should I trust your intentions?",
        "Then tell me, why you've been afflicted by something that only powerful blood magic can produce.",
        "You bear the mark of magic that we've only ever seen in association with the Sanguine Order.  Explain yourself."
      ],
      "no": [
        "The magic I sense pervading you is not of this world.  What is it?",
        "My apologies.  I can sense some manner of strange power about you, which is rarely a good sign.  Would you please explain the cause of this?",
        "There is a touch of the otherworldly about you.  We have seen countless reasons to be wary of such things.  What is the cause?"
      ]
    },
    "responses": [
      {
        "text": "我可以向你保证，我不是他们中的一员。",
        "condition": {
          "u_has_trait": "THRESH_DRAGONBLOOD"
        },
        "switch": true,
        "effect": {
          "u_add_effect": "cf_hunter_motive",
          "duration": "PERMANENT"
        },
        "topic": "TALK_MAGE_HUNTER_OTHERWORLDLY_DRAGONBLOOD"
      },
      {
        "text": "我是他从面纱之外选择的。",
        "condition": {
          "u_has_trait": "THRESH_VEIL"
        },
        "effect": {
          "u_add_effect": "cf_hunter_motive",
          "duration": "PERMANENT"
        },
        "topic": "TALK_MAGE_HUNTER_OTHERWORLDLY_VEIL"
      },
      {
        "text": "我是一个神秘主义者的学生，受过召唤术的训练。",
        "condition": {
          "u_has_trait": "PROF_ARCANIST2"
        },
        "switch": true,
        "topic": "TALK_MAGE_HUNTER_OTHERWORLDLY_ARCANIST"
      },
      {
        "text": "我不需要向你解释任何事情。",
        "opinion": {
          "value": -1,
          "trust": -1
        },
        "topic": "TALK_MAGE_HUNTER_OTHERWORLDLY_SECRETS"
      }
    ]
  },
  {
    "id": "TALK_MAGE_HUNTER_OTHERWORLDLY_DRAGONBLOOD",
    "type": "talk_topic",
    "dynamic_line": [
      "I am willing to trust you on this.  We are taking a great risk here, and I hope that Sofia's judgment is correct…",
      "Your alterations tell a tale of dangerous magic.  But I can sense that you lack the taint that pervades members of the Sanguine Order.  Cause no trouble, and you will be welcome here.",
      "I know not how you became like this, but as our tenets teach, \"Hold no malice against one corrupted by the Beyond, for the consequences are their own punishment.\"  You are welcome here as long as you do not prove our lenience misguided."
    ],
    "responses": [
      {
        "text": "理解。",
        "topic": "TALK_MAGE_HUNTER"
      }
    ]
  },
  {
    "id": "TALK_MAGE_HUNTER_OTHERWORLDLY_VEIL",
    "type": "talk_topic",
    "dynamic_line": [
      "I see.  I hold no ill will against you, regardless of our past clashes with those of your faith.  You're still human.  \"Cast aside your schisms and strife\" as the tenet goes.",
      "Understood.  I will trust that your master will guide you down the correct path.  Speak with Thane McKinnon when you get the chance, she may know what to do.  Godspeed.",
      "You play with dangerous power, Keeper.  Even if you weren't a part of their order before, you're effectively one now.  Regardless, better that than a sanguinist.  We are not enemies, here.  Peace be upon you.",
      "That would explain it.  I have my reservations about the one you serve, but so long as you cause no harm, we have bigger things to worry about.  You are welcome here, whether you are a Keeper or not.  May the gods guide us both."
    ],
    "responses": [
      {
        "text": "非常感谢。",
        "topic": "TALK_MAGE_HUNTER"
      }
    ]
  },
  {
    "id": "TALK_MAGE_HUNTER_OTHERWORLDLY_ARCANIST",
    "type": "talk_topic",
    "dynamic_line": [
      "That explains it.  Normally I would ask that you turn in any items related to your profession, as they are very dangerous in the wrong hands.  Sofia has requested that we hold off on searches without her approval.",
      "Such magic can be very dangerous if misused, and it has a lingering impact on its practitioners.  It would be wise not to hoard the tools of such a trade, but I cannot force you to turn in such contraband.  Not without Sofia's, at least."
    ],
    "responses": [
      {
        "text": "如果我有这种东西，你能接受吗？",
        "topic": "TALK_MAGE_HUNTER_OTHERWORLDLY_CONTRABAND"
      },
      {
        "text": "我懂了。那我就和她谈谈。",
        "effect": {
          "u_add_effect": "cf_hunter_motive",
          "duration": "PERMANENT"
        },
        "topic": "TALK_MAGE_HUNTER"
      }
    ]
  },
  {
    "id": "TALK_MAGE_HUNTER_OTHERWORLDLY_CONTRABAND",
    "type": "talk_topic",
    "dynamic_line": [
      "I would appreciate such a gesture.  The common tools of the trade are dangerous, but I would recommend seeing Sofia about exchanging such items.  What I will accept, if you'll allow it, would be copies of the common summoner's tome.  To Master The Unknown.  If you have a copy of it to surrender, I will compensate you as best as I can.",
      "If you are willing to part with a summoner's tome, so be it.  The summoning glyphs themselves are better handled by someone more experienced like Sofia, but I will repay you for a copy of To Master The Unknown.",
      "Speak to Sofia if you seek to trust any conjurers' relics to someone else's care, but I can accept the book itself if you have one on hand.  Since this is a voluntary surrender, I will compensate you as best as I can."
    ],
    "responses": [
      {
        "text": "好吧，给你。",
        "condition": {
          "u_has_item": "book_summoning"
        },
        "effect": {
          "u_consume_item": "book_summoning"
        },
        "topic": "TALK_MAGE_HUNTER_OTHERWORLDLY_SURRENDER"
      },
      {
        "text": "很好。我应该和索菲亚谈谈。",
        "effect": {
          "u_add_effect": "cf_hunter_motive",
          "duration": "PERMANENT"
        },
        "topic": "TALK_MAGE_HUNTER"
      }
    ]
  },
  {
    "id": "TALK_MAGE_HUNTER_OTHERWORLDLY_SURRENDER",
    "type": "talk_topic",
    "dynamic_line": [
      "Thank you.  These coins are used by Sofia and others of our order for trade with outsiders that work with us.  If there is anything she can provide then speak to her.  I'm afraid this is all I can spare, but it should help.",
      "I'm afraid I only have enough to compensate for one of these books, so I pray that you'll trust Sofia with any others you find.",
      "Here you are.  I will deal with this per Thane McKinnon's advice, forgive me if she orders it destroyed.  This should be fair pay for what it would've been worth, before all this started."
    ],
    "responses": [
      {
        "text": "可以。",
        "effect": [
          {
            "u_buy_item": "CF_golden_scale",
            "count": 20
          },
          {
            "u_add_effect": "cf_hunter_motive",
            "duration": "PERMANENT"
          }
        ],
        "topic": "TALK_MAGE_HUNTER"
      }
    ]
  },
  {
    "id": "TALK_MAGE_HUNTER_OTHERWORLDLY_SECRETS",
    "type": "talk_topic",
    "dynamic_line": [
      "Keep your gods-damned secrets then.  With that attitude you'll take them to the grave one of these days.",
      "Trust must be earned.  You will not be welcome here if you attempt to deceive us.",
      "I are being lenient by not having you searched for dangerous artifacts.  Do not test my patience.",
      "I would slay you where you stand if not for Sofia's orders.  Either answer to her, or leave.  While you still can.",
      "We are watching you.  Step out of line and I will put you down personally."
    ],
    "responses": [
      {
        "text": "…",
        "topic": "TALK_MAGE_HUNTER"
      }
    ]
  },
  {
    "id": "TALK_MAGE_HUNTER_SANGUINE",
    "type": "talk_topic",
    "dynamic_line": [
      "Perhaps the situation is more dire than I first thought, if that's the case.  Speak with Thane McKinnon then.",
      "Hmm.  Not something I was expecting.  We shall see what comes of it.",
      "We shall see if this is true.",
      "If this is true, then speak to one of the others in charge here.  If you have reason to be here, they will know what to do."
    ],
    "responses": [
      {
        "text": "…",
        "topic": "TALK_MAGE_HUNTER"
      }
    ]
  },
  {
    "id": "TALK_MAGE_HUNTER_INSULT",
    "type": "talk_topic",
    "dynamic_line": [
      "Sofia's orders are the only reason you lived long enough to make it past the front door.  I suggest you leave while you still can.",
      "Our very founding was due to vermin like you preying upon the innocent.  You should be satisfied with being allowed to live.",
      "If you're foolish enough to start a fight in OUR sanctum, I will be happy to send you to whatever Hell awaits you.",
      "Go on.  Give me a reason, impium profligatum.",
      "Prove you can be trusted, then.  Or you can slither away like the serpent you are, blood mage.",
      "I have every reason to slay you where you stand, until you prove yourself.  If not for my orders, you would already be dead."
    ],
    "responses": [
      {
        "text": "[攻击]如果你是这样的话，那我就派你和你的冤家去见你所谓的神。",
        "topic": "TALK_DONE",
        "effect": [
          {
            "u_faction_rep": -30
          },
          "insult_combat"
        ],
        "condition": {
          "and": [
            {
              "not": {
                "u_has_effect": "cf_mission_1"
              }
            },
            {
              "u_has_trait": "PROF_SANGUINE"
            }
          ]
        }
      },
      {
        "text": "…",
        "topic": "TALK_MAGE_HUNTER"
      }
    ]
  },
  {
    "id": "TALK_FRIEND_CONVERSATION",
    "type": "talk_topic",
    "responses": [
      {
        "text": "<CWH_intro_question>",
        "topic": "BGSS_CF_1_IDEAS1",
        "condition": {
          "npc_has_trait": "BGSS_CF_1"
        }
      },
      {
        "text": "<CWH_intro_question>",
        "topic": "BGSS_CF_2_IDEAS1",
        "condition": {
          "npc_has_trait": "BGSS_CF_2"
        }
      },
      {
        "text": "<CWH_intro_question>",
        "topic": "BGSS_CF_3_IDEAS1",
        "condition": {
          "npc_has_trait": "BGSS_CF_3"
        }
      },
      {
        "text": "<CWH_intro_question>",
        "topic": "BGSS_CF_4_IDEAS1",
        "condition": {
          "npc_has_trait": "BGSS_CF_4"
        }
      },
      {
        "text": "<CWH_intro_question>",
        "topic": "BGSS_CF_5_IDEAS1",
        "condition": {
          "npc_has_trait": "BGSS_CF_5"
        }
      },
      {
        "text": "<BGSS_intro_question>",
        "topic": "BGSS_CF_1_STORY1",
        "condition": {
          "npc_has_trait": "BGSS_CF_1"
        },
        "switch": true
      },
      {
        "text": "<BGSS_intro_question>",
        "topic": "BGSS_CF_2_STORY1",
        "condition": {
          "npc_has_trait": "BGSS_CF_2"
        },
        "switch": true
      },
      {
        "text": "<BGSS_intro_question>",
        "topic": "BGSS_CF_3_STORY1",
        "condition": {
          "npc_has_trait": "BGSS_CF_3"
        },
        "switch": true
      },
      {
        "text": "<BGSS_intro_question>",
        "topic": "BGSS_CF_4_STORY1",
        "condition": {
          "npc_has_trait": "BGSS_CF_4"
        },
        "switch": true
      },
      {
        "text": "<BGSS_intro_question>",
        "topic": "BGSS_CF_5_STORY1",
        "condition": {
          "npc_has_trait": "BGSS_CF_5"
        },
        "switch": true
      }
    ]
  },
  {
    "id": "BGSS_CF_1_IDEAS1",
    "type": "talk_topic",
    "dynamic_line": "一开始流行的理论是乐观的教团或宣誓者应该受到某种程度的谴责，但我们中的许多人开始怀疑这一点。特别是来自净化者的报告，我们的联系人更接近文明。",
    "responses": [
      {
        "text": "什么样的报告？",
        "topic": "BGSS_CF_1_IDEAS2"
      },
      {
        "text": "<done_conversation_section>",
        "topic": "TALK_NONE"
      },
      {
        "text": "<end_talking>",
        "topic": "TALK_DONE"
      }
    ]
  },
  {
    "id": "BGSS_CF_1_IDEAS2",
    "type": "talk_topic",
    "dynamic_line": {
      "u_has_trait": "PROF_CLEANSINGFLAME2",
      "yes": "我不知道你知道多少情报，但你肯定比我看得更近。一种来源于城市的污染物，很可能是造成最初一波死亡的罪魁祸首。很可能来自面纱之外，就像那些可憎的东西一样，但是除了合理的证据，原因不是神秘的，我们只有猜测。",
      "no": "水里有某种东西，各种各样的疯狂和死亡，都是在公然入侵我们的世界之前发生的。我们怀疑，即使是那些早期的迹象，起源于另一个世界，某种起源于城市的东西。我们已经合理地排除了超自然现象的根本原因，但那只是意味着我们没有经验可以摆脱。我希望我能提供比猜测更多的东西。"
    },
    "responses": [
      {
        "text": "<done_conversation_section>",
        "topic": "TALK_NONE"
      },
      {
        "text": "<end_talking>",
        "topic": "TALK_DONE"
      }
    ]
  },
  {
    "id": "BGSS_CF_1_STORY1",
    "type": "talk_topic",
    "dynamic_line": "我和其他几个人在一起。我们去一个计划好的集合点去会见另一个狩猎队，我们中的一个有手机。接待不到，我想可能是因为我们在一个相当偏远的地区。正当我们在争论为什么我们可能得不到任何信号时，其他人中的一个大声喊着要检查一下面罩。",
    "responses": [
      {
        "text": "面具检查？",
        "topic": "BGSS_CF_1_STORY2"
      },
      {
        "text": "发生了什么事？",
        "topic": "BGSS_CF_1_STORY3"
      },
      {
        "text": "<done_conversation_section>",
        "topic": "TALK_FRIEND"
      },
      {
        "text": "<end_talking>",
        "topic": "TALK_DONE"
      }
    ]
  },
  {
    "id": "BGSS_CF_1_STORY2",
    "type": "talk_topic",
    "dynamic_line": "戴上面具激活它们。我们通常都会在外出途中定期戴着口罩四处张望，以免措手不及。",
    "responses": [
      {
        "text": "你看到了什么？",
        "topic": "BGSS_CF_1_STORY3"
      },
      {
        "text": "<done_conversation_section>",
        "topic": "TALK_FRIEND"
      },
      {
        "text": "<end_talking>",
        "topic": "TALK_DONE"
      }
    ]
  },
  {
    "id": "BGSS_CF_1_STORY3",
    "type": "talk_topic",
    "dynamic_line": "我们都差点瞎了眼。几乎在每个方向上，可怕的光线从超出我们面具感知范围的正常范围内涌入。只有非常强大的效果可以通过透视从很远的地方看到，无论是什么原因导致了这一切，都可以在数英里之外的每个方向上被感知到。",
    "responses": [
      {
        "text": "<done_conversation_section>",
        "topic": "TALK_FRIEND"
      },
      {
        "text": "<end_talking>",
        "topic": "TALK_DONE"
      }
    ]
  },
  {
    "id": "BGSS_CF_2_IDEAS1",
    "type": "talk_topic",
    "dynamic_line": "我和其他人一样被它蒙蔽了双眼。当我看到城市所发生的一切时，我知道我们对令人担忧的现象的所有怀疑都相形见绌。",
    "responses": [
      {
        "text": "你猜到了吗？",
        "topic": "BGSS_CF_2_IDEAS2"
      },
      {
        "text": "<done_conversation_section>",
        "topic": "TALK_NONE"
      },
      {
        "text": "<end_talking>",
        "topic": "TALK_DONE"
      }
    ]
  },
  {
    "id": "BGSS_CF_2_IDEAS2",
    "type": "talk_topic",
    "dynamic_line": "一场战争。这是我唯一想到的。有迹象表明不仅仅是通常的附带损害。第三次世界大战刚刚开始，核弹的威力很小。足够大的能量峰值可以与异常现象相互作用，所以至少有可能。不过，我们不能测试它。",
    "responses": [
      {
        "text": "<done_conversation_section>",
        "topic": "TALK_NONE"
      },
      {
        "text": "<end_talking>",
        "topic": "TALK_DONE"
      }
    ]
  },
  {
    "id": "BGSS_CF_2_STORY1",
    "type": "talk_topic",
    "dynamic_line": "在过去的一周左右，我的狩猎队的其他成员都被取消了。我不知道还能去哪里，但我知道离我不远的地方有一个小镇，而且可能在郊区有人联系。",
    "responses": [
      {
        "text": "我猜这个镇已经被占领了。",
        "topic": "BGSS_CF_2_STORY2"
      },
      {
        "text": "<done_conversation_section>",
        "topic": "TALK_FRIEND"
      },
      {
        "text": "<end_talking>",
        "topic": "TALK_DONE"
      }
    ]
  },
  {
    "id": "BGSS_CF_2_STORY2",
    "type": "talk_topic",
    "dynamic_line": "是 啊。当我看到的时候，我就知道了。不管是什么原因造成的，都比我们与乐观派的冲突更大。比誓词的执行者更大，比我们卷入的每一场冲突都要大。有东西打开了地狱之门，吞噬了眼前的一切…",
    "responses": [
      {
        "text": "<done_conversation_section>",
        "topic": "TALK_FRIEND"
      },
      {
        "text": "<end_talking>",
        "topic": "TALK_DONE"
      }
    ]
  },
  {
    "id": "BGSS_CF_3_IDEAS1",
    "type": "talk_topic",
    "dynamic_line": "面纱中的不稳定性越来越大，这就是导致这些恐怖事件蔓延到我们这个世界的原因。不管是什么，它造成的伤害比那些乐观主义者和守门员加起来都要大。但之前的一切…",
    "responses": [
      {
        "text": "那之前发生的事呢？",
        "topic": "BGSS_CF_2_IDEAS2"
      },
      {
        "text": "<done_conversation_section>",
        "topic": "TALK_NONE"
      },
      {
        "text": "<end_talking>",
        "topic": "TALK_DONE"
      }
    ]
  },
  {
    "id": "BGSS_CF_3_IDEAS2",
    "type": "talk_topic",
    "dynamic_line": "老实说，我不相信骚乱和污染与此有关。其他大多数人怀疑亡灵可能与后者有关，但我也不确定。我个人对这件事的看法是，这是一场个人的灾难风暴，所有这些不仅使异常情况变得更糟，而且使其更难预防。",
    "responses": [
      {
        "text": "<done_conversation_section>",
        "topic": "TALK_NONE"
      },
      {
        "text": "<end_talking>",
        "topic": "TALK_DONE"
      }
    ]
  },
  {
    "id": "BGSS_CF_3_STORY1",
    "type": "talk_topic",
    "dynamic_line": {
      "npc_has_trait": "BGSS_CF_FILTER",
      "yes": "我和莱昂爷爷和其他几个人在一起。我们打算在当地的一个庇护所会见另一个狩猎队。",
      "no": "我和索菲亚和其他几个人在一起。她在来这里的路上，去见牧师，在去我们的一个安全屋的路上请求庇护。"
    },
    "responses": [
      {
        "text": "你到的时候发现了什么？",
        "topic": "BGSS_CF_3_STORY2"
      },
      {
        "text": "<done_conversation_section>",
        "topic": "TALK_FRIEND"
      },
      {
        "text": "<end_talking>",
        "topic": "TALK_DONE"
      }
    ]
  },
  {
    "id": "BGSS_CF_3_STORY2",
    "type": "talk_topic",
    "dynamic_line": {
      "npc_has_trait": "BGSS_CF_FILTER",
      "yes": "当我们几乎看不见那个地方的时候，约翰纳森可以看出有什么不对劲。没有巡逻的迹象，没有面具散发出的光环，什么都没有。我们怀疑他们被攻破了，所以我们避开了这个地方。第二天发现发生了一件大事，不仅是在圣殿，而且似乎无处不在…",
      "no": "那个地方是空的。没有牧师，没有其他人，什么都没有。也没有迹象表明他们最近去过那里。我们尽可能在贝斯特安顿下来，几天后才知道消息。比我们想象的更糟…"
    },
    "responses": [
      {
        "text": "<done_conversation_section>",
        "topic": "TALK_FRIEND"
      },
      {
        "text": "<end_talking>",
        "topic": "TALK_DONE"
      }
    ]
  },
  {
    "id": "BGSS_CF_4_IDEAS1",
    "type": "talk_topic",
    "dynamic_line": "我不能告诉你任何有用的东西。在世界末日之前，和我在一起的人花了整整一两个月的时间执行任务。我们最终获得了狭隘的视力，我想你可以说…",
    "responses": [
      {
        "text": "<done_conversation_section>",
        "topic": "TALK_NONE"
      },
      {
        "text": "<end_talking>",
        "topic": "TALK_DONE"
      }
    ]
  },
  {
    "id": "BGSS_CF_4_STORY1",
    "type": "talk_topic",
    "dynamic_line": "我和我的狩猎队的其他人一起追踪可疑的血腥活动的报告。显然，结局并不好。",
    "responses": [
      {
        "text": "什么样的运动？",
        "topic": "BGSS_CF_4_STORY2"
      },
      {
        "text": "怎么搞的？",
        "topic": "BGSS_CF_4_STORY3"
      },
      {
        "text": "<done_conversation_section>",
        "topic": "TALK_FRIEND"
      },
      {
        "text": "<end_talking>",
        "topic": "TALK_DONE"
      }
    ]
  },
  {
    "id": "BGSS_CF_4_STORY2",
    "type": "talk_topic",
    "dynamic_line": {
      "u_has_trait": "PROF_SANGUINE",
      "yes": "叶舒的手掌，你会以为你知道你会从你的亲戚那里得到什么。人类为神秘力量而牺牲。",
      "no": "绑架，献祭，吃人。那些挥霍无度的人所做的一切都是上帝诅咒的。"
    },
    "responses": [
      {
        "text": "怎么了？",
        "topic": "BGSS_CF_4_STORY3"
      },
      {
        "text": "<done_conversation_section>",
        "topic": "TALK_FRIEND"
      },
      {
        "text": "<end_talking>",
        "topic": "TALK_DONE"
      }
    ]
  },
  {
    "id": "BGSS_CF_4_STORY3",
    "type": "talk_topic",
    "dynamic_line": "我们错了。完全错了。我们发现一堆尸体匆忙地铲进了一个乱葬坑，但没有任何仪式活动。有辆军车，上帝知道他们在搞什么奇怪的事。我们本来会争先恐后地断绝联系，避免给我们的秩序带来不必要的注意，但那时所有的士兵都早已不见踪影。",
    "responses": [
      {
        "text": "所以你搞了什么化妆舞会？",
        "topic": "BGSS_CF_4_STORY4"
      },
      {
        "text": "后来发生了什么？",
        "topic": "BGSS_CF_4_STORY5"
      },
      {
        "text": "<done_conversation_section>",
        "topic": "TALK_FRIEND"
      },
      {
        "text": "<end_talking>",
        "topic": "TALK_DONE"
      }
    ]
  },
  {
    "id": "BGSS_CF_4_STORY4",
    "type": "talk_topic",
    "dynamic_line": "我们并不是一个大集团，我们有几个联系人，他们有着让我们免于麻烦的既得利益。毫无疑问，他们已经意识到我们的存在，但很可能只把我们看作是一小群朝气蓬勃的人。这实际上就是我们过去的样子。",
    "responses": [
      {
        "text": "那后来发生了什么？",
        "topic": "BGSS_CF_4_STORY5"
      },
      {
        "text": "<done_conversation_section>",
        "topic": "TALK_FRIEND"
      },
      {
        "text": "<end_talking>",
        "topic": "TALK_DONE"
      }
    ]
  },
  {
    "id": "BGSS_CF_4_STORY5",
    "type": "talk_topic",
    "dynamic_line": "死者不是那样的。事实上，我们的到来激起了大部分的尸体。他们中有几十只，扭动着，爬出一条只有10英尺长，只有几英尺深的壕沟。在我们被迫中断联系而不是试图放下那些可怜的东西之前，我们失去了两个人。我们稍后会发现其他地方的情况有多糟糕。",
    "responses": [
      {
        "text": "<done_conversation_section>",
        "topic": "TALK_FRIEND"
      },
      {
        "text": "<end_talking>",
        "topic": "TALK_DONE"
      }
    ]
  },
  {
    "id": "BGSS_CF_5_IDEAS1",
    "type": "talk_topic",
    "dynamic_line": {
      "npc_has_trait": "BGSS_CF_FILTER",
      "yes": "我很惭愧地承认，如果不是约翰纳森，我不会知道发生了什么事。我只知道一些关于暴动的谣言。就我个人而言，我仍然有一半的理由相信“乐观派”与此有关，但这不值得再指手画脚了。现在我宁愿专注于手头的工作。",
      "no": "我听到一些谣言。一切照旧，但没有具体的东西。我太专注于生存。就我个人而言，我想知道誓词的执行者是否以某种方式打开了通往地狱的大门，但我不再在乎了。我很高兴能活着，更不用独自面对这一切。现在我宁愿专注于手头的工作。"
    },
    "responses": [
      {
        "text": "<done_conversation_section>",
        "topic": "TALK_NONE"
      },
      {
        "text": "<end_talking>",
        "topic": "TALK_DONE"
      }
    ]
  },
  {
    "id": "BGSS_CF_5_STORY1",
    "type": "talk_topic",
    "dynamic_line": {
      "npc_has_trait": "BGSS_CF_FILTER",
      "yes": "我会保持简短。在我和约翰纳森联系之前，我避免了遇到任何群体或重大异常现象，这纯粹是运气好。当他意识到我的路线带我穿过一个相当安静的乡村后，他告诉了我发生了什么。",
      "no": "我会保持简短。基本上我很幸运。我是狩猎队中最后一个想和别人见面的人。我不在主要城市或其他热点地区附近，所以我没有发现任何问题，直到我到达这里，并从Thane McKinnon本人那里听到了这个消息。"
    },
    "responses": [
      {
        "text": "<done_conversation_section>",
        "topic": "TALK_FRIEND"
      },
      {
        "text": "<end_talking>",
        "topic": "TALK_DONE"
      }
    ]
  }
]