[
  {
    "id": "TALK_EVAC_MERCHANT",
    "type": "talk_topic",
    "responses": [
      {
        "text": "我被派去询问最近有什么异常生物袭击幸存者。知道吗？",
        "condition": {
          "and": [
            {
              "u_has_var": "johnathan_prelude_mid",
              "type": "mission",
              "context": "rural_church",
              "value": "yes"
            },
            {
              "not": {
                "npc_has_var": "johnathan_prelude_mid",
                "type": "mission",
                "context": "rural_church",
                "value": "yes"
              }
            },
            {
              "not": {
                "u_has_var": "johnathan_prelude_data_5",
                "type": "mission",
                "context": "rural_church",
                "value": "yes"
              }
            }
          ]
        },
        "topic": "TALK_EVAC_MERCHANT_GM_PRELUDE"
      },
      {
        "text": "你知道这个地区还有其他定居点吗？",
        "topic": "TALK_EVAC_MERCHANT_CF",
        "effect": [
          {
            "npc_add_effect": "rural_church_aware",
            "duration": "PERMANENT"
          },
          {
            "u_add_effect": "rural_church_aware",
            "duration": "PERMANENT"
          }
        ],
        "condition": {
          "not": {
            "npc_has_effect": "rural_church_aware"
          }
        }
      },
      {
        "text": "你知道这个地区还有其他定居点吗？",
        "topic": "TALK_EVAC_MERCHANT_CF",
        "effect": [
          {
            "u_add_effect": "rural_church_aware",
            "duration": "PERMANENT"
          },
          {
            "mapgen_update": "arcana_dummy",
            "om_terrain": "cf_church_4",
            "om_special": "cf_rural_church",
            "reveal_radius": 3
          }
        ],
        "condition": {
          "and": [
            {
              "not": {
                "u_has_effect": "rural_church_aware"
              }
            },
            {
              "npc_has_effect": "rural_church_aware"
            }
          ]
        }
      },
      {
        "text": "[任务]索菲亚给我送来了最新的存货清单。",
        "topic": "TALK_EVAC_MERCHANT_CF_MISSION",
        "condition": {
          "and": [
            {
              "u_has_item": "cf_rep_trade_arrangement"
            },
            {
              "u_has_mission": "MISSION_CF_REP_2"
            },
            {
              "not": {
                "npc_has_effect": "cf_mission_receipt"
              }
            }
          ]
        }
      },
      {
        "text": "[任务]你能再打印一份收据吗？",
        "topic": "TALK_EVAC_MERCHANT_CF_MISSION_RECEIPT",
        "condition": {
          "and": [
            {
              "not": {
                "u_has_item": "cf_rep_trade_receipt"
              }
            },
            {
              "u_has_mission": "MISSION_CF_REP_2"
            },
            {
              "npc_has_effect": "cf_mission_receipt"
            }
          ]
        }
      },
      {
        "text": "[任务]索菲亚让我招募商人或其他援助。你知道有人在找工作吗？",
        "topic": "TALK_EVAC_MERCHANT_CF_REP_MISSION_4",
        "condition": {
          "and": [
            {
              "not": {
                "u_has_var": "sofia_allies_secured",
                "type": "mission",
                "context": "rural_church",
                "value": "yes"
              }
            },
            {
              "u_has_mission": "MISSION_CF_REP_4"
            }
          ]
        }
      }
    ]
  },
  {
    "id": "TALK_EVAC_MERCHANT_GM_PRELUDE",
    "type": "talk_topic",
    "dynamic_line": {
      "u_has_var": "tacoma_started",
      "type": "knowledge",
      "context": "flag",
      "value": "yes",
      "yes": "所以你在调查我们最近发生的一连串袭击事件。这比上次我听说你们的人追杀的强盗更分散，更奇怪。最近的一次袭击是对一个为公社供应物资的商队。那是在白天，所以他们没有麻烦，看得很清楚。一堆奇怪的活生生的影子什么的。也许也值得和农场里的人商量一下。",
      "no": "所以你在调查我们最近发生的一连串袭击事件。这比上次我听说你们的人追杀的强盗更分散，更奇怪。最近的一次袭击发生在一个为我们带回补给的清道夫队伍上。天快亮了，他们失去了几个男孩，然后在太阳足够高的时候失去了攻击。给他们下地狱吧，如果你能弄清真相的话。"
    }
  },
  {
    "id": "TALK_EVAC_MERCHANT_CF",
    "type": "talk_topic",
    "dynamic_line": "没有多少人坚持到可以达成和解，但至少在那里有活动。我们有自己的工作来安排一些事情。还有一个小团体，偶尔会派商人来拜访我们，他们躲在一个古老的乡村教堂里。教堂的执事经常来这里，应该在走廊里。跟他谈谈，他也许能给你指路。",
    "responses": [
      {
        "text": "非常感谢。我一会儿回来。",
        "topic": "TALK_DONE"
      }
    ]
  },
  {
    "id": "TALK_EVAC_MERCHANT_CF_MISSION",
    "type": "talk_topic",
    "dynamic_line": {
      "u_has_effect": "rural_church_aware",
      "yes": "很高兴看到他们雇你帮忙。好吧，希望他们告诉你细节。提前付款，是他们的20个比例尺硬币。如今，它的价值远不及它的价值，但它并非完全没有用处，我相信它们带来的实际价值是24克拉。",
      "no": "嗯，通常索菲亚是送发票的人。好吧，希望她告诉你这是怎么回事。提前付款，是他们的20个比例尺硬币。如今，它的价值远不及它的价值，但它并不是完全无用的，至少他们可以确认它不是半黄铜或其他东西。"
    },
    "responses": [
      {
        "text": "干得好！",
        "topic": "TALK_EVAC_MERCHANT_CF_MISSION_DEAL",
        "condition": {
          "u_has_items": {
            "item": "CF_golden_scale",
            "count": 20
          }
        },
        "effect": [
          {
            "u_consume_item": "cf_rep_trade_arrangement"
          },
          {
            "u_consume_item": "CF_golden_scale",
            "count": 20
          }
        ]
      },
      {
        "text": "15磅怎么样？",
        "condition": {
          "u_has_items": {
            "item": "CF_golden_scale",
            "count": 15
          }
        },
        "trial": {
          "type": "PERSUADE",
          "difficulty": 10
        },
        "success": {
          "topic": "TALK_EVAC_MERCHANT_CF_MISSION_DEAL",
          "effect": [
            {
              "u_consume_item": "cf_rep_trade_arrangement"
            },
            {
              "u_consume_item": "CF_golden_scale",
              "count": 15
            }
          ]
        },
        "failure": {
          "opinion": {
            "value": -1
          },
          "topic": "TALK_EVAC_MERCHANT_CF_MISSION_NODEAL"
        }
      },
      {
        "text": "其他金银来源呢？",
        "topic": "TALK_EVAC_MERCHANT_CF_MISSION_SCRAP"
      },
      {
        "text": "现金呢？",
        "topic": "TALK_EVAC_MERCHANT_CF_MISSION_CASH"
      },
      {
        "text": "我手头上没有足够的钱。我稍后再处理。",
        "topic": "TALK_EVAC_MERCHANT",
        "condition": {
          "not": {
            "u_has_items": {
              "item": "CF_golden_scale",
              "count": 20
            }
          }
        }
      },
      {
        "text": "我稍后再处理，再见。",
        "topic": "TALK_DONE"
      }
    ]
  },
  {
    "id": "TALK_EVAC_MERCHANT_CF_MISSION_SCRAP",
    "type": "talk_topic",
    "dynamic_line": "恐怕不行。我愿意遵守他们的协议的主要原因是他们使用的东西是可靠的。25克三九精金，棱纹，作品。我怀疑他们是否有能力制造更多的珠宝，但就目前而言，它们在贸易上比任何旧的熔化的珠宝都有用。",
    "responses": [
      {
        "text": "好的，这是硬币。",
        "topic": "TALK_EVAC_MERCHANT_CF_MISSION_DEAL",
        "condition": {
          "u_has_items": {
            "item": "CF_golden_scale",
            "count": 20
          }
        },
        "effect": [
          {
            "u_consume_item": "cf_rep_trade_arrangement"
          },
          {
            "u_consume_item": "CF_golden_scale",
            "count": 20
          }
        ]
      },
      {
        "text": "你能接受15英镑吗？",
        "condition": {
          "u_has_items": {
            "item": "CF_golden_scale",
            "count": 15
          }
        },
        "trial": {
          "type": "PERSUADE",
          "difficulty": 10
        },
        "success": {
          "topic": "TALK_EVAC_MERCHANT_CF_MISSION_DEAL",
          "effect": [
            {
              "u_consume_item": "cf_rep_trade_arrangement"
            },
            {
              "u_consume_item": "CF_golden_scale",
              "count": 15
            }
          ]
        },
        "failure": {
          "opinion": {
            "value": -1
          },
          "topic": "TALK_EVAC_MERCHANT_CF_MISSION_NODEAL"
        }
      },
      {
        "text": "现金呢？",
        "topic": "TALK_EVAC_MERCHANT_CF_MISSION_CASH"
      },
      {
        "text": "没有关系。我晚点再来。",
        "topic": "TALK_DONE"
      }
    ]
  },
  {
    "id": "TALK_EVAC_MERCHANT_CF_MISSION_CASH",
    "type": "talk_topic",
    "dynamic_line": "如果你有现金，当然。我接受了那家公司的报价，因为他们是可靠的客户。我一直在履行他们的交易，与他们的预期相当接近，所以175个商品交易所应该会包括在内。",
    "responses": [
      {
        "text": "你说好了。",
        "topic": "TALK_EVAC_MERCHANT_CF_MISSION_DEAL",
        "condition": {
          "u_has_items": {
            "item": "FMCNote",
            "count": 175
          }
        },
        "effect": [
          {
            "u_consume_item": "cf_rep_trade_arrangement"
          },
          {
            "u_consume_item": "FMCNote",
            "count": 175
          }
        ]
      },
      {
        "text": "再想一想，我会按比例付款。干得好。",
        "topic": "TALK_EVAC_MERCHANT_CF_MISSION_DEAL",
        "condition": {
          "and": [
            {
              "u_has_items": {
                "item": "FMCNote",
                "count": 175
              }
            },
            {
              "u_has_items": {
                "item": "CF_golden_scale",
                "count": 20
              }
            }
          ]
        },
        "effect": [
          {
            "u_consume_item": "cf_rep_trade_arrangement"
          },
          {
            "u_consume_item": "CF_golden_scale",
            "count": 20
          }
        ]
      },
      {
        "text": "我没有足够的现金，所以我用黄金支付。",
        "topic": "TALK_EVAC_MERCHANT_CF_MISSION_DEAL",
        "condition": {
          "and": [
            {
              "not": {
                "u_has_items": {
                  "item": "FMCNote",
                  "count": 175
                }
              }
            },
            {
              "u_has_items": {
                "item": "CF_golden_scale",
                "count": 20
              }
            }
          ]
        },
        "effect": [
          {
            "u_consume_item": "cf_rep_trade_arrangement"
          },
          {
            "u_consume_item": "CF_golden_scale",
            "count": 20
          }
        ]
      },
      {
        "text": "没有关系。我一会儿回来。",
        "topic": "TALK_DONE"
      }
    ]
  },
  {
    "id": "TALK_EVAC_MERCHANT_CF_MISSION_DEAL",
    "type": "talk_topic",
    "dynamic_line": "很高兴和你做生意。我会让我的人按照通常的指示安排下一个车队，并根据索菲亚的建议整理他们的库存。让我把收据打印出来。",
    "responses": [
      {
        "text": "非常感谢。我会把这个还给她。",
        "topic": "TALK_DONE",
        "effect": [
          {
            "npc_add_effect": "cf_mission_receipt",
            "duration": "PERMANENT"
          },
          {
            "u_add_effect": "cf_mission_receipt",
            "duration": "PERMANENT"
          },
          {
            "u_buy_item": "cf_rep_trade_receipt"
          }
        ]
      }
    ]
  },
  {
    "id": "TALK_EVAC_MERCHANT_CF_MISSION_NODEAL",
    "type": "talk_topic",
    "dynamic_line": "对不起，20个金鳞片已经够低了。世界末日，黄金不再那么方便了。我已经根据表面价值接受了他们的报价。",
    "responses": [
      {
        "text": "好吧，给你。",
        "topic": "TALK_EVAC_MERCHANT_CF_MISSION_DEAL",
        "condition": {
          "u_has_items": {
            "item": "CF_golden_scale",
            "count": 20
          }
        },
        "effect": {
          "u_consume_item": "CF_golden_scale",
          "count": 20
        }
      },
      {
        "text": "别客气，我一会儿回来。",
        "topic": "TALK_DONE"
      }
    ]
  },
  {
    "id": "TALK_EVAC_MERCHANT_CF_MISSION_RECEIPT",
    "type": "talk_topic",
    "dynamic_line": "好吧。尽量不要失去这个。",
    "responses": [
      {
        "text": "谢谢，我去拿这个给她。",
        "topic": "TALK_DONE",
        "effect": {
          "u_buy_item": "cf_rep_trade_receipt"
        }
      }
    ]
  },
  {
    "id": "TALK_EVAC_MERCHANT_CF_REP_MISSION_4",
    "type": "talk_topic",
    "dynamic_line": {
      "u_has_var": "tacoma_started",
      "type": "knowledge",
      "context": "flag",
      "value": "yes",
      "yes": "好吧，如果我们的安排还不够的话，我想他们会做得很好。老警卫代表可能知道一点，任何其他在这里做生意的人也知道。你也可以试试牧场，因为人们都到那里找工作，他们可能愿意在一个更安全的地方试试运气。我的车队司机告诉我很多事情，足以让我怀疑麦金农女士的团队能保住自己的队伍。",
      "no": "好吧，如果我们的安排还不够的话，我想他们会做得很好。老警卫代表可能知道一点，任何其他在这里做生意的人也知道。人们并不急于出门冒着被杀的危险，但如果他们看到这里是安全的，他们可能会确信这是安全的。我从我的商队那里听到的已经足够多了，至少麦金农女士的团队可以自理。"
    },
    "responses": [
      {
        "text": "非常感谢。我看看我能做些什么。",
        "topic": "TALK_DONE"
      }
    ]
  }
]