[
  {
    "type": "talk_topic",
    "id": "TALK_BLOOD_MAGE_APPRENTICE",
    "dynamic_line": "我勒个去？你在这里干什么？",
    "responses": [
      {
        "text": "你是谁？",
        "condition": {
          "not": {
            "u_has_any_trait": [
              "PROF_CLEANSINGFLAME",
              "PROF_CLEANSINGFLAME2",
              "PROF_SANGUINE"
            ]
          }
        },
        "topic": "TALK_BLOOD_MAGE_APPRENTICE_GET_OUT"
      },
      {
        "text": "关于这个地方你能告诉我些什么？",
        "condition": {
          "not": {
            "u_has_any_trait": [
              "PROF_CLEANSINGFLAME",
              "PROF_CLEANSINGFLAME2",
              "PROF_SANGUINE"
            ]
          }
        },
        "topic": "TALK_BLOOD_MAGE_APPRENTICE_GET_OUT"
      },
      {
        "text": "走这条路的并不是你一个人。",
        "condition": {
          "u_has_trait": "PROF_SANGUINE"
        },
        "topic": "TALK_BLOOD_MAGE_APPRENTICE_SANGUINE"
      },
      {
        "text": "幼儿保育和教育，圣洁的玛格姆！挥金如土！",
        "condition": {
          "u_has_any_trait": [
            "PROF_CLEANSINGFLAME",
            "PROF_CLEANSINGFLAME2"
          ]
        },
        "trial": {
          "type": "INTIMIDATE",
          "difficulty": 75
        },
        "success": {
          "topic": "TALK_BLOOD_MAGE_APPRENTICE_INTIMIDATE",
          "opinion": {
            "anger": 1,
            "fear": 2
          }
        },
        "failure": {
          "topic": "TALK_DONE",
          "opinion": {
            "anger": 1
          },
          "effect": [
            {
              "u_faction_rep": -30
            },
            "insult_combat"
          ]
        }
      },
      {
        "text": "[攻击]我是来杀你的。",
        "effect": "insult_combat",
        "topic": "TALK_DONE"
      },
      {
        "text": "呃，我要走了。",
        "condition": {
          "not": {
            "u_has_any_trait": [
              "PROF_CLEANSINGFLAME",
              "PROF_CLEANSINGFLAME2"
            ]
          }
        },
        "topic": "TALK_BLOOD_MAGE_APPRENTICE_NICE_TRY"
      }
    ]
  },
  {
    "id": "TALK_BLOOD_MAGE_APPRENTICE_GET_OUT",
    "type": "talk_topic",
    "dynamic_line": "你要么迷路了，要么疯了。这地方不安全，你不受欢迎。离开，忘了这个地方的存在。",
    "responses": [
      {
        "text": "我是他从面纱之外的仆人。我们不是敌人。",
        "condition": {
          "u_has_any_trait": [
            "PROF_CHALICE",
            "THRESH_VEIL"
          ]
        },
        "topic": "TALK_BLOOD_MAGE_APPRENTICE_VEIL"
      },
      {
        "text": "你不欢迎学奥术的学生吗？",
        "condition": {
          "u_has_any_trait": [
            "PROF_ARCANIST",
            "PROF_ARCANIST2"
          ]
        },
        "topic": "TALK_BLOOD_MAGE_APPRENTICE_MISTAKE"
      },
      {
        "text": "我可以看到你涉足我已经取得的成就。",
        "condition": {
          "u_has_trait": "THRESH_DRAGONBLOOD"
        },
        "topic": "TALK_BLOOD_MAGE_APPRENTICE_DRAGONBLOOD"
      },
      {
        "text": "[攻击]阻止我。",
        "topic": "TALK_DONE",
        "effect": "insult_combat"
      },
      {
        "text": "好吧，我要走了。",
        "topic": "TALK_DONE",
        "effect": "player_leaving",
        "opinion": {
          "fear": -1
        }
      }
    ]
  },
  {
    "id": "TALK_BLOOD_MAGE_APPRENTICE_VEIL",
    "type": "talk_topic",
    "dynamic_line": "无论我的主人和你们的休战协议是什么，它都会随着世界末日而消亡。我就放你走一次。离开，不要回来。如果其他人发现是我干的，他们会杀了我。",
    "responses": [
      {
        "text": "[攻击]那你就和他们一起死。",
        "topic": "TALK_DONE",
        "effect": "insult_combat"
      },
      {
        "text": "他的意志比你所服侍的人更伟大。站在一边。",
        "trial": {
          "type": "PERSUADE",
          "difficulty": 20
        },
        "success": {
          "topic": "TALK_DONE",
          "opinion": {
            "fear": 2
          },
          "effect": "flee"
        },
        "failure": {
          "topic": "TALK_DONE",
          "opinion": {
            "anger": 1,
            "fear": -1
          },
          "effect": "insult_combat"
        }
      },
      {
        "text": "那好吧。再见。",
        "topic": "TALK_DONE",
        "effect": "player_leaving",
        "opinion": {
          "fear": -1,
          "anger": -1,
          "trust": 1
        }
      }
    ]
  },
  {
    "id": "TALK_BLOOD_MAGE_APPRENTICE_MISTAKE",
    "type": "talk_topic",
    "dynamic_line": "事实上，我的主人可能会发现你很有用，如果没有其他的牺牲的话。去死吧！",
    "responses": [
      {
        "text": "…",
        "topic": "TALK_DONE",
        "effect": "insult_combat"
      }
    ]
  },
  {
    "id": "TALK_BLOOD_MAGE_APPRENTICE_DRAGONBLOOD",
    "type": "talk_topic",
    "dynamic_line": "你找到我们要找的东西了？我的主人会很乐意利用你的工作，你的血可能会成为一个有用的牺牲。",
    "responses": [
      {
        "text": "如果你把我交给你的主人，你能保证他们会和你分享他们学到的东西吗？",
        "trial": {
          "type": "PERSUADE",
          "difficulty": 25
        },
        "success": {
          "topic": "TALK_BLOOD_MAGE_APPRENTICE_PROMISE"
        },
        "failure": {
          "topic": "TALK_DONE",
          "opinion": {
            "anger": 1,
            "trust": -1
          },
          "effect": "insult_combat"
        }
      },
      {
        "text": "仔细考虑你的话。你真的认为你能带走我吗？",
        "trial": {
          "type": "INTIMIDATE",
          "difficulty": 25
        },
        "success": {
          "topic": "TALK_DONE",
          "opinion": {
            "fear": 2
          },
          "effect": "flee"
        },
        "failure": {
          "topic": "TALK_DONE",
          "opinion": {
            "anger": 1
          },
          "effect": [
            {
              "u_faction_rep": -30
            },
            "insult_combat"
          ]
        }
      },
      {
        "text": "…",
        "topic": "TALK_DONE",
        "effect": "insult_combat"
      }
    ]
  },
  {
    "id": "TALK_BLOOD_MAGE_APPRENTICE_PROMISE",
    "type": "talk_topic",
    "dynamic_line": "一、 嗯。我们已经从我们自己的研究中受益匪浅。即使大师几乎把我们所获得的每一个知识片段都榨干了。自从这一切结束后，我再也感觉不对劲了。但我到底该怎么办？你还建议我做什么？",
    "responses": [
      {
        "text": "让他们在背后争吵和刺伤对方，直到他们在奥术知识的碎片上毁灭自己。加入我的生活。",
        "topic": "TALK_AGREE_FOLLOW",
        "effect": "follow",
        "opinion": {
          "trust": 2,
          "fear": -1,
          "value": 2,
          "anger": -1
        }
      },
      {
        "text": "当你不再对他们有用时，他们会杀了你。我至少会让你用你的生命逃走。去吧，小鬼。逃走。",
        "topic": "TALK_DONE",
        "effect": "flee",
        "opinion": {
          "trust": 1,
          "fear": 5,
          "value": 1,
          "anger": -2
        }
      },
      {
        "text": "你真可怜。你不配活下去。",
        "topic": "TALK_DONE",
        "effect": "insult_combat",
        "opinion": {
          "trust": -3,
          "fear": 1,
          "value": -1,
          "anger": 3
        }
      }
    ]
  },
  {
    "id": "TALK_BLOOD_MAGE_APPRENTICE_SANGUINE",
    "type": "talk_topic",
    "dynamic_line": "也许这是真的。但我们在这条道路下的团结被打破了。现在是最强者的生存，不是吗？这里的法师不会欢迎其他人加入，你只会被视为对手。",
    "responses": [
      {
        "text": "你为什么在这里？",
        "topic": "TALK_BLOOD_MAGE_APPRENTICE_WHY"
      },
      {
        "text": "我们不需要战斗。",
        "topic": "TALK_BLOOD_MAGE_APPRENTICE_PEACE"
      },
      {
        "text": "[攻击]那就让强者统治。死吧。",
        "topic": "TALK_DONE",
        "effect": "insult_combat"
      }
    ]
  },
  {
    "id": "TALK_BLOOD_MAGE_APPRENTICE_WHY",
    "type": "talk_topic",
    "dynamic_line": {
      "u_has_trait": "THRESH_DRAGONBLOOD",
      "yes": "为了生存，我们继续学习。这里的法师是听说过龙血圣礼的人之一，并认为这是一个有效的选择，从外面汲取力量并使用它来生存。看看你，似乎这个方法确实是有效的，不是吗？",
      "no": "为了生存，我们继续学习。通往这个世界的道路有很多，我的主人仍然相信，利用来自远方的力量也许可以让我们适应这个世界。"
    },
    "responses": [
      {
        "text": "你的主人想重现它吗？但我们不想要战斗。",
        "topic": "TALK_BLOOD_MAGE_APPRENTICE_QUERY_DRAGONBLOOD",
        "condition": {
          "u_has_trait": "THRESH_DRAGONBLOOD"
        },
        "switch": true
      },
      {
        "text": "这条路有很多种方法。我们不一定非要以打架告终。",
        "topic": "TALK_BLOOD_MAGE_APPRENTICE_PEACE",
        "switch": true,
        "default": true
      },
      {
        "text": "[攻击]不管我们的历史如何，这都必须结束。站起来战斗。",
        "topic": "TALK_DONE",
        "effect": "insult_combat"
      }
    ]
  },
  {
    "id": "TALK_BLOOD_MAGE_APPRENTICE_QUERY_DRAGONBLOOD",
    "type": "talk_topic",
    "dynamic_line": "事实上，我希望法师允许我们一起工作。我的主人会非常重视你所学的。但你会被认为是个威胁。",
    "responses": [
      {
        "text": "你能相信你的主人会和你分享这些研究的成果吗？",
        "topic": "TALK_BLOOD_MAGE_APPRENTICE_PROMISE"
      },
      {
        "text": "[攻击]我会让你和其他人知道我有多大的威胁。",
        "topic": "TALK_DONE",
        "effect": "insult_combat"
      }
    ]
  },
  {
    "id": "TALK_BLOOD_MAGE_APPRENTICE_PEACE",
    "type": "talk_topic",
    "dynamic_line": {
      "u_has_trait": "THRESH_DRAGONBLOOD",
      "yes": "我宁愿我们一起工作，用你学到的东西让我们变得更强大，一起。但我的主人不会接受任何对手在这艰难的时刻。我该怎么办？",
      "no": "我们不应该吵架，理想情况下我们会在这样的时候站在一起。难道我们不是注定要统治弱者和不配吗？但如果我的主人不接受任何对手，与其独自一人，不如与他们站在一起。"
    },
    "responses": [
      {
        "text": "我在别人失败的地方取得了成功，追求着你主人所追求的同样的方法。你真的能相信你的主人吗？。",
        "topic": "TALK_BLOOD_MAGE_APPRENTICE_PROMISE",
        "condition": {
          "u_has_trait": "THRESH_DRAGONBLOOD"
        },
        "switch": true
      },
      {
        "text": "你的主人判断错误。他们不值得被跟踪。",
        "switch": true,
        "default": true,
        "trial": {
          "type": "PERSUADE",
          "difficulty": 50
        },
        "success": {
          "topic": "TALK_BLOOD_MAGE_APPRENTICE_CONVINCE"
        },
        "failure": {
          "topic": "TALK_BLOOD_MAGE_APPRENTICE_NOPE"
        }
      },
      {
        "text": "[攻击] 那么去死吧，为你被误导的傻瓜辩护。",
        "topic": "TALK_DONE",
        "effect": "insult_combat"
      }
    ]
  },
  {
    "id": "TALK_BLOOD_MAGE_APPRENTICE_CONVINCE",
    "type": "talk_topic",
    "dynamic_line": "你说得对。这不是正确的方法。你愿意收留我当学徒吗？",
    "responses": [
      {
        "text": "是的，跟我来。",
        "topic": "TALK_AGREE_FOLLOW",
        "effect": "follow",
        "opinion": {
          "trust": 2,
          "fear": -1,
          "value": 1,
          "anger": -3
        }
      },
      {
        "text": "[攻击]不，你将面临和你主人一样的审判。",
        "topic": "TALK_DONE",
        "effect": "flee"
      }
    ]
  },
  {
    "id": "TALK_BLOOD_MAGE_APPRENTICE_NOPE",
    "type": "talk_topic",
    "dynamic_line": "你觉得你更适合在这个垂死的世界里统治世界吗？”即使是那些有权势的人，如果被放低，也会使胜利者变得更好！",
    "responses": [
      {
        "text": "…",
        "topic": "TALK_DONE",
        "effect": "insult_combat"
      }
    ]
  },
  {
    "id": "TALK_BLOOD_MAGE_APPRENTICE_INTIMIDATE",
    "type": "talk_topic",
    "dynamic_line": "什么？哦，妈的…不，不是你！别烦我们，亨特！",
    "responses": [
      {
        "text": "[攻击]子弹头，子弹头！",
        "topic": "TALK_DONE",
        "effect": [
          {
            "u_faction_rep": -30
          },
          "flee"
        ]
      }
    ]
  },
  {
    "id": "TALK_BLOOD_MAGE_APPRENTICE_NICE_TRY",
    "type": "talk_topic",
    "dynamic_line": "你不只是闯进这里，希望自己不做解释就走了。我为什么要让你离开？",
    "responses": [
      {
        "text": "我是他从面纱之外的仆人。没有必要争吵。",
        "condition": {
          "u_has_any_trait": [
            "PROF_CHALICE",
            "THRESH_VEIL"
          ]
        },
        "topic": "TALK_BLOOD_MAGE_APPRENTICE_VEIL"
      },
      {
        "text": "我只是一个神秘的学生，寻求更多的知识。我会平静地，诚实地离开。",
        "condition": {
          "u_has_any_trait": [
            "PROF_ARCANIST",
            "PROF_ARCANIST2"
          ]
        },
        "topic": "TALK_BLOOD_MAGE_APPRENTICE_MISTAKE"
      },
      {
        "text": "看看我。我和你一样，我们没必要打架。",
        "condition": {
          "u_has_trait": "THRESH_DRAGONBLOOD"
        },
        "topic": "TALK_BLOOD_MAGE_APPRENTICE_DRAGONBLOOD"
      },
      {
        "text": "我不是故意打扰的。对不起的。我就走。",
        "trial": {
          "type": "PERSUADE",
          "difficulty": 5
        },
        "success": {
          "topic": "TALK_BLOOD_MAGE_APPRENTICE_BEGONE"
        },
        "failure": {
          "topic": "TALK_BLOOD_MAGE_APPRENTICE_PATHETIC"
        }
      },
      {
        "text": "去你妈的，我做我想做的。",
        "topic": "TALK_DONE",
        "effect": "insult_combat"
      }
    ]
  },
  {
    "id": "TALK_BLOOD_MAGE_APPRENTICE_BEGONE",
    "type": "talk_topic",
    "dynamic_line": "忘了你在这里见过什么。在我改变主意之前。",
    "responses": [
      {
        "text": "…",
        "topic": "TALK_DONE",
        "effect": "player_leaving",
        "opinion": {
          "fear": -1,
          "value": -1
        }
      }
    ]
  },
  {
    "id": "TALK_BLOOD_MAGE_APPRENTICE_PATHETIC",
    "type": "talk_topic",
    "dynamic_line": "真正地？真可怜。你的出现危及我们的工作。我不能让你活着离开。",
    "responses": [
      {
        "text": "…",
        "topic": "TALK_DONE",
        "effect": "insult_combat",
        "opinion": {
          "fear": -5,
          "value": -5,
          "anger": 3
        }
      }
    ]
  },
  {
    "id": "TALK_FRIEND_CONVERSATION",
    "type": "talk_topic",
    "responses": [
      {
        "text": "<CWH_intro_question>",
        "topic": "BGSS_BLOOD_MAGE_1_IDEAS1",
        "condition": {
          "npc_has_trait": "BGSS_BLOOD_MAGE_1"
        }
      },
      {
        "text": "<BGSS_intro_question>",
        "topic": "BGSS_BLOOD_MAGE_1_STORY1",
        "condition": {
          "npc_has_trait": "BGSS_BLOOD_MAGE_1"
        },
        "switch": true
      }
    ]
  },
  {
    "id": "BGSS_BLOOD_MAGE_1_IDEAS1",
    "type": "talk_topic",
    "dynamic_line": "它始于城市，这点很明显。这就是为什么会有那么多的学生措手不及。水里显然有什么东西，我粗略地猜测，这至少引起了暴乱和亡灵。不过，除此之外没有任何猜测。我只知道一点消息，因为我对订单相当陌生。",
    "responses": [
      {
        "text": "“乐观派”跟它有什么关系？",
        "topic": "BGSS_BLOOD_MAGE_1_IDEAS2"
      },
      {
        "text": "<done_conversation_section>",
        "topic": "TALK_NONE"
      },
      {
        "text": "<end_talking>",
        "topic": "TALK_DONE"
      }
    ]
  },
  {
    "id": "BGSS_BLOOD_MAGE_1_IDEAS2",
    "type": "talk_topic",
    "dynamic_line": "博士们喜欢把我们与整个文明隔离开来。典型的邪教的东西，现在我想，加上更容易掩盖我们的踪迹。但是，对于所有关于准备和适应的讨论，我不知道他们是否真的预测到了这一点，但是我们的与世隔绝使我们免于遭受和城市里那些人一样的命运。我想现在只是生存的问题了。",
    "responses": [
      {
        "text": "<done_conversation_section>",
        "topic": "TALK_NONE"
      },
      {
        "text": "<end_talking>",
        "topic": "TALK_DONE"
      }
    ]
  },
  {
    "id": "BGSS_BLOOD_MAGE_1_STORY1",
    "type": "talk_topic",
    "dynamic_line": "我没等多久，就有一个博士叫大家集合起来。当时我们和其他几个人在另一个地方，起初我以为她在准备另一节课。",
    "responses": [
      {
        "text": "Magi？",
        "topic": "BGSS_BLOOD_MAGE_1_STORY2"
      },
      {
        "text": "怎么搞的？",
        "topic": "BGSS_CF_1_STORY3"
      },
      {
        "text": "<done_conversation_section>",
        "topic": "TALK_FRIEND"
      },
      {
        "text": "<end_talking>",
        "topic": "TALK_DONE"
      }
    ]
  },
  {
    "id": "BGSS_BLOOD_MAGE_1_STORY2",
    "type": "talk_topic",
    "dynamic_line": "有一些，是的。基本上是高级血法师。这是在那个藏身处的人和其他人分开之前，我们试图搜集一些旧的研究成果。当时的情况很紧张，但至少我觉得我可以信任那些级别较高的人来奖励公平学习…",
    "responses": [
      {
        "text": "怎么了？",
        "topic": "BGSS_CF_1_STORY3"
      },
      {
        "text": "<done_conversation_section>",
        "topic": "TALK_FRIEND"
      },
      {
        "text": "<end_talking>",
        "topic": "TALK_DONE"
      }
    ]
  },
  {
    "id": "BGSS_BLOOD_MAGE_1_STORY3",
    "type": "talk_topic",
    "dynamic_line": "那里有一只伯劳鸟，在我加入的时候已经很少见了。这就是他们所说的那些专门杀法师猎人的人。他们把某种信息传给了领头的玛格斯，不管是什么让她很不安。开始大喊大叫世界末日和死人复活。他们以前也会谈论这样的事情，但这次似乎不同了。",
    "responses": [
      {
        "text": "有什么不同？",
        "topic": "BGSS_CF_1_STORY4"
      },
      {
        "text": "<done_conversation_section>",
        "topic": "TALK_FRIEND"
      },
      {
        "text": "<end_talking>",
        "topic": "TALK_DONE"
      }
    ]
  },
  {
    "id": "BGSS_BLOOD_MAGE_1_STORY4",
    "type": "talk_topic",
    "dynamic_line": "一开始只是一样的狗屎，唯一让人觉得奇怪的是谈论它好像已经发生了。他们还没来得及含糊其辞地谈论着厄运的预兆，但直到我们转移到下一个藏身之处，我们图腾柱底部的大多数人才发现有什么东西发生了…",
    "responses": [
      {
        "text": "<done_conversation_section>",
        "topic": "TALK_FRIEND"
      },
      {
        "text": "<end_talking>",
        "topic": "TALK_DONE"
      }
    ]
  }
]