[
  {
    "type": "talk_topic",
    "id": "TALK_CF_SEEKER",
    "dynamic_line": {
      "u_has_any_trait": [
        "PROF_CLEANSINGFLAME",
        "PROF_CLEANSINGFLAME2"
      ],
      "yes": {
        "u_male": "Welcome, Brother.  May you find peace here.",
        "no": "欢迎，姐姐。愿你在这里找到安宁。"
      },
      "no": {
        "u_has_trait": "PROF_SANGUINE",
        "yes": {
          "u_has_effect": "cf_mission_1",
          "yes": "问候语。我希望我们能继续合作。",
          "no": "你来这里是为了什么？别人会得到你想要的。"
        },
        "no": {
          "u_has_any_trait": [
            "PROF_CHALICE",
            "THRESH_VEIL"
          ],
          "yes": {
            "u_has_effect": "cf_mission_1",
            "yes": "你好，守卫。我能帮你什么忙？",
            "no": "我不知道我是否有你想要的，守护者。不管怎样，欢迎你。"
          },
          "no": "欢迎光临。愿你在这里找到安宁。"
        }
      }
    },
    "speaker_effect": {
      "condition": {
        "not": {
          "npc_has_effect": "cf_aux_merchant_restocked"
        }
      },
      "effect": [
        {
          "npc_add_effect": "cf_aux_merchant_restocked",
          "duration": 2592000
        },
        {
          "mapgen_update": "cf_church_matthew_restock",
          "om_terrain": "cf_church_4",
          "om_special": "cf_rural_church"
        }
      ]
    },
    "responses": [
      {
        "text": "你是谁？",
        "topic": "TALK_CF_SEEKER_WHO"
      },
      {
        "text": "关于这个地方你能告诉我些什么？",
        "topic": "TALK_CF_SEEKER_WHERE"
      },
      {
        "text": "你在这里做什么？",
        "topic": "TALK_CF_SEEKER_DO"
      },
      {
        "text": "你有什么要交易的吗？",
        "effect": "start_trade",
        "condition": {
          "u_has_effect": "cf_seeker_traded"
        },
        "topic": "TALK_CF_SEEKER"
      },
      {
        "text": "好吧，再见。",
        "topic": "TALK_DONE"
      }
    ]
  },
  {
    "id": "TALK_CF_SEEKER_WHO",
    "type": "talk_topic",
    "dynamic_line": "只是一个研究我们神圣话语的学者，名字叫马太。我父亲和索非亚、约拿单一样，都是创始人之一，他把旧教团的头衔传给了我。",
    "responses": [
      {
        "text": "什么旧秩序？",
        "topic": "TALK_CF_SEEKER_ORDER"
      },
      {
        "text": "我懂了。",
        "topic": "TALK_CF_SEEKER"
      }
    ]
  },
  {
    "id": "TALK_CF_SEEKER_ORDER",
    "type": "talk_topic",
    "dynamic_line": "学者和神学家的集合。乔纳森的小组和索菲亚的小组先于我的小组，第四小组紧随其后。从那里，我们聚集了其他人，信仰范围更广，但最后却少之又少。",
    "responses": [
      {
        "text": "你能告诉我那些团体还有什么吗？",
        "topic": "TALK_CF_SEEKER_FAITHS"
      },
      {
        "text": "哦，我明白了。",
        "topic": "TALK_CF_SEEKER"
      }
    ]
  },
  {
    "id": "TALK_CF_SEEKER_FAITHS",
    "type": "talk_topic",
    "dynamic_line": "这位大师的亲属来自一个自称的骑士团，出身天主教徒。索非亚，新异教徒的联谊会。我自己的，主要是穆斯林。第四个是另一种异教徒，如果他们中有人留下来找到这个地方，也许他们能告诉你更多。",
    "responses": [
      {
        "text": "这看起来非常…融合。",
        "condition": {
          "u_has_trait": "SPIRITUAL"
        },
        "topic": "TALK_CF_SEEKER_SPIRITUAL"
      },
      {
        "text": "我明白了，谢谢。",
        "topic": "TALK_CF_SEEKER"
      }
    ]
  },
  {
    "id": "TALK_CF_SEEKER_SPIRITUAL",
    "type": "talk_topic",
    "dynamic_line": {
      "u_has_any_trait": [
        "PROF_CLEANSINGFLAME",
        "PROF_CLEANSINGFLAME2"
      ],
      "yes": "“抛开你们的分裂和纷争吧。它结束了无数的团体，但它不会结束我们。我们是兄弟姐妹，我们应该平等地尊重神，尽管他们可能是不同的。“我们不仅仅是书中的人，与异教徒在一起，我们是兄弟。我们的职责要求它。",
      "no": "是的，但我们加入的条件相当严峻。这些年来，其他人一直在努力让我们专注于保护他人的目标。正如我们的一条信条所说，“我们是兄弟姐妹，我们应该平等地尊重神，尽管他们可能是不同的。”如果这是在这个艰难时期所需要的，那就随它去吧。"
    },
    "responses": [
      {
        "text": "好吧…",
        "topic": "TALK_CF_SEEKER"
      }
    ]
  },
  {
    "id": "TALK_CF_SEEKER_WHERE",
    "type": "talk_topic",
    "dynamic_line": "我只知道它被选为圣地。我是在拜访一些幸存者时听说的，他们自己也在某个时候听说过这个地方。",
    "responses": [
      {
        "text": "我懂了。",
        "topic": "TALK_CF_SEEKER"
      }
    ]
  },
  {
    "id": "TALK_CF_SEEKER_DO",
    "type": "talk_topic",
    "dynamic_line": "我帮助保存记录和保存别人收集的知识。如果您需要什么，我已经收集了一些备用的物资和书籍，如果您愿意，可以用它来交换。",
    "responses": [
      {
        "text": "那我们交易吧。",
        "effect": "start_trade",
        "switch": true,
        "condition": {
          "u_has_effect": "cf_seeker_traded"
        },
        "topic": "TALK_CF_SEEKER"
      },
      {
        "text": "那我们交易吧。",
        "effect": [
          {
            "u_add_effect": "cf_seeker_traded",
            "duration": "PERMANENT"
          },
          "start_trade"
        ],
        "switch": true,
        "default": true,
        "topic": "TALK_CF_SEEKER"
      },
      {
        "text": "很好。没有关系。",
        "topic": "TALK_CF_SEEKER"
      }
    ]
  }
]