[
  {
    "id": "unbio_laser_gun",
    "type": "GUN",
    "symbol": "(",
    "color": "magenta",
    "name": "仿生激光手枪",
    "description": "指尖激光CBM变成了手枪，非常准确，但伤害有限。",
    "price": 85000,
    "material": [ "superalloy", "steel" ],
    "skill": "pistol",
    "flags": [ "NO_AMMO", "NEVER_JAMS" ],
    "ammo_effects": [ "LASER", "INCENDIARY" ],
    "ups_charges": 25,
    "weight": 6,
    "volume": 12,
    "to_hit": 0,
    "ranged_damage": 8,
    "range": 25,
    "dispersion": 10,
    "sight_dispersion": 150,
    "aim_speed": 0,
    "recoil": 0,
    "durability": 9,
    "loudness": 7,
    "reload": 500
  },
  {
    "id": "unbio_chain_lightning",
    "type": "GUN",
    "symbol": "(",
    "color": "magenta",
    "name": "连锁闪电步枪",
    "description": "用连锁闪电CBM改造的步枪，可以在附近的敌人之间发射连锁闪电。",
    "price": 420000,
    "material": [ "superalloy", "steel" ],
    "skill": "rifle",
    "flags": [ "NO_AMMO", "NEVER_JAMS", "NO_UNLOAD" ],
    "ammo_effects": [ "LIGHTNING", "BOUNCE" ],
    "ups_charges": 40,
    "weight": 2840,
    "volume": 14,
    "to_hit": 0,
    "ranged_damage": 15,
    "range": 10,
    "dispersion": 10,
    "sight_dispersion": 150,
    "aim_speed": 0,
    "recoil": 0,
    "durability": 9,
    "loudness": 10,
    "reload": 500
  },
  {
    "id": "flesh_pistol",
    "type": "GUN",
    "symbol": "(",
    "looks_like": "flesh_rifle",
    "color": "dark_red",
    "name": "生物手枪",
    "description": "用金属包裹的肉质材料制成的手枪，它依赖UPS供能发射。具有相当大的威力，不管目标如何坚固都可将其破坏。偶尔它会抽动或发出令人不安的声音，希望它并不是真的拥有意识…",
    "price": 580000,
    "material": [ "flesh", "superalloy" ],
    "ammo_effects": [ "NEVER_JAMS" ],
    "flags": [ "NO_AMMO", "NEVER_JAMS", "NO_UNLOAD" ],
    "skill": "pistol",
    "weight": 850,
    "volume": 2,
    "bashing": 8,
    "to_hit": -1,
    "ranged_damage": 20,
    "pierce": 2,
    "range": 10,
    "dispersion": 250,
    "sight_dispersion": 8,
    "aim_speed": 2,
    "recoil": 25,
    "durability": 8,
    "modes": [ [ "DEFAULT", "semi", 1 ], [ "BURST", "burst", 3 ] ],
    "ups_charges": 1,
    "reload": 0,
    "valid_mod_locations": [ [ "accessories", 1 ], [ "sling", 1 ] ],
    "use_action": "ARTIFACT",
    "artifact_data": {
      "effects_carried": [ "AEP_ATTENTION", "AEP_PSYSHIELD" ],
      "effects_wielded": [ "AEP_EVIL", "AEP_PER_UP", "AEP_MUTAGENIC" ]
    }
  },
  {
    "id": "flesh_smg",
    "type": "GUN",
    "symbol": "(",
    "looks_like": "flesh_rifle",
    "color": "dark_red",
    "name": "生物冲锋枪",
    "description": "用金属包裹的肉质材料制成的冲锋枪，它依赖UPS供能发射。击中目标后会让目标持续燃烧。偶尔它会抽动或发出令人不安的声音，希望它并不是真的拥有意识…",
    "price": 580000,
    "material": [ "flesh", "superalloy" ],
    "ammo_effects": [ "INCENDIARY", "NEVER_JAMS", "MUZZLE_SMOKE" ],
    "flags": [ "NO_AMMO", "NEVER_JAMS", "NO_UNLOAD" ],
    "skill": "smg",
    "weight": 2850,
    "volume": 4,
    "bashing": 8,
    "to_hit": -1,
    "ranged_damage": 25,
    "pierce": 5,
    "range": 20,
    "dispersion": 150,
    "sight_dispersion": 20,
    "aim_speed": 1,
    "recoil": 20,
    "durability": 8,
    "modes": [ [ "DEFAULT", "burst", 3 ], [ "AUTO", "auto", 20 ] ],
    "ups_charges": 2,
    "reload": 0,
    "valid_mod_locations": [ [ "accessories", 1 ], [ "sling", 1 ] ],
    "use_action": "ARTIFACT",
    "artifact_data": {
      "effects_carried": [ "AEP_ATTENTION", "AEP_PSYSHIELD" ],
      "effects_wielded": [ "AEP_EVIL", "AEP_PER_UP", "AEP_MUTAGENIC" ]
    }
  },
  {
    "id": "flesh_rifle",
    "type": "GUN",
    "symbol": "(",
    "color": "dark_red",
    "name": "生物步枪",
    "description": "用金属包裹的肉质材料制成的冲锋枪，它依赖UPS供能发射。可以在相当长的距离外击中并烧毁目标。偶尔它会抽动或发出令人不安的声音，希望它并不是真的拥有意识…",
    "price": 580000,
    "material": [ "flesh", "superalloy" ],
    "ammo_effects": [ "INCENDIARY", "LARGE_BEANBAG", "NEVER_JAMS", "FLAME", "MUZZLE_SMOKE" ],
    "flags": [ "NO_AMMO", "NEVER_JAMS", "NO_UNLOAD" ],
    "skill": "rifle",
    "weight": 3650,
    "volume": 8,
    "bashing": 8,
    "to_hit": -1,
    "ranged_damage": 60,
    "pierce": 10,
    "range": 40,
    "barrel_length": 2,
    "dispersion": 50,
    "sight_dispersion": 5,
    "aim_speed": 5,
    "recoil": 200,
    "durability": 8,
    "modes": [ [ "DEFAULT", "semi auto", 1 ], [ "BURST", "burst", 3 ], [ "AUTO", "auto", 10 ] ],
    "ups_charges": 20,
    "reload": 0,
    "valid_mod_locations": [ [ "accessories", 1 ], [ "sling", 1 ] ],
    "use_action": "ARTIFACT",
    "artifact_data": {
      "effects_carried": [ "AEP_ATTENTION", "AEP_PSYSHIELD" ],
      "effects_wielded": [ "AEP_EVIL", "AEP_PER_UP", "AEP_MUTAGENIC" ]
    }
  },
  {
    "id": "flesh_lmg",
    "type": "GUN",
    "symbol": "(",
    "looks_like": "flesh_rifle",
    "color": "dark_red",
    "name": "生物机枪",
    "description": "一种轻型机关枪，用金属包裹的肉质材料制成，它依赖UPS供能发射。被击中的目标将会产生眩晕并持续燃烧。偶尔它会抽动或发出令人不安的声音，希望它并不是真的拥有意识…",
    "price": 580000,
    "material": [ "flesh", "superalloy" ],
    "ammo_effects": [ "INCENDIARY", "BEANBAG", "NEVER_JAMS", "MUZZLE_SMOKE" ],
    "flags": [ "NO_AMMO", "NEVER_JAMS", "NO_UNLOAD", "MODE_BURST" ],
    "skill": "rifle",
    "weight": 4750,
    "volume": 8,
    "bashing": 8,
    "to_hit": -1,
    "ranged_damage": 40,
    "pierce": 5,
    "range": 30,
    "dispersion": 150,
    "sight_dispersion": 20,
    "aim_speed": 20,
    "recoil": 100,
    "durability": 8,
    "modes": [ [ "DEFAULT", "low auto", 10 ], [ "BURST", "medium auto", 25 ], [ "AUTO", "high auto", 50 ] ],
    "ups_charges": 5,
    "reload": 0,
    "valid_mod_locations": [ [ "accessories", 1 ], [ "sling", 1 ] ],
    "use_action": "ARTIFACT",
    "artifact_data": {
      "effects_carried": [ "AEP_ATTENTION", "AEP_PSYSHIELD" ],
      "effects_wielded": [ "AEP_EVIL", "AEP_PER_UP", "AEP_MUTAGENIC" ]
    }
  },
  {
    "id": "flesh_shotgun",
    "type": "GUN",
    "symbol": "(",
    "color": "dark_red",
    "name": "生物霰弹枪",
    "description": "用金属包裹的肉质材料制成的双管霰弹枪，它依赖UPS供能发射。击中目标后会产生惊人的爆炸效果。偶尔它会抽动或发出令人不安的声音，希望它并不是真的拥有意识…",
    "price": 580000,
    "material": [ "flesh", "superalloy" ],
    "ammo_effects": [ "INCENDIARY", "BEANBAG", "NEVER_JAMS", "SHOT", "MUZZLE_SMOKE" ],
    "flags": [ "NO_AMMO", "NEVER_JAMS", "NO_UNLOAD", "MODE_BURST" ],
    "skill": "shotgun",
    "weight": 3850,
    "volume": 8,
    "bashing": 8,
    "to_hit": -1,
    "ranged_damage": 50,
    "pierce": 2,
    "range": 10,
    "barrel_length": 2,
    "dispersion": 300,
    "sight_dispersion": 5,
    "aim_speed": 2,
    "recoil": 300,
    "durability": 8,
    "modes": [ [ "DEFAULT", "one shot", 1 ], [ "BURST", "double barrel", 2 ] ],
    "ups_charges": 10,
    "reload": 0,
    "valid_mod_locations": [ [ "accessories", 1 ], [ "sling", 1 ] ],
    "use_action": "ARTIFACT",
    "artifact_data": {
      "effects_carried": [ "AEP_ATTENTION", "AEP_PSYSHIELD" ],
      "effects_wielded": [ "AEP_EVIL", "AEP_PER_UP", "AEP_MUTAGENIC" ]
    }
  },
  {
    "id": "sur_pnu_lmg",
    "type": "GUN",
    "color": "dark_gray",
    "symbol": "(",
    "name": "幸存者气动轻机枪",
    "description": "一种气动突击步枪。有一个更大的内部弹匣，以石子为射击材料，但不再可自定卸载。此外，以牺牲准确性和后坐力为代价提升了射速。采用模块化设计，曲柄结构提高可靠性。",
    "price": 226000,
    "material": [ "wood", "steel" ],
    "weight": 11536,
    "volume": 17,
    "bashing": 10,
    "to_hit": -1,
    "flags": [ "NO_UNLOAD", "NEVER_JAMS", "ALWAY_TWOHAND", "STR_RELOAD", "RELOAD_ONE" ],
    "ammo": "pebble",
    "skill": "rifle",
    "ranged_damage": 25,
    "pierce": 5,
    "range": 25,
    "dispersion": 80,
    "sight_dispersion": 200,
    "aim_speed": 8,
    "recoil": 50,
    "durability": 8,
    "modes": [ [ "DEFAULT", "semi", 1 ], [ "BURST", "burst", 5 ], [ "auto", "auto", 25 ] ],
    "clip_size": 100,
    "reload": 1000,
    "loudness": 10,
    "built_in_mods": [ "lmg_handle" ],
    "valid_mod_locations": [
      [ "accessories", 3 ],
      [ "sling", 1 ],
      [ "grip", 1 ],
      [ "carry handle", 1 ],
      [ "barrel", 1 ],
      [ "muzzle", 1 ],
      [ "rail", 1 ],
      [ "mechanism", 2 ],
      [ "sights", 1 ],
      [ "stock", 1 ],
      [ "underbarrel", 1 ]
    ]
  },
  {
    "id": "ups_rifle",
    "type": "GUN",
    "color": "yellow",
    "symbol": "(",
    "name": "幸存者UPS步枪",
    "description": "将UPS能量转换成激光火力的步枪，比一般的激光步枪更有效，但是效率更低。可以安装在车辆上作为炮塔使用。",
    "price": 358000,
    "material": [ "steel", "wood" ],
    "weight": 4145,
    "volume": 14,
    "bashing": 12,
    "to_hit": -1,
    "ammo_effects": [ "LASER", "SHOT", "INCENDIARY" ],
    "flags": [ "NO_AMMO", "NO_UNLOAD", "MODE_BURST" ],
    "ups_charges": 50,
    "skill": "rifle",
    "ranged_damage": 20,
    "pierce": 3,
    "range": 25,
    "dispersion": 30,
    "sight_dispersion": 80,
    "aim_speed": 8,
    "durability": 7,
    "burst": 5,
    "loudness": 12,
    "valid_mod_locations": [
      [ "accessories", 2 ],
      [ "sling", 1 ],
      [ "grip", 1 ],
      [ "rail", 1 ],
      [ "sights", 1 ],
      [ "stock", 1 ],
      [ "underbarrel", 1 ]
    ]
  },
  {
    "id": "ups_rifle_crank",
    "type": "GUN",
    "color": "yellow",
    "symbol": "(",
    "name": "幸存者曲柄步枪",
    "description": "在幸存者UPS步枪的基础上进一步研究发展，它集成了一个曲柄和电容，使其可以通过手动供电提供UPS能量。在拥有无限弹药的基础上稍微降低了射击可靠性。",
    "price": 749000,
    "material": [ "steel", "wood" ],
    "weight": 4964,
    "volume": 17,
    "bashing": 8,
    "to_hit": -1,
    "ammo_effects": [ "LASER", "SHOT", "INCENDIARY" ],
    "flags": [ "NO_AMMO", "NO_UNLOAD", "ALWAY_TWOHAND" ],
    "skill": "rifle",
    "ranged_damage": 18,
    "pierce": 8,
    "range": 25,
    "dispersion": 50,
    "sight_dispersion": 100,
    "aim_speed": 10,
    "recoil": 15,
    "durability": 6,
    "reload": 0,
    "loudness": 16,
    "artifact_data": { "effects_wielded": [ "AEP_DEX_DOWN" ] },
    "valid_mod_locations": [
      [ "accessories", 2 ],
      [ "sling", 1 ],
      [ "grip", 1 ],
      [ "rail", 1 ],
      [ "sights", 1 ],
      [ "stock", 1 ],
      [ "underbarrel", 1 ]
    ]
  },
  {
    "id": "surv_battery_pistol",
    "type": "GUN",
    "color": "light_red",
    "symbol": "{",
   "name": "幸存者电子手枪",
    "description": "一个简单的电子手枪，从电池中吸取能量并发射，虽然它很弱，但它还是可以适当的对目标造成伤害。",
    "price": 42400,
    "material": [ "steel", "wood" ],
    "weight": 2940,
    "volume": 4,
    "bashing": 3,
    "to_hit": -1,
    "ammo_effects": [ "LIGHTNING" ],
    "flags": [ "FIRE_50" ],
    "ammo": "battery",
    "magazines": [ [ "battery", [ "light_battery_cell", "light_plus_battery_cell", "light_minus_battery_cell" ] ] ],
    "skill": "pistol",
    "ranged_damage": 4,
    "range": 10,
    "dispersion": 15,
    "sight_dispersion": 50,
    "aim_speed": 4,
    "recoil": 10,
    "durability": 5,
    "reload": 300,
    "loudness": 12,
    "valid_mod_locations": [ [ "accessories", 2 ], [ "sling", 1 ], [ "barrel", 1 ], [ "rail", 1 ], [ "sights", 1 ], [ "stock", 1 ] ]
  },
  {
    "id": "surv_battery_rifle",
    "type": "GUN",
    "color": "light_red",
    "symbol": "{",
    "name": "幸存者电子步枪",
    "description": "一种简单的电子步枪，从电池中吸取能量并发射。它比手枪版更强大一点，但仍然是一个相当低效的武器。",
    "price": 87100,
    "material": [ "steel", "wood" ],
    "weight": 5360,
    "volume": 12,
    "bashing": 8,
    "to_hit": -1,
    "ammo_effects": [ "LIGHTNING" ],
    "flags": [ "FIRE_100", "ALWAY_TWOHAND" ],
    "ammo": "battery",
    "magazines": [ [ "battery", [ "medium_battery_cell", "medium_plus_battery_cell" ] ] ],
    "skill": "rifle",
    "ranged_damage": 8,
    "range": 15,
    "dispersion": 35,
    "sight_dispersion": 75,
    "aim_speed": 8,
    "recoil": 30,
    "durability": 5,
    "reload": 600,
    "loudness": 14,
    "valid_mod_locations": [
      [ "accessories", 3 ],
      [ "sling", 1 ],
      [ "grip", 1 ],
      [ "barrel", 1 ],
      [ "rail", 1 ],
      [ "sights", 1 ],
      [ "stock", 1 ],
      [ "underbarrel", 1 ]
    ]
  },
  {
    "id": "surv_full_223",
    "type": "GUN",
    "symbol": "(",
    "color": "brown",
    "name": "幸存者.223突击步枪",
    "description": "一把自制的突击步枪，虽然质量仍然低于大多数大灾变前的步枪，但它仍优于许多其他自制武器，使用.223弹匣。",
    "price": 120000,
    "material": [ "steel", "wood" ],
    "flags": [ "MODE_BURST" ],
    "skill": "rifle",
    "ammo": "223",
    "weight": 3028,
    "volume": 8,
    "bashing": 12,
    "to_hit": -1,
    "ranged_damage": 5,
    "range": 5,
    "dispersion": 60,
    "sight_dispersion": 60,
    "aim_speed": 6,
    "recoil": 30,
    "durability": 7,
    "burst": 5,
    "reload": 100,
    "loudness": 50,
    "magazines": [ [ "223", [ "surv_223_mag" ] ] ],
    "valid_mod_locations": [
      [ "accessories", 3 ],
      [ "sling", 1 ],
      [ "brass catcher", 1 ],
      [ "muzzle", 1 ],
      [ "barrel", 1 ],
      [ "bore", 1 ],
      [ "conversion", 1 ],
      [ "grip", 1 ],
      [ "magazine", 2 ],
      [ "mechanism", 4 ],
      [ "muzzle", 1 ],
      [ "rail", 1 ],
      [ "sights", 1 ],
      [ "stock", 1 ],
      [ "underbarrel", 1 ]
    ]
  },
  {
    "id": "surv_full_22",
    "type": "GUN",
    "symbol": "(",
    "color": "brown",
    "name": "幸存者.22冲锋枪",
    "description": "一把自制的冲锋枪，虽然质量仍然低于大多数大灾变前的步枪，但它仍优于许多其他自制武器，使用.22弹匣。",
    "price": 120000,
    "material": [ "steel", "wood" ],
    "flags": [ "MODE_BURST" ],
    "skill": "smg",
    "ammo": "22",
    "weight": 2074,
    "volume": 6,
    "bashing": 8,
    "to_hit": -1,
    "ranged_damage": 5,
    "range": 5,
    "dispersion": 200,
    "sight_dispersion": 90,
    "aim_speed": 4,
    "recoil": 45,
    "durability": 6,
    "burst": 8,
    "reload": 100,
    "loudness": 60,
    "magazines": [ [ "22", [ "surv_22_mag" ] ] ],
    "valid_mod_locations": [
      [ "accessories", 2 ],
      [ "sling", 1 ],
      [ "brass catcher", 1 ],
      [ "muzzle", 1 ],
      [ "grip", 1 ],
      [ "magazine", 2 ],
      [ "mechanism", 4 ],
      [ "rail", 1 ],
      [ "sights", 1 ],
      [ "stock", 1 ],
      [ "underbarrel", 1 ]
    ]
  },
  {
    "id": "surv_full_9mm",
    "type": "GUN",
    "symbol": "(",
    "color": "brown",
    "name": "幸存者9mm冲锋枪",
    "description": "一把自制的冲锋枪，虽然质量仍然低于大多数大灾变前的步枪，但它仍优于许多其他自制武器，使用9mm弹匣。",
    "price": 120000,
    "material": [ "steel", "wood" ],
    "flags": [ "MODE_BURST" ],
    "skill": "smg",
    "ammo": "9mm",
    "weight": 3158,
    "volume": 6,
    "bashing": 8,
    "to_hit": -1,
    "ranged_damage": 5,
    "range": 5,
    "dispersion": 200,
    "sight_dispersion": 90,
    "aim_speed": 4,
    "recoil": 45,
    "durability": 6,
    "burst": 8,
    "reload": 100,
    "loudness": 60,
    "magazines": [ [ "9mm", [ "surv_9mm_mag" ] ] ],
    "valid_mod_locations": [
      [ "accessories", 2 ],
      [ "sling", 1 ],
      [ "brass catcher", 1 ],
      [ "muzzle", 1 ],
      [ "grip", 1 ],
      [ "magazine", 2 ],
      [ "mechanism", 4 ],
      [ "rail", 1 ],
      [ "sights", 1 ],
      [ "stock", 1 ],
      [ "underbarrel", 1 ]
    ]
  },
  {
    "id": "surv_full_45",
    "type": "GUN",
    "symbol": "(",
    "color": "brown",
    "name": "幸存者.45冲锋枪",
    "description": "一把自制的冲锋枪，虽然质量仍然低于大多数大灾变前的步枪，但它仍优于许多其他自制武器，使用.45弹匣。",
    "price": 120000,
    "material": [ "steel", "wood" ],
    "flags": [ "MODE_BURST" ],
    "skill": "smg",
    "ammo": "45",
    "weight": 3160,
    "volume": 6,
    "bashing": 8,
    "to_hit": -1,
    "ranged_damage": 5,
    "range": 5,
    "dispersion": 200,
    "sight_dispersion": 90,
    "aim_speed": 4,
    "recoil": 45,
    "durability": 6,
    "burst": 8,
    "reload": 100,
    "loudness": 60,
    "magazines": [ [ "45", [ "surv_45_mag" ] ] ],
    "valid_mod_locations": [
      [ "accessories", 2 ],
      [ "sling", 1 ],
      [ "brass catcher", 1 ],
      [ "muzzle", 1 ],
      [ "grip", 1 ],
      [ "magazine", 2 ],
      [ "mechanism", 4 ],
      [ "rail", 1 ],
      [ "sights", 1 ],
      [ "stock", 1 ],
      [ "underbarrel", 1 ]
    ]
  },
  {
    "id": "surv_full_308",
    "type": "GUN",
    "symbol": "(",
    "color": "brown",
    "name": "幸存者.308战斗步枪",
    "description": "一把自制的战斗步枪，虽然质量仍然低于大多数大灾变前的步枪，但它仍优于许多其他自制武器，使用.308弹匣。",
    "price": 120000,
    "material": [ "steel", "wood" ],
    "flags": [ "MODE_BURST" ],
    "skill": "rifle",
    "ammo": "308",
    "weight": 3238,
    "volume": 8,
    "bashing": 12,
    "to_hit": -1,
    "ranged_damage": 5,
    "range": 5,
    "dispersion": 60,
    "sight_dispersion": 60,
    "aim_speed": 6,
    "recoil": 30,
    "durability": 7,
    "burst": 5,
    "reload": 100,
    "loudness": 50,
    "magazines": [ [ "308", [ "surv_308_mag" ] ] ],
    "valid_mod_locations": [
      [ "accessories", 3 ],
      [ "sling", 1 ],
      [ "brass catcher", 1 ],
      [ "muzzle", 1 ],
      [ "barrel", 1 ],
      [ "bore", 1 ],
      [ "conversion", 1 ],
      [ "grip", 1 ],
      [ "magazine", 2 ],
      [ "mechanism", 4 ],
      [ "muzzle", 1 ],
      [ "rail", 1 ],
      [ "sights", 1 ],
      [ "stock", 1 ],
      [ "underbarrel", 1 ]
    ]
  },
  {
    "id": "surv_full_762",
    "type": "GUN",
    "symbol": "(",
    "color": "brown",
    "name": "幸存者7.62x39突击步枪",
    "description": "一把自制的战斗步枪，虽然质量仍然低于大多数大灾变前的步枪，但它仍优于许多其他自制武器，使用7.62x39子弹。",
    "price": 120000,
    "material": [ "steel", "wood" ],
    "flags": [ "MODE_BURST" ],
    "skill": "rifle",
    "ammo": "762",
    "weight": 3169,
    "volume": 8,
    "bashing": 12,
    "to_hit": -1,
    "ranged_damage": 5,
    "range": 5,
    "dispersion": 60,
    "sight_dispersion": 60,
    "aim_speed": 6,
    "recoil": 30,
    "durability": 7,
    "burst": 5,
    "reload": 100,
    "loudness": 50,
    "magazines": [ [ "762", [ "surv_762_mag" ] ] ],
    "valid_mod_locations": [
      [ "accessories", 3 ],
      [ "sling", 1 ],
      [ "brass catcher", 1 ],
      [ "muzzle", 1 ],
      [ "barrel", 1 ],
      [ "bore", 1 ],
      [ "conversion", 1 ],
      [ "grip", 1 ],
      [ "magazine", 2 ],
      [ "mechanism", 4 ],
      [ "muzzle", 1 ],
      [ "rail", 1 ],
      [ "sights", 1 ],
      [ "stock", 1 ],
      [ "underbarrel", 1 ]
    ]
  },
  {
    "id": "surv_full_12",
    "type": "GUN",
    "symbol": "(",
    "color": "brown",
    "name": "幸存者全自动霰弹枪",
    "description": "一把自制的霰弹枪，虽然质量仍然低于大多数大灾变前的步枪，但它仍优于许多其他自制武器，使用12号弹匣。",
    "price": 120000,
    "material": [ "steel", "wood" ],
    "flags": [ "ALWAY_TWOHAND", "MODE_BURST" ],
    "skill": "shotgun",
    "ammo": "shot",
    "weight": 3592,
    "volume": 10,
    "bashing": 12,
    "to_hit": -1,
    "ranged_damage": 0,
    "range": 5,
    "dispersion": 60,
    "sight_dispersion": 60,
    "aim_speed": 8,
    "recoil": 30,
    "durability": 6,
    "burst": 5,
    "reload": 100,
    "loudness": 160,
    "magazines": [ [ "shot", [ "surv_12_mag" ] ] ],
    "valid_mod_locations": [
      [ "accessories", 3 ],
      [ "sling", 1 ],
      [ "brass catcher", 1 ],
      [ "muzzle", 1 ],
      [ "barrel", 1 ],
      [ "bore", 1 ],
      [ "conversion", 1 ],
      [ "grip", 1 ],
      [ "magazine", 2 ],
      [ "mechanism", 4 ],
      [ "rail", 1 ],
      [ "sights", 1 ],
      [ "stock", 1 ],
      [ "underbarrel", 1 ]
    ]
  },
  {
    "id": "surv_lmg_308",
    "type": "GUN",
    "symbol": "(",
    "color": "brown",
    "name": "幸存者.308通用机枪",
    "name_plural": "幸存者.308通用机枪",
    "description": "一把自制的通用机枪，虽然制作精良，但强大的火力及高容量弹匣使它的可靠性降低。使用.308子弹带。",
    "price": 150000,
    "material": [ "steel", "wood" ],
    "flags": [ "ALWAY_TWOHAND", "MODE_BURST" ],
    "skill": "rifle",
    "ammo": "308",
    "weight": 8238,
    "volume": 10,
    "bashing": 12,
    "to_hit": -1,
    "ranged_damage": 10,
    "range": 10,
    "dispersion": 80,
    "sight_dispersion": 80,
    "aim_speed": 8,
    "recoil": 60,
    "durability": 6,
    "burst": 10,
    "reload": 100,
    "loudness": 80,
    "magazines": [ [ "308", [ "surv_belt_308" ] ] ],
    "built_in_mods": [ "lmg_handle" ],
    "valid_mod_locations": [
      [ "accessories", 3 ],
      [ "sling", 1 ],
      [ "brass catcher", 1 ],
      [ "muzzle", 1 ],
      [ "barrel", 1 ],
      [ "bore", 1 ],
      [ "conversion", 1 ],
      [ "grip", 1 ],
      [ "carry handle", 1 ],
      [ "magazine", 2 ],
      [ "mechanism", 4 ],
      [ "muzzle", 1 ],
      [ "rail", 1 ],
      [ "sights", 1 ],
      [ "stock", 1 ],
      [ "underbarrel", 1 ]
    ]
  },
  {
    "id": "surv_lmg_762",
    "type": "GUN",
    "symbol": "(",
    "color": "brown",
    "name": "幸存者7.62x39轻机枪",
    "description": "一把自制的轻机枪，虽然制作精良，但强大的火力及高容量弹匣使它的可靠性降低。使用7.62x39子弹带。",
    "price": 150000,
    "material": [ "steel", "wood" ],
    "flags": [ "ALWAY_TWOHAND", "MODE_BURST" ],
    "skill": "rifle",
    "ammo": "762",
    "weight": 8169,
    "volume": 10,
    "bashing": 12,
    "to_hit": -1,
    "ranged_damage": 10,
    "range": 10,
    "dispersion": 80,
    "sight_dispersion": 80,
    "aim_speed": 8,
    "recoil": 60,
    "durability": 6,
    "burst": 10,
    "reload": 100,
    "loudness": 80,
    "magazines": [ [ "762", [ "surv_belt_762" ] ] ],
    "built_in_mods": [ "lmg_handle" ],
    "valid_mod_locations": [
      [ "accessories", 3 ],
      [ "sling", 1 ],
      [ "brass catcher", 1 ],
      [ "muzzle", 1 ],
      [ "barrel", 1 ],
      [ "bore", 1 ],
      [ "conversion", 1 ],
      [ "grip", 1 ],
      [ "carry handle", 1 ],
      [ "magazine", 2 ],
      [ "mechanism", 4 ],
      [ "muzzle", 1 ],
      [ "rail", 1 ],
      [ "sights", 1 ],
      [ "stock", 1 ],
      [ "underbarrel", 1 ]
    ]
  },
  {
    "id": "surv_lmg_223",
    "type": "GUN",
    "symbol": "(",
    "color": "brown",
    "name": "幸存者.223轻机枪",
    "description": "一把自制的轻机枪，虽然制作精良，但强大的火力及高容量弹匣使它的可靠性降低。使用.223子弹带。",
    "price": 150000,
    "material": [ "steel", "wood" ],
    "flags": [ "ALWAY_TWOHAND", "MODE_BURST" ],
    "skill": "rifle",
    "ammo": "223",
    "weight": 8028,
    "volume": 10,
    "bashing": 12,
    "to_hit": -1,
    "ranged_damage": 10,
    "range": 10,
    "dispersion": 80,
    "sight_dispersion": 80,
    "aim_speed": 8,
    "recoil": 60,
    "durability": 6,
    "burst": 10,
    "reload": 100,
    "loudness": 80,
    "magazines": [ [ "223", [ "surv_belt_223" ] ] ],
    "built_in_mods": [ "lmg_handle" ],
    "valid_mod_locations": [
      [ "accessories", 3 ],
      [ "sling", 1 ],
      [ "muzzle", 1 ],
      [ "barrel", 1 ],
      [ "bore", 1 ],
      [ "conversion", 1 ],
      [ "grip", 1 ],
      [ "carry handle", 1 ],
      [ "magazine", 2 ],
      [ "mechanism", 4 ],
      [ "muzzle", 1 ],
      [ "rail", 1 ],
      [ "sights", 1 ],
      [ "stock", 1 ],
      [ "underbarrel", 1 ]
    ]
  },
  {
    "id": "survbow",
    "type": "GUN",
    "symbol": "(",
    "color": "light_brown",
    "//": "Effectively a beefed-up composite bow, some loss of accuracy and efficiency compared to making a modern bow.",
    "name": "幸存者战斗弓",
    "description": "一种威力强大的弓，需要非常强壮的弓箭手来使用，提高了武器耐用性和弓箭威力。弓的前面有临时的刀片，使这把弓可以成为一个有效的近战武器。采用可拆卸设计，更容易储存。",
    "price": 88000,
    "material": [ "wood", "steel" ],
    "flags": [ "FIRE_TWOHAND", "STR_DRAW", "RELOAD_AND_SHOOT", "PRIMITIVE_RANGED_WEAPON", "DURABLE_MELEE" ],
    "techniques": [ "RAPID", "WBLOCK_2", "PRECISE" ],
    "skill": "archery",
    "min_strength": 9,
    "ammo": "arrow",
    "weight": 1144,
    "volume": 9,
    "bashing": 10,
    "cutting": 18,
    "reload_noise_volume": 4,
    "loudness": 10,
    "ranged_damage": 16,
    "pierce": 2,
    "range": 12,
    "dispersion": 175,
    "durability": 7,
    "clip_size": 1,
    "reload": 75,
    "use_action": { "type": "transform", "msg": "You collapse the fighting bow into its takedown form.", "target": "survbowstored" }
  },
  {
    "id": "surv_sniper",
    "type": "GUN",
    "symbol": "(",
    "color": "brown",
    "name": "幸存者燧发狙击枪",
    "description": "一个真正的射手自制步枪，采用直拉式门闩系统，让重新加弹速度变快。它使用燧发弹药，它非常精确和具有破坏性，但它具有很高的反冲能力。",
    "price": 52000,
    "material": [ "iron", "wood" ],
    "flags": [ "NEVER_JAMS", "RELOAD_ONE" ],
    "skill": "rifle",
    "ammo": "flintlock",
    "weight": 2184,
    "volume": 10,
    "bashing": 12,
    "to_hit": -1,
    "ranged_damage": 25,
    "pierce": 2,
    "dispersion": 50,
    "sight_dispersion": 60,
    "aim_speed": 8,
    "recoil": 100,
    "durability": 8,
    "range": 30,
    "clip_size": 1,
    "reload": 250,
    "loudness": 50,
    "valid_mod_locations": [
      [ "accessories", 4 ],
      [ "sling", 1 ],
      [ "muzzle", 1 ],
      [ "barrel", 1 ],
      [ "bore", 1 ],
      [ "grip", 1 ],
      [ "muzzle", 1 ],
      [ "rail", 1 ],
      [ "sights", 1 ],
      [ "stock", 1 ],
      [ "underbarrel", 1 ]
    ]
  },
  {
    "id": "neo_laser_pistol",
    "type": "GUN",
    "looks_like": "v29",
    "symbol": "(",
    "color": "dark_gray",
    "name": "NEO-33激光手枪",
    "description": "一把小型激光手枪，采用了符合人体工程学的简洁外观设计。以牺牲射击范围和射击伤害为代价提高了能源的使用效率。枪身上印有制造商Omnitech实验室的标志。",
    "price": 1800000,
    "material": [ "superalloy", "steel" ],
    "ammo_effects": [ "LASER", "INCENDIARY" ],
    "flags": [ "NO_AMMO", "NEVER_JAMS", "NO_UNLOAD" ],
    "ups_charges": 5,
    "skill": "pistol",
    "weight": 720,
    "volume": 4,
    "bashing": 4,
    "to_hit": -2,
    "ranged_damage": 10,
    "pierce": 2,
    "range": 10,
    "dispersion": 0,
    "//": "Laser means no dispersion.",
    "aim_speed": 4,
    "recoil": 0,
    "durability": 10,
    "reload": 0,
    "built_in_mods": [ "rail_laser_sight" ],
    "valid_mod_locations": [
      [ "accessories", 2 ],
      [ "sling", 1 ],
      [ "sights", 1 ],
      [ "rail", 1 ],
      [ "underbarrel", 1 ],
      [ "emitter", 1 ],
      [ "lens", 1 ]
    ]
  },
  {
    "id": "akro_laser_smg",
    "type": "GUN",
    "looks_like": "needlegun",
    "symbol": "(",
    "color": "dark_gray",
    "name": "AKRO-388激光冲锋枪",
    "description": "在NEO-33设计的基础上升级优化而来的AKRO-388是平衡了能源效率和射击速度后的产物，可以提供更高的火力威胁。被放大后的枪身可以更好的适应灾变后的世界环境。枪身上印有制造商Omnitech实验室的标志。",
    "price": 1800000,
    "material": [ "superalloy", "steel" ],
    "ammo_effects": [ "LASER", "INCENDIARY" ],
    "flags": [ "NO_AMMO", "MODE_BURST", "NEVER_JAMS", "NO_UNLOAD" ],
    "ups_charges": 10,
    "skill": "smg",
    "weight": 2680,
    "volume": 6,
    "bashing": 10,
    "to_hit": -2,
    "ranged_damage": 20,
    "pierce": 5,
    "range": 20,
    "dispersion": 0,
    "//": "Laser means no dispersion.",
    "recoil": 0,
    "durability": 10,
    "modes": [ [ "DEFAULT", "semi", 1 ], [ "BURST", "spray", 10 ], [ "AUTO", "auto", 15 ] ],
    "reload": 0,
    "default_mods": [ "rail_laser_sight", "holo_sight", "pistol_grip" ],
    "built_in_mods": [ "grip" ],
    "valid_mod_locations": [
      [ "accessories", 2 ],
      [ "sling", 1 ],
      [ "grip", 1 ],
      [ "rail", 1 ],
      [ "sights", 1 ],
      [ "stock", 1 ],
      [ "underbarrel", 2 ],
      [ "emitter", 1 ],
      [ "lens", 1 ]
    ]
  },
  {
    "id": "arc_laser_rifle",
    "type": "GUN",
    "symbol": "(",
    "color": "dark_gray",
    "looks_like": "laser_rifle",
    "name": "ARC-314激光步枪",
    "description": "一种基于A7和AKRO-388的实验性激光步枪。可以提供相对较高的火力和能量使用效率。操作方式与普通步枪一致，便于使用。制造商为Omnitech实验室。",
    "price": 1800000,
    "material": [ "superalloy", "steel" ],
    "ammo_effects": [ "LASER", "INCENDIARY" ],
    "flags": [ "NO_AMMO", "MODE_BURST", "NEVER_JAMS", "NO_UNLOAD" ],
    "ups_charges": 20,
    "skill": "rifle",
    "weight": 3120,
    "volume": 8,
    "bashing": 12,
    "to_hit": -1,
    "ranged_damage": 50,
    "pierce": 10,
    "range": 30,
    "dispersion": 0,
    "//": "Laser means no dispersion.",
    "recoil": 0,
    "durability": 10,
    "modes": [ [ "DEFAULT", "semi", 1 ], [ "BURST", "burst", 3 ], [ "AUTO", "auto", 10 ] ],
    "reload": 0,
    "default_mods": [ "holo_sight", "pistol_grip", "grip" ],
    "valid_mod_locations": [
      [ "accessories", 4 ],
      [ "sling", 1 ],
      [ "grip", 1 ],
      [ "rail", 1 ],
      [ "sights", 1 ],
      [ "stock", 1 ],
      [ "underbarrel", 2 ],
      [ "emitter", 1 ],
      [ "lens", 1 ]
    ]
  },
  {
    "id": "krx_laser_lmg",
    "type": "GUN",
    "looks_like": "laser_lmg",
    "symbol": "(",
    "color": "dark_gray",
    "name": "KRX-108激光轻机枪",
    "description": "Omnitech实验室生产的强大火力轻机枪，它可以对一大群敌人造成毁灭性的打击。如果安装在车辆上，它还可以充分利用其自动定位功能自动攻击敌人。",
    "price": 1800000,
    "material": [ "superalloy", "steel" ],
    "ammo_effects": [ "LASER", "INCENDIARY" ],
    "flags": [ "ALWAYS_TWOHAND", "NO_AMMO", "MODE_BURST", "NEVER_JAMS", "NO_UNLOAD" ],
    "ups_charges": 50,
    "skill": "rifle",
    "weight": 5620,
    "volume": 12,
    "bashing": 12,
    "to_hit": -2,
    "ranged_damage": 50,
    "pierce": 10,
    "range": 50,
    "dispersion": 10,
    "//": "Fire rate over accuracy but it still is a laser gun.",
    "recoil": 5,
    "durability": 8,
    "modes": [ [ "DEFAULT", "low auto", 10 ], [ "BURST", "medium auto", 15 ], [ "AUTO", "high auto", 25 ] ],
    "reload": 0,
    "valid_mod_locations": [
      [ "accessories", 2 ],
      [ "sling", 1 ],
      [ "sights", 1 ],
      [ "stock", 1 ],
      [ "underbarrel", 1 ],
      [ "emitter", 1 ],
      [ "lens", 1 ]
    ]
  },
  {
    "id": "mx_laser_sniper",
    "type": "GUN",
    "looks_like": "laser_sniper",
    "symbol": "(",
    "color": "dark_gray",
    "name": "MX-84激光狙击枪",
    "description": "Omnitech实验室生产的单发狙击步枪，用于对单一目标造成巨大伤害。被现代特种部队用作远程支援武器。需要大量的能量来发射，还可额外提供EMP效果。",
    "price": 1600000,
    "material": [ "superalloy", "steel" ],
    "ammo_effects": [ "DRAW_LASER_BEAM", "EMP", "INCENDIARY" ],
    "flags": [ "ALWAYS_TWOHAND", "NO_AMMO", "NEVER_JAMS", "NO_UNLOAD" ],
    "ups_charges": 100,
    "skill": "rifle",
    "weight": 2950,
    "volume": 12,
    "bashing": 12,
    "to_hit": -2,
    "ranged_damage": 150,
    "pierce": 20,
    "range": 60,
    "dispersion": 0,
    "recoil": 10,
    "durability": 10,
    "reload": 100,
    "default_mods": [ "bipod" ],
    "built_in_mods": [ "rifle_scope" ],
    "valid_mod_locations": [
      [ "accessories", 2 ],
      [ "sling", 1 ],
      [ "grip", 1 ],
      [ "rail", 1 ],
      [ "sights", 2 ],
      [ "stock", 1 ],
      [ "underbarrel", 2 ],
      [ "emitter", 1 ],
      [ "lens", 1 ]
    ]
  },
  {
    "id": "xarm_laser_shotgun",
    "type": "GUN",
    "looks_like": "rm20",
    "symbol": "(",
    "color": "dark_gray",
    "name": "XARM-37脉冲霰弹枪",
    "description": "这是一种改进的双管电弧步枪，由Omnitech实验室设计。以射程和火力为代价获得EMP效果。它以短脉冲发射，就像霰弹一样;对付传统威胁还不错，但对付电子产品最好。",
    "price": 1800000,
    "material": [ "superalloy", "steel" ],
    "ammo_effects": [ "LASER", "INCENDIARY", "SHOT", "EMP" ],
    "flags": [ "NO_AMMO", "MODE_BURST", "NEVER_JAMS", "NO_UNLOAD" ],
    "ups_charges": 20,
    "skill": "shotgun",
    "weight": 2950,
    "volume": 8,
    "bashing": 8,
    "to_hit": -2,
    "ranged_damage": 20,
    "pierce": 5,
    "range": 10,
    "dispersion": 300,
    "//": "Shotgun is a shotgun.",
    "recoil": 0,
    "durability": 8,
    "default_mods": [ "rail_laser_sight", "pistol_grip" ],
    "modes": [ [ "DEFAULT", "semi", 1 ], [ "BURST", "double-barrel", 2 ] ],
    "reload": 0,
    "valid_mod_locations": [
      [ "accessories", 2 ],
      [ "sling", 1 ],
      [ "grip", 1 ],
      [ "sights", 1 ],
      [ "rail", 1 ],
      [ "stock", 1 ],
      [ "underbarrel", 1 ],
      [ "emitter", 1 ],
      [ "lens", 1 ]
    ]
  },
  {
    "id": "br_bolt_rifle_elec",
    "type": "GUN",
    "looks_like": "bolt_rifle_elec",
    "symbol": "(",
    "color": "dark_gray",
    "name": "BR-96弩矢步枪",
    "description": "一种电子步枪，发射的弩矢通过UPS加速到高速。计划用于野外战斗，在UPS电力足够的情况下允许使用者重复制造弹药保持无限续航。它的制造商为Omnitech实验室。",
    "price": 1520000,
    "material": [ "superalloy", "steel" ],
    "flags": [ "RELOAD_ONE", "MODE_BURST", "NEVER_JAMS" ],
    "ups_charges": 2,
    "skill": "rifle",
    "ammo": "bolt",
    "weight": 3280,
    "volume": 8,
    "bashing": 8,
    "to_hit": -2,
    "ranged_damage": 25,
    "range": 20,
    "dispersion": 50,
    "recoil": 20,
    "durability": 8,
    "burst": 4,
    "clip_size": 12,
    "reload": 100,
    "valid_mod_locations": [
      [ "accessories", 2 ],
      [ "sling", 1 ],
      [ "grip", 1 ],
      [ "mechanism", 2 ],
      [ "rail", 1 ],
      [ "sights", 1 ],
      [ "stock", 1 ],
      [ "underbarrel", 1 ]
    ]
  },
  {
    "id": "mk_ionic_cannon",
    "type": "GUN",
    "looks_like": "laser_cannon",
    "symbol": "(",
    "color": "dark_gray",
    "name": "MK-2等离子炮",
    "description": "利用UPS充电发射等离子电荷，从而产生强大的能量脉冲。希望你永远不会遇到任何强大到需要这种火力的东西。",
    "price": 1520000,
    "material": [ "superalloy", "steel" ],
    "ammo_effects": [ "PLASMA", "EXPLOSIVE_HUGE", "STREAM_BIG", "INCENDIARY", "WIDE", "EMP", "FLASHBANG" ],
    "flags": [ "ALWAYS_TWOHAND", "MODE_BURST", "NEVER_JAMS" ],
    "ups_charges": 150,
    "skill": "launcher",
    "ammo": "plasma",
    "weight": 8280,
    "volume": 12,
    "bashing": 8,
    "to_hit": -2,
    "ranged_damage": 250,
    "range": 50,
    "dispersion": 0,
    "recoil": 300,
    "durability": 10,
    "clip_size": 1,
    "reload": 1000,
    "valid_mod_locations": [ [ "accessories", 2 ], [ "sling", 1 ], [ "stock", 1 ] ]
  }
]
