[
  {
    "type": "recipe",
    "result": "arrow_storm_greater",
    "category": "CC_ENCHANTED",
    "subcategory": "CSC_ENCHANTED_AMMO",
    "skill_used": "spellcraft",
    "skills_required": [ [ "archery", 9 ], [ "fabrication", 10 ] ],
    "difficulty": 10,
    "time": "20 m",
    "autolearn": true,
    "qualities": [ { "id": "HAMMER_FINE", "level": 1 }, { "id": "CHISEL", "level": 3 }, { "id": "MANA_INFUSE", "level": 2 } ],
    "tools": [ [ [ "surface_heat", 30, "LIST" ] ] ],
    "components": [
      [ [ "arrow_storm_lesser", 50 ], [ "arrow_storm_m", 20 ] ],
     [ [ "rune_druid_greater", 2 ], ["rune_stormlord", 1 ] ]
    ]
  },
  {
    "type": "recipe",
    "result": "arrow_storm_m",
    "category": "CC_ENCHANTED",
    "subcategory": "CSC_ENCHANTED_AMMO",
    "skill_used": "spellcraft",
    "skills_required": [ [ "archery", 7 ], [ "fabrication", 6 ] ],
    "difficulty": 8,
    "time": "20 m",
    "batch_time_factors": [ 75, 5 ],
    "autolearn": true,
    "qualities": [ { "id": "HAMMER_FINE", "level": 1 }, { "id": "CHISEL", "level": 2 }, { "id": "MANA_INFUSE", "level": 2 } ],
    "tools": [ [ [ "surface_heat", 10, "LIST" ] ] ],
    "components": [
      [ [ "arrow_storm_lesser", 10 ] ],
      [ [ "rune_druid", 5 ],
        [ "rune_stormshaper", 2 ],
        [ "rune_druid_greater", 1 ],
        ["rune_stormlord", 1 ] ],
      [ [ "scrap", 10 ] ]
    ]
  },
  {
    "type": "recipe",
    "result": "arrow_storm_lesser",
    "category": "CC_ENCHANTED",
    "subcategory": "CSC_ENCHANTED_AMMO",
    "skill_used": "spellcraft",
    "skills_required": [ [ "archery", 3 ], [ "fabrication", 4 ] ],
    "difficulty": 5,
    "time": "30 m",
    "batch_time_factors": [ 60, 5 ],
    "autolearn": true,
    "qualities": [ { "id": "HAMMER", "level": 1 }, { "id": "CHISEL", "level": 2 }, { "id": "MANA_INFUSE", "level": 1 } ],
    "tools": [ [ [ "surface_heat", 20, "LIST" ] ] ],
    "components": [
      [ [ "arrow_metal_sharpened_fletched", 10 ] ],
     [ [ "rune_druid", 5 ],
       [ "rune_stormshaper", 5 ],
       [ "rune_druid_greater", 1 ],
       ["rune_stormlord", 1 ] ],
     [ [ "scrap", 20 ] ]
    ]
  },
  {
    "type": "recipe",
    "result": "magiced_nail",
    "category": "CC_ENCHANTED",
    "subcategory": "CSC_ENCHANTED_AMMO",
    "skill_used": "fabrication",
    "skills_required": [ "spellcraft", 12 ],
    "difficulty": 10,
    "charges": 20,
    "time": "40 m",
    "batch_time_factors": [ 75, 4 ],
    "autolearn": true,
    "qualities": [ { "id": "CHISEL", "level": 3 }, { "id": "MANA_INFUSE", "level": 2 } ],
    "components": [
     [ ["nail", 20 ] ],
     [ [ "rune_technomancer", 2 ],
       [ "rune_stormshaper", 2 ] ],
     [ [ "crystallized_mana", 1 ] ]
   ]
  }
]
