[
  {
    "type": "recipe",
    "result": "enchantment_note_rings",
    "qualities": [ { "id": "CONTAIN", "level": 1 }, { "id": "MANA_INFUSE", "level": 1 } ],
    "tools": [ [ [ "feather", 50 ], [ "pen", -1 ], [ "survival_marker", 100 ] ], [ [ "stapler", -1 ] ], [ [ "magnifying_glass", -1 ] ], [ [ "mring_blades_lesser", 5 ] ] ],
    "components": [
      [ [ "tainted_blood", 500 ], [ "blood", 200 ], [ "dragon_blood", 100 ] ],
      [ [ "paper", 600 ] ],
      [ [ "water", 1 ], [ "water_clean", 1 ] ],
      [ [ "crystallized_mana", 10 ] ]
    ],
    "time": "15 days",
    "skill_used": "spellcraft",
    "difficulty": 9,
    "autolearn": true,
    "category": "CC_ENCHANTED",
    "subcategory": "CSC_ENCHANTED_OTHER",
    "flags": [ "SECRET" ]
  }
]
