[
  {
    "type": "recipe",
    "result": "black_dragon_tanning_hide",
    "byproducts": [ [ "dragon_black_scale", 20 ] ],
    "category": "CC_ENCHANTED",
    "subcategory": "CSC_ENCHANTED_MATERIALS",
    "skill_used": "survival",
    "skills_required": [ "spellcraft", 5 ],
    "difficulty": 3,
    "time": "48 m",
    "batch_time_factors": [ 20, 10 ],
    "qualities": [
      { "id": "CUT", "level": 1 },
      { "id": "COOK", "level": 2 },
      { "id": "BOIL", "level": 1 },
      { "id": "CONTAIN", "level": 1 },
      { "id": "MANA_INFUSE", "level": 1 }
    ],
    "tools": [ [ [ "surface_heat", 20, "LIST" ] ] ],
    "book_learn": [ [ "black_dragons", 2 ] ],
    "components": [ [ [ "dragon_essence", 1 ] ], [ [ "black_dragon_hide_raw", 1 ] ] ]
  },
  {
    "result": "suit_black_dragon_hide",
    "type": "recipe",
    "category": "CC_ENCHANTED",
    "subcategory": "CSC_ENCHANTED_ARMOR",
    "skill_used": "tailor",
    "difficulty": 5,
    "skills_required": [ "spellcraft", 3 ],
    "time": "70 h",
    "book_learn": [ [ "black_dragons", 5 ] ],
    "qualities": [ { "id": "MANA_INFUSE", "level": 1 }, { "id": "CHISEL", "level": 3 } ],
    "using": [ [ "sewing_standard", 250 ] ],
    "components": [ [ [ "black_dragon_tanned_hide", 40 ] ], [ [ "dragon_black_scale", 150 ] ], [ [ "dragon_essence", 15 ] ] ]
  },
  {
    "result": "suit_black_dragon_scale",
    "type": "recipe",
    "category": "CC_ENCHANTED",
    "subcategory": "CSC_ENCHANTED_ARMOR",
    "skill_used": "fabrication",
    "difficulty": 7,
    "skills_required": [ "spellcraft", 5 ],
    "time": "340 h",
    "book_learn": [ [ "black_dragons", 6 ] ],
    "qualities": [ { "id": "MANA_INFUSE", "level": 2 }, { "id": "CHISEL", "level": 3 } ],
    "using": [ [ "sewing_standard", 250 ], [ "welding_standard", 50 ] ],
    "components": [ [ [ "black_dragon_tanned_hide", 40 ] ], [ [ "dragon_black_scale", 1500 ] ], [ [ "dragon_essence", 15 ] ] ]
  },
  {
    "result": "boots_black_dragon_hide",
    "type": "recipe",
    "category": "CC_ENCHANTED",
    "subcategory": "CSC_ENCHANTED_ARMOR",
    "skill_used": "tailor",
    "difficulty": 5,
    "skills_required": [ "spellcraft", 3 ],
    "time": "30 h",
    "book_learn": [ [ "black_dragons", 5 ] ],
    "qualities": [ { "id": "MANA_INFUSE", "level": 1 }, { "id": "CHISEL", "level": 3 } ],
    "using": [ [ "sewing_standard", 100 ] ],
    "components": [ [ [ "black_dragon_tanned_hide", 4 ] ], [ [ "dragon_black_scale", 15 ] ], [ [ "dragon_essence", 2 ] ] ]
  },
  {
    "result": "boots_black_dragon_scale",
    "type": "recipe",
    "category": "CC_ENCHANTED",
    "subcategory": "CSC_ENCHANTED_ARMOR",
    "skill_used": "fabrication",
    "difficulty": 7,
    "skills_required": [ "spellcraft", 5 ],
    "time": "30 h",
    "book_learn": [ [ "black_dragons", 6 ] ],
    "qualities": [ { "id": "MANA_INFUSE", "level": 2 }, { "id": "CHISEL", "level": 3 } ],
    "using": [ [ "sewing_standard", 100 ], [ "welding_standard", 10 ] ],
    "components": [ [ [ "black_dragon_tanned_hide", 6 ] ], [ [ "dragon_black_scale", 75 ] ], [ [ "dragon_essence", 4 ] ] ]
  },
  {
    "result": "helmet_black_dragon_hide",
    "type": "recipe",
    "category": "CC_ENCHANTED",
    "subcategory": "CSC_ENCHANTED_ARMOR",
    "skill_used": "tailor",
    "difficulty": 5,
    "skills_required": [ "spellcraft", 3 ],
    "time": "30 h",
    "book_learn": [ [ "black_dragons", 5 ] ],
    "qualities": [ { "id": "MANA_INFUSE", "level": 1 }, { "id": "CHISEL", "level": 3 } ],
    "using": [ [ "sewing_standard", 100 ] ],
    "components": [ [ [ "black_dragon_tanned_hide", 3 ] ], [ [ "dragon_black_scale", 8 ] ], [ [ "dragon_essence", 2 ] ] ]
  },
  {
    "result": "helmet_black_dragon_scale",
    "type": "recipe",
    "category": "CC_ENCHANTED",
    "subcategory": "CSC_ENCHANTED_ARMOR",
    "skill_used": "fabrication",
    "difficulty": 7,
    "skills_required": [ "spellcraft", 5 ],
    "time": "30 h",
    "book_learn": [ [ "black_dragons", 6 ] ],
    "qualities": [ { "id": "MANA_INFUSE", "level": 2 }, { "id": "CHISEL", "level": 3 } ],
    "using": [ [ "sewing_standard", 100 ], [ "welding_standard", 10 ] ],
    "components": [ [ [ "black_dragon_tanned_hide", 1 ] ], [ [ "dragon_black_scale", 90 ] ], [ [ "dragon_essence", 4 ] ] ]
  },
  {
    "result": "gloves_black_dragon_hide",
    "type": "recipe",
    "category": "CC_ENCHANTED",
    "subcategory": "CSC_ENCHANTED_ARMOR",
    "skill_used": "tailor",
    "difficulty": 5,
    "skills_required": [ "spellcraft", 3 ],
    "time": "30 h",
    "book_learn": [ [ "black_dragons", 5 ] ],
    "qualities": [ { "id": "MANA_INFUSE", "level": 1 }, { "id": "CHISEL", "level": 3 } ],
    "using": [ [ "sewing_standard", 100 ] ],
    "components": [ [ [ "black_dragon_tanned_hide", 3 ] ], [ [ "dragon_black_scale", 10 ] ], [ [ "dragon_essence", 3 ] ] ]
  },
  {
    "result": "gauntlets_black_dragon_scale",
    "type": "recipe",
    "category": "CC_ENCHANTED",
    "subcategory": "CSC_ENCHANTED_ARMOR",
    "skill_used": "fabrication",
    "difficulty": 7,
    "skills_required": [ "spellcraft", 5 ],
    "time": "30 h",
    "book_learn": [ [ "black_dragons", 6 ] ],
    "qualities": [ { "id": "MANA_INFUSE", "level": 2 }, { "id": "CHISEL", "level": 3 } ],
    "using": [ [ "sewing_standard", 100 ], [ "welding_standard", 10 ] ],
    "components": [ [ [ "black_dragon_tanned_hide", 4 ] ], [ [ "dragon_black_scale", 50 ] ], [ [ "dragon_essence", 5 ] ] ]
  },
  {
    "result": "suit_xlblack_dragon_hide",
    "type": "recipe",
    "category": "CC_ENCHANTED",
    "subcategory": "CSC_ENCHANTED_ARMOR",
    "skill_used": "tailor",
    "difficulty": 6,
    "skills_required": [ "spellcraft", 4 ],
    "time": "70 h",
    "book_learn": [ [ "black_dragons", 5 ] ],
    "qualities": [ { "id": "MANA_INFUSE", "level": 1 }, { "id": "CHISEL", "level": 3 } ],
    "using": [ [ "sewing_standard", 350 ] ],
    "components": [ [ [ "black_dragon_tanned_hide", 60 ] ], [ [ "dragon_black_scale", 250 ] ], [ [ "dragon_essence", 20 ] ] ]
  },
  {
    "result": "suit_xlblack_dragon_scale",
    "type": "recipe",
    "category": "CC_ENCHANTED",
    "subcategory": "CSC_ENCHANTED_ARMOR",
    "skill_used": "fabrication",
    "difficulty": 8,
    "skills_required": [ "spellcraft", 6 ],
    "time": "340 h",
    "book_learn": [ [ "black_dragons", 6 ] ],
    "qualities": [ { "id": "MANA_INFUSE", "level": 2 }, { "id": "CHISEL", "level": 3 } ],
    "using": [ [ "sewing_standard", 350 ], [ "welding_standard", 100 ] ],
    "components": [ [ [ "black_dragon_tanned_hide", 60 ] ], [ [ "dragon_black_scale", 2250 ] ], [ [ "dragon_essence", 25 ] ] ]
  },
  {
    "result": "boots_xlblack_dragon_hide",
    "type": "recipe",
    "category": "CC_ENCHANTED",
    "subcategory": "CSC_ENCHANTED_ARMOR",
    "skill_used": "tailor",
    "difficulty": 6,
    "skills_required": [ "spellcraft", 4 ],
    "time": "30 h",
    "book_learn": [ [ "black_dragons", 5 ] ],
    "qualities": [ { "id": "MANA_INFUSE", "level": 1 }, { "id": "CHISEL", "level": 3 } ],
    "using": [ [ "sewing_standard", 150 ] ],
    "components": [ [ [ "black_dragon_tanned_hide", 6 ] ], [ [ "dragon_black_scale", 20 ] ], [ [ "dragon_essence", 3 ] ] ]
  },
  {
    "result": "boots_xlblack_dragon_scale",
    "type": "recipe",
    "category": "CC_ENCHANTED",
    "subcategory": "CSC_ENCHANTED_ARMOR",
    "skill_used": "fabrication",
    "difficulty": 8,
    "skills_required": [ "spellcraft", 6 ],
    "time": "30 h",
    "book_learn": [ [ "black_dragons", 6 ] ],
    "qualities": [ { "id": "MANA_INFUSE", "level": 2 }, { "id": "CHISEL", "level": 3 } ],
    "using": [ [ "sewing_standard", 150 ], [ "welding_standard", 20 ] ],
    "components": [ [ [ "black_dragon_tanned_hide", 8 ] ], [ [ "dragon_black_scale", 125 ] ], [ [ "dragon_essence", 6 ] ] ]
  },
  {
    "result": "helmet_xlblack_dragon_hide",
    "type": "recipe",
    "category": "CC_ENCHANTED",
    "subcategory": "CSC_ENCHANTED_ARMOR",
    "skill_used": "tailor",
    "difficulty": 6,
    "skills_required": [ "spellcraft", 4 ],
    "time": "30 h",
    "book_learn": [ [ "black_dragons", 5 ] ],
    "qualities": [ { "id": "MANA_INFUSE", "level": 1 }, { "id": "CHISEL", "level": 3 } ],
    "using": [ [ "sewing_standard", 150 ] ],
    "components": [ [ [ "black_dragon_tanned_hide", 4 ] ], [ [ "dragon_black_scale", 12 ] ], [ [ "dragon_essence", 3 ] ] ]
  },
  {
    "result": "helmet_xlblack_dragon_scale",
    "type": "recipe",
    "category": "CC_ENCHANTED",
    "subcategory": "CSC_ENCHANTED_ARMOR",
    "skill_used": "fabrication",
    "difficulty": 8,
    "skills_required": [ "spellcraft", 6 ],
    "time": "30 h",
    "book_learn": [ [ "black_dragons", 6 ] ],
    "qualities": [ { "id": "MANA_INFUSE", "level": 2 }, { "id": "CHISEL", "level": 3 } ],
    "using": [ [ "sewing_standard", 150 ], [ "welding_standard", 20 ] ],
    "components": [ [ [ "black_dragon_tanned_hide", 2 ] ], [ [ "dragon_black_scale", 140 ] ], [ [ "dragon_essence", 6 ] ] ]
  },
  {
    "result": "gloves_xlblack_dragon_hide",
    "type": "recipe",
    "category": "CC_ENCHANTED",
    "subcategory": "CSC_ENCHANTED_ARMOR",
    "skill_used": "tailor",
    "difficulty": 6,
    "skills_required": [ "spellcraft", 4 ],
    "time": "30 h",
    "book_learn": [ [ "black_dragons", 5 ] ],
    "qualities": [ { "id": "MANA_INFUSE", "level": 1 }, { "id": "CHISEL", "level": 3 } ],
    "using": [ [ "sewing_standard", 150 ] ],
    "components": [ [ [ "black_dragon_tanned_hide", 4 ] ], [ [ "dragon_black_scale", 15 ] ], [ [ "dragon_essence", 4 ] ] ]
  },
  {
    "result": "gauntlets_xlblack_dragon_scale",
    "type": "recipe",
    "category": "CC_ENCHANTED",
    "subcategory": "CSC_ENCHANTED_ARMOR",
    "skill_used": "fabrication",
    "difficulty": 8,
    "skills_required": [ "spellcraft", 6 ],
    "time": "30 h",
    "book_learn": [ [ "black_dragons", 6 ] ],
    "qualities": [ { "id": "MANA_INFUSE", "level": 2 }, { "id": "CHISEL", "level": 3 } ],
    "using": [ [ "sewing_standard", 150 ], [ "welding_standard", 20 ] ],
    "components": [ [ [ "black_dragon_tanned_hide", 6 ] ], [ [ "dragon_black_scale", 75 ] ], [ [ "dragon_essence", 7 ] ] ]
  }
]
