[
  {
    "type": "recipe",
    "result": "magic_suppressor",
    "category": "CC_WEAPON",
    "subcategory": "CSC_ENCHANTED_MODS",
    "skill_used": "mechanics",
    "skills_required": [ [ "spellcraft", 4 ], [ "gun", 4 ] ],
    "difficulty": 4,
    "time": "2 m 36 s",
    "book_learn": [ [ "techno_basic", 4 ] ],
    "qualities": [ { "id": "SAW_M_FINE", "level": 1 } ],
    "tools": [ [ [ "rune_technomancer", -1 ], [ "rune_technomancer_weapon", -1 ] ] ],
    "components": [ [ [ "filter_liquid", 1 ], [ "muffler", 1 ] ], [ [ "pipe", 1 ] ], [ [ "scrap", 2 ] ], [ [ "glow_dust", 1 ] ] ]
  },
  {
    "type": "recipe",
    "result": "mana_dot_sight",
    "category": "CC_ENCHANTED",
    "subcategory": "CSC_ENCHANTED_MODS",
    "skill_used": "electronics",
    "difficulty": 7,
    "skills_required": [ [ "spellcraft", 7 ], [ "gun", 4 ] ],
    "time": "3 h",
    "book_learn": [ [ "techno_basic", 5 ] ],
    "using": [ [ "soldering_standard", 20 ], [ "surface_heat", 20 ] ],
    "qualities": [ { "id": "SCREW_FINE", "level": 1 }, { "id": "CHEM", "level": 2 }, { "id": "MANA_INFUSE", "level": 1 } ],
    "tools": [
      [ [ "mold_plastic", -1 ] ],
      [ [ "rune_alchemist", -1 ], [ "rune_technomancer", -1 ], [ "rune_technomancer_weapon", -1 ] ]
    ],
    "components": [
      [ [ "plastic_chunk", 2 ] ],
      [ [ "amplifier", 1 ] ],
      [ [ "power_supply", 1 ] ],
      [ [ "light_minus_battery_cell", 1 ] ],
      [ [ "crystallized_mana", 15 ] ],
      [ [ "silver_small", 10 ] ],
      [ [ "gold_small", 10 ] ],
      [ [ "chem_aluminium_powder", 10 ] ],
      [ [ "chem_chromium_oxide", 10 ] ],
      [ [ "lens", 2 ] ]
    ]
  },
  {
    "type": "recipe",
    "result": "mana_laser_under",
    "category": "CC_ENCHANTED",
    "subcategory": "CSC_ENCHANTED_MODS",
    "skill_used": "electronics",
    "difficulty": 4,
    "skills_required": [ [ "spellcraft", 4 ], [ "gun", 4 ] ],
    "time": "3 h",
    "book_learn": [ [ "techno_basic", 4 ] ],
    "using": [ [ "soldering_standard", 10 ] ],
    "qualities": [ { "id": "SCREW_FINE", "level": 1 }, { "id": "MANA_INFUSE", "level": 1 } ],
    "tools": [ [ [ "rune_technomancer", -1 ], [ "rune_technomancer_weapon", -1 ], [ "rune_alchemist", -1 ] ] ],
    "components": [
      [ [ "amplifier", 1 ] ],
      [ [ "power_supply", 1 ] ],
      [ [ "lens", 2 ], [ "lens_small", 2 ] ],
      [ [ "light_minus_battery_cell", 1 ] ],
      [ [ "scrap", 1 ], [ "plastic_chunk", 1 ] ],
      [ [ "small_mana_crystal", 1 ] ],
      [ [ "cable", 5 ] ]
    ]
  }
]
