[ 
  {
    "type": "recipe",
    "result": "mring_perception_1",
    "category": "CC_ENCHANTED",
    "subcategory": "CSC_ENCHANTED_OTHER",
    "skill_used": "fabrication",
    "difficulty": 8,
    "skills_required": [ [ "spellcraft", 10 ] ],
    "time": "3 days",
    "book_learn": [ [ "enchantment_note_rings", 5 ] ],
    "qualities": [ { "id": "HAMMER_FINE", "level": 1 }, { "id": "GRIND", "level": 2 }, { "id": "CHISEL", "level": 1 }, { "id": "ANVIL", "level": 2 }, { "id": "CHEM", "level": 2 }, { "id": "CONCENTRATE", "level": 1 }, { "id": "MANA_FOCUS", "level": 1 }, { "id": "MANA_INFUSE", "level": 2 } ],
    "using": [ [ "forging_standard", 5 ] ],
    "tools": [ [ "magnifying_glass" ] ],
    "components": [
      [ [ "copper_ring", 1 ] ],
      [ [ "crystallized_mana", 1000 ] ],
      [ [ "rune_magus", 1 ], [ "rune_technomancer", 1 ], [ "rune_alchemist", 1 ] ],
      [ [ "eagles_sight_potion", 5 ], [ "spell_scroll_eagles_sight", 1 ] ]
    ]
  },
  {
    "type": "recipe",
    "result": "mring_blades_greater",
    "category": "CC_ENCHANTED",
    "subcategory": "CSC_ENCHANTED_OTHER",
    "skill_used": "fabrication",
    "difficulty": 10,
    "skills_required": [ [ "spellcraft", 12 ] ],
    "time": "6 days",
    "book_learn": [ [ "enchantment_note_rings", 10 ] ],
    "qualities": [ { "id": "HAMMER_FINE", "level": 1 }, { "id": "SAW_M_FINE", "level": 1 }, { "id": "CHISEL", "level": 3 }, { "id": "ANVIL", "level": 2 }, { "id": "GRIND", "level": 2 }, { "id": "CHEM", "level": 2 }, { "id": "MANA_FOCUS", "level": 1 }, { "id": "MANA_INFUSE", "level": 2 }, { "id": "MAGIC_MUTAGEN", "level": 2 } ],
    "using": [ [ "forging_standard", 50 ] ],
    "tools": [ [ [ "magnifying_glass", -1 ] ], [ [ "glass_prism", -1 ] ] ],
    "components": [
      [ [ "mring_blades_lesser", 1 ] ],
      [ [ "orichalcum_sliver", 1 ] ],
      [ [ "diamond", 1 ] ],
      [ [ "ruby", 1 ], [ "garnet", 1 ] ],
      [ [ "tourmaline", 1 ] ],
      [ [ "peridot", 1 ] ],
      [ [ "aquamarine", 1 ] ],
      [ [ "rune_magus", 1 ], [ "rune_technomancer", 1 ], [ "rune_alchemist", 3 ] ],
      [ [ "potion_starter", 7 ] ]
    ]
  }
]
