[
	{
        "type" : "ammunition_type",
        "id" : "Element_bullet_type",
        "name" : "元素铳弹",
        "default" : "Element_bullet_water"
	},{	
		"type" : "GENERIC",
        "id" : "Element_bullet_casing",
		"copy-from": "casing",
        "name" : "炼金铳弹-弹壳",
		"name_plural" : "炼金铳弹-弹壳",		
        "description" : "炼金铳弹专用弹壳，可重复使用。",
		"material" : ["iron"],
		"weight": 7,
		"volume": "10ml"
	},{
		"type" : "AMMO",
		"id" : "Element_bullet_water",		"//":"模仿：9mmP+,静音",
		"name" : "炼金铳弹-水心",
		"name_plural" : "炼金铳弹-水心",
		"symbol": "=",
		"color": "light_cyan",
		"description": "凝结水元素形成的冰弹，后座力小，附溅射效果。",
		"material" : ["iron","water"],
		"ammo_type" : "Element_bullet_type",
		"casing": "Element_bullet_casing",
		"weight": 10,
		"volume" : 1,
		"count" : 10,
		"stack_size": 20,
		"range" : 15,
		"damage" : 25,
		"dispersion" : 45,
		"recoil" : 450,
		"loudness": 35,
		"effects": ["BOUNCE", "JET", "NEVER_MISFIRES" ]
	},{
		"type" : "AMMO",
		"id" : "Element_bullet_iron",		"//":"模仿：.500 S&W magnum",
		"name" : "炼金铳弹-铁炮",
		"name_plural" : "炼金铳弹-铁炮",
		"symbol": "=",
		"color": "dark_gray",
		"description": "凝结铁元素形成的铳弹，高伤害，附震懾效果。",
		"material" : "steel",
		"ammo_type" : "Element_bullet_type",
		"casing": "Element_bullet_casing",		
		"weight": 15,
		"volume" : 1,
		"count" : 10,
		"stack_size": 20,	
		"range" : 17,
		"damage" : 50,
		"pierce" : 10,
		"dispersion" : 30,
		"recoil" : 2800,
		"loudness": 180,
		"effects": ["NEVER_MISFIRES", "BEANBAG"]
	},{
		"type" : "AMMO",
		"id" : "Element_bullet_shot",
		"name" : "炼金铳弹-霰弹",
		"name_plural" : "炼金铳弹-霰弹",
		"description": "混合冰锥与铁砂的霰弹，射程短、高命中。",
		"symbol": "=",
		"color": "light_gray",
		"material": [ "iron","water" ],		
		"ammo_type" : "Element_bullet_type",
		"casing": "Element_bullet_casing",		
		"weight": 13,
		"volume" : 1,
		"count" : 10,
		"stack_size": 20,	
		"range" : 8,
		"damage" : 45,
		"pierce" : 3,
		"dispersion" : 10,
		"recoil" : 2000,
		"loudness": 150,
		"effects": [ "NEVER_MISFIRES", "WIDE", "SHOT" ]			
	},{
		"type" : "AMMO",
		"id" : "Element_bullet_flame",
		"name" : "炼金铳弹-燃烧",
		"name_plural" : "炼金铳弹-燃烧",
		"symbol": "=",
		"color": "magenta",
		"description": "包裹压缩氫气的铳弹，附燃烧效果。",
		"material": [ "iron","hydrocarbons" ],		
		"ammo_type" : "Element_bullet_type",
		"casing": "Element_bullet_casing",		
		"weight": 10,
		"volume" : 1,
		"count" : 10,
		"stack_size": 20,
		"range" : 15,
		"damage" : 30,
		"pierce" : 10,
		"dispersion" : 30,
		"recoil" : 600,
		"loudness": 80,	
		"effects": ["NEVER_MISFIRES","FLARE"]	
	}
]