[
  {
    "id": "survbowpack",
    "type": "ARMOR",
    "name": "幸存者弓箭手背包",
    "//": "This adds the quiver function.",
    "description": "一个定制的背包被进一步修改成为射手最好的朋友。大容量的储存，可接受的累赘和一个实用的箭筒。",
    "weight": 1200,
    "volume": 12,
    "price": 36000,
    "phase": "solid",
    "material": [ "leather", "cotton" ],
    "symbol": "[",
    "color": "brown",
    "covers": [ "TORSO" ],
    "coverage": 35,
    "encumbrance": 10,
    "storage": 45,
    "warmth": 10,
    "material_thickness": 2,
    "use_action": { "type": "bandolier", "capacity": 50, "ammo": [ "arrow", "bolt" ], "draw_cost": 3 },
    "flags": [ "WATER_FRIENDLY", "STURDY", "BELTED" ]
  },
  {
    "id": "surv_suit",
    "type": "ARMOR",
    "category": "armor",
    "name": "幸存者侦察套装",
    "description": "一套自制的套装，用来在荒野生活。有充足的储存空间，温暖的毛皮衬里，环境和物理保护。内置手表、防毒面具和凑合的剑鞘套。这套衣服在你看来很合适，在这场灾难中。",
    "weight": 12840,
    "volume": 50,
    "price": 180000,
    "to_hit": -3,
    "bashing": 6,
    "phase": "solid",
    "material": [ "leather", "fur", "kevlar" ],
    "symbol": "[",
    "color": "brown",
    "covers": [ "LEGS", "TORSO", "ARMS", "HANDS", "FEET", "HEAD" ],
    "coverage": 100,
    "encumbrance": 20,
    "storage": 80,
    "warmth": 20,
    "material_thickness": 5,
    "environmental_protection": 15,
    "use_action": {
      "type": "holster",
      "holster_prompt": "Sheath knife/sword",
      "holster_msg": "You sheath your %s",
      "min_volume": 2,
      "max_volume": 10,
      "draw_cost": 80,
      "multi": 2,
      "flags": [ "SHEATH_KNIFE", "SHEATH_SWORD" ],
      "//": "Allows most blades to be sheathed."
    },
    "flags": [
      "VARSIZE",
      "OVERSIZE",
      "WATERPROOF",
      "RAINPROOF",
      "RAD_RESIST",
      "GAS_PROOF",
      "STURDY",
      "ALLOWS_NATURAL_ATTACKS",
      "WATCH",
      "NONCONDUCTIVE",
      "ALARMCLOCK"
    ]
  },
  {
    "id": "surv_armor_suit",
    "type": "ARMOR",
    "category": "armor",
    "name": "幸存者装甲侦察套装",
    "//": "Harder to repair but more durable.",
    "description": "一套自制的套装，用来在荒野生活。温暖的毛皮衬里，环境和物理保护。内置手表、防毒面具和凑合的剑鞘套。这套衣服是用凯夫拉纤维精心制作的，并用金属加固。这套衣服在你看来很合适，在这场灾难中。",
    "weight": 26360,
    "volume": 50,
    "price": 180000,
    "to_hit": -3,
    "bashing": 6,
    "phase": "solid",
    "material": [ "kevlar", "steel" ],
    "symbol": "[",
    "color": "brown",
    "covers": [ "LEGS", "TORSO", "ARMS", "HANDS", "FEET", "MOUTH", "EYES", "HEAD" ],
    "coverage": 100,
    "encumbrance": 30,
    "storage": 80,
    "warmth": 20,
    "material_thickness": 5,
    "environmental_protection": 15,
    "use_action": {
      "type": "holster",
      "holster_prompt": "Sheath knife/sword",
      "holster_msg": "You sheath your %s",
      "min_volume": 2,
      "max_volume": 10,
      "draw_cost": 80,
      "multi": 2,
      "flags": [ "SHEATH_KNIFE", "SHEATH_SWORD" ]
    },
    "flags": [
      "VARSIZE",
      "OVERSIZE",
      "WATERPROOF",
      "RAINPROOF",
      "RAD_RESIST",
      "GAS_PROOF",
      "STURDY",
      "ALLOWS_NATURAL_ATTACKS",
      "WATCH",
      "NONCONDUCTIVE",
      "ALARMCLOCK"
    ]
  },
  {
    "id": "badge_bio_weapon",
    "type": "ARMOR",
    "name": "生物武器徽章",
    "description": "一枚圆形的银质徽章，用来识别佩戴者是生物武器计划的一部分。",
    "weight": 60,
    "price": 5000,
    "phase": "solid",
    "material": [ "silver" ],
    "symbol": "[",
    "color": "yellow"
  },
  {
    "id": "badge_bio_weapon_apophis",
    "type": "ARMOR",
    "name": "生物武器阿波菲斯徽章",
    "description": "一枚圆形的银质徽章，用来识别佩戴者是生物武器计划的一部分。这个在前面刻着“阿波菲斯”的名字。",
    "weight": 60,
    "price": 10000,
    "phase": "solid",
    "material": [ "silver" ],
    "symbol": "[",
    "color": "red"
  },
  {
    "id": "stealth_cloak",
    "type": "TOOL_ARMOR",
    "name": "隐形斗篷",
    "description": "一种实验性斗篷，由高度复杂摄像机和发光二极管组成的网络让使用者完全隐形。它由内置的扭转棘轮驱动。由于其结构的特殊性，佩戴者很难移动，影响了佩戴者的力量、灵巧度和移动速度。",
    "weight": 1556,
    "volume": 12,
    "price": 8400000,
    "to_hit": -1,
    "phase": "solid",
    "material": [ "superalloy", "plastic" ],
    "symbol": "[",
    "color": "light_gray",
    "covers": [ "TORSO", "HEAD", "ARMS", "LEGS" ],
    "coverage": 75,
    "encumbrance": 15,
    "warmth": 15,
    "material_thickness": 1,
    "environmental_protection": 4,
    "artifact_data": { "effects_worn": [ "AEP_INVISIBLE", "AEP_STR_DOWN", "AEP_DEX_DOWN", "AEP_SPEED_DOWN" ] },
    "use_action": { "target": "stealth_cloak_f", "msg": "You fold your cloak.", "type": "transform" },
    "flags": [ "OVERSIZE", "HOOD", "WATERPROOF", "OUTER", "VARSIZE" ]
  },
  {
    "id": "boots_stealth",
    "type": "TOOL_ARMOR",
    "category": "armor",
    "name": "强化静音鞋",
    "name_plural": "强化静音鞋",
    "description": "一种实验性鞋子，可以完全让你的脚步静音，但也会减慢你的行动速度。",
    "weight": 1280,
    "volume": 10,
    "price": 26000,
    "to_hit": -1,
    "bashing": 1,
    "phase": "solid",
    "material": [ "kevlar", "leather" ],
    "symbol": "[",
    "color": "dark_gray",
    "covers": [ "FEET" ],
    "coverage": 100,
    "encumbrance": 18,
    "warmth": 25,
    "material_thickness": 3,
    "environmental_protection": 2,
    "artifact_data": { "effects_worn": [ "AEP_STEALTH", "AEP_SPEED_DOWN" ] },
    "flags": [ "VARSIZE", "WATERPROOF", "STURDY", "BOOTS" ]
  },
  {
    "id": "goggles_nv_clairvoyance",
    "type": "TOOL_ARMOR",
    "name": "辐射透视镜",
    "name_plural": "辐射透视镜",
    "description": "实验性护目镜，发射伽玛辐射，可以看破墙壁和黑暗。由于辐射中毒的危险，不推荐长时间使用。",
    "weight": 158,
    "volume": 2,
    "price": 26000,
    "to_hit": -3,
    "phase": "solid",
    "material": [ "plastic", "steel" ],
    "symbol": "[",
    "color": "dark_gray",
    "covers": [ "EYES" ],
    "coverage": 100,
    "encumbrance": 30,
    "warmth": 10,
    "material_thickness": 4,
    "environmental_protection": 5,
    "artifact_data": { "effects_worn": [ "AEP_CLAIRVOYANCE", "AEP_RADIOACTIVE", "AEP_GLOW" ] },
    "flags": [ "GNV_EFFECT", "WATERPROOF", "STURDY" ]
  },
  {
    "id": "lmil_armor",
    "type": "ARMOR",
    "category": "armor",
    "name": "轻型军用装甲",
    "description": "一套灰色的轻便全身防弹盔甲，轻便的代价为关节处没有装甲。",
    "weight": 9600,
    "volume": 30,
    "price": 320000,
    "to_hit": -3,
    "bashing": 5,
    "material": [ "kevlar", "cotton" ],
    "symbol": "[",
    "color": "dark_gray",
    "covers": [ "HEAD", "TORSO", "ARMS", "HANDS", "LEGS", "FEET" ],
    "coverage": 90,
    "encumbrance": 25,
    "warmth": 30,
    "material_thickness": 6,
    "environmental_protection": 4,
    "flags": [ "STURDY" ]
  },
  {
    "id": "mil_armor",
    "type": "ARMOR",
    "category": "armor",
    "name": "军用装甲",
    "description": "一套灰色的全身防弹盔甲，关节处有皮革保护。",
    "weight": 12800,
    "volume": 30,
    "price": 350000,
    "to_hit": -3,
    "bashing": 5,
    "material": [ "kevlar", "leather" ],
    "symbol": "[",
    "color": "dark_gray",
    "covers": [ "HEAD", "TORSO", "ARMS", "HANDS", "LEGS", "FEET" ],
    "coverage": 95,
    "encumbrance": 30,
    "warmth": 40,
    "material_thickness": 7,
    "environmental_protection": 4,
    "flags": [ "STURDY" ]
  },
  {
    "id": "hmil_armor",
    "type": "ARMOR",
    "category": "armor",
    "name": "重型军用装甲",
    "description": "一套灰色的全身防弹盔甲，影响灵活性。",
    "weight": 25200,
    "volume": 30,
    "price": 400000,
    "to_hit": -3,
    "bashing": 5,
    "material": [ "kevlar", "steel" ],
    "symbol": "[",
    "color": "dark_gray",
    "covers": [ "HEAD", "TORSO", "ARMS", "HANDS", "LEGS", "FEET" ],
    "coverage": 95,
    "encumbrance": 35,
    "warmth": 30,
    "material_thickness": 8,
    "environmental_protection": 4,
    "flags": [ "STURDY" ]
  },
  {
    "id": "fancy_bra",
    "type": "ARMOR",
    "name": "名牌胸罩",
    "name_plural": "名牌胸罩",
    "description": "一件奢华的名牌胸罩，穿在你身上很好看。",
    "weight": 35,
    "volume": 1,
    "price": 5000,
    "material": [ "cotton" ],
    "symbol": "[",
    "color": "white",
    "covers": [ "TORSO" ],
    "coverage": 15,
    "warmth": 5,
    "material_thickness": 2,
    "flags": [ "VARSIZE", "SKINTIGHT", "SUPER_FANCY" ]
  },
  {
    "id": "thong",
    "type": "ARMOR",
    "name": "丁字裤",
    "name_plural": "丁字裤",
    "description": "女人的内衣，比平长内衣更小，以换取老司机的凝视。",
    "weight": 30,
    "volume": 1,
    "price": 2500,
    "material": [ "cotton" ],
    "symbol": "[",
    "color": "white",
    "covers": [ "LEGS" ],
    "coverage": 12,
    "warmth": 5,
    "material_thickness": 1,
    "flags": [ "VARSIZE", "SKINTIGHT", "FANCY" ]
  },
  {
    "id": "dress_skirt",
    "type": "ARMOR",
    "name": "礼服裙",
    "description": "一条短而轻快的棉裙，轻便，但没有口袋。",
    "weight": 75,
    "volume": 1,
    "price": 8000,
    "material": [ "cotton" ],
    "symbol": "[",
    "color": "dark_gray",
    "covers": [ "LEGS" ],
    "coverage": 50,
    "encumbrance": 2,
    "warmth": 5,
    "material_thickness": 1,
    "flags": [ "VARSIZE", "FANCY" ]
  },
  {
    "id": "microskirt",
    "type": "ARMOR",
    "name": "超短裙",
    "description": "一件短边的裙子，没有口袋，但穿起来很舒服。",
    "weight": 11,
    "volume": 1,
    "price": 3000,
    "material": [ "cotton" ],
    "symbol": "[",
    "color": "pink",
    "covers": [ "LEGS" ],
    "coverage": 7,
    "material_thickness": 1,
    "flags": [ "VARSIZE", "FANCY" ]
  }
]
