[ 
 {
    "type": "mutation",
    "id": "QXBT1",
    "name": "气血奔腾",
    "points": 3,
    "mixed_effect": true,
    "description": "你感觉到你全身的气血逐渐沸腾,浑身上下充满着力量.",
    "types": [ "SKIN" ],   
    "changes_to": [ "LJHQ2" ],     
    "category": [ "INSECT" ], 
    "armor": [ { "parts": "ALL", "bash": 2, "cut": 2 } ],
    "passive_mods": { "dex_mod": 1, "str_mod": 2 },
    "hp_adjustment": 4   
  },
  {
    "type": "mutation",
    "id": "LJHQ2",
    "name": "炼精化气",
    "points": 3,
    "description": "炼精化气，你可以将气血凝炼成一股灵气...",
    "prereqs": [ "QXBT1" ],       
    "category": [ "SPIDER" ],
    "active": true,
    "cost": 80,    
    "hunger": true,
    "thirst": true,
    "spawn_item": { "type": "WXKJ_resoure_LQ", "message": "你感觉身体被掏空." }
  }
  
]