[

{
    "id": "by_cs_by_1",
    "type": "COMESTIBLE",
    "copy-from": "mutagen_flavor",    
    "name": "时间停止",
    "description": "嗯，正在测试中。",
    "use_action": { "type": "mutagen", 
    "mutation_category": "wxkj_by_cs_1" }
},
{
        "type" : "mutation_category",
        "id" : "wxkj_by_cs_1",
        "name" : "时间停止",
 "threshold_mut" :"by_cs_1",
 "mutagen_message":"你感觉到周围的!",
 "iv_message" : "222iv_message",     
"memorial_message":"333memorial_message"
},
{
    "type": "mutation",
    "id": "by_cs_1",
    "name": "时间停止",
    "points": 1,      
    "ugliness" : 1,
    "active": true,
    "description": "测试测试测试，激活启动变异.",
    "types": [ "SKIN" ],   
    "category": [ "wxkj_by_cs_1" ], 
    "metabolism_modifier": 200000,
    "max_stamina_modifier": 0.25,
    "stamina_regen_modifier": -80,
    "fatigue_modifier": 0.001,
    "fatigue_regen_modifier": -100,
    "speed_modifier": 20



  }
  
  ]