[
  {
    "type": "overmap_special",
    "id": "Survivor_Holdout_s",
    "overmaps": [ { "point": [ 0, 0, 0 ], "overmap": "Survivor_Holdout_1_north" } ],
    "connections" : [
      { "point" : [0,-1,0], "terrain" : "road", "existing" : true }
    ],
    "locations": [ "wilderness" ],
    "city_distance": [ 20, -1 ],
    "city_sizes": [ 0, 16 ],
    "occurrences": [ 75, 100 ],
    "flags": [ "CLASSIC", "UNIQUE" ]
  },
  {
    "type": "overmap_special",
    "id": "surv_camp_s",
    "overmaps": [ { "point": [ 0, 0, 0 ], "overmap": "surv_camp" } ],
    "locations": [ "forest" ],
    "city_distance": [ 5, -1 ],
    "city_sizes": [ 0, 16 ],
    "occurrences": [ 0, 10 ],
    "flags": [ "CLASSIC" ]
  },
  {
    "type": "overmap_special",
    "id": "surv_emcampz_s",
    "overmaps": [ { "point": [ 0, 0, 0 ], "overmap": "surv_emcampz" } ],
    "locations": [ "forest" ],
    "city_distance": [ 5, -1 ],
    "city_sizes": [ 0, 16 ],
    "occurrences": [ 0, 10 ],
    "flags": [ "CLASSIC" ]
  },
  {
    "type": "overmap_special",
    "id": "surv_emcampb_s",
    "overmaps": [ { "point": [ 0, 0, 0 ], "overmap": "surv_emcampb" } ],
    "locations": [ "forest" ],
    "city_distance": [ 5, -1 ],
    "city_sizes": [ 0, 16 ],
    "occurrences": [ 0, 10 ],
    "flags": [ "CLASSIC" ]
  },
  {
    "type": "overmap_special",
    "id": "surv_emcampn_s",
    "overmaps": [ { "point": [ 0, 0, 0 ], "overmap": "surv_emcampn" } ],
    "locations": [ "forest" ],
    "city_distance": [ 5, -1 ],
    "city_sizes": [ 0, 16 ],
    "occurrences": [ 0, 10 ],
    "flags": [ "CLASSIC" ]
  },
  {
    "type": "overmap_special",
    "id": "surv_emcampnp_s",
    "overmaps": [ { "point": [ 0, 0, 0 ], "overmap": "surv_emcampnp" } ],
    "locations": [ "forest" ],
    "city_distance": [ 5, -1 ],
    "city_sizes": [ 0, 16 ],
    "occurrences": [ 1, 1 ],
    "flags": [ "CLASSIC" ]
  },
  {
    "type": "overmap_special",
    "id": "Bio_Weapon_Lab_s",
    "overmaps": [
      { "point": [ 0, 0, 0 ], "overmap": "Bio_Weapon_Lab_1_north" },
      { "point": [ 0, 1, 0 ], "overmap": "Bio_Weapon_Lab_2_north" },
      { "point": [ 0, 1, -1 ], "overmap": "Bio_Weapon_Lab_b_north" }
    ],
    "connections": [ { "point": [ 0, -1, 0 ], "terrain": "road" } ],
    "locations": [ "wilderness" ],
    "city_distance": [ 20, -1 ],
    "city_sizes": [ 0, 16 ],
    "occurrences": [ 1, 1 ],
    "flags": [ "CLASSIC", "UNIQUE" ]
  },
  {
    "type": "overmap_special",
    "id": "Unknown_Lab_s",
    "overmaps": [
      { "point": [ 0, 0, 0 ], "overmap": "Unknown_Lab_1_north" },
      { "point": [ 1, 0, 0 ], "overmap": "Unknown_Lab_2_north" },
      { "point": [ 0, 1, 0 ], "overmap": "Unknown_Lab_3_north" },
      { "point": [ 1, 1, 0 ], "overmap": "Unknown_Lab_4_north" },
      { "point": [ 0, 0, -1 ], "overmap": "Unknown_Lab_b1_north" },
      { "point": [ 1, 0, -1 ], "overmap": "Unknown_Lab_b2_north" },
      { "point": [ 0, 1, -1 ], "overmap": "Unknown_Lab_b3_north" },
      { "point": [ 1, 1, -1 ], "overmap": "Unknown_Lab_b4_north" }
    ],
    "connections": [ { "point": [ 0, -1, 0 ], "terrain": "road" } ],
    "locations": [ "wilderness", "swamp" ],
    "city_distance": [ 20, -1 ],
    "city_sizes": [ 0, 16 ],
    "occurrences": [ 1, 1 ],
    "flags": [ "CLASSIC", "UNIQUE" ]
  },
  {
    "type": "overmap_special",
    "id": "makeshift_command_center_s",
    "overmaps": [
      { "point": [ 0, 0, 0 ], "overmap": "makeshift_command_center_1_north" },
      { "point": [ 0, 1, 0 ], "overmap": "makeshift_command_center_2_north" },
      { "point": [ 0, 1, -1 ], "overmap": "makeshift_command_center_b_north" }
    ],
    "connections": [ { "point": [ 0, -1, 0 ], "terrain": "road" } ],
    "locations": [ "wilderness" ],
    "city_distance": [ 20, -1 ],
    "city_sizes": [ 0, 16 ],
    "occurrences": [ 1, 1 ],
    "flags": [ "CLASSIC", "UNIQUE" ]
  },
  {
    "type": "overmap_special",
    "id": "house_fight_s",
    "overmaps": [
      { "point": [ 0, 0, 0 ], "overmap": "sketchy_cabin_1_north" },
      { "point": [ 1, 0, 0 ], "overmap": "sketchy_cabin_2_north" },
      { "point": [ 0, 0, -1 ], "overmap": "sketchy_cabin_b1_north" },
      { "point": [ 1, 0, -1 ], "overmap": "sketchy_cabin_b2_north" }
    ],
    "locations": [ "forest" ],
    "city_distance": [ 5, -1 ],
    "city_sizes": [ 0, 16 ],
    "occurrences": [ 0, 3 ],
    "flags": [ "CLASSIC" ]
  },
  {
    "type": "overmap_special",
    "id": "forest_slaghter_s",
    "overmaps": [ { "point": [ 0, 0, 0 ], "overmap": "forest_slaghter" } ],
    "locations": [ "forest" ],
    "city_distance": [ 5, -1 ],
    "city_sizes": [ 0, 16 ],
    "occurrences": [ 0, 20 ],
    "flags": [ "CLASSIC" ]
  },
  {
    "type": "overmap_special",
    "id": "plain_slaughter1_s",
    "overmaps": [ { "point": [ 0, 0, 0 ], "overmap": "plain_slaughter1" } ],
    "locations": [ "wilderness" ],
    "city_distance": [ 5, -1 ],
    "city_sizes": [ 0, 16 ],
    "occurrences": [ 0, 20 ],
    "flags": [ "CLASSIC" ]
  },
  {
    "type": "overmap_special",
    "id": "plain_slaughter2_s",
    "overmaps": [ { "point": [ 0, 0, 0 ], "overmap": "plain_slaughter2" } ],
    "locations": [ "wilderness" ],
    "city_distance": [ 5, -1 ],
    "city_sizes": [ 0, 16 ],
    "occurrences": [ 0, 20 ],
    "flags": [ "CLASSIC" ]
  },
  {
    "type": "overmap_special",
    "id": "new_fungal_territory_s",
    "overmaps": [ { "point": [ 0, 0, 0 ], "overmap": "new_fungal_territory" } ],
    "locations": [ "wilderness" ],
    "city_distance": [ 5, -1 ],
    "city_sizes": [ 0, 16 ],
    "occurrences": [ 0, 20 ],
    "flags": [ "CLASSIC" ]
  }
]
