[
  {
    "id": "dracolich_harvest",
    "//": "Heavy loss of flesh and organs, fair amount of skins due to membranous wings.",
    "type": "harvest",
    "entries": [
      {
        "drop": "meat_tainted",
        "type": "flesh",
        "mass_ratio": 0.1
      },
      {
        "drop": "fat_tainted",
        "type": "flesh",
        "mass_ratio": 0.05
      },
      {
        "drop": "bone_tainted",
        "type": "bone",
        "mass_ratio": 0.25
      },
      {
        "drop": "sinew",
        "type": "bone",
        "mass_ratio": 0.001
      },
      {
        "drop": "raw_tainted_leather",
        "type": "skin",
        "mass_ratio": 0.05
      }
    ]
  },
  {
    "id": "moruboru_harvest",
    "//": "Inedible plant tissue, dry plant matters mixed with vines as an outer surface.",
    "type": "harvest",
    "entries": [
      {
        "drop": "plant_fibre",
        "type": "bone",
        "mass_ratio": 0.4
      },
      {
        "drop": "veggy_tainted",
        "type": "flesh",
        "mass_ratio": 0.2
      },
      {
        "drop": "veggy_tainted",
        "type": "offal",
        "mass_ratio": 0.05
      },
      {
        "drop": "stick",
        "type": "bone",
        "mass_ratio": 0.05
      },
      {
        "drop": "vine_30",
        "type": "skin",
        "mass_ratio": 0.02
      },
      {
        "drop": "withered",
        "type": "skin",
        "mass_ratio": 0.01
      }
    ]
  }
]