[
  {
    "name": "GROUP_NETHER_LAVA",
    "type": "monstergroup",
    "default": "mon_shadow_summoned",
    "monsters": [
      {
        "monster": "mon_hunting_horror",
        "freq": 250,
        "cost_multiplier": 0
      },
      {
        "monster": "mon_gozu",
        "freq": 175,
        "cost_multiplier": 0
      },
      {
        "monster": "mon_flaming_eye",
        "freq": 75,
        "cost_multiplier": 0
      }
    ]
  },
  {
    "name": "GROUP_IMPACT",
    "type": "monstergroup",
    "default": "mon_dementia",
    "monsters": [
      {
        "monster": "mon_gracke",
        "freq": 150,
        "cost_multiplier": 0
      },
      {
        "monster": "mon_homunculus",
        "freq": 100,
        "cost_multiplier": 0
      },
      {
        "monster": "mon_mi_go",
        "freq": 50,
        "cost_multiplier": 0
      },
      {
        "monster": "mon_flesh_angel",
        "freq": 25,
        "cost_multiplier": 0
      }
    ]
  },
  {
    "name": "GROUP_SANGUINE_BASEMENT",
    "type": "monstergroup",
    "default": "mon_dementia",
    "monsters": [
      {
        "monster": "mon_blank",
        "freq": 150,
        "cost_multiplier": 0
      },
      {
        "monster": "mon_homunculus",
        "freq": 100,
        "cost_multiplier": 0
      },
      {
        "monster": "mon_mi_go",
        "freq": 50,
        "cost_multiplier": 0
      }
    ]
  },
  {
    "name": "GROUP_GROVEBASEMENT",
    "type": "monstergroup",
    "default": "mon_triffid",
    "monsters": [
      {
        "monster": "mon_triffid_young",
        "freq": 300,
        "cost_multiplier": 0
      },
      {
        "monster": "mon_fungal_fighter",
        "freq": 160,
        "cost_multiplier": 0
      },
      {
        "monster": "mon_vinebeast",
        "freq": 160,
        "cost_multiplier": 10
      },
      {
        "monster": "mon_flying_polyp",
        "freq": 25,
        "cost_multiplier": 0
      },
      {
        "monster": "mon_hunting_horror",
        "freq": 240,
        "cost_multiplier": 0
      },
      {
        "monster": "mon_yugg",
        "freq": 70,
        "cost_multiplier": 0
      },
      {
        "monster": "mon_kreck",
        "freq": 210,
        "cost_multiplier": 0
      },
      {
        "monster": "mon_gozu",
        "freq": 25,
        "cost_multiplier": 0
      }
    ]
  },
  {
    "name": "GROUP_CF_BASEMENT",
    "type": "monstergroup",
    "default": "mon_blank",
    "monsters": [
      {
        "monster": "mon_shadow_summoned",
        "freq": 200,
        "cost_multiplier": 0
      },
      {
        "monster": "mon_shadow_snake_summoned",
        "freq": 150,
        "cost_multiplier": 0
      },
      {
        "monster": "mon_hunting_horror",
        "freq": 200,
        "cost_multiplier": 0
      },
      {
        "monster": "mon_kreck",
        "freq": 150,
        "cost_multiplier": 0
      },
      {
        "monster": "mon_gracke",
        "freq": 75,
        "cost_multiplier": 0
      },
      {
        "monster": "mon_gozu",
        "freq": 75,
        "cost_multiplier": 0
      },
      {
        "monster": "mon_flying_polyp",
        "freq": 25,
        "cost_multiplier": 0
      },
      {
        "monster": "mon_flaming_eye",
        "freq": 25,
        "cost_multiplier": 0
      }
    ]
  },
  {
    "type": "monstergroup",
    "name": "GROUP_ARCHON",
    "default": "mon_null",
    "monsters": [
      {
        "monster": "mon_shadow_snake_summoned",
        "freq": 400,
        "cost_multiplier": 0
      },
      {
        "monster": "mon_shadow_summoned",
        "freq": 250,
        "cost_multiplier": 0
      },
      {
        "monster": "mon_hunting_horror_summoned",
        "freq": 50,
        "cost_multiplier": 0
      },
      {
        "monster": "mon_vortex_summoned",
        "freq": 50,
        "cost_multiplier": 0
      },
      {
        "monster": "mon_archon",
        "freq": 0,
        "cost_multiplier": 0
      }
    ]
  },
  {
    "type": "monstergroup",
    "name": "GROUP_ARCHON_RESURGENCE",
    "default": "mon_shadow_summoned",
    "monsters": [
      {
        "monster": "mon_shadow_snake_summoned",
        "freq": 400,
        "cost_multiplier": 0
      },
      {
        "monster": "mon_hunting_horror_summoned",
        "freq": 100,
        "cost_multiplier": 0
      },
      {
        "monster": "mon_seraphic_shade",
        "freq": 0,
        "cost_multiplier": 0
      }
    ]
  }
]