[
  {
    "id": "mon_razorclaw",
    "copy-from": "mon_razorclaw",
    "type": "MONSTER",
    "death_drops": "mon_razorclaw_death_drops"
  },
  {
    "id": "mon_alpha_razorclaw",
    "copy-from": "mon_alpha_razorclaw",
    "type": "MONSTER",
    "death_drops": "mon_alpha_razorclaw_death_drops"
  },
  {
    "id": "mon_ant_queen",
    "copy-from": "mon_ant_queen",
    "type": "MONSTER",
    "death_drops": "mon_ant_queen_death_drops"
  },
  {
    "id": "mon_ant_acid",
    "copy-from": "mon_ant_acid",
    "type": "MONSTER",
    "death_drops": "mon_ant_acid_death_drops"
  },
  {
    "id": "mon_ant_acid_soldier",
    "copy-from": "mon_ant_acid_soldier",
    "type": "MONSTER",
    "death_drops": "mon_ant_acid_soldier_death_drops"
  },
  {
    "id": "mon_ant_acid_queen",
    "copy-from": "mon_ant_acid_queen",
    "type": "MONSTER",
    "death_drops": "mon_ant_acid_queen_death_drops"
  },
  {
    "id": "mon_graboid",
    "copy-from": "mon_graboid",
    "type": "MONSTER",
    "death_drops": "mon_graboid_death_drops"
  },
  {
    "id": "mon_worm",
    "copy-from": "mon_worm",
    "type": "MONSTER",
    "death_drops": "mon_worm_death_drops"
  },
  {
    "id": "mon_cockatrice",
    "copy-from": "mon_cockatrice",
    "type": "MONSTER",
    "death_drops": "mon_cockatrice_death_drops"
  },
  {
    "id": "mon_sludge_crawler",
    "copy-from": "mon_sludge_crawler",
    "type": "MONSTER",
    "death_drops": "mon_sludge_crawler_death_drops"
  },
  {
    "id": "mon_zombie_shady",
    "copy-from": "mon_zombie_shady",
    "type": "MONSTER",
    "death_drops": "mon_zombie_shady_death_drops"
  },
  {
    "id": "mon_zougar_shady",
    "type": "MONSTER",
    "copy-from": "mon_zougar_shady",
    "death_drops": "mon_zougar_shady_death_drops"
  },
  {
    "id": "mon_zombie_brute_ninja",
    "copy-from": "mon_zombie_brute_ninja",
    "type": "MONSTER",
    "death_drops": "mon_zombie_brute_ninja_death_drops"
  },
  {
    "id": "mon_zombie_biter",
    "copy-from": "mon_zombie_biter",
    "type": "MONSTER",
    "death_drops": "mon_zombie_biter_death_drops"
  },
  {
    "id": "mon_zombie_hunter",
    "copy-from": "mon_zombie_hunter",
    "type": "MONSTER",
    "death_drops": "mon_zombie_hunter_death_drops"
  },
  {
    "id": "mon_zombie_predator",
    "copy-from": "mon_zombie_predator",
    "type": "MONSTER",
    "death_drops": "mon_zombie_predator_death_drops"
  },
  {
    "id": "mon_zombie_mancroc",
    "copy-from": "mon_zombie_mancroc",
    "type": "MONSTER",
    "death_drops": "mon_zombie_mancroc_death_drops"
  },
  {
    "id": "mon_zombie_brainless",
    "copy-from": "mon_zombie_brainless",
    "type": "MONSTER",
    "death_drops": "mon_zombie_brainless_death_drops"
  },
  {
    "id": "mon_zombie_ears",
    "copy-from": "mon_zombie_ears",
    "type": "MONSTER",
    "death_drops": "mon_zombie_ears_death_drops"
  },
  {
    "id": "mon_zombie_skull",
    "copy-from": "mon_zombie_skull",
    "type": "MONSTER",
    "death_drops": "mon_zombie_skull_death_drops"
  },
  {
    "id": "mon_zombie_necro",
    "copy-from": "mon_zombie_necro",
    "type": "MONSTER",
    "death_drops": "mon_zombie_necro_death_drops",
    "extend": {
      "flags": [
        "COLDPROOF"
      ]
    }
  },
  {
    "id": "mon_zombie_necro_boomer",
    "copy-from": "mon_zombie_necro_boomer",
    "type": "MONSTER",
    "death_drops": "mon_zombie_necro_boomer_death_drops",
    "extend": {
      "flags": [
        "COLDPROOF"
      ]
    }
  },
  {
    "id": "mon_zombie_master",
    "copy-from": "mon_zombie_master",
    "type": "MONSTER",
    "death_drops": "mon_zombie_master_death_drops",
    "extend": {
      "flags": [
        "COLDPROOF"
      ]
    }
  },
  {
    "id": "mon_zombie_hollow",
    "copy-from": "mon_zombie_hollow",
    "type": "MONSTER",
    "death_drops": "mon_zombie_hollow_death_drops"
  },
  {
    "id": "mon_fleshy_shambler",
    "copy-from": "mon_fleshy_shambler",
    "type": "MONSTER",
    "death_drops": "mon_fleshy_shambler_death_drops",
    "extend": {
      "categories": [
        "CLASSIC"
      ]
    }
  },
  {
    "id": "mon_flesh_golem",
    "copy-from": "mon_flesh_golem",
    "type": "MONSTER",
    "death_drops": "mon_flesh_golem_death_drops",
    "extend": {
      "categories": [
        "CLASSIC"
      ]
    }
  },
  {
    "id": "mon_jabberwock",
    "copy-from": "mon_jabberwock",
    "type": "MONSTER",
    "death_drops": "mon_jabberwock_death_drops",
    "extend": {
      "categories": [
        "CLASSIC"
      ]
    }
  },
  {
    "id": "mon_charred_nightmare",
    "copy-from": "mon_charred_nightmare",
    "type": "MONSTER",
    "death_drops": "mon_charred_nightmare_death_drops"
  },
  {
    "id": "mon_triffid",
    "copy-from": "mon_triffid",
    "type": "MONSTER",
    "death_drops": "mon_triffid_death_drops"
  },
  {
    "id": "mon_zoose_thorny",
    "type": "MONSTER",
    "copy-from": "mon_zoose_thorny",
    "death_drops": "mon_zoose_thorny_death_drops"
  },
  {
    "id": "mon_triffid_young",
    "copy-from": "mon_triffid_young",
    "type": "MONSTER",
    "death_drops": "mon_triffid_young_death_drops"
  },
  {
    "id": "mon_fungal_fighter",
    "copy-from": "mon_fungal_fighter",
    "type": "MONSTER",
    "death_drops": "mon_fungal_fighter_death_drops"
  },
  {
    "id": "mon_triffid_flower",
    "copy-from": "mon_triffid_flower",
    "type": "MONSTER",
    "death_drops": "mon_triffid_flower_death_drops"
  },
  {
    "id": "mon_triffid_queen",
    "copy-from": "mon_triffid_queen",
    "type": "MONSTER",
    "death_drops": "mon_triffid_queen_death_drops"
  },
  {
    "id": "mon_creeper_hub",
    "copy-from": "mon_creeper_hub",
    "type": "MONSTER",
    "death_drops": "mon_creeper_hub_death_drops"
  },
  {
    "id": "mon_biollante",
    "copy-from": "mon_biollante",
    "type": "MONSTER",
    "death_drops": "mon_biollante_death_drops"
  },
  {
    "id": "mon_vinebeast",
    "copy-from": "mon_vinebeast",
    "type": "MONSTER",
    "death_drops": "mon_vinebeast_death_drops"
  },
  {
    "id": "mon_triffid_heart",
    "copy-from": "mon_triffid_heart",
    "type": "MONSTER",
    "death_drops": "mon_triffid_heart_death_drops"
  },
  {
    "id": "mon_fungaloid",
    "copy-from": "mon_fungaloid",
    "type": "MONSTER",
    "death_drops": "mon_fungaloid_death_drops"
  },
  {
    "id": "mon_fungaloid_young",
    "copy-from": "mon_fungaloid_young",
    "type": "MONSTER",
    "death_drops": "mon_fungaloid_young_death_drops"
  },
  {
    "id": "mon_fungaloid_queen",
    "copy-from": "mon_fungaloid_queen",
    "type": "MONSTER",
    "death_drops": "mon_fungaloid_queen_death_drops"
  },
  {
    "id": "mon_fungaloid_seeder",
    "copy-from": "mon_fungaloid_seeder",
    "type": "MONSTER",
    "death_drops": "mon_fungaloid_seeder_death_drops"
  },
  {
    "id": "mon_fungal_tendril",
    "copy-from": "mon_fungal_tendril",
    "type": "MONSTER",
    "death_drops": "mon_fungal_tendril_death_drops"
  },
  {
    "id": "mon_fungal_blossom",
    "copy-from": "mon_fungal_blossom",
    "type": "MONSTER",
    "death_drops": "mon_fungaloid_blossom_death_drops"
  },
  {
    "id": "mon_blob_brain",
    "copy-from": "mon_blob_brain",
    "type": "MONSTER",
    "death_drops": "mon_blob_brain_death_drops"
  },
  {
    "id": "mon_blob_large",
    "copy-from": "mon_blob_large",
    "type": "MONSTER",
    "death_drops": "mon_blob_large_death_drops"
  },
  {
    "id": "mon_blob",
    "copy-from": "mon_blob",
    "type": "MONSTER",
    "death_drops": "mon_blob_death_drops"
  },
  {
    "id": "mon_one_eye",
    "copy-from": "mon_one_eye",
    "type": "MONSTER",
    "death_drops": "mon_one_eye_death_drops",
    "extend": {
      "categories": [
        "CLASSIC"
      ]
    }
  },
  {
    "id": "mon_crawler",
    "copy-from": "mon_crawler",
    "type": "MONSTER",
    "death_drops": "mon_crawler_death_drops",
    "extend": {
      "categories": [
        "CLASSIC"
      ]
    }
  },
  {
    "id": "mon_rat_king",
    "copy-from": "mon_rat_king",
    "type": "MONSTER",
    "death_drops": "mon_rat_king_death_drops",
    "extend": {
      "categories": [
        "CLASSIC"
      ]
    }
  },
  {
    "id": "mon_bee",
    "copy-from": "mon_bee",
    "type": "MONSTER",
    "death_drops": "mon_bee_death_drops"
  },
  {
    "id": "mon_wasp",
    "copy-from": "mon_wasp",
    "type": "MONSTER",
    "death_drops": "mon_wasp_death_drops"
  },
  {
    "id": "mon_dermatik_larva",
    "copy-from": "mon_dermatik_larva",
    "type": "MONSTER",
    "death_drops": "mon_dermatik_larva_death_drops"
  },
  {
    "id": "mon_dermatik",
    "copy-from": "mon_dermatik",
    "type": "MONSTER",
    "death_drops": "mon_dermatik_death_drops"
  },
  {
    "id": "mon_dark_wyrm",
    "copy-from": "mon_dark_wyrm",
    "type": "MONSTER",
    "death_drops": "mon_dark_wyrm_death_drops",
    "extend": {
      "categories": [
        "CLASSIC"
      ]
    }
  },
  {
    "id": "mon_amigara_horror",
    "copy-from": "mon_amigara_horror",
    "type": "MONSTER",
    "death_drops": "mon_amigara_horror_death_drops",
    "extend": {
      "categories": [
        "CLASSIC"
      ]
    }
  },
  {
    "id": "mon_dog_thing",
    "copy-from": "mon_dog_thing",
    "type": "MONSTER",
    "extend": {
      "categories": [
        "CLASSIC"
      ]
    }
  },
  {
    "id": "mon_headless_dog_thing",
    "copy-from": "mon_headless_dog_thing",
    "type": "MONSTER",
    "extend": {
      "categories": [
        "CLASSIC"
      ]
    }
  },
  {
    "id": "mon_thing",
    "copy-from": "mon_thing",
    "type": "MONSTER",
    "death_drops": "mon_thing_death_drops",
    "extend": {
      "categories": [
        "CLASSIC"
      ]
    }
  },
  {
    "id": "mon_human_snail",
    "copy-from": "mon_human_snail",
    "type": "MONSTER",
    "death_drops": "mon_human_snail_death_drops",
    "extend": {
      "categories": [
        "CLASSIC"
      ]
    }
  },
  {
    "id": "mon_twisted_body",
    "copy-from": "mon_twisted_body",
    "type": "MONSTER",
    "death_drops": "mon_twisted_body_death_drops",
    "extend": {
      "categories": [
        "CLASSIC"
      ]
    }
  },
  {
    "id": "mon_vortex",
    "copy-from": "mon_vortex",
    "type": "MONSTER",
    "//": "FFS why are they harmless",
    "melee_dice": 1,
    "melee_dice_sides": 2,
    "melee_damage": [
      {
        "damage_type": "cold",
        "amount": 2,
        "armor_multiplier": 0.75
      }
    ],
    "death_drops": "mon_vortex_death_drops",
    "extend": {
      "flags": [
        "COLDPROOF"
      ],
      "categories": [
        "CLASSIC"
      ]
    }
  },
  {
    "id": "mon_flying_polyp",
    "copy-from": "mon_flying_polyp",
    "type": "MONSTER",
    "death_drops": "mon_flying_polyp_death_drops",
    "extend": {
      "flags": [
        "COLDPROOF"
      ],
      "categories": [
        "CLASSIC"
      ]
    }
  },
  {
    "id": "mon_hunting_horror",
    "copy-from": "mon_hunting_horror",
    "melee_damage": [
      {
        "damage_type": "cold",
        "amount": 4,
        "armor_multiplier": 0.75
      }
    ],
    "melee_cut": 4,
    "type": "MONSTER",
    "death_drops": "mon_hunting_horror_death_drops",
    "extend": {
      "flags": [
        "COLDPROOF"
      ],
      "categories": [
        "CLASSIC"
      ]
    }
  },
  {
    "id": "mon_mi_go",
    "copy-from": "mon_mi_go",
    "type": "MONSTER",
    "death_drops": "mon_mi_go_death_drops",
    "extend": {
      "categories": [
        "CLASSIC"
      ]
    }
  },
  {
    "id": "mon_mi_go_slaver",
    "copy-from": "mon_mi_go_slaver",
    "type": "MONSTER",
    "death_drops": "mon_mi_go_slaver_death_drops",
    "extend": {
      "categories": [
        "CLASSIC"
      ]
    }
  },
  {
    "id": "mon_mi_go_surgeon",
    "copy-from": "mon_mi_go_surgeon",
    "type": "MONSTER",
    "death_drops": "mon_mi_go_surgeon_death_drops",
    "extend": {
      "categories": [
        "CLASSIC"
      ]
    }
  },
  {
    "id": "mon_mi_go_guard",
    "copy-from": "mon_mi_go_guard",
    "type": "MONSTER",
    "death_drops": "mon_mi_go_guard_death_drops",
    "extend": {
      "categories": [
        "CLASSIC"
      ]
    }
  },
  {
    "id": "mon_mi_go_myrmidon",
    "copy-from": "mon_mi_go_myrmidon",
    "type": "MONSTER",
    "death_drops": "mon_mi_go_myrmidon_death_drops",
    "extend": {
      "categories": [
        "CLASSIC"
      ]
    }
  },
  {
    "id": "mon_mi_go_scout",
    "copy-from": "mon_mi_go_scout",
    "type": "MONSTER",
    "death_drops": "mon_mi_go_scout_death_drops",
    "extend": {
      "categories": [
        "CLASSIC"
      ]
    }
  },
  {
    "id": "mon_yugg",
    "copy-from": "mon_yugg",
    "type": "MONSTER",
    "death_drops": "mon_yugg_death_drops",
    "extend": {
      "categories": [
        "CLASSIC"
      ]
    }
  },
  {
    "id": "mon_gelatin",
    "copy-from": "mon_gelatin",
    "type": "MONSTER",
    "death_drops": "mon_gelatin_death_drops",
    "extend": {
      "categories": [
        "CLASSIC"
      ]
    }
  },
  {
    "id": "mon_flaming_eye",
    "copy-from": "mon_flaming_eye",
    "type": "MONSTER",
    "death_drops": "mon_flaming_eye_death_drops",
    "extend": {
      "categories": [
        "CLASSIC"
      ]
    }
  },
  {
    "id": "mon_kreck",
    "copy-from": "mon_kreck",
    "type": "MONSTER",
    "death_drops": "mon_kreck_death_drops",
    "extend": {
      "categories": [
        "CLASSIC"
      ]
    }
  },
  {
    "id": "mon_gracke",
    "copy-from": "mon_gracke",
    "type": "MONSTER",
    "death_drops": "mon_gracke_death_drops",
    "extend": {
      "categories": [
        "CLASSIC"
      ]
    }
  },
  {
    "id": "mon_blank",
    "copy-from": "mon_blank",
    "type": "MONSTER",
    "death_drops": "mon_blank_death_drops",
    "extend": {
      "categories": [
        "CLASSIC"
      ]
    }
  },
  {
    "id": "mon_gozu",
    "copy-from": "mon_gozu",
    "type": "MONSTER",
    "death_drops": "mon_gozu_death_drops",
    "extend": {
      "categories": [
        "CLASSIC"
      ]
    }
  },
  {
    "id": "mon_shadow",
    "copy-from": "mon_shadow",
    "type": "MONSTER",
    "melee_dice_sides": 1,
    "melee_damage": [
      {
        "damage_type": "cold",
        "amount": 1,
        "armor_multiplier": 0.75
      }
    ],
    "death_drops": "mon_shadow_death_drops",
    "extend": {
      "flags": [
        "COLDPROOF"
      ],
      "categories": [
        "CLASSIC"
      ]
    }
  },
  {
    "id": "mon_darkman",
    "copy-from": "mon_darkman",
    "type": "MONSTER",
    "melee_damage": [
      {
        "damage_type": "cold",
        "amount": 2,
        "armor_multiplier": 0.75
      }
    ],
    "melee_cut": 1,
    "special_attacks": [
      [
        "DARKMAN",
        30
      ],
      [
        "scratch",
        15
      ]
    ],
    "death_drops": "mon_darkman_death_drops",
    "extend": {
      "flags": [
        "COLDPROOF"
      ],
      "categories": [
        "CLASSIC"
      ]
    }
  },
  {
    "id": "mon_breather_hub",
    "copy-from": "mon_breather_hub",
    "type": "MONSTER",
    "death_drops": "mon_breather_hub_death_drops",
    "extend": {
      "categories": [
        "CLASSIC"
      ]
    }
  },
  {
    "id": "mon_breather",
    "copy-from": "mon_breather",
    "type": "MONSTER",
    "death_drops": "mon_breather_death_drops",
    "extend": {
      "categories": [
        "CLASSIC"
      ]
    }
  },
  {
    "id": "mon_shadow_snake",
    "copy-from": "mon_shadow_snake",
    "melee_damage": [
      {
        "damage_type": "cold",
        "amount": 2,
        "armor_multiplier": 0.75
      }
    ],
    "melee_cut": 2,
    "type": "MONSTER",
    "death_drops": "mon_shadow_snake_death_drops",
    "extend": {
      "flags": [
        "COLDPROOF"
      ],
      "categories": [
        "CLASSIC"
      ]
    }
  },
  {
    "id": "mon_shoggoth",
    "copy-from": "mon_shoggoth",
    "type": "MONSTER",
    "death_drops": "mon_shoggoth_death_drops",
    "extend": {
      "flags": [
        "COLDPROOF"
      ],
      "categories": [
        "CLASSIC"
      ]
    }
  },
  {
    "id": "mon_dementia",
    "copy-from": "mon_dementia",
    "type": "MONSTER",
    "death_drops": "mon_dementia_death_drops",
    "extend": {
      "categories": [
        "CLASSIC"
      ]
    }
  },
  {
    "id": "mon_homunculus",
    "//": "Formerly a vanilla monster that never actually spawned anywhere, they got the axe instead of ever actually getting a place to spawn in.",
    "type": "MONSTER",
    "name": {
      "str": "霍蒙库勒斯",
      "str_pl": "霍姆库里"
    },
    "description": "一个苍白无毛的男人，体格健壮。它的无眼睑的眼睛是完全黑色的，并且渗着血。",
    "default_faction": "cult",
    "bodytype": "human",
    "species": [
      "ZOMBIE"
    ],
    "categories": [
      "CLASSIC"
    ],
    "volume": "62500 ml",
    "weight": "81500 g",
    "hp": 120,
    "speed": 110,
    "material": [
      "flesh"
    ],
    "symbol": "h",
    "color": "white",
    "aggression": 100,
    "morale": 100,
    "melee_skill": 8,
    "melee_dice": 3,
    "melee_dice_sides": 12,
    "melee_cut": 4,
    "dodge": 6,
    "armor_bash": 4,
    "armor_cut": 2,
    "armor_bullet": 2,
    "harvest": "human",
    "death_drops": "mon_homunculus_death_drops",
    "death_function": [
      "NORMAL"
    ],
    "flags": [
      "SEES",
      "HEARS",
      "SMELLS",
      "WARM",
      "BASHES",
      "GROUP_BASH",
      "HUMAN",
      "REVIVES",
      "CLIMBS",
      "FILTHY"
    ]
  },
  {
    "id": "mon_blood_sacrifice",
    "copy-from": "mon_blood_sacrifice",
    "type": "MONSTER",
    "death_drops": "mon_blood_sacrifice_death_drops",
    "extend": {
      "categories": [
        "CLASSIC"
      ]
    }
  },
  {
    "id": "mon_flesh_angel",
    "//": "Formerly a vanilla monster that never actually spawned anywhere, they got the axe instead of ever actually getting a place to spawn in.",
    "type": "MONSTER",
    "name": {
      "str": "肉体天使"
    },
    "description": "一个瘦高的男人，没有皮肤和正常的面容。前额和前额的第三块肌肉支配着它的翅膀。",
    "default_faction": "cult",
    "bodytype": "angel",
    "species": [
      "ZOMBIE"
    ],
    "categories": [
      "CLASSIC"
    ],
    "diff": 5,
    "volume": "92500 ml",
    "weight": "120 kg",
    "hp": 200,
    "speed": 120,
    "material": [
      "flesh"
    ],
    "symbol": "H",
    "color": "red",
    "aggression": 100,
    "morale": 100,
    "melee_skill": 9,
    "melee_dice": 3,
    "melee_dice_sides": 4,
    "melee_cut": 0,
    "dodge": 2,
    "harvest": "zombie",
    "special_attacks": [
      [
        "FEAR_PARALYZE",
        15
      ],
      {
        "type": "bite",
        "cooldown": 5
      }
    ],
    "death_drops": "mon_flesh_angel_death_drops",
    "death_function": [
      "NORMAL"
    ],
    "flags": [
      "SEES",
      "HEARS",
      "SMELLS",
      "WARM",
      "HARDTOSHOOT",
      "FLIES",
      "HUMAN",
      "POISON",
      "REVIVES",
      "FILTHY"
    ]
  },
  {
    "id": "mon_player_blob",
    "copy-from": "mon_player_blob",
    "type": "MONSTER",
    "death_drops": "mon_player_blob_death_drops"
  },
  {
    "id": "mon_shia",
    "copy-from": "mon_shia",
    "type": "MONSTER",
    "death_drops": "mon_shia_death_drops"
  },
  {
    "id": "mon_zombie_dancer",
    "copy-from": "mon_zombie_dancer",
    "type": "MONSTER",
    "death_drops": "mon_zombie_dancer_death_drops"
  },
  {
    "id": "mon_skeleton_hulk",
    "copy-from": "mon_skeleton_hulk",
    "type": "MONSTER",
    "death_drops": "mon_skeleton_hulk_death_drops"
  },
  {
    "id": "mon_zombie_child_scorched",
    "copy-from": "mon_zombie_child_scorched",
    "type": "MONSTER",
    "death_drops": "mon_zombie_child_scorched_death_drops"
  },
  {
    "id": "mon_zombie_scorched",
    "copy-from": "mon_zombie_scorched",
    "type": "MONSTER",
    "death_drops": "mon_zombie_scorched_death_drops"
  },
  {
    "id": "mon_zombie_fiend",
    "copy-from": "mon_zombie_fiend",
    "type": "MONSTER",
    "death_drops": "mon_zombie_fiend_death_drops"
  },
  {
    "id": "mon_zombie_smoker",
    "copy-from": "mon_zombie_smoker",
    "type": "MONSTER",
    "death_drops": "mon_zombie_smoker_death_drops"
  },
  {
    "id": "mon_zombie_wretched",
    "copy-from": "mon_zombie_wretched",
    "type": "MONSTER",
    "death_drops": "mon_zombie_wretched_death_drops"
  },
  {
    "id": "mon_zombie_acidic",
    "copy-from": "mon_zombie_acidic",
    "type": "MONSTER",
    "death_drops": "mon_zombie_acidic_death_drops"
  },
  {
    "id": "mon_zombear_acidic",
    "type": "MONSTER",
    "copy-from": "mon_zombear_acidic",
    "death_drops": "mon_zombear_acidic_death_drops"
  },
  {
    "id": "mon_zombie_spitter",
    "copy-from": "mon_zombie_spitter",
    "type": "MONSTER",
    "death_drops": "mon_zombie_spitter_death_drops"
  },
  {
    "id": "mon_zombie_corrosive",
    "copy-from": "mon_zombie_corrosive",
    "type": "MONSTER",
    "death_drops": "mon_zombie_corrosive_death_drops"
  },
  {
    "id": "mon_zombie_static",
    "copy-from": "mon_zombie_static",
    "type": "MONSTER",
    "death_drops": "mon_zombie_static_death_drops"
  },
  {
    "id": "mon_zombie_electric",
    "copy-from": "mon_zombie_electric",
    "type": "MONSTER",
    "death_drops": "mon_zombie_electric_death_drops"
  },
  {
    "id": "mon_zombie_brute_shocker",
    "copy-from": "mon_zombie_brute_shocker",
    "type": "MONSTER",
    "death_drops": "mon_zombie_brute_shocker_death_drops"
  },
  {
    "id": "mon_zombie_nullfield",
    "copy-from": "mon_zombie_nullfield",
    "type": "MONSTER",
    "death_drops": "mon_zombie_nullfield_death_drops"
  },
  {
    "id": "mon_hound_tindalos",
    "copy-from": "mon_hound_tindalos",
    "//": "Only the real ones will drop essence, not afterimages.",
    "type": "MONSTER",
    "death_drops": "mon_hound_tindalos_death_drops",
    "extend": {
      "flags": [
        "COLDPROOF"
      ],
      "categories": [
        "CLASSIC"
      ]
    }
  },
  {
    "id": "mon_hound_tindalos_afterimage",
    "copy-from": "mon_hound_tindalos_afterimage",
    "type": "MONSTER",
    "extend": {
      "flags": [
        "COLDPROOF"
      ],
      "categories": [
        "CLASSIC"
      ]
    }
  },
  {
    "id": "mon_devourer",
    "copy-from": "mon_devourer",
    "type": "MONSTER",
    "death_drops": "mon_devourer_death_drops"
  },
  {
    "id": "mon_zombie_crushed_giant",
    "copy-from": "mon_zombie_crushed_giant",
    "type": "MONSTER",
    "death_drops": "mon_zombie_crushed_giant_death_drops"
  },
  {
    "id": "mon_zombie_gasbag_immobile",
    "copy-from": "mon_zombie_gasbag_immobile",
    "type": "MONSTER",
    "death_drops": "mon_zombie_gasbag_immobile_death_drops"
  },
  {
    "id": "mon_zombie_gasbag_crawler",
    "copy-from": "mon_zombie_gasbag_crawler",
    "type": "MONSTER",
    "death_drops": "mon_zombie_gasbag_crawler_death_drops"
  },
  {
    "id": "mon_zombie_gasbag_impaler",
    "copy-from": "mon_zombie_gasbag_impaler",
    "type": "MONSTER",
    "death_drops": "mon_zombie_gasbag_impaler_death_drops"
  },
  {
    "id": "mon_zombie_scissorlimbs",
    "copy-from": "mon_zombie_scissorlimbs",
    "type": "MONSTER",
    "death_drops": "mon_zombie_scissorlimbs_death_drops"
  },
  {
    "id": "mon_zombie_hanging_innards",
    "copy-from": "mon_zombie_hanging_innards",
    "type": "MONSTER",
    "death_drops": "mon_zombie_hanging_innards_death_drops"
  },
  {
    "id": "mon_zombie_giant_heart",
    "copy-from": "mon_zombie_giant_heart",
    "type": "MONSTER",
    "death_drops": "mon_zombie_giant_heart_death_drops"
  },
  {
    "id": "mon_zombie_living_wall",
    "copy-from": "mon_zombie_living_wall",
    "type": "MONSTER",
    "death_drops": "mon_zombie_living_wall_death_drops"
  },
  {
    "id": "mon_skeleton_electric",
    "copy-from": "mon_skeleton_electric",
    "type": "MONSTER",
    "death_drops": "mon_skeleton_electric_death_drops"
  },
  {
    "id": "mon_skeleton_brute",
    "copy-from": "mon_skeleton_brute",
    "type": "MONSTER",
    "death_drops": "mon_skeleton_brute_death_drops"
  },
  {
    "id": "mon_leech_blossom",
    "copy-from": "mon_leech_blossom",
    "type": "MONSTER",
    "death_drops": "mon_leech_blossom_death_drops"
  },
  {
    "id": "mon_leech_stalk",
    "copy-from": "mon_leech_stalk",
    "type": "MONSTER",
    "death_drops": "mon_leech_stalk_death_drops"
  },
  {
    "id": "mon_leech_radio",
    "copy-from": "mon_leech_radio",
    "type": "MONSTER",
    "death_drops": "mon_leech_radio_death_drops"
  },
  {
    "id": "mon_leech_pod_cluster",
    "copy-from": "mon_leech_pod_cluster",
    "type": "MONSTER",
    "death_drops": "mon_leech_pod_cluster_death_drops"
  },
  {
    "id": "mon_leech_root_runner",
    "copy-from": "mon_leech_root_runner",
    "type": "MONSTER",
    "death_drops": "mon_leech_root_runner_death_drops"
  },
  {
    "id": "mon_leech_root_drone",
    "copy-from": "mon_leech_root_drone",
    "type": "MONSTER",
    "death_drops": "mon_leech_root_drone_death_drops"
  },
  {
    "id": "mon_exodii_worker",
    "copy-from": "mon_exodii_worker",
    "type": "MONSTER",
    "death_drops": "mon_exodii_worker_death_drops"
  },
  {
    "id": "mon_exodii_quad",
    "copy-from": "mon_exodii_quad",
    "type": "MONSTER",
    "death_drops": "mon_exodii_quad_death_drops"
  },
  {
    "id": "mon_zomborg",
    "copy-from": "mon_zomborg",
    "type": "MONSTER",
    "death_drops": "mon_zomborg_death_drops"
  },
  {
    "id": "mon_zombie_soldier_blackops_1",
    "copy-from": "mon_zombie_soldier_blackops_1",
    "type": "MONSTER",
    "death_drops": "mon_zombie_soldier_blackops_1_death_drops"
  },
  {
    "id": "mon_zombie_soldier_blackops_2",
    "copy-from": "mon_zombie_soldier_blackops_2",
    "type": "MONSTER",
    "death_drops": "mon_zombie_soldier_blackops_2_death_drops"
  },
  {
    "id": "mon_zombie_soldier_acid_1",
    "copy-from": "mon_zombie_soldier_acid_1",
    "type": "MONSTER",
    "death_drops": "mon_zombie_soldier_acid_1_death_drops"
  },
  {
    "id": "mon_zombie_soldier_acid_2",
    "copy-from": "mon_zombie_soldier_acid_2",
    "type": "MONSTER",
    "death_drops": "mon_zombie_soldier_acid_2_death_drops"
  },
  {
    "id": "mon_zpider_mass",
    "copy-from": "mon_zpider_mass",
    "type": "MONSTER",
    "death_drops": "mon_zpider_mass_death_drops"
  },
  {
    "id": "mon_spirit_of_fire",
    "type": "MONSTER",
    "name": {
      "str": "烈火之魂",
      "str_pl": "烈火之灵"
    },
    "description": "一场巨大的生机勃勃的大火，像燃烧的原木一样劈啪作响。",
    "default_faction": "nether",
    "categories": [
      "CLASSIC"
    ],
    "species": [
      "HORROR"
    ],
    "volume": "483750 ml",
    "weight": "40750 g",
    "diff": 45,
    "hp": 750,
    "speed": 120,
    "symbol": "&",
    "looks_like": "mon_zombie_brute_shocker",
    "color": "yellow",
    "aggression": 100,
    "morale": 500,
    "melee_skill": 6,
    "melee_dice": 3,
    "melee_dice_sides": 6,
    "melee_cut": 6,
    "dodge": 3,
    "armor_bash": 8,
    "armor_cut": 6,
    "armor_stab": 12,
    "armor_bullet": 12,
    "vision_day": 50,
    "luminance": 200,
    "harvest": "exempt",
    "regenerates": 1,
    "special_attacks": [
      {
        "type": "gun",
        "cooldown": 10,
        "move_cost": 500,
        "gun_type": "monster_fire_fake",
        "ammo_type": "generic_no_ammo",
        "fake_str": 5,
        "fake_dex": 4,
        "fake_per": 6,
        "max_ammo": 1000,
        "ranges": [
          [
            2,
            5,
            "DEFAULT"
          ]
        ],
        "require_targeting_player": false,
        "description": "邪恶的火焰从火之灵喷发出来！",
        "no_ammo_sound": "扭曲的咆哮！"
      },
      {
        "type": "spell",
        "spell_data": {
          "id": "arcana_monster_fire_radiance"
        },
        "cooldown": 10,
        "monster_message": "烈火之灵散发出令人窒息的热气。"
      }
    ],
    "death_drops": "mon_spirit_of_fire_death_drops",
    "death_function": [
      "MELT"
    ],
    "//": "It's coldproof due to being a demon, moreso than because it's made of fire.",
    "flags": [
      "NOHEAD",
      "HARDTOSHOOT",
      "WEBWALK",
      "FLIES",
      "FIREY",
      "WARM",
      "FIREPROOF",
      "COLDPROOF",
      "SEES",
      "PATH_AVOID_DANGER_1",
      "STUN_IMMUNE",
      "PRIORITIZE_TARGETS"
    ]
  },
  {
    "id": "mon_moruboru",
    "type": "MONSTER",
    "name": {
      "str": "摩鲁博鲁",
      "str_pl": "摩鲁博鲁"
    },
    "description": "一种巨大的类似植物的生物，有一个张开的牙齿状的胃和许多藤蔓。一股难闻的气味弥漫在它周围的空气中。",
    "default_faction": "moruboru",
    "categories": [
      "CLASSIC"
    ],
    "species": [
      "ABERRATION"
    ],
    "volume": "92500 ml",
    "weight": "120000 g",
    "diff": 30,
    "hp": 680,
    "speed": 90,
    "material": [
      "veggy"
    ],
    "symbol": "M",
    "looks_like": "mon_triffid_queen",
    "color": "green",
    "aggression": 100,
    "morale": 200,
    "melee_skill": 8,
    "melee_dice": 3,
    "melee_dice_sides": 6,
    "melee_cut": 8,
    "dodge": 1,
    "armor_bash": 12,
    "armor_cut": 8,
    "armor_stab": 6,
    "armor_bullet": 6,
    "vision_day": 20,
    "vision_night": 20,
    "emit_fields": [
      "emit_toxic_leak"
    ],
    "harvest": "moruboru_harvest",
    "special_attacks": [
      {
        "type": "bite",
        "cooldown": 5
      },
      [
        "TENTACLE",
        5
      ]
    ],
    "death_drops": "mon_moruboru_death_drops",
    "death_function": [
      "NORMAL"
    ],
    "flags": [
      "SEES",
      "SMELLS",
      "NOHEAD",
      "POISON",
      "NO_BREATHE",
      "PARALYZEVENOM",
      "PATH_AVOID_DANGER_2",
      "PRIORITIZE_TARGETS"
    ],
    "//": "Boss-level essence and an item"
  },
  {
    "id": "mon_archon",
    "type": "MONSTER",
    "name": {
      "str": "执政官的躯壳",
      "str_pl": "执政官的躯壳"
    },
    "description": "一个高高的，穿着长袍的人扭曲成一个嘲弄人的形式，挥舞着一个奇怪的金色护身符。你觉得这是一个超凡脱俗的存在。",
    "default_faction": "archon",
    "categories": [
      "CLASSIC"
    ],
    "species": [
      "HORROR"
    ],
    "volume": "77500 ml",
    "weight": "81500 g",
    "diff": 35,
    "hp": 750,
    "speed": 120,
    "material": [
      "flesh"
    ],
    "symbol": "H",
    "looks_like": "mon_zombie_master",
    "color": "yellow",
    "aggression": 100,
    "morale": 100,
    "melee_skill": 9,
    "melee_dice": 2,
    "melee_dice_sides": 2,
    "melee_damage": [
      {
        "damage_type": "cold",
        "amount": 5,
        "armor_multiplier": 0.1
      }
    ],
    "melee_cut": 2,
    "dodge": 3,
    "armor_bash": 6,
    "armor_cut": 4,
    "armor_stab": 2,
    "armor_bullet": 1,
    "vision_night": 25,
    "harvest": "human",
    "starting_ammo": {
      "bot_vortex": 6
    },
    "special_attacks": [
      [
        "STARE",
        50
      ],
      [
        "FEAR_PARALYZE",
        40
      ],
      [
        "GRENADIER_ELITE",
        15
      ],
      [
        "PARROT",
        25
      ],
      {
        "type": "gun",
        "cooldown": 15,
        "move_cost": 50,
        "gun_type": "monster_lightning_fake",
        "ammo_type": "generic_no_ammo",
        "fake_str": 8,
        "fake_dex": 7,
        "fake_per": 9,
        "max_ammo": 1000,
        "ranges": [
          [
            2,
            12,
            "DEFAULT"
          ]
        ],
        "require_targeting_player": false,
        "description": "一束闪电从主执政官的审判符号射出！",
        "no_ammo_sound": "一声可怕的尖叫！"
      },
      {
        "type": "spell",
        "spell_data": {
          "id": "arcana_monster_archon_gaze"
        },
        "cooldown": 10,
        "monster_message": "当它盯着%3$s时，你在一瞬间感觉到有异界的存在控制着这个躯壳。"
      }
    ],
    "//": "Here, have some chalice-specific loot",
    "death_drops": "mon_archon_death_drops",
    "death_function": [
      "NORMAL"
    ],
    "flags": [
      "ELECTRIC",
      "SEES",
      "HEARS",
      "SMELLS",
      "WARM",
      "HUMAN",
      "PATH_AVOID_DANGER_2",
      "COLDPROOF",
      "CAN_OPEN_DOORS",
      "PRIORITIZE_TARGETS",
      "HARDTOSHOOT",
      "QUEEN",
      "NIGHT_INVISIBILITY"
    ]
  },
  {
    "id": "mon_dracolich",
    "type": "MONSTER",
    "name": {
      "str": "德拉科里奇",
      "str_pl": "德拉科利奇"
    },
    "description": "一种巨大的爬行动物，有蝙蝠般的翅膀。它腐烂的身体看起来像是被解剖了一半，它翅膀的薄膜也成了碎片。你想知道这么大的野兽怎么会飞，更不用说在那种情况下。",
    "default_faction": "nether",
    "species": [
      "ABERRATION"
    ],
    "categories": [
      "CLASSIC"
    ],
    "//": "Also has less mass than expected due to being in very poor shape.",
    "volume": "483750 ml",
    "weight": "120000 g",
    "diff": 50,
    "hp": 990,
    "speed": 140,
    "material": [
      "flesh"
    ],
    "symbol": "D",
    "looks_like": "mon_dragon_dummy",
    "color": "dark_gray",
    "aggression": 75,
    "morale": 500,
    "melee_skill": 10,
    "melee_dice": 4,
    "melee_dice_sides": 8,
    "melee_cut": 3,
    "dodge": 2,
    "armor_bash": 12,
    "armor_cut": 8,
    "armor_stab": 10,
    "armor_bullet": 10,
    "vision_day": 50,
    "vision_night": 30,
    "harvest": "dracolich_harvest",
    "special_attacks": [
      [
        "FLESH_GOLEM",
        5
      ],
      {
        "type": "bite",
        "cooldown": 10
      },
      {
        "type": "gun",
        "cooldown": 10,
        "move_cost": 500,
        "gun_type": "monster_fire_fake",
        "ammo_type": "generic_no_ammo",
        "fake_str": 9,
        "fake_dex": 3,
        "fake_per": 5,
        "max_ammo": 1000,
        "ranges": [
          [
            2,
            5,
            "DEFAULT"
          ]
        ],
        "require_targeting_player": false,
        "description": "邪恶的火焰从德拉科里奇的嘴里喷发出来！",
        "no_ammo_sound": "狂怒的嚎叫！"
      }
    ],
    "death_drops": "mon_dracolich_death_drops",
    "death_function": [
      "NORMAL"
    ],
    "flags": [
      "SEES",
      "SMELLS",
      "KEENNOSE",
      "HEARS",
      "WARM",
      "FIREPROOF",
      "FLIES",
      "POISON",
      "REVIVES",
      "NO_BREATHE",
      "PRIORITIZE_TARGETS"
    ]
  },
  {
    "id": "mon_dark_wyrm_summoned",
    "copy-from": "mon_dark_wyrm",
    "type": "MONSTER",
    "name": {
      "str": "召唤黑暗之龙"
    },
    "categories": [
      "CLASSIC"
    ],
    "species": [
      "ARCANA_SUMMONED"
    ],
    "weight": "150000 g",
    "mountable_weight_ratio": 0.9,
    "speed": 180,
    "path_settings": {
      "max_dist": 10
    },
    "regenerates": 1,
    "special_attacks": [
      {
        "type": "bite",
        "cooldown": 20,
        "damage_max_instance": [
          {
            "damage_type": "acid",
            "amount": 10,
            "armor_multiplier": 0.25
          }
        ]
      }
    ],
    "death_function": [
      "MELT"
    ],
    "death_drops": {},
    "extend": {
      "flags": [
        "SEES",
        "PATH_AVOID_DANGER_2",
        "PRIORITIZE_TARGETS",
        "PET_MOUNTABLE"
      ]
    },
    "delete": {
      "flags": [
        "ACIDTRAIL",
        "SUNDEATH",
        "BASHES",
        "BORES"
      ]
    }
  },
  {
    "id": "mon_zombie_fiend_summoned",
    "copy-from": "mon_zombie_fiend",
    "type": "MONSTER",
    "name": {
      "str": "召唤恶魔"
    },
    "categories": [
      "CLASSIC"
    ],
    "species": [
      "ARCANA_SUMMONED"
    ],
    "melee_damage": [
      {
        "damage_type": "heat",
        "amount": 2
      }
    ],
    "path_settings": {
      "max_dist": 10
    },
    "regenerates": 1,
    "death_function": [
      "MELT"
    ],
    "death_drops": {},
    "extend": {
      "flags": [
        "PATH_AVOID_DANGER_2",
        "PRIORITIZE_TARGETS"
      ]
    },
    "delete": {
      "upgrades": {
        "half_life": 8,
        "into": "mon_zombie_brute"
      }
    }
  },
  {
    "id": "mon_jabberwock_summoned",
    "copy-from": "mon_jabberwock",
    "type": "MONSTER",
    "name": {
      "str": "传召贾伯沃克"
    },
    "weight": "250000 g",
    "mountable_weight_ratio": 0.9,
    "speed": 175,
    "categories": [
      "CLASSIC"
    ],
    "species": [
      "ARCANA_SUMMONED"
    ],
    "path_settings": {
      "max_dist": 10
    },
    "regenerates": 1,
    "death_function": [
      "MELT"
    ],
    "death_drops": {},
    "extend": {
      "flags": [
        "PATH_AVOID_DANGER_2",
        "PRIORITIZE_TARGETS",
        "PET_MOUNTABLE"
      ]
    },
    "delete": {
      "flags": [
        "BASHES",
        "DESTROYS",
        "ATTACKMON"
      ]
    }
  },
  {
    "id": "mon_homunculus_summoned",
    "copy-from": "mon_homunculus",
    "type": "MONSTER",
    "name": {
      "str": "召唤霍蒙库勒斯",
      "str_pl": "召唤霍姆库里"
    },
    "categories": [
      "CLASSIC"
    ],
    "species": [
      "ARCANA_SUMMONED"
    ],
    "path_settings": {
      "max_dist": 10
    },
    "special_attacks": [
      [
        "SMASH",
        25
      ]
    ],
    "regenerates": 1,
    "death_function": [
      "MELT"
    ],
    "death_drops": {},
    "extend": {
      "flags": [
        "PATH_AVOID_DANGER_2",
        "PRIORITIZE_TARGETS"
      ]
    },
    "delete": {
      "flags": [
        "BASHES",
        "GROUP_BASH"
      ]
    }
  },
  {
    "id": "mon_thing_summoned",
    "copy-from": "mon_thing",
    "type": "MONSTER",
    "name": {
      "str": "召唤物"
    },
    "weight": "150000 g",
    "mountable_weight_ratio": 0.9,
    "speed": 200,
    "categories": [
      "CLASSIC"
    ],
    "species": [
      "ARCANA_SUMMONED"
    ],
    "path_settings": {
      "max_dist": 10
    },
    "regenerates": 1,
    "death_drops": {},
    "special_attacks": [
      [
        "RANGED_PULL",
        20
      ],
      [
        "LUNGE",
        10
      ]
    ],
    "extend": {
      "flags": [
        "SEES",
        "PATH_AVOID_DANGER_2",
        "PRIORITIZE_TARGETS",
        "PET_MOUNTABLE"
      ]
    },
    "delete": {
      "flags": [
        "BASHES",
        "GROUP_BASH",
        "ATTACKMON"
      ]
    }
  },
  {
    "id": "mon_dog_skeleton_summoned",
    "copy-from": "mon_dog_skeleton",
    "type": "MONSTER",
    "name": {
      "str": "召唤的骷髅狗"
    },
    "categories": [
      "CLASSIC"
    ],
    "species": [
      "ARCANA_SUMMONED"
    ],
    "speed": 150,
    "mountable_weight_ratio": 0.9,
    "path_settings": {
      "max_dist": 10
    },
    "regenerates": 1,
    "death_function": [
      "MELT"
    ],
    "death_drops": {},
    "extend": {
      "flags": [
        "PATH_AVOID_DANGER_2",
        "PRIORITIZE_TARGETS",
        "CANPLAY",
        "PET_HARNESSABLE"
      ]
    }
  },
  {
    "id": "mon_skeleton_summoned",
    "copy-from": "mon_skeleton",
    "type": "MONSTER",
    "name": {
      "str": "召唤骷髅"
    },
    "categories": [
      "CLASSIC"
    ],
    "species": [
      "ARCANA_SUMMONED"
    ],
    "hp": 50,
    "speed": 80,
    "path_settings": {
      "max_dist": 10
    },
    "regenerates": 1,
    "attack_effs": [
      {
        "id": "stunned",
        "duration": 5,
        "chance": 30
      }
    ],
    "death_function": [
      "MELT"
    ],
    "death_drops": {},
    "extend": {
      "flags": [
        "PATH_AVOID_DANGER_2",
        "PRIORITIZE_TARGETS"
      ]
    },
    "delete": {
      "upgrades": {
        "half_life": 15,
        "into": "mon_skeleton_hulk"
      }
    }
  },
  {
    "id": "mon_vortex_summoned",
    "copy-from": "mon_vortex",
    "type": "MONSTER",
    "name": {
      "str": "召唤漩涡"
    },
    "categories": [
      "CLASSIC"
    ],
    "species": [
      "ARCANA_SUMMONED"
    ],
    "path_settings": {
      "max_dist": 10
    },
    "death_drops": {},
    "speed": 90,
    "melee_skill": 4,
    "melee_dice": 1,
    "melee_dice_sides": 4,
    "vision_day": 25,
    "vision_night": 2,
    "luminance": 60,
    "armor_stab": 8,
    "armor_bullet": 8,
    "melee_damage": [
      {
        "damage_type": "cold",
        "amount": 10,
        "armor_multiplier": 0.75
      }
    ],
    "regenerates": 10,
    "extend": {
      "flags": [
        "SEES",
        "PATH_AVOID_DANGER_2",
        "PRIORITIZE_TARGETS"
      ]
    },
    "delete": {
      "flags": [
        "STUMBLES"
      ]
    }
  },
  {
    "id": "mon_yugg_summoned",
    "copy-from": "mon_yugg",
    "type": "MONSTER",
    "name": {
      "str": "召唤尤格"
    },
    "categories": [
      "CLASSIC"
    ],
    "species": [
      "ARCANA_SUMMONED"
    ],
    "weight": "200000 g",
    "mountable_weight_ratio": 0.9,
    "speed": 150,
    "path_settings": {
      "max_dist": 10
    },
    "regenerates": 1,
    "special_attacks": [
      {
        "type": "spell",
        "spell_data": {
          "id": "arcana_monster_dart_yugg"
        },
        "cooldown": 20,
        "monster_message": "召唤的尤格在%3$s发射飞镖！"
      }
    ],
    "death_function": [
      "MELT"
    ],
    "death_drops": {},
    "extend": {
      "flags": [
        "PATH_AVOID_DANGER_2",
        "PRIORITIZE_TARGETS",
        "PET_MOUNTABLE"
      ]
    },
    "delete": {
      "flags": [
        "BASHES",
        "DESTROYS",
        "DIGS"
      ]
    }
  },
  {
    "id": "mon_kreck_summoned",
    "copy-from": "mon_kreck",
    "type": "MONSTER",
    "name": {
      "str": "传唤克里克"
    },
    "categories": [
      "CLASSIC"
    ],
    "species": [
      "ARCANA_SUMMONED"
    ],
    "mountable_weight_ratio": 0.9,
    "speed": 150,
    "vision_day": 50,
    "vision_night": 50,
    "death_drops": {},
    "special_attacks": [
      {
        "type": "bite",
        "cooldown": 15
      }
    ],
    "regenerates": 1,
    "extend": {
      "flags": [
        "PATH_AVOID_DANGER_2",
        "PRIORITIZE_TARGETS",
        "CANPLAY",
        "PET_HARNESSABLE"
      ]
    },
    "delete": {
      "flags": [
        "BASHES"
      ]
    }
  },
  {
    "id": "mon_triffid_summoned",
    "copy-from": "mon_triffid",
    "type": "MONSTER",
    "name": {
      "str": "传唤特里菲德"
    },
    "categories": [
      "CLASSIC"
    ],
    "mountable_weight_ratio": 0.9,
    "speed": 125,
    "species": [
      "ARCANA_SUMMONED"
    ],
    "path_settings": {
      "max_dist": 10
    },
    "regenerates": 1,
    "death_function": [
      "MELT"
    ],
    "death_drops": {},
    "special_attacks": [
      {
        "type": "bite",
        "cooldown": 10
      },
      {
        "type": "spell",
        "spell_data": {
          "id": "arcana_monster_dart_triffid"
        },
        "cooldown": 5,
        "monster_message": "召唤的特里菲德在%3$s发射飞镖！"
      }
    ],
    "attack_effs": [
      {
        "id": "venom_dmg",
        "duration": 500,
        "affect_hit_bp": true
      }
    ],
    "extend": {
      "flags": [
        "PATH_AVOID_DANGER_2",
        "PRIORITIZE_TARGETS",
        "PET_HARNESSABLE"
      ]
    },
    "delete": {
      "flags": [
        "BASHES",
        "GROUP_BASH"
      ]
    }
  },
  {
    "id": "mon_flesh_angel_summoned",
    "copy-from": "mon_flesh_angel",
    "type": "MONSTER",
    "name": {
      "str": "召唤肉体天使"
    },
    "categories": [
      "CLASSIC"
    ],
    "species": [
      "ARCANA_SUMMONED"
    ],
    "path_settings": {
      "max_dist": 10
    },
    "regenerates": 1,
    "death_function": [
      "MELT"
    ],
    "death_drops": {},
    "special_attacks": [
      {
        "type": "bite",
        "cooldown": 5
      }
    ],
    "extend": {
      "flags": [
        "PATH_AVOID_DANGER_2",
        "PRIORITIZE_TARGETS"
      ]
    }
  },
  {
    "id": "mon_hunting_horror_summoned",
    "copy-from": "mon_hunting_horror",
    "type": "MONSTER",
    "name": {
      "str": "召唤狩猎恐惧"
    },
    "categories": [
      "CLASSIC"
    ],
    "species": [
      "ARCANA_SUMMONED"
    ],
    "melee_dice_sides": 6,
    "melee_cut": 3,
    "melee_damage": [
      {
        "damage_type": "cold",
        "amount": 9,
        "armor_multiplier": 0.1
      }
    ],
    "path_settings": {
      "max_dist": 10
    },
    "regenerates": 1,
    "vision_day": 50,
    "vision_night": 50,
    "armor_stab": 10,
    "armor_bullet": 10,
    "death_drops": {},
    "extend": {
      "flags": [
        "PATH_AVOID_DANGER_2",
        "PRIORITIZE_TARGETS",
        "ELECTRIC"
      ]
    },
    "delete": {
      "flags": [
        "SUNDEATH",
        "HIT_AND_RUN"
      ]
    }
  },
  {
    "id": "mon_mi_go_summoned",
    "copy-from": "mon_mi_go",
    "type": "MONSTER",
    "name": {
      "str": "召唤米戈"
    },
    "categories": [
      "CLASSIC"
    ],
    "species": [
      "ARCANA_SUMMONED"
    ],
    "mountable_weight_ratio": 0.9,
    "path_settings": {
      "max_dist": 10
    },
    "regenerates": 1,
    "death_function": [
      "MELT"
    ],
    "special_attacks": [
      {
        "id": "scratch",
        "damage_max_instance": [
          {
            "damage_type": "cut",
            "amount": 23,
            "armor_multiplier": 0.8
          }
        ]
      }
    ],
    "death_drops": {},
    "extend": {
      "flags": [
        "PET_HARNESSABLE"
      ]
    },
    "delete": {
      "flags": [
        "BASHES"
      ]
    }
  },
  {
    "id": "mon_flying_polyp_summoned",
    "copy-from": "mon_flying_polyp",
    "type": "MONSTER",
    "name": {
      "str": "召唤飞虫"
    },
    "categories": [
      "CLASSIC"
    ],
    "species": [
      "ARCANA_SUMMONED"
    ],
    "path_settings": {
      "max_dist": 10
    },
    "regenerates": 1,
    "vision_day": 50,
    "vision_night": 50,
    "death_drops": {},
    "special_attacks": [
      {
        "type": "bite",
        "cooldown": 20,
        "damage_max_instance": [
          {
            "damage_type": "cold",
            "amount": 20
          }
        ]
      }
    ],
    "extend": {
      "flags": [
        "SEES",
        "PATH_AVOID_DANGER_2",
        "PRIORITIZE_TARGETS"
      ]
    },
    "delete": {
      "flags": [
        "BASHES",
        "ATTACKMON"
      ]
    }
  },
  {
    "id": "mon_shoggoth_summoned",
    "copy-from": "mon_shoggoth",
    "type": "MONSTER",
    "name": {
      "str": "召见肖戈斯"
    },
    "categories": [
      "CLASSIC"
    ],
    "species": [
      "ARCANA_SUMMONED"
    ],
    "mountable_weight_ratio": 0.9,
    "speed": 200,
    "path_settings": {
      "max_dist": 10
    },
    "regenerates": 5,
    "death_drops": {},
    "extend": {
      "flags": [
        "PATH_AVOID_DANGER_2",
        "PRIORITIZE_TARGETS",
        "PET_HARNESSABLE"
      ]
    },
    "delete": {
      "flags": [
        "ABSORBS_SPLITS"
      ]
    }
  },
  {
    "id": "mon_shadow_summoned",
    "copy-from": "mon_shadow",
    "type": "MONSTER",
    "name": {
      "str": "召唤的影子"
    },
    "categories": [
      "CLASSIC"
    ],
    "species": [
      "ARCANA_SUMMONED"
    ],
    "mountable_weight_ratio": 0.9,
    "speed": 80,
    "melee_dice_sides": 1,
    "melee_damage": [
      {
        "damage_type": "cold",
        "amount": 3,
        "armor_multiplier": 0.1
      }
    ],
    "dodge": 3,
    "armor_cut": 3,
    "armor_stab": 8,
    "armor_bullet": 8,
    "vision_day": 2,
    "vision_night": 50,
    "path_settings": {
      "max_dist": 10
    },
    "regenerates_in_dark": true,
    "death_drops": {},
    "death_function": [
      "MELT"
    ],
    "special_attacks": [
      [
        "PARROT",
        900
      ]
    ],
    "extend": {
      "flags": [
        "PATH_AVOID_DANGER_2",
        "PRIORITIZE_TARGETS"
      ]
    },
    "delete": {
      "flags": [
        "SUNDEATH",
        "HEARS",
        "GOODHEARING",
        "SMELLS",
        "HIT_AND_RUN",
        "ELECTRIC"
      ]
    }
  },
  {
    "id": "mon_shadow_summoned_fake",
    "looks_like": "mon_shadow_summoned",
    "type": "MONSTER",
    "name": {
      "str": "召唤的影子"
    },
    "description": "这是一个动画阴影。它看起来只不过是一块不正常的阴影，它通过它微妙的移动和在你的脑海中轻轻的低语来吸引你的注意力。奇怪的侵入性想法伴随着安静的低语，唤醒你最可怕的记忆和恐惧。",
    "default_faction": "nether",
    "categories": [
      "CLASSIC"
    ],
    "species": [
      "HALLUCINATION"
    ],
    "diff": 2,
    "volume": "750 ml",
    "weight": "1 kg",
    "hp": 1,
    "speed": 80,
    "symbol": "A",
    "color": "dark_gray",
    "aggression": 100,
    "morale": 100,
    "armor_cut": 3,
    "vision_night": 50,
    "harvest": "exempt",
    "special_attacks": [
      [
        "DISAPPEAR",
        200
      ]
    ],
    "death_function": [
      "DISAPPEAR"
    ],
    "flags": [
      "PACIFIST",
      "SEES",
      "NOHEAD",
      "HARDTOSHOOT",
      "WEBWALK",
      "FLIES",
      "PLASTIC",
      "ACIDPROOF",
      "NO_BREATHE",
      "NOGIB"
    ]
  },
  {
    "id": "mon_shadow_snake_summoned",
    "copy-from": "mon_shadow_snake",
    "type": "MONSTER",
    "name": {
      "str": "召唤暗影蛇"
    },
    "description": "这是一个有生命的影子，形状像一条蜿蜒的蛇。半透明和黑暗，它在空气中无声地编织，蠕动着，弯曲着。",
    "categories": [
      "CLASSIC"
    ],
    "species": [
      "ARCANA_SUMMONED"
    ],
    "speed": 85,
    "death_drops": {},
    "death_function": [
      "MELT"
    ],
    "melee_dice_sides": 2,
    "melee_cut": 0,
    "melee_damage": [
      {
        "damage_type": "cold",
        "amount": 6,
        "armor_multiplier": 0.1
      }
    ],
    "armor_stab": 8,
    "armor_bullet": 8,
    "vision_day": 2,
    "vision_night": 50,
    "path_settings": {
      "max_dist": 10
    },
    "regenerates_in_dark": true,
    "special_attacks": [
      [
        "PARROT",
        900
      ]
    ],
    "extend": {
      "flags": [
        "FLIES",
        "PATH_AVOID_DANGER_2",
        "PRIORITIZE_TARGETS"
      ]
    },
    "delete": {
      "flags": [
        "SUNDEATH",
        "SMELLS"
      ]
    }
  },
  {
    "id": "mon_shadow_snake_summoned_fake",
    "looks_like": "mon_shadow_snake_summoned",
    "type": "MONSTER",
    "name": {
      "str": "召唤暗影蛇"
    },
    "description": "这是一个有生命的影子，形状像一条蜿蜒的蛇。半透明和黑暗，它在空气中无声地编织，蠕动着，弯曲着。",
    "default_faction": "nether",
    "bodytype": "snake",
    "categories": [
      "CLASSIC"
    ],
    "species": [
      "HALLUCINATION"
    ],
    "volume": "30000 ml",
    "weight": "40750 g",
    "hp": 1,
    "speed": 85,
    "material": [
      "flesh"
    ],
    "symbol": "s",
    "color": "dark_gray",
    "aggression": 100,
    "morale": 100,
    "harvest": "exempt",
    "special_attacks": [
      [
        "DISAPPEAR",
        200
      ]
    ],
    "death_function": [
      "DISAPPEAR"
    ],
    "flags": [
      "PACIFIST",
      "FLIES",
      "SEES",
      "WARM",
      "SWIMS",
      "PLASTIC",
      "NOGIB"
    ]
  },
  {
    "id": "mon_centipede_giant_summoned",
    "copy-from": "mon_centipede_giant",
    "type": "MONSTER",
    "name": {
      "str": "召唤巨型蜈蚣"
    },
    "categories": [
      "CLASSIC"
    ],
    "species": [
      "ARCANA_SUMMONED"
    ],
    "path_settings": {
      "max_dist": 10
    },
    "regenerates": 1,
    "death_drops": {},
    "death_function": [
      "MELT"
    ],
    "extend": {
      "flags": [
        "PATH_AVOID_DANGER_2",
        "PRIORITIZE_TARGETS"
      ]
    },
    "delete": {
      "upgrades": {
        "half_life": 21,
        "into": "mon_centipede_mega"
      }
    }
  },
  {
    "id": "mon_seraphic_shade",
    "type": "MONSTER",
    "name": {
      "str": "六边形阴影"
    },
    "description": "一个有人形轮廓的高高的活生生的影子。黑暗的六个投影破坏了它的轮廓，给人一个六翼人物的印象。一种彻头彻尾的明显的恶意光环从它身上散发出来。",
    "default_faction": "archon",
    "categories": [
      "CLASSIC"
    ],
    "species": [
      "NETHER"
    ],
    "volume": "77500 ml",
    "weight": "81500 g",
    "diff": 50,
    "hp": 800,
    "speed": 80,
    "symbol": "H",
    "looks_like": "mon_darkman",
    "color": "blue",
    "aggression": 100,
    "morale": 100,
    "melee_skill": 7,
    "melee_dice": 1,
    "melee_dice_sides": 4,
    "melee_damage": [
      {
        "damage_type": "cold",
        "amount": 9,
        "armor_multiplier": 0.1
      }
    ],
    "melee_cut": 1,
    "dodge": 4,
    "armor_bash": 12,
    "armor_cut": 6,
    "armor_stab": 8,
    "armor_bullet": 16,
    "armor_fire": 24,
    "armor_acid": 24,
    "vision_day": 50,
    "vision_night": 50,
    "luminance": 1,
    "harvest": "exempt",
    "starting_ammo": {
      "bot_vortex": 5,
      "bot_shadows_fake": 5,
      "bot_seraphic_mimic": 10
    },
    "regenerates_in_dark": true,
    "regen_morale": true,
    "special_attacks": [
      [
        "STARE",
        75
      ],
      [
        "FEAR_PARALYZE",
        50
      ],
      [
        "GRENADIER_ELITE",
        20
      ],
      [
        "PARROT",
        40
      ],
      {
        "type": "gun",
        "cooldown": 25,
        "move_cost": 50,
        "gun_type": "monster_laser_fake",
        "ammo_type": "generic_no_ammo",
        "fake_str": 8,
        "fake_dex": 7,
        "fake_per": 9,
        "max_ammo": 1000,
        "ranges": [
          [
            2,
            15,
            "DEFAULT"
          ]
        ],
        "require_targeting_player": false,
        "description": "一束超自然能量的光芒从天使之影的身体里喷发出来！",
        "no_ammo_sound": "一声可怕的尖叫！"
      },
      {
        "type": "spell",
        "spell_data": {
          "id": "arcana_monster_archon_gaze_improved"
        },
        "cooldown": 25,
        "monster_message": "你会短暂地感觉到六边形阴影的超自然存在，因为它在%3$s闪耀。"
      }
    ],
    "death_drops": "mon_seraphic_shade_death_drops",
    "death_function": [
      "MELT"
    ],
    "flags": [
      "PATH_AVOID_DANGER_2",
      "CAN_OPEN_DOORS",
      "PRIORITIZE_TARGETS",
      "SEES",
      "FLIES",
      "HARDTOSHOOT",
      "STUN_IMMUNE",
      "STUMBLES",
      "PUSH_MON",
      "NO_BREATHE",
      "NOHEAD",
      "COLDPROOF",
      "QUEEN"
    ]
  },
  {
    "id": "mon_seraphic_shade_fake",
    "type": "MONSTER",
    "name": {
      "str": "六边形阴影"
    },
    "description": "一个摇摆不定的活人影。六个半透明的阴影投影破坏了它的轮廓，给人一个六翼的形象。它散发出一种淡淡的恶意光环。",
    "default_faction": "archon",
    "categories": [
      "CLASSIC"
    ],
    "species": [
      "NETHER"
    ],
    "volume": "77500 ml",
    "weight": "81500 g",
    "diff": 50,
    "hp": 1,
    "speed": 80,
    "symbol": "H",
    "looks_like": "mon_seraphic_shade",
    "color": "blue",
    "aggression": 100,
    "morale": 100,
    "dodge": 4,
    "armor_bash": 12,
    "armor_cut": 6,
    "armor_stab": 8,
    "armor_bullet": 16,
    "armor_fire": 24,
    "armor_acid": 24,
    "vision_day": 50,
    "vision_night": 50,
    "luminance": 1,
    "harvest": "exempt",
    "special_attacks": [
      [
        "STARE",
        250
      ],
      [
        "FEAR_PARALYZE",
        100
      ],
      [
        "PARROT",
        80
      ]
    ],
    "death_function": [
      "MELT"
    ],
    "flags": [
      "PACIFIST",
      "PATH_AVOID_DANGER_2",
      "PRIORITIZE_TARGETS",
      "SEES",
      "FLIES",
      "HARDTOSHOOT",
      "STUMBLES",
      "NO_BREATHE",
      "NOHEAD"
    ]
  }
]