[
  {
    "id": "arcana_monster_archon_gaze_improved",
    "type": "SPELL",
    "name": {
      "str": "大执政官的凝视"
    },
    "description": "这是一个怪物咒语，被天使之影使用。",
    "message": "",
    "effect": "attack",
    "shape": "blast",
    "extra_effects": [
      {
        "id": "arcana_monster_archon_sundering"
      },
      {
        "id": "arcana_monster_archon_mutation"
      }
    ],
    "valid_targets": [
      "hostile"
    ],
    "flags": [
      "RANDOM_DURATION",
      "SILENT"
    ],
    "min_range": 8,
    "max_range": 8,
    "min_aoe": 2,
    "max_aoe": 2,
    "effect_str": "archon_gaze_effect",
    "min_duration": 120000,
    "max_duration": 210000,
    "field_id": "fd_archon_rift",
    "field_chance": 2,
    "min_field_intensity": 1,
    "max_field_intensity": 1
  },
  {
    "type": "SPELL",
    "id": "arcana_monster_archon_mutation",
    "name": {
      "str": "执政官突变效应"
    },
    "effect": "mutate",
    "shape": "blast",
    "effect_str": "SERAPHIC_SIDE_EFFECTS",
    "description": "精神病后遗症。",
    "message": "",
    "min_damage": 500,
    "max_damage": 500,
    "flags": [
      "SILENT"
    ],
    "valid_targets": [
      "hostile"
    ]
  },
  {
    "id": "arcana_monster_archon_gaze",
    "type": "SPELL",
    "name": {
      "str": "执政官的凝视"
    },
    "description": "这是一个怪物咒语，由执政官的躯壳使用。",
    "message": "",
    "effect": "attack",
    "shape": "blast",
    "extra_effects": [
      {
        "id": "arcana_monster_archon_sundering"
      }
    ],
    "valid_targets": [
      "hostile"
    ],
    "flags": [
      "RANDOM_DURATION",
      "SILENT"
    ],
    "min_range": 8,
    "max_range": 8,
    "min_aoe": 2,
    "max_aoe": 2,
    "effect_str": "archon_gaze_effect",
    "min_duration": 90000,
    "max_duration": 180000,
    "field_id": "fd_archon_rift",
    "field_chance": 3,
    "min_field_intensity": 1,
    "max_field_intensity": 1
  },
  {
    "id": "arcana_monster_archon_sundering",
    "type": "SPELL",
    "name": {
      "str": "执政官的分裂"
    },
    "description": "这增加了一个效果，消除了面对执政官凝视的漩涡。",
    "message": "",
    "effect": "attack",
    "shape": "blast",
    "valid_targets": [
      "hostile"
    ],
    "targeted_monster_ids": [
      "mon_vortex",
      "mon_vortex_summoned"
    ],
    "flags": [
      "SILENT"
    ],
    "min_damage": 100,
    "max_damage": 100,
    "min_range": 8,
    "max_range": 8,
    "min_aoe": 2,
    "max_aoe": 2
  },
  {
    "id": "arcana_monster_dart_triffid",
    "type": "SPELL",
    "name": {
      "str": "麻痹镖"
    },
    "description": "这是一个怪物咒语，被召唤的三脚怪使用。",
    "message": "",
    "effect": "attack",
    "shape": "blast",
    "valid_targets": [
      "hostile"
    ],
    "flags": [
      "RANDOM_DAMAGE",
      "RANDOM_DURATION",
      "SILENT"
    ],
    "min_damage": 5,
    "max_damage": 15,
    "min_range": 15,
    "max_range": 15,
    "effect_str": "paralyzepoison",
    "min_duration": 1000,
    "max_duration": 3000,
    "damage_type": "stab"
  },
  {
    "id": "arcana_monster_dart_yugg",
    "type": "SPELL",
    "name": {
      "str": "大麻痹镖"
    },
    "description": "这是一个怪物咒语，被召唤的尤格使用。",
    "message": "",
    "effect": "attack",
    "shape": "blast",
    "valid_targets": [
      "hostile"
    ],
    "flags": [
      "RANDOM_DAMAGE",
      "RANDOM_DURATION",
      "SILENT"
    ],
    "min_damage": 30,
    "max_damage": 40,
    "min_range": 20,
    "max_range": 20,
    "effect_str": "paralyzepoison",
    "min_duration": 2000,
    "max_duration": 6000,
    "damage_type": "stab"
  },
  {
    "id": "arcana_monster_fire_radiance",
    "type": "SPELL",
    "name": {
      "str": "地狱火环"
    },
    "description": "这是一个怪物咒语，由火之灵使用。",
    "message": "",
    "effect": "attack",
    "shape": "blast",
    "valid_targets": [
      "hostile"
    ],
    "flags": [
      "SILENT"
    ],
    "min_range": 1,
    "max_range": 1,
    "min_aoe": 1,
    "max_aoe": 1,
    "field_id": "fd_hot_air4",
    "field_chance": 1,
    "min_field_intensity": 3,
    "max_field_intensity": 3
  }
]