[
  {
    "type": "start_location",
    "id": "doomlabs",
    "name": "PRM 实验室",
    "terrain": ["doomlab_lab_open"]
  },
  {
    "type": "start_location",
    "id": "hell_church",
    "name": "地狱城堡",
    "terrain": ["hell_city_tunnel_prison_S"]
  },
  {
    "type": "start_location",
    "id": "hell_fort",
    "name": "地狱城堡",
    "terrain": ["hell_castle_B1_C"]
  },
  {
    "type": "start_location",
    "id": "religous_church",
    "name": "教堂",
    "terrain": ["church"]
  },
  {
    "type": "start_location",
    "id": "religous_cemetery",
    "name": "教堂公墓",
    "terrain": ["cemetery_4square_10"]
  },
  {
    "type": "start_location",
    "id": "public_cemetery",
    "name": "大型坟地",
    "terrain": ["cemetery_large_43"]
  },
   {
    "type": "start_location",
    "id": "Swamp Shack",
    "name": "隐士小屋",
    "terrain": ["hunter_shack"]
  },
  {
    "type": "start_location",
    "id": "campground",
    "name": "露营地",
    "terrain": ["campsite_a"]
  },
  {
    "type": "start_location",
    "id": "survivalist farm",
    "name": "农场",
    "terrain": ["farm"]
  },
  {
    "type": "start_location",
    "id": "farm unsettled",
    "name": "农舍",
    "terrain": ["farm_unsettled_house"]
  },
  {
    "type": "start_location",
    "id": "cabin_woods",
    "name": "林中小屋",
    "terrain": ["cabin"]
  },
  {
    "type": "start_location",
    "id": "sky anomalie",
    "name": "扭曲地带",
    "terrain": ["sky_vortex_ground"]
  },
  {
    "type": "start_location",
    "id": "sludge pit",
    "name": "放射性碎石坑",
    "terrain": ["sludge_pit"]
  },
  {
    "type": "start_location",
    "id": "Derelict Property",
    "name": "废弃店铺",
    "terrain": ["Derelict Property"]
  },
  {
    "type": "start_location",
    "id": "Strange Cabin",
    "name": "奇怪的木屋",
    "terrain": ["cabin_strange_100"]
  },
  {
    "type": "start_location",
    "id": "Crater",
    "name": "弹坑",
    "terrain": ["crater"]
  },
  {
    "type": "start_location",
    "id": "doom_lab_warp",
    "name": "DOOM实验室 扭曲地带",
    "terrain": ["doomlab_redacted"]
  },
  {
    "type": "start_location",
    "id": "Standing stones",
    "name": "奇怪的石头",
    "terrain": ["standing_stones"]
  }
]
