[
  {
    "id": "creat_dark_en",
    "type": "SPELL",
    "name": "暗能生成",
    "description": "只是暗言术系列的附属法术。",
    "valid_targets": [ "self" ],
    "effect": "spawn_item",
    "effect_str": "dark_en",
    "flags": [ "RANDOM_DURATION", "CONCENTRATE", "VERBAL", "NO_LEGS", "SOMATIC" ],
    "min_duration": 18000,
    "max_duration": 30000
  },
  {
    "id": "creat_holy_en",
    "type": "SPELL",
    "name": "圣能生成",
    "description": "只是圣言术系列的附属法术。",
    "valid_targets": [ "self" ],
    "effect": "spawn_item",
    "effect_str": "holy_en",
    "flags": [ "RANDOM_DURATION", "CONCENTRATE", "VERBAL", "NO_LEGS", "SOMATIC" ],
    "min_duration": 18000,
    "max_duration": 30000
  },
  {
    "id": "animist_peace_rain",
    "type": "SPELL",
    "name": "和平之雨",
    "description": "圣光化为雨滴洒落，治愈降雨范围内随机角色。雨滴数量和降雨范围随法术等级提升而增加。“雨落在你身上，落在朋友身上，也落在敌人身上。”",
    "valid_targets": [ "self", "ally", "hostile" ],
    "flags": [ "VERBAL", "SOMATIC", "NO_LEGS", "SILENT" ],
    "min_damage": -1, "max_damage": -1,
    "min_range": 5, "max_range": 8, "range_increment": 0.1,
    "base_energy_cost": 400, "final_energy_cost": 700, "energy_increment": 10,
    "spell_class": "ANIMIST",
    "difficulty": 8,
    "max_level": 30,
    "base_casting_time": 200,
    "energy_source": "MANA",
    "effect": "target_attack",
    "extra_effects": [ { "id": "animist_peace_rain_side_effect" }, { "id": "animist_peace_rain_side_effect" }, { "id": "animist_peace_rain_side_effect" } ],
    "learn_spells": { "create_rune_mount_celestia": 25 }
  },
  {
    "id": "animist_peace_rain_side_effect",
    "type": "SPELL",
    "name": "和平之雨·法术效果",
    "description": "只是和平之雨的附属法术。",
    "valid_targets": [ "self" ],
    "effect": "none",
    "spell_class": "MAGUS",
    "difficulty": 1,
    "base_casting_time": 100,
    "max_level": 30,
    "flags": [ "WONDER" ],
    "min_damage": 2, "max_damage": 8, "damage_increment": 0.2,
    "extra_effects": [
          { "id": "animist_peace_rain_sef" }, { "id": "animist_peace_rain_sef" },
          { "id": "animist_peace_rain_sef" }, { "id": "animist_peace_rain_sef" },
          { "id": "animist_peace_rain_sef" }, { "id": "animist_peace_rain_sef" },
          { "id": "animist_peace_rain_sef" }, { "id": "animist_peace_rain_sef" }
       ]
  },
  {
    "id": "animist_peace_rain_sef",
    "type": "SPELL",
    "name": "治愈雨滴",
    "description": "只是和平之雨·法术效果的附属法术。",
    "valid_targets": [ "self", "hostile", "ally" ],
    "flags": [ "VERBAL", "SOMATIC", "NO_LEGS", "SILENT", "RANDOM_TARGET" ],
    "min_damage": -1, "max_damage": -1,
    "min_range": 5, "range_increment": 0.1, "max_range": 8,
    "difficulty": 1,
    "max_level": 30,
    "effect": "target_attack",
    "message": "圣光如雨。"
  },
  {
    "id": "holy_word_light",
    "type": "SPELL",
    "name": "圣言术·耀",
    "description": "圣言术系列之一，用爆发的圣光让敌人暂时失明，并在目标地点留下一团光辉。“被修士们戏称为‘默发小夜灯’。”",
    "valid_targets": [ "hostile", "ground" ],
    "flags": [ "CONCENTRATE", "SILENT", "VERBAL", "NO_LEGS" ],
    "effect": "target_attack", "effect_str": "blind",
    "damage_type": "none",
    "min_damage": 1, "damage_increment": 1, "max_damage": 25,
    "min_range": 5, "range_increment": 0.2, "max_range": 10,
    "min_aoe": 3, "max_aoe": 3,
    "base_energy_cost": 200,
    "spell_class": "ANIMIST",
    "difficulty": 10,
    "max_level": 25,
    "base_casting_time": 200, "final_casting_time": 100, "casting_time_increment": -4,
    "min_duration": 100, "max_duration": 1000, "duration_increment": 36,
    "energy_source": "MANA",
    "extra_effects": [ { "id": "holy_word_light_fd" }, { "id": "creat_holy_en" } ]
  },
  {
    "id": "holy_word_light_fd",
    "type": "SPELL",
    "name": "光耀云团",
    "description": "只是圣言术·耀的附属法术。",
    "valid_targets": [ "hostile", "ground" ],
    "flags": [ "CONCENTRATE", "SILENT", "VERBAL", "NO_LEGS" ],
    "effect": "target_attack",
    "min_damage": 0, "damage_increment": 0,
    "min_range": 5, "range_increment": 0.2, "max_range": 10,
    "difficulty": 1, "max_level": 1,
    "base_casting_time": 100,
    "field_id": "fd_ani_light", "field_chance": 1,
    "min_field_intensity": 3, "max_field_intensity": 3,
    "field_intensity_increment": 0.1, "field_intensity_variance": 0.5
  },
  {
    "id": "dark_charm_monster",
    "type": "SPELL",
    "name": "魅惑怪物",
    "description": "精研动物召唤或者死灵召唤的施法者多少都会这一手，短暂地魅惑当前生命值低于该法术强度的怪物，提升法术等级可以提高法术强度以及魅惑效果持续时间。这个法术需要施法者消耗精神力压制目标对象，因此极易导致疲劳。",
    "valid_targets": [ "hostile" ],
    "flags": [ "CONCENTRATE", "SILENT", "VERBAL", "NO_LEGS" ],
    "effect": "charm_monster",
    "min_damage": 5, "damage_increment": 6.5, "max_damage": 200,
    "min_range": 5, "range_increment": 0.1, "max_range": 8,
    "base_energy_cost": 200,
    "spell_class": "ANIMIST",
    "difficulty": 12,
    "max_level": 30,
    "base_casting_time": 150,
    "min_duration": 3000, "max_duration": 6000, "duration_increment": 100,
    "energy_source": "FATIGUE",
    "learn_spells": { "create_rune_forsmancer": 25 }
  },
  {
    "id": "dark_word_hurt",
    "type": "SPELL",
    "name": "暗言术·蚀",
    "description": "暗言术系列之一，献祭自身鲜血，施放暗影诅咒。若多次叠加诅咒威力，足以飞速消蚀敌人血肉。",
    "valid_targets": [ "hostile" ],
    "flags": [ "CONCENTRATE", "SILENT", "VERBAL", "NO_LEGS" ],
    "effect": "target_attack", "effect_str": "shadow_hurt",
    "damage_type": "bio",
    "min_damage": 5, "damage_increment": 2, "max_damage": 65,
    "min_range": 10, "range_increment": 0.2, "max_range": 16,
    "base_energy_cost": 2, "final_energy_cost": 8, "energy_increment": 0.2,
    "spell_class": "ANIMIST",
    "difficulty": 10,
    "max_level": 30,
    "base_casting_time": 200, "final_casting_time": 100, "casting_time_increment": -4,
    "min_duration": 3000, "max_duration": 6000, "duration_increment": 100,
    "energy_source": "HP",
    "extra_effects": [ { "id": "creat_dark_en" } ],
    "learn_spells": { "create_rune_forsmancer": 20 }
  },
  {
    "id": "dark_word_bloodsuck",
    "type": "SPELL",
    "name": "暗言术·汲",
    "description": "暗言术系列之一，又名“吸血之触”，甩出一道阴影触手伤害敌人并汲取生命力。这个法术消耗精神力而非魔力，因此很难连续多次施放。",
    "valid_targets": [ "hostile" ],
    "flags": [ "CONCENTRATE", "VERBAL", "NO_LEGS" ],
    "effect": "projectile_attack",
    "damage_type": "none",
    "min_damage": 20, "damage_increment": 4, "max_damage": 120,
    "min_range": 3, "range_increment": 0.2, "max_range": 8,
    "base_energy_cost": 200,
    "spell_class": "ANIMIST",
    "difficulty": 10,
    "max_level": 25,
    "base_casting_time": 200, "final_casting_time": 100, "casting_time_increment": -4,
    "energy_source": "FATIGUE",
    "extra_effects": [ { "id": "creat_dark_en" }, { "id": "dark_word_bsuck_sef", "hit_self": true } ],
    "learn_spells": { "create_rune_forsmancer": 20 }
  },
  {
    "id": "dark_word_bsuck_sef",
    "type": "SPELL",
    "name": "暗言术·汲·回复",
    "description": "只是暗言术·汲的附属法术。",
    "valid_targets": [ "self" ],
    "effect": "target_attack",
    "base_casting_time": 100,
    "min_damage": -1, "damage_increment": -0.36, "max_damage": -10,
    "difficulty": 10,
    "max_level": 25
  },
  {
    "id": "dark_word_stun",
    "type": "SPELL",
    "name": "暗言术·慑",
    "description": "暗言术系列之一，用暗影与雷霆震慑你的敌人。“晚祷后禁止练习。”",
    "valid_targets": [ "hostile" ],
    "flags": [ "CONCENTRATE", "LOUD", "VERBAL", "NO_LEGS" ],
    "effect": "target_attack", "effect_str": "stunned",
    "damage_type": "none",
    "min_damage": 1, "damage_increment": 1, "max_damage": 25,
    "min_range": 5, "range_increment": 0.2, "max_range": 10,
    "base_energy_cost": 500,
    "spell_class": "ANIMIST",
    "difficulty": 10,
    "max_level": 25,
    "base_casting_time": 200, "final_casting_time": 100, "casting_time_increment": -4,
    "min_duration": 100, "max_duration": 1000, "duration_increment": 36,
    "energy_source": "MANA",
    "extra_effects": [ { "id": "dark_word_stun_daze" }, { "id": "creat_dark_en" } ],
    "learn_spells": { "create_rune_forsmancer": 20 }
  },
  {
    "id": "dark_word_stun_daze",
    "type": "SPELL",
    "name": "暗言术·慑·震晕",
    "description": "只是暗言术·慑的附属法术。",
    "valid_targets": [ "hostile" ],
    "effect": "target_attack", "effect_str": "dazed",
    "base_casting_time": 100,
    "min_aoe": 8, "max_aoe": 8,
    "flags": [ "RANDOM_DURATION" ],
    "min_duration": 500, "max_duration": 2000
  },
  {
    "id": "holy_curing_legs",
    "type": "SPELL",
    "name": "圣言术·愈（腿部）",
    "description": "圣光闪现伴随着轻微刺痛，精准治疗特定部位的伤口，溢出的治疗量甚至会暂时形成虚假生命。这个法术只对腿部伤势生效。“哪怕腿部已经不存在。”",
    "valid_targets": [ "self", "ally" ],
    "effect": "target_attack", "effect_str": "holy_word_heal",
    "affected_body_parts": [ "LEG_L", "LEG_R" ],
    "base_casting_time": 200, "base_energy_cost": 300,
    "energy_source": "MANA",
    "spell_class": "ANIMIST",
    "difficulty": 10,
    "max_level": 1,
    "min_duration": 3000, "max_duration": 6000,
    "flags": [ "SOMATIC", "VERBAL", "RANDOM_DURATION" ],
    "extra_effects": [ { "id": "creat_holy_en" } ]
  },
  {
    "id": "holy_curing_torso",
    "type": "SPELL",
    "name": "圣言术·愈（躯干）",
    "description": "圣光闪现伴随着轻微刺痛，精准治疗特定部位的伤口，溢出的治疗量甚至会暂时形成虚假生命。这个法术只对躯干伤势生效。",
    "valid_targets": [ "self", "ally" ],
    "effect": "target_attack", "effect_str": "holy_word_heal",
    "affected_body_parts": [ "TORSO" ],
    "base_casting_time": 200, "base_energy_cost": 400,
    "energy_source": "MANA",
    "spell_class": "ANIMIST",
    "difficulty": 10,
    "max_level": 1,
    "min_duration": 3000, "max_duration": 6000,
    "flags": [ "SOMATIC", "VERBAL", "RANDOM_DURATION" ],
    "extra_effects": [ { "id": "creat_holy_en" } ]
  },
  {
    "id": "holy_curing_arms",
    "type": "SPELL",
    "name": "圣言术·愈（手臂）",
    "description": "圣光闪现伴随着轻微刺痛，精准治疗特定部位的伤口，溢出的治疗量甚至会暂时形成虚假生命。这个法术只对手臂伤势生效。“哪怕手臂已经不存在。”",
    "valid_targets": [ "self", "ally" ],
    "effect": "target_attack", "effect_str": "holy_word_heal",
    "affected_body_parts": [ "ARM_L", "ARM_R" ],
    "base_casting_time": 200, "base_energy_cost": 300,
    "energy_source": "MANA",
    "spell_class": "ANIMIST",
    "difficulty": 10,
    "max_level": 1,
    "min_duration": 3000, "max_duration": 6000,
    "flags": [ "SOMATIC", "VERBAL", "RANDOM_DURATION" ],
    "extra_effects": [ { "id": "creat_holy_en" } ]
  },
  {
    "id": "holy_curing_head",
    "type": "SPELL",
    "name": "圣言术·愈（头部）",
    "description": "圣光闪现伴随着轻微刺痛，精准治疗特定部位的伤口，溢出的治疗量甚至会暂时形成虚假生命。这个法术只对头部伤势生效。",
    "valid_targets": [ "self", "ally" ],
    "effect": "target_attack", "effect_str": "holy_word_heal",
    "affected_body_parts": [ "HEAD" ],
    "base_casting_time": 200, "base_energy_cost": 300,
    "energy_source": "MANA",
    "spell_class": "ANIMIST",
    "difficulty": 10,
    "max_level": 1,
    "min_duration": 3000, "max_duration": 6000,
    "flags": [ "SOMATIC", "VERBAL", "RANDOM_DURATION" ],
    "extra_effects": [ { "id": "creat_holy_en" } ]
  },
  {
    "id": "animist_recovery_wind",
    "type": "SPELL",
    "name": "复苏之风",
    "description": "神圣气息温柔地吹拂全身，你的耐力快速回复。",
    "valid_targets": [ "self" ],
    "flags": [ "VERBAL", "SOMATIC" ],
    "effect": "spawn_item", "effect_str": "recovery_wind",
    "spell_class": "ANIMIST",
    "energy_source": "MANA",
    "difficulty": 10,
    "base_casting_time": 300, "base_energy_cost": 500,
    "max_level": 25,
    "min_duration": 30000, "max_duration": 180000, "duration_increment": 6000,
    "learn_spells": { "animist_peace_rain": 20 }
  },
  {
    "type": "SPELL",
    "id": "heaven_armor",
    "name": "天国武装",
    "description": "从天界召唤神圣盔甲投影，但未必是你想要的那款。“今天哪位大人值班？”",
    "valid_targets": [ "self" ],
    "effect": "none",
    "spell_class": "ANIMIST",
    "energy_source": "MANA",
    "difficulty": 15,
    "base_casting_time": 1000,
    "base_energy_cost": 750,
    "max_level": 20,
    "flags": [ "WONDER" ],
    "min_damage": 1, "max_damage": 1,
    "message": "圣光啊，那个敌人值得一战。",
    "extra_effects": [
      { "id": "summon_heaven_armor_M" },
      { "id": "summon_heaven_armor_U" },
      { "id": "summon_heaven_armor_U" },
      { "id": "summon_heaven_armor_G" },
      { "id": "summon_heaven_armor_G" },
      { "id": "summon_heaven_armor_G" },
      { "id": "summon_heaven_armor_R" },
      { "id": "summon_heaven_armor_R" },
      { "id": "summon_heaven_armor_R" },
      { "id": "summon_heaven_armor_R" },
      { "id": "summon_heaven_armor_R" },
      { "id": "summon_heaven_armor_R" }
     ],
    "learn_spells": { "create_rune_mount_celestia": 19 }
  },
  {
    "id": "summon_heaven_armor_M",
    "type": "SPELL",
    "name": "召唤勇气武装",
    "description": "只是天国武装的附属法术。",
    "valid_targets": [ "self" ],
    "effect": "spawn_item",
    "effect_str": "heaven_armor_M",
    "flags": [ "RANDOM_DURATION", "CONCENTRATE", "VERBAL", "NO_LEGS", "SOMATIC" ],
    "min_duration": 30000,
    "max_duration": 60000
  },
  {
    "id": "summon_heaven_armor_R",
    "type": "SPELL",
    "name": "召唤治愈武装",
    "description": "只是天国武装的附属法术。",
    "valid_targets": [ "self" ],
    "effect": "spawn_item",
    "effect_str": "heaven_armor_R",
    "flags": [ "RANDOM_DURATION", "CONCENTRATE", "VERBAL", "NO_LEGS", "SOMATIC" ],
    "min_duration": 30000,
    "max_duration": 90000
  },
  {
    "id": "summon_heaven_armor_G",
    "type": "SPELL",
    "name": "召唤智慧武装",
    "description": "只是天国武装的附属法术。",
    "valid_targets": [ "self" ],
    "effect": "spawn_item",
    "effect_str": "heaven_armor_G",
    "flags": [ "RANDOM_DURATION", "CONCENTRATE", "VERBAL", "NO_LEGS", "SOMATIC" ],
    "min_duration": 30000,
    "max_duration": 90000
  },
  {
    "id": "summon_heaven_armor_U",
    "type": "SPELL",
    "name": "召唤审判武装",
    "description": "只是天国武装的附属法术。",
    "valid_targets": [ "self" ],
    "effect": "spawn_item",
    "effect_str": "heaven_armor_U",
    "flags": [ "RANDOM_DURATION", "CONCENTRATE", "VERBAL", "NO_LEGS", "SOMATIC" ],
    "min_duration": 30000,
    "max_duration": 90000
  },
  {
    "id": "create_rune_mount_celestia",
    "type": "SPELL",
    "name": "天堂山符文",
    "description": "追寻圣光之道，你终于触及七层天堂的光辉。这枚符文可用来制造高阶魔法物品。",
    "valid_targets": [ "self" ],
    "min_damage": 1,
    "max_damage": 1,
    "effect": "spawn_item",
    "effect_str": "rune_mount_celestia",
    "base_casting_time": 500000,
    "base_energy_cost": 1000,
    "min_duration": 1,
    "max_duration": 2,
    "duration_increment": 1,
    "difficulty": 10,
    "max_level": 1,
    "spell_class": "ANIMIST",
    "energy_source": "MANA",
    "flags": [ "SOMATIC", "LOUD", "PERMANENT", "NO_LEGS", "CONCENTRATE" ]
  },
  {
    "id": "create_rune_forsmancer",
    "type": "SPELL",
    "name": "遗忘者符文",
    "description": "那些被圣光与秩序遗忘的灵魂，至少还有暗影的温柔拥抱。这枚符文可用来制造高阶魔法物品。",
    "valid_targets": [ "self" ],
    "min_damage": 1,
    "max_damage": 1,
    "effect": "spawn_item",
    "effect_str": "rune_forsmancer",
    "base_casting_time": 500000,
    "base_energy_cost": 1000,
    "min_duration": 1,
    "max_duration": 2,
    "duration_increment": 1,
    "difficulty": 10,
    "max_level": 1,
    "spell_class": "ANIMIST",
    "energy_source": "MANA",
    "flags": [ "SOMATIC", "LOUD", "PERMANENT", "NO_LEGS", "CONCENTRATE" ]
  },
  {
    "id": "animist_holy_teletrap",
    "type": "SPELL",
    "name": "圣言术·滚",
    "description": "近代研发的科技神术，欧洲教会专用。",
    "valid_targets": [ "hostile", "ground", "self", "ally" ],
    "flags": [ "CONCENTRATE", "SOMATIC", "VERBAL", "SILENT" ],
    "effect": "ter_transform",
    "effect_str": "holy_telep",
    "base_energy_cost": 500,
    "spell_class": "ANIMIST",
    "difficulty": 10,
    "max_level": 25,
    "base_casting_time": 200,
    "final_casting_time": 80,
    "casting_time_increment": -5,
    "min_range": 5,
    "range_increment": 0.2,
    "max_range": 10,
    "energy_source": "MANA",
    "extra_effects": [ { "id": "creat_holy_en" } ],
    "learn_spells": { "create_rune_mount_celestia": 24 }
  },
  {
    "id": "animist_holy_fire",
    "type": "SPELL",
    "name": "神圣之火",
    "description": "焚尔残躯，熊熊圣火。强大的审判神术，身心坚韧之人方能连续施展。",
    "valid_targets": [ "hostile" ],
    "flags": [ "CONCENTRATE", "SOMATIC", "LOUD" ],
    "effect": "target_attack",
    "effect_str": "stunned",
    "damage_type": "none",
    "min_damage": 15,
    "damage_increment": 1.5,
    "max_damage": 70,
    "min_range": 5,
    "range_increment": 0.5,
    "max_range": 15,
    "base_energy_cost": 4000,
    "spell_class": "ANIMIST",
    "difficulty": 10,
    "max_level": 25,
    "base_casting_time": 200,
    "final_casting_time": 70,
    "casting_time_increment": -6,
    "min_duration": 100,
    "max_duration": 400,
    "duration_increment": 12,
    "energy_source": "STAMINA",
    "field_id": "fd_fire",
    "field_chance": 1,
    "min_field_intensity": 1,
    "max_field_intensity": 2,
    "field_intensity_increment": 0.1,
    "field_intensity_variance": 0.5,
    "extra_effects": [ { "id": "creat_holy_en" } ],
    "learn_spells": { "create_rune_mount_celestia": 24 }
  },
  {
    "id": "smite",
    "type": "SPELL",
    "name": "Smite",
    "description": "Evil has become pervasive throughout the world.  Let your power be the light that shines in the darkness!",
    "valid_targets": [ "hostile" ],
    "min_damage": 10,
    "max_damage": 200,
    "damage_increment": 10,
    "min_range": 1,
    "max_range": 1,
    "effect": "target_attack",
    "base_casting_time": 85,
    "base_energy_cost": 250,
    "spell_class": "ANIMIST",
    "difficulty": 8,
    "max_level": 20,
    "flags": [ "VERBAL", "SOMATIC", "LOUD" ],
    "energy_source": "MANA",
    "learn_spells": { "animist_holy_fire": 19 }
  },
  {
    "id": "recover_mana",
    "type": "SPELL",
    "name": "Life Conversion",
    "description": "You channel your life force itself into your spiritual energy.  You spend hp to regain mana.",
    "valid_targets": [ "self" ],
    "min_damage": 250,
    "damage_increment": 50,
    "max_damage": 2000,
    "max_level": 35,
    "effect": "recover_energy",
    "effect_str": "MANA",
    "spell_class": "ANIMIST",
    "energy_source": "HP",
    "base_casting_time": 500,
    "base_energy_cost": 5,
    "energy_increment": 1,
    "final_energy_cost": 40,
    "flags": [ "SOMATIC", "VERBAL", "SILENT", "NO_LEGS" ],
    "difficulty": 3,
    "learn_spells": { "create_rune_forsmancer": 34 }
  },
  {
    "id": "recover_pain",
    "type": "SPELL",
    "name": "Mind over Pain",
    "description": "With an intense ritual that resembles crossfit, you manage to put some of your pain at bay.",
    "valid_targets": [ "self" ],
    "min_damage": 10,
    "max_damage": 100,
    "damage_increment": 2,
    "max_level": 45,
    "spell_class": "ANIMIST",
    "effect": "recover_energy",
    "effect_str": "PAIN",
    "energy_source": "STAMINA",
    "base_casting_time": 50000,
    "base_energy_cost": 5000,
    "energy_increment": 500,
    "flags": [ "SOMATIC", "VERBAL", "PAIN_NORESIST" ],
    "final_energy_cost": 10000,
    "learn_spells": { "animist_peace_rain": 30 }
  },
  {
    "id": "summon_zombie",
    "type": "SPELL",
    "name": "Summon Zombie",
    "description": "An ethereal-looking zombie rises from the depths of the earth to fight for you.  You may be able to summon more with a higher level in this spell.",
    "valid_targets": [ "ground" ],
    "min_damage": 1,
    "max_damage": 3,
    "//": "level 20 will max out your number of summons",
    "damage_increment": 0.1,
    "max_level": 30,
    "difficulty": 2,
    "spell_class": "ANIMIST",
    "effect": "summon",
    "effect_str": "mon_zombie",
    "energy_source": "HP",
    "base_energy_cost": 6,
    "//": "one minute",
    "base_casting_time": 6000,
    "min_range": 3,
    "max_range": 3,
    "min_aoe": 2,
    "max_aoe": 2,
    "flags": [ "SOMATIC", "VERBAL", "CONCENTRATE" ],
    "min_duration": 30000,
    "max_duration": 150000,
    "duration_increment": 4000,
    "learn_spells": { "summon_skeleton": 25 }
  },
  {
    "id": "summon_skeleton",
    "type": "SPELL",
    "name": "Summon Skeleton",
    "description": "A ghostly skeleton rises from the depths of the earth to fight for you.  You may be able to summon more with a higher level in this spell.",
    "valid_targets": [ "ground" ],
    "min_damage": 1,
    "max_damage": 3,
    "//": "level 20 will max out your number of summons",
    "damage_increment": 0.1,
    "max_level": 30,
    "difficulty": 5,
    "spell_class": "ANIMIST",
    "effect": "summon",
    "effect_str": "mon_skeleton",
    "energy_source": "HP",
    "base_energy_cost": 14,
    "//": "one minute",
    "base_casting_time": 6000,
    "min_range": 3,
    "max_range": 3,
    "min_aoe": 2,
    "max_aoe": 2,
    "flags": [ "SOMATIC", "VERBAL", "CONCENTRATE" ],
    "min_duration": 30000,
    "max_duration": 150000,
    "duration_increment": 4000,
    "learn_spells": { "summon_decayed_pouncer": 25, "create_rune_forsmancer": 29 }
  },
  {
    "id": "summon_decayed_pouncer",
    "type": "SPELL",
    "name": "Summon Decayed Pouncer",
    "description": "A decrepit looking large cat rises from the depths of the earth to fight for you.  You may be able to summon more with a higher level in this spell.",
    "valid_targets": [ "ground" ],
    "min_damage": 1,
    "max_damage": 3,
    "//": "level 20 will max out your number of summons",
    "damage_increment": 0.1,
    "max_level": 30,
    "difficulty": 12,
    "spell_class": "ANIMIST",
    "effect": "summon",
    "effect_str": "mon_zougar",
    "energy_source": "HP",
    "base_energy_cost": 30,
    "//": "one minute",
    "base_casting_time": 6000,
    "min_range": 3,
    "max_range": 3,
    "min_aoe": 2,
    "max_aoe": 2,
    "flags": [ "SOMATIC", "VERBAL", "CONCENTRATE" ],
    "min_duration": 30000,
    "max_duration": 150000,
    "duration_increment": 4000,
    "learn_spells": { "dark_charm_monster": 25, "create_rune_forsmancer": 29 }
  },
  {
    "id": "necrotic_gaze",
    "type": "SPELL",
    "name": "Necrotic Gaze",
    "description": "You use the power of your own blood to imbue necrotic energy into your gaze, damaging the target you look at.",
    "valid_targets": [ "hostile" ],
    "effect": "target_attack",
    "spell_class": "ANIMIST",
    "energy_source": "HP",
    "flags": [ "NO_LEGS", "CONCENTRATE", "SOMATIC" ],
    "min_damage": 10,
    "max_damage": 160,
    "damage_increment": 5,
    "min_range": 3,
    "max_range": 5,
    "range_increment": 0.1,
    "max_level": 20,
    "difficulty": 3,
    "base_casting_time": 100,
    "base_energy_cost": 2,
    "damage_type": "bio",
    "learn_spells": { "dark_word_bloodsuck": 19 }
  },
  {
    "id": "create_rune_animist",
    "type": "SPELL",
    "name": "Animist Rune",
    "description": "This ritual creates a small pebble attuned to Animists.  You can use the rune as a catalyst for recipes.",
    "valid_targets": [ "self" ],
    "min_damage": 1,
    "max_damage": 1,
    "effect": "spawn_item",
    "effect_str": "rune_animist",
    "base_casting_time": 5000,
    "base_energy_cost": 5,
    "min_duration": 1,
    "max_duration": 2,
    "duration_increment": 1,
    "difficulty": 0,
    "max_level": 1,
    "spell_class": "ANIMIST",
    "energy_source": "MANA",
    "flags": [ "PERMANENT", "NO_LEGS", "CONCENTRATE" ]
  },
  {
    "id": "summon_wisps",
    "type": "SPELL",
    "name": "Ignus Fatuus",
    "description": "Summons ghostly foxfire worked from living marsh vapor, to lead your enemies astray.  With more experience, this spell can conjure multiple ghost lights.",
    "valid_targets": [ "ground" ],
    "effect": "summon",
    "effect_str": "mon_wisp",
    "flags": [ "LOUD", "SOMATIC" ],
    "energy_source": "MANA",
    "spell_class": "ANIMIST",
    "difficulty": 2,
    "base_casting_time": 250,
    "base_energy_cost": 300,
    "max_level": 25,
    "min_damage": 1,
    "max_damage": 8,
    "damage_increment": 0.28,
    "min_aoe": 3,
    "max_aoe": 3,
    "min_range": 3,
    "max_range": 7,
    "range_increment": 0.16,
    "min_duration": 6000,
    "max_duration": 60000,
    "duration_increment": 2160,
    "learn_spells": { "dark_charm_monster": 24 }
  }
]
