[
  {
    "id": "create_rune_sublimancer",
    "type": "SPELL",
    "name": "升华者符文",
    "description": "肉体承载心灵，心灵主宰肉体，你渐渐理解血肉的奥秘，寻觅飞升之路。这枚符文可用来制造高阶魔法物品。",
    "valid_targets": [ "self" ],
    "min_damage": 1, "max_damage": 1,
    "effect": "spawn_item", "effect_str": "rune_sublimancer",
    "base_casting_time": 500000,
    "base_energy_cost": 1000,
    "min_duration": 1, "max_duration": 2, "duration_increment": 1,
    "difficulty": 10,
    "max_level": 1,
    "spell_class": "BIOMANCER",
    "energy_source": "MANA",
    "flags": [ "SOMATIC", "LOUD", "PERMANENT", "NO_LEGS", "CONCENTRATE" ]
  },
  {
    "id": "bio_boneladder",
    "type": "SPELL",
    "name": "骨梯术",
    "description": "泼洒鲜血，骨质增生，又唱又跳像个喝了假酒的邪教祭司，只为造一座梯子爬上天台疏通烟囱。“骨肉转化效率太低，需要继续练习。”",
    "valid_targets": [ "ground" ],
    "effect": "ter_transform",
    "effect_str": "bio_bone_ladder",
    "flags": [ "SOMATIC", "VERBAL" ],
    "spell_class": "BIOMANCER",
    "energy_source": "HP",
    "difficulty": 8,
    "base_casting_time": 3000, "final_casting_time": 300, "casting_time_increment": -200, 
    "base_energy_cost": 20, "final_energy_cost": 5, "energy_increment": -1,
    "max_level": 15,
    "min_range": 2, "max_range": 2,
    "extra_effects": [ { "id": "bio_boneladder_side_effect" } ]
  },
  {
    "id": "bio_boneladder_side_effect",
    "type": "SPELL",
    "name": "骨梯术·地表效果",
    "description": "只是骨梯术的附属法术。",
    "effect": "target_attack",
    "valid_targets": [ "self", "ground" ],
    "flags": [ "SOMATIC" ],
    "max_level": 15,
    "min_damage": 0, "max_damage": 0,
    "min_aoe": 4, "max_aoe": 1, "aoe_increment": -0.2,
    "min_range": 1, "max_range": 1,
    "spell_class": "BIOMANCER",
    "base_casting_time": 100,
    "difficulty": 4,
    "field_id": "fd_blood",
    "field_chance": 1,
    "min_field_intensity": 2, "max_field_intensity": 2,
    "field_intensity_increment": 0.1, "field_intensity_variance": 0.5
  },
  {
    "type": "SPELL",
    "id": "quickly_healing",
    "name": "快速治疗",
    "description": "在战斗间隙快速恢复伤势，熟练掌握后能大大缩短施法时间。匆忙施法并不精准，治疗量较小，失控外溢的魔力也可能伤到自己。",
    "valid_targets": [ "self" ],
    "effect": "target_attack",
    "spell_class": "BIOMANCER",
    "energy_source": "MANA",
    "difficulty": 8,
    "base_casting_time": 300,
    "final_casting_time": 80,
    "casting_time_increment": -11,
    "base_energy_cost": 150,
    "max_level": 20,
    "flags": [ "RANDOM_DAMAGE", "SOMATIC", "VERBAL", "NO_HANDS", "NO_LEGS" ],
    "min_damage": -3,
    "max_damage": -1,
    "message": "你匆匆调动自身的恢复力。",
    "extra_effects": [ { "id": "quickly_healing_bio" } ],
    "learn_spells": { "holy_curing_head": 5, "holy_curing_torso": 9, "holy_curing_arms": 12, "holy_curing_legs": 15 }
  },
  {
    "type": "SPELL",
    "id": "quickly_healing_bio",
    "name": "生化紊乱",
    "description": "只是快速治疗的附属法术。",
    "valid_targets": [ "self" ],
    "effect": "target_attack",
    "spell_class": "BIOMANCER",
    "energy_source": "MANA",
    "difficulty": 1,
    "max_level": 1,
    "flags": [ "RANDOM_DAMAGE", "VERBAL" ],
    "min_damage": 0,
    "max_damage": 3,
    "damage_type": "bio",
    "message": "生化之力有点紊乱。"
  },
  {
    "id": "light_healing",
    "type": "SPELL",
    "name": "Cure Light Wounds",
    "description": "Heals a little bit of damage on the target.",
    "valid_targets": [ "self", "ally" ],
    "min_damage": -5,
    "max_damage": -20,
    "damage_increment": -1,
    "max_level": 15,
    "min_range": 0,
    "max_range": 4,
    "range_increment": 0.75,
    "effect": "target_attack",
    "base_casting_time": 500,
    "base_energy_cost": 800,
    "flags": [ "SOMATIC", "VERBAL" ],
    "spell_class": "BIOMANCER",
    "difficulty": 2,
    "energy_source": "MANA",
    "learn_spells": { "quickly_healing": 14 }
  },
  {
    "id": "pain_split",
    "type": "SPELL",
    "name": "Pain Split",
    "description": "Evens out damage among your limbs.",
    "valid_targets": [ "self" ],
    "effect": "pain_split",
    "base_casting_time": 100,
    "base_energy_cost": 800, "final_energy_cost": 500, "energy_increment": 20,
    "energy_source": "MANA",
    "flags": [ "SOMATIC", "NO_LEGS", "CONCENTRATE" ],
    "spell_class": "BIOMANCER",
    "difficulty": 4,
    "max_level": 15,
    "learn_spells": { "biomancer_coagulant_weave": 14 }
  },
  {
    "id": "vicious_tentacle",
    "type": "SPELL",
    "name": "Vicious Tentacle",
    "description": "This spell extrudes a long nasty whiplike tentacle of sharp bones and oozing acid from your body, it has a long reach attack and vicious damage.",
    "valid_targets": [ "self" ],
    "min_damage": 1,
    "max_damage": 1,
    "effect": "spawn_item",
    "effect_str": "tentacle_whip",
    "base_casting_time": 250,
    "base_energy_cost": 550,
    "min_duration": 30000,
    "max_duration": 90000,
    "duration_increment": 3000,
    "difficulty": 6,
    "max_level": 20,
    "flags": [ "SOMATIC", "LOUD" ],
    "spell_class": "BIOMANCER",
    "energy_source": "MANA",
    "learn_spells": { "evoluting_sword": 15 }
  },
  {
    "id": "evoluting_sword",
    "type": "SPELL",
    "name": "进化之剑",
    "description": "这个法术需要施法者献出一根肋骨作为转化材料，制造一柄在战斗中不断强化自身和持剑者的骨剑。对于生化术士来说，重新长出肋骨可比断肢重生容易多了。",
    "valid_targets": [ "self" ],
    "min_damage": 1, "max_damage": 1,
    "effect": "spawn_item", "effect_str": "elder_blade",
    "base_casting_time": 300,
    "base_energy_cost": 500,
    "min_duration": 10000, "max_duration": 30000, "duration_increment": 1000,
    "difficulty": 8,
    "max_level": 20,
    "flags": [ "SOMATIC", "SILENT", "CONCENTRATE" ],
    "spell_class": "BIOMANCER",
    "energy_source": "MANA",
    "extra_effects": [ { "id": "evoluting_sword_side_effect" } ],
    "learn_spells": { "experience_dagger": 15 }
  },
  {
    "id": "evoluting_sword_side_effect",
    "type": "SPELL",
    "name": "进化之剑·附加效果",
    "description": "只是进化之剑的附属法术。",
    "valid_targets": [ "self" ],
    "effect": "target_attack",
    "flags": [ "VERBAL", "NO_HANDS", "SILENT", "RANDOM_DAMAGE" ],
    "spell_class": "BIOMANCER",
    "difficulty": 1,
    "base_casting_time": 100,
    "max_level": 1,
    "min_damage": 10, "max_damage": 20,
    "damage_type": "none"
  },
  {
    "id": "experience_dagger",
    "type": "SPELL",
    "name": "历练之匕",
    "description": "这个法术需要施法者献出一根肋骨作为转化材料，制造一柄强大的匕首。对于生化术士来说，重新长出肋骨可比断肢重生容易多了。",
    "valid_targets": [ "self" ],
    "min_damage": 1, "max_damage": 1,
    "effect": "spawn_item", "effect_str": "bio_master_knife",
    "base_casting_time": 300,
    "base_energy_cost": 700,
    "min_duration": 10000, "max_duration": 30000, "duration_increment": 1000,
    "difficulty": 10,
    "max_level": 20,
    "flags": [ "SOMATIC", "SILENT", "CONCENTRATE" ],
    "spell_class": "BIOMANCER",
    "energy_source": "MANA",
    "extra_effects": [ { "id": "evoluting_sword_side_effect" } ],
    "learn_spells": { "create_rune_sublimancer": 15 }
  },
  {
    "id": "bio_grotesque",
    "type": "SPELL",
    "name": "Grotesque Enhancement",
    "description": "A spell that warps your body in alien ways to increase your physical abilities and strength.",
    "valid_targets": [ "self" ],
    "effect": "target_attack",
    "effect_str": "bio_boost",
    "base_casting_time": 200,
    "base_energy_cost": 150,
    "energy_source": "MANA",
    "spell_class": "BIOMANCER",
    "difficulty": 6,
    "max_level": 20,
    "flags": [ "SOMATIC", "LOUD" ],
    "//": "duration is in moves",
    "min_duration": 6000,
    "max_duration": 12000,
    "duration_increment": 300,
    "learn_spells": { "bio_morb_hand_slay": 15 }
  },
  {
    "id": "bio_morb_hand_slay",
    "type": "SPELL",
    "name": "锋锐之手",
    "description": "让肉体与心灵之力在手掌表面显化，为近战攻击附加额外的斩击伤害。",
    "valid_targets": [ "self" ],
    "min_damage": 1,
    "max_damage": 1,
    "effect": "spawn_item",
    "effect_str": "morb_hand_slay",
    "base_casting_time": 250,
    "base_energy_cost": 350,
    "min_duration": 10000,
    "max_duration": 30000,
    "duration_increment": 1000,
    "difficulty": 6,
    "max_level": 20,
    "flags": [ "SOMATIC", "SILENT", "NO_HANDS", "NO_LEGS", "CONCENTRATE" ],
    "spell_class": "BIOMANCER",
    "energy_source": "MANA",
    "learn_spells": { "bio_morb_bsuck": 15 }
  },
  {
    "id": "bio_morb_bsuck",
    "type": "SPELL",
    "name": "嗜血之牙",
    "description": "以骨肉为框架，将内心的嗜血渴望具现为一副狰狞的吸血獠牙。",
    "valid_targets": [ "self" ],
    "min_damage": 1, "max_damage": 1,
    "effect": "spawn_item", "effect_str": "morb_bloodsuck",
    "base_casting_time": 300,
    "base_energy_cost": 200, "final_energy_cost": 400, "energy_increment": 10,
    "min_duration": 10000, "max_duration": 20000, "duration_increment": 500,
    "difficulty": 8,
    "max_level": 20,
    "flags": [ "SILENT", "NO_LEGS", "CONCENTRATE" ],
    "spell_class": "BIOMANCER",
    "energy_source": "MANA",
    "learn_spells": { "create_rune_sublimancer": 15, "dark_word_bloodsuck": 19 }
  },
  {
    "id": "bio_acidicspray",
    "type": "SPELL",
    "name": "Acidic Spray",
    "description": "When cast, the mage opens his mouth and sprays acid in a wide cone to dissolve his foes into goo.  Just imagine what he'll do with the goo.",
    "valid_targets": [ "ally", "hostile", "ground" ],
    "effect": "cone_attack",
    "effect_str": "bio_acidburn",
    "base_casting_time": 200,
    "base_energy_cost": 200,
    "energy_source": "MANA",
    "spell_class": "BIOMANCER",
    "difficulty": 2,
    "max_level": 20,
    "min_damage": 8,
    "max_damage": 65,
    "damage_increment": 4,
    "damage_type": "acid",
    "min_range": 3,
    "max_range": 5,
    "flags": [ "VERBAL", "NO_HANDS" ],
    "range_increment": 0.25,
    "min_aoe": 25,
    "max_aoe": 60,
    "aoe_increment": 5,
    "learn_spells": { "bio_dragonbreath_lesser": 15 }
  },
  {
    "id": "bio_dragonbreath_lesser",
    "type": "SPELL",
    "name": "次级拟态龙息",
    "description": "施法者张口喷出大量酸液，覆盖范围内所有目标。这个试验性生化法术的设计初衷是模拟成年黑龙的龙息喷吐，但显然实际效果有所偏差。",
    "valid_targets": [ "ally", "hostile", "ground" ],
    "flags": [ "VERBAL", "NO_HANDS" ],
    "effect": "cone_attack", "effect_str": "bio_acidburn",
    "base_casting_time": 200,
    "base_energy_cost": 200, "final_energy_cost": 300, "energy_increment": 4,
    "energy_source": "MANA",
    "spell_class": "BIOMANCER",
    "difficulty": 8,
    "max_level": 25,
    "min_damage": 20, "max_damage": 120, "damage_increment": 4,
    "damage_type": "acid",
    "min_range": 3, "max_range": 8, "range_increment": 0.2,
    "min_aoe": 35, "max_aoe": 60, "aoe_increment": 1,
    "min_duration": 1000, "max_duration": 2000, "duration_increment": 40,
    "field_id": "fd_acid", "field_chance": 2,
    "min_field_intensity": 2, "max_field_intensity": 2,
    "field_intensity_increment": 0.1, "field_intensity_variance": 0.5,
    "learn_spells": { "bio_dragonbreath_greater": 19, "creat_dragon_heads": 24 }
  },
  {
    "id": "creat_dragon_heads",
    "type": "SPELL",
    "name": "四面那伽",
    "description": "这个生化法术的灵感来自某些远东神话，它让施法者肩头长出活灵活现的血肉龙首。龙首能从受感染的血液中提取魔力并转化为酸性吐息，但离开躯体就会失活。随着法术等级上升，你能更有效率地催生龙首。",
    "valid_targets": [ "self" ],
    "min_damage": 1, "max_damage": 1,
    "effect": "spawn_item", "effect_str": "morb_dragon_head",
    "base_casting_time": 300,
    "base_energy_cost": 600, "final_energy_cost": 300, "energy_increment": -10,
    "min_duration": 30000, "max_duration": 180000, "duration_increment": 5000,
    "difficulty": 12,
    "max_level": 30,
    "flags": [ "SILENT", "NO_LEGS", "CONCENTRATE" ],
    "spell_class": "BIOMANCER",
    "energy_source": "MANA",
    "learn_spells": { "create_rune_sublimancer": 10 }
  },
  {
    "id": "bio_dragonbreath_greater",
    "type": "SPELL",
    "name": "高等拟态龙息",
    "description": "基于黑龙龙息研发的成熟法术模型，适当收束喷吐覆盖面从而提升射程和伤害。研发团队坚持保留“拟态”二字，因为它比龙息更像龙息。部分施法者抱怨该法术就像往喉咙里塞了特酸柠檬。。",
    "valid_targets": [ "ally", "hostile", "ground" ],
    "flags": [ "VERBAL", "NO_HANDS" ],
    "effect": "cone_attack", "effect_str": "bio_acidburn",
    "base_casting_time": 300,
    "base_energy_cost": 200, "final_energy_cost": 400, "energy_increment": 8,
    "energy_source": "MANA",
    "spell_class": "BIOMANCER",
    "difficulty": 12,
    "max_level": 25,
    "min_damage": 40, "max_damage": 240, "damage_increment": 8,
    "damage_type": "acid",
    "min_range": 5, "max_range": 15, "range_increment": 0.4,
    "min_aoe": 25, "max_aoe": 50, "aoe_increment": 1,
    "min_duration": 1500, "max_duration": 3000, "duration_increment": 60,
    "field_id": "fd_acid", "field_chance": 1,
    "min_field_intensity": 2, "max_field_intensity": 3,
    "field_intensity_increment": 0.1, "field_intensity_variance": 0.5,
    "extra_effects": [ { "id": "bio_drabre_g_backlash", "hit_self": true } ],
    "learn_spells": { "create_rune_sublimancer": 12 }
  },
  {
    "id": "bio_drabre_g_backlash",
    "type": "SPELL",
    "name": "高等拟态龙息·呕吐",
    "description": "只是高等拟态龙息的附属法术。",
    "valid_targets": [ "self" ],
    "effect": "target_attack",
    "effect_str": "bio_drabre_g_side_effects",
    "flags": [ "VERBAL", "SILENT", "RANDOM_DURATION" ],
    "min_duration": 3000, "max_duration": 6000
  },
  {
    "id": "bio_fleshpouch",
    "type": "SPELL",
    "name": "Flesh Pouch",
    "description": "This spell grows a large pouch out of your skin on your back, allowing you to store your gear in it.",
    "valid_targets": [ "none" ],
    "min_damage": 1,
    "max_damage": 1,
    "effect": "spawn_item",
    "effect_str": "fleshpouch",
    "base_casting_time": 250,
    "base_energy_cost": 300,
    "min_duration": 60000,
    "max_duration": 360000,
    "duration_increment": 15000,
    "difficulty": 4,
    "max_level": 20,
    "flags": [ "NO_HANDS", "NO_LEGS", "SOMATIC" ],
    "spell_class": "BIOMANCER",
    "energy_source": "MANA",
    "learn_spells": { "bio_cobweb": 15 }
  },
  {
    "id": "bio_cobweb",
    "type": "SPELL",
    "name": "蛛网术",
    "description": "模仿蜘蛛的丝线分泌机制，催生一个可以喷射蛛网的临时器官，它稍显累赘。“相比彼〇·帕克，更像东方的女妖精。”",
    "valid_targets": [ "none" ],
    "min_damage": 1, "max_damage": 1,
    "effect": "spawn_item", "effect_str": "morb_cobweb_emitter",
    "base_casting_time": 250,
    "base_energy_cost": 350,
    "min_duration": 30000, "max_duration": 60000, "duration_increment": 1500,
    "difficulty": 8,
    "max_level": 20,
    "flags": [ "NO_HANDS", "NO_LEGS", "SOMATIC" ],
    "spell_class": "BIOMANCER",
    "energy_source": "MANA"
  },
  {
    "id": "bio_bonespear",
    "type": "SPELL",
    "name": "Conjure Bonespear",
    "description": "This spell creates a long shaft of bone with a wicked point and blades along its length.",
    "valid_targets": [ "self" ],
    "min_damage": 1,
    "max_damage": 1,
    "effect": "spawn_item",
    "effect_str": "bonespear",
    "base_casting_time": 300,
    "base_energy_cost": 350,
    "min_duration": 30000,
    "max_duration": 90000,
    "duration_increment": 3000,
    "difficulty": 14,
    "max_level": 20,
    "flags": [ "LOUD", "SOMATIC" ],
    "spell_class": "BIOMANCER",
    "energy_source": "MANA",
    "learn_spells": { "bio_acid_bonespear_throw": 19 }
  },
  {
    "id": "bio_acid_bonespear_throw",
    "type": "SPELL",
    "name": "腐蚀之矛",
    "description": "将自身的少量血肉和骨片转化为一副掷矛器官以及10支骨质短矛。血肉转化效率会随着法术等级上升而提高。",
    "valid_targets": [ "self" ],
    "min_damage": 1, "max_damage": 1,
    "effect": "spawn_item", "effect_str": "bio_abspear_thrower",
    "base_casting_time": 300,
    "base_energy_cost": 10, "final_energy_cost": 25, "energy_increment": 0.5,
    "min_duration": 30000, "max_duration": 90000, "duration_increment": 1000,
    "difficulty": 8,
    "max_level": 30,
    "flags": [ "SOMATIC", "SILENT", "CONCENTRATE", "NO_LEGS" ],
    "spell_class": "BIOMANCER",
    "energy_source": "HP",
    "extra_effects": [ { "id": "bio_abs_ammo" } ],
    "learn_spells": { "dark_word_hurt": 19, "create_rune_sublimancer": 25 }
  },
  {
    "id": "bio_abs_ammo",
    "type": "SPELL",
    "name": "腐蚀之矛·弹药",
    "description": "只是腐蚀之矛的附属法术。",
    "valid_targets": [ "self" ],
    "min_damage": 10, "max_damage": 70, "damage_increment": 2,
    "effect": "spawn_item", "effect_str": "acid_bone_spear",
    "base_casting_time": 100,
    "min_duration": 30000, "max_duration": 90000, "duration_increment": 1000,
    "difficulty": 1, "max_level": 30,
    "flags": [ "SOMATIC", "SILENT", "CONCENTRATE", "NO_LEGS" ],
    "spell_class": "BIOMANCER"
  },
  {
    "id": "create_rune_biomancer",
    "type": "SPELL",
    "name": "Biomancer Rune",
    "description": "This ritual creates a small pebble attuned to Biomancers.  You can use the rune as a catalyst for recipes.",
    "valid_targets": [ "self" ],
    "min_damage": 1,
    "max_damage": 1,
    "effect": "spawn_item",
    "effect_str": "rune_biomancer",
    "base_casting_time": 5000,
    "base_energy_cost": 5,
    "min_duration": 1,
    "max_duration": 2,
    "duration_increment": 1,
    "difficulty": 0,
    "max_level": 1,
    "spell_class": "BIOMANCER",
    "energy_source": "MANA",
    "flags": [ "PERMANENT", "NO_LEGS", "CONCENTRATE" ]
  },
  {
    "id": "biomancer_paralytic_dart",
    "type": "SPELL",
    "name": "Paralytic Dart",
    "description": "Spits a warped needle of sinew and bone, carrying with it a sting that slows your victim.",
    "valid_targets": [ "ally", "hostile" ],
    "effect": "projectile_attack",
    "effect_str": "biomancer_dart_venom",
    "flags": [ "VERBAL", "NO_HANDS" ],
    "spell_class": "BIOMANCER",
    "energy_source": "MANA",
    "difficulty": 3,
    "base_casting_time": 50,
    "base_energy_cost": 80,
    "max_level": 20,
    "min_damage": 4, "max_damage": 28, "damage_increment": 1.2,
    "damage_type": "stab",
    "min_range": 4, "max_range": 12, "range_increment": 0.4,
    "min_duration": 1200, "max_duration": 12000, "duration_increment": 720,
    "learn_spells": { "bio_bonespear": 19 }
  },
  {
    "id": "biomancer_visceral_projection",
    "type": "SPELL",
    "name": "Visceral Projection",
    "description": "Projects a spray of acrid blood and gore all around you, growing to ensnare your prey in in a field of twitching poisonous tendrils.",
    "valid_targets": [ "ally", "hostile", "ground" ],
    "effect": "target_attack",
    "effect_str": "badpoison",
    "extra_effects": [ { "id": "biomancer_visceral_paralyze" }, { "id": "biomancer_visceral_backlash", "hit_self": true } ],
    "flags": [ "VERBAL", "NO_HANDS" ],
    "spell_class": "BIOMANCER",
    "energy_source": "MANA",
    "difficulty": 4,
    "base_casting_time": 200,
    "base_energy_cost": 150,
    "max_level": 20,
    "min_damage": 1,
    "max_damage": 10,
    "damage_increment": 0.45,
    "damage_type": "bio",
    "min_aoe": 2,
    "max_aoe": 6,
    "aoe_increment": 0.2,
    "field_id": "fd_blood",
    "field_chance": 1,
    "min_field_intensity": 1,
    "max_field_intensity": 3,
    "field_intensity_increment": 0.1,
    "learn_spells": { "bio_boneladder": 15, "bio_fleshpouch": 19 }
  },
  {
    "id": "biomancer_visceral_paralyze",
    "type": "SPELL",
    "name": "Visceral Paralysis",
    "description": "Paralytic side effect of Projection.",
    "valid_targets": [ "ally", "hostile" ],
    "effect": "target_attack",
    "effect_str": "biomancer_dart_venom",
    "flags": [ "SILENT" ],
    "max_level": 20,
    "min_aoe": 2,
    "max_aoe": 6,
    "aoe_increment": 0.2,
    "min_duration": 6000,
    "max_duration": 18000,
    "duration_increment": 450,
    "field_id": "fd_gibs_flesh",
    "field_chance": 1,
    "min_field_intensity": 1,
    "max_field_intensity": 3,
    "field_intensity_increment": 0.1
  },
  {
    "id": "biomancer_visceral_backlash",
    "type": "SPELL",
    "name": "Visceral Backlash",
    "description": "Hits the user with side effects too.",
    "valid_targets": [ "self" ],
    "effect": "target_attack",
    "effect_str": "biomancer_visceral_side_effects",
    "flags": [ "VERBAL" ],
    "min_duration": 600,
    "max_duration": 600
  },
  {
    "id": "biomancer_coagulant_weave",
    "type": "SPELL",
    "name": "Coagulant Weave",
    "description": "Turns your biological mastery inwards, medically enhancing your flesh.  Rather than strength of healing, it staves off blood loss and purges wounds before they can turn septic, at the cost of increased hunger and thirst.",
    "valid_targets": [ "self" ],
    "effect": "target_attack",
    "effect_str": "bio_weave",
    "flags": [ "SOMATIC", "VERBAL" ],
    "energy_source": "MANA",
    "spell_class": "BIOMANCER",
    "difficulty": 5,
    "base_casting_time": 400,
    "base_energy_cost": 150,
    "max_level": 20,
    "min_duration": 6000,
    "max_duration": 12000,
    "duration_increment": 300,
    "learn_spells": { "bio_grotesque": 15, "earth_peace": 19 }
  }
]
