[
  {
    "id": "summon_temporary_transdoor_lesser",
    "type": "SPELL",
    "name": "次级临时传送门",
    "description": "往地上丢一枚次级空间道标然后在此处召出一道临时传送门，这道传送门在本位面季节长度为91天时能够正常运行约24小时。注意不要弄错操作顺序，这是一个试验性的法术，激活其易位门功能后最好用【自我传送】再测试几次。门上的锚点状态能大致显示传送门的运作状态。植物种子具有“空间”“稳定”“生长”等象征意义，因此可以勉强作为空间道标的替代品使用，但传送门的存在时长会大大缩短。“谢天谢地，沃兹奎尔特大师找到了维持传送门运行的办法。”",
    "valid_targets": [ "self", "ground" ],
    "effect": "ter_transform",
    "effect_str": "temporary_transdoor",
    "flags": [ "SOMATIC" ],
    "energy_source": "MANA",
    "difficulty": 3,
    "base_casting_time": 360000,
    "base_energy_cost": 300,
    "max_level": 1,
    "min_range": 1,
    "max_range": 1,
    "extra_effects": [ { "id": "light_of_transdoor_lesser" } ]
  },
  {
    "id": "light_of_transdoor_lesser",
    "type": "SPELL",
    "name": "次级传送光芒",
    "description": "只是次级临时传送门的附属法术。",
    "effect": "target_attack",
    "valid_targets": [ "self", "ally", "hostile", "ground" ],
    "flags": [ "SOMATIC", "NO_LEGS" ],
    "max_level": 1,
    "min_range": 1,
    "max_range": 1,
    "difficulty": 1,
    "base_casting_time": 200,
    "base_energy_cost": 100,
    "field_id": "fd_transdoor_lesser",
    "min_field_intensity": 3,
    "max_field_intensity": 3,
    "field_chance": 1,
    "energy_source": "MANA"
  },
  {
    "id": "create_rune_planeswalker",
    "type": "SPELL",
    "name": "旅法师符文",
    "description": "你对时空与物质的理解愈发深邃，这枚符文是施法者的力量之证。它可用来制造高阶魔法物品。",
    "valid_targets": [ "self" ],
    "min_damage": 1,
    "max_damage": 1,
    "effect": "spawn_item",
    "effect_str": "rune_planeswalker",
    "base_casting_time": 500000,
    "base_energy_cost": 1000,
    "min_duration": 1,
    "max_duration": 2,
    "duration_increment": 1,
    "difficulty": 10,
    "max_level": 1,
    "spell_class": "NONE",
    "energy_source": "MANA",
    "flags": [ "SOMATIC", "LOUD", "PERMANENT", "NO_LEGS", "CONCENTRATE" ]
  },
  {
    "id": "ethereal_shelter",
    "type": "SPELL",
    "name": "李欧萌豪宅术",
    "description": "虽然不是真的豪宅，但聪明的你看到某种生财之道……大概。“感觉身体被掏空。”（哈欠",
    "valid_targets": [ "self" ],
    "effect": "spawn_item",
    "extra_effects": [ { "id": "mana_fatigue" }, { "id": "ethereal_sleep" }, { "id": "ethereal_mess_tin" }, { "id": "ethereal_matches" }, { "id": "ethereal_Cot" }, { "id": "ethereal_bread" }, { "id": "ethereal_tea" } ],
    "effect_str": "ethereal_large_tent_kit",
    "energy_source": "MANA",
    "difficulty": 15,
    "max_level": 10,
    "flags": [ "CONCENTRATE", "VERBAL", "NO_LEGS", "LOUD", "SOMATIC" ],
    "base_casting_time": 1500000,
    "base_energy_cost": 2000,
    "final_casting_time": 900000,
    "casting_time_increment": -60000,
    "min_duration": 5000,
    "max_duration": 20000,
    "duration_increment": 3000,
    "learn_spells": { "create_rune_planeswalker": 5 }
  },
  {
    "id": "ethereal_sleep",
    "type": "SPELL",
    "name": "旅法师睡衣",
    "description": "只是豪宅术的附属法术。",
    "valid_targets": [ "self" ],
    "effect": "spawn_item",
    "effect_str": "ethereal_sleep_suit",
    "energy_source": "MANA",
    "difficulty": 1,
    "max_level": 1,
    "flags": [ "SOMATIC" ],
    "min_duration": 3600000,
    "max_duration": 3600000
  },
  {
    "id": "ethereal_Cot",
    "type": "SPELL",
    "name": "旅法师行军床",
    "description": "只是豪宅术的附属法术。",
    "valid_targets": [ "self" ],
    "effect": "spawn_item",
    "effect_str": "ethereal_cot",
    "energy_source": "MANA",
    "difficulty": 5,
    "max_level": 1,
    "flags": [ "SOMATIC" ],
    "min_duration": 3600000,
    "max_duration": 3600000
  },
  {
    "id": "ethereal_mess_tin",
    "type": "SPELL",
    "name": "魔法小锅",
    "description": "只是豪宅术的附属法术。",
    "valid_targets": [ "self" ],
    "effect": "spawn_item",
    "effect_str": "mess_tin",
    "energy_source": "MANA",
    "difficulty": 5,
    "max_level": 1,
    "flags": [ "SOMATIC" ],
    "min_duration": 3600000,
    "max_duration": 3600000
  },
  {
    "id": "ethereal_matches",
    "type": "SPELL",
    "name": "魔法火柴",
    "description": "只是豪宅术的附属法术。",
    "valid_targets": [ "self" ],
    "effect": "spawn_item",
    "effect_str": "matches",
    "energy_source": "MANA",
    "difficulty": 5,
    "max_level": 1,
    "flags": [ "SOMATIC" ],
    "min_duration": 3600000,
    "max_duration": 3600000
  },
  {
    "id": "ethereal_bread",
    "type": "SPELL",
    "name": "造餐术",
    "description": "旅行法师必备戏法之一，面包毫无营养但能填饱肚子。",
    "valid_targets": [ "self" ],
    "effect": "spawn_item",
    "effect_str": "magic_bread",
    "energy_source": "MANA",
    "difficulty": 5,
    "max_level": 15,
    "flags": [ "CONCENTRATE", "VERBAL", "NO_LEGS", "LOUD", "SOMATIC" ],
    "base_casting_time": 60000,
    "base_energy_cost": 800,
    "learn_spells": { "ethereal_tea": 14 }
  },
  {
    "id": "ethereal_tea",
    "type": "SPELL",
    "name": "唤茶术",
    "description": "年迈旅行法师必备戏法。“一杯茶，一斗烟，瑞文戴尔侃一天。”",
    "valid_targets": [ "self" ],
    "effect": "spawn_item",
    "effect_str": "ethereal_teapot",
    "energy_source": "MANA",
    "difficulty": 1,
    "max_level": 15,
    "flags": [ "CONCENTRATE", "VERBAL", "NO_LEGS", "LOUD", "SOMATIC" ],
    "base_casting_time": 60000,
    "base_energy_cost": 800,
    "min_duration": 3600000,
    "max_duration": 3600000,
    "learn_spells": { "ethereal_shelter": 14 }
  },
  {
    "id": "crystallize_mana",
    "type": "SPELL",
    "name": "Crystallize Mana",
    "description": "Crystallizes mana into solid form",
    "valid_targets": [ "self" ],
    "spell_class": "NONE",
    "flags": [ "PERMANENT", "NO_LEGS", "CONCENTRATE" ],
    "difficulty": 3,
    "max_level": 1,
    "min_damage": 1,
    "max_damage": 1,
    "duration_increment": 1,
    "effect": "spawn_item",
    "effect_str": "crystallized_mana",
    "energy_source": "MANA",
    "base_energy_cost": 1000,
    "final_energy_cost": 1000,
    "base_casting_time": 720000,
    "final_casting_time": 720000,
    "extra_effects": [ { "id": "mana_fatigue" } ]
  },
  {
    "id": "mana_fatigue",
    "type": "SPELL",
    "name": "Mana Fatigue",
    "description": "Secondary effect of Crystallize Mana",
    "valid_targets": [ "self" ],
    "effect": "target_attack",
    "effect_str": "mana_fatigue",
    "max_level": 1,
    "min_duration": 6000,
    "max_duration": 6000,
    "//": "actual fatigue gained is 1/100th duration, at 6000 you get 60 fatigue."
  },
  {
    "id": "dark_sight",
    "type": "SPELL",
    "name": "Dark Sight",
    "description": "Gives you the power to see in the dark",
    "message": "Your eyes glow green for a moment.  Now your sight can pierce the darkest shadows.",
    "valid_targets": [ "self" ],
    "effect": "target_attack",
    "effect_str": "dark_sight",
    "min_range": 1,
    "max_range": 1,
    "base_casting_time": 100,
    "base_energy_cost": 500,
    "energy_source": "MANA",
    "difficulty": 6,
    "max_level": 20,
    "min_duration": 100000,
    "max_duration": 1000000,
    "duration_increment": 2000
  },
  {
    "id": "megablast",
    "type": "SPELL",
    "name": "Megablast",
    "description": "You always wanted to fire energy beams like in the animes you watched as a kid.  Now you can!",
    "valid_targets": [ "ally", "hostile", "ground" ],
    "effect": "line_attack",
    "damage_type": "fire",
    "base_casting_time": 200,
    "base_energy_cost": 8000,
    "energy_source": "STAMINA",
    "spell_class": "NONE",
    "flags": [ "LOUD", "SOMATIC", "VERBAL" ],
    "difficulty": 10,
    "max_level": 20,
    "min_damage": 30,
    "max_damage": 100,
    "damage_increment": 3.25,
    "min_range": 3,
    "max_range": 12,
    "range_increment": 0.45,
    "min_aoe": 1,
    "max_aoe": 5,
    "aoe_increment": 0.2
  },
  {
    "id": "create_atomic_light",
    "type": "SPELL",
    "name": "Magical Light",
    "description": "Creates a magical light.",
    "valid_targets": [ "none" ],
    "min_range": 0,
    "max_range": 0,
    "min_damage": 1,
    "max_damage": 1,
    "effect": "spawn_item",
    "effect_str": "magic_light",
    "energy_source": "MANA",
    "flags": [ "VERBAL", "NO_LEGS" ],
    "difficulty": 1,
    "max_level": 20,
    "base_casting_time": 1000,
    "base_energy_cost": 500,
    "min_duration": 100000,
    "max_duration": 1000000,
    "duration_increment": 2000,
    "learn_spells": { "blinding_flash": 19 }
  },
  {
    "id": "blinding_flash",
    "type": "SPELL",
    "name": "Blinding Flash",
    "description": "Blind enemies for a short time with a sudden, dazzling light.  Higher levels deal slightly higher damage.",
    "effect": "target_attack",
    "effect_str": "blind",
    "affected_body_parts": [ "EYES" ],
    "valid_targets": [ "hostile" ],
    "max_level": 20,
    "min_damage": 1,
    "max_damage": 20,
    "damage_increment": 1,
    "min_aoe": 0,
    "max_aoe": 3,
    "aoe_increment": 0.15,
    "min_range": 4,
    "max_range": 16,
    "range_increment": 0.6,
    "min_duration": 1000,
    "max_duration": 3000,
    "duration_increment": 100,
    "spell_class": "NONE",
    "flags": [ "SOMATIC", "NO_LEGS" ],
    "base_casting_time": 300,
    "base_energy_cost": 250,
    "energy_source": "MANA",
    "difficulty": 3,
    "damage_type": "none",
    "learn_spells": { "holy_word_light": 17, "create_atomic_lamp": 19 }
  },
  {
    "id": "ethereal_grasp",
    "type": "SPELL",
    "name": "Ethereal Grasp",
    "description": "A mass of spectral hands emerge from the ground, slowing everything in range.  Higher levels allow a bigger AoE, and longer effect.",
    "effect": "target_attack",
    "effect_str": "effect_ethereal_grasp",
    "affected_body_parts": [ "FOOT_L", "FOOT_R" ],
    "valid_targets": [ "hostile" ],
    "max_level": 20,
    "min_damage": 10,
    "max_damage": 30,
    "damage_increment": 1,
    "min_aoe": 2,
    "max_aoe": 12,
    "aoe_increment": 0.5,
    "min_range": 5,
    "max_range": 20,
    "range_increment": 2,
    "min_duration": 1000,
    "max_duration": 5000,
    "duration_increment": 200,
    "spell_class": "NONE",
    "flags": [ "SOMATIC" ],
    "base_casting_time": 200,
    "base_energy_cost": 400,
    "energy_source": "MANA",
    "difficulty": 3,
    "damage_type": "bash"
  },
  {
    "id": "obfuscated_body",
    "type": "SPELL",
    "name": "Obfuscated Body",
    "description": "A magical aura distorts light around your body, increasing the amount of attacks you might dodge in a given turn.",
    "valid_targets": [ "self" ],
    "effect": "spawn_item",
    "effect_str": "obfuscating_aura",
    "energy_source": "MANA",
    "spell_class": "NONE",
    "flags": [ "CONCENTRATE", "NO_LEGS" ],
    "difficulty": 4,
    "max_level": 15,
    "base_casting_time": 200,
    "base_energy_cost": 400,
    "min_duration": 21000,
    "max_duration": 90000,
    "duration_increment": 4500
  },
  {
    "id": "protection_aura",
    "type": "SPELL",
    "name": "Aura of Protection",
    "description": "Encases your whole body in a magical aura that protects you from the environment.",
    "valid_targets": [ "self" ],
    "effect": "spawn_item",
    "effect_str": "protect_env",
    "affected_body_parts": [ "HEAD", "TORSO", "MOUTH", "EYES", "ARM_L", "ARM_R", "HAND_R", "HAND_L", "LEG_L", "LEG_R", "FOOT_L", "FOOT_R" ],
    "energy_source": "MANA",
    "difficulty": 1,
    "max_level": 35,
    "flags": [ "CONCENTRATE", "VERBAL", "NO_LEGS" ],
    "base_casting_time": 350,
    "base_energy_cost": 375,
    "min_duration": 10000,
    "max_duration": 50000,
    "duration_increment": 3000,
    "learn_spells": { "ethereal_bread": 15, "ethereal_shelter": 30 }
  },
  {
    "id": "translocate_self",
    "type": "SPELL",
    "name": "Translocate Self",
    "description": "Translocates the user to an attuned gate.",
    "valid_targets": [ "self" ],
    "effect": "translocate",
    "difficulty": 15,
    "max_level": 25,
    "base_casting_time": 6000,
    "base_energy_cost": 675,
    "energy_source": "MANA",
    "spell_class": "NONE",
    "learn_spells": { "summon_temporary_transdoor_lesser": 20, "create_rune_planeswalker": 24 }
  },
  {
    "id": "acid_resistance",
    "type": "SPELL",
    "name": "Acid Resistance",
    "description": "Protects the user from acid.",
    "valid_targets": [ "none" ],
    "min_range": 0,
    "max_range": 0,
    "min_damage": 1,
    "max_damage": 1,
    "effect": "spawn_item",
    "effect_str": "acid_res_aura",
    "energy_source": "MANA",
    "spell_class": "NONE",
    "flags": [ "CONCENTRATE", "NO_LEGS" ],
    "difficulty": 4,
    "max_level": 15,
    "base_casting_time": 200,
    "base_energy_cost": 150,
    "min_duration": 84000,
    "max_duration": 360000,
    "duration_increment": 18000,
    "learn_spells": { "acid_resistance_greater": 15 }
  },
  {
    "id": "acid_resistance_greater",
    "type": "SPELL",
    "name": "Greater Acid Resistance",
    "description": "Protects the user from acid.",
    "valid_targets": [ "none" ],
    "min_range": 0,
    "max_range": 0,
    "min_damage": 1,
    "max_damage": 1,
    "effect": "spawn_item",
    "effect_str": "acid_res_aura_greater",
    "energy_source": "MANA",
    "spell_class": "NONE",
    "flags": [ "CONCENTRATE", "NO_LEGS" ],
    "difficulty": 7,
    "max_level": 1,
    "base_casting_time": 200,
    "base_energy_cost": 250,
    "min_duration": 180000
  }
]
