[
  {
    "id": "druidic_natural_angry",
    "type": "SPELL",
    "name": "橡树之怒",
    "description": "橡树之父向你的敌人展现怒火，自然之力的终极体现。“主要效果是种树。”",
    "valid_targets": [ "hostile", "ground" ],
    "effect": "ter_transform", "effect_str": "natural_angry",
    "flags": [ "CONCENTRATE", "VERBAL", "SOMATIC", "NO_LEGS", "NO_HANDS" ],
    "spell_class": "DRUID", "energy_source": "MANA",
    "difficulty": 20, "max_level": 20,
    "base_casting_time": 600, "base_energy_cost": 800,
    "min_damage": 2, "max_damage": 2, "min_aoe": 1, "max_aoe": 9, "aoe_increment": 0.4,
    "min_range": 6, "max_range": 30, "range_increment": 1.2,
    "extra_effects": [ { "id": "druid_natural_angry_veggrasp" }, { "id": "druid_natural_angry_veggrasp" }, { "id": "druid_natural_angry_veggrasp" }, { "id": "druidic_natural_angry_growth" }, { "id": "druidic_natural_angry_growth" }, { "id": "druid_crazy_growth" }, { "id": "druid_crazy_growth" }, { "id": "druid_crazy_growth" }, { "id": "summon_Dryad" } ],
    "learn_spells": { "create_rune_druid_greater": 5 }
  },
  {
    "type": "SPELL",
    "id": "druid_crazy_growth",
    "name": "狂乱生长",
    "description": "只是橡树之怒的附属法术。",
    "valid_targets": [ "ground" ],
    "effect": "none",
    "base_casting_time": 100,
    "flags": [ "WONDER" ],
    "min_damage": 1,
    "max_damage": 1,
    "extra_effects": [
      { "id": "druid_natural_angry_veggrasp" },
      { "id": "summon_Dryad" },
      { "id": "druidic_natural_angry_growth" },
      { "id": "druidic_natural_angry_growth" }
    ]
  },
  {
    "id": "druidic_natural_angry_growth",
    "type": "SPELL",
    "name": "橡树生长",
    "description": "只是橡树之怒的附属法术",
    "valid_targets": [ "hostile", "ground" ],
    "effect": "ter_transform", "effect_str": "natural_angry",
    "flags": [ "CONCENTRATE", "VERBAL", "SOMATIC", "NO_LEGS", "NO_HANDS", "RANDOM_DAMAGE" ],
    "spell_class": "DRUID", "difficulty": 1, "max_level": 1,
    "min_damage": 2, "max_damage": 3,
    "min_aoe": 5, "max_aoe": 5,
    "min_range": 20, "max_range": 20
  },
  {
    "id": "druid_natural_angry_veggrasp",
    "type": "SPELL",
    "name": "林地穿刺",
    "description": "只是橡树之怒的附属法术。",
    "valid_targets": [ "hostile", "ground" ],
    "flags": [ "SOMATIC", "VERBAL", "NO_LEGS", "SILENT" ],
    "effect": "target_attack",
    "spell_class": "DRUID", "difficulty": 2, "max_level": 20,
    "min_damage": 20, "max_damage": 60, "damage_increment": 2,
    "min_aoe": 1, "max_aoe": 9, "aoe_increment": 0.4,
    "min_duration": 200, "max_duration": 1000, "duration_increment": 40,
    "min_range": 20, "max_range": 20,
    "damage_type": "stab",
    "field_id": "fd_fog",
    "field_chance": 1,
    "min_field_intensity": 1,
    "max_field_intensity": 3,
    "field_intensity_variance": 1
  },
  {
    "id": "summon_Dryad",
    "type": "SPELL",
    "name": "召唤树精",
    "description": "只是橡树之怒的附属法术",
    "valid_targets": [ "ground" ],
    "flags": [ "SOMATIC", "RANDOM_DURATION", "RANDOM_DAMAGE" ],
    "min_damage": 1, "max_damage": 3,
    "min_range": 20, "max_range": 20,
    "min_aoe": 9, "max_aoe": 9,
    "spell_class": "DRUID", "max_level": 1, "difficulty": 1,
    "min_duration": 1000, "max_duration": 6000,
    "effect": "summon", "effect_str": "mon_Dryad"
  },
  {
    "id": "druid_moon_fire",
    "type": "SPELL",
    "name": "月火术",
    "description": "部分德鲁伊开始思考群星与自然之间的联系，尝试借用月力。",
    "valid_targets": [ "self", "hostile" ],
    "flags": [ "LOUD", "SOMATIC", "VERBAL", "NO_LEGS" ],
    "effect": "target_attack", "effect_str": "eff_moon_fire",
    "spell_class": "DRUID",
    "base_casting_time": 100, "base_energy_cost": 100, "energy_cost_increment": -2.5,
    "energy_source": "MANA", "difficulty": 8, "max_level": 20,
    "min_damage": 1, "max_damage": 15, "damage_increment": 0.7,
    "min_range": 5, "max_range": 25, "range_increment": 1,
    "min_duration": 500, "max_duration": 2500, "duration_increment": 100,
    "damage_type": "none",
    "learn_spells": { "create_rune_druid_greater": 15, "star_recover_mana": 19 }
  },
  {
    "id": "summon_natural_boat",
    "type": "SPELL",
    "name": "自然之舟",
    "description": "临水呼渡，大自然会给予帮助。",
    "valid_targets": [ "self" ],
    "min_damage": 1,
    "max_damage": 1,
    "effect": "spawn_item",
    "effect_str": "rune_natural_boat",
    "base_casting_time": 180000,
    "base_energy_cost": 1000,
    "min_duration": 180000,
    "max_duration": 720000,
    "duration_increment": 60000,
    "difficulty": 10,
    "max_level": 10,
    "spell_class": "DRUID",
    "energy_source": "MANA",
    "flags": [ "SOMATIC", "LOUD", "NO_LEGS", "CONCENTRATE" ],
    "learn_spells": { "create_rune_druid_greater": 9 }
  },
  {
    "type": "SPELL",
    "id": "druid_wild_growth",
    "name": "野性生长",
    "description": "其他流派的施法者通常将这个危险的自然神术蔑称为【虚假生命】，但自然之力与圣光一样，在治愈某些危急伤势时总显得效果惊人。“熟练掌握，谨慎使用，敬畏平衡。”",
    "valid_targets": [ "self" ],
    "effect": "target_attack",
    "effect_str": "natural_balance_effect",
    "affected_body_parts": [ "HEAD", "TORSO", "MOUTH", "EYES", "ARM_L", "ARM_R", "HAND_R", "HAND_L", "LEG_L", "LEG_R", "FOOT_L", "FOOT_R" ],
    "spell_class": "DRUID",
    "energy_source": "MANA",
    "base_casting_time": 300,
    "final_casting_time": 150,
    "casting_time_increment": -10,
    "base_energy_cost": 800,
    "difficulty": 15,
    "max_level": 15,
    "min_duration": 18000,
    "max_duration": 30000,
    "duration_increment": 800,
    "flags": [ "CONCENTRATE", "SOMATIC", "VERBAL" ],
    "learn_spells": { "create_rune_druid_greater": 14 }
  },
  {
    "id": "create_rune_druid_greater",
    "type": "SPELL",
    "name": "大德鲁伊符文",
    "description": "在遥远的古代，你会被人们尊称为大德鲁伊，但现在“人们”不太多。这枚符文可用来制造高阶魔法物品。",
    "valid_targets": [ "self" ],
    "min_damage": 1,
    "max_damage": 1,
    "effect": "spawn_item",
    "effect_str": "rune_druid_greater",
    "base_casting_time": 500000,
    "base_energy_cost": 1000,
    "min_duration": 1,
    "max_duration": 2,
    "duration_increment": 1,
    "difficulty": 10,
    "max_level": 1,
    "spell_class": "DRUID",
    "energy_source": "MANA",
    "flags": [ "SOMATIC", "LOUD", "PERMANENT", "NO_LEGS", "CONCENTRATE" ]
  },
  {
    "id": "druid_Moonkin",
    "type": "SPELL",
    "name": "枭兽形态",
    "description": "德鲁伊最受欢迎的变身形态，原型是某种异界魔法生物。但cdda位面似乎不允许你飞越森林山川。",
    "valid_targets": [ "self" ],
    "effect": "spawn_item",
    "effect_str": "Moonkin_surface",
    "base_casting_time": 6000,
    "base_energy_cost": 600,
    "energy_source": "MANA",
    "spell_class": "DRUID",
    "difficulty": 10,
    "max_level": 35,
    "flags": [ "SOMATIC", "VERBAL" ],
    "min_duration": 100000,
    "max_duration": 200000,
    "duration_increment": 3000,
    "learn_spells": { "create_rune_druid_greater": 25 }
  },
  {
    "id": "druid_Moonkin_flutter",
    "type": "SPELL",
    "name": "振翅",
    "description": "只是枭兽形态（物品）的附带法术。",
    "valid_targets": [ "self" ],
    "effect": "target_attack",
    "effect_str": "flutter",
    "spell_class": "DRUID",
    "difficulty": 1,
    "max_level": 1,
    "flags": [ "SOMATIC" ],
    "min_duration": 1000,
    "max_duration": 1000
  },
  {
    "id": "druid_deer_fleet",
    "type": "SPELL",
    "name": "鹿之步伐",
    "description": "你有个朋友叫辛巴。",
    "valid_targets": [ "self" ],
    "effect": "target_attack",
    "effect_str": "deer_fleet",
    "base_casting_time": 200,
    "base_energy_cost": 200,
    "energy_source": "MANA",
    "spell_class": "DRUID",
    "difficulty": 1,
    "max_level": 20,
    "flags": [ "SOMATIC" ],
    "min_duration": 14000,
    "max_duration": 20000,
    "duration_increment": 300,
    "learn_spells": { "druid_Moonkin": 19 }
  },
  {
    "id": "druid_veggrasp",
    "type": "SPELL",
    "name": "Vegetative Grasp",
    "description": "This spell causes roots and vines to burst forth from the ground and grab your foes, slowing them and doing a small amount of damage as they dig in.",
    "valid_targets": [ "hostile", "ground" ],
    "flags": [ "LOUD", "SOMATIC", "VERBAL", "NO_LEGS" ],
    "effect": "target_attack",
    "effect_str": "entangled",
    "spell_class": "DRUID",
    "base_casting_time": 100,
    "base_energy_cost": 175,
    "energy_source": "MANA",
    "difficulty": 2,
    "max_level": 20,
    "min_damage": 1,
    "max_damage": 20,
    "damage_increment": 1,
    "min_aoe": 4,
    "max_aoe": 15,
    "aoe_increment": 1,
    "min_range": 3,
    "max_range": 10,
    "range_increment": 1,
    "min_dot": 0,
    "max_dot": 2,
    "dot_increment": 0.1,
    "min_duration": 1000,
    "max_duration": 10000,
    "duration_increment": 500,
    "min_pierce": 1,
    "max_pierce": 5,
    "pierce_increment": 0.25,
    "damage_type": "stab",
    "learn_spells": { "druid_wild_growth": 19 }
  },
  {
    "id": "druid_rootstrike",
    "type": "SPELL",
    "name": "Root Strike",
    "description": "This spell causes roots to spear out the ground and stab into your foes in an arc, impaling them.",
    "valid_targets": [ "hostile", "ground" ],
    "flags": [ "LOUD", "SOMATIC", "VERBAL", "NO_LEGS" ],
    "effect": "cone_attack",
    "effect_str": "root_impale",
    "spell_class": "DRUID",
    "base_casting_time": 100,
    "base_energy_cost": 100,
    "energy_source": "MANA",
    "difficulty": 4,
    "max_level": 20,
    "min_damage": 15,
    "max_damage": 60,
    "damage_increment": 2.5,
    "min_aoe": 25,
    "max_aoe": 45,
    "aoe_increment": 1,
    "min_range": 4,
    "max_range": 10,
    "range_increment": 0.5,
    "min_dot": 1,
    "max_dot": 2,
    "dot_increment": 0.1,
    "min_duration": 1000,
    "max_duration": 10000,
    "duration_increment": 500,
    "min_pierce": 10,
    "max_pierce": 20,
    "pierce_increment": 0.5,
    "damage_type": "stab",
    "learn_spells": { "druid_woodshaft": 19 }
  },
  {
    "id": "druid_woodshaft",
    "type": "SPELL",
    "name": "Wooden Shaft",
    "description": "This spell creates a projectile of hardwood that shoots forth from the caster's hand at high speed to stab into an enemy.",
    "valid_targets": [ "hostile" ],
    "flags": [ "LOUD", "SOMATIC", "VERBAL", "NO_LEGS" ],
    "effect": "projectile_attack",
    "spell_class": "DRUID",
    "base_casting_time": 100,
    "base_energy_cost": 50,
    "energy_source": "MANA",
    "difficulty": 1,
    "max_level": 20,
    "min_damage": 1,
    "max_damage": 25,
    "damage_increment": 1.5,
    "min_range": 5,
    "max_range": 15,
    "range_increment": 0.75,
    "min_pierce": 1,
    "max_pierce": 5,
    "pierce_increment": 0.5,
    "damage_type": "bash",
    "learn_spells": { "summon_natural_boat": 19 }
  },
  {
    "id": "druid_naturebow1",
    "type": "SPELL",
    "name": "Nature's Bow",
    "description": "This spell conjures a magical wooden recurve bow that fires endless arrows for as long as it lasts.",
    "valid_targets": [ "none" ],
    "flags": [ "CONCENTRATE", "SOMATIC", "VERBAL", "NO_LEGS" ],
    "min_damage": 1,
    "max_damage": 1,
    "effect": "spawn_item",
    "effect_str": "druid_recurve",
    "base_casting_time": 200,
    "base_energy_cost": 250,
    "min_duration": 10000,
    "max_duration": 30000,
    "duration_increment": 1000,
    "difficulty": 6,
    "max_level": 20,
    "spell_class": "DRUID",
    "energy_source": "MANA",
    "learn_spells": { "druid_deer_fleet": 15 }
  },
  {
    "id": "recover_fatigue",
    "type": "SPELL",
    "name": "Nature's Trance",
    "description": "Your connection to living things allows you to go into a magical trance.  This allows you to recover fatige quickly in exchange for mana.",
    "valid_targets": [ "self" ],
    "flags": [ "CONCENTRATE", "SILENT", "NO_HANDS" ],
    "spell_class": "DRUID",
    "energy_source": "MANA",
    "effect": "recover_energy",
    "effect_str": "FATIGUE",
    "base_casting_time": 10000,
    "min_damage": 50,
    "damage_increment": 10,
    "max_damage": 300,
    "max_level": 25,
    "base_energy_cost": 500,
    "energy_increment": 25,
    "final_energy_cost": 1125,
    "difficulty": 4
  },
  {
    "id": "summon_cats",
    "type": "SPELL",
    "name": "Bag of Cats",
    "description": "Are you the crazy cat lady?",
    "valid_targets": [ "ground" ],
    "flags": [ "LOUD", "SOMATIC" ],
    "min_damage": 1,
    "max_damage": 12,
    "damage_increment": 1,
    "min_range": 3,
    "range_increment": 0.8,
    "max_range": 7,
    "min_aoe": 3,
    "max_aoe": 3,
    "spell_class": "DRUID",
    "base_casting_time": 250,
    "energy_source": "MANA",
    "max_level": 25,
    "min_duration": 6000,
    "max_duration": 60000,
    "duration_increment": 1000,
    "difficulty": 1,
    "base_energy_cost": 265,
    "effect": "summon",
    "effect_str": "mon_cat",
    "extra_effects": [ { "id": "druid_hiding_robe" } ],
    "learn_spells": { "druid_heart_of_wolves": 15 }
  },
  {
    "type": "SPELL",
    "id": "druid_hiding_robe",
    "name": "召唤避隐之袍",
    "description": "只是袋装猫咪的附属法术。",
    "valid_targets": [ "self" ],
    "effect": "spawn_item",
    "effect_str": "hiding_robe",
    "min_duration": 6000,
    "max_duration": 6000
  },
  {
    "id": "druid_werewolf",
    "type": "SPELL",
    "name": "狼人形态",
    "description": "近朱者赤，近墨者黑，近毛茸茸者……狼人？",
    "valid_targets": [ "self" ],
    "effect": "spawn_item",
    "effect_str": "Werewolf_surface",
    "base_casting_time": 6000,
    "base_energy_cost": 1000,
    "energy_source": "MANA",
    "spell_class": "DRUID",
    "difficulty": 18,
    "max_level": 35,
    "flags": [ "SOMATIC", "VERBAL" ],
    "min_duration": 100000,
    "max_duration": 800000,
    "duration_increment": 20000,
    "learn_spells": { "create_rune_druid_greater": 15 }
  },
  {
    "id": "summon_werewolf_claw",
    "type": "SPELL",
    "name": "月爪",
    "description": "只是狼人形态（物品）的附带法术。",
    "message": "狼爪燃起月火。",
    "valid_targets": [ "self" ],
    "effect": "spawn_item",
    "effect_str": "werewolf_claw",
    "base_casting_time": 100,
    "spell_class": "DRUID",
    "difficulty": 1,
    "max_level": 1,
    "flags": [ "SOMATIC", "VERBAL", "RANDOM_DURATION" ],
    "min_duration": 50000,
    "max_duration": 100000
  },
  {
    "id": "druid_heart_of_wolves",
    "type": "SPELL",
    "name": "狼群之心",
    "description": "简单来说，召出一群毛茸茸的大尾巴。“玩猫日久，分外想狗。”",
    "message": "嗷呜——汪？",
    "valid_targets": [ "ground" ],
    "effect": "summon",
    "extra_effects": [ { "id": "druid_summon_wolves" }, { "id": "summon_wolf_lesser" } ],
    "effect_str": "mon_master_wolf",
    "base_casting_time": 1000,
    "base_energy_cost": 800,
    "energy_source": "MANA",
    "spell_class": "DRUID",
    "difficulty": 15,
    "max_level": 35,
    "flags": [ "SOMATIC", "VERBAL" ],
    "min_damage": 1,
    "max_damage": 1,
    "min_range": 3,
    "range_increment": 0.2,
    "max_range": 10,
    "min_aoe": 3,
    "max_aoe": 3,
    "min_duration": 100000,
    "max_duration": 200000,
    "duration_increment": 3000,
    "learn_spells": { "dark_charm_monster": 19, "druid_werewolf": 25 }
  },
  {
    "type": "SPELL",
    "id": "druid_summon_wolves",
    "name": "召唤狼群",
    "description": "只是狼群之心的附属法术。",
    "valid_targets": [ "ground" ],
    "effect": "none",
    "base_casting_time": 100,
    "flags": [ "WONDER" ],
    "min_damage": 1,
    "max_damage": 1,
    "extra_effects": [
      { "id": "summon_ghost_wolf" },
      { "id": "summon_wolf_lesser" },
      { "id": "summon_wolf_lesser" },
      { "id": "summon_wolf_lesser" }
    ]
  },
  {
    "type": "SPELL",
    "id": "summon_wolf_lesser",
    "name": "召唤普通狼",
    "description": "只是狼群之心和召唤狼群的附属法术。",
    "valid_targets": [ "ground" ],
    "effect": "summon",
    "effect_str": "mon_wolf",
    "min_damage": 1,
    "max_damage": 5,
    "min_aoe": 3,
    "max_aoe": 3,
    "min_duration": 10000,
    "max_duration": 100000,
    "flags": [ "RANDOM_DAMAGE", "RANDOM_DURATION" ]
  },
  {
    "type": "SPELL",
    "id": "summon_ghost_wolf",
    "name": "召唤鬼狼",
    "description": "只是召唤狼群的附属法术。",
    "valid_targets": [ "ground" ],
    "effect": "summon",
    "effect_str": "mon_ghost_wolf",
    "min_damage": 1,
    "max_damage": 3,
    "min_aoe": 3,
    "max_aoe": 3,
    "min_duration": 10000,
    "max_duration": 100000,
    "flags": [ "RANDOM_DAMAGE", "RANDOM_DURATION" ]
  },
  {
    "id": "summon_bear",
    "type": "SPELL",
    "name": "Cause Bear",
    "description": "This spell appears to be very smudged.  You're fairly sure the name should be Cause Fear, but you're also fairly sure it won't have the desired effect because the instructions are hardly legible.  No time like the Cataclysm to find out, though!",
    "valid_targets": [ "ground" ],
    "min_damage": 1,
    "max_damage": 1,
    "min_range": 3,
    "max_range": 5,
    "spell_class": "DRUID",
    "base_casting_time": 500,
    "energy_source": "MANA",
    "max_level": 25,
    "difficulty": 10,
    "min_duration": 6000,
    "max_duration": 30000,
    "base_energy_cost": 675,
    "final_energy_cost": 475,
    "energy_increment": -5,
    "flags": [ "HOSTILE_50", "CONCENTRATE", "SOMATIC", "VERBAL", "NO_LEGS" ],
    "effect": "summon",
    "effect_str": "mon_bear",
    "learn_spells": { "druid_Syllabear": 15 }
  },
  {
    "id": "druid_Syllabear",
    "type": "SPELL",
    "name": "熊人形态",
    "description": "不管那个法术叫恐怖威能还是恐怖威熊，总之你在此基础上找到了变成熊的办法，不过这变形术似乎有点……危险？",
    "valid_targets": [ "self" ],
    "effect": "spawn_item",
    "effect_str": "Syllabear_surface",
    "base_casting_time": 6000,
    "base_energy_cost": 1500,
    "energy_source": "MANA",
    "spell_class": "DRUID",
    "difficulty": 15,
    "max_level": 35,
    "flags": [ "SOMATIC", "VERBAL" ],
    "min_duration": 100000,
    "max_duration": 800000,
    "duration_increment": 20000,
    "learn_spells": { "create_rune_druid_greater": 20 }
  },
  {
    "id": "summon_bloody_bear_claw",
    "type": "SPELL",
    "name": "血熊之爪",
    "description": "只是血熊形态（物品）的附带法术。",
    "message": "RUA——（咆哮",
    "valid_targets": [ "self" ],
    "effect": "spawn_item",
    "effect_str": "bloody_bear_claw",
    "base_casting_time": 100,
    "spell_class": "DRUID",
    "difficulty": 1,
    "max_level": 1,
    "flags": [ "SOMATIC", "VERBAL", "RANDOM_DURATION" ],
    "min_duration": 10000,
    "max_duration": 30000
  },
  {
    "id": "fungicide",
    "type": "SPELL",
    "name": "Kill Fungus",
    "description": "Kills fungus affected areas",
    "valid_targets": [ "ground", "hostile" ],
    "effect": "ter_transform",
    "effect_str": "fungicide",
    "min_aoe": 5,
    "max_aoe": 25,
    "aoe_increment": 1,
    "max_level": 20,
    "difficulty": 4,
    "energy_source": "MANA",
    "base_energy_cost": 175,
    "base_casting_time": 550,
    "flags": [ "CONCENTRATE", "VERBAL", "SOMATIC", "NO_LEGS", "NO_HANDS" ],
    "learn_spells": { "druid_tiny_forest": 5, "druid_natural_spring": 10, "druidic_natural_angry": 15 }
  },
  {
    "id": "druid_tiny_forest",
    "type": "SPELL",
    "name": "微型林地",
    "description": "让地上长出一丛灌木。",
    "valid_targets": [ "ground" ],
    "effect": "ter_transform",
    "effect_str": "tiny_forest",
    "min_range": 1,
    "max_range": 1,
    "max_level": 1,
    "difficulty": 10,
    "energy_source": "MANA",
    "base_energy_cost": 200,
    "base_casting_time": 1000,
    "flags": [ "CONCENTRATE", "VERBAL", "SOMATIC", "NO_LEGS", "NO_HANDS" ]
  },
  {
    "id": "druid_natural_spring",
    "type": "SPELL",
    "name": "自然甘泉",
    "description": "从任意灌木根部召唤一眼清泉。",
    "valid_targets": [ "ground" ],
    "effect": "ter_transform",
    "effect_str": "natural_spring",
    "min_range": 1,
    "max_range": 1,
    "max_level": 1,
    "difficulty": 10,
    "energy_source": "MANA",
    "base_energy_cost": 200,
    "base_casting_time": 1000,
    "flags": [ "CONCENTRATE", "VERBAL", "SOMATIC", "NO_LEGS", "NO_HANDS" ]
  },
  {
    "id": "create_rune_druid",
    "type": "SPELL",
    "name": "Druid Rune",
    "description": "This ritual creates a small pebble attuned to Druids.  You can use the rune as a catalyst for recipes.",
    "valid_targets": [ "self" ],
    "min_damage": 1,
    "max_damage": 1,
    "effect": "spawn_item",
    "effect_str": "rune_druid",
    "base_casting_time": 5000,
    "base_energy_cost": 5,
    "min_duration": 1,
    "max_duration": 2,
    "duration_increment": 1,
    "difficulty": 0,
    "max_level": 1,
    "spell_class": "DRUID",
    "energy_source": "MANA",
    "flags": [ "PERMANENT", "NO_LEGS", "CONCENTRATE" ]
  },
  {
    "id": "purify_seed",
    "type": "SPELL",
    "name": "Purification Seed",
    "description": "You summon a gift of the earth which will purify water.  Rapidly degrades if not utilized.",
    "valid_targets": [ "self" ],
    "min_damage": 1,
    "max_damage": 1,
    "effect": "spawn_item",
    "effect_str": "druid_seed",
    "base_casting_time": 30000,
    "final_casting_time": 6000,
    "casting_time_increment": -1200,
    "base_energy_cost": 1000,
    "final_energy_cost": 1000,
    "min_duration": 6000,
    "max_duration": 6000,
    "difficulty": 6,
    "max_level": 20,
    "spell_class": "DRUID",
    "energy_source": "MANA",
    "flags": [ "NO_LEGS", "CONCENTRATE" ],
    "learn_spells": { "druidic_regrowth": 15 }
  },
  {
    "id": "druidic_regrowth",
    "type": "SPELL",
    "name": "Sacrificial Regrowth",
    "description": "Through giving of one's own life force, you restore withered and barren plant life nearby.  What remains will need time to regrow its full strength.",
    "valid_targets": [ "ground" ],
    "effect": "ter_transform",
    "effect_str": "druidic_renewal",
    "flags": [ "CONCENTRATE", "VERBAL", "SOMATIC", "NO_LEGS", "NO_HANDS" ],
    "spell_class": "DRUID",
    "energy_source": "HP",
    "difficulty": 6,
    "base_casting_time": 600,
    "base_energy_cost": 25,
    "max_level": 20,
    "min_aoe": 1,
    "max_aoe": 5,
    "aoe_increment": 0.2,
    "min_range": 3,
    "max_range": 6,
    "range_increment": 0.3,
    "learn_spells": { "druidic_healing": 10, "fungicide": 15 }
  },
  {
    "id": "druidic_healing",
    "type": "SPELL",
    "name": "Sacrificial Healing",
    "description": "Channels some of the user's own life force into healing energy, for the sake of ones allies.",
    "valid_targets": [ "ally" ],
    "effect": "target_attack",
    "flags": [ "CONCENTRATE", "VERBAL", "SOMATIC", "NO_LEGS", "NO_HANDS" ],
    "spell_class": "DRUID",
    "energy_source": "HP",
    "difficulty": 5,
    "base_casting_time": 400,
    "base_energy_cost": 35,
    "max_level": 10,
    "min_damage": -4,
    "max_damage": -12,
    "damage_increment": -0.8,
    "min_aoe": 0,
    "max_aoe": 2,
    "aoe_increment": 0.2,
    "min_range": 2,
    "max_range": 4,
    "range_increment": 0.2
  }
]
