[
  {
    "id": "earth_peace",
    "type": "SPELL",
    "name": "明镜止水",
    "description": "一些生化术士提出通过有效调节肉体来维持心灵的平静，这种设想得到塑地者法师的广泛呼应。两大学派合作开发了这个有待完善的冷僻小法术，用以暂时阻挡部分消极情绪对施法者的侵袭，副作用是稍微影响施法者对快乐情绪的感受。",
    "valid_targets": [ "self" ],
    "effect": "target_attack", "effect_str": "ear_peace",
    "flags": [ "SOMATIC", "VERBAL" ],
    "energy_source": "MANA",
    "spell_class": "EARTHSHAPER",
    "difficulty": 8,
    "base_casting_time": 1000,
    "base_energy_cost": 150,
    "max_level": 20,
    "min_duration": 60000, "max_duration": 180000, "duration_increment": 6000
  },
  {
    "id": "earth_pro_body",
    "type": "SPELL",
    "name": "盖亚之花",
    "description": "基于【奥术洪流】法术模型设计的土元素干扰护盾，由一个地面光环和大量临时小护盾组成。大地之环创造的小范围重力与地脉共鸣，在近身战斗时不断生成层层原石阵壁，偶尔也能反馈些许耐力回复。仅就近战物理防护性能而言，堪称四大元素护盾中最可靠的一款。",
    "valid_targets": [ "self" ],
    "flags": [ "VERBAL", "SOMATIC" ],
    "effect": "spawn_item",
    "effect_str": "earth_pro_circle",
    "spell_class": "EARTHSHAPER",
    "energy_source": "MANA",
    "difficulty": 10,
    "base_casting_time": 200,
    "base_energy_cost": 500,
    "max_level": 30,
    "min_duration": 10000,
    "max_duration": 40000,
    "duration_increment": 1000,
    "learn_spells": { "create_rune_hills_core": 25 }
  },
  {
    "id": "create_rune_hills_core",
    "type": "SPELL",
    "name": "群山之心符文",
    "description": "你是深受大地母亲眷顾的群山之子，可惜你没法去地心陪她老人家喝茶。这枚符文可用来制造高阶魔法物品。",
    "valid_targets": [ "self" ],
    "min_damage": 1,
    "max_damage": 1,
    "effect": "spawn_item",
    "effect_str": "rune_hills_core",
    "base_casting_time": 500000,
    "base_energy_cost": 1000,
    "min_duration": 1,
    "max_duration": 2,
    "duration_increment": 1,
    "difficulty": 10,
    "max_level": 1,
    "spell_class": "EARTHSHAPER",
    "energy_source": "MANA",
    "flags": [ "SOMATIC", "LOUD", "PERMANENT", "NO_LEGS", "CONCENTRATE" ]
  },
  {
    "id": "summon_stone_totem",
    "type": "SPELL",
    "name": "岩锋哨卫",
    "description": "召唤几根石爪图腾，它们能够发射尖锐的石质碎片并钳制近身的敌人。",
    "valid_targets": [ "ground" ],
    "flags": [ "SOMATIC", "VERBAL", "CONCENTRATE", "LOUD" ],
    "effect": "summon", "effect_str": "mon_stone_totem",
    "spell_class": "EARTHSHAPER",
    "energy_source": "MANA",
    "difficulty": 8, "max_level": 20,
    "base_casting_time": 600, "casting_time_increment": -20, "final_casting_time": 200,
    "base_energy_cost": 400,
    "min_damage": 1, "max_damage": 3, "damage_increment": 0.1,
    "min_range": 1, "max_range": 5, "range_increment": 0.25,
    "min_aoe": 3, "max_aoe": 3,
    "min_duration": 3000, "max_duration": 12000, "duration_increment": 450,
    "learn_spells": { "create_rune_hills_core": 19 }
  },
  {
    "id": "earthshaper_earth_flat",
    "type": "SPELL",
    "name": "土归土",
    "description": "让一切可挖掘地表化作平实可靠的泥地，有亿点点微不可察的副作用。塑地者法师索特费什·查戈在一次玩笑中匆忙编写这个高魔耗法术用以拯救友谊的小船。“NMD，为什么！”（德鲁伊尖叫",
    "valid_targets": [ "ground" ],
    "effect": "ter_transform",
    "effect_str": "earth_flat",
    "extra_effects": [ { "id": "earthshaper_earth_flat_side_effect" } ],
    "flags": [ "SOMATIC" ],
    "spell_class": "EARTHSHAPER",
    "energy_source": "MANA",
    "difficulty": 10,
    "base_casting_time": 300, "final_casting_time": 150, "casting_time_increment": -10,
    "base_energy_cost": 600, "final_energy_cost": 900, "energy_increment": 20,
    "max_level": 15,
    "min_aoe": 3, "max_aoe": 9, "aoe_increment": 0.4,
    "min_range": 4, "max_range": 10, "range_increment": 0.4,
    "learn_spells": { "create_rune_hills_core": 14 }
  },
  {
    "id": "earthshaper_earth_flat_side_effect",
    "type": "SPELL",
    "name": "土归土·尘归尘",
    "description": "只是土归土的附属法术",
    "valid_targets": [ "ground" ],
    "effect": "ter_transform",
    "effect_str": "earth_flat_dirt",
    "flags": [ "SOMATIC" ],
    "spell_class": "EARTHSHAPER",
    "energy_source": "MANA",
    "difficulty": 3,
    "max_level": 15,
    "min_damage": 3, "max_damage": 3,
    "min_aoe": 3, "max_aoe": 9, "aoe_increment": 0.4,
    "min_range": 4, "max_range": 10, "range_increment": 0.4
  },
  {
    "id": "earthshaper_mud_pool",
    "type": "SPELL",
    "name": "泥沙之沼",
    "description": "召来泥沼和流沙困住敌人，或者你的朋友，呃，或者你自己。兴趣使然的塑地者法师索特费什·查戈在一次玩笑中发明了这个正气凛然的控制法术。“查戈！我的田！”（德鲁伊尖叫",
    "valid_targets": [ "ground" ],
    "effect": "ter_transform",
    "effect_str": "earth_mud_pool",
    "extra_effects": [ { "id": "earthshaper_mud_pool_side_effect" } ],
    "flags": [ "SOMATIC" ],
    "spell_class": "EARTHSHAPER",
    "energy_source": "MANA",
    "difficulty": 10,
    "base_casting_time": 300, "final_casting_time": 150, "casting_time_increment": -10,
    "base_energy_cost": 500, "final_energy_cost": 800, "energy_increment": 20,
    "max_level": 15,
    "min_aoe": 3, "max_aoe": 9, "aoe_increment": 0.4,
    "min_range": 4, "max_range": 10, "range_increment": 0.4
  },
  {
    "id": "earthshaper_mud_pool_side_effect",
    "type": "SPELL",
    "name": "泥沙之沼·流沙",
    "description": "只是泥沙之沼的附属法术",
    "valid_targets": [ "ground" ],
    "effect": "ter_transform",
    "effect_str": "earth_mud_pool",
    "flags": [ "SOMATIC" ],
    "spell_class": "EARTHSHAPER",
    "energy_source": "MANA",
    "difficulty": 3,
    "max_level": 15,
    "min_damage": 3, "max_damage": 3,
    "min_aoe": 3, "max_aoe": 9, "aoe_increment": 0.4,
    "min_range": 4, "max_range": 10, "range_increment": 0.4
  },
  {
    "id": "earthshaper_arena",
    "type": "SPELL",
    "name": "大地迷城",
    "description": "向群山呼唤，从大地深处升起一座迷宫。这个古代法术的发明本意是制造某种公平决斗场所用以解决法师之间的私人纠纷，但现代的施法者们显然无甚荣誉可言。",
    "valid_targets": [ "ground" ],
    "effect": "ter_transform",
    "effect_str": "earth_arena_pillar",
    "extra_effects": [ { "id": "earthshaper_arena_side_effect" } ],
    "flags": [ "SOMATIC", "LOUD" ],
    "spell_class": "EARTHSHAPER",
    "energy_source": "MANA",
    "difficulty": 3,
    "base_casting_time": 1000, "final_casting_time": 300, "casting_time_increment": -35,
    "base_energy_cost": 500, "final_energy_cost": 1500, "energy_increment": 50,
    "max_level": 20,
    "min_aoe": 5, "max_aoe": 15, "aoe_increment": 0.5,
    "min_range": 3, "max_range": 10, "range_increment": 0.35,
    "learn_spells": { "create_rune_hills_core": 15 }
  },
  {
    "id": "earthshaper_arena_side_effect",
    "type": "SPELL",
    "name": "大地迷城·内部迷宫",
    "description": "只是大地迷城的附属法术",
    "valid_targets": [ "ground" ],
    "effect": "ter_transform",
    "effect_str": "earth_arena_pillar",
    "flags": [ "SOMATIC", "LOUD" ],
    "spell_class": "EARTHSHAPER",
    "energy_source": "MANA",
    "difficulty": 3,
    "max_level": 20,
    "min_damage": 2, "max_damage": 2,
    "min_aoe": 4, "max_aoe": 14, "aoe_increment": 0.5,
    "min_range": 3, "max_range": 10, "range_increment": 0.35
  },
  {
    "id": "earthshaper_wall_of_mud",
    "type": "SPELL",
    "name": "沙尘暴",
    "description": "掀起一道沙尘云墙，它能遮挡视野并使误入其中的家伙暂时失明。",
    "valid_targets": [ "hostile", "ground", "ally" ],
    "effect": "line_attack",
    "flags": [ "SOMATIC", "NO_LEGS" ],
    "energy_source": "MANA",
    "spell_class": "EARTHSHAPER",
    "difficulty": 8, "max_level": 25,
    "base_casting_time": 125, "base_energy_cost": 500,
    "min_aoe": 5, "max_aoe": 40, "aoe_increment": 1.4,
    "min_range": 1, "max_range": 1,
    "field_id": "fd_earthwall", "field_chance": 1, "min_field_intensity": 3, "max_field_intensity": 3
  },
  {
    "id": "stonefist",
    "type": "SPELL",
    "name": "Stonefist",
    "description": "Encases your arms and hands in a sheath of magical stone, you can punch and defend yourself with it in melee combat.",
    "valid_targets": [ "self" ],
    "flags": [ "SOMATIC", "LOUD" ],
    "min_damage": 1,
    "max_damage": 1,
    "effect": "spawn_item",
    "effect_str": "stonefist",
    "spell_class": "EARTHSHAPER",
    "energy_source": "MANA",
    "difficulty": 2,
    "max_level": 20,
    "base_casting_time": 200,
    "base_energy_cost": 100,
    "min_duration": 10000,
    "max_duration": 100000,
    "duration_increment": 2000,
    "learn_spells": { "earthshaper_stoneskin_greater": 19 }
  },
  {
    "id": "earthshaper_stoneskin_greater",
    "type": "SPELL",
    "name": "不动如山",
    "description": "群山庇佑，巍然不动，拳法合一，塑地者流派近战法师的终极浪漫。“魔法岂是如此不便之物。”",
    "valid_targets": [ "self" ],
    "effect": "spawn_item",
    "effect_str": "aura_stoneskin_greater",
    "flags": [ "SOMATIC", "LOUD" ],
    "spell_class": "EARTHSHAPER",
    "energy_source": "MANA",
    "difficulty": 12,
    "base_casting_time": 200,
    "base_energy_cost": 500, "final_energy_cost": 800, "energy_increment": 15,
    "max_level": 20,
    "min_damage": 1, "max_damage": 1,
    "min_duration": 10000, "max_duration": 100000, "duration_increment": 2000,
    "extra_effects": [ { "id": "stonefist" } ],
    "learn_spells": { "create_rune_hills_core": 19 }
  },
  {
    "id": "seismic_stomp",
    "type": "SPELL",
    "name": "Seismic Stomp",
    "description": "Focusing mana into your leg, you stomp your foot and send out a shockwave, knocking enemies around you onto the ground.",
    "effect": "target_attack",
    "effect_str": "downed",
    "valid_targets": [ "hostile", "ground", "none" ],
    "flags": [ "SOMATIC", "LOUD" ],
    "max_level": 15,
    "min_damage": 2,
    "max_damage": 10,
    "damage_increment": 0.8,
    "min_aoe": 3,
    "max_aoe": 12,
    "aoe_increment": 1,
    "min_duration": 1000,
    "max_duration": 6000,
    "duration_increment": 500,
    "spell_class": "EARTHSHAPER",
    "base_casting_time": 100,
    "base_energy_cost": 250,
    "energy_source": "MANA",
    "difficulty": 2,
    "damage_type": "bash",
    "learn_spells": { "eshaper_shardspray": 14 }
  },
  {
    "id": "recover_stamina",
    "type": "SPELL",
    "name": "Stone's Endurance",
    "description": "You focus on the stones beneath you and draw from their agelessness.  Your mana is converted to stamina.",
    "effect": "recover_energy",
    "effect_str": "STAMINA",
    "valid_targets": [ "self" ],
    "flags": [ "NO_HANDS", "CONCENTRATE", "SILENT" ],
    "min_damage": 1500,
    "max_damage": 10000,
    "damage_increment": 750,
    "max_level": 12,
    "spell_class": "EARTHSHAPER",
    "base_casting_time": 500,
    "final_casting_time": 300,
    "casting_time_increment": -17,
    "energy_source": "MANA",
    "base_energy_cost": 150,
    "energy_increment": 75,
    "final_energy_cost": 1000,
    "difficulty": 5
  },
  {
    "id": "eshaper_shardspray",
    "type": "SPELL",
    "name": "Shardspray",
    "description": "This spell projects a wide spray of sharp metal shards, cutting into your foes and friends alike.",
    "valid_targets": [ "hostile", "ground", "ally" ],
    "flags": [ "SOMATIC", "LOUD" ],
    "effect": "cone_attack",
    "spell_class": "EARTHSHAPER",
    "energy_source": "MANA",
    "difficulty": 3,
    "base_casting_time": 100,
    "base_energy_cost": 100,
    "max_level": 20,
    "min_damage": 10,
    "max_damage": 60,
    "damage_increment": 2,
    "damage_type": "cut",
    "min_aoe": 25,
    "max_aoe": 60,
    "aoe_increment": 5,
    "min_range": 1,
    "max_range": 10,
    "range_increment": 0.5,
    "learn_spells": { "eshaper_shardstorm": 15 }
  },
  {
    "id": "eshaper_piercing_bolt",
    "type": "SPELL",
    "name": "Piercing Bolt",
    "description": "This spell projects a piercing rod of conjured iron at those that dare oppose you.",
    "valid_targets": [ "hostile" ],
    "flags": [ "SOMATIC", "LOUD" ],
    "effect": "projectile_attack",
    "spell_class": "EARTHSHAPER",
    "energy_source": "MANA",
    "base_casting_time": 100,
    "base_energy_cost": 115,
    "difficulty": 2,
    "max_level": 20,
    "min_damage": 20,
    "max_damage": 50,
    "damage_increment": 3,
    "damage_type": "stab",
    "min_range": 8,
    "max_range": 26,
    "range_increment": 1.5,
    "learn_spells": { "summon_stone_totem": 19 }
  },
  {
    "id": "eshaper_shardstorm",
    "type": "SPELL",
    "name": "Shardstorm",
    "description": "Creates an omnidirectional spray of razor sharp metal shards all around you.",
    "valid_targets": [ "hostile", "ally", "ground" ],
    "flags": [ "SOMATIC", "LOUD" ],
    "min_damage": 20,
    "max_damage": 60,
    "damage_increment": 1.5,
    "damage_type": "cut",
    "min_aoe": 1,
    "max_aoe": 6,
    "aoe_increment": 0.25,
    "base_energy_cost": 200,
    "spell_class": "EARTHSHAPER",
    "difficulty": 4,
    "max_level": 20,
    "base_casting_time": 100,
    "energy_source": "MANA",
    "effect": "target_attack",
    "learn_spells": { "lava_bomb_main": 19 }
  },
  {
    "id": "eshaper_rockbolt",
    "type": "SPELL",
    "name": "Rockbolt",
    "description": "Fires a conjured stone projectile at high velocity.",
    "valid_targets": [ "hostile", "ally" ],
    "flags": [ "SOMATIC", "LOUD" ],
    "min_damage": 5,
    "damage_increment": 1.5,
    "damage_type": "bash",
    "max_damage": 26,
    "min_range": 5,
    "range_increment": 0.5,
    "max_range": 15,
    "base_energy_cost": 50,
    "spell_class": "EARTHSHAPER",
    "difficulty": 1,
    "max_level": 20,
    "base_casting_time": 100,
    "energy_source": "MANA",
    "effect": "projectile_attack",
    "learn_spells": { "eshaper_piercing_bolt": 19 }
  },
  {
    "id": "move_earth",
    "type": "SPELL",
    "name": "Move Earth",
    "description": "Your essense flows around you, and the earth follows.",
    "valid_targets": [ "hostile", "ally", "ground", "self" ],
    "flags": [ "SOMATIC", "LOUD" ],
    "min_aoe": 1,
    "max_aoe": 2,
    "min_damage": 100,
    "max_damage": 1,
    "damage_increment": -5,
    "aoe_increment": 0.25,
    "base_energy_cost": 200,
    "spell_class": "EARTHSHAPER",
    "difficulty": 4,
    "max_level": 20,
    "min_range": 5,
    "max_range": 5,
    "base_casting_time": 100,
    "energy_source": "MANA",
    "effect": "ter_transform",
    "effect_str": "move_earth",
    "learn_spells": { "earthshaper_mud_pool": 15, "earthshaper_earth_flat": 19 }
  },
  {
    "id": "create_rune_earthshaper",
    "type": "SPELL",
    "name": "Earthshaper Rune",
    "description": "This ritual creates a small pebble attuned to Earthshapers.  You can use the rune as a catalyst for recipes.",
    "valid_targets": [ "self" ],
    "min_damage": 1,
    "max_damage": 1,
    "effect": "spawn_item",
    "effect_str": "rune_earthshaper",
    "base_casting_time": 5000,
    "base_energy_cost": 5,
    "min_duration": 1,
    "max_duration": 2,
    "duration_increment": 1,
    "difficulty": 0,
    "max_level": 1,
    "spell_class": "EARTHSHAPER",
    "energy_source": "MANA",
    "flags": [ "PERMANENT", "NO_LEGS", "CONCENTRATE" ]
  },
  {
    "id": "lava_bomb_shrapnel",
    "type": "SPELL",
    "name": "Lava Bomb Shrapnel",
    "description": "This is a sub spell for the Lava Bomb spell.",
    "effect": "projectile_attack",
    "valid_targets": [ "hostile", "ally", "self", "ground" ],
    "damage_type": "cut",
    "max_level": 30,
    "min_damage": 5,
    "max_damage": 65,
    "damage_increment": 2,
    "min_aoe": 1,
    "max_aoe": 3,
    "aoe_increment": 0.1
  },
  {
    "id": "lava_bomb_heat",
    "type": "SPELL",
    "name": "Lava Bomb Heat",
    "description": "This is a sub spell for the Lava Bomb spell.",
    "effect": "projectile_attack",
    "valid_targets": [ "hostile", "ally", "self", "ground" ],
    "damage_type": "fire",
    "max_level": 30,
    "min_damage": 10,
    "max_damage": 90,
    "damage_increment": 2.25,
    "min_aoe": 3,
    "max_aoe": 5,
    "aoe_increment": 0.1
  },
  {
    "id": "lava_bomb_ter",
    "type": "SPELL",
    "name": "Lava Bomb Terrain",
    "description": "This is a sub spell for the Lava Bomb spell.",
    "effect": "ter_transform",
    "effect_str": "lava_bomb",
    "max_level": 30,
    "min_aoe": 0,
    "max_aoe": 2,
    "aoe_increment": 0.15,
    "valid_targets": [ "hostile", "ally", "self", "ground" ]
  },
  {
    "id": "lava_bomb_main",
    "//": "The main part of the spell that causes all of the side effects.",
    "type": "SPELL",
    "name": "Lava Bomb",
    "description": "You tear up the ground beneath you to fire a lava bomb: a globe of lava surrounded by hot, solid rock.  It shatters upon impact, spraying shards of rock and lava everywhere.",
    "effect": "projectile_attack",
    "valid_targets": [ "hostile", "ground", "ally" ],
    "damage_type": "bash",
    "max_level": 30,
    "difficulty": 12,
    "min_damage": 20,
    "max_damage": 140,
    "damage_increment": 4,
    "min_range": 6,
    "max_range": 10,
    "range_increment": 0.2,
    "base_casting_time": 350,
    "base_energy_cost": 1000,
    "energy_source": "MANA",
    "flags": [ "VERBAL", "SOMATIC", "LOUD" ],
    "extra_effects": [ { "id": "lava_bomb_shrapnel" }, { "id": "lava_bomb_heat" }, { "id": "lava_bomb_ter" } ],
    "learn_spells": { "create_rune_hills_core": 20, "Kl_entropyfire_transdoor": 25, "magus_star_fall": 29 }
  },
  {
    "id": "clairvoyance",
    "type": "SPELL",
    "name": "Clairvoyance",
    "description": "You close your eyes and the earth surrenders its secrets to you.",
    "effect": "target_attack",
    "valid_targets": [ "ally", "hostile", "ground" ],
    "flags": [ "SOMATIC", "VERBAL", "IGNORE_WALLS" ],
    "max_level": 20,
    "min_aoe": 4,
    "max_aoe": 13,
    "aoe_increment": 0.5,
    "spell_class": "EARTHSHAPER",
    "base_casting_time": 350,
    "base_energy_cost": 750,
    "energy_source": "MANA",
    "difficulty": 4,
    "field_id": "fd_clairvoyant",
    "min_field_intensity": 1,
    "max_field_intensity": 1,
    "learn_spells": { "earth_eye": 15 }
  },
  {
    "id": "earth_eye",
    "type": "SPELL",
    "name": "大地之眼",
    "description": "闭目冥思，沿着大地脉动探明所处区域的形貌。探查范围随着法术等级上升而扩大，所需冥思时间和魔力消耗也显著增加。",
    "effect": "map",
    "valid_targets": [ "self" ],
    "flags": [ "SOMATIC", "SILENT", "NO_HANDS", "NO_LEGS", "CONCENTRATE" ],
    "max_level": 30,
    "min_aoe": 4, "max_aoe": 16, "aoe_increment": 0.4,
    "spell_class": "EARTHSHAPER",
    "base_casting_time": 30000, "casting_time_increment": 23000, "final_casting_time": 720000,
    "base_energy_cost": 300, "final_energy_cost": 600, "energy_increment": 10,
    "energy_source": "MANA",
    "difficulty": 10,
    "learn_spells": { "create_rune_hills_core": 25 }
  },
  {
    "id": "earthshaper_stoneskin",
    "type": "SPELL",
    "name": "Stoneskin",
    "description": "Envelops your entire body in armor formed from living rock, encumbering yet protective.",
    "valid_targets": [ "self" ],
    "effect": "spawn_item",
    "effect_str": "aura_stoneskin",
    "flags": [ "SOMATIC", "LOUD" ],
    "spell_class": "EARTHSHAPER",
    "energy_source": "MANA",
    "difficulty": 4,
    "base_casting_time": 200,
    "base_energy_cost": 200,
    "max_level": 20,
    "min_damage": 1,
    "max_damage": 1,
    "min_duration": 10000,
    "max_duration": 100000,
    "duration_increment": 2000,
    "learn_spells": { "stonefist": 15 }
  },
  {
    "id": "earthshaper_pillar",
    "type": "SPELL",
    "name": "Pillar of Stone",
    "description": "Drawing upon the surrounding earth, you form a pillar of solid rock.  Experience will make the task easier, and less disruptive to the surrounding area.",
    "valid_targets": [ "ground" ],
    "effect": "ter_transform",
    "effect_str": "earthshaper_pillar",
    "extra_effects": [ { "id": "earthshaper_pillar_side_effect" } ],
    "flags": [ "SOMATIC", "LOUD" ],
    "spell_class": "EARTHSHAPER",
    "energy_source": "MANA",
    "difficulty": 3,
    "base_casting_time": 36000,
    "final_casting_time": 6000,
    "casting_time_increment": -2000,
    "base_energy_cost": 500,
    "max_level": 15,
    "min_range": 3,
    "max_range": 6,
    "range_increment": 0.3,
    "learn_spells": { "earthshaper_arena": 14 }
  },
  {
    "id": "earthshaper_pillar_side_effect",
    "type": "SPELL",
    "name": "Pillar Side Effect",
    "description": "Bash effect that follows, levels reduce damage and AoE.",
    "valid_targets": [ "ground" ],
    "effect": "bash",
    "flags": [ "IGNORE_WALLS", "SILENT" ],
    "max_level": 10,
    "min_damage": 80,
    "max_damage": 20,
    "damage_increment": -6,
    "min_aoe": 6,
    "max_aoe": 1,
    "aoe_increment": -0.5
  }
]
