[
  {
    "id": "conj_throwing_blade2",
    "type": "SPELL",
    "name": "召唤元素飞刃",
    "description": "只是虹彩飞刃戒指的附带法术",
    "valid_targets": [ "self" ],
    "effect": "spawn_item",
    "effect_str": "invisforce_field",
    "message": "你激活戒指，戒指产生投刃力场，还有五枚元素飞刃。",
    "spell_class": "NONE",
    "max_level": 1,
    "min_damage": 1,
    "max_damage": 1,
    "min_duration": 6000,
    "max_duration": 6000,
    "base_casting_time": 20,
    "extra_effects": [ { "id": "summon_element_blades" }, { "id": "summon_element_blades" }, { "id": "summon_element_blades" }, { "id": "summon_element_blades" }, { "id": "summon_element_blades" } ]
  },
  {
    "type": "SPELL",
    "id": "summon_element_blades",
    "name": "元素飞刃随机召唤",
    "description": "只是召唤元素飞刃的附属法术”",
    "valid_targets": [ "self" ],
    "effect": "none",
    "spell_class": "NONE",
    "base_casting_time": 20,
    "max_level": 1,
    "flags": [ "WONDER" ],
    "min_damage": 1,
    "max_damage": 1,
    "extra_effects": [
      { "id": "summon_element_blade_elec" },
      { "id": "summon_element_blade_fire" },
      { "id": "summon_element_blade_acid" },
      { "id": "summon_element_blade_smoke" },
      { "id": "summon_element_blade_shock" }
     ]
  },
  {
    "id": "summon_element_blade_elec",
    "type": "SPELL",
    "name": "召唤元素飞刃·风暴",
    "description": "只是元素飞刃随机召唤的附属法术",
    "valid_targets": [ "self" ],
    "effect": "spawn_item",
    "effect_str": "element_blade_elec",
    "spell_class": "NONE",
    "max_level": 1,
    "min_damage": 1,
    "max_damage": 1,
    "min_duration": 6000,
    "max_duration": 6000,
    "base_casting_time": 20
  },
  {
    "id": "summon_element_blade_fire",
    "type": "SPELL",
    "name": "召唤元素飞刃·灼烧",
    "description": "只是元素飞刃随机召唤的附属法术",
    "valid_targets": [ "self" ],
    "effect": "spawn_item",
    "effect_str": "element_blade_fire",
    "spell_class": "NONE",
    "max_level": 1,
    "min_damage": 1,
    "max_damage": 1,
    "min_duration": 6000,
    "max_duration": 6000,
    "base_casting_time": 20
  },
  {
    "id": "summon_element_blade_acid",
    "type": "SPELL",
    "name": "召唤元素飞刃·酸蚀",
    "description": "只是元素飞刃随机召唤的附属法术",
    "valid_targets": [ "self" ],
    "effect": "spawn_item",
    "effect_str": "element_blade_acid",
    "spell_class": "NONE",
    "max_level": 1,
    "min_damage": 1,
    "max_damage": 1,
    "min_duration": 6000,
    "max_duration": 6000,
    "base_casting_time": 20
  },
  {
    "id": "summon_element_blade_smoke",
    "type": "SPELL",
    "name": "召唤元素飞刃·云雾",
    "description": "只是元素飞刃随机召唤的附属法术",
    "valid_targets": [ "self" ],
    "effect": "spawn_item",
    "effect_str": "element_blade_smoke",
    "spell_class": "NONE",
    "max_level": 1,
    "min_damage": 1,
    "max_damage": 1,
    "min_duration": 6000,
    "max_duration": 6000,
    "base_casting_time": 20
  },
  {
    "id": "summon_element_blade_shock",
    "type": "SPELL",
    "name": "召唤元素飞刃·震爆",
    "description": "只是元素飞刃随机召唤的附属法术",
    "valid_targets": [ "self" ],
    "effect": "spawn_item",
    "effect_str": "element_blade_shock",
    "spell_class": "NONE",
    "max_level": 1,
    "min_damage": 1,
    "max_damage": 1,
    "min_duration": 6000,
    "max_duration": 6000,
    "base_casting_time": 20
  },
  {
    "id": "twisted_restore",
    "type": "SPELL",
    "name": "Twisted Restoration",
    "//": "Used for potion of Twisted Restoration, not castable",
    "description": "This spell overclocks your heart, generating new flesh and muscle.  It is unwise to use this in immediate danger, and may be fatal if done in critical condition.",
    "valid_targets": [ "self" ],
    "flags": [ "SILENT", "NO_LEGS", "NO_HANDS" ],
    "max_level": 1,
    "min_damage": 10,
    "max_damage": 10,
    "damage_increment": 0,
    "damage_type": "bio",
    "difficulty": 0,
    "spell_class": "NONE",
    "effect": "target_attack",
    "energy_source": "HP",
    "base_casting_time": 30000,
    "base_energy_cost": 2,
    "extra_effects": [
      { "id": "light_healing" },
      { "id": "pain_damage" },
      { "id": "pain_damage" },
      { "id": "stamina_damage" },
      { "id": "stamina_damage" },
      { "id": "stamina_damage" }
    ]
  },
  {
    "id": "twisted_restore_improved",
    "type": "SPELL",
    "name": "Improved Twisted Restoration",
    "//": "Used for Animist-exclusive potion, not castable",
    "description": "This spell overclocks your heart, generating new flesh and muscle.  It is unwise to use this in immediate danger, and may be fatal if done in critical condition.  Improved brewing mitigates the strain of the spell.",
    "valid_targets": [ "self" ],
    "flags": [ "SILENT", "NO_LEGS", "NO_HANDS" ],
    "max_level": 1,
    "min_damage": 8,
    "max_damage": 8,
    "damage_increment": 0,
    "damage_type": "bio",
    "difficulty": 0,
    "spell_class": "NONE",
    "effect": "target_attack",
    "energy_source": "HP",
    "base_casting_time": 12000,
    "base_energy_cost": 2,
    "extra_effects": [ { "id": "light_healing" }, { "id": "pain_damage" }, { "id": "stamina_damage" }, { "id": "stamina_damage" } ]
  },
  {
    "id": "conj_throwing_blade1",
    "type": "SPELL",
    "name": "Conjure Throwing Blade I",
    "description": "conjures 3 throwing knives",
    "valid_targets": [ "self" ],
    "effect": "spawn_item",
    "effect_str": "throwing_knife",
    "message": "You activate your ring and three throwing knives appear, ready to throw!",
    "spell_class": "NONE",
    "max_level": 1,
    "min_damage": 3,
    "max_damage": 3,
    "min_duration": 1500,
    "max_duration": 1500,
    "base_casting_time": 20
  }
]
