[
  {
    "id": "moon_water_pro_body",
    "type": "SPELL",
    "name": "水幕天华",
    "description": "基于【奥术洪流】法术模型设计的水元素干扰护盾，借助月力在护盾表面引发微型潮汐从而制造大量高速湍流，这使它在防护方面看上去比火盾更靠谱。护盾反馈机制激发的潮汐水刃能对敌人造成附带寒气的斩击伤害。",
    "valid_targets": [ "self" ],
    "flags": [ "VERBAL", "SOMATIC" ],
    "effect": "spawn_item",
    "effect_str": "moon_water_pro",
    "spell_class": "KELVINIST",
    "energy_source": "MANA",
    "difficulty": 10,
    "base_casting_time": 200,
    "base_energy_cost": 400,
    "max_level": 30,
    "min_duration": 10000,
    "max_duration": 40000,
    "duration_increment": 1000
  },
  {
    "id": "sun_fire_pro_body",
    "type": "SPELL",
    "name": "阳炎护身",
    "description": "基于【奥术洪流】法术模型设计的火元素干扰护盾，令人惊讶的是它并不能防火。借助星力从太阳表层引来的日冕火光异常躁动，让这款法术护盾颇具攻击性。",
    "valid_targets": [ "self" ],
    "flags": [ "VERBAL", "SOMATIC" ],
    "effect": "spawn_item",
    "effect_str": "sun_fire_pro",
    "spell_class": "KELVINIST",
    "energy_source": "MANA",
    "difficulty": 10,
    "base_casting_time": 200,
    "base_energy_cost": 400,
    "max_level": 30,
    "min_duration": 10000,
    "max_duration": 40000,
    "duration_increment": 1000
  },
  {
    "id": "create_rune_entropy",
    "type": "SPELL",
    "name": "熵域行者符文",
    "description": "在本年度温塔应届人才市场上婉拒了几位元素长老的内推offer，你觉得自己应该去熵域创业。这枚符文可用来制造高阶魔法物品。",
    "valid_targets": [ "self" ],
    "min_damage": 1,
    "max_damage": 1,
    "effect": "spawn_item",
    "effect_str": "rune_entropy",
    "base_casting_time": 500000,
    "base_energy_cost": 1000,
    "min_duration": 1,
    "max_duration": 2,
    "duration_increment": 1,
    "difficulty": 10,
    "max_level": 1,
    "spell_class": "KELVINIST",
    "energy_source": "MANA",
    "flags": [ "SOMATIC", "LOUD", "PERMANENT", "NO_LEGS", "CONCENTRATE" ]
  },
  {
    "id": "Kl_Frost_sequence",
    "type": "SPELL",
    "name": "霜寒序列",
    "description": "世纪辩论不欢而散，勋爵用一发特化法术序列在对手钻进传送门前冻碎了他的长袍和底裤，呃，以胡子为代价。“在场众人裆下发寒。”",
    "valid_targets": [ "hostile", "ground" ],
    "flags": [ "CONCENTRATE", "SOMATIC", "LOUD", "VERBAL" ],
    "effect": "target_attack",
    "effect_str": "Kl_Absolute_zero",
    "damage_type": "cold",
    "min_damage": 40, "max_damage": 100, "damage_increment": 2,
    "min_range": 3, "max_range": 18, "range_increment": 0.5,
    "base_casting_time": 700, "final_casting_time": 400, "casting_time_increment": -10,
    "base_energy_cost": 800, "final_energy_cost": 650, "energy_increment": -5,
    "min_duration": 300, "max_duration": 1500, "duration_increment": 40,
    "max_level": 30,
    "difficulty": 18,
    "spell_class": "KELVINIST",
    "energy_source": "MANA",
    "extra_effects": [ { "id": "Kl_Frost_sequence_coldcone" }, { "id": "Kl_Frost_sequence_frostspray" }, { "id": "Kl_Frost_sequence_hoaryblast" } ],
    "learn_spells": { "create_rune_entropy": 10 }
  },
  {
    "id": "Kl_Frost_sequence_coldcone",
    "type": "SPELL",
    "name": "霜寒序列·射线",
    "description": "You blast a cone of frigid air toward the target.",
    "effect": "cone_attack",
    "valid_targets": [ "ally", "hostile", "ground" ],
    "flags": [ "SOMATIC", "VERBAL" ],
    "max_level": 30,
    "min_damage": 10, "max_damage": 70, "damage_increment": 2,
    "min_aoe": 2, "max_aoe": 2,
    "min_range": 3, "max_range": 18, "range_increment": 0.5,
    "spell_class": "KELVINIST",
    "base_casting_time": 100,
    "difficulty": 4,
    "field_id": "fd_cold_air4",
    "field_chance": 1,
    "min_field_intensity": 2, "max_field_intensity": 3,
    "field_intensity_increment": 0.1, "field_intensity_variance": 0.5,
    "damage_type": "cold"
  },
  {
    "id": "Kl_Frost_sequence_frostspray",
    "type": "SPELL",
    "name": "霜寒序列·喷吐",
    "description": "只是霜寒序列的附属法术。",
    "effect": "cone_attack",
    "valid_targets": [ "hostile", "ground" ],
    "flags": [ "SOMATIC", "VERBAL" ],
    "max_level": 30,
    "min_damage": 5, "max_damage": 65, "damage_increment": 2,
    "min_range": 3, "max_range": 18, "range_increment": 0.5,
    "min_aoe": 20, "max_aoe": 50, "aoe_increment": 1,
    "spell_class": "KELVINIST",
    "base_casting_time": 100,
    "difficulty": 2,
    "damage_type": "cold",
    "field_id": "fd_cold_air4",
    "field_chance": 1,
    "min_field_intensity": 2, "max_field_intensity": 2,
    "field_intensity_increment": 0.1, "field_intensity_variance": 0.5
  },
  {
    "id": "Kl_Frost_sequence_hoaryblast",
    "type": "SPELL",
    "name": "霜寒序列·冰爆",
    "description": "只是霜寒序列的附属法术。",
    "effect": "projectile_attack",
    "valid_targets": [ "self", "ally", "hostile", "ground" ],
    "flags": [ "SOMATIC", "VERBAL", "NO_LEGS" ],
    "max_level": 30,
    "min_damage": 30, "max_damage": 150, "damage_increment": 4,
    "min_aoe": 1, "max_aoe": 4, "aoe_increment": 0.1,
    "min_range": 3, "max_range": 18, "range_increment": 0.5,
    "spell_class": "KELVINIST",
    "base_casting_time": 100,
    "difficulty": 4,
    "damage_type": "cold",
    "field_id": "fd_cold_Ds",
    "field_chance": 1,
    "min_field_intensity": 2, "max_field_intensity": 2,
    "field_intensity_increment": 0.1, "field_intensity_variance": 0.5
  },
  {
    "id": "Ds_Pyroblast_chain",
    "type": "SPELL",
    "name": "炎爆连锁",
    "description": "世纪辩论不欢而散，那位旅法师用这招烧了勋爵的胡子，打开传送门拂袖而去。“塔主没料到第五枚火球。”",
    "valid_targets": [ "hostile" ],
    "flags": [ "CONCENTRATE", "SOMATIC", "LOUD" ],
    "effect": "projectile_attack",
    "damage_type": "fire",
    "min_damage": 20, "damage_increment": 2, "max_damage": 80,
    "min_range": 6, "range_increment": 0.4, "max_range": 18,
    "base_energy_cost": 500, "final_energy_cost": 350, "energy_increment": -5,
    "spell_class": "KELVINIST",
    "difficulty": 18,
    "max_level": 30,
    "base_casting_time": 1500, "final_casting_time": 900, "casting_time_increment": -20,
    "energy_source": "MANA",
    "extra_effects": [ { "id": "Ds_Pyroblast_chain_flare" }, { "id": "Ds_Pyroblast_chain_flare" }, { "id": "Ds_Pyroblast_chain_flare" }, { "id": "Ds_Pyroblast_chain_fireball" } ],
    "learn_spells": { "create_rune_entropy": 10 }
  },
  {
    "id": "Ds_Pyroblast_chain_flare",
    "type": "SPELL",
    "name": "炎爆连锁·炎爆",
    "description": "只是炎爆连锁的附属法术。",
    "valid_targets": [ "hostile" ],
    "flags": [ "CONCENTRATE", "SOMATIC", "LOUD" ],
    "effect": "projectile_attack",
    "damage_type": "fire",
    "min_damage": 20, "damage_increment": 2, "max_damage": 80,
    "min_range": 6, "range_increment": 0.4, "max_range": 18,
    "spell_class": "KELVINIST",
    "difficulty": 18,
    "max_level": 30,
    "base_casting_time": 100
  },
  {
    "id": "Ds_Pyroblast_chain_fireball",
    "type": "SPELL",
    "name": "炎爆连锁·火球",
    "description": "只是炎爆连锁的附属法术。",
    "valid_targets": [ "hostile", "ground" ],
    "flags": [ "CONCENTRATE", "SOMATIC", "LOUD" ],
    "effect": "projectile_attack",
    "damage_type": "fire",
    "min_damage": 20, "damage_increment": 2, "max_damage": 80,
    "min_aoe": 2, "max_aoe": 5, "aoe_increment": 0.1,
    "min_range": 6, "range_increment": 0.4, "max_range": 18,
    "spell_class": "KELVINIST",
    "difficulty": 18,
    "max_level": 30,
    "base_casting_time": 100,
    "field_id": "fd_fire", "field_chance": 1,
    "min_field_intensity": 1, "max_field_intensity": 3,
    "field_intensity_increment": 0.1, "field_intensity_variance": 0.5
  },
  {
    "id": "Kl_entropyfire_transdoor",
    "type": "SPELL",
    "name": "开尔文的便携火山",
    "description": "上世纪末某位旅法师踏足本位面，与彼时的温塔之主开尔文勋爵展开一场著名论辩，便携火山是论辩中演示的法术之一。法术并非召出熔岩火山，而是打开一道存在时限较短的传送门引来虚空熵火。和通用学派的临时传送门一样，施法前需要先往地上丢一枚空间道标或者植物种子，在其锚定空地上召唤出熵火之门，否则传送门在你离开后就会立刻消失。",
    "valid_targets": [ "ground" ],
    "effect": "ter_transform",
    "effect_str": "Kl_enf_door",
    "flags": [ "SOMATIC" ],
    "energy_source": "MANA",
    "difficulty": 12,
    "base_casting_time": 3000, "final_casting_time": 500, "casting_time_increment": -125,
    "base_energy_cost": 900, "final_energy_cost": 600, "energy_increment": -15,
    "max_level": 20,
    "min_range": 5, "max_range": 10, "range_increment": 0.25,
    "extra_effects": [ { "id": "Kl_entropyfire_transdoor_side_effect" } ],
    "learn_spells": { "Ds_Pyroblast_chain": 15, "create_rune_entropy": 19 }
  },
  {
    "id": "Kl_entropyfire_transdoor_side_effect",
    "type": "SPELL",
    "name": "开尔文的便携火山·纸条",
    "description": "只是便携火山的附属法术。",
    "valid_targets": [ "none" ],
    "flags": [ "PERMANENT", "NO_LEGS" ],
    "effect": "spawn_item", "effect_str": "Kl_dirtywords_note2",
    "min_damage": 1, "max_damage": 1,
    "min_duration": 1, "max_duration": 2, "duration_increment": 1,
    "max_level": 1, "spell_class": "KELVINIST", "base_casting_time": 100, "difficulty": 1
  },
  {
    "id": "Ds_coldjail",
    "type": "SPELL",
    "name": "达松的淬冷牢笼",
    "description": "上世纪末某位旅法师踏足本位面，与彼时的温塔之主开尔文勋爵展开一场著名论辩，淬冷牢笼是论辩中演示的法术之一。法术原理大致是制造一座手掌大小的微型传送门，从异界引来“凉爽微风”（演示者原话）。",
    "valid_targets": [ "none" ],
    "flags": [ "PERMANENT", "NO_LEGS" ],
    "effect": "spawn_item",
    "effect_str": "morb_coldjail",
    "min_damage": 1,
    "max_damage": 1,
    "min_duration": 1,
    "max_duration": 2,
    "duration_increment": 1,
    "max_level": 1,
    "spell_class": "KELVINIST",
    "energy_source": "MANA",
    "base_casting_time": 3000,
    "base_energy_cost": 800,
    "min_range": 10, "max_range": 10,
    "difficulty": 12
  },
  {
    "id": "Kl_coldnessorb",
    "type": "SPELL",
    "name": "开尔文的冷凝石",
    "description": "上世纪末某位旅法师踏足本位面，与彼时的温塔之主开尔文勋爵展开一场著名论辩，该法术即为论辩产物之一。“具体来说是两位传奇互喷了一天一夜，其间夹杂的伦敦阴阳语、异界垃圾话以及数个法术演示令年轻法师们叹为观止。”——《决战热力之巅》",
    "valid_targets": [ "none" ],
    "flags": [ "PERMANENT", "NO_LEGS" ],
    "effect": "spawn_item",
    "effect_str": "morb_coldness",
    "min_damage": 1,
    "max_damage": 1,
    "min_duration": 1,
    "max_duration": 2,
    "duration_increment": 1,
    "max_level": 1,
    "spell_class": "KELVINIST",
    "energy_source": "MANA",
    "base_casting_time": 3000,
    "base_energy_cost": 600,
    "difficulty": 10
  },
  {
    "id": "Ds_warmthorb",
    "type": "SPELL",
    "name": "达松的热情法球",
    "description": "上世纪末某位旅法师踏足本位面，与彼时的温塔之主开尔文勋爵展开一场著名论辩，该法术即为论辩产物之一。“具体来说是两位传奇互喷了一天一夜，其间夹杂的伦敦阴阳语、异界垃圾话以及数个法术演示令年轻法师们叹为观止。”——《决战热力之巅》",
    "valid_targets": [ "none" ],
    "flags": [ "PERMANENT", "NO_LEGS" ],
    "effect": "spawn_item",
    "effect_str": "morb_warmth",
    "min_damage": 1,
    "max_damage": 1,
    "min_duration": 1,
    "max_duration": 2,
    "duration_increment": 1,
    "max_level": 1,
    "spell_class": "KELVINIST",
    "energy_source": "MANA",
    "base_casting_time": 3000,
    "base_energy_cost": 600,
    "difficulty": 10
  },
  {
    "id": "point_flare",
    "type": "SPELL",
    "name": "Point Flare",
    "description": "Causes an intense heat at the location, damaging the target.",
    "valid_targets": [ "hostile" ],
    "flags": [ "CONCENTRATE", "SOMATIC", "LOUD" ],
    "effect": "target_attack",
    "damage_type": "fire",
    "min_damage": 20,
    "damage_increment": 3,
    "max_damage": 80,
    "min_range": 3,
    "range_increment": 0.4,
    "max_range": 11,
    "base_energy_cost": 75,
    "spell_class": "KELVINIST",
    "difficulty": 4,
    "max_level": 20,
    "base_casting_time": 300,
    "energy_source": "MANA",
    "learn_spells": { "animist_holy_fire": 15, "Kl_entropyfire_transdoor": 19 }
  },
  {
    "id": "create_lighter",
    "type": "SPELL",
    "name": "Finger Firelighter",
    "description": "Summons a small flame that does not burn you, but you can use it to light things on fire.  It seems to need you to have some intent to light things on fire, because you are able to put it in your pocket with no issue.",
    "valid_targets": [ "none" ],
    "flags": [ "NO_LEGS" ],
    "effect": "spawn_item",
    "effect_str": "finger_firelighter",
    "min_damage": 1,
    "max_damage": 1,
    "min_duration": 6000,
    "max_duration": 60000,
    "duration_increment": 5400,
    "max_level": 10,
    "spell_class": "KELVINIST",
    "energy_source": "MANA",
    "base_casting_time": 250,
    "final_casting_time": 50,
    "casting_time_increment": -20,
    "base_energy_cost": 65,
    "difficulty": 0
  },
  {
    "id": "ice_spike",
    "type": "SPELL",
    "name": "Ice Spike",
    "description": "Causes jagged icicles to form in the air above the target, falling and damaging it.",
    "valid_targets": [ "hostile" ],
    "flags": [ "CONCENTRATE", "SOMATIC", "LOUD", "VERBAL" ],
    "effect": "target_attack",
    "damage_type": "cold",
    "min_damage": 30,
    "max_damage": 100,
    "damage_increment": 3.5,
    "min_range": 4,
    "max_range": 12,
    "range_increment": 0.6,
    "max_level": 20,
    "difficulty": 6,
    "spell_class": "KELVINIST",
    "base_casting_time": 200,
    "energy_source": "MANA",
    "base_energy_cost": 100,
    "learn_spells": { "Kl_coldnessorb": 15, "cone_cold": 19 }
  },
  {
    "id": "fireball",
    "type": "SPELL",
    "name": "Fireball",
    "description": "You hurl a pea-sized glowing orb that when reaches its target or an obstacle produces a pressure-less blast of searing heat.",
    "effect": "projectile_attack",
    "valid_targets": [ "self", "ally", "hostile", "ground" ],
    "flags": [ "SOMATIC", "VERBAL", "NO_LEGS" ],
    "max_level": 20,
    "min_damage": 24,
    "max_damage": 68,
    "damage_increment": 1.2,
    "min_aoe": 3,
    "max_aoe": 5,
    "aoe_increment": 0.1,
    "min_range": 6,
    "max_range": 20,
    "range_increment": 1,
    "spell_class": "KELVINIST",
    "base_casting_time": 200,
    "base_energy_cost": 350,
    "energy_source": "MANA",
    "difficulty": 4,
    "damage_type": "fire",
    "learn_spells": { "point_flare": 15, "Ds_warmthorb": 19 }
  },
  {
    "id": "cone_cold",
    "type": "SPELL",
    "name": "Cone of Cold",
    "description": "You blast a cone of frigid air toward the target.",
    "effect": "cone_attack",
    "valid_targets": [ "ally", "hostile", "ground" ],
    "flags": [ "SOMATIC", "VERBAL" ],
    "max_level": 20,
    "min_damage": 24, "max_damage": 68, "damage_increment": 1.2,
    "min_aoe": 30, "max_aoe": 60, "aoe_increment": 1.4,
    "min_range": 6, "max_range": 20, "range_increment": 1,
    "spell_class": "KELVINIST",
    "base_casting_time": 200,
    "base_energy_cost": 350,
    "energy_source": "MANA",
    "difficulty": 4,
    "field_id": "fd_cold_air2",
    "min_field_intensity": 0,
    "max_field_intensity": 4,
    "field_intensity_increment": 0.5,
    "damage_type": "cold",
    "learn_spells": { "frost_spray": 15, "Ds_coldjail": 19 }
  },
  {
    "id": "burning_hands",
    "type": "SPELL",
    "name": "Burning Hands",
    "description": "You're pretty sure you saw this in a game somewhere.  You fire a short-range cone of fire.",
    "effect": "cone_attack",
    "valid_targets": [ "ally", "hostile", "ground" ],
    "flags": [ "SOMATIC", "VERBAL" ],
    "max_level": 20,
    "min_damage": 8,
    "max_damage": 65,
    "damage_increment": 4,
    "min_range": 3,
    "max_range": 5,
    "range_increment": 0.25,
    "min_aoe": 25,
    "max_aoe": 60,
    "aoe_increment": 5,
    "spell_class": "KELVINIST",
    "base_casting_time": 100,
    "base_energy_cost": 150,
    "energy_source": "MANA",
    "difficulty": 2,
    "damage_type": "fire",
    "learn_spells": { "create_morb_flaming": 12, "fireball": 15 }
  },
  {
    "id": "create_morb_flaming",
    "type": "SPELL",
    "name": "烈焰法球",
    "description": "对【燃烧之手】法术的掌握日臻精深，你试着编写一个内容中立形式自由的燃烧之手。",
    "valid_targets": [ "self" ],
    "flags": [ "NO_LEGS", "SOMATIC", "VERBAL" ],
    "effect": "spawn_item",
    "effect_str": "morb_flaming",
    "min_damage": 1, "max_damage": 1,
    "min_duration": 6000, "max_duration": 60000, "duration_increment": 2700,
    "max_level": 20,
    "spell_class": "KELVINIST",
    "energy_source": "MANA",
    "base_casting_time": 250, "final_casting_time": 50, "casting_time_increment": -10,
    "base_energy_cost": 600, "final_energy_cost": 300, "energy_increment": -15,
    "difficulty": 8,
    "learn_spells": { "create_rune_entropy": 19 }
  },
  {
    "id": "frost_spray",
    "type": "SPELL",
    "name": "Frost Spray",
    "description": "You're pretty sure you saw this in a game somewhere.  You fire a short-range cone of ice and cold.",
    "effect": "cone_attack",
    "effect_str": "cold",
    "affected_body_parts": [ "TORSO" ],
    "valid_targets": [ "ally", "hostile", "ground" ],
    "flags": [ "SOMATIC", "VERBAL" ],
    "max_level": 20,
    "min_damage": 8,
    "max_damage": 65,
    "damage_increment": 4,
    "min_range": 3,
    "max_range": 5,
    "range_increment": 0.25,
    "min_aoe": 25,
    "max_aoe": 60,
    "aoe_increment": 5,
    "spell_class": "KELVINIST",
    "base_casting_time": 100,
    "base_energy_cost": 100,
    "energy_source": "MANA",
    "difficulty": 2,
    "damage_type": "cold",
    "learn_spells": { "hoary_blast": 19 }
  },
  {
    "id": "chilling_touch",
    "type": "SPELL",
    "name": "Chilling Touch",
    "description": "Freezes the touched target with intense cold.",
    "valid_targets": [ "hostile" ],
    "flags": [ "SOMATIC" ],
    "effect": "target_attack",
    "effect_str": "Ds_frozen",
    "damage_type": "cold",
    "min_damage": 3, "damage_increment": 4, "max_damage": 40,
    "min_range": 1, "max_range": 1,
    "min_duration": 200, "max_duration": 500, "duration_increment": 20,
    "base_energy_cost": 50,
    "spell_class": "KELVINIST",
    "difficulty": 1,
    "max_level": 15,
    "base_casting_time": 100,
    "energy_source": "MANA",
    "learn_spells": { "winter_shard": 14 }
  },
  {
    "id": "winter_shard",
    "type": "SPELL",
    "name": "凛冬碎片",
    "description": "发射一枚冰棱碎片伤害并冻僵法术目标以及附近的敌人。随着法术等级的提升，冰棱会分裂出几枚难以操控的小碎片。这个法术的底层模型是历代温塔之主星界旅行带回的土特产之一，来自某个战乱不休的位面，那地方的虚空防护层烂得像莲蓬。",
    "valid_targets": [ "hostile" ],
    "flags": [ "SOMATIC" ],
    "effect": "projectile_attack",
    "effect_str": "Ds_frozen",
    "damage_type": "cold",
    "min_damage": 3, "damage_increment": 2, "max_damage": 35,
    "min_range": 3, "max_range": 18, "range_increment": 1,
    "min_aoe": 1, "max_aoe": 2, "aoe_increment": 0.1,
    "min_duration": 200, "max_duration": 500, "duration_increment": 20,
    "base_energy_cost": 120,
    "spell_class": "KELVINIST",
    "difficulty": 4,
    "max_level": 15,
    "base_casting_time": 100,
    "energy_source": "MANA",
    "extra_effects": [ { "id": "winter_shard_side_effect" } ]
  },
  {
    "id": "winter_shard_side_effect",
    "type": "SPELL",
    "name": "凛冬碎片·法术效果",
    "description": "只是凛冬碎片的附属法术。",
    "valid_targets": [ "self" ],
    "effect": "none",
    "spell_class": "KELVINIST",
    "difficulty": 1,
    "base_casting_time": 100,
    "max_level": 15,
    "flags": [ "WONDER" ],
    "min_damage": 0, "max_damage": 2, "damage_increment": 0.1,
    "extra_effects": [ { "id": "winter_shard_lesser" }, { "id": "winter_shard_lesser" } ]
  },
  {
    "id": "winter_shard_lesser",
    "type": "SPELL",
    "name": "次级凛冬碎片",
    "description": "只是凛冬碎片·法术效果的附属法术",
    "valid_targets": [ "hostile" ],
    "flags": [ "SOMATIC", "SILENT", "RANDOM_TARGET" ],
    "effect": "projectile_attack", "effect_str": "Ds_frozen",
    "damage_type": "cold",
    "min_damage": 1, "damage_increment": 2, "max_damage": 32,
    "min_range": 3, "max_range": 18, "range_increment": 1,
    "min_aoe": 1, "max_aoe": 2, "aoe_increment": 0.1,
    "min_duration": 200, "max_duration": 500, "duration_increment": 20,
    "difficulty": 1,
    "max_level": 15,
    "base_casting_time": 100
  },
  {
    "id": "glide_ice",
    "type": "SPELL",
    "name": "Glide on Ice",
    "description": "Encases your feet in a magical coating of ice, allowing you to glide along smooth surfaces faster.",
    "valid_targets": [ "none" ],
    "flags": [ "VERBAL", "NO_HANDS", "NO_LEGS", "CONCENTRATE" ],
    "min_damage": 1,
    "max_damage": 1,
    "effect": "spawn_item",
    "effect_str": "ice_gliders",
    "energy_source": "MANA",
    "spell_class": "KELVINIST",
    "difficulty": 2,
    "max_level": 20,
    "base_casting_time": 650,
    "base_energy_cost": 100,
    "min_duration": 10000,
    "max_duration": 100000,
    "duration_increment": 2000
  },
  {
    "id": "hoary_blast",
    "type": "SPELL",
    "name": "Hoary Blast",
    "description": "You project a glowing white crystal of ice and it explodes on impact into a blossom of shattering cold.",
    "effect": "projectile_attack",
    "effect_str": "cold",
    "affected_body_parts": [ "TORSO" ],
    "valid_targets": [ "self", "ally", "hostile", "ground" ],
    "flags": [ "SOMATIC", "VERBAL", "NO_LEGS" ],
    "max_level": 20,
    "min_damage": 24,
    "max_damage": 68,
    "damage_increment": 1.2,
    "min_aoe": 3,
    "max_aoe": 5,
    "aoe_increment": 0.1,
    "min_range": 6,
    "max_range": 20,
    "range_increment": 1,
    "spell_class": "KELVINIST",
    "base_casting_time": 200,
    "base_energy_cost": 350,
    "energy_source": "MANA",
    "difficulty": 4,
    "damage_type": "cold",
    "learn_spells": { "Kl_Frost_sequence": 19 }
  },
  {
    "id": "ice_shield",
    "type": "SPELL",
    "name": "Ice Shield",
    "description": "Creates a magical shield of ice on your arm, you can defend yourself with it in melee combat and use it to bash.",
    "valid_targets": [ "none" ],
    "flags": [ "NO_LEGS", "CONCENTRATE", "VERBAL" ],
    "min_damage": 1,
    "max_damage": 1,
    "effect": "spawn_item",
    "effect_str": "shield_ice",
    "energy_source": "MANA",
    "spell_class": "KELVINIST",
    "difficulty": 2,
    "max_level": 20,
    "base_casting_time": 150,
    "base_energy_cost": 100,
    "min_duration": 10000,
    "max_duration": 50000,
    "duration_increment": 3000
  },
  {
    "id": "frost_armor",
    "type": "SPELL",
    "name": "Frost Armor",
    "description": "Covers you in a thin layer of magical ice to protect you from harm.",
    "valid_targets": [ "self" ],
    "flags": [ "NO_LEGS", "CONCENTRATE", "VERBAL", "SOMATIC" ],
    "effect": "spawn_item",
    "effect_str": "frost_armor",
    "energy_source": "MANA",
    "spell_class": "KELVINIST",
    "difficulty": 3,
    "max_level": 20,
    "base_casting_time": 200,
    "base_energy_cost": 350,
    "min_duration": 10000,
    "max_duration": 50000,
    "duration_increment": 3000
  },
  {
    "id": "create_rune_kelvinist",
    "type": "SPELL",
    "name": "Kelvinist Rune",
    "description": "This ritual creates a small pebble attuned to Kelvinists.  You can use the rune as a catalyst for recipes.",
    "valid_targets": [ "self" ],
    "min_damage": 1,
    "max_damage": 1,
    "effect": "spawn_item",
    "effect_str": "rune_kelvinist",
    "base_casting_time": 5000,
    "base_energy_cost": 5,
    "min_duration": 1,
    "max_duration": 2,
    "duration_increment": 1,
    "difficulty": 0,
    "max_level": 1,
    "spell_class": "KELVINIST",
    "energy_source": "MANA",
    "flags": [ "PERMANENT", "NO_LEGS", "CONCENTRATE" ]
  }
]
