[
  {
    "id": "magus_creat_morb_Zodiac",
    "type": "SPELL",
    "name": "黄道十二",
    "description": "在其他位面类似的法术可能会有“意外术”之类的名字。通过召唤、挑选群星艾恩石，搭配出自己被近战击中后触发的法术序列。",
    "valid_targets": [ "self" ],
    "flags": [ "SOMATIC", "VERBAL", "CONCENTRATE", "SILENT", "WONDER" ],
    "effect": "none",
    "spell_class": "MAGUS",
    "energy_source": "MANA",
    "difficulty": 12,
    "base_casting_time": 100,
    "base_energy_cost": 300, "final_energy_cost": 150, "energy_increment": -5,
    "max_level": 30,
    "min_damage": 1, "max_damage": 3, "damage_increment": 0.1,
    "extra_effects": [
      { "id": "magus_morb_Zodiac1" },
      { "id": "magus_morb_Zodiac2" },
      { "id": "magus_morb_Zodiac3" },
      { "id": "magus_morb_Zodiac4" },
      { "id": "magus_morb_Zodiac5" },
      { "id": "magus_morb_Zodiac6" },
      { "id": "magus_morb_Zodiac7" },
      { "id": "magus_morb_Zodiac8" },
      { "id": "magus_morb_Zodiac9" },
      { "id": "magus_morb_Zodiac10" },
      { "id": "magus_morb_Zodiac11" },
      { "id": "magus_morb_Zodiac12" }
     ],
    "learn_spells": { "create_rune_astromancer": 15 }
  },
  {
    "id": "magus_morb_Zodiac1",
    "type": "SPELL",
    "name": "黄道十二·飞翼",
    "description": "只是黄道十二的附属法术。",
    "valid_targets": [ "self" ],
    "effect": "spawn_item", "effect_str": "morb_star_flutter",
    "difficulty": 1,
    "spell_class": "MAGUS",
    "max_level": 30,
    "flags": [ "CONCENTRATE", "VERBAL", "NO_LEGS" ],
    "min_duration": 30000,
    "max_duration": 60000,
    "duration_increment": 1000
  },
  {
    "id": "magus_morb_Zodiac2",
    "type": "SPELL",
    "name": "黄道十二·抗拒",
    "description": "只是黄道十二的附属法术。",
    "valid_targets": [ "self" ],
    "effect": "spawn_item", "effect_str": "morb_star_anti",
    "difficulty": 1,
    "spell_class": "MAGUS",
    "max_level": 30,
    "flags": [ "CONCENTRATE", "VERBAL", "NO_LEGS" ],
    "min_duration": 30000,
    "max_duration": 60000,
    "duration_increment": 1000
  },
  {
    "id": "magus_morb_Zodiac3",
    "type": "SPELL",
    "name": "黄道十二·抚慰",
    "description": "只是黄道十二的附属法术。",
    "valid_targets": [ "self" ],
    "effect": "spawn_item", "effect_str": "morb_star_comfort",
    "difficulty": 1,
    "spell_class": "MAGUS",
    "max_level": 30,
    "flags": [ "CONCENTRATE", "VERBAL", "NO_LEGS" ],
    "min_duration": 30000,
    "max_duration": 60000,
    "duration_increment": 1000
  },
  {
    "id": "magus_morb_Zodiac4",
    "type": "SPELL",
    "name": "黄道十二·平等",
    "description": "只是黄道十二的附属法术。",
    "valid_targets": [ "self" ],
    "effect": "spawn_item", "effect_str": "morb_star_equal",
    "difficulty": 1,
    "spell_class": "MAGUS",
    "max_level": 30,
    "flags": [ "CONCENTRATE", "VERBAL", "NO_LEGS" ],
    "min_duration": 30000,
    "max_duration": 60000,
    "duration_increment": 1000
  },
  {
    "id": "magus_morb_Zodiac5",
    "type": "SPELL",
    "name": "黄道十二·隐秘",
    "description": "只是黄道十二的附属法术。",
    "valid_targets": [ "self" ],
    "effect": "spawn_item", "effect_str": "morb_star_invisible",
    "difficulty": 1,
    "spell_class": "MAGUS",
    "max_level": 30,
    "flags": [ "CONCENTRATE", "VERBAL", "NO_LEGS" ],
    "min_duration": 30000,
    "max_duration": 60000,
    "duration_increment": 1000
  },
  {
    "id": "magus_morb_Zodiac6",
    "type": "SPELL",
    "name": "黄道十二·旅者",
    "description": "只是黄道十二的附属法术。",
    "valid_targets": [ "self" ],
    "effect": "spawn_item", "effect_str": "morb_star_haste",
    "difficulty": 1,
    "spell_class": "MAGUS",
    "max_level": 30,
    "flags": [ "CONCENTRATE", "VERBAL", "NO_LEGS" ],
    "min_duration": 30000,
    "max_duration": 60000,
    "duration_increment": 1000
  },
  {
    "id": "magus_morb_Zodiac7",
    "type": "SPELL",
    "name": "黄道十二·流浪",
    "description": "只是黄道十二的附属法术。",
    "valid_targets": [ "self" ],
    "effect": "spawn_item", "effect_str": "morb_star_escape",
    "difficulty": 1,
    "spell_class": "MAGUS",
    "max_level": 30,
    "flags": [ "CONCENTRATE", "VERBAL", "NO_LEGS" ],
    "min_duration": 30000,
    "max_duration": 60000,
    "duration_increment": 1000
  },
  {
    "id": "magus_morb_Zodiac8",
    "type": "SPELL",
    "name": "黄道十二·闪烁",
    "description": "只是黄道十二的附属法术。",
    "valid_targets": [ "self" ],
    "effect": "spawn_item", "effect_str": "morb_star_phase",
    "difficulty": 1,
    "spell_class": "MAGUS",
    "max_level": 30,
    "flags": [ "CONCENTRATE", "VERBAL", "NO_LEGS" ],
    "min_duration": 30000,
    "max_duration": 60000,
    "duration_increment": 1000
  },
  {
    "id": "magus_morb_Zodiac9",
    "type": "SPELL",
    "name": "黄道十二·睿智",
    "description": "只是黄道十二的附属法术。",
    "valid_targets": [ "self" ],
    "effect": "spawn_item", "effect_str": "morb_star_int",
    "difficulty": 1,
    "spell_class": "MAGUS",
    "max_level": 30,
    "flags": [ "CONCENTRATE", "VERBAL", "NO_LEGS" ],
    "min_duration": 30000,
    "max_duration": 60000,
    "duration_increment": 1000
  },
  {
    "id": "magus_morb_Zodiac10",
    "type": "SPELL",
    "name": "黄道十二·英勇",
    "description": "只是黄道十二的附属法术。",
    "valid_targets": [ "self" ],
    "effect": "spawn_item", "effect_str": "morb_star_str",
    "difficulty": 1,
    "spell_class": "MAGUS",
    "max_level": 30,
    "flags": [ "CONCENTRATE", "VERBAL", "NO_LEGS" ],
    "min_duration": 30000,
    "max_duration": 60000,
    "duration_increment": 1000
  },
  {
    "id": "magus_morb_Zodiac11",
    "type": "SPELL",
    "name": "黄道十二·远见",
    "description": "只是黄道十二的附属法术。",
    "valid_targets": [ "self" ],
    "effect": "spawn_item", "effect_str": "morb_star_per",
    "difficulty": 1,
    "spell_class": "MAGUS",
    "max_level": 30,
    "flags": [ "CONCENTRATE", "VERBAL", "NO_LEGS" ],
    "min_duration": 30000,
    "max_duration": 60000,
    "duration_increment": 1000
  },
  {
    "id": "magus_morb_Zodiac12",
    "type": "SPELL",
    "name": "黄道十二·优雅",
    "description": "只是黄道十二的附属法术。",
    "valid_targets": [ "self" ],
    "effect": "spawn_item", "effect_str": "morb_star_dex",
    "difficulty": 1,
    "spell_class": "MAGUS",
    "max_level": 30,
    "flags": [ "CONCENTRATE", "VERBAL", "NO_LEGS" ],
    "min_duration": 30000,
    "max_duration": 60000,
    "duration_increment": 1000
  }
]
