[
  {
    "id": "creat_arcane_en",
    "type": "SPELL",
    "name": "奥能生成",
    "description": "只是奥术系列的附属法术。",
    "valid_targets": [ "self" ],
    "effect": "spawn_item",
    "effect_str": "arcane_en",
    "flags": [ "RANDOM_DURATION", "CONCENTRATE", "VERBAL", "NO_LEGS", "SOMATIC", "SILENT" ],
    "min_duration": 18000,
    "max_duration": 30000
  },
  {
    "id": "create_rune_astromancer",
    "type": "SPELL",
    "name": "星术师符文",
    "description": "群星认为你还有所欠缺，但这不妨碍你凝结星术师的力量之证。这枚符文可用来制造高阶魔法物品。",
    "valid_targets": [ "self" ],
    "min_damage": 1,
    "max_damage": 1,
    "effect": "spawn_item",
    "effect_str": "rune_astromancer",
    "base_casting_time": 500000,
    "base_energy_cost": 1000,
    "min_duration": 1,
    "max_duration": 2,
    "duration_increment": 1,
    "difficulty": 10,
    "max_level": 1,
    "spell_class": "MAGUS",
    "energy_source": "MANA",
    "flags": [ "SOMATIC", "LOUD", "PERMANENT", "NO_LEGS", "CONCENTRATE" ]
  },
  {
    "id": "star_recover_mana",
    "type": "SPELL",
    "name": "星界沟通",
    "description": "命运高塔的魔术师们运用星界知识逆向推导德鲁伊冥想术，构筑了这款依然有待完善的辅助奥术。它能帮助施法者将精神力迅速延伸至群星之间，汲取狂暴的虚空能量，以较低效率转化为魔力。虽然无需实体进入星界，规避了虚空风暴伤害，但这套操作对精神力损耗极大，乃至部分法师将其当作治疗失眠的手段。",
    "valid_targets": [ "self" ],
    "flags": [ "CONCENTRATE", "SILENT", "NO_HANDS" ],
    "spell_class": "MAGUS",
    "energy_source": "FATIGUE",
    "effect": "recover_energy",
    "effect_str": "MANA",
    "base_casting_time": 1000,
    "min_damage": 100,
    "damage_increment": 30,
    "max_damage": 1000,
    "max_level": 30,
    "base_energy_cost": 30,
    "energy_increment": 9,
    "final_energy_cost": 300,
    "difficulty": 8,
    "learn_spells": { "create_rune_astromancer": 20 }
  },
  {
    "id": "summon_colorful_finger",
    "type": "SPELL",
    "name": "虹彩之指",
    "description": "为自己的一只手附魔，在手上的多彩光晕消失前近战攻击可以随机触发某些低阶法术。笃信天命的魔术师学派内部称之为“命运之手”，但因其附魔强度偏低所以基本仅用于课堂演示，也是群星高塔学徒毕业考试铁打的施法实践题之一。“商业吹是推广法术学派的必要流程。”",
    "valid_targets": [ "self" ],
    "flags": [ "SOMATIC", "VERBAL", "CONCENTRATE", "SILENT" ],
    "effect": "spawn_item", "effect_str": "morb_colorful_finger",
    "spell_class": "MAGUS",
    "energy_source": "MANA",
    "difficulty": 6, "max_level": 15,
    "base_casting_time": 200,
    "base_energy_cost": 150,
    "min_damage": 1, "max_damage": 1,
    "min_duration": 3000, "max_duration": 9000, "duration_increment": 400,
    "learn_spells": { "magus_creat_morb_Zodiac": 14 }
  },
  {
    "id": "summon_star_horse",
    "type": "SPELL",
    "name": "星界骑行",
    "description": "从群星之间召来坐骑，这个法术附赠鞍具，但施法者得自备饲料。“建议在召唤时间结束前下马。”",
    "valid_targets": [ "ground" ],
    "flags": [ "SOMATIC", "VERBAL", "CONCENTRATE" ],
    "effect": "summon", "effect_str": "mon_star_horse",
    "spell_class": "MAGUS",
    "energy_source": "MANA",
    "difficulty": 6, "max_level": 20,
    "base_casting_time": 500,
    "base_energy_cost": 350, "energy_increment": 30, "final_energy_cost": 900,
    "min_damage": 1, "max_damage": 1,
    "min_range": 1, "max_range": 1,
    "min_duration": 360000, "max_duration": 1800000, "duration_increment": 72000,
    "extra_effects": [ { "id": "summon_horse_tack" } ],
    "learn_spells": { "create_rune_astromancer": 19 }
  },
  {
    "id": "summon_horse_tack",
    "type": "SPELL",
    "name": "星界骑行·鞍具",
    "description": "只是星界骑行的附属法术。",
    "valid_targets": [ "self" ],
    "flags": [ "SOMATIC", "VERBAL", "CONCENTRATE" ],
    "effect": "spawn_item", "effect_str": "horse_tack",
    "spell_class": "MAGUS",
    "difficulty": 1, "max_level": 20,
    "base_casting_time": 100,
    "min_damage": 1, "max_damage": 1,
    "min_duration": 360000, "max_duration": 1800000, "duration_increment": 72000
  },
  {
    "id": "illusion_body",
    "type": "SPELL",
    "name": "幻身咒",
    "description": "正如魔法校园青春系列小说《白胡子、眼镜崽与青皮卤蛋》里写的那样，这个隐身法术能对自己或者他人释放。",
    "valid_targets": [ "self", "ally", "hostile" ],
    "effect": "target_attack",
    "effect_str": "invisibility",
    "spell_class": "MAGUS",
    "difficulty": 10,
    "base_casting_time": 100,
    "base_energy_cost": 400,
    "energy_source": "MANA",
    "min_duration": 1000,
    "max_duration": 6000,
    "duration_increment": 250,
    "min_range": 1,
    "max_range": 20,
    "range_increment": 1,
    "max_level": 20
  },
  {
    "id": "magus_arcane_torrent",
    "type": "SPELL",
    "name": "奥术洪流",
    "description": "在身周召唤一道活跃的以太环流形成奥术干扰护盾，它无法提供任何实体防护，但可以加快魔力回复，遭到近身攻击时能向施法者反馈零星魔力，也有较低概率反馈更多魔力。基于这款经典中阶奥术的法术模型，近现代几位传奇施法者设计了赫赫有名的四大元素干扰护盾。",
    "valid_targets": [ "self" ],
    "flags": [ "VERBAL", "SOMATIC" ],
    "effect": "spawn_item",
    "effect_str": "arcane_torrent",
    "spell_class": "MAGUS",
    "energy_source": "MANA",
    "difficulty": 8,
    "base_casting_time": 1000,
    "base_energy_cost": 200,
    "max_level": 30,
    "min_duration": 180000,
    "max_duration": 720000,
    "duration_increment": 18000,
    "extra_effects": [ { "id": "creat_arcane_en" } ],
    "learn_spells": { "sun_fire_pro_body": 15, "moon_water_pro_body": 20, "storm_pro_body": 25, "earth_pro_body": 29 }
  },
  {
    "id": "magic_missile",
    "type": "SPELL",
    "name": "Magic Missile",
    "description": "I cast Magic Missile at the darkness!",
    "valid_targets": [ "hostile" ],
    "flags": [ "VERBAL", "SOMATIC", "NO_LEGS", "SILENT" ],
    "min_damage": 1,
    "damage_increment": 1.5,
    "damage_type": "none",
    "max_damage": 20,
    "min_range": 8,
    "range_increment": 0.8,
    "max_range": 20,
    "base_energy_cost": 50,
    "spell_class": "MAGUS",
    "difficulty": 1,
    "max_level": 25,
    "base_casting_time": 100,
    "energy_source": "MANA",
    "effect": "target_attack",
    "learn_spells": { "druid_moon_fire": 15, "create_morb_arc_lesser": 20, "magic_missile_storm": 24 }
  },
  {
    "id": "create_morb_arc_lesser",
    "type": "SPELL",
    "name": "次级奥能法球",
    "description": "召唤一颗长效奥术法球，用以临时储存奥能并施放奥术闪电。",
    "valid_targets": [ "self" ],
    "flags": [ "SOMATIC", "VERBAL", "CONCENTRATE", "SILENT" ],
    "effect": "spawn_item", "effect_str": "morb_arc_lesser",
    "spell_class": "MAGUS",
    "energy_source": "MANA",
    "difficulty": 8, "max_level": 15,
    "base_casting_time": 200,
    "base_energy_cost": 200,
    "min_damage": 1, "max_damage": 1,
    "min_duration": 30000, "max_duration": 360000, "duration_increment": 22000
  },
  {
    "id": "magic_missile_storm",
    "type": "SPELL",
    "name": "飞弹风暴",
    "description": "唯有精研奥法的高阶法师才能掌握压缩咒文、极化射程、魔力分流的诀窍。法术附带的无序飞弹数量随法术等级提升而增加。“为了达拉然！”",
    "valid_targets": [ "hostile" ],
    "flags": [ "VERBAL", "SOMATIC", "NO_LEGS", "SILENT" ],
    "min_damage": 5, "max_damage": 27, "damage_increment": 0.8,
    "min_range": 20, "max_range": 32, "range_increment": 0.4,
    "damage_type": "none",
    "base_energy_cost": 90, "final_energy_cost": 120, "energy_increment": 1,
    "spell_class": "MAGUS",
    "difficulty": 8,
    "max_level": 30,
    "base_casting_time": 30,
    "energy_source": "MANA",
    "effect": "target_attack",
    "extra_effects": [ { "id": "magic_missile_storm_side_effect" }, { "id": "creat_arcane_en" } ],
    "learn_spells": { "meteor_stream_of_Arvandor": 25 }
  },
  {
    "id": "magic_missile_storm_side_effect",
    "type": "SPELL",
    "name": "飞弹风暴·法术效果",
    "description": "只是飞弹风暴的附属法术。",
    "valid_targets": [ "self" ],
    "effect": "none",
    "spell_class": "MAGUS",
    "difficulty": 1,
    "base_casting_time": 100,
    "max_level": 30,
    "flags": [ "WONDER" ],
    "min_damage": 2, "max_damage": 5, "damage_increment": 0.1,
    "extra_effects": [
          { "id": "random_magic_missile" },
          { "id": "random_magic_missile" },
          { "id": "random_magic_missile" },
          { "id": "random_magic_missile" },
          { "id": "random_magic_missile" }
       ]
  },
  {
    "id": "random_magic_missile",
    "type": "SPELL",
    "name": "飞弹风暴·无序飞弹",
    "description": "只是飞弹风暴的附属法术。",
    "valid_targets": [ "hostile" ],
    "flags": [ "VERBAL", "SOMATIC", "NO_LEGS", "SILENT", "RANDOM_TARGET" ],
    "min_damage": 1, "damage_increment": 0.8, "max_damage": 25,
    "min_range": 20, "range_increment": 0.4, "max_range": 32,
    "damage_type": "none",
    "spell_class": "MAGUS",
    "difficulty": 1,
    "max_level": 30,
    "effect": "target_attack"
  },
  {
    "id": "meteor_stream_of_Arvandor",
    "type": "SPELL",
    "name": "阿梵多流星群",
    "description": "这个异界色彩浓郁的高阶法术结合了魔法飞弹与群星之力。奥术流星环绕施法者飞舞，随时可以发射，附赠以太活跃效果，怒刷时髦值。“所谓大法师，住最高的塔，喝最豪的酒，顶最靓的球。”",
    "valid_targets": [ "none" ],
    "flags": [ "VERBAL", "NO_LEGS", "CONCENTRATE" ],
    "min_range": 0, "max_range": 0,
    "min_damage": 1, "max_damage": 1,
    "effect": "spawn_item", "effect_str": "star_of_Arvandor_head_in",
    "energy_source": "MANA", "spell_class": "MAGUS",
    "difficulty": 15, "max_level": 30,
    "base_casting_time": 300, "final_casting_time": 150, "casting_time_increment": -5, 
    "base_energy_cost": 800, "final_energy_cost": 650, "energy_increment": -5,
    "min_duration": 30000, "max_duration": 60000, "duration_increment": 1000,
    "extra_effects": [ { "id": "meteor_stream_of_Arvandor_side_effect1" }, { "id": "meteor_stream_of_Arvandor_side_effect2" }, { "id": "meteor_stream_of_Arvandor_side_effect3" }, { "id": "meteor_stream_of_Arvandor_side_effect4" }, { "id": "creat_arcane_en" } ],
    "learn_spells": { "create_rune_astromancer": 10 }
  },
  {
    "id": "meteor_stream_of_Arvandor_side_effect1",
    "type": "SPELL",
    "name": "阿梵多流星群·外环",
    "description": "只是阿梵多流星群的附属法术。",
    "valid_targets": [ "none" ],
    "flags": [ "VERBAL", "NO_LEGS", "CONCENTRATE" ],
    "min_range": 0, "max_range": 0,
    "min_damage": 1, "max_damage": 1,
    "effect": "spawn_item", "effect_str": "star_of_Arvandor_head_out",
    "spell_class": "MAGUS",
    "difficulty": 12, "max_level": 30,
    "base_casting_time": 100,
    "min_duration": 30000, "max_duration": 60000, "duration_increment": 1000
  },
  {
    "id": "meteor_stream_of_Arvandor_side_effect2",
    "type": "SPELL",
    "name": "阿梵多流星群·上环",
    "description": "只是阿梵多流星群的附属法术。",
    "valid_targets": [ "none" ],
    "flags": [ "VERBAL", "NO_LEGS", "CONCENTRATE" ],
    "min_range": 0, "max_range": 0,
    "min_damage": 1, "max_damage": 1,
    "effect": "spawn_item", "effect_str": "star_of_Arvandor_arm_in",
    "spell_class": "MAGUS",
    "difficulty": 12, "max_level": 30,
    "base_casting_time": 100,
    "min_duration": 30000, "max_duration": 60000, "duration_increment": 1000
  },
  {
    "id": "meteor_stream_of_Arvandor_side_effect3",
    "type": "SPELL",
    "name": "阿梵多流星群·中环",
    "description": "只是阿梵多流星群的附属法术。",
    "valid_targets": [ "none" ],
    "flags": [ "VERBAL", "NO_LEGS", "CONCENTRATE" ],
    "min_range": 0, "max_range": 0,
    "min_damage": 1, "max_damage": 1,
    "effect": "spawn_item", "effect_str": "star_of_Arvandor_arm_out",
    "spell_class": "MAGUS",
    "difficulty": 12, "max_level": 30,
    "base_casting_time": 100,
    "min_duration": 30000, "max_duration": 60000, "duration_increment": 1000
  },
  {
    "id": "meteor_stream_of_Arvandor_side_effect4",
    "type": "SPELL",
    "name": "阿梵多流星群·下环",
    "description": "只是阿梵多流星群的附属法术。",
    "valid_targets": [ "none" ],
    "flags": [ "VERBAL", "NO_LEGS", "CONCENTRATE" ],
    "min_range": 0, "max_range": 0,
    "min_damage": 1, "max_damage": 1,
    "effect": "spawn_item", "effect_str": "star_of_Arvandor_body",
    "spell_class": "MAGUS",
    "difficulty": 12, "max_level": 30,
    "base_casting_time": 100,
    "min_duration": 30000, "max_duration": 60000, "duration_increment": 1000
  },
  {
    "id": "phase_door",
    "type": "SPELL",
    "name": "Phase Door",
    "description": "Teleports you in a random direction a short distance.",
    "effect": "teleport_random",
    "valid_targets": [ "none" ],
    "flags": [ "SOMATIC", "SILENT", "NO_LEGS" ],
    "min_range": 3,
    "max_range": 5,
    "range_increment": 0.1,
    "min_aoe": 2,
    "max_aoe": 6,
    "aoe_increment": 0.2,
    "max_level": 20,
    "difficulty": 2,
    "spell_class": "MAGUS",
    "base_casting_time": 100,
    "energy_source": "MANA",
    "base_energy_cost": 100,
    "learn_spells": { "magus_escape": 19 }
  },
  {
    "id": "gravity_well",
    "type": "SPELL",
    "name": "Gravity Well",
    "description": "Summons a well of gravity with the epicenter at the location.  Deals bashing damage to all creatures in the affected area.",
    "effect": "target_attack",
    "valid_targets": [ "self", "ally", "hostile", "ground" ],
    "flags": [ "SOMATIC", "VERBAL", "CONCENTRATE" ],
    "min_damage": 20,
    "max_damage": 45,
    "damage_increment": 1.2,
    "damage_type": "bash",
    "min_range": 5,
    "max_range": 15,
    "range_increment": 0.5,
    "min_aoe": 1,
    "max_aoe": 6,
    "aoe_increment": 0.25,
    "max_level": 20,
    "difficulty": 10,
    "spell_class": "MAGUS",
    "base_casting_time": 600,
    "energy_source": "MANA",
    "base_energy_cost": 350,
    "learn_spells": { "lava_bomb_main": 19 }
  },
  {
    "id": "magus_mana_blast",
    "type": "SPELL",
    "name": "Mana Blast",
    "description": "A blast of concentrated magical power that obliterates a large area.",
    "valid_targets": [ "hostile", "ground" ],
    "flags": [ "VERBAL", "SOMATIC", "NO_LEGS" ],
    "effect": "projectile_attack",
    "spell_class": "MAGUS",
    "energy_source": "MANA",
    "base_casting_time": 150,
    "base_energy_cost": 200,
    "difficulty": 5,
    "max_level": 20,
    "min_damage": 20, "max_damage": 80, "damage_increment": 3,
    "damage_type": "none",
    "min_aoe": 1, "max_aoe": 3, "aoe_increment": 0.25,
    "min_range": 5, "max_range": 20, "range_increment": 1,
    "extra_effects": [ { "id": "creat_arcane_en" } ],
    "learn_spells": { "magus_arcane_torrent": 15, "magus_mana_blast_ex": 19 }
  },
  {
    "id": "magus_mana_blast_ex",
    "type": "SPELL",
    "name": "奥术之虹",
    "description": "你尝试修改【奥术冲击】的法术模型，以降低法术主体威力为代价，扩大法术覆盖范围，并使法术有概率汲取冲击区域的魔力，或者为冲击的中心区域附加一次聚焦伤害。",
    "valid_targets": [ "hostile", "ground" ],
    "flags": [ "VERBAL", "SOMATIC", "NO_LEGS" ],
    "effect": "projectile_attack",
    "spell_class": "MAGUS",
    "energy_source": "MANA",
    "base_casting_time": 350, "final_casting_time": 150, "casting_time_increment": -10, 
    "base_energy_cost": 300,
    "difficulty": 8,
    "max_level": 20,
    "min_damage": 20, "max_damage": 70, "damage_increment": 2.5,
    "damage_type": "none",
    "min_aoe": 2, "max_aoe": 5, "aoe_increment": 0.15,
    "min_range": 5, "max_range": 20, "range_increment": 1,
    "extra_effects": [ { "id": "mana_blast_ex_side_effect" }, { "id": "creat_arcane_en" } ]
  },
  {
    "id": "mana_blast_ex_side_effect",
    "type": "SPELL",
    "name": "奥术之虹·法术效果",
    "description": "只是奥术之虹的附属法术。",
    "valid_targets": [ "self" ],
    "effect": "none",
    "spell_class": "MAGUS",
    "difficulty": 1,
    "base_casting_time": 100,
    "max_level": 20,
    "flags": [ "WONDER" ],
    "min_damage": 1,
    "max_damage": 1,
    "extra_effects": [
          { "id": "magus_mana_blast_ex_side_effect1" },
          { "id": "magus_mana_blast_ex_side_effect1" },
          { "id": "magus_mana_blast_ex_side_effect1" },
          { "id": "magus_mana_blast_ex_side_effect2", "hit_self": true }
       ]
  },
  {
    "id": "magus_mana_blast_ex_side_effect1",
    "type": "SPELL",
    "name": "奥术之虹·法力聚焦",
    "description": "只是奥术之虹·法术效果的附属法术。",
    "valid_targets": [ "hostile", "ground" ],
    "flags": [ "VERBAL", "SOMATIC", "NO_LEGS" ],
    "effect": "projectile_attack",
    "spell_class": "MAGUS",
    "base_casting_time": 100,
    "difficulty": 1,
    "max_level": 20,
    "min_damage": 5, "max_damage": 15, "damage_increment": 0.5,
    "damage_type": "none",
    "min_aoe": 1, "max_aoe": 3, "aoe_increment": 0.1,
    "min_range": 5, "max_range": 20, "range_increment": 1
  },
  {
    "id": "magus_mana_blast_ex_side_effect2",
    "type": "SPELL",
    "name": "奥术之虹·法力虹吸",
    "description": "只是奥术之虹·法术效果的附属法术。",
    "valid_targets": [ "self" ],
    "flags": [ "SILENT" ],
    "effect": "recover_energy", "effect_str": "MANA",
    "spell_class": "MAGUS",
    "base_casting_time": 100,
    "difficulty": 1,
    "max_level": 20,
    "min_damage": 100, "max_damage": 500, "damage_increment": 20
  },
  {
    "id": "magus_mana_bolt",
    "type": "SPELL",
    "name": "Mana Bolt",
    "description": "A bolt of magical power that only damages your foes.",
    "valid_targets": [ "hostile" ],
    "flags": [ "VERBAL", "SOMATIC", "NO_LEGS" ],
    "effect": "projectile_attack",
    "spell_class": "MAGUS",
    "energy_source": "MANA",
    "base_casting_time": 100,
    "base_energy_cost": 150,
    "difficulty": 5,
    "max_level": 20,
    "min_damage": 20,
    "max_damage": 120,
    "damage_increment": 5,
    "damage_type": "none",
    "min_range": 5,
    "max_range": 30,
    "range_increment": 1.5,
    "extra_effects": [ { "id": "creat_arcane_en" } ],
    "learn_spells": { "magus_mana_blast": 19 }
  },
  {
    "id": "magus_haste",
    "type": "SPELL",
    "name": "Haste",
    "description": "This spell gives you an enormous boost of speed lasting a short period of time.",
    "valid_targets": [ "self" ],
    "flags": [ "LOUD", "VERBAL", "SOMATIC" ],
    "effect": "target_attack",
    "effect_str": "haste",
    "spell_class": "MAGUS",
    "energy_source": "MANA",
    "difficulty": 4,
    "base_casting_time": 200,
    "base_energy_cost": 300,
    "max_level": 20,
    "min_duration": 600,
    "max_duration": 12000,
    "duration_increment": 600,
    "learn_spells": { "summon_star_horse": 15 }
  },
  {
    "id": "magus_mana_beam",
    "type": "SPELL",
    "name": "Mana Beam",
    "description": "A beam of focused magical power that damages any foes in its path.",
    "valid_targets": [ "hostile", "ground" ],
    "flags": [ "VERBAL", "SOMATIC", "NO_LEGS", "LOUD" ],
    "effect": "cone_attack",
    "spell_class": "MAGUS",
    "energy_source": "MANA",
    "base_casting_time": 150,
    "base_energy_cost": 200,
    "difficulty": 4,
    "max_level": 20,
    "min_damage": 15,
    "max_damage": 60,
    "damage_increment": 3,
    "damage_type": "none",
    "min_aoe": 1,
    "max_aoe": 1,
    "min_range": 5,
    "max_range": 20,
    "range_increment": 1,
    "extra_effects": [ { "id": "creat_arcane_en" } ],
    "learn_spells": { "magus_mana_bolt": 15 }
  },
  {
    "id": "magus_escape",
    "type": "SPELL",
    "name": "Escape",
    "description": "Teleports you in a random direction a medium distance, to help escape your foes in dangerous situations.",
    "effect": "teleport_random",
    "valid_targets": [ "none" ],
    "flags": [ "SOMATIC", "SILENT", "NO_LEGS", "VERBAL" ],
    "min_aoe": 5,
    "max_aoe": 10,
    "aoe_increment": 0.25,
    "min_range": 25,
    "max_range": 35,
    "range_increment": 0.5,
    "max_level": 15,
    "difficulty": 5,
    "spell_class": "MAGUS",
    "base_casting_time": 100,
    "energy_source": "MANA",
    "base_energy_cost": 250,
    "learn_spells": { "summon_colorful_finger": 14 }
  },
  {
    "id": "create_rune_magus",
    "type": "SPELL",
    "name": "Magus Rune",
    "description": "This ritual creates a small pebble attuned to Magi.  You can use the rune as a catalyst for recipes.",
    "valid_targets": [ "self" ],
    "min_damage": 1,
    "max_damage": 1,
    "effect": "spawn_item",
    "effect_str": "rune_magus",
    "base_casting_time": 5000,
    "base_energy_cost": 5,
    "min_duration": 1,
    "max_duration": 2,
    "duration_increment": 1,
    "difficulty": 0,
    "max_level": 1,
    "spell_class": "MAGUS",
    "energy_source": "MANA",
    "flags": [ "PERMANENT", "NO_LEGS", "CONCENTRATE" ]
  },
  {
    "id": "cats_grace",
    "type": "SPELL",
    "name": "Cat's Grace",
    "description": "You become more graceful, agile, and coordinated.",
    "valid_targets": [ "self" ],
    "min_duration": 6000,
    "max_duration": 360000,
    "duration_increment": 6000,
    "max_level": 30,
    "spell_class": "MAGUS",
    "energy_source": "MANA",
    "base_energy_cost": 500,
    "base_casting_time": 1000,
    "difficulty": 5,
    "flags": [ "VERBAL", "SOMATIC", "NO_LEGS", "CONCENTRATE" ],
    "effect": "target_attack",
    "effect_str": "cats_grace"
  },
  {
    "id": "eagles_sight",
    "type": "SPELL",
    "name": "Eagle's Sight",
    "description": "You gain the perception of an eagle.",
    "valid_targets": [ "self" ],
    "min_duration": 6000,
    "max_duration": 360000,
    "duration_increment": 6000,
    "max_level": 30,
    "spell_class": "MAGUS",
    "energy_source": "MANA",
    "base_energy_cost": 500,
    "base_casting_time": 1000,
    "difficulty": 5,
    "flags": [ "VERBAL", "SOMATIC", "NO_LEGS", "CONCENTRATE" ],
    "effect": "target_attack",
    "effect_str": "eagles_sight"
  },
  {
    "id": "ogres_strength",
    "type": "SPELL",
    "name": "Ogre's Strength",
    "description": "You gain the strength of an ogre.",
    "valid_targets": [ "self" ],
    "min_duration": 6000,
    "max_duration": 360000,
    "duration_increment": 6000,
    "max_level": 30,
    "spell_class": "MAGUS",
    "energy_source": "MANA",
    "base_energy_cost": 500,
    "base_casting_time": 1000,
    "difficulty": 5,
    "flags": [ "VERBAL", "SOMATIC", "NO_LEGS", "CONCENTRATE" ],
    "effect": "target_attack",
    "effect_str": "ogres_strength"
  },
  {
    "id": "foxs_cunning",
    "type": "SPELL",
    "name": "Fox's Cunning",
    "description": "You become wily like a fox.",
    "valid_targets": [ "self" ],
    "min_duration": 6000,
    "max_duration": 360000,
    "duration_increment": 6000,
    "max_level": 30,
    "spell_class": "MAGUS",
    "energy_source": "MANA",
    "base_energy_cost": 500,
    "base_casting_time": 1000,
    "difficulty": 5,
    "flags": [ "VERBAL", "SOMATIC", "NO_LEGS", "CONCENTRATE" ],
    "effect": "target_attack",
    "effect_str": "foxs_cunning"
  }
]
