[
  {
    "id": "magus_star_fall",
    "type": "SPELL",
    "name": "星陨术",
    "description": "牵引重力，摇落星辰，魔术师学派最危险的禁咒，陨星之下众生平等。“仅建议远距离持咒。”",
    "effect": "target_attack",
    "valid_targets": [ "self", "ally", "hostile", "ground" ],
    "flags": [ "SOMATIC", "VERBAL", "CONCENTRATE" ],
    "min_damage": 1000, "max_damage": 1500, "damage_increment": 20,
    "damage_type": "bash",
    "min_range": 30, "max_range": 50, "range_increment": 1,
    "min_aoe": 2, "max_aoe": 5, "aoe_increment": 0.15,
   "base_casting_time": 1500, "final_casting_time": 1000, "casting_time_increment": -25, 
   "base_energy_cost": 1500, "final_energy_cost": 2000, "energy_increment": 25,
    "max_level": 20,
    "difficulty": 18,
    "spell_class": "MAGUS",
    "energy_source": "MANA",
    "extra_effects": [ { "id": "magus_star_fall_bash" }, { "id": "magus_star_fall_explosion" }, { "id": "magus_star_fall_flashbang" }, { "id": "magus_star_fall_ter1" }, { "id": "magus_star_fall_ter2" }, { "id": "magus_star_fall_ter3" }, { "id": "magus_star_fall_ter4" }, { "id": "magus_star_fall_ter5" }, { "id": "magus_star_fall_lesser" }, { "id": "magus_star_fall_lesser" }, { "id": "magus_star_fall_lesser" } ],
    "learn_spells": { "create_rune_astromancer": 10 }
  },
  {
    "id": "magus_star_fall_bash",
    "type": "SPELL",
    "name": "星陨术·撞击",
    "description": "只是星陨术的附属法术。",
    "effect": "bash",
    "valid_targets": [ "ground" ],
    "flags": [ "SOMATIC", "VERBAL", "CONCENTRATE" ],
    "min_damage": 20000, "max_damage": 20000,
    "min_aoe": 4, "max_aoe": 7, "aoe_increment": 0.15,
   "base_casting_time": 100,
    "max_level": 20,
    "difficulty": 18,
    "spell_class": "MAGUS"
  },
  {
    "id": "magus_star_fall_explosion",
    "type": "SPELL",
    "name": "星陨术·爆炸",
    "description": "只是星陨术的附属法术。",
    "effect": "explosion",
    "valid_targets": [ "self", "ally", "hostile", "ground" ],
    "flags": [ "SOMATIC", "VERBAL", "CONCENTRATE" ],
    "min_damage": 2000, "max_damage": 4000, "damage_increment": 100,
    "min_aoe": 3, "max_aoe": 6, "aoe_increment": 0.15,
   "base_casting_time": 100,
    "max_level": 20,
    "difficulty": 18,
    "spell_class": "MAGUS"
  },
  {
    "id": "magus_star_fall_flashbang",
    "type": "SPELL",
    "name": "星陨术·闪光",
    "description": "只是星陨术的附属法术。",
    "effect": "flashbang",
    "valid_targets": [ "self", "ally", "hostile", "ground" ],
    "flags": [ "SOMATIC", "VERBAL", "CONCENTRATE" ],
    "min_damage": 2000, "max_damage": 4000, "damage_increment": 100,
    "min_aoe": 3, "max_aoe": 6, "aoe_increment": 0.15,
   "base_casting_time": 100,
    "max_level": 20,
    "difficulty": 18,
    "spell_class": "MAGUS"
  },
  {
    "id": "magus_star_fall_ter1",
    "type": "SPELL",
    "name": "星陨术·地形1",
    "description": "只是星陨术的附属法术。",
    "flags": [ "SOMATIC", "VERBAL", "CONCENTRATE" ],
    "valid_targets": [ "ground" ],
    "effect": "ter_transform",
    "effect_str": "mag_star_fall_hole",
    "min_damage": 8, "max_damage": 8,
    "min_aoe": 6, "max_aoe": 9, "aoe_increment": 0.15,
   "base_casting_time": 100,
    "max_level": 20,
    "difficulty": 18,
    "spell_class": "MAGUS"
  },
  {
    "id": "magus_star_fall_ter2",
    "type": "SPELL",
    "name": "星陨术·地形2",
    "description": "只是星陨术的附属法术。",
    "flags": [ "SOMATIC", "VERBAL", "CONCENTRATE" ],
    "valid_targets": [ "ground" ],
    "effect": "ter_transform",
    "effect_str": "mag_star_fall_hole",
    "min_damage": 6, "max_damage": 6,
    "min_aoe": 5, "max_aoe": 8, "aoe_increment": 0.15,
   "base_casting_time": 100,
    "max_level": 20,
    "difficulty": 18,
    "spell_class": "MAGUS"
  },
  {
    "id": "magus_star_fall_ter3",
    "type": "SPELL",
    "name": "星陨术·地形3",
    "description": "只是星陨术的附属法术。",
    "flags": [ "SOMATIC", "VERBAL", "CONCENTRATE" ],
    "valid_targets": [ "ground" ],
    "effect": "ter_transform",
    "effect_str": "mag_star_fall_hole",
    "min_damage": 4, "max_damage": 4,
    "min_aoe": 4, "max_aoe": 7, "aoe_increment": 0.15,
   "base_casting_time": 100,
    "max_level": 20,
    "difficulty": 18,
    "spell_class": "MAGUS"
  },
  {
    "id": "magus_star_fall_ter4",
    "type": "SPELL",
    "name": "星陨术·地形4",
    "description": "只是星陨术的附属法术。",
    "flags": [ "SOMATIC", "VERBAL", "CONCENTRATE" ],
    "valid_targets": [ "ground" ],
    "effect": "ter_transform",
    "effect_str": "mag_star_fall_hole",
    "min_damage": 2, "max_damage": 2,
    "min_aoe": 3, "max_aoe": 6, "aoe_increment": 0.15,
   "base_casting_time": 100,
    "max_level": 20,
    "difficulty": 18,
    "spell_class": "MAGUS"
  },
  {
    "id": "magus_star_fall_ter5",
    "type": "SPELL",
    "name": "星陨术·地形5",
    "description": "只是星陨术的附属法术。",
    "flags": [ "SOMATIC", "VERBAL", "CONCENTRATE" ],
    "valid_targets": [ "ground" ],
    "effect": "ter_transform",
    "effect_str": "mag_star_fall_hole",
    "min_aoe": 2, "max_aoe": 5, "aoe_increment": 0.15,
   "base_casting_time": 100,
    "max_level": 20,
    "difficulty": 18,
    "spell_class": "MAGUS"
  },
  {
    "id": "magus_star_fall_lesser",
    "type": "SPELL",
    "name": "星陨术·小陨石",
    "description": "只是星陨术的附属法术。”",
    "effect": "target_attack",
    "valid_targets": [ "hostile" ],
    "flags": [ "SOMATIC", "VERBAL", "CONCENTRATE", "RANDOM_TARGET" ],
    "min_damage": 400, "max_damage": 900, "damage_increment": 20,
    "damage_type": "bash",
    "min_range": 30, "max_range": 50, "range_increment": 1,
    "min_aoe": 2, "max_aoe": 4, "aoe_increment": 0.1,
   "base_casting_time": 100,
    "max_level": 20,
    "difficulty": 1,
    "extra_effects": [ { "id": "magus_star_fall_bash" }, { "id": "magus_star_fall_explosion_lesser" }, { "id": "magus_star_fall_flashbang_lesser" }, { "id": "magus_star_fall_ter1_lesser" }, { "id": "magus_star_fall_ter2_lesser" }, { "id": "magus_star_fall_ter3_lesser" }, { "id": "magus_star_fall_ter4_lesser" } ]
  },
  {
    "id": "magus_star_fall_explosion_lesser",
    "type": "SPELL",
    "name": "小陨石·爆炸",
    "description": "只是小陨石的附属法术。",
    "effect": "explosion",
    "valid_targets": [ "self", "ally", "hostile", "ground" ],
    "flags": [ "SOMATIC", "VERBAL", "CONCENTRATE" ],
    "min_damage": 2000, "max_damage": 3000, "damage_increment": 50,
    "min_aoe": 2, "max_aoe": 4, "aoe_increment": 0.1,
   "base_casting_time": 100,
    "max_level": 20,
    "difficulty": 1
  },
  {
    "id": "magus_star_fall_flashbang_lesser",
    "type": "SPELL",
    "name": "小陨石·闪光",
    "description": "只是小陨石的附属法术。",
    "effect": "flashbang",
    "valid_targets": [ "self", "ally", "hostile", "ground" ],
    "flags": [ "SOMATIC", "VERBAL", "CONCENTRATE" ],
    "min_damage": 2000, "max_damage": 3000, "damage_increment": 50,
    "min_aoe": 2, "max_aoe": 4, "aoe_increment": 0.1,
   "base_casting_time": 100,
    "max_level": 20,
    "difficulty": 1
  },
  {
    "id": "magus_star_fall_ter1_lesser",
    "type": "SPELL",
    "name": "小陨石·地形1",
    "description": "只是小陨石的附属法术。",
    "flags": [ "SOMATIC", "VERBAL", "CONCENTRATE" ],
    "valid_targets": [ "ground" ],
    "effect": "ter_transform",
    "effect_str": "mag_star_fall_hole",
    "min_damage": 4, "max_damage": 4,
    "min_aoe": 4, "max_aoe": 7, "aoe_increment": 0.15,
   "base_casting_time": 100,
    "max_level": 20,
    "difficulty": 18,
    "spell_class": "MAGUS"
  },
  {
    "id": "magus_star_fall_ter2_lesser",
    "type": "SPELL",
    "name": "小陨石·地形2",
    "description": "只是小陨石的附属法术。",
    "flags": [ "SOMATIC", "VERBAL", "CONCENTRATE" ],
    "valid_targets": [ "ground" ],
    "effect": "ter_transform",
    "effect_str": "mag_star_fall_hole",
    "min_damage": 3, "max_damage": 3,
    "min_aoe": 3, "max_aoe": 6, "aoe_increment": 0.15,
   "base_casting_time": 100,
    "max_level": 20,
    "difficulty": 18,
    "spell_class": "MAGUS"
  },
  {
    "id": "magus_star_fall_ter3_lesser",
    "type": "SPELL",
    "name": "小陨石·地形3",
    "description": "只是小陨石的附属法术。",
    "flags": [ "SOMATIC", "VERBAL", "CONCENTRATE" ],
    "valid_targets": [ "ground" ],
    "effect": "ter_transform",
    "effect_str": "mag_star_fall_hole",
    "min_damage": 2, "max_damage": 2,
    "min_aoe": 2, "max_aoe": 5, "aoe_increment": 0.15,
   "base_casting_time": 100,
    "max_level": 20,
    "difficulty": 18,
    "spell_class": "MAGUS"
  },
  {
    "id": "magus_star_fall_ter4_lesser",
    "type": "SPELL",
    "name": "小陨石·地形4",
    "description": "只是小陨石的附属法术。",
    "flags": [ "SOMATIC", "VERBAL", "CONCENTRATE" ],
    "valid_targets": [ "ground" ],
    "effect": "ter_transform",
    "effect_str": "mag_star_fall_hole",
    "min_aoe": 1, "max_aoe": 4, "aoe_increment": 0.15,
   "base_casting_time": 100,
    "max_level": 20,
    "difficulty": 18,
    "spell_class": "MAGUS"
  }
]
