[
  {
    "id": "space_element_flat",
    "type": "SPELL",
    "name": "时空湮灭",
    "description": "只是时空元素的类法术能力。",
    "valid_targets": [ "hostile", "ground" ],
    "effect": "target_attack",
    "extra_effects": [ { "id": "space_element_flat_side_effect" } ],
    "flags": [ "SOMATIC" ],
    "spell_class": "EARTHSHAPER",
    "energy_source": "MANA",
    "difficulty": 1,
    "base_casting_time": 100, 
    "max_level": 1,
    "damage_type": "none",
    "min_damage": 50,
    "max_damage": 50,
    "min_aoe": 5, "max_aoe": 5, 
    "min_range": 2, "max_range": 2
  },
  {
    "id": "space_element_flat_side_effect",
    "type": "SPELL",
    "name": "时空湮灭·尘归尘",
    "description": "只是时空湮灭的附属法术。",
    "valid_targets": [ "ground" ],
    "effect": "ter_transform",
    "effect_str": "earth_flat_dirt",
    "flags": [ "SOMATIC" ],
    "energy_source": "MANA",
    "difficulty": 1,
    "max_level": 11,
    "min_damage": 1, "max_damage": 1,
    "min_aoe": 5, "max_aoe": 5,
    "min_range": 2, "max_range": 2
  },
  {
    "id": "wind_blade",
    "type": "SPELL",
    "name": "风刃",
    "description": "只是风元素的类法术能力。",
    "valid_targets": [ "hostile" ],
    "flags": [ "NO_LEGS" ],
    "damage_type": "cut",
    "min_damage": 30,
    "max_damage": 150,
    "damage_increment": 4,
    "max_level": 30,
    "min_range": 3,
    "max_range": 60,
    "range_increment": 4,
    "effect": "projectile_attack"
  },
  {
    "id": "blood_suck",
    "type": "SPELL",
    "name": "Blood Suck",
    "description": "Sucks blood from one foe.",
    "valid_targets": [ "hostile" ],
    "flags": [ "NO_HANDS", "NO_LEGS" ],
    "damage_type": "stab",
    "min_damage": 5,
    "max_damage": 10,
    "damage_increment": 1,
    "max_level": 5,
    "min_range": 1,
    "max_range": 2,
    "range_increment": 0.2,
    "effect": "projectile_attack",
    "extra_effects": [ { "id": "light_healing", "hit_self": true } ]
  },
  {
    "id": "rocket_punch",
    "type": "SPELL",
    "name": "Rocket Punch",
    "description": "Ejects giant fist from arm.",
    "valid_targets": [ "hostile" ],
    "flags": [ "NO_LEGS" ],
    "damage_type": "bash",
    "min_damage": 30,
    "max_damage": 40,
    "damage_increment": 2,
    "max_level": 5,
    "min_range": 1,
    "max_range": 2,
    "range_increment": 0.2,
    "effect": "projectile_attack"
  },
  {
    "id": "gas_attack",
    "type": "SPELL",
    "name": "Gas Attack",
    "description": "Spreads toxic gas around itself.",
    "valid_targets": [ "self", "hostile", "ground" ],
    "flags": [ "NO_HANDS", "NO_LEGS" ],
    "damage_type": "bio",
    "min_damage": 1,
    "max_damage": 1,
    "max_level": 5,
    "min_range": 1,
    "max_range": 3,
    "range_increment": 0.2,
    "effect": "target_attack",
    "field_id": "fd_toxic_gas",
    "field_chance": 10,
    "min_field_intensity": 1,
    "max_field_intensity": 1,
    "min_duration": 1000,
    "max_duration": 6000,
    "duration_increment": 1000,
    "min_aoe": 1,
    "max_aoe": 2,
    "aoe_increment": 0.2
  },
  {
    "type": "SPELL",
    "id": "mon_demon_fireball",
    "name": "Demon Fireball",
    "description": "This is a monster only spell.",
    "valid_targets": [ "hostile", "ground", "ally", "self" ],
    "min_damage": 15,
    "max_damage": 15,
    "min_range": 12,
    "max_range": 12,
    "min_aoe": 2,
    "max_aoe": 2,
    "base_casting_time": 120,
    "effect": "projectile_attack",
    "damage_type": "fire"
  },
  {
    "type": "SPELL",
    "id": "mon_summon_demon_spiderlings",
    "name": "Summon Demon Spiderlings",
    "description": "Summons 4 permanent demon spiderlings.",
    "flags": [ "HOSTILE_SUMMON", "PERMANENT" ],
    "valid_targets": [ "ground" ],
    "min_damage": 4,
    "max_damage": 4,
    "min_range": 5,
    "max_range": 5,
    "min_aoe": 3,
    "max_aoe": 3,
    "base_casting_time": 160,
    "effect": "summon",
    "effect_str": "mon_demon_spiderling"
  }
]
