[
  {
    "id": "storm_pro_body",
    "type": "SPELL",
    "name": "大气神盾",
    "description": "基于【奥术洪流】法术模型设计的气元素干扰护盾，暂时提高施法者的近身闪避次数，避无可避时它的护盾反馈机制会制造球状闪电或者触发一次闪现。“说实在的这玩意儿一点都不盾。”",
    "valid_targets": [ "self" ],
    "flags": [ "VERBAL", "SOMATIC" ],
    "effect": "spawn_item",
    "effect_str": "storm_charge_aura",
    "spell_class": "STORMSHAPER",
    "energy_source": "MANA",
    "difficulty": 10,
    "base_casting_time": 200,
    "base_energy_cost": 400,
    "max_level": 30,
    "min_duration": 10000,
    "max_duration": 40000,
    "duration_increment": 1000
  },
  {
    "id": "summon_winder_elder",
    "type": "SPELL",
    "name": "风元素盟约",
    "description": "只是元素盟约·风暴（物品）的附带法术。",
    "valid_targets": [ "self", "ground" ],
    "min_damage": 1, "max_damage": 2,
    "effect": "spawn_item", "effect_str": "storm_mark_greater",
    "extra_effects": [ { "id": "summon_winder_elders" } ],
    "base_casting_time": 300,
    "min_duration": 1, "max_duration": 1,
    "min_range": 5, "max_range": 5,
    "difficulty": 0, "max_level": 1,
    "spell_class": "STORMSHAPER",
    "flags": [ "PERMANENT", "NO_LEGS", "CONCENTRATE", "RANDOM_DAMAGE" ]
  },
  {
    "type": "SPELL", "id": "summon_winder_elders",
    "name": "召唤风元素长老", "description": "只是风元素盟约的附属法术。",
    "valid_targets": [ "ground" ],
    "effect": "none", "base_casting_time": 100,
    "flags": [ "WONDER" ],
    "min_damage": 1, "max_damage": 1,
    "extra_effects": [
      { "id": "summon_winder_elder1" },
      { "id": "summon_winder_elder2" },
      { "id": "summon_winder_elder3" } ]
  },
  {
    "id": "summon_winder_elder1", "type": "SPELL",
    "name": "召唤风元素长老1", "description": "只是召唤风元素长老的附属法术。",
    "valid_targets": [ "ground" ],
    "flags": [ "SOMATIC", "VERBAL", "CONCENTRATE", "LOUD" ],
    "effect": "summon", "effect_str": "mon_winder_elder1",
    "spell_class": "STORMSHAPER",
    "difficulty": 1, "max_level": 1, "base_casting_time": 100,
    "min_damage": 1, "max_damage": 1, "min_range": 5, "max_range": 5,
    "min_aoe": 3, "max_aoe": 3, "min_duration": 30000, "max_duration": 30000
  },
  {
    "id": "summon_winder_elder2", "type": "SPELL",
    "name": "召唤风元素长老2", "description": "只是召唤风元素长老的附属法术。",
    "valid_targets": [ "ground" ],
    "flags": [ "SOMATIC", "VERBAL", "CONCENTRATE", "LOUD" ],
    "effect": "summon", "effect_str": "mon_winder_elder2",
    "spell_class": "STORMSHAPER",
    "difficulty": 1, "max_level": 1, "base_casting_time": 100,
    "min_damage": 1, "max_damage": 1, "min_range": 5, "max_range": 5,
    "min_aoe": 3, "max_aoe": 3, "min_duration": 30000, "max_duration": 30000
  },
  {
    "id": "summon_winder_elder3", "type": "SPELL",
    "name": "召唤风元素长老3", "description": "只是召唤风元素长老的附属法术。",
    "valid_targets": [ "ground" ],
    "flags": [ "SOMATIC", "VERBAL", "CONCENTRATE", "LOUD" ],
    "effect": "summon", "effect_str": "mon_winder_elder3",
    "spell_class": "STORMSHAPER",
    "difficulty": 1, "max_level": 1, "base_casting_time": 100,
    "min_damage": 1, "max_damage": 1, "min_range": 5, "max_range": 5,
    "min_aoe": 3, "max_aoe": 3, "min_duration": 30000, "max_duration": 30000
  },
  {
    "id": "summon_winder_m", "type": "SPELL",
    "name": "风元素契约", "description": "只是风元素契约（物品）的附带法术。",
    "valid_targets": [ "ground" ],
    "flags": [ "SOMATIC", "VERBAL", "CONCENTRATE", "LOUD", "RANDOM_DAMAGE", "RANDOM_DURATION" ],
    "effect": "summon", "effect_str": "mon_winder_m",
    "extra_effects": [ { "id": "create_storm_mark_m" } ],
    "spell_class": "STORMSHAPER",
    "difficulty": 1, "max_level": 1,
    "base_casting_time": 300,
    "min_damage": 1, "max_damage": 2,
    "min_range": 5, "max_range": 5,
    "min_aoe": 3, "max_aoe": 3,
    "min_duration": 30000,
    "max_duration": 180000
  },
  {
    "id": "create_storm_mark_m",
    "type": "SPELL",
    "name": "风暴纹章",
    "description": "只是风元素契约的附属法术",
    "valid_targets": [ "self" ],
    "min_damage": 1, "max_damage": 2,
    "effect": "spawn_item", "effect_str": "storm_mark_m",
    "min_duration": 1, "max_duration": 1,
    "difficulty": 1, "max_level": 1,
    "spell_class": "STORMSHAPER",
    "flags": [ "SOMATIC", "PERMANENT", "NO_LEGS", "CONCENTRATE", "RANDOM_DAMAGE" ]
  },
  {
    "id": "summon_winder_lesser",
    "type": "SPELL",
    "name": "次级风元素契约",
    "description": "古老的临战摇人法术系列之一，从风元素界召来几名小朋友为你助拳。",
    "valid_targets": [ "ground" ],
    "flags": [ "SOMATIC", "VERBAL", "CONCENTRATE", "LOUD" ],
    "effect": "summon", "effect_str": "mon_winder_lesser",
    "extra_effects": [ { "id": "create_storm_mark_lesser" } ],
    "spell_class": "STORMSHAPER",
    "energy_source": "MANA",
    "difficulty": 8, "max_level": 25,
    "base_casting_time": 300, "casting_time_increment": -5, "final_casting_time": 200,
    "base_energy_cost": 400, "energy_increment": -2, "final_energy_cost": 360,
    "min_damage": 1, "max_damage": 4, "damage_increment": 0.15,
    "min_range": 1, "max_range": 5, "range_increment": 0.25,
    "min_aoe": 3, "max_aoe": 3,
    "min_duration": 3000, "max_duration": 12000, "duration_increment": 450,
    "learn_spells": { "create_rune_stormlord": 24 }
  },
  {
    "id": "create_storm_mark_lesser",
    "type": "SPELL",
    "name": "风暴印记",
    "description": "只是次级风元素契约的附属法术",
    "valid_targets": [ "self" ],
    "min_damage": 1,
    "max_damage": 2,
    "effect": "spawn_item",
    "effect_str": "storm_mark_lesser",
    "min_duration": 1,
    "max_duration": 1,
    "difficulty": 1,
    "max_level": 1,
    "spell_class": "STORMSHAPER",
    "flags": [ "SOMATIC", "PERMANENT", "NO_LEGS", "CONCENTRATE", "RANDOM_DAMAGE" ]
  },
  {
    "id": "storm_superelec_gun",
    "type": "SPELL",
    "name": "超电磁炮",
    "description": "满足年轻法师亚文化爱好的时髦法术，全名是【十万三千伏特幻想击破超魔法的电磁炮】，不过新英格兰没有合适的硬币弹药。“你指间的〇光，（下略）”",
    "valid_targets": [ "self" ],
    "effect": "spawn_item",
    "effect_str": "Superelec_gun",
    "energy_source": "MANA",
    "difficulty": 10,
    "spell_class": "STORMSHAPER",
    "max_level": 35,
    "flags": [ "CONCENTRATE", "VERBAL", "NO_LEGS" ],
    "base_casting_time": 350,
    "base_energy_cost": 800,
    "min_duration": 6000,
    "max_duration": 30000,
    "duration_increment": 700,
    "learn_spells": { "create_rune_stormlord": 25 }
  },
  {
    "id": "storm_flash",
    "type": "SPELL",
    "name": "风暴闪现",
    "description": "借助风元素的力量提升速度，并随机闪现至附近地点，其原理大致是短暂地进入元素界与你所处位面的维管通道然后再钻出来。“小心异域风暴。”",
    "valid_targets": [ "self" ],
    "effect": "target_attack",
    "effect_str": "wind_bless",
    "base_casting_time": 150,
    "base_energy_cost": 200,
    "energy_source": "MANA",
    "spell_class": "STORMSHAPER",
    "difficulty": 6,
    "max_level": 25,
    "flags": [ "SOMATIC", "CONCENTRATE", "VERBAL", "NO_LEGS" ],
    "//": "duration is in moves",
    "min_duration": 6000,
    "max_duration": 12000,
    "duration_increment": 240,
    "field_id": "fd_electricity",
    "field_chance": 3,
    "min_field_intensity": 1,
    "max_field_intensity": 3,
    "field_intensity_increment": 0.1,
    "field_intensity_variance": 0.5,
    "extra_effects": [ { "id": "storm_tunnel" } ],
    "learn_spells": { "create_rune_stormlord": 20 }
  },
  {
    "id": "storm_tunnel",
    "type": "SPELL",
    "name": "风暴隧穿",
    "description": "只是风暴闪现的附属法术",
    "valid_targets": [ "none" ],
    "flags": [ "NO_LEGS", "NO_HANDS", "SILENT" ],
    "effect": "teleport_random",
    "spell_class": "STORMSHAPER",
    "energy_source": "MANA",
    "difficulty": 1,
    "max_level": 1,
    "base_casting_time": 100,
    "base_energy_cost": 100,
    "min_aoe": 5,
    "max_aoe": 5,
    "min_range": 15,
    "max_range": 15
  },
  {
    "id": "lightning_flog",
    "type": "SPELL",
    "name": "雷电鞭笞",
    "description": "甩出一道闪电构成的无形长鞭，伤害沿途所有敌人乃至盟友，并留下电弧火花。",
    "effect": "cone_attack",
    "valid_targets": [ "ally", "hostile", "ground" ],
    "flags": [ "SOMATIC", "VERBAL" ],
    "max_level": 25,
    "min_damage": 5, "max_damage": 80, "damage_increment": 3,
    "min_range": 5, "max_range": 30, "range_increment": 1,
    "min_aoe": 2, "max_aoe": 2,
    "spell_class": "STORMSHAPER",
    "base_casting_time": 100, "final_casting_time": 75, "casting_time_increment": -1,
    "base_energy_cost": 150, "final_energy_cost": 80, "energy_increment": -3,
    "energy_source": "MANA",
    "difficulty": 10,
    "damage_type": "electric",
    "field_id": "fd_electricity", "field_chance": 1,
    "min_field_intensity": 2, "max_field_intensity": 3,
    "field_intensity_increment": 0.1, "field_intensity_variance": 0.5,
    "learn_spells": { "create_rune_stormlord": 20, "lightning_flog_ex": 24 }
  },
  {
    "id": "lightning_flog_ex",
    "type": "SPELL",
    "name": "天罚蛇首鞭",
    "description": "甩出一道闪电构成的无形长鞭，伤害沿途所有敌人乃至盟友，并留下电弧火花。随着法术等级提升，分裂出多道雷鞭打击附近的敌人。法术灵感来自一柄亚神器多头蛇首鞭，你导师异位面游历的战利品。他对那场战斗三缄其口，并将鞭子锁进高塔宝库最深处，终生再未踏出本位面一步。",
    "effect": "cone_attack",
    "valid_targets": [ "ally", "hostile", "ground" ],
    "flags": [ "SOMATIC", "VERBAL" ],
    "max_level": 25,
    "min_damage": 15, "max_damage": 90, "damage_increment": 3,
    "min_range": 15, "max_range": 30, "range_increment": 0.6,
    "min_aoe": 2, "max_aoe": 2,
    "spell_class": "STORMSHAPER",
    "base_casting_time": 75, "final_casting_time": 125, "casting_time_increment": 1,
    "base_energy_cost": 100, "final_energy_cost": 400, "energy_increment": 12,
    "energy_source": "MANA",
    "difficulty": 12,
    "damage_type": "electric",
    "field_id": "fd_electricity", "field_chance": 1,
    "min_field_intensity": 2, "max_field_intensity": 3,
    "field_intensity_increment": 0.1, "field_intensity_variance": 0.5,
    "extra_effects": [ { "id": "lightning_flog_ex_side_effect" } ]
  },
  {
    "id": "lightning_flog_ex_side_effect",
    "type": "SPELL",
    "name": "天罚蛇首鞭·法术效果",
    "description": "只是天罚蛇首鞭的附属法术。",
    "valid_targets": [ "self" ],
    "effect": "none",
    "spell_class": "STORMSHAPER",
    "difficulty": 1,
    "base_casting_time": 100,
    "max_level": 25,
    "flags": [ "WONDER" ],
    "min_damage": 0, "max_damage": 8, "damage_increment": 0.3,
    "extra_effects": [
          { "id": "lightning_flog_ex_sef" }, { "id": "lightning_flog_ex_sef" }, { "id": "lightning_flog_ex_sef" },
          { "id": "lightning_flog_ex_sef" }, { "id": "lightning_flog_ex_sef" }, { "id": "lightning_flog_ex_sef" },
          { "id": "lightning_flog_ex_sef" }, { "id": "lightning_flog_ex_sef" } ]
  },
  {
    "id": "lightning_flog_ex_sef",
    "type": "SPELL",
    "name": "次级天罚蛇首鞭",
    "description": "只是天罚蛇首鞭·法术效果的附属法术。",
    "effect": "projectile_attack",
    "valid_targets": [ "hostile" ],
    "flags": [ "SOMATIC", "VERBAL", "RANDOM_TARGET" ],
    "max_level": 25,
    "min_damage": 5, "max_damage": 80, "damage_increment": 3,
    "min_range": 15, "max_range": 30, "range_increment": 0.6,
    "base_casting_time": 100,
    "difficulty": 1,
    "damage_type": "electric",
    "extra_effects": [ { "id": "lightning_flog_ex_sef_fd" } ]
  },
  {
    "id": "lightning_flog_ex_sef_fd",
    "type": "SPELL",
    "name": "次级天罚蛇首鞭·地面效果",
    "description": "只是天罚蛇首鞭的附属法术。",
    "effect": "cone_attack",
    "valid_targets": [ "ground" ],
    "flags": [ "SOMATIC", "VERBAL", "SILENT" ],
    "max_level": 25,
    "min_damage": 0, "max_damage": 0,
    "min_range": 15, "max_range": 30, "range_increment": 0.6,
    "min_aoe": 2, "max_aoe": 2,
    "base_casting_time": 100,
    "difficulty": 1,
    "damage_type": "electric",
    "field_id": "fd_electricity", "field_chance": 1,
    "min_field_intensity": 2, "max_field_intensity": 3,
    "field_intensity_increment": 0.1, "field_intensity_variance": 0.5
  },
  {
    "id": "jolt",
    "type": "SPELL",
    "name": "Jolt",
    "description": "A short-ranged fan of electricity shoots from your fingers.",
    "effect": "cone_attack",
    "valid_targets": [ "ally", "hostile", "ground" ],
    "flags": [ "LOUD", "SOMATIC" ],
    "max_level": 20,
    "min_damage": 8,
    "max_damage": 65,
    "damage_increment": 4,
    "min_range": 3,
    "max_range": 5,
    "range_increment": 0.25,
    "min_aoe": 25,
    "max_aoe": 60,
    "aoe_increment": 5,
    "spell_class": "STORMSHAPER",
    "base_casting_time": 100,
    "base_energy_cost": 150,
    "energy_source": "MANA",
    "difficulty": 2,
    "sound_description": "a crackle",
    "damage_type": "electric",
    "learn_spells": { "create_morb_elec_claw": 12, "lightning_bolt": 18 }
  },
  {
    "id": "create_morb_elec_claw",
    "type": "SPELL",
    "name": "电爪术",
    "description": "为你的一只手附魔，使近战获得微弱的风暴之力加持。这种小戏法强度不高，但运用得当足以拯救世界。“据说某位大贤者在垂暮之年，以一记闪光术加电爪术制服了灭世魔王兼昔日好友。”",
    "valid_targets": [ "self" ],
    "flags": [ "NO_LEGS", "SOMATIC", "VERBAL" ],
    "effect": "spawn_item",
    "effect_str": "morb_elec_claw",
    "min_damage": 1, "max_damage": 1,
    "min_duration": 10000, "max_duration": 30000, "duration_increment": 1000,
    "max_level": 20,
    "spell_class": "STORMSHAPER",
    "energy_source": "MANA",
    "base_casting_time": 100,
    "base_energy_cost": 100, "final_energy_cost": 200, "energy_increment": 5,
    "difficulty": 4
  },
  {
    "id": "lightning_bolt",
    "type": "SPELL",
    "name": "Lightning Bolt",
    "description": "The goto spell for many Stormshapers, this iconic spell does just what you expect: you shoot lightning from your fingertips.  However, this lightning is more directed than most lightning, and travels in a line through most non-solid targets.",
    "effect": "cone_attack",
    "valid_targets": [ "ally", "hostile", "ground" ],
    "flags": [ "LOUD", "SOMATIC", "NO_LEGS" ],
    "max_level": 35,
    "min_damage": 8,
    "max_damage": 200,
    "damage_increment": 6,
    "min_range": 4,
    "max_range": 12,
    "range_increment": 0.25,
    "difficulty": 6,
    "min_aoe": 2,
    "max_aoe": 2,
    "spell_class": "STORMSHAPER",
    "base_casting_time": 200,
    "final_casting_time": 100,
    "casting_time_increment": -5,
    "base_energy_cost": 140,
    "field_id": "fd_electricity",
    "min_field_intensity": 3,
    "max_field_intensity": 3,
    "field_chance": 1,
    "field_intensity_increment": 0.1,
    "field_intensity_variance": 0.5,
    "damage_type": "electric",
    "sound_description": "a crackle",
    "energy_source": "MANA",
    "learn_spells": { "protection_elec": 20, "lightning_flog": 25 }
  },
  {
    "id": "protection_elec",
    "type": "SPELL",
    "name": "环电庇护",
    "description": "你发明了一个光环法术，有效降低玩电的风险。书上没有记载这招，也许是因为它持续时间太短。",
    "valid_targets": [ "self", "ally" ],
    "effect": "spawn_item",
    "effect_str": "protect_elec",
    "energy_source": "MANA",
    "difficulty": 10,
    "spell_class": "STORMSHAPER",
    "max_level": 20,
    "flags": [ "CONCENTRATE", "VERBAL", "NO_LEGS" ],
    "base_casting_time": 350,
    "base_energy_cost": 275,
    "min_duration": 1000,
    "max_duration": 5000,
    "duration_increment": 200,
    "learn_spells": { "create_rune_stormlord": 19 }
  },
  {
    "id": "windstrike",
    "type": "SPELL",
    "name": "Windstrike",
    "description": "A powerful blast of wind slams into anything in front of your outstretched hand.",
    "effect": "cone_attack",
    "effect_str": "downed",
    "affected_body_parts": [ "LEG_L", "LEG_R" ],
    "valid_targets": [ "ally", "hostile", "ground" ],
    "flags": [ "SOMATIC", "NO_LEGS" ],
    "max_level": 35,
    "min_damage": 24,
    "max_damage": 68,
    "damage_increment": 1.5,
    "min_aoe": 30,
    "max_aoe": 60,
    "aoe_increment": 1.4,
    "min_range": 6,
    "max_range": 20,
    "range_increment": 0.4,
    "min_duration": 200,
    "max_duration": 1000,
    "duration_increment": 100,
    "base_casting_time": 125,
    "base_energy_cost": 285,
    "spell_class": "STORMSHAPER",
    "energy_source": "MANA",
    "difficulty": 3,
    "sound_description": "a whoosh",
    "damage_type": "bash",
    "learn_spells": { "summon_winder_lesser": 20, "create_rune_stormlord": 30 }
  },
  {
    "id": "windrun",
    "type": "SPELL",
    "name": "Windrunning",
    "description": "A magical wind pushes you forward as you move, easing your movements and increasing speed.",
    "base_casting_time": 125,
    "base_energy_cost": 100,
    "energy_source": "MANA",
    "spell_class": "STORMSHAPER",
    "difficulty": 2,
    "effect": "target_attack",
    "effect_str": "enchant_windrun",
    "affected_body_parts": [ "TORSO" ],
    "valid_targets": [ "ally", "self" ],
    "flags": [ "CONCENTRATE", "SILENT", "VERBAL", "NO_HANDS" ],
    "max_level": 30,
    "min_duration": 3000,
    "max_duration": 15000,
    "duration_increment": 400,
    "min_range": 1,
    "max_range": 20,
    "range_increment": 1,
    "learn_spells": { "storm_flash": 20, "animist_recovery_wind": 25 }
  },
  {
    "id": "storm_hammer",
    "type": "SPELL",
    "name": "Call Stormhammer",
    "description": "Creates a crackling magical warhammer full of lightning to smite your foes with, and of course, smash things to bits!",
    "valid_targets": [ "self" ],
    "flags": [ "CONCENTRATE", "LOUD", "VERBAL", "NO_LEGS" ],
    "min_damage": 1,
    "max_damage": 1,
    "effect": "spawn_item",
    "effect_str": "stormhammer",
    "energy_source": "MANA",
    "spell_class": "STORMSHAPER",
    "difficulty": 3,
    "max_level": 20,
    "base_casting_time": 150,
    "base_energy_cost": 100,
    "min_duration": 10000,
    "max_duration": 50000,
    "duration_increment": 2000,
    "learn_spells": { "storm_sceptre_projection": 19 }
  },
  {
    "id": "storm_sceptre_projection",
    "type": "SPELL",
    "name": "召唤风暴权杖",
    "description": "你从异界召来某件强大武器的投影。",
    "valid_targets": [ "self" ],
    "flags": [ "CONCENTRATE", "LOUD", "VERBAL", "NO_LEGS" ],
    "min_damage": 1,
    "max_damage": 1,
    "effect": "spawn_item",
    "effect_str": "storm_sceptre_projection",
    "energy_source": "MANA",
    "spell_class": "STORMSHAPER",
    "difficulty": 10,
    "max_level": 20,
    "base_casting_time": 150,
    "base_energy_cost": 300,
    "min_duration": 10000,
    "max_duration": 50000,
    "duration_increment": 2000,
    "learn_spells": { "create_rune_stormlord": 19 }
  },
  {
    "id": "create_rune_stormshaper",
    "type": "SPELL",
    "name": "Stormshaper Rune",
    "description": "This ritual creates a small pebble attuned to Stormshapers.  You can use the rune as a catalyst for recipes.",
    "valid_targets": [ "self" ],
    "min_damage": 1,
    "max_damage": 1,
    "effect": "spawn_item",
    "effect_str": "rune_stormshaper",
    "base_casting_time": 5000,
    "base_energy_cost": 5,
    "min_duration": 1,
    "max_duration": 2,
    "duration_increment": 1,
    "difficulty": 0,
    "max_level": 1,
    "spell_class": "STORMSHAPER",
    "energy_source": "MANA",
    "flags": [ "PERMANENT", "NO_LEGS", "CONCENTRATE" ]
  },
  {
    "id": "create_rune_stormlord",
    "type": "SPELL",
    "name": "风暴主宰符文",
    "description": "你去风元素界没准能混出名堂，可惜这里是大灾变后的新英格兰。这枚符文可用来制造高阶魔法物品。",
    "valid_targets": [ "self" ],
    "min_damage": 1,
    "max_damage": 1,
    "effect": "spawn_item",
    "effect_str": "rune_stormlord",
    "base_casting_time": 500000,
    "base_energy_cost": 1000,
    "min_duration": 1,
    "max_duration": 2,
    "duration_increment": 1,
    "difficulty": 10,
    "max_level": 1,
    "spell_class": "STORMSHAPER",
    "energy_source": "MANA",
    "flags": [ "SOMATIC", "LOUD", "PERMANENT", "NO_LEGS", "CONCENTRATE" ]
  },
  {
    "id": "lightning_blast",
    "type": "SPELL",
    "name": "Lightning Blast",
    "description": "You fire a small concentrated ball of lightning at the target.  The electricity diffuses quickly, so it doesn't do much damage, but you're able to fire off several quick ones in a row.",
    "valid_targets": [ "hostile", "ground", "self", "ally" ],
    "flags": [ "LOUD", "SOMATIC", "NO_LEGS" ],
    "min_aoe": 1,
    "max_aoe": 2,
    "aoe_increment": 0.05,
    "max_level": 35,
    "min_damage": 4,
    "max_damage": 100,
    "min_range": 6,
    "max_range": 12,
    "range_increment": 0.2,
    "damage_increment": 3,
    "difficulty": 10,
    "spell_class": "STORMSHAPER",
    "energy_source": "MANA",
    "base_casting_time": 120,
    "final_casting_time": 50,
    "casting_time_increment": -5,
    "base_energy_cost": 55,
    "damage_type": "electric",
    "sound_description": "a crackle",
    "effect": "projectile_attack",
    "learn_spells": { "lightning_storm": 25 }
  },
  {
    "id": "lightning_storm",
    "type": "SPELL",
    "name": "Lightning Storm",
    "description": "You call the power of the sky to strike the earth.  Several lightning blasts fire from your finger tips to strike the target.",
    "valid_targets": [ "hostile", "ground", "self", "ally" ],
    "flags": [ "CONCENTRATE", "LOUD", "VERBAL", "SOMATIC", "NO_LEGS" ],
    "min_aoe": 1,
    "max_aoe": 2,
    "aoe_increment": 0.05,
    "max_level": 35,
    "min_damage": 30,
    "max_damage": 150,
    "min_range": 6,
    "max_range": 8,
    "range_increment": 0.01,
    "damage_increment": 4,
    "difficulty": 20,
    "spell_class": "STORMSHAPER",
    "energy_source": "MANA",
    "base_energy_cost": 500,
    "base_casting_time": 300,
    "damage_type": "electric",
    "effect": "projectile_attack",
    "extra_effects": [ { "id": "lightning_blast" }, { "id": "lightning_blast" }, { "id": "lightning_blast" } ],
    "learn_spells": { "create_rune_stormlord": 10 }
  },
  {
    "id": "stormshaper_ionization",
    "type": "SPELL",
    "name": "Ionization",
    "description": "By manipulating the charge in the air, you can conjure a sharp snap of lightning over a wide area.  While its destructive potential is a far cry from natural lightning, the light and thunderclap produced will leave your foes reeling.",
    "valid_targets": [ "hostile", "ground", "self", "ally" ],
    "effect": "target_attack",
    "extra_effects": [ { "id": "stormshaper_ionization_thunderclap" } ],
    "flags": [ "SOMATIC", "NO_LEGS" ],
    "energy_source": "MANA",
    "spell_class": "STORMSHAPER",
    "difficulty": 8,
    "base_casting_time": 350,
    "final_casting_time": 200,
    "casting_time_increment": -5,
    "base_energy_cost": 300,
    "max_level": 30,
    "min_damage": 15,
    "max_damage": 60,
    "damage_increment": 1.5,
    "damage_type": "electric",
    "min_aoe": 7,
    "max_aoe": 7,
    "min_range": 12,
    "max_range": 24,
    "range_increment": 0.4,
    "field_id": "fd_electricity",
    "field_chance": 3,
    "min_field_intensity": 1,
    "max_field_intensity": 3,
    "field_intensity_increment": 0.1,
    "field_intensity_variance": 0.5,
    "learn_spells": { "lightning_blast": 20 }
  },
  {
    "type": "SPELL",
    "id": "stormshaper_ionization_thunderclap",
    "name": "Ionization Thunderclap",
    "description": "Adds the actual flashbang effect.",
    "valid_targets": [ "hostile", "ground", "self", "ally" ],
    "effect": "flashbang",
    "flags": [ "LOUD" ],
    "max_level": 30,
    "min_range": 12,
    "max_range": 24,
    "range_increment": 0.4
  },
  {
    "id": "stormshaper_wall_of_fog",
    "type": "SPELL",
    "name": "Wall of Fog",
    "description": "Draws forth a broad wall of thick fog.  While the sudden force of air pressure will floor any enemies caught in it, the conjuration is otherwise harmless.",
    "valid_targets": [ "hostile", "ground", "ally" ],
    "effect": "line_attack",
    "effect_str": "downed",
    "flags": [ "SOMATIC", "NO_LEGS" ],
    "energy_source": "MANA",
    "spell_class": "STORMSHAPER",
    "difficulty": 2,
    "base_casting_time": 125,
    "base_energy_cost": 150,
    "max_level": 20,
    "min_aoe": 5,
    "max_aoe": 15,
    "aoe_increment": 0.5,
    "min_range": 2,
    "max_range": 4,
    "range_increment": 0.1,
    "min_duration": 200,
    "max_duration": 800,
    "duration_increment": 30,
    "field_id": "fd_fog",
    "field_chance": 1,
    "min_field_intensity": 3,
    "max_field_intensity": 3,
    "field_intensity_variance": 1,
    "learn_spells": { "dark_word_stun": 15, "earthshaper_wall_of_mud": 19 }
  }
]
