[
  {
    "id": "tech_space_recycler",
    "type": "SPELL",
    "name": "空间锻炉",
    "description": "你撕裂空间，从某处虚空战场前线“借”来一座锻炉，它可以锻压金属。随炉而来的时空守卫们看上去不在意你的行为，它们专注于阻止混乱生物接近锻炉。“老师把我丢出法师塔，因为燃烧之眼瞪了十来个学徒，那些蓝大个儿又湮灭了他最喜欢的工作台……”",
    "valid_targets": [ "ground" ],
    "effect": "ter_transform",
    "effect_str": "tech_sp_re",
    "flags": [ "SOMATIC" ],
    "spell_class": "TECHNOMANCER",
    "energy_source": "MANA",
    "difficulty": 10,
    "base_casting_time": 300,
    "base_energy_cost": 600, "final_energy_cost": 300, "energy_increment": -20,
    "max_level": 15,
    "min_range": 2, "max_range": 2,
    "extra_effects": [ { "id": "light_of_space_recycler" }, { "id": "summon_space_element_guard" } ]
  },
  {
    "id": "light_of_space_recycler",
    "type": "SPELL",
    "name": "空间锻炉·时空畸变",
    "description": "只是空间锻炉的附属法术。",
    "effect": "target_attack",
    "valid_targets": [ "self", "ally", "hostile", "ground" ],
    "flags": [ "SOMATIC", "NO_LEGS" ],
    "max_level": 1,
    "min_range": 1,
    "max_range": 1,
    "difficulty": 1,
    "base_casting_time": 200,
    "base_energy_cost": 100,
    "field_id": "fd_space_ele_tear",
    "min_field_intensity": 3,
    "max_field_intensity": 3,
    "field_chance": 1,
    "energy_source": "MANA"
  },
  {
    "id": "summon_space_element_guard",
    "type": "SPELL",
    "name": "空间锻炉·时空守卫",
    "description": "只是空间锻炉的附属法术。",
    "valid_targets": [ "ground" ],
    "flags": [ "SOMATIC", "VERBAL", "CONCENTRATE" ],
    "effect": "summon",
    "effect_str": "mon_space_element_guard",
    "spell_class": "TECHNOMANCER",
    "difficulty": 1,
    "max_level": 1,
    "min_damage": 2, "max_damage": 2,
    "min_range": 2, "max_range": 2,
    "min_aoe": 2, "max_aoe": 2,
    "min_duration": 30000, "max_duration": 30000
  },
  {
    "id": "create_rune_mechanical_spirit",
    "type": "SPELL",
    "name": "机械之魂符文",
    "description": "鸣钟三声，赞美机魂。这枚符文可用来制造高阶魔法物品。",
    "valid_targets": [ "self" ],
    "min_damage": 1,
    "max_damage": 1,
    "effect": "spawn_item",
    "effect_str": "rune_mechanical_spirit",
    "base_casting_time": 500000,
    "base_energy_cost": 1000,
    "min_duration": 1,
    "max_duration": 2,
    "duration_increment": 1,
    "difficulty": 10,
    "max_level": 1,
    "spell_class": "TECHNOMANCER",
    "energy_source": "MANA",
    "flags": [ "SOMATIC", "LOUD", "PERMANENT", "NO_LEGS", "CONCENTRATE" ]
  },
  {
    "id": "bless",
    "type": "SPELL",
    "name": "Bless",
    "description": "A spell of blessing that gives you energy and boosts your abilities.",
    "valid_targets": [ "self", "ally" ],
    "flags": [ "VERBAL", "SOMATIC", "NO_LEGS" ],
    "effect": "target_attack",
    "effect_str": "bless",
    "affected_body_parts": [ "TORSO" ],
    "base_casting_time": 100,
    "base_energy_cost": 100,
    "energy_source": "MANA",
    "spell_class": "TECHNOMANCER",
    "difficulty": 1,
    "max_level": 15,
    "min_aoe": 0,
    "max_aoe": 5,
    "aoe_increment": 0.1,
    "min_range": 1,
    "max_range": 10,
    "range_increment": 2,
    "//": "duration is in moves",
    "min_duration": 6000,
    "max_duration": 10000,
    "duration_increment": 400,
    "learn_spells": { "create_morb_reaction_bless": 14 }
  },
  {
    "id": "invisibility",
    "type": "SPELL",
    "name": "Invisibility",
    "description": "Creates a magical field that hides your visual presence to others.  Colloquially known as invisibility, but without all the science mumbo jumbo.",
    "message": "To the outside world, your body fades away and you cease to exist!",
    "valid_targets": [ "self" ],
    "effect": "target_attack",
    "effect_str": "invisibility",
    "spell_class": "TECHNOMANCER",
    "difficulty": 4,
    "base_casting_time": 100,
    "base_energy_cost": 400,
    "energy_source": "MANA",
    "min_duration": 1250,
    "max_duration": 6000,
    "duration_increment": 250,
    "max_level": 20,
    "learn_spells": { "illusion_body": 17 }
  },
  {
    "id": "holy_blade",
    "type": "SPELL",
    "name": "Holy Blade",
    "description": "This blade of light will cut through any evil it makes contact with!",
    "valid_targets": [ "self" ],
    "flags": [ "VERBAL", "NO_LEGS", "CONCENTRATE" ],
    "min_range": 0,
    "max_range": 0,
    "min_damage": 1,
    "max_damage": 1,
    "effect": "spawn_item",
    "effect_str": "longsword",
    "base_casting_time": 350,
    "base_energy_cost": 375,
    "min_duration": 3000,
    "max_duration": 9000,
    "duration_increment": 3000,
    "difficulty": 5,
    "max_level": 20,
    "spell_class": "TECHNOMANCER",
    "energy_source": "MANA",
    "learn_spells": { "space_blade": 15 }
  },
  {
    "id": "space_blade",
    "type": "SPELL",
    "name": "次元之刃",
    "description": "召唤一柄强力的能量剑，每次挥剑都比上一次更加迅捷。满足年轻法师亚文化爱好的时髦法术，科技学派高塔全体学徒历时三年呕心沥血荣誉出品。研发团队在法术发布会上试图当场给剑赋名，但被台下的导师阻止了。“夜露死苦，啊！”（电击声",
    "valid_targets": [ "self" ],
    "flags": [ "VERBAL", "NO_LEGS", "CONCENTRATE" ],
    "min_range": 0, "max_range": 0,
    "min_damage": 1, "max_damage": 1,
    "effect": "spawn_item", "effect_str": "MG_light_sword",
    "base_casting_time": 350,
    "base_energy_cost": 300, "final_energy_cost": 500, "energy_increment": 10,
    "min_duration": 10000, "max_duration": 30000, "duration_increment": 1000,
    "difficulty": 10,
    "max_level": 20,
    "spell_class": "TECHNOMANCER",
    "energy_source": "MANA",
    "learn_spells": { "create_rune_mechanical_spirit": 19 }
  },
  {
    "id": "spirit_armor",
    "type": "SPELL",
    "name": "Spiritual Armor",
    "description": "Evil will not make it through your defenses if your faith is strong enough!",
    "valid_targets": [ "self" ],
    "flags": [ "VERBAL", "NO_LEGS", "CONCENTRATE", "SOMATIC" ],
    "min_range": 0,
    "max_range": 0,
    "min_damage": 1,
    "max_damage": 1,
    "effect": "spawn_item",
    "effect_str": "armor_lightplate",
    "spell_class": "TECHNOMANCER",
    "energy_source": "MANA",
    "difficulty": 5,
    "max_level": 20,
    "base_casting_time": 350,
    "base_energy_cost": 375,
    "min_duration": 3000,
    "max_duration": 9000,
    "duration_increment": 3000,
    "learn_spells": { "mechanus_mind": 15, "heaven_armor": 19 }
  },
  {
    "id": "mechanus_mind",
    "type": "SPELL",
    "name": "机械心智",
    "description": "你的心灵机械化，暂时免疫精神攻击，顺便提升一点点智商。",
    "valid_targets": [ "self" ],
    "flags": [ "VERBAL", "NO_LEGS", "CONCENTRATE", "SOMATIC" ],
    "min_range": 0, "max_range": 0,
    "min_damage": 1, "max_damage": 1,
    "effect": "spawn_item", "effect_str": "morb_mechanus_mind",
    "spell_class": "TECHNOMANCER",
    "energy_source": "MANA",
    "difficulty": 12,
    "max_level": 20,
    "base_casting_time": 350, "base_energy_cost": 400,
    "min_duration": 3000, "max_duration": 12000, "duration_increment": 450,
    "learn_spells": { "create_rune_mechanical_spirit": 19 }
  },
  {
    "id": "create_atomic_lamp",
    "type": "SPELL",
    "name": "Lamp",
    "description": "Creates a magical lamp.",
    "valid_targets": [ "none" ],
    "flags": [ "VERBAL", "NO_LEGS", "CONCENTRATE" ],
    "min_range": 0,
    "max_range": 0,
    "min_damage": 1,
    "max_damage": 1,
    "effect": "spawn_item",
    "effect_str": "magic_lamp",
    "energy_source": "MANA",
    "spell_class": "TECHNOMANCER",
    "difficulty": 2,
    "max_level": 20,
    "base_casting_time": 200,
    "base_energy_cost": 750,
    "min_duration": 100000,
    "max_duration": 1000000,
    "duration_increment": 2000,
    "learn_spells": { "create_morb_daylight_on": 19 }
  },
  {
    "id": "create_morb_daylight_on",
    "type": "SPELL",
    "name": "永昼术",
    "description": "又名“永恒炽阳法球”，科技之力的至高结晶（指照明方面），让最黑暗的夜晚也能变得近乎白昼，但因其严重妨碍手势施法的副作用而饱受其他学派指摘。",
    "valid_targets": [ "none" ],
    "flags": [ "VERBAL", "NO_LEGS", "CONCENTRATE" ],
    "min_range": 0, "max_range": 0,
    "min_damage": 1, "max_damage": 1,
    "effect": "spawn_item", "effect_str": "morb_daylight_on",
    "energy_source": "BIONIC",
    "spell_class": "TECHNOMANCER",
    "difficulty": 10,
    "max_level": 20,
    "base_casting_time": 200,
    "base_energy_cost": 600, "energy_increment": 30, "final_energy_cost": 1200,
    "min_duration": 2160000, "max_duration": 4320000, "duration_increment": 108000,
    "learn_spells": { "create_rune_mechanical_spirit": 19 }
  },
  {
    "id": "recover_bionic_power",
    "type": "SPELL",
    "name": "Manatricity",
    "description": "You have found a way to convert your spiritual energy into power you can use for your bionics.",
    "valid_targets": [ "self" ],
    "flags": [ "NO_LEGS", "NO_HANDS", "SOMATIC", "VERBAL", "SILENT" ],
    "min_damage": 250,
    "damage_increment": 20,
    "max_damage": 550,
    "base_energy_cost": 250,
    "energy_increment": 30,
    "final_energy_cost": 700,
    "max_level": 15,
    "spell_class": "TECHNOMANCER",
    "effect": "recover_energy",
    "effect_str": "BIONIC",
    "energy_source": "MANA",
    "difficulty": 6,
    "base_casting_time": 1000,
    "learn_spells": { "tech_space_recycler": 10 }
  },
  {
    "id": "create_rune_technomancer",
    "type": "SPELL",
    "name": "Technomancer Rune",
    "description": "This ritual creates a small pebble attuned to Technomancers.  You can use the rune as a catalyst for recipes.",
    "valid_targets": [ "self" ],
    "min_damage": 1,
    "max_damage": 1,
    "effect": "spawn_item",
    "effect_str": "rune_technomancer",
    "base_casting_time": 5000,
    "base_energy_cost": 5,
    "min_duration": 1,
    "max_duration": 2,
    "duration_increment": 1,
    "difficulty": 0,
    "max_level": 1,
    "spell_class": "TECHNOMANCER",
    "energy_source": "MANA",
    "flags": [ "PERMANENT", "NO_LEGS", "CONCENTRATE" ]
  },
  {
    "id": "taze",
    "type": "SPELL",
    "name": "Taze",
    "description": "This spell creates a very short range bolt of electricity to shock your foes.",
    "valid_targets": [ "hostile", "ground", "ally" ],
    "flags": [ "NO_LEGS", "LOUD", "SOMATIC" ],
    "effect": "projectile_attack",
    "spell_class": "TECHNOMANCER",
    "energy_source": "BIONIC",
    "difficulty": 1,
    "base_casting_time": 100,
    "casting_time_increment": -1,
    "final_casting_time": 80,
    "base_energy_cost": 50,
    "energy_increment": -1,
    "final_energy_cost": 30,
    "max_level": 20,
    "damage_type": "electric",
    "min_damage": 10,
    "max_damage": 30,
    "damage_increment": 1,
    "min_range": 1,
    "max_range": 4,
    "range_increment": 0.2,
    "learn_spells": { "storm_superelec_gun": 19 }
  },
  {
    "id": "quantum_tunnel_lesser",
    "type": "SPELL",
    "name": "Lesser Quantum Tunnel",
    "description": "This spell manipulates some quantum something or other to tunnel you through a short distance of space, and even matter, unfortunately there's that whole uncertainty thing as to where you come out.  It leaves you a little dazed on the other side as you reorient yourself.",
    "valid_targets": [ "none" ],
    "flags": [ "NO_LEGS", "NO_HANDS", "SILENT" ],
    "effect": "teleport_random",
    "effect_str": "dazed",
    "spell_class": "TECHNOMANCER",
    "energy_source": "MANA",
    "difficulty": 2,
    "max_level": 20,
    "base_casting_time": 100,
    "casting_time_increment": -1,
    "final_casting_time": 80,
    "base_energy_cost": 100,
    "energy_increment": -1,
    "final_energy_cost": 80,
    "min_aoe": 4,
    "max_aoe": 1,
    "aoe_increment": -0.25,
    "min_range": 5,
    "max_range": 10,
    "range_increment": 0.25,
    "min_duration": 100,
    "max_duration": 100,
    "learn_spells": { "animist_holy_teletrap": 15, "storm_flash": 19 }
  },
  {
    "id": "synaptic_stimulation",
    "type": "SPELL",
    "name": "Synaptic Stimulation",
    "description": "This spell stimulates the synapses in your brain beyond normal processing speeds, giving you a large boost in mental processing capability, including enhancing your reflexes, speed, and raw intellectual power.  Use responsibly!",
    "valid_targets": [ "self" ],
    "flags": [ "NO_LEGS", "VERBAL" ],
    "effect": "target_attack",
    "effect_str": "synaptic_stim",
    "spell_class": "TECHNOMANCER",
    "energy_source": "MANA",
    "difficulty": 5,
    "max_level": 20,
    "base_casting_time": 500,
    "casting_time_increment": -2.5,
    "final_casting_time": 450,
    "base_energy_cost": 500,
    "energy_increment": -5,
    "final_energy_cost": 400,
    "min_duration": 180000,
    "max_duration": 360000,
    "duration_increment": 10000,
    "learn_spells": { "create_morb_reaction_qua": 10, "create_morb_reaction_bless": 15, "create_morb_reaction_sti": 19 }
  },
  {
    "id": "create_morb_reaction_qua",
    "type": "SPELL",
    "name": "次级应激护石",
    "description": "召唤一枚应激艾恩石，它能在敌人近身攻击你时触发【次级隧穿术】。",
    "valid_targets": [ "none" ],
    "flags": [ "VERBAL", "NO_LEGS", "CONCENTRATE" ],
    "min_range": 0, "max_range": 0,
    "min_damage": 1, "max_damage": 1,
    "effect": "spawn_item", "effect_str": "morb_reaction_qua",
    "energy_source": "MANA", "spell_class": "TECHNOMANCER",
    "difficulty": 8, "max_level": 20,
    "base_casting_time": 200, "base_energy_cost": 300,
    "min_duration": 20000, "max_duration": 100000, "duration_increment": 4000
  },
  {
    "id": "create_morb_reaction_bless",
    "type": "SPELL",
    "name": "中级应激护石",
    "description": "召唤一枚应激艾恩石，它能在敌人近身攻击你时触发【祝福术】。",
    "valid_targets": [ "none" ],
    "flags": [ "VERBAL", "NO_LEGS", "CONCENTRATE" ],
    "min_range": 0, "max_range": 0,
    "min_damage": 1, "max_damage": 1,
    "effect": "spawn_item", "effect_str": "morb_reaction_bless",
    "energy_source": "MANA", "spell_class": "TECHNOMANCER",
    "difficulty": 8, "max_level": 20,
    "base_casting_time": 200, "base_energy_cost": 400,
    "min_duration": 20000, "max_duration": 100000, "duration_increment": 4000
  },
  {
    "id": "create_morb_reaction_sti",
    "type": "SPELL",
    "name": "高级应激护石",
    "description": "召唤一枚应激艾恩石，它能在敌人近身攻击你时触发【突触刺激】。",
    "valid_targets": [ "none" ],
    "flags": [ "VERBAL", "NO_LEGS", "CONCENTRATE" ],
    "min_range": 0, "max_range": 0,
    "min_damage": 1, "max_damage": 1,
    "effect": "spawn_item", "effect_str": "morb_reaction_sti",
    "energy_source": "MANA", "spell_class": "TECHNOMANCER",
    "difficulty": 8, "max_level": 20,
    "base_casting_time": 200, "base_energy_cost": 400,
    "min_duration": 20000, "max_duration": 100000, "duration_increment": 4000,
    "learn_spells": { "create_rune_mechanical_spirit": 15 }
  },
  {
    "id": "laze",
    "type": "SPELL",
    "name": "Laze",
    "description": "You concentrate and release a focused beam of photons at a target, also known as a laser.",
    "valid_targets": [ "hostile", "ground", "ally" ],
    "flags": [ "NO_LEGS", "LOUD", "SOMATIC" ],
    "effect": "target_attack",
    "spell_class": "TECHNOMANCER",
    "energy_source": "BIONIC",
    "difficulty": 3,
    "max_level": 20,
    "base_casting_time": 100,
    "casting_time_increment": -1,
    "final_casting_time": 80,
    "base_energy_cost": 150,
    "energy_increment": -2,
    "final_energy_cost": 110,
    "min_damage": 15,
    "max_damage": 60,
    "damage_increment": 2.5,
    "damage_type": "fire",
    "min_range": 10,
    "max_range": 25,
    "range_increment": 1,
    "learn_spells": { "laze_ex": 15 }
  },
  {
    "id": "laze_ex",
    "type": "SPELL",
    "name": "聚魔激光术",
    "description": "这款实验性的激光术添加了额外的能量转化法术模型结构，尝试回收施法过程中逸散的生化能量用以制造魔力结晶。",
    "valid_targets": [ "hostile", "ground", "ally" ],
    "flags": [ "NO_LEGS", "LOUD", "SOMATIC" ],
    "effect": "target_attack",
    "spell_class": "TECHNOMANCER",
    "energy_source": "BIONIC",
    "difficulty": 10,
    "max_level": 20,
    "base_casting_time": 100,
    "casting_time_increment": -1,
    "final_casting_time": 80,
    "base_energy_cost": 150,
    "energy_increment": -2,
    "final_energy_cost": 110,
    "min_damage": 10,
    "max_damage": 60,
    "damage_increment": 2.5,
    "damage_type": "fire",
    "min_range": 10,
    "max_range": 25,
    "range_increment": 1,
    "extra_effects": [ { "id": "laze_ex_side_effect" } ],
    "learn_spells": { "create_rune_mechanical_spirit": 19 }
  },
  {
    "id": "laze_ex_side_effect",
    "type": "SPELL",
    "name": "聚魔激光术·聚魔",
    "description": "只是聚魔激光术的附属法术。",
    "valid_targets": [ "self" ],
    "effect": "none",
    "spell_class": "TECHNOMANCER",
    "difficulty": 1,
    "base_casting_time": 100,
    "max_level": 1,
    "flags": [ "WONDER" ],
    "min_damage": 1,
    "max_damage": 1,
    "extra_effects": [
      { "id": "laze_ex_seff_seff" }, { "id": "laze_ex_seff_seff" },
      { "id": "laze_ex_seff_seff" }, { "id": "laze_ex_seff_seff" },
      { "id": "laze_ex_seff_seff" }, { "id": "laze_ex_seff_seff" },
      { "id": "laze_ex_seff_seff" }, { "id": "laze_ex_seff_seff" },
      { "id": "laze_ex_seff_seff" }, { "id": "laze_ex_seff_seff" },
      { "id": "laze_ex_seff_seff" }, { "id": "laze_ex_seff_seff" },
      { "id": "laze_ex_seff_seff" }, { "id": "laze_ex_seff_seff" },
      { "id": "laze_ex_seff_seff" }, { "id": "laze_ex_seff_seff" },
      { "id": "crystallize_mana" }
     ]
  },
  {
    "id": "laze_ex_seff_seff",
    "type": "SPELL",
    "name": "能量逸散",
    "description": "只是聚魔激光术·聚魔的附属法术。",
    "valid_targets": [ "self" ],
    "effect": "target_attack",
    "spell_class": "TECHNOMANCER",
    "difficulty": 1,
    "base_casting_time": 100,
    "max_level": 1,
    "min_damage": 0,
    "max_damage": 0,
    "flags": [ "SILENT" ],
    "message": "能量逸散。"
  },
  {
    "id": "animated_blade",
    "type": "SPELL",
    "name": "Animated Blade",
    "description": "This spell conjures flying animated blades that will cut your enemies down to size.  Into small pieces that is.",
    "valid_targets": [ "ground" ],
    "flags": [ "SOMATIC", "VERBAL", "CONCENTRATE" ],
    "effect": "summon",
    "effect_str": "mon_animated_blade",
    "spell_class": "TECHNOMANCER",
    "energy_source": "MANA",
    "difficulty": 6,
    "max_level": 20,
    "base_casting_time": 200,
    "casting_time_increment": -2,
    "final_casting_time": 160,
    "base_energy_cost": 350,
    "energy_increment": -2,
    "final_energy_cost": 310,
    "min_damage": 1,
    "max_damage": 2,
    "damage_increment": 0.15,
    "min_range": 1,
    "max_range": 5,
    "range_increment": 0.25,
    "min_aoe": 3,
    "max_aoe": 3,
    "min_duration": 1000,
    "max_duration": 4500,
    "duration_increment": 200,
    "learn_spells": { "tech_fate_gun": 15 }
  },
  {
    "id": "mirror_image",
    "type": "SPELL",
    "name": "Mirror Image",
    "description": "This spell manipulates light into barely tangible duplicates of a living being, a magical hologram in short.",
    "valid_targets": [ "ground" ],
    "flags": [ "SOMATIC", "VERBAL", "CONCENTRATE" ],
    "effect": "summon",
    "effect_str": "mon_mirror_image",
    "spell_class": "TECHNOMANCER",
    "energy_source": "MANA",
    "difficulty": 4,
    "max_level": 20,
    "base_casting_time": 150,
    "casting_time_increment": -1,
    "final_casting_time": 130,
    "base_energy_cost": 200,
    "energy_increment": -2,
    "final_energy_cost": 160,
    "min_damage": 1,
    "max_damage": 5,
    "damage_increment": 0.5,
    "min_range": 1,
    "max_range": 10,
    "range_increment": 0.5,
    "min_aoe": 3,
    "max_aoe": 3,
    "min_duration": 3000,
    "max_duration": 6000,
    "duration_increment": 200,
    "learn_spells": { "holographic_transposition": 19 }
  },
  {
    "id": "holographic_transposition",
    "type": "SPELL",
    "name": "Holographic Transposition",
    "description": "Allows you to swap places with a previously existing holographic image of yourself.  If the universe itself can't tell you apart, who could?",
    "valid_targets": [ "hostile", "ally" ],
    "targeted_monster_ids": [ "mon_mirror_image", "mon_hologram" ],
    "flags": [ "NO_LEGS", "LOUD", "SOMATIC", "SWAP_POS" ],
    "effect": "target_attack",
    "spell_class": "TECHNOMANCER",
    "energy_source": "MANA",
    "difficulty": 3,
    "max_level": 20,
    "base_casting_time": 100,
    "casting_time_increment": -1,
    "final_casting_time": 80,
    "base_energy_cost": 150,
    "energy_increment": -2,
    "final_energy_cost": 100,
    "min_range": 20,
    "max_range": 30,
    "range_increment": 1,
    "learn_spells": { "mirror_image_transposition": 19 }
  },
  {
    "id": "mirror_image_transposition",
    "type": "SPELL",
    "name": "王车易位",
    "description": "远东法师郭辛的拿手好戏，他将镜像换位与召唤镜像压缩为一个全新的法术模型，从而实现了施法者们梦寐以求的短距定点传送效果。“纵然施法难度不低，仍荣获2002年度科技学派一级奖章。”",
    "valid_targets": [ "ground" ],
    "flags": [ "SOMATIC", "VERBAL", "CONCENTRATE" ],
    "effect": "summon",
    "effect_str": "mon_mirror_image",
    "spell_class": "TECHNOMANCER",
    "energy_source": "MANA",
    "difficulty": 12,
    "max_level": 20,
    "base_casting_time": 150, "casting_time_increment": -1, "final_casting_time": 130,
    "base_energy_cost": 200, "energy_increment": 5, "final_energy_cost": 300,
    "min_damage": 1, "max_damage": 1,
    "min_range": 10, "max_range": 30, "range_increment": 1,
    "min_duration": 3000, "max_duration": 6000, "duration_increment": 200,
    "extra_effects": [ { "id": "holographic_transposition" } ]
  },
  {
    "type": "SPELL",
    "name": "X-ray Vision",
    "id": "x-ray",
    "description": "You fire a cone of X-rays that magically allow you to see that area for a short time.",
    "valid_targets": [ "hostile", "ground", "ally" ],
    "flags": [ "CONCENTRATE", "IGNORE_WALLS" ],
    "effect": "cone_attack",
    "field_id": "fd_clairvoyant",
    "min_field_intensity": 1,
    "max_field_intensity": 1,
    "difficulty": 6,
    "min_range": 5,
    "max_range": 20,
    "range_increment": 0.75,
    "max_level": 20,
    "min_aoe": 15,
    "max_aoe": 60,
    "aoe_increment": 1.5,
    "min_duration": 0,
    "max_duration": 900,
    "duration_increment": 45,
    "base_casting_time": 175,
    "base_energy_cost": 550,
    "energy_source": "BIONIC",
    "spell_class": "TECHNOMANCER"
  }
]
