[
 {
    "type": "SPELL",
    "id": "tech_fate_gun",
    "name": "天运之枪",
    "description": "从虚空中召来某种枪械武器的投影，魔力投影整合了弹匣结构，但需要自备弹药，欧洲科技震撼人心。“我的回合，抽枪！”",
    "valid_targets": [ "self" ],
    "effect": "none",
    "spell_class": "TECHNOMANCER",
    "energy_source": "MANA",
    "difficulty": 10,
    "base_casting_time": 300,
    "base_energy_cost": 200, "final_energy_cost": 500, "energy_increment": 10,
    "max_level": 30,
    "flags": [ "WONDER" ],
    "min_damage": 1,
    "max_damage": 1,
    "message": "“枪来！”",
    "extra_effects": [
      { "id": "tech_fate_gun_rm103a" },
      { "id": "tech_fate_gun_rm103a" },
      { "id": "tech_fate_gun_m1911" },
      { "id": "tech_fate_gun_m1911" },
      { "id": "tech_fate_gun_m1911" },
      { "id": "tech_fate_gun_m1911" },
      { "id": "tech_fate_gun_m47a1" },
      { "id": "tech_fate_gun_deagle" },
      { "id": "tech_fate_gun_deagle" },
      { "id": "tech_fate_gun_deagle" },
      { "id": "tech_fate_gun_v29" },
      { "id": "tech_fate_gun_rm11b" },
      { "id": "tech_fate_gun_rm11b" },
      { "id": "tech_fate_gun_rm11b" },
      { "id": "tech_fate_gun_rm11b" },
      { "id": "tech_fate_gun_rm2000" },
      { "id": "tech_fate_gun_rm2000" },
      { "id": "tech_fate_gun_rm298" },
      { "id": "tech_fate_gun_rm298" },
      { "id": "tech_fate_gun_hk_g80" },
      { "id": "tech_fate_gun_m110a1" },
      { "id": "tech_fate_gun_m2010" },
      { "id": "tech_fate_gun_870" },
      { "id": "tech_fate_gun_870" },
      { "id": "tech_fate_gun_870" }
     ],
    "learn_spells": { "create_rune_mechanical_spirit": 25 }
  },
  {
    "id": "tech_fate_gun_rm103a",
    "type": "SPELL",
    "name": "天运之枪·手枪1",
    "description": "只是天运之枪的附属法术。",
    "valid_targets": [ "self" ],
    "effect": "spawn_item",
    "effect_str": "rm103a_pistol_MG",
    "energy_source": "MANA",
    "difficulty": 10,
    "spell_class": "TECHNOMANCER",
    "max_level": 30,
    "flags": [ "CONCENTRATE", "VERBAL", "NO_LEGS" ],
    "min_duration": 24000,
    "max_duration": 60000,
    "duration_increment": 1200
  },
  {
    "id": "tech_fate_gun_m1911",
    "type": "SPELL",
    "name": "天运之枪·手枪2",
    "description": "只是天运之枪的附属法术。",
    "valid_targets": [ "self" ],
    "effect": "spawn_item",
    "effect_str": "m1911_MG",
    "energy_source": "MANA",
    "difficulty": 10,
    "spell_class": "TECHNOMANCER",
    "max_level": 30,
    "flags": [ "CONCENTRATE", "VERBAL", "NO_LEGS" ],
    "min_duration": 24000,
    "max_duration": 60000,
    "duration_increment": 1200
  },
  {
    "id": "tech_fate_gun_m47a1",
    "type": "SPELL",
    "name": "天运之枪·手枪3",
    "description": "只是天运之枪的附属法术。",
    "valid_targets": [ "self" ],
    "effect": "spawn_item",
    "effect_str": "m47a1_MG",
    "energy_source": "MANA",
    "difficulty": 10,
    "spell_class": "TECHNOMANCER",
    "max_level": 30,
    "flags": [ "CONCENTRATE", "VERBAL", "NO_LEGS" ],
    "min_duration": 24000,
    "max_duration": 60000,
    "duration_increment": 1200
  },
  {
    "id": "tech_fate_gun_deagle",
    "type": "SPELL",
    "name": "天运之枪·手枪4",
    "description": "只是天运之枪的附属法术。",
    "valid_targets": [ "self" ],
    "effect": "spawn_item",
    "effect_str": "deagle_44_MG",
    "energy_source": "MANA",
    "difficulty": 10,
    "spell_class": "TECHNOMANCER",
    "max_level": 30,
    "flags": [ "CONCENTRATE", "VERBAL", "NO_LEGS" ],
    "min_duration": 24000,
    "max_duration": 60000,
    "duration_increment": 1200
  },
  {
    "id": "tech_fate_gun_v29",
    "type": "SPELL",
    "name": "天运之枪·手枪5",
    "description": "只是天运之枪的附属法术。",
    "valid_targets": [ "self" ],
    "effect": "spawn_item",
    "effect_str": "v29_MG",
    "energy_source": "MANA",
    "difficulty": 10,
    "spell_class": "TECHNOMANCER",
    "max_level": 30,
    "flags": [ "CONCENTRATE", "VERBAL", "NO_LEGS" ],
    "min_duration": 24000,
    "max_duration": 60000,
    "duration_increment": 1200
  },
  {
    "id": "tech_fate_gun_rm11b",
    "type": "SPELL",
    "name": "天运之枪·步枪",
    "description": "只是天运之枪的附属法术。",
    "valid_targets": [ "self" ],
    "effect": "spawn_item",
    "effect_str": "rm11b_sniper_rifle_MG",
    "energy_source": "MANA",
    "difficulty": 10,
    "spell_class": "TECHNOMANCER",
    "max_level": 30,
    "flags": [ "CONCENTRATE", "VERBAL", "NO_LEGS" ],
    "min_duration": 24000,
    "max_duration": 60000,
    "duration_increment": 1200
  },
  {
    "id": "tech_fate_gun_rm2000",
    "type": "SPELL",
    "name": "天运之枪·冲锋枪",
    "description": "只是天运之枪的附属法术。",
    "valid_targets": [ "self" ],
    "effect": "spawn_item",
    "effect_str": "rm2000_smg_MG",
    "energy_source": "MANA",
    "difficulty": 10,
    "spell_class": "TECHNOMANCER",
    "max_level": 30,
    "flags": [ "CONCENTRATE", "VERBAL", "NO_LEGS" ],
    "min_duration": 24000,
    "max_duration": 60000,
    "duration_increment": 1200
  },
  {
    "id": "tech_fate_gun_rm298",
    "type": "SPELL",
    "name": "天运之枪·重机枪",
    "description": "只是天运之枪的附属法术。",
    "valid_targets": [ "self" ],
    "effect": "spawn_item",
    "effect_str": "rm298_MG",
    "energy_source": "MANA",
    "difficulty": 10,
    "spell_class": "TECHNOMANCER",
    "max_level": 30,
    "flags": [ "CONCENTRATE", "VERBAL", "NO_LEGS" ],
    "min_duration": 24000,
    "max_duration": 60000,
    "duration_increment": 1200
  },
  {
    "id": "tech_fate_gun_hk_g80",
    "type": "SPELL",
    "name": "天运之枪·轨道枪",
    "description": "只是天运之枪的附属法术。",
    "valid_targets": [ "self" ],
    "effect": "spawn_item",
    "effect_str": "hk_g80_MG",
    "energy_source": "MANA",
    "difficulty": 10,
    "spell_class": "TECHNOMANCER",
    "max_level": 30,
    "flags": [ "CONCENTRATE", "VERBAL", "NO_LEGS" ],
    "min_duration": 24000,
    "max_duration": 60000,
    "duration_increment": 1200
  },
  {
    "id": "tech_fate_gun_m110a1",
    "type": "SPELL",
    "name": "天运之枪·狙击枪1",
    "description": "只是天运之枪的附属法术。",
    "valid_targets": [ "self" ],
    "effect": "spawn_item",
    "effect_str": "m110a1_MG",
    "energy_source": "MANA",
    "difficulty": 10,
    "spell_class": "TECHNOMANCER",
    "max_level": 30,
    "flags": [ "CONCENTRATE", "VERBAL", "NO_LEGS" ],
    "min_duration": 24000,
    "max_duration": 60000,
    "duration_increment": 1200
  },
  {
    "id": "tech_fate_gun_m2010",
    "type": "SPELL",
    "name": "天运之枪·狙击枪2",
    "description": "只是天运之枪的附属法术。",
    "valid_targets": [ "self" ],
    "effect": "spawn_item",
    "effect_str": "m2010_MG",
    "energy_source": "MANA",
    "difficulty": 10,
    "spell_class": "TECHNOMANCER",
    "max_level": 30,
    "flags": [ "CONCENTRATE", "VERBAL", "NO_LEGS" ],
    "min_duration": 24000,
    "max_duration": 60000,
    "duration_increment": 1200
  },
  {
    "id": "tech_fate_gun_870",
    "type": "SPELL",
    "name": "天运之枪·霰弹枪",
    "description": "只是天运之枪的附属法术。",
    "valid_targets": [ "self" ],
    "effect": "spawn_item",
    "effect_str": "remington_870_MG",
    "energy_source": "MANA",
    "difficulty": 10,
    "spell_class": "TECHNOMANCER",
    "max_level": 30,
    "flags": [ "CONCENTRATE", "VERBAL", "NO_LEGS" ],
    "min_duration": 24000,
    "max_duration": 60000,
    "duration_increment": 1200
  }
]
