[
{
        "type" : "overmap_special",
        "id" : "kdyg_sl_x4",
        "overmaps" : [
        { "point":[0,0,0], 
        "overmap":"KDYG_SL_X_4_00_west"}, 
        { "point":[0,1,0], 
        "overmap":"KDYG_SL_X_4_01_west"},  
        { "point":[1,0,0],
        "overmap": "KDYG_SL_X_4_10_west"},
        { "point":[1,1,0], 
        "overmap":"KDYG_SL_X_4_11_west"}
        ],
        "locations" : [ "forest" ],
        "city_sizes": [ 0, 12 ],
        "occurrences": [ 0, 4 ],
        "rotate" : true,
        "flags" : [ "CLASSIC" ] 
    }
    
    
    ]