[	
{
        "type":"TOOL",
        "id": "wxkj_ll_up21",        	
        "name": "无限的力量徽章 Lv21",
        "name_plural": "无限的力量徽章 Lv21",
        "description": "一块具有超凡力量的徽章，里面蕴含着庞大的能量，携带它，将增强你的力量...",
        "material": ["wxkj_ts"],		
        "symbol": "@",
        "color": "red",         
		"max_charges": 1,
		"initial_charges":0,
		"ammo": "yzzz_type",	
		"charges_per_use": 1,
		"turns_per_charge": 1,	
		"revert_to": "wxkj_ll_up21",
		"revert_msg":"徽章发出一层层涟漪般的柔光!",	      	
		"use_action": {	    	
		"type": "transform",
		"msg": "徽章发出一层层涟漪般的柔光!",
		"target": "wxkj_ll_up0",
		"active": true,
		"need_charges": 1,		
		"need_charges_msg": "徽章的能量波动消失了！"
			},
		"artifact_data" : 
		{					 
		"effects_carried": 
[
"AEP_STR_UP",
"AEP_STR_UP",
"AEP_STR_UP",
"AEP_STR_UP",
"AEP_STR_UP",
"AEP_STR_UP",
"AEP_STR_DOWN"
]		
		}	
	}
	
]