[
  {
	"type" : "recipe",
	"result" : "wxkj_ll_up0",
	"category" : "CC_无限商店",
	"subcategory": "CSC_无限商店_道具",
    "time": 100,
    "reversible": false,
    "autolearn": true,
    "qualities": [ { "id": "INTERNET", "level": 3 } ],
    "flags": ["BLIND_EASY"],
    "components": [
      [ [ "SKJB", 10000 ] ]
    ]
  },
{
        "type":"TOOL",
        "id": "wxkj_ll_up0",      	
        "category" : "wxkj_sq",
        "name": "无限的力量徽章 Lv0",
        "name_plural": "无限的力量徽章 Lv0",
        "description": "一块具有超凡力量的徽章，里面蕴含着庞大的能量，激活它，将增强你的力量...",
        "symbol": "@",
        "color": "red",
        "material": ["wxkj_ts"],       
		"max_charges": 1000,
		"initial_charges":1000,
		"charges_per_use": 1000,
		"turns_per_charge": 1,
		"ammo": "SKJB_type",				
		"use_action": {		
		"type": "transform",
		"msg": "徽章闪闪发着柔和的微光!",
		"target": "wxkj_ll_up1",
		"active": true,
		"need_charges": 1000,	
		"need_charges_msg": "能量不足！"
			}
   	},   	
   	{
        "type":"TOOL",
        "id": "wxkj_ll_up1",      
        "name": "无限的力量徽章 Lv1",
        "name_plural": "无限的力量徽章 Lv1",  
        "description": "一块具有超凡力量的徽章，里面蕴含着庞大的能量，携带它，将增强你的力量...",
        "material": ["wxkj_ts"],		
        "symbol": "@",
        "color": "red",    
		"max_charges": 1000,
		"initial_charges":0,
		"charges_per_use": 1000,
		"turns_per_charge": 1,		
		"ammo": "SKJB_type",		   
		"revert_to": "wxkj_ll_up1",
		"revert_msg":"徽章发出一层层涟漪般的柔光!",
	    "use_action": 
	    {	    
		"type": "transform",
		"msg": "徽章发出一层层涟漪般的柔光!",
		"target": "wxkj_ll_up2",
		"active": true,
		"need_charges": 1000,		
		"need_charges_msg": "能量不足！"	
		},
		"artifact_data" : 
		{					 
		"effects_carried": 
[
"AEP_STR_UP",
"AEP_STR_DOWN"
]		
		}	
	},
	{
        "type":"TOOL",
        "id": "wxkj_ll_up2",        	
        "name": "无限的力量徽章 Lv2",
        "name_plural": "无限的力量徽章 Lv2",
        "description": "一块具有超凡力量的徽章，里面蕴含着庞大的能量，携带它，将增强你的力量...",
        "material": ["wxkj_ts"],		
        "symbol": "@",
        "color": "red",         
		"max_charges": 1000,
		"initial_charges":0,
		"ammo": "SKJB_type",	
		"charges_per_use": 1000,
		"turns_per_charge": 1,	
		"revert_to": "wxkj_ll_up2",
		"revert_msg":"徽章发出一层层涟漪般的柔光!",	      	
		"use_action": {	    	
		"type": "transform",
		"msg": "徽章发出一层层涟漪般的柔光!",
		"target": "wxkj_ll_up3",
		"active": true,
		"need_charges": 1000,		
		"need_charges_msg": "能量不足！"
			},
		"artifact_data" : 
		{					 
		"effects_carried": 
[
"AEP_STR_UP",
"AEP_STR_UP",
"AEP_STR_DOWN",
"AEP_STR_DOWN"
]		
		}	
	},
		{
        "type":"TOOL",
        "id": "wxkj_ll_up3",        	
        "name": "无限的力量徽章 Lv3",
        "name_plural": "无限的力量徽章 Lv3",
        "description": "一块具有超凡力量的徽章，里面蕴含着庞大的能量，携带它，将增强你的力量...",
        "material": ["wxkj_ts"],		
        "symbol": "@",
        "color": "red",         
		"max_charges": 1000,
		"initial_charges":0,
		"ammo": "SKJB_type",	
		"charges_per_use": 1000,
		"turns_per_charge": 1,	
		"revert_to": "wxkj_ll_up3",
		"revert_msg":"徽章发出一层层涟漪般的柔光!",	      	
		"use_action": {	    	
		"type": "transform",
		"msg": "徽章发出一层层涟漪般的柔光!",
		"target": "wxkj_ll_up4",
		"active": true,
		"need_charges": 1000,		
		"need_charges_msg": "能量不足！"
			},
		"artifact_data" : 
		{					 
		"effects_carried": 
[
"AEP_STR_UP",
"AEP_STR_UP",
"AEP_STR_UP",
"AEP_STR_DOWN",
"AEP_STR_DOWN",
"AEP_STR_DOWN"
]		
		}	
	},
		{
        "type":"TOOL",
        "id": "wxkj_ll_up4",        	
        "name": "无限的力量徽章 Lv4",
        "name_plural": "无限的力量徽章 Lv4",
        "description": "一块具有超凡力量的徽章，里面蕴含着庞大的能量，携带它，将增强你的力量...",
        "material": ["wxkj_ts"],		
        "symbol": "@",
        "color": "red",         
		"max_charges": 1000,
		"initial_charges":0,
		"ammo": "SKJB_type",	
		"charges_per_use": 1000,
		"turns_per_charge": 1,	
		"revert_to": "wxkj_ll_up4",
		"revert_msg":"徽章发出一层层涟漪般的柔光!",	      	
		"use_action": {	    	
		"type": "transform",
		"msg": "徽章发出一层层涟漪般的柔光!",
		"target": "wxkj_ll_up5",
		"active": true,
		"need_charges": 1000,		
		"need_charges_msg": "能量不足！"
			},
		"artifact_data" : 
		{					 
		"effects_carried": 
[
"AEP_STR_UP"
]		
		}	
	},
		{
        "type":"TOOL",
        "id": "wxkj_ll_up5",        	
        "name": "无限的力量徽章 Lv5",
        "name_plural": "无限的力量徽章 Lv5",
        "description": "一块具有超凡力量的徽章，里面蕴含着庞大的能量，携带它，将增强你的力量...",
        "material": ["wxkj_ts"],		
        "symbol": "@",
        "color": "red",         
		"max_charges": 1000,
		"initial_charges":0,
		"ammo": "SKJB_type",	
		"charges_per_use": 1000,
		"turns_per_charge": 1,	
		"revert_to": "wxkj_ll_up5",
		"revert_msg":"徽章发出一层层涟漪般的柔光!",	      	
		"use_action": {	    	
		"type": "transform",
		"msg": "徽章发出一层层涟漪般的柔光!",
		"target": "wxkj_ll_up6",
		"active": true,
		"need_charges": 1000,		
		"need_charges_msg": "能量不足！"
			},
		"artifact_data" : 
		{					 
		"effects_carried": 
[
"AEP_STR_UP",
"AEP_STR_UP",
"AEP_STR_DOWN"
]		
		}	
	},
			{
        "type":"TOOL",
        "id": "wxkj_ll_up6",        	
        "name": "无限的力量徽章 Lv6",
        "name_plural": "无限的力量徽章 Lv6",
        "description": "一块具有超凡力量的徽章，里面蕴含着庞大的能量，携带它，将增强你的力量...",
        "material": ["wxkj_ts"],		
        "symbol": "@",
        "color": "red",         
		"max_charges": 1000,
		"initial_charges":0,
		"ammo": "SKJB_type",	
		"charges_per_use": 1000,
		"turns_per_charge": 1,	
		"revert_to": "wxkj_ll_up6",
		"revert_msg":"徽章发出一层层涟漪般的柔光!",	      	
		"use_action": {	    	
		"type": "transform",
		"msg": "徽章发出一层层涟漪般的柔光!",
		"target": "wxkj_ll_up7",
		"active": true,
		"need_charges": 1000,		
		"need_charges_msg": "能量不足！"
			},
		"artifact_data" : 
		{					 
		"effects_carried": 
[
"AEP_STR_UP",
"AEP_STR_UP",
"AEP_STR_UP",
"AEP_STR_DOWN",
"AEP_STR_DOWN"
]		
		}	
	},
	{
        "type":"TOOL",
        "id": "wxkj_ll_up7",        	
        "name": "无限的力量徽章 Lv7",
        "name_plural": "无限的力量徽章 Lv7",
        "description": "一块具有超凡力量的徽章，里面蕴含着庞大的能量，携带它，将增强你的力量...",
        "material": ["wxkj_ts"],		
        "symbol": "@",
        "color": "red",         
		"max_charges": 1000,
		"initial_charges":0,
		"ammo": "SKJB_type",	
		"charges_per_use": 1000,
		"turns_per_charge": 1,	
		"revert_to": "wxkj_ll_up7",
		"revert_msg":"徽章发出一层层涟漪般的柔光!",	      	
		"use_action": {	    	
		"type": "transform",
		"msg": "徽章发出一层层涟漪般的柔光!",
		"target": "wxkj_ll_up0",
		"active": true,
		"need_charges": 1000,		
		"need_charges_msg": "能量不足！"
			},
		"artifact_data" : 
		{					 
		"effects_carried": 
[
"AEP_STR_UP",
"AEP_STR_UP",
"AEP_STR_UP",
"AEP_STR_UP",
"AEP_STR_DOWN",
"AEP_STR_DOWN",
"AEP_STR_DOWN"
]		
		}	
	},
	{
        "type":"TOOL",
        "id": "wxkj_ll_up8",        	
        "name": "无限的力量徽章 Lv8",
        "name_plural": "无限的力量徽章 Lv8",
        "description": "一块具有超凡力量的徽章，里面蕴含着庞大的能量，携带它，将增强你的力量...",
        "material": ["wxkj_ts"],		
        "symbol": "@",
        "color": "red",         
		"max_charges": 1000,
		"initial_charges":0,
		"ammo": "SKJB_type",	
		"charges_per_use": 1000,
		"turns_per_charge": 1,	
		"revert_to": "wxkj_ll_up8",
		"revert_msg":"徽章发出一层层涟漪般的柔光!",	      	
		"use_action": {	    	
		"type": "transform",
		"msg": "徽章发出一层层涟漪般的柔光!",
		"target": "wxkj_ll_up0",
		"active": true,
		"need_charges": 1000,		
		"need_charges_msg": "能量不足！"
			},
		"artifact_data" : 
		{					 
		"effects_carried": 
[
"AEP_STR_UP",
"AEP_STR_UP"
]		
		}	
	},
		{
        "type":"TOOL",
        "id": "wxkj_ll_up9",        	
        "name": "无限的力量徽章 Lv9",
        "name_plural": "无限的力量徽章 Lv9",
        "description": "一块具有超凡力量的徽章，里面蕴含着庞大的能量，携带它，将增强你的力量...",
        "material": ["wxkj_ts"],		
        "symbol": "@",
        "color": "red",         
		"max_charges": 1000,
		"initial_charges":0,
		"ammo": "SKJB_type",	
		"charges_per_use": 1000,
		"turns_per_charge": 1,	
		"revert_to": "wxkj_ll_up9",
		"revert_msg":"徽章发出一层层涟漪般的柔光!",	      	
		"use_action": {	    	
		"type": "transform",
		"msg": "徽章发出一层层涟漪般的柔光!",
		"target": "wxkj_ll_up10",
		"active": true,
		"need_charges": 1000,		
		"need_charges_msg": "能量不足！"
			},
		"artifact_data" : 
		{					 
		"effects_carried": 
[
"AEP_STR_UP",
"AEP_STR_UP",
"AEP_STR_UP",
"AEP_STR_DOWN"
]		
		}	
	},
			{
        "type":"TOOL",
        "id": "wxkj_ll_up10",        	
        "name": "无限的力量徽章 Lv10",
        "name_plural": "无限的力量徽章 Lv10",
        "description": "一块具有超凡力量的徽章，里面蕴含着庞大的能量，携带它，将增强你的力量...",
        "material": ["wxkj_ts"],		
        "symbol": "@",
        "color": "red",         
		"max_charges": 2000,
		"initial_charges":0,
		"ammo": "SKJB_type",	
		"charges_per_use": 2000,
		"turns_per_charge": 1,	
		"revert_to": "wxkj_ll_up9",
		"revert_msg":"徽章发出一层层涟漪般的柔光!",	      	
		"use_action": {	    	
		"type": "transform",
		"msg": "徽章发出一层层涟漪般的柔光!",
		"target": "wxkj_ll_up0",
		"active": true,
		"need_charges": 2000,		
		"need_charges_msg": "能量不足！"
			},
		"artifact_data" : 
		{					 
		"effects_carried": 
[
"AEP_STR_UP",
"AEP_STR_UP",
"AEP_STR_UP",
"AEP_STR_UP",
"AEP_STR_UP",
"AEP_STR_DOWN",
"AEP_STR_DOWN"
]		
		}	
	}
	]