[	
{
        "type":"ARMOR",
        "id": "wxkj_ll_up21",        	
        "name": "无限的力量徽章 Lv21",     
        "description": "一块具有超凡力量的徽章，里面蕴含着庞大的能量，携带它，将增强你的力量...",
        "material": ["wxkj_ts"],		
        "symbol": "@",
        "color": "red",         
		"max_charges": 1,
		"initial_charges":0,
		"ammo": "yzzz_type",	
		"charges_per_use": 1,
		"turns_per_charge": 1,	
		"revert_to": "wxkj_ll_up21",
		"revert_msg":"徽章发出一层层涟漪般的柔光!",	      	
		"use_action": {	    	
		"type": "transform",
		"msg": "徽章发出一层层涟漪般的柔光!",
		"target": "wxkj_ll_up22",
		"active": true,
		"need_charges": 1,		
		"need_charges_msg": "徽章的能量波动消失了！"
			},
		"artifact_data" : 
		{					 
		"effects_carried": 
[
"AEP_STR_UP",
"AEP_STR_UP",
"AEP_STR_UP",
"AEP_STR_UP",
"AEP_STR_UP",
"AEP_STR_UP",
"AEP_STR_DOWN"
]		
		}	
	},
	{
        "type":"ARMOR",
        "id": "wxkj_ll_up22",        	
        "name": "无限的力量徽章 Lv22",     
        "description": "一块具有超凡力量的徽章，里面蕴含着庞大的能量，携带它，将增强你的力量...",
        "material": ["wxkj_ts"],		
        "symbol": "@",
        "color": "red",         
		"max_charges": 1,
		"initial_charges":0,
		"ammo": "yzzz_type",	
		"charges_per_use": 1,
		"turns_per_charge": 1,	
		"revert_to": "wxkj_ll_up22",
		"revert_msg":"徽章发出一层层涟漪般的柔光!",	      	
		"use_action": {	    	
		"type": "transform",
		"msg": "徽章发出一层层涟漪般的柔光!",
		"target": "wxkj_ll_up23",
		"active": true,
		"need_charges": 1,		
		"need_charges_msg": "徽章的能量波动消失了！"
			},
		"artifact_data" : 
		{					 
		"effects_carried": 
[
"AEP_STR_UP",
"AEP_STR_UP",
"AEP_STR_UP",
"AEP_STR_UP",
"AEP_STR_UP",
"AEP_STR_UP",
"AEP_STR_UP",
"AEP_STR_DOWN",
"AEP_STR_DOWN"
]		
		}	
	},
	{
        "type":"ARMOR",
        "id": "wxkj_ll_up23",        	
        "name": "无限的力量徽章 Lv23",     
        "description": "一块具有超凡力量的徽章，里面蕴含着庞大的能量，携带它，将增强你的力量...",
        "material": ["wxkj_ts"],		
        "symbol": "@",
        "color": "red",         
		"max_charges": 1,
		"initial_charges":0,
		"ammo": "yzzz_type",	
		"charges_per_use": 1,
		"turns_per_charge": 1,	
		"revert_to": "wxkj_ll_up23",
		"revert_msg":"徽章发出一层层涟漪般的柔光!",	      	
		"use_action": {	    	
		"type": "transform",
		"msg": "徽章发出一层层涟漪般的柔光!",
		"target": "wxkj_ll_up24",
		"active": true,
		"need_charges": 1,		
		"need_charges_msg": "徽章的能量波动消失了！"
			},
		"artifact_data" : 
		{					 
		"effects_carried": 
[
"AEP_STR_UP",
"AEP_STR_UP",
"AEP_STR_UP",
"AEP_STR_UP",
"AEP_STR_UP",
"AEP_STR_UP",
"AEP_STR_UP",
"AEP_STR_UP",
"AEP_STR_DOWN",
"AEP_STR_DOWN",
"AEP_STR_DOWN"
]		
		}	
	},
	{
        "type":"ARMOR",
        "id": "wxkj_ll_up24",        	
        "name": "无限的力量徽章 Lv24",     
        "description": "一块具有超凡力量的徽章，里面蕴含着庞大的能量，携带它，将增强你的力量...",
        "material": ["wxkj_ts"],		
        "symbol": "@",
        "color": "red",         
		"max_charges": 1,
		"initial_charges":0,
		"ammo": "yzzz_type",	
		"charges_per_use": 1,
		"turns_per_charge": 1,	
		"revert_to": "wxkj_ll_up24",
		"revert_msg":"徽章发出一层层涟漪般的柔光!",	      	
		"use_action": {	    	
		"type": "transform",
		"msg": "徽章发出一层层涟漪般的柔光!",
		"target": "wxkj_ll_up25",
		"active": true,
		"need_charges": 1,		
		"need_charges_msg": "徽章的能量波动消失了！"
			},
		"artifact_data" : 
		{					 
		"effects_carried": 
[
"AEP_STR_UP",
"AEP_STR_UP",
"AEP_STR_UP",
"AEP_STR_UP",
"AEP_STR_UP",
"AEP_STR_UP"
]		
		}	
	},
	{
        "type":"ARMOR",
        "id": "wxkj_ll_up25",        	
        "name": "无限的力量徽章 Lv25",     
        "description": "一块具有超凡力量的徽章，里面蕴含着庞大的能量，携带它，将增强你的力量...",
        "material": ["wxkj_ts"],		
        "symbol": "@",
        "color": "red",         
		"max_charges": 1,
		"initial_charges":0,
		"ammo": "yzzz_type",	
		"charges_per_use": 1,
		"turns_per_charge": 1,	
		"revert_to": "wxkj_ll_up25",
		"revert_msg":"徽章发出一层层涟漪般的柔光!",	      	
		"use_action": {	    	
		"type": "transform",
		"msg": "徽章发出一层层涟漪般的柔光!",
		"target": "wxkj_ll_up26",
		"active": true,
		"need_charges": 1,		
		"need_charges_msg": "徽章的能量波动消失了！"
			},
		"artifact_data" : 
		{					 
		"effects_carried": 
[
"AEP_STR_UP",
"AEP_STR_UP",
"AEP_STR_UP",
"AEP_STR_UP",
"AEP_STR_UP",
"AEP_STR_UP",
"AEP_STR_UP",
"AEP_STR_DOWN"
]		
		}	
	},
	{
        "type":"ARMOR",
        "id": "wxkj_ll_up26",        	
        "name": "无限的力量徽章 Lv26",     
        "description": "一块具有超凡力量的徽章，里面蕴含着庞大的能量，携带它，将增强你的力量...",
        "material": ["wxkj_ts"],		
        "symbol": "@",
        "color": "red",         
		"max_charges": 1,
		"initial_charges":0,
		"ammo": "yzzz_type",	
		"charges_per_use": 1,
		"turns_per_charge": 1,	
		"revert_to": "wxkj_ll_up26",
		"revert_msg":"徽章发出一层层涟漪般的柔光!",	      	
		"use_action": {	    	
		"type": "transform",
		"msg": "徽章发出一层层涟漪般的柔光!",
		"target": "wxkj_ll_up27",
		"active": true,
		"need_charges": 1,		
		"need_charges_msg": "徽章的能量波动消失了！"
			},
		"artifact_data" : 
		{					 
		"effects_carried": 
[
"AEP_STR_UP",
"AEP_STR_UP",
"AEP_STR_UP",
"AEP_STR_UP",
"AEP_STR_UP",
"AEP_STR_UP",
"AEP_STR_UP",
"AEP_STR_UP",
"AEP_STR_DOWN",
"AEP_STR_DOWN"
]		
		}	
	},
	{
        "type":"ARMOR",
        "id": "wxkj_ll_up27",        	
        "name": "无限的力量徽章 Lv27",     
        "description": "一块具有超凡力量的徽章，里面蕴含着庞大的能量，携带它，将增强你的力量...",
        "material": ["wxkj_ts"],		
        "symbol": "@",
        "color": "red",         
		"max_charges": 1,
		"initial_charges":0,
		"ammo": "yzzz_type",	
		"charges_per_use": 1,
		"turns_per_charge": 1,	
		"revert_to": "wxkj_ll_up27",
		"revert_msg":"徽章发出一层层涟漪般的柔光!",	      	
		"use_action": {	    	
		"type": "transform",
		"msg": "徽章发出一层层涟漪般的柔光!",
		"target": "wxkj_ll_up28",
		"active": true,
		"need_charges": 1,		
		"need_charges_msg": "徽章的能量波动消失了！"
			},
		"artifact_data" : 
		{					 
		"effects_carried": 
[
"AEP_STR_UP",
"AEP_STR_UP",
"AEP_STR_UP",
"AEP_STR_UP",
"AEP_STR_UP",
"AEP_STR_UP",
"AEP_STR_UP",
"AEP_STR_UP",
"AEP_STR_UP",
"AEP_STR_DOWN",
"AEP_STR_DOWN",
"AEP_STR_DOWN"
]		
		}	
	},
	{
        "type":"ARMOR",
        "id": "wxkj_ll_up28",        	
        "name": "无限的力量徽章 Lv28",     
        "description": "一块具有超凡力量的徽章，里面蕴含着庞大的能量，携带它，将增强你的力量...",
        "material": ["wxkj_ts"],		
        "symbol": "@",
        "color": "red",         
		"max_charges": 1,
		"initial_charges":0,
		"ammo": "yzzz_type",	
		"charges_per_use": 1,
		"turns_per_charge": 1,	
		"revert_to": "wxkj_ll_up28",
		"revert_msg":"徽章发出一层层涟漪般的柔光!",	      	
		"use_action": {	    	
		"type": "transform",
		"msg": "徽章发出一层层涟漪般的柔光!",
		"target": "wxkj_ll_up29",
		"active": true,
		"need_charges": 1,		
		"need_charges_msg": "徽章的能量波动消失了！"
			},
		"artifact_data" : 
		{					 
		"effects_carried": 
[
"AEP_STR_UP",
"AEP_STR_UP",
"AEP_STR_UP",
"AEP_STR_UP",
"AEP_STR_UP",
"AEP_STR_UP",
"AEP_STR_UP"
]		
		}	
	},
	{
        "type":"ARMOR",
        "id": "wxkj_ll_up29",        	
        "name": "无限的力量徽章 Lv29",     
        "description": "一块具有超凡力量的徽章，里面蕴含着庞大的能量，携带它，将增强你的力量...",
        "material": ["wxkj_ts"],		
        "symbol": "@",
        "color": "red",         
		"max_charges": 1,
		"initial_charges":0,
		"ammo": "yzzz_type",	
		"charges_per_use": 1,
		"turns_per_charge": 1,	
		"revert_to": "wxkj_ll_up29",
		"revert_msg":"徽章发出一层层涟漪般的柔光!",	      	
		"use_action": {	    	
		"type": "transform",
		"msg": "徽章发出一层层涟漪般的柔光!",
		"target": "wxkj_ll_up30",
		"active": true,
		"need_charges": 1,		
		"need_charges_msg": "徽章的能量波动消失了！"
			},
		"artifact_data" : 
		{					 
		"effects_carried": 
[
"AEP_STR_UP",
"AEP_STR_UP",
"AEP_STR_UP",
"AEP_STR_UP",
"AEP_STR_UP",
"AEP_STR_UP",
"AEP_STR_UP",
"AEP_STR_UP",
"AEP_STR_DOWN"
]		
		}	
	},
	{
        "type":"ARMOR",
        "id": "wxkj_ll_up30",        	
        "name": "无限的力量徽章 Lv30",     
        "description": "一块具有超凡力量的徽章，里面蕴含着庞大的能量，携带它，将增强你的力量...",
        "material": ["wxkj_ts"],		
        "symbol": "@",
        "color": "red",         
		"max_charges": 1,
		"initial_charges":0,
		"ammo": "yzzz_type",	
		"charges_per_use": 1,
		"turns_per_charge": 1,	
		"revert_to": "wxkj_ll_up30",
		"revert_msg":"徽章发出一层层涟漪般的柔光!",	      	
		"use_action": {	    	
		"type": "transform",
		"msg": "徽章发出一层层涟漪般的柔光!",
		"target": "wxkj_ll_up31",
		"active": true,
		"need_charges": 1,		
		"need_charges_msg": "徽章的能量波动消失了！"
			},
		"artifact_data" : 
		{					 
		"effects_carried": 
[
"AEP_STR_UP",
"AEP_STR_UP",
"AEP_STR_UP",
"AEP_STR_UP",
"AEP_STR_UP",
"AEP_STR_UP",
"AEP_STR_UP",
"AEP_STR_UP",
"AEP_STR_UP",
"AEP_STR_DOWN",
"AEP_STR_DOWN"
]		
		}	
	},
	{
        "type":"ARMOR",
        "id": "wxkj_ll_up31",        	
        "name": "无限的力量徽章 Lv31",     
        "description": "一块具有超凡力量的徽章，里面蕴含着庞大的能量，携带它，将增强你的力量...",
        "material": ["wxkj_ts"],		
        "symbol": "@",
        "color": "red",         
		"max_charges": 1,
		"initial_charges":0,
		"ammo": "yzzz_type",	
		"charges_per_use": 1,
		"turns_per_charge": 1,	
		"revert_to": "wxkj_ll_up31",
		"revert_msg":"徽章发出一层层涟漪般的柔光!",	      	
		"use_action": {	    	
		"type": "transform",
		"msg": "徽章发出一层层涟漪般的柔光!",
		"target": "wxkj_ll_up32",
		"active": true,
		"need_charges": 1,		
		"need_charges_msg": "徽章的能量波动消失了！"
			},
		"artifact_data" : 
		{					 
		"effects_carried": 
[
"AEP_STR_UP",
"AEP_STR_UP",
"AEP_STR_UP",
"AEP_STR_UP",
"AEP_STR_UP",
"AEP_STR_UP",
"AEP_STR_UP",
"AEP_STR_UP",
"AEP_STR_UP",
"AEP_STR_UP",
"AEP_STR_DOWN",
"AEP_STR_DOWN",
"AEP_STR_DOWN"
]		
		}	
	},
	{
        "type":"ARMOR",
        "id": "wxkj_ll_up32",        	
        "name": "无限的力量徽章 Lv32",     
        "description": "一块具有超凡力量的徽章，里面蕴含着庞大的能量，携带它，将增强你的力量...",
        "material": ["wxkj_ts"],		
        "symbol": "@",
        "color": "red",         
		"max_charges": 1,
		"initial_charges":0,
		"ammo": "yzzz_type",	
		"charges_per_use": 1,
		"turns_per_charge": 1,	
		"revert_to": "wxkj_ll_up32",
		"revert_msg":"徽章发出一层层涟漪般的柔光!",	      	
		"use_action": {	    	
		"type": "transform",
		"msg": "徽章发出一层层涟漪般的柔光!",
		"target": "wxkj_ll_up33",
		"active": true,
		"need_charges": 1,		
		"need_charges_msg": "徽章的能量波动消失了！"
			},
		"artifact_data" : 
		{					 
		"effects_carried": 
[
"AEP_STR_UP",
"AEP_STR_UP",
"AEP_STR_UP",
"AEP_STR_UP",
"AEP_STR_UP",
"AEP_STR_UP",
"AEP_STR_UP",
"AEP_STR_UP"
]		
		}	
	},
	{
        "type":"ARMOR",
        "id": "wxkj_ll_up33",        	
        "name": "无限的力量徽章 Lv33",     
        "description": "一块具有超凡力量的徽章，里面蕴含着庞大的能量，携带它，将增强你的力量...",
        "material": ["wxkj_ts"],		
        "symbol": "@",
        "color": "red",         
		"max_charges": 1,
		"initial_charges":0,
		"ammo": "yzzz_type",	
		"charges_per_use": 1,
		"turns_per_charge": 1,	
		"revert_to": "wxkj_ll_up33",
		"revert_msg":"徽章发出一层层涟漪般的柔光!",	      	
		"use_action": {	    	
		"type": "transform",
		"msg": "徽章发出一层层涟漪般的柔光!",
		"target": "wxkj_ll_up34",
		"active": true,
		"need_charges": 1,		
		"need_charges_msg": "徽章的能量波动消失了！"
			},
		"artifact_data" : 
		{					 
		"effects_carried": 
[
"AEP_STR_UP",
"AEP_STR_UP",
"AEP_STR_UP",
"AEP_STR_UP",
"AEP_STR_UP",
"AEP_STR_UP",
"AEP_STR_UP",
"AEP_STR_UP",
"AEP_STR_UP",
"AEP_STR_DOWN"
]		
		}	
	},
	{
        "type":"ARMOR",
        "id": "wxkj_ll_up34",        	
        "name": "无限的力量徽章 Lv34",     
        "description": "一块具有超凡力量的徽章，里面蕴含着庞大的能量，携带它，将增强你的力量...",
        "material": ["wxkj_ts"],		
        "symbol": "@",
        "color": "red",         
		"max_charges": 1,
		"initial_charges":0,
		"ammo": "yzzz_type",	
		"charges_per_use": 1,
		"turns_per_charge": 1,	
		"revert_to": "wxkj_ll_up34",
		"revert_msg":"徽章发出一层层涟漪般的柔光!",	      	
		"use_action": {	    	
		"type": "transform",
		"msg": "徽章发出一层层涟漪般的柔光!",
		"target": "wxkj_ll_up35",
		"active": true,
		"need_charges": 1,		
		"need_charges_msg": "徽章的能量波动消失了！"
			},
		"artifact_data" : 
		{					 
		"effects_carried": 
[
"AEP_STR_UP",
"AEP_STR_UP",
"AEP_STR_UP",
"AEP_STR_UP",
"AEP_STR_UP",
"AEP_STR_UP",
"AEP_STR_UP",
"AEP_STR_UP",
"AEP_STR_UP",
"AEP_STR_UP",
"AEP_STR_DOWN",
"AEP_STR_DOWN"
]		
		}	
	},
	{
        "type":"ARMOR",
        "id": "wxkj_ll_up35",        	
        "name": "无限的力量徽章 Lv35",     
        "description": "一块具有超凡力量的徽章，里面蕴含着庞大的能量，携带它，将增强你的力量...",
        "material": ["wxkj_ts"],		
        "symbol": "@",
        "color": "red",         
		"max_charges": 1,
		"initial_charges":0,
		"ammo": "yzzz_type",	
		"charges_per_use": 1,
		"turns_per_charge": 1,	
		"revert_to": "wxkj_ll_up35",
		"revert_msg":"徽章发出一层层涟漪般的柔光!",	      	
		"use_action": {	    	
		"type": "transform",
		"msg": "徽章发出一层层涟漪般的柔光!",
		"target": "wxkj_ll_up36",
		"active": true,
		"need_charges": 1,		
		"need_charges_msg": "徽章的能量波动消失了！"
			},
		"artifact_data" : 
		{					 
		"effects_carried": 
[
"AEP_STR_UP",
"AEP_STR_UP",
"AEP_STR_UP",
"AEP_STR_UP",
"AEP_STR_UP",
"AEP_STR_UP",
"AEP_STR_UP",
"AEP_STR_UP",
"AEP_STR_UP",
"AEP_STR_UP",
"AEP_STR_UP",
"AEP_STR_DOWN",
"AEP_STR_DOWN",
"AEP_STR_DOWN"
]		
		}	
	},
	{
        "type":"ARMOR",
        "id": "wxkj_ll_up36",        	
        "name": "无限的力量徽章 Lv36",     
        "description": "一块具有超凡力量的徽章，里面蕴含着庞大的能量，携带它，将增强你的力量...",
        "material": ["wxkj_ts"],		
        "symbol": "@",
        "color": "red",         
		"max_charges": 1,
		"initial_charges":0,
		"ammo": "yzzz_type",	
		"charges_per_use": 1,
		"turns_per_charge": 1,	
		"revert_to": "wxkj_ll_up36",
		"revert_msg":"徽章发出一层层涟漪般的柔光!",	      	
		"use_action": {	    	
		"type": "transform",
		"msg": "徽章发出一层层涟漪般的柔光!",
		"target": "wxkj_ll_up37",
		"active": true,
		"need_charges": 1,		
		"need_charges_msg": "徽章的能量波动消失了！"
			},
		"artifact_data" : 
		{					 
		"effects_carried": 
[
"AEP_STR_UP",
"AEP_STR_UP",
"AEP_STR_UP",
"AEP_STR_UP",
"AEP_STR_UP",
"AEP_STR_UP",
"AEP_STR_UP",
"AEP_STR_UP",
"AEP_STR_UP"
]		
		}	
	},
	{
        "type":"ARMOR",
        "id": "wxkj_ll_up37",        	
        "name": "无限的力量徽章 Lv37",     
        "description": "一块具有超凡力量的徽章，里面蕴含着庞大的能量，携带它，将增强你的力量...",
        "material": ["wxkj_ts"],		
        "symbol": "@",
        "color": "red",         
		"max_charges": 1,
		"initial_charges":0,
		"ammo": "yzzz_type",	
		"charges_per_use": 1,
		"turns_per_charge": 1,	
		"revert_to": "wxkj_ll_up37",
		"revert_msg":"徽章发出一层层涟漪般的柔光!",	      	
		"use_action": {	    	
		"type": "transform",
		"msg": "徽章发出一层层涟漪般的柔光!",
		"target": "wxkj_ll_up38",
		"active": true,
		"need_charges": 1,		
		"need_charges_msg": "徽章的能量波动消失了！"
			},
		"artifact_data" : 
		{					 
		"effects_carried": 
[
"AEP_STR_UP",
"AEP_STR_UP",
"AEP_STR_UP",
"AEP_STR_UP",
"AEP_STR_UP",
"AEP_STR_UP",
"AEP_STR_UP",
"AEP_STR_UP",
"AEP_STR_UP",
"AEP_STR_UP",
"AEP_STR_DOWN"
]		
		}	
	},
	{
        "type":"ARMOR",
        "id": "wxkj_ll_up38",        	
        "name": "无限的力量徽章 Lv38",     
        "description": "一块具有超凡力量的徽章，里面蕴含着庞大的能量，携带它，将增强你的力量...",
        "material": ["wxkj_ts"],		
        "symbol": "@",
        "color": "red",         
		"max_charges": 1,
		"initial_charges":0,
		"ammo": "yzzz_type",	
		"charges_per_use": 1,
		"turns_per_charge": 1,	
		"revert_to": "wxkj_ll_up38",
		"revert_msg":"徽章发出一层层涟漪般的柔光!",	      	
		"use_action": {	    	
		"type": "transform",
		"msg": "徽章发出一层层涟漪般的柔光!",
		"target": "wxkj_ll_up39",
		"active": true,
		"need_charges": 1,		
		"need_charges_msg": "徽章的能量波动消失了！"
			},
		"artifact_data" : 
		{					 
		"effects_carried": 
[
"AEP_STR_UP",
"AEP_STR_UP",
"AEP_STR_UP",
"AEP_STR_UP",
"AEP_STR_UP",
"AEP_STR_UP",
"AEP_STR_UP",
"AEP_STR_UP",
"AEP_STR_UP",
"AEP_STR_UP",
"AEP_STR_UP",
"AEP_STR_DOWN",
"AEP_STR_DOWN"
]		
		}	
	},
	{
        "type":"ARMOR",
        "id": "wxkj_ll_up39",        	
        "name": "无限的力量徽章 Lv39",     
        "description": "一块具有超凡力量的徽章，里面蕴含着庞大的能量，携带它，将增强你的力量...",
        "material": ["wxkj_ts"],		
        "symbol": "@",
        "color": "red",         
		"max_charges": 1,
		"initial_charges":0,
		"ammo": "yzzz_type",	
		"charges_per_use": 1,
		"turns_per_charge": 1,	
		"revert_to": "wxkj_ll_up39",
		"revert_msg":"徽章发出一层层涟漪般的柔光!",	      	
		"use_action": {	    	
		"type": "transform",
		"msg": "徽章发出一层层涟漪般的柔光!",
		"target": "wxkj_ll_up40",
		"active": true,
		"need_charges": 1,		
		"need_charges_msg": "徽章的能量波动消失了！"
			},
		"artifact_data" : 
		{					 
		"effects_carried": 
[
"AEP_STR_UP",
"AEP_STR_UP",
"AEP_STR_UP",
"AEP_STR_UP",
"AEP_STR_UP",
"AEP_STR_UP",
"AEP_STR_UP",
"AEP_STR_UP",
"AEP_STR_UP",
"AEP_STR_UP",
"AEP_STR_UP",
"AEP_STR_UP",
"AEP_STR_DOWN",
"AEP_STR_DOWN",
"AEP_STR_DOWN"
]		
		}	
	},
	{
        "type":"ARMOR",
        "id": "wxkj_ll_up40",        	
        "name": "无限的力量徽章 Lv40",     
        "description": "一块具有超凡力量的徽章，里面蕴含着庞大的能量，携带它，将增强你的力量...",
        "material": ["wxkj_ts"],		
        "symbol": "@",
        "color": "red",         
		"max_charges": 1,
		"initial_charges":0,
		"ammo": "yzzz_type",	
		"charges_per_use": 1,
		"turns_per_charge": 1,	
		"revert_to": "wxkj_ll_up40",
		"revert_msg":"徽章发出一层层涟漪般的柔光!",	      	
		"use_action": {	    	
		"type": "transform",
		"msg": "徽章发出一层层涟漪般的柔光!",
		"target": "wxkj_ll_up0",
		"active": true,
		"need_charges": 1,		
		"need_charges_msg": "徽章的能量波动消失了！"
			},
		"artifact_data" : 
		{					 
		"effects_carried": 
[
"AEP_STR_UP",
"AEP_STR_UP",
"AEP_STR_UP",
"AEP_STR_UP",
"AEP_STR_UP",
"AEP_STR_UP",
"AEP_STR_UP",
"AEP_STR_UP",
"AEP_STR_UP",
"AEP_STR_UP"
]		
		}	
	}
	
]