[

{
    "id": "wxkj_translocate",
    "type": "SPELL",
    "name": "时空传送",
    "description": "将施法者传送到标记点.",
    "valid_targets": [ "self" ],
    "effect": "translocate",
    "difficulty": 15,
    "max_level": 25,
    "base_casting_time": 6000,
    "base_energy_cost": 675,
    "energy_source": "MANA",
    "spell_class": "NONE"
},
{
    "type": "furniture",
    "id": "f_magiclysm_translocator_gate",
    "name": "Translocator Gate",
    "move_cost_mod": 0,
    "symbol": "X",
    "description": "A gate for translocation.  Cast the translocation spell or use a translocator to choose this gate as a destination.",
    "color": "light_gray",
    "required_str": 25,
    "flags": [ "TRANSLOCATOR", "MOUNTABLE", "ALLOW_FIELD_EFFECT" ],
    "examine_action": "translocator"
  },
  {
    "type": "construction",
    "id": "WXSK_translocator_gate",
    "description": "Build Translocator Gate",
    "category": "FURN",
    "required_skills": [ [ "WX_SKILL-LQ", 6 ] ],
    "time": "3 m",
    "qualities": [ [ { "id": "HAMMER", "level": 2 } ], [ { "id": "SAW_W", "level": 2 } ] ],
    "components": [
      [ [ "wood_sheet", 2 ], [ "wood_panel", 4 ] ],
      [ [ "2x4", 4 ] ],
      [ [ "nail", 24 ] ],
      [ [ "teleporter", 1 ] ],
      [ [ "sheet", 2 ] ]
    ],
    "pre_special": "check_empty",
    "post_terrain": "f_magiclysm_translocator_gate"
  }

]