[
	{
		"type": "item_group",
		"id": "rare",
		"items": [
			[ "apiculture_box_swarm", 70 ]
		]
	},
	{
		"type": "item_group",
		"id": "steel_mill_mill",
		"items": [
			[ "apiculture_box_swarm", 5 ]
		]
	},
	{
		"type": "item_group",
		"id": "chem_lab",
		"items": [
			[ "apiculture_box_swarm", 30 ]
		]
	},
	{
		"type": "item_group",
		"id": "tools_science",
		"items": [
			[ "apiculture_box_swarm", 70 ]
		]
	},
	{
		"type": "item_group",
		"id": "chem_lab",
		"items": [
			[ "apiculture_box_swarm", 30 ]
		]
	}
]