 [
 {
    "id": "wxkj_JN_phsg",
    "type": "GUN",
    "name": "破坏死光",
    "description": "向对手发射强烈的光线攻击",
    "weight": 2680,
    "volume": 10,
    "price": 420000,
    "to_hit": -1,
    "bashing": 10,
    "material": [ "steel", "plastic" ],
    "symbol": "(",
    "color": "magenta",
    "skill": "rifle",
    "range": 60,
    "ranged_damage": 150,
    "pierce":99,
    "burst":1,
    "dispersion": 90,
    "durability": 6,
    "loudness": 15,
    "ups_charges": 0,
    "reload": 50,
    "ammo_effects": [ "NEVER_MISFIRES","PLASMA"], 
    "flags": [ "NEVER_JAMS", "NO_UNLOAD" ]
  }
  ]