 [
 {
    "id": "wxkj_JN_fykd",
    "type": "GUN",
    "name": "飞叶快刀",
    "description": "草系技能，射出叶子切割对手，容易命中要害。",
    "weight": 2680,
    "volume": 10,
    "price": 420000,
    "to_hit": -1,
    "bashing": 10,
    "material": [ "steel", "plastic" ],
    "symbol": "(",
    "color": "magenta",
    "skill": "rifle",
    "range": 15,
    "ranged_damage": 10,
    "pierce":66,
    "burst":5,
    "dispersion": 90,
    "durability": 6,
    "loudness": 15,
    "ups_charges": 0,
    "reload": 600,
    "ammo_effects": [ "NEVER_MISFIRES" ], 
    "flags": [ "NEVER_JAMS", "NO_UNLOAD" ]
  }
  ]