   [
	{
    "type" : "BOOK",
		"id" : "wxkj_book_jl",
		"name" : "《精灵驯养手札》",
		"description" : "这本手札讲述着如何驯养精灵的方法!\n第一步,靠近精灵使用精灵球.\n第二步,给精灵喂养精灵食物\n第三步,将精灵装入精灵球.\n※精灵会随着时间的推移而进化，进化至完全体后将能生下小精灵喲.\n※如果精灵受伤了，可以使用一些道具或者法术来恢复它们的生命值,也可以随着时间的推移缓慢恢复生命值，注意如果将它们收进精灵球里他们将不会恢复伤势.",
		"weight" : 500,
		"color" : "black",
		"intelligence" : 6,
		"symbol" : "?",
		"material" : ["paper"],
		"volume" : 5,
		"time" : 10,
		"required_level" : 0,
		"max_level" : 1,
		"skill" : "survival"
  },
  
 {
		"type" : "recipe",
		"result" : "wxkj_book_jl",
		"category" : "CC_无限商店",
		"subcategory": "CSC_无限商店_秘籍",
    "time": 100,
    "qualities": [ { "id": "INTERNET", "level": 1 } ],
    "reversible": false,
    "autolearn": true,
    "flags": ["BLIND_EASY"],
    "components": [
      [ [ "SKJB", 10 ] ],
      [ [ "paper", 1 ] ]
     
    ]
  }
]

  






