[
  {
    "id": "wxkj_mw_food",
    "category" : "wxkj_ts",
    "type": "COMESTIBLE",
    "comestible_type": "FOOD",
    "name": "精灵食物",
    "name_plural": "精灵食物",
    "description": "用于驯养精灵的食物.",     
    "weight": 554,
    "spoils_in": "1 day",
    "container": "can_food",
    "volume": "250 ml",
    "price": 300,
    "to_hit": -5,
    "material": "veggy",
    "symbol": ";",
    "healthy": 2,
    "quench": 2,
    "calories": 450,
    "vitamins": [ [ "vitC", 4 ], [ "iron", 17 ], [ "vitB", 187 ], [ "calcium", 0 ] ],
    "fun": -15,
    "color": "brown",
    "flags": [ "LUPINE" ],
    "use_action": "DOGFOOD"
  },
   {
		"type" : "recipe",
		"result" : "wxkj_mw_food",
		"category" : "CC_无限商店",
		"subcategory": "CSC_无限商店_材料",
    "time": 100,
    "qualities": [ { "id": "INTERNET", "level": 1 } ],
    "reversible": false,
    "autolearn": true,
    "flags": ["BLIND_EASY"],
    "components": [
      [ [ "SKJB", 500 ] ]    
    ]
  }
  ]