  [
     {
		"type" : "recipe",
		"result" : "jl_ball1",
		"category" : "CC_无限商店",
		"subcategory": "CSC_无限商店_道具",
    "time": 100,
    "qualities": [ { "id": "INTERNET", "level": 1 } ],
    "reversible": false,
	"autolearn": false,
	"skill_used": "WX_bug_skdh",
	"difficulty": 1,				
    "book_learn" : [ ["wxkj_book_jl",1] ],
    "flags": ["BLIND_EASY"],
    "components": [
      [ [ "SKJB", 2000 ] ]    
    ]
  },
  {
    "id": "jl_ball1",
    "type": "TOOL",
    "name": "精灵球",
    "name_plural": "精灵球",
    "description": "用特殊材料做成的精灵球,用于容纳精灵,经过特殊改造也可以用于容纳其他生物.",
    "weight": 500,
    "volume": 5,
    "price": 10000,
    "bashing": 1,
    "cutting": 1,
    "material": [ "wxkj_ts" ],
    "symbol": "O",
    "color": "light_gray",
 	"max_charges": 9,
		"initial_charges":0,
		"ammo": "SKJB_type",
			"use_action": {
			"type": "transform",
			"msg": "精灵球被你启用了!",
			"target": "jl_ball2",
			"active": true,
			"need_charges": 9,
			"need_charges_msg": "时空晶币不足!!!"
			},
    "flags": [ "TRADER_AVOID" ]
  },
    {
    "id": "jl_ball2",
    "type": "TOOL",
    "name": "精灵球",
    "name_plural": "精灵球",
    "description": "用特殊材料做成的精灵球,用于容纳精灵,经过特殊改造也可以用于容纳其他生物.",
    "weight": 500,
    "volume": 5,
    "price": 10000,
    "bashing": 1,
    "cutting": 1,
    "material": [ "wxkj_ts" ],
    "symbol": "O",
    "color": "light_gray",
        		"artifact_data" : 
		{
					"effects_activated":["AEA_ENTRANCE"],
					"charge_type": "ARTC_NULL"
		},
		"max_charges": 9,
		"initial_charges":0,
		"charges_per_use": 9,
		"turns_per_charge": 1,
		"ammo": "SKJB_type",		
		"revert_to": "jl_ball3",
		"revert_msg":"精灵球启用完毕.",
		"use_action": "ARTIFACT",
    "flags": [ "TRADER_AVOID" ]
  },
    {
    "id": "jl_ball3",
    "type": "TOOL",
    "name": "精灵球",
    "name_plural": "精灵球",
    "description": "用特殊材料做成的精灵球,用于容纳精灵,经过特殊改造也可以用于容纳其他生物.",
    "weight": 500,
    "volume": 5,
    "price": 10000,
    "bashing": 1,
    "cutting": 1,
    "material": [ "wxkj_ts" ],
    "symbol": "O",
    "color": "light_gray",
    "properties": 
    [ [ "monster_size_capacity", "HUGE" ] ],
    "use_action": "CAPTURE_MONSTER_ACT",
    "flags": [ "TRADER_AVOID" ]
  }
  ]