[
	{
		"type" : "recipe",
		"result": "l_lookout_9mm",
		"id_suffix": "from GS_book_int_gun",	
		"category": "CC_WEAPON",
		"subcategory": "CSC_WEAPON_RANGED",
		"skill_used": "gun",		
		"skills_required": [ ["fabrication", 6],["GS_int", 6] ],
		"difficulty": 0,
		"time": 60000,
		"book_learn" : [[ "GS_book_int_gun",0]],
		"qualities":
			[
			{"id":"CHISEL","level":3},
			{"id":"HAMMER_FINE","level":1},
			{"id":"SAW_M_FINE","level":1},
			{"id":"WRENCH_FINE","level":1},
			{"id":"SCREW_FINE","level":1}
			],
		"components": 
		[
			[
			 [ "element_steel", 10]
			],
			[
			 [ "element_plastic", 5]
			]
		]
	},{
		"type" : "recipe",
		"result": "remington_870",
		"id_suffix": "from GS_book_int_gun",	
		"category": "CC_WEAPON",
		"subcategory": "CSC_WEAPON_RANGED",
		"skill_used": "gun",		
		"skills_required": [ ["fabrication", 6],["GS_int", 6] ],
		"difficulty": 0,
		"time": 60000,
		"book_learn" : [[ "GS_book_int_gun",0]],
		"components": 
		[
			[
			 [ "element_steel", 10]
			],
			[
			 [ "element_plastic", 5]
			]
		]
	},{
		"type" : "recipe",
		"result": "RPG",
		"id_suffix": "from GS_book_int_fabrication",	
		"category": "CC_WEAPON",
		"subcategory": "CSC_WEAPON_RANGED",
		"skill_used": "fabrication",
		"skills_required": [ ["fabrication", 5],["GS_int", 8] ],
		"difficulty": 0,
		"time": 30000,
		"book_learn" : [[ "GS_book_int_fabrication",0]],
		"components": 
		[
			[
			 [ "element_steel", 10]
			],
			[
			 [ "element_wood", 2]
			]
		]
	},{
		"type" : "recipe",
		"result": "RPG-7_ammo",
		"id_suffix": "from GS_book_int_fabrication",	
		"category": "CC_AMMO",
		"subcategory": "CSC_AMMO_OTHER",
		"skill_used": "fabrication",
		"skills_required": [ ["fabrication", 5],["GS_int", 8] ],
		"difficulty": 0,
		"time": 30000,
		"book_learn" : [[ "GS_book_int_fabrication",0]],
		"components": 
		[
			[
			 [ "pipe", 2]
			],
			[
			 [ "steel_chunk", 2 ],
			 [ "scrap", 10 ]
			],
			[
			 [ "gunpowder", 25],
			 [ "chem_black_powder", 50]
			],
			[
			 [ "tool_rocket_candy", 2 ],
			 [ "chem_rocket_fuel", 50 ]
			]
		]
	}
]