[
	{
		"type" : "recipe",
		"result": "large_repairkit",
		"id_suffix": "from GS_book_int_gun",	
		"category": "CC_OTHER",
		"subcategory": "CSC_OTHER_TOOLS",
		"skill_used" : "mechanics",
		"difficulty" : 1,
		"time": 2000,
		"book_learn": [ ["GS_book_int_gun",1], ["recipe_bullets",1], ["textbook_mechanics",2] ],
		"components":
		[
			[
			 ["wire", 2],
			 ["cable", 2]
			],
			[
			 ["soldering_iron", 1]
			],
			[
			 ["screwdriver", 1],
			 ["screwdriver_set", 1]
			],
			[
			 ["wrench", 1]
			],
			[
			 ["chisel", 1]
			],
			[
			 ["hacksaw", 1]
			],
			[
			 ["hammer", 1]
			],
			[
			 ["rag", 2],
			 ["leather", 2],
			 ["fur", 2]
			]
		]
	}
]