[
  {
    "type": "item_group",
    "id": "orichalcum_frame_break",
    "subtype": "collection",
    "entries": [ { "item": "orichalcum_lump", "count": [ 4, 6 ] }, { "item": "orichalcum_sliver", "count": [ 4, 6 ] } ]
  },
  {
    "type": "vehicle_part",
    "id": "folding_natural_seat",
    "name": "原木矮凳",
    "symbol": "#",
    "looks_like": "seat",
    "color": "brown",
    "broken_symbol": "*",
    "broken_color": "yellow",
    "damage_modifier": 10,
    "durability": 20,
    "description": "木筏上长出的原木树墩。",
    "item": "splinter",
    "folded_volume": 10,
    "location": "anywhere",
    "flags": [ "SEAT", "BOARDABLE", "FOLDABLE" ],
    "breaks_into": [ { "item": "splinter", "count": [ 1, 6 ] } ]
  },
  {
    "type": "vehicle_part",
    "id": "inflatable_natural_section",
    "name": "藤蔓船架",
    "symbol": "O",
    "looks_like": "inflatable_airbag",
    "color": "green",
    "size": 60,
    "broken_symbol": "#",
    "broken_color": "light_green",
    "durability": 50,
    "item": "vine_30",
    "location": "structure",
    "folded_volume": 100,
    "flags": [ "MOUNTABLE", "FOLDABLE", "BOARDABLE", "CARGO" ],
    "breaks_into": [ { "item": "splinter", "count": [ 10, 20 ] } ],
    "damage_reduction": { "bash": 10 }
  },
  {
    "type": "vehicle_part",
    "id": "inflatable_wooden_bag",
    "name": "原木船壳",
    "symbol": "O",
    "color": "brown",
    "broken_symbol": "x",
    "broken_color": "yellow",
    "damage_modifier": 50,
    "durability": 40,
    "item": "log",
    "location": "under",
    "folded_volume": 100,
    "flags": [ "FLOATS", "VARIABLE_SIZE", "FOLDABLE" ],
    "breaks_into": [ { "item": "splinter", "count": [ 10, 20 ] } ],
    "damage_reduction": { "bash": 10 }
  }
]
