[
  {
    "type": "mapgen",
    "method": "json",
    "om_terrain": [ "biow_field" ],
    "weight": 1000,
    "object": {
      "rows": [
        ",,,,,,.,,,,.,,,,,,,.,,,,",
        ",,,.,,,,.,,,,.,..,,,,,,,",
        ",,,,,,,..,,,,,,,,..,,,,.",
        ",,,,,,,,,,,,,,..,,,,,,,,",
        ",,,,,,,.,,,,..,,,,..,,,,",
        ",,,..,,,,,,,,,,,..,,,,..",
        ",,,,,,,,,,..,,,,.,,,,,,,",
        ",,,..,,,,,,,,..,,,,,,,,.",
        ",,,,,,,..,,,,.,,,,,,,,..",
        ",,,..,,,,,,,,,,,,,,,,,,.",
        "..,,,,,,,,.,,,,.,,,,,,,.",
        ",,,,,,,,,,,,,,,,,,.,,,,.",
        ",,,.,,,,,,,,,,,,,,,,,,,.",
        ",,,..,,,,,,,,..,,,,,,,,.",
        ",,,,..,,,,..,,,,..,,,,..",
        ",,,.,,,,,,,,,,,,,,,.,,,,",
        ",,,,,,,..,,,,.,,,,.,,,,.",
        ",,,..,,,,.,,,,..,,,,,,,,",
        ",,,..,,,,,,,,,,,,..,,,,.",
        "..,,,,..,,,,,,,,,,,.,,,,",
        ",,,..,..,,,,.,..,,,,,,,.",
        ",,,,,,.,,,,.,,,,,,,,,,,.",
        ",,,..,,,,,,,,,,,,,,,,,,.",
        ",,,.,,,,.,,,,,,,,,,,,,,,"
      ],
      "terrain": { " ": "t_null", ",": "t_grass", ".": "t_dirt" },
      "furniture": { " ": "f_null", ",": "f_null", ".": "f_null" },
      "place_monster": [
        { "monster": "mon_failed_weapon", "x": 3, "y": 6 },
        { "monster": "mon_zombie_failed_weapon", "x": 6, "y": 20 },
        { "monster": "mon_zombie_failed_weapon", "x": 13, "y": 22 }
      ]
    }
  },
  {
    "type": "mapgen",
    "method": "json",
    "om_terrain": [ "bio_field" ],
    "weight": 1000,
    "object": {
      "rows": [
        "----&,.,&&,.,,,&,,,.&---",
        "|,,.,,,,.,,,,.,..,,,,,,|",
        "|,,,,,,..,,,,,,,,..,,,,|",
        "|,,,,,,,,,,,,,..,,,,,,,&",
        "|,,,,,,.,,,,..,,,,..,,,&",
        "|,,..,,,,,,,,,,,..,,,,.&",
        "|,,,,,,,,,..,,,,.,,,,,,|",
        "|,,..,,,,,,,,..,,,,,,,,|",
        "|,,,,,,..,,,,.,,,,,,,,.|",
        "|,,..,,,,,,,,,,,,,,,,,,|",
        "|.,,,,,,,,.,,,,.,,,,,,,|",
        "|,,,,,,,,,,,,,,,,,.,,,,|",
        "|,,.,,,,,,,,,,,,,,,,,,,|",
        "|,,..,,,,,,,,..,,,,,,,,|",
        "&,,,..,,,,..,,,,..,,,,.|",
        ",,,.,,,,,,,,,,,,,,,.,,,|",
        ",,,,,,,..,,,,.,,,,.,,,,|",
        "&,,..,,,,.,,,,..,,,,,,,|",
        "&,,..,,,,,,,,,,,,..,,,,|",
        "|.,,,,..,,,,,,,,,,,.,,,|",
        "|,,..,..,,,,.,..,,,,,,,|",
        "|,,,,,.,,,,.,,,,,,,,,,,|",
        "|,,..,,,,,,,,,,,,,,,,,,|",
        "|,,.,,,,.,,,,,,,,,,,,,,|"
      ],
      "terrain": {
        " ": "t_null",
        ",": "t_grass",
        ".": "t_dirt",
        "|": "t_chainfence_v",
        "-": "t_chainfence_h",
        "&": "t_chainfence_posts"
      },
      "place_loot": [
        { "item": "pipe", "x": [ 3, 21 ], "y": [ 0, 2 ], "repeat": [ 2, 6 ] },
        { "item": "wire", "x": [ 3, 21 ], "y": [ 0, 2 ], "repeat": [ 4, 10 ] },
        { "item": "scrap", "x": [ 3, 21 ], "y": [ 0, 2 ], "repeat": [ 1, 5 ] },
        { "item": "pipe", "x": [ 0, 2 ], "y": [ 13, 19 ], "repeat": [ 1, 2 ] },
        { "item": "wire", "x": [ 0, 2 ], "y": [ 13, 19 ], "repeat": [ 3, 6 ] },
        { "item": "scrap", "x": [ 0, 2 ], "y": [ 13, 19 ], "repeat": [ 1, 3 ] },
        { "item": "wire", "x": [ 21, 23 ], "y": [ 2, 6 ], "repeat": [ 2, 4 ] },
        { "item": "scrap", "x": [ 21, 23 ], "y": [ 2, 6 ], "repeat": [ 0, 2 ] }
      ],
      "place_monster": [
        { "monster": "mon_zombie_soldier", "x": 3, "y": 6 },
        { "monster": "mon_zombie_soldier", "x": 17, "y": 7 },
        { "monster": "mon_zombie_soldier", "x": 2, "y": 15 },
        { "monster": "mon_zombie_soldier", "x": 19, "y": 15 },
        { "monster": "mon_zombie_soldier", "x": 6, "y": 20 },
        { "monster": "mon_zombie_soldier", "x": 13, "y": 22 }
      ],
      "place_vehicles": [ { "vehicle": "humvee", "x": 9, "y": 10, "chance": 99, "fuel": 85, "status": -1, "rotation": 90 } ]
    }
  },
  {
    "type": "mapgen",
    "method": "json",
    "om_terrain": [ "Bio_Weapon_Lab" ],
    "weight": 1000,
    "object": {
      "rows": [
        "F,,,,,,,,,C,,,,,,,,,,,,F",
        "|||||||||||dd|||||||||||",
        "|&&&LLLLL.C....LLLLL&&&|",
        "|&&&................&&&|",
        "|6....................6|",
        "|6..sSs..........sSs..6|",
        "|6..._............_...6|",
        "|6..cac..........cac..6|",
        "|6....................6|",
        "||||.....T####T.....||||",
        "|e.|b....#tttt#....b|.e|",
        "|.T|b....#tttt#....b|T.|",
        "|.f|b....#tttt#....b|f.|",
        "|..D.....#tttt#.....D..|",
        "||||.....T####T.....||||",
        "|6....................6|",
        "|6....................6|",
        "|{..sSs..........sSs..{|",
        "|{..._.....UA....._...{|",
        "|{..cac....rr....cac..{|",
        "|o....................o|",
        "|......................|",
        "|E--------------------E|",
        "||||||||||||||||||||||||"
      ],
      "terrain": {
        "#": "t_metal_floor",
        "&": "t_plut_generator",
        ",": "t_dirt",
        "-": "t_vat",
        ".": "t_metal_floor",
        "6": "t_console_broken",
        "A": "t_metal_floor",
        "C": "t_card_reader_broken",
        "D": "t_door_o",
        "E": "t_elevator_control_off",
        "F": "t_chainfence_v",
        "L": "t_metal_floor",
        "S": "t_station_disc",
        "T": "t_metal_floor",
        "U": "t_metal_floor",
        "_": "t_utility_light",
        "a": "t_switchgear_l",
        "b": "t_metal_floor",
        "c": "t_current_trans",
        "d": "t_door_metal_c",
        "e": "t_metal_floor",
        "f": "t_metal_floor",
        "o": "t_metal_floor",
        "r": "t_metal_floor",
        "s": "t_switchgear_s",
        "t": "t_metal_floor",
        "{": "t_metal_floor",
        "|": "t_wall_metal"
      },
      "furniture": {
        "#": "f_chair",
        "A": "f_autodoc",
        "L": "f_locker",
        "T": "f_trashcan",
        "U": "f_autodoc_couch",
        "b": "f_bench",
        "e": "f_toilet",
        "f": "f_sink",
        "o": "f_oven",
        "r": "f_rack",
        "t": "f_table",
        "{": "f_fridge"
      },
      "place_toilets": [ { "x": 1, "y": 10 }, { "x": 22, "y": 10 } ],
      "place_items": [
        { "item": "fridge", "x": 22, "y": [ 17, 19 ], "chance": 90, "repeat": 4 },
        { "item": "fridge", "x": 1, "y": [ 17, 19 ], "chance": 80, "repeat": 4 },
        { "item": "oven", "x": 22, "y": 20, "chance": 80, "repeat": 4 },
        { "item": "oven", "x": 1, "y": 20, "chance": 80, "repeat": 4 },
        { "item": "science", "x": [ 15, 19 ], "y": 2, "chance": 90, "repeat": 3 },
        { "item": "science", "x": [ 4, 8 ], "y": 2, "chance": 90, "repeat": 3 },
        { "item": "mon_zombie_scientist_death_drops", "x": 13, "y": 20, "chance": 50 },
        { "item": "mon_zombie_scientist_death_drops", "x": 10, "y": 20, "chance": 50 },
        { "item": "mon_zombie_scientist_death_drops", "x": 5, "y": 20, "chance": 50 },
        { "item": "mon_zombie_scientist_death_drops", "x": 20, "y": 18, "chance": 50 },
        { "item": "mon_zombie_scientist_death_drops", "x": 14, "y": 16, "chance": 50 },
        { "item": "mon_zombie_scientist_death_drops", "x": 9, "y": 16, "chance": 50 },
        { "item": "mon_zombie_scientist_death_drops", "x": 5, "y": 16, "chance": 50 },
        { "item": "mon_zombie_scientist_death_drops", "x": 5, "y": 12, "chance": 50 },
        { "item": "mon_zombie_scientist_death_drops", "x": 17, "y": [ 11, 12 ], "chance": 50 },
        { "item": "mon_zombie_scientist_death_drops", "x": 5, "y": 10, "chance": 50 },
        { "item": "mon_zombie_scientist_death_drops", "x": 20, "y": 6, "chance": 50 },
        { "item": "mon_zombie_scientist_death_drops", "x": 16, "y": 6, "chance": 50 },
        { "item": "mon_zombie_scientist_death_drops", "x": [ 11, 12 ], "y": 6, "chance": 50 },
        { "item": "mon_zombie_scientist_death_drops", "x": 7, "y": 6, "chance": 50 }
      ],
      "add": [
        { "item": "mccmap", "x": 12, "y": 12 },
        { "item": "laser_rifle", "x": 12, "y": 11 },
        { "item": "goggles_welding", "x": 4, "y": 20, "repeat": 1 },
        { "item": "anesthesia", "x": [ 11, 12 ], "y": 19, "chance": 50, "repeat": 3 }
      ],
      "place_npcs": [ { "class": "bio_hunter", "x": 5, "y": 21 } ],
      "place_vehicles": [
        { "vehicle": "welding_cart", "x": 4, "y": 20, "chance": 99, "fuel": 25, "status": 25, "rotation": 0 },
        { "vehicle": "chem_cart", "x": 19, "y": 20, "chance": 99, "fuel": 25, "status": 25, "rotation": 0 }
      ]
    }
  },
  {
    "type": "mapgen",
    "method": "json",
    "om_terrain": [ "b2_field" ],
    "weight": 1000,
    "object": {
      "rows": [
        "------&&&&&&&&&&&&------",
        "|,,.,,,,.,,,,.,..,,,,,,|",
        "|,,,,,,..,,,,,,,,.,,,,.|",
        "|,,,,,,,,,,,,,..,,,,,,,|",
        "|,,,,,,.,,,,..,,,..,,,,|",
        "|,,..,,,,,,,,,,..,,,,..|",
        "|,,,,,,,,,..,,,.,,,,,,,|",
        "|,,..,,,,,,,,.,,,,,,,,.|",
        "|,,,,,,..,,,.,,,,,,,,..|",
        "|,,..,,,,,,,,,,,,,,,,,.|",
        "|.,,,,,,,.,,,,.,,,,,,,.|",
        "|,,,,,,,,,,,,,,,,.,,,,.|",
        "|,,.,,,,,,,,,,,,,,,,,,.|",
        "|,,..,,,,,,,,..,,,,,,,,|",
        "|,,,..,,,,..,,,,..,,,,.|",
        "|,,.,,,,,,,,,,,,,,.,,,,|",
        "|,,,,,,..,,,,.,,,,.,,,.|",
        "|,,..,,,,.,,,,..,,,,,,,|",
        "|,,..,,,,,,,,,,,,..,,,.|",
        "|.,,,,..,,,,,,,,,,,.,,,|",
        "|,,..,..,,,,.,..,,,,,,,|",
        "|,,,,,.,,,,.,,,,,,,,,,,|",
        "|,,..,,,,,,,,,,,,,,,,,,|",
        "|,,.,,,,.,,,,,,,,,,,,,,|"
      ],
      "terrain": { "|": "t_chainfence_v", "-": "t_chainfence_h", "&": "t_chaingate_c", ",": "t_grass", ".": "t_dirt" },
      "place_vehicles": [ { "vehicle": "lux_rv", "x": 11, "y": 12, "chance": 99, "fuel": 85, "status": -1, "rotation": 90 } ]
    }
  },
  {
    "type": "mapgen",
    "method": "json",
    "om_terrain": [ "makeshift_command_center" ],
    "weight": 1000,
    "object": {
      "rows": [
        "F,,,==,,,,,,,,,,,,,,,,,F",
        "!!!!!!!!!!!<<!!!!!!!!!!!",
        "!Wbaaaa.f|K..|.....6T.Z!",
        "!........|>//|.ppp._..Z!",
        "!..&CC&..|K....ppp._..Z!",
        "!_.C##C..+............&!",
        "!_.C##C..|Z..ZZZZ&..ZZZ!",
        "!..&CC&..||++|||||++|||!",
        "!........|....|HH{..{mm!",
        "!........+....|_......{!",
        "!eD......|....+......mm!",
        "!|||++||||....+..._...{!",
        "!........+....|_.....mm!",
        "!........+....|.......{!",
        "!.w.w.|||||++||HH{..{mm!",
        "!.ww..|c._...c||||++|||!",
        "!w..w.|cd.d.dc|4......r!",
        "!w.ww.+.d.d.dc|4......R!",
        "!.www.+.d.d.d.+.......l!",
        "!.w.ww|c......+...__..l!",
        "!||||||cd.d.dc|.......l!",
        "!s....+.d.d.dc|.......m!",
        "!t.B..+.d_d_dc|.....O.v!",
        "!!!!!!!!!!!!!!!!!!!!!!!!"
      ],
      "terrain": {
        "!": "t_wall_metal",
        "#": "t_metal_floor",
        "&": "t_metal_floor",
        "+": "t_rdoor_c",
        ",": "t_grass",
        "-": "t_metal_floor",
        ".": "t_metal_floor",
        "/": "t_door_metal_locked",
        "4": "t_plut_generator",
        "6": "t_metal_floor",
        "<": "t_door_metal_c",
        "=": "t_dirt",
        ">": "t_wall",
        "A": "t_metal_floor",
        "B": "t_metal_floor",
        "C": "t_metal_floor",
        "D": "t_metal_floor",
        "F": "t_chainfence_v",
        "H": "t_metal_floor",
        "K": "t_gates_mech_control",
        "O": "t_metal_floor",
        "R": "t_radio_controls",
        "T": "t_metal_floor",
        "U": "t_metal_floor",
        "W": "t_metal_floor",
        "Z": "t_metal_floor",
        "^": "t_metal_floor",
        "_": "t_utility_light",
        "a": "t_metal_floor",
        "b": "t_water_pump",
        "c": "t_metal_floor",
        "d": "t_dirtmound",
        "e": "t_metal_floor",
        "f": "t_metal_floor",
        "g": "t_console",
        "h": "t_metal_floor",
        "l": "t_metal_floor",
        "m": "t_metal_floor",
        "p": "t_metal_floor",
        "r": "t_radio_tower",
        "s": "t_metal_floor",
        "t": "t_metal_floor",
        "v": "t_vat",
        "w": "t_metal_floor",
        "{": "t_metal_floor",
        "|": "t_wall_log"
      },
      "furniture": {
        "#": "f_table",
        "&": "f_trashcan",
        "6": "f_arcade_machine",
        "=": "f_smoking_rack",
        "B": "f_bathtub",
        "C": "f_chair",
        "D": "f_dryer",
        "H": "f_sofa",
        "O": "f_standing_tank",
        "T": "f_ball_mach",
        "W": "f_woodstove",
        "Z": "f_bench",
        "a": "f_cupboard",
        "c": "f_counter",
        "e": "f_washer",
        "f": "f_fridge",
        "l": "f_locker",
        "m": "f_makeshift_bed",
        "p": "f_pool_table",
        "s": "f_shower",
        "t": "f_toilet",
        "w": "f_wreckage",
        "{": "f_dresser"
      },
      "mapping": [
        { "w": { "item": [ { "item": "scrap", "count": [ 1, 3 ] } ] } },
        { "%": { "item": [ { "item": "scrap", "count": [ 1, 3 ] } ] } }
      ],
      "place_traps": [ { "trap": "tr_dissector", "x": 15, "y": 21 } ],
      "place_toilets": [ { "x": 1, "y": 22 } ],
      "place_items": [
        { "item": "stash_food", "x": 8, "y": 1, "chance": 85, "repeat": 12 },
        { "item": "textbooks", "x": 17, "y": 14, "chance": 75, "repeat": 4 },
        { "item": "textbooks", "x": 17, "y": 8, "chance": 75, "repeat": 4 },
        { "item": "farming_seeds", "x": 7, "y": [ 19, 20 ], "chance": 75, "repeat": 8 },
        { "item": "farming_seeds", "x": 7, "y": [ 15, 16 ], "chance": 75, "repeat": 8 },
        { "item": "allclothes", "x": 22, "y": 13, "chance": 80, "repeat": 7 },
        { "item": "allclothes", "x": 22, "y": 11, "chance": 80, "repeat": 7 },
        { "item": "allclothes", "x": 22, "y": 9, "chance": 80, "repeat": 7 },
        { "item": "tools_common", "x": 20, "y": 8, "chance": 80, "repeat": 10 },
        { "item": "science", "x": 22, "y": [ 18, 20 ], "chance": 60, "repeat": 8 },
        { "item": "surgery", "x": 22, "y": [ 18, 20 ], "chance": 75, "repeat": 7 },
        { "item": "sketchy_cabin_weapons", "x": 20, "y": 14, "chance": 50, "repeat": 10 },
        { "item": "farming_tools", "x": 13, "y": [ 20, 22 ], "chance": 50, "repeat": 7 }
      ],
      "add": [
        { "item": "ulmap", "x": 22, "y": 20, "repeat": 1 },
        { "item": "recipe_surv", "x": 10, "y": 6, "repeat": 1 },
        { "item": "broken_manhack", "x": 1, "y": 14, "repeat": 1 },
        { "item": "broken_manhack", "x": 3, "y": 14, "repeat": 1 },
        { "item": "broken_manhack", "x": 5, "y": 14, "repeat": 1 },
        { "item": "broken_manhack", "x": 1, "y": 15, "repeat": 1 },
        { "item": "broken_manhack", "x": 4, "y": 15, "repeat": 1 },
        { "item": "broken_manhack", "x": 5, "y": 15, "repeat": 1 },
        { "item": "broken_manhack", "x": 2, "y": 16, "repeat": 1 },
        { "item": "broken_tankbot", "x": 3, "y": 16, "repeat": 1 },
        { "item": "broken_manhack", "x": 5, "y": 16, "repeat": 1 },
        { "item": "broken_manhack", "x": 2, "y": 17, "repeat": 1 },
        { "item": "broken_manhack", "x": 5, "y": 17, "repeat": 1 },
        { "item": "broken_manhack", "x": 1, "y": 18, "repeat": 1 },
        { "item": "broken_manhack", "x": 5, "y": 18, "repeat": 1 },
        { "item": "broken_manhack", "x": 1, "y": 19, "repeat": 1 },
        { "item": "broken_manhack", "x": 3, "y": 19, "repeat": 1 }
      ],
      "place_npcs": [
        { "class": "main_bio_sci", "x": 20, "y": 22 },
        { "class": "bio_weapon_1", "x": 22, "y": 10 },
        { "class": "bio_weapon_2", "x": 22, "y": 14 },
        { "class": "cmnd_guard_1", "x": 15, "y": 6 },
        { "class": "cmnd_guard_2", "x": 19, "y": 4 }
      ]
    }
  },
  {
    "type": "mapgen",
    "method": "json",
    "om_terrain": [ "Survivor_Holdout" ],
    "weight": 1000,
    "object": {
      "//": "One vehicle goes inside the other...",
      "rows": [
        "......o.................",
        "$$$$$$$++++++++++$$$$$$$",
        "$.....o................$",
        "$......................$",
        "$......................$",
        "$......................$",
        "$......................$",
        "$.......s.C..s.s.......$",
        "$......s|||rr|||s......$",
        "$......s|{O__O{|s......$",
        "$.......|{____{|.......$",
        "$......s|{_;;_{|s......$",
        "$......s|=____f|s......$",
        "$.......|_____B|.......$",
        "$......s|U^aFbB|s...|w|$",
        "$......s||||||||s...re|$",
        "$.......ss.ss.ss....|w|$",
        "$......................$",
        "$#.#.#.#.#.77.#.#.#.#.#$",
        "$#.#.#.#.#.77.#.#.#.#.#$",
        "$#.#.#.#.#.77.#.#.#.#.#$",
        "$#.#.#.#.#.77.#.#.#.#.#$",
        "$#.#.#.#.#.77.#.#.#.#.#$",
        "$$$$$$$$$$$$$$$$$$$$$$$$"
      ],
      "terrain": {
        "#": "t_dirtmound",
        "$": "t_palisade",
        "+": "t_palisade_gate",
        ".": "t_dirt",
        "7": "t_tree_apple_harvested",
        ";": "t_utility_light",
        "=": "t_metal_floor",
        "B": "t_metal_floor",
        "C": "t_water_pump",
        "F": "t_metal_floor",
        "O": "t_metal_floor",
        "U": "t_metal_floor",
        "^": "t_metal_floor",
        "_": "t_metal_floor",
        "a": "t_metal_floor",
        "b": "t_metal_floor",
        "c": "t_fence_post",
        "e": "t_metal_floor",
        "f": "t_metal_floor",
        "o": "t_palisade_pulley",
        "r": "t_door_metal_c_peep",
        "s": "t_shrub_strawberry_harvested",
        "w": "t_window_enhanced",
        "{": "t_metal_floor",
        "|": "t_wall_metal"
      },
      "furniture": {
        "=": "f_smoking_rack",
        "B": "f_bed",
        "F": "f_forge",
        "O": "f_standing_tank",
        "U": "f_kiln_empty",
        "^": "f_still",
        "a": "f_anvil",
        "b": "f_fireplace",
        "e": "f_toilet",
        "f": "f_fridge",
        "{": "f_locker"
      },
      "place_toilets": [ { "x": 21, "y": 15 } ],
      "place_items": [
        { "item": "default_zombie_death_drops", "x": 19, "y": 15, "chance": 50 },
        { "item": "default_zombie_death_drops", "x": 3, "y": 15, "chance": 50 },
        { "item": "default_zombie_death_drops", "x": 4, "y": 11, "chance": 50 },
        { "item": "default_zombie_death_drops", "x": 2, "y": 9, "chance": 50 },
        { "item": "default_zombie_death_drops", "x": 21, "y": 7, "chance": 50 },
        { "item": "default_zombie_death_drops", "x": 18, "y": 5, "chance": 50 },
        { "item": "default_zombie_death_drops", "x": 3, "y": 4, "chance": 50 },
        { "item": "default_zombie_death_drops", "x": 21, "y": 3, "chance": 50 },
        { "item": "default_zombie_death_drops", "x": 7, "y": 3, "chance": 50 },
        { "item": "default_zombie_death_drops", "x": 13, "y": 2, "chance": 50 },
        { "item": "weapons", "x": 9, "y": 10, "chance": 75 },
        { "item": "gear_survival", "x": 9, "y": 9, "chance": 75, "repeat": [ 10, 15 ] },
        { "item": "tools_common", "x": 14, "y": 9, "chance": 75, "repeat": [ 10, 15 ] },
        { "item": "cannedfood", "x": 14, "y": 12, "chance": 90, "repeat": [ 20, 25 ] },
        { "item": "hardware_bulk", "x": 14, "y": 10, "chance": 75, "repeat": [ 15, 20 ] }
      ],
      "add": [
        { "item": "recipe_surv", "x": 14, "y": 12 },
        { "item": "wire_barbed", "x": 5, "y": 0, "repeat": 2 },
        { "item": "wire_barbed", "x": 0, "y": 1, "repeat": 2 },
        { "item": "wire_barbed", "x": 23, "y": 2, "repeat": 2 },
        { "item": "wire_barbed", "x": 23, "y": 4, "repeat": 2 },
        { "item": "wire_barbed", "x": 0, "y": 6, "repeat": 2 },
        { "item": "wire_barbed", "x": 23, "y": 12, "repeat": 2 },
        { "item": "wire_barbed", "x": 0, "y": 13, "repeat": 2 },
        { "item": "wire_barbed", "x": 0, "y": 18, "repeat": 2 },
        { "item": "wire_barbed", "x": 23, "y": 18, "repeat": 2 },
        { "item": "wire_barbed", "x": 2, "y": 23, "repeat": 2 },
        { "item": "wire_barbed", "x": 6, "y": 23, "repeat": 2 },
        { "item": "wire_barbed", "x": 13, "y": 23, "repeat": 2 },
        { "item": "wire_barbed", "x": 21, "y": 23, "repeat": 2 },
        { "item": "semap", "x": 14, "y": 12 }
      ],
      "place_npcs": [ { "class": "bff", "x": 11, "y": 13 } ],
      "place_monster": [
        { "monster": "mon_zombie_necro", "x": 9, "y": 7 },
        { "monster": "mon_zombie_necro", "x": 14, "y": 7 },
        { "monster": "mon_zombie_necro", "x": 7, "y": 10 },
        { "monster": "mon_zombie_brute_shocker", "x": 16, "y": 10 },
        { "monster": "mon_zombie_brute_shocker", "x": 7, "y": 13 },
        { "monster": "mon_zombie_brute_shocker", "x": 16, "y": 13 },
        { "monster": "mon_zombie_corrosive", "x": 10, "y": 16 },
        { "monster": "mon_zombie_corrosive", "x": 13, "y": 16 }
      ],
      "place_vehicles": [
        { "vehicle": "surv_tractor", "x": 20, "y": 11, "chance": 99, "fuel": 10, "status": -1, "rotation": 270 },
        { "vehicle": "surv_rv", "x": 3, "y": 5, "chance": 99, "fuel": 1, "status": -3, "rotation": 270 }
      ]
    }
  },
  {
    "type": "mapgen",
    "method": "json",
    "om_terrain": [ "Unknown_Bunker" ],
    "weight": 1000,
    "object": {
      "rows": [
        "------------------------",
        "f  7#     1 1  #7  #  7f",
        "f7#   # 7 # # 7   #  7 f",
        "f 1     7  1   7      #f",
        "f7                  7  f",
        "f#                   # f",
        "f  7   ##########   #  f",
        "f7# #  #||||||||#   # 7f",
        "f  1#  #|6c>>c6|#      f",
        "f#     #|6cmmc6|#     #f",
        "f1# #  #|6cmmc6|#    7 f",
        "f  7   #|6cmmc6|#   # 7f",
        "f      #|6cmmc6|#      f",
        "f 1#   #|6cmmc6|#    1#f",
        "f #  # #||C++|||#  7# 1f",
        "f7     ####  ####  # 7 f",
        "f 7#       #          #f",
        "f           #    #     f",
        "f#         1         # f",
        "f1       #  # #     #  f",
        "f# 7#            ## 7  f",
        "f7    #  7 1#  7     7 f",
        "f # 1 7#  # 7   # 7 1 1f",
        "---------xxxxxx---------"
      ],
      "terrain": {
        " ": [ "t_grass", "t_grass", "t_grass", "t_dirt" ],
        "#": "t_shrub",
        "+": "t_door_metal_locked",
        "-": "t_chainfence_h",
        ".": "t_dirt",
        "1": "t_tree_young",
        "6": "t_console_broken",
        "7": "t_tree",
        ">": "t_stairs_down",
        "C": "t_card_reader_broken",
        "_": "t_grass",
        "c": "t_metal_floor",
        "f": "t_chainfence_v",
        "m": "t_metal_floor",
        "x": "t_chaingate_l",
        "|": "t_wall_metal"
      },
      "furniture": { "c": "f_chair" },
      "place_monster": [
        { "monster": "mon_turret_bmg", "x": 5, "y": 4 },
        { "monster": "mon_turret_bmg", "x": 18, "y": 4 },
        { "monster": "mon_turret_bmg", "x": 10, "y": 5 },
        { "monster": "mon_turret_bmg", "x": 13, "y": 5 },
        { "monster": "mon_turret_bmg", "x": 6, "y": 9 },
        { "monster": "mon_turret_bmg", "x": 18, "y": 9 },
        { "monster": "mon_turret_bmg", "x": 6, "y": 12 },
        { "monster": "mon_turret_bmg", "x": 18, "y": 12 },
        { "monster": "mon_turret_bmg", "x": 5, "y": 17 },
        { "monster": "mon_laserturret", "x": 9, "y": 17 },
        { "monster": "mon_laserturret", "x": 14, "y": 17 },
        { "monster": "mon_turret_bmg", "x": 18, "y": 17 },
        { "monster": "mon_turret_bmg", "x": 7, "y": 19 },
        { "monster": "mon_turret_bmg", "x": 16, "y": 19 }
      ]
    }
  },
  {
    "type": "mapgen",
    "method": "json",
    "om_terrain": [ "Unknown_Lab" ],
    "weight": 1000,
    "object": {
      "rows": [
        "||||||||||||||||||||||||",
        "|&&&&&&&&-.<<.-&&&&&&&&|",
        "|&6offff{-....-{ffffo6&|",
        "|&.......--++--.......&|",
        "|W..s.c...-..-...s.c..I|",
        "|....uS...+..+...suS..E|",
        "|...s.c...+..+...s.c...|",
        "|.........-..-.........|",
        "|----------++----------|",
        "|T..d..............d..T|",
        "|...-b...T####T...b-...|",
        "|..a-b...#tttt#...b-a..|",
        "|e.a-b...#tttt#...b-a.e|",
        "|----b...T####T%..b----|",
        "|......................|",
        "|.........%..C%........|",
        "|||||||||||%.|||||||||||",
        "|rr.......|.%%.......rr|",
        "|r..s.c...|%....s.c...r|",
        "|....uS...|DD|...uS....|",
        "|6..s.c.........s.c...6|",
        "|6........j...........6|",
        "|6{{{{{{{{iv6wO^AgU=Fh6|",
        "||||||||||||||||||||||||"
      ],
      "terrain": {
        " ": "t_null",
        "#": "t_metal_floor",
        "%": "t_metal_floor",
        "&": "t_plut_generator",
        "+": "t_door_metal_c",
        "-": "t_wall",
        ".": "t_metal_floor",
        "6": "t_console_broken",
        "<": "t_stairs_up",
        "=": "t_metal_floor",
        "A": "t_metal_floor",
        "C": "t_card_reader_broken",
        "D": "t_door_metal_locked",
        "E": "t_cvdmachine",
        "F": "t_metal_floor",
        "I": "t_cvdbody",
        "O": "t_metal_floor",
        "S": "t_switchgear_l",
        "T": "t_metal_floor",
        "U": "t_metal_floor",
        "W": "t_water_pump",
        "^": "t_metal_floor",
        "a": "t_metal_floor",
        "b": "t_metal_floor",
        "c": "t_current_trans",
        "d": "t_door_o",
        "e": "t_metal_floor",
        "f": "t_metal_floor",
        "g": "t_metal_floor",
        "h": "t_metal_floor",
        "o": "t_metal_floor",
        "r": "t_metal_floor",
        "s": "t_switchgear_s",
        "t": "t_metal_floor",
        "u": "t_utility_light",
        "v": "t_vat",
        "w": "t_metal_floor",
        "{": "t_metal_floor",
        "|": "t_wall_metal",
        "i": "t_metal_floor",
        "j": "t_metal_floor"
      },
      "furniture": {
        "#": "f_chair",
        "%": "f_wreckage",
        "=": "f_smoking_rack",
        "A": "f_anvil",
        "F": "f_forge_rock",
        "O": "f_fvat_empty",
        "T": "f_trashcan",
        "U": "f_kiln_metal_empty",
        "^": "f_forge",
        "a": "f_sink",
        "b": "f_bench",
        "e": "f_toilet",
        "f": "f_fridge",
        "g": "f_still",
        "h": "f_clay_kiln",
        "o": "f_oven",
        "r": "f_rack",
        "t": "f_table",
        "w": "f_woodstove",
        "{": "f_locker",
        "i": "f_autodoc",
        "j": "f_autodoc_couch"
      },
      "mapping": { "%": { "item": [ { "item": "scrap", "count": [ 1, 3 ] } ] } },
      "place_toilets": [ { "x": 1, "y": 12 }, { "x": 22, "y": 12 } ],
      "place_loot": [
        { "group": "chem_lab", "x": 4, "y": 22, "chance": 90, "repeat": [ 15, 20 ] },
        { "group": "trash", "x": 14, "y": 13, "chance": 50, "repeat": [ 2, 5 ] },
        { "group": "trash", "x": 9, "y": 13, "chance": 50, "repeat": [ 2, 5 ] },
        { "group": "trash", "x": 14, "y": 10, "chance": 50, "repeat": [ 2, 5 ] },
        { "group": "trash", "x": 9, "y": 10, "chance": 50, "repeat": [ 2, 5 ] },
        { "group": "science", "x": 7, "y": 22, "chance": 90, "repeat": [ 10, 20 ] },
        { "group": "surgery", "x": 10, "y": 22, "chance": 90, "repeat": [ 10, 20 ] },
        { "group": "electronics", "x": 5, "y": 22, "chance": 90, "repeat": [ 10, 20 ] },
        { "group": "rare", "x": 9, "y": 22, "chance": 80, "repeat": [ 5, 20 ] },
        { "group": "fridge", "x": [ 16, 19 ], "y": 2, "chance": 85, "repeat": [ 5, 10 ] },
        { "group": "fridge", "x": [ 4, 7 ], "y": 2, "chance": 85, "repeat": [ 5, 10 ] },
        { "group": "power_tools", "x": 8, "y": 22, "chance": 75, "repeat": [ 10, 15 ] },
        { "group": "bionics_mil", "x": 15, "y": 22, "chance": 90, "repeat": [ 5, 15 ] },
        { "group": "oven", "x": 18, "y": 2, "chance": 60, "repeat": [ 3, 6 ] },
        { "group": "oven", "x": 20, "y": 2, "chance": 60, "repeat": [ 3, 6 ] },
        { "group": "bionics_sci", "x": 6, "y": 22, "chance": 90, "repeat": [ 5, 15 ] },
        { "item": "flesh_knife", "x": 21, "y": 17 },
        { "item": "flesh_pistol", "x": 22, "y": 17 },
        { "item": "evil_invitation", "x": 21, "y": 17 },
        { "item": "flesh_weapon_kit", "x": 22, "y": 17 },
        { "item": "blood_m", "x": 22, "y": 18 },
        { "item": "blood_p", "x": 22, "y": 18 },
        { "item": "neo_laser_pistol", "x": 1, "y": 17 },
        { "item": "akro_laser_smg", "x": 1, "y": 17 },
        { "item": "arc_laser_rifle", "x": 1, "y": 17 },
        { "item": "krx_laser_lmg", "x": 1, "y": 17 },
        { "item": "mx_laser_sniper", "x": 1, "y": 17 },
        { "item": "xarm_laser_shotgun", "x": 1, "y": 17 },
        { "item": "br_bolt_rifle_elec", "x": 2, "y": 17 },
        { "item": "mk_ionic_cannon", "x": 2, "y": 17 },
        { "item": "UPS_off", "x": 1, "y": 18 },
        { "item": "megamap", "x": 1, "y": 18 },
        { "item": "acs_74_stealth_cloak_off", "x": 1, "y": 18 },
        { "item": "anesthesia", "x": 9, "y": 22, "chance": 50, "repeat": [ 1, 3 ] }
      ],
      "place_monster": [
        { "monster": "mon_failed_weapon", "x": 7, "y": 4 },
        { "monster": "mon_failed_weapon", "x": 12, "y": 4 },
        { "monster": "mon_failed_weapon", "x": 2, "y": 6 },
        { "monster": "mon_failed_weapon", "x": 11, "y": 6 },
        { "monster": "mon_failed_weapon", "x": 21, "y": 6 },
        { "monster": "mon_failed_weapon", "x": 5, "y": 7 },
        { "monster": "mon_failed_weapon", "x": 14, "y": 7 },
        { "monster": "mon_failed_weapon", "x": 20, "y": 9 },
        { "monster": "mon_failed_weapon", "x": 7, "y": 10 },
        { "monster": "mon_failed_weapon", "x": 16, "y": 10 },
        { "monster": "mon_failed_weapon", "x": 11, "y": 15 },
        { "monster": "mon_failed_weapon", "x": 2, "y": 16 },
        { "monster": "mon_failed_weapon", "x": 7, "y": 16 },
        { "monster": "mon_failed_weapon", "x": 15, "y": 16 },
        { "monster": "mon_failed_weapon", "x": 13, "y": 18 },
        { "monster": "mon_failed_weapon", "x": 3, "y": 19 },
        { "monster": "mon_failed_weapon", "x": 9, "y": 19 },
        { "monster": "mon_failed_weapon", "x": 20, "y": 19 },
        { "monster": "hulk_weapon", "x": 16, "y": 21 }
      ],
      "place_vehicles": [
        { "vehicle": "welding_cart", "x": 5, "y": 21, "chance": 99, "fuel": 25, "status": 25, "rotation": 0 },
        { "vehicle": "chem_cart", "x": 17, "y": 21, "chance": 99, "fuel": 25, "status": 25, "rotation": 0 }
      ]
    }
  },
  {
    "type": "mapgen",
    "method": "json",
    "om_terrain": [ "house_fight" ],
    "weight": 1000,
    "object": {
      "//": "This npcs know fighting and killing...",
      "rows": [
        "||||||w||||--||||w||||||",
        "| {f|              |f{ |",
        "|   +              +   |",
        "|#  +  ||||++||||  +  #|",
        "|#d |  |BBB  BBB|  | d#|",
        "|||||  |        |  |||||",
        "| {f|  |bbbbbbbb|  |f{ |",
        "|   +  |r      r|  +   |",
        "|#  +  |r      r|  +  #|",
        "|#d |  +        +  | d#|",
        "|||||  +        +  |||||",
        "|C& +  |r      r|  +  &|",
        "|o  +  |r      r|  +   |",
        "|||||  |bbbbbbbb|  |||||",
        "|#d |  |        |  | d#|",
        "|#  +  |BBB  BBB|  +  #|",
        "|   +  ||||++||||  +   |",
        "| {f|              |f{ |",
        "|||||              |||||",
        "|#d |  ||D||||D||  | d#|",
        "|#  +  |{ {||{ {|  +  #|",
        "|   +  |c {||{ c|  +   |",
        "| {f|  |c {||{ c|  |f{ |",
        "||||||w||||||||||w||||||"
      ],
      "terrain": {
        " ": "t_floor",
        "#": "t_floor",
        "&": "t_floor",
        "+": "t_door_c",
        "-": "t_rdoor_boarded",
        "B": "t_floor",
        "C": "t_floor",
        "D": "t_door_locked_interior",
        "b": "t_bars",
        "c": "t_floor",
        "d": "t_floor",
        "f": "t_floor",
        "o": "t_floor",
        "r": "t_floor",
        "w": "t_window_enhanced",
        "{": "t_floor",
        "|": "t_wall"
      },
      "furniture": {
        "#": "f_bed",
        "&": "f_sink",
        "B": "f_bench",
        "C": "f_cupboard",
        "a": "f_bench",
        "c": "f_counter",
        "d": "f_dresser",
        "f": "f_fridge",
        "l": "f_locker",
        "o": "f_oven",
        "r": "f_rack",
        "{": "f_locker"
      },
      "place_toilets": [ { "x": 22, "y": 12 } ],
      "place_items": [
        { "item": "bed", "x": 22, "y": [ 3, 4 ], "chance": 80, "repeat": [ 2, 4 ] },
        { "item": "bed", "x": 1, "y": [ 3, 4 ], "chance": 80, "repeat": [ 2, 4 ] },
        { "item": "bed", "x": 22, "y": [ 8, 9 ], "chance": 80, "repeat": [ 2, 4 ] },
        { "item": "bed", "x": 1, "y": [ 8, 9 ], "chance": 80, "repeat": [ 2, 4 ] },
        { "item": "bed", "x": 22, "y": [ 14, 15 ], "chance": 80, "repeat": [ 2, 4 ] },
        { "item": "bed", "x": 1, "y": [ 14, 15 ], "chance": 80, "repeat": [ 2, 4 ] },
        { "item": "bed", "x": 22, "y": [ 19, 20 ], "chance": 80, "repeat": [ 2, 4 ] },
        { "item": "bed", "x": 1, "y": [ 19, 20 ], "chance": 80, "repeat": [ 2, 4 ] },
        { "item": "sketchy_cabin_weapons", "x": 15, "y": [ 11, 12 ], "chance": 50, "repeat": [ 1, 5 ] },
        { "item": "sketchy_cabin_weapons", "x": 8, "y": [ 11, 12 ], "chance": 50, "repeat": [ 1, 5 ] },
        { "item": "sketchy_cabin_weapons", "x": 15, "y": [ 7, 8 ], "chance": 50, "repeat": [ 1, 5 ] },
        { "item": "sketchy_cabin_weapons", "x": 8, "y": [ 7, 8 ], "chance": 50, "repeat": [ 1, 5 ] },
        { "item": "gear_medical", "x": 8, "y": 20, "chance": 90, "repeat": [ 5, 10 ] },
        { "item": "gear_medical", "x": 15, "y": 20, "chance": 90, "repeat": [ 5, 10 ] },
        { "item": "tools_medical", "x": 15, "y": [ 21, 22 ], "chance": 90, "repeat": [ 1, 5 ] },
        { "item": "tools_medical", "x": 8, "y": [ 21, 22 ], "chance": 90, "repeat": [ 1, 5 ] },
        { "item": "science", "x": 13, "y": 20, "chance": 100, "repeat": [ 1, 5 ] },
        { "item": "science", "x": 10, "y": 20, "chance": 100, "repeat": [ 1, 5 ] },
        { "item": "dresser", "x": 21, "y": 4, "chance": 90, "repeat": [ 10, 15 ] },
        { "item": "dresser", "x": 2, "y": 4, "chance": 90, "repeat": [ 10, 15 ] },
        { "item": "dresser", "x": 21, "y": 9, "chance": 90, "repeat": [ 10, 15 ] },
        { "item": "dresser", "x": 2, "y": 9, "chance": 90, "repeat": [ 10, 15 ] },
        { "item": "dresser", "x": 21, "y": 14, "chance": 90, "repeat": [ 10, 15 ] },
        { "item": "dresser", "x": 2, "y": 14, "chance": 90, "repeat": [ 10, 15 ] },
        { "item": "dresser", "x": 21, "y": 19, "chance": 90, "repeat": [ 10, 15 ] },
        { "item": "dresser", "x": 2, "y": 19, "chance": 90, "repeat": [ 10, 15 ] },
        { "item": "fridge", "x": 20, "y": 22, "chance": 90, "repeat": [ 8, 12 ] },
        { "item": "fridge", "x": 3, "y": 22, "chance": 90, "repeat": [ 8, 12 ] },
        { "item": "fridge", "x": 20, "y": 17, "chance": 90, "repeat": [ 8, 12 ] },
        { "item": "fridge", "x": 3, "y": 17, "chance": 90, "repeat": [ 8, 12 ] },
        { "item": "fridge", "x": 20, "y": 6, "chance": 90, "repeat": [ 8, 12 ] },
        { "item": "fridge", "x": 3, "y": 6, "chance": 90, "repeat": [ 8, 12 ] },
        { "item": "fridge", "x": 20, "y": 1, "chance": 90, "repeat": [ 8, 12 ] },
        { "item": "fridge", "x": 3, "y": 1, "chance": 90, "repeat": [ 8, 12 ] },
        { "item": "bionics", "x": 13, "y": [ 21, 22 ], "chance": 90, "repeat": [ 1, 5 ] },
        { "item": "bionics", "x": 10, "y": [ 21, 22 ], "chance": 90, "repeat": [ 1, 5 ] },
        { "item": "oven", "x": 1, "y": 12, "chance": 90, "repeat": [ 2, 4 ] },
        { "item": "dojo_manuals", "x": 21, "y": 22, "chance": 70, "repeat": [ 1, 5 ] },
        { "item": "dojo_manuals", "x": 2, "y": 22, "chance": 70, "repeat": [ 1, 5 ] },
        { "item": "dojo_manuals", "x": 21, "y": 17, "chance": 70, "repeat": [ 1, 5 ] },
        { "item": "dojo_manuals", "x": 2, "y": 17, "chance": 70, "repeat": [ 1, 5 ] },
        { "item": "dojo_manuals", "x": 21, "y": 6, "chance": 70, "repeat": [ 1, 5 ] },
        { "item": "dojo_manuals", "x": 2, "y": 6, "chance": 70, "repeat": [ 1, 5 ] },
        { "item": "dojo_manuals", "x": 21, "y": 1, "chance": 70, "repeat": [ 1, 5 ] },
        { "item": "dojo_manuals", "x": 2, "y": 1, "chance": 70, "repeat": [ 1, 5 ] }
      ],
      "place_npcs": [
        { "class": "slave_fight_ally", "x": 3, "y": 3 },
        { "class": "slave_fight", "x": 9, "y": 5 },
        { "class": "slave_fight_ally", "x": 17, "y": 2 },
        { "class": "slave_fight", "x": 21, "y": 3 },
        { "class": "slave_fight_ally", "x": 3, "y": 20 },
        { "class": "slave_fight", "x": 9, "y": 17 },
        { "class": "slave_fight_ally", "x": 17, "y": 22 },
        { "class": "slave_fight", "x": 21, "y": 21 },
        { "class": "slave_fight", "x": 10, "y": 8 }
      ]
    }
  },
  {
    "type": "mapgen",
    "method": "json",
    "om_terrain": [ "plain_slaughter1" ],
    "weight": 1000,
    "object": {
      "rows": [
        ",,,,,,.,,,,.,,,,,,,.,,,,",
        ",,,.,,,,.,,,,.,..,,,,,,,",
        ",,,,,,,..,,,,,,,,..,,,,.",
        ",,,,,,,,,,,,,,..,,,,,,,,",
        ",,,,,,,.,,,,..,,,,..,,,,",
        ",,,..,,,,,,,,,,,..,,,,..",
        ",,,,,,,,,,..,,,,.,,,,,,,",
        ",,,..,,,,,,,,..,,,,,,,,.",
        ",,,,,,,..,,,,.,,,,,,,,..",
        ",,,..,,,,,,,,,,,,,,,,,,.",
        "..,,,,,,,,.,,,,.,,,,,,,.",
        ",,,,,,,,,,,,,,,,,,.,,,,.",
        ",,,.,,,,,,,,,,,,,,,,,,,.",
        ",,,..,,,,,,,,..,,,,,,,,.",
        ",,,,..,,,,..,,,,..,,,,..",
        ",,,.,,,,,,,,,,,,,,,.,,,,",
        ",,,,,,,..,,,,.,,,,.,,,,.",
        ",,,..,,,,.,,,,..,,,,,,,,",
        ",,,..,,,,,,,,,,,,..,,,,.",
        "..,,,,..,,,,,,,,,,,.,,,,",
        ",,,..,..,,,,.,..,,,,,,,.",
        ",,,,,,.,,,,.,,,,,,,,,,,.",
        ",,,..,,,,,,,,,,,,,,,,,,.",
        ",,,.,,,,.,,,,,,,,,,,,,,,"
      ],
      "terrain": { " ": "t_null", ",": "t_grass", ".": "t_dirt" },
      "furniture": { " ": "f_null", ",": "f_null", ".": "f_null" },
      "place_loot": [
        { "group": "wild_bio_weapom_item", "x": [ 1, 22 ], "y": [ 9, 12 ], "repeat": [ 2, 5 ] },
        { "group": "dead_slave_fighters", "x": [ 3, 19 ], "y": [ 12, 8 ], "repeat": [ 2, 5 ] }
      ],
      "place_monster": [
        { "monster": "mon_failed_weapon", "x": 13, "y": 22 },
        { "monster": "mon_failed_weapon", "x": 4, "y": 8 },
        { "monster": "mon_failed_weapon", "x": 10, "y": 15 },
        { "monster": "mon_failed_weapon", "x": 11, "y": 17 },
        { "monster": "mon_failed_weapon", "x": 19, "y": 13 }
      ],
      "place_npcs": [
        { "class": "slave_fight", "x": 2, "y": 7 },
        { "class": "slave_fight", "x": 7, "y": 12 },
        { "class": "slave_fight", "x": 9, "y": 22 },
        { "class": "slave_fight", "x": 13, "y": 20 },
        { "class": "slave_fight", "x": 17, "y": 5 }
      ]
    }
  },
  {
    "type": "mapgen",
    "method": "json",
    "om_terrain": [ "plain_slaughter2" ],
    "weight": 1000,
    "object": {
      "rows": [
        ",,,,,,.,,,,.,,,,,,,.,,,,",
        ",,,.,,,,.,,,,.,..,,,,,,,",
        ",,,,,,,..,,,,,,,,..,,,,.",
        ",,,,,,,,,,,,,,..,,,,,,,,",
        ",,,,,,,.,,,,..,,,,..,,,,",
        ",,,..,,,,,,,,,,,..,,,,..",
        ",,,,,,,,,,..,,,,.,,,,,,,",
        ",,,..,,,,,,,,..,,,,,,,,.",
        ",,,,,,,..,,,,.,,,,,,,,..",
        ",,,..,,,,,,,,,,,,,,,,,,.",
        "..,,,,,,,,.,,,,.,,,,,,,.",
        ",,,,,,,,,,,,,,,,,,.,,,,.",
        ",,,.,,,,,,,,,,,,,,,,,,,.",
        ",,,..,,,,,,,,..,,,,,,,,.",
        ",,,,..,,,,..,,,,..,,,,..",
        ",,,.,,,,,,,,,,,,,,,.,,,,",
        ",,,,,,,..,,,,.,,,,.,,,,.",
        ",,,..,,,,.,,,,..,,,,,,,,",
        ",,,..,,,,,,,,,,,,..,,,,.",
        "..,,,,..,,,,,,,,,,,.,,,,",
        ",,,..,..,,,,.,..,,,,,,,.",
        ",,,,,,.,,,,.,,,,,,,,,,,.",
        ",,,..,,,,,,,,,,,,,,,,,,.",
        ",,,.,,,,.,,,,,,,,,,,,,,,"
      ],
      "terrain": { " ": "t_null", ",": "t_grass", ".": "t_dirt" },
      "place_loot": [ { "group": "dead_slave_fighters", "x": [ 1, 22 ], "y": [ 9, 12 ], "repeat": [ 2, 5 ] } ],
      "place_npcs": [
        { "class": "survn_special", "x": 2, "y": 7 },
        { "class": "survn_special", "x": 7, "y": 12 },
        { "class": "survn_special", "x": 9, "y": 22 }
      ],
      "place_monster": [
        { "monster": "mon_zombie_failed_weapon", "x": 3, "y": 6 },
        { "monster": "mon_zombie_failed_weapon", "x": 6, "y": 20 },
        { "monster": "mon_zombie_failed_weapon", "x": 4, "y": 8 },
        { "monster": "mon_zombie_failed_weapon", "x": 10, "y": 15 },
        { "monster": "mon_zombie_necro", "x": 19, "y": 13 }
      ]
    }
  },
  {
    "type": "mapgen",
    "method": "json",
    "om_terrain": [ "surv_emcampb" ],
    "weight": 1000,
    "object": {
      "//": "Unneeded Source of water. There for realism.",
      "rows": [
        ".........o..............",
        "$$$$$$$$$$++++$$$$$$$$$$",
        "$.||w|w||o____.||w|w||.$",
        "$.|dbbbb|.____.|Octc=|.$",
        "$.|_____-.____.-____W|.$",
        "$.|dbbbb|.____.|fctc&|.$",
        "$.||w|w||.____.||w|w||.$",
        "$.........____.........$",
        "$.||w|w||.____.||w|w||.$",
        "$.|BBaaa|.____.|{{{u^|.$",
        "$.|Bu___-.____.-____U|.$",
        "$.|BBaaa|.____.|{{{uA|.$",
        "$.||w|w||.____.||w|w||.$",
        "$.........____.........$",
        "$.||w|w||.____.||w|w||.$",
        "$.|bbgBB|.____.|{{{_{|.$",
        "$.|_____-.____.-____{|.$",
        "$.|bbgBB|.____.|{{{_{|.$",
        "$.||w|w||.____.||w|w||.$",
        "$.........____.........$",
        "$_#######|____|-|-|-|-|$",
        "$________|____|e|e|e|e|$",
        "$_#######||||||||||||||$",
        "$$$$$$$$$$$$$$$$$$$$$$$$"
      ],
      "terrain": {
        "#": "t_dirtmound",
        "$": "t_palisade",
        "&": "t_water_pump",
        "+": "t_palisade_gate",
        "-": "t_rdoor_c",
        ".": "t_dirtfloor",
        "=": "t_rock_floor",
        "A": "t_rock_floor",
        "B": "t_rock_floor",
        "O": "t_rock_floor",
        "U": "t_rock_floor",
        "W": "t_rock_floor",
        "^": "t_rock_floor",
        "_": "t_rock_floor",
        "a": "t_rock_floor",
        "b": "t_rock_floor",
        "c": "t_rock_floor",
        "d": "t_rock_floor",
        "e": "t_rock_floor",
        "f": "t_rock_floor",
        "g": "t_rock_floor",
        "o": "t_palisade_pulley",
        "t": "t_rock_floor",
        "u": "t_utility_light",
        "w": "t_window_enhanced",
        "{": "t_rock_floor",
        "|": "t_wall_log"
      },
      "furniture": {
        "=": "f_smoking_rack",
        "A": "f_anvil",
        "B": "f_bench",
        "O": "f_standing_tank",
        "U": "f_kiln_empty",
        "W": "f_woodstove",
        "^": "f_forge_rock",
        "a": "f_bookcase",
        "b": "f_bed",
        "c": "f_chair",
        "d": "f_dresser",
        "e": "f_toilet",
        "f": "f_fridge",
        "g": "f_glass_fridge",
        "t": "f_table",
        "{": "f_locker"
      },
      "place_toilets": [ { "x": 15, "y": 21 }, { "x": 17, "y": 21 }, { "x": 19, "y": 21 }, { "x": 21, "y": 21 } ],
      "place_items": [
        { "item": "homebooks", "x": 5, "y": 11, "chance": 75, "repeat": [ 10, 15 ] },
        { "item": "homebooks", "x": 5, "y": 9, "chance": 75, "repeat": [ 10, 15 ] },
        { "item": "gear_medical", "x": 5, "y": 17, "chance": 75, "repeat": [ 20, 25 ] },
        { "item": "gear_medical", "x": 5, "y": 15, "chance": 75, "repeat": [ 20, 25 ] },
        { "item": "tools_common", "x": 18, "y": 9, "chance": 75, "repeat": [ 15, 20 ] },
        { "item": "textbooks", "x": 7, "y": 11, "chance": 75, "repeat": [ 10, 15 ] },
        { "item": "textbooks", "x": 7, "y": 9, "chance": 75, "repeat": [ 10, 15 ] },
        { "item": "allclothes", "x": 3, "y": 5, "chance": 75, "repeat": [ 10, 15 ] },
        { "item": "allclothes", "x": 3, "y": 3, "chance": 75, "repeat": [ 10, 15 ] },
        { "item": "tools_carpentry", "x": 18, "y": 11, "chance": 75, "repeat": [ 10, 15 ] },
        { "item": "hand_tools", "x": 17, "y": 9, "chance": 75, "repeat": [ 10, 15 ] },
        { "item": "power_tools", "x": 17, "y": 11, "chance": 75, "repeat": [ 10, 15 ] },
        { "item": "tools_gunsmith", "x": 20, "y": 15, "chance": 75, "repeat": [ 10, 15 ] },
        { "item": "gunsmith_gunparts", "x": 20, "y": 16, "chance": 75, "repeat": [ 10, 15 ] },
        { "item": "survivor_weapons", "x": [ 16, 18 ], "y": 17, "chance": 75, "repeat": [ 10, 15 ] },
        { "item": "survivor_weapons", "x": [ 16, 18 ], "y": 15, "chance": 75, "repeat": [ 10, 15 ] },
        { "item": "gunxtras", "x": 20, "y": 17, "chance": 75, "repeat": [ 10, 15 ] },
        { "item": "cannedfood", "x": 16, "y": 5, "chance": 75, "repeat": [ 30, 35 ] },
        { "item": "supplies_electronics", "x": 16, "y": 9, "chance": 75, "repeat": [ 10, 15 ] },
        { "item": "hospital_bed", "x": 3, "y": 17, "chance": 75, "repeat": [ 10, 15 ] },
        { "item": "hospital_bed", "x": 3, "y": 15, "chance": 75, "repeat": [ 10, 15 ] },
        { "item": "manuals", "x": 6, "y": 11, "chance": 75, "repeat": [ 10, 15 ] },
        { "item": "manuals", "x": 6, "y": 9, "chance": 75, "repeat": [ 10, 15 ] },
        { "item": "hardware_bulk", "x": 16, "y": 11, "chance": 75, "repeat": [ 30, 35 ] }
      ],
      "add": [ { "item": "recipe_surv", "x": 5, "y": 11 } ],
      "place_monster": [
        { "monster": "mon_zombie_survivor", "x": 4, "y": 4 },
        { "monster": "mon_zombie_survivor", "x": 6, "y": 4 },
        { "monster": "mon_zombie_survivor", "x": 18, "y": 4 },
        { "monster": "mon_zombie_survivor", "x": 6, "y": 10 },
        { "monster": "mon_zombie_survivor", "x": 18, "y": 10 },
        { "monster": "mon_zombie_survivor", "x": 4, "y": 16 },
        { "monster": "mon_zombie_survivor", "x": 17, "y": 16 },
        { "monster": "mon_secubot", "x": 11, "y": 10 },
        { "monster": "mon_secubot", "x": 12, "y": 10 },
        { "monster": "mon_secubot", "x": 11, "y": 16 },
        { "monster": "mon_turret", "x": 9, "y": 3 },
        { "monster": "mon_turret", "x": 14, "y": 3 },
        { "monster": "mon_turret", "x": 9, "y": 5 },
        { "monster": "mon_turret", "x": 14, "y": 5 },
        { "monster": "mon_turret", "x": 9, "y": 9 },
        { "monster": "mon_turret", "x": 14, "y": 9 },
        { "monster": "mon_turret", "x": 9, "y": 11 },
        { "monster": "mon_turret", "x": 14, "y": 11 },
        { "monster": "mon_turret", "x": 9, "y": 15 },
        { "monster": "mon_turret", "x": 14, "y": 15 },
        { "monster": "mon_turret", "x": 9, "y": 17 },
        { "monster": "mon_turret", "x": 14, "y": 17 },
        { "monster": "mon_turret", "x": 9, "y": 19 },
        { "monster": "mon_turret", "x": 14, "y": 19 },
        { "monster": "mon_skitterbot", "x": 9, "y": 5 },
        { "monster": "mon_skitterbot", "x": 10, "y": 7 },
        { "monster": "mon_skitterbot", "x": 11, "y": 3 },
        { "monster": "mon_skitterbot", "x": 12, "y": 5 },
        { "monster": "mon_skitterbot", "x": 13, "y": 2 },
        { "monster": "mon_skitterbot", "x": 14, "y": 8 },
        { "monster": "mon_skitterbot", "x": 10, "y": 16 },
        { "monster": "mon_skitterbot", "x": 11, "y": 3 },
        { "monster": "mon_skitterbot", "x": 12, "y": 9 },
        { "monster": "mon_skitterbot", "x": 13, "y": 4 },
        { "monster": "mon_skitterbot", "x": 14, "y": 16 },
        { "monster": "mon_skitterbot", "x": 10, "y": 2 },
        { "monster": "mon_skitterbot", "x": 11, "y": 6 }
      ],
      "place_vehicles": [
        {
          "vehicle": "bicycle_electric",
          "x": 10,
          "y": 20,
          "chance": 99,
          "fuel": 25,
          "status": -1,
          "rotation": 270,
          "//": "Damaged but works."
        },
        { "vehicle": "bicycle_electric", "x": 11, "y": 20, "chance": 99, "fuel": 25, "status": -1, "rotation": 270 },
        { "vehicle": "bicycle_electric", "x": 12, "y": 20, "chance": 99, "fuel": 25, "status": -1, "rotation": 270 },
        { "vehicle": "bicycle_electric", "x": 13, "y": 20, "chance": 99, "fuel": 25, "status": -1, "rotation": 270 }
      ]
    }
  },
  {
    "type": "mapgen",
    "method": "json",
    "om_terrain": [ "surv_emcampn" ],
    "weight": 1000,
    "object": {
      "//": "Evil npcs",
      "rows": [
        ".........o..............",
        "$$$$$$$$$$++++$$$$$$$$$$",
        "$.||w|w||o____.||w|w||.$",
        "$.|dbbbb|.____.|Octc=|.$",
        "$.|_____-.____.-____W|.$",
        "$.|dbbbb|.____.|fctc&|.$",
        "$.||w|w||.____.||w|w||.$",
        "$.........____.........$",
        "$.||w|w||.____.||w|w||.$",
        "$.|BBaaa|.____.|{{{u^|.$",
        "$.|Bu___-.____.-____U|.$",
        "$.|BBaaa|.____.|{{{uA|.$",
        "$.||w|w||.____.||w|w||.$",
        "$.........____.........$",
        "$.||w|w||.____.||w|w||.$",
        "$.|bbgBB|.____.|{{{_{|.$",
        "$.|_____-.____.-____{|.$",
        "$.|bbgBB|.____.|{{{_{|.$",
        "$.||w|w||.____.||w|w||.$",
        "$.........____.........$",
        "$_#######|____|-|-|-|-|$",
        "$________|____|e|e|e|e|$",
        "$_#######||||||||||||||$",
        "$$$$$$$$$$$$$$$$$$$$$$$$"
      ],
      "terrain": {
        "#": "t_dirtmound",
        "$": "t_palisade",
        "&": "t_water_pump",
        "+": "t_palisade_gate",
        "-": "t_rdoor_c",
        ".": "t_dirtfloor",
        "=": "t_rock_floor",
        "A": "t_rock_floor",
        "B": "t_rock_floor",
        "O": "t_rock_floor",
        "U": "t_rock_floor",
        "W": "t_rock_floor",
        "^": "t_rock_floor",
        "_": "t_rock_floor",
        "a": "t_rock_floor",
        "b": "t_rock_floor",
        "c": "t_rock_floor",
        "d": "t_rock_floor",
        "e": "t_rock_floor",
        "f": "t_rock_floor",
        "g": "t_rock_floor",
        "o": "t_palisade_pulley",
        "t": "t_rock_floor",
        "u": "t_utility_light",
        "w": "t_window_enhanced",
        "{": "t_rock_floor",
        "|": "t_wall_log"
      },
      "furniture": {
        "=": "f_smoking_rack",
        "A": "f_anvil",
        "B": "f_bench",
        "O": "f_standing_tank",
        "U": "f_kiln_empty",
        "W": "f_woodstove",
        "^": "f_forge_rock",
        "a": "f_bookcase",
        "b": "f_bed",
        "c": "f_chair",
        "d": "f_dresser",
        "e": "f_toilet",
        "f": "f_fridge",
        "g": "f_glass_fridge",
        "t": "f_table",
        "{": "f_locker"
      },
      "place_toilets": [ { "x": 15, "y": 21 }, { "x": 17, "y": 21 }, { "x": 19, "y": 21 }, { "x": 21, "y": 21 } ],
      "place_items": [
        { "item": "homebooks", "x": 5, "y": 11, "chance": 75, "repeat": [ 10, 15 ] },
        { "item": "homebooks", "x": 5, "y": 9, "chance": 75, "repeat": [ 10, 15 ] },
        { "item": "gear_medical", "x": 5, "y": 17, "chance": 75, "repeat": [ 20, 25 ] },
        { "item": "gear_medical", "x": 5, "y": 15, "chance": 75, "repeat": [ 20, 25 ] },
        { "item": "tools_common", "x": 18, "y": 9, "chance": 75, "repeat": [ 15, 20 ] },
        { "item": "textbooks", "x": 7, "y": 11, "chance": 75, "repeat": [ 10, 15 ] },
        { "item": "textbooks", "x": 7, "y": 9, "chance": 75, "repeat": [ 10, 15 ] },
        { "item": "allclothes", "x": 3, "y": 5, "chance": 75, "repeat": [ 10, 15 ] },
        { "item": "allclothes", "x": 3, "y": 3, "chance": 75, "repeat": [ 10, 15 ] },
        { "item": "tools_carpentry", "x": 18, "y": 11, "chance": 75, "repeat": [ 10, 15 ] },
        { "item": "hand_tools", "x": 17, "y": 9, "chance": 75, "repeat": [ 10, 15 ] },
        { "item": "power_tools", "x": 17, "y": 11, "chance": 75, "repeat": [ 10, 15 ] },
        { "item": "tools_gunsmith", "x": 20, "y": 15, "chance": 75, "repeat": [ 10, 15 ] },
        { "item": "gunsmith_gunparts", "x": 20, "y": 16, "chance": 75, "repeat": [ 10, 15 ] },
        { "item": "survivor_weapons", "x": [ 16, 18 ], "y": 17, "chance": 75, "repeat": [ 10, 15 ] },
        { "item": "survivor_weapons", "x": [ 16, 18 ], "y": 15, "chance": 75, "repeat": [ 10, 15 ] },
        { "item": "gunxtras", "x": 20, "y": 17, "chance": 75, "repeat": [ 10, 15 ] },
        { "item": "cannedfood", "x": 16, "y": 5, "chance": 75, "repeat": [ 30, 35 ] },
        { "item": "supplies_electronics", "x": 16, "y": 9, "chance": 75, "repeat": [ 10, 15 ] },
        { "item": "hospital_bed", "x": 3, "y": 17, "chance": 75, "repeat": [ 10, 15 ] },
        { "item": "hospital_bed", "x": 3, "y": 15, "chance": 75, "repeat": [ 10, 15 ] },
        { "item": "manuals", "x": 6, "y": 11, "chance": 75, "repeat": [ 10, 15 ] },
        { "item": "manuals", "x": 6, "y": 9, "chance": 75, "repeat": [ 10, 15 ] },
        { "item": "hardware_bulk", "x": 16, "y": 11, "chance": 75, "repeat": [ 30, 35 ] }
      ],
      "add": [ { "item": "recipe_surv", "x": 5, "y": 11 } ],
      "place_npcs": [
        { "class": "thug", "x": 4, "y": 4 },
        { "class": "bandit", "x": 6, "y": 3 },
        { "class": "thug", "x": 18, "y": 4 },
        { "class": "bandit", "x": 6, "y": 10 },
        { "class": "thug", "x": 18, "y": 10 },
        { "class": "bandit", "x": 4, "y": 16 },
        { "class": "thug", "x": 17, "y": 16 },
        { "class": "thug", "x": 10, "y": 6 },
        { "class": "bandit", "x": 11, "y": 11 },
        { "class": "thug", "x": 13, "y": 2 },
        { "class": "bandit", "x": 12, "y": 10 },
        { "class": "thug", "x": 13, "y": 7 },
        { "class": "bandit", "x": 11, "y": 8 },
        { "class": "thug", "x": 10, "y": 15 }
      ],
      "place_vehicles": [
        { "vehicle": "bicycle_electric", "x": 10, "y": 20, "chance": 99, "fuel": 25, "status": -1, "rotation": 270 },
        { "vehicle": "bicycle_electric", "x": 11, "y": 20, "chance": 99, "fuel": 25, "status": -1, "rotation": 270 },
        { "vehicle": "bicycle_electric", "x": 12, "y": 20, "chance": 99, "fuel": 25, "status": -1, "rotation": 270 },
        { "vehicle": "bicycle_electric", "x": 13, "y": 20, "chance": 99, "fuel": 25, "status": -1, "rotation": 270 }
      ]
    }
  },
  {
    "type": "mapgen",
    "method": "json",
    "om_terrain": [ "surv_emcampz" ],
    "weight": 1000,
    "object": {
      "//": "Undead take over!",
      "rows": [
        ".........o..............",
        "$$$$$$$$$$++++$$$$$$$$$$",
        "$.||w|w||o____.||w|w||.$",
        "$.|dbbbb|.____.|Octc=|.$",
        "$.|_____-.____.-____W|.$",
        "$.|dbbbb|.____.|fctc&|.$",
        "$.||w|w||.____.||w|w||.$",
        "$.........____.........$",
        "$.||w|w||.____.||w|w||.$",
        "$.|BBaaa|.____.|{{{u^|.$",
        "$.|Bu___-.____.-____U|.$",
        "$.|BBaaa|.____.|{{{uA|.$",
        "$.||w|w||.____.||w|w||.$",
        "$.........____.........$",
        "$.||w|w||.____.||w|w||.$",
        "$.|bbgBB|.____.|{{{_{|.$",
        "$.|_____-.____.-____{|.$",
        "$.|bbgBB|.____.|{{{_{|.$",
        "$.||w|w||.____.||w|w||.$",
        "$.........____.........$",
        "$_#######|____|-|-|-|-|$",
        "$________|____|e|e|e|e|$",
        "$_#######||||||||||||||$",
        "$$$$$$$$$$$$$$$$$$$$$$$$"
      ],
      "terrain": {
        "#": "t_dirtmound",
        "$": "t_palisade",
        "&": "t_water_pump",
        "+": "t_palisade_gate",
        "-": "t_rdoor_c",
        ".": "t_dirtfloor",
        "=": "t_rock_floor",
        "A": "t_rock_floor",
        "B": "t_rock_floor",
        "O": "t_rock_floor",
        "U": "t_rock_floor",
        "W": "t_rock_floor",
        "^": "t_rock_floor",
        "_": "t_rock_floor",
        "a": "t_rock_floor",
        "b": "t_rock_floor",
        "c": "t_rock_floor",
        "d": "t_rock_floor",
        "e": "t_rock_floor",
        "f": "t_rock_floor",
        "g": "t_rock_floor",
        "o": "t_palisade_pulley",
        "t": "t_rock_floor",
        "u": "t_utility_light",
        "w": "t_window_enhanced",
        "{": "t_rock_floor",
        "|": "t_wall_log"
      },
      "furniture": {
        "=": "f_smoking_rack",
        "A": "f_anvil",
        "B": "f_bench",
        "O": "f_standing_tank",
        "U": "f_kiln_empty",
        "W": "f_woodstove",
        "^": "f_forge_rock",
        "a": "f_bookcase",
        "b": "f_bed",
        "c": "f_chair",
        "d": "f_dresser",
        "e": "f_toilet",
        "f": "f_fridge",
        "g": "f_glass_fridge",
        "t": "f_table",
        "{": "f_locker"
      },
      "place_toilets": [ { "x": 15, "y": 21 }, { "x": 17, "y": 21 }, { "x": 19, "y": 21 }, { "x": 21, "y": 21 } ],
      "place_items": [
        { "item": "homebooks", "x": 5, "y": 11, "chance": 75, "repeat": [ 10, 15 ] },
        { "item": "homebooks", "x": 5, "y": 9, "chance": 75, "repeat": [ 10, 15 ] },
        { "item": "gear_medical", "x": 5, "y": 17, "chance": 75, "repeat": [ 20, 25 ] },
        { "item": "gear_medical", "x": 5, "y": 15, "chance": 75, "repeat": [ 20, 25 ] },
        { "item": "tools_common", "x": 18, "y": 9, "chance": 75, "repeat": [ 15, 20 ] },
        { "item": "textbooks", "x": 7, "y": 11, "chance": 75, "repeat": [ 10, 15 ] },
        { "item": "textbooks", "x": 7, "y": 9, "chance": 75, "repeat": [ 10, 15 ] },
        { "item": "allclothes", "x": 3, "y": 5, "chance": 75, "repeat": [ 10, 15 ] },
        { "item": "allclothes", "x": 3, "y": 3, "chance": 75, "repeat": [ 10, 15 ] },
        { "item": "tools_carpentry", "x": 18, "y": 11, "chance": 75, "repeat": [ 10, 15 ] },
        { "item": "hand_tools", "x": 17, "y": 9, "chance": 75, "repeat": [ 10, 15 ] },
        { "item": "power_tools", "x": 17, "y": 11, "chance": 75, "repeat": [ 10, 15 ] },
        { "item": "tools_gunsmith", "x": 20, "y": 15, "chance": 75, "repeat": [ 10, 15 ] },
        { "item": "gunsmith_gunparts", "x": 20, "y": 16, "chance": 75, "repeat": [ 10, 15 ] },
        { "item": "survivor_weapons", "x": [ 16, 18 ], "y": 17, "chance": 75, "repeat": [ 10, 15 ] },
        { "item": "survivor_weapons", "x": [ 16, 18 ], "y": 15, "chance": 75, "repeat": [ 10, 15 ] },
        { "item": "gunxtras", "x": 20, "y": 17, "chance": 75, "repeat": [ 10, 15 ] },
        { "item": "cannedfood", "x": 16, "y": 5, "chance": 75, "repeat": [ 30, 35 ] },
        { "item": "supplies_electronics", "x": 16, "y": 9, "chance": 75, "repeat": [ 10, 15 ] },
        { "item": "hospital_bed", "x": 3, "y": 17, "chance": 75, "repeat": [ 10, 15 ] },
        { "item": "hospital_bed", "x": 3, "y": 15, "chance": 75, "repeat": [ 10, 15 ] },
        { "item": "manuals", "x": 6, "y": 11, "chance": 75, "repeat": [ 10, 15 ] },
        { "item": "manuals", "x": 6, "y": 9, "chance": 75, "repeat": [ 10, 15 ] },
        { "item": "hardware_bulk", "x": 16, "y": 11, "chance": 75, "repeat": [ 30, 35 ] }
      ],
      "add": [ { "item": "recipe_surv", "x": 5, "y": 11 } ],
      "place_monsters": [
        { "monster": "GROUP_ZOMBIE_MID", "x": 8, "y": 4, "chance": 99, "density": 5 },
        { "monster": "GROUP_ZOMBIE_MID", "x": 14, "y": 4, "chance": 99, "density": 5 },
        { "monster": "GROUP_ZOMBIE_MID", "x": 8, "y": 10, "chance": 99, "density": 5 },
        { "monster": "GROUP_ZOMBIE_MID", "x": 14, "y": 10, "chance": 99, "density": 5 },
        { "monster": "GROUP_ZOMBIE_MID", "x": 8, "y": 16, "chance": 99, "density": 5 },
        { "monster": "GROUP_ZOMBIE_MID", "x": 14, "y": 16, "chance": 99, "density": 5 }
      ],
      "place_monster": [
        { "monster": "mon_zombie_survivor", "x": 4, "y": 4 },
        { "monster": "mon_zombie_survivor", "x": 6, "y": 4 },
        { "monster": "mon_zombie_survivor", "x": 18, "y": 4 },
        { "monster": "mon_zombie_survivor", "x": 6, "y": 10 },
        { "monster": "mon_zombie_survivor", "x": 18, "y": 10 },
        { "monster": "mon_zombie_survivor", "x": 4, "y": 16 },
        { "monster": "mon_zombie_survivor", "x": 17, "y": 16 },
        { "monster": "mon_zombie_bio_infantry_shotgun", "x": 9, "y": 5 },
        { "monster": "mon_zombie_electric", "x": 10, "y": 7 },
        { "monster": "mon_zombie_failed_weapon", "x": 11, "y": 3 },
        { "monster": "mon_skeleton", "x": 12, "y": 5 },
        { "monster": "mon_zombie_scientist", "x": 13, "y": 2 },
        { "monster": "mon_zombie_bio_tool_pistol", "x": 14, "y": 8 },
        { "monster": "mon_zombie_bio_scout_sniper", "x": 10, "y": 16 },
        { "monster": "mon_zombie_gasbag", "x": 11, "y": 3 },
        { "monster": "mon_zombie_spitter", "x": 12, "y": 9 },
        { "monster": "mon_zombie_bio_knight_lmg", "x": 13, "y": 4 },
        { "monster": "mon_boomer_huge", "x": 14, "y": 16 },
        { "monster": "mon_zombie_failed_weapon", "x": 10, "y": 2 },
        { "monster": "mon_zombie_bio_op", "x": 11, "y": 6 },
        { "monster": "mon_zombie_necro", "x": 11, "y": 10 },
        { "monster": "mon_zombie_necro", "x": 12, "y": 10 },
        { "monster": "mon_zombie_hulk", "x": 11, "y": 16 }
      ],
      "place_vehicles": [
        { "vehicle": "bicycle_electric", "x": 10, "y": 20, "chance": 99, "fuel": 25, "status": -1, "rotation": 270 },
        { "vehicle": "bicycle_electric", "x": 11, "y": 20, "chance": 99, "fuel": 25, "status": -1, "rotation": 270 },
        { "vehicle": "bicycle_electric", "x": 12, "y": 20, "chance": 99, "fuel": 25, "status": -1, "rotation": 270 },
        { "vehicle": "bicycle_electric", "x": 13, "y": 20, "chance": 99, "fuel": 25, "status": -1, "rotation": 270 }
      ]
    }
  },
  {
    "type": "mapgen",
    "method": "json",
    "om_terrain": [ "surv_emcampnp" ],
    "weight": 1000,
    "object": {
      "//": "Good Npcs",
      "rows": [
        ".........o..............",
        "$$$$$$$$$$++++$$$$$$$$$$",
        "$.||w|w||o____.||w|w||.$",
        "$.|dbbbb|.____.|Octc=|.$",
        "$.|_____-.____.-____W|.$",
        "$.|dbbbb|.____.|fctc&|.$",
        "$.||w|w||.____.||w|w||.$",
        "$.........____.........$",
        "$.||w|w||.____.||w|w||.$",
        "$.|BBaaa|.____.|{{{u^|.$",
        "$.|Bu___-.____.-____U|.$",
        "$.|BBaaa|.____.|{{{uA|.$",
        "$.||w|w||.____.||w|w||.$",
        "$.........____.........$",
        "$.||w|w||.____.||w|w||.$",
        "$.|bbgBB|.____.|{{{_{|.$",
        "$.|_____-.____.-____{|.$",
        "$.|bbgBB|.____.|{{{_{|.$",
        "$.||w|w||.____.||w|w||.$",
        "$.........____.........$",
        "$_#######|____|-|-|-|-|$",
        "$________|____|e|e|e|e|$",
        "$_#######||||||||||||||$",
        "$$$$$$$$$$$$$$$$$$$$$$$$"
      ],
      "terrain": {
        "#": "t_dirtmound",
        "$": "t_palisade",
        "&": "t_water_pump",
        "+": "t_palisade_gate",
        "-": "t_rdoor_c",
        ".": "t_dirtfloor",
        "=": "t_rock_floor",
        "A": "t_rock_floor",
        "B": "t_rock_floor",
        "O": "t_rock_floor",
        "U": "t_rock_floor",
        "W": "t_rock_floor",
        "^": "t_rock_floor",
        "_": "t_rock_floor",
        "a": "t_rock_floor",
        "b": "t_rock_floor",
        "c": "t_rock_floor",
        "d": "t_rock_floor",
        "e": "t_rock_floor",
        "f": "t_rock_floor",
        "g": "t_rock_floor",
        "o": "t_palisade_pulley",
        "t": "t_rock_floor",
        "u": "t_utility_light",
        "w": "t_window_enhanced",
        "{": "t_rock_floor",
        "|": "t_wall_log"
      },
      "furniture": {
        "=": "f_smoking_rack",
        "A": "f_anvil",
        "B": "f_bench",
        "O": "f_standing_tank",
        "U": "f_kiln_empty",
        "W": "f_woodstove",
        "^": "f_forge_rock",
        "a": "f_bookcase",
        "b": "f_bed",
        "c": "f_chair",
        "d": "f_dresser",
        "e": "f_toilet",
        "f": "f_fridge",
        "g": "f_glass_fridge",
        "t": "f_table",
        "{": "f_locker"
      },
      "place_toilets": [ { "x": 15, "y": 21 }, { "x": 17, "y": 21 }, { "x": 19, "y": 21 }, { "x": 21, "y": 21 } ],
      "place_items": [
        { "item": "homebooks", "x": 5, "y": 11, "chance": 75, "repeat": [ 10, 15 ] },
        { "item": "homebooks", "x": 5, "y": 9, "chance": 75, "repeat": [ 10, 15 ] },
        { "item": "gear_medical", "x": 5, "y": 17, "chance": 75, "repeat": [ 10, 15 ] },
        { "item": "gear_medical", "x": 5, "y": 15, "chance": 75, "repeat": [ 10, 15 ] },
        { "item": "tools_common", "x": 18, "y": 9, "chance": 75, "repeat": [ 15, 20 ] },
        { "item": "textbooks", "x": 7, "y": 11, "chance": 75, "repeat": [ 10, 15 ] },
        { "item": "textbooks", "x": 7, "y": 9, "chance": 75, "repeat": [ 10, 15 ] },
        { "item": "allclothes", "x": 3, "y": 5, "chance": 75, "repeat": [ 10, 15 ] },
        { "item": "allclothes", "x": 3, "y": 3, "chance": 75, "repeat": [ 10, 15 ] },
        { "item": "tools_carpentry", "x": 18, "y": 11, "chance": 75, "repeat": [ 10, 15 ] },
        { "item": "hand_tools", "x": 17, "y": 9, "chance": 75, "repeat": [ 10, 15 ] },
        { "item": "power_tools", "x": 17, "y": 11, "chance": 75, "repeat": [ 10, 15 ] },
        { "item": "tools_gunsmith", "x": 20, "y": 15, "chance": 75, "repeat": [ 10, 15 ] },
        { "item": "gunsmith_gunparts", "x": 20, "y": 16, "chance": 75, "repeat": [ 10, 15 ] },
        { "item": "survivor_weapons", "x": [ 16, 18 ], "y": 17, "chance": 75, "repeat": [ 10, 15 ] },
        { "item": "survivor_weapons", "x": [ 16, 18 ], "y": 15, "chance": 75, "repeat": [ 10, 15 ] },
        { "item": "gunxtras", "x": 20, "y": 17, "chance": 75, "repeat": [ 10, 15 ] },
        { "item": "cannedfood", "x": 16, "y": 5, "chance": 75, "repeat": [ 10, 15 ] },
        { "item": "supplies_electronics", "x": 16, "y": 9, "chance": 75, "repeat": [ 10, 15 ] },
        { "item": "hospital_bed", "x": 3, "y": 17, "chance": 75, "repeat": [ 10, 15 ] },
        { "item": "hospital_bed", "x": 3, "y": 15, "chance": 75, "repeat": [ 10, 15 ] },
        { "item": "manuals", "x": 6, "y": 11, "chance": 75, "repeat": [ 10, 15 ] },
        { "item": "manuals", "x": 6, "y": 9, "chance": 75, "repeat": [ 10, 15 ] },
        { "item": "hardware_bulk", "x": 16, "y": 11, "chance": 75, "repeat": [ 10, 15 ] }
      ],
      "add": [ { "item": "recipe_surv", "x": 5, "y": 11 } ],
      "place_npcs": [
        { "class": "survn", "x": 4, "y": 4 },
        { "class": "survn", "x": 6, "y": 3 },
        { "class": "survn", "x": 18, "y": 4 },
        { "class": "survn", "x": 6, "y": 10 },
        { "class": "survn", "x": 18, "y": 10 },
        { "class": "survn", "x": 4, "y": 16 },
        { "class": "survn", "x": 17, "y": 16 },
        { "class": "survn", "x": 10, "y": 6 },
        { "class": "survn", "x": 13, "y": 7 },
        { "class": "survn", "x": 10, "y": 15 }
      ],
      "place_vehicles": [
        { "vehicle": "bicycle_electric", "x": 10, "y": 20, "chance": 99, "fuel": 25, "status": -1, "rotation": 270 },
        { "vehicle": "bicycle_electric", "x": 11, "y": 20, "chance": 99, "fuel": 25, "status": -1, "rotation": 270 },
        { "vehicle": "bicycle_electric", "x": 12, "y": 20, "chance": 99, "fuel": 25, "status": -1, "rotation": 270 },
        { "vehicle": "bicycle_electric", "x": 13, "y": 20, "chance": 99, "fuel": 25, "status": -1, "rotation": 270 }
      ]
    }
  },
  {
    "id": "biow_field",
    "type": "overmap_terrain",
    "name": "field",
    "sym": ".",
    "color": "brown",
    "see_cost": 2,
    "mondensity": 0,
    "extras": "build",
    "flags": [ "NO_ROTATE" ]
  },
  {
    "id": "bio_field",
    "type": "overmap_terrain",
    "name": "parking lot",
    "sym": "O",
    "color": "dark_gray",
    "see_cost": 2,
    "mondensity": 0,
    "extras": "build",
    "flags": [ "NO_ROTATE" ]
  },
  {
    "id": "Bio_Weapon_Lab",
    "type": "overmap_terrain",
    "name": "Bio-Weapon Lab",
    "sym": "L",
    "color": "light_blue",
    "see_cost": 5,
    "mondensity": 0,
    "extras": "build",
    "flags": [ "NO_ROTATE" ]
  },
  {
    "id": "makeshift_command_center",
    "type": "overmap_terrain",
    "name": "Makeshift Command Center",
    "sym": "C",
    "color": "blue",
    "see_cost": 5,
    "extras": "build",
    "flags": [ "NO_ROTATE" ]
  },
  {
    "id": "b2_field",
    "type": "overmap_terrain",
    "name": "parking lot",
    "sym": "O",
    "color": "dark_gray",
    "see_cost": 2,
    "mondensity": 0,
    "allow_road": true,
    "extras": "field",
    "flags": [ "NO_ROTATE" ]
  },
  {
    "id": "Survivor_Holdout",
    "type": "overmap_terrain",
    "name": "Survivor Holdout",
    "sym": "H",
    "color": "i_red",
    "see_cost": 5,
    "mondensity": 0,
    "extras": "build",
    "flags": [ "NO_ROTATE" ]
  },
  {
    "id": "Unknown_Lab",
    "type": "overmap_terrain",
    "name": "Unknown Lab",
    "sym": "L",
    "color": "light_blue",
    "see_cost": 5,
    "mondensity": 0,
    "extras": "build",
    "flags": [ "NO_ROTATE" ]
  },
  {
    "id": "Unknown_Bunker",
    "type": "overmap_terrain",
    "name": "Unknown Bunker",
    "sym": "L",
    "color": "light_blue",
    "see_cost": 5,
    "mondensity": 0,
    "extras": "build",
    "flags": [ "NO_ROTATE" ]
  },
  {
    "id": "house_fight",
    "type": "overmap_terrain",
    "name": "Sketchy Cabin",
    "sym": 67,
    "color": "i_red",
    "see_cost": 5,
    "mondensity": 0,
    "extras": "build",
    "flags": [ "NO_ROTATE" ]
  },
  {
    "id": "plain_slaughter1",
    "type": "overmap_terrain",
    "name": "field",
    "//": "Designed to look like a normal plain tile.",
    "sym": ".",
    "color": "brown",
    "see_cost": 5,
    "mondensity": 0,
    "extras": "build",
    "flags": [ "NO_ROTATE" ]
  },
  {
    "id": "plain_slaughter2",
    "type": "overmap_terrain",
    "name": "field",
    "//": "Designed to look like a normal plain tile.",
    "sym": ".",
    "color": "brown",
    "see_cost": 5,
    "mondensity": 0,
    "extras": "build",
    "flags": [ "NO_ROTATE" ]
  },
  {
    "id": "surv_emcampb",
    "type": "overmap_terrain",
    "name": "Survivor Encampment",
    "sym": "C",
    "color": "light_green",
    "see_cost": 5,
    "mondensity": 0,
    "extras": "build",
    "flags": [ "NO_ROTATE" ]
  },
  {
    "id": "surv_emcampz",
    "type": "overmap_terrain",
    "name": "Survivor Encampment",
    "sym": "C",
    "color": "light_green",
    "see_cost": 5,
    "mondensity": 0,
    "extras": "build",
    "flags": [ "NO_ROTATE" ]
  },
  {
    "id": "surv_emcampn",
    "type": "overmap_terrain",
    "name": "Survivor Encampment",
    "sym": "C",
    "color": "light_green",
    "see_cost": 5,
    "mondensity": 0,
    "extras": "build",
    "flags": [ "NO_ROTATE" ]
  },
  {
    "id": "surv_emcampnp",
    "type": "overmap_terrain",
    "name": "Survivor Encampment",
    "sym": "C",
    "color": "light_green",
    "see_cost": 5,
    "mondensity": 0,
    "extras": "build",
    "flags": [ "NO_ROTATE" ]
  }
]
