[
  {
    "id": "Survivor_Holdout_1",
    "type": "overmap_terrain",
    "name": "Survivor Holdout",
    "sym": "H",
    "color": "i_red",
    "see_cost": 5,
    "extras": "build"
  },
  {
    "id": "surv_camp",
    "type": "overmap_terrain",
    "name": "forest",
    "//": "Designed to look like a normal forest.",
    "sym": "F",
    "color": "green",
    "see_cost": 5,
    "mondensity": 0,
    "extras": "build",
    "flags": [ "NO_ROTATE" ]
  },
  {
    "id": "Survivor_Encampment",
    "type": "overmap_terrain",
    "name": "Survivor Encampment",
    "sym": "C",
    "color": "light_green",
    "see_cost": 5,
    "extras": "surv_encamp"
  },
  {
    "id": "Survivor_Encampment_2",
    "type": "overmap_terrain",
    "name": "Survivor Encampment",
    "sym": "C",
    "color": "light_green",
    "see_cost": 5
  },
  {
    "id": "Bio_Weapon_Lab_1",
    "type": "overmap_terrain",
    "name": "parking lot",
    "sym": "O",
    "color": "dark_gray",
    "see_cost": 2,
    "allow_road": true,
    "extras": "field"
  },
  {
    "id": "Bio_Weapon_Lab_2",
    "type": "overmap_terrain",
    "name": "Bio-Weapon Lab",
    "sym": "L",
    "color": "light_blue",
    "see_cost": 5
  },
  {
    "id": "Bio_Weapon_Lab_b",
    "type": "overmap_terrain",
    "name": "Bio-Weapon Lab",
    "sym": "L",
    "color": "light_blue",
    "see_cost": 5
  },
  {
    "id": "Unknown_Lab_1",
    "type": "overmap_terrain",
    "name": "parking lot",
    "sym": "O",
    "color": "dark_gray",
    "see_cost": 2,
    "allow_road": true,
    "extras": "field"
  },
  {
    "id": "Unknown_Lab_2",
    "type": "overmap_terrain",
    "name": "parking lot",
    "sym": "O",
    "color": "dark_gray",
    "see_cost": 2,
    "extras": "field"
  },
  {
    "id": "Unknown_Lab_3",
    "type": "overmap_terrain",
    "name": "dormitories",
    "sym": "L",
    "color": "light_blue",
    "see_cost": 5,
    "extras": "build"
  },
  {
    "id": "Unknown_Lab_4",
    "type": "overmap_terrain",
    "name": "Unknown Bunker",
    "sym": "L",
    "color": "light_blue",
    "see_cost": 5
  },
  {
    "id": "Unknown_Lab_b1",
    "type": "overmap_terrain",
    "name": "Unknown Lab",
    "sym": "L",
    "color": "light_blue",
    "see_cost": 5
  },
  {
    "id": "Unknown_Lab_b2",
    "type": "overmap_terrain",
    "name": "Unknown Lab",
    "sym": "L",
    "color": "light_blue",
    "see_cost": 5
  },
  {
    "id": "Unknown_Lab_b3",
    "type": "overmap_terrain",
    "name": "Unknown Lab",
    "sym": "L",
    "color": "light_blue",
    "see_cost": 5
  },
  {
    "id": "Unknown_Lab_b4",
    "type": "overmap_terrain",
    "name": "Unknown Lab",
    "sym": "L",
    "color": "light_blue",
    "see_cost": 5
  },
  {
    "id": "makeshift_command_center_1",
    "type": "overmap_terrain",
    "name": "parking lot",
    "sym": "O",
    "color": "dark_gray",
    "see_cost": 2,
    "allow_road": true,
    "extras": "field"
  },
  {
    "id": "makeshift_command_center_2",
    "type": "overmap_terrain",
    "name": "Makeshift Command Center",
    "sym": "C",
    "color": "blue",
    "see_cost": 5
  },
  {
    "id": "makeshift_command_center_b",
    "type": "overmap_terrain",
    "name": "Makeshift Command Center",
    "sym": "C",
    "color": "blue",
    "see_cost": 5
  },
  {
    "id": "b_field",
    "type": "overmap_terrain",
    "name": "field",
    "sym": ".",
    "color": "brown",
    "see_cost": 2,
    "mondensity": 0,
    "allow_road": true,
    "extras": "field",
    "flags": [ "NO_ROTATE" ]
  },
  {
    "id": "sketchy_cabin_1",
    "type": "overmap_terrain",
    "name": "Sketchy Cabin",
    "sym": "C",
    "color": "i_red",
    "see_cost": 5
  },
  {
    "id": "sketchy_cabin_2",
    "type": "overmap_terrain",
    "name": "abandoned barn",
    "sym": "B",
    "color": "brown",
    "see_cost": 5
  },
  {
    "type": "overmap_terrain",
    "id": "sketchy_cabin_b1",
    "name": "underground arena",
    "sym": "O",
    "color": "dark_gray",
    "see_cost": 5,
    "flags": [ "KNOWN_UP" ]
  },
  {
    "type": "overmap_terrain",
    "id": "sketchy_cabin_b2",
    "name": "underground arena",
    "sym": "O",
    "color": "dark_gray",
    "see_cost": 5,
    "flags": [ "KNOWN_UP" ]
  },
  {
    "id": "forest_slaghter",
    "type": "overmap_terrain",
    "name": "forest",
    "//": "Designed to look like a normal forest.",
    "sym": "F",
    "color": "green",
    "see_cost": 5,
    "mondensity": 0,
    "extras": "build",
    "flags": [ "NO_ROTATE" ]
  },
  {
    "id": "Plain_Slaughter",
    "type": "overmap_terrain",
    "name": "field",
    "//": "Designed to look like a normal plain tile.",
    "sym": ".",
    "color": "brown",
    "see_cost": 5
  },
  {
    "id": "new_fungal_territory",
    "type": "overmap_terrain",
    "name": "fungal field",
    "sym": "t",
    "color": "cyan",
    "see_cost": 5,
    "mondensity": 0,
    "extras": "build",
    "flags": [ "NO_ROTATE" ]
  }
]
