[
	{
		"id": "sexy_zipsuit",
		"type": "ARMOR",
		"name": "乳胶拉链紧身衣",
		"description": "它是一种紧贴身于全身的紧身衣。大部分是由透明的乳胶制成，只有关键部位被设计为拉链隐藏。",
		"weight": 1587,
		"volume": 14,
		"price": 12000,
		"material": [ "plastic" ],
		"symbol": "[",
		"color": "pink",
		"covers": [ "TORSO", "ARMS", "HANDS", "LEGS", "FEET" ],
		"coverage": 100,
		"encumbrance": 5,
		"warmth": 5,
		"material_thickness": 1,
		"environmental_protection": 1,
		"flags": [ "SKINTIGHT", "FANCY", "FRAGILE", "VARSIZE", "WATER_FRIENDLY" ]
	},
	{
		"id": "slut_power_suit",
		"type": "ARMOR",
		"category": "armor",
		"name": "SWUT动力服",
		"description": "这是由DoubleTeck公司生产的动力服。它的主要目的是为了克服动力装甲在重量和机动性方面的缺点。它经过精心设计，可以像乳胶紧身衣一样紧密贴合整个身体，并尽可能地保护身体的重要部位，从而确保最大的灵敏性。但它色情外表地并不受欢迎，除了一些绅hen士tai士兵。",
		"weight": 7670,
		"volume": 60,
		"price": 11500000,
		"to_hit": 1,
		"bashing": 1,
		"material": [ "plastic", "superalloy" ],
		"symbol": "[",
		"color": "dark_gray",
		"covers": [ "TORSO", "ARMS", "HANDS", "LEGS", "FEET" ],
		"coverage": 100,
		"encumbrance": 20,
		"storage": 0,
		"warmth": 10,
		"power_armor": true,
		"material_thickness": 8,
		"environmental_protection": 8,
		"use_action": { "type": "ups_based_armor", "activate_msg": "パワースーツを起動しました。" },
		"flags": [ "SKINTIGHT", "WATERPROOF", "STURDY", "ELECTRIC_IMMUNE" ]
	},
	{
		"id": "sailor_dress",
		"type": "ARMOR",
		"name": "水手服",
		"description": "独特的领子是这件衣服的特征。从19世纪末流行大盘到20世纪初，即使在今天的日本，也是作为女学生的制服与cosplay文化一起传播着。",
		"weight": 200,
		"volume": 4,
		"price": 50000,
		"material": [ "cotton" ],
		"symbol": "[",
		"color": "blue",
		"covers": [ "TORSO", "ARMS" ],
		"coverage": 85,
		"encumbrance": 5,
		"storage": 10,
		"warmth": 5,
		"material_thickness": 1,
		"flags": [ "VARSIZE", "FANCY" ]
	}
]
