[
	{
		"id": "recipe_hentai",
		"type": "BOOK",
		"name": "研究期刊\"欲望\"",
		"name_plural": "研究期刊\"欲望\"",
		"description": "日语和英语混合的奇怪风格的研究期刊。书中从对XE037的研究结果及其的应用方法开始，以美国的出生率图表作为结论。上面的\"拒绝\"印章被印了3次。",
		"weight": 50,
		"volume": 2,
		"price": 125000,
		"material": [ "paper" ],
		"symbol": "?",
		"color": "light_green",
		"skill": "cooking",
		"required_level": 8,
		"max_level": 9,
		"intelligence": 12,
		"time": 45,
		"fun": -2
	},
	{
		"id": "dictionnaire_finfernal",
		"type": "BOOK",
		"name": "地狱辞典",
		"name_plural": "地狱辞典",
		"description": "《地狱辞典》是法国作家科兰·戴·布兰西（1794～1881）写的书籍。载着关于恶魔学，占卜，神秘科学，魔法，奇迹，错误，偏见，传统，民间故事，各种迷信，以及各种神奇，惊奇，神秘和超自然的信仰",
		"weight": 368,
		"volume": 3,
		"price": 550,
		"material": [ "paper" ],
		"symbol": "?",
		"color": "light_gray",
		"intelligence": 8,
		"time": 15,
		"fun": 1,
		"flags": [ "INSPIRATIONAL" ]
	}
]
