[
	{
		"id": "h_semen",
		"type": "COMESTIBLE",
		"name": "人的体液",
		"name_plural": "人的体液",
		"weight": 28,
		"color": "white",
		"spoils_in": 8,
		"container": "used_condom",
		"comestible_type": "DRINK",
		"symbol": "~",
		"quench": -5,
		"healthy": 0,
		"nutrition": 1,
		"description": "粘稠的体液。噫，好恶心！",
		"price": 0,
		"material": [ "flesh", "water" ],
		"volume": 1,
		"phase": "liquid",
		"fun": -50
	},
	{
		"id": "d_cum",
		"type": "COMESTIBLE",
		"name": "魔的体液",
		"name_plural": "魔的体液",
		"weight": 28,
		"color": "pink",
		"spoils_in": 8,
		"container": "used_condom",
		"comestible_type": "DRINK",
		"symbol": "~",
		"quench": -5,
		"healthy": -1,
		"nutrition": 1,
		"description": "粘稠的体液。喝下会有几率引起变异。",
		"price": 0,
		"material": [ "flesh", "water" ],
		"volume": 1,
		"phase": "liquid",
		"fun": -50,
		"use_action" : {
			"type" : "mutagen",
			"is_weak" : true
		}
	},
	{
		"id" : "oc_pill",
		"type" : "COMESTIBLE",
		"comestible_type" : "MED",
		"name" : "口服避孕药",
		"//" : "説明文はほぼWikipedia丸写し。医学的なことはよくわかんないっす",
		"description" : "含有雌激素和孕激素的避孕药。通过每天定时地服用以防止意外怀孕，可以抑制排卵。请在啪前服用。",
		"weight" : 1,
		"volume" : 1,
		"price" : 500,
		"charges" : 21,
		"stack_size" : 200,
		"symbol" : "!",
		"color" : "blue",
		"healthy" : -1,
		"use_action" : {
			"type" : "consume_drug",
			"activation_message" : "服用了口服避孕药。",
			"effects" : [ { "id" : "contraception", "duration" : 14400 } ]
		},
		"flags" : "NPC_SAFE"
	},
	{
		"id" : "after_pill",
		"type" : "COMESTIBLE",
		"comestible_type" : "MED",
		"name" : "紧急避孕药",
		"description" : "含炔雌醇和左炔诺孕酮的紧急避孕药。甚至可以在啪后抑制怀孕。但在啪后约120小时内，药效会随着时间的推移而减弱。",
		"weight" : 1,
		"volume" : 1,
		"price" : 500,
		"charges" : 4,
		"stack_size" : 200,
		"symbol" : "!",
		"color" : "yellow",
		"healthy" : -3,
		"//" : "現実では精子の侵入を阻害するのであって殺精子剤の効果は無いってわかってますが、そこまでゲームシステムに組み込むのはさすがに無理っす",
		"use_action" : {
			"type" : "consume_drug",
			"activation_message" : "服用了紧急避孕药。",
			"effects" : [ { "id" : "anthcream", "duration" : 1 } ]
		},
		"flags" : "NPC_SAFE"
	},
	{
		"id" : "ts_elixir",
		"type" : "COMESTIBLE",
		"comestible_type" : "MED",
		"name" : "性转灵药",
		"name_plural": "性转灵药",
		"description" : "改变服用者的性别。",
		"weight" : 240,
		"volume" : 1,
		"container": "medieval_bottle",
		"price" : 10000,
		"charges" : 1,
		"symbol" : "~",
		"color" : "pink",
		"use_action" : "IUSE_TS_ELIXIR",
		"phase": "liquid",
		"flags" : "TRADER_AVOID"
	},
	{
		"id" : "mutagen_human",
		"copy-from" : "mutagen_flavor",
		"type" : "COMESTIBLE",
		"name" : "诱变剂(人)",
		"name_plural": "诱变剂(人)",
		"description" : "它是一种具有高度稀缺价值的不明物质。使用后将会向人类变异。……也就是说去除非人类的变异或者其他异常的遗传基因。",
		"price" : 600000,
		"healthy" : 5,
		"addiction_potential" : 8,
		"use_action" : "PURIFIER"
	},
	{
		"id" : "iv_mutagen_human",
		"copy-from" : "iv_mutagen_flavor",
		"type" : "COMESTIBLE",
		"name" : "血清(人)",
		"name_plural" : "血清(人)",
		"description" : "它是一种浓缩的诱变物质。你需要一个针管来注射……如果你真的想用的话。可能会让人类以外的生物向人变异。",
		"price" : 900000,
		"color" : "magenta",
		"addiction_potential" : 8,
		"use_action" : ["PURIFY_IV", "IUSE_ANTHROPOMORPH"]
	},
	{
		"id" : "mutagen_fiend",
		"copy-from" : "mutagen_flavor",
		"type" : "COMESTIBLE",
		"name" : "血清(恶魔)",
		"name_plural" : "血清(恶魔)",
		"description" : "它是一种具有高度稀缺价值的不明物质。将会导致突变。",
		"use_action" : {
			"type" : "mutagen",
			"mutation_category" : "FIEND"
		}
	},
	{
		"id" : "iv_mutagen_fiend",
		"copy-from" : "iv_mutagen_flavor",
		"type" : "COMESTIBLE",
		"name" : "血清(悪魔)",
		"name_plural" : "血清(悪魔)",
		"description" : "它是一种浓缩的诱变物质。红色的液体。你需要一个针管来注射……如果你真的想用的话。",
		"color" : "red",
		"use_action" : {
			"type" : "mutagen_iv",
			"mutation_category" : "FIEND"
		}
	}
]