[
	{
		"id": "fake_whip",
		"type": "GUN",
		"copy-from": "fake_item",
		"name": "succubi_whip",
		"description": "monster特殊攻撃用のフェイクアイテムです。",
		"flags": [ "NEVER_JAMS" ],
		"ammo_effects": [ "BLINDS_EYES", "NEVER_MISFIRES", "WIDE", "BEANBAG" ],
		"skill": "rifle",
		"durability": 10,
		"range" : 3,
		"dispersion" : 750,
		"ranged_damage" : {
			"damage_type": "cut",
			"amount": 5
		}
	},
	{
		"id": "d_cumshot",
		"type": "AMMO",
		"name": "D_CUMSHOT",
		"description": "monster特殊攻撃用のフェイクアイテムです。これが見えているなら、それは明らかにバグです。",
		"weight": 40,
		"volume": 1,
		"price": 0,
		"material": [ "flesh", "water" ],
		"symbol": "~",
		"color": "pink",
		"count": 2,
		"stack_size": 2,
		"ammo_type": "40mm",
		"range": 25,
		"damage": 0,
		"dispersion": 12000,
		"pierce" : 0,
		"recoil": 1000,
		"effects": [ "CUSTOM_EXPLOSION", "NEVER_MISFIRES" ],
		"explode_in_fire" : false,
		"explosion" : {
			"power": 30,
			"distance_factor": 0.1,
			"fire" : false,
			"shrapnel" : {
				"count" : 1,
				"mass" : 3,
				"recovery" : 100,
				"drop" : "d_cum"
			}
		}
	},
	{
		"id": "fake_prof_pet",
		"type": "GENERIC",
		"copy-from": "fake_item",
		"name": "(任意のペット)※ゲーム開始時に選択",
		"description": "proffesion:man_with_a_petスタート時のフラグ管理用フェイクアイテムです。"
	}
]
