[
  {
    "type": "mapgen",
    "method": "json",
    "om_terrain": [ "KDYG_SL_X_3_10" ],
    "object": {
      "fill_ter": "t_grass",
      "rows": [
        "bbbbaabbbaabdbabbbaabbab",   
        "aaeabbaeabbaabbddabbaaba",     
        "aaaaaebbcccbaaaaaeaaaaab",
        "aaaaaaebcccdbaaaaeaaaabb",
        "aaaddaaebbcccbaaaddaaaba",
        "aaaaaaaaabcecbaaaddaaaab",
        "aaeaabbbbbccbeaaaddaaaba",
        "aaabbbcccccebbbbbbebaaab",
        "aaabcccccddcccbddccbbeba",
        "aabbcccccccbccccccccdbab",
        "aabcccbbbbcccbccecccdeab",
        "abbcccbaabcccbccbbbcbaab",
        "abceccbbeccbbbababccbaba",
        "bbcccbbabcccbaabeccbeaba",
        "cccccbadabccbaabbcceddba",
        "ccdddbadabbccebcccceddab",
        "cccccbaaaecbcccccbebaaab",
        "bbcccbbaabccbbbbccbaaaba",   
        "aaebcccbabeccddccdbaaaab",
        "aaabcccbddbccddccdbaaabb",
        "aaabbccccbbccbbbccbaaaab",
        "aaaaebbcceccbaabcccbaaba",
        "aaadaaabcccbadabbccbaaab",  
        "aaadaaabeccbaaabcccbaaba" 
     
      ],
      "terrain": {
        "a": "t_grass_tall",
        "b": "t_tree_wxkj_kdyg1",
        "c": "t_wxkj_kdyg_cc",
        "d": "t_wxkj_kdyg_xh",
        "e": "t_tree_wxkj_kdyg0",
        "r": "t_pavement_y",
        "f": "t_window"
      },	 
      "place_monster": [
            {
                "monster": "mon_wxkj_mwh3",
                "x": [ 3, 18 ],
                "y": [ 3, 18 ],
                "chance": 50, 
                "repeat": [ 1, 2 ]
            },
            {
              "monster": "mon_wxkj_bdd1",
                "x": [ 3, 18 ],
                "y": [ 3, 18 ],
                "chance": 50, 
                "repeat": [ 1, 2 ]
            }
        ],
      "furniture": { "g": "f_table", "h": "f_chair", "i": "f_sandbag_half", "j": "f_standing_tank" }
      
     
                
    }
  },
  {
        "type" : "overmap_terrain",
        "id" : "KDYG_SL_X_3_10",
        "name" : "森林",
        "symbol": "F",
        "color" : "green",        
        "see_cost" : 5
    },
     {
    "type" : "start_location",
    "id" : "wxkj_kdyg_sl_x",  
    "name" : "森林", 
    "target" : ["wxkj_kdyg_sl_x"]
  }

    
    
]