[
{
        "type" : "overmap_special",
        "id" : "kdyg_sl_x3",
        "overmaps" : [
        { "point":[0,0,0], 
        "overmap":"KDYG_SL_X_3_00_east"}, 
        { "point":[0,1,0], 
        "overmap":"KDYG_SL_X_3_01_east"},  
        { "point":[1,0,0],
        "overmap": "KDYG_SL_X_3_10_east"},
        { "point":[1,1,0], 
        "overmap":"KDYG_SL_X_3_11_east"}
        ],
        "locations" : [ "forest" ],
        "city_sizes": [ 0, 12 ],
        "occurrences": [ 1, 2 ],
        "rotate" : true,
        "flags" : [ "CLASSIC" ] 
    }
    
    
    ]