[
	{
		"type" : "construction",
		"description" : "建设：下行楼梯",
		"id": "Build_Down_Stairs",
		"category" : "OTHER",
		"difficulty" : 6,
		"time" : 60,
		"qualities": 
			[ 
				[ { "id": "SAW_W", "level": 2 } ],
				[ { "id": "HAMMER", "level": 2 } ],
				[ { "id": "HAMMER_FINE", "level": 1 } ]
			],
        "components" :
			[
				[ [ "2x4", 25 ] ],
				[ [ "nail", 50 ] ]
			],
		"pre_special" : "check_down_OK",
		"post_terrain" : "t_stairs_down"
	},{
		"type" : "construction",
		"description" : "建设：上行楼梯",
		"id": "Build_Up_Stairs",
		"category" : "OTHER",
		"difficulty" : 6,
		"time" : 60,
		"qualities": 
			[
				[ { "id": "SAW_W", "level": 2 } ],
				[ { "id": "HAMMER", "level": 2 } ],
				[ { "id": "HAMMER_FINE", "level": 1 } ]
			],
        "components" :
			[
				[ [ "2x4", 25 ] ],
				[ [ "nail", 50 ] ]
			],
		"pre_special" : "check_up_OK",
		"post_terrain" : "t_stairs_up"
	},{
        "type" : "construction",
        "description" : "建设：平屋顶",
        "id": "Build_Flat_roof",
		"category" : "OTHER",
        "difficulty" : 6,
        "time" : 120,
        "qualities": 
			[ 
				[ { "id": "HAMMER", "level": 3 } ],
				[ { "id": "SAW_M", "level": 2 } ] 
			],
        "components" : 
			[
				[ [ "rebar", 10 ] ],
				[ [ "wire", 20 ] ]
			],
        "pre_terrain" : "t_open_air",
        "post_terrain" : "t_ov_reb_cage"
	},{
        "type" : "construction",
        "description" : "建设：平屋顶",
        "id": "Build_Flat_Roof",
		"category" : "OTHER",
        "difficulty" : 6,
        "time" : 120,
        "qualities": [ [ { "id": "SMOOTH", "level": 1 } ] ],
        "components" : 
			[
				[ [ "concrete", 4 ] ],
				[ [ "water", 4 ], ["water_clean", 4 ] ],
				[ [ "2x4", 12 ] ]
			],
        "pre_terrain" : "t_ov_reb_cage",
        "post_terrain" : "t_flat_roof"
	},{
        "type" : "construction",
        "description" : "建造：土堆",
        "id": "Build_mound",
		"category" : "FARM_WOOD",
        "required_skills" : [ [ "survival", 0 ] ],
        "difficulty" : 0,
        "time" : 10,
        "qualities": [ [ { "id": "DIG", "level": 1 } ] ],
        "pre_flags" : "DIGGABLE",
        "post_terrain" : "t_earthmound"
    },{
        "type" : "terrain",
        "id" : "t_earthmound",
        "name": "土堆",
		"description" : "土堆",
        "symbol": "^",
        "color": "brown",
        "move_cost": 5,
        "flags": ["TRANSPARENT"],
        "bash": 
			{
				"str_min": 2, "str_max": 4,
				"sound": "splosh!",
				"sound_fail": "splosh!",
				"ter_set": "t_dirt",
				"items":
					[
						{ "item": "material_sand", "charges": [500,500] }
					]
			}
	},{
        "type" : "construction",
        "description" : "建设：铺土",
        "id" : "build_Spread_soil",
		"category" : "FARM_WOOD",
        "required_skills" : [ [ "survival", 0 ] ],
        "difficulty" : 0,
        "time" : 30,
        "qualities": [ [ { "id": "DIG", "level": 1 } ] ],
        "components" : 
			[
				[ [ "material_sand",500 ] ]
			],
        "pre_special" : "check_empty",
        "post_terrain" : "t_dirtmound"
	}
]