[
  {
    "id": "henshin_belt_makeshift_on",
    "type": "TOOL_ARMOR",
	"category": "armor",
    "name": "异界量产型战斗装甲",
	"name_plural": "异界量产型战斗装甲",
    "description": "一套造型奇特的全覆式战斗装甲，通过腰部的驱动器源源不断输送能量强化装着者。",
	"looks_like": "rm13_armor",
    "weight": 7370,
    "volume": 55,
    "price": 0,
    "to_hit": 1,
    "bashing": 1,
    "material": "alien_material",
    "symbol": "[",
    "color": "red",
	"max_charges": 30,
	"charges_per_use": 1,
    "turns_per_charge": 10,
	"ammo": "alien_energy",
	"covers": [ "HEAD", "EYES", "MOUTH", "TORSO", "ARMS", "HANDS", "LEGS", "FEET" ],
    "coverage": 100,
    "encumbrance": 0,
	"warmth": 30,
    "material_thickness": 4,
	"environmental_protection": 5,
	"revert_to": "henshin_belt_makeshift",
	"use_action": [
	{
        "menu_text": "解除",
        "type": "transform",
		"active":false,
        "msg": "你双手交错反转腰间驱动器，驱动器的光芒快速黯淡，战斗装甲化为无数光粒消散。",
		"target": "henshin_belt_makeshift",
		"moves": 200
    }
	],
	"artifact_data": {
       "effects_worn": [ "AEP_ALL_UP", "AEP_ATTENTION" ],
	   "charge_type": "ARTC_TIME"
    },
    "flags": [ 
	"NO_UNLOAD", "TRADER_AVOID", "WATERPROOF", "ELECTRIC_IMMUNE", 
	"OUTER", "RAD_RESIST", "PARTIAL_DEAF", "STURDY", "OVERSIZE"
	]
  },
  {
    "id": "henshin_belt_true_on",
    "type": "TOOL_ARMOR",
	"category": "armor",
    "name": "异界战斗装甲",
	"name_plural": "异界战斗装甲",
    "description": "一套造型奇特的全覆式战斗装甲，通过腰部的驱动器源源不断输送能量强化装着者。",
	"looks_like": "rm13_armor_on",
    "weight": 7070,
    "volume": 50,
    "price": 0,
    "to_hit": 1,
    "bashing": 1,
    "material": "alien_material",
    "symbol": "[",
    "color": "red",
	"max_charges": 30,
	"charges_per_use": 1,
    "turns_per_charge": 4,
	"ammo": "alien_energy",
	"covers": [ "HEAD", "EYES", "MOUTH", "TORSO", "ARMS", "HANDS", "LEGS", "FEET" ],
    "coverage": 100,
    "encumbrance": 0,
	"warmth": 30,
    "material_thickness": 5,
	"environmental_protection": 6,
	"revert_to": "henshin_belt_true",
	"use_action": [
	{
        "menu_text": "解除",
        "type": "transform",
		"active":false,
        "msg": "你双手交错反转腰间驱动器，驱动器的光芒快速黯淡，战斗装甲化为无数光粒消散。",
		"target": "henshin_belt_true",
		"moves": 200
    }
	],
	"artifact_data": {
       "effects_worn": [ 
	   "AEP_EVIL", "AEP_ALL_UP", "AEP_SPEED_UP", 
	   "AEP_HUNGER", "AEP_THIRST", "AEP_ATTENTION" 
	   ],
	   "charge_type": "ARTC_FATIGUE"
    },
    "flags": [ 
	"NO_UNLOAD", "TRADER_AVOID", "WATERPROOF", "ELECTRIC_IMMUNE", 
	"OUTER", "RAD_PROOF", "PARTIAL_DEAF", "STURDY", "OVERSIZE"
	]
  },
   {
    "id": "henshin_belt_true_overdrive",
    "type": "TOOL_ARMOR",
	"category": "armor",
    "name": "异界战斗装甲（过载）",
	"name_plural": "异界战斗装甲（过载）",
	"looks_like": "rm13_armor_on",
    "description": "一套造型奇特的全覆式战斗装甲，正持续绽放强光，流动于装甲上的红色液态能量肉眼可见。",
    "weight": 7070,
    "volume": 50,
    "price": 0,
    "to_hit": 1,
    "bashing": 1,
    "material": "alien_material",
    "symbol": "[",
    "color": "red",
	"max_charges": 30,
	"charges_per_use": 1,
    "turns_per_charge": 4,
	"ammo": "alien_energy",
	"covers": [ "HEAD", "EYES", "MOUTH", "TORSO", "ARMS", "HANDS", "LEGS", "FEET" ],
    "coverage": 100,
    "encumbrance": 0,
	"warmth": 50,
    "material_thickness": 7,
	"environmental_protection": 8,
	"revert_to": "henshin_belt_true_od",
    "use_action": [
	{
        "menu_text": "解除",
        "type": "transform",
		"active":false,
        "msg": "你双手交错反转腰间驱动器，驱动器的光芒快速黯淡，战斗装甲化为无数光粒消散。",
		"target": "henshin_belt_true_od",
		"moves": 200
    }
	],
	"artifact_data": {
       "effects_worn": [ 
	   "AEP_EVIL", "AEP_STR_UP", "AEP_DEX_UP", "AEP_ALL_UP", "AEP_SPEED_UP", 
	   "AEP_GLOW", "AEP_HUNGER", "AEP_THIRST", "AEP_ATTENTION"
	   ],
	   "charge_type": "ARTC_HP"
    },
    "flags": [ 
	"NO_UNLOAD", "TRADER_AVOID", "WATERPROOF", "ELECTRIC_IMMUNE", 
	"OUTER", "RAD_PROOF", "PARTIAL_DEAF", "STURDY", "OVERSIZE"
	]
  }
]