[
  {
    "id": "henshin_belt_makeshift",
    "type": "TOOL_ARMOR",
	"category": "armor",
    "name": "异界量产型驱动器",
	"name_plural": "异界量产型驱动器",
    "description": "结合异界科技制造的变身器，激活以着装战斗装甲。虽然自制的性能不如真品，但同时副作用也大大降低了。",
	"looks_like": "leather_belt",
    "weight": 200,
    "volume": 2,
    "price": 0,
    "to_hit": 1,
    "bashing": 1,
    "material": "alien_material",
    "symbol": "[",
    "color": "red",
    "covers": [ "TORSO" ],
    "coverage": 10,
    "encumbrance": 0,
    "material_thickness": 2,
	"environmental_protection": 2,
	"max_charges": 30,
	"charges_per_use": 5,
	"ammo": "alien_energy",
    "use_action": [
	{
        "menu_text": "变身",
		"type": "transform",
        "target": "henshin_belt_makeshift_on",
		"active":true,
        "msg": "你双手交错反转腰间驱动器，驱动器光芒闪烁，战斗装甲瞬间着装，覆盖全身。",
        "need_charges": 10,
        "need_charges_msg": "充能不足，无法激活驱动器。",
		"moves": 200
    }
	],
	"artifact_data": {
	   "charge_type": "ARTC_TIME"
    },
    "flags": [ "NO_UNLOAD", "WATER_FRIENDLY", "WAIST", "OVERSIZE" ]
  },
  {
    "id": "henshin_belt_true",
    "type": "TOOL_ARMOR",
	"category": "armor",
    "name": "异界驱动器",
	"name_plural": "异界驱动器",
    "description": "拥有不可思议力量的腰带，激活它能让你获得强大的力量，当然，你也需要为此而付出相应的代价。",
	"looks_like": "leather_belt",
    "weight": 200,
    "volume": 2,
    "price": 0,
    "to_hit": 1,
    "bashing": 1,
    "material": "alien_material",
    "symbol": "[",
    "color": "red",
    "covers": [ "TORSO" ],
    "coverage": 10,
    "encumbrance": 0,
    "material_thickness": 2,
	"environmental_protection": 2,
	"max_charges": 30,
	"charges_per_use": 5,
	"ammo": "alien_energy",
    "use_action": [
	{
        "menu_text": "变身",
		"type": "transform",
        "target": "henshin_belt_true_on",
		"active":true,
        "msg": "你双手交错反转腰间驱动器，驱动器光芒闪烁，战斗装甲瞬间着装，覆盖全身。",
        "need_charges": 10,
        "need_charges_msg": "充能不足，无法激活驱动器。",
		"moves": 200
    },
	{
	  "type": "holster",
      "holster_prompt": "把什么装在腰带上？",
      "holster_msg": "你把 %s 装到你的 %s 上",
      "max_volume": 3,
	  "min_volume": 3,
      "max_weight": 1150,
      "draw_cost": 50,
      "flags": [ "NO_UNLOAD" ]
    }
	],
	"artifact_data": {
	   "effects_worn": [ "AEP_ATTENTION" ],
	   "charge_type": "ARTC_TIME"
    },
    "flags": [ "NO_UNLOAD", "WATER_FRIENDLY", "WAIST", "OVERSIZE" ]
  },
  {
    "id": "henshin_belt_true_od",
    "type": "TOOL_ARMOR",
	"category": "armor",
    "name": "异界驱动器（极）",
	"name_plural": "异界驱动器（极）",
    "description": "拥有不可思议力量的腰带，激活它能让你获得足以逆转战局的力量，当然，你必须为使用这股力量付出代价。",
	"looks_like": "leather_belt",
    "weight": 200,
    "volume": 2,
    "price": 0,
    "to_hit": 1,
    "bashing": 1,
    "material": "alien_material",
    "symbol": "[",
    "color": "red",
    "covers": [ "TORSO" ],
    "coverage": 10,
    "encumbrance": 0,
    "material_thickness": 3,
	"environmental_protection": 3,
	"max_charges": 30,
	"charges_per_use": 5,
	"ammo": "alien_energy",
    "use_action": [
	{
        "menu_text": "变身",
		"type": "transform",
        "target": "henshin_belt_true_overdrive",
		"active":true,
        "msg": "你同时按下腰带两端，驱动器光芒暴涨，战斗装甲瞬间着装，绽放足以照亮黑夜的强光。",
        "need_charges": 10,
        "need_charges_msg": "充能不足，无法激活驱动器。",
		"moves": 200
    },
	{
	  "type": "holster",
      "holster_prompt": "把什么装在腰带上？",
      "holster_msg": "你把 %s 装到你的 %s 上",
      "max_volume": 3,
	  "min_volume": 3,
      "max_weight": 1150,
      "draw_cost": 50,
      "flags": [ "NO_UNLOAD" ]
    }
	],
	"artifact_data": {
	   "effects_worn": [ "AEP_ATTENTION" ],
	   "charge_type": "ARTC_TIME"
    },
    "flags": [ "NO_UNLOAD", "WATER_FRIENDLY", "WAIST", "OVERSIZE" ]
  },
  {
    "id": "henshin_belt_false",
    "type": "TOOL_ARMOR",
    "name": "奇异的腰带",
    "description": "外观独特的腰带，给人一种无法用语言表达的奇异感，让人发自内心抵触，又产生将其据为己有的欲望。",
	"looks_like": "leather_belt",
    "weight": 200,
    "volume": 2,
    "price": 0,
    "to_hit": 1,
    "bashing": 1,
    "material": "alien_material",
    "symbol": "[",
    "color": "dark_gray",
    "covers": [ "TORSO" ],
    "coverage": 10,
    "encumbrance": 0,
    "material_thickness": 1,
	"environmental_protection": 1,
	"max_charges": 30,
    "initial_charges": 0,
	"use_action": [
	{
	"target": "henshin_belt_true_on",
	"msg":"你同时按下腰带两端，腰带爆发强光构成一套独特的战斗装甲包裹全身。",
	"menu_text":"激活",
	"type":"transform",
	"active":true,
	"need_charges": 30,
    "need_charges_msg": "你同时按下腰带两端，但腰带毫无反应。",
	"moves": 200
	}
	],
	"artifact_data": {
	   "charge_type": "ARTC_HP"
    },
    "flags": [ "WATER_FRIENDLY", "WAIST", "OVERSIZE" ]
  }
]