[
  {
    "id": "henshin_box",
    "type": "CONTAINER",
    "category": "other",
    "name": "异界储存箱",
	"looks_like": "briefcase",
    "description": "以异界金属为材料制成的流体用存储箱，便于携带。",
    "weight": 50,
    "volume": 3,
    "price": 0,
    "to_hit": 1,
    "bashing": 4,
    "material": [ "alien_material", "plastic" ],
    "symbol": "o",
    "color": "cyan",
    "broken_symbol": "#",
    "broken_color": "cyan",
    "contains": 2,
    "seals": true,
    "watertight": true,
    "qualities": [ [ "CONTAIN", 1 ] ]
  }
]
