[
  {
    "type": "effect_type",
    "id": "Henshin_supercharged",
    "name": [ "不适反应", "超加速" ],
    "desc": [ "超加速结束的强速度反差导致身体产生的剧烈不适反应。", "加速装置生成的银色液态能量流转全身，给予使用者身体运动能力的爆发性增幅。" ],
	"apply_message": "你激活装置启动加速，银色液态能量迅速由装置传输流转全身。你感到周围的一切在瞬间变得极慢，力量从加速装置源源不断涌入体内！",
    "decay_messages": [ [ "周围的一切在瞬间重新变快，你的身体无法立刻跟上速度的剧烈变化。", "bad" ] ],
	"rating": "good",
    "max_intensity": 2,
	"int_dur_factor": 1,
	"base_mods": { "speed_mod": [ -20 ], "dex_mod": [ -2 ], "per_mod": [ -2 ], "int_mod": [ -2 ] },
    "scaling_mods": {
      "speed_mod": [ 1019 ],
      "str_mod": [ 1 ],
      "dex_mod": [ 3 ],
      "per_mod": [ 3 ],
      "int_mod": [ 3 ],
      "stamina_min": [ 4 ],
      "stamina_max": [ 8 ]
    }
  }
]
