[
  {
    "id": "mon_albino_penguin",
	"copy-from": "mon_albino_penguin",
	"type": "MONSTER",
    "name": "albino penguin",
    "death_drops": "henshin_alien_death_drops"
  },{
    "id": "mon_blank",
	"copy-from": "mon_blank",
	"type": "MONSTER",
    "name": "blank body",
    "name_plural": "blank bodies",
    "death_drops": "henshin_alien_death_drops"
  },{
    "id": "mon_breather",
	"copy-from": "mon_breather",
	"type": "MONSTER",
    "name": "breather",
    "death_drops": "henshin_alien_death_drops"
  },{
    "id": "mon_breather_hub",
	"copy-from": "mon_breather_hub",
	"type": "MONSTER",
    "name": "breather",
    "death_drops": "henshin_alien_death_drops"
  },{
    "id": "mon_darkman",
	"copy-from": "mon_darkman",
	"type": "MONSTER",
    "name": "wraith",
    "death_drops": "henshin_alien_death_drops"
  },{
    "id": "mon_flaming_eye",
	"copy-from": "mon_flaming_eye",
	"type": "MONSTER",
    "name": "flaming eye",
    "death_drops": "henshin_alien_death_drops"
  },{
    "id": "mon_flying_polyp",
	"copy-from": "mon_flying_polyp",
	"type": "MONSTER",
    "name": "flying polyp",
    "death_drops": "henshin_alien_death_drops"
  },{
    "id": "mon_gelatin",
	"copy-from": "mon_gelatin",
	"type": "MONSTER",
    "name": "amoebic mold",
    "death_drops": "henshin_alien_death_drops"
  },{
    "id": "mon_gozu",
	"copy-from": "mon_gozu",
	"type": "MONSTER",
    "name": "gozu",
    "death_drops": "henshin_alien_death_drops"
  },{
    "id": "mon_gracke",
	"copy-from": "mon_gracke",
	"type": "MONSTER",
    "name": "gracken",
    "death_drops": "henshin_alien_death_drops"
  },{
    "id": "mon_headless_dog_thing",
	"copy-from": "mon_headless_dog_thing",
	"type": "MONSTER",
    "name": "tentacle dog",
    "death_drops": "henshin_alien_death_drops"
  },{
    "id": "mon_hunting_horror",
	"copy-from": "mon_hunting_horror",
	"type": "MONSTER",
    "name": "hunting horror",
    "death_drops": "henshin_alien_death_drops"
  },{
    "id": "mon_kreck",
	"copy-from": "mon_kreck",
	"type": "MONSTER",
    "name": "kreck",
    "death_drops": "henshin_alien_death_drops"
  },{
    "id": "mon_mi_go",
	"copy-from": "mon_mi_go",
	"type": "MONSTER",
    "name": "mi-go",
    "death_drops": "henshin_alien_death_drops"
  },{
    "id": "mon_shoggoth",
	"copy-from": "mon_shoggoth",
	"type": "MONSTER",
    "name": "shoggoth",
    "death_drops": "henshin_alien_death_drops"
  },{
    "id": "mon_thing",
	"copy-from": "mon_thing",
	"type": "MONSTER",
    "name": "thing",
    "death_drops": "henshin_alien_death_drops"
  },{
    "id": "mon_yugg",
	"copy-from": "mon_yugg",
	"type": "MONSTER",
    "name": "yugg",
    "death_drops": "henshin_alien_death_drops"
  }
]
