[
  {
    "id": "henshin_repairkit",
    "type": "TOOL",
    "name": "异界修理包",
	"name_plural": "异界修理包",
	"looks_like": "soldering_iron",
    "description": "根据异界金属的性质特制，修复受损的异界装备的便携式工具包。每使用一次消耗1单位的异界能源。",
    "weight": 250,
    "volume": 4,
    "bashing": 3,
    "cutting": 7,
    "material": [ "alien_material", "plastic" ],
    "symbol": ",",
    "color": "light_gray",
    "ammo": "alien_energy",
    "max_charges": 60,
    "charges_per_use": 1,
    "use_action": [
      {
        "type": "repair_item",
        "item_action_type": "repair_metal",
        "materials": [ "alien_material" ],
        "skill": "mechanics",
		"tool_quality": -1,
        "cost_scaling": 0.1,
        "move_cost": 1250
      }
    ],
    "flags": [ "NO_UNLOAD", "TRADER_AVOID", "SPEAR", "BELT_CLIP" ]
  },
  {
    "id": "henshin_repairkit_good",
    "type": "TOOL",
    "name": "高级异界修理包",
	"name_plural": "高级异界修理包",
	"looks_like": "soldering_iron",
    "description": "根据异界金属的性质特制，修复受损的异界装备的便携式工具包，比一般的异界修理包更容易使用，每使用一次消耗2单位的异界能源。",
    "weight": 300,
    "volume": 4,
    "bashing": 4,
    "cutting": 8,
    "material": [ "alien_material", "plastic" ],
    "symbol": ",",
    "color": "light_gray",
    "ammo": "alien_energy",
    "max_charges": 60,
    "charges_per_use": 2,
    "use_action": [
      {
        "type": "repair_item",
        "item_action_type": "repair_metal",
        "materials": [ "alien_material" ],
        "skill": "mechanics",
        "cost_scaling": 0.1,
        "move_cost": 1150
      }
    ],
    "flags": [ "NO_UNLOAD", "TRADER_AVOID", "SPEAR", "BELT_CLIP" ]
  }
]
