[
  {
    "id": "darksword",
    "type": "GENERIC",
    "name": "黑暗剑",
	"name_plural": "黑暗剑",
    "description": "看不见的透明武器，仿佛有着剑的形状，无法被损坏，但也无法用于格挡。",
    "weight": 0,
    "volume": 0,
	"to_hit": 3,
    "cutting": 9,
    "symbol": " ",
    "color": "dark_gray",
    "flags": [ "UNBREAKABLE_MELEE", "UNARMED_WEAPON", "TRADER_AVOID" ]
  },{
    "id": "henshin_power_knuckles",
	"type": "TOOL",
	"category": "weapons",
    "symbol": "]",
    "color": "light_gray",
	"name": "异界动能装置",
	"name_plural": "异界动能装置",
	"looks_like": "cestus",
    "description": "异界能源驱动的动能装置，能够作为拳套使用也能够装至腿部输送能量提高腿力，启动过载模式时拥有毁灭性的破坏力。",
    "material": "alien_material",
    "volume": 3,
    "weight": 1150,
	"to_hit": 1,
    "bashing": 21,
	"techniques": [ "WBLOCK_1", "BRUTAL" ],
	"max_charges": 30,
	"charges_per_use": 10,
	"ammo": "alien_energy",
	"use_action": [
	{
        "menu_text": "过载",
		"type": "transform",
        "target": "henshin_power_knuckles_overdrive",
		"active":true,
        "msg": "你启动过载模式，将能源出力提升至极限。",
        "need_charges": 20,
        "need_charges_msg": "充能不足，无法激活动能装置。"
    }
	],
	"artifact_data": {
	   "charge_type": "ARTC_TIME"
    },
    "flags": [ "NO_UNLOAD", "UNARMED_WEAPON", "TRADER_AVOID" ]
  },{
    "id": "henshin_power_knuckles_overdrive",
	"type": "TOOL",
	"category": "weapons",
    "symbol": "]",
    "color": "red",
	"name": "异界动能装置（过载）",
	"name_plural": "异界动能装置（过载）",
	"looks_like": "cestus",
    "description": "开启过载模式的动能装置，装置上流动着清晰可见的红色液态能量。",
    "material": "alien_material",
    "volume": 3,
    "weight": 1150,
	"to_hit": 4,
    "bashing": 190,
	"cutting": 30,
	"techniques": [ "WBLOCK_1", "BRUTAL" ],
	"max_charges": 30,
	"charges_per_use": 10,
    "turns_per_charge": 1,
	"ammo": "alien_energy",
	"revert_to": "henshin_power_knuckles",
	"use_action": [
	{
        "menu_text": "关闭",
        "type": "transform",
		"active":false,
        "msg": "过载模式关闭，动能装置的能源出力返回正常水平。",
		"target": "henshin_power_knuckles"
    }
	],
	"artifact_data": {
	   "effects_wielded": [ "AEP_EVIL" ],
	   "charge_type": "ARTC_TIME"
    },
    "flags": [ "NO_UNLOAD", "LIGHT_4", "TRADER_AVOID" ]
  },
  {
    "id": "henshin_armguard",
    "type": "TOOL_ARMOR",
    "category": "armor",
	"symbol": "[",
    "color": "light_gray",
    "name": "异界加速装置",
	"name_plural": "异界加速装置",
	"looks_like": "smart_phone",
    "description": "异界能源驱动的加速装置，通过传输动能增幅的银色液态能量，能够在极短时间内极大程度强化使用者的运动反射神经。",
    "weight": 820,
    "volume": 8,
    "to_hit": 1,
    "material": "alien_material",
    "covers": [ "ARMS" ],
    "coverage": 20,
    "encumbrance": 5,
    "material_thickness": 4,
    "environmental_protection": 3,
	"max_charges": 30,
	"charges_per_use": 30,
	"ammo": "alien_energy",
	"use_action": [
	{
		"menu_text": "激活",
		"type": "consume_drug",
		"need_charges": 30,
        "need_charges_msg": "充能不足，无法激活加速装置。",
        "effects": [ { "id": "Henshin_supercharged", "duration": 2 } ]
    }
	],
	"artifact_data": {
	   "charge_type": "ARTC_TIME"
    },
    "flags": [ "BELTED", "WATER_FRIENDLY", "STURDY", "TRADER_AVOID" ]
  }
]
