[
	{
		"id": "flintlock_ammo_magic",
		"type": "AMMO",
		"name": "纸制子弹(魔弾)",
		"description": "一种装有黑色粉末和金属弹丸的纸筒。子弹上画着魔法纹路。根据魔弹的传说，前6发一定会击中目标，而第7发则会击中最不希望击中的目标，在发射后会飞向另一个目标。《自由射手》(Der Freischütz)，德国作曲家韦伯的代表作。",
		"weight": 40,
		"volume": 1,
		"price": 1100,
		"material": [ "lead", "powder" ],
		"symbol": "=",
		"color": "white",
		"count": 7,
		"stack_size": 7,
		"ammo_type": "flintlock",
		"range": 6,
		"damage": 50,
		"dispersion": 90,
		"recoil": 1500,
		"loudness": 70,
		"effects": [ "COOKOFF", "MUZZLE_SMOKE", "SHOT", "BOUNCE", "NEVER_MISFIRES" ]
	}
]
