[
	{
		"id": "sexy_zipsuit",
		"type": "ARMOR",
		"name": "乳胶拉链紧身衣",
		"description": "紧身舒适的连体衣，主要由透明乳胶制成，只有关键部位被设计为拉链遮挡。",
		"weight": 1587,
		"volume": 14,
		"price": 12000,
		"material": [ "plastic" ],
		"symbol": "[",
		"color": "pink",
		"covers": [ "TORSO", "ARMS", "HANDS", "LEGS", "FEET" ],
		"coverage": 100,
		"encumbrance": 5,
		"warmth": 5,
		"material_thickness": 1,
		"environmental_protection": 1,
		"flags": [ "SKINTIGHT", "FANCY", "FRAGILE", "VARSIZE", "WATER_FRIENDLY" ]
	},
	{
		"id": "slut_power_suit",
		"type": "ARMOR",
		"category": "armor",
		"name": "SWUT动力服",
		"description": "这是由DoubleTeck公司生产的动力服。它的设计目的是解决动力装甲在重量和机动性方面的缺点。就像乳胶紧身衣一样，它既轻巧又具有最大的灵活性，同时精心设计以尽可能保护重要的身体部位。然而，由于它相当性感以至于有点色情的外表，除了最热情的士兵外，它在很大程度上仍然不受欢迎。",
		"weight": 7670,
		"volume": 60,
		"price": 11500000,
		"to_hit": 1,
		"bashing": 1,
		"material": [ "plastic", "superalloy" ],
		"symbol": "[",
		"color": "dark_gray",
		"covers": [ "TORSO", "ARMS", "HANDS", "LEGS", "FEET" ],
		"coverage": 100,
		"encumbrance": 20,
		"storage": 0,
		"warmth": 10,
		"power_armor": true,
		"material_thickness": 8,
		"environmental_protection": 8,
		"use_action": { "type": "ups_based_armor", "activate_msg": "你的动力服启动了。" },
		"flags": [ "SKINTIGHT", "WATERPROOF", "STURDY", "ELECTRIC_IMMUNE" ]
	},
	{
		"id": "sailor_dress",
		"type": "ARMOR",
		"name": "水手服",
		"description": "有特殊衣领和躯干设计的上衣。从19世纪末到20世纪初，它在世界范围内广受欢迎，并广泛传播于cosplay角色扮演文化中，在日本被用作女学生的制服。",
		"weight": 200,
		"volume": 4,
		"price": 50000,
		"material": [ "cotton" ],
		"symbol": "[",
		"color": "blue",
		"covers": [ "TORSO", "ARMS" ],
		"coverage": 85,
		"encumbrance": 5,
		"storage": 10,
		"warmth": 5,
		"material_thickness": 1,
		"flags": [ "VARSIZE", "FANCY" ]
	}
]
