[
	{
		"id": "recipe_hentai",
		"type": "BOOK",
		"name": "研究杂志\"欲望\"",
		"name_plural": "研究杂志\"欲望\"",
		"description": "日语和英语混合的奇怪的研究杂志。书中从对XE037的研究成果及其有效的利用方法开始，最后以美国的出生率图表作为结尾。上面的\"拒绝\"印章被印了3次...",
		"weight": 50,
		"volume": 2,
		"price": 125000,
		"material": [ "paper" ],
		"symbol": "?",
		"color": "light_green",
		"skill": "cooking",
		"required_level": 8,
		"max_level": 9,
		"intelligence": 12,
		"time": 45,
		"fun": -2
	},
	{
		"id": "dictionnaire_finfernal",
		"type": "BOOK",
		"name": "地狱辞典",
		"name_plural": "地狱辞典",
		"description": "《地狱辞典》这本书由法国作家科兰·戴·布兰西(1794～1881)撰写，描述了各种各样的世俗信仰和民间传说，如恶魔、迷信、占卜和著名人物。",
		"weight": 368,
		"volume": 3,
		"price": 550,
		"material": [ "paper" ],
		"symbol": "?",
		"color": "light_gray",
		"intelligence": 8,
		"time": 15,
		"fun": 1,
		"flags": [ "INSPIRATIONAL" ]
	}
]
