[
	{
		"id": "wrapped_condom",
		"type": "TOOL",
		"name": "避孕套(未开封)",
		"name_plural": "避孕套(未开封)",
		"description": "适合各种尺寸的避孕套。如果你想用的话，先把它从包装袋里拿出来。...如果你有能够使用的对象的话。",
		"weight": 1,
		"volume": 0,
		"price": 100,
		"material": [ "plastic" ],
		"symbol": ",",
		"color": "pink",
		"use_action": {
			"target": "condom",
			"msg": "避孕套被取出来了。",
			"menu_text": "取出",
			"type": "transform"
		}
	},
	{
		"id": "wrapped_condom_danger",
		"type": "TOOL",
		"copy-from": "wrapped_condom",
		"name": "劣质避孕套(未开封)",
		"name_plural": "劣质避孕套(未开封)",
		"description": "适合各种尺寸的避孕套。如果你想用的话，先把它从包装袋里拿出来。\n* 这个避孕套看起来似乎相当地<color_yellow>旧</color>了。您应该避免使用它来避免不必要的*麻烦*。",
		"use_action": {
			"target": "condom_danger",
			"msg": "避孕套被取出来了。",
			"menu_text": "取出",
			"type": "transform"
		}
	},
	{
		"id": "condom",
		"type": "TOOL",
		"name": "避孕套",
		"name_plural": "避孕套",
		"description": "适合各种尺寸的避孕套。如果有人现在还随身携带着这个东西的话，那么意图应该再明显不过了吧？",
		"weight": 1,
		"volume": 0,
		"bashing": 1,
		"cutting": 0,
		"to_hit": -3,
		"price": 100,
		"material": [ "plastic" ],		"//" : "本当はポリイソプレンやラテックス製なのだろうけど、公式のゴム手袋もplasticだし...materials設定するのめんどいし...",
		"symbol": ",",
		"color": "pink",
		"armor_data" : {
			"covers" : ["LEGS"],
			"storage" : 0,
			"warmth" : 0,
			"environmental_protection" : 0,
			"encumbrance" : 0,
			"coverage" : 1,
			"material_thickness" : 1,
			"power_armor" : false,
			"flags": [ "WATER_FRIENDLY", "WATERPROOF", "SKINTIGHT" ]
		},
		"use_action": [ "IUSE_YIFF" ]
	},
	{
		"//" : "あぶない方。使えるけど確率で破れる。",
		"id": "condom_danger",
		"type": "TOOL",
		"copy-from": "condom",
		"name": "劣质避孕套",
		"name_plural": "劣质避孕套",
		"description": "适合各种尺寸的避孕套。它几乎失去了它的保护性，很可能会坏掉。"
	},
	{
		"id": "holy_choker",		"//" : "collarじゃないよ！ほんとだよ！ suuuuuuuuure",
		"type": "TOOL",
		"name": "伏魔项圈",
		"name_plural": "伏魔项圈",
		"description": "一种用神圣之银制成，能够封锁邪恶的项圈。如果你能把这个戴到恶魔身上，那么你们一定能成为好朋友。",
		"weight": 10,
		"volume": 1,
		"bashing": 0,
		"cutting": 0,
		"to_hit": 0,
		"price": 10000,
		"material": [ "leather", "silver" ],
		"symbol": "-",
		"color": "black",
		"flags": [ "FANCY" ],
		"armor_data" : {
			"storage" : 0,
			"warmth" : 0,
			"environmental_protection" : 0,
			"encumbrance" : 0,
			"coverage" : 5,
			"material_thickness" : 5,
			"power_armor" : false
		},
		"use_action": "IUSE_PET_CUBI"
	},
	{
		"id": "scroll_of_naming",
		"type": "TOOL",
		"name": "改名卷轴",
		"name_plural": "改名卷轴",
		"description": "可以修改npc名字的卷轴。使用一次后消失。",
		"weight": 10,
		"volume": 1,
		"bashing": 0,
		"cutting": 0,
		"to_hit": 0,
		"price": 1,
		"material": [ "paper", "magic" ],
		"symbol": "?",
		"color": "light_gray",
		"use_action": "IUSE_NAMING_NPC"
	},
	{
		"id": "scroll_of_artifact",
		"type": "TOOL",
		"name": "随机神器生成卷轴",
		"name_plural": "文物生成卷轴",
		"description": "可以生成随机神器的卷轴。使用一次后消失。",
		"weight": 10,
		"volume": 1,
		"bashing": 0,
		"cutting": 0,
		"to_hit": 0,
		"price": 1000000,
		"material": [ "magic" ],
		"symbol": "?",
		"color": "light_gray",
		"use_action": "IUSE_SPAWN_ARTIFACT"
	},
	{
		"id": "bio_onahole",
		"type": "TOOL",
		"name": "生物按摩器",
		"name_plural": "生物按摩器",
		"description": "这是用Blob制造的活体生物按摩器。在它的侧面，有一幅著名色情演员的肖像，下面写着广告信息：\"DNA结构的完全复制！真实的感觉！在任何地方，任何时间，就在你的口袋里！\"",
		"looks_like": "vibrator",
		"weight": 453,
		"volume": 2,
		"price": 5500,
		"material": [ "flesh" ],
		"symbol": ";",
		"color": "dark_gray",
		"use_action": "VIBE"
	}
]
