[
  {
    "id": "forehair1black",
    "type": "mutation",
    "name": "黑色胡须-好莱坞式",
    "description": "你的胡子是黑色的。（人中+络腮胡）",
    "points": 0,
    "starting_trait": true,
    "purifiable": false,
    "player_display": false,
	"types": [ "facial_hair" ]
  },
  {
    "id": "forehair2black",
    "type": "mutation",
    "name": "黑色胡须-扎帕式",
    "description": "你的胡子是黑色的。（嘴唇上下）",
    "points": 0,
    "starting_trait": true,
    "purifiable": false,
    "player_display": false,
	"types": [ "facial_hair" ]
  },
  {
    "id": "forehair3black",
    "type": "mutation",
    "name": "黑色胡须-鸭尾式",
    "description": "你的胡子是黑色的。（人中+大胡子）",
    "points": 0,
    "starting_trait": true,
    "purifiable": false,
    "player_display": false,
	"types": [ "facial_hair" ]
  },
  {
    "id": "forehair4black",
    "type": "mutation",
    "name": "黑色胡须-铅笔式",
    "description": "你的胡子是黑色的。（人中一字形）",
    "points": 0,
    "starting_trait": true,
    "purifiable": false,
    "player_display": false,
	"types": [ "facial_hair" ]
  },
  {
    "id": "forehair5black",
    "type": "mutation",
    "name": "黑色胡须-短箱式",
    "description": "你的胡子是黑色的。（络腮胡）",
    "points": 0,
    "starting_trait": true,
    "purifiable": false,
    "player_display": false,
	"types": [ "facial_hair" ]
  },
  {
    "id": "forehair6black",
    "type": "mutation",
    "name": "黑色胡须-灵魂补丁式",
    "description": "你的胡子是黑色的。（下嘴唇下一块方形）",
    "points": 0,
    "starting_trait": true,
    "purifiable": false,
    "player_display": false,
	"types": [ "facial_hair" ]
  },
  {
    "id": "forehair7black",
    "type": "mutation",
    "name": "黑色胡须-山羊胡",
    "description": "你的胡子是黑色的。（山羊胡）",
    "points": 0,
    "starting_trait": true,
    "purifiable": false,
    "player_display": false,
	"types": [ "facial_hair" ]
  },
  {
    "id": "forehair8black",
    "type": "mutation",
    "name": "黑色胡须-小山羊胡",
    "description": "你的胡子是黑色的。（小一号的山羊胡）",
    "points": 0,
    "starting_trait": true,
    "purifiable": false,
    "player_display": false,
	"types": [ "facial_hair" ]
  },
  {
    "id": "forehair9black",
    "type": "mutation",
    "name": "黑色胡须-巴尔博式",
    "description": "你的胡子是黑色的。（没连起来的络腮胡）",
    "points": 0,
    "starting_trait": true,
    "purifiable": false,
    "player_display": false,
	"types": [ "facial_hair" ]
  },
  {
    "id": "forehair10black",
    "type": "mutation",
    "name": "黑色胡须-老荷兰式",
    "description": "你的胡子是黑色的。（大胡子）",
    "points": 0,
    "starting_trait": true,
    "purifiable": false,
    "player_display": false,
	"types": [ "facial_hair" ]
  },
  {
    "id": "forehair1blond",
    "type": "mutation",
    "name": "金色胡须-好莱坞式",
    "description": "你的胡子是金色的。（人中+络腮胡）",
    "points": 0,
    "starting_trait": true,
    "purifiable": false,
    "player_display": false,
	"types": [ "facial_hair" ]
  },
  {
    "id": "forehair2blond",
    "type": "mutation",
    "name": "金色胡须-扎帕式",
    "description": "你的胡子是金色的。（嘴唇上下）",
    "points": 0,
    "starting_trait": true,
    "purifiable": false,
    "player_display": false,
	"types": [ "facial_hair" ]
  },
  {
    "id": "forehair3blond",
    "type": "mutation",
    "name": "金色胡须-鸭尾式",
    "description": "你的胡子是金色的。（人中+大胡子）",
    "points": 0,
    "starting_trait": true,
    "purifiable": false,
    "player_display": false,
	"types": [ "facial_hair" ]
  },
  {
    "id": "forehair4blond",
    "type": "mutation",
    "name": "金色胡须-铅笔式",
    "description": "你的胡子是金色的。（人中一字形）",
    "points": 0,
    "starting_trait": true,
    "purifiable": false,
    "player_display": false,
	"types": [ "facial_hair" ]
  },
  {
    "id": "forehair5blond",
    "type": "mutation",
    "name": "金色胡须-短箱式",
    "description": "你的胡子是金色的。（络腮胡）",
    "points": 0,
    "starting_trait": true,
    "purifiable": false,
    "player_display": false,
	"types": [ "facial_hair" ]
  },
  {
    "id": "forehair6blond",
    "type": "mutation",
    "name": "金色胡须-灵魂补丁式",
    "description": "你的胡子是金色的。（下嘴唇下一块方形）",
    "points": 0,
    "starting_trait": true,
    "purifiable": false,
    "player_display": false,
	"types": [ "facial_hair" ]
  },
  {
    "id": "forehair7blond",
    "type": "mutation",
    "name": "金色胡须-山羊胡",
    "description": "你的胡子是金色的。（山羊胡）",
    "points": 0,
    "starting_trait": true,
    "purifiable": false,
    "player_display": false,
	"types": [ "facial_hair" ]
  },
  {
    "id": "forehair8blond",
    "type": "mutation",
    "name": "金色胡须-小山羊胡",
    "description": "你的胡子是金色的。（小一号的山羊胡）",
    "points": 0,
    "starting_trait": true,
    "purifiable": false,
    "player_display": false,
	"types": [ "facial_hair" ]
  },
  {
    "id": "forehair9blond",
    "type": "mutation",
    "name": "金色胡须-巴尔博式",
    "description": "你的胡子是金色的。（没连起来的络腮胡）",
    "points": 0,
    "starting_trait": true,
    "purifiable": false,
    "player_display": false,
	"types": [ "facial_hair" ]
  },
  {
    "id": "forehair10blond",
    "type": "mutation",
    "name": "金色胡须-老荷兰式",
    "description": "你的胡子是金色的。（大胡子）",
    "points": 0,
    "starting_trait": true,
    "purifiable": false,
    "player_display": false,
	"types": [ "facial_hair" ]
  },
  {
    "id": "forehair1brown",
    "type": "mutation",
    "name": "棕色胡须-好莱坞式",
    "description": "你的胡子是棕色的。（人中+络腮胡）",
    "points": 0,
    "starting_trait": true,
    "purifiable": false,
    "player_display": false,
	"types": [ "facial_hair" ]
  },
  {
    "id": "forehair2brown",
    "type": "mutation",
    "name": "棕色胡须-扎帕式",
    "description": "你的胡子是棕色的。（嘴唇上下）",
    "points": 0,
    "starting_trait": true,
    "purifiable": false,
    "player_display": false,
	"types": [ "facial_hair" ]
  },
  {
    "id": "forehair3brown",
    "type": "mutation",
    "name": "棕色胡须-鸭尾式",
    "description": "你的胡子是棕色的。（人中+大胡子）",
    "points": 0,
    "starting_trait": true,
    "purifiable": false,
    "player_display": false,
	"types": [ "facial_hair" ]
  },
  {
    "id": "forehair4brown",
    "type": "mutation",
    "name": "棕色胡须-铅笔式",
    "description": "你的胡子是棕色的。（人中一字形）",
    "points": 0,
    "starting_trait": true,
    "purifiable": false,
    "player_display": false,
	"types": [ "facial_hair" ]
  },
  {
    "id": "forehair5brown",
    "type": "mutation",
    "name": "棕色胡须-短箱式",
    "description": "你的胡子是棕色的。（络腮胡）",
    "points": 0,
    "starting_trait": true,
    "purifiable": false,
    "player_display": false,
	"types": [ "facial_hair" ]
  },
  {
    "id": "forehair6brown",
    "type": "mutation",
    "name": "棕色胡须-灵魂补丁式",
    "description": "你的胡子是棕色的。（下嘴唇下一块方形）",
    "points": 0,
    "starting_trait": true,
    "purifiable": false,
    "player_display": false,
	"types": [ "facial_hair" ]
  },
  {
    "id": "forehair7brown",
    "type": "mutation",
    "name": "棕色胡须-山羊胡",
    "description": "你的胡子是棕色的。（山羊胡）",
    "points": 0,
    "starting_trait": true,
    "purifiable": false,
    "player_display": false,
	"types": [ "facial_hair" ]
  },
  {
    "id": "forehair8brown",
    "type": "mutation",
    "name": "棕色胡须-小山羊胡",
    "description": "你的胡子是棕色的。（小一号的山羊胡）",
    "points": 0,
    "starting_trait": true,
    "purifiable": false,
    "player_display": false,
	"types": [ "facial_hair" ]
  },
  {
    "id": "forehair9brown",
    "type": "mutation",
    "name": "棕色胡须-巴尔博式",
    "description": "你的胡子是棕色的。（没连起来的络腮胡）",
    "points": 0,
    "starting_trait": true,
    "purifiable": false,
    "player_display": false,
	"types": [ "facial_hair" ]
  },
  {
    "id": "forehair10brown",
    "type": "mutation",
    "name": "棕色胡须-老荷兰式",
    "description": "你的胡子是棕色的。（大胡子）",
    "points": 0,
    "starting_trait": true,
    "purifiable": false,
    "player_display": false,
	"types": [ "facial_hair" ]
  },
  {
    "id": "forehair1gray",
    "type": "mutation",
    "name": "灰色胡须-好莱坞式",
    "description": "你的胡子是灰色的。（人中+络腮胡）",
    "points": 0,
    "starting_trait": true,
    "purifiable": false,
    "player_display": false,
    "types": [ "facial_hair" ]
  },
  {
    "id": "forehair2gray",
    "type": "mutation",
    "name": "灰色胡须-扎帕式",
    "description": "你的胡子是灰色的。（嘴唇上下）",
    "points": 0,
    "starting_trait": true,
    "purifiable": false,
    "player_display": false,
    "types": [ "facial_hair" ]
  },
  {
    "id": "forehair3gray",
    "type": "mutation",
    "name": "灰色胡须-鸭尾式",
    "description": "你的胡子是灰色的。（人中+大胡子）",
    "points": 0,
    "starting_trait": true,
    "purifiable": false,
    "player_display": false,
    "types": [ "facial_hair" ]
  },
  {
    "id": "forehair4gray",
    "type": "mutation",
    "name": "灰色胡须-铅笔式",
    "description": "你的胡子是灰色的。（人中一字形）",
    "points": 0,
    "starting_trait": true,
    "purifiable": false,
    "player_display": false,
    "types": [ "facial_hair" ]
  },
  {
    "id": "forehair5gray",
    "type": "mutation",
    "name": "灰色胡须-短箱式",
    "description": "你的胡子是灰色的。（络腮胡）",
    "points": 0,
    "starting_trait": true,
    "purifiable": false,
    "player_display": false,
    "types": [ "facial_hair" ]
  },
  {
    "id": "forehair6gray",
    "type": "mutation",
    "name": "灰色胡须-灵魂补丁式",
    "description": "你的胡子是灰色的。（下嘴唇下一块方形）",
    "points": 0,
    "starting_trait": true,
    "purifiable": false,
    "player_display": false,
    "types": [ "facial_hair" ]
  },
  {
    "id": "forehair7gray",
    "type": "mutation",
    "name": "灰色胡须-山羊胡",
    "description": "你的胡子是灰色的。（山羊胡）",
    "points": 0,
    "starting_trait": true,
    "purifiable": false,
    "player_display": false,
    "types": [ "facial_hair" ]
  },
  {
    "id": "forehair8gray",
    "type": "mutation",
    "name": "灰色胡须-小山羊胡",
    "description": "你的胡子是灰色的。（小一号的山羊胡）",
    "points": 0,
    "starting_trait": true,
    "purifiable": false,
    "player_display": false,
    "types": [ "facial_hair" ]
  },
  {
    "id": "forehair9gray",
    "type": "mutation",
    "name": "灰色胡须-巴尔博式",
    "description": "你的胡子是灰色的。（没连起来的络腮胡）",
    "points": 0,
    "starting_trait": true,
    "purifiable": false,
    "player_display": false,
    "types": [ "facial_hair" ]
  },
  {
    "id": "forehair10gray",
    "type": "mutation",
    "name": "灰色胡须-老荷兰式",
    "description": "你的胡子是灰色的。（大胡子）",
    "points": 0,
    "starting_trait": true,
    "purifiable": false,
    "player_display": false,
    "types": [ "facial_hair" ]
  },
  {
    "id": "forehair1pink",
    "type": "mutation",
    "name": "粉色胡须-好莱坞式",
    "description": "你的胡子是粉色的。（人中+络腮胡）",
    "points": 0,
    "starting_trait": true,
    "purifiable": false,
    "player_display": false,
    "types": [ "facial_hair" ]
  },
  {
    "id": "forehair2pink",
    "type": "mutation",
    "name": "粉色胡须-扎帕式",
    "description": "你的胡子是粉色的。（嘴唇上下）",
    "points": 0,
    "starting_trait": true,
    "purifiable": false,
    "player_display": false,
    "types": [ "facial_hair" ]
  },
  {
    "id": "forehair3pink",
    "type": "mutation",
    "name": "粉色胡须-鸭尾式",
    "description": "你的胡子是粉色的。（人中+大胡子）",
    "points": 0,
    "starting_trait": true,
    "purifiable": false,
    "player_display": false,
    "types": [ "facial_hair" ]
  },
  {
    "id": "forehair4pink",
    "type": "mutation",
    "name": "粉色胡须-铅笔式",
    "description": "你的胡子是粉色的。（人中一字形）",
    "points": 0,
    "starting_trait": true,
    "purifiable": false,
    "player_display": false,
    "types": [ "facial_hair" ]
  },
  {
    "id": "forehair5pink",
    "type": "mutation",
    "name": "粉色胡须-短箱式",
    "description": "你的胡子是粉色的。（络腮胡）",
    "points": 0,
    "starting_trait": true,
    "purifiable": false,
    "player_display": false,
    "types": [ "facial_hair" ]
  },
  {
    "id": "forehair6pink",
    "type": "mutation",
    "name": "粉色胡须-灵魂补丁式",
    "description": "你的胡子是粉色的。（下嘴唇下一块方形）",
    "points": 0,
    "starting_trait": true,
    "purifiable": false,
    "player_display": false,
    "types": [ "facial_hair" ]
  },
  {
    "id": "forehair7pink",
    "type": "mutation",
    "name": "粉色胡须-山羊胡",
    "description": "你的胡子是粉色的。（山羊胡）",
    "points": 0,
    "starting_trait": true,
    "purifiable": false,
    "player_display": false,
    "types": [ "facial_hair" ]
  },
  {
    "id": "forehair8pink",
    "type": "mutation",
    "name": "粉色胡须-小山羊胡",
    "description": "你的胡子是粉色的。（小一号的山羊胡）",
    "points": 0,
    "starting_trait": true,
    "purifiable": false,
    "player_display": false,
    "types": [ "facial_hair" ]
  },
  {
    "id": "forehair9pink",
    "type": "mutation",
    "name": "粉色胡须-巴尔博式",
    "description": "你的胡子是粉色的。（没连起来的络腮胡）",
    "points": 0,
    "starting_trait": true,
    "purifiable": false,
    "player_display": false,
    "types": [ "facial_hair" ]
  },
  {
    "id": "forehair10pink",
    "type": "mutation",
    "name": "粉色胡须-老荷兰式",
    "description": "你的胡子是粉色的。（大胡子）",
    "points": 0,
    "starting_trait": true,
    "purifiable": false,
    "player_display": false,
    "types": [ "facial_hair" ]
  },
  {
    "id": "forehair1red",
    "type": "mutation",
    "name": "红色胡须-好莱坞式",
    "description": "你的胡子是红色的。（人中+络腮胡）",
    "points": 0,
    "starting_trait": true,
    "purifiable": false,
    "player_display": false,
    "types": [ "facial_hair" ]
  },
  {
    "id": "forehair2red",
    "type": "mutation",
    "name": "红色胡须-扎帕式",
    "description": "你的胡子是红色的。（嘴唇上下）",
    "points": 0,
    "starting_trait": true,
    "purifiable": false,
    "player_display": false,
    "types": [ "facial_hair" ]
  },
  {
    "id": "forehair3red",
    "type": "mutation",
    "name": "红色胡须-鸭尾式",
    "description": "你的胡子是红色的。（人中+大胡子）",
    "points": 0,
    "starting_trait": true,
    "purifiable": false,
    "player_display": false,
    "types": [ "facial_hair" ]
  },
  {
    "id": "forehair4red",
    "type": "mutation",
    "name": "红色胡须-铅笔式",
    "description": "你的胡子是红色的。（人中一字形）",
    "points": 0,
    "starting_trait": true,
    "purifiable": false,
    "player_display": false,
    "types": [ "facial_hair" ]
  },
  {
    "id": "forehair5red",
    "type": "mutation",
    "name": "红色胡须-短箱式",
    "description": "你的胡子是红色的。（络腮胡）",
    "points": 0,
    "starting_trait": true,
    "purifiable": false,
    "player_display": false,
    "types": [ "facial_hair" ]
  },
  {
    "id": "forehair6red",
    "type": "mutation",
    "name": "红色胡须-灵魂补丁式",
    "description": "你的胡子是红色的。（下嘴唇下一块方形）",
    "points": 0,
    "starting_trait": true,
    "purifiable": false,
    "player_display": false,
    "types": [ "facial_hair" ]
  },
  {
    "id": "forehair7red",
    "type": "mutation",
    "name": "红色胡须-山羊胡",
    "description": "你的胡子是红色的。（山羊胡）",
    "points": 0,
    "starting_trait": true,
    "purifiable": false,
    "player_display": false,
    "types": [ "facial_hair" ]
  },
  {
    "id": "forehair8red",
    "type": "mutation",
    "name": "红色胡须-小山羊胡",
    "description": "你的胡子是红色的。（小一号的山羊胡）",
    "points": 0,
    "starting_trait": true,
    "purifiable": false,
    "player_display": false,
    "types": [ "facial_hair" ]
  },
  {
    "id": "forehair9red",
    "type": "mutation",
    "name": "红色胡须-巴尔博式",
    "description": "你的胡子是红色的。（没连起来的络腮胡）",
    "points": 0,
    "starting_trait": true,
    "purifiable": false,
    "player_display": false,
    "types": [ "facial_hair" ]
  },
  {
    "id": "forehair10red",
    "type": "mutation",
    "name": "红色胡须-老荷兰式",
    "description": "你的胡子是红色的。（大胡子）",
    "points": 0,
    "starting_trait": true,
    "purifiable": false,
    "player_display": false,
    "types": [ "facial_hair" ]
  },
  {
    "id": "forehair1white",
    "type": "mutation",
    "name": "白色胡须-好莱坞式",
    "description": "你的胡子是白色的。（人中+络腮胡）",
    "points": 0,
    "starting_trait": true,
    "purifiable": false,
    "player_display": false,
    "types": [ "facial_hair" ]
  },
  {
    "id": "forehair2white",
    "type": "mutation",
    "name": "白色胡须-扎帕式",
    "description": "你的胡子是白色的。（嘴唇上下）",
    "points": 0,
    "starting_trait": true,
    "purifiable": false,
    "player_display": false,
    "types": [ "facial_hair" ]
  },
  {
    "id": "forehair3white",
    "type": "mutation",
    "name": "白色胡须-鸭尾式",
    "description": "你的胡子是白色的。（人中+大胡子）",
    "points": 0,
    "starting_trait": true,
    "purifiable": false,
    "player_display": false,
    "types": [ "facial_hair" ]
  },
  {
    "id": "forehair4white",
    "type": "mutation",
    "name": "白色胡须-铅笔式",
    "description": "你的胡子是白色的。（人中一字形）",
    "points": 0,
    "starting_trait": true,
    "purifiable": false,
    "player_display": false,
    "types": [ "facial_hair" ]
  },
  {
    "id": "forehair5white",
    "type": "mutation",
    "name": "白色胡须-短箱式",
    "description": "你的胡子是白色的。（络腮胡）",
    "points": 0,
    "starting_trait": true,
    "purifiable": false,
    "player_display": false,
    "types": [ "facial_hair" ]
  },
  {
    "id": "forehair6white",
    "type": "mutation",
    "name": "白色胡须-灵魂补丁式",
    "description": "你的胡子是白色的。（下嘴唇下一块方形）",
    "points": 0,
    "starting_trait": true,
    "purifiable": false,
    "player_display": false,
    "types": [ "facial_hair" ]
  },
  {
    "id": "forehair7white",
    "type": "mutation",
    "name": "白色胡须-山羊胡",
    "description": "你的胡子是白色的。（山羊胡）",
    "points": 0,
    "starting_trait": true,
    "purifiable": false,
    "player_display": false,
    "types": [ "facial_hair" ]
  },
  {
    "id": "forehair8white",
    "type": "mutation",
    "name": "白色胡须-小山羊胡",
    "description": "你的胡子是白色的。（小一号的山羊胡）",
    "points": 0,
    "starting_trait": true,
    "purifiable": false,
    "player_display": false,
    "types": [ "facial_hair" ]
  },
  {
    "id": "forehair9white",
    "type": "mutation",
    "name": "白色胡须-巴尔博式",
    "description": "你的胡子是白色的。（没连起来的络腮胡）",
    "points": 0,
    "starting_trait": true,
    "purifiable": false,
    "player_display": false,
    "types": [ "facial_hair" ]
  },
  {
    "id": "forehair10white",
    "type": "mutation",
    "name": "白色胡须-老荷兰式",
    "description": "你的胡子是白色的。（大胡子）",
    "points": 0,
    "starting_trait": true,
    "purifiable": false,
    "player_display": false,
    "types": [ "facial_hair" ]
  },
  {
    "id": "noforehair",
    "type": "mutation",
    "name": "无胡须",
    "description": "你没长胡子。",
    "points": 0,
    "starting_trait": true,
    "purifiable": false,
    "player_display": false,
    "types": [ "facial_hair" ]
  }
]
