[
  {
    "id": "forehair1black",
    "type": "mutation",
    "name": "Black Beard 1",
    "description": "Your natural beard colour is black.",
    "points": 0,
    "starting_trait": true,
    "purifiable": false,
    "player_display": false,
	"types": [ "facial_hair" ]
  },
  {
    "id": "forehair2black",
    "type": "mutation",
    "name": "Black Beard 2",
    "description": "Your natural beard colour is black.",
    "points": 0,
    "starting_trait": true,
    "purifiable": false,
    "player_display": false,
	"types": [ "facial_hair" ]
  },
  {
    "id": "forehair3black",
    "type": "mutation",
    "name": "Black Beard 3",
    "description": "Your natural beard colour is black.",
    "points": 0,
    "starting_trait": true,
    "purifiable": false,
    "player_display": false,
	"types": [ "facial_hair" ]
  },
  {
    "id": "forehair4black",
    "type": "mutation",
    "name": "Black Beard 4",
    "description": "Your natural beard colour is black.",
    "points": 0,
    "starting_trait": true,
    "purifiable": false,
    "player_display": false,
	"types": [ "facial_hair" ]
  },
  {
    "id": "forehair5black",
    "type": "mutation",
    "name": "Black Beard 5",
    "description": "Your natural beard colour is black.",
    "points": 0,
    "starting_trait": true,
    "purifiable": false,
    "player_display": false,
	"types": [ "facial_hair" ]
  },
  {
    "id": "forehair6black",
    "type": "mutation",
    "name": "Black Beard 6",
    "description": "Your natural beard colour is black.",
    "points": 0,
    "starting_trait": true,
    "purifiable": false,
    "player_display": false,
	"types": [ "facial_hair" ]
  },
  {
    "id": "forehair7black",
    "type": "mutation",
    "name": "Black Beard 7",
    "description": "Your natural beard colour is black.",
    "points": 0,
    "starting_trait": true,
    "purifiable": false,
    "player_display": false,
	"types": [ "facial_hair" ]
  },
  {
    "id": "forehair8black",
    "type": "mutation",
    "name": "Black Beard 8",
    "description": "Your natural beard colour is black.",
    "points": 0,
    "starting_trait": true,
    "purifiable": false,
    "player_display": false,
	"types": [ "facial_hair" ]
  },
  {
    "id": "forehair9black",
    "type": "mutation",
    "name": "Black Beard 9",
    "description": "Your natural beard colour is black.",
    "points": 0,
    "starting_trait": true,
    "purifiable": false,
    "player_display": false,
	"types": [ "facial_hair" ]
  },
  {
    "id": "forehair10black",
    "type": "mutation",
    "name": "Black Beard 10",
    "description": "Your natural beard colour is black.",
    "points": 0,
    "starting_trait": true,
    "purifiable": false,
    "player_display": false,
	"types": [ "facial_hair" ]
  },
  {
    "id": "forehair1blond",
    "type": "mutation",
    "name": "Blond Beard 1",
    "description": "Your natural beard colour is blond.",
    "points": 0,
    "starting_trait": true,
    "purifiable": false,
    "player_display": false,
	"types": [ "facial_hair" ]
  },
  {
    "id": "forehair2blond",
    "type": "mutation",
    "name": "Blond Beard 2",
    "description": "Your natural beard colour is blond.",
    "points": 0,
    "starting_trait": true,
    "purifiable": false,
    "player_display": false,
	"types": [ "facial_hair" ]
  },
  {
    "id": "forehair3blond",
    "type": "mutation",
    "name": "Blond Beard 3",
    "description": "Your natural beard colour is blond.",
    "points": 0,
    "starting_trait": true,
    "purifiable": false,
    "player_display": false,
	"types": [ "facial_hair" ]
  },
  {
    "id": "forehair4blond",
    "type": "mutation",
    "name": "Blond Beard 4",
    "description": "Your natural beard colour is blond.",
    "points": 0,
    "starting_trait": true,
    "purifiable": false,
    "player_display": false,
	"types": [ "facial_hair" ]
  },
  {
    "id": "forehair5blond",
    "type": "mutation",
    "name": "Blond Beard 5",
    "description": "Your natural beard colour is blond.",
    "points": 0,
    "starting_trait": true,
    "purifiable": false,
    "player_display": false,
	"types": [ "facial_hair" ]
  },
  {
    "id": "forehair6blond",
    "type": "mutation",
    "name": "Blond Beard 6",
    "description": "Your natural beard colour is blond.",
    "points": 0,
    "starting_trait": true,
    "purifiable": false,
    "player_display": false,
	"types": [ "facial_hair" ]
  },
  {
    "id": "forehair7blond",
    "type": "mutation",
    "name": "Blond Beard 7",
    "description": "Your natural beard colour is blond.",
    "points": 0,
    "starting_trait": true,
    "purifiable": false,
    "player_display": false,
	"types": [ "facial_hair" ]
  },
  {
    "id": "forehair8blond",
    "type": "mutation",
    "name": "Blond Beard 8",
    "description": "Your natural beard colour is blond.",
    "points": 0,
    "starting_trait": true,
    "purifiable": false,
    "player_display": false,
	"types": [ "facial_hair" ]
  },
  {
    "id": "forehair9blond",
    "type": "mutation",
    "name": "Blond Beard 9",
    "description": "Your natural beard colour is blond.",
    "points": 0,
    "starting_trait": true,
    "purifiable": false,
    "player_display": false,
	"types": [ "facial_hair" ]
  },
  {
    "id": "forehair10blond",
    "type": "mutation",
    "name": "Blond Beard 10",
    "description": "Your natural beard colour is blond.",
    "points": 0,
    "starting_trait": true,
    "purifiable": false,
    "player_display": false,
	"types": [ "facial_hair" ]
  },
  {
    "id": "forehair1brown",
    "type": "mutation",
    "name": "Brown Beard 1",
    "description": "Your natural beard colour is brown.",
    "points": 0,
    "starting_trait": true,
    "purifiable": false,
    "player_display": false,
	"types": [ "facial_hair" ]
  },
  {
    "id": "forehair2brown",
    "type": "mutation",
    "name": "Brown Beard 2",
    "description": "Your natural beard colour is brown.",
    "points": 0,
    "starting_trait": true,
    "purifiable": false,
    "player_display": false,
	"types": [ "facial_hair" ]
  },
  {
    "id": "forehair3brown",
    "type": "mutation",
    "name": "Brown Beard 3",
    "description": "Your natural beard colour is brown.",
    "points": 0,
    "starting_trait": true,
    "purifiable": false,
    "player_display": false,
	"types": [ "facial_hair" ]
  },
  {
    "id": "forehair4brown",
    "type": "mutation",
    "name": "Brown Beard 4",
    "description": "Your natural beard colour is brown.",
    "points": 0,
    "starting_trait": true,
    "purifiable": false,
    "player_display": false,
	"types": [ "facial_hair" ]
  },
  {
    "id": "forehair5brown",
    "type": "mutation",
    "name": "Brown Beard 5",
    "description": "Your natural beard colour is brown.",
    "points": 0,
    "starting_trait": true,
    "purifiable": false,
    "player_display": false,
	"types": [ "facial_hair" ]
  },
  {
    "id": "forehair6brown",
    "type": "mutation",
    "name": "Brown Beard 6",
    "description": "Your natural beard colour is brown.",
    "points": 0,
    "starting_trait": true,
    "purifiable": false,
    "player_display": false,
	"types": [ "facial_hair" ]
  },
  {
    "id": "forehair7brown",
    "type": "mutation",
    "name": "Brown Beard 7",
    "description": "Your natural beard colour is brown.",
    "points": 0,
    "starting_trait": true,
    "purifiable": false,
    "player_display": false,
	"types": [ "facial_hair" ]
  },
  {
    "id": "forehair8brown",
    "type": "mutation",
    "name": "Brown Beard 8",
    "description": "Your natural beard colour is brown.",
    "points": 0,
    "starting_trait": true,
    "purifiable": false,
    "player_display": false,
	"types": [ "facial_hair" ]
  },
  {
    "id": "forehair9brown",
    "type": "mutation",
    "name": "Brown Beard 9",
    "description": "Your natural beard colour is brown.",
    "points": 0,
    "starting_trait": true,
    "purifiable": false,
    "player_display": false,
	"types": [ "facial_hair" ]
  },
  {
    "id": "forehair10brown",
    "type": "mutation",
    "name": "Brown Beard 10",
    "description": "Your natural beard colour is brown.",
    "points": 0,
    "starting_trait": true,
    "purifiable": false,
    "player_display": false,
	"types": [ "facial_hair" ]
  },
  {
    "id": "forehair1gray",
    "type": "mutation",
    "name": "Gray Beard 1",
    "description": "Your natural beard colour is gray.",
    "points": 0,
    "starting_trait": true,
    "purifiable": false,
    "player_display": false,
    "types": [ "facial_hair" ]
  },
  {
    "id": "forehair2gray",
    "type": "mutation",
    "name": "Gray Beard 2",
    "description": "Your natural beard colour is gray.",
    "points": 0,
    "starting_trait": true,
    "purifiable": false,
    "player_display": false,
    "types": [ "facial_hair" ]
  },
  {
    "id": "forehair3gray",
    "type": "mutation",
    "name": "Gray Beard 3",
    "description": "Your natural beard colour is gray.",
    "points": 0,
    "starting_trait": true,
    "purifiable": false,
    "player_display": false,
    "types": [ "facial_hair" ]
  },
  {
    "id": "forehair4gray",
    "type": "mutation",
    "name": "Gray Beard 4",
    "description": "Your natural beard colour is gray.",
    "points": 0,
    "starting_trait": true,
    "purifiable": false,
    "player_display": false,
    "types": [ "facial_hair" ]
  },
  {
    "id": "forehair5gray",
    "type": "mutation",
    "name": "Gray Beard 5",
    "description": "Your natural beard colour is gray.",
    "points": 0,
    "starting_trait": true,
    "purifiable": false,
    "player_display": false,
    "types": [ "facial_hair" ]
  },
  {
    "id": "forehair6gray",
    "type": "mutation",
    "name": "Gray Beard 6",
    "description": "Your natural beard colour is gray.",
    "points": 0,
    "starting_trait": true,
    "purifiable": false,
    "player_display": false,
    "types": [ "facial_hair" ]
  },
  {
    "id": "forehair7gray",
    "type": "mutation",
    "name": "Gray Beard 7",
    "description": "Your natural beard colour is gray.",
    "points": 0,
    "starting_trait": true,
    "purifiable": false,
    "player_display": false,
    "types": [ "facial_hair" ]
  },
  {
    "id": "forehair8gray",
    "type": "mutation",
    "name": "Gray Beard 8",
    "description": "Your natural beard colour is gray.",
    "points": 0,
    "starting_trait": true,
    "purifiable": false,
    "player_display": false,
    "types": [ "facial_hair" ]
  },
  {
    "id": "forehair9gray",
    "type": "mutation",
    "name": "Gray Beard 9",
    "description": "Your natural beard colour is gray.",
    "points": 0,
    "starting_trait": true,
    "purifiable": false,
    "player_display": false,
    "types": [ "facial_hair" ]
  },
  {
    "id": "forehair10gray",
    "type": "mutation",
    "name": "Gray Beard 10",
    "description": "Your natural beard colour is gray.",
    "points": 0,
    "starting_trait": true,
    "purifiable": false,
    "player_display": false,
    "types": [ "facial_hair" ]
  },
  {
    "id": "forehair1pink",
    "type": "mutation",
    "name": "Pink Beard 1",
    "description": "Your natural beard colour is pink.",
    "points": 0,
    "starting_trait": true,
    "purifiable": false,
    "player_display": false,
    "types": [ "facial_hair" ]
  },
  {
    "id": "forehair2pink",
    "type": "mutation",
    "name": "Pink Beard 2",
    "description": "Your natural beard colour is pink.",
    "points": 0,
    "starting_trait": true,
    "purifiable": false,
    "player_display": false,
    "types": [ "facial_hair" ]
  },
  {
    "id": "forehair3pink",
    "type": "mutation",
    "name": "Pink Beard 3",
    "description": "Your natural beard colour is pink.",
    "points": 0,
    "starting_trait": true,
    "purifiable": false,
    "player_display": false,
    "types": [ "facial_hair" ]
  },
  {
    "id": "forehair4pink",
    "type": "mutation",
    "name": "Pink Beard 4",
    "description": "Your natural beard colour is pink.",
    "points": 0,
    "starting_trait": true,
    "purifiable": false,
    "player_display": false,
    "types": [ "facial_hair" ]
  },
  {
    "id": "forehair5pink",
    "type": "mutation",
    "name": "Pink Beard 5",
    "description": "Your natural beard colour is pink.",
    "points": 0,
    "starting_trait": true,
    "purifiable": false,
    "player_display": false,
    "types": [ "facial_hair" ]
  },
  {
    "id": "forehair6pink",
    "type": "mutation",
    "name": "Pink Beard 6",
    "description": "Your natural beard colour is pink.",
    "points": 0,
    "starting_trait": true,
    "purifiable": false,
    "player_display": false,
    "types": [ "facial_hair" ]
  },
  {
    "id": "forehair7pink",
    "type": "mutation",
    "name": "Pink Beard 7",
    "description": "Your natural beard colour is pink.",
    "points": 0,
    "starting_trait": true,
    "purifiable": false,
    "player_display": false,
    "types": [ "facial_hair" ]
  },
  {
    "id": "forehair8pink",
    "type": "mutation",
    "name": "Pink Beard 8",
    "description": "Your natural beard colour is pink.",
    "points": 0,
    "starting_trait": true,
    "purifiable": false,
    "player_display": false,
    "types": [ "facial_hair" ]
  },
  {
    "id": "forehair9pink",
    "type": "mutation",
    "name": "Pink Beard 9",
    "description": "Your natural beard colour is pink.",
    "points": 0,
    "starting_trait": true,
    "purifiable": false,
    "player_display": false,
    "types": [ "facial_hair" ]
  },
  {
    "id": "forehair10pink",
    "type": "mutation",
    "name": "Pink Beard 10",
    "description": "Your natural beard colour is pink.",
    "points": 0,
    "starting_trait": true,
    "purifiable": false,
    "player_display": false,
    "types": [ "facial_hair" ]
  },
  {
    "id": "forehair1red",
    "type": "mutation",
    "name": "Red Beard 1",
    "description": "Your natural beard colour is red.",
    "points": 0,
    "starting_trait": true,
    "purifiable": false,
    "player_display": false,
    "types": [ "facial_hair" ]
  },
  {
    "id": "forehair2red",
    "type": "mutation",
    "name": "Red Beard 2",
    "description": "Your natural beard colour is red.",
    "points": 0,
    "starting_trait": true,
    "purifiable": false,
    "player_display": false,
    "types": [ "facial_hair" ]
  },
  {
    "id": "forehair3red",
    "type": "mutation",
    "name": "Red Beard 3",
    "description": "Your natural beard colour is red.",
    "points": 0,
    "starting_trait": true,
    "purifiable": false,
    "player_display": false,
    "types": [ "facial_hair" ]
  },
  {
    "id": "forehair4red",
    "type": "mutation",
    "name": "Red Beard 4",
    "description": "Your natural beard colour is red.",
    "points": 0,
    "starting_trait": true,
    "purifiable": false,
    "player_display": false,
    "types": [ "facial_hair" ]
  },
  {
    "id": "forehair5red",
    "type": "mutation",
    "name": "Red Beard 5",
    "description": "Your natural beard colour is red.",
    "points": 0,
    "starting_trait": true,
    "purifiable": false,
    "player_display": false,
    "types": [ "facial_hair" ]
  },
  {
    "id": "forehair6red",
    "type": "mutation",
    "name": "Red Beard 6",
    "description": "Your natural beard colour is red.",
    "points": 0,
    "starting_trait": true,
    "purifiable": false,
    "player_display": false,
    "types": [ "facial_hair" ]
  },
  {
    "id": "forehair7red",
    "type": "mutation",
    "name": "Red Beard 7",
    "description": "Your natural beard colour is red.",
    "points": 0,
    "starting_trait": true,
    "purifiable": false,
    "player_display": false,
    "types": [ "facial_hair" ]
  },
  {
    "id": "forehair8red",
    "type": "mutation",
    "name": "Red Beard 8",
    "description": "Your natural beard colour is red.",
    "points": 0,
    "starting_trait": true,
    "purifiable": false,
    "player_display": false,
    "types": [ "facial_hair" ]
  },
  {
    "id": "forehair9red",
    "type": "mutation",
    "name": "Red Beard 9",
    "description": "Your natural beard colour is red.",
    "points": 0,
    "starting_trait": true,
    "purifiable": false,
    "player_display": false,
    "types": [ "facial_hair" ]
  },
  {
    "id": "forehair10red",
    "type": "mutation",
    "name": "Red Beard 10",
    "description": "Your natural beard colour is red.",
    "points": 0,
    "starting_trait": true,
    "purifiable": false,
    "player_display": false,
    "types": [ "facial_hair" ]
  },
  {
    "id": "forehair1white",
    "type": "mutation",
    "name": "White Beard 1",
    "description": "Your natural beard colour is white.",
    "points": 0,
    "starting_trait": true,
    "purifiable": false,
    "player_display": false,
    "types": [ "facial_hair" ]
  },
  {
    "id": "forehair2white",
    "type": "mutation",
    "name": "White Beard 2",
    "description": "Your natural beard colour is white.",
    "points": 0,
    "starting_trait": true,
    "purifiable": false,
    "player_display": false,
    "types": [ "facial_hair" ]
  },
  {
    "id": "forehair3white",
    "type": "mutation",
    "name": "White Beard 3",
    "description": "Your natural beard colour is white.",
    "points": 0,
    "starting_trait": true,
    "purifiable": false,
    "player_display": false,
    "types": [ "facial_hair" ]
  },
  {
    "id": "forehair4white",
    "type": "mutation",
    "name": "White Beard 4",
    "description": "Your natural beard colour is white.",
    "points": 0,
    "starting_trait": true,
    "purifiable": false,
    "player_display": false,
    "types": [ "facial_hair" ]
  },
  {
    "id": "forehair5white",
    "type": "mutation",
    "name": "White Beard 5",
    "description": "Your natural beard colour is white.",
    "points": 0,
    "starting_trait": true,
    "purifiable": false,
    "player_display": false,
    "types": [ "facial_hair" ]
  },
  {
    "id": "forehair6white",
    "type": "mutation",
    "name": "White Beard 6",
    "description": "Your natural beard colour is white.",
    "points": 0,
    "starting_trait": true,
    "purifiable": false,
    "player_display": false,
    "types": [ "facial_hair" ]
  },
  {
    "id": "forehair7white",
    "type": "mutation",
    "name": "White Beard 7",
    "description": "Your natural beard colour is white.",
    "points": 0,
    "starting_trait": true,
    "purifiable": false,
    "player_display": false,
    "types": [ "facial_hair" ]
  },
  {
    "id": "forehair8white",
    "type": "mutation",
    "name": "White Beard 8",
    "description": "Your natural beard colour is white.",
    "points": 0,
    "starting_trait": true,
    "purifiable": false,
    "player_display": false,
    "types": [ "facial_hair" ]
  },
  {
    "id": "forehair9white",
    "type": "mutation",
    "name": "White Beard 9",
    "description": "Your natural beard colour is white.",
    "points": 0,
    "starting_trait": true,
    "purifiable": false,
    "player_display": false,
    "types": [ "facial_hair" ]
  },
  {
    "id": "forehair10white",
    "type": "mutation",
    "name": "White Beard 10",
    "description": "Your natural beard colour is white.",
    "points": 0,
    "starting_trait": true,
    "purifiable": false,
    "player_display": false,
    "types": [ "facial_hair" ]
  },
  {
    "id": "noforehair",
    "type": "mutation",
    "name": "No Beard",
    "description": "You do not have a beard.",
    "points": 0,
    "starting_trait": true,
    "purifiable": false,
    "player_display": false,
    "types": [ "facial_hair" ]
  }
]
