[
  {
    "id": "EYE_BLUE",
    "type": "mutation",
    "name": "蓝色眼睛",
    "description": "你的眼睛是蓝色的。",
    "points": 0,
    "starting_trait": true,
    "purifiable": false,
	"player_display": false,
    "types": [ "eye_color" ]
  },
  {
    "id": "EYE_BROWN",
    "type": "mutation",
    "name": "棕色眼睛",
    "description": "你的眼睛是棕色的。",
    "points": 0,
    "starting_trait": true,
    "purifiable": false,
	"player_display": false,
    "types": [ "eye_color" ]
  },
  {
    "id": "EYE_GRAY",
    "type": "mutation",
    "name": "灰色眼睛",
    "description": "你的眼睛是灰色的。",
    "points": 0,
    "starting_trait": true,
    "purifiable": false,
	"player_display": false,
    "types": [ "eye_color" ]
  },
  {
    "id": "EYE_GREEN",
    "type": "mutation",
    "name": "绿色眼睛",
    "description": "你的眼睛是绿色的。",
    "points": 0,
    "starting_trait": true,
    "purifiable": false,
	"player_display": false,
    "types": [ "eye_color" ]
  },
  {
    "id": "EYE_RED",
    "type": "mutation",
    "name": "红色眼睛",
    "description": "你戴着红色美瞳。",
    "points": 0,
    "starting_trait": true,
    "purifiable": false,
	"player_display": false,
    "types": [ "eye_color" ]
  },
  {
    "id": "EYE_YELLOW",
    "type": "mutation",
    "name": "黄色眼睛",
    "description": "你戴着黄色美瞳。",
    "points": 0,
    "starting_trait": true,
    "purifiable": false,
	"player_display": false,
    "types": [ "eye_color" ]
  }
]
