[
  {
    "id": "EYE_BLUE",
    "type": "mutation",
    "name": "Blue Eyes",
    "description": "Your natural eye colour is blue.",
    "points": 0,
    "starting_trait": true,
    "purifiable": false,
	"player_display": false,
    "types": [ "eye_color" ]
  },
  {
    "id": "EYE_BROWN",
    "type": "mutation",
    "name": "Brown Eyes",
    "description": "Your natural eye colour is brown.",
    "points": 0,
    "starting_trait": true,
    "purifiable": false,
	"player_display": false,
    "types": [ "eye_color" ]
  },
  {
    "id": "EYE_GRAY",
    "type": "mutation",
    "name": "Gray Eyes",
    "description": "Your natural eye colour is gray.",
    "points": 0,
    "starting_trait": true,
    "purifiable": false,
	"player_display": false,
    "types": [ "eye_color" ]
  },
  {
    "id": "EYE_GREEN",
    "type": "mutation",
    "name": "Green Eyes",
    "description": "Your natural eye colour is green.",
    "points": 0,
    "starting_trait": true,
    "purifiable": false,
	"player_display": false,
    "types": [ "eye_color" ]
  },
  {
    "id": "EYE_RED",
    "type": "mutation",
    "name": "Red Eyes",
    "description": "You have on red coloured contacts.",
    "points": 0,
    "starting_trait": true,
    "purifiable": false,
	"player_display": false,
    "types": [ "eye_color" ]
  },
  {
    "id": "EYE_YELLOW",
    "type": "mutation",
    "name": "Yellow Eyes",
    "description": "You have on yellow coloured contacts.",
    "points": 0,
    "starting_trait": true,
    "purifiable": false,
	"player_display": false,
    "types": [ "eye_color" ]
  }
]
