[
  {
    "id": "DENSE_FRECKLES",
    "type": "mutation",
    "name": "Dense Freckles",
    "description": "Your face has a lot of freckles.",
    "points": 0,
    "starting_trait": true,
    "purifiable": false,
    "player_display": false,
    "types": [ "skin_freckles" ]
  },
  {
    "id": "LIGHT_FRECKLES",
    "type": "mutation",
    "name": "Light Freckles",
    "description": "Your face has some light freckles.",
    "points": 0,
    "starting_trait": true,
    "purifiable": false,
    "player_display": false,
    "types": [ "skin_freckles" ]
  }
]
