[
  {
    "id": "DENSE_FRECKLES",
    "type": "mutation",
    "name": "雀斑",
    "description": "你的脸上长满了雀斑。",
    "points": 0,
    "starting_trait": true,
    "purifiable": false,
    "player_display": false,
    "types": [ "skin_freckles" ]
  },
  {
    "id": "LIGHT_FRECKLES",
    "type": "mutation",
    "name": "浅色雀斑",
    "description": "你的脸上长了一些浅色的雀斑。",
    "points": 0,
    "starting_trait": true,
    "purifiable": false,
    "player_display": false,
    "types": [ "skin_freckles" ]
  }
]
