[
  {
    "id": "HAIR_BLACK",
    "type": "mutation",
    "name": "Black Hair 1",
    "description": "Your natural hair colour is black. M: SHORT F: LONG",
    "points": 0,
    "starting_trait": true,
    "purifiable": false,
    "player_display": false,
    "flags": [ "hair_black" ],
	"types": [ "hair_style" ]
  },
  {
    "id": "hair2black",
    "type": "mutation",
    "name": "Black Hair 2",
    "description": "Your natural hair colour is black. F: SHORT",
    "points": 0,
    "starting_trait": true,
    "purifiable": false,
    "player_display": false,
    "flags": [ "hair_black" ],
	"types": [ "hair_style" ]
  },
  {
    "id": "hair3black",
    "type": "mutation",
    "name": "Black Hair 3",
    "description": "Your natural hair colour is black.",
    "points": 0,
    "starting_trait": true,
    "purifiable": false,
    "player_display": false,
    "flags": [ "hair_black" ],
	"types": [ "hair_style" ]
  },
  {
    "id": "hair4black",
    "type": "mutation",
    "name": "Black Hair 4",
    "description": "Your natural hair colour is black. M: CREWCUT",
    "points": 0,
    "starting_trait": true,
    "purifiable": false,
    "player_display": false,
    "flags": [ "hair_black" ],
	"types": [ "hair_style" ]
  },
  {
    "id": "hair5black",
    "type": "mutation",
    "name": "Black Hair 5",
    "description": "Your natural hair colour is black. MOHAWK",
    "points": 0,
    "starting_trait": true,
    "purifiable": false,
    "player_display": false,
    "flags": [ "hair_black" ],
	"types": [ "hair_style" ]
  },
  {
    "id": "hair6black",
    "type": "mutation",
    "name": "Black Hair 6",
    "description": "Your natural hair colour is black. F: MEDIUM",
    "points": 0,
    "starting_trait": true,
    "purifiable": false,
    "player_display": false,
    "flags": [ "hair_black" ],
	"types": [ "hair_style" ]
  },
  {
    "id": "hair7black",
    "type": "mutation",
    "name": "Black Hair 7",
    "description": "Your natural hair colour is black.",
    "points": 0,
    "starting_trait": true,
    "purifiable": false,
    "player_display": false,
    "flags": [ "hair_black" ],
	"types": [ "hair_style" ]
  },
  {
    "id": "hair8black",
    "type": "mutation",
    "name": "Black Hair 8",
    "description": "Your natural hair colour is black. M: MEDIUM",
    "points": 0,
    "starting_trait": true,
    "purifiable": false,
    "player_display": false,
    "flags": [ "hair_black" ],
	"types": [ "hair_style" ]
  },
  {
    "id": "hair9black",
    "type": "mutation",
    "name": "Black Hair 9",
    "description": "Your natural hair colour is black. FRO",
    "points": 0,
    "starting_trait": true,
    "purifiable": false,
    "player_display": false,
    "flags": [ "hair_black" ],
	"types": [ "hair_style" ]
  },
  {
    "id": "hair10black",
    "type": "mutation",
    "name": "Black Hair 10",
    "description": "Your natural hair colour is black.",
    "points": 0,
    "starting_trait": true,
    "purifiable": false,
    "player_display": false,
    "flags": [ "hair_black" ],
	"types": [ "hair_style" ]
  },
  {
    "id": "HAIR_BLONDE",
    "type": "mutation",
    "name": "Blond Hair 1",
    "description": "Your natural hair colour is blond. M: SHORT F: LONG",
    "points": 0,
    "starting_trait": true,
    "purifiable": false,
    "player_display": false,
    "flags": [ "hair_blond" ],
	"types": [ "hair_style" ]
  },
  {
    "id": "hair2blond",
    "type": "mutation",
    "name": "Blond Hair 2",
    "description": "Your natural hair colour is blond. F: SHORT",
    "points": 0,
    "starting_trait": true,
    "purifiable": false,
    "player_display": false,
    "flags": [ "hair_blond" ],
	"types": [ "hair_style" ]
  },
  {
    "id": "hair3blond",
    "type": "mutation",
    "name": "Blond Hair 3",
    "description": "Your natural hair colour is blond.",
    "points": 0,
    "starting_trait": true,
    "purifiable": false,
    "player_display": false,
    "flags": [ "hair_blond" ],
	"types": [ "hair_style" ]
  },
  {
    "id": "hair4blond",
    "type": "mutation",
    "name": "Blond Hair 4",
    "description": "Your natural hair colour is blond. M: CREWCUT",
    "points": 0,
    "starting_trait": true,
    "purifiable": false,
    "player_display": false,
    "flags": [ "hair_blond" ],
	"types": [ "hair_style" ]
  },
  {
    "id": "hair5blond",
    "type": "mutation",
    "name": "Blond Hair 5",
    "description": "Your natural hair colour is blond. MOHAWK",
    "points": 0,
    "starting_trait": true,
    "purifiable": false,
    "player_display": false,
    "flags": [ "hair_blond" ],
	"types": [ "hair_style" ]
  },
  {
    "id": "hair6blond",
    "type": "mutation",
    "name": "Blond Hair 6",
    "description": "Your natural hair colour is blond. F: MEDIUM",
    "points": 0,
    "starting_trait": true,
    "purifiable": false,
    "player_display": false,
    "flags": [ "hair_blond" ],
	"types": [ "hair_style" ]
  },
  {
    "id": "hair7blond",
    "type": "mutation",
    "name": "Blond Hair 7",
    "description": "Your natural hair colour is blond.",
    "points": 0,
    "starting_trait": true,
    "purifiable": false,
    "player_display": false,
    "flags": [ "hair_blond" ],
	"types": [ "hair_style" ]
  },
  {
    "id": "hair8blond",
    "type": "mutation",
    "name": "Blond Hair 8",
    "description": "Your natural hair colour is blond. M: MEDIUM",
    "points": 0,
    "starting_trait": true,
    "purifiable": false,
    "player_display": false,
    "flags": [ "hair_blond" ],
	"types": [ "hair_style" ]
  },
  {
    "id": "hair9blond",
    "type": "mutation",
    "name": "Blond Hair 9",
    "description": "Your natural hair colour is blond. FRO",
    "points": 0,
    "starting_trait": true,
    "purifiable": false,
    "player_display": false,
    "flags": [ "hair_blond" ],
	"types": [ "hair_style" ]
  },
  {
    "id": "hair10blond",
    "type": "mutation",
    "name": "Blond Hair 10",
    "description": "Your natural hair colour is blond.",
    "points": 0,
    "starting_trait": true,
    "purifiable": false,
    "player_display": false,
    "flags": [ "hair_blond" ],
	"types": [ "hair_style" ]
  },
  {
    "id": "HAIR_BROWN",
    "type": "mutation",
    "name": "Brown Hair 1",
    "description": "Your natural hair colour is brown. M: SHORT F: LONG",
    "points": 0,
    "starting_trait": true,
    "purifiable": false,
    "player_display": false,
    "flags": [ "hair_brown" ],
	"types": [ "hair_style" ]
  },
  {
    "id": "hair2brown",
    "type": "mutation",
    "name": "Brown Hair 2",
    "description": "Your natural hair colour is brown. F: SHORT",
    "points": 0,
    "starting_trait": true,
    "purifiable": false,
    "player_display": false,
    "flags": [ "hair_brown" ],
	"types": [ "hair_style" ]
  },
  {
    "id": "hair3brown",
    "type": "mutation",
    "name": "Brown Hair 3",
    "description": "Your natural hair colour is brown.",
    "points": 0,
    "starting_trait": true,
    "purifiable": false,
    "player_display": false,
    "flags": [ "hair_brown" ],
	"types": [ "hair_style" ]
  },
  {
    "id": "hair4brown",
    "type": "mutation",
    "name": "Brown Hair 4",
    "description": "Your natural hair colour is brown. M: CREWCUT",
    "points": 0,
    "starting_trait": true,
    "purifiable": false,
    "player_display": false,
    "flags": [ "hair_brown" ],
	"types": [ "hair_style" ]
  },
  {
    "id": "hair5brown",
    "type": "mutation",
    "name": "Brown Hair 5",
    "description": "Your natural hair colour is brown. MOHAWK",
    "points": 0,
    "starting_trait": true,
    "purifiable": false,
    "player_display": false,
    "flags": [ "hair_brown" ],
	"types": [ "hair_style" ]
  },
  {
    "id": "hair6brown",
    "type": "mutation",
    "name": "Brown Hair 6",
    "description": "Your natural hair colour is brown. F: MEDIUM",
    "points": 0,
    "starting_trait": true,
    "purifiable": false,
    "player_display": false,
    "flags": [ "hair_brown" ],
	"types": [ "hair_style" ]
  },
  {
    "id": "hair7brown",
    "type": "mutation",
    "name": "Brown Hair 7",
    "description": "Your natural hair colour is brown.",
    "points": 0,
    "starting_trait": true,
    "purifiable": false,
    "player_display": false,
    "flags": [ "hair_brown" ],
	"types": [ "hair_style" ]
  },
  {
    "id": "hair8brown",
    "type": "mutation",
    "name": "Brown Hair 8",
    "description": "Your natural hair colour is brown. M: MEDIUM",
    "points": 0,
    "starting_trait": true,
    "purifiable": false,
    "player_display": false,
    "flags": [ "hair_brown" ],
	"types": [ "hair_style" ]
  },
  {
    "id": "hair9brown",
    "type": "mutation",
    "name": "Brown Hair 9",
    "description": "Your natural hair colour is brown. FRO",
    "points": 0,
    "starting_trait": true,
    "purifiable": false,
    "player_display": false,
    "flags": [ "hair_brown" ],
	"types": [ "hair_style" ]
  },
  {
    "id": "hair10brown",
    "type": "mutation",
    "name": "Brown Hair 10",
    "description": "Your natural hair colour is brown.",
    "points": 0,
    "starting_trait": true,
    "purifiable": false,
    "player_display": false,
    "flags": [ "hair_brown" ],
	"types": [ "hair_style" ]
  },
  {
    "id": "HAIR_GRAY",
    "type": "mutation",
    "name": "Gray Hair 1",
    "description": "Your natural hair colour is gray. M: SHORT F: LONG",
    "points": 0,
    "starting_trait": true,
    "purifiable": false,
    "player_display": false,
    "flags": [ "hair_gray" ],
	"types": [ "hair_style" ]
  },
  {
    "id": "hair2gray",
    "type": "mutation",
    "name": "Gray Hair 2",
    "description": "Your natural hair colour is gray. F: SHORT",
    "points": 0,
    "starting_trait": true,
    "purifiable": false,
    "player_display": false,
    "flags": [ "hair_gray" ],
	"types": [ "hair_style" ]
  },
  {
    "id": "hair3gray",
    "type": "mutation",
    "name": "Gray Hair 3",
    "description": "Your natural hair colour is gray.",
    "points": 0,
    "starting_trait": true,
    "purifiable": false,
    "player_display": false,
    "flags": [ "hair_gray" ],
	"types": [ "hair_style" ]
  },
  {
    "id": "hair4gray",
    "type": "mutation",
    "name": "Gray Hair 4",
    "description": "Your natural hair colour is gray. M: CREWCUT",
    "points": 0,
    "starting_trait": true,
    "purifiable": false,
    "player_display": false,
    "flags": [ "hair_gray" ],
	"types": [ "hair_style" ]
  },
  {
    "id": "hair5gray",
    "type": "mutation",
    "name": "Gray Hair 5",
    "description": "Your natural hair colour is gray. MOHAWK",
    "points": 0,
    "starting_trait": true,
    "purifiable": false,
    "player_display": false,
    "flags": [ "hair_gray" ],
	"types": [ "hair_style" ]
  },
  {
    "id": "hair6gray",
    "type": "mutation",
    "name": "Gray Hair 6",
    "description": "Your natural hair colour is gray. F: MEDIUM",
    "points": 0,
    "starting_trait": true,
    "purifiable": false,
    "player_display": false,
    "flags": [ "hair_gray" ],
	"types": [ "hair_style" ]
  },
  {
    "id": "hair7gray",
    "type": "mutation",
    "name": "Gray Hair 7",
    "description": "Your natural hair colour is gray.",
    "points": 0,
    "starting_trait": true,
    "purifiable": false,
    "player_display": false,
    "flags": [ "hair_gray" ],
	"types": [ "hair_style" ]
  },
  {
    "id": "hair8gray",
    "type": "mutation",
    "name": "Gray Hair 8",
    "description": "Your natural hair colour is gray. M: MEDIUM",
    "points": 0,
    "starting_trait": true,
    "purifiable": false,
    "player_display": false,
    "flags": [ "hair_gray" ],
	"types": [ "hair_style" ]
  },
  {
    "id": "hair9gray",
    "type": "mutation",
    "name": "Gray Hair 9",
    "description": "Your natural hair colour is gray. FRO",
    "points": 0,
    "starting_trait": true,
    "purifiable": false,
    "player_display": false,
    "flags": [ "hair_gray" ],
	"types": [ "hair_style" ]
  },
  {
    "id": "hair10gray",
    "type": "mutation",
    "name": "Gray Hair 10",
    "description": "Your natural hair colour is gray.",
    "points": 0,
    "starting_trait": true,
    "purifiable": false,
    "player_display": false,
    "flags": [ "hair_gray" ],
	"types": [ "hair_style" ]
  },
  {
    "id": "HAIR_PINK",
    "type": "mutation",
    "name": "Pink Hair 1",
    "description": "Your hair is dyed pink.",
    "points": 0,
    "starting_trait": true,
    "purifiable": false,
    "player_display": false,
    "flags": [ "hair_pink" ],
	"types": [ "hair_style" ]
  },
  {
    "id": "hair2pink",
    "type": "mutation",
    "name": "Pink Hair 2",
    "description": "Your hair is dyed pink.",
    "points": 0,
    "starting_trait": true,
    "purifiable": false,
    "player_display": false,
    "flags": [ "hair_pink" ],
	"types": [ "hair_style" ]
  },
  {
    "id": "hair3pink",
    "type": "mutation",
    "name": "Pink Hair 3",
    "description": "Your hair is dyed pink.",
    "points": 0,
    "starting_trait": true,
    "purifiable": false,
    "player_display": false,
    "flags": [ "hair_pink" ],
	"types": [ "hair_style" ]
  },
  {
    "id": "hair4pink",
    "type": "mutation",
    "name": "Pink Hair 4",
    "description": "Your hair is dyed pink.",
    "points": 0,
    "starting_trait": true,
    "purifiable": false,
    "player_display": false,
    "flags": [ "hair_pink" ],
	"types": [ "hair_style" ]
  },
  {
    "id": "hair5pink",
    "type": "mutation",
    "name": "Pink Hair 5",
    "description": "Your hair is dyed pink.",
    "points": 0,
    "starting_trait": true,
    "purifiable": false,
    "player_display": false,
    "flags": [ "hair_pink" ],
	"types": [ "hair_style" ]
  },
  {
    "id": "hair6pink",
    "type": "mutation",
    "name": "Pink Hair 6",
    "description": "Your hair is dyed pink.",
    "points": 0,
    "starting_trait": true,
    "purifiable": false,
    "player_display": false,
    "flags": [ "hair_pink" ],
	"types": [ "hair_style" ]
  },
  {
    "id": "hair7pink",
    "type": "mutation",
    "name": "Pink Hair 7",
    "description": "Your hair is dyed pink.",
    "points": 0,
    "starting_trait": true,
    "purifiable": false,
    "player_display": false,
    "flags": [ "hair_pink" ],
	"types": [ "hair_style" ]
  },
  {
    "id": "hair8pink",
    "type": "mutation",
    "name": "Pink Hair 8",
    "description": "Your hair is dyed pink.",
    "points": 0,
    "starting_trait": true,
    "purifiable": false,
    "player_display": false,
    "flags": [ "hair_pink" ],
	"types": [ "hair_style" ]
  },
  {
    "id": "hair9pink",
    "type": "mutation",
    "name": "Pink Hair 9",
    "description": "Your hair is dyed pink.",
    "points": 0,
    "starting_trait": true,
    "purifiable": false,
    "player_display": false,
    "flags": [ "hair_pink" ],
	"types": [ "hair_style" ]
  },
  {
    "id": "hair10pink",
    "type": "mutation",
    "name": "Pink Hair 10",
    "description": "Your hair is dyed pink.",
    "points": 0,
    "starting_trait": true,
    "purifiable": false,
    "player_display": false,
    "flags": [ "hair_pink" ],
	"types": [ "hair_style" ]
  },
  {
    "id": "HAIR_RED",
    "type": "mutation",
    "name": "Red Hair 1",
    "description": "Your natural hair colour is red. M: SHORT F: LONG",
    "points": 0,
    "starting_trait": true,
    "purifiable": false,
    "player_display": false,
    "flags": [ "hair_red" ],
	"types": [ "hair_style" ]
  },
  {
    "id": "hair2red",
    "type": "mutation",
    "name": "Red Hair 2",
    "description": "Your natural hair colour is red. F: SHORT",
    "points": 0,
    "starting_trait": true,
    "purifiable": false,
    "player_display": false,
    "flags": [ "hair_red" ],
	"types": [ "hair_style" ]
  },
  {
    "id": "hair3red",
    "type": "mutation",
    "name": "Red Hair 3",
    "description": "Your natural hair colour is red.",
    "points": 0,
    "starting_trait": true,
    "purifiable": false,
    "player_display": false,
    "flags": [ "hair_red" ],
	"types": [ "hair_style" ]
  },
  {
    "id": "hair4red",
    "type": "mutation",
    "name": "Red Hair 4",
    "description": "Your natural hair colour is red. M: CREWCUT",
    "points": 0,
    "starting_trait": true,
    "purifiable": false,
    "player_display": false,
    "flags": [ "hair_red" ],
	"types": [ "hair_style" ]
  },
  {
    "id": "hair5red",
    "type": "mutation",
    "name": "Red Hair 5",
    "description": "Your natural hair colour is red. MOHAWK",
    "points": 0,
    "starting_trait": true,
    "purifiable": false,
    "player_display": false,
    "flags": [ "hair_red" ],
	"types": [ "hair_style" ]
  },
  {
    "id": "hair6red",
    "type": "mutation",
    "name": "Red Hair 6",
    "description": "Your natural hair colour is red. F: MEDIUM",
    "points": 0,
    "starting_trait": true,
    "purifiable": false,
    "player_display": false,
    "flags": [ "hair_red" ],
	"types": [ "hair_style" ]
  },
  {
    "id": "hair7red",
    "type": "mutation",
    "name": "Red Hair 7",
    "description": "Your natural hair colour is red.",
    "points": 0,
    "starting_trait": true,
    "purifiable": false,
    "player_display": false,
    "flags": [ "hair_red" ],
	"types": [ "hair_style" ]
  },
  {
    "id": "hair8red",
    "type": "mutation",
    "name": "Red Hair 8",
    "description": "Your natural hair colour is red. M: MEDIUM",
    "points": 0,
    "starting_trait": true,
    "purifiable": false,
    "player_display": false,
    "flags": [ "hair_red" ],
	"types": [ "hair_style" ]
  },
  {
    "id": "hair9red",
    "type": "mutation",
    "name": "Red Hair 9",
    "description": "Your natural hair colour is red. FRO",
    "points": 0,
    "starting_trait": true,
    "purifiable": false,
    "player_display": false,
    "flags": [ "hair_red" ],
	"types": [ "hair_style" ]
  },
  {
    "id": "hair10red",
    "type": "mutation",
    "name": "Red Hair 10",
    "description": "Your natural hair colour is red.",
    "points": 0,
    "starting_trait": true,
    "purifiable": false,
    "player_display": false,
    "flags": [ "hair_red" ],
	"types": [ "hair_style" ]
  },
  {
    "id": "HAIR_WHITE",
    "type": "mutation",
    "name": "White Hair 1",
    "description": "Your natural hair colour is white. M: SHORT F: LONG",
    "points": 0,
    "starting_trait": true,
    "purifiable": false,
    "player_display": false,
    "flags": [ "hair_white" ],
	"types": [ "hair_style" ]
  },
  {
    "id": "hair2white",
    "type": "mutation",
    "name": "White Hair 2",
    "description": "Your natural hair colour is white. F: SHORT",
    "points": 0,
    "starting_trait": true,
    "purifiable": false,
    "player_display": false,
    "flags": [ "hair_white" ],
	"types": [ "hair_style" ]
  },
  {
    "id": "hair3white",
    "type": "mutation",
    "name": "White Hair 3",
    "description": "Your natural hair colour is white.",
    "points": 0,
    "starting_trait": true,
    "purifiable": false,
    "player_display": false,
    "flags": [ "hair_white" ],
	"types": [ "hair_style" ]
  },
  {
    "id": "hair4white",
    "type": "mutation",
    "name": "White Hair 4",
    "description": "Your natural hair colour is white. M: CREWCUT",
    "points": 0,
    "starting_trait": true,
    "purifiable": false,
    "player_display": false,
    "flags": [ "hair_white" ],
	"types": [ "hair_style" ]
  },
  {
    "id": "hair5white",
    "type": "mutation",
    "name": "White Hair 5",
    "description": "Your natural hair colour is white. MOHAWK",
    "points": 0,
    "starting_trait": true,
    "purifiable": false,
    "player_display": false,
    "flags": [ "hair_white" ],
	"types": [ "hair_style" ]
  },
  {
    "id": "hair6white",
    "type": "mutation",
    "name": "White Hair 6",
    "description": "Your natural hair colour is white. F: MEDIUM",
    "points": 0,
    "starting_trait": true,
    "purifiable": false,
    "player_display": false,
    "flags": [ "hair_white" ],
	"types": [ "hair_style" ]
  },
  {
    "id": "hair7white",
    "type": "mutation",
    "name": "White Hair 7",
    "description": "Your natural hair colour is white.",
    "points": 0,
    "starting_trait": true,
    "purifiable": false,
    "player_display": false,
    "flags": [ "hair_white" ],
	"types": [ "hair_style" ]
  },
  {
    "id": "hair8white",
    "type": "mutation",
    "name": "White Hair 8",
    "description": "Your natural hair colour is white. M: MEDIUM",
    "points": 0,
    "starting_trait": true,
    "purifiable": false,
    "player_display": false,
    "flags": [ "hair_white" ],
	"types": [ "hair_style" ]
  },
  {
    "id": "hair9white",
    "type": "mutation",
    "name": "White Hair 9",
    "description": "Your natural hair colour is white. FRO",
    "points": 0,
    "starting_trait": true,
    "purifiable": false,
    "player_display": false,
    "flags": [ "hair_white" ],
	"types": [ "hair_style" ]
  },
  {
    "id": "hair10white",
    "type": "mutation",
    "name": "White Hair 10",
    "description": "Your natural hair colour is white.",
    "points": 0,
    "starting_trait": true,
    "purifiable": false,
    "player_display": false,
    "flags": [ "hair_white" ],
	"types": [ "hair_style" ]
  }
]
