[
  {
    "id": "HAIR_BLACK",
    "type": "mutation",
    "name": "黑色头发-标准",
    "description": "你的头发是黑色的。 （男：毛寸短发  女：长直发+刘海）",
    "points": 0,
    "starting_trait": true,
    "purifiable": false,
    "player_display": false,
    "flags": [ "hair_black" ],
	"types": [ "hair_style" ]
  },
  {
    "id": "hair2black",
    "type": "mutation",
    "name": "黑色头发2",
    "description": "你的头发是黑色的。 （男：碎发+斜刘海  女：学生头）",
    "points": 0,
    "starting_trait": true,
    "purifiable": false,
    "player_display": false,
    "flags": [ "hair_black" ],
	"types": [ "hair_style" ]
  },
  {
    "id": "hair3black",
    "type": "mutation",
    "name": "黑色头发3",
    "description": "你的头发是黑色的。（男：大背头 女：中长纵卷发）",
    "points": 0,
    "starting_trait": true,
    "purifiable": false,
    "player_display": false,
    "flags": [ "hair_black" ],
	"types": [ "hair_style" ]
  },
  {
    "id": "hair4black",
    "type": "mutation",
    "name": "黑色头发4",
    "description": "你的头发是黑色的。 （男：飞机头  女：飞机头）",
    "points": 0,
    "starting_trait": true,
    "purifiable": false,
    "player_display": false,
    "flags": [ "hair_black" ],
	"types": [ "hair_style" ]
  },
  {
    "id": "hair5black",
    "type": "mutation",
    "name": "黑色头发5",
    "description": "你的头发是黑色的。 （男：板寸  女：平头）",
    "points": 0,
    "starting_trait": true,
    "purifiable": false,
    "player_display": false,
    "flags": [ "hair_black" ],
	"types": [ "hair_style" ]
  },
  {
    "id": "hair6black",
    "type": "mutation",
    "name": "黑色头发6",
    "description": "你的头发是黑色的。 （男：牛粪头  女：齐耳短发+斜刘海）",
    "points": 0,
    "starting_trait": true,
    "purifiable": false,
    "player_display": false,
    "flags": [ "hair_black" ],
	"types": [ "hair_style" ]
  },
  {
    "id": "hair7black",
    "type": "mutation",
    "name": "黑色头发7",
    "description": "你的头发是黑色的。（男：子弹头  女：波波头）",
    "points": 0,
    "starting_trait": true,
    "purifiable": false,
    "player_display": false,
    "flags": [ "hair_black" ],
	"types": [ "hair_style" ]
  },
  {
    "id": "hair8black",
    "type": "mutation",
    "name": "黑色头发8",
    "description": "你的头发是黑色的。 （男：长发 女：蘑菇头）",
    "points": 0,
    "starting_trait": true,
    "purifiable": false,
    "player_display": false,
    "flags": [ "hair_black" ],
	"types": [ "hair_style" ]
  },
  {
    "id": "hair9black",
    "type": "mutation",
    "name": "黑色头发9",
    "description": "你的头发是黑色的。 （（男：中分  女：短发）",
    "points": 0,
    "starting_trait": true,
    "purifiable": false,
    "player_display": false,
    "flags": [ "hair_black" ],
	"types": [ "hair_style" ]
  },
  {
    "id": "hair10black",
    "type": "mutation",
    "name": "黑色头发10",
    "description": "你的头发是黑色的。（男：中长发  女：长发）",
    "points": 0,
    "starting_trait": true,
    "purifiable": false,
    "player_display": false,
    "flags": [ "hair_black" ],
	"types": [ "hair_style" ]
  },
  {
    "id": "HAIR_BLONDE",
    "type": "mutation",
    "name": "金色头发1",
    "description": "你的头发是金色的。 （男：毛寸短发  女：长直发+刘海）",
    "points": 0,
    "starting_trait": true,
    "purifiable": false,
    "player_display": false,
    "flags": [ "hair_blond" ],
	"types": [ "hair_style" ]
  },
  {
    "id": "hair2blond",
    "type": "mutation",
    "name": "金色头发2",
    "description": "你的头发是金色的。 （男：碎发+斜刘海  女：学生头）",
    "points": 0,
    "starting_trait": true,
    "purifiable": false,
    "player_display": false,
    "flags": [ "hair_blond" ],
	"types": [ "hair_style" ]
  },
  {
    "id": "hair3blond",
    "type": "mutation",
    "name": "金色头发3",
    "description": "你的头发是金色的。（男：大背头 女：中长纵卷发）",
    "points": 0,
    "starting_trait": true,
    "purifiable": false,
    "player_display": false,
    "flags": [ "hair_blond" ],
	"types": [ "hair_style" ]
  },
  {
    "id": "hair4blond",
    "type": "mutation",
    "name": "金色头发4",
    "description": "你的头发是金色的。 （男：飞机头  女：飞机头）",
    "points": 0,
    "starting_trait": true,
    "purifiable": false,
    "player_display": false,
    "flags": [ "hair_blond" ],
	"types": [ "hair_style" ]
  },
  {
    "id": "hair5blond",
    "type": "mutation",
    "name": "金色头发5",
    "description": "你的头发是金色的。 （男：板寸  女：平头）",
    "points": 0,
    "starting_trait": true,
    "purifiable": false,
    "player_display": false,
    "flags": [ "hair_blond" ],
	"types": [ "hair_style" ]
  },
  {
    "id": "hair6blond",
    "type": "mutation",
    "name": "金色头发6",
    "description": "你的头发是金色的。 （男：牛粪头  女：齐耳短发+斜刘海）",
    "points": 0,
    "starting_trait": true,
    "purifiable": false,
    "player_display": false,
    "flags": [ "hair_blond" ],
	"types": [ "hair_style" ]
  },
  {
    "id": "hair7blond",
    "type": "mutation",
    "name": "金色头发7",
    "description": "你的头发是金色的。（男：子弹头  女：波波头）",
    "points": 0,
    "starting_trait": true,
    "purifiable": false,
    "player_display": false,
    "flags": [ "hair_blond" ],
	"types": [ "hair_style" ]
  },
  {
    "id": "hair8blond",
    "type": "mutation",
    "name": "金色头发8",
    "description": "你的头发是金色的。 （男：长发 女：蘑菇头）",
    "points": 0,
    "starting_trait": true,
    "purifiable": false,
    "player_display": false,
    "flags": [ "hair_blond" ],
	"types": [ "hair_style" ]
  },
  {
    "id": "hair9blond",
    "type": "mutation",
    "name": "金色头发9",
    "description": "你的头发是金色的。（男：中分  女：短发） ",
    "points": 0,
    "starting_trait": true,
    "purifiable": false,
    "player_display": false,
    "flags": [ "hair_blond" ],
	"types": [ "hair_style" ]
  },
  {
    "id": "hair10blond",
    "type": "mutation",
    "name": "金色头发10",
    "description": "你的头发是金色的。（男：中长发  女：长发）",
    "points": 0,
    "starting_trait": true,
    "purifiable": false,
    "player_display": false,
    "flags": [ "hair_blond" ],
	"types": [ "hair_style" ]
  },
  {
    "id": "HAIR_BROWN",
    "type": "mutation",
    "name": "棕色头发1",
    "description": "你的头发是棕色的。 （男：毛寸短发  女：长直发+刘海）",
    "points": 0,
    "starting_trait": true,
    "purifiable": false,
    "player_display": false,
    "flags": [ "hair_brown" ],
	"types": [ "hair_style" ]
  },
  {
    "id": "hair2brown",
    "type": "mutation",
    "name": "棕色头发2",
    "description": "你的头发是棕色的。 （男：碎发+斜刘海  女：学生头）",
    "points": 0,
    "starting_trait": true,
    "purifiable": false,
    "player_display": false,
    "flags": [ "hair_brown" ],
	"types": [ "hair_style" ]
  },
  {
    "id": "hair3brown",
    "type": "mutation",
    "name": "棕色头发3",
    "description": "你的头发是棕色的。（男：大背头 女：中长纵卷发）",
    "points": 0,
    "starting_trait": true,
    "purifiable": false,
    "player_display": false,
    "flags": [ "hair_brown" ],
	"types": [ "hair_style" ]
  },
  {
    "id": "hair4brown",
    "type": "mutation",
    "name": "棕色头发4",
    "description": "你的头发是棕色的。 （男：飞机头  女：飞机头）",
    "points": 0,
    "starting_trait": true,
    "purifiable": false,
    "player_display": false,
    "flags": [ "hair_brown" ],
	"types": [ "hair_style" ]
  },
  {
    "id": "hair5brown",
    "type": "mutation",
    "name": "棕色头发5",
    "description": "你的头发是棕色的。 （男：板寸  女：平头）",
    "points": 0,
    "starting_trait": true,
    "purifiable": false,
    "player_display": false,
    "flags": [ "hair_brown" ],
	"types": [ "hair_style" ]
  },
  {
    "id": "hair6brown",
    "type": "mutation",
    "name": "棕色头发6",
    "description": "你的头发是棕色的。 （男：牛粪头  女：齐耳短发+斜刘海）",
    "points": 0,
    "starting_trait": true,
    "purifiable": false,
    "player_display": false,
    "flags": [ "hair_brown" ],
	"types": [ "hair_style" ]
  },
  {
    "id": "hair7brown",
    "type": "mutation",
    "name": "棕色头发7",
    "description": "你的头发是棕色的。（男：子弹头  女：波波头）",
    "points": 0,
    "starting_trait": true,
    "purifiable": false,
    "player_display": false,
    "flags": [ "hair_brown" ],
	"types": [ "hair_style" ]
  },
  {
    "id": "hair8brown",
    "type": "mutation",
    "name": "棕色头发8",
    "description": "你的头发是棕色的。 （男：长发 女：蘑菇头）",
    "points": 0,
    "starting_trait": true,
    "purifiable": false,
    "player_display": false,
    "flags": [ "hair_brown" ],
	"types": [ "hair_style" ]
  },
  {
    "id": "hair9brown",
    "type": "mutation",
    "name": "棕色头发9",
    "description": "你的头发是棕色的。 （（男：中分  女：短发）",
    "points": 0,
    "starting_trait": true,
    "purifiable": false,
    "player_display": false,
    "flags": [ "hair_brown" ],
	"types": [ "hair_style" ]
  },
  {
    "id": "hair10brown",
    "type": "mutation",
    "name": "棕色头发10",
    "description": "你的头发是棕色的。（男：中长发  女：长发）",
    "points": 0,
    "starting_trait": true,
    "purifiable": false,
    "player_display": false,
    "flags": [ "hair_brown" ],
	"types": [ "hair_style" ]
  },
  {
    "id": "HAIR_GRAY",
    "type": "mutation",
    "name": "灰色头发1",
    "description": "你的头发是灰色的。 （男：毛寸短发  女：长直发+刘海）",
    "points": 0,
    "starting_trait": true,
    "purifiable": false,
    "player_display": false,
    "flags": [ "hair_gray" ],
	"types": [ "hair_style" ]
  },
  {
    "id": "hair2gray",
    "type": "mutation",
    "name": "灰色头发2",
    "description": "你的头发是灰色的。 （男：碎发+斜刘海  女：学生头）",
    "points": 0,
    "starting_trait": true,
    "purifiable": false,
    "player_display": false,
    "flags": [ "hair_gray" ],
	"types": [ "hair_style" ]
  },
  {
    "id": "hair3gray",
    "type": "mutation",
    "name": "灰色头发3",
    "description": "你的头发是灰色的。（男：大背头 女：中长纵卷发）",
    "points": 0,
    "starting_trait": true,
    "purifiable": false,
    "player_display": false,
    "flags": [ "hair_gray" ],
	"types": [ "hair_style" ]
  },
  {
    "id": "hair4gray",
    "type": "mutation",
    "name": "灰色头发4",
    "description": "你的头发是灰色的。 （男：飞机头  女：飞机头）",
    "points": 0,
    "starting_trait": true,
    "purifiable": false,
    "player_display": false,
    "flags": [ "hair_gray" ],
	"types": [ "hair_style" ]
  },
  {
    "id": "hair5gray",
    "type": "mutation",
    "name": "灰色头发5",
    "description": "你的头发是灰色的。 （男：板寸  女：平头）",
    "points": 0,
    "starting_trait": true,
    "purifiable": false,
    "player_display": false,
    "flags": [ "hair_gray" ],
	"types": [ "hair_style" ]
  },
  {
    "id": "hair6gray",
    "type": "mutation",
    "name": "灰色头发6",
    "description": "你的头发是灰色的。 （男：牛粪头  女：齐耳短发+斜刘海）",
    "points": 0,
    "starting_trait": true,
    "purifiable": false,
    "player_display": false,
    "flags": [ "hair_gray" ],
	"types": [ "hair_style" ]
  },
  {
    "id": "hair7gray",
    "type": "mutation",
    "name": "灰色头发7",
    "description": "你的头发是灰色的。（男：子弹头  女：波波头）",
    "points": 0,
    "starting_trait": true,
    "purifiable": false,
    "player_display": false,
    "flags": [ "hair_gray" ],
	"types": [ "hair_style" ]
  },
  {
    "id": "hair8gray",
    "type": "mutation",
    "name": "灰色头发8",
    "description": "你的头发是灰色的。 （男：长发 女：蘑菇头）",
    "points": 0,
    "starting_trait": true,
    "purifiable": false,
    "player_display": false,
    "flags": [ "hair_gray" ],
	"types": [ "hair_style" ]
  },
  {
    "id": "hair9gray",
    "type": "mutation",
    "name": "灰色头发9",
    "description": "你的头发是灰色的。 （男：中分  女：短发）",
    "points": 0,
    "starting_trait": true,
    "purifiable": false,
    "player_display": false,
    "flags": [ "hair_gray" ],
	"types": [ "hair_style" ]
  },
  {
    "id": "hair10gray",
    "type": "mutation",
    "name": "灰色头发10",
    "description": "你的头发是灰色的。（男：中长发  女：长发）",
    "points": 0,
    "starting_trait": true,
    "purifiable": false,
    "player_display": false,
    "flags": [ "hair_gray" ],
	"types": [ "hair_style" ]
  },
  {
    "id": "HAIR_PINK",
    "type": "mutation",
    "name": "粉色头发1",
    "description": "你的头发被染成粉色。（男：毛寸短发  女：长直发+刘海）",
    "points": 0,
    "starting_trait": true,
    "purifiable": false,
    "player_display": false,
    "flags": [ "hair_pink" ],
	"types": [ "hair_style" ]
  },
  {
    "id": "hair2pink",
    "type": "mutation",
    "name": "粉色头发2",
    "description": "你的头发被染成粉色。（男：碎发+斜刘海  女：学生头）",
    "points": 0,
    "starting_trait": true,
    "purifiable": false,
    "player_display": false,
    "flags": [ "hair_pink" ],
	"types": [ "hair_style" ]
  },
  {
    "id": "hair3pink",
    "type": "mutation",
    "name": "粉色头发3",
    "description": "你的头发被染成粉色。（男：大背头 女：中长纵卷发）",
    "points": 0,
    "starting_trait": true,
    "purifiable": false,
    "player_display": false,
    "flags": [ "hair_pink" ],
	"types": [ "hair_style" ]
  },
  {
    "id": "hair4pink",
    "type": "mutation",
    "name": "粉色头发4",
    "description": "你的头发被染成粉色。（男：飞机头  女：飞机头）",
    "points": 0,
    "starting_trait": true,
    "purifiable": false,
    "player_display": false,
    "flags": [ "hair_pink" ],
	"types": [ "hair_style" ]
  },
  {
    "id": "hair5pink",
    "type": "mutation",
    "name": "粉色头发5",
    "description": "你的头发被染成粉色。（男：板寸  女：平头）",
    "points": 0,
    "starting_trait": true,
    "purifiable": false,
    "player_display": false,
    "flags": [ "hair_pink" ],
	"types": [ "hair_style" ]
  },
  {
    "id": "hair6pink",
    "type": "mutation",
    "name": "粉色头发6",
    "description": "你的头发被染成粉色。（男：牛粪头  女：齐耳短发+斜刘海）",
    "points": 0,
    "starting_trait": true,
    "purifiable": false,
    "player_display": false,
    "flags": [ "hair_pink" ],
	"types": [ "hair_style" ]
  },
  {
    "id": "hair7pink",
    "type": "mutation",
    "name": "粉色头发7",
    "description": "你的头发被染成粉色。（男：子弹头  女：波波头）",
    "points": 0,
    "starting_trait": true,
    "purifiable": false,
    "player_display": false,
    "flags": [ "hair_pink" ],
	"types": [ "hair_style" ]
  },
  {
    "id": "hair8pink",
    "type": "mutation",
    "name": "粉色头发8",
    "description": "你的头发被染成粉色。（男：长发 女：蘑菇头）",
    "points": 0,
    "starting_trait": true,
    "purifiable": false,
    "player_display": false,
    "flags": [ "hair_pink" ],
	"types": [ "hair_style" ]
  },
  {
    "id": "hair9pink",
    "type": "mutation",
    "name": "粉色头发9",
    "description": "你的头发被染成粉色。（男：中分  女：短发）",
    "points": 0,
    "starting_trait": true,
    "purifiable": false,
    "player_display": false,
    "flags": [ "hair_pink" ],
	"types": [ "hair_style" ]
  },
  {
    "id": "hair10pink",
    "type": "mutation",
    "name": "粉色头发10",
    "description": "你的头发被染成粉色。（男：中长发  女：长发）",
    "points": 0,
    "starting_trait": true,
    "purifiable": false,
    "player_display": false,
    "flags": [ "hair_pink" ],
	"types": [ "hair_style" ]
  },
  {
    "id": "HAIR_RED",
    "type": "mutation",
    "name": "红色头发1",
    "description": "你的头发是红色的。 （男：毛寸短发  女：长直发+刘海）",
    "points": 0,
    "starting_trait": true,
    "purifiable": false,
    "player_display": false,
    "flags": [ "hair_red" ],
	"types": [ "hair_style" ]
  },
  {
    "id": "hair2red",
    "type": "mutation",
    "name": "红色头发2",
    "description": "你的头发是红色的。 （男：碎发+斜刘海  女：学生头）",
    "points": 0,
    "starting_trait": true,
    "purifiable": false,
    "player_display": false,
    "flags": [ "hair_red" ],
	"types": [ "hair_style" ]
  },
  {
    "id": "hair3red",
    "type": "mutation",
    "name": "红色头发3",
    "description": "你的头发是红色的。（男：大背头 女：中长纵卷发）",
    "points": 0,
    "starting_trait": true,
    "purifiable": false,
    "player_display": false,
    "flags": [ "hair_red" ],
	"types": [ "hair_style" ]
  },
  {
    "id": "hair4red",
    "type": "mutation",
    "name": "红色头发4",
    "description": "你的头发是红色的。 （男：飞机头  女：飞机头）",
    "points": 0,
    "starting_trait": true,
    "purifiable": false,
    "player_display": false,
    "flags": [ "hair_red" ],
	"types": [ "hair_style" ]
  },
  {
    "id": "hair5red",
    "type": "mutation",
    "name": "红色头发5",
    "description": "你的头发是红色的。 （男：板寸  女：平头）",
    "points": 0,
    "starting_trait": true,
    "purifiable": false,
    "player_display": false,
    "flags": [ "hair_red" ],
	"types": [ "hair_style" ]
  },
  {
    "id": "hair6red",
    "type": "mutation",
    "name": "红色头发6",
    "description": "你的头发是红色的。 （男：牛粪头  女：齐耳短发+斜刘海）",
    "points": 0,
    "starting_trait": true,
    "purifiable": false,
    "player_display": false,
    "flags": [ "hair_red" ],
	"types": [ "hair_style" ]
  },
  {
    "id": "hair7red",
    "type": "mutation",
    "name": "红色头发7",
    "description": "你的头发是红色的。（男：子弹头  女：波波头）",
    "points": 0,
    "starting_trait": true,
    "purifiable": false,
    "player_display": false,
    "flags": [ "hair_red" ],
	"types": [ "hair_style" ]
  },
  {
    "id": "hair8red",
    "type": "mutation",
    "name": "红色头发8",
    "description": "你的头发是红色的。 （男：长发 女：蘑菇头）",
    "points": 0,
    "starting_trait": true,
    "purifiable": false,
    "player_display": false,
    "flags": [ "hair_red" ],
	"types": [ "hair_style" ]
  },
  {
    "id": "hair9red",
    "type": "mutation",
    "name": "红色头发9",
    "description": "你的头发是红色的。 （男：中分  女：短发）",
    "points": 0,
    "starting_trait": true,
    "purifiable": false,
    "player_display": false,
    "flags": [ "hair_red" ],
	"types": [ "hair_style" ]
  },
  {
    "id": "hair10red",
    "type": "mutation",
    "name": "红色头发10",
    "description": "你的头发是红色的。（男：中长发  女：长发）",
    "points": 0,
    "starting_trait": true,
    "purifiable": false,
    "player_display": false,
    "flags": [ "hair_red" ],
	"types": [ "hair_style" ]
  },
  {
    "id": "HAIR_WHITE",
    "type": "mutation",
    "name": "白色头发1",
    "description": "你的头发是白色的。 （男：毛寸短发  女：长直发+刘海）",
    "points": 0,
    "starting_trait": true,
    "purifiable": false,
    "player_display": false,
    "flags": [ "hair_white" ],
	"types": [ "hair_style" ]
  },
  {
    "id": "hair2white",
    "type": "mutation",
    "name": "白色头发2",
    "description": "你的头发是白色的。 （男：碎发+斜刘海  女：学生头）",
    "points": 0,
    "starting_trait": true,
    "purifiable": false,
    "player_display": false,
    "flags": [ "hair_white" ],
	"types": [ "hair_style" ]
  },
  {
    "id": "hair3white",
    "type": "mutation",
    "name": "白色头发3",
    "description": "你的头发是白色的。（男：大背头 女：中长纵卷发）",
    "points": 0,
    "starting_trait": true,
    "purifiable": false,
    "player_display": false,
    "flags": [ "hair_white" ],
	"types": [ "hair_style" ]
  },
  {
    "id": "hair4white",
    "type": "mutation",
    "name": "白色头发4",
    "description": "你的头发是白色的。 （男：飞机头  女：飞机头）",
    "points": 0,
    "starting_trait": true,
    "purifiable": false,
    "player_display": false,
    "flags": [ "hair_white" ],
	"types": [ "hair_style" ]
  },
  {
    "id": "hair5white",
    "type": "mutation",
    "name": "白色头发5",
    "description": "你的头发是白色的。 （男：板寸  女：平头）",
    "points": 0,
    "starting_trait": true,
    "purifiable": false,
    "player_display": false,
    "flags": [ "hair_white" ],
	"types": [ "hair_style" ]
  },
  {
    "id": "hair6white",
    "type": "mutation",
    "name": "白色头发6",
    "description": "你的头发是白色的。 （男：牛粪头  女：齐耳短发+斜刘海）",
    "points": 0,
    "starting_trait": true,
    "purifiable": false,
    "player_display": false,
    "flags": [ "hair_white" ],
	"types": [ "hair_style" ]
  },
  {
    "id": "hair7white",
    "type": "mutation",
    "name": "白色头发7",
    "description": "你的头发是白色的。（男：子弹头  女：波波头）",
    "points": 0,
    "starting_trait": true,
    "purifiable": false,
    "player_display": false,
    "flags": [ "hair_white" ],
	"types": [ "hair_style" ]
  },
  {
    "id": "hair8white",
    "type": "mutation",
    "name": "白色头发8",
    "description": "你的头发是白色的。 （男：长发 女：蘑菇头）",
    "points": 0,
    "starting_trait": true,
    "purifiable": false,
    "player_display": false,
    "flags": [ "hair_white" ],
	"types": [ "hair_style" ]
  },
  {
    "id": "hair9white",
    "type": "mutation",
    "name": "白色头发9",
    "description": "你的头发是白色的。 （男：中分  女：短发）",
    "points": 0,
    "starting_trait": true,
    "purifiable": false,
    "player_display": false,
    "flags": [ "hair_white" ],
	"types": [ "hair_style" ]
  },
  {
    "id": "hair10white",
    "type": "mutation",
    "name": "白色头发10",
    "description": "你的头发是白色的。（男：中长发  女：长发）",
    "points": 0,
    "starting_trait": true,
    "purifiable": false,
    "player_display": false,
    "flags": [ "hair_white" ],
	"types": [ "hair_style" ]
  }
]
