[
  {
    "id": "EYE_BLUE_JP",
    "type": "mutation",
    "name": "可爱浅蓝色眼睛",
    "description": "你戴着可爱的浅蓝色美瞳。 ~Kawaii~",
    "points": 0,
    "starting_trait": false,
    "purifiable": false,
    "player_display": false,
	"types": "eye_color",
    "cancels": [
      "EYE_BLUE", "EYE_BLUE_JP_2",
      "EYE_BROWN", "EYE_BROWN_JP", "EYE_BROWN_JP_2",
      "EYE_GRAY", "EYE_GRAY_JP", "EYE_GRAY_JP_2",
      "EYE_GREEN", "EYE_GREEN_JP", "EYE_GREEN_JP_2",
      "EYE_PURPLE_JP", "EYE_PURPLE_JP_2",
      "EYE_RED", "EYE_RED_JP", "EYE_RED_JP_2",
      "EYE_YELLOW", "EYE_YELLOW_JP", "EYE_YELLOW_JP_2",
      "PALE", "SKIN_DARK", "SKIN_LIGHT", "SKIN_MEDIUM", "SKIN_PINK", "SKIN_TAN"
    ]
  },
  {
    "id": "EYE_BLUE_JP_2",
    "type": "mutation",
    "name": "可爱深蓝色眼睛",
    "description": "你戴着可爱的深蓝色美瞳。 ~Kawaii~",
    "points": 0,
    "starting_trait": false,
    "purifiable": false,
    "player_display": false,
	"types": "eye_color",
    "cancels": [
      "EYE_BLUE", "EYE_BLUE_JP",
      "EYE_BROWN", "EYE_BROWN_JP", "EYE_BROWN_JP_2",
      "EYE_GRAY", "EYE_GRAY_JP", "EYE_GRAY_JP_2",
      "EYE_GREEN", "EYE_GREEN_JP", "EYE_GREEN_JP_2",
      "EYE_PURPLE_JP", "EYE_PURPLE_JP_2",
      "EYE_RED", "EYE_RED_JP", "EYE_RED_JP_2",
      "EYE_YELLOW", "EYE_YELLOW_JP", "EYE_YELLOW_JP_2",
      "PALE", "SKIN_DARK", "SKIN_LIGHT", "SKIN_MEDIUM", "SKIN_PINK", "SKIN_TAN"
    ]
  },
  {
    "id": "EYE_BROWN_JP",
    "type": "mutation",
    "name": "可爱浅棕色眼睛",
    "description": "你戴着可爱的浅棕色美瞳。~Kawaii~",
    "points": 0,
    "starting_trait": false,
    "purifiable": false,
    "player_display": false,
	"types": "eye_color",
    "cancels": [
      "EYE_BLUE", "EYE_BLUE_JP", "EYE_BLUE_JP_2",
      "EYE_BROWN", "EYE_BROWN_JP_2",
      "EYE_GRAY", "EYE_GRAY_JP", "EYE_GRAY_JP_2",
      "EYE_GREEN", "EYE_GREEN_JP", "EYE_GREEN_JP_2",
      "EYE_PURPLE_JP", "EYE_PURPLE_JP_2",
      "EYE_RED", "EYE_RED_JP", "EYE_RED_JP_2",
      "EYE_YELLOW", "EYE_YELLOW_JP", "EYE_YELLOW_JP_2",
      "PALE", "SKIN_DARK", "SKIN_LIGHT", "SKIN_MEDIUM", "SKIN_PINK", "SKIN_TAN"
    ]
  },
  {
    "id": "EYE_BROWN_JP_2",
    "type": "mutation",
    "name": "可爱深棕色眼睛",
    "description": "你戴着可爱的深棕色美瞳。~Kawaii~",
    "points": 0,
    "starting_trait": false,
    "purifiable": false,
    "player_display": false,
	"types": "eye_color",
    "cancels": [
      "EYE_BLUE", "EYE_BLUE_JP", "EYE_BLUE_JP_2",
      "EYE_BROWN", "EYE_BROWN_JP",
      "EYE_GRAY", "EYE_GRAY_JP", "EYE_GRAY_JP_2",
      "EYE_GREEN", "EYE_GREEN_JP", "EYE_GREEN_JP_2",
      "EYE_PURPLE_JP", "EYE_PURPLE_JP_2",
      "EYE_RED", "EYE_RED_JP", "EYE_RED_JP_2",
      "EYE_YELLOW", "EYE_YELLOW_JP", "EYE_YELLOW_JP_2",
      "PALE", "SKIN_DARK", "SKIN_LIGHT", "SKIN_MEDIUM", "SKIN_PINK", "SKIN_TAN"
    ]
  },
  {
    "id": "EYE_GRAY_JP",
    "type": "mutation",
    "name": "可爱浅灰色眼睛",
    "description": "你戴着可爱的浅灰色美瞳。 ~Kawaii~",
    "points": 0,
    "starting_trait": false,
    "purifiable": false,
    "player_display": false,
	"types": "eye_color",
    "cancels": [
      "EYE_BLUE", "EYE_BLUE_JP", "EYE_BLUE_JP_2",
      "EYE_BROWN", "EYE_BROWN_JP", "EYE_BROWN_JP_2",
      "EYE_GRAY", "EYE_GRAY_JP_2",
      "EYE_GREEN", "EYE_GREEN_JP", "EYE_GREEN_JP_2",
      "EYE_PURPLE_JP", "EYE_PURPLE_JP_2",
      "EYE_RED", "EYE_RED_JP", "EYE_RED_JP_2",
      "EYE_YELLOW", "EYE_YELLOW_JP", "EYE_YELLOW_JP_2",
      "PALE", "SKIN_DARK", "SKIN_LIGHT", "SKIN_MEDIUM", "SKIN_PINK", "SKIN_TAN"
    ]
  },
  {
    "id": "EYE_GRAY_JP_2",
    "type": "mutation",
    "name": "可爱深灰色眼睛",
    "description": "你戴着可爱的深灰色美瞳。 ~Kawaii~",
    "points": 0,
    "starting_trait": false,
    "purifiable": false,
    "player_display": false,
	"types": "eye_color",
    "cancels": [
      "EYE_BLUE", "EYE_BLUE_JP", "EYE_BLUE_JP_2",
      "EYE_BROWN", "EYE_BROWN_JP", "EYE_BROWN_JP_2",
      "EYE_GRAY", "EYE_GRAY_JP",
      "EYE_GREEN", "EYE_GREEN_JP", "EYE_GREEN_JP_2",
      "EYE_PURPLE_JP", "EYE_PURPLE_JP_2",
      "EYE_RED", "EYE_RED_JP", "EYE_RED_JP_2",
      "EYE_YELLOW", "EYE_YELLOW_JP", "EYE_YELLOW_JP_2",
      "PALE", "SKIN_DARK", "SKIN_LIGHT", "SKIN_MEDIUM", "SKIN_PINK", "SKIN_TAN"
    ]
  },
  {
    "id": "EYE_GREEN_JP",
    "type": "mutation",
    "name": "可爱浅绿色眼睛",
    "description": "你戴着可爱的浅绿色美瞳。 ~Kawaii~",
    "points": 0,
    "starting_trait": false,
    "purifiable": false,
    "player_display": false,
	"types": "eye_color",
    "cancels": [
      "EYE_BLUE", "EYE_BLUE_JP", "EYE_BLUE_JP_2",
      "EYE_BROWN", "EYE_BROWN_JP", "EYE_BROWN_JP_2",
      "EYE_GRAY", "EYE_GRAY_JP", "EYE_GRAY_JP_2",
      "EYE_GREEN", "EYE_GREEN_JP_2",
      "EYE_PURPLE_JP", "EYE_PURPLE_JP_2",
      "EYE_RED", "EYE_RED_JP", "EYE_RED_JP_2",
      "EYE_YELLOW", "EYE_YELLOW_JP", "EYE_YELLOW_JP_2",
      "PALE", "SKIN_DARK", "SKIN_LIGHT", "SKIN_MEDIUM", "SKIN_PINK", "SKIN_TAN"
    ]
  },
  {
    "id": "EYE_GREEN_JP_2",
    "type": "mutation",
    "name": "可爱深绿色眼睛",
    "description": "你戴着可爱的深绿色美瞳。 ~Kawaii~",
    "points": 0,
    "starting_trait": false,
    "purifiable": false,
    "player_display": false,
	"types": "eye_color",
    "cancels": [
      "EYE_BLUE", "EYE_BLUE_JP", "EYE_BLUE_JP_2",
      "EYE_BROWN", "EYE_BROWN_JP", "EYE_BROWN_JP_2",
      "EYE_GRAY", "EYE_GRAY_JP", "EYE_GRAY_JP_2",
      "EYE_GREEN", "EYE_GREEN_JP",
      "EYE_PURPLE_JP", "EYE_PURPLE_JP_2",
      "EYE_RED", "EYE_RED_JP", "EYE_RED_JP_2",
      "EYE_YELLOW", "EYE_YELLOW_JP", "EYE_YELLOW_JP_2",
      "PALE", "SKIN_DARK", "SKIN_LIGHT", "SKIN_MEDIUM", "SKIN_PINK", "SKIN_TAN"
    ]
  },
  {
    "id": "EYE_PURPLE_JP",
    "type": "mutation",
    "name": "可爱浅紫色眼睛",
    "description": "你戴着可爱的浅紫色美瞳。 ~Kawaii~",
    "points": 0,
    "starting_trait": false,
    "purifiable": false,
    "player_display": false,
	"types": "eye_color",
    "cancels": [
      "EYE_BLUE", "EYE_BLUE_JP", "EYE_BLUE_JP_2",
      "EYE_BROWN", "EYE_BROWN_JP", "EYE_BROWN_JP_2",
      "EYE_GRAY", "EYE_GRAY_JP", "EYE_GRAY_JP_2",
      "EYE_GREEN", "EYE_GREEN_JP", "EYE_GREEN_JP_2",
      "EYE_PURPLE_JP_2",
      "EYE_RED", "EYE_RED_JP", "EYE_RED_JP_2",
      "EYE_YELLOW", "EYE_YELLOW_JP", "EYE_YELLOW_JP_2",
      "PALE", "SKIN_DARK", "SKIN_LIGHT", "SKIN_MEDIUM", "SKIN_PINK", "SKIN_TAN"
    ]
  },
  {
    "id": "EYE_PURPLE_JP_2",
    "type": "mutation",
    "name": "可爱深紫色眼睛",
    "description": "你戴着可爱的浅紫色美瞳。 ~Kawaii~",
    "points": 0,
    "starting_trait": false,
    "purifiable": false,
    "player_display": false,
	"types": "eye_color",
    "cancels": [
      "EYE_BLUE", "EYE_BLUE_JP", "EYE_BLUE_JP_2",
      "EYE_BROWN", "EYE_BROWN_JP", "EYE_BROWN_JP_2",
      "EYE_GRAY", "EYE_GRAY_JP", "EYE_GRAY_JP_2",
      "EYE_GREEN", "EYE_GREEN_JP", "EYE_GREEN_JP_2",
      "EYE_PURPLE_JP",
      "EYE_RED", "EYE_RED_JP", "EYE_RED_JP_2",
      "EYE_YELLOW", "EYE_YELLOW_JP", "EYE_YELLOW_JP_2",
      "PALE", "SKIN_DARK", "SKIN_LIGHT", "SKIN_MEDIUM", "SKIN_PINK", "SKIN_TAN"
    ]
  },
  {
    "id": "EYE_RED_JP",
    "type": "mutation",
    "name": "可爱浅红色眼睛",
    "description": "你戴着可爱的浅红色美瞳。 ~Kawaii~",
    "points": 0,
    "starting_trait": false,
    "purifiable": false,
	"player_display": false,
	"types": "eye_color",
    "cancels": [
      "EYE_BLUE", "EYE_BLUE_JP", "EYE_BLUE_JP_2",
      "EYE_BROWN", "EYE_BROWN_JP", "EYE_BROWN_JP_2",
      "EYE_GRAY", "EYE_GRAY_JP", "EYE_GRAY_JP_2",
      "EYE_GREEN", "EYE_GREEN_JP", "EYE_GREEN_JP_2",
      "EYE_PURPLE_JP", "EYE_PURPLE_JP_2",
      "EYE_RED", "EYE_RED_JP_2",
      "EYE_YELLOW", "EYE_YELLOW_JP", "EYE_YELLOW_JP_2",
      "PALE", "SKIN_DARK", "SKIN_LIGHT", "SKIN_MEDIUM", "SKIN_PINK", "SKIN_TAN"
    ]
  },
  {
    "id": "EYE_RED_JP_2",
    "type": "mutation",
    "name": "可爱深红色眼睛",
    "description": "你戴着可爱的深红色美瞳。 ~Kawaii~",
    "points": 0,
    "starting_trait": false,
    "purifiable": false,
	"player_display": false,
	"types": "eye_color",
    "cancels": [
      "EYE_BLUE", "EYE_BLUE_JP", "EYE_BLUE_JP_2",
      "EYE_BROWN", "EYE_BROWN_JP", "EYE_BROWN_JP_2",
      "EYE_GRAY", "EYE_GRAY_JP", "EYE_GRAY_JP_2",
      "EYE_GREEN", "EYE_GREEN_JP", "EYE_GREEN_JP_2",
      "EYE_PURPLE_JP", "EYE_PURPLE_JP_2",
      "EYE_RED", "EYE_RED_JP",
      "EYE_YELLOW", "EYE_YELLOW_JP", "EYE_YELLOW_JP_2",
      "PALE", "SKIN_DARK", "SKIN_LIGHT", "SKIN_MEDIUM", "SKIN_PINK", "SKIN_TAN"
    ]
  },
  {
    "id": "EYE_YELLOW_JP",
    "type": "mutation",
    "name": "可爱浅黄色眼睛",
    "description": "你戴着可爱的浅黄色美瞳。 ~Kawaii~",
    "points": 0,
    "starting_trait": false,
    "purifiable": false,
	"player_display": false,
	"types": "eye_color",
    "cancels": [
      "EYE_BLUE", "EYE_BLUE_JP", "EYE_BLUE_JP_2",
      "EYE_BROWN", "EYE_BROWN_JP", "EYE_BROWN_JP_2",
      "EYE_GRAY", "EYE_GRAY_JP", "EYE_GRAY_JP_2",
      "EYE_GREEN", "EYE_GREEN_JP", "EYE_GREEN_JP_2",
      "EYE_PURPLE_JP", "EYE_PURPLE_JP_2",
      "EYE_RED", "EYE_RED_JP", "EYE_RED_JP_2",
      "EYE_YELLOW", "EYE_YELLOW_JP_2",
      "PALE", "SKIN_DARK", "SKIN_LIGHT", "SKIN_MEDIUM", "SKIN_PINK", "SKIN_TAN"
    ]
  },
  {
    "id": "EYE_YELLOW_JP_2",
    "type": "mutation",
    "name": "可爱深黄色眼睛",
    "description": "你戴着可爱的深黄色美瞳。 ~Kawaii~",
    "points": 0,
    "starting_trait": false,
    "purifiable": false,
	"player_display": false,
	"types": "eye_color",
    "cancels": [
      "EYE_BLUE", "EYE_BLUE_JP", "EYE_BLUE_JP_2",
      "EYE_BROWN", "EYE_BROWN_JP", "EYE_BROWN_JP_2",
      "EYE_GRAY", "EYE_GRAY_JP", "EYE_GRAY_JP_2",
      "EYE_GREEN", "EYE_GREEN_JP", "EYE_GREEN_JP_2",
      "EYE_PURPLE_JP", "EYE_PURPLE_JP_2",
      "EYE_RED", "EYE_RED_JP", "EYE_RED_JP_2",
      "EYE_YELLOW", "EYE_YELLOW_JP",
      "PALE", "SKIN_DARK", "SKIN_LIGHT", "SKIN_MEDIUM", "SKIN_PINK", "SKIN_TAN"
    ]
  }
]
