[
  {
    "id": "hair1aquajp",
    "type": "mutation",
    "name": "可爱水蓝色头发",
    "description": "你戴着可爱的水蓝色假毛。 ~Kawaii~",
    "points": 0,
    "starting_trait": false,
    "purifiable": false,
	"player_display": false,
	"types": "hair_style",
    "cancels": [
      "HAIR_BLACK", "hair2black", "hair3black", "hair4black", "hair5black",
      "hair6black", "hair7black", "hair8black", "hair9black", "hair10black",
      "HAIR_BLONDE", "hair2blond", "hair3blond", "hair4blond", "hair5blond",
      "hair6blond", "hair7blond", "hair8blond", "hair9blond", "hair10blond",
      "HAIR_BROWN", "hair2brown", "hair3brown", "hair4brown", "hair5brown",
      "hair6brown", "hair7brown", "hair8brown", "hair9brown", "hair10brown",
      "HAIR_GRAY", "hair2gray", "hair3gray", "hair4gray", "hair5gray",
      "hair6gray", "hair7gray", "hair8gray", "hair9gray", "hair10gray",
      "HAIR_PINK", "hair2pink", "hair3pink", "hair4pink", "hair5pink",
      "hair6pink", "hair7pink", "hair8pink", "hair9pink", "hair10pink",
      "HAIR_RED", "hair2red", "hair3red", "hair4red", "hair5red",
      "hair6red", "hair7red", "hair8red", "hair9red", "hair10red",
      "HAIR_WHITE", "hair2white", "hair3white", "hair4white", "hair5white",
      "hair6white", "hair7white", "hair8white", "hair9white", "hair10white",
      "hair1blackjp", "hair1blondjp", "hair1bluejp", "hair1brownjp",
      "hair1greenjp", "hair1greyjp", "hair1orangejp", "hair1pinkjp", "hair1purplejp",
      "hair1redjp", "hair1whitejp", "HAIR_BALD"
    ]
  },
  {
    "id": "hair1blackjp",
    "type": "mutation",
    "name": "可爱黑色头发",
    "description": "你戴着可爱的黑色假毛。 ~Kawaii~",
    "points": 0,
    "starting_trait": false,
    "purifiable": false,
	"player_display": false,
	"types": "hair_style",
    "cancels": [
      "HAIR_BLACK", "hair2black", "hair3black", "hair4black", "hair5black",
      "hair6black", "hair7black", "hair8black", "hair9black", "hair10black",
      "HAIR_BLONDE", "hair2blond", "hair3blond", "hair4blond", "hair5blond",
      "hair6blond", "hair7blond", "hair8blond", "hair9blond", "hair10blond",
      "HAIR_BROWN", "hair2brown", "hair3brown", "hair4brown", "hair5brown",
      "hair6brown", "hair7brown", "hair8brown", "hair9brown", "hair10brown",
      "HAIR_GRAY", "hair2gray", "hair3gray", "hair4gray", "hair5gray",
      "hair6gray", "hair7gray", "hair8gray", "hair9gray", "hair10gray",
      "HAIR_PINK", "hair2pink", "hair3pink", "hair4pink", "hair5pink",
      "hair6pink", "hair7pink", "hair8pink", "hair9pink", "hair10pink",
      "HAIR_RED", "hair2red", "hair3red", "hair4red", "hair5red",
      "hair6red", "hair7red", "hair8red", "hair9red", "hair10red",
      "HAIR_WHITE", "hair2white", "hair3white", "hair4white", "hair5white",
      "hair6white", "hair7white", "hair8white", "hair9white", "hair10white",
      "hair1aquajp", "hair1blondjp", "hair1bluejp", "hair1brownjp",
      "hair1greenjp", "hair1greyjp", "hair1orangejp", "hair1pinkjp", "hair1purplejp",
      "hair1redjp", "hair1whitejp", "HAIR_BALD"
    ]
  },
  {
    "id": "hair1blondjp",
    "type": "mutation",
    "name": "可爱金色头发",
    "description": "你戴着可爱的金色假毛。 ~Kawaii~",
    "points": 0,
    "starting_trait": false,
    "purifiable": false,
	"player_display": false,
	"types": "hair_style",
    "cancels": [
      "HAIR_BLACK", "hair2black", "hair3black", "hair4black", "hair5black",
      "hair6black", "hair7black", "hair8black", "hair9black", "hair10black",
      "HAIR_BLONDE", "hair2blond", "hair3blond", "hair4blond", "hair5blond",
      "hair6blond", "hair7blond", "hair8blond", "hair9blond", "hair10blond",
      "HAIR_BROWN", "hair2brown", "hair3brown", "hair4brown", "hair5brown",
      "hair6brown", "hair7brown", "hair8brown", "hair9brown", "hair10brown",
      "HAIR_GRAY", "hair2gray", "hair3gray", "hair4gray", "hair5gray",
      "hair6gray", "hair7gray", "hair8gray", "hair9gray", "hair10gray",
      "HAIR_PINK", "hair2pink", "hair3pink", "hair4pink", "hair5pink",
      "hair6pink", "hair7pink", "hair8pink", "hair9pink", "hair10pink",
      "HAIR_RED", "hair2red", "hair3red", "hair4red", "hair5red",
      "hair6red", "hair7red", "hair8red", "hair9red", "hair10red",
      "HAIR_WHITE", "hair2white", "hair3white", "hair4white", "hair5white",
      "hair6white", "hair7white", "hair8white", "hair9white", "hair10white",
      "hair1aquajp", "hair1blackjp", "hair1bluejp", "hair1brownjp",
      "hair1greenjp", "hair1greyjp", "hair1orangejp", "hair1pinkjp", "hair1purplejp",
      "hair1redjp", "hair1whitejp", "HAIR_BALD"
    ]
  },
  {
    "id": "hair1bluejp",
    "type": "mutation",
    "name": "可爱蓝色头发",
    "description": "你戴着可爱的蓝色假毛。 ~Kawaii~",
    "points": 0,
    "starting_trait": false,
    "purifiable": false,
	"player_display": false,
	"types": "hair_style",
    "cancels": [
      "HAIR_BLACK", "hair2black", "hair3black", "hair4black", "hair5black",
      "hair6black", "hair7black", "hair8black", "hair9black", "hair10black",
      "HAIR_BLONDE", "hair2blond", "hair3blond", "hair4blond", "hair5blond",
      "hair6blond", "hair7blond", "hair8blond", "hair9blond", "hair10blond",
      "HAIR_BROWN", "hair2brown", "hair3brown", "hair4brown", "hair5brown",
      "hair6brown", "hair7brown", "hair8brown", "hair9brown", "hair10brown",
      "HAIR_GRAY", "hair2gray", "hair3gray", "hair4gray", "hair5gray",
      "hair6gray", "hair7gray", "hair8gray", "hair9gray", "hair10gray",
      "HAIR_PINK", "hair2pink", "hair3pink", "hair4pink", "hair5pink",
      "hair6pink", "hair7pink", "hair8pink", "hair9pink", "hair10pink",
      "HAIR_RED", "hair2red", "hair3red", "hair4red", "hair5red",
      "hair6red", "hair7red", "hair8red", "hair9red", "hair10red",
      "HAIR_WHITE", "hair2white", "hair3white", "hair4white", "hair5white",
      "hair6white", "hair7white", "hair8white", "hair9white", "hair10white",
      "hair1aquajp", "hair1blackjp", "hair1blondjp", "hair1brownjp",
      "hair1greenjp", "hair1greyjp", "hair1orangejp", "hair1pinkjp", "hair1purplejp",
      "hair1redjp", "hair1whitejp", "HAIR_BALD"
    ]
  },
  {
    "id": "hair1brownjp",
    "type": "mutation",
    "name": "可爱棕色头发",
    "description": "你戴着可爱的棕色假毛。 ~Kawaii~",
    "points": 0,
    "starting_trait": false,
    "purifiable": false,
	"player_display": false,
	"types": "hair_style",
    "cancels": [
      "HAIR_BLACK", "hair2black", "hair3black", "hair4black", "hair5black",
      "hair6black", "hair7black", "hair8black", "hair9black", "hair10black",
      "HAIR_BLONDE", "hair2blond", "hair3blond", "hair4blond", "hair5blond",
      "hair6blond", "hair7blond", "hair8blond", "hair9blond", "hair10blond",
      "HAIR_BROWN", "hair2brown", "hair3brown", "hair4brown", "hair5brown",
      "hair6brown", "hair7brown", "hair8brown", "hair9brown", "hair10brown",
      "HAIR_GRAY", "hair2gray", "hair3gray", "hair4gray", "hair5gray",
      "hair6gray", "hair7gray", "hair8gray", "hair9gray", "hair10gray",
      "HAIR_PINK", "hair2pink", "hair3pink", "hair4pink", "hair5pink",
      "hair6pink", "hair7pink", "hair8pink", "hair9pink", "hair10pink",
      "HAIR_RED", "hair2red", "hair3red", "hair4red", "hair5red",
      "hair6red", "hair7red", "hair8red", "hair9red", "hair10red",
      "HAIR_WHITE", "hair2white", "hair3white", "hair4white", "hair5white",
      "hair6white", "hair7white", "hair8white", "hair9white", "hair10white",
      "hair1aquajp", "hair1blackjp", "hair1blondjp", "hair1bluejp",
      "hair1greenjp", "hair1greyjp", "hair1orangejp", "hair1pinkjp", "hair1purplejp",
      "hair1redjp", "hair1whitejp", "HAIR_BALD"
    ]
  },
  {
    "id": "hair1greenjp",
    "type": "mutation",
    "name": "可爱绿色头发",
    "description": "你戴着可爱的绿色假毛。 ~Kawaii~",
    "points": 0,
    "starting_trait": false,
    "purifiable": false,
	"player_display": false,
	"types": "hair_style",
    "cancels": [
      "HAIR_BLACK", "hair2black", "hair3black", "hair4black", "hair5black",
      "hair6black", "hair7black", "hair8black", "hair9black", "hair10black",
      "HAIR_BLONDE", "hair2blond", "hair3blond", "hair4blond", "hair5blond",
      "hair6blond", "hair7blond", "hair8blond", "hair9blond", "hair10blond",
      "HAIR_BROWN", "hair2brown", "hair3brown", "hair4brown", "hair5brown",
      "hair6brown", "hair7brown", "hair8brown", "hair9brown", "hair10brown",
      "HAIR_GRAY", "hair2gray", "hair3gray", "hair4gray", "hair5gray",
      "hair6gray", "hair7gray", "hair8gray", "hair9gray", "hair10gray",
      "HAIR_PINK", "hair2pink", "hair3pink", "hair4pink", "hair5pink",
      "hair6pink", "hair7pink", "hair8pink", "hair9pink", "hair10pink",
      "HAIR_RED", "hair2red", "hair3red", "hair4red", "hair5red",
      "hair6red", "hair7red", "hair8red", "hair9red", "hair10red",
      "HAIR_WHITE", "hair2white", "hair3white", "hair4white", "hair5white",
      "hair6white", "hair7white", "hair8white", "hair9white", "hair10white",
      "hair1aquajp", "hair1blackjp", "hair1blondjp", "hair1bluejp", "hair1brownjp",
      "hair1greyjp", "hair1orangejp", "hair1pinkjp", "hair1purplejp",
      "hair1redjp", "hair1whitejp", "HAIR_BALD"
    ]
  },
  {
    "id": "hair1greyjp",
    "type": "mutation",
    "name": "可爱灰色头发",
    "description": "你戴着可爱的灰色假毛。 ~Kawaii~",
    "points": 0,
    "starting_trait": false,
    "purifiable": false,
	"player_display": false,
	"types": "hair_style",
    "cancels": [
      "HAIR_BLACK", "hair2black", "hair3black", "hair4black", "hair5black",
      "hair6black", "hair7black", "hair8black", "hair9black", "hair10black",
      "HAIR_BLONDE", "hair2blond", "hair3blond", "hair4blond", "hair5blond",
      "hair6blond", "hair7blond", "hair8blond", "hair9blond", "hair10blond",
      "HAIR_BROWN", "hair2brown", "hair3brown", "hair4brown", "hair5brown",
      "hair6brown", "hair7brown", "hair8brown", "hair9brown", "hair10brown",
      "HAIR_GRAY", "hair2gray", "hair3gray", "hair4gray", "hair5gray",
      "hair6gray", "hair7gray", "hair8gray", "hair9gray", "hair10gray",
      "HAIR_PINK", "hair2pink", "hair3pink", "hair4pink", "hair5pink",
      "hair6pink", "hair7pink", "hair8pink", "hair9pink", "hair10pink",
      "HAIR_RED", "hair2red", "hair3red", "hair4red", "hair5red",
      "hair6red", "hair7red", "hair8red", "hair9red", "hair10red",
      "HAIR_WHITE", "hair2white", "hair3white", "hair4white", "hair5white",
      "hair6white", "hair7white", "hair8white", "hair9white", "hair10white",
      "hair1aquajp", "hair1blackjp", "hair1blondjp", "hair1bluejp", "hair1brownjp",
      "hair1greenjp", "hair1orangejp", "hair1pinkjp", "hair1purplejp",
      "hair1redjp", "hair1whitejp", "HAIR_BALD"
    ]
  },
  {
    "id": "hair1orangejp",
    "type": "mutation",
    "name": "可爱橙色头发",
    "description": "你戴着可爱的橙色假毛。 ~Kawaii~",
    "points": 0,
    "starting_trait": false,
    "purifiable": false,
	"player_display": false,
	"types": "hair_style",
    "cancels": [
      "HAIR_BLACK", "hair2black", "hair3black", "hair4black", "hair5black",
      "hair6black", "hair7black", "hair8black", "hair9black", "hair10black",
      "HAIR_BLONDE", "hair2blond", "hair3blond", "hair4blond", "hair5blond",
      "hair6blond", "hair7blond", "hair8blond", "hair9blond", "hair10blond",
      "HAIR_BROWN", "hair2brown", "hair3brown", "hair4brown", "hair5brown",
      "hair6brown", "hair7brown", "hair8brown", "hair9brown", "hair10brown",
      "HAIR_GRAY", "hair2gray", "hair3gray", "hair4gray", "hair5gray",
      "hair6gray", "hair7gray", "hair8gray", "hair9gray", "hair10gray",
      "HAIR_PINK", "hair2pink", "hair3pink", "hair4pink", "hair5pink",
      "hair6pink", "hair7pink", "hair8pink", "hair9pink", "hair10pink",
      "HAIR_RED", "hair2red", "hair3red", "hair4red", "hair5red",
      "hair6red", "hair7red", "hair8red", "hair9red", "hair10red",
      "HAIR_WHITE", "hair2white", "hair3white", "hair4white", "hair5white",
      "hair6white", "hair7white", "hair8white", "hair9white", "hair10white",
      "hair1aquajp", "hair1blackjp", "hair1blondjp", "hair1bluejp", "hair1brownjp",
      "hair1greenjp", "hair1greyjp", "hair1pinkjp", "hair1purplejp",
      "hair1redjp", "hair1whitejp", "HAIR_BALD"
    ]
  },
  {
    "id": "hair1pinkjp",
    "type": "mutation",
    "name": "可爱粉色头发",
    "description": "你戴着可爱的粉色假毛。 ~Kawaii~",
    "points": 0,
    "starting_trait": false,
    "purifiable": false,
	"player_display": false,
	"types": "hair_style",
    "cancels": [
      "HAIR_BLACK", "hair2black", "hair3black", "hair4black", "hair5black",
      "hair6black", "hair7black", "hair8black", "hair9black", "hair10black",
      "HAIR_BLONDE", "hair2blond", "hair3blond", "hair4blond", "hair5blond",
      "hair6blond", "hair7blond", "hair8blond", "hair9blond", "hair10blond",
      "HAIR_BROWN", "hair2brown", "hair3brown", "hair4brown", "hair5brown",
      "hair6brown", "hair7brown", "hair8brown", "hair9brown", "hair10brown",
      "HAIR_GRAY", "hair2gray", "hair3gray", "hair4gray", "hair5gray",
      "hair6gray", "hair7gray", "hair8gray", "hair9gray", "hair10gray",
      "HAIR_PINK", "hair2pink", "hair3pink", "hair4pink", "hair5pink",
      "hair6pink", "hair7pink", "hair8pink", "hair9pink", "hair10pink",
      "HAIR_RED", "hair2red", "hair3red", "hair4red", "hair5red",
      "hair6red", "hair7red", "hair8red", "hair9red", "hair10red",
      "HAIR_WHITE", "hair2white", "hair3white", "hair4white", "hair5white",
      "hair6white", "hair7white", "hair8white", "hair9white", "hair10white",
      "hair1aquajp", "hair1blackjp", "hair1blondjp", "hair1bluejp", "hair1brownjp",
      "hair1greenjp", "hair1greyjp", "hair1orangejp", "hair1purplejp",
      "hair1redjp", "hair1whitejp", "HAIR_BALD"
    ]
  },
  {
    "id": "hair1purplejp",
    "type": "mutation",
    "name": "可爱紫色头发",
    "description": "你戴着可爱的紫色假毛。 ~Kawaii~",
    "points": 0,
    "starting_trait": false,
    "purifiable": false,
	"player_display": false,
	"types": "hair_style",
    "cancels": [
      "HAIR_BLACK", "hair2black", "hair3black", "hair4black", "hair5black",
      "hair6black", "hair7black", "hair8black", "hair9black", "hair10black",
      "HAIR_BLONDE", "hair2blond", "hair3blond", "hair4blond", "hair5blond",
      "hair6blond", "hair7blond", "hair8blond", "hair9blond", "hair10blond",
      "HAIR_BROWN", "hair2brown", "hair3brown", "hair4brown", "hair5brown",
      "hair6brown", "hair7brown", "hair8brown", "hair9brown", "hair10brown",
      "HAIR_GRAY", "hair2gray", "hair3gray", "hair4gray", "hair5gray",
      "hair6gray", "hair7gray", "hair8gray", "hair9gray", "hair10gray",
      "HAIR_PINK", "hair2pink", "hair3pink", "hair4pink", "hair5pink",
      "hair6pink", "hair7pink", "hair8pink", "hair9pink", "hair10pink",
      "HAIR_RED", "hair2red", "hair3red", "hair4red", "hair5red",
      "hair6red", "hair7red", "hair8red", "hair9red", "hair10red",
      "HAIR_WHITE", "hair2white", "hair3white", "hair4white", "hair5white",
      "hair6white", "hair7white", "hair8white", "hair9white", "hair10white",
      "hair1aquajp", "hair1blackjp", "hair1blondjp", "hair1bluejp", "hair1brownjp",
      "hair1greenjp", "hair1greyjp", "hair1orangejp", "hair1pinkjp",
      "hair1redjp", "hair1whitejp", "HAIR_BALD"
    ]
  },
  {
    "id": "hair1redjp",
    "type": "mutation",
    "name": "可爱红色头发",
    "description": "你戴着可爱的红色假毛。 ~Kawaii~",
    "points": 0,
    "starting_trait": false,
    "purifiable": false,
	"player_display": false,
	"types": "hair_style",
    "cancels": [
      "HAIR_BLACK", "hair2black", "hair3black", "hair4black", "hair5black",
      "hair6black", "hair7black", "hair8black", "hair9black", "hair10black",
      "HAIR_BLONDE", "hair2blond", "hair3blond", "hair4blond", "hair5blond",
      "hair6blond", "hair7blond", "hair8blond", "hair9blond", "hair10blond",
      "HAIR_BROWN", "hair2brown", "hair3brown", "hair4brown", "hair5brown",
      "hair6brown", "hair7brown", "hair8brown", "hair9brown", "hair10brown",
      "HAIR_GRAY", "hair2gray", "hair3gray", "hair4gray", "hair5gray",
      "hair6gray", "hair7gray", "hair8gray", "hair9gray", "hair10gray",
      "HAIR_PINK", "hair2pink", "hair3pink", "hair4pink", "hair5pink",
      "hair6pink", "hair7pink", "hair8pink", "hair9pink", "hair10pink",
      "HAIR_RED", "hair2red", "hair3red", "hair4red", "hair5red",
      "hair6red", "hair7red", "hair8red", "hair9red", "hair10red",
      "HAIR_WHITE", "hair2white", "hair3white", "hair4white", "hair5white",
      "hair6white", "hair7white", "hair8white", "hair9white", "hair10white",
      "hair1aquajp", "hair1blackjp", "hair1blondjp", "hair1bluejp", "hair1brownjp",
      "hair1greenjp", "hair1greyjp", "hair1orangejp", "hair1pinkjp", "hair1purplejp",
      "hair1whitejp", "HAIR_BALD"
    ]
  },
  {
    "id": "hair1whitejp",
    "type": "mutation",
    "name": "可爱白色头发",
    "description": "你戴着可爱的白色假毛。 ~Kawaii~",
    "points": 0,
    "starting_trait": false,
    "purifiable": false,
	"player_display": false,
	"types": "hair_style",
    "cancels": [
      "HAIR_BLACK", "hair2black", "hair3black", "hair4black", "hair5black",
      "hair6black", "hair7black", "hair8black", "hair9black", "hair10black",
      "HAIR_BLONDE", "hair2blond", "hair3blond", "hair4blond", "hair5blond",
      "hair6blond", "hair7blond", "hair8blond", "hair9blond", "hair10blond",
      "HAIR_BROWN", "hair2brown", "hair3brown", "hair4brown", "hair5brown",
      "hair6brown", "hair7brown", "hair8brown", "hair9brown", "hair10brown",
      "HAIR_GRAY", "hair2gray", "hair3gray", "hair4gray", "hair5gray",
      "hair6gray", "hair7gray", "hair8gray", "hair9gray", "hair10gray",
      "HAIR_PINK", "hair2pink", "hair3pink", "hair4pink", "hair5pink",
      "hair6pink", "hair7pink", "hair8pink", "hair9pink", "hair10pink",
      "HAIR_RED", "hair2red", "hair3red", "hair4red", "hair5red",
      "hair6red", "hair7red", "hair8red", "hair9red", "hair10red",
      "HAIR_WHITE", "hair2white", "hair3white", "hair4white", "hair5white",
      "hair6white", "hair7white", "hair8white", "hair9white", "hair10white",
      "hair1aquajp", "hair1blackjp", "hair1blondjp", "hair1bluejp", "hair1brownjp",
      "hair1greenjp", "hair1greyjp", "hair1orangejp", "hair1pinkjp", "hair1purplejp",
      "hair1redjp", "HAIR_BALD"
    ]
  }
]
