[
  {
    "id": "hair1aquajp",
    "type": "mutation",
    "name": "Cute Aqua Hair",
    "description": "You are wearing an aqua wig. ~Kawaii~",
    "points": 0,
    "starting_trait": false,
    "purifiable": false,
	"player_display": false,
	"types": "hair_style",
    "cancels": [
      "HAIR_BLACK", "hair2black", "hair3black", "hair4black", "hair5black",
      "hair6black", "hair7black", "hair8black", "hair9black", "hair10black",
      "HAIR_BLONDE", "hair2blond", "hair3blond", "hair4blond", "hair5blond",
      "hair6blond", "hair7blond", "hair8blond", "hair9blond", "hair10blond",
      "HAIR_BROWN", "hair2brown", "hair3brown", "hair4brown", "hair5brown",
      "hair6brown", "hair7brown", "hair8brown", "hair9brown", "hair10brown",
      "HAIR_GRAY", "hair2gray", "hair3gray", "hair4gray", "hair5gray",
      "hair6gray", "hair7gray", "hair8gray", "hair9gray", "hair10gray",
      "HAIR_PINK", "hair2pink", "hair3pink", "hair4pink", "hair5pink",
      "hair6pink", "hair7pink", "hair8pink", "hair9pink", "hair10pink",
      "HAIR_RED", "hair2red", "hair3red", "hair4red", "hair5red",
      "hair6red", "hair7red", "hair8red", "hair9red", "hair10red",
      "HAIR_WHITE", "hair2white", "hair3white", "hair4white", "hair5white",
      "hair6white", "hair7white", "hair8white", "hair9white", "hair10white",
      "hair1blackjp", "hair1blondjp", "hair1bluejp", "hair1brownjp",
      "hair1greenjp", "hair1greyjp", "hair1orangejp", "hair1pinkjp", "hair1purplejp",
      "hair1redjp", "hair1whitejp", "HAIR_BALD"
    ]
  },
  {
    "id": "hair1blackjp",
    "type": "mutation",
    "name": "Cute Black Hair",
    "description": "You are wearing a black wig. ~Kawaii~",
    "points": 0,
    "starting_trait": false,
    "purifiable": false,
	"player_display": false,
	"types": "hair_style",
    "cancels": [
      "HAIR_BLACK", "hair2black", "hair3black", "hair4black", "hair5black",
      "hair6black", "hair7black", "hair8black", "hair9black", "hair10black",
      "HAIR_BLONDE", "hair2blond", "hair3blond", "hair4blond", "hair5blond",
      "hair6blond", "hair7blond", "hair8blond", "hair9blond", "hair10blond",
      "HAIR_BROWN", "hair2brown", "hair3brown", "hair4brown", "hair5brown",
      "hair6brown", "hair7brown", "hair8brown", "hair9brown", "hair10brown",
      "HAIR_GRAY", "hair2gray", "hair3gray", "hair4gray", "hair5gray",
      "hair6gray", "hair7gray", "hair8gray", "hair9gray", "hair10gray",
      "HAIR_PINK", "hair2pink", "hair3pink", "hair4pink", "hair5pink",
      "hair6pink", "hair7pink", "hair8pink", "hair9pink", "hair10pink",
      "HAIR_RED", "hair2red", "hair3red", "hair4red", "hair5red",
      "hair6red", "hair7red", "hair8red", "hair9red", "hair10red",
      "HAIR_WHITE", "hair2white", "hair3white", "hair4white", "hair5white",
      "hair6white", "hair7white", "hair8white", "hair9white", "hair10white",
      "hair1aquajp", "hair1blondjp", "hair1bluejp", "hair1brownjp",
      "hair1greenjp", "hair1greyjp", "hair1orangejp", "hair1pinkjp", "hair1purplejp",
      "hair1redjp", "hair1whitejp", "HAIR_BALD"
    ]
  },
  {
    "id": "hair1blondjp",
    "type": "mutation",
    "name": "Cute Blonde Hair",
    "description": "You are wearing a blond wig. ~Kawaii~",
    "points": 0,
    "starting_trait": false,
    "purifiable": false,
	"player_display": false,
	"types": "hair_style",
    "cancels": [
      "HAIR_BLACK", "hair2black", "hair3black", "hair4black", "hair5black",
      "hair6black", "hair7black", "hair8black", "hair9black", "hair10black",
      "HAIR_BLONDE", "hair2blond", "hair3blond", "hair4blond", "hair5blond",
      "hair6blond", "hair7blond", "hair8blond", "hair9blond", "hair10blond",
      "HAIR_BROWN", "hair2brown", "hair3brown", "hair4brown", "hair5brown",
      "hair6brown", "hair7brown", "hair8brown", "hair9brown", "hair10brown",
      "HAIR_GRAY", "hair2gray", "hair3gray", "hair4gray", "hair5gray",
      "hair6gray", "hair7gray", "hair8gray", "hair9gray", "hair10gray",
      "HAIR_PINK", "hair2pink", "hair3pink", "hair4pink", "hair5pink",
      "hair6pink", "hair7pink", "hair8pink", "hair9pink", "hair10pink",
      "HAIR_RED", "hair2red", "hair3red", "hair4red", "hair5red",
      "hair6red", "hair7red", "hair8red", "hair9red", "hair10red",
      "HAIR_WHITE", "hair2white", "hair3white", "hair4white", "hair5white",
      "hair6white", "hair7white", "hair8white", "hair9white", "hair10white",
      "hair1aquajp", "hair1blackjp", "hair1bluejp", "hair1brownjp",
      "hair1greenjp", "hair1greyjp", "hair1orangejp", "hair1pinkjp", "hair1purplejp",
      "hair1redjp", "hair1whitejp", "HAIR_BALD"
    ]
  },
  {
    "id": "hair1bluejp",
    "type": "mutation",
    "name": "Cute Blue Hair",
    "description": "You are wearing a blue wig. ~Kawaii~",
    "points": 0,
    "starting_trait": false,
    "purifiable": false,
	"player_display": false,
	"types": "hair_style",
    "cancels": [
      "HAIR_BLACK", "hair2black", "hair3black", "hair4black", "hair5black",
      "hair6black", "hair7black", "hair8black", "hair9black", "hair10black",
      "HAIR_BLONDE", "hair2blond", "hair3blond", "hair4blond", "hair5blond",
      "hair6blond", "hair7blond", "hair8blond", "hair9blond", "hair10blond",
      "HAIR_BROWN", "hair2brown", "hair3brown", "hair4brown", "hair5brown",
      "hair6brown", "hair7brown", "hair8brown", "hair9brown", "hair10brown",
      "HAIR_GRAY", "hair2gray", "hair3gray", "hair4gray", "hair5gray",
      "hair6gray", "hair7gray", "hair8gray", "hair9gray", "hair10gray",
      "HAIR_PINK", "hair2pink", "hair3pink", "hair4pink", "hair5pink",
      "hair6pink", "hair7pink", "hair8pink", "hair9pink", "hair10pink",
      "HAIR_RED", "hair2red", "hair3red", "hair4red", "hair5red",
      "hair6red", "hair7red", "hair8red", "hair9red", "hair10red",
      "HAIR_WHITE", "hair2white", "hair3white", "hair4white", "hair5white",
      "hair6white", "hair7white", "hair8white", "hair9white", "hair10white",
      "hair1aquajp", "hair1blackjp", "hair1blondjp", "hair1brownjp",
      "hair1greenjp", "hair1greyjp", "hair1orangejp", "hair1pinkjp", "hair1purplejp",
      "hair1redjp", "hair1whitejp", "HAIR_BALD"
    ]
  },
  {
    "id": "hair1brownjp",
    "type": "mutation",
    "name": "Cute Brown Hair",
    "description": "You are wearing a brown wig. ~Kawaii~",
    "points": 0,
    "starting_trait": false,
    "purifiable": false,
	"player_display": false,
	"types": "hair_style",
    "cancels": [
      "HAIR_BLACK", "hair2black", "hair3black", "hair4black", "hair5black",
      "hair6black", "hair7black", "hair8black", "hair9black", "hair10black",
      "HAIR_BLONDE", "hair2blond", "hair3blond", "hair4blond", "hair5blond",
      "hair6blond", "hair7blond", "hair8blond", "hair9blond", "hair10blond",
      "HAIR_BROWN", "hair2brown", "hair3brown", "hair4brown", "hair5brown",
      "hair6brown", "hair7brown", "hair8brown", "hair9brown", "hair10brown",
      "HAIR_GRAY", "hair2gray", "hair3gray", "hair4gray", "hair5gray",
      "hair6gray", "hair7gray", "hair8gray", "hair9gray", "hair10gray",
      "HAIR_PINK", "hair2pink", "hair3pink", "hair4pink", "hair5pink",
      "hair6pink", "hair7pink", "hair8pink", "hair9pink", "hair10pink",
      "HAIR_RED", "hair2red", "hair3red", "hair4red", "hair5red",
      "hair6red", "hair7red", "hair8red", "hair9red", "hair10red",
      "HAIR_WHITE", "hair2white", "hair3white", "hair4white", "hair5white",
      "hair6white", "hair7white", "hair8white", "hair9white", "hair10white",
      "hair1aquajp", "hair1blackjp", "hair1blondjp", "hair1bluejp",
      "hair1greenjp", "hair1greyjp", "hair1orangejp", "hair1pinkjp", "hair1purplejp",
      "hair1redjp", "hair1whitejp", "HAIR_BALD"
    ]
  },
  {
    "id": "hair1greenjp",
    "type": "mutation",
    "name": "Cute Green Hair",
    "description": "You are wearing a green wig. ~Kawaii~",
    "points": 0,
    "starting_trait": false,
    "purifiable": false,
	"player_display": false,
	"types": "hair_style",
    "cancels": [
      "HAIR_BLACK", "hair2black", "hair3black", "hair4black", "hair5black",
      "hair6black", "hair7black", "hair8black", "hair9black", "hair10black",
      "HAIR_BLONDE", "hair2blond", "hair3blond", "hair4blond", "hair5blond",
      "hair6blond", "hair7blond", "hair8blond", "hair9blond", "hair10blond",
      "HAIR_BROWN", "hair2brown", "hair3brown", "hair4brown", "hair5brown",
      "hair6brown", "hair7brown", "hair8brown", "hair9brown", "hair10brown",
      "HAIR_GRAY", "hair2gray", "hair3gray", "hair4gray", "hair5gray",
      "hair6gray", "hair7gray", "hair8gray", "hair9gray", "hair10gray",
      "HAIR_PINK", "hair2pink", "hair3pink", "hair4pink", "hair5pink",
      "hair6pink", "hair7pink", "hair8pink", "hair9pink", "hair10pink",
      "HAIR_RED", "hair2red", "hair3red", "hair4red", "hair5red",
      "hair6red", "hair7red", "hair8red", "hair9red", "hair10red",
      "HAIR_WHITE", "hair2white", "hair3white", "hair4white", "hair5white",
      "hair6white", "hair7white", "hair8white", "hair9white", "hair10white",
      "hair1aquajp", "hair1blackjp", "hair1blondjp", "hair1bluejp", "hair1brownjp",
      "hair1greyjp", "hair1orangejp", "hair1pinkjp", "hair1purplejp",
      "hair1redjp", "hair1whitejp", "HAIR_BALD"
    ]
  },
  {
    "id": "hair1greyjp",
    "type": "mutation",
    "name": "Cute Grey Hair",
    "description": "You are wearing a grey wig. ~Kawaii~",
    "points": 0,
    "starting_trait": false,
    "purifiable": false,
	"player_display": false,
	"types": "hair_style",
    "cancels": [
      "HAIR_BLACK", "hair2black", "hair3black", "hair4black", "hair5black",
      "hair6black", "hair7black", "hair8black", "hair9black", "hair10black",
      "HAIR_BLONDE", "hair2blond", "hair3blond", "hair4blond", "hair5blond",
      "hair6blond", "hair7blond", "hair8blond", "hair9blond", "hair10blond",
      "HAIR_BROWN", "hair2brown", "hair3brown", "hair4brown", "hair5brown",
      "hair6brown", "hair7brown", "hair8brown", "hair9brown", "hair10brown",
      "HAIR_GRAY", "hair2gray", "hair3gray", "hair4gray", "hair5gray",
      "hair6gray", "hair7gray", "hair8gray", "hair9gray", "hair10gray",
      "HAIR_PINK", "hair2pink", "hair3pink", "hair4pink", "hair5pink",
      "hair6pink", "hair7pink", "hair8pink", "hair9pink", "hair10pink",
      "HAIR_RED", "hair2red", "hair3red", "hair4red", "hair5red",
      "hair6red", "hair7red", "hair8red", "hair9red", "hair10red",
      "HAIR_WHITE", "hair2white", "hair3white", "hair4white", "hair5white",
      "hair6white", "hair7white", "hair8white", "hair9white", "hair10white",
      "hair1aquajp", "hair1blackjp", "hair1blondjp", "hair1bluejp", "hair1brownjp",
      "hair1greenjp", "hair1orangejp", "hair1pinkjp", "hair1purplejp",
      "hair1redjp", "hair1whitejp", "HAIR_BALD"
    ]
  },
  {
    "id": "hair1orangejp",
    "type": "mutation",
    "name": "Cute Orange Hair",
    "description": "You are wearing an orange wig. ~Kawaii~",
    "points": 0,
    "starting_trait": false,
    "purifiable": false,
	"player_display": false,
	"types": "hair_style",
    "cancels": [
      "HAIR_BLACK", "hair2black", "hair3black", "hair4black", "hair5black",
      "hair6black", "hair7black", "hair8black", "hair9black", "hair10black",
      "HAIR_BLONDE", "hair2blond", "hair3blond", "hair4blond", "hair5blond",
      "hair6blond", "hair7blond", "hair8blond", "hair9blond", "hair10blond",
      "HAIR_BROWN", "hair2brown", "hair3brown", "hair4brown", "hair5brown",
      "hair6brown", "hair7brown", "hair8brown", "hair9brown", "hair10brown",
      "HAIR_GRAY", "hair2gray", "hair3gray", "hair4gray", "hair5gray",
      "hair6gray", "hair7gray", "hair8gray", "hair9gray", "hair10gray",
      "HAIR_PINK", "hair2pink", "hair3pink", "hair4pink", "hair5pink",
      "hair6pink", "hair7pink", "hair8pink", "hair9pink", "hair10pink",
      "HAIR_RED", "hair2red", "hair3red", "hair4red", "hair5red",
      "hair6red", "hair7red", "hair8red", "hair9red", "hair10red",
      "HAIR_WHITE", "hair2white", "hair3white", "hair4white", "hair5white",
      "hair6white", "hair7white", "hair8white", "hair9white", "hair10white",
      "hair1aquajp", "hair1blackjp", "hair1blondjp", "hair1bluejp", "hair1brownjp",
      "hair1greenjp", "hair1greyjp", "hair1pinkjp", "hair1purplejp",
      "hair1redjp", "hair1whitejp", "HAIR_BALD"
    ]
  },
  {
    "id": "hair1pinkjp",
    "type": "mutation",
    "name": "Cute Pink Hair",
    "description": "You are wearing a pink wig. ~Kawaii~",
    "points": 0,
    "starting_trait": false,
    "purifiable": false,
	"player_display": false,
	"types": "hair_style",
    "cancels": [
      "HAIR_BLACK", "hair2black", "hair3black", "hair4black", "hair5black",
      "hair6black", "hair7black", "hair8black", "hair9black", "hair10black",
      "HAIR_BLONDE", "hair2blond", "hair3blond", "hair4blond", "hair5blond",
      "hair6blond", "hair7blond", "hair8blond", "hair9blond", "hair10blond",
      "HAIR_BROWN", "hair2brown", "hair3brown", "hair4brown", "hair5brown",
      "hair6brown", "hair7brown", "hair8brown", "hair9brown", "hair10brown",
      "HAIR_GRAY", "hair2gray", "hair3gray", "hair4gray", "hair5gray",
      "hair6gray", "hair7gray", "hair8gray", "hair9gray", "hair10gray",
      "HAIR_PINK", "hair2pink", "hair3pink", "hair4pink", "hair5pink",
      "hair6pink", "hair7pink", "hair8pink", "hair9pink", "hair10pink",
      "HAIR_RED", "hair2red", "hair3red", "hair4red", "hair5red",
      "hair6red", "hair7red", "hair8red", "hair9red", "hair10red",
      "HAIR_WHITE", "hair2white", "hair3white", "hair4white", "hair5white",
      "hair6white", "hair7white", "hair8white", "hair9white", "hair10white",
      "hair1aquajp", "hair1blackjp", "hair1blondjp", "hair1bluejp", "hair1brownjp",
      "hair1greenjp", "hair1greyjp", "hair1orangejp", "hair1purplejp",
      "hair1redjp", "hair1whitejp", "HAIR_BALD"
    ]
  },
  {
    "id": "hair1purplejp",
    "type": "mutation",
    "name": "Cute Purple Hair",
    "description": "You are wearing a purple wig. ~Kawaii~",
    "points": 0,
    "starting_trait": false,
    "purifiable": false,
	"player_display": false,
	"types": "hair_style",
    "cancels": [
      "HAIR_BLACK", "hair2black", "hair3black", "hair4black", "hair5black",
      "hair6black", "hair7black", "hair8black", "hair9black", "hair10black",
      "HAIR_BLONDE", "hair2blond", "hair3blond", "hair4blond", "hair5blond",
      "hair6blond", "hair7blond", "hair8blond", "hair9blond", "hair10blond",
      "HAIR_BROWN", "hair2brown", "hair3brown", "hair4brown", "hair5brown",
      "hair6brown", "hair7brown", "hair8brown", "hair9brown", "hair10brown",
      "HAIR_GRAY", "hair2gray", "hair3gray", "hair4gray", "hair5gray",
      "hair6gray", "hair7gray", "hair8gray", "hair9gray", "hair10gray",
      "HAIR_PINK", "hair2pink", "hair3pink", "hair4pink", "hair5pink",
      "hair6pink", "hair7pink", "hair8pink", "hair9pink", "hair10pink",
      "HAIR_RED", "hair2red", "hair3red", "hair4red", "hair5red",
      "hair6red", "hair7red", "hair8red", "hair9red", "hair10red",
      "HAIR_WHITE", "hair2white", "hair3white", "hair4white", "hair5white",
      "hair6white", "hair7white", "hair8white", "hair9white", "hair10white",
      "hair1aquajp", "hair1blackjp", "hair1blondjp", "hair1bluejp", "hair1brownjp",
      "hair1greenjp", "hair1greyjp", "hair1orangejp", "hair1pinkjp",
      "hair1redjp", "hair1whitejp", "HAIR_BALD"
    ]
  },
  {
    "id": "hair1redjp",
    "type": "mutation",
    "name": "Cute Red Hair",
    "description": "You are wearing a red wig. ~Kawaii~",
    "points": 0,
    "starting_trait": false,
    "purifiable": false,
	"player_display": false,
	"types": "hair_style",
    "cancels": [
      "HAIR_BLACK", "hair2black", "hair3black", "hair4black", "hair5black",
      "hair6black", "hair7black", "hair8black", "hair9black", "hair10black",
      "HAIR_BLONDE", "hair2blond", "hair3blond", "hair4blond", "hair5blond",
      "hair6blond", "hair7blond", "hair8blond", "hair9blond", "hair10blond",
      "HAIR_BROWN", "hair2brown", "hair3brown", "hair4brown", "hair5brown",
      "hair6brown", "hair7brown", "hair8brown", "hair9brown", "hair10brown",
      "HAIR_GRAY", "hair2gray", "hair3gray", "hair4gray", "hair5gray",
      "hair6gray", "hair7gray", "hair8gray", "hair9gray", "hair10gray",
      "HAIR_PINK", "hair2pink", "hair3pink", "hair4pink", "hair5pink",
      "hair6pink", "hair7pink", "hair8pink", "hair9pink", "hair10pink",
      "HAIR_RED", "hair2red", "hair3red", "hair4red", "hair5red",
      "hair6red", "hair7red", "hair8red", "hair9red", "hair10red",
      "HAIR_WHITE", "hair2white", "hair3white", "hair4white", "hair5white",
      "hair6white", "hair7white", "hair8white", "hair9white", "hair10white",
      "hair1aquajp", "hair1blackjp", "hair1blondjp", "hair1bluejp", "hair1brownjp",
      "hair1greenjp", "hair1greyjp", "hair1orangejp", "hair1pinkjp", "hair1purplejp",
      "hair1whitejp", "HAIR_BALD"
    ]
  },
  {
    "id": "hair1whitejp",
    "type": "mutation",
    "name": "Cute White Hair",
    "description": "You are wearing a white wig. ~Kawaii~",
    "points": 0,
    "starting_trait": false,
    "purifiable": false,
	"player_display": false,
	"types": "hair_style",
    "cancels": [
      "HAIR_BLACK", "hair2black", "hair3black", "hair4black", "hair5black",
      "hair6black", "hair7black", "hair8black", "hair9black", "hair10black",
      "HAIR_BLONDE", "hair2blond", "hair3blond", "hair4blond", "hair5blond",
      "hair6blond", "hair7blond", "hair8blond", "hair9blond", "hair10blond",
      "HAIR_BROWN", "hair2brown", "hair3brown", "hair4brown", "hair5brown",
      "hair6brown", "hair7brown", "hair8brown", "hair9brown", "hair10brown",
      "HAIR_GRAY", "hair2gray", "hair3gray", "hair4gray", "hair5gray",
      "hair6gray", "hair7gray", "hair8gray", "hair9gray", "hair10gray",
      "HAIR_PINK", "hair2pink", "hair3pink", "hair4pink", "hair5pink",
      "hair6pink", "hair7pink", "hair8pink", "hair9pink", "hair10pink",
      "HAIR_RED", "hair2red", "hair3red", "hair4red", "hair5red",
      "hair6red", "hair7red", "hair8red", "hair9red", "hair10red",
      "HAIR_WHITE", "hair2white", "hair3white", "hair4white", "hair5white",
      "hair6white", "hair7white", "hair8white", "hair9white", "hair10white",
      "hair1aquajp", "hair1blackjp", "hair1blondjp", "hair1bluejp", "hair1brownjp",
      "hair1greenjp", "hair1greyjp", "hair1orangejp", "hair1pinkjp", "hair1purplejp",
      "hair1redjp", "HAIR_BALD"
    ]
  }
]
