[
  {
    "id": "SKIN_DARK_JP",
    "type": "mutation",
    "name": "可爱深色皮肤",
    "description": "你的皮肤是可爱的深色。 ~Kawaii~",
    "points": 0,
    "starting_trait": false,
    "purifiable": false,
    "player_display": false,
	"types": "skin_tone",
    "cancels": [
      "PALE", "SKIN_DARK", "SKIN_LIGHT", "SKIN_MEDIUM", "SKIN_PINK", "SKIN_TAN",
      "SKIN_LIGHT_JP", "SKIN_MEDIUM_JP", "SKIN_PALE_JP", "SKIN_PINK_JP", "SKIN_TAN_JP"
    ]
  },
  {
    "id": "SKIN_LIGHT_JP",
    "type": "mutation",
    "name": "可爱浅色皮肤",
    "description": "你的皮肤是可爱的浅色。 ~Kawaii~",
    "points": 0,
    "starting_trait": false,
    "purifiable": false,
    "player_display": false,
	"types": "skin_tone",
    "cancels": [
      "PALE", "SKIN_DARK", "SKIN_LIGHT", "SKIN_MEDIUM", "SKIN_PINK", "SKIN_TAN",
      "SKIN_DARK_JP", "SKIN_MEDIUM_JP", "SKIN_PALE_JP", "SKIN_PINK_JP", "SKIN_TAN_JP"
    ]
  },
  {
    "id": "SKIN_MEDIUM_JP",
    "type": "mutation",
    "name": "可爱一般皮肤",
    "description": "你的皮肤是可爱的通常色调。 ~Kawaii~",
    "points": 0,
    "starting_trait": false,
    "purifiable": false,
    "player_display": false,
	"types": "skin_tone",
    "cancels": [
      "PALE", "SKIN_DARK", "SKIN_LIGHT", "SKIN_MEDIUM", "SKIN_PINK", "SKIN_TAN",
      "SKIN_DARK_JP", "SKIN_LIGHT_JP", "SKIN_PALE_JP", "SKIN_PINK_JP", "SKIN_TAN_JP"
    ]
  },
  {
    "id": "SKIN_PALE_JP",
    "type": "mutation",
    "name": "可爱苍白色皮肤",
    "description": "你的皮肤是可爱的苍白色。（?） ~Kawaii~",
    "points": 0,
    "starting_trait": false,
    "purifiable": false,
    "player_display": false,
	"types": "skin_tone",
    "cancels": [
      "PALE", "SKIN_DARK", "SKIN_LIGHT", "SKIN_MEDIUM", "SKIN_PINK", "SKIN_TAN",
      "SKIN_DARK_JP", "SKIN_LIGHT_JP", "SKIN_MEDIUM_JP", "SKIN_PINK_JP", "SKIN_TAN_JP"
    ]
  },
  {
    "id": "SKIN_PINK_JP",
    "type": "mutation",
    "name": "可爱粉色皮肤",
    "description": "你的皮肤是可爱的粉色。 ~Kawaii~",
    "points": 0,
    "starting_trait": false,
    "purifiable": false,
    "player_display": false,
	"types": "skin_tone",
    "cancels": [
      "PALE", "SKIN_DARK", "SKIN_LIGHT", "SKIN_MEDIUM", "SKIN_PINK", "SKIN_TAN",
      "SKIN_DARK_JP", "SKIN_LIGHT_JP", "SKIN_MEDIUM_JP", "SKIN_PALE_JP", "SKIN_TAN_JP"
    ]
  },
  {
    "id": "SKIN_TAN_JP",
    "type": "mutation",
    "name": "可爱黝黑皮肤",
    "description": "你的皮肤是可爱的黝黑色。（?） ~Kawaii~",
    "points": 0,
    "starting_trait": false,
    "purifiable": false,
    "player_display": false,
	"types": "skin_tone",
    "cancels": [
      "PALE", "SKIN_DARK", "SKIN_LIGHT", "SKIN_MEDIUM", "SKIN_PINK", "SKIN_TAN",
      "SKIN_DARK_JP", "SKIN_LIGHT_JP", "SKIN_MEDIUM_JP", "SKIN_PALE_JP", "SKIN_PINK_JP"
    ]
  }
]
