[
  {
    "type": "MOD_INFO",
    "ident": "zets_hair_extensions",
    "name": "Zetsukaze的发型mod - 0.D 版本",
    "authors": [ "Zetsukaze" ],
    "maintainers": [ "Zetsukaze" ],
    "description": "添加了适用于DeadPeople贴图包的头发、眼睛和胡须.  调整以兼容0.D版本 \n 译者注：为什么不好好写说明啊害得我查了半天发型胡须型的名字和描述……你们面对的不是只有数字还不快谢谢我（x）",
    "category": "misc_additions",
    "dependencies": [ "dda", "npc_traits" ]
  }
]
