[
  {
    "type": "overlay_order",
    "overlay_ordering": [
      {
        "id": [
          "PALE",
          "SKIN_DARK",
          "SKIN_DARK_JP",
          "SKIN_LIGHT",
          "SKIN_LIGHT_JP",
          "SKIN_MEDIUM",
          "SKIN_MEDIUM_JP",
          "SKIN_PALE_JP",
          "SKIN_PINK",
          "SKIN_PINK_JP",
          "SKIN_TAN",
          "SKIN_TAN_JP",
          "SKIN_YELLOW"
        ],
        "order": 1001
      },
      {
        "id": [
          "EYE_BLUE",
          "EYE_BLUE_JP",
          "EYE_BLUE_JP_2",
          "EYE_BROWN",
          "EYE_BROWN_JP",
          "EYE_BROWN_JP_2",
          "EYE_GRAY",
          "EYE_GRAY_JP",
          "EYE_GRAY_JP_2",
          "EYE_GREEN",
          "EYE_GREEN_JP",
          "EYE_GREEN_JP_2",
          "EYE_PURPLE_JP",
          "EYE_PURPLE_JP_2",
          "EYE_RED",
          "EYE_RED_JP",
          "EYE_RED_JP_2",
          "EYE_YELLOW",
          "EYE_YELLOW_JP",
          "EYE_YELLOW_JP_2"
        ],
        "order": 1002
      },
      {
        "id": [
          "DENSE_FRECKLES",
          "LIGHT_FRECKLES"
        ],
        "order": 1003
      },
      {
        "id": [
          "LIGHTFUR"
        ],
        "order": 1500
      },
      {
        "id": [
          "hair1aquajp",
          "hair1blackjp",
          "hair1blondejp",
          "hair1bluejp",
          "hair1brownjp",
          "hair1greenjp",
          "hair1greyjp",
          "hair1orangejp",
          "hair1pinkjp",
          "hair1purplejp",
          "hair1redjp",
          "hair1whitejp",
          "hair2black",
          "hair2blonde",
          "hair2brown",
          "hair2gray",
          "hair2pink",
          "hair2red",
          "hair2white",
          "hair3black",
          "hair3blonde",
          "hair3brown",
          "hair3gray",
          "hair3pink",
          "hair3red",
          "hair3white",
          "hair4black",
          "hair4blonde",
          "hair4brown",
          "hair4gray",
          "hair4pink",
          "hair4red",
          "hair4white",
          "hair5black",
          "hair5blonde",
          "hair5brown",
          "hair5gray",
          "hair5pink",
          "hair5red",
          "hair5white",
          "hair6black",
          "hair6blonde",
          "hair6brown",
          "hair6gray",
          "hair6pink",
          "hair6red",
          "hair6white",
          "hair7black",
          "hair7blonde",
          "hair7brown",
          "hair7gray",
          "hair7pink",
          "hair7red",
          "hair7white",
          "hair8black",
          "hair8blonde",
          "hair8brown",
          "hair8gray",
          "hair8pink",
          "hair8red",
          "hair8white",
          "hair9black",
          "hair9blonde",
          "hair9brown",
          "hair9gray",
          "hair9pink",
          "hair9red",
          "hair9white",
          "hair10black",
          "hair10blonde",
          "hair10brown",
          "hair10gray",
          "hair10pink",
          "hair10red",
          "hair10white",
          "HAIR_BALD",
          "HAIR_BLACK",
          "HAIR_BLONDE",
          "HAIR_BROWN",
          "HAIR_GRAY",
          "HAIR_PINK",
          "HAIR_RED",
          "HAIR_WHITE"
        ],
        "order": 1501
      },
      {
        "id": [
          "LEAVES"
        ],
        "order": 1502
      }
    ]
  }
]
