[
  {
    "type": "trait_group",
    "id": "Appearance_Irish",
    "subtype": "collection",
    "traits": [ { "group": "Eyes_Irish", "prob": 100 }, { "group": "Skin_Freckles", "prob": 70 } ]
  },
  {
    "type": "trait_group",
    "id": "Appearance_Caucasian",
    "subtype": "collection",
    "traits": [ { "group": "Eyes_Any", "prob": 100 }, { "group": "Skin_Freckles", "prob": 50 } ]
  },
  {
    "type": "trait_group",
    "id": "Appearance_Germanic",
    "subtype": "collection",
    "traits": [ { "group": "Eyes_Fair", "prob": 100 }, { "group": "Skin_Freckles", "prob": 50 } ]
  },
  {
    "type": "trait_group",
    "id": "Appearance_Latin",
    "subtype": "collection",
    "traits": [ { "group": "Eyes_Medium", "prob": 100 }, { "group": "Skin_Freckles", "prob": 20 } ]
  },
  {
    "type": "trait_group",
    "id": "Appearance_African",
    "subtype": "collection",
    "traits": [ { "group": "Eyes_Dark", "prob": 100 }, { "group": "Skin_Freckles", "prob": 5 } ]
  },
  {
    "type": "trait_group",
    "id": "Appearance_EastAsian",
    "subtype": "collection",
    "traits": [ { "group": "Eyes_Medium", "prob": 100 }, { "group": "Skin_Freckles", "prob": 5 } ]
  },
  {
    "type": "trait_group",
    "id": "Appearance_SouthAsian",
    "subtype": "collection",
    "traits": [ { "group": "Eyes_Dark", "prob": 100 }, { "group": "Skin_Freckles", "prob": 5 } ]
  },
  {
    "type": "trait_group",
    "id": "Appearance_Mixed",
    "subtype": "collection",
    "traits": [ { "group": "Eyes_Any", "prob": 100 }, { "group": "Skin_Freckles", "prob": 40 } ]
  },
  {
    "type": "trait_group",
    "id": "Skin_Freckles",
    "subtype": "collection",
    "traits": [
      { "trait": "DENSE_FRECKLES", "prob": 25 },
      { "trait": "LIGHT_FRECKLES", "prob": 45 }
    ]
  },
  {
    "type": "trait_group",
    "id": "Eyes_Any",
    "subtype": "distribution",
    "traits": [
      { "trait": "EYE_BROWN", "prob": 25 },
      { "trait": "EYE_GRAY", "prob": 25 },
      { "trait": "EYE_GREEN", "prob": 25 },
      { "trait": "EYE_BLUE", "prob": 25 }
    ]
  },
  {
    "type": "trait_group",
    "id": "Eyes_Irish",
    "subtype": "distribution",
    "traits": [
      { "trait": "EYE_GREEN", "prob": 40 },
      { "trait": "EYE_BLUE", "prob": 30 },
      { "trait": "EYE_GRAY", "prob": 20 },
      { "trait": "EYE_BROWN", "prob": 10 }
    ]
  },
  {
    "type": "trait_group",
    "id": "Eyes_Fair",
    "subtype": "distribution",
    "traits": [
      { "trait": "EYE_BLUE", "prob": 40 },
      { "trait": "EYE_GREEN", "prob": 20 },
      { "trait": "EYE_GRAY", "prob": 20 },
      { "trait": "EYE_BROWN", "prob": 20 }
    ]
  },
  {
    "type": "trait_group",
    "id": "Eyes_Medium",
    "subtype": "distribution",
    "traits": [
      { "trait": "EYE_BROWN", "prob": 65 },
      { "trait": "EYE_GRAY", "prob": 33 },
      { "trait": "EYE_GREEN", "prob": 1 },
      { "trait": "EYE_BLUE", "prob": 1 }
    ]
  },
  {
    "type": "trait_group",
    "id": "Eyes_Dark",
    "subtype": "distribution",
    "traits": [
      { "trait": "EYE_BROWN", "prob": 75 },
      { "trait": "EYE_GRAY", "prob": 23 },
      { "trait": "EYE_GREEN", "prob": 1 },
      { "trait": "EYE_BLUE", "prob": 1 }
    ]
  },
  {
    "type": "trait_group",
    "id": "Eyes_ContactLens",
    "subtype": "distribution",
    "traits": [
      { "trait": "EYE_BLUE" },
      { "trait": "EYE_BROWN" },
      { "trait": "EYE_GRAY" },
      { "trait": "EYE_GREEN" },
      { "trait": "EYE_RED" },
      { "trait": "EYE_YELLOW" }
    ]
  }
]
