[
	{
		"id": "zh_xy",
		"type": "TOOL",
		"symbol": "R",
		"color": "light_green",
		"name": "破旧的石碑",
		"description": "石碑上刻着:力拔山兮气盖世，时不利兮骓不逝，骓不逝兮可奈何，虞兮虞兮奈若何!.",
		"price": 100,
		"material": ["stone"],
		"weight": 300,
		"volume": 100,
		"bashing": 6,
		"cutting": 6,
		"to_hit": -3,
		"use_action": {
			"type": "place_monster",
			"monster_id": "boss_xy",
			"difficulty": 100,
			"skill1": "electronics",
			"skill2": "computer",
			"skill3": "WX_SKILL-LQ",
			"hostile_msg": "你召唤出了项羽！",
			"friendly_msg": "附近出现了一个人影。.",
			"place_randomly": true,
			"moves": 0 }
		},
	{
		"id": "zh_zy",
		"type": "TOOL",
		"symbol": "R",
		"color": "light_green",
		"name": "断裂的长枪",
		"description": "一把断裂的长枪.",
		"price": 100,
		"material": ["steel"],
		"weight": 300,
		"volume": 10,
		"bashing": 6,
		"cutting": 6,
		"to_hit": -3,
		"use_action": {
			"type": "place_monster",
			"monster_id": "boss_zhaoyun",
			"difficulty": 100,
			"skill1": "electronics",
			"skill2": "computer",
			"skill3": "WX_SKILL-LQ",
			"hostile_msg": "你召唤出了赵云！",
			"friendly_msg": "附近出现了一个人影。.",
			"place_randomly": true,
			"moves": 0 }
		}
		]