[
  {
    "id": "bio_laser_minigun",
    "type": "GUN",
    "name": "激光加特林臂枪",
    "description": "你的左臂现在变成了ups供能的激光加特林枪。可以像其他枪一样开火。",
    "volume": 12,
    "price": 0,
    "material": [ "steel", "plastic" ],
    "symbol": "(",
    "color": "magenta",
    "skill": "rifle",
    "range": 30,
    "ranged_damage": 20,
    "pierce": 15,
    "dispersion": 10,
    "sight_dispersion": 150,
    "aim_speed": 0,
    "durability": 10,
    "modes": [ [ "DEFAULT", "auto", 5 ] ],
    "reload": 500,
    "ammo_effects": [ "LASER", "INCENDIARY" ],
    "flags": [ "NEVER_JAMS", "TRADER_AVOID" ]
  },
  {
    "type": "bionic",
    "id": "bio_laser_armgun",
    "name": "激光加特林臂枪",
    "//": "To be re-added if this ever gets accessible in JSON: However, you are unable to use or carry two-handed items, and your strength limits what you can use with your one hand.",
    "occupied_bodyparts": [ [ "ARM_L", 20 ], [ "HAND_L", 5 ] ],
    "act_cost": "50 kJ",
    "fake_item": "bio_laser_minigun",
    "description": "你的左臂已经装备了一组激光加特林步枪！可以用你的能量库发射一连串的激光。",
    "flags": [ "BIONIC_GUN" ]
  },
  {
    "id": "bio_laser_armgun",
    "copy-from": "bionic_general",
    "type": "BIONIC_ITEM",
    "name": "激光加特林臂枪CBM",
    "description": "你的左臂已经装备了一组激光加特林步枪！可以用你的能量库发射一连串的激光。A",
    "price": 220000,
    "difficulty": 3
  },
  {
    "type": "GENERIC",
    "id": "bio_sword_weapon",
    "name": "单分子剑",
    "description": "一把由高科技合金制成，并且镶有纳米晶体的长剑。",
    "weight": 100,
    "to_hit": 3,
    "color": "dark_gray",
    "symbol": "{",
    "material": [ "superalloy" ],
    "techniques": [ "RAPID", "WBLOCK_2" ],
    "volume": 9,
    "cutting": 38,
    "flags": [ "NO_UNWIELD", "UNBREAKABLE_MELEE", "TRADER_AVOID" ],
    "qualities": [ [ "CUT", 1 ], [ "BUTCHER", 20 ] ]
  },
  {
    "type": "bionic",
    "id": "bio_sword",
    "name": "单分子剑",
    "occupied_bodyparts": [ [ "ARM_R", 5 ], [ "HAND_R", 2 ] ],
    "act_cost": "1 kJ",
    "fake_item": "bio_sword_weapon",
    "description": "一种由先进材料制成的致命长刃，现在就在你的前臂里，消耗少量能量从你的手腕背部弹出。虽然它非常锋利，但它展开时会妨碍你拿取东西。",
    "flags": [ "BIONIC_TOGGLED", "BIONIC_WEAPON" ]
  },
  {
    "id": "bio_sword",
    "copy-from": "bionic_general",
    "type": "BIONIC_ITEM",
    "name": "单分子剑CBM",
    "description": "一种由先进材料制成的致命长刃，现在就在你的前臂里，消耗少量能量从你的手腕背部弹出。虽然它非常锋利，但它展开时会妨碍你拿取东西。",
    "price": 8000,
    "difficulty": 8
  },
  {
    "id": "bio_flamethrower_gun",
    "type": "GUN",
    "name": "双手火焰喷射器",
    "description": "植入你的手掌的紧凑型火焰喷射器系统，在空气中使用仿生能量和氧气喷射火焰，可以像其他枪一样使用。",
    "volume": 12,
    "price": 0,
    "material": [ "steel", "plastic" ],
    "symbol": "(",
    "color": "red",
    "skill": "rifle",
    "range": 5,
    "ranged_damage": 5,
    "pierce": 0,
    "dispersion": 300,
    "sight_dispersion": 150,
    "aim_speed": 8,
    "durability": 10,
    "modes": [ [ "DEFAULT", "auto", 5 ] ],
    "reload": 500,
    "ammo_effects": [ "FLAME", "INCENDIARY" ],
    "flags": [ "NEVER_JAMS", "TRADER_AVOID" ]
  },
  {
    "type": "bionic",
    "id": "bio_flamethrower",
    "name": "双手火焰喷射器",
    "occupied_bodyparts": [ [ "HAND_R", 2 ], [ "HAND_L", 2 ] ],
    "act_cost": "100 kJ",
    "fake_item": "bio_flamethrower_gun",
    "description": "植入你的手掌的紧凑型火焰喷射器系统，在空气中使用生化能量和氧气喷射火焰，可以像其他枪一样使用。",
    "flags": [ "BIONIC_GUN" ]
  },
  {
    "id": "bio_flamethrower",
    "copy-from": "bionic_general",
    "type": "BIONIC_ITEM",
    "name": "双手火焰喷射器CBM",
    "description": "植入你的手掌的紧凑型火焰喷射器系统，在空气中使用生化能量和氧气喷射火焰，可以像其他枪一样使用。",
    "price": 220000,
    "difficulty": 4
	},
  {
    "id": "bio_plasma_cell",
    "type": "bionic",
    "name": { "str": "等离子脉冲电池" },
    "//": "Spikes of power at low efficiency because the available fuels have much smaller stack sizes than most fuels.  Since hydrogen is energy-dense, power per unit is massive.",
    "description": "植入你胸腔的一种小型的先进氢燃料电池。它被设计用高峰值功率来为高强度军事性应用发电，比传统的氢燃料电池效率低得多，但每一个脉冲都可以提供最大功率。每一个脉冲都会释放出一股强烈的热量，使得它在有限的空间里变得危险。它既可以储存氢气，也可以使用密度更大的军用级氢气罐。",
    "occupied_bodyparts": [ [ "TORSO", 15 ] ],
    "encumbrance": [ [ "TORSO", 5 ] ],
    "fuel_options": [ "c_hydrogen_gas", "plasma" ],
    "fuel_capacity": 8,
    "fuel_efficiency": 0.25,
    "exothermic_power_gen": true,
    "time": 1,
    "flags": [ "BIONIC_TOGGLED", "BIONIC_POWER_SOURCE", "BIONIC_NPC_USABLE" ]
  },
  {
    "id": "bio_plasma_cell",
    "copy-from": "bionic_general",
    "type": "BIONIC_ITEM",
    "name": "等离子脉冲电池",
    "looks_like": "bio_fuel_cell_gasoline",
    "description": "这种植入体提供了一个实验性的军用氢电池，能够以高峰值功率发电用于高强度使用。它的加压储存网络可以储存500毫升氢气，或者等离子武器中使用的密度更高的氢气罐。建议不要在狭窄的空间里使用它，如果在军事行动中使用，由于发热严重，要注意保持移动散热。",
    "price": 450000,
    "weight": "600 g",
    "difficulty": 7
   },
  {
    "type": "GENERIC",
    "//": "pseudo item, used as fuel type for atomic battery CBM",
    "id": "c_atomic_battery_power",
    "symbol": "?",
    "color": "white",
    "name": { "str": "阿尔法电流", "str_pl": "none" },
    "description": "看见这个说明是一个bug。",
    "stackable": true,
    "price": 0,
    "volume": "0 ml",
    "flags": [ "PSEUDO", "PERPETUAL" ],
    "fuel": { "energy": 1 }
  },
  {
    "id": "bio_atomic_battery",
    "//": "This actually does nothing useful, see below.",
    "type": "bionic",
    "name": { "str": "原子电池" },
    "description": "你的身体被植入了一个小型的先进钚电池发生器，用于军事用途。  一个真正意义上的原子电池，利用先进的材料，创造一个实用的阿尔法电源。虽然它的功率输出仍然很低，但它的余热也可以忽略不计，这使得它成为另一种发电方法的有用备份形式。它将持续产生电力，除非中断由整体断开开关。",
    "occupied_bodyparts": [ [ "TORSO", 20 ] ],
    "included_bionics": [ "bio_atomic_battery_2" ],
    "flags": [ "BIONIC_NPC_USABLE", "BIONIC_SHOCKPROOF" ]
  },
  {
    "id": "bio_atomic_battery_2",
    "//": "This hides where the actual powergen is defined.  Toggling pure-passive powergen screws up the logic such that it'll only work when off, so of course turning it on needs to be disguised as a safety switch.  5 watts, closer to a bank of RHUs than an RTG, but it outputs ",
    "type": "bionic",
    "name": { "str": "原子电池断续器" },
    "description": "一种集成的安全机制，可以随时关闭电力生产。其工作原理是通过放置钚催化剂来控制alpha衰变对产生能量的高级纳米化合物的影响程度。打开它来停止电力产生，在不太可能的情况下，它会变得必要。",
    "fuel_options": [ "c_atomic_battery_power" ],
    "passive_fuel_efficiency": 0.005,
    "time": 1,
    "flags": [ "BIONIC_TOGGLED", "BIONIC_POWER_SOURCE", "BIONIC_SHOCKPROOF" ]
  },
  {
    "id": "bio_atomic_battery",
    "copy-from": "bionic_general",
    "type": "BIONIC_ITEM",
    "name": "原子电池CBM",
    "description": "这是一种老式的非热同位素发生器，利用高级的钚催化剂开发，赋予其新的生命和军事用途。有效地，把钚燃料电池转换成伏打电池，具有比旧的植入物更大的功率输出和更长的寿命。它的输出功率仍然很低，只有5瓦，但它是连续的，除非故意中断提供的断开系统，这使它成为一个很好的发电方式",
    "price": 800000,
    "difficulty": 8
  },
  {
    "id": "bio_atomic_battery_2",
    "//": "Never actually exists, only needed by bionic code for unknown reason to avoid load error.",
    "copy-from": "bionic_general",
    "type": "BIONIC_ITEM",
    "name": "原子电池断续器",
    "description": "一种能量控制和安全机制系统，通常建立在原子电池系统中。几乎可以肯定，移除它是个坏主意。"
  }
]
