[
  {
    "type": "effect_type",
    "id": "rtg_induction_radiation",
    "max_duration": "2 m",
    "base_mods": { "rad_min": [ 1 ] }
  },
  {
    "type": "effect_type",
    "id": "adrenaline_bioweapon",
    "name": [ "奋力一击", "嗜血" ],
    "desc": [ "你感到身心疲惫，内心空虚。", "你渴望鲜血！" ],
    "apply_message": "你感到肾上腺素不自然的激增！",
    "rating": "good",
    "decay_messages": [ [ "你的嗜血欲望消失了。你感觉糟透了！", "真糟糕" ] ],
    "miss_messages": [ [ "你十分讨厌疲倦的感觉。", 1 ] ],
    "max_duration": "200 s",
    "max_intensity": 2,
    "int_dur_factor": "180 s",
    "removes_effects": [ "winded", "bleed" ],
    "base_mods": {
      "speed_mod": [ -15 ],
      "str_mod": [ -2 ],
      "dex_mod": [ -2 ],
      "int_mod": [ -2 ],
      "per_mod": [ -1 ],
      "stamina_min": [ -2 ]
    },
    "scaling_mods": {
      "speed_mod": [ 30 ],
      "str_mod": [ 4 ],
      "dex_mod": [ 4 ],
      "int_mod": [ -1 ],
      "per_mod": [ 1 ],
      "stamina_min": [ 4 ]
    }
  }
]
