[
  {
    "id": "camping",
    "type": "item_group",
    "items": [ [ "surcan", 10 ], [ "hammer_multitool", 10 ], [ "parawatch", 10 ], [ "parabracelets", 10 ] ]
  },
  {
    "id": "sports",
    "type": "item_group",
    "items": [ [ "surcan", 10 ], [ "hammer_multitool", 10 ], [ "parawatch", 10 ], [ "parabracelets", 10 ] ]
  },
  {
    "id": "allsporting",
    "type": "item_group",
    "items": [ [ "surcan", 10 ], [ "hammer_multitool", 10 ], [ "parawatch", 10 ], [ "parabracelets", 10 ] ]
  },
  {
    "id": "gunmod_rare",
    "type": "item_group",
    "items": [
      [ "auto_case", 10 ],
      [ "fr_22", 2 ],
      [ "fr_223", 2 ],
      [ "fr_308", 2 ],
      [ "fr_9mm", 2 ],
      [ "fr_12", 2 ],
      [ "fr_762", 2 ],
      [ "fr_762R", 2 ],
      [ "22aux", 1 ],
      [ "9mmaux", 1 ],
      [ "45aux", 1 ]
    ]
  },
  {
    "id": "cop_evidence",
    "type": "item_group",
    "items": [
      [ "auto_case", 10 ],
      [ "fr_22", 2 ],
      [ "fr_223", 2 ],
      [ "fr_308", 2 ],
      [ "fr_9mm", 2 ],
      [ "fr_12", 2 ],
      [ "fr_762", 2 ],
      [ "22aux", 1 ],
      [ "9mmaux", 1 ],
      [ "45aux", 1 ],
      [ "aux_flamer_diesel", 1 ]
    ]
  },
  {
    "id": "contraband",
    "type": "item_group",
    "items": [
      [ "auto_case", 10 ],
      [ "fr_22", 2 ],
      [ "fr_223", 2 ],
      [ "fr_308", 2 ],
      [ "fr_9mm", 2 ],
      [ "fr_12", 2 ],
      [ "fr_762", 2 ],
      [ "22aux", 1 ],
      [ "9mmaux", 1 ],
      [ "45aux", 1 ],
      [ "aux_flamer_diesel", 1 ]
    ]
  },
  {
    "id": "lmoe_guns",
    "type": "item_group",
    "items": [
      [ "auto_case", 10 ],
      [ "fr_22", 2 ],
      [ "fr_223", 2 ],
      [ "fr_308", 2 ],
      [ "fr_9mm", 2 ],
      [ "fr_12", 2 ],
      [ "fr_762", 2 ],
      [ "22aux", 1 ],
      [ "9mmaux", 1 ],
      [ "45aux", 1 ]
    ]
  },
  {
    "id": "vault",
    "type": "item_group",
    "items": [
      [ "auto_case", 10 ],
      [ "fr_22", 2 ],
      [ "fr_223", 2 ],
      [ "fr_308", 2 ],
      [ "fr_9mm", 2 ],
      [ "fr_12", 2 ],
      [ "fr_762", 2 ],
      [ "22aux", 1 ],
      [ "9mmaux", 1 ],
      [ "45aux", 1 ],
      [ "lmil_armor", 1 ],
      [ "mil_armor", 1 ],
      [ "hmil_armor", 1 ],
      { "group": "ammo_atomic_batteries", "prob": 25 }
    ]
  },
  {
    "id": "mil_hw",
    "type": "item_group",
    "items": [ [ "lmil_armor", 2 ], [ "mil_armor", 2 ], [ "hmil_armor", 2 ] ]
  },
  {
    "id": "military",
    "type": "item_group",
    "items": [
      [ "lmil_armor", 1 ],
      [ "mil_armor", 1 ],
      [ "hmil_armor", 1 ],
      [ "neo_laser_pistol", 2 ],
      [ "akro_laser_smg", 2 ],
      [ "arc_laser_rifle", 2 ],
      [ "krx_laser_lmg", 2 ],
      [ "mx_laser_sniper", 2 ],
      [ "xarm_laser_shotgun", 2 ],
      [ "br_bolt_rifle_elec", 2 ],
      [ "mk_ionic_cannon", 2 ],
      [ "megamap", 5 ],
      [ "stim", 5 ],
      [ "stealth_cloak_f", 3 ],
      [ "boots_stealth", 3 ],
      { "group": "ammo_atomic_batteries", "prob": 5 }
    ]
  },
  {
    "id": "mil_surplus",
    "type": "item_group",
    "items": [ [ "mil_surp_pack_1", 1 ], [ "mil_surp_pack_2", 1 ], [ "mil_surp_pack_3", 1 ] ]
  },
  {
    "id": "survivorzed_extra",
    "type": "item_group",
    "items": [
      [ "auto_case", 30 ],
      [ "fr_22", 6 ],
      [ "fr_223", 6 ],
      [ "fr_308", 6 ],
      [ "fr_9mm", 6 ],
      [ "fr_12", 6 ],
      [ "fr_762", 6 ],
      [ "22aux", 2 ],
      [ "9mmaux", 2 ],
      [ "45aux", 2 ],
      [ "sur_pnu_lmg", 2 ],
      [ "survbow", 2 ],
      [ "surv_sniper", 2 ],
      [ "elc_bld", 2 ],
      [ "recipe_surv", 2 ],
      [ "manual_surv_com", 1 ],
      [ "manual_biojutsu", 1 ]
    ]
  },
  {
    "id": "mansion_bookcase",
    "type": "item_group",
    "subtype": "collection",
    "groups": [ [ "encylopedias_rare", 5 ] ]
  },
  {
    "id": "encylopedias_common",
    "type": "item_group",
    "items": [
      [ "encyclopedia_mechanics", 1 ],
      [ "encyclopedia_fabrication", 1 ],
      [ "encyclopedia_archery", 1 ],
      [ "encyclopedia_barter", 1 ],
      [ "encyclopedia_bashing", 1 ],
      [ "encyclopedia_computer", 1 ],
      [ "encyclopedia_cooking", 1 ],
      [ "encyclopedia_cutting", 1 ],
      [ "encyclopedia_dodge", 1 ],
      [ "encyclopedia_driving", 1 ],
      [ "encyclopedia_electronics", 1 ],
      [ "encyclopedia_firstaid", 1 ],
      [ "encyclopedia_gun", 1 ],
      [ "encyclopedia_launcher", 1 ],
      [ "encyclopedia_melee", 1 ],
      [ "encyclopedia_pistol", 1 ],
      [ "encyclopedia_rifle", 1 ],
      [ "encyclopedia_shotgun", 1 ],
      [ "encyclopedia_smg", 1 ],
      [ "encyclopedia_speech", 1 ],
      [ "encyclopedia_stabbing", 1 ],
      [ "encyclopedia_survival", 1 ],
      [ "encyclopedia_swimming", 1 ],
      [ "encyclopedia_tailor", 1 ],
      [ "encyclopedia_throw", 1 ],
      [ "encyclopedia_traps", 1 ],
      [ "encyclopedia_unarmed", 1 ]
    ]
  },
  {
    "id": "encylopedias_rare",
    "type": "item_group",
    "items": [
      [ "encyclopedia_mechanics_advance", 1 ],
      [ "encyclopedia_fabrication_advance", 1 ],
      [ "encyclopedia_archery_advance", 1 ],
      [ "encyclopedia_barter_advance", 1 ],
      [ "encyclopedia_bashing_advance", 1 ],
      [ "encyclopedia_computer_advance", 1 ],
      [ "encyclopedia_cooking_advance", 1 ],
      [ "encyclopedia_cutting_advance", 1 ],
      [ "encyclopedia_dodge_advance", 1 ],
      [ "encyclopedia_driving_advance", 1 ],
      [ "encyclopedia_electronics_advance", 1 ],
      [ "encyclopedia_firstaid_advance", 1 ],
      [ "encyclopedia_gun_advance", 1 ],
      [ "encyclopedia_launcher_advance", 1 ],
      [ "encyclopedia_melee_advance", 1 ],
      [ "encyclopedia_pistol_advance", 1 ],
      [ "encyclopedia_rifle_advance", 1 ],
      [ "encyclopedia_shotgun_advance", 1 ],
      [ "encyclopedia_smg_advance", 1 ],
      [ "encyclopedia_speech_advance", 1 ],
      [ "encyclopedia_stabbing_advance", 1 ],
      [ "encyclopedia_survival_advance", 1 ],
      [ "encyclopedia_swimming_advance", 1 ],
      [ "encyclopedia_tailor_advance", 1 ],
      [ "encyclopedia_throw_advance", 1 ],
      [ "encyclopedia_traps_advance", 1 ],
      [ "encyclopedia_unarmed_advance", 1 ]
    ]
  },
  {
    "id": "homebooks",
    "type": "item_group",
    "items": [
      [ "recipe_surv", 1 ],
      [ "manual_surv_com", 1 ],
      [ "manual_biojutsu", 1 ],
      { "group": "encylopedias_common", "prob": 1 }
    ]
  },
  {
    "id": "manuals",
    "type": "item_group",
    "items": [
      [ "recipe_surv", 1 ],
      [ "manual_surv_com", 1 ],
      [ "manual_biojutsu", 1 ],
      { "group": "encylopedias_common", "prob": 1 }
    ]
  },
  {
    "id": "mansion_books",
    "type": "item_group",
    "items": [
      [ "recipe_surv", 2 ],
      [ "manual_surv_com", 1 ],
      [ "manual_biojutsu", 1 ],
      { "group": "encylopedias_common", "prob": 5 }
    ]
  },
  {
    "id": "shelter",
    "type": "item_group",
    "items": [
      [ "recipe_surv", 1 ],
      [ "manual_surv_com", 1 ],
      [ "manual_biojutsu", 1 ],
      { "group": "encylopedias_common", "prob": 1 },
      [ "biomap", 1 ]
    ]
  },
  {
    "id": "textbooks",
    "type": "item_group",
    "items": [
      [ "recipe_surv", 2 ],
      [ "manual_surv_com", 1 ],
      [ "manual_biojutsu", 1 ],
      { "group": "encylopedias_common", "prob": 1 }
    ]
  },
  {
    "id": "gear_survival",
    "type": "item_group",
    "items": [ { "group": "encylopedias_common", "prob": 10 }, { "group": "encylopedias_rare", "prob": 5 }, [ "biomap", 1 ] ]
  },
  {
    "id": "helicopter",
    "type": "item_group",
    "items": [
      [ "neo_laser_pistol", 2 ],
      [ "akro_laser_smg", 2 ],
      [ "arc_laser_rifle", 2 ],
      [ "krx_laser_lmg", 2 ],
      [ "mx_laser_sniper", 2 ],
      [ "xarm_laser_shotgun", 2 ],
      [ "br_bolt_rifle_elec", 2 ],
      [ "mk_ionic_cannon", 2 ],
      [ "cbm_rtg_inductor", 1 ],
      { "group": "ammo_atomic_batteries_full", "prob": 5 }
    ]
  },
  {
    "id": "science",
    "type": "item_group",
    "items": [
      [ "neo_laser_pistol", 2 ],
      [ "akro_laser_smg", 2 ],
      [ "arc_laser_rifle", 2 ],
      [ "krx_laser_lmg", 2 ],
      [ "mx_laser_sniper", 2 ],
      [ "xarm_laser_shotgun", 2 ],
      [ "br_bolt_rifle_elec", 2 ],
      [ "mk_ionic_cannon", 2 ],
      [ "megamap", 2 ],
      [ "stim", 5 ],
      [ "stealth_cloak_f", 1 ],
      [ "boots_stealth", 2 ],
      [ "goggles_nv_clairvoyance", 2 ],
      [ "flesh_knife", 2 ],
      [ "flesh_pistol", 2 ],
      [ "flesh_weapon_kit", 2 ],
      [ "evil_invitation", 2 ],
      [ "omnitech_weapon_ups_kit", 2 ],
      [ "omnitech_weapon_ups_manual", 2 ],
      [ "blood_m", 2 ],
      [ "blood_p", 2 ],
      [ "anesthetic_kit", 2 ],
      { "group": "ammo_atomic_batteries", "prob": 10 }
    ]
  },
  {
    "id": "rare",
    "type": "item_group",
    "items": [
      [ "neo_laser_pistol", 2 ],
      [ "akro_laser_smg", 2 ],
      [ "arc_laser_rifle", 2 ],
      [ "krx_laser_lmg", 2 ],
      [ "mx_laser_sniper", 2 ],
      [ "xarm_laser_shotgun", 2 ],
      [ "br_bolt_rifle_elec", 2 ],
      [ "mk_ionic_cannon", 2 ],
      [ "megamap", 2 ],
      [ "stim", 2 ],
      [ "stealth_cloak_f", 2 ],
      [ "boots_stealth", 2 ],
      [ "goggles_nv_clairvoyance", 2 ],
      [ "blood_m", 1 ],
      [ "blood_p", 1 ],
      [ "cbm_rtg_inductor", 1 ],
      { "group": "ammo_atomic_batteries", "prob": 10 }
    ]
  },
  {
    "id": "mut_lab",
    "type": "item_group",
    "items": [ [ "biomap", 1 ] ]
  },
  {
    "id": "traveler",
    "type": "item_group",
    "items": [ [ "biomap", 1 ], [ "dress_skirt", 75 ], [ "microskirt", 10 ], [ "fancy_bra", 30 ], [ "thong", 30 ] ]
  },
  {
    "id": "bionics",
    "type": "item_group",
    "items": [
      [ "bio_laser_armgun", 10 ],
      [ "bio_sword", 5 ],
      [ "bio_flamethrower", 5 ],
      [ "bio_plasma_cell", 5 ],
      [ "bio_atomic_battery", 10 ]
    ]
  },
  {
    "id": "bionics_mil",
    "type": "item_group",
    "items": [
      [ "bio_laser_armgun", 10 ],
      [ "bio_sword", 2 ],
      [ "bio_flamethrower", 5 ],
      [ "bio_plasma_cell", 10 ],
      [ "bio_atomic_battery", 5 ]
    ]
  },
  {
    "id": "bionics_op",
    "type": "item_group",
    "items": [
      [ "bio_laser_armgun", 5 ],
      [ "bio_sword", 5 ],
      [ "bio_flamethrower", 5 ],
      [ "bio_plasma_cell", 20 ],
      [ "bio_atomic_battery", 5 ]
    ]
  },
  {
    "id": "bionics_sub",
    "type": "item_group",
    "items": [ [ "bio_atomic_battery", 5 ] ]
  },
  {
    "id": "female_underwear_top",
    "type": "item_group",
    "items": [ [ "bra", 90 ], [ "fancy_bra", 90 ] ]
  },
  {
    "id": "female_underwear_bottom",
    "type": "item_group",
    "items": [ [ "panties", 70 ], [ "boy_shorts", 50 ], [ "thong", 70 ] ]
  },
  {
    "id": "allclothes",
    "type": "item_group",
    "items": [ [ "dress_skirt", 75 ], [ "microskirt", 10 ], [ "fancy_bra", 30 ], [ "thong", 30 ] ]
  },
  {
    "id": "pawn",
    "type": "item_group",
    "items": [ [ "dress_skirt", 75 ], [ "microskirt", 10 ] ]
  },
  {
    "id": "pants",
    "type": "item_group",
    "items": [ [ "dress_skirt", 75 ], [ "microskirt", 10 ] ]
  },
  {
    "id": "dead_slave_fighters",
    "type": "item_group",
    "subtype": "collection",
    "entries": [
      {
        "distribution": [ { "group": "NC_GLADIATOR_LIGHT_worn", "prob": 50 }, { "group": "NC_GLADIATOR_HEAVY_worn", "prob": 50 } ]
      },
      { "item": "corpse" }
    ]
  },
  {
    "type": "item_group",
    "id": "ambulance_equipment",
    "items": [ [ "anesthetic_kit", 5 ] ]
  },
  {
    "id": "sketchy_cabin_weapons",
    "type": "item_group",
    "magazine": 100,
    "ammo": 100,
    "subtype": "distribution",
    "items": [
      { "group": "survivor_knife", "prob": 10 },
      { "group": "survivor_melee", "prob": 40 },
      { "group": "guns_improvised", "prob": 60 }
    ]
  },
  {
    "id": "sketchy_cabin_guard_weapons",
    "type": "item_group",
    "magazine": 100,
    "ammo": 75,
    "items": [ [ "makarov", 25 ], [ "ak47", 5 ], [ "ak74", 10 ], [ "sks", 10 ], [ "shotgun_d", 50 ] ]
  },
  {
    "id": "sketchy_cabin_gore",
    "type": "item_group",
    "items": [
      { "item": "sinew", "prob": 30, "charges": [ 10, 20 ] },
      { "item": "bone_human", "prob": 40, "count": [ 4, 9 ] },
      [ "bag_body_bag", 10 ],
      [ "burnt_out_bionic", 20 ]
    ]
  },
  {
    "id": "sketchy_cabin_ashes",
    "type": "item_group",
    "items": [ { "item": "ash", "prob": 50, "charges": [ 50, 250 ] }, { "item": "meal_bone", "prob": 50, "charges": [ 5, 10 ] } ]
  },
  {
    "id": "guns_pistol_improvised",
    "type": "item_group",
    "items": [ [ "unbio_laser_gun", 5 ], { "item": "surv_battery_pistol", "prob": 25, "charges-min": 0, "charges-max": 50 } ]
  },
  {
    "id": "guns_smg_improvised",
    "type": "item_group",
    "items": [
      { "item": "surv_full_22", "prob": 25, "charges-min": 0, "charges-max": 30 },
      { "item": "surv_full_9mm", "prob": 25, "charges-min": 0, "charges-max": 30 },
      { "item": "surv_full_45", "prob": 25, "charges-min": 0, "charges-max": 30 }
    ]
  },
  {
    "id": "guns_rifle_improvised",
    "type": "item_group",
    "items": [
      [ "unbio_chain_lightning", 1 ],
      { "item": "surv_battery_rifle", "prob": 5, "charges-min": 0, "charges-max": 100 },
      { "item": "surv_full_223", "prob": 15, "charges-min": 0, "charges-max": 20 },
      { "item": "surv_full_308", "prob": 15, "charges-min": 0, "charges-max": 20 },
      { "item": "surv_full_762", "prob": 10, "charges-min": 0, "charges-max": 20 },
      { "item": "surv_full_762R", "prob": 5, "charges-min": 0, "charges-max": 20 },
      { "item": "surv_lmg_223", "prob": 10, "charges-min": 0, "charges-max": 20 },
      { "item": "surv_lmg_308", "prob": 5, "charges-min": 0, "charges-max": 20 },
      { "item": "surv_lmg_762", "prob": 5, "charges-min": 0, "charges-max": 20 },
      { "item": "surv_lmg_762R", "prob": 5, "charges-min": 0, "charges-max": 20 }
    ]
  },
  {
    "id": "guns_shotgun_improvised",
    "type": "item_group",
    "items": [ { "item": "surv_full_12", "prob": 50, "charges-min": 0, "charges-max": 10 } ]
  },
  {
    "id": "guns_energy",
    "type": "item_group",
    "items": [
      [ "mk_ionic_cannon", 1 ],
      { "item": "neo_laser_pistol", "prob": 1, "charges-min": 0, "charges-max": 500 },
      { "item": "akro_laser_smg", "prob": 1, "charges-min": 0, "charges-max": 1000 },
      { "item": "arc_laser_rifle", "prob": 1, "charges-min": 0, "charges-max": 5000 },
      { "item": "krx_laser_lmg", "prob": 1, "charges-min": 0, "charges-max": 10000 },
      { "item": "mx_laser_sniper", "prob": 1, "charges-min": 0, "charges-max": 5000 },
      { "item": "xarm_laser_shotgun", "prob": 1, "charges-min": 0, "charges-max": 5000 }
    ]
  },
  {
    "type": "item_group",
    "id": "bionics_failed_bio",
    "subtype": "distribution",
    "//": "Intact bionics from failed bio-weapons, excluding broken bionics.  Weight is inverse of install difficulty, capped at 10.  Any CBMs of difficulty 11+ will use a weight of 1.  Additionally includes potentially having power-generation CBMs specific to the successful bio-weapons, rather than just what the profession version starts with.",
    "items": [
      [ "bio_armor_arms", 8 ],
      [ "bio_armor_eyes", 6 ],
      [ "bio_armor_head", 6 ],
      [ "bio_armor_legs", 8 ],
      [ "bio_armor_torso", 6 ],
      [ "bio_atomic_battery", 2 ],
      [ "bio_carbon", 7 ],
      [ "bio_chain_lightning", 7 ],
      [ "bio_cqb", 3 ],
      [ "bio_ethanol", 6 ],
      [ "bio_fuel_cell_gasoline", 3 ],
      [ "bio_hydraulics", 3 ],
      [ "bio_metabolics", 7 ],
      [ "bio_nanobots", 5 ],
      [ "bio_painkiller", 7 ],
      [ "bio_plasma_cell", 3 ],
      [ "bio_razors", 7 ],
      [ "bio_shock", 6 ],
      [ "bio_torsionratchet", 7 ]
    ]
  },
  {
    "type": "item_group",
    "id": "bionics_apophis",
    "subtype": "distribution",
    "//": "Bionics for Bio-Weapon Apophis.  Roughly mocked up from what bionics might fit his in-game properties.",
    "items": [
      [ "bio_armor_arms", 8 ],
      [ "bio_armor_eyes", 6 ],
      [ "bio_armor_head", 6 ],
      [ "bio_armor_legs", 8 ],
      [ "bio_armor_torso", 6 ],
      [ "bio_blaster", 8 ],
      [ "bio_carbon", 7 ],
      [ "bio_chain_lightning", 7 ],
      [ "bio_cqb", 3 ],
      [ "bio_faraday", 6 ],
      [ "bio_heatsink", 8 ],
      [ "bio_hydraulics", 3 ],
      [ "bio_metabolics", 7 ],
      [ "bio_nanobots", 5 ],
      [ "bio_painkiller", 7 ],
      [ "bio_plasma_cell", 3 ],
      [ "bio_radscrubber", 7 ],
      [ "bio_shock", 6 ],
      [ "bio_sword", 3 ],
      [ "bio_targeting", 5 ],
      [ "bio_torsionratchet", 7 ],
      [ "bio_weight", 8 ]
    ]
  },
  {
    "type": "item_group",
    "id": "bionics_soldat_zombie",
    "subtype": "distribution",
    "//": "Bionics for zombie super soldiers.  First instance of CBMs with weight of 1 due to higher-than-10 difficulty.",
    "items": [
      [ "bio_adrenaline", 5 ],
      [ "bio_blade", 3 ],
      [ "bio_carbon", 7 ],
      [ "bio_metabolics", 7 ],
      [ "bio_nanobots", 5 ],
      [ "bio_night_vision", 1 ],
      [ "bio_painkiller", 7 ],
      [ "bio_purifier", 7 ],
      [ "bio_shock", 6 ],
      [ "bio_targeting", 5 ],
      [ "bio_ups", 8 ]
    ]
  },
  {
    "type": "item_group",
    "id": "bionics_soldat_knight_zombie",
    "subtype": "distribution",
    "//": "Bionics for zombie super juggernauts.",
    "items": [
      [ "bio_armor_arms", 8 ],
      [ "bio_armor_eyes", 6 ],
      [ "bio_armor_head", 6 ],
      [ "bio_armor_legs", 8 ],
      [ "bio_armor_torso", 6 ],
      [ "bio_carbon", 7 ],
      [ "bio_ears", 5 ],
      [ "bio_fuel_cell_gasoline", 3 ],
      [ "bio_nanobots", 5 ],
      [ "bio_painkiller", 7 ],
      [ "bio_power_armor_interface_mkII", 3 ],
      [ "bio_purifier", 7 ],
      [ "bio_radscrubber", 7 ],
      [ "bio_sunglasses", 7 ],
      [ "bio_sword", 3 ],
      [ "bio_targeting", 5 ],
      [ "bio_ups", 8 ]
    ]
  },
  {
    "type": "item_group",
    "id": "bionics_soldat_sniper_zombie",
    "subtype": "distribution",
    "//": "Bionics for zombie super scouts.",
    "items": [
      [ "bio_climate", 8 ],
      [ "bio_evap", 7 ],
      [ "bio_eye_enhancer", 1 ],
      [ "bio_eye_optic", 6 ],
      [ "bio_lighter", 7 ],
      [ "bio_nanobots", 5 ],
      [ "bio_night_vision", 1 ],
      [ "bio_painkiller", 7 ],
      [ "bio_recycler", 5 ],
      [ "bio_targeting", 5 ],
      [ "bio_torsionratchet", 7 ],
      [ "bio_ups", 8 ]
    ]
  },
  {
    "type": "item_group",
    "id": "bionics_soldat_tool_zombie",
    "subtype": "distribution",
    "//": "Bionics for zombie super B.A.M.R.U.",
    "items": [
      [ "bio_batteries", 6 ],
      [ "bio_carbon", 7 ],
      [ "bio_ears", 5 ],
      [ "bio_emp_armgun", 5 ],
      [ "bio_flashlight", 9 ],
      [ "bio_int_enhancer", 1 ],
      [ "bio_memory", 2 ],
      [ "bio_nanobots", 5 ],
      [ "bio_painkiller", 7 ],
      [ "bio_sunglasses", 7 ],
      [ "bio_tools", 5 ],
      [ "bio_ups", 8 ],
      [ "bio_watch", 10 ]
    ]
  },
  {
    "type": "item_group",
    "id": "bionics_soldat_zombie_generic",
    "subtype": "distribution",
    "//": "Bionics for unevolved zombie super soldiers and knife boys, random smattering of bionics shared by two or more super soldiers, and also adds their powergen options.",
    "items": [
      [ "bio_batteries", 6 ],
      [ "bio_carbon", 7 ],
      [ "bio_ears", 5 ],
      [ "bio_fuel_cell_gasoline", 3 ],
      [ "bio_metabolics", 7 ],
      [ "bio_nanobots", 5 ],
      [ "bio_night_vision", 1 ],
      [ "bio_painkiller", 7 ],
      [ "bio_purifier", 7 ],
      [ "bio_sunglasses", 7 ],
      [ "bio_targeting", 5 ],
      [ "bio_torsionratchet", 7 ],
      [ "bio_ups", 8 ]
    ]
  },
  {
    "id": "electronics",
    "type": "item_group",
    "items": [ { "group": "ammo_atomic_batteries", "prob": 1 } ]
  },
  {
    "id": "tools_science",
    "type": "item_group",
    "items": [ { "group": "ammo_atomic_batteries_full", "prob": 10 } ]
  },
  {
    "id": "ammo_atomic_batteries",
    "type": "item_group",
    "items": [
      { "item": "light_battery_cell", "prob": 4, "charges-min": 0, "charges-max": 1000 },
      { "item": "light_minus_atomic_battery_cell", "prob": 3, "charges-min": 0, "charges-max": 500 },
      { "item": "medium_battery_cell", "prob": 2, "charges-min": 0, "charges-max": 5000 },
      { "item": "heavy_battery_cell", "prob": 1, "charges-min": 0, "charges-max": 10000 }
    ]
  },
  {
    "id": "ammo_atomic_batteries_full",
    "type": "item_group",
    "items": [
      { "item": "light_battery_cell", "prob": 4, "charges-min": 1000, "charges-max": 1000 },
      { "item": "light_minus_atomic_battery_cell", "prob": 3, "charges-min": 500, "charges-max": 500 },
      { "item": "medium_battery_cell", "prob": 2, "charges-min": 5000, "charges-max": 5000 },
      { "item": "heavy_battery_cell", "prob": 1, "charges-min": 10000, "charges-max": 10000 }
    ]
  },
  {
    "id": "tachanka_loot",
    "type": "item_group",
    "subtype": "collection",
    "items": [
      { "item": "surv_belt_762R", "prob": 60, "ammo-item": "reloaded_762_54R", "charges": [ 5, 75 ] },
      { "item": "reloaded_762_54R", "prob": 30, "charges": [ 10, 20 ] }
    ]
  },
  {
    "type": "item_group",
    "id": "guns_launcher_improvised",
    "items": [ { "item": "flamethrower_surv", "prob": 15 } ]
  },
  {
    "id": "drugdealer",
    "type": "item_group",
    "items": [ [ "auto_case", 50 ] ]
  }
]