[
  {
    "id": "manual_surv_com",
    "copy-from": "book_martial",
    "type": "GENERIC",
    "name": "幸存者格斗手册",
    "name_plural": "幸存者格斗手册",
    "description": "一本关于各种非传统的战斗方式的教程书。",
    "book_data": {
      "max_level": 10,
      "intelligence": 10,
      "time": 50,
      "fun": -2,
      "skill": "melee",
      "required_level": 6,
      "chapters": 5,
      "use_action": "MA_MANUAL"
    }
  },
  {
    "id": "manual_biojutsu",
    "copy-from": "book_martial",
    "type": "GENERIC",
    "name": "生化格斗术手册",
    "name_plural": "生化格斗术手册",
    "description": "一本非常冗长乏味的书，详细介绍了从仿生学中学习仿生学格斗风格的尝试和错误。",
    "book_data": {
      "max_level": 6,
      "intelligence": 10,
      "time": 30,
      "fun": -2,
      "skill": "melee",
      "required_level": 5,
      "chapters": 3,
      "use_action": "MA_MANUAL"
    }
  }
]
