[
  {
    "type": "martial_art",
    "id": "style_surv_com",
    "name": "幸存者格斗术",
    "description": "你学会了如何应对灾难中的危机，你很擅长使用自制武器来进行战斗，偶尔还使用你的拳头。虽然幸存者格斗术并不华丽，但它能让你活下去。",
    "initiate": [ "保持冷静，为即将到来的战斗做好准备。", "%s 为即将到来的战斗做好准备。" ],
    "learn_difficulty": 7,
    "primary_skill": "melee",
    "arm_block": 2,
    "leg_block": 8,
    "arm_block_with_bio_armor_arms": true,
    "leg_block_with_bio_armor_legs": true,
    "allow_melee": true,
    "onmove_buffs": [
      {
        "id": "buff_surv_com_onmove",
        "name": "难以捉摸",
        "//": "Note: Doubled percentage signs are needed for correct formatting, not a typo.",
        "description": "快速流畅的动作让你更难被抓住。\n\n+1次躲闪尝试，躲闪技能增加25%智力，击倒免疫。\n暂停1次。",
        "skill_requirements": [ { "name": "melee", "level": 4 } ],
        "unarmed_allowed": true,
        "melee_allowed": true,
        "throw_immune": true,
        "buff_duration": 1,
        "bonus_dodges": 1,
        "flat_bonuses": [ [ "dodge","int",0.25 ] ]
      }
    ],
    "onhit_buffs": [
      {
        "id": "buff_surv_com_onhit",
        "name": "主动防御",
        "description": "最好的防守是一个好的进攻。\n\n+1次格挡尝试，格挡伤害增加100%%智力。\n回合两次。",
        "skill_requirements": [ { "name": "melee", "level": 5 } ],
        "unarmed_allowed": true,
        "melee_allowed": true,
        "buff_duration": 2,
        "bonus_blocks": 1,
        "flat_bonuses": [ [ "block", "int", 1.0 ] ]
      }
    ],
    "onkill_buffs": [
      {
        "id": "buff_surv_com_onkill",
        "name": "误导",
        "description": "战斗的震撼和敬畏给了你一个溜走的机会。\n\n+2次格挡尝试，+2次躲闪尝试，移动速度增加100%%智力，移动产生1/2的噪音。\n最近6回合。",
        "skill_requirements": [ { "name": "melee", "level": 6 } ],
        "unarmed_allowed": true,
        "melee_allowed": true,
        "stealthy": true,
        "buff_duration": 6,
        "bonus_dodges": 2,
        "bonus_blocks": 2,
        "flat_bonuses": [ [ "speed","int",1.0 ] ]
      }
    ],
    "techniques": [
      "tec_surv_com_break",
      "tec_surv_com_counter_dodge",
      "tec_surv_com_counter_block",
      "tec_surv_com_disarm",
      "tec_surv_com_feint"
    ]
  },
  {
    "id": "style_biojutsu",
    "copy-from": "style_biojutsu",
    "type": "martial_art",
    "name": "仿生格斗术",
    "extend": { "weapons": [ "unbio_bladed_weapon", "unbio_sword_weapon", "unbio_claws_weapon", "bio_sword_weapon" ] }
  },
  {
    "id": "style_aikido",
    "copy-from": "style_aikido",
    "type": "martial_art",
    "name": "Aikido",
    "extend": { "weapons": [ "unbio_claws_weapon" ] }
  },
  {
    "id": "style_judo",
    "copy-from": "style_judo",
    "type": "martial_art",
    "name": "Judo",
    "extend": { "weapons": [ "unbio_claws_weapon" ] }
  },
  {
    "id": "style_silat",
    "copy-from": "style_silat",
    "type": "martial_art",
    "name": "Silat",
    "extend": { "weapons": [ "elc_bld", "elc_blds", "molded_knife", "unbio_bladed_weapon", "flesh_knife" ] }
  },
  {
    "id": "style_eskrima",
    "copy-from": "style_eskrima",
    "type": "martial_art",
    "name": "Eskrima",
    "extend": { "weapons": [ "elc_bld", "elc_blds", "molded_knife", "unbio_bladed_weapon", "flesh_knife" ] }
  },
  {
    "id": "style_krav_maga",
    "copy-from": "style_krav_maga",
    "type": "martial_art",
    "name": "Krav Maga",
    "extend": {
      "weapons": [
        "elc_bld",
        "elc_blds",
        "molded_knife",
        "unbio_bladed_weapon",
        "flesh_knife",
        "neo_laser_pistol",
        "neo_laser_pistol_ups",
        "akro_laser_smg",
        "akro_laser_smg_ups",
        "arc_laser_rifle",
        "arc_laser_rifle_ups"
      ]
    }
  },
  {
    "id": "style_fencing",
    "copy-from": "style_fencing",
    "type": "martial_art",
    "name": "Fencing",
    "extend": { "weapons": [ "unbio_sword_weapon", "flesh_blade", "flesh_blade_on" ] }
  },
  {
    "id": "style_swordsmanship",
    "copy-from": "style_swordsmanship",
    "type": "martial_art",
    "name": "Medieval Swordsmanship",
    "extend": { "weapons": [ "unbio_sword_weapon", "flesh_blade", "flesh_blade_on" ] }
  },
  {
    "id": "style_ninjutsu",
    "copy-from": "style_ninjutsu",
    "type": "martial_art",
    "name": "Ninjutsu",
    "extend": {
      "weapons": [
        "elc_bld",
        "elc_blds",
        "molded_knife",
        "unbio_bladed_weapon",
        "unbio_sword_weapon",
        "flesh_knife",
        "flesh_blade",
        "flesh_blade_on"
      ]
    }
  },
  {
    "id": "style_medievalpole",
    "copy-from": "style_medievalpole",
    "type": "martial_art",
    "name": "Fior Di Battaglia",
    "extend": { "weapons": [ "molded_axe" ] }
  }
]
