[
  {
    "type": "snippet",
    "category": "years_old_news",
    "text": [
      {
        "id": "years_old_news_cataplus_1",
        "text": "增加就业的联合研究项目:最近的一项声明证实了几个商业和军事研究公司联合研究项目的传言，该项目的目标是合作推进几个前沿领域。虽然目前细节还不清楚，但预计该项目将在各个领域和部门创造数千个就业机会。"
      }
    ]
  },
  {
    "type": "snippet",
    "category": "one_year_old_news",
    "text": [
      {
        "id": "one_year_old_news_cataplus_1",
        "text": "血腥角斗场：警方和联邦官员发现了一系列地下“角斗士游戏”的最新线索，这些游戏涉及被绑架的受害者，他们被强行改造后进行搏斗。最近的一次行动解救了几名受害者，但目前为止还没能确定或逮捕嫌疑人。"
      }
    ]
  },
  {
    "type": "snippet",
    "category": "note",
    "text": [
      { "id": "note_cataplus_1", "text": "\"我对我看到的那个笨手笨脚的人感到敬畏.  Absolute UNIT\"" },
      {
        "id": "note_cataplus_2",
        "text": "\"前几天看见一群大家伙跟着一个更大的穿着盔甲的家伙身后。\""
      },
      { "id": "note_cataplus_3", "text": "\"他们看起来像死人，但他们开枪像男人。\"" },
      {
        "id": "note_cataplus_4",
        "text": "\"轮子转得真快，我用了好几天激光!直到我的手臂脱落。\""
      },
      {
        "id": "note_cataplus_5",
        "text": "\"这里本来挺不错的一个地方，直到我那混蛋朋友死在了那里，很快事情就变得一团糟了。\""
      },
      { "id": "note_cataplus_6", "text": "\"人类已经过时了\"" }
    ]
  },
  {
    "type": "snippet",
    "category": "note_apophis",
    "text": [
      {
        "id": "note_apophis_cataplus_1",
        "text": "\"主任身份已确认，已与Mesektet项目研究所取得联系。并将他们与整个地区的商业和军事研究指示联系起来。\""
      },
      {
        "id": "note_apophis_cataplus_2",
        "text": "\"我们已经追踪到了其他项目的主要修复和处置场所，主任对于第一单元表示了兴趣。\""
      },
      {
        "id": "note_apophis_cataplus_3",
        "text": "\"第一单元保持待机状态，以防“干扰”给我们带来任何困难。应向研究主任提供现场启动的应急计划。\""
      },
      {
        "id": "note_apophis_cataplus_4",
        "text": "\"3-XII正在向这个地点派遣一个小队，4-VII的一个小队紧随其后，以确保不受敌对行动的影响。尽可能地合作，但不要让他们进入实验室。\""
      },
      {
        "id": "note_apophis_cataplus_5",
        "text": "\"我们已得到确认，他们是在跟踪我们。尽可能拖延他们的到达时间。指挥中心将会接通第一单元。\""
      }
    ]
  },
  {
    "type": "snippet",
    "category": "note_sketchy_cabin",
    "text": [
      {
        "id": "note_sketchy_cabin_cataplus_1",
        "text": "\"老板来带我们的供应商参观。 这些人看起来非常专业，似乎他们更应该去教育大学生而不是与我们组织合作。不过，他们对于这些动物一点也不感到陌生与害怕。考虑到他在我们基因突变和cbms出现的地方工作，我甚至不想考虑他们必须习惯的糟糕程度。当她和老板走过牢房时，红队的一个怪胎咬断了下巴，她甚至没有退缩。\""
      },
      {
        "id": "note_sketchy_cabin_cataplus_2",
        "text": "\"又一批新货，几个CBM，还有新鲜的肉让蓝队重回大名单。老板担心审查客户会让下一场秀完全是浪费时间。告诉他，我们不应该放弃流媒体，而应该在现场举办比赛，但老板不会让步。\""
      },
      {
        "id": "note_sketchy_cabin_cataplus_3",
        "text": "\"红队的一个长跑运动员变得有点太聪明了。它发现铁条不能用，于是就把马桶扔进了它的牢房。认为它知道我们必须把它移动到另一个单元格，而我们要替换掉这个垃圾。老板也在寻找他的供应商得到一些PE065，这应该使它更容易控制像其他。也许会让下一集更有趣。\""
      },
      {
        "id": "note_sketchy_cabin_cataplus_4",
        "text": "\"战斗是完全没有表现出来的，没有一个客户甚至打过电话。有些东西在城里回来了，也无法得到老板的支持。要锁定主要访问并点击完全单元解锁，让动物玩得开心，撕裂对方的喉咙。Oughta让他们分心，所以我可以尝试找出他妈的在那里发生了什么。\""
      }
    ]
  }
]
