[
  {
    "id": "c_cbm_rtg_induction",
    "type": "SPELL",
    "name": "CBM电磁感应",
    "description": "通过电磁感应给使用者补充生化能量。",
    "valid_targets": [ "self" ],
    "flags": [ "SILENT", "NO_HANDS", "NO_LEGS" ],
    "min_damage": 50,
    "max_damage": 50,
    "base_casting_time": 200,
    "effect": "recover_energy",
    "effect_str": "BIONIC",
    "extra_effects": [ { "id": "c_cbm_rtg_induction_2", "hit_self": true }, { "id": "c_cbm_rtg_induction_3", "hit_self": true } ]
  },
  {
    "id": "c_cbm_rtg_induction_2",
    "type": "SPELL",
    "name": "CBM感应加热",
    "description": "排出余热。",
    "valid_targets": [ "self" ],
    "effect": "target_attack",
    "field_id": "fd_hot_air3",
    "min_field_intensity": 2,
    "max_field_intensity": 2,
    "field_chance": 1
  },
  {
    "id": "c_cbm_rtg_induction_3",
    "type": "SPELL",
    "name": "CBM感应雷达",
    "description": "辐射!",
    "valid_targets": [ "self" ],
    "flags": [ "RANDOM_DURATION" ],
    "effect": "target_attack",
    "effect_str": "rtg_induction_radiation",
    "min_duration": 500,
    "max_duration": 1000
  },
  {
    "type": "SPELL",
    "id": "c_flesh_hit_effect",
    "name": "生化武器效果",
    "description": "这种效果增加了目标的出血。",
    "valid_targets": [ "hostile" ],
    "message": "",
    "effect_str": "bleed",
    "min_duration": 100,
    "max_duration": 1000,
    "effect": "target_attack",
    "flags": [ "RANDOM_DURATION" ],
    "extra_effects": [ { "id": "c_flesh_hit_effect_2", "hit_self": true } ]
  },
  {
    "type": "SPELL",
    "id": "c_flesh_hit_effect_2",
    "name": "生物武器神器",
    "description": "有三分之一的机会注射肾上腺素。",
    "valid_targets": [ "self" ],
    "message": "",
    "effect": "none",
    "flags": [ "WONDER", "SILENT" ],
    "min_damage": 1,
    "max_damage": 1,
    "extra_effects": [
      { "id": "c_dummy_effect" },
      { "id": "c_dummy_effect" },
      { "id": "c_flesh_hit_effect_3" }
    ]
  },
  {
    "id": "c_flesh_hit_effect_3",
    "type": "SPELL",
    "name": "生物武器肾上腺素",
    "message": "",
    "description": "真正的肾上腺素效应。保持压力，你会没事的。",
    "valid_targets": [ "self" ],
    "flags": [ "SILENT", "RANDOM_DURATION" ],
    "min_duration": 18500,
    "max_duration": 19500,
    "effect": "target_attack",
    "effect_str": "adrenaline_bioweapon"
  },
  {
    "type": "SPELL",
    "id": "c_dummy_effect",
    "name": "抱歉，没什么",
    "description": "肮脏的黑客将RNG加入到法术效果中。",
    "valid_targets": [ "self" ],
    "flags": [ "SILENT" ],
    "message": "",
    "effect": "target_attack"
  }
]
