[
  {
    "id": "mon_creeper_hub",
    "type": "MONSTER",
    "copy-from": "mon_creeper_hub",
    "name": "三尖树之冠",
    "description": "一个粗大的植物茎,根部有正在迅速发芽的卷须,顶端有深红色的“花冠”.枝叶卷须逐渐变细成圆形环,指向不同的中心.从花冠的中央伸出一根巨大的,像猴子一样的触须,四处乱窜.",
    "size": "LARGE",
    "hp": 140,
    "color": "magenta_green",
    "melee_skill": 6,
    "melee_dice": 6,
    "melee_dice_sides": 3,
    "melee_cut": 5,
    "dodge": 0,
    "armor_bash": 8,
    "armor_cut": 4,
    "armor_acid": 4,
    "vision_day": 9,
    "vision_night": 4,
    "special_attacks": [ [ "GROW_VINE", 3 ], [ "SMASH", 40 ], [ "TENTACLE", 20 ], [ "ACID", 40 ] ],
    "special_when_hit": [ "ACIDSPLASH", 35 ],
    "death_drops": { "subtype": "collection", "groups": [ [ "biollante", 50 ] ] },
    "death_function": [ "VINE_CUT", "ACID" ],
    "flags": [ "NOHEAD", "IMMOBILE", "SEES" ],
    "//": "When making this guy I was really unsure if it was a good idea.  I love the idea of an acid spitting critter that grabs you with thousands of minions.  But it's the thousands of minions part that worries me.  Hopefully I fixed that by castrating the life-span of the minions."
  },
  {
    "id": "mon_creeper_vine",
    "type": "MONSTER",
    "copy-from": "mon_creeper_vine",
    "name": "三尖树之藤",
    "description": "像藤蔓一样的卷须扎根于地面.在消失在地球上之前,它以一种剧烈的方式不断地生长了一段时间.",
    "hp": 5,
    "attack_effs": [ { "id": "rad_tenths", "duration": 3 } ],
    "special_attacks": [ [ "wound_minor", 10 ], [ "VINE", 10 ], [ "DISAPPEAR", 240 ] ],
    "death_function": [ "VINE_CUT", "MELT" ],
    "upgrades": { "half_life": 1, "into_group": "GROUP_CREEPER_VINE" },
    "flags": [ "NOHEAD", "HARDTOSHOOT", "PLASTIC", "IMMOBILE", "GRABS", "NOGIB" ]
  },
  {
    "id": "mon_biollante",
    "type": "MONSTER",
    "copy-from": "mon_biollante",
    "armor_acid": 4,
    "emit_fields": [ "emit_gas_plume", "emit_radiation_plume" ],
    "death_drops": "mon_biollante_death_drops",
    "upgrades": { "half_life": 14, "into": "mon_biollante_pk" },
    "flags": [ "NOHEAD", "IMMOBILE", "NO_BREATHE" ]
  },
  {
    "id": "mon_triffid",
    "type": "MONSTER",
    "copy-from": "mon_triffid",
    "death_drops": "mon_triffid_death_drops",
    "upgrades": { "half_life": 6, "into_group": "GROUP_TRIFFID_PK" },
    "flags": [ "SEES", "SMELLS", "BASHES", "GROUP_BASH", "NOHEAD", "PARALYZEVENOM", "PUSH_MON" ]
  },
  {
    "id": "mon_fungal_fighter",
    "type": "MONSTER",
    "copy-from": "mon_fungal_fighter",
    "melee_skill": 8,
    "melee_dice": 1,
    "melee_dice_sides": 8,
    "melee_cut": 5,
    "dodge": 2,
    "attack_effs": [ { "id": "rad_tenths", "duration": 15 } ],
    "armor_bash": 4,
    "armor_cut": 6,
    "vision_day": 30,
    "vision_night": 30,
    "special_attacks": [ [ "PARA_STING", 10 ], [ "para_poison", 30 ] ],
    "death_drops": "mon_fungal_fighter_death_drops",
    "upgrades": { "half_life": 21, "into_group": "GROUP_HISSER" }
  },
  {
    "id": "mon_vinebeast",
    "type": "MONSTER",
    "copy-from": "mon_vinebeast",
    "speed": 90,
    "armor_bash": 18,
    "armor_cut": 2,
    "armor_stab": 12,
    "upgrades": { "half_life": 21, "into_group": "GROUP_TANGELA" }
  },
  {
    "id": "mon_biollante_pk",
    "type": "MONSTER",
    "name": "发光碧奥兰蒂体",
    "copy-from": "mon_biollante",
    "description": "这棵碧奥兰蒂体的茎上只点缀着一朵有褶皱的花.在它发光的花瓣下,一些东西似乎在往外移动,可以看到一缕缕的气体逸入周围的空气中.",
    "default_faction": "triffid",
    "species": [ "PLANT" ],
    "diff": 20,
    "size": "LARGE",
    "hp": 120,
    "speed": 100,
    "material": [ "veggy" ],
    "symbol": "F",
    "color": "green_magenta",
    "aggression": 100,
    "morale": 100,
    "melee_skill": 0,
    "melee_dice": 0,
    "melee_dice_sides": 0,
    "dodge": 0,
    "armor_bash": 2,
    "armor_cut": 2,
    "armor_acid": 4,
    "vision_day": 9,
    "vision_night": 3,
    "luminance": 11,
    "emit_fields": [ "emit_gas_plume", "emit_radiation_plume" ],
    "special_attacks": [ [ "SPIT_SAP", 10 ], [ "impale", 20 ], [ "GROW_VINE", 50 ] ],
    "death_drops": { "subtype": "collection", "groups": [ [ "biollante", 50 ], [ "biollante", 50 ], [ "biollante", 50 ] ] },
    "flags": [ "SEES", "NOHEAD", "IMMOBILE", "PARALYZEVENOM", "NO_BREATHE" ],
    "//": "This thing is pretty awesome.  One of my favorite creations from this faction.  The vine growth keeps it out of melee that much longer in the absence of a creeper hub, the sap is pretty deadly and accurate, and impale is surprise bleeding."
  },
  {
    "id": "mon_creeper_vine_terminal",
    "type": "MONSTER",
    "name": "三尖树之丛",
    "description": "这团像藤蔓一样的卷须扎根于地面.但这棵三尖树丛的行为十分古怪.",
    "copy-from": "mon_creeper_vine",
    "default_faction": "triffid",
    "species": [ "PLANT" ],
    "diff": 4,
    "size": "TINY",
    "hp": 5,
    "speed": 100,
    "material": [ "veggy" ],
    "symbol": "v",
    "color": "green",
    "aggression": 100,
    "morale": 100,
    "melee_skill": 0,
    "melee_dice": 0,
    "melee_dice_sides": 0,
    "dodge": 0,
    "armor_bash": 5,
    "special_attacks": [ [ "wound_minor", 10 ], [ "VINE", 3 ], [ "DISAPPEAR", 20 ] ],
    "death_function": [ "MELT" ],
    "flags": [ "NOHEAD", "HARDTOSHOOT", "PLASTIC", "IMMOBILE", "GRABS", "NOGIB" ]
  },
  {
    "id": "mon_creeper_vine_pk",
    "type": "MONSTER",
    "name": "三尖树尖藤",
    "description": "一条和你的手腕一样宽的带刺卷须在浅浅的泥土隧道里中钻了出来.似乎是有计划地.",
    "copy-from": "mon_creeper_vine",
    "default_faction": "triffid",
    "species": [ "PLANT" ],
    "diff": 5,
    "size": "SMALL",
    "hp": 20,
    "speed": 40,
    "material": [ "veggy" ],
    "symbol": "v",
    "color": "light_green",
    "aggression": 15,
    "morale": 100,
    "melee_skill": 5,
    "melee_dice": 1,
    "melee_dice_sides": 8,
    "melee_damage": [ { "damage_type": "acid", "amount": 2 } ],
    "melee_cut": 4,
    "dodge": 1,
    "attack_effs": [ { "id": "rad_tenths", "duration": 5 } ],
    "armor_bash": 8,
    "armor_stab": 8,
    "special_attacks": [ [ "VINE", 7 ], [ "wound_minor", 10 ] ],
    "anger_triggers": [ "SOUND", "PLAYER_WEAK", "FRIEND_ATTACKED" ],
    "death_function": [ "MELT" ],
    "upgrades": { "half_life": 14, "into_group": "GROUP_CREEPER_VINE_PK" },
    "flags": [ "SMELLS", "HEARS", "DIGS", "SWIMS", "NOHEAD", "HARDTOSHOOT", "PUSH_MON", "PLASTIC", "GRABS", "BASHES", "NOGIB" ]
  },
  {
    "id": "mon_creeper_vine_terminal_pk",
    "type": "MONSTER",
    "name": "三尖树尖藤",
    "copy-from": "mon_creeper_vine",
    "description": "一条和你的手腕一样宽的带刺卷须在浅浅的泥土隧道里中钻了出来.行为十分混乱.",
    "default_faction": "triffid",
    "species": [ "PLANT" ],
    "diff": 5,
    "size": "SMALL",
    "hp": 25,
    "speed": 45,
    "material": [ "veggy" ],
    "symbol": "v",
    "color": "light_green",
    "aggression": 15,
    "morale": 100,
    "melee_skill": 5,
    "melee_dice": 1,
    "melee_dice_sides": 12,
    "melee_damage": [ { "damage_type": "acid", "amount": 2 } ],
    "melee_cut": 4,
    "dodge": 2,
    "attack_effs": [ { "id": "rad_tenths", "duration": 5 } ],
    "armor_bash": 10,
    "armor_cut": 4,
    "armor_stab": 10,
    "special_attacks": [ [ "wound_minor", 10 ], [ "VINE", 10 ], [ "GROW_VINE", 120 ] ],
    "anger_triggers": [ "SOUND", "PLAYER_WEAK", "FRIEND_ATTACKED" ],
    "flags": [ "SMELLS", "HEARS", "GOODHEARING", "DIGS", "NOHEAD", "HARDTOSHOOT", "PUSH_MON", "PLASTIC", "GRABS", "BASHES", "NOGIB" ]
  },
  {
    "id": "mon_creeper_root",
    "type": "MONSTER",
    "name": "三尖树滑藤",
    "copy-from": "mon_creeper_vine",
    "description": "一串盘绕的三尖树的树根,3根带刺的藤曼缠绕在一串较小的卷须上.当受到威胁时,它可以放出这些带刺的藤蔓.",
    "default_faction": "triffid",
    "species": [ "PLANT" ],
    "diff": 16,
    "size": "LARGE",
    "hp": 70,
    "speed": 120,
    "material": [ "veggy" ],
    "symbol": "S",
    "color": "green",
    "aggression": 0,
    "morale": 80,
    "melee_skill": 5,
    "melee_dice": 3,
    "melee_dice_sides": 3,
    "melee_damage": [ { "damage_type": "acid", "amount": 8 } ],
    "melee_cut": 6,
    "dodge": 2,
    "attack_effs": [ { "id": "poison", "duration": 400 }, { "id": "rad_tenths", "duration": 10 } ],
    "armor_bash": 8,
    "armor_cut": 6,
    "armor_stab": 12,
    "armor_acid": 2,
    "special_attacks": [ [ "GROW_VINE", 30 ], [ "VINE", 5 ] ],
    "anger_triggers": [ "SOUND", "FIRE", "STALK", "HURT", "FRIEND_ATTACKED", "PLAYER_WEAK" ],
    "death_drops": { "subtype": "collection", "groups": [ [ "biollante", 75 ] ] },
    "death_function": [ "NORMAL" ],
    "flags": [
      "DIGS",
      "HEARS",
      "GOODHEARING",
      "SMELLS",
      "SWIMS",
      "PATH_AVOID_DANGER_1",
      "BASHES",
      "GROUP_BASH",
      "SWIMS",
      "NOHEAD",
      "PUSH_MON",
      "PLASTIC"
    ]
  },
  {
    "id": "mon_vinebeast_terminal",
    "type": "MONSTER",
    "name": "vine beast",
    "copy-from": "mon_creeper_vine",
    "description": "An animated mass of roots and vines, creeping along the ground with alarming speed.  The tangle is thick enough that the center from which they grow is concealed.  This one looks tough.",
    "default_faction": "triffid",
    "species": [ "PLANT" ],
    "diff": 18,
    "size": "LARGE",
    "hp": 150,
    "speed": 100,
    "material": [ "veggy" ],
    "symbol": "V",
    "color": "light_green",
    "aggression": 60,
    "morale": 60,
    "melee_skill": 8,
    "melee_dice": 6,
    "melee_dice_sides": 3,
    "melee_cut": 6,
    "dodge": 5,
    "armor_bash": 20,
    "armor_cut": 5,
    "armor_stab": 15,
    "armor_acid": 1,
    "armor_fire": 2,
    "special_attacks": [
      {
        "id": "scratch",
        "cooldown": 20,
        "moves": 100,
        "damage_max_instance": [
          { "damage_type": "bash", "amount": 14, "armor_multiplier": 0.85 },
          { "damage_type": "cut", "amount": 6, "armor_multiplier": 0.85 }
        ]
      }
    ],
    "death_function": [ "NORMAL" ],
    "flags": [ "SEES", "HEARS", "GOODHEARING", "PUSH_MON", "NOHEAD", "HARDTOSHOOT", "GRABS", "PLASTIC" ]
  },
  {
    "id": "mon_vinebeast_pk",
    "type": "MONSTER",
    "name": "三尖树毒藤",
    "copy-from": "mon_creeper_vine",
    "description": "一大片绿色的蔓藤.它的身体隐藏在蠕动的藤蔓中,这个致命的怪物距离开口大小只有一米左右,但它身上却携带着几种致命的毒素.",
    "default_faction": "triffid",
    "species": [ "PLANT" ],
    "diff": 20,
    "size": "MEDIUM",
    "hp": 130,
    "speed": 105,
    "material": [ "veggy" ],
    "symbol": "V",
    "color": "i_green",
    "aggression": 5,
    "morale": 100,
    "melee_skill": 10,
    "melee_dice": 6,
    "melee_dice_sides": 3,
    "melee_damage": [ { "damage_type": "acid", "amount": 6 } ],
    "melee_cut": 6,
    "dodge": 4,
    "armor_bash": 16,
    "armor_cut": 8,
    "armor_stab": 12,
    "armor_acid": 4,
    "armor_fire": 2,
    "attack_effs": [ { "id": "spider_web_omega", "duration": 200 } ],
    "special_attacks": [ [ "para_poison", 10 ], [ "GROW_VINE", 20 ], [ "VINE", 5 ], [ "SPIT_SAP", 15 ] ],
    "anger_triggers": [ "FIRE", "HURT", "FRIEND_DIED", "PLAYER_CLOSE" ],
    "death_drops": {
      "subtype": "collection",
      "groups": [ [ "biollante", 35 ], [ "biollante", 35 ], [ "biollante", 35 ], [ "fungal_sting", 75 ] ],
      "//": "15% chance of an item from group biollante"
    },
    "death_function": [ "NORMAL" ],
    "flags": [
      "SEES",
      "HEARS",
      "PATH_AVOID_DANGER_1",
      "PRIORITIZE_TARGETS",
      "NOHEAD",
      "HARDTOSHOOT",
      "GRABS",
      "PUSH_MON",
      "PLASTIC",
      "PARALYZEVENOM"
    ],
    "//": "Tangela is pretty neat, but, by design, not exactly 'a thug', to borrow the term from the Dominions series of games.  It's not going to slug it out well with the big guys."
  },
  {
    "id": "mon_triffid_pk",
    "type": "MONSTER",
    "name": "triffid",
    "copy-from": "mon_triffid",
    "description": "一种缓慢爬行的怪异植物,长得和一头驼鹿一般高.主体是一根被厚树皮覆盖着的茎部,上面支撑着内含麻醉毒刺的花冠状头部.",
    "default_faction": "triffid",
    "species": [ "PLANT" ],
    "diff": 20,
    "size": "MEDIUM",
    "hp": 170,
    "speed": 55,
    "material": [ "veggy" ],
    "symbol": "F",
    "color": "light_green",
    "aggression": 20,
    "morale": 100,
    "melee_skill": 7,
    "melee_dice": 8,
    "melee_dice_sides": 2,
    "melee_damage": [ { "damage_type": "biological", "amount": 2 } ],
    "melee_cut": 4,
    "dodge": 3,
    "armor_bash": 14,
    "armor_cut": 7,
    "armor_stab": 4,
    "armor_acid": 5,
    "armor_fire": 3,
    "special_attacks": [ [ "PARA_STING", 15 ], [ "para_poison", 60 ] ],
    "death_drops": { "subtype": "collection", "groups": [ [ "fungal_sting", 95 ], [ "fungal_fighter_sting", 75 ] ] },
    "death_function": [ "NORMAL" ],
    "flags": [ "SEES", "SMELLS", "BASHES", "GROUP_BASH", "PUSH_MON", "NOHEAD", "PARALYZEVENOM" ],
    "//": "I didn't really want to add bells and whistles to these guys, but I don't think I could not have.  parasting is a pretty weak attack that only functions on funguses or (N)PCs, afaik."
  },
  {
    "id": "mon_treent",
    "type": "MONSTER",
    "name": "blue aurora",
    "copy-from": "mon_triffid",
    "description": "A massive slab of bark with faintly glowing flattened blue tendrils and large brown cones instead of leaves.  It looks 'sort' of like a tree in that the tendrils are thickest at the base of the monster and taper into thin, densely packed slivers at the top.  Its actually almost beautiful at night, where it can be seen from a distance pulsating among the tallest tree.",
    "default_faction": "triffid",
    "species": [ "PLANT" ],
    "diff": 30,
    "size": "HUGE",
    "hp": 500,
    "speed": 40,
    "material": [ "veggy" ],
    "symbol": "7",
    "color": "brown_cyan",
    "aggression": 5,
    "morale": 200,
    "melee_skill": 4,
    "melee_dice": 6,
    "melee_dice_sides": 6,
    "melee_damage": [ { "damage_type": "acid", "amount": 2 } ],
    "melee_cut": 3,
    "dodge": 1,
    "armor_bash": 16,
    "armor_cut": 16,
    "armor_acid": 5,
    "armor_fire": 5,
    "vision_day": 30,
    "vision_night": 25,
    "path_settings": { "max_dist": 25 },
    "luminance": 1,
    "attack_effs": [
      { "id": "paralyzepoison", "duration": 200 },
      { "id": "paralyzepoison", "duration": 150 },
      { "id": "paralyzepoison", "duration": 100 },
      { "id": "poison", "duration": 100 },
      { "id": "rad_tenths", "duration": 20 },
      { "id": "rad_tenths", "duration": 20 }
    ],
    "special_attacks": [ [ "TRIFFID_HEARTBEAT", 50 ], [ "para_poison", 20 ], [ "PARA_STING", 10 ], [ "SMASH", 40 ], [ "RANGED_PULL", 15 ] ],
    "anger_triggers": [ "FIRE", "HURT", "PLAYER_CLOSE", "FRIEND_DIED" ],
    "death_drops": { "subtype": "collection", "groups": [ [ "fungal_sting", 100 ], [ "fungal_fighter_sting", 75 ], [ "biollante", 75 ] ] },
    "flags": [ "SEES", "SMELLS", "BASHES", "GROUP_BASH", "DESTROYS", "ATTACKMON", "PUSH_MON", "NOHEAD" ],
    "//": "Intentionall keep weaker than they could be.  Numbers, and perhaps an evo if its called for."
  },
  {
    "id": "mon_triffid_queen",
    "type": "MONSTER",
    "copy-from": "mon_triffid_queen",
    "name": "triffid queen",
    "speed": 75,
    "aggression": 30,
    "morale": 80,
    "melee_skill": 7,
    "melee_dice": 2,
    "melee_dice_sides": 8,
    "melee_cut": 8,
    "dodge": 0,
    "armor_bash": 12,
    "armor_cut": 8,
    "vision_day": 11,
    "vision_night": 11,
    "attack_effs": [ { "id": "paralyzepoison", "duration": 100 }, { "id": "rad_tenths", "duration": 5 } ],
    "special_attacks": [ [ "GROWPLANTS", 3 ], [ "para_poison", 15 ], [ "PARA_STING", 15 ], [ "VINE", 15 ], [ "SPIT_SAP", 60 ] ],
    "flags": [ "SEES", "HEARS", "GOODHEARING", "SMELLS", "KEENNOSE", "BASHES", "NOHEAD", "PARALYZEVENOM" ],
    "anger_triggers": [ "PLAYER_CLOSE", "FRIEND_DIED" ],
    "fear_triggers": [ "FIRE", "HURT" ]
  },
  {
    "id": "mon_treent_green",
    "type": "MONSTER",
    "name": "treunt",
    "copy-from": "mon_triffid",
    "description": "A monster resembling a healthy young tree.  With a little effort, the triffids seem to have produced a guardian that blends into the forest.  Its poisonous barbs are visible upon close examination, but otherwise its not a bad disguise.",
    "default_faction": "triffid",
    "species": [ "PLANT" ],
    "diff": 25,
    "size": "HUGE",
    "hp": 350,
    "speed": 45,
    "material": [ "veggy" ],
    "symbol": "7",
    "color": "light_green",
    "aggression": 0,
    "morale": 200,
    "melee_skill": 7,
    "melee_dice": 5,
    "melee_dice_sides": 5,
    "melee_cut": 5,
    "dodge": 2,
    "attack_effs": [
      { "id": "paralyzepoison", "duration": 150 },
      { "id": "paralyzepoison", "duration": 50 },
      { "id": "rad_tenths", "duration": 15 }
    ],
    "armor_bash": 12,
    "armor_cut": 14,
    "armor_stab": 18,
    "armor_acid": 3,
    "armor_fire": 4,
    "vision_day": 40,
    "vision_night": 30,
    "path_settings": { "max_dist": 30 },
    "special_attacks": [ [ "GROWPLANTS", 50 ], [ "SMASH", 30 ], [ "PARA_STING", 10 ], [ "para_poison", 15 ] ],
    "anger_triggers": [ "FIRE", "HURT", "FRIEND_DIED", "FRIEND_ATTACKED", "PLAYER_CLOSE" ],
    "death_drops": { "subtype": "collection", "groups": [ [ "fungal_sting", 100 ], [ "fungal_fighter_sting", 75 ] ] },
    "flags": [ "SEES", "SMELLS", "BASHES", "GROUP_BASH", "DESTROYS", "PUSH_MON", "NOHEAD" ],
    "//": "I like these guys, but feel they are outliers and out of place among the triffids.  Maybe add other 'alien' plants?  Sounds like a job for compiling my own code."
  },
  {
    "id": "mon_dionaea_sprout",
    "type": "MONSTER",
    "name": "dionaea sprout",
    "copy-from": "mon_triffid",
    "description": "An animated carnivorous plant a little under 2 meters long, this juvenile still packs a wallop with its fetid mouth.",
    "default_faction": "triffid",
    "species": [ "PLANT" ],
    "diff": 10,
    "size": "MEDIUM",
    "hp": 80,
    "speed": 150,
    "material": [ "veggy" ],
    "symbol": "D",
    "color": "light_green",
    "aggression": 25,
    "morale": 100,
    "melee_skill": 4,
    "melee_dice": 3,
    "melee_dice_sides": 4,
    "melee_cut": 3,
    "dodge": 1,
    "armor_bash": 5,
    "armor_cut": 8,
    "armor_acid": 2,
    "armor_fire": 2,
    "vision_day": 30,
    "vision_night": 3,
    "path_settings": { "max_dist": 25 },
    "special_attacks": [
      [ "wound_minor", 20 ],
      [ "VINE", 15 ],
      { "type": "bite", "cooldown": 20, "min_mul": 0.5, "no_infection_chance": 15, "//": "baby dionaea bitch" }
    ],
    "anger_triggers": [ "HURT", "FRIEND_DIED", "PLAYER_WEAK", "PLAYER_CLOSE" ],
    "upgrades": { "half_life": 14, "into_group": "GROUP_DIONAEA" },
    "attack_effs": [ { "id": "poison", "duration": 400 }, { "id": "skunk_spray", "duration": 900 } ],
    "flags": [ "SEES", "HEARS", "SMELLS", "STUMBLES", "SWIMS", "BASHES", "PUSH_MON", "NOHEAD", "PATH_AVOID_DANGER_2" ]
  },
  {
    "id": "mon_dionaea",
    "type": "MONSTER",
    "name": "dionaea",
    "copy-from": "mon_triffid",
    "description": "A rotund armored 'head' with a massive fetid maw dominates this monster's form.  Its head hangs low when its not in use, saving energy for its coordinated slither along the ground.",
    "default_faction": "triffid",
    "species": [ "PLANT" ],
    "diff": 25,
    "size": "LARGE",
    "hp": 200,
    "speed": 120,
    "material": [ "veggy" ],
    "symbol": "D",
    "color": "green",
    "aggression": 25,
    "morale": 120,
    "melee_skill": 7,
    "melee_dice": 4,
    "melee_dice_sides": 4,
    "melee_damage": [ { "damage_type": "bash", "amount": 6 } ],
    "melee_cut": 5,
    "dodge": 2,
    "armor_bash": 10,
    "armor_cut": 16,
    "armor_acid": 3,
    "armor_fire": 3,
    "vision_day": 35,
    "vision_night": 10,
    "path_settings": { "max_dist": 30 },
    "special_attacks": [
      { "type": "bite", "cooldown": 12, "min_mul": 0.5, "no_infection_chance": 15, "//": "dionaea bitch" },
      [ "VINE", 15 ],
      [ "RANGED_PULL", 3 ]
    ],
    "attack_effs": [ { "id": "poison", "duration": 400 }, { "id": "skunk_spray", "duration": 300 } ],
    "anger_triggers": [ "HURT", "FRIEND_DIED", "PLAYER_WEAK", "PLAYER_CLOSE" ],
    "flags": [ "SEES", "HEARS", "SMELLS", "STUMBLES", "SWIMS", "BASHES", "GROUP_BASH", "PUSH_MON", "NOHEAD", "PATH_AVOID_DANGER_2" ]
  },
  {
    "id": "mon_minecraft",
    "type": "MONSTER",
    "name": "hissing brood",
    "copy-from": "mon_creeper_vine",
    "description": "a dried up shrub with rustling brown leaves adept at ambushes.  Highly volatile and easily excited.",
    "default_faction": "triffid",
    "species": [ "PLANT" ],
    "diff": 15,
    "size": "MEDIUM",
    "hp": 40,
    "speed": 70,
    "material": [ "veggy" ],
    "symbol": "h",
    "color": "i_yellow",
    "aggression": 5,
    "morale": 100,
    "melee_skill": 4,
    "melee_dice": 1,
    "melee_dice_sides": 10,
    "melee_cut": 5,
    "dodge": 3,
    "attack_effs": [ { "id": "rad_tenths", "duration": 15 } ],
    "armor_bash": 8,
    "armor_cut": 4,
    "armor_fire": 4,
    "path_settings": { "max_dist": 15 },
    "starting_ammo": { "flashbang": 1, "grenade": 1 },
    "special_attacks": [ [ "VINE", 5 ], [ "KAMIKAZE", 0 ], [ "RATTLE", 3 ] ],
    "anger_triggers": [ "SOUND", "PLAYER_WEAK" ],
    "death_function": [ "EXPLODE", "ACID", "SMOKEBURST" ],
    "flags": [ "SEES", "HEARS", "GOODHEARING", "PATH_AVOID_DANGER_1", "PRIORITIZE_TARGETS", "CAN_DIG", "ANIMAL", "NOHEAD", "BASHES" ],
    "//": "I don't know if they fit in well, but they add a means for the triffids to troll."
  },
  {
    "id": "mon_minecraft_charged",
    "type": "MONSTER",
    "name": "charged hissing brood",
    "copy-from": "mon_creeper_vine",
    "description": "Somehow this dessicated plant has become charged up with some lightning?  Probably not good for nearby electronic devices. . .",
    "default_faction": "triffid",
    "species": [ "PLANT" ],
    "diff": 15,
    "size": "MEDIUM",
    "hp": 45,
    "speed": 70,
    "material": [ "veggy" ],
    "symbol": "h",
    "color": "yellow_cyan",
    "aggression": 5,
    "morale": 100,
    "melee_skill": 4,
    "melee_dice": 1,
    "melee_dice_sides": 10,
    "melee_cut": 5,
    "dodge": 3,
    "attack_effs": [ { "id": "rad_tenths", "duration": 30 } ],
    "armor_bash": 8,
    "armor_cut": 4,
    "armor_fire": 4,
    "path_settings": { "max_dist": 15 },
    "starting_ammo": { "c4": 1, "EMPbomb": 3 },
    "special_attacks": [ [ "VINE", 5 ], [ "KAMIKAZE", 0 ], [ "RATTLE", 3 ] ],
    "special_when_hit": [ "ZAPBACK", 40 ],
    "anger_triggers": [ "SOUND", "PLAYER_WEAK" ],
    "death_function": [ "EXPLODE", "ACID", "SMOKEBURST" ],
    "flags": [
      "SEES",
      "SMELLS",
      "KEENNOSE",
      "HEARS",
      "GOODHEARING",
      "PATH_AVOID_DANGER_1",
      "PRIORITIZE_TARGETS",
      "CAN_DIG",
      "ANIMAL",
      "NOHEAD",
      "BASHES"
    ],
    "//": "And these guys give them some means of taking down electronics."
  }
]
