[
	{
		"type" : "skill",
		"ident" : "GS_str",
		"name" : "超凡力量",
		"display_category": "none",
		"description" : "超凡者的力量属性。代表精神力的强度，包括情绪、欲望、执着等意念的爆发力，以及忍受痛苦、持续作战的心理素质。",
		"tags" : ["combat_skill"]
	},{
		"type" : "skill",
		"ident" : "GS_dex",
		"name" : "超凡敏捷",
		"display_category": "none",
		"description" : "超凡者的反射属性。思维的敏锐程度，包括对意念控制的精准度、思考或行动的效率，影响对超凡力量的操控力和协调度。"
	},{
		"type" : "skill",
		"ident" : "GS_int",
		"name" : "超凡智力",
		"display_category": "none",
		"description" : "超凡者的智力属性。大脑皮质的开发程度，包含语言、数理、逻辑、记忆能力以及对自然规则的理解等等。可以用意念具现物质，或进一步在科学领域引导出异能。"
	},{
		"type" : "skill",
		"ident" : "GS_per",
		"name" : "超凡感知",
		"display_category": "none",
		"description" : "超凡者的感知属性。对色彩、空间、艺术的感受力，还有洞察异常、感知危险的敏锐度。感性可以渲染特效，显化没有固定形体的元素(例如火焰)。"
	},
	{
    "type": "skill_boost",
    "stat": "str",
    "skills": [ "mechanics", "swimming", "bashing", "cutting", "melee", "throw","GS_str" ],
    "skill_offset": -3,
    "scaling_power": 0.4
  },
  {
    "type": "skill_boost",
    "stat": "dex",
    "skills": [ "driving", "survival", "tailor", "traps", "dodge", "stabbing", "unarmed","GS_dex" ],
    "skill_offset": -3,
    "scaling_power": 0.4
  },
  {
    "type": "skill_boost",
    "stat": "int",
    "skills": [ "barter", "computer", "cooking", "electronics", "fabrication", "firstaid", "speech","GS_int" ],
    "skill_offset": -3,
    "scaling_power": 0.4
  },
  {
    "type": "skill_boost",
    "stat": "per",
    "skills": [ "archery", "gun", "launcher", "pistol", "rifle", "shotgun", "smg","GS_per" ],
    "skill_offset": -3,
    "scaling_power": 0.4
  }
]