[
  {
    "type": "mapgen",
    "method": "json",
    "om_terrain": [ "KDYG_SL_X_2_00" ],
    "object": {
      "fill_ter": "t_grass",
      "rows": [
        "baababbaaabbabbabbaabaab",   
        "aababaabbbaabaabaabbaaab",     
        "ababbaabaabaabbabbaaabba",
        "abacccccccccccccccccbaaa",
        "abbcccccddccccccccbbaaaa",
        "baacccccccccccccccbbaaaa",
        "babbbbbccbbbbbcccccbaaaa",
        "abaaaabccbbbccddccbbaaaa",
        "bbaaaabccccbbcccccbaaaaa",
        "aabaaabcccccccccccbaaaaa",
        "baddaabbbeebbcccccbaaaaa",
        "abaaaeeaabcccbbccccbaaaa",
        "bbbaaaabcccbcbccccbbbaaa",
        "baabbddbbcbcbbccccccbbbb",
        "abbaaddacccdddccccccccce",
        "bbaaaddbbeedddcccccccccc",
        "abaaaaabcccdddccccccccce",
        "abbaeaabcccdddbbbccccbbb",   
        "baaabbaddabbaaaddccccdda",
        "baeaabbddaabbaabbccccbaa",
        "bbaabaaddaaaaaaddccccbba",
        "abaaabbaabaaaaabbccccbaa",
        "abbaaeabbbaaabaddccccbaa",  
        "baaaabbaeddeaaaddceecbbb" 
     
      ],
      "terrain": {
        "a": "t_grass_tall",
        "b": "t_tree_wxkj_kdyg1",
        "c": "t_wxkj_kdyg_cc",
        "d": "t_wxkj_kdyg_xh",
        "e": "t_tree_wxkj_kdyg0",
        "r": "t_pavement_y",
        "f": "t_window"
      },
       "place_monster": [
            {
              "monster": "mon_wxkj_mwzz2",
                "x": [ 18, 23 ],
                "y": [ 3, 12 ],
                "chance": 100, 
                "repeat": [ 1, 2 ]
            }, 
            {
              "monster": "mon_wxkj_mwh2",
                "x": [ 18, 23 ],
                "y": [ 3, 12 ],
                "chance": 60, 
                "repeat": [ 1, 1 ]
            }		 
            ],
      "furniture": { "g": "f_table", "h": "f_chair", "i": "f_sandbag_half", "j": "f_standing_tank" }
    }
  },
  {
        "type" : "overmap_terrain",
        "id" : "KDYG_SL_X_2_00",
        "name" : "森林小",
        "symbol": "F",
        "color" : "green",        
        "see_cost" : 5
    }

    
    
]