[
{
        "type" : "overmap_special",
        "id" : "kdyg_sl_x2",
        "overmaps" : [
        { "point":[0,0,0], 
        "overmap":"KDYG_SL_X_2_00_north"}, 
        { "point":[0,1,0], 
        "overmap":"KDYG_SL_X_2_01_north"},  
        { "point":[1,0,0],
        "overmap": "KDYG_SL_X_2_10_north"},
        { "point":[1,1,0], 
        "overmap":"KDYG_SL_X_2_11_north"}
        ],
        "locations" : [ "forest" ],
        "city_sizes": [ 0, 12 ],
        "occurrences": [ 0, 4 ],
        "rotate" : true,
        "flags" : [ "CLASSIC" ] 
    }
    
    
    ]