[
  {
    "type": "speech",
    "speaker": "mon_furvivor_deagle",
    "sound": "\"走开，我的孩子们，抛锚了!\"",
    "volume": 30
  },
  {
    "type": "speech",
    "speaker": "mon_furvivor_deagle",
    "sound": "\"你...你好?\"",
    "volume": 15
  },
  {
    "type": "speech",
    "speaker": "mon_furvivor_deagle",
    "sound": "\"嘿，你!\"",
    "volume": 30
  },
  {
    "type": "speech",
    "speaker": "mon_furvivor_deagle",
    "sound": "\"一箭双雕，这就是乐趣所在\"",
    "volume": 20
  },
  {
    "type": "speech",
    "speaker": "mon_furvivor_deagle",
    "sound": "\"把你的垃圾箱关起来!\"",
    "volume": 30
  },
  {
    "type": "speech",
    "speaker": "mon_furvivor_deagle",
    "sound": "\"你的眼睛到底有什么问题?\"",
    "volume": 20
  },
  {
    "type": "speech",
    "speaker": "mon_furvivor_deagle",
    "sound": "\"我会在你的坟墓上跳舞!\"",
    "volume": 40
  },
  {
    "type": "speech",
    "speaker": "mon_furvivor_deagle",
    "sound": "\"破碎的蓝色!\"",
    "volume": 30
  },
  {
    "type": "speech",
    "speaker": "mon_furvivor_deagle",
    "sound": "\"那只是个玩笑，没什么!\"",
    "volume": 20
  },
  {
    "type": "speech",
    "speaker": "mon_furvivor_deagle",
    "sound": "\"你认为一个“药罐”就能解决这个问题?!\"",
    "volume": 15
  },
  {
    "type": "speech",
    "speaker": "mon_furvivor_deagle",
    "sound": "\"去他娘的玩意!\"",
    "volume": 25
  },
  {
    "type": "speech",
    "speaker": "mon_furvivor_deagle",
    "sound": "\"闪耀，闪耀，闪耀，吐，吐，吐\"",
    "volume": 20
  },
  {
    "type": "speech",
    "speaker": "mon_furvivor_deagle",
    "sound": "\"我有一只狗，它的名字叫布鲁!\"",
    "volume": 40
  },
  {
    "type": "speech",
    "speaker": "mon_furvivor_deagle",
    "sound": "\"这听起来是非常违法的!\"",
    "volume": 15
  },
  {
    "type": "speech",
    "speaker": "mon_furvivor_deagle",
    "sound": "\"哦~，伙计，你看见她头上的肉块掉下来了吗?\"",
    "volume": 15
  },
  {
    "type": "speech",
    "speaker": "mon_furvivor_deagle",
    "sound": "\"再多说一句这样的话，我就会告诉你这里谁是老大，'先生' . . .\"",
    "volume": 10
  },
  {
    "type": "speech",
    "speaker": "mon_furvivor_deagle",
    "sound": "\"啊，停止这他妈的噪音!\"",
    "volume": 30
  },
  {
    "type": "speech",
    "speaker": "mon_furvivor_deagle",
    "sound": "\"啊啊啊啊!\"",
    "volume": 40
  },
  {
    "type": "speech",
    "speaker": "mon_furvivor_deagle",
    "sound": "\"不，我已经解释过这为什么不好了.\"",
    "volume": 15
  },
  {
    "type": "speech",
    "speaker": "mon_furvivor_deagle",
    "sound": "\"天啊，我的皮肤看起来像个发霉的桃子\"",
    "volume": 15
  }
]
