[
  {
    "type": "speech",
    "speaker": "mon_molebot",
    "sound": "what sounds like many robotic ants tunneling around.",
    "volume": 25
  },
  {
    "type": "speech",
    "speaker": "mon_molebot",
    "sound": "a clanking from under your feet.",
    "volume": 30
  },
  {
    "type": "speech",
    "speaker": "mon_molebot",
    "sound": "robotic clicking noises.",
    "volume": 35
  },
  {
    "type": "speech",
    "speaker": "mon_molebot",
    "sound": "a powerful drill revving.",
    "volume": 40
  },
  {
    "type": "speech",
    "speaker": "mon_molebot",
    "sound": "the muffled sound of rock being blasted.",
    "volume": 55
  }
]
