[
  {
    "type": "start_location",
    "ident": "helicop",
    "name": "直升机停机坪",
    "target":"helipad_ne"
  },
   {
    "type": "start_location",
    "ident": "radio_tower",
    "name": "无线电塔",
    "target":"radio_tower_top"
  },
    {
    "type": "start_location",
    "ident": "recyclecenter",
    "name": "垃圾回收中心",
    "target":"recyclecenter"
  },
    {
    "type": "start_location",
    "ident": "movie",
    "name": "电影院",
    "target":"movietheater_1_0"
  },
    {
    "type": "start_location",
    "ident": "bus",
    "name": "汽车站",
    "target":"bus_stat_0"
  },
    {
    "type": "start_location",
    "ident": "coffee",
    "name": "咖啡店",
    "target":"s_restaurant_coffee"
  },
    {
    "type": "start_location",
    "ident": "garage_gas",
    "name": "车库(加油站)",
    "target":"garage_gas_1"
  },
  {
    "type": "start_location",
    "ident": "hardware",
    "name": "五金店",
    "target":"s_hardware"
  },
    {
    "type": "start_location",
    "ident": "sexshop",
    "name": "成人用品店",
    "target":"cs_sex_shop"
  },
    {
    "type": "start_location",
    "ident": "craftshop",
    "name": "工艺店",
    "target":"craft_shop"
  },
   {
    "type": "start_location",
    "ident": "electronics",
    "name": "电器店",
    "target":"s_electronics"
  },
   {
    "type": "start_location",
    "ident": "clothes",
    "name": "服装店",
    "target":"s_clothes"
  },
   {
    "type": "start_location",
    "ident": "gun",
    "name": "枪械商店",
    "target":"s_gun"
  },
   {
    "type": "start_location",
    "ident": "hunting",
    "name": "狩猎用品店",
    "target":"s_hunting"
  },
   {
    "type": "start_location",
    "ident": "pharm",
    "name": "药店",
    "target":"s_pharm"
  },
   {
    "type": "start_location",
    "ident": "ranch_camp",
    "name": "大型农场",
    "target":"ranch_camp_68"
  }
  
]
