[
  {
    "type": "scenario",
    "name": "停机坪的灾变",
    "description": "你在停机坪仓库整理物资的时候突然听到战友们的惊叫和诡异的叫声，同时四角的炮台已经发出开火的声音。",
    "ident": "helicop",
    "points":0 ,
    "allowed_locs": [  "helicop"] ,
    "start_name": "直升机停机坪",
    "professions": [
      "soldier", "specops", "bio_soldier", "bio_sniper"
    ],
    "flags": [ "LONE_START"  ]
  },
    {
    "type": "scenario",
    "name": "塔顶眺望者",
    "description":"灾变发生过后的逃生的途中，你爬上无线电塔进行眺望观察周围，保证自己的安全和计划下一步该做什么。",
    "ident": "radio_tower",
    "points": 0,
    "allowed_locs": [ "radio_tower" ] ,
    "start_name": "无线电塔",
    "flags": [ "LONE_START" ]
  },
    {
    "type": "scenario",
    "name": "末日垃圾佬",
    "description": "灾变已经开始，你迫不得已溜进垃圾回收站，避难的同时在寻找着一些在末日对生存有用的东西。",
    "ident": "recyclecenter",
    "points":0 ,
    "allowed_locs": [  "recyclecenter"] ,
    "start_name": "垃圾回收中心",
    "flags": [ "LONE_START"]
  },
    {
    "type": "scenario",
    "name": "末日影院",
    "description": "你在丧尸危机爆发之后一路狂奔于马路，突然发现眼前的电影院，但愿里面没有任何敌人，这样你可以把那里当成暂时的庇护所",
    "ident": "movie",
    "points":1 ,
    "allowed_locs": [  "movie"] ,
    "start_name": "电影院",
    "flags": [ "LONE_START"]
  },
    {
    "type": "scenario",
    "name": "最后的班车",
    "description": "原本你在等候着今天的班车，但是遗憾的是，司机并没有出现，周围的“人们”喊叫着，并且看样子打算把你吃了。",
    "ident": "bus",
    "points":0 ,
    "allowed_locs": [  "bus"] ,
    "start_name": "汽车站",
    "flags": [ "LONE_START"]
  },
    {
    "type": "scenario",
    "name": "最后一次购物",
    "description": "本来你应该享受这一次购物的，然而这次你如果不快点结束的话，周围的其他顾客可能把你当成早餐。",
    "ident": "p_resort",
    "points":0 ,
    "allowed_locs": [  "coffee","hardware","sexshop","craftshop","electronics","clothes","gun","hunting","pharm"] ,
    "start_name": "咖啡店",
    "flags": [ "LONE_START"]
  },
  {
    "type": "scenario",
    "name": "末日农夫",
    "description": "大灾变已经开始，由于逃跑匆忙你没有带够足够食物，不过天无绝人之路，你眼前是一个大农场。",
    "ident": "  ranch_camp_68  ",
    "points":1,
    "allowed_locs": [  "ranch_camp"] ,
    "start_name": "大型农场",
    "flags": [ "LONE_START"]
  }
]
