[
  {
		"id": "WXKJ_mhjl_cjfp",
		"type": "TOOL_ARMOR",
		"category" : "wxkj_lq_lq",
		"symbol": "[",
		"color": "white",
		"name": "初级法袍",
		"description": "制师师协会发放的初级法袍,袍上绘制着一些深奥的符篆，穿上它能一定程度的免疫精神攻击 \n主动技能 : 魔法盾",
		"material": ["cotton"],
        "volume" : 12,		
      		"weight": 800,
        "warmth" : 10,
        "covers" : ["LEGS", "TORSO", "ARMS"],
        "coverage" : 95,		
        "encumbrance" : 15,
      		"environmental_protection" : 5,
        "material_thickness" : 2,
      		"artifact_data" : {
		   	  "effects_worn": ["AEP_PSYSHIELD"]
			},		
		"ammo": "MJK_type",
		"max_charges": 10,
		"use_action": {
			"type": "transform",
			"msg": "魔法盾激活，你的身体被笼罩在其中.",
			"target": "WXKJ_mhjl_cjfp_active",
			"active": true,
			"need_charges": 1,"//":"最少需要1灵力才可以激活",
			"need_charges_msg": "魔法盾需要足够的魔晶块才能启动。"
			},
		"flags" : ["OUTER","STURDY","HOOD","SUPER_FANCY","RAD_PROOF","WATER_FRIENDLY"]
	},{
		"id": "WXKJ_mhjl_cjfp_active",
		"type": "TOOL_ARMOR",
		"category" : "wxkj_lq_lq",
		"symbol": "[",
		"color": "white",
		"name": "初级法袍",
		"description": "制师师协会发放的初级法袍,袍上绘制着一些深奥的符篆，穿上它能一定程度的免疫精神攻击 \n主动技能:魔法盾",
		"material": ["cotton"],
        "volume" : 12,		
      	"weight": 800,
        "warmth" : 15,
        "covers" : ["HEAD","LEGS", "TORSO", "ARMS","FEET"],
        "coverage" : 100,		
        "encumbrance" : 15,
		"environmental_protection" : 5,
        "material_thickness" : 70,
      	"artifact_data" : {
	    "effects_worn": ["AEP_PSYSHIELD"]
			},		
		"ammo": "MJK_type",
		"max_charges": 12,
		"charges_per_use": 1, "//":"每次消耗1灵力",
		"turns_per_charge": 1,   "//":"每1回合消耗一次",
		"use_action": {
			"type": "transform",
			"msg": "魔法盾消失了.",
			"target": "WXKJ_mhjl_cjfp",   "//":"主动取消后恢复的形态"
			},
		"revert_to": "WXKJ_mhjl_cjfp",  "//":"能量消耗完恢复的形态",
		"revert_msg": "法袍能量用尽，魔法盾消失.",	
		"flags" : ["BLOCK_WHILE_WORN","OUTER","STURDY","HOOD","SUPER_FANCY","RAD_PROOF","WATER_FRIENDLY"]
	}
	]
   