[
{
		"id" : "wxkj_mhjl_ylzg1",
		"type" : "GUN",
		"category" : "wxkj_lq_lq",
		"name" : "夜莺之弓",
		"name_plural" : "夜莺之弓",
		"description" : "夜莺之弓,这把弓的精准度极高,是精灵游侠的制式装备之一.\n※因为特殊的附魔,因此这把弓只能使用精灵能量箭作为弹药.",
		"material" : ["wxkj_ts"],
		"symbol" : "(",
		"color" : "light_gray",
		"ammo" : "JLNLJ_type",
		"skill" : "archery",
		"min_strength" : 9,
		"weight" : 1750,
		"volume" : 8,
		"bashing" : 2,
		"to_hit": 3,
		"armor_data" :
		{
			"covers" : ["TORSO"],
			"coverage" : 5,
			"material_thickness" : 1,
			"encumbrance" : 10
		},
		"ranged_damage" : 25,
		"range" : 15,
		"dispersion" : 70,
		"sight_dispersion": 80,
		"durability" : 8,
		"clip_size" : 1,
		"reload" : 25,
		"recoil":10,
		"valid_mod_locations": 
		[
		
		[ "sights", 1 ],
		[ "stabilizer", 1 ]
		
		],
		"flags" : ["FIRE_TWOHAND","STR_DRAW","RELOAD_AND_SHOOT","PRIMITIVE_RANGED_WEAPON"]
	}
	]