[
{
		"id": "WXKJ_youxia_ft",
		"type": "TOOL_ARMOR",
		"category" : "wxkj_lq_lq",
		"symbol": "[",
		"color": "white",
		"name": "游侠护腿",
		"description": "每位精灵成为游侠时所量身定制的装备，使用特殊材料制作的皮质护腿，上面刻着许多神秘的符文。\n被动：快步",
		"material": ["wxkj_ts","leather"],
        "volume" : 12,		
      		"weight": 200,
        "warmth" : 15,
        "covers" : ["LEGS"],
        "coverage" : 95,		
        "encumbrance" : 5,
      		"environmental_protection" : 1,
        "material_thickness" : 3,
       	"artifact_data" :
        		 {
			  "effects_worn": ["AEP_SPEED_UP"]
			        },
		"flags" : ["OUTER","STURDY","SUPER_FANCY","WATER_FRIENDLY"]
	},
{
		"id": "WXKJ_youxia_fw",
		"type": "TOOL_ARMOR",
		"category" : "wxkj_lq_lq",
		"symbol": "[",
		"color": "white",
		"name": "游侠护腕",
		"description": "每位精灵成为游侠时所量身定制的装备,使用特殊材料制作的皮质护腕，上面刻着许多神秘的符文。",
		"material": ["wxkj_ts","leather"],
        "volume" : 12,		
      		"weight": 200,
        "warmth" : 15,
        "covers" : ["HANDS"],
        "coverage" : 95,		
        "encumbrance" : 5,
      		"environmental_protection" : 1,
        "material_thickness" : 3,
       	"artifact_data" :
        		 {
			  "effects_worn": ["AEP_CARRY_MORE"]
			        },
		"flags" : ["OUTER","STURDY","SUPER_FANCY","WATER_FRIENDLY"]
	},
  {
		"id": "WXKJ_youxia_px",
		"type": "TOOL_ARMOR",
		"category" : "wxkj_lq_lq",
		"symbol": "[",
		"color": "white",
		"name": "游侠皮靴",
		"description": "每位精灵成为游侠时所量身定制的装备,使用特殊材料制作的皮靴，上面刻着许多神秘的符文。\n被动：静步 ",
		"material": ["wxkj_ts","leather"],
        "volume" : 12,		
      		"weight": 400,
        "warmth" : 10,
        "covers" : ["FEET"],
        "coverage" : 95,		
        "encumbrance" : 5,
      		"environmental_protection" : 1,
        "material_thickness" : 2,
       	"artifact_data" :
        		 {		  "effects_worn":["AEP_STEALTH"]
			        },
		"flags" : ["OUTER","STURDY","SUPER_FANCY","WATER_FRIENDLY"]
	},
	  {
		"id": "WXKJ_youxia_dm",
		"type": "TOOL_ARMOR",
		"category" : "wxkj_lq_lq",
		"symbol": "[",
		"color": "white",
		"name": "游侠兜帽",
		"description": "每位精灵成为游侠时所量身定制的装备,使用特殊材料制作的皮兜帽，上面刻着许多神秘的符文。\n被动：精神守护",
		"material": ["wxkj_ts","leather"],
        "volume" : 12,		
      		"weight": 200,
        "warmth" : 10,
        "covers" : ["HEAD"],
        "coverage" : 95,		
        "encumbrance" : 5,
      	"environmental_protection" : 1,
        "material_thickness" : 5,
       	"artifact_data" :
        		 {
			  "effects_worn": ["AEP_PSYSHIELD"]
			        },
		"flags" : ["BLOCK_WHILE_WORN","OUTER","STURDY","SUPER_FANCY","WATER_FRIENDLY"]
	},
  {
		"id": "WXKJ_youxia_pj",
		"type": "TOOL_ARMOR",
		"category" : "wxkj_lq_lq",
		"symbol": "[",
		"color": "white",
		"name": "游侠皮甲",
		"description": "每位精灵成为游侠时所量身定制的装备,使用特殊材料制作的皮甲，上面刻着许多神秘的符文。 \n主动技能：游侠之力，使用者将拥有更快的速度和更强的力量.每回合(6秒)消耗1灵力。",
		"material": ["wxkj_ts","leather"],
        "volume" : 12,		
		"weight": 4000,
        "warmth" : 20,
        "covers" : ["TORSO", "ARMS"],
        "coverage" : 90,		
        "encumbrance" : 5,
      	"environmental_protection" : 1,
        "material_thickness" : 5,
       	"storage" : 20,
		"ammo": "WXKJ_resoure_LQ_type",
		"max_charges": 100,
		"use_action": {
			"type": "transform",
			"msg": "你的感知变得更为敏锐.",
			"target": "WXKJ_youxia_pj_active",
			"active": true,
			"need_charges": 10,"//":"最少需要10灵力才可以激活",
			"need_charges_msg": "技能需要足够的灵力才能启动。"
			},
		"flags" : ["BLOCK_WHILE_WORN","OUTER","STURDY","SUPER_FANCY","WATER_FRIENDLY"]
	},{
		"id": "WXKJ_youxia_pj_active",
		"type": "TOOL_ARMOR",
		"category" : "wxkj_lq_lq",
		"symbol": "[",
		"color": "white",
		"name": "游侠皮甲",
		"description": "每位精灵成为游侠时所量身定制的装备,使用特殊材料制作的皮甲，上面刻着许多神秘的符文。 \n主动技能：游侠之力，使用者将拥有更快的速度和更强的力量.每回合(6秒)消耗1灵力。",
		"material": ["wxkj_ts","leather"],
        "volume" : 12,		
     		"weight": 4000,
        "warmth" : 20,
        "covers" : ["TORSO", "ARMS"],
        "coverage" : 100,		
        "encumbrance" : 5,
		"environmental_protection" : 3,
        "material_thickness" : 5,
        "storage" : 10,
		"artifact_data" : {
			  "effects_worn": [
			 		"AEP_ALL_UP",     
			 		"AEP_SPEED_UP",
			 		"AEP_SPEED_UP",		
			 		"AEP_SPEED_UP",		
			 		"AEP_SPEED_UP",		
			 		"AEP_SPEED_UP"			  
			  ]
			},		
		"ammo": "WXKJ_resoure_LQ_type",
		"max_charges": 100,
		"charges_per_use": 1, "//":"每次消耗1灵力",
		"turns_per_charge": 1,   "//":"每1回合消耗一次",
		"use_action": {
			"type": "transform",
			"msg": "你停止了技能增幅:游侠之力.",
			"target": "WXKJ_youxia_pj",   "//":"主动取消后恢复的形态"
			},
		"revert_to": "WXKJ_youxia_pj",  "//":"能量消耗完恢复的形态",
		"revert_msg": "灵气用尽，增幅效果消失。",	
		"flags" : ["BLOCK_WHILE_WORN","OUTER","STURDY","SUPER_FANCY","WATER_FRIENDLY"]
		
	}
	
	]
   