[

  {
		"id": "GS_eq_per4_robe_quiet",
		"type": "TOOL_ARMOR",
		"category" : "wxkj_lq_lq",
		"symbol": "[",
		"color": "white",
		"name": "灵质轻音袍",
		"description": "凝聚灵质的半透明符文袍，能够维持符力减轻伤害，还有镇定心神的效果，装备时免疫精神攻击，同时拥有被动效果：轻音无跡，减轻穿戴者走动的声响，让行动更加隐蔽。\n \n主动技能：完美隐形，激发「无」特质，让身体完全透明化，隐身时没有速度惩罚，每回合(6秒)消耗3灵力。",
		"material": ["cotton"],
        "volume" : 12,		
		"weight": 800,
        "warmth" : 0,
        "covers" : ["LEGS", "TORSO", "ARMS"],
        "coverage" : 95,		
        "encumbrance" : 0,
		"environmental_protection" : 5,
        "material_thickness" : 2,
		"artifact_data" : {
			  "effects_worn": ["AEP_PSYSHIELD","AEP_STEALTH"]
			},		
		"ammo": "WXKJ_resoure_LQ_type",
		"max_charges": 150,
		"use_action": {
			"type": "transform",
			"msg": "「无」特质发动，你的身体倏地透明。",
			"target": "GS_eq_per4_robe_quiet_active",
			"active": true,
			"need_charges": 3,"//":"最少需要3灵力才可以激活",
			"need_charges_msg": "灵质轻音袍需要足够的灵力才能启动。"
			},
		"flags" : ["VARSIZE","OUTER","STURDY","HOOD","SUPER_FANCY","RAD_PROOF","WATER_FRIENDLY"]
	},{
		"id": "GS_eq_per4_robe_quiet_active",
		"type": "TOOL_ARMOR",
		"category" : "wxkj_lq_lq",
		"symbol": "[",
		"color": "white",
		"name": "灵质轻音袍",
		"description": "激发「无」特质的符文袍，让装备者处于不可视的隐形形态，仍会被气味或红外线等侦查技巧感知。",
		"material": ["cotton"],
        "volume" : 12,		
		"weight": 800,
        "warmth" : 10,
        "covers" : ["LEGS", "TORSO", "ARMS"],
        "coverage" : 90,		
        "encumbrance" : 5,
		"environmental_protection" : 5,
        "material_thickness" : 2,
		"artifact_data" : {
			  "effects_worn": ["AEP_PSYSHIELD","AEP_STEALTH","AEP_INVISIBLE"]
			},		
		"ammo": "WXKJ_resoure_LQ_type",
		"max_charges": 150,
		"charges_per_use": 3, "//":"每次消耗3灵力",
		"turns_per_charge": 3,   "//":"每3回合消耗一次",
		"use_action": {
			"type": "transform",
			"msg": "隐身效果消失，你的身体显影而出。",
			"target": "GS_eq_per4_robe_quiet",   "//":"主动取消后恢复的形态"
			},
		"revert_to": "GS_eq_per4_robe_quiet",  "//":"能量消耗完恢复的形态",
		"revert_msg": "轻音袍的能量用尽，隐形效果消失。",	
		"flags" : ["VARSIZE","OUTER","STURDY","HOOD","SUPER_FANCY","RAD_PROOF","WATER_FRIENDLY"]
	}
	
	]
   