[
	{
		"type" : "ammunition_type",
		"id" : "JLNLJ_type",
		"name" : "精灵能量箭",
		"default" : "JLNLJ"	
	},{
		"type" : "AMMO",
		"id" : "JLNLJ",
		"category" : "wxkj_lq_lq",
		"name" : "精灵能量箭",
		"name_plural" : "精灵能量箭",
		"symbol" : "'",
		"color" : "break",
		"material": "wxkj_ts",
		"description" : "由灵气凝聚而成的实体箭矢.",
		"ammo_type" : "JLNLJ_type",
	 "cutting": 12,
	   "damage": 30,
    "pierce": 25,
    "range": 30,
    "dispersion": 80,
    "loudness": 0,
    "count": 10,
		"effects" : ["NEVER_MISFIRES"]
	}
]