[
	{
		"type" : "ammunition_type",
		"id" : "YXZZ_type",
		"name" : "游侠之证",
		"default" : "YXZZ"	
	},{
		"type" : "AMMO",
		"id" : "YXZZ",
		"category" : "wxkj_ore",
		"name" : "游侠之证",
		"name_plural" : "游侠之证",
		"symbol" : "'",
		"color" : "break",
		"material": "wxkj_jade_meterial",
		"description" : "可以证明你已经通过了游侠的考验,可以成为一个真正的精灵游侠了.",
		"ammo_type" : "YXZZ_type"
	},
    {
       "type":"TOOL",
        "id": "wx_jl_j1",   
	      	"category" : "wxkj_lq_lq",
        "symbol": "/",
        "color": "dark_gray",
        "name": "精灵之剑",
        "description": "一把墨蓝色的长剑,精灵中只有强大的战士才有资格获取的一把剑.",
        "price": 0,        
        "to_hit": 3,
        "price_postapoc": 20000,   
        "material": ["steel","wood","wxkj_ts"],
        "weight": 1720,
        "volume": 12,
        "bashing": 18,
	       	"max_charges": 1,
	        "charges_per_use": 1,   
	       	"ammo": "YXZZ_type", 	
        "min_strength" : 8,
        "cutting": 27,
        "qualities": [ 
        [ "CUT", 3 ], 
        [ "BUTCHER", 5 ] 
        ],
        "flags" : 
        [
        "SHEATH_SWORD"
        ],
        "techniques" : 
        ["WBLOCK_2",
        "LDSJ"],    
  "use_action": {
			"type": "transform",
			"msg": "剑身一抹青芒闪过，上面多了许多玄奥的符文.",
			"target": "wx_jl_yxzj",
			"active": true,
			"moves" : 0,
			"need_charges": 1,
			"need_charges_msg": "这把剑一点反应都没有."
			}
  },
      {
       "type":"TOOL",
        "id": "wx_jl_yxzj",   
	      	"category" : "wxkj_lq_lq",
        "symbol": "/",
        "color": "dark_gray",
        "name": "游侠之剑",
        "description": "一把青绿色的长剑,精灵中只有强大的游侠才有资格获取的一把剑,剑身上刻着着许多玄妙的符文正在微微闪烁着.",
        "price": 0,        
        "to_hit": 5,
        "price_postapoc": 200000,   
        "material": ["steel","wood","wxkj_ts"],
        "weight": 1720,
        "volume": 12,
        "bashing": 22,
	    "max_charges": 1,
	    "charges_per_use": 1,   
	    "ammo": "YXZZ_type", 	
        "min_strength" : 9,
        "cutting": 35,
        "qualities": [ 
        [ "CUT", 5 ], 
        [ "BUTCHER", 10 ] 
        ],
        "flags" : 
        [
        "SHEATH_SWORD"
        ],
        "techniques" : 
        ["WBLOCK_2",
        "LDSJ",
        "YXZX"
        
        ],    
  "use_action": {
			"type": "transform",
			"msg": "剑身一抹青芒闪过，上面多了许多玄奥的符文.",
			"target": "wx_lyq",
			"active": true,
			"moves" : 0,
			"need_charges": 1,
			"need_charges_msg": "这把剑一点反应都没有."
			}
  }
    
  ]