[
  {
    "id": "wxkj_jl_Jx",
    "type": "ARMOR",
    "name": "精灵箭筒",
    "description": "精灵使用特殊材料打造的箭筒，主要用于储存箭矢.",
    "weight": 260,
    "volume": 2,
    "price": 6,
    "bashing": 2,
    "material": [ "wxkj_ts" ],
    "symbol": "[",
    "color": "brown",
    "covers": [ "TORSO" ],
    "coverage": 10,
    "encumbrance": 5,
    "material_thickness": 1,
    "use_action":
     {
     "type": "bandolier",
      "capacity": 100, 
      "ammo": ["JLNLJ_type","arrow"], 
      "draw_cost": 20 
      },
    "flags": [ "WAIST", "OVERSIZE", "WATER_FRIENDLY" ]
  },
  
  
  
{
        "type":"TOOL",
        "id": "wxkj_jl_Jx1",
      		"category" : "wxkj_lq_lq",
        "name": "精灵箭匣",
        "name_plural": "精灵箭匣",
        "description": "精灵使用特殊材料打造的箭匣，主要用于储存箭矢,它的内部雕刻着某种阵法使其能够缓缓的生成箭矢.\n※箭筒内至少要有一根箭矢才能激活阵法使之正常运行.",
        "symbol": "@",
        "color": "red",
        "volume" :10,		
		      "weight": 4000,
        "material": ["wxkj_ts"],
		"max_charges": 200,
		"initial_charges":100,
		"ammo": "JLNLJ_type",
				"armor_data" :
		{
			"covers" : ["TORSO"],
			"coverage" : 10,
			"material_thickness" : 1,
			"encumbrance" : 5
		},
   "flags": [ "WAIST", "OUTER", "WATER_FRIENDLY" ],
		"artifact_data" : {
			"charge_type": "ARTC_TIME"
		},
		"use_action": "ARTIFACT"
	}
	]