[{
        "//": "This zombie type has slow attack speed.",
        "aggression": 100,
        "armor_acid": 1,
        "armor_bash": 2,
        "armor_cut": 4,
        "armor_fire": 1,
        "attack_cost": 150,
        "color": "light_green",
        "death_drops": "default_zombie_death_drops",
        "death_function": ["NORMAL"],
        "default_faction": "zombie",

        "description": "它的一只手臂变异成了一具正常的骨头。划破一块皮肤不那么锋利，但足以留下瘀伤.",
        "diff": 1,
        "dodge": 1,
        "flags": ["SEES", "HEARS", "SMELLS", "WARM", "BASHES", "STUMBLES", "POISON", "NO_BREATHE", "REVIVES", "FILTHY", "BONES"],
        "harvest": "zombie",
        "hp": 85,
        "id": "mon_zombie_blade",
        "material": ["flesh"],
        "melee_cut": 0,
        "melee_damage": [{
                "amount": 5,
                "damage_type": "bash"
            }
        ],
        "melee_dice": 3,
        "melee_dice_sides": 4,
        "melee_skill": 4,
        "morale": 100,
        "name": "刀锋僵尸",
        "special_attacks": [["swordbash", 15], ["swordbashtrip", 22]],
        "species": ["ZOMBIE"],
        "speed": 95,
        "symbol": "⫰",
        "type": "MONSTER",
        "upgrades": {
            "half_life": 12,
            "into_group": "GROUP_BLADED_UPGRADE"
        },
        "volume": "62500 ml",
        "weight": 81500
    }, {
        "aggression": 100,
        "armor_acid": 1,
        "armor_bash": 4,
        "armor_cut": 4,
        "armor_fire": 2,
        "attack_cost": 150,
        "color": "green",
        "death_drops": "default_zombie_death_drops",
        "death_function": ["NORMAL"],
        "default_faction": "zombie",
        "description": "一具腐烂气味的尸体，有明显的骨头剑，当被武器击中时会发出火光.",
        "dodge": 1,
        "flags": ["SEES", "HEARS", "SMELLS", "WARM", "BASHES", "STUMBLES", "POISON", "NO_BREATHE", "REVIVES", "FILTHY", "BONES", "BLEED"],
        "harvest": "zombie",
        "hp": 130,
        "id": "mon_zombie_sharpblade",
        "material": ["flesh"],
        "melee_cut": 4,
        "melee_damage": [{
                "amount": 8,
                "damage_type": "cut"
            }
        ],
        "diff": 5,
        "melee_dice": 1,
        "melee_dice_sides": 6,
        "melee_skill": 6,
        "morale": 100,
        "name": "刀锋僵尸进化体",
        "special_attacks": [["swordslashshp", 12], ["swordslashtrip", 26]],
        "species": ["ZOMBIE"],
        "speed": 90,
        "symbol": "⚸",
        "type": "MONSTER",
        "vision_day": 30,
        "vision_night": 10,
        "upgrades": {
            "half_life": 10,
            "into_group": "GROUP_BLADED_UPGRADEX"
        },
        "volume": "62500 ml",
        "weight": 81500
    }, {
        "aggression": 100,
        "armor_acid": 1,
        "armor_bash": 4,
        "armor_cut": 4,
        "armor_fire": 2,
        "attack_cost": 150,
        "color": "green",
        "death_drops": "default_zombie_death_drops",
        "death_function": ["NORMAL"],
        "default_faction": "zombie",
        "description": "拖着那把腐烂的剑，显然这把武器的重量给了可怜的死者以沉重的负担.",
        "dodge": 1,
        "flags": ["SEES", "HEARS", "SMELLS", "WARM", "STUMBLES", "BASHES", "POISON", "NO_BREATHE", "REVIVES", "FILTHY", "BONES", "BLEED"],
        "harvest": "zombie",
        "hp": 125,
        "id": "mon_zombie_serratedblade",
        "material": ["flesh"],
        "melee_cut": 4,
        "melee_damage": [{
                "amount": 5,
                "damage_type": "cut"
            }, {
                "amount": 6,
                "damage_type": "stab"
            }
        ],
        "diff": 5,
        "melee_dice": 1,
        "melee_dice_sides": 6,
        "melee_skill": 6,
        "morale": 100,
        "name": "刀锋僵尸完全体",
        "special_attacks": [["swordslashsrt", 14], ["swordslashtrip", 26]],
        "species": ["ZOMBIE"],
        "speed": 80,
        "symbol": "⚷",
        "type": "MONSTER",
        "vision_day": 30,
        "vision_night": 10,
        "upgrades": {
            "half_life": 10,
            "into_group": "GROUP_BLADED_UPGRADEX"
        },
        "volume": "62500 ml",
        "weight": 81500
    }, {
        "aggression": 100,
        "armor_acid": 1,
        "armor_bash": 4,
        "armor_cut": 12,
        "armor_fire": 2,
        "armor_pierce": 10,
        "attack_cost": 175,
        "color": "light_green_white",
        "death_drops": "default_zombie_death_drops",
        "death_function": ["NORMAL"],
        "default_faction": "zombie",
        "description": "一种摇摇欲坠的尸体，有一只长得像中世纪剑的直刃手臂。灵巧而貌似有天赋的前锋，眼睛盯着一个点，仿佛在寻找命运多舛的受害者的弱点.",
        "dodge": 3,
        "flags": ["SEES", "HEARS", "SMELLS", "WARM", "BASHES", "POISON", "NO_BREATHE", "REVIVES", "FILTHY", "BONES", "BLEED"],
        "harvest": "zombie",
        "hp": 200,
        "id": "mon_zombie_razor",
        "material": ["flesh"],
        "melee_cut": 6,
        "melee_damage": [{
                "amount": 14,
                "damage_type": "cut"
            }
        ],
        "diff": 15,
        "melee_dice": 1,
        "melee_dice_sides": 6,
        "melee_skill": 10,
        "morale": 100,
        "name": "霸主刀锋僵尸",
        "special_attacks": [{
                "type": "spell",
                "spell_data": { "id":"mon_zombie_razor_dslash_target"},
                "cooldown": 22,
                "monster_message": "%1$s performs an onslaught of attacks!"
            },
            ["swordslashshp", 7]
        ],
        "species": ["ZOMBIE"],
        "speed": 90,
        "symbol": "⫰",
        "type": "MONSTER",
        "vision_day": 30,
        "volume": "62500 ml",
        "weight": 81500
    }
]
