[{
        "//": "Aggro-type zed. Shares similarities to the titan, but this type can go charging into its target in one turn and gain combat bonuses for doing so.",
        "id": "mon_zombie_charger",
        "type": "MONSTER",
        "name": "畸形僵尸",
        "description": "一具粗糙的尸体，其中一只胳膊变异成了一块长得很粗的肌肉，而另一只手臂则相反.",
        "default_faction": "zombie",
        "species": ["ZOMBIE", "HUMAN"],
        "volume": "92500 ml",
        "weight": 120000,
        "harvest": "zombie",
        "hp": 185,
        "speed": 85,
        "diff": 5,
        "material": ["flesh"],
        "symbol": "➡",
        "color": "light_green",
        "aggression": 100,
        "morale": 100,
        "attack_cost": 375,
        "melee_skill": 4,
        "melee_dice": 2,
        "melee_dice_sides": 6,
        "melee_cut": 0,
        "armor_bash": 16,
        "armor_cut": 2,
        "//": "Charger deals bashing damage to itself and the creature who block its path. And yes, it is susceptible to bugs.",
        "special_attacks": [{
                "type": "spell",
                "spell_data": { "id":"mon_zombie_charger_charge_target_random"},
                "cooldown": 110,
                "monster_message": "<color_red>%1$s charges at %3$s!</color>"
            }
        ],
        "upgrades": {
            "half_life": 12,
            "into_group": "GROUP_CHARGER_UPGRADE"
        },
        "death_drops": "default_zombie_death_drops",
        "death_function": ["NORMAL"],
        "flags": [
            "SEES",
            "SMELLS",
            "HEARS",
            "WARM",
            "STUN_IMMUNE",
            "BASHES",
            "GROUP_BASH",
            "POISON",
            "NO_BREATHE",
            "REVIVES",
            "PUSH_MON",
            "FILTHY"
        ]
    }, {
        "id": "mon_zombie_charger_spike",
        "type": "MONSTER",
        "name": "畸形僵尸进化体",
        "description": "一个曾经粗壮的僵尸，现在已经被皮肤下突出的骨钉所覆盖，但它粗大的、变异的手臂却被更大的骨头压得喘不过气来.",
        "default_faction": "zombie",
        "species": ["ZOMBIE", "HUMAN"],
        "volume": "132500 ml",
        "weight": 173000,
        "harvest": "zombie",
        "hp": 235,
        "speed": 70,
        "diff": 20,
        "material": ["flesh"],
        "symbol": "➡",
        "color": "light_red",
        "aggression": 100,
        "morale": 100,
        "attack_cost": 350,
        "melee_skill": 6,
        "melee_dice": 2,
        "melee_dice_sides": 6,
        "melee_cut": 4,
        "armor_bash": 18,
        "armor_cut": 4,
        "armor_stab": 2,
        "special_attacks": [{
                "type": "spell",
                "spell_data": { "id":"mon_zombie_charger_spike_charge_target_random"},
                "cooldown": 125,
                "monster_message": "<color_red>%1$s charges at %3$s!</color>"
            }
        ],
        "death_drops": "default_zombie_death_drops",
        "death_function": ["NORMAL"],
        "flags": [
            "SEES",
            "SMELLS",
            "HEARS",
            "WARM",
            "STUN_IMMUNE",
            "BASHES",
            "BLEED",
            "GROUP_BASH",
            "POISON",
            "NO_BREATHE",
            "REVIVES",
            "PUSH_MON",
            "FILTHY"
        ]
    }, {
        "id": "mon_zombie_charger_plate",
        "type": "MONSTER",
        "name": "畸形僵尸完全体",
        "description": "一种大尸体，其皮肤钙化成一层，像一个外壳，其目的是保护下半部。它使它的运动变得僵硬，当一个人离得足够近的时候就能听到皮肤的摩擦声. ",
        "default_faction": "zombie",
        "species": ["ZOMBIE", "HUMAN"],
        "volume": "140000 ml",
        "weight": 182000,
        "harvest": "zombie",
        "hp": 310,
        "speed": 55,
        "diff": 20,
        "material": ["flesh"],
        "symbol": "➡",
        "color": "green",
        "aggression": 100,
        "morale": 100,
        "attack_cost": 475,
        "melee_skill": 6,
        "melee_dice": 4,
        "melee_dice_sides": 6,
        "melee_cut": 0,
        "armor_bash": 28,
        "armor_cut": 8,
        "armor_stab": 6,
        "special_attacks": [{
                "type": "spell",
                "spell_data": { "id":"mon_zombie_charger_plate_charge_target_random"},
                "cooldown": 125,
                "monster_message": "<color_red>%1$s charges at %3$s!</color>"
            }
        ],
        "death_drops": "default_zombie_death_drops",
        "death_function": ["NORMAL"],
        "flags": [
            "SEES",
            "SMELLS",
            "HEARS",
            "WARM",
            "STUN_IMMUNE",
            "BASHES",
            "GROUP_BASH",
            "POISON",
            "NO_BREATHE",
            "REVIVES",
            "PUSH_MON",
            "FILTHY"
        ]
    }, {
        "id": "mon_zombie_charger_vanguard",
        "type": "MONSTER",
        "name": "霸主畸形僵尸",
        "description": "一具尸体，严重变形成一大块扭曲的肉体，但仍然保留着人形。腐烂的伤口遍布全身，因为它主要的手臂由于长时间的变异而过度生长.",
        "default_faction": "zombie",
        "species": ["ZOMBIE", "HUMAN"],
        "volume": "875000 ml",
        "weight": 346500,
        "harvest": "zombie",
        "hp": 580,
        "speed": 50,
        "diff": 15,
        "material": ["flesh"],
        "symbol": "➪",
        "color": "magenta_red",
        "aggression": 100,
        "morale": 100,
        "attack_cost": 525,
        "melee_skill": 8,
        "melee_dice": 8,
        "melee_dice_sides": 6,
        "melee_cut": 0,
        "armor_bash": 40,
        "armor_cut": 10,
        "armor_stab": 5,
        "special_attacks": [{
                "type": "spell",
                "spell_data": { "id":"mon_zombie_charger_vanguard_charge_target_random"},
                "cooldown": 125,
                "monster_message": "<color_red>%1$s charges at %3$s!</color>"
            }
        ],
        "death_drops": "default_zombie_death_drops",
        "death_function": ["NORMAL"],
        "flags": [
            "SEES",
            "SMELLS",
            "HEARS",
            "WARM",
            "STUN_IMMUNE",
            "BASHES",
            "GROUP_BASH",
            "POISON",
            "NO_BREATHE",
            "REVIVES",
            "PUSH_MON",
            "PUSH_VEH",
            "FILTHY"
        ]
    }
]
