[{
        "id": "mon_zombie_grubby",
        "type": "MONSTER",
        "name": "肮脏的僵尸",
        "description": "从这具被严重感染的尸体上看，臃肿的腐烂结构，恶臭难闻，周围布满虫子的巨大脓液，令人难以预料地令人不快.",
        "default_faction": "zombie",
        "species": ["ZOMBIE", "HUMAN"],
        "volume": "62500 ml",
        "weight": 81500,
        "harvest": "zombie",
        "hp": 70,
        "speed": 55,
        "diff": 1,
        "material": ["flesh"],
        "symbol": "⚆",
        "color": "yellow",
        "aggression": 50,
        "morale": 50,
        "melee_skill": 1,
        "melee_dice": 1,
        "melee_dice_sides": 1,
        "melee_cut": 2,
        "armor_cut": 2,
        "armor_bash": 4,
        "armor_stab": 4,
        "vision_day": 20,
        "path_settings": {
            "max_dist": 20
        },
        "special_attacks": [{
                "type": "spell",
                "spell_data": { "id":"mon_zombie_grubby_target_random"},
                "cooldown": 17,
                "monster_message": "<color_yellow>%1$s's pus erupts, releasing swarms of parasitic worms!</color>"
            }
        ],
        "death_drops": "default_zombie_death_drops",
        "death_function": ["NORMAL"],
        "upgrades": {
            "half_life": 14,
            "into": "mon_zombie_slimy"
        },
        "flags": ["SEES", "HEARS", "SMELLS", "WARM", "BASHES", "GROUP_BASH", "FILTHY", "POISON", "NO_BREATHE", "REVIVES", "BONES", "GROUP_MORALE"]
    }, {
        "id": "mon_zombie_slimy",
        "type": "MONSTER",
        "name": "进化体肮脏僵尸",
        "description": "在无皮的身体里注入了斑点和蠕虫，这只僵尸几乎不能用脚行走。当粘液从洞里滴下时，寄生虫可以“游”得更快.",
        "default_faction": "zombie",
        "species": ["ZOMBIE", "HUMAN"],
        "harvest": "zombie",
        "volume": "62500 ml",
        "weight": 81500,
        "hp": 75,
        "speed": 40,
        "diff": 15,
        "material": ["flesh"],
        "symbol": "⚆",
        "color": "cyan_yellow",
        "aggression": 50,
        "morale": 50,
        "melee_skill": 1,
        "melee_dice": 1,
        "melee_dice_sides": 1,
        "melee_cut": 1,
        "armor_cut": 3,
        "armor_bash": 5,
        "armor_stab": 4,
        "vision_day": 22,
        "path_settings": {
            "max_dist": 20
        },
        "special_attacks": [{
                "type": "spell",
                "spell_data": { "id":"mon_zombie_slimy_target_random"},
                "cooldown": 34,
                "monster_message": "<color_yellow>%1$s's pus explodes, releasing swarms of parasitic worms!</color>"
            }
        ],
        "upgrades": {
            "half_life": 20,
            "into_group": "GROUP_GRUBBY_UPGRADEX"
        },
        "death_function": ["SPLATTER"],
        "flags": ["SEES", "HEARS", "SMELLS", "WARM", "BASHES", "GROUP_BASH", "POISON", "NO_BREATHE", "REVIVES", "BONES", "FILTHY", "BILE_BLOOD"]
    }, {
        "//": "Like a bloated zombie, but with its speed and a unique ability, it may explode before it even gets close.",
        "id": "mon_zombie_glut",
        "type": "MONSTER",
        "name": "肮脏僵尸完全体",
        "description": "一种肿胀的进化尸体，全身都是虫子，使其过度膨胀。这些肿胀的部分是挥发性的，它的突然爆炸可以引起广泛的感染.",
        "default_faction": "zombie",
        "species": ["ZOMBIE", "HUMAN"],
        "harvest": "zombie",
        "volume": "92500 ml",
        "weight": 120000,
        "//": "High health, for the use of its ability.",
        "hp": 400,
        "speed": 10,
        "diff": 15,
        "material": ["flesh"],
        "symbol": "⚈",
        "color": "red_cyan",
        "aggression": 50,
        "morale": 50,
        "melee_skill": 2,
        "melee_dice": 1,
        "melee_dice_sides": 4,
        "melee_cut": 1,
        "armor_bash": 12,
        "vision_day": 25,
        "path_settings": {
            "max_dist": 20
        },
        "special_attacks": [["SUICIDE", 0], {
                "type": "spell",
                "spell_data": { "id":"mon_zombie_glut_target"},
                "cooldown": 34,
                "monster_message": "<color_yellow>%1$s's limb explodes violently, releasing an overwhelming swarm of parasitic worms!</color>"
            }
        ],
        "death_function": ["SPLATTER", "GAS"],
        "flags": ["SEES", "HEARS", "SMELLS", "WARM", "BASHES", "GROUP_BASH", "POISON", "NO_BREATHE", "REVIVES", "BONES", "BILE_BLOOD"]
    }
]
