[{
        "id": "mon_zombie_lick",
        "type": "MONSTER",
        "name": "舔食者",
        "description": "敏捷的僵尸，从嘴里伸出细长的舌头。小而脆弱，其灵活的动作令人畏惧.",
        "default_faction": "zombie",
        "species": ["ZOMBIE", "HUMAN"],
        "volume": "30000 ml",
        "weight": 40750,
        "harvest": "zombie",
        "hp": 70,
        "speed": 125,
        "diff": 1,
        "material": ["flesh"],
        "symbol": "⟆",
        "color": "pink",
        "aggression": 50,
        "morale": 50,
        "melee_skill": 4,
        "melee_dice": 0,
        "melee_dice_sides": 2,
        "melee_cut": 4,
        "armor_cut": 4,
        "armor_bash": 2,
        "armor_stab": 4,
        "dodge": 4,
        "special_attacks": [
            ["scratch", 6],
            ["GRAB", 10],
            ["LUNGE", 20], {
                "type": "leap",
                "allow_no_target": false,
                "cooldown": 10,
                "max_range": 5
            }
        ],
        "death_drops": {
            "subtype": "collection",
            "groups": [
                ["default_zombie_clothes", 100],
                ["child_items", 65]
            ]
        },
        "death_function": ["NORMAL"],
        "upgrades": {
            "half_life": 14,
            "into": "mon_zombie_mlick"
        },
        "flags": ["SEES", "HEARS", "SMELLS", "WARM", "BASHES", "GROUP_BASH", "FILTHY", "POISON", "NO_BREATHE", "REVIVES", "BONES", "GROUP_MORALE", "HARDTOSHOOT"]
    }, {
        "id": "mon_zombie_mlick",
        "type": "MONSTER",
        "name": "变异舔食者",
        "description": "它是一种永远占统治地位的舔食者，它的外表更为与众不同：它的皮肤变成了肉质的身体，爪子笨拙地抬起，舌头也长得更长.",
        "default_faction": "zombie",
        "species": ["ZOMBIE", "HUMAN"],
        "volume": "30000 ml",
        "weight": 40750,
        "harvest": "zombie",
        "hp": 90,
        "speed": 130,
        "diff": 5,
        "material": ["flesh"],
        "symbol": "⟆",
        "color": "pink_red",
        "aggression": 50,
        "morale": 50,
        "melee_skill": 5,
        "melee_dice": 0,
        "melee_dice_sides": 2,
        "melee_cut": 6,
        "armor_cut": 6,
        "armor_bash": 4,
        "armor_stab": 6,
        "dodge": 5,
        "special_attacks": [
            ["scratch", 4],
            ["GRAB", 6],
            ["LUNGE", 14], {
                "type": "leap",
                "allow_no_target": false,
                "cooldown": 10,
                "max_range": 7
            }
        ],
        "death_drops": {
            "subtype": "collection",
            "groups": [
                ["default_zombie_clothes", 100],
                ["child_items", 65]
            ]
        },
        "death_function": ["NORMAL"],
        "upgrades": {
            "half_life": 20,
            "into": "mon_zombie_xlick"
        },
        "flags": ["SEES", "HEARS", "SMELLS", "WARM", "BASHES", "GROUP_BASH", "POISON", "NO_BREATHE", "FILTHY", "REVIVES", "BONES", "GROUP_MORALE", "HARDTOSHOOT"]
    }, {
        "id": "mon_zombie_xlick",
        "looks_like": "mon_zombie_mlick",
        "type": "MONSTER",
        "name": "恐怖撕裂者",
        "description": "这只舔食者浑身是嫩红色的肉，已经达到了顶峰。除了它更大、更坚硬的身体外，它灵活的像刀片一样的舌头在寻找猎物时剧烈地扭动.",
        "default_faction": "zombie",
        "species": ["ZOMBIE", "HUMAN"],
        "volume": "95000 ml",
        "weight": 100000,
        "harvest": "zombie",
        "hp": 125,
        "speed": 135,
        "diff": 15,
        "material": ["flesh"],
        "symbol": "⚕",
        "color": "red",
        "aggression": 50,
        "morale": 50,
        "melee_skill": 6,
        "melee_dice": 0,
        "melee_dice_sides": 2,
        "melee_cut": 6,
        "armor_cut": 8,
        "armor_bash": 4,
        "armor_stab": 8,
        "dodge": 5,
        "special_attacks": [
            ["scratch", 5],
            ["GRAB", 5],
            ["LUNGE", 15], {
                "type": "leap",
                "allow_no_target": false,
                "cooldown": 9,
                "max_range": 7
            }, {
                "type": "spell",
                "spell_data": { "id":"mon_zombie_xlick_pstab"},
                "cooldown": 18,
                "monster_message": "<color_yellow>%1$s stabs %3$s precisely with its tongue!</color>"
            }
        ],
        "death_drops": {
            "subtype": "collection",
            "groups": [
                ["default_zombie_clothes", 100],
                ["child_items", 65]
            ]
        },
        "death_function": ["NORMAL"],
        "flags": ["SEES", "HEARS", "SMELLS", "WARM", "BASHES", "GROUP_BASH", "POISON", "NO_BREATHE", "FILTHY", "REVIVES", "BONES", "GROUP_MORALE", "HARDTOSHOOT"]
    }
]
