[{
        "aggression": 100,
        "armor_acid": 1,
        "armor_bash": 3,
        "armor_cut": 2,
        "armor_fire": 1,
        "attack_cost": 125,
        "color": "light_green",
        "death_drops": "default_zombie_death_drops",
        "death_function": ["NORMAL"],
        "default_faction": "zombie",
        "description": "一个人的身体，有别于它的大，厚和病态变形的下颚，在黑色的软泥中滴水.",
        "flags": ["SEES", "HEARS", "SMELLS", "WARM", "BASHES", "POISON", "NO_BREATHE", "REVIVES", "FILTHY", "BONES"],
        "harvest": "zombie",
        "hp": 70,
        "diff": 1,
        "id": "mon_zombie_mouth",
        "material": ["flesh"],
        "melee_cut": 3,
        "melee_damage": [{
                "amount": 2,
                "damage_type": "bash"
            }, {
                "amount": 4,
                "damage_type": "stab"
            }
        ],
        "melee_dice": 1,
        "melee_dice_sides": 4,
        "melee_skill": 4,
        "morale": 100,
        "name": "臃肿的僵尸",
        "special_attacks": [{
                "cooldown": 10,
                "damage_max_instance": [{
                        "amount": 8,
                        "armor_multiplier": 0.7,
                        "damage_type": "stab"
                    }
                ],
                "type": "bite"
            }
        ],
        "species": ["ZOMBIE"],
        "speed": 100,
        
        "symbol": "<",
        "type": "MONSTER",
        "upgrades": {
            "half_life": 12,
            "into_group": "GROUP_MOUTH_UPGRADE"
        },
        "volume": "62500 ml",
        "weight": 81500
    }, {
        "aggression": 100,
        "armor_acid": 1,
        "armor_bash": 7,
        "armor_cut": 3,
        "armor_fire": 1,
        "attack_cost": 150,
        "color": "light_green",
        "death_drops": "default_zombie_death_drops",
        "death_function": ["NORMAL"],
        "default_faction": "zombie",
        "description": "这具尸体独特的特征是它的嘴在破裂的腹部张开，这具尸体构成了巨大的威胁.",
        "flags": ["SEES", "HEARS", "SMELLS", "WARM", "BASHES", "POISON", "NO_BREATHE", "REVIVES", "FILTHY", "BONES"],
        "grab_strength": 2,
        "harvest": "zombie",
        "hp": 125,
        "diff": 5,
        "id": "mon_zombie_bellymouth",
        "material": ["flesh"],
        "melee_cut": 3,
        "melee_damage": [{
                "amount": 8,
                "damage_type": "cut"
            }, {
                "amount": 5,
                "damage_type": "stab"
            }
        ],
        "melee_dice": 3,
        "melee_dice_sides": 5,
        "melee_skill": 5,
        "morale": 100,
        "name": "贝利茅斯僵尸",
        "special_attacks": [{
                "cooldown": 3,
                "damage_max_instance": [{
                        "amount": 4,
                        "armor_multiplier": 0.4,
                        "damage_type": "cut"
                    }, {
                        "amount": 6,
                        "armor_multiplier": 0.6,
                        "damage_type": "stab"
                    }
                ],
                "min_mul": 0.3,
                "type": "bite"
            }
        ],
        "species": ["ZOMBIE"],
        "speed": 90,
        
        "symbol": "⪕",
        "type": "MONSTER",
        "upgrades": {
            "half_life": 16,
            "into_group": "GROUP_MOUTH_UPGRADEX"
        },
        "volume": "62500 ml",
        "weight": 81500
    }, {
        "aggression": 100,
        "armor_acid": 1,
        "armor_bash": 5,
        "armor_cut": 3,
        "armor_fire": 1,
        "attack_cost": 150,
        "color": "green",
        "death_drops": "default_zombie_death_drops",
        "death_function": ["NORMAL"],
        "default_faction": "zombie",
        "description": "令人毛骨悚然的尖牙在整个口腔中循环，足够容纳空间，直到眼睛沉入无痕为止.",
        "dodge": 1,
        "flags": ["HEARS", "SMELLS", "WARM", "BASHES", "POISON", "NO_BREATHE", "REVIVES", "FILTHY", "BONES"],
        "harvest": "zombie",
        "hp": 110,
        "diff": 5,
        "id": "mon_zombie_omouth",
        "material": ["flesh"],
        "melee_cut": 5,
        "melee_damage": [{
                "amount": 4,
                "damage_type": "bash"
            }, {
                "amount": 8,
                "damage_type": "cut"
            }, {
                "amount": 2,
                "damage_type": "stab"
            }
        ],
        "melee_dice": 2,
        "melee_dice_sides": 5,
        "melee_skill": 5,
        "morale": 100,
        "name": "肥胖的僵尸",
        "special_attacks": [{
                "cooldown": 15,
                "damage_max_instance": [{
                        "amount": 7,
                        "armor_multiplier": 0.6,
                        "damage_type": "bash"
                    }, {
                        "amount": 7,
                        "armor_multiplier": 0.6,
                        "damage_type": "stab"
                    }
                ],
                "effects": [{
                        "bp": "TORSO",
                        "duration": 1000,
                        "id": "grabbed"
                    }
                ],
                "type": "bite"
            }
        ],
        "species": ["ZOMBIE"],
        "speed": 95,
        
        "symbol": "⪦",
        "type": "MONSTER",
        "upgrades": {
            "half_life": 16,
            "into_group": "GROUP_MOUTH_UPGRADEX"
        },
        "volume": "62500 ml",
        "weight": 81500
    }, {
        "//": "Perfectly strong biter!",
        "aggression": 100,
        "armor_acid": 2,
        "armor_bash": 8,
        "armor_cut": 12,
        "armor_fire": 2,
        "attack_cost": 200,
        "color": "red_green",
        "death_drops": "default_zombie_death_drops",
        "death_function": ["NORMAL"],
        "default_faction": "zombie",
        "description": "一种大而贪婪的僵尸，长着一张细长的嘴，与七鳃鳗的嘴相似，粗糙、厚实的皮肤能承受极端的身体冲击，它专注于啃咬它不幸的目标.",
        "dodge": 1,
        "flags": ["HEARS", "KEENNOSE", "SMELLS", "WARM", "BASHES", "POISON", "NO_BREATHE", "REVIVES", "FILTHY", "BONES"],
        "grab_strength": 4,
        "harvest": "zombie",
        "hp": 405,
        "diff": 15,
        "id": "mon_zombie_suctionmouth",
        "material": ["flesh"],
        "melee_cut": 4,
        "melee_damage": [{
                "amount": 8,
                "damage_type": "bash"
            }, {
                "amount": 10,
                "damage_type": "cut"
            }, {
                "amount": 8,
                "damage_type": "stab"
            }
        ],
        "melee_dice": 2,
        "melee_dice_sides": 4,
        "melee_skill": 6,
        "morale": 100,
        "name": "寄生虫G僵尸",
        "special_attacks": [{
                "cooldown": 30,
                "damage_max_instance": [{
                        "amount": 20,
                        "armor_multiplier": 0.2,
                        "damage_type": "bash"
                    }, {
                        "amount": 20,
                        "armor_multiplier": 0.4,
                        "damage_type": "cut"
                    }, {
                        "amount": 20,
                        "armor_multiplier": 0.6,
                        "damage_type": "stab"
                    }
                ],
                "effects": [{
                        "bp": "TORSO",
                        "duration": 1000,
                        "id": "grabbed"
                    }
                ],
                "type": "bite"
            }
        ],
        "species": ["ZOMBIE"],
        "speed": 80,
        
        "symbol": "⪃",
        "type": "MONSTER",
        "volume": "92500 ml",
        "weight": 120000
    }
]
