[{
        "//": "Support-type zed that manipulates the stats of targetted creatures.",
        "id": "mon_zombie_revenant",
        "type": "MONSTER",
        "name": "复仇僵尸",
        "description": "在奇怪的恶臭中，这具被严重稀释的尸体成了恶魔亡灵的监工.",
        "default_faction": "zombie",
        "species": ["ZOMBIE", "HUMAN"],
        "volume": "62500 ml",
        "weight": 81500,
        "harvest": "zombie",
        "hp": 65,
        "diff": 1,
        "speed": 60,
        "material": ["flesh"],
        "symbol": "♀",
        "color": "magenta",
        "aggression": 50,
        "morale": 50,
        "emit_fields": ["emit_revenant_trigger_immunity"],
        "melee_skill": 0,
        "melee_dice": 0,
        "melee_dice_sides": 0,
        "melee_cut": 0,
        "special_attacks": [{
                "type": "spell",
                "spell_data": { "id":"mon_zombie_revenant_target"},
                "cooldown": 12,
                "monster_message": "<color_red>%1$s snaps the potent prowess of nearby monsters!</color>"
            }
        ],
        "death_drops": "default_zombie_death_drops",
        "death_function": ["NORMAL"],
        "flags": ["SEES", "HEARS", "SMELLS", "WARM", "POISON", "NO_BREATHE", "REVIVES", "BONES", "FILTHY"]
    }, {
        "id": "mon_zombie_revenant_forsaken",
        "type": "MONSTER",
        "name": "被遗弃者",
        "description": "充满了恐惧和仇恨，一种阴暗的光环笼罩着这具尸体脆弱的身体，它的眼睛邪恶地凝视着虚空.",
        "default_faction": "zombie",
        "species": ["ZOMBIE", "HUMAN"],
        "volume": "62500 ml",
        "weight": 81500,
        "harvest": "zombie",
        "diff": 15,
        "hp": 75,
        "speed": 45,
        "material": ["flesh"],
        "symbol": "♁",
        "color": "dark_gray",
        "aggression": 50,
        "morale": 50,
        "melee_skill": 0,
        "melee_dice": 0,
        "melee_dice_sides": 0,
        "melee_cut": 0,
        "special_attacks": [{
                "type": "spell",
                "spell_data": { "id":"mon_zombie_revenant_forsaken_target"},
                "cooldown": 12,
                "monster_message": "<color_red>%1$s glares at %3$s submissively!</color>"
            }
        ],
        "death_drops": "default_zombie_death_drops",
        "death_function": ["NORMAL"],
        "flags": ["SEES", "HEARS", "SMELLS", "WARM", "POISON", "NO_BREATHE", "REVIVES", "BONES", "FILTHY"]
    }, {
        "id": "mon_zombie_revenant_allure",
        "type": "MONSTER",
        "name": "阴影复仇僵尸",
        "description": "隐藏在浓雾之下，一个瘦削的人形人形人物站得很稳。顽皮，爪子上滴着奇怪的黑色黏液.",
        "default_faction": "zombie",
        "species": ["ZOMBIE", "HUMAN"],
        "volume": "62500 ml",
        "weight": 81500,
        "harvest": "zombie",
        "hp": 70,
        "diff": 15,
        "speed": 50,
        "material": ["flesh"],
        "symbol": "♂",
        "color": "red",
        "emit_fields": ["emit_revenant_allure_induce_immunity"],
        "aggression": 50,
        "morale": 50,
        "melee_skill": 0,
        "melee_dice": 0,
        "melee_dice_sides": 0,
        "melee_cut": 0,
        "special_attacks": [{
                "type": "spell",
                "spell_data": { "id":"mon_zombie_revenant_allure_target"},
                "cooldown": 12,
                "monster_message": "<color_red>%1$s spreads its goo into the surroundings!</color>"
            }
        ],
        "death_drops": "default_zombie_death_drops",
        "death_function": ["NORMAL"],
        "flags": ["SEES", "HEARS", "SMELLS", "WARM", "POISON", "NO_BREATHE", "REVIVES", "BONES", "FILTHY"]
    }
]
