[{
        "//": "This is notable for being infectious.",
        "id": "mon_zombie_scourge",
        "type": "MONSTER",
        "name": "天灾僵尸",
        "description": "一个渗出脓液的容器摇摇晃晃地走着，上面滴着肮脏的液体.",
        "default_faction": "zombie",
        "species": ["ZOMBIE", "HUMAN"],
        "volume": "62500 ml",
        "weight": 81500,
        "hp": 50,
        "speed": 70,
        "diff": 1,
        "material": ["flesh"],
        "symbol": "⚴",
        "color": "yellow",
        "aggression": 100,
        "morale": 100,
        "melee_skill": 2,
        "melee_dice": 2,
        "melee_dice_sides": 2,
        "melee_cut": 0,
        "armor_bash": 2,
        "armor_cut": 2,
        "armor_acid": 4,
        "vision_day": 22,
        "vision_night": 5,
        "harvest": "zombie",
        "special_attacks": [["GRAB", 10], {
                "type": "bite",
                "no_infection_chance": 20,
                "cooldown": 18
            }
        ],
        "death_function": ["NORMAL"],
        "upgrades": {
            "half_life": 12,
            "into": "mon_zombie_defile"
        },
        "flags": ["SEES", "HEARS", "SMELLS", "STUMBLES", "POISON", "BLEED", "NO_BREATHE", "REVIVES", "FILTHY"]
    }, {
        "id": "mon_zombie_defile",
        "type": "MONSTER",
        "name": "变异天灾僵尸",
        "description": "一具严重变形的尸体，不断地从肿胀的面颊吐出黑色的软泥，周围不断地冒出脓液.",
        "default_faction": "zombie",
        "species": ["ZOMBIE", "HUMAN"],
        "volume": "62500 ml",
        "weight": 81500,
        "hp": 70,
        "speed": 65,
        "diff": 5,
        "material": ["flesh"],
        "symbol": "⚴",
        "color": "i_yellow",
        "aggression": 100,
        "morale": 100,
        "melee_skill": 2,
        "melee_dice": 2,
        "melee_dice_sides": 3,
        "melee_cut": 0,
        "armor_bash": 2,
        "armor_cut": 3,
        "armor_acid": 6,
        "vision_day": 25,
        "vision_night": 6,
        "harvest": "zombie",
        "special_attacks": [["GRAB", 10], {
                "type": "bite",
                "no_infection_chance": 5,
                "cooldown": 15
            }
        ],
        "death_function": ["NORMAL"],
        "upgrades": {
            "half_life": 16,
            "into_group": "GROUP_SCOURGE_UPGRADEX"
        },
        "flags": ["SEES", "HEARS", "SMELLS", "STUMBLES", "POISON", "BLEED", "NO_BREATHE", "REVIVES", "FILTHY"]
    }, {
        "//": "Its name was wrong...",
        "id": "mon_zombie_leptiosa",
        "type": "MONSTER",
        "name": "莱波提萨",
        "description": "一具肿胀的鱼鳞的尸体，因为它的整个身体被坏死的组织包裹。除了仰卧着的巨大驼峰，它的皮肤上布满了肉质的小孔，每一个都散发出一种微妙的气体.",
        "default_faction": "zombie",
        "species": ["ZOMBIE", "HUMAN"],
        "volume": "62500 ml",
        "weight": 81500,
        "hp": 330,
        "speed": 65,
        "diff": 15,
        "material": ["flesh"],
        "symbol": "⚵",
        "color": "red_yellow",
        "aggression": 100,
        "morale": 100,
        "melee_skill": 4,
        "melee_dice": 2,
        "melee_dice_sides": 4,
        "melee_cut": 2,
        "armor_bash": 10,
        "armor_cut": 18,
        "armor_acid": 10,
        "vision_day": 25,
        "vision_night": 6,
        "harvest": "zombie",
        "special_attacks": [["GRAB", 10], {
                "type": "bite",
                "no_infection_chance": 0,
                "cooldown": 15
            }, {
                "type": "spell",
                "spell_data": { "id":"mon_zombie_leptiosa_ngas"},
                "cooldown": 33,
                "monster_message": "<color_yellow>%1$s generates a noxious, corrosive gas then sends it to %3$s!</color>"
            }
        ],
        "death_function": ["GAS"],
        "flags": ["SEES", "HEARS", "SMELLS", "STUMBLES", "POISON", "BLEED", "NO_BREATHE", "REVIVES", "FILTHY"]
    }
]
