[{
        "//": "Low hp, although it was supremely tough on Dead Frontier.",
        "id": "mon_zombie_spoder",
        "type": "MONSTER",
        "name": "蜘蛛僵尸",
        "description": "在它可怕的外观下，这可恶的4对肢体，因为它的灵活动作已经超出了限制.",
        "default_faction": "zombie",
        "species": ["ZOMBIE", "HUMAN"],
        "volume": "62500 ml",
        "weight": 81500,
        "hp": 55,
        "speed": 125,
        "diff": 1,
        "material": ["flesh"],
        "harvest": "zombie",
        "symbol": "⩆",
        "color": "light_green",
        "aggression": 100,
        "morale": 100,
        "melee_skill": 3,
        "melee_dice": 2,
        "melee_dice_sides": 5,
        "melee_cut": 1,
        "dodge": 2,
        "melee_damage": [{
                "damage_type": "bash",
                "amount": 3
            }, {
                "damage_type": "cut",
                "amount": 4
            }
        ],
        "armor_bash": 2,
        "armor_cut": 3,
        "armor_acid": 2,
        "armor_fire": 1,
        "special_attacks": [{
                "type": "leap",
                "cooldown": 3,
                "min_range": 2,
                "max_range": 5
            }, {
                "type": "bite",
                "cooldown": 10
            }
        ],
        "death_drops": "default_zombie_death_drops",
        "upgrades": {
            "half_life": 12,
            "into_group": "GROUP_ZSPIDER_UPGRADE"
        },
        "death_function": ["NORMAL"],
        "flags": ["SEES", "HEARS", "SMELLS", "CLIMBS", "STUMBLES", "WARM", "BASHES", "POISON", "NO_BREATHE", "FILTHY", "REVIVES", "BONES"]
    }, {
        "id": "mon_zombie_spoderhug",
        "type": "MONSTER",
        "name": "长臂蜘蛛僵尸",
        "description": "一个较长的手臂支撑着这个僵尸行走或奔跑，但现在它被用来跳得更远，并击落毫无察觉的目标.",
        "default_faction": "zombie",
        "species": ["ZOMBIE", "HUMAN"],
        "volume": "62500 ml",
        "weight": 81500,
        "hp": 85,
        "speed": 60,
        "diff": 5,
        "material": ["flesh"],
        "symbol": "⩈",
        "harvest": "zombie",
        "color": "green",
        "aggression": 100,
        "morale": 100,
        "melee_skill": 4,
        "melee_dice": 1,
        "melee_dice_sides": 6,
        "melee_cut": 1,
        "dodge": 1,
        "melee_damage": [{
                "damage_type": "bash",
                "amount": 6
            }, {
                "damage_type": "stab",
                "amount": 3
            }
        ],
        "armor_bash": 2,
        "armor_cut": 5,
        "armor_acid": 1,
        "armor_fire": 1,
        "special_attacks": [{
                "type": "leap",
                "cooldown": 10,
                "min_range": 5,
                "max_range": 15,
                "allow_no_target": false
            },
            ["LUNGE", 10],
            ["spiderbodyhug", 35], {
                "type": "bite",
                "cooldown": 7,
                "min_mul": 0.3
            }
        ],
        "death_drops": "default_zombie_death_drops",
        "death_function": ["NORMAL"],
        "flags": ["SEES", "HEARS", "SMELLS", "STUMBLES", "CLIMBS", "WARM", "BASHES", "POISON", "NO_BREATHE", "FILTHY", "REVIVES", "BONES"]
    }, {
        "id": "mon_zombie_spodertickle",
        "type": "MONSTER",
        "name": "爪蛛僵尸",
        "description": "这种蛛形纲动物对称的手臂已经变异变形的钉子弯曲成了不可见的锋利的污垢.",
        "default_faction": "zombie",
        "species": ["ZOMBIE", "HUMAN"],
        "volume": "62500 ml",
        "weight": 81500,
        "hp": 70,
        "speed": 115,
        "diff": 5,
        "material": ["flesh"],
        "symbol": "⩈",
        "color": "green_white",
        "aggression": 100,
        "harvest": "zombie",
        "morale": 100,
        "melee_skill": 4,
        "melee_dice": 1,
        "melee_dice_sides": 4,
        "melee_cut": 3,
        "dodge": 3,
        "melee_damage": [{
                "damage_type": "stab",
                "amount": 4
            }, {
                "damage_type": "cut",
                "amount": 5
            }
        ],
        "armor_bash": 4,
        "armor_cut": 3,
        "armor_acid": 1,
        "armor_fire": 1,
        "special_attacks": [{
                "type": "leap",
                "cooldown": 5,
                "min_range": 2,
                "max_range": 3
            }, {
                "type": "bite",
                "cooldown": 21,
                "min_mul": 0.5
            },
            ["scratch", 6]
        ],
        "death_drops": "default_zombie_death_drops",
        "death_function": ["NORMAL"],
        "flags": ["SEES", "HEARS", "SMELLS", "STUMBLES", "CLIMBS", "WARM", "BASHES", "POISON", "NO_BREATHE", "BLEED", "FILTHY", "REVIVES", "BONES"]
    }
]
