[{
        "id": "mon_zombie_swarmer_weak",
        "type": "MONSTER",
        "name": "狍子僵尸",
        "description": "一个正常的人形身体，几乎处于衰败状态。它似乎知道“团队合作”是如何完成的，因为它与其他蜂群同时行动.",
        "default_faction": "zombie",
        "species": ["ZOMBIE", "HUMAN"],
        "volume": "62500 ml",
        "weight": 81500,
        "hp": 40,
        "diff": 1,
        "harvest": "zombie",
        "speed": 80,
        "material": ["flesh"],
        "symbol": "⩔",
        "color": "light_green",
        "aggression": 50,
        "morale": 50,
        "melee_skill": 2,
        "melee_dice": 1,
        "melee_dice_sides": 2,
        "melee_cut": 1,
        "special_attacks": [{
                "type": "bite",
                "cooldown": 25
            },
            ["GRAB", 40],
            ["scratch", 32]
        ],
        "death_drops": "default_zombie_death_drops",
        "death_function": ["NORMAL"],
        "upgrades": {
            "half_life": 14,
            "into": "mon_zombie_swarmer_moderate"
        },
        "flags": ["SEES", "HEARS", "SMELLS", "WARM", "BASHES", "GROUP_BASH", "POISON", "NO_BREATHE", "REVIVES", "BONES", "FILTHY", "GROUP_MORALE", "SWARMS", "GRABS"]
    }, {
        "id": "mon_zombie_swarmer_segway",
        "type": "MONSTER",
        "name": "变异狍子僵尸",
        "description": "一个正常的人形身体，几乎处于衰败状态。它似乎知道“团队合作”是如何完成的，因为它与其他蜂群同时行动.",
        "default_faction": "zombie",
        "species": ["ZOMBIE", "HUMAN"],
        "volume": "62500 ml",
        "weight": 81500,
        "hp": 40,
        "speed": 70,
        "harvest": "zombie",
        "material": ["flesh"],
        "symbol": "⩔",
        "color": "light_green",
"diff": 2,
        "aggression": 50,
        "morale": 50,
        "melee_skill": 2,
        "melee_dice": 1,
        "melee_dice_sides": 2,
        "melee_cut": 1,
        "special_attacks": [{
                "type": "bite",
                "cooldown": 25
            },
            ["GRAB", 40],
            ["scratch", 32]
        ],
        "death_drops": "default_zombie_death_drops",
        "death_function": ["NORMAL"],
        "upgrades": {
            "half_life": 14,
            "into_group": "GROUP_SWARMERSEGWAY_UPGRADE",
            "//": "Particularly, normal zombie upgrade is very time wasting. This zombie stays with other swarmer types, difference is, it will upgrade into mutated ones."
        },
        "flags": ["SEES", "HEARS", "SMELLS", "WARM", "BASHES", "GROUP_BASH", "POISON", "NO_BREATHE", "REVIVES", "BONES", "FILTHY", "GROUP_MORALE", "SWARMS", "GRABS"]
    }, {
        "id": "mon_zombie_swarmer_moderate",
        "type": "MONSTER",
        "name": "狍子僵尸领主",
        "description": "一个正常的人形身体，几乎处于衰败状态。它似乎知道“团队合作”是如何完成的，因为它与其他蜂群同时行动.",
        "default_faction": "zombie",
        "species": ["ZOMBIE", "HUMAN"],
        "volume": "62500 ml",
        "weight": 81500,
        "hp": 65,
        "harvest": "zombie",
        "speed": 85,
        "material": ["flesh"],
        "symbol": "⩔",
        "color": "light_green",
"diff": 3,
        "aggression": 50,
        "morale": 50,
        "melee_skill": 2,
        "melee_dice": 3,
        "melee_dice_sides": 1,
        "melee_cut": 3,
        "special_attacks": [{
                "type": "bite",
                "cooldown": 22
            },
            ["GRAB", 43],
            ["scratch", 37]
        ],
        "death_drops": "default_zombie_death_drops",
        "death_function": ["NORMAL"],
        "upgrades": {
            "half_life": 15,
            "into": "mon_zombie_swarmer_strong"
        },
        "flags": ["SEES", "HEARS", "SMELLS", "WARM", "BASHES", "GROUP_BASH", "POISON", "NO_BREATHE", "REVIVES", "FILTHY", "BONES", "GROUP_MORALE", "SWARMS", "GRABS"]
    }, {
        "id": "mon_zombie_swarmer_strong",
        "type": "MONSTER",
        "name": "狂暴狍子僵尸",
        "description": "一个正常的人形身体，几乎处于衰败状态。它似乎知道“团队合作”是如何完成的，因为它与其他蜂群同时行动.",
        "default_faction": "zombie",
        "species": ["ZOMBIE", "HUMAN"],
        "volume": "62500 ml",
        "weight": 81500,
        "hp": 80,
        "speed": 90,
        "harvest": "zombie",
        "material": ["flesh"],
        "symbol": "⩔",
        "color": "light_green",
"diff": 4,
        "aggression": 50,
        "morale": 50,
        "melee_skill": 3,
        "melee_dice": 3,
        "melee_dice_sides": 3,
        "melee_cut": 3,
        "special_attacks": [{
                "type": "bite",
                "cooldown": 18
            },
            ["GRAB", 48],
            ["scratch", 45]
        ],
        "death_drops": "default_zombie_death_drops",
        "death_function": ["NORMAL"],
        "upgrades": {
            "half_life": 16,
            "into": "mon_zombie_swarmer_evo_hungry"
        },
        "flags": ["SEES", "HEARS", "SMELLS", "WARM", "BASHES", "GROUP_BASH", "POISON", "NO_BREATHE", "REVIVES", "BONES", "FILTHY", "GROUP_MORALE", "SWARMS", "GRABS"]
    }, {
        "id": "mon_zombie_swarmer_evo_hungry",
        "type": "MONSTER",
        "name": "饥饿的狍子僵尸",
        "description": "由于食欲的刺激，它会做任何事情来吃得更多，和它的“团队”一起盛宴\".",
        "default_faction": "zombie",
        "species": ["ZOMBIE", "HUMAN"],
        "volume": "62500 ml",
        "weight": 81500,
        "hp": 95,
        "harvest": "zombie",
        "speed": 95,
        "material": ["flesh"],
        "symbol": "⩖",
        "color": "light_gray_yellow",
"diff": 5,
        "aggression": 50,
        "morale": 50,
        "melee_skill": 4,
        "melee_dice": 2,
        "melee_dice_sides": 3,
        "melee_cut": 4,
        "special_attacks": [{
                "type": "bite",
                "cooldown": 15
            },
            ["GRAB", 59],
            ["scratch", 50]
        ],
        "death_drops": "default_zombie_death_drops",
        "death_function": ["NORMAL"],
        "upgrades": {
            "half_life": 17,
            "into": "mon_zombie_swarmer_evo_starving"
        },
        "flags": ["SEES", "HEARS", "SMELLS", "WARM", "BASHES", "GROUP_BASH", "POISON", "NO_BREATHE", "REVIVES", "BONES", "FILTHY", "GROUP_MORALE", "SWARMS", "GRABS"]
    }, {
        "id": "mon_zombie_swarmer_evo_starving",
        "type": "MONSTER",
        "name": "变异饥饿狍子僵尸",
        "description": "为了满足饥饿感而产生的进一步兴奋，刺激了它的肌肉紧张，影响了它的体力和速度，不管它严重腐烂的状态和脆弱的四肢。与“团队”采取不同的行动\".",
"diff": 6, "default_faction": "zombie",
        "species": ["ZOMBIE", "HUMAN"],
        "harvest": "zombie",
        "volume": "62500 ml",
        "weight": 81500,
        "hp": 110,
        "speed": 100,
        "material": ["flesh"],
        "symbol": "⩖",
        "color": "dark_gray_yellow",
        "aggression": 50,
        "morale": 50,
        "melee_skill": 4,
        "melee_dice": 3,
        "melee_dice_sides": 4,
        "melee_cut": 4,
        "special_attacks": [{
                "type": "bite",
                "cooldown": 14
            },
            ["GRAB", 50],
            ["scratch", 45]
        ],
        "death_drops": "default_zombie_death_drops",
        "death_function": ["NORMAL"],
        "upgrades": {
            "half_life": 18,
            "into_group": "GROUP_EZTARVING_UPGRADE"
        },
        "flags": ["SEES", "HEARS", "SMELLS", "WARM", "BASHES", "GROUP_BASH", "POISON", "NO_BREATHE", "REVIVES", "BONES", "FILTHY", "GROUP_MORALE", "SWARMS", "GRABS"]
    }, {
        "//": "Final counterparts has their own unique abilities.",
        "//": "This one has a 1/5 chance to gain combat bonuses while a target is in LOS.",
        "id": "mon_zombie_swarmer_evo_savage",
        "type": "MONSTER",
        "name": "饥饿狍子领主",
        "description": "灰色的面容，在扭曲的表面孔下，这僵尸已经变得野性，可见其极端抽搐的头部。虽然有一个正常的身体，但它有一些问题.",
        "default_faction": "zombie",
        "species": ["ZOMBIE", "HUMAN"],
        "harvest": "zombie",
        "volume": "62500 ml",
        "weight": 81500,
        "hp": 135,
        "speed": 85,
        "material": ["flesh"],
        "diff": 10,
        "symbol": "⩝",
        "color": "black_yellow",
        "aggression": 50,
        "morale": 50,
        "melee_skill": 6,
        "melee_dice": 2,
        "melee_dice_sides": 4,
        "melee_cut": 4,
        "special_attacks": [{
                "type": "bite",
                "cooldown": 15
            },
            ["scratch", 35], {
                "type": "spell",
                "spell_data": { "id":"mon_zombie_swarmer_evo_savage_tension_target_random"},
                "cooldown": 11,
                "monster_message": "<color_magenta>%1$s twitches violently...</color>"
            }
        ],
        "death_drops": "default_zombie_death_drops",
        "death_function": ["NORMAL"],
        "flags": ["SEES", "HEARS", "SMELLS", "WARM", "BASHES", "GROUP_BASH", "POISON", "NO_BREATHE", "REVIVES", "BONES", "FILTHY", "GROUP_MORALE", "SWARMS"]
    }, {
        "//": "This one's the strongest, but also the rarest.",
        "//": "It gets even more accurate in attacking as long as it sees a target.",
        "id": "mon_zombie_swarmer_evo_virulent",
        "type": "MONSTER",
        "name": "剧毒狍子僵尸",
        "description": "一种对鲜活的肉体有强烈欲望的绿色灾祸。当没有可食用的东西时，它会咬它的“团队”，但是看到一个会让这具尸体变成一个凶猛的狂暴状态，当它追逐目标时，它会撕咬空气.",
        "default_faction": "zombie",
        "species": ["ZOMBIE", "HUMAN"],
        "volume": "62500 ml",
        "weight": 81500,
        "harvest": "zombie",
        "hp": 125,
        "diff": 10,
        "speed": 110,
        "material": ["flesh"],
        "symbol": "⩛",
        "color": "magenta_green",
        "aggression": 50,
        "morale": 50,
        "melee_skill": 8,
        "melee_dice": 2,
        "melee_dice_sides": 4,
        "melee_cut": 4,
        "special_attacks": [{
                "type": "bite",
                "cooldown": 8
            },
            ["scratch", 43], {
                "type": "spell",
                "spell_data": { "id":"mon_zombie_swarmer_evo_virulent_target"},
                "cooldown": 20,
                "monster_message": "<color_magenta>As %1$s glares at %3$s, %1$s's senses become keen!</color>"
            }
        ],
        "death_drops": "default_zombie_death_drops",
        "death_function": ["NORMAL"],
        "flags": ["SEES", "HEARS", "SMELLS", "WARM", "BASHES", "GROUP_BASH", "POISON", "NO_BREATHE", "REVIVES", "BONES", "GROUP_MORALE", "FILTHY", "SWARMS", "ATTACKMON", "PUSH_MON"]
    }
]
