[{
        "id": "mon_zombie_tendrils",
        "type": "MONSTER",
        "name": "卷须僵尸",
        "description": "一个人的身体，有两个抽搐的触角和茎状的外生物，穿过破旧的衣服.",
        "default_faction": "zombie",
        "species": ["ZOMBIE", "HUMAN"],
        "volume": "62500 ml",
        "weight": 81500,
        "hp": 75,
        "diff": 1,
        "speed": 115,
        "material": ["flesh"],
        "symbol": "⨍",
        "color": "light_green",
        "aggression": 100,
        "morale": 100,
        "melee_skill": 4,
        "melee_dice": 2,
        "harvest": "zombie",
        "melee_dice_sides": 4,
        "melee_cut": 1,
        "grab_strength": 2,
        "dodge": 1,
        "melee_damage": [{
                "damage_type": "bash",
                "amount": 4
            }
        ],
        "vision_night": 5,
        "armor_bash": 3,
        "armor_cut": 1,
        "armor_acid": 1,
        "armor_fire": 1,
        "special_attacks": [{
                "type": "bite",
                "cooldown": 9,
                "armor_penetration": 10
            },
            ["STRETCH_ATTACK", 20],
            ["tendrilgrip", 35],
            ["tendrilslam", 28],
            ["tendrilswing", 3]
        ],
        "death_drops": "default_zombie_death_drops",
        "death_function": ["NORMAL"],
        "upgrades": {
            "half_life": 12,
            "into_group": "GROUP_TENDRILS_UPGRADE"
        },
        "flags": ["SEES", "HEARS", "SMELLS", "STUMBLES", "WARM", "BASHES", "GROUP_BASH", "POISON", "NO_BREATHE", "FILTHY", "REVIVES", "BONES", "PUSH_MON"]
    }, {
        "id": "mon_zombie_thicktendrils",
        "type": "MONSTER",
        "name": "变异卷须僵尸",
        "description": "一对放大的触须，但似乎它的重量对尸体来说是个麻烦.",
        "default_faction": "zombie",
        "species": ["ZOMBIE", "HUMAN"],
        "volume": "62500 ml",
        "weight": 81500,
        "hp": 130,
        "speed": 85,
        "diff": 5,
        "material": ["flesh"],
        "symbol": "⨎",
        "color": "green",
        "harvest": "zombie",
        "aggression": 100,
        "morale": 100,
        "melee_skill": 4,
        "melee_dice": 3,
        "melee_dice_sides": 5,
        "melee_cut": 1,
        "grab_strength": 3,
        "melee_damage": [{
                "damage_type": "bash",
                "amount": 6
            }, {
                "damage_type": "stab",
                "amount": 2
            }
        ],
        "armor_bash": 8,
        "armor_cut": 4,
        "armor_acid": 3,
        "armor_fire": 2,
        "special_attacks": [{
                "type": "bite",
                "cooldown": 11,
                "armor_penetration": 16
            },
            ["tendrilswing", 9],
            ["tendrilgrip", 24],
            ["tendrilslam", 16],
            ["STRETCH_ATTACK", 25]
        ],
        "death_drops": "default_zombie_death_drops",
        "death_function": ["NORMAL"],
        "upgrades": {
            "half_life": 16,
            "into_group": "GROUP_TENDRILS_UPGRADEX"
        },
        "flags": ["SEES", "HEARS", "SMELLS", "STUMBLES", "WARM", "BASHES", "GROUP_BASH", "POISON", "NO_BREATHE", "REVIVES", "FILTHY", "BONES", "PUSH_MON"]
    }, {
        "id": "mon_zombie_tendricles",
        "type": "MONSTER",
        "name": "猩红卷须僵尸",
        "description": "凶猛的长触须覆盖着尸体腐烂的皮肤，较短的卷须对顶端有锋利的骨头.",
        "default_faction": "zombie",
        "species": ["ZOMBIE", "HUMAN"],
        "volume": "62500 ml",
        "weight": 81500,
        "hp": 105,
        "speed": 105,
        "diff": 5,
        "material": ["flesh"],
        "symbol": "⨏",
        "color": "light_gray",
        "aggression": 100,
        "morale": 100,
        "harvest": "zombie",
        "melee_skill": 6,
        "melee_dice": 2,
        "melee_dice_sides": 6,
        "melee_cut": 2,
        "dodge": 1,
        "grab_strength": 4,
        "melee_damage": [{
                "damage_type": "bash",
                "amount": 3
            }, {
                "damage_type": "stab",
                "amount": 7
            }
        ],
        "armor_bash": 6,
        "armor_cut": 3,
        "armor_acid": 1,
        "armor_fire": 1,
        "special_attacks": [{
                "type": "bite",
                "cooldown": 6,
                "armor_penetration": 10
            },
            ["tendrilswing", 2],
            ["tendrilslam", 20],
            ["tendrilgrip", 18],
            ["tendrilstab", 27],
            ["GRAB_DRAG", 10]
        ],
        "death_drops": "default_zombie_death_drops",
        "death_function": ["NORMAL"],
        "upgrades": {
            "half_life": 16,
            "into_group": "GROUP_TENDRILS_UPGRADEX"
        },
        "flags": ["SEES", "HEARS", "SMELLS", "STUMBLES", "WARM", "BASHES", "GROUP_BASH", "POISON", "NO_BREATHE", "REVIVES", "BONES", "FILTHY", "PUSH_MON"]
    }, {
        "id": "mon_zombie_tentawraith",
        "type": "MONSTER",
        "name": "深渊霸主",
        "description": "这具尸体深红色的身体伴随着可怕的野蛮触角，当它漫无目的地移动时，它会猛击任何在其路径上的东西。近距离观察，它的一只手臂跳动着，给身体带来负担，把变异严重的部分拖到地上.",
        "default_faction": "zombie",
        "species": ["ZOMBIE", "HUMAN"],
        "volume": "92500 ml",
        "weight": 120000,
        "hp": 465,
        "speed": 90,
        "diff": 15,
        "material": ["flesh"],
        "symbol": "⨘",
        "color": "red",
        "aggression": 100,
        "morale": 100,
        "melee_skill": 8,
        "melee_dice": 4,
        "harvest": "zombie",
        "melee_dice_sides": 6,
        "melee_cut": 4,
        "dodge": 2,
        "grab_strength": 6,
        "melee_damage": [{
                "damage_type": "bash",
                "amount": 6
            }, {
                "damage_type": "cut",
                "amount": 6
            }
        ],
        "vision_night": 5,
        "armor_bash": 11,
        "armor_cut": 9,
        "armor_acid": 4,
        "armor_fire": 2,
        "special_attacks": [{
                "type": "spell",
                "spell_data": { "id":"mon_zombie_tentawraith_outburst"},
                "cooldown": 52,
                "monster_message": "<color_yellow>%1$s strikes the ground then ruptures a vast amount of thick tentacles under %3$s!</color>\n<color_red>Tendrils burst out of it too!</color>"
            }, {
                "type": "bite",
                "cooldown": 7,
                "armor_penetration": 12
            },
            ["STRETCH_ATTACK", 20],
            ["tendrilgrip", 11],
            ["tendrilslam", 22],
            ["tendrilstab", 22],
            ["tendrilswing", 3]
        ],
        "death_drops": "default_zombie_death_drops",
        "flags": ["SEES", "HEARS", "SMELLS", "STUMBLES", "WARM", "BASHES", "GROUP_BASH", "POISON", "NO_BREATHE", "REVIVES", "BONES", "FILTHY", "PUSH_MON", "ATTACKMON"]
    }, {
        "id": "mon_zombie_tentawraith_tent",
        "type": "MONSTER",
        "name": "tentacle",
        "description": "A fleshy tentacle, writhing violently in its surroundings. Immobile and short-lived, it stretches to strike from afar.",
        "default_faction": "zombie",
        "species": ["ZOMBIE", "HUMAN"],
        "volume": "30000 ml",
        "weight": 40750,
        "hp": 35,
        "speed": 110,
        "diff": 1,
        "material": ["flesh"],
        "symbol": "?",
        "color": "red",
        "aggression": 100,
        "morale": 100,
        "melee_skill": 4,
        "melee_dice": 0,
        "harvest": "zombie",
        "melee_dice_sides": 4,
        "melee_cut": 4,
        "dodge": 1,
        "melee_damage": [{
                "damage_type": "bash",
                "amount": 2
            }, {
                "damage_type": "stab",
                "amount": 5
            }
        ],
        "vision_night": 10,
        "armor_bash": 6,
        "armor_cut": 4,
        "armor_acid": 4,
        "armor_fire": 2,
        "special_attacks": [
            ["STRETCH_ATTACK", 12], {
                "type": "spell",
                "spell_data": { "id":"mon_zombie_tentawraith_tent_pmis"},
                "cooldown": 23,
                "monster_message": "<color_yellow>%1$s sweeps its tendril at %3$s!</color>"
            }
        ],
        "death_function": ["MELT"],
        "flags": ["IMMOBILE", "SEES", "HEARS", "SMELLS", "WARM", "POISON", "NO_BREATHE"]
    }
]
