[{
        "id": "mon_zombie_translucent",
        "type": "MONSTER",
        "name": "半透明僵尸",
        "description": "这具狂暴的尸体浑身都是酸液，每走一步都摇曳着，吐出肮脏的废物，绿色的眼睛不知从何时顺从地凝视着你.",
        "default_faction": "zombie",
        "species": ["ZOMBIE", "HUMAN"],
        "volume": "62500 ml",
        "weight": 81500,
        "hp": 70,
        "diff": 1,
        "speed": 100,
        "material": ["flesh"],
        "symbol": "⩀",
        "color": "green",
        "aggression": 100,
        "morale": 100,
        "melee_skill": 2,
        "melee_dice": 1,
        "melee_dice_sides": 2,
        "melee_cut": 1,
        "luminance": 2,
        "harvest": "zombie",
        "melee_damage": [{
                "damage_type": "acid",
                "amount": 3
            }
        ],
        "armor_bash": 2,
        "armor_cut": 1,
        "armor_fire": 1,
        "emit_fields": ["secro_transluncent_acid"],
        "special_attacks": [["ACID_BARF", 30]],
        "death_drops": "default_zombie_death_drops",
        "upgrades": {
            "half_life": 14,
            "into": "mon_zombie_pellucid"
        },
        "anger_triggers": ["PLAYER_CLOSE"],
        "death_function": ["ACID", "NORMAL"],
        "flags": ["SEES", "HEARS", "SMELLS", "ACIDPROOF", "ACID_BLOOD", "STUMBLES", "WARM", "BASHES", "POISON", "NO_BREATHE", "REVIVES", "FILTHY"]
    }, {
        "id": "mon_zombie_pellucid",
        "type": "MONSTER",
        "name": "透明僵尸",
        "description": "无法辨认的脸上滴着不友好的液体。这只僵尸的皮肤变薄了，变成了光线的转移，这可能是由于时间进一步增长而产生的酸反流效应。细看之下，这些纹路主要由浅绿色的光晕组成.",
        "default_faction": "zombie",
        "species": ["ZOMBIE", "HUMAN"],
        "volume": "62500 ml",
        "weight": 81500,
        "hp": 90,
        "speed": 100,
        "diff": 5,
        "material": ["flesh"],
        "symbol": "⩃",
        "color": "blue_green",
        "aggression": 100,
        "morale": 100,
        "melee_skill": 4,
        "melee_dice": 1,
        "melee_dice_sides": 3,
        "melee_cut": 1,
        "dodge": 1,
        
        "harvest": "zombie",
        "melee_damage": [{
                "damage_type": "acid",
                "amount": 5
            }
        ],
        "luminance": 1,
        "armor_bash": 6,
        "armor_fire": 2,
        "special_attacks": [["ACID_BARF", 30], ["ACID", 40], {
                "type": "spell",
                "spell_data": { "id":"mon_zombie_pellucid_aburst"},
                "cooldown": 49,
                "monster_message": "<color_red>%1$s volleys a glob of acid onto %3$s!</color>"
            }
        ],
        "special_when_hit": ["ACIDSPLASH", 25],
        "death_drops": "default_zombie_death_drops",
        "anger_triggers": ["PLAYER_CLOSE"],
        "death_function": ["ACID"],
        "flags": ["SEES", "HEARS", "SMELLS", "ACIDPROOF", "ACID_BLOOD", "STUMBLES", "WARM", "BASHES", "POISON", "NO_BREATHE", "FILTHY", "REVIVES"]
    }
]
