[{
        "id": "mon_zombie_unify",
        "type": "MONSTER",
        "name": "首领僵尸",
        "description": "一具严重变异的粗糙的尸体设法将其肮脏的血液繁殖成一种粘稠的物质，从其膨胀的深红色静脉上可以看到。一种肉质的物质从双手拍打而成.",
        "default_faction": "zombie",
        "species": ["ZOMBIE"],
        "volume": "62500 ml",
        "weight": 81500,
        "harvest": "zombie",
        "hp": 155,
        "speed": 100,
        "material": ["flesh"],
        "attack_effs": [{
                "id": "unify_bloodslow",
                "duration": 120,
                "chance": 25
            }
        ],
        "diff": 1,
        "symbol": "☾",
        "color": "magenta",
        "aggression": 10,
        "morale": 50,
        "melee_skill": 2,
        "melee_dice": 4,
        "melee_dice_sides": 2,
        "melee_cut": 0,
        "armor_bash": 2,
        "armor_cut": 3,
        "armor_stab": 2,
        "special_attacks": [{
                "type": "spell",
                "spell_data": { "id":"mon_zombie_unify_bv"},
                "cooldown": 44,
                "monster_message": "<color_yellow>A blood vessel were created under %2$s's hands!</color>"
            }
        ],
        "death_drops": "default_zombie_death_drops",
        "death_function": ["NORMAL"],
        "anger_triggers": ["FRIEND_DIED", "FRIEND_ATTACKED"],
        "upgrades": {
            "half_life": 14,
            "into": "mon_zombie_unity"
        },
        "flags": ["SEES", "HEARS", "SMELLS", "WARM", "BASHES", "GROUP_BASH", "POISON", "NO_BREATHE", "REVIVES", "BONES", "FILTHY", "GROUP_MORALE"]
    }, {
        "id": "mon_zombie_unity",
        "type": "MONSTER",
        "name": "变异首领僵尸",
        "description": "从头部到脚部，这具尸体的血管迅速排出厚厚的血液，形成一个外层，用于侵略和防御。在它的躯干周围，一个充满杀意的物体在每一个节拍中都会产生共鸣，滴下一种渗出的黑色液体.",
        "default_faction": "zombie",
        "harvest": "zombie",
        "species": ["ZOMBIE"],
        "volume": "62500 ml",
        "weight": 81500,
        "hp": 205,
        "speed": 75,
        "diff": 15,
        "material": ["flesh"],
        "attack_effs": [{
                "id": "unity_bloodslow",
                "duration": 120,
                "chance": 50
            }
        ],
        "symbol": "☪",
        "color": "pink",
        "aggression": 10,
        "morale": 50,
        "melee_skill": 4,
        "melee_dice": 4,
        "melee_dice_sides": 2,
        "melee_cut": 0,
        "armor_cut": 5,
        "armor_bash": 10,
        "armor_stab": 5,
        "attack_cost": 250,
        "//": "slow attack speed, so don't worry.",
        "death_drops": "default_zombie_death_drops",
        "death_function": ["NORMAL"],
        "anger_triggers": ["FRIEND_DIED", "FRIEND_ATTACKED"],
        "special_attacks": [{
                "type": "spell",
                "spell_data": { "id":"mon_zombie_unity_bv"},
                "cooldown": 50,
                "monster_message": "<color_yellow>Blood vessels has emerged from %2$s's core!</color>"
            }
        ],
        "upgrades": {
            "half_life": 20,
            "into_group": "GROUP_UNIFIER_UPGRADEX"
        },
        "flags": ["SEES", "HEARS", "SMELLS", "WARM", "BASHES", "GROUP_BASH", "POISON", "NO_BREATHE", "REVIVES", "BONES", "FILTHY", "GROUP_MORALE", "PLASTIC"]
    }, {
        "id": "mon_zombie_hemo",
        "type": "MONSTER",
        "name": "hemofiend",
        "looks_like": "mon_zombie_unity",
        "description": "Overgrown veins illuminated in eerie crimson filthen blood. A big, dreadful corpse, merely a nightmare to its countenance and its manipulation over the vital liquid.",
        "default_faction": "zombie",
        "harvest": "zombie",
        "species": ["ZOMBIE"],
        "volume": "92500 ml",
        "weight": 120000,
        "hp": 380,
        "diff": 15,
        "speed": 70,
        "material": ["flesh"],
        "attack_effs": [{
                "id": "unity_bloodslow",
                "duration": 120
            }
        ],
        "symbol": "☪",
        "color": "red_magenta",
        "aggression": 10,
        "morale": 50,
        "melee_skill": 6,
        "melee_dice": 6,
        "melee_dice_sides": 4,
        "melee_cut": 0,
        "armor_cut": 8,
        "armor_bash": 22,
        "armor_stab": 10,
        "attack_cost": 325,
        "death_drops": "default_zombie_death_drops",
        "death_function": ["NORMAL"],
        "anger_triggers": ["FRIEND_DIED", "FRIEND_ATTACKED"],
        "special_attacks": [{
                "type": "spell",
                "spell_data": { "id":"mon_zombie_hemo_bwave"},
                "cooldown": 65,
                "monster_message": "<color_red>%1$s manipulates its own blood and sends it to %3$s!</color>\n<color_yellow>Blood vessels and a fiend emerges from %2$s!</color>"
            }
        ],
        "regenerates": 2,
        "flags": ["SEES", "HEARS", "SMELLS", "WARM", "BASHES", "GROUP_BASH", "POISON", "NO_BREATHE", "REVIVES", "BONES", "FILTHY", "GROUP_MORALE", "PLASTIC"]
    }, {
        "id": "mon_zombie_bloodvessel",
        "type": "MONSTER",
        "name": "鲜血僵尸",
        "description": "一种完全由血液制成的有生命的物质，粘性太大，不能以正常的速度移动.",
        "default_faction": "zombie",
        "species": ["ZOMBIE"],
        "volume": "62500 ml",
        "weight": 81500,
        "hp": 20,
        "speed": 50,
        "material": ["flesh"],
        "attack_effs": [{
                "id": "unity_bloodslow",
                "duration": 120,
                "chance": 25
            }
        ],
        "diff": 5,
        "attack_cost": 300,
        "harvest": "exempt",
        "symbol": "&",
        "color": "light_red",
        "aggression": 100,
        "morale": 100,
        "melee_skill": 4,
        "melee_dice": 2,
        "melee_dice_sides": 2,
        "melee_cut": 0,
        "armor_bash": 20,
        "death_function": ["MELT"],
        "regenerates": 3,
        "flags": ["SEES", "HEARS", "SMELLS", "WARM", "BASHES", "GROUP_BASH", "POISON", "ELECTRIC", "ACIDPROOF", "NO_BREATHE", "PLASTIC"]
    }, {
        "id": "mon_zombie_bloodfiend",
        "type": "MONSTER",
        "name": "blood fiend",
        "description": "A large, animated substance made out of thickened blood. Dark goo seeps from its 'mouth'.",
        "default_faction": "zombie",
        "species": ["ZOMBIE"],
        "volume": "92500 ml",
        "weight": 120000,
        "hp": 40,
        "speed": 40,
		"diff": 50,
        "material": ["flesh"],
        "attack_effs": [{
                "id": "unity_bloodslow",
                "duration": 120,
                "chance": 50
            }
        ],
        "attack_cost": 325,
        "harvest": "exempt",
        "symbol": "&",
        "color": "red",
        "aggression": 100,
        "morale": 100,
        "melee_skill": 6,
        "melee_dice": 4,
        "melee_dice_sides": 4,
        "melee_cut": 0,
        "armor_bash": 24,
        "death_function": ["MELT"],
        "regenerates": 5,
        "looks_like": "mon_zombie_bloodvessel",
        "flags": ["SEES", "HEARS", "SMELLS", "WARM", "BASHES", "GROUP_BASH", "POISON", "ELECTRIC", "ACIDPROOF", "NO_BREATHE", "PLASTIC"]
    }
]
