[{
        "//": "Support-type zed who assists allies by healing them.",
        "id": "mon_zombie_skittyweavy",
        "type": "MONSTER",
        "name": "迅捷的变异蜘蛛",
        "description": "一种变异的生物，大小如猫，有蜱虫和甲虫的杂交外观。它的前肢形成了一对奇怪的弯曲的针头，尖端有一个开口的缝隙，下颚上有口水.",
        "default_faction": "zombie",
        "species": ["ZOMBIE", "INSECT"],
        "volume": "4000 ml",
        "weight": 4000,
        "harvest": "arachnid_tainted",
        "hp": 30,
        "diff": 5,
        "speed": 75,
        "material": ["iflesh"],
        "symbol": "⚚",
        "color": "light_green",
        "attack_cost": 225,
        "aggression": 100,
        "morale": 100,
        "melee_skill": 8,
        "melee_dice": 1,
        "melee_dice_sides": 1,
        "melee_cut": 0,
        "dodge": 5,
        "armor_bash": 1,
        "armor_cut": 4,
        "armor_stab": 2,
        "special_attacks": [{
                "type": "spell",
                "spell_data": { "id":"mon_zombie_skittyweavy_target"},
                "cooldown": 2,
                "monster_message": "<color_light_red>%1$s flees from %3$s!</color>\n<color_yellow>Then %1$s hastily injects its needle!</color>"
            }
        ],
        "death_function": ["NORMAL"],
        "flags": ["SEES", "HEARS", "SMELLS", "CLIMBS", "POISON", "PACIFIST", "NO_BREATHE", "ATTACKMON", "HARDTOSHOOT", "PATH_AVOID_DANGER_2"]
    }, {
        "id": "mon_zombie_skittyweavy_repleshy",
        "type": "MONSTER",
        "name": "狂暴变异蜘蛛",
        "description": "一种卑鄙的昆虫，被膜壳保护着。除了体积变大之外，它和它的前身有着相似的特征.",
        "default_faction": "zombie",
        "species": ["ZOMBIE", "INSECT"],
        "volume": "12000 ml",
        "weight": 8000,
        "harvest": "arachnid_tainted",
        "hp": 75,
        "diff": 30,
        "speed": 50,
        "material": ["iflesh"],
        "symbol": "⚚",
        "color": "green",
        "aggression": 100,
        "morale": 100,
        "attack_cost": 325,
        "melee_skill": 10,
        "melee_dice": 1,
        "melee_dice_sides": 1,
        "melee_cut": 0,
        "dodge": 4,
        "armor_bash": 5,
        "armor_cut": 15,
        "armor_stab": 7,
        "special_attacks": [{
                "type": "spell",
                "spell_data": { "id":"mon_zombie_skittyweavy_repleshy_target"},
                "cooldown": 2,
                "monster_message": "<color_light_red>%1$s flees from %3$s!</color>\n<color_yellow>Then %1$s hastily injects its needle!</color>"
            }
        ],
        "death_function": ["NORMAL"],
        "flags": ["SEES", "HEARS", "SMELLS", "CLIMBS", "POISON", "PACIFIST", "NO_BREATHE", "ATTACKMON", "HARDTOSHOOT", "PATH_AVOID_DANGER_2"]
    }, {
        "id": "mon_zombie_skittyweavy_sickly",
        "type": "MONSTER",
        "name": "扭曲蜘蛛",
        "description": "一种突变严重的昆虫，有几条细长的四肢从其膜状甲虫壳向外伸展。每一个角度都变形，一个独特的长鼻滴下一种令人陶醉的物质.",
        "default_faction": "zombie",
        "species": ["ZOMBIE", "INSECT"],
        "volume": "10000 ml",
        "weight": 7200,
        "harvest": "arachnid_tainted",
        "hp": 55,
        "speed": 50,
        "diff": 25,
        "material": ["iflesh"],
        "symbol": "⚚",
        "color": "red",
        "aggression": 100,
        "morale": 100,
        "attack_cost": 275,
        "melee_skill": 10,
        "melee_dice": 1,
        "melee_dice_sides": 1,
        "melee_cut": 0,
        "dodge": 5,
        "armor_bash": 3,
        "armor_cut": 12,
        "armor_stab": 5,
        "special_attacks": [{
                "type": "spell",
                "spell_data": { "id":"mon_zombie_skittyweavy_sickly_target"},
                "cooldown": 2,
                "monster_message": "<color_light_red>%1$s flees from %3$s!</color>\n<color_yellow>Then %1$s hastily injects its proboscis!</color>"
            }
        ],
        "death_function": ["NORMAL"],
        "flags": ["SEES", "HEARS", "SMELLS", "CLIMBS", "POISON", "PACIFIST", "NO_BREATHE", "ATTACKMON", "HARDTOSHOOT", "PATH_AVOID_DANGER_2"]
    }
]
