[
  {
    "id": "wxkj_sqbb_bhgwwdgy",
    "type": "COMESTIBLE",
    "comestible_type" : "FOOD",
    "name": "百合根娃娃的冠叶",
    "name_plural": "百合根娃娃的冠叶",
    "description": "百合根娃娃头上的叶片，味道很苦，但咬上一口就能立刻精力充沛。.",
        "weight" : 24,
        "volume" : 1,
        "price" : 300,
        "healthy": 5,
        "fun": -10,
        "calories": 89,      
        "quench": -5,
        "material" : "veggy",
        "symbol" : "y",
        "color" : "red"                
  }
  
  ]