  [
  {
    "id": "mon_wxkj_qexj1",
    "type": "MONSTER",
    "name": "裙儿小姐",
    "description": "裙儿小姐的头上戴着一朵亮红色的花饰，花瓣上有白色斑点，花蕊由金色的花丝和红色的花药组成，外形仿佛一顶王冠。花朵下方有深绿色的长叶，再下方又有浅绿色的叶片，其中一片像头发一样披在身身后，另有两片松散地从头上垂下。它的头腹均为白色的，眼睛为亮红色。它以深绿的长叶作为手臂，颈部长有一圈金色的花萼，下身被浅绿色的郁金香形的叶片包裹，就像穿着一条裙子。两片深绿色的长叶从它的背上长出，一直延伸到“裙子”的底部。它的脚也由金色的花萼构成.",
    "categories": [ "WILDLIFE" ],
    "species": [ "MAMMAL" ],
    "default_faction": "bdd_family",
    "harvest": "mammal_tiny",
    "diff": 30,
    "size": "LARGE",
    "volume": "5 ml",
    "weight": 10,
    "hp": 588,
    "speed": 174,
    "material": [ "flesh" ],
    "symbol": "U",
    "color": "light_gray",
    "aggression": 59,
    "morale": 100,
    "melee_skill": 6,
    "melee_dice_sides": 10,
    "melee_dice": 2,
    "melee_cut": 52,
    "melee_bash": 37,
    "dodge": 7,
    "armor_bash": 22,
    "armor_cut": 22, 
    "vision_day": 25,
    "vision_night": 20,
    "path_settings": { "max_dist": 25 },
    "anger_triggers": [ "HURT", "FRIEND_ATTACKED","FRIEND_DIED",  "PLAYER_CLOSE","STALK"],
    "placate_triggers": [ "MEAT" ],
    "reproduction": { "baby_monster": "mon_wxkj_bhgww1", "baby_count": 1, "baby_timer": 365 },
    "baby_flags": [ "SPRING", "SUMMER", "AUTUMN" ],
     "special_attacks": 
     [
     { "type": "spell", "spell_id": "wxkj_sqbb_fxzl", "spell_level": 20, "cooldown": 35 },
      [ "wxkj_mbf", 15 ]
     ],   
    "death_function": [ "MELT" ],
    "flags": [ "SEES", "HEARS", "SMELLS", "ANIMAL", "PATH_AVOID_DANGER_2", "WARM", "FUR",  "FAT","DOGFOOD",
   "PET_MOUNTABLE"
      ]
  }
  
  ]