[
  {
    "id": "essence_type",
    "name": "magical essence",
    "default": "essence",
    "type": "ammunition_type"
  },
  {
    "id": "essence_blood_type",
    "name": "blood essence",
    "default": "essence_blood",
    "type": "ammunition_type"
  },
  {
    "id": "essence_dull_type",
    "name": "dull essence",
    "default": "essence_dull",
    "type": "ammunition_type"
  },
  {
    "id": "essence_pure_type",
    "name": "crystallized essence",
    "default": "essence_pure",
    "type": "ammunition_type"
  },
  {
    "id": "primitive_magic_item_ammo_type",
    "name": "recharge",
    "default": "primitive_magic_item_ammo",
    "type": "ammunition_type"
  }
]