[
  {
    "abstract": "arcana_note_base",
    "type": "GENERIC",
    "category": "books",
    "name": {
      "str": "奥术基础笔记"
    },
    "weight": "3 g",
    "volume": "1 ml",
    "material": [
      "paper"
    ],
    "symbol": ",",
    "looks_like": "survnote",
    "color": "white",
    "flags": [
      "NO_SALVAGE"
    ]
  },
  {
    "abstract": "spell_base",
    "type": "TOOL",
    "name": {
      "str": "魔术符号座"
    },
    "material": [
      "essencemat"
    ],
    "symbol": ",",
    "drop_action": {
      "type": "emit_actor"
    },
    "flags": [
      "NO_SALVAGE",
      "TRADER_AVOID",
      "UNBREAKABLE_MELEE",
      "ZERO_WEIGHT"
    ]
  },
  {
    "abstract": "scroll_magic_base",
    "type": "TOOL",
    "name": {
      "str": "滚动底座"
    },
    "weight": "415 g",
    "volume": "250 ml",
    "material": [
      "paper"
    ],
    "symbol": "!",
    "looks_like": "recipe_creepy",
    "color": "white",
    "revert_to": "scroll_blank",
    "flags": [
      "NO_SALVAGE"
    ]
  },
  {
    "abstract": "totem_base",
    "type": "TOOL",
    "name": {
      "str": "魔印底座"
    },
    "material": [
      "essencemat"
    ],
    "symbol": ",",
    "looks_like": "petrified_eye",
    "weight": "50 g",
    "volume": "250 ml",
    "flags": [
      "NO_SALVAGE",
      "UNBREAKABLE_MELEE"
    ]
  }
]