[
  {
    "id": "arcane_accelerator_railgun",
    "type": "GUNMOD",
    "name": {
      "str": "反磁性嵌条枪管"
    },
    "description": "沿着枪管的长度嵌有几条银条，每个镶嵌物上都有一个特殊的装置。当由UPS的电荷催化时，通过嵌体传导的异常能量会使子弹产生异常效果。不能安装在锯下的桶上。\n这个装置操纵反磁效应，对每颗子弹中的有色金属材料施加力，使子弹以更高的速度加速，就像轨道炮一样，由于电磁异常产生了一连串的电火花。以牺牲精准度和后座力为代价增加射程。",
    "weight": "540 g",
    "volume": "1500 ml",
    "integral_volume": "150 ml",
    "price": 90000,
    "price_postapoc": 9000,
    "material": [
      "silver",
      "steel"
    ],
    "looks_like": "high_density_capacitor",
    "symbol": ":",
    "color": "light_gray",
    "location": "barrel",
    "blacklist_mod": "emitter",
    "mod_targets": [
      "rifle"
    ],
    "install_time": "45 m",
    "handling_modifier": -1,
    "range_modifier": 15,
    "dispersion_modifier": 60,
    "loudness_modifier": 15,
    "ups_charges_modifier": 100,
    "ammo_effects": [
      "AMMO_ANOMALY_RAILGUN"
    ],
    "min_skills": [
      [
        "weapon",
        4
      ],
      [
        "fabrication",
        6
      ],
      [
        "electronics",
        4
      ],
      [
        "magic",
        5
      ]
    ],
    "flags": [
      "INSTALL_DIFFICULT",
      "IRREMOVABLE",
      "MAGIC_FOCUS"
    ]
  },
  {
    "id": "arcane_accelerator_plasma",
    "type": "GUNMOD",
    "name": {
      "str": "热异常嵌体"
    },
    "description": "沿着枪管的长度嵌有几条银条，每个镶嵌物上都有一个特殊的装置。当由UPS的电荷催化时，通过嵌体传导的异常能量会使子弹产生异常效果。不能安装在锯下的桶上。\n这个装置放大和塑造每一发子弹燃烧的火药所释放的热能，引导到子弹中，形成一股等离子体羽流。虽然这增加了杀伤力，但它以精度和射程为代价，有可能使武器无法使用。",
    "weight": "540 g",
    "volume": "1500 ml",
    "integral_volume": "150 ml",
    "price": 90000,
    "price_postapoc": 9000,
    "material": [
      "silver",
      "steel"
    ],
    "looks_like": "high_density_capacitor",
    "symbol": ":",
    "color": "light_gray",
    "location": "barrel",
    "blacklist_mod": "emitter",
    "mod_targets": [
      "rifle"
    ],
    "install_time": "45 m",
    "handling_modifier": -2,
    "range_modifier": -15,
    "dispersion_modifier": 90,
    "loudness_modifier": 30,
    "ups_charges_modifier": 200,
    "ammo_effects": [
      "AMMO_ANOMALY_PLASMA"
    ],
    "min_skills": [
      [
        "weapon",
        4
      ],
      [
        "fabrication",
        6
      ],
      [
        "electronics",
        5
      ],
      [
        "magic",
        7
      ]
    ],
    "flags": [
      "INSTALL_DIFFICULT",
      "IRREMOVABLE",
      "MAGIC_FOCUS"
    ]
  },
  {
    "id": "arcane_accelerator_nuke",
    "type": "GUNMOD",
    "name": {
      "str": "裂变异常嵌体"
    },
    "description": "沿着枪管的长度嵌有几条银条，每个镶嵌物上都有一个特殊的装置。当由UPS的电荷催化时，通过嵌体传导的异常能量会使子弹产生异常效果。不能安装在锯下的桶上。\n这个装置产生了一个强大的空间异常，迫使每个弹丸的一小部分发生核裂变，以精确性和反冲为代价。虽然它与小型核弹相去甚远，但产生的爆炸力完全是致命的，每一次空间扭曲都有可能撕裂现实的结构。",
    "weight": "540 g",
    "volume": "1500 ml",
    "integral_volume": "150 ml",
    "price": 90000,
    "price_postapoc": 9000,
    "material": [
      "silver",
      "steel"
    ],
    "looks_like": "high_density_capacitor",
    "symbol": ":",
    "color": "light_gray",
    "location": "barrel",
    "blacklist_mod": "emitter",
    "mod_targets": [
      "rifle"
    ],
    "install_time": "45 m",
    "handling_modifier": -3,
    "dispersion_modifier": 120,
    "ups_charges_modifier": 300,
    "ammo_effects": [
      "AMMO_ANOMALY_NUKE"
    ],
    "min_skills": [
      [
        "weapon",
        4
      ],
      [
        "fabrication",
        6
      ],
      [
        "electronics",
        6
      ],
      [
        "magic",
        9
      ]
    ],
    "flags": [
      "INSTALL_DIFFICULT",
      "IRREMOVABLE",
      "MAGIC_FOCUS"
    ]
  }
]