[
  {
    "id": "triffid_garland_empowered",
    "copy-from": "triffid_garland",
    "type": "TOOL_ARMOR",
    "name": {
      "str": "青翠三尖树花环"
    },
    "description": "戴在脖子上的由另一个世界的鲜艳的花组成的花环。元素魔法被编织到它的结构中，把它变成一个原始的魔法物品。使用它将给予一个新的耐力爆发，恢复疼痛和加快身体的自然愈合。每次激活后，用户都需要很长时间来充电。它最多可以使用6次。",
    "price_postapoc": 1200,
    "max_charges": 600,
    "charges_per_use": 100,
    "ammo": "primitive_magic_item_ammo_type",
    "pocket_data": [
      {
        "pocket_type": "MAGAZINE",
        "rigid": true,
        "ammo_restriction": {
          "primitive_magic_item_ammo_type": 600
        }
      }
    ],
    "flags": [
      "FANCY",
      "NO_RELOAD",
      "NO_UNLOAD",
      "TARDIS"
    ],
    "relic_data": {
      "charge_info": {
        "recharge_type": "periodic",
        "time": "1 h",
        "regenerate_ammo": true
      }
    },
    "use_action": {
      "type": "cast_spell",
      "spell_id": "arcana_item_triffid_garland_empowered",
      "no_fail": true,
      "need_worn": true,
      "level": 0
    }
  },
  {
    "id": "amulet_exotic_empowered",
    "copy-from": "amulet_exotic",
    "type": "TOOL_ARMOR",
    "name": {
      "str": "带着异国情调的护身符"
    },
    "description": "一条镶有一颗宝石的临时项链，一种由某种非自然材料制成的符咒。元素魔法被编织到它的结构中，把它变成一个原始的魔法物品。使用它会遮蔽你的生命力，使你无法被亡灵发现，作为交换，让世俗的野生动物对你更有侵略性。每次激活后，用户都需要很长时间来充电。它最多可以使用6次。",
    "price_postapoc": 1500,
    "max_charges": 600,
    "charges_per_use": 100,
    "ammo": "primitive_magic_item_ammo_type",
    "pocket_data": [
      {
        "pocket_type": "MAGAZINE",
        "rigid": true,
        "ammo_restriction": {
          "primitive_magic_item_ammo_type": 600
        }
      }
    ],
    "flags": [
      "FANCY",
      "NO_RELOAD",
      "NO_UNLOAD",
      "TARDIS"
    ],
    "relic_data": {
      "charge_info": {
        "recharge_type": "periodic",
        "time": "1 h",
        "regenerate_ammo": true
      }
    },
    "use_action": {
      "type": "cast_spell",
      "spell_id": "arcana_item_amulet_exotic_empowered",
      "no_fail": true,
      "need_worn": true,
      "level": 0
    }
  },
  {
    "id": "brooch_iridescent_empowered",
    "copy-from": "brooch_iridescent",
    "type": "TOOL_ARMOR",
    "name": {
      "str": "镶嵌彩虹色胸针"
    },
    "description": "一个手工制作的圆盘胸针由一种奇怪的，神秘的材料制成，类似于珍珠母元素魔法，被编织成一个原始的魔法物品。使用它会增强你的抵抗力。每次激活后，用户都需要很长时间来充电。它最多可以使用6次。",
    "price_postapoc": 2000,
    "max_charges": 600,
    "charges_per_use": 100,
    "ammo": "primitive_magic_item_ammo_type",
    "pocket_data": [
      {
        "pocket_type": "MAGAZINE",
        "rigid": true,
        "ammo_restriction": {
          "primitive_magic_item_ammo_type": 600
        }
      }
    ],
    "flags": [
      "FANCY",
      "NO_RELOAD",
      "NO_UNLOAD",
      "TARDIS"
    ],
    "relic_data": {
      "charge_info": {
        "recharge_type": "periodic",
        "time": "1 h",
        "regenerate_ammo": true
      }
    },
    "use_action": {
      "type": "cast_spell",
      "spell_id": "arcana_item_brooch_iridescent_empowered",
      "no_fail": true,
      "need_worn": true,
      "level": 0
    }
  },
  {
    "id": "gilded_aegis",
    "type": "TOOL_ARMOR",
    "copy-from": "cloak_leather",
    "category": "armor",
    "name": {
      "str": "金色斗篷",
      "str_pl": "镀金宙斯盾"
    },
    "description": "一种简单的皮革斗篷，用镀金的铁鳞和几根羽毛装饰，像金龙或毒蛇的皮。使用它，感受痛苦，以治愈轻微的损伤。",
    "material": [
      "leather",
      "iron",
      "gold"
    ],
    "//": "A reusable healing item that's also armored?  Yeah, that's staying valuable for a while.",
    "price": 70000,
    "price_postapoc": 8000,
    "color": "yellow",
    "pocket_data": [
      {
        "pocket_type": "MAGAZINE",
        "rigid": true,
        "ammo_restriction": {
          "essence_dull_type": 60
        }
      }
    ],
    "max_charges": 60,
    "charges_per_use": 20,
    "ammo": "essence_dull_type",
    "use_action": {
      "type": "cast_spell",
      "spell_id": "arcana_item_gilded_aegis_healing",
      "no_fail": true,
      "level": 0,
      "need_worn": true
    },
    "relative": {
      "weight": 3020,
      "material_thickness": 3,
      "encumbrance": 9
    },
    "extend": {
      "flags": [
        "NO_SALVAGE",
        "HELMET_COMPAT",
        "FANCY",
        "TRADER_KEEP_EQUIPPED"
      ]
    }
  },
  {
    "id": "somen_clairvoyance",
    "type": "TOOL_ARMOR",
    "category": "armor",
    "name": {
      "str": "洞察面具",
      "str_pl": "洞察的面具"
    },
    "description": "面具，面具一种用铁面和其他金属装饰的面具，描绘某个不知名的神圣人物的脸。用神圣的精髓为它加油，会让佩戴者在有限的范围内拥有透视能力，并保护其免受明亮的闪光伤害，但会使你看不见任何超出其效果的东西。",
    "weight": "710 g",
    "volume": "1 L",
    "price": 21000,
    "price_postapoc": 4000,
    "material": [
      "iron",
      "copper",
      "leather"
    ],
    "symbol": "[",
    "looks_like": "mask_bal",
    "color": "light_red",
    "pocket_data": [
      {
        "pocket_type": "MAGAZINE",
        "rigid": true,
        "ammo_restriction": {
          "essence_dull_type": 24
        }
      }
    ],
    "max_charges": 24,
    "charges_per_use": 1,
    "ammo": "essence_dull_type",
    "covers": [
      "eyes",
      "mouth"
    ],
    "coverage": 100,
    "encumbrance": 10,
    "warmth": 10,
    "material_thickness": 3,
    "environmental_protection": 1,
    "relic_data": {
      "passive_effects": [
        {
          "has": "WORN",
          "condition": "ACTIVE",
          "mutations": [
            "ARCANA_MASK_INSIGHT_EFFECT"
          ],
          "values": [
            {
              "value": "BONUS_DODGE",
              "add": 2
            }
          ],
          "ench_effects": [
            {
              "effect": "mask_blind_immunity",
              "intensity": 1
            }
          ]
        }
      ]
    },
    "use_action": {
      "target": "somen_clairvoyance_on",
      "msg": "The mask appears to contort into a fearsome visage, the eyeholes momentarily seeming to glow as a strange perception replaces your natural vision.",
      "active": true,
      "need_worn": true,
      "need_charges": 1,
      "need_charges_msg": "Fuel the mask with consecrated essence, to open your eyes.",
      "type": "transform"
    },
    "flags": [
      "NO_SALVAGE",
      "TRADER_KEEP_EQUIPPED"
    ]
  },
  {
    "id": "somen_clairvoyance_on",
    "type": "TOOL_ARMOR",
    "copy-from": "somen_clairvoyance",
    "repairs_like": "somen_clairvoyance",
    "name": {
      "str": "洞察面具（开）",
      "str_pl": "洞察面具（开）"
    },
    "description": "面具，面具一种用铁面和其他金属装饰的面具，描绘某个不知名的神圣人物的脸。面具上描绘的脸看起来比以前更具威胁性。",
    "turns_per_charge": 100,
    "revert_to": "somen_clairvoyance",
    "qualities": [
      [
        "GLARE",
        2
      ]
    ],
    "use_action": {
      "target": "somen_clairvoyance",
      "msg": "The mask's features return to its original impassive expression.",
      "menu_text": "Turn off",
      "type": "transform"
    },
    "extend": {
      "flags": [
        "SUN_GLASSES",
        "BLIND",
        "IR_EFFECT",
        "PARTIAL_DEAF"
      ]
    }
  },
  {
    "id": "armor_wyrm",
    "type": "TOOL_ARMOR",
    "copy-from": "armor_blarmor",
    "name": {
      "str": "龙皮甲",
      "str_pl": "龙皮甲套装"
    },
    "description": "一套装饰精美的皮革盔甲，上面缝有双翼龙形图案，并增加了各种可调节的肩带。使用它会产生持久的酸雾。",
    "material": [
      "wyrmskin",
      "leather"
    ],
    "covers": [
      "leg_l",
      "leg_r",
      "torso",
      "arm_l",
      "arm_r",
      "foot_l",
      "foot_r"
    ],
    "price": 45000,
    "price_postapoc": 3000,
    "color": "green",
    "max_charges": 16,
    "charges_per_use": 4,
    "ammo": "essence_blood_type",
    "encumbrance": 10,
    "max_encumbrance": 20,
    "environmental_protection": 10,
    "pocket_data": [
      {
        "pocket_type": "MAGAZINE",
        "rigid": true,
        "ammo_restriction": {
          "essence_blood_type": 16
        }
      }
    ],
    "use_action": [
      {
        "type": "cast_spell",
        "spell_id": "arcana_item_wyrmskin_acid",
        "no_fail": true,
        "level": 0,
        "need_worn": true
      }
    ],
    "relative": {
      "weight": "722 g",
      "volume": "1500 ml"
    },
    "extend": {
      "flags": [
        "OVERSIZE",
        "NO_SALVAGE",
        "ALLOWS_NATURAL_ATTACKS",
        "FANCY",
        "TRADER_KEEP_EQUIPPED"
      ]
    },
    "delete": {
      "flags": [
        "VARSIZE"
      ]
    }
  },
  {
    "id": "revenant_crown",
    "type": "TOOL_ARMOR",
    "category": "clothing",
    "name": {
      "str": "报应王冠"
    },
    "description": "一个装饰着“邪恶场景”的丹麦人的王冠。一颗璀璨的宝石装饰着它，在画面的中心。使用它可以产生对食物中毒和寄生虫的免疫力，以换取饥饿感的增加。它不能治愈现有的疾病，只能预防它们。",
    "weight": "650 g",
    "volume": "3500 ml",
    "price": 15000,
    "price_postapoc": 4000,
    "to_hit": -1,
    "material": [
      "silver",
      "diamond"
    ],
    "symbol": "[",
    "looks_like": "crown_silver",
    "color": "yellow",
    "pocket_data": [
      {
        "pocket_type": "MAGAZINE",
        "rigid": true,
        "ammo_restriction": {
          "essence_blood_type": 6
        }
      }
    ],
    "max_charges": 6,
    "charges_per_use": 2,
    "ammo": "essence_blood_type",
    "covers": [
      "head"
    ],
    "coverage": 20,
    "material_thickness": 1,
    "use_action": {
      "type": "consume_drug",
      "activation_message": "The gem shimmers with malevolent red light as you feel a strange hunger, a craving for rotting meat and stagnant water...",
      "effects": [
        {
          "id": "revenant_hunger",
          "duration": 300
        }
      ]
    },
    "flags": [
      "BELTED",
      "OVERSIZE",
      "NO_SALVAGE",
      "ALLOWS_NATURAL_ATTACKS",
      "TRADER_KEEP_EQUIPPED"
    ]
  },
  {
    "type": "enchantment",
    "id": "ENCH_MANTLE_SHADOWS",
    "condition": "ACTIVE",
    "ench_effects": [
      {
        "effect": "arcana_invis_lesser",
        "intensity": 1
      }
    ]
  },
  {
    "id": "robe_shadow",
    "type": "TOOL_ARMOR",
    "copy-from": "robe",
    "category": "armor",
    "name": {
      "str": "阴影的外衣",
      "str_pl": "阴影的遮蔽"
    },
    "//": "misc properties were mostly made by averaging the values of all possible types of robe usable to make it, but no storage due to nested containers being buggy",
    "description": "某种宽松的长袍某种宽松的长袍，肩上有装饰，染成简单的深灰色。使用它将以牺牲精华为代价，给予隐形效果。",
    "price": 90000,
    "price_postapoc": 7000,
    "color": "dark_gray",
    "max_charges": 20,
    "charges_per_use": 1,
    "encumbrance": 12,
    "max_encumbrance": 12,
    "ammo": "essence_type",
    "pocket_data": [
      {
        "pocket_type": "MAGAZINE",
        "rigid": true,
        "ammo_restriction": {
          "essence_type": 20
        }
      }
    ],
    "relic_data": {
      "passive_effects": [
        {
          "has": "WORN",
          "condition": "ACTIVE",
          "ench_effects": [
            {
              "effect": "arcana_invis_lesser",
              "intensity": 1
            }
          ]
        }
      ]
    },
    "use_action": [
      {
        "target": "robe_shadow_on",
        "msg": "The robe's fabric darkens to a rich shade of black, cloaking your surroundings in a flickering illusion.",
        "active": true,
        "need_worn": true,
        "need_charges": 1,
        "need_charges_msg": "The mantle requires essence to bring forth the night.",
        "menu_text": "Activate illusory shroud",
        "type": "transform"
      }
    ],
    "relative": {
      "weight": 616,
      "volume": -1,
      "coverage": 5,
      "encumbrance": -5,
      "max_encumbrance": -5,
      "material_thickness": 1
    },
    "extend": {
      "flags": [
        "NO_SALVAGE",
        "TRADER_KEEP_EQUIPPED"
      ]
    }
  },
  {
    "id": "robe_shadow_on",
    "copy-from": "robe_shadow",
    "repairs_like": "robe_shadow",
    "type": "TOOL_ARMOR",
    "category": "armor",
    "name": {
      "str": "阴影之幔（开）",
      "str_pl": "阴影的遮蔽（开"
    },
    "description": "一种宽松的长袍某种宽松的长袍，肩部有装饰物。空气在它周围摇摆，你几乎看不到。",
    "turns_per_charge": 300,
    "revert_to": "robe_shadow",
    "revert_msg": "The robe's fabric returns to its normal gray color, dispelling the illusion.",
    "use_action": [
      {
        "target": "robe_shadow",
        "msg": "The robe's fabric returns to its normal gray color, dispelling the illusion.",
        "menu_text": "Turn off",
        "type": "transform"
      }
    ]
  },
  {
    "id": "gauntlets_necro",
    "copy-from": "gloves_plate",
    "type": "TOOL_ARMOR",
    "name": {
      "str": "一双雷霆手套",
      "str_pl": "一双雷霆手套"
    },
    "description": "一套厚重的金属板护手，在每个金属板的边缘用银装饰。触摸裸露的金属会使你产生微弱的电刺痛感。使用它们给附近的敌人一个强大的惊人震动。",
    "price": 60000,
    "price_postapoc": 5000,
    "material": [
      "iron",
      "leather",
      "silver"
    ],
    "pocket_data": [
      {
        "pocket_type": "MAGAZINE",
        "rigid": true,
        "ammo_restriction": {
          "essence_type": 4
        }
      }
    ],
    "max_charges": 4,
    "charges_per_use": 1,
    "ammo": "essence_type",
    "use_action": {
      "type": "cast_spell",
      "spell_id": "arcana_item_thunder_gauntlets_taze",
      "no_fail": true,
      "level": 0,
      "need_worn": true
    },
    "relative": {
      "weight": 210,
      "material_thickness": 1
    },
    "extend": {
      "flags": [
        "NO_SALVAGE",
        "TRADER_KEEP_EQUIPPED"
      ]
    }
  },
  {
    "id": "hauberk_jade",
    "type": "TOOL_ARMOR",
    "copy-from": "chainmail_hauberk",
    "name": {
      "str": "玉豪伯"
    },
    "description": "盔甲一套盔甲，披着镀金宙斯盾制成的披风，手臂和两侧都有铜夹板。在地幔之下是一个铜戈尔盖，上面镶嵌着超凡脱俗的绿色石头。激活它将给予免疫火，刀片，子弹，以及抵抗其他环境危害。",
    "//": "Requires an item that did not exist pre-cataclysm to make.",
    "price_postapoc": 15000,
    "material": [
      "iron",
      "copper",
      "leather",
      "cotton"
    ],
    "color": "light_red",
    "coverage": 100,
    "environmental_protection": 1,
    "pocket_data": [
      {
        "pocket_type": "MAGAZINE",
        "rigid": true,
        "ammo_restriction": {
          "essence_dull_type": 120
        }
      }
    ],
    "max_charges": 120,
    "ammo": "essence_dull_type",
    "use_action": [
      {
        "target": "hauberk_jade_on",
        "msg": "A brilliant radiance pierces through the mantle from the gorget, until your body is shrouded in a strange glow.",
        "active": true,
        "need_worn": true,
        "need_charges": 1,
        "need_charges_msg": "This requires dull essence to invoke.",
        "menu_text": "Project barrier",
        "type": "transform"
      },
      {
        "type": "cast_spell",
        "spell_id": "arcana_item_jade_hauberk_healing",
        "no_fail": true,
        "level": 0,
        "need_worn": true
      }
    ],
    "relative": {
      "weight": 3020,
      "price": 55000,
      "material_thickness": 1,
      "encumbrance": 5
    },
    "extend": {
      "flags": [
        "NO_SALVAGE",
        "USE_PLAYER_ENERGY",
        "ELECTRIC_IMMUNE",
        "RAINPROOF",
        "TRADER_KEEP_EQUIPPED"
      ]
    }
  },
  {
    "id": "hauberk_jade_on",
    "type": "TOOL_ARMOR",
    "copy-from": "hauberk_jade",
    "repairs_like": "hauberk_jade",
    "name": {
      "str": "杰德·豪伯克（开）",
      "str_pl": "杰德·豪伯克斯（开）"
    },
    "description": "盔甲一套盔甲，披着镀金宙斯盾制成的披风，手臂和两侧都有铜夹板。在地幔之下是一个铜戈尔盖，上面镶嵌着超凡脱俗的绿色石头。一种保护魔法的光环从它身上散发出来，赋予它对火、刀锋和子弹的免疫力，以及对其他环境危害的抵抗力。",
    "environmental_protection": 10,
    "turns_per_charge": 10,
    "revert_to": "hauberk_jade",
    "use_action": {
      "target": "hauberk_jade",
      "msg": "The glow emanating from your jade hauberk fades.",
      "type": "transform"
    },
    "qualities": [
      [
        "GLARE",
        1
      ]
    ],
    "extend": {
      "flags": [
        "GAS_PROOF",
        "RAD_PROOF",
        "SUN_GLASSES",
        "BULLET_IMMUNE",
        "STAB_IMMUNE",
        "HEAT_IMMUNE",
        "CLIMATE_CONTROL"
      ]
    }
  },
  {
    "id": "jade_wreath",
    "type": "TOOL_ARMOR",
    "category": "clothing",
    "name": {
      "str": "玉环"
    },
    "description": "一种深绿色石头的皇冠，上面刻着奇怪的几何图案。调用它会使身体在火焰和热量下变硬。",
    "//": "The shrine lesser artifacts are all pre-cataclysm items.",
    "price_postapoc": 10000,
    "weight": "600 g",
    "volume": "3 L",
    "price": 90000,
    "to_hit": -1,
    "material": [
      "stone"
    ],
    "symbol": "[",
    "looks_like": "crown_golden",
    "repairs_like": "revenant_crown",
    "color": "green",
    "pocket_data": [
      {
        "pocket_type": "MAGAZINE",
        "rigid": true,
        "ammo_restriction": {
          "essence_blood_type": 30
        }
      }
    ],
    "max_charges": 30,
    "charges_per_use": 3,
    "ammo": "essence_blood_type",
    "covers": [
      "head"
    ],
    "coverage": 20,
    "encumbrance": 10,
    "material_thickness": 1,
    "use_action": {
      "type": "consume_drug",
      "activation_message": "The carvings in the stone glow red for a brief moment, and a chill passes through your spine.",
      "effects": [
        {
          "id": "heat_ward_true",
          "duration": 300
        }
      ]
    },
    "flags": [
      "BELTED",
      "OVERSIZE",
      "ALLOWS_NATURAL_ATTACKS",
      "TRADER_KEEP_EQUIPPED"
    ]
  },
  {
    "id": "meteoric_talisman",
    "type": "TOOL_ARMOR",
    "name": {
      "str": "流星护身符"
    },
    "category": "armor",
    "description": "一种华丽的项链，有类似圆形盾牌的小饰物，由坚硬的闪光金属制成。戴上并激活它可以防止触电，但也会减慢身体的速度。",
    "weight": "60 g",
    "volume": "250 ml",
    "price_postapoc": 10000,
    "material": [
      "hardsteel"
    ],
    "symbol": "[",
    "looks_like": "jade_brooch",
    "repairs_like": "mana_gem",
    "color": "light_gray",
    "pocket_data": [
      {
        "pocket_type": "MAGAZINE",
        "rigid": true,
        "ammo_restriction": {
          "essence_dull_type": 60
        }
      }
    ],
    "max_charges": 60,
    "charges_per_use": 30,
    "ammo": "essence_dull_type",
    "use_action": {
      "type": "consume_drug",
      "activation_message": "As you activate the talisman, you feel insulated in a strange manner.",
      "effects": [
        {
          "id": "lightning_ward_true",
          "duration": 300
        }
      ]
    },
    "flags": [
      "FANCY",
      "NO_SALVAGE",
      "TRADER_KEEP_EQUIPPED"
    ]
  },
  {
    "id": "cleric_ring",
    "type": "TOOL_ARMOR",
    "copy-from": "ruby_silver_ring",
    "repairs_like": "orb_veil",
    "name": {
      "str": "堕落天使之戒",
      "str_pl": "堕落天使之戒"
    },
    "description": "一种简单的银戒指，饰有红色小宝石和翅膀图案。使用它可以引导一个极为强大的保护咒语，抵御各种形式的身体和超自然的伤害。",
    "//": "While unassuming, those who knew what rituals it was useful for would value it highly.  Those people are probably now dead.",
    "price": 360000,
    "price_postapoc": 15000,
    "material": [
      "silver",
      "essencemat"
    ],
    "color": "white",
    "pocket_data": [
      {
        "pocket_type": "MAGAZINE",
        "rigid": true,
        "ammo_restriction": {
          "essence_type": 8
        }
      }
    ],
    "max_charges": 9,
    "charges_per_use": 3,
    "ammo": "essence_type",
    "use_action": {
      "type": "consume_drug",
      "activation_message": "A strange energy radiates from the ring's gem, spreading a calming sensation over you.",
      "effects": [
        {
          "id": "cleric_warding_true",
          "duration": 300
        }
      ]
    },
    "extend": {
      "flags": [
        "NO_SALVAGE",
        "TRADER_KEEP_EQUIPPED",
        "PSYSHIELD_PARTIAL"
      ]
    }
  }
]