[
	{
		"//": "添加部分營地配方，並覆寫原版代碼，未來遊戲更新營地配方時，可能將原版更新的內容覆蓋，目前配適版本#0.E-2",
		"//": "手動更新需複製新的原版代碼，代碼來源：json/recipes/basecamps/recipe_groups",
		"//": "同一物品多個配方時，欲指定其中一個，在id後加上_(id_suffix)，例子：澱粉漿、罐裝肉。",
		"//": "刪除部分使用頻率太低、或已添加替代品的配方。目前無法使用純液體配方，會灑。",
		
		"type": "recipe_group",
		"name": "kitchen_recipes_1",
		"building_type": "COOK",
		"//": "刪除Lv1配方：煮蛋(boiled_egg)",
		"recipes": [
		  { "id": "starch_from_fibrous_stuff", "description": "烹飪：澱粉漿(香蒲)" },
		  { "id": "pine_nuts", "description": "烹飪：松籽" },
		  
		  { "id": "tinder", "description": " Craft: Tinder" },
		  { "id": "meat_cooked", "description": " Cook: Meat, Cooked" },
		  { "id": "fish_cooked", "description": " Cook: Fish, Cooked" },
		  { "id": "veggy_cooked", "description": " Cook: Veggy, Cooked" },
		  { "id": "starch", "description": " Cook: Starch" },
		  { "id": "flatbread", "description": " Cook: Flatbread" },
		  { "id": "veggy_wild_cooked", "description": " Cook: Veggy, Cooked Wild" }
		]
	},{
		"type": "recipe_group",
		"name": "kitchen_recipes_2",
		"building_type": "COOK",
		"//": "刪除Lv2配方：乾煉油脂(lard)",
		"recipes": [
		  { "id": "acorns_cooked", "description": "烹飪：煮橡子面" },
		  { "id": "flour_with_from_food_processor", "description": "烹飪：麵粉(料理機)" },
		  { "id": "meal_bone", "description": "烹飪：骨粉" },
		  { "id": "meal_bone_with_from_food_processor", "description": "烹飪：骨粉(料理機)" },
		  { "id": "meal_chitin_piece", "description": "烹飪：甲殼粉" },
		  { "id": "meal_chitin_piece_with_from_food_processor", "description": "烹飪：甲殼粉(料理機)" },
		  { "id": "wastebread", "description": "烹飪：廢土麵包" },
		  { "id": "oatmeal", "description": "烹飪：生麥片" },
		  { "id": "cookies", "description": "烹飪：餅乾" },
		  { "id": "noodles_fast", "description": "烹飪：方便麵" },
		  { "id": "lasagne_raw", "description": "烹飪：生千層麵" },
		  { "id": "spaghetti_raw", "description": "烹飪：生義大利麵" },
		  { "id": "macaroni_raw", "description": "烹飪：生通心粉" },
		  { "id": "broth_jarred", "description": "烹飪：雜菜湯(玻璃罐)" },
		  { "id": "broth_canned", "description": "烹飪：雜菜湯(罐頭)" },
		  { "id": "broth_bone_jarred", "description": "烹飪：燉骨湯(玻璃罐)" },
		  { "id": "broth_bone_canned", "description": "烹飪：燉骨湯(罐頭)" },
		  { "id": "tallow", "description": "烹飪：油脂" },
		  { "id": "mutant_tallow", "description": "烹飪：油脂(變異)" },
		  { "id": "tallow_tainted", "description": "烹飪：油脂(感染)" },
		  { "id": "humble_pie", "description": "烹飪：內臟餡餅" },
		  { "id": "flour", "description": " Cook: Flour" },
		  { "id": "salt_from_salt_water", "description": "烹飪：鹽(鹽水)" },
		  { "id": "salt_from_mineral", "description": "烹飪：鹽(岩鹽)" },
		  { "id": "salt_from_hickory", "description": "烹飪：鹽(山核桃根)" },
		  
		  { "id": "bread", "description": " Cook: Bread" },
		  { "id": "fruit_leather", "description": " Cook: Fruit Leather" },
		  { "id": "jerky", "description": " Cook: Meat Jerky" },
		  { "id": "mushroom_cooked", "description": " Cook: Mushroom, Cooked" },
		  { "id": "cornmeal", "description": " Cook: Cornmeal" },
		  { "id": "meat_smoked", "description": " Cook: Meat, Smoked" },
		  { "id": "fish_smoked", "description": " Cook: Fish, Smoked" },
		  { "id": "dry_mushroom", "description": " Cook: Mushroom, Dried" },
		  { "id": "dry_fruit", "description": " Cook: Fruit, Dehydrated" },
		  { "id": "sausage", "description": " Cook: Sausage" },
		  { "id": "sausage_wasteland", "description": " Cook: Sausage, Wasteland" }
		]
	},{
		"type": "recipe_group",
		"name": "kitchen_recipes_3",
		"building_type": "COOK",
		"//": "刪除Lv3配方：菜凍(veggy_aspic)、肉凍(meat_aspic)",
		"recipes": [
		  { "id": "granola", "description": "烹飪：格蘭諾拉燕麥卷" },
		  { "id": "haggis", "description": "烹飪：肉餡羊肚" },
		  { "id": "soup_woods_jarred", "description": "烹飪：森林雜燴湯(玻璃罐)" },
		  { "id": "soup_woods_canned", "description": "烹飪：森林雜燴湯(罐頭)" },
		  { "id": "soup_meat_jarred", "description": "烹飪：肉湯(玻璃罐)" },
		  { "id": "soup_meat_canned", "description": "烹飪：肉湯(罐頭)" },
		  { "id": "soup_veggy_jarred", "description": "烹飪：蔬菜濃湯(玻璃罐)" },
		  { "id": "soup_veggy_canned", "description": "烹飪：蔬菜濃湯(罐頭)" },
		  { "id": "soup_mushroom_jarred", "description": "烹飪：蘑菇湯(玻璃罐)" },
		  { "id": "soup_mushroom_canned", "description": "烹飪：蘑菇湯(罐頭)" },
		  { "id": "soup_fish_jarred", "description": "烹飪：魚湯(玻璃罐)" },
		  { "id": "soup_fish_canned", "description": "烹飪：魚湯(罐頭)" },
		  { "id": "veggy_canned_jarred", "description": "烹飪：罐裝蔬菜" },
		  { "id": "apple_canned_jarred", "description": "烹飪：罐裝水果" },
		  { "id": "fish_canned_jarred", "description": "烹飪：罐裝魚肉" },
		  { "id": "protein_powder", "description": "烹飪：蛋白粉" },
		  { "id": "protein_powder_SEmod_powder_offal", "description": "烹飪：蛋白粉(內臟)" },
		  { "id": "powder_eggs", "description": "烹飪：乾燥全蛋粉" },
		  { "id": "can_spam_canned_SEmod", "description": "烹飪：午餐肉(罐頭)" },
		  { "id": "can_spam_jarred_SEmod", "description": "烹飪：午餐肉(玻璃罐)" },
		  { "id": "salt", "description": " Cook: Salt" },
		  { "id": "sugar_from_sweets", "description": " Cook: Sugar" },
		  { "id": "sugar_from_beets", "description": "烹飪：糖(甜菜)" },
		  { "id": "sugar_from_wood", "description": "烹飪：糖(化工)" },
		  { "id": "kompot_jarred", "description": "烹飪：糖水果肉(玻璃罐)" },
		  
		  { "id": "pie_meat", "description": " Cook: Meat Pie" },
		  { "id": "pie_veggy", "description": " Cook: Veggy Pie" },
		  { "id": "hardtack", "description": " Cook: Hardtack" },
		  { "id": "veggy_pickled_jarred", "description": " Cook: Veggy, Pickled" },
		  { "id": "cheese_hard", "description": " Cook: Cheese, Hard" },
		  { "id": "pemmican", "description": " Cook: Pemmican" },
		  { "id": "meat_canned_jarred", "description": " Cook: Meat, Canned" }
		 ]
	}
]