[
  {
    "type": "mutation",
    "id": "THRESH_VEIL",
    "name": {
      "str": "面纱的典范"
    },
    "points": 1,
    "description": "你比任何一个还活着的人都凝视着更远的世界。它回头看了看，在你身上发现了更大的目标。它叫它的传令者，你叫它的骑士。你将无法通过平凡的手段改变你目前的状态，因为这会把你束缚在必须被驱逐的入侵者身上…",
    "valid": false,
    "purifiable": false,
    "threshold": true,
    "//": "The good news, you regen mana faster and vortices are friendly.  The bad news, HFBTV doesn't want you getting any more dependent on the blob (or worse, the Mycus) than you already are.",
    "ignored_by": [
      "UNKNOWN"
    ],
    "anger_relations": [
      [
        "ARCANA_SUMMONED",
        -95
      ],
      [
        "NETHER",
        20
      ],
      [
        "SLIME",
        20
      ],
      [
        "HORROR",
        15
      ],
      [
        "ABERRATION",
        15
      ],
      [
        "FUNGUS",
        10
      ],
      [
        "LEECH_PLANT",
        10
      ],
      [
        "MUTANT",
        5
      ]
    ],
    "allowed_category": [
      "VEIL"
    ]
  },
  {
    "type": "mutation",
    "id": "SPELL_SMOKE",
    "//": "IDs for Arcane Blessings are reused to reduce the amount of obsolete JSON.",
    "name": {
      "str": "变更标志 I"
    },
    "points": 1,
    "description": "“你必须学会塑造你的环境来达到你的目的。总有一天，你也会找到你的目标。”\n不可知的力量给了你一个礼物，它可以召唤一层黑暗的裹尸布来隐藏你。（（记住绑定“施法”键！）",
    "valid": false,
    "purifiable": false,
    "player_display": false,
    "changes_to": [
      "SPELL_LIGHT2"
    ],
    "category": [
      "VEIL"
    ],
    "mana_regen_multiplier": 1.05,
    "spells_learned": [
      [
        "arcana_blessing_conjure_shadow_field",
        1
      ]
    ],
    "flags": [
      "explorer_of_the_veil"
    ],
    "allowed_category": [
      "VEIL"
    ]
  },
  {
    "type": "mutation",
    "id": "SPELL_LIGHT2",
    "name": {
      "str": "变更标志 II"
    },
    "points": 2,
    "description": "“你将举起我的火炬，发挥我的影响力，为我们共同的目标服务。”\n不可知的力量给了你一份礼物，它可以召唤出光明的光环。（（记住绑定“施法”键！）",
    "valid": false,
    "purifiable": false,
    "player_display": false,
    "prereqs": [
      "SPELL_SMOKE"
    ],
    "changes_to": [
      "SPELL_LOCKPICK2"
    ],
    "category": [
      "VEIL"
    ],
    "mana_regen_multiplier": 1.1,
    "spells_learned": [
      [
        "arcana_blessing_conjure_shadow_field",
        1
      ],
      [
        "arcana_blessing_conjure_lightburst",
        1
      ]
    ],
    "flags": [
      "explorer_of_the_veil"
    ],
    "allowed_category": [
      "VEIL"
    ]
  },
  {
    "type": "mutation",
    "id": "SPELL_LOCKPICK2",
    "name": {
      "str": "变更标志 III"
    },
    "points": 3,
    "description": "“你将不请自来，任何诡计都不会妨碍听从我命令的人。”\n不可知的部队给了你第三个礼物，可以打开锁和路障。（（记住绑定“施法”键！）",
    "valid": false,
    "purifiable": false,
    "player_display": false,
    "prereqs": [
      "SPELL_LIGHT2"
    ],
    "changes_to": [
      "SPELL_TELEPORT"
    ],
    "category": [
      "VEIL"
    ],
    "threshreq": [
      "THRESH_VEIL"
    ],
    "mana_regen_multiplier": 1.15,
    "spells_learned": [
      [
        "arcana_blessing_conjure_shadow_field",
        1
      ],
      [
        "arcana_blessing_conjure_lightburst",
        1
      ],
      [
        "arcana_blessing_open_lock",
        1
      ]
    ],
    "flags": [
      "explorer_of_the_veil"
    ]
  },
  {
    "type": "mutation",
    "//": "ID retained, effect changed as teleport is of more limited use.",
    "id": "SPELL_TELEPORT",
    "name": {
      "str": "变更标志 IV"
    },
    "points": 4,
    "description": "“如果你的敌人寻求逃跑或避难，你将学会阻止他们。”\n不可知力量给了你第四个礼物，它可以让你召唤光障。（（记住绑定“施法”键！）",
    "valid": false,
    "purifiable": false,
    "player_display": false,
    "prereqs": [
      "SPELL_LOCKPICK2"
    ],
    "changes_to": [
      "SPELL_PACIFY"
    ],
    "category": [
      "VEIL"
    ],
    "threshreq": [
      "THRESH_VEIL"
    ],
    "mana_regen_multiplier": 1.2,
    "spells_learned": [
      [
        "arcana_blessing_conjure_shadow_field",
        1
      ],
      [
        "arcana_blessing_conjure_lightburst",
        1
      ],
      [
        "arcana_blessing_open_lock",
        1
      ],
      [
        "arcana_blessing_wall_force",
        1
      ]
    ],
    "flags": [
      "explorer_of_the_veil"
    ]
  },
  {
    "type": "mutation",
    "id": "SPELL_PACIFY",
    "name": {
      "str": "变更标志 V"
    },
    "points": 5,
    "description": "“如果敌人挡住了你的路，我的信息可以安抚那些无法摧毁的东西。”\n不可知力量给了你第五个礼物，可以让你安抚怪物。（（记住绑定“施法”键！）",
    "valid": false,
    "purifiable": false,
    "player_display": false,
    "prereqs": [
      "SPELL_TELEPORT"
    ],
    "changes_to": [
      "SPELL_CONSECRATE"
    ],
    "threshreq": [
      "THRESH_VEIL"
    ],
    "category": [
      "VEIL"
    ],
    "mana_regen_multiplier": 1.25,
    "spells_learned": [
      [
        "arcana_blessing_conjure_shadow_field",
        1
      ],
      [
        "arcana_blessing_conjure_lightburst",
        1
      ],
      [
        "arcana_blessing_open_lock",
        1
      ],
      [
        "arcana_blessing_wall_force",
        1
      ],
      [
        "arcana_blessing_pacify_monsters",
        1
      ]
    ],
    "flags": [
      "explorer_of_the_veil"
    ]
  },
  {
    "type": "mutation",
    "id": "SPELL_CONSECRATE",
    "name": {
      "str": "变更标志 VI"
    },
    "points": 6,
    "description": "“随着时间的推移，你在保护这个世界上只会扮演一个角色，那就是赶走这些入侵。这是我的意愿。”\n不可知的力量给了你第六个礼物，它可以让你颠覆影响环境的超自然的改变。（（记住绑定“施法”键！）",
    "valid": false,
    "purifiable": false,
    "player_display": false,
    "prereqs": [
      "SPELL_PACIFY"
    ],
    "threshreq": [
      "THRESH_VEIL"
    ],
    "category": [
      "VEIL"
    ],
    "mana_regen_multiplier": 1.3,
    "spells_learned": [
      [
        "arcana_blessing_conjure_shadow_field",
        1
      ],
      [
        "arcana_blessing_conjure_lightburst",
        1
      ],
      [
        "arcana_blessing_open_lock",
        1
      ],
      [
        "arcana_blessing_wall_force",
        1
      ],
      [
        "arcana_blessing_pacify_monsters",
        1
      ],
      [
        "arcana_blessing_consecrate",
        1
      ]
    ],
    "flags": [
      "explorer_of_the_veil"
    ]
  },
  {
    "type": "mutation",
    "id": "SPELL_STRENGTH2",
    "name": {
      "str": "增强之符I"
    },
    "points": 1,
    "description": "“你一定要坚强，不仅要有身体，更要有精神。总有一天，你会强大到足以面对一切的终结。”\n不可知的力量给了你一个礼物，可以赋予你力量提升的效果。（（记住绑定“施法”键！）",
    "valid": false,
    "purifiable": false,
    "player_display": false,
    "changes_to": [
      "SPELL_CLAIRVOYANCE2"
    ],
    "category": [
      "VEIL"
    ],
    "mana_regen_multiplier": 1.05,
    "spells_learned": [
      [
        "arcana_blessing_might",
        1
      ]
    ],
    "flags": [
      "explorer_of_the_veil"
    ],
    "allowed_category": [
      "VEIL"
    ]
  },
  {
    "type": "mutation",
    "id": "SPELL_CLAIRVOYANCE2",
    "name": {
      "str": "增强之符II"
    },
    "points": 2,
    "description": "“你将面对凡人不该承受的事实。”\n不可知力量给了你第二个礼物，它可以赋予你看不见的东西。（（记住绑定“施法”键！）",
    "valid": false,
    "purifiable": false,
    "player_display": false,
    "prereqs": [
      "SPELL_STRENGTH2"
    ],
    "changes_to": [
      "SPELL_AGILE2"
    ],
    "category": [
      "VEIL"
    ],
    "mana_regen_multiplier": 1.1,
    "spells_learned": [
      [
        "arcana_blessing_might",
        1
      ],
      [
        "arcana_blessing_clairvoyance",
        1
      ]
    ],
    "flags": [
      "explorer_of_the_veil"
    ],
    "allowed_category": [
      "VEIL"
    ]
  },
  {
    "type": "mutation",
    "id": "SPELL_AGILE2",
    "name": {
      "str": "增强之符III"
    },
    "points": 3,
    "description": "“你将学会毫不犹豫地行动，为这个世界做所需的事。”\n不可知力量给了你第三个天赋，可以给予你速度和敏捷的提升效果。（（记住绑定“施法”键！）",
    "valid": false,
    "purifiable": false,
    "player_display": false,
    "prereqs": [
      "SPELL_CLAIRVOYANCE2"
    ],
    "changes_to": [
      "SPELL_DAYLIGHT2"
    ],
    "category": [
      "VEIL"
    ],
    "threshreq": [
      "THRESH_VEIL"
    ],
    "mana_regen_multiplier": 1.15,
    "spells_learned": [
      [
        "arcana_blessing_might",
        1
      ],
      [
        "arcana_blessing_clairvoyance",
        1
      ],
      [
        "arcana_blessing_agility",
        1
      ]
    ],
    "flags": [
      "explorer_of_the_veil"
    ]
  },
  {
    "type": "mutation",
    "id": "SPELL_DAYLIGHT2",
    "name": {
      "str": "增强之符IV"
    },
    "points": 4,
    "description": "“持之以恒，你将把我的旗帜带到你王国的最高峰，即使经历最艰难的磨难。”\n不可知的力量给了你第四个礼物，它可以触发一个令人振奋的身体冲刺。（（记住绑定“施法”键！）",
    "valid": false,
    "purifiable": false,
    "player_display": false,
    "prereqs": [
      "SPELL_AGILE2"
    ],
    "changes_to": [
      "SPELL_DRAINLIFE"
    ],
    "category": [
      "VEIL"
    ],
    "threshreq": [
      "THRESH_VEIL"
    ],
    "mana_regen_multiplier": 1.2,
    "spells_learned": [
      [
        "arcana_blessing_might",
        1
      ],
      [
        "arcana_blessing_clairvoyance",
        1
      ],
      [
        "arcana_blessing_agility",
        1
      ],
      [
        "arcana_blessing_surge_adrenaline",
        1
      ]
    ],
    "flags": [
      "explorer_of_the_veil"
    ]
  },
  {
    "type": "mutation",
    "id": "SPELL_DRAINLIFE",
    "name": {
      "str": "增强之符"
    },
    "points": 5,
    "description": "“不要为你必须做的事情感到高兴，但要在每一个行动中找到目标。”\n不可知力量给了你第五个礼物，它可以给予你暂时的生命消耗效果。（（记住绑定“施法”键！）",
    "valid": false,
    "purifiable": false,
    "player_display": false,
    "prereqs": [
      "SPELL_DAYLIGHT2"
    ],
    "changes_to": [
      "SPELL_INVIS"
    ],
    "category": [
      "VEIL"
    ],
    "threshreq": [
      "THRESH_VEIL"
    ],
    "mana_regen_multiplier": 1.25,
    "spells_learned": [
      [
        "arcana_blessing_might",
        1
      ],
      [
        "arcana_blessing_clairvoyance",
        1
      ],
      [
        "arcana_blessing_agility",
        1
      ],
      [
        "arcana_blessing_surge_adrenaline",
        1
      ],
      [
        "arcana_blessing_drain_life",
        1
      ]
    ],
    "flags": [
      "explorer_of_the_veil"
    ]
  },
  {
    "type": "mutation",
    "id": "SPELL_INVIS",
    "name": {
      "str": "增强之符 VI"
    },
    "points": 6,
    "description": "“总有一天，你的精神会强大起来，而不必逃避凡人所惧怕的。这是我的意愿。”\n不可知力量给了你第六个礼物，可以让你暂时隐身。（（记住绑定“施法”键！）",
    "valid": false,
    "purifiable": false,
    "player_display": false,
    "prereqs": [
      "SPELL_DRAINLIFE"
    ],
    "category": [
      "VEIL"
    ],
    "threshreq": [
      "THRESH_VEIL"
    ],
    "mana_regen_multiplier": 1.3,
    "spells_learned": [
      [
        "arcana_blessing_might",
        1
      ],
      [
        "arcana_blessing_clairvoyance",
        1
      ],
      [
        "arcana_blessing_agility",
        1
      ],
      [
        "arcana_blessing_surge_adrenaline",
        1
      ],
      [
        "arcana_blessing_drain_life",
        1
      ],
      [
        "arcana_blessing_illusion_cloak",
        1
      ]
    ],
    "flags": [
      "explorer_of_the_veil"
    ]
  },
  {
    "type": "mutation",
    "id": "SPELL_CONFUSE2",
    "name": {
      "str": "毁灭迹象I"
    },
    "points": 1,
    "description": "“你将面临许多威胁。迟早，他们会被强迫跪下。“\n不可知的力量给了你一个礼物，可以让你周围某个区域的怪物眩晕。（（记住绑定“施法”键！）",
    "valid": false,
    "purifiable": false,
    "player_display": false,
    "changes_to": [
      "SPELL_CLOUD"
    ],
    "category": [
      "VEIL"
    ],
    "mana_regen_multiplier": 1.05,
    "spells_learned": [
      [
        "arcana_blessing_confuse_monster",
        1
      ]
    ],
    "flags": [
      "explorer_of_the_veil"
    ],
    "allowed_category": [
      "VEIL"
    ]
  },
  {
    "type": "mutation",
    "id": "SPELL_CLOUD",
    "name": {
      "str": "毁灭迹象 II"
    },
    "points": 2,
    "description": "“你的敌人将遭受他们在这个领域所经历过的同样的邪恶。”\n不可知力量给了你第二个礼物，可以在你想要的地点召唤有毒气体。（（记住绑定“施法”键！）",
    "valid": false,
    "purifiable": false,
    "player_display": false,
    "prereqs": [
      "SPELL_CONFUSE2"
    ],
    "changes_to": [
      "SPELL_LIGHTNING2"
    ],
    "category": [
      "VEIL"
    ],
    "mana_regen_multiplier": 1.1,
    "spells_learned": [
      [
        "arcana_blessing_confuse_monster",
        1
      ],
      [
        "arcana_blessing_conjure_miasma",
        1
      ]
    ],
    "flags": [
      "explorer_of_the_veil"
    ],
    "allowed_category": [
      "VEIL"
    ]
  },
  {
    "type": "mutation",
    "id": "SPELL_LIGHTNING2",
    "name": {
      "str": "毁灭迹象III"
    },
    "points": 3,
    "description": "“你要谨慎使用我的天赋，因为每一个天赋都是纠正错误的武器。”\n不可知力量给了你第三个天赋，它可以引发一场神圣的闪电风暴。（（记住绑定“施法”键！）",
    "valid": false,
    "purifiable": false,
    "player_display": false,
    "prereqs": [
      "SPELL_CLOUD"
    ],
    "changes_to": [
      "SPELL_FIRE2"
    ],
    "category": [
      "VEIL"
    ],
    "threshreq": [
      "THRESH_VEIL"
    ],
    "mana_regen_multiplier": 1.15,
    "spells_learned": [
      [
        "arcana_blessing_confuse_monster",
        1
      ],
      [
        "arcana_blessing_conjure_miasma",
        1
      ],
      [
        "arcana_blessing_divine_storm",
        1
      ]
    ],
    "flags": [
      "explorer_of_the_veil"
    ]
  },
  {
    "type": "mutation",
    "id": "SPELL_FIRE2",
    "name": {
      "str": "破坏迹象 IV"
    },
    "points": 4,
    "description": "“审判我们的敌人，因为他们只会带来痛苦。”\n不可知的力量给了你第四个礼物，可以用神圣的火焰来炸开一个区域。（（记住绑定“施法”键！）",
    "valid": false,
    "purifiable": false,
    "player_display": false,
    "prereqs": [
      "SPELL_LIGHTNING2"
    ],
    "changes_to": [
      "SPELL_LIGHTNINGFIELD"
    ],
    "category": [
      "VEIL"
    ],
    "threshreq": [
      "THRESH_VEIL"
    ],
    "mana_regen_multiplier": 1.2,
    "spells_learned": [
      [
        "arcana_blessing_confuse_monster",
        1
      ],
      [
        "arcana_blessing_conjure_miasma",
        1
      ],
      [
        "arcana_blessing_divine_storm",
        1
      ],
      [
        "arcana_blessing_holy_flare",
        1
      ]
    ],
    "flags": [
      "explorer_of_the_veil"
    ]
  },
  {
    "type": "mutation",
    "id": "SPELL_LIGHTNINGFIELD",
    "name": {
      "str": "毁灭的迹象"
    },
    "points": 5,
    "description": "“用一只稳定的手，你会成功的。”\n不可知力量给了你第五个礼物，它可以让你的敌人沐浴在闪电中。（（记住绑定“施法”键！）",
    "valid": false,
    "purifiable": false,
    "player_display": false,
    "prereqs": [
      "SPELL_FIRE2"
    ],
    "changes_to": [
      "SPELL_PULSE"
    ],
    "category": [
      "VEIL"
    ],
    "threshreq": [
      "THRESH_VEIL"
    ],
    "mana_regen_multiplier": 1.25,
    "spells_learned": [
      [
        "arcana_blessing_confuse_monster",
        1
      ],
      [
        "arcana_blessing_conjure_miasma",
        1
      ],
      [
        "arcana_blessing_divine_storm",
        1
      ],
      [
        "arcana_blessing_holy_flare",
        1
      ],
      [
        "arcana_blessing_radiant_burst",
        1
      ]
    ],
    "flags": [
      "explorer_of_the_veil"
    ]
  },
  {
    "type": "mutation",
    "id": "SPELL_PULSE",
    "name": {
      "str": "破坏迹象 VI"
    },
    "points": 6,
    "description": "“总有一天，你会为这些罪恶复仇的。这是我的意志。”\n不可知的力量给了你第六个礼物，可以释放出一股毁灭性的能量。（（记住绑定“施法”键！）",
    "valid": false,
    "purifiable": false,
    "player_display": false,
    "category": [
      "VEIL"
    ],
    "prereqs": [
      "SPELL_LIGHTNINGFIELD"
    ],
    "threshreq": [
      "THRESH_VEIL"
    ],
    "mana_regen_multiplier": 1.3,
    "spells_learned": [
      [
        "arcana_blessing_confuse_monster",
        1
      ],
      [
        "arcana_blessing_conjure_miasma",
        1
      ],
      [
        "arcana_blessing_divine_storm",
        1
      ],
      [
        "arcana_blessing_holy_flare",
        1
      ],
      [
        "arcana_blessing_radiant_burst",
        1
      ],
      [
        "arcana_blessing_wave_destruction",
        1
      ]
    ],
    "flags": [
      "explorer_of_the_veil"
    ]
  },
  {
    "type": "mutation",
    "id": "SPELL_ACIDARMOR",
    "name": {
      "str": "保护标志I"
    },
    "points": 1,
    "description": "“为我服务，你必须学会防范许多威胁。\n不可知的力量给了你一份礼物，可以让你暂时抵抗腐蚀性的影响。（（记住绑定“施法”键！）",
    "valid": false,
    "purifiable": false,
    "player_display": false,
    "changes_to": [
      "SPELL_POISONARMOR2"
    ],
    "category": [
      "VEIL"
    ],
    "mana_regen_multiplier": 1.05,
    "spells_learned": [
      [
        "arcana_blessing_ward_acid",
        1
      ]
    ],
    "flags": [
      "explorer_of_the_veil"
    ],
    "allowed_category": [
      "VEIL"
    ]
  },
  {
    "type": "mutation",
    "id": "SPELL_POISONARMOR2",
    "name": {
      "str": "防护标志 II"
    },
    "points": 2,
    "description": "“你将承受我的保护标志，因为你的身体是脆弱而短暂的。”\n不可知力量给了你第二份礼物，可以暂时保护你免受有毒气体和其他毒物的伤害。（（记住绑定“施法”键！）",
    "valid": false,
    "purifiable": false,
    "player_display": false,
    "prereqs": [
      "SPELL_ACIDARMOR"
    ],
    "changes_to": [
      "SPELL_ELECRESIST2"
    ],
    "category": [
      "VEIL"
    ],
    "mana_regen_multiplier": 1.1,
    "spells_learned": [
      [
        "arcana_blessing_ward_acid",
        1
      ],
      [
        "arcana_blessing_ward_poison",
        1
      ]
    ],
    "flags": [
      "explorer_of_the_veil"
    ],
    "allowed_category": [
      "VEIL"
    ]
  },
  {
    "type": "mutation",
    "id": "SPELL_ELECRESIST2",
    "name": {
      "str": "防护标志III"
    },
    "points": 3,
    "description": "“你将面临风暴，它会把你所珍视的一切夷为平地。”\n不可知力量给了你第三份礼物，它可以提供暂时的电力保护。（（记住绑定“施法”键！）",
    "valid": false,
    "purifiable": false,
    "player_display": false,
    "prereqs": [
      "SPELL_POISONARMOR2"
    ],
    "changes_to": [
      "SPELL_FLAMEARMOR2"
    ],
    "category": [
      "VEIL"
    ],
    "threshreq": [
      "THRESH_VEIL"
    ],
    "mana_regen_multiplier": 1.15,
    "spells_learned": [
      [
        "arcana_blessing_ward_acid",
        1
      ],
      [
        "arcana_blessing_ward_poison",
        1
      ],
      [
        "arcana_blessing_ward_lightning",
        1
      ]
    ],
    "flags": [
      "explorer_of_the_veil"
    ]
  },
  {
    "type": "mutation",
    "id": "SPELL_FLAMEARMOR2",
    "name": {
      "str": "防护标志 IV"
    },
    "points": 4,
    "description": "“但是你的灵魂将面对这些考验，就像石头面对火焰，不屈于地狱。”\n不可知的力量给了你第四个礼物，可以抵抗火和烟。（（记住绑定“施法”键！）",
    "valid": false,
    "purifiable": false,
    "player_display": false,
    "prereqs": [
      "SPELL_ELECRESIST2"
    ],
    "changes_to": [
      "SPELL_FROSTARMOR"
    ],
    "category": [
      "VEIL"
    ],
    "threshreq": [
      "THRESH_VEIL"
    ],
    "mana_regen_multiplier": 1.2,
    "spells_learned": [
      [
        "arcana_blessing_ward_acid",
        1
      ],
      [
        "arcana_blessing_ward_poison",
        1
      ],
      [
        "arcana_blessing_ward_lightning",
        1
      ],
      [
        "arcana_blessing_ward_flame",
        1
      ]
    ],
    "flags": [
      "explorer_of_the_veil"
    ]
  },
  {
    "type": "mutation",
    "id": "SPELL_FROSTARMOR",
    "name": {
      "str": "防护标志V"
    },
    "points": 5,
    "description": "“没有暴风雨，没有暴风雪，没有什么能阻止你听从我的召唤。”\n不可知力量给了你第五个礼物，可以抵御寒冷。（（记住绑定“施法”键！）",
    "valid": false,
    "purifiable": false,
    "player_display": false,
    "prereqs": [
      "SPELL_FLAMEARMOR2"
    ],
    "changes_to": [
      "SPELL_PSYSHIELD"
    ],
    "category": [
      "VEIL"
    ],
    "threshreq": [
      "THRESH_VEIL"
    ],
    "mana_regen_multiplier": 1.25,
    "spells_learned": [
      [
        "arcana_blessing_ward_acid",
        1
      ],
      [
        "arcana_blessing_ward_poison",
        1
      ],
      [
        "arcana_blessing_ward_lightning",
        1
      ],
      [
        "arcana_blessing_ward_flame",
        1
      ],
      [
        "arcana_blessing_ward_cold",
        1
      ]
    ],
    "flags": [
      "explorer_of_the_veil"
    ]
  },
  {
    "type": "mutation",
    "id": "SPELL_PSYSHIELD",
    "name": {
      "str": "保护标志 VI"
    },
    "points": 6,
    "description": "“总有一天，你对我的服务会让你安然度过死亡。“这是我的意愿。”\n不可知力量给了你第六个礼物，它可以投射出强大的保护力量。（（记住绑定“施法”键！）",
    "valid": false,
    "purifiable": false,
    "player_display": false,
    "prereqs": [
      "SPELL_FROSTARMOR"
    ],
    "category": [
      "VEIL"
    ],
    "threshreq": [
      "THRESH_VEIL"
    ],
    "mana_regen_multiplier": 1.3,
    "spells_learned": [
      [
        "arcana_blessing_ward_acid",
        1
      ],
      [
        "arcana_blessing_ward_poison",
        1
      ],
      [
        "arcana_blessing_ward_lightning",
        1
      ],
      [
        "arcana_blessing_ward_flame",
        1
      ],
      [
        "arcana_blessing_ward_cold",
        1
      ],
      [
        "arcana_blessing_holy_ward",
        1
      ]
    ],
    "flags": [
      "explorer_of_the_veil"
    ]
  },
  {
    "type": "mutation",
    "id": "SPELL_SUMMONDOG2",
    "name": {
      "str": "召唤标志 I"
    },
    "points": 1,
    "description": "“这是等待你们世界的命运的征兆。“\n不可知的力量给了你一个礼物，可以召唤骷髅狗。（（记住绑定“施法”键！）",
    "valid": false,
    "purifiable": false,
    "player_display": false,
    "changes_to": [
      "SPELL_SUMMONSKEL"
    ],
    "category": [
      "VEIL"
    ],
    "mana_regen_multiplier": 1.05,
    "spells_learned": [
      [
        "arcana_blessing_summon_skeletal_dog",
        1
      ]
    ],
    "flags": [
      "explorer_of_the_veil"
    ],
    "allowed_category": [
      "VEIL"
    ]
  },
  {
    "type": "mutation",
    "id": "SPELL_SUMMONSKEL",
    "name": {
      "str": "召唤符 II"
    },
    "points": 2,
    "description": "“你会看到更多可怕的预兆，预示着你的命运。别害怕他们。”\n不可知力量给了你第二个礼物，可以召唤骷髅。（（记住绑定“施法”键！）",
    "valid": false,
    "purifiable": false,
    "player_display": false,
    "prereqs": [
      "SPELL_SUMMONDOG2"
    ],
    "changes_to": [
      "SPELL_SUMMONCULUS"
    ],
    "category": [
      "VEIL"
    ],
    "mana_regen_multiplier": 1.1,
    "spells_learned": [
      [
        "arcana_blessing_summon_skeletal_dog",
        1
      ],
      [
        "arcana_blessing_summon_skeleton",
        1
      ]
    ],
    "flags": [
      "explorer_of_the_veil"
    ],
    "allowed_category": [
      "VEIL"
    ]
  },
  {
    "type": "mutation",
    "id": "SPELL_SUMMONCULUS",
    "name": {
      "str": "召唤符III"
    },
    "points": 3,
    "description": "“你将见证其他的闯入者，承诺你的世界将有不同的生存之路。他们是虚假的预兆。”\n不可知的力量给了你第三个礼物，可以召唤一个侏儒。（（记住绑定“施法”键！）",
    "valid": false,
    "purifiable": false,
    "player_display": false,
    "prereqs": [
      "SPELL_SUMMONSKEL"
    ],
    "changes_to": [
      "SPELL_SUMMONTHING"
    ],
    "category": [
      "VEIL"
    ],
    "threshreq": [
      "THRESH_VEIL"
    ],
    "mana_regen_multiplier": 1.15,
    "spells_learned": [
      [
        "arcana_blessing_summon_skeletal_dog",
        1
      ],
      [
        "arcana_blessing_summon_skeleton",
        1
      ],
      [
        "arcana_blessing_summon_homunculus",
        1
      ]
    ],
    "flags": [
      "explorer_of_the_veil"
    ]
  },
  {
    "type": "mutation",
    "id": "SPELL_SUMMONTHING",
    "name": {
      "str": "召唤之标志 IV"
    },
    "points": 4,
    "description": "“小心地研究，你将学会阅读这些迹象，并召唤众生去回应他们的虚假承诺。”\n不可知力量给了你第四个礼物，它可以召唤出一个可怕的东西。（（记住绑定“施法”键！）",
    "valid": false,
    "purifiable": false,
    "player_display": false,
    "prereqs": [
      "SPELL_SUMMONCULUS"
    ],
    "changes_to": [
      "SPELL_BUGS"
    ],
    "category": [
      "VEIL"
    ],
    "threshreq": [
      "THRESH_VEIL"
    ],
    "mana_regen_multiplier": 1.2,
    "spells_learned": [
      [
        "arcana_blessing_summon_skeletal_dog",
        1
      ],
      [
        "arcana_blessing_summon_skeleton",
        1
      ],
      [
        "arcana_blessing_summon_homunculus",
        1
      ],
      [
        "arcana_blessing_summon_thing",
        1
      ]
    ],
    "flags": [
      "explorer_of_the_veil"
    ]
  },
  {
    "type": "mutation",
    "id": "SPELL_BUGS",
    "name": {
      "str": "召唤V的标志"
    },
    "points": 5,
    "description": "“你的预兆会避开他们，你的征兆会揭示我们的敌人的真实面目。”\n不可知力量给了你第五个礼物，可以召唤巨型蜈蚣。（（记住绑定“施法”键！）",
    "valid": false,
    "purifiable": false,
    "player_display": false,
    "prereqs": [
      "SPELL_SUMMONTHING"
    ],
    "changes_to": [
      "SPELL_SUMMONVORTEX"
    ],
    "category": [
      "VEIL"
    ],
    "threshreq": [
      "THRESH_VEIL"
    ],
    "mana_regen_multiplier": 1.25,
    "spells_learned": [
      [
        "arcana_blessing_summon_skeletal_dog",
        1
      ],
      [
        "arcana_blessing_summon_skeleton",
        1
      ],
      [
        "arcana_blessing_summon_homunculus",
        1
      ],
      [
        "arcana_blessing_summon_thing",
        1
      ],
      [
        "arcana_blessing_summon_giant_centipedes",
        1
      ]
    ],
    "flags": [
      "explorer_of_the_veil"
    ]
  },
  {
    "type": "mutation",
    "id": "SPELL_SUMMONVORTEX",
    "name": {
      "str": "召唤VI标志"
    },
    "points": 6,
    "description": "“到时候，你会接受我的信息，召唤传令来指导别人。这是我的意愿。“\n未知力量给了你第六个天赋，可以召唤漩涡。（（记住绑定“施法”键！）",
    "valid": false,
    "purifiable": false,
    "player_display": false,
    "prereqs": [
      "SPELL_BUGS"
    ],
    "category": [
      "VEIL"
    ],
    "threshreq": [
      "THRESH_VEIL"
    ],
    "mana_regen_multiplier": 1.3,
    "spells_learned": [
      [
        "arcana_blessing_summon_skeletal_dog",
        1
      ],
      [
        "arcana_blessing_summon_skeleton",
        1
      ],
      [
        "arcana_blessing_summon_homunculus",
        1
      ],
      [
        "arcana_blessing_summon_thing",
        1
      ],
      [
        "arcana_blessing_summon_giant_centipedes",
        1
      ],
      [
        "arcana_blessing_summon_vortices",
        1
      ]
    ],
    "flags": [
      "explorer_of_the_veil"
    ]
  }
]