[
  {
    "id": "SERAPHIC_SIDE_EFFECTS",
    "//": "This exists to make the seraphic shade's mental-scarring effect behave sanely.",
    "type": "mutation_category",
    "threshold_mut": "THRESH_SERAPHIC_SIDE_EFFECTS",
    "name": "超自然的副作用",
    "iv_message": "看到这可能是一个错误。",
    "mutagen_message": "看到这可能是一个错误。",
    "memorial_message": "因为接触不属于这个世界的东西而伤痕累累。"
  },
  {
    "id": "VEIL",
    "type": "mutation_category",
    "threshold_mut": "THRESH_VEIL",
    "name": "面纱探险家",
    "iv_fatigue": 0,
    "iv_hunger": 0,
    "iv_message": "你感觉到一个超凡脱俗的存在向你伸出援手。",
    "iv_pain": 0,
    "iv_thirst": 0,
    "mutagen_message": "如果你能读到这篇文章，这可能是一个bug。",
    "iv_additional_mutations": 1,
    "iv_additional_mutations_chance": 10,
    "iv_min_mutations": 1,
    "memorial_message": "刺穿了世界之间的面纱。"
  },
  {
    "id": "DRAGONBLOOD",
    "type": "mutation_category",
    "threshold_mut": "THRESH_DRAGONBLOOD",
    "name": "圣礼的侍从",
    "mutagen_fatigue": 5,
    "mutagen_hunger": 5,
    "mutagen_pain": 0,
    "mutagen_thirst": 5,
    "iv_fatigue": 0,
    "iv_hunger": 0,
    "iv_pain": 0,
    "iv_thirst": 0,
    "mutagen_message": "你感到超自然的生命流过你的身体。",
    "iv_message": "你会感觉到一股强大的共鸣贯穿全身，这是通往权力之路的又一个不可逆转的步骤。",
    "iv_additional_mutations": 1,
    "iv_additional_mutations_chance": 15,
    "iv_min_mutations": 1,
    "memorial_message": "从龙血圣礼获得力量。"
  }
]