[
  {
    "type": "mutation",
    "id": "SPELL_AGILE",
    "name": {
      "str": "魔符：敏捷"
    },
    "points": 4,
    "description": "来自远方的力量赋予了你力量，可以给予你暂时的速度和敏捷增强效果。（（记住绑定“施法”键！）",
    "valid": false,
    "purifiable": false,
    "player_display": false,
    "spells_learned": [
      [
        "arcana_magic_agility",
        1
      ]
    ]
  },
  {
    "type": "mutation",
    "id": "SPELL_CLAIRVOYANCE",
    "name": {
      "str": "魔符：千里眼"
    },
    "points": 6,
    "description": "来自远方的力量赋予了你力量，它可以暂时赋予你看不见的东西。（（记住绑定“施法”键！）",
    "valid": false,
    "purifiable": false,
    "player_display": false,
    "spells_learned": [
      [
        "arcana_magic_clairvoyance",
        1
      ]
    ]
  },
  {
    "type": "mutation",
    "id": "SPELL_CLARITY",
    "name": {
      "str": "魔符：血之澄明"
    },
    "points": 4,
    "description": "来自远方的力量赋予你一种力量，可以保护你免受寄生虫和瞳孔的侵害。（（记住绑定“施法”键！）",
    "valid": false,
    "purifiable": false,
    "player_display": false,
    "spells_learned": [
      [
        "arcana_magic_clarity_blood",
        1
      ]
    ]
  },
  {
    "type": "mutation",
    "id": "SPELL_CONFUSE",
    "name": {
      "str": "魔符：迷惑怪物"
    },
    "points": 3,
    "description": "来自远方的异能赋予你一种可以迷惑附近怪物的异能。（（记住绑定“施法”键！）",
    "valid": false,
    "purifiable": false,
    "player_display": false,
    "spells_learned": [
      [
        "arcana_magic_confuse_monster",
        1
      ]
    ]
  },
  {
    "type": "mutation",
    "id": "SPELL_ACID",
    "name": {
      "str": "魔符：召唤酸"
    },
    "points": 3,
    "description": "来自远方的力量赋予了你召唤酸雾的力量。（（记住绑定“施法”键！）",
    "valid": false,
    "purifiable": false,
    "player_display": false,
    "spells_learned": [
      [
        "arcana_magic_conjure_acid",
        1
      ]
    ]
  },
  {
    "type": "mutation",
    "id": "SPELL_CONSECRATELESSER",
    "name": {
      "str": "神符：圣化"
    },
    "points": 6,
    "description": "来自外部的力量赋予你力量去颠覆你周围环境中的超自然的影响。（（记住绑定“施法”键！）",
    "valid": false,
    "purifiable": false,
    "player_display": false,
    "spells_learned": [
      [
        "arcana_magic_consecrate",
        1
      ]
    ]
  },
  {
    "type": "mutation",
    "id": "SPELL_DAMPENING",
    "//": "ID retained to avoid load errors.",
    "name": {
      "str": "魔符：位移"
    },
    "points": 3,
    "description": "来自远方的异能赋予了你立即与目标交换位置的能力，使他们眩晕，以及任何靠近你出现的地方。（（记住绑定“施法”键！）",
    "valid": false,
    "purifiable": false,
    "player_display": false,
    "spells_learned": [
      [
        "arcana_magic_dampening",
        1
      ]
    ]
  },
  {
    "type": "mutation",
    "id": "SPELL_FIRE",
    "name": {
      "str": "魔符：召唤火焰"
    },
    "points": 3,
    "description": "来自远方的力量赋予了你召唤火焰的力量，在你的指挥下。（（记住绑定“施法”键！）",
    "valid": false,
    "purifiable": false,
    "player_display": false,
    "spells_learned": [
      [
        "arcana_magic_conjure_flame",
        1
      ]
    ]
  },
  {
    "type": "mutation",
    "id": "SPELL_ECLIPSE",
    "name": {
      "str": "魔符：月蚀"
    },
    "points": 9,
    "description": "来自远方的力量赋予你带来邪恶预兆的力量，获得暂时的力量激增，以换取土地上永久的伤痕。（（记住绑定“施法”键！）",
    "valid": false,
    "purifiable": false,
    "player_display": false,
    "spells_learned": [
      [
        "arcana_magic_eclipse",
        1
      ]
    ]
  },
  {
    "type": "mutation",
    "id": "SPELL_ELEMENTALBURST",
    "name": {
      "str": "魔法符号：元素爆发"
    },
    "points": 7,
    "description": "来自远方的力量赋予了你召唤混乱魔法的力量，用元素的力量来攻击敌人。（（记住绑定“施法”键！）",
    "valid": false,
    "purifiable": false,
    "player_display": false,
    "spells_learned": [
      [
        "arcana_magic_elemental_burst",
        1
      ]
    ]
  },
  {
    "type": "mutation",
    "id": "SPELL_FLAMEARMOR",
    "name": {
      "str": "魔符：暖气病房"
    },
    "points": 5,
    "description": "你可以从烟雾中获得暂时的抵抗力。直接接触火焰仍然会伤害你。（（记住绑定“施法”键！）",
    "valid": false,
    "purifiable": false,
    "player_display": false,
    "spells_learned": [
      [
        "arcana_magic_heat_ward",
        1
      ]
    ]
  },
  {
    "type": "mutation",
    "id": "SPELL_FROSTARMORLESSER",
    "name": {
      "str": "魔符：寒区"
    },
    "points": 5,
    "description": "来自远方的力量赋予了你力量，可以给予你暂时的抗寒能力。（（记住绑定“施法”键！）",
    "valid": false,
    "purifiable": false,
    "player_display": false,
    "spells_learned": [
      [
        "arcana_magic_cold_ward",
        1
      ]
    ]
  },
  {
    "type": "mutation",
    "id": "SPELL_FREEACTION",
    "name": {
      "str": "魔符：自由行动"
    },
    "points": 6,
    "description": "来自远方的力量赋予了你力量，可以保护你免受瘫痪和其他障碍的影响。（（记住绑定“施法”键！）",
    "valid": false,
    "purifiable": false,
    "player_display": false,
    "spells_learned": [
      [
        "arcana_magic_free_action",
        1
      ]
    ]
  },
  {
    "type": "mutation",
    "id": "SPELL_HEAL",
    "name": {
      "str": "魔符：治疗"
    },
    "points": 5,
    "description": "来自远方的力量赋予你治愈身体的力量，尽管过度使用可能会带来后果。（（记住绑定“施法”键！）",
    "valid": false,
    "purifiable": false,
    "player_display": false,
    "spells_learned": [
      [
        "arcana_magic_healing",
        1
      ]
    ]
  },
  {
    "type": "mutation",
    "id": "SPELL_INSIGHT",
    "name": {
      "str": "魔符：洞察力"
    },
    "points": 3,
    "description": "来自远方的力量赋予了你力量，这可以暂时提升你的感知力。（（记住绑定“施法”键！）",
    "valid": false,
    "purifiable": false,
    "player_display": false,
    "spells_learned": [
      [
        "arcana_magic_insight",
        1
      ]
    ]
  },
  {
    "type": "mutation",
    "id": "SPELL_LIGHT",
    "name": {
      "str": "魔符：光"
    },
    "points": 2,
    "description": "来自远方的力量赋予了你召唤一个暂时的光明光环的力量。（（记住绑定“施法”键！）",
    "valid": false,
    "purifiable": false,
    "player_display": false,
    "spells_learned": [
      [
        "arcana_magic_light",
        1
      ]
    ]
  },
  {
    "type": "mutation",
    "id": "SPELL_ELECRESIST",
    "name": {
      "str": "魔符：闪电守卫"
    },
    "points": 4,
    "description": "来自远方的力量赋予了你力量，可以给予你暂时的电力保护。（（记住绑定“施法”键！）",
    "valid": false,
    "purifiable": false,
    "player_display": false,
    "spells_learned": [
      [
        "arcana_magic_lightning_ward",
        1
      ]
    ]
  },
  {
    "type": "mutation",
    "id": "SPELL_STRENGTH",
    "name": {
      "str": "魔符：权能"
    },
    "points": 5,
    "description": "来自远方的力量赋予你力量，这可以提供暂时的力量增强效果。（（记住绑定“施法”键！）",
    "valid": false,
    "purifiable": false,
    "player_display": false,
    "spells_learned": [
      [
        "arcana_magic_might",
        1
      ]
    ]
  },
  {
    "type": "mutation",
    "id": "SPELL_LOCKPICK",
    "name": {
      "str": "魔符：开启"
    },
    "points": 4,
    "description": "来自远方的力量赋予你打开各种锁和路障的权力。（（记住绑定“施法”键！）",
    "valid": false,
    "purifiable": false,
    "player_display": false,
    "spells_learned": [
      [
        "arcana_magic_open_lock",
        1
      ]
    ]
  },
  {
    "type": "mutation",
    "id": "SPELL_PLANTS",
    "name": {
      "str": "魔兆：过度生长"
    },
    "points": 3,
    "description": "来自远方的力量赋予了你力量，让植物从虚无中重生。（（记住绑定“施法”键！）",
    "valid": false,
    "purifiable": false,
    "player_display": false,
    "spells_learned": [
      [
        "arcana_magic_overgrowth",
        1
      ]
    ]
  },
  {
    "type": "mutation",
    "id": "SPELL_POISONARMOR",
    "name": {
      "str": "魔符：毒甲"
    },
    "points": 3,
    "description": "来自远方的力量赋予你力量，可以提供暂时的保护，免受有毒气体和其他毒物的伤害。（（记住绑定“施法”键！）",
    "valid": false,
    "purifiable": false,
    "player_display": false,
    "spells_learned": [
      [
        "arcana_magic_poison_armor",
        1
      ]
    ]
  },
  {
    "type": "mutation",
    "id": "SPELL_SHADOWSNAKES",
    "//": "ID retained to avoid breaking saves.",
    "name": {
      "str": "神符：暗影之盾"
    },
    "points": 6,
    "description": "来自远方的力量赋予了你力量，这是一种防御效果，可以用暗影攻击攻击者。（（记住绑定“施法”键！）",
    "valid": false,
    "purifiable": false,
    "player_display": false,
    "spells_learned": [
      [
        "arcana_magic_serpentine_shield",
        1
      ]
    ]
  },
  {
    "type": "mutation",
    "id": "SPELL_LIGHTNING",
    "name": {
      "str": "魔符：冲击风暴"
    },
    "points": 2,
    "description": "来自远方的力量赋予了你在你周围制造闪电冲击波的能力。（（记住绑定“施法”键！）",
    "valid": false,
    "purifiable": false,
    "player_display": false,
    "spells_learned": [
      [
        "arcana_magic_shockstorm",
        1
      ]
    ]
  },
  {
    "type": "mutation",
    "id": "SPELL_BUGSLESSER",
    "name": {
      "str": "魔符：召唤蜈蚣"
    },
    "points": 6,
    "description": "来自远方的力量赋予了你召唤卑鄙可憎之物的力量。（（记住绑定“施法”键！）",
    "valid": false,
    "purifiable": false,
    "player_display": false,
    "spells_learned": [
      [
        "arcana_magic_summon_giant_centipedes",
        1
      ]
    ]
  },
  {
    "type": "mutation",
    "id": "SPELL_SUMMONDOG",
    "name": {
      "str": "魔符：召唤骷髅狗"
    },
    "points": 3,
    "description": "来自远方的力量赋予了你召唤一只骷髅狗的力量。（（记住绑定“施法”键！）",
    "valid": false,
    "purifiable": false,
    "player_display": false,
    "spells_learned": [
      [
        "arcana_magic_summon_skeletal_dog",
        1
      ]
    ]
  },
  {
    "type": "mutation",
    "id": "SPELL_SUNDERINGQUAKE",
    "name": {
      "str": "魔符：破碎的地震"
    },
    "points": 4,
    "description": "来自远方的力量赋予了你力量去推翻建筑，并把它们埋在瓦砾中。（（记住绑定“施法”键！）",
    "valid": false,
    "purifiable": false,
    "player_display": false,
    "spells_learned": [
      [
        "arcana_magic_sundering_quake",
        1
      ]
    ]
  },
  {
    "type": "mutation",
    "id": "SPELL_DAYLIGHT",
    "//": "ID retained to avoid load errors.",
    "name": {
      "str": "魔符：肾上腺素激增"
    },
    "points": 2,
    "description": "来自超自然的力量赋予了你力量去激起一股令人振奋的冲刺。（（记住绑定“施法”键！）",
    "valid": false,
    "purifiable": false,
    "player_display": false,
    "spells_learned": [
      [
        "arcana_magic_surge_adrenaline",
        1
      ]
    ]
  },
  {
    "type": "mutation",
    "id": "SPELL_CLERIC",
    "name": {
      "str": "魔符：辟邪"
    },
    "points": 5,
    "description": "来自远方的力量赋予了你力量，它可以提供暂时的保护，使你免受各种不正常的影响。（（记住绑定“施法”键！）",
    "valid": false,
    "purifiable": false,
    "player_display": false,
    "spells_learned": [
      [
        "arcana_magic_ward_against_evil",
        1
      ]
    ]
  }
]