[
  {
    "type": "mutation",
    "id": "CANNIBAL",
    "copy-from": "CANNIBAL",
    "extend": {
      "category": [
        "DRAGONBLOOD",
        "SERAPHIC_SIDE_EFFECTS"
      ]
    }
  },
  {
    "type": "mutation",
    "id": "CARNIVORE",
    "copy-from": "CARNIVORE",
    "extend": {
      "category": [
        "DRAGONBLOOD"
      ]
    }
  },
  {
    "type": "mutation",
    "id": "SPIRITUAL",
    "copy-from": "SPIRITUAL",
    "extend": {
      "category": [
        "SERAPHIC_SIDE_EFFECTS"
      ]
    }
  },
  {
    "type": "mutation",
    "id": "TERRIFYING",
    "copy-from": "TERRIFYING",
    "extend": {
      "category": [
        "SERAPHIC_SIDE_EFFECTS"
      ]
    }
  },
  {
    "type": "mutation",
    "id": "MASOCHIST",
    "copy-from": "",
    "extend": {
      "category": [
        "SERAPHIC_SIDE_EFFECTS"
      ]
    }
  },
  {
    "type": "mutation",
    "id": "PSYCHOPATH",
    "copy-from": "PSYCHOPATH",
    "extend": {
      "category": [
        "SERAPHIC_SIDE_EFFECTS"
      ]
    }
  },
  {
    "type": "mutation",
    "id": "KILLER",
    "copy-from": "KILLER",
    "extend": {
      "category": [
        "SERAPHIC_SIDE_EFFECTS"
      ]
    }
  },
  {
    "type": "mutation",
    "id": "INSOMNIA",
    "copy-from": "INSOMNIA",
    "extend": {
      "category": [
        "SERAPHIC_SIDE_EFFECTS"
      ]
    }
  },
  {
    "type": "mutation",
    "id": "ADDICTIVE",
    "copy-from": "ADDICTIVE",
    "extend": {
      "category": [
        "SERAPHIC_SIDE_EFFECTS"
      ]
    }
  },
  {
    "type": "mutation",
    "id": "ANIMALDISCORD",
    "copy-from": "ANIMALDISCORD",
    "extend": {
      "category": [
        "SERAPHIC_SIDE_EFFECTS"
      ]
    }
  },
  {
    "type": "mutation",
    "id": "SCHIZOPHRENIC",
    "copy-from": "SCHIZOPHRENIC",
    "extend": {
      "category": [
        "SERAPHIC_SIDE_EFFECTS"
      ]
    }
  },
  {
    "type": "mutation",
    "id": "JITTERY",
    "copy-from": "JITTERY",
    "extend": {
      "category": [
        "SERAPHIC_SIDE_EFFECTS"
      ]
    }
  },
  {
    "type": "mutation",
    "id": "MOODSWINGS",
    "copy-from": "MOODSWINGS",
    "extend": {
      "category": [
        "SERAPHIC_SIDE_EFFECTS"
      ]
    }
  },
  {
    "type": "mutation",
    "id": "SHOUT1",
    "copy-from": "SHOUT1",
    "extend": {
      "category": [
        "SERAPHIC_SIDE_EFFECTS"
      ]
    }
  },
  {
    "type": "mutation",
    "id": "SHOUT2",
    "copy-from": "SHOUT2",
    "extend": {
      "category": [
        "SERAPHIC_SIDE_EFFECTS"
      ]
    }
  },
  {
    "type": "mutation",
    "id": "PYROMANIA",
    "copy-from": "PYROMANIA",
    "extend": {
      "category": [
        "SERAPHIC_SIDE_EFFECTS"
      ]
    }
  }
]