[
 {
    "type": "GENERIC",
    "id": "wx_apricot_bough",
    "symbol": "/",
    "color": "green",
    "name": "杏树树枝",
    "name_plural" : "杏树树枝",
    "description": "一枝杏树的枝条，可以拿来种植.",
    "material": "wood",
    "weight": 220,
    "volume": "500 ml",
    "to_hit": -2,
    "flags": [ "TRADER_AVOID", "FIREWOOD" ]
  },
  {
   "//": "在建造菜单中种植",
    "type": "construction",
    "description": "种植杏树",
    "category": "FARM_WOOD",
    "required_skills" : [ [ "survival", 2 ] ],
    "time": 30,
    "qualities": [ [ { "id": "DIG", "level": 1 } ] ],
    "components": [ 
    [[ "wx_apricot_bough", 1 ]],
    [
    ["fertilizer_liquid", 2 ],
    ["fertilizer_commercial", 2 ]      
    ]     
      ],
    "pre_flags": "DIGGABLE",
    "//": "per...为需要在土上才能种植",
    "pre_terrain": "t_pit_shallow",
    "post_terrain": "t_treeym_apricot"
  },  
  {
    "type": "terrain",
    "id": "t_treeym_apricot",
    "name": "杏树幼苗",
    "description": "杏树幼苗",
    "symbol": "7",
    "color": [ "light_green", "light_green", "red_green", "brown" ],
    "move_cost": 0,
    "coverage": 80,
    "flags": [ "FLAMMABLE_ASH", "NOITEM", "SUPPORTS_ROOF", "TREE", "REDUCE_SCENT" ],
    "transforms_into": "t_tree_apricot",
    "examine_action": "harvest_ter_nectar",
    "harvest_by_season": [ 
    { "seasons": [ "spring"], 
    "entries": [ 
    { "drop": "apple", "base_num":  [ 0, 0 ], "scaled_num": [ 0, 0.5 ] }     
     ] } 
     ],
    "bash": {
      "str_min": 80,
      "str_max": 180,
      "sound": "crunch!",
      "sound_fail": "whack!",
      "ter_set": "t_dirt",
      "items": [ 
     { "item": "stick_long", "count": [ 1, 1 ] },
     { "item": "splinter", "count": [ 1, 5 ] }
     ]    
     }
  },
{
    "type": "terrain",
    "id": "t_tree_apricot",
    "name": "apricot tree",
    "description": "A transplanted species of 'Prunus armeniaca', rarely found in New England.  It produces apricots in the summer.  If you examined the spurs more closely, you could probably find some mature apricots.  You could also cut it down with the right tools.",
    "symbol": "7",
    "color": [ "light_green", "light_red_green", "light_green", "brown" ],
    "//": "barren in winter, fruits in summer",
    "move_cost": 0,
    "coverage": 80,
    "flags": [ "FLAMMABLE_ASH", "NOITEM", "SUPPORTS_ROOF", "TREE", "REDUCE_SCENT" ],
    "transforms_into": "t_tree_apricot_harvested",
    "examine_action": "harvest_ter_nectar",
    "harvest_by_season": [
    { "seasons": [ "summer" ], 
    "entries": [
    { "drop": "apricot", "base_num": [ 10, 25 ], "scaled_num": [ 0, 0.5 ] },
    { "drop": "wx_apricot_bough", "base_num": [ 1, 2 ], "scaled_num": [ 0, 0.5 ] }
    
      ] } ],
    "bash": {
      "str_min": 80,
      "str_max": 180,
      "sound": "crunch!",
      "sound_fail": "whack!",
      "ter_set": "t_dirt",
      "items": [ 
     {"item": "stick_long", "count": [ 3, 10 ] },
     {"item": "splinter", "count": [ 10, 25 ] },
     {"item": "wx_apricot_bough", "count": [ 1, 5 ] }
      
     ]
    }
  },
  {
    "type": "terrain",
    "id": "t_tree_apricot_harvested",
    "name": "apricot tree",
    "description": "A transplanted species of 'Prunus armeniaca', rarely found in New England.  It produces apricots in the summer.  Looks like all the ripe apricots have been picked.  You could also cut it down with the right tools.",
    "symbol": "7",
    "color": [ "light_green", "light_green", "light_green", "brown" ],
    "//": "barren in winter, no fruits anymore",
    "move_cost": 0,
    "coverage": 80,
    "flags": [ "FLAMMABLE_ASH", "NOITEM", "SUPPORTS_ROOF", "TREE", "REDUCE_SCENT", "HARVESTED" ],
    "examine_action": "harvested_plant",
    "transforms_into": "t_tree_apricot",
    "bash": {
      "str_min": 80,
      "str_max": 180,
      "sound": "crunch!",
      "sound_fail": "whack!",
      "ter_set": "t_dirt",
      "items": [ 
     {"item": "stick_long", "count": [ 3, 10 ] },
     {"item": "splinter", "count": [ 10, 25 ] },
     {"item": "wx_apricot_bough", "count": [ 1, 5 ] } ]
    }
  }
  ]