[ {
    "type": "GENERIC",
    "id": "wx_mulberry_bough",
    "symbol": "/",
    "color": "green",
    "name": "桑树树枝",
    "name_plural" : "桑树树枝",
    "description": "一枝桑树的枝条，可以拿来种植.",
    "material": "wood",
    "weight": 220,
    "volume": "500 ml",
    "to_hit": -2,
    "flags": [ "TRADER_AVOID", "FIREWOOD" ]
  },
  {
   "//": "在建造菜单中种植",
    "type": "construction",
    "description": "种植桑树",
    "category": "FARM_WOOD",
    "required_skills" : [ [ "survival", 2 ] ],
    "time": 30,
    "qualities": [ [ { "id": "DIG", "level": 1 } ] ],
    "components": [ 
    [[ "wx_mulberry_bough", 1 ]],
    [
    ["fertilizer_liquid", 2 ],
    ["fertilizer_commercial", 2 ]      
    ]     
      ],
    "pre_flags": "DIGGABLE",
    "//": "per...为需要在土上才能种植",
    "pre_terrain": "t_pit_shallow",
    "post_terrain": "t_treeym_mulberry"
  },  
  {
    "type": "terrain",
    "id": "t_treeym_mulberry",
    "name": "桑树幼苗",
    "description": "桑树幼苗",
    "symbol": "7",
    "color": [ "light_green", "light_green", "red_green", "brown" ],
    "move_cost": 0,
    "coverage": 80,
    "flags": [ "FLAMMABLE_ASH", "NOITEM", "SUPPORTS_ROOF", "TREE", "REDUCE_SCENT" ],
    "transforms_into": "t_tree_mulberry",
    "examine_action": "harvest_ter_nectar",
    "harvest_by_season": [ 
    { "seasons": [ "spring"], 
    "entries": [ 
    { "drop": "apple", "base_num":  [ 0, 0 ], "scaled_num": [ 0, 0.5 ] }     
     ] } 
     ],
    "bash": {
      "str_min": 80,
      "str_max": 180,
      "sound": "crunch!",
      "sound_fail": "whack!",
      "ter_set": "t_dirt",
      "items": [ 
     { "item": "stick_long", "count": [ 1, 1 ] },
     { "item": "splinter", "count": [ 1, 5 ] }
     ]    
     }
  },

{
    "type": "terrain",
    "id": "t_tree_mulberry",
    "name": "mulberry tree",
    "description": "This tree is a member of the 'Morus' genus, producing fruit commonly known as mulberries.  In the summer many berries can be picked.  You could also cut it down with the right tools.",
    "symbol": "7",
    "color": [ "light_green", "light_green", "red_green", "brown" ],
    "//": "barren in winter, fruits in summer",
    "move_cost": 0,
    "coverage": 80,
    "flags": [ "FLAMMABLE_ASH", "NOITEM", "SUPPORTS_ROOF", "TREE", "REDUCE_SCENT" ],
    "transforms_into": "t_tree_mulberry_harvested",
    "examine_action": "harvest_ter_nectar",
    "looks_like": "t_tree_apple",
    "harvest_by_season": [
      {
        "seasons": [ "summer" ],
        "entries": [
          { "drop": "mulberries", "base_num": [ 15, 30 ], "scaled_num": [ 0, 0.5 ] },
          { "drop": "seed_mulberries", "base_num": [ 3, 5 ], "scaled_num": [ 0, 0.25 ] },
          { "drop": "wx_mulberry_bough", "base_num": [ 1, 2 ], "scaled_num": [ 0, 0.25 ] }
          
        ]
      }
    ],
    "bash": {
      "str_min": 80,
      "str_max": 180,
      "sound": "crunch!",
      "sound_fail": "whack!",
      "ter_set": "t_dirt",
      "items": [ 
     {"item": "stick_long", "count": [ 3, 10 ] },
     {"item": "splinter", "count": [ 10, 25 ] },
     {"item": "wx_mulberry_bough", "count": [ 1, 5 ] }
     
       ]
    }
  },
  {
    "type": "terrain",
    "id": "t_tree_mulberry_harvested",
    "name": "mulberry tree",
    "description": "This tree is a member of the 'Morus' genus, producing fruit commonly known as mulberries.  There doesn't appear to be any ripe mulberries now.  You could also cut it down with the right tools.",
    "symbol": "7",
    "color": [ "light_green", "light_green", "light_green", "brown" ],
    "//": "barren in winter, no fruits anymore",
    "move_cost": 0,
    "coverage": 80,
    "flags": [ "FLAMMABLE_ASH", "NOITEM", "SUPPORTS_ROOF", "TREE", "REDUCE_SCENT", "HARVESTED" ],
    "examine_action": "harvested_plant",
    "transforms_into": "t_tree_mulberry",
    "looks_like": "t_tree_apple_harvested",
    "bash": {
      "str_min": 80,
      "str_max": 180,
      "sound": "crunch!",
      "sound_fail": "whack!",
      "ter_set": "t_dirt",
      "items": [ 
    {"item": "stick_long", "count": [ 3, 10 ] }, 
    {"item": "splinter", "count": [ 10, 25 ] },
    {"item": "wx_mulberry_bough", "count": [ 1, 5 ] }
      ]
    }
  }
]