[
  {
    "id": "CBM_FAILED_BIO",
    "type": "harvest",
    "entries": [
      {
        "drop": "bio_power_storage_mkII",
        "type": "bionic",
        "flags": [ "NO_STERILE", "NO_PACKED" ],
        "faults": [ "fault_bionic_salvaged" ]
      },
      {
        "drop": "bio_power_storage_mkII",
        "type": "bionic",
        "flags": [ "NO_STERILE", "NO_PACKED" ],
        "faults": [ "fault_bionic_salvaged" ]
      },
      {
        "drop": "bionics_failed_bio",
        "type": "bionic_group",
        "flags": [ "NO_STERILE", "NO_PACKED" ],
        "faults": [ "fault_bionic_salvaged" ]
      },
      { "drop": "mutant_human_flesh", "type": "flesh", "mass_ratio": 0.2 },
      { "drop": "hstomach_large", "scale_num": [ 1, 1 ], "max": 1, "type": "offal" },
      { "drop": "mutant_human_fat", "type": "flesh", "mass_ratio": 0.1 },
      { "drop": "bone_human", "type": "bone", "mass_ratio": 0.12 },
      { "drop": "sinew", "type": "bone", "mass_ratio": 0.001 },
      { "drop": "raw_leather", "type": "skin", "mass_ratio": 0.01 }
    ]
  },
  {
    "id": "CBM_FAILED_BIO_ZOMBIE",
    "type": "harvest",
    "entries": [
      {
        "drop": "bio_power_storage_mkII",
        "type": "bionic",
        "flags": [ "FILTHY", "NO_STERILE", "NO_PACKED" ],
        "faults": [ "fault_bionic_salvaged" ]
      },
      {
        "drop": "bio_power_storage_mkII",
        "type": "bionic",
        "flags": [ "FILTHY", "NO_STERILE", "NO_PACKED" ],
        "faults": [ "fault_bionic_salvaged" ]
      },
      {
        "drop": "bionics_failed_bio",
        "type": "bionic_group",
        "flags": [ "FILTHY", "NO_STERILE", "NO_PACKED" ],
        "faults": [ "fault_bionic_salvaged" ]
      },
      { "drop": "meat_tainted", "type": "flesh", "mass_ratio": 0.25 },
      { "drop": "fat_tainted", "type": "flesh", "mass_ratio": 0.08 },
      { "drop": "bone_tainted", "type": "bone", "mass_ratio": 0.1 }
    ]
  },
  {
    "id": "CBM_APOPHIS",
    "type": "harvest",
    "entries": [
      {
        "drop": "bio_power_storage_mkII",
        "type": "bionic",
        "flags": [ "NO_STERILE", "NO_PACKED" ],
        "faults": [ "fault_bionic_salvaged" ]
      },
      {
        "drop": "bio_power_storage_mkII",
        "type": "bionic",
        "flags": [ "NO_STERILE", "NO_PACKED" ],
        "faults": [ "fault_bionic_salvaged" ]
      },
      {
        "drop": "bio_power_storage_mkII",
        "type": "bionic",
        "flags": [ "NO_STERILE", "NO_PACKED" ],
        "faults": [ "fault_bionic_salvaged" ]
      },
      {
        "drop": "bionics_apophis",
        "type": "bionic_group",
        "flags": [ "NO_STERILE", "NO_PACKED" ],
        "faults": [ "fault_bionic_salvaged" ]
      },
      {
        "drop": "bionics_apophis",
        "type": "bionic_group",
        "flags": [ "NO_STERILE", "NO_PACKED" ],
        "faults": [ "fault_bionic_salvaged" ]
      },
      {
        "drop": "bionics_apophis",
        "type": "bionic_group",
        "flags": [ "NO_STERILE", "NO_PACKED" ],
        "faults": [ "fault_bionic_salvaged" ]
      },
      { "drop": "mutant_human_flesh", "type": "flesh", "mass_ratio": 0.2 },
      { "drop": "hstomach_large", "scale_num": [ 1, 1 ], "max": 1, "type": "offal" },
      { "drop": "mutant_human_fat", "type": "flesh", "mass_ratio": 0.1 },
      { "drop": "bone_human", "type": "bone", "mass_ratio": 0.12 },
      { "drop": "sinew", "type": "bone", "mass_ratio": 0.001 },
      { "drop": "raw_leather", "type": "skin", "mass_ratio": 0.01 }
    ]
  },
  {
    "id": "CBM_SOLDAT_ZOMBIE",
    "type": "harvest",
    "entries": [
      {
        "drop": "bio_power_storage_mkII",
        "type": "bionic",
        "flags": [ "FILTHY", "NO_STERILE", "NO_PACKED" ],
        "faults": [ "fault_bionic_salvaged" ]
      },
      {
        "drop": "bionics_soldat_zombie",
        "type": "bionic_group",
        "flags": [ "FILTHY", "NO_STERILE", "NO_PACKED" ],
        "faults": [ "fault_bionic_salvaged" ]
      },
      { "drop": "meat_tainted", "type": "flesh", "mass_ratio": 0.25 },
      { "drop": "fat_tainted", "type": "flesh", "mass_ratio": 0.08 },
      { "drop": "bone_tainted", "type": "bone", "mass_ratio": 0.1 }
    ]
  },
  {
    "id": "CBM_SOLDAT_KNIGHT_ZOMBIE",
    "type": "harvest",
    "entries": [
      {
        "drop": "bio_power_storage_mkII",
        "type": "bionic",
        "flags": [ "FILTHY", "NO_STERILE", "NO_PACKED" ],
        "faults": [ "fault_bionic_salvaged" ]
      },
      {
        "drop": "bionics_soldat_knight_zombie",
        "type": "bionic_group",
        "flags": [ "FILTHY", "NO_STERILE", "NO_PACKED" ],
        "faults": [ "fault_bionic_salvaged" ]
      },
      { "drop": "meat_tainted", "type": "flesh", "mass_ratio": 0.25 },
      { "drop": "fat_tainted", "type": "flesh", "mass_ratio": 0.08 },
      { "drop": "bone_tainted", "type": "bone", "mass_ratio": 0.1 }
    ]
  },
  {
    "id": "CBM_SOLDAT_SNIPER_ZOMBIE",
    "type": "harvest",
    "entries": [
      {
        "drop": "bio_power_storage_mkII",
        "type": "bionic",
        "flags": [ "FILTHY", "NO_STERILE", "NO_PACKED" ],
        "faults": [ "fault_bionic_salvaged" ]
      },
      {
        "drop": "bionics_soldat_sniper_zombie",
        "type": "bionic_group",
        "flags": [ "FILTHY", "NO_STERILE", "NO_PACKED" ],
        "faults": [ "fault_bionic_salvaged" ]
      },
      { "drop": "meat_tainted", "type": "flesh", "mass_ratio": 0.25 },
      { "drop": "fat_tainted", "type": "flesh", "mass_ratio": 0.08 },
      { "drop": "bone_tainted", "type": "bone", "mass_ratio": 0.1 }
    ]
  },
  {
    "id": "CBM_SOLDAT_TOOL_ZOMBIE",
    "type": "harvest",
    "entries": [
      {
        "drop": "bio_power_storage_mkII",
        "type": "bionic",
        "flags": [ "FILTHY", "NO_STERILE", "NO_PACKED" ],
        "faults": [ "fault_bionic_salvaged" ]
      },
      {
        "drop": "bionics_soldat_tool_zombie",
        "type": "bionic_group",
        "flags": [ "FILTHY", "NO_STERILE", "NO_PACKED" ],
        "faults": [ "fault_bionic_salvaged" ]
      },
      { "drop": "meat_tainted", "type": "flesh", "mass_ratio": 0.25 },
      { "drop": "fat_tainted", "type": "flesh", "mass_ratio": 0.08 },
      { "drop": "bone_tainted", "type": "bone", "mass_ratio": 0.1 }
    ]
  }
]
