[
  {
    "id": "mon_zombie_failed_weapon",
    "type": "MONSTER",
    "name": "zombie failed Bio-Weapon",
    "description": "A zombie bionic mutant.  One of the more enhanced zombies.  Dangerous on its own but even more so in groups.",
    "default_faction": "zombie",
    "species": [ "ZOMBIE" ],
    "diff": 25,
    "size": "MEDIUM",
    "hp": 150,
    "speed": 90,
    "material": [ "flesh" ],
    "symbol": "Z",
    "color": "red_cyan",
    "aggression": 0,
    "morale": 100,
    "melee_skill": 4,
    "melee_dice": 3,
    "melee_dice_sides": 4,
    "melee_cut": 3,
    "dodge": 0,
    "armor_bash": 4,
    "armor_cut": 5,
    "armor_stab": 3,
    "armor_acid": 4,
    "armor_fire": 3,
    "vision_day": 40,
    "vision_night": 3,
    "luminance": 12,
    "regenerates": 4,
    "harvest": "CBM_FAILED_BIO_ZOMBIE",
    "special_attacks": [ [ "SHOCKSTORM", 10 ], [ "PARROT", 50 ], { "type": "bite", "cooldown": 5 } ],
    "special_when_hit": [ "ZAPBACK", 60 ],
    "anger_triggers": [ "FRIEND_DIED", "FRIEND_ATTACKED", "HURT", "STALK", "PLAYER_CLOSE" ],
    "fear_triggers": [ "FIRE" ],
    "death_drops": "wild_bio_weapom_item",
    "death_function": [ "ACID", "NORMAL" ],
    "flags": [
      "SEES",
      "HEARS",
      "SMELLS",
      "STUMBLES",
      "POISON",
      "ELECTRIC",
      "BASHES",
      "GROUP_BASH",
      "NO_BREATHE",
      "REVIVES",
      "FILTHY"
    ]
  },
  {
    "id": "mon_failed_weapon",
    "type": "MONSTER",
    "name": "failed Bio-Weapon",
    "description": "A walking bionic mutant.  Deformed from its \"enhancements\", and jealous of your existence, it hunts and kills whatever it finds.",
    "default_faction": "fbio-weapon",
    "species": [ "FBIO-WEAPON" ],
    "diff": 25,
    "size": "MEDIUM",
    "hp": 200,
    "speed": 100,
    "material": [ "flesh" ],
    "symbol": "B",
    "color": "red_cyan",
    "aggression": 100,
    "morale": 100,
    "melee_skill": 6,
    "melee_dice": 4,
    "melee_dice_sides": 5,
    "melee_cut": 4,
    "dodge": 2,
    "armor_bash": 8,
    "armor_cut": 12,
    "armor_stab": 6,
    "armor_acid": 8,
    "armor_fire": 6,
    "vision_day": 40,
    "vision_night": 3,
    "path_settings": { "max_dist": 50 },
    "luminance": 14,
    "regenerates": 5,
    "harvest": "CBM_FAILED_BIO",
    "special_attacks": [ [ "SHOCKSTORM", 15 ], [ "PARROT", 80 ] ],
    "special_when_hit": [ "ZAPBACK", 75 ],
    "death_drops": "wild_bio_weapom_item",
    "death_function": [ "ACID", "NORMAL" ],
    "flags": [
      "SEES",
      "HEARS",
      "SMELLS",
      "WARM",
      "HUMAN",
      "ELECTRIC",
      "BASHES",
      "GROUP_BASH",
      "PATH_AVOID_DANGER_2"
    ]
  },
  {
    "id": "hulk_weapon",
    "type": "MONSTER",
    "name": "Bio-Weapon Apophis",
    "description": "The ultimate bionic mutant.  Only God knows why it exists.  With incredible power, armor and bionics on its side, victory won't come easy.",
    "default_faction": "fbio-weapon",
    "species": [ "BIO-WEAPON" ],
    "diff": 75,
    "size": "HUGE",
    "hp": 5000,
    "speed": 80,
    "material": [ "flesh" ],
    "symbol": "A",
    "color": "red_cyan",
    "aggression": 100,
    "morale": 100,
    "melee_skill": 10,
    "melee_dice": 10,
    "melee_dice_sides": 10,
    "melee_cut": 10,
    "dodge": 2,
    "armor_bash": 35,
    "armor_cut": 40,
    "armor_stab": 20,
    "armor_acid": 35,
    "armor_fire": 20,
    "vision_day": 50,
    "vision_night": 30,
    "path_settings": { "max_dist": 50 },
    "luminance": 30,
    "regenerates": 10,
    "starting_ammo": { "generic_no_ammo": 1000 },
    "harvest": "CBM_APOPHIS",
    "special_attacks": [
      [ "SHOCKSTORM", 15 ],
      [ "TAZER", 15 ],
      [ "PARROT", 80 ],
      [ "SMASH", 20 ],
      [ "BIO_OP_TAKEDOWN", 10 ],
      {
        "type": "gun",
        "cooldown": 5,
        "move_cost": 100,
        "gun_type": "bio_blaster_gun",
        "fake_skills": [ [ "gun", 10 ], [ "rifle", 8 ] ],
        "fake_str": 8,
        "fake_dex": 10,
        "fake_per": 10,
        "max_ammo": 1000,
        "ranges": [ [ 20, 30, "DEFAULT" ] ],
        "targeting_cost": 50,
        "targeting_sound": "swoosh...click!",
        "targeting_volume": 20,
        "description": "Apophis fires its fusion blaster!",
        "no_ammo_sound": "clickclickclick!"
      }
    ],
    "special_when_hit": [ "ZAPBACK", 75 ],
    "death_drops": "apophis_bio_weapom_item",
    "death_function": [ "ACID", "NORMAL", "EXPLODE" ],
    "flags": [
      "SEES",
      "HEARS",
      "GOODHEARING",
      "SMELLS",
      "WARM",
      "HUMAN",
      "PUSH_MON",
      "ELECTRIC",
      "GRABS",
      "BASHES",
      "GROUP_BASH",
      "DESTROYS",
      "PATH_AVOID_DANGER_2",
      "PRIORITIZE_TARGETS"
    ]
  },
  {
    "id": "mon_fungus_failed_weapon",
    "type": "MONSTER",
    "name": "fungal failed Bio-Weapon",
    "description": "This... thing is a failed experiment of science, whose biology has been overtaken by the fungus.  Has various enhancements, both mutagenic and bionic, that it uses to serve its new overlord(s).",
    "default_faction": "fungus",
    "species": [ "FUNGUS" ],
    "diff": 25,
    "size": "MEDIUM",
    "hp": 100,
    "speed": 80,
    "material": [ "veggy" ],
    "symbol": "F",
    "color": "red_cyan",
    "aggression": 0,
    "morale": 100,
    "melee_skill": 2,
    "melee_dice": 2,
    "melee_dice_sides": 2,
    "melee_cut": 2,
    "dodge": 0,
    "armor_bash": 7,
    "armor_cut": 11,
    "armor_stab": 5,
    "armor_acid": 7,
    "armor_fire": 5,
    "vision_day": 40,
    "vision_night": 3,
    "luminance": 5,
    "harvest": "CBM_FAILED_BIO",
    "regenerates": 4,
    "special_attacks": [
      [ "SHOCKSTORM", 10 ],
      [ "PARROT", 50 ],
      [ "FUNGUS", 200 ],
      { "type": "bite", "cooldown": 5 },
      [ "FUNGUS_HAZE", 25 ],
      [ "FUNGUS_INJECT", 40 ],
      [ "FUNGUS_BRISTLE", 40 ]
    ],
    "special_when_hit": [ "ZAPBACK", 60 ],
    "anger_triggers": [ "FRIEND_DIED", "FRIEND_ATTACKED", "HURT", "STALK", "PLAYER_CLOSE" ],
    "fear_triggers": [ "FIRE" ],
    "placate_triggers": [ "PLAYER_WEAK" ],
    "death_drops": "wild_bio_weapom_item",
    "death_function": [ "ACID", "FUNGUS", "NORMAL" ],
    "flags": [
      "SEES",
      "HEARS",
      "SMELLS",
      "STUMBLES",
      "ELECTRIC",
      "ATTACKMON",
      "BASHES",
      "GROUP_BASH",
      "PUSH_MON",
      "FILTHY"
    ]
  },
  {
    "id": "mon_zombie_bio_infantry_rifle",
    "type": "MONSTER",
    "looks_like": "mon_zombie_bio_infantry",
    "name": "zombie super soldier",
    "description": "A zombie of a former member of the military.  This one wields a particular rifle and bionics and appears to know how to use them.",
    "default_faction": "super_soldat",
    "species": [ "ZOMBIE" ],
    "diff": 25,
    "size": "MEDIUM",
    "hp": 100,
    "speed": 100,
    "material": [ "flesh" ],
    "symbol": "Z",
    "color": "red_cyan",
    "aggression": 0,
    "morale": 100,
    "melee_skill": 5,
    "melee_dice": 2,
    "melee_dice_sides": 6,
    "melee_cut": 2,
    "dodge": 3,
    "armor_bash": 10,
    "armor_cut": 18,
    "armor_stab": 10,
    "armor_acid": 5,
    "armor_fire": 5,
    "vision_day": 40,
    "vision_night": 15,
    "path_settings": { "max_dist": 10 },
    "luminance": 2,
    "regenerates": 1,
    "regen_morale": true,
    "starting_ammo": { "battery": 5000 },
    "harvest": "CBM_SOLDAT_ZOMBIE",
    "special_attacks": [
      {
        "type": "gun",
        "cooldown": 3,
        "move_cost": 300,
        "gun_type": "arc_laser_rifle_monster",
        "ammo_type": "battery",
        "fake_str": 4,
        "fake_dex": 5,
        "fake_per": 3,
        "fake_int": 1,
        "max_ammo": 5000,
        "ranges": [ [ 5, 20, "DEFAULT" ], [ 5, 20, "BURST" ], [ 5, 20, "AUTO" ] ],
        "require_targeting_player": true,
        "require_targeting_npc": true,
        "require_targeting_monster": true,
        "targeting_cost": 100,
        "targeting_sound": "argh!",
        "targeting_volume": 5,
        "description": "The super soldier fires its ARC rifle!",
        "no_ammo_sound": "beep-beep-beep!"
      },
      [ "GRAB", 5 ],
      [ "SMASH", 20 ]
    ],
    "special_when_hit": [ "ZAPBACK", 60 ],
    "anger_triggers": [ "FRIEND_DIED", "FRIEND_ATTACKED", "HURT", "STALK", "PLAYER_CLOSE" ],
    "placate_triggers": [ "PLAYER_WEAK" ],
    "death_drops": "wild_bio_infantry_rifle",
    "death_function": [ "NORMAL" ],
    "flags": [ "SEES", "HEARS", "SMELLS", "POISON", "NO_BREATHE", "FILTHY", "PATH_AVOID_DANGER_1" ]
  },
  {
    "id": "mon_zombie_bio_infantry_shotgun",
    "type": "MONSTER",
    "looks_like": "mon_zombie_bio_infantry",
    "name": "zombie super soldier",
    "description": "A zombie of a former member of the military.  This one wields a particular shotgun and bionics and appears to know how to use them.",
    "default_faction": "super_soldat",
    "species": [ "ZOMBIE" ],
    "diff": 25,
    "size": "MEDIUM",
    "hp": 100,
    "speed": 100,
    "material": [ "flesh" ],
    "symbol": "Z",
    "color": "red_cyan",
    "aggression": 0,
    "morale": 100,
    "melee_skill": 5,
    "melee_dice": 2,
    "melee_dice_sides": 6,
    "melee_cut": 2,
    "dodge": 3,
    "armor_bash": 10,
    "armor_cut": 18,
    "armor_stab": 10,
    "armor_acid": 5,
    "armor_fire": 5,
    "vision_day": 40,
    "vision_night": 15,
    "path_settings": { "max_dist": 10 },
    "luminance": 2,
    "regenerates": 1,
    "regen_morale": true,
    "starting_ammo": { "battery": 5000 },
    "harvest": "CBM_SOLDAT_ZOMBIE",
    "special_attacks": [
      {
        "type": "gun",
        "cooldown": 3,
        "move_cost": 300,
        "gun_type": "xarm_laser_shotgun_monster",
        "ammo_type": "battery",
        "fake_str": 4,
        "fake_dex": 5,
        "fake_per": 3,
        "fake_int": 1,
        "max_ammo": 5000,
        "ranges": [ [ 2, 10, "DEFAULT" ], [ 2, 10, "BURST" ] ],
        "require_targeting_player": true,
        "require_targeting_npc": true,
        "require_targeting_monster": true,
        "targeting_cost": 100,
        "targeting_sound": "argh!",
        "targeting_volume": 5,
        "description": "The super soldier fires its XARM scattergun!",
        "no_ammo_sound": "beep-beep-beep!"
      },
      [ "GRAB", 5 ],
      [ "SMASH", 20 ]
    ],
    "special_when_hit": [ "ZAPBACK", 60 ],
    "anger_triggers": [ "FRIEND_DIED", "FRIEND_ATTACKED", "HURT", "STALK", "PLAYER_CLOSE" ],
    "placate_triggers": [ "PLAYER_WEAK" ],
    "death_drops": "wild_bio_infantry_shotgun",
    "death_function": [ "NORMAL" ],
    "flags": [ "SEES", "HEARS", "SMELLS", "POISON", "NO_BREATHE", "FILTHY", "PATH_AVOID_DANGER_1" ]
  },
  {
    "id": "mon_zombie_bio_knight_lmg",
    "type": "MONSTER",
    "looks_like": "mon_zombie_bio_knight",
    "name": "zombie super juggernaut",
    "description": "A zombie of a former member of the military.  This one wields a particular LMG, bionics, and armor, and appears to know how to use them.",
    "default_faction": "super_soldat",
    "species": [ "ZOMBIE" ],
    "diff": 25,
    "size": "MEDIUM",
    "hp": 100,
    "speed": 80,
    "material": [ "flesh" ],
    "symbol": "Z",
    "color": "red_cyan",
    "aggression": 0,
    "morale": 100,
    "melee_skill": 7,
    "melee_dice": 3,
    "melee_dice_sides": 6,
    "melee_damage": [ { "damage_type": "electric", "amount": 4 } ],
    "melee_cut": 2,
    "dodge": 3,
    "armor_bash": 12,
    "armor_cut": 25,
    "armor_stab": 12,
    "armor_acid": 6,
    "armor_fire": 6,
    "vision_day": 40,
    "vision_night": 3,
    "luminance": 2,
    "regenerates": 3,
    "regen_morale": true,
    "starting_ammo": { "battery": 10000 },
    "harvest": "CBM_SOLDAT_KNIGHT_ZOMBIE",
    "special_attacks": [
      {
        "type": "gun",
        "cooldown": 5,
        "move_cost": 350,
        "gun_type": "krx_laser_lmg_monster",
        "ammo_type": "battery",
        "fake_str": 4,
        "fake_dex": 3,
        "fake_per": 3,
        "max_ammo": 10000,
        "ranges": [ [ 10, 25, "DEFAULT" ], [ 10, 25, "BURST" ], [ 10, 25, "AUTO" ] ],
        "require_targeting_player": true,
        "require_targeting_npc": true,
        "require_targeting_monster": true,
        "targeting_cost": 200,
        "targeting_sound": "swoosh...click!",
        "targeting_volume": 20,
        "description": "The super soldier fires its LMG!",
        "no_ammo_sound": "beep-beep-beep!"
      },
      [ "GRAB", 5 ],
      [ "SMASH", 30 ],
      [ "BIO_OP_TAKEDOWN", 20 ],
      [ "GRAB_DRAG", 10 ]
    ],
    "special_when_hit": [ "ZAPBACK", 60 ],
    "anger_triggers": [ "FRIEND_DIED", "HURT", "PLAYER_CLOSE", "STALK" ],
    "death_drops": "wild_bio_knight_lmg",
    "death_function": [ "NORMAL" ],
    "flags": [ "SEES", "HEARS", "SMELLS", "POISON", "NO_BREATHE", "BONES", "FILTHY" ]
  },
  {
    "id": "mon_zombie_bio_knight_lauhcher",
    "type": "MONSTER",
    "looks_like": "mon_zombie_bio_knight",
    "name": "zombie super juggernaut",
    "description": "A zombie of a former member of the military.  This one wields a particular launcher, bionics, and armor,  and appears to know how to use them.  Run.",
    "default_faction": "super_soldat",
    "species": [ "ZOMBIE" ],
    "diff": 25,
    "size": "MEDIUM",
    "hp": 100,
    "speed": 80,
    "material": [ "flesh" ],
    "symbol": "Z",
    "color": "red_cyan",
    "aggression": 0,
    "morale": 100,
    "melee_skill": 7,
    "melee_dice": 3,
    "melee_dice_sides": 6,
    "melee_damage": [ { "damage_type": "electric", "amount": 4 } ],
    "melee_cut": 2,
    "dodge": 3,
    "armor_bash": 12,
    "armor_cut": 25,
    "armor_stab": 12,
    "armor_acid": 6,
    "armor_fire": 6,
    "vision_day": 40,
    "vision_night": 3,
    "luminance": 2,
    "regenerates": 3,
    "regen_morale": true,
    "starting_ammo": { "battery": 500 },
    "harvest": "CBM_SOLDAT_KNIGHT_ZOMBIE",
    "special_attacks": [
      {
        "type": "gun",
        "cooldown": 5,
        "move_cost": 400,
        "gun_type": "mk_ionic_cannon_monster",
        "ammo_type": "battery",
        "fake_str": 4,
        "fake_dex": 3,
        "fake_per": 3,
        "max_ammo": 500,
        "ranges": [ [ 15, 30, "DEFAULT" ] ],
        "require_targeting_player": true,
        "require_targeting_npc": true,
        "require_targeting_monster": true,
        "laser_lock": true,
        "targeting_cost": 200,
        "targeting_sound": "swoosh...click!",
        "targeting_volume": 20,
        "description": "The super soldier fires its launcher!",
        "no_ammo_sound": "beep-beep-beep!"
      },
      [ "GRAB", 5 ],
      [ "SMASH", 30 ],
      [ "BIO_OP_TAKEDOWN", 20 ],
      [ "GRAB_DRAG", 10 ]
    ],
    "special_when_hit": [ "ZAPBACK", 60 ],
    "anger_triggers": [ "FRIEND_DIED", "HURT", "PLAYER_CLOSE", "STALK" ],
    "death_drops": "wild_bio_knight_launcher",
    "death_function": [ "NORMAL" ],
    "flags": [ "SEES", "HEARS", "SMELLS", "POISON", "NO_BREATHE", "BONES", "FILTHY" ]
  },
  {
    "id": "mon_zombie_bio_scout_sniper",
    "type": "MONSTER",
    "looks_like": "mon_zombie_bio_scout",
    "name": "zombie super scout",
    "description": "A zombie of a former member of the military.  This one wields a particular rifle and bionics and appears to know how to use them.  For some reson it seems to just be watching you, as if waiting for you to make a move...",
    "default_faction": "super_soldat",
    "species": [ "ZOMBIE" ],
    "diff": 25,
    "size": "MEDIUM",
    "hp": 100,
    "speed": 100,
    "material": [ "flesh" ],
    "symbol": "Z",
    "color": "red_cyan",
    "aggression": 0,
    "morale": 100,
    "melee_skill": 5,
    "melee_dice": 2,
    "melee_dice_sides": 6,
    "melee_cut": 2,
    "dodge": 3,
    "armor_bash": 10,
    "armor_cut": 18,
    "armor_stab": 10,
    "armor_acid": 5,
    "armor_fire": 5,
    "vision_day": 40,
    "vision_night": 40,
    "path_settings": { "max_dist": 20 },
    "luminance": 2,
    "regenerates": 1,
    "regen_morale": true,
    "starting_ammo": { "battery": 5000 },
    "harvest": "CBM_SOLDAT_SNIPER_ZOMBIE",
    "special_attacks": [
      {
        "type": "gun",
        "cooldown": 3,
        "move_cost": 400,
        "gun_type": "laser_sniper_monster",
        "ammo_type": "battery",
        "fake_str": 4,
        "fake_dex": 5,
        "fake_per": 4,
        "max_ammo": 5000,
        "ranges": [ [ 10, 30, "DEFAULT" ] ],
        "require_targeting_player": true,
        "require_targeting_npc": true,
        "require_targeting_monster": true,
        "laser_lock": true,
        "targeting_cost": 200,
        "targeting_sound": "hhhmmmmm",
        "targeting_volume": 5,
        "description": "The super scout fires its rifle!",
        "no_ammo_sound": "beep-beep-beep!"
      },
      [ "GRAB", 5 ],
      [ "SMASH", 20 ]
    ],
    "special_when_hit": [ "ZAPBACK", 60 ],
    "anger_triggers": [ "FRIEND_DIED", "HURT", "PLAYER_CLOSE", "STALK" ],
    "placate_triggers": [ "PLAYER_WEAK" ],
    "death_drops": "wild_bio_scout_sniper",
    "death_function": [ "NORMAL" ],
    "flags": [ "SEES", "HEARS", "SMELLS", "POISON", "NO_BREATHE", "FILTHY", "PATH_AVOID_DANGER_1" ]
  },
  {
    "id": "mon_zombie_bio_tool_pistol",
    "type": "MONSTER",
    "looks_like": "mon_zombie_bio_tool",
    "name": "zombie super bio-engineer",
    "description": "A zombie of a former member of the military.  This one wields a particular pistol and bionics and appears to know how to use them.",
    "default_faction": "super_soldat",
    "species": [ "ZOMBIE" ],
    "diff": 25,
    "size": "MEDIUM",
    "hp": 100,
    "speed": 100,
    "material": [ "flesh" ],
    "symbol": "Z",
    "color": "red_cyan",
    "aggression": 0,
    "morale": 100,
    "melee_skill": 3,
    "melee_dice": 2,
    "melee_dice_sides": 4,
    "melee_cut": 2,
    "dodge": 3,
    "armor_bash": 10,
    "armor_cut": 15,
    "armor_stab": 10,
    "armor_acid": 5,
    "armor_fire": 5,
    "vision_day": 40,
    "vision_night": 15,
    "path_settings": { "max_dist": 30 },
    "luminance": 2,
    "regenerates": 3,
    "regen_morale": true,
    "starting_ammo": { "battery": 1000 },
    "harvest": "CBM_SOLDAT_TOOL_ZOMBIE",
    "special_attacks": [
      {
        "type": "gun",
        "cooldown": 1,
        "move_cost": 150,
        "gun_type": "neo_laser_pistol_monster",
        "ammo_type": "battery",
        "fake_str": 3,
        "fake_dex": 4,
        "fake_per": 5,
        "max_ammo": 1000,
        "ranges": [ [ 1, 10, "DEFAULT" ] ],
        "require_targeting_player": true,
        "require_targeting_npc": true,
        "require_targeting_monster": true,
        "targeting_cost": 100,
        "targeting_sound": "argh!",
        "targeting_volume": 5,
        "description": "The super soldier fires its pistol!",
        "no_ammo_sound": "beep-beep-beep!"
      },
      [ "GRAB", 5 ],
      [ "SMASH", 10 ]
    ],
    "special_when_hit": [ "ZAPBACK", 60 ],
    "anger_triggers": [ "FRIEND_DIED", "FRIEND_ATTACKED", "HURT", "STALK", "PLAYER_CLOSE" ],
    "placate_triggers": [ "PLAYER_WEAK" ],
    "death_drops": "wild_bio_tool_pistol",
    "death_function": [ "NORMAL" ],
    "flags": [ "SEES", "HEARS", "SMELLS", "POISON",  "NO_BREATHE", "FILTHY", "PATH_AVOID_DANGER_2" ]
  },
  {
    "id": "mon_zombie_bio_tool_smg",
    "type": "MONSTER",
    "looks_like": "mon_zombie_bio_tool",
    "name": "zombie super bio-engineer",
    "description": "A zombie of a former member of the military.  This one wields a particular smg and bionics and appears to know how to use them.",
    "default_faction": "super_soldat",
    "species": [ "ZOMBIE" ],
    "diff": 25,
    "size": "MEDIUM",
    "hp": 100,
    "speed": 100,
    "material": [ "flesh" ],
    "symbol": "Z",
    "color": "red_cyan",
    "aggression": 0,
    "morale": 100,
    "melee_skill": 3,
    "melee_dice": 2,
    "melee_dice_sides": 4,
    "melee_cut": 2,
    "dodge": 3,
    "armor_bash": 10,
    "armor_cut": 15,
    "armor_stab": 10,
    "armor_acid": 5,
    "armor_fire": 5,
    "vision_day": 40,
    "vision_night": 15,
    "path_settings": { "max_dist": 30 },
    "luminance": 2,
    "regenerates": 3,
    "regen_morale": true,
    "starting_ammo": { "battery": 1000 },
    "harvest": "CBM_SOLDAT_TOOL_ZOMBIE",
    "special_attacks": [
      {
        "type": "gun",
        "cooldown": 1,
        "move_cost": 150,
        "gun_type": "akro_laser_smg_monster",
        "ammo_type": "battery",
        "fake_str": 3,
        "fake_dex": 4,
        "fake_per": 5,
        "max_ammo": 1000,
        "ranges": [ [ 1, 10, "DEFAULT" ], [ 1, 10, "BURST" ], [ 1, 10, "AUTO" ] ],
        "require_targeting_player": true,
        "require_targeting_npc": true,
        "require_targeting_monster": true,
        "targeting_cost": 100,
        "targeting_sound": "argh!",
        "targeting_volume": 5,
        "description": "The super soldier fires its smg!",
        "no_ammo_sound": "beep-beep-beep!"
      },
      [ "GRAB", 5 ],
      [ "SMASH", 10 ]
    ],
    "special_when_hit": [ "ZAPBACK", 60 ],
    "anger_triggers": [ "FRIEND_DIED", "FRIEND_ATTACKED", "HURT", "STALK", "PLAYER_CLOSE" ],
    "placate_triggers": [ "PLAYER_WEAK" ],
    "death_drops": "wild_bio_tool_smg",
    "death_function": [ "NORMAL" ],
    "flags": [ "SEES", "HEARS", "SMELLS", "POISON", "NO_BREATHE", "FILTHY", "PATH_AVOID_DANGER_2" ]
  }
]
