[
  {
    "id": "neo_laser_pistol_monster",
    "copy-from": "neo_laser_pistol",
    "type": "GUN",
    "name": "zombie super soldier pistol",
    "description": "Version of the NEO-33 for use by monsters.  This is a bug if you find one of these!",
    "dispersion": 2500,
    "sight_dispersion": 500
  },
  {
    "id": "akro_laser_smg_monster",
    "copy-from": "akro_laser_smg",
    "type": "GUN",
    "name": "zombie super soldier smg",
    "description": "Version of the AKRO-388 for use by monsters.  This is a bug if you find one of these!",
    "dispersion": 2000,
    "sight_dispersion": 500
  },
  {
    "id": "arc_laser_rifle_monster",
    "copy-from": "arc_laser_rifle",
    "type": "GUN",
    "name": "zombie super soldier rifle",
    "description": "Version of the ARC-314 for use by monsters.  This is a bug if you find one of these!",
    "dispersion": 2000,
    "sight_dispersion": 500,
    "burst": 3
  },
  {
    "id": "krx_laser_lmg_monster",
    "copy-from": "krx_laser_lmg",
    "type": "GUN",
    "name": "zombie super soldier LMG",
    "description": "Version of the KRX-108 for use by monsters, to account for increased accuracy of ranged attacks.  This is a bug if you find one of these!",
    "//": "Again, very heavy nerfing to ensure the player has even a chance of not getting hit.",
    "dispersion": 2500,
    "sight_dispersion": 500,
    "burst": 5
  },
  {
    "id": "laser_sniper_monster",
    "copy-from": "mx_laser_sniper",
    "type": "GUN",
    "name": "zombie super soldier sniper",
    "description": "Version of the MX-84 for use by monsters, to account for increased accuracy of ranged attacks.  This is a bug if you find one of these!",
    "//": "Less severe nerfing, the entire point of laser sniper is that it has a high chance of hitting.",
    "dispersion": 1500,
    "sight_dispersion": 250
  },
  {
    "id": "xarm_laser_shotgun_monster",
    "copy-from": "xarm_laser_shotgun",
    "type": "GUN",
    "name": "zombie super soldier shotgun",
    "description": "Version of the XARM-37 for use by monsters.  This is a bug if you find one of these!",
    "dispersion": 1500,
    "sight_dispersion": 250
  },
  {
    "id": "mk_ionic_cannon_monster",
    "copy-from": "mx_laser_sniper",
    "type": "GUN",
    "name": "zombie super soldier sniper",
    "description": "Version of the MK-2 for use by monsters, to account for increased accuracy of ranged attacks.  Copies from MX-84 instead because for some wacky reason the MK2 itself doesn't work right in the hands of monsters.  This is a bug if you find one of these!",
    "skill": "launcher",
    "dispersion": 2500,
    "sight_dispersion": 500,
    "ammo_effects": [ "PLASMA", "EXPLOSIVE_HUGE", "STREAM_BIG", "INCENDIARY", "WIDE", "EMP", "FLASHBANG" ]
  }
]
