[
  {
    "id": "flintlock_ammo_mine",
    "copy-from": "flintlock_ammo",
    "type": "AMMO",
    "name": "paper Minie ball cartridge",
    "//": "meant as a companion to the Survivor's Flintlock Sniper.",
    "description": "A paper cartridge containing black powder and a Minie ball.  A paper enclosed version of the historic projectile of the USA Civil war.  The Minie ball is still as deadly and accurate as ever.",
    "weight": 55,
    "price": 5000,
    "proportional": { "dispersion": 0.89 },
    "relative": { "recoil": 300, "range": 19 }
  }
]
