[
  {
    "id": "surv_223_mag",
    "type": "MAGAZINE",
    "name": "survivor's .223 magazine",
    "//": "Allows more storage options.",
    "description": "A magazine built for the survivor's .223 assault rifle.  Although well-made, it does not fit STANAG specifications, and still falls short of the real deal in terms of reliablility.",
    "weight": 400,
    "volume": 2,
    "price": 8000,
    "material": "steel",
    "symbol": "#",
    "color": "ltgray",
    "ammo_type": "223",
    "capacity": 20,
    "reliability": 6,
    "reload_time": 100,
    "flags": [ "MAG_COMPACT" ]
  },
  {
    "id": "surv_762_mag",
    "type": "MAGAZINE",
    "name": "survivor's 7.62x39 magazine",
    "description": "A magazine built for the survivor's 7.62x39 assault rifle.  A rough simplfication of the AKM magazine pattern, it's still a bit short of the original's legendary reliability.",
    "weight": 400,
    "volume": 2,
    "price": 8000,
    "material": "steel",
    "symbol": "#",
    "color": "ltgray",
    "ammo_type": "762",
    "capacity": 20,
    "reliability": 7,
    "reload_time": 100,
    "flags": [ "MAG_COMPACT" ]
  },
  {
    "id": "surv_308_mag",
    "type": "MAGAZINE",
    "name": "survivor's .308 magazine",
    "description": "A magazine built for the survivor's .308 battle rifle.  While well-made, it won't hold up as well as factory designs, and isn't standardized to fit common production models.",
    "weight": 400,
    "volume": 2,
    "price": 8000,
    "material": "steel",
    "symbol": "#",
    "color": "ltgray",
    "ammo_type": "308",
    "capacity": 20,
    "reliability": 6,
    "reload_time": 100,
    "flags": [ "MAG_COMPACT" ]
  },
  {
    "id": "surv_762R_mag",
    "type": "MAGAZINE",
    "name": "survivor's 7.62x54 magazine",
    "description": "A magazine built for the survivor's 7.62x54 battle rifle.  Vaguely based off the magazine design used by the SVT-40, it's well-made but not ideal, and is incompatible with any production firearm.",
    "weight": 400,
    "volume": 2,
    "price": 8000,
    "material": "steel",
    "symbol": "#",
    "color": "ltgray",
    "ammo_type": "762R",
    "capacity": 20,
    "reliability": 6,
    "reload_time": 100,
    "flags": [ "MAG_COMPACT" ]
  },
  {
    "id": "surv_12_mag",
    "type": "MAGAZINE",
    "name": "survivor's 12 gauge magazine",
    "//": "Requires special pouch.",
    "description": "A magazine built for the survivor's full auto shotgun.  A well-made simplication of the Saiga 12's variant of the AK pattern, it still won't fit to factory specifications.",
    "weight": 450,
    "volume": 3,
    "price": 8000,
    "material": "steel",
    "symbol": "#",
    "color": "ltgray",
    "ammo_type": "shot",
    "capacity": 10,
    "reliability": 7,
    "reload_time": 100,
    "flags": [ "MAG_BULKY" ]
  },
  {
    "id": "surv_9mm_mag",
    "type": "MAGAZINE",
    "name": "survivor's 9mm magazine",
    "description": "A magazine built for the survivor's 9mm SMG.  Uses a similar simplification as seen by handmade magazines for the STEN submachine gun, gaining some reliability at the cost of compatibility.",
    "weight": 200,
    "volume": 1,
    "price": 8000,
    "material": "steel",
    "symbol": "#",
    "color": "ltgray",
    "ammo_type": "9mm",
    "capacity": 30,
    "reliability": 6,
    "reload_time": 100,
    "flags": [ "MAG_COMPACT" ]
  },
  {
    "id": "surv_45_mag",
    "type": "MAGAZINE",
    "name": "survivor's .45 magazine",
    "description": "A magazine built for the survivor's .45 SMG.  A .45 ACP conversion of a further-simplified STEN pattern, it's decently-made but not as reliable as factory-made designs.",
    "weight": 200,
    "volume": 1,
    "price": 8000,
    "material": "steel",
    "symbol": "#",
    "color": "ltgray",
    "ammo_type": "45",
    "capacity": 30,
    "reliability": 6,
    "reload_time": 100,
    "flags": [ "MAG_COMPACT" ]
  },
  {
    "id": "surv_22_mag",
    "type": "MAGAZINE",
    "name": "survivor's .22 magazine",
    "description": "A magazine built for the survivor's .22 SMG.  Although well-made, it isn't as reliable as factory designs, and isn't compatible with any production firearm.",
    "weight": 200,
    "volume": 1,
    "price": 8000,
    "material": "steel",
    "symbol": "#",
    "color": "ltgray",
    "ammo_type": "22",
    "capacity": 30,
    "reliability": 6,
    "reload_time": 100,
    "flags": [ "MAG_COMPACT" ]
  },
  {
    "id": "surv_belt_223",
    "type": "MAGAZINE",
    "name": "survivor's .223 ammo belt",
    "description": "An ammo belt for the survivor's .223 LMG, using canvas and steel wire to form non-disintegrating links.  Not as reliable as factory-made ammunition belts, and more awkward to reload too.",
    "rigid": false,
    "material": "steel",
    "symbol": "#",
    "color": "ltgray",
    "ammo_type": "223",
    "capacity": 80,
    "count": 80,
    "reliability": 5,
    "reload_time": 200,
    "armor_data": { "covers": [ "TORSO" ], "coverage": 5 },
    "flags": [ "BELTED", "OVERSIZE" ]
  },
  {
    "id": "surv_belt_762",
    "type": "MAGAZINE",
    "name": "survivor's 7.62x39 ammo belt",
    "description": "An ammo belt for the survivor's 7.62x39 LMG, using canvas and steel wire to form non-disintegrating links.  Not as reliable as factory-made ammunition belts, and more awkward to reload too.",
    "rigid": false,
    "material": "steel",
    "symbol": "#",
    "color": "ltgray",
    "ammo_type": "762",
    "capacity": 80,
    "count": 80,
    "reliability": 5,
    "reload_time": 200,
    "armor_data": { "covers": [ "TORSO" ], "coverage": 5 },
    "flags": [ "BELTED", "OVERSIZE" ]
  },
  {
    "id": "surv_belt_308",
    "type": "MAGAZINE",
    "name": "survivor's .308 ammo belt",
    "description": "An ammo belt for the survivor's .308 GPMG, using canvas and steel wire to form non-disintegrating links.  Not as reliable as factory-made ammunition belts, and more awkward to reload too.",
    "rigid": false,
    "material": "steel",
    "symbol": "#",
    "color": "ltgray",
    "ammo_type": "308",
    "capacity": 80,
    "count": 80,
    "reliability": 5,
    "reload_time": 200,
    "armor_data": { "covers": [ "TORSO" ], "coverage": 5 },
    "flags": [ "BELTED", "OVERSIZE" ]
  },
  {
    "id": "surv_belt_762R",
    "type": "MAGAZINE",
    "name": "survivor's 7.62x54 ammo belt",
    "description": "An ammo belt for the survivor's 7.62x54 GPMG, using canvas and steel wire to form non-disintegrating links.  Not as reliable as factory-made ammunition belts, and more awkward to reload too.",
    "looks_like": "surv_belt_308",
    "rigid": false,
    "material": "steel",
    "symbol": "#",
    "color": "ltgray",
    "ammo_type": "762R",
    "capacity": 80,
    "count": 80,
    "reliability": 5,
    "reload_time": 200,
    "armor_data": { "covers": [ "TORSO" ], "coverage": 5 },
    "flags": [ "BELTED", "OVERSIZE" ]
  },
  {
    "id": "rifle_crank_battery_cell",
    "type": "MAGAZINE",
    "category": "spare_parts",
    "name": "crank rifle capacitor bank",
    "description": "This is a homemade power cell made from household batteries along with a series of capacitors, designed to translate mechanical force into enough voltage to more efficiently power a survivor's crank rifle.  Bulkier, less reliable, it's a wonder this thing isn't an electrocution hazard.",
    "weight": "250 g",
    "volume": "300 ml",
    "price": 5000,
    "material": [ "iron", "plastic" ],
    "symbol": "=",
    "color": "yellow",
    "ammo_type": "battery",
    "capacity": 20,
    "reliability": 5,
    "looks_like": "battery",
    "flags": [ "NO_SALVAGE", "NO_UNLOAD", "RECHARGE" ]
  }
]
