[
  {
    "type": "TOOL",
    "id": "unbio_bladed_weapon",
    "name": "monomolecular knife",
    "description": "A foot-long knife made from high-tech alloy and edged with bonded nanocrystals.  A welded metal handle and handguard allow you to hold it without slicing your hand open.",
    "weight": 250,
    "to_hit": 2,
    "color": "dark_gray",
    "symbol": "{",
    "material": [ "superalloy", "steel" ],
    "techniques": [ "WBLOCK_1" ],
    "volume": 4,
    "bashing": 4,
    "cutting": 32,
    "flags": [ "STAB", "UNBREAKABLE_MELEE", "SHEATH_KNIFE" ],
    "price": 420000,
    "qualities": [ [ "CUT", 1 ], [ "BUTCHER", 22 ] ],
    "gunmod_data": {
      "location": "underbarrel",
      "mod_targets": [ "shotgun", "rifle", "smg", "crossbow" ],
      "dispersion_modifier": 8,
      "mode_modifier": [ [ "REACH", "bayonet", 2, [ "MELEE" ] ] ],
      "min_skills": [ [ "weapon", 2 ], [ "melee", 1 ] ]
    }
  },
  {
    "type": "TOOL",
    "id": "unbio_sword_weapon",
    "name": "monomolecular sword",
    "description": "A yard-long sword made from high-tech alloy and edged with bonded nanocrystals.  A welded metal handle and handguard allow you to hold it without slicing your hand open.",
    "weight": 250,
    "to_hit": 2,
    "color": "dark_gray",
    "symbol": "{",
    "material": [ "superalloy", "steel" ],
    "techniques": [ "RAPID", "WBLOCK_2" ],
    "volume": 10,
    "bashing": 4,
    "cutting": 44,
    "flags": [ "STAB", "UNBREAKABLE_MELEE", "SHEATH_SWORD" ],
    "price": 420000,
    "qualities": [ [ "CUT", 1 ], [ "BUTCHER", 20 ] ],
    "gunmod_data": {
      "location": "underbarrel",
      "mod_targets": [ "shotgun", "rifle" ],
      "dispersion_modifier": 10,
      "mode_modifier": [ [ "REACH", "bayonet", 2, [ "MELEE" ] ] ],
      "min_skills": [ [ "weapon", 2 ], [ "melee", 1 ] ]
    }
  },
  {
    "type": "TOOL",
    "id": "unbio_claws_weapon",
    "name": "bionic claw knuckles",
    "name_plural": "bionic claw knuckles",
    "description": "Short and sharp claws made from a high-tech metal welded to metal knuckles.  Lightweight and fast, wielding them feels as if you were bare-handed.",
    "weight": 200,
    "to_hit": 3,
    "color": "light_gray",
    "symbol": "{",
    "material": [ "superalloy", "steel" ],
    "volume": 3,
    "bashing": 10,
    "cutting": 14,
    "flags": [ "STAB", "UNARMED_WEAPON", "UNBREAKABLE_MELEE" ],
    "price": 420000,
    "qualities": [ [ "CUT", 1 ], [ "BUTCHER", 12 ] ]
  },
  {
    "type": "TOOL",
    "id": "flesh_knife",
    "name": "biological blade",
    "description": "A foot-long knife made from metal enclosed with flesh and bone.  Its blade consists of razor sharp saw-like protrusions, with a bone handle that fits well in the hand.  Holding it makes you feel powerful, a sensation that grows stronger with time.",
    "weight": 220,
    "to_hit": 3,
    "color": "dark_red",
    "symbol": "/",
    "looks_like": "flesh_blade",
    "material": [ "flesh", "superalloy" ],
    "techniques": [ "WBLOCK_1", "PRECISE", "RAPID" ],
    "volume": 2,
    "bashing": 2,
    "cutting": 18,
    "flags": [ "NON_STUCK", "UNBREAKABLE_MELEE", "UNARMED_WEAPON" ],
    "price": 580000,
    "qualities": [ [ "CUT", 1 ], [ "BUTCHER", 10 ] ],
    "use_action": [ "ARTIFACT" ],
    "artifact_data": {
      "effects_carried": [ "AEP_ATTENTION" ],
      "effects_wielded": [ "AEP_SICK", "AEP_EVIL", "AEP_SAP_LIFE", "AEP_MUTAGENIC" ]
    }
  },
  {
    "type": "TOOL",
    "id": "flesh_blade",
    "name": "biological sword",
    "description": "A yard-long sword of metal, enclosed in flesh and bone, including a protective hilt framed with tough sinews.  Grown from a smaller sample, holding it brings a strange sense of power beyond what it used to.  If \"fed\" properly it could have other uses.",
    "weight": 680,
    "to_hit": 2,
    "max_charges": 10,
    "charges_per_use": 1,
    "color": "dark_red",
    "symbol": "/",
    "material": [ "flesh", "superalloy" ],
    "techniques": [ "WBLOCK_2", "PRECISE", "RAPID" ],
    "volume": 6,
    "bashing": 2,
    "cutting": 25,
    "flags": [ "NON_STUCK", "UNBREAKABLE_MELEE", "UNARMED_WEAPON" ],
    "price": 580000,
    "qualities": [ [ "CUT", 1 ], [ "BUTCHER", 10 ] ],
    "use_action": [
      "ARTIFACT",
      {
        "target": "flesh_blade_on",
        "msg": "You feel a sense of decay and entrophy, as the blade's flesh solidifies into living steel.",
        "target_charges": 10,
        "active": true,
        "need_charges": 1,
        "need_charges_msg": "The blade twitches, failing to do anything.",
        "menu_text": "Let the decay take hold",
        "type": "transform"
      }
    ],
    "artifact_data": {
      "charge_type": "ARTC_HP",
      "effects_carried": [ "AEP_ATTENTION" ],
      "effects_wielded": [ "AEP_SICK", "AEP_EVIL", "AEP_SAP_LIFE", "AEP_MUTAGENIC" ],
      "effects_activated": [ "AEA_BLOOD", "AEA_ATTENTION", "AEA_PAIN", "AEA_ADRENALINE", "AEA_FUN", "AEA_MUTATE" ]
    }
  },
  {
    "type": "TOOL",
    "id": "flesh_blade_on",
    "name": "biological sword (active)",
    "name_plural": "biological swords (active)",
    "description": "You've activated the power of the blade.  Metal and flesh have wrapped around your hand and it won't let go.  An instinctive bloodlust lingers in the back of your mind, making it harder to focus on the thought of trying to deactivate it.",
    "initial_charges": 10,
    "max_charges": 10,
    "turns_per_charge": 5,
    "revert_to": "flesh_blade",
    "revert_msg": "The blade loosens up and frees your grip.",
    "weight": 680,
    "to_hit": 1,
    "color": "dark_red",
    "symbol": "/",
    "material": [ "flesh", "superalloy" ],
    "techniques": [ "WBLOCK_2", "PRECISE", "BRUTAL" ],
    "volume": 6,
    "bashing": 2,
    "cutting": 100,
    "flags": [ "UNBREAKABLE_MELEE", "NO_UNWIELD", "UNARMED_WEAPON" ],
    "price": 580000,
    "qualities": [ [ "CUT", 1 ], [ "BUTCHER", 10 ] ],
    "artifact_data": {
      "effects_carried": [ "AEP_ATTENTION" ],
      "effects_wielded": [
        "AEP_STR_UP",
        "AEP_DEX_UP",
        "AEP_SPEED_UP",
        "AEP_ALL_DOWN",
        "AEP_SICK",
        "AEP_EVIL",
        "AEP_SAP_LIFE",
        "AEP_MUTAGENIC",
        "AEP_SCHIZO"
      ]
    }
  }
]
