[
  {
    "id": "unbio_laser_gun",
    "type": "GUN",
    "symbol": "(",
    "color": "magenta",
    "name": "bio laser pistol",
    "description": "Finger Laser CBM turned into a pistol.  Still very accurate, but not particularly damaging.",
    "price": 85000,
    "material": [ "superalloy", "steel" ],
    "skill": "pistol",
    "flags": [ "NO_AMMO", "NEVER_JAMS", "NON-FOULING" ],
    "ammo_effects": [ "LASER", "INCENDIARY" ],
    "ups_charges": 25,
    "weight": 6,
    "volume": 12,
    "to_hit": 0,
    "ranged_damage": 8,
    "range": 25,
    "dispersion": 10,
    "sight_dispersion": 150,
    "aim_speed": 0,
    "recoil": 0,
    "durability": 9,
    "loudness": 7,
    "reload": 500
  },
  {
    "id": "unbio_chain_lightning",
    "type": "GUN",
    "symbol": "(",
    "color": "magenta",
    "name": "chain lightning rifle",
    "description": "Rifle built with parts salvaged from a Chain Lightning CBM.  Fires bolts of electricity that jump between nearby enemies.",
    "price": 420000,
    "material": [ "superalloy", "steel" ],
    "skill": "rifle",
    "flags": [ "NO_AMMO", "NEVER_JAMS", "NO_UNLOAD", "NON-FOULING" ],
    "ammo_effects": [ "LIGHTNING", "BOUNCE" ],
    "ups_charges": 40,
    "weight": 2840,
    "volume": 14,
    "to_hit": 0,
    "ranged_damage": 15,
    "range": 10,
    "dispersion": 10,
    "sight_dispersion": 150,
    "aim_speed": 0,
    "recoil": 0,
    "durability": 9,
    "loudness": 10,
    "reload": 500
  },
  {
    "id": "flesh_pistol",
    "type": "GUN",
    "symbol": "(",
    "looks_like": "flesh_rifle",
    "color": "dark_red",
    "name": "biological pistol",
    "description": "A pistol made out of fleshy material enclosed by metal.  Whatever it fires seems to be solid enough to do damage, though it appears to rely on a UPS slot.  Wielding it gives you a strange sense of focus, though the occasional twitch and unnerving sound from this thing leaves you uneasy.  Hopefully it's not sentient.",
    "price": 580000,
    "material": [ "flesh", "superalloy" ],
    "ammo_effects": [ "NEVER_JAMS" ],
    "flags": [ "NO_AMMO", "NEVER_JAMS", "NO_UNLOAD", "NON-FOULING" ],
    "skill": "pistol",
    "weight": 850,
    "volume": 2,
    "bashing": 8,
    "to_hit": -1,
    "ranged_damage": 20,
    "pierce": 2,
    "range": 10,
    "dispersion": 250,
    "sight_dispersion": 8,
    "aim_speed": 2,
    "recoil": 25,
    "durability": 8,
    "modes": [ [ "DEFAULT", "semi", 1 ], [ "BURST", "burst", 3 ] ],
    "ups_charges": 1,
    "reload": 0,
    "valid_mod_locations": [ [ "accessories", 1 ], [ "sling", 1 ] ],
    "use_action": "ARTIFACT",
    "artifact_data": {
      "effects_carried": [ "AEP_ATTENTION", "AEP_PSYSHIELD" ],
      "effects_wielded": [ "AEP_EVIL", "AEP_PER_UP", "AEP_MUTAGENIC" ]
    }
  },
  {
    "id": "flesh_smg",
    "type": "GUN",
    "symbol": "(",
    "looks_like": "flesh_rifle",
    "color": "dark_red",
    "name": "biological sub-machinegun",
    "description": "A sub-machinegun made out of fleshy material enclosed by metal, curiously sustained by a UPS connection.  Whatever the hell it fires seems to have an incendiary effect on targets.  Wielding it gives you a strange sense of focus, though the occasional twitch and unnerving sound from this thing leaves you uneasy.  Hopefully it's not sentient.",
    "price": 580000,
    "material": [ "flesh", "superalloy" ],
    "ammo_effects": [ "INCENDIARY", "NEVER_JAMS", "MUZZLE_SMOKE" ],
    "flags": [ "NO_AMMO", "NEVER_JAMS", "NO_UNLOAD", "NON-FOULING" ],
    "skill": "smg",
    "weight": 2850,
    "volume": 4,
    "bashing": 8,
    "to_hit": -1,
    "ranged_damage": 25,
    "pierce": 5,
    "range": 20,
    "dispersion": 150,
    "sight_dispersion": 20,
    "aim_speed": 1,
    "recoil": 20,
    "durability": 8,
    "modes": [ [ "DEFAULT", "burst", 3 ], [ "AUTO", "auto", 20 ] ],
    "ups_charges": 2,
    "reload": 0,
    "valid_mod_locations": [ [ "accessories", 1 ], [ "sling", 1 ] ],
    "use_action": "ARTIFACT",
    "artifact_data": {
      "effects_carried": [ "AEP_ATTENTION", "AEP_PSYSHIELD" ],
      "effects_wielded": [ "AEP_EVIL", "AEP_PER_UP", "AEP_MUTAGENIC" ]
    }
  },
  {
    "id": "flesh_rifle",
    "type": "GUN",
    "symbol": "(",
    "color": "dark_red",
    "name": "biological rifle",
    "description": "A rifle made out of fleshy material enclosed by metal, evidently partly powered by UPS.  It fires something seemingly alive, over quite a long range in fact, horribly burning and stunning whatever it hits.  Wielding it gives you a strange sense of focus, though the occasional twitch and unnerving sound from this thing leaves you uneasy.  Hopefully it's not sentient.",
    "price": 580000,
    "material": [ "flesh", "superalloy" ],
    "ammo_effects": [ "INCENDIARY", "LARGE_BEANBAG", "NEVER_JAMS", "FLAME", "MUZZLE_SMOKE" ],
    "flags": [ "NO_AMMO", "NEVER_JAMS", "NO_UNLOAD", "NON-FOULING" ],
    "skill": "rifle",
    "weight": 3650,
    "volume": 8,
    "bashing": 8,
    "to_hit": -1,
    "ranged_damage": 60,
    "pierce": 10,
    "range": 40,
    "barrel_length": 2,
    "dispersion": 50,
    "sight_dispersion": 5,
    "aim_speed": 5,
    "recoil": 200,
    "durability": 8,
    "modes": [ [ "DEFAULT", "semi auto", 1 ], [ "BURST", "burst", 3 ], [ "AUTO", "auto", 10 ] ],
    "ups_charges": 20,
    "reload": 0,
    "valid_mod_locations": [ [ "accessories", 1 ], [ "sling", 1 ] ],
    "use_action": "ARTIFACT",
    "artifact_data": {
      "effects_carried": [ "AEP_ATTENTION", "AEP_PSYSHIELD" ],
      "effects_wielded": [ "AEP_EVIL", "AEP_PER_UP", "AEP_MUTAGENIC" ]
    }
  },
  {
    "id": "flesh_lmg",
    "type": "GUN",
    "symbol": "(",
    "looks_like": "flesh_rifle",
    "color": "dark_red",
    "name": "biological machinegun",
    "description": "A light machinegun made out of fleshy material enclosed by metal, somehow sustained by a UPS connection.  It fires unnatural, presumably-living rounds that daze and immolate almost anything hit by sustained fire.  Wielding it gives you a strange sense of focus, though the occasional twitch and unnerving sound from this thing leaves you uneasy.  Hopefully it's not sentient.",
    "price": 580000,
    "material": [ "flesh", "superalloy" ],
    "ammo_effects": [ "INCENDIARY", "BEANBAG", "NEVER_JAMS", "MUZZLE_SMOKE" ],
    "flags": [ "NO_AMMO", "NEVER_JAMS", "NO_UNLOAD", "MODE_BURST", "NON-FOULING" ],
    "skill": "rifle",
    "weight": 4750,
    "volume": 8,
    "bashing": 8,
    "to_hit": -1,
    "ranged_damage": 40,
    "pierce": 5,
    "range": 30,
    "dispersion": 150,
    "sight_dispersion": 20,
    "aim_speed": 20,
    "recoil": 100,
    "durability": 8,
    "modes": [ [ "DEFAULT", "low auto", 10 ], [ "BURST", "medium auto", 25 ], [ "AUTO", "high auto", 50 ] ],
    "ups_charges": 5,
    "reload": 0,
    "valid_mod_locations": [ [ "accessories", 1 ], [ "sling", 1 ] ],
    "use_action": "ARTIFACT",
    "artifact_data": {
      "effects_carried": [ "AEP_ATTENTION", "AEP_PSYSHIELD" ],
      "effects_wielded": [ "AEP_EVIL", "AEP_PER_UP", "AEP_MUTAGENIC" ]
    }
  },
  {
    "id": "flesh_shotgun",
    "type": "GUN",
    "symbol": "(",
    "color": "dark_red",
    "name": "biological scattergun",
    "description": "A double barreled shotgun made out of fleshy material enclosed by metal that seems to run off UPS charges.  It's hard to tell what this thing even fires, but it appears to have a stunning and incendiary effect on targets.   Wielding it gives you a strange sense of focus, though the occasional twitch and unnerving sound from this thing leaves you uneasy.  Hopefully it's not sentient.",
    "price": 580000,
    "material": [ "flesh", "superalloy" ],
    "ammo_effects": [ "INCENDIARY", "BEANBAG", "NEVER_JAMS", "SHOT", "MUZZLE_SMOKE" ],
    "flags": [ "NO_AMMO", "NEVER_JAMS", "NO_UNLOAD", "MODE_BURST", "NON-FOULING" ],
    "skill": "shotgun",
    "weight": 3850,
    "volume": 8,
    "bashing": 8,
    "to_hit": -1,
    "ranged_damage": 50,
    "pierce": 2,
    "range": 10,
    "barrel_length": 2,
    "dispersion": 300,
    "sight_dispersion": 5,
    "aim_speed": 2,
    "recoil": 300,
    "durability": 8,
    "modes": [ [ "DEFAULT", "one shot", 1 ], [ "BURST", "double barrel", 2 ] ],
    "ups_charges": 10,
    "reload": 0,
    "valid_mod_locations": [ [ "accessories", 1 ], [ "sling", 1 ] ],
    "use_action": "ARTIFACT",
    "artifact_data": {
      "effects_carried": [ "AEP_ATTENTION", "AEP_PSYSHIELD" ],
      "effects_wielded": [ "AEP_EVIL", "AEP_PER_UP", "AEP_MUTAGENIC" ]
    }
  },
  {
    "id": "sur_pnu_lmg",
    "type": "GUN",
    "color": "dark_gray",
    "symbol": "(",
    "name": "survivor's pneumatic LMG",
    "description": "A LMG version of the pneumatic assault Rifle.  Has a much larger internal magazine, but unloading is no longer feasible.  Additionally has a higher rate of fire, at the expense of accuracy and recoil.  Made with modularity in mind,  using a crank mechanism to increase reliability.",
    "price": 226000,
    "material": [ "wood", "steel" ],
    "weight": 11536,
    "volume": 17,
    "bashing": 10,
    "to_hit": -1,
    "flags": [ "NO_UNLOAD", "NEVER_JAMS", "FIRE_TWOHAND", "STR_RELOAD", "RELOAD_ONE", "NON-FOULING" ],
    "ammo": "pebble",
    "skill": "rifle",
    "ranged_damage": 25,
    "pierce": 5,
    "range": 25,
    "dispersion": 80,
    "sight_dispersion": 200,
    "aim_speed": 8,
    "recoil": 50,
    "durability": 8,
    "modes": [ [ "DEFAULT", "semi", 1 ], [ "BURST", "burst", 5 ], [ "auto", "auto", 25 ] ],
    "clip_size": 100,
    "reload": 1000,
    "loudness": 10,
    "built_in_mods": [ "lmg_handle" ],
    "valid_mod_locations": [
      [ "accessories", 3 ],
      [ "sling", 1 ],
      [ "grip", 1 ],
      [ "carry handle", 1 ],
      [ "barrel", 1 ],
      [ "muzzle", 1 ],
      [ "rail", 1 ],
      [ "mechanism", 2 ],
      [ "sights", 1 ],
      [ "stock", 1 ],
      [ "underbarrel", 1 ]
    ]
  },
  {
    "id": "ups_rifle",
    "type": "GUN",
    "color": "yellow",
    "symbol": "(",
    "name": "survivor's UPS rifle",
    "description": "A makeshift, albeit advanced, laser rifle.  Relatively potent but less efficient than proper models.  Reasonably reliable and can be mounted on a vehicle.",
    "price": 358000,
    "material": [ "steel", "wood" ],
    "weight": 4145,
    "volume": 14,
    "bashing": 12,
    "to_hit": -1,
    "ammo_effects": [ "LASER", "SHOT", "INCENDIARY" ],
    "flags": [ "NO_AMMO", "NO_UNLOAD", "MODE_BURST", "NON-FOULING" ],
    "ups_charges": 50,
    "skill": "rifle",
    "ranged_damage": 20,
    "pierce": 3,
    "range": 25,
    "dispersion": 30,
    "sight_dispersion": 80,
    "aim_speed": 8,
    "durability": 7,
    "burst": 5,
    "loudness": 12,
    "valid_mod_locations": [
      [ "accessories", 2 ],
      [ "sling", 1 ],
      [ "grip", 1 ],
      [ "rail", 1 ],
      [ "sights", 1 ],
      [ "stock", 1 ],
      [ "underbarrel", 1 ]
    ]
  },
  {
    "id": "ups_rifle_crank",
    "type": "GUN",
    "color": "yellow",
    "symbol": "(",
    "name": "survivor's crank rifle",
    "description": "Further building on the developments that went into the UPS rifle, this integrates a hand crank and capacitors to charge a custom-made power cell.  Infinite ammo, at the cost of performance and reliability.  Use it to deploy the crank charger.",
    "price": 749000,
    "material": [ "steel", "wood" ],
    "weight": 4964,
    "volume": 17,
    "bashing": 8,
    "to_hit": -1,
    "ammo_effects": [ "LASER", "SHOT", "INCENDIARY" ],
    "flags": [ "NON-FOULING" ],
    "skill": "rifle",
    "ammo": "battery",
    "ranged_damage": 18,
    "pierce": 8,
    "range": 25,
    "dispersion": 50,
    "sight_dispersion": 100,
    "aim_speed": 10,
    "recoil": 15,
    "durability": 6,
    "reload": 0,
    "loudness": 16,
    "use_action": "HAND_CRANK",
    "magazines": [
      [
        "battery",
        [
          "rifle_crank_battery_cell"
        ]
      ]
    ],
    "valid_mod_locations": [
      [ "accessories", 2 ],
      [ "sling", 1 ],
      [ "grip", 1 ],
      [ "rail", 1 ],
      [ "sights", 1 ],
      [ "stock", 1 ],
      [ "underbarrel", 1 ]
    ]
  },
  {
    "id": "surv_battery_pistol",
    "type": "GUN",
    "color": "light_red",
    "symbol": "{",
    "name": "survivor's battery pistol",
    "description": "A simple electronic pistol, using batteries from common household electronics to power a low-yield electrolaser.  Not very powerful, but can shock targets.",
    "price": 42400,
    "material": [ "steel", "wood" ],
    "weight": 2940,
    "volume": 4,
    "bashing": 3,
    "to_hit": -1,
    "ammo_effects": [ "LIGHTNING" ],
    "flags": [ "FIRE_50", "NON-FOULING" ],
    "ammo": "battery",
    "magazines": [
      [
        "battery",
        [
          "light_battery_cell",
          "light_plus_battery_cell",
          "light_minus_battery_cell",
          "light_disposable_cell",
          "light_minus_disposable_cell"
        ]
      ]
    ],
    "skill": "pistol",
    "ranged_damage": 4,
    "range": 10,
    "dispersion": 15,
    "sight_dispersion": 50,
    "aim_speed": 4,
    "recoil": 10,
    "durability": 5,
    "reload": 300,
    "loudness": 12,
    "valid_mod_locations": [ [ "accessories", 2 ], [ "sling", 1 ], [ "barrel", 1 ], [ "rail", 1 ], [ "sights", 1 ], [ "stock", 1 ] ]
  },
  {
    "id": "surv_battery_rifle",
    "type": "GUN",
    "color": "light_red",
    "symbol": "{",
    "name": "survivor's battery rifle",
    "description": "A simple electronic rifle, using batteries from common power tools to power a low-yield electrolaser.  A bit more potent than its pistol variant, but still quite an inefficient use of power.",
    "price": 87100,
    "material": [ "steel", "wood" ],
    "weight": 5360,
    "volume": 12,
    "bashing": 8,
    "to_hit": -1,
    "ammo_effects": [ "LIGHTNING" ],
    "flags": [ "FIRE_100", "NON-FOULING" ],
    "ammo": "battery",
    "magazines": [ [ "battery", [ "medium_battery_cell", "medium_plus_battery_cell", "medium_disposable_cell" ] ] ],
    "skill": "rifle",
    "ranged_damage": 8,
    "range": 15,
    "dispersion": 35,
    "sight_dispersion": 75,
    "aim_speed": 8,
    "recoil": 30,
    "durability": 5,
    "reload": 600,
    "loudness": 14,
    "valid_mod_locations": [
      [ "accessories", 3 ],
      [ "sling", 1 ],
      [ "grip", 1 ],
      [ "barrel", 1 ],
      [ "rail", 1 ],
      [ "sights", 1 ],
      [ "stock", 1 ],
      [ "underbarrel", 1 ]
    ]
  },
  {
    "id": "surv_full_223",
    "type": "GUN",
    "symbol": "(",
    "color": "brown",
    "name": "survivor's .223 assault rifle",
    "description": "A (mostly) homemade assault rifle built from a full auto receiver.  While still lower quality than most pre-cataclysm rifles, it's superior to many other homemade weapons.  Takes the .223 cartridge via its magazine.",
    "price": 120000,
    "material": [ "steel", "wood" ],
    "flags": [ "MODE_BURST" ],
    "skill": "rifle",
    "ammo": "223",
    "weight": 3028,
    "volume": 8,
    "bashing": 12,
    "to_hit": -1,
    "ranged_damage": 5,
    "range": 5,
    "dispersion": 60,
    "sight_dispersion": 60,
    "aim_speed": 6,
    "recoil": 30,
    "durability": 7,
    "burst": 5,
    "reload": 100,
    "loudness": 50,
    "magazines": [ [ "223", [ "surv_223_mag" ] ] ],
    "valid_mod_locations": [
      [ "accessories", 3 ],
      [ "sling", 1 ],
      [ "brass catcher", 1 ],
      [ "muzzle", 1 ],
      [ "barrel", 1 ],
      [ "bore", 1 ],
      [ "conversion", 1 ],
      [ "grip", 1 ],
      [ "magazine", 2 ],
      [ "mechanism", 4 ],
      [ "muzzle", 1 ],
      [ "rail", 1 ],
      [ "sights", 1 ],
      [ "stock", 1 ],
      [ "underbarrel", 1 ]
    ]
  },
  {
    "id": "surv_full_22",
    "type": "GUN",
    "symbol": "(",
    "color": "brown",
    "name": "survivor's .22 SMG",
    "description": "A (mostly) homemade SMG built from a full auto receiver.  While still lower quality than most pre-cataclysm SMGs, it's superior to many other homemade weapons.  Takes the .22 cartridge via its magazine.",
    "price": 120000,
    "material": [ "steel", "wood" ],
    "flags": [ "MODE_BURST" ],
    "skill": "smg",
    "ammo": "22",
    "weight": 2074,
    "volume": 6,
    "bashing": 8,
    "to_hit": -1,
    "ranged_damage": 5,
    "range": 5,
    "dispersion": 200,
    "sight_dispersion": 90,
    "aim_speed": 4,
    "recoil": 45,
    "durability": 6,
    "burst": 8,
    "reload": 100,
    "loudness": 60,
    "magazines": [ [ "22", [ "surv_22_mag" ] ] ],
    "valid_mod_locations": [
      [ "accessories", 2 ],
      [ "sling", 1 ],
      [ "brass catcher", 1 ],
      [ "muzzle", 1 ],
      [ "grip", 1 ],
      [ "magazine", 2 ],
      [ "mechanism", 4 ],
      [ "rail", 1 ],
      [ "sights", 1 ],
      [ "stock", 1 ],
      [ "underbarrel", 1 ]
    ]
  },
  {
    "id": "surv_full_9mm",
    "type": "GUN",
    "symbol": "(",
    "color": "brown",
    "name": "survivor's 9mm SMG",
    "description": "A (mostly) homemade SMG built from a full auto receiver.  While still lower quality than most pre-cataclysm SMGs, it's superior to many other homemade weapons.  Takes the 9mm cartridge via its magazine.",
    "price": 120000,
    "material": [ "steel", "wood" ],
    "flags": [ "MODE_BURST" ],
    "skill": "smg",
    "ammo": "9mm",
    "weight": 3158,
    "volume": 6,
    "bashing": 8,
    "to_hit": -1,
    "ranged_damage": 5,
    "range": 5,
    "dispersion": 200,
    "sight_dispersion": 90,
    "aim_speed": 4,
    "recoil": 45,
    "durability": 6,
    "burst": 8,
    "reload": 100,
    "loudness": 60,
    "magazines": [ [ "9mm", [ "surv_9mm_mag" ] ] ],
    "valid_mod_locations": [
      [ "accessories", 2 ],
      [ "sling", 1 ],
      [ "brass catcher", 1 ],
      [ "muzzle", 1 ],
      [ "grip", 1 ],
      [ "magazine", 2 ],
      [ "mechanism", 4 ],
      [ "rail", 1 ],
      [ "sights", 1 ],
      [ "stock", 1 ],
      [ "underbarrel", 1 ]
    ]
  },
  {
    "id": "surv_full_45",
    "type": "GUN",
    "symbol": "(",
    "color": "brown",
    "name": "survivor's .45 SMG",
    "description": "A (mostly) homemade SMG built from a full auto receiver.  While still lower quality than most pre-cataclysm SMGs, it's superior to many other homemade weapons.  Takes the .45 cartridge via its magazine.",
    "price": 120000,
    "material": [ "steel", "wood" ],
    "flags": [ "MODE_BURST" ],
    "skill": "smg",
    "ammo": "45",
    "weight": 3160,
    "volume": 6,
    "bashing": 8,
    "to_hit": -1,
    "ranged_damage": 5,
    "range": 5,
    "dispersion": 200,
    "sight_dispersion": 90,
    "aim_speed": 4,
    "recoil": 45,
    "durability": 6,
    "burst": 8,
    "reload": 100,
    "loudness": 60,
    "magazines": [ [ "45", [ "surv_45_mag" ] ] ],
    "valid_mod_locations": [
      [ "accessories", 2 ],
      [ "sling", 1 ],
      [ "brass catcher", 1 ],
      [ "muzzle", 1 ],
      [ "grip", 1 ],
      [ "magazine", 2 ],
      [ "mechanism", 4 ],
      [ "rail", 1 ],
      [ "sights", 1 ],
      [ "stock", 1 ],
      [ "underbarrel", 1 ]
    ]
  },
  {
    "id": "surv_full_308",
    "type": "GUN",
    "symbol": "(",
    "color": "brown",
    "name": "survivor's .308 battle rifle",
    "description": "A (mostly) homemade automatic rifle built from a full auto receiver.  While still lower quality than most pre-cataclysm rifles, it's superior to many other homemade weapons.  Takes the .308 cartridge via its magazine.",
    "price": 120000,
    "material": [ "steel", "wood" ],
    "flags": [ "MODE_BURST" ],
    "skill": "rifle",
    "ammo": "308",
    "weight": 3238,
    "volume": 8,
    "bashing": 12,
    "to_hit": -1,
    "ranged_damage": 5,
    "range": 5,
    "dispersion": 60,
    "sight_dispersion": 60,
    "aim_speed": 6,
    "recoil": 30,
    "durability": 7,
    "burst": 5,
    "reload": 100,
    "loudness": 50,
    "magazines": [ [ "308", [ "surv_308_mag" ] ] ],
    "valid_mod_locations": [
      [ "accessories", 3 ],
      [ "sling", 1 ],
      [ "brass catcher", 1 ],
      [ "muzzle", 1 ],
      [ "barrel", 1 ],
      [ "bore", 1 ],
      [ "conversion", 1 ],
      [ "grip", 1 ],
      [ "magazine", 2 ],
      [ "mechanism", 4 ],
      [ "muzzle", 1 ],
      [ "rail", 1 ],
      [ "sights", 1 ],
      [ "stock", 1 ],
      [ "underbarrel", 1 ]
    ]
  },
  {
    "id": "surv_full_762",
    "type": "GUN",
    "symbol": "(",
    "color": "brown",
    "name": "survivor's 7.62x39 assault rifle",
    "description": "A (mostly) homemade assault rifle built from a full auto receiver.  While still lower quality than most pre-cataclysm rifles, it's superior to many other homemade weapons.  Takes the 7.62x39mm cartridge via its magazine.",
    "price": 120000,
    "material": [ "steel", "wood" ],
    "flags": [ "MODE_BURST" ],
    "skill": "rifle",
    "ammo": "762",
    "weight": 3169,
    "volume": 8,
    "bashing": 12,
    "to_hit": -1,
    "ranged_damage": 5,
    "range": 5,
    "dispersion": 60,
    "sight_dispersion": 60,
    "aim_speed": 6,
    "recoil": 30,
    "durability": 7,
    "burst": 5,
    "reload": 100,
    "loudness": 50,
    "magazines": [ [ "762", [ "surv_762_mag" ] ] ],
    "valid_mod_locations": [
      [ "accessories", 3 ],
      [ "sling", 1 ],
      [ "brass catcher", 1 ],
      [ "muzzle", 1 ],
      [ "barrel", 1 ],
      [ "bore", 1 ],
      [ "conversion", 1 ],
      [ "grip", 1 ],
      [ "magazine", 2 ],
      [ "mechanism", 4 ],
      [ "muzzle", 1 ],
      [ "rail", 1 ],
      [ "sights", 1 ],
      [ "stock", 1 ],
      [ "underbarrel", 1 ]
    ]
  },
  {
    "id": "surv_full_762R",
    "type": "GUN",
    "symbol": "(",
    "color": "brown",
    "name": "survivor's 7.62x54 battle rifle",
    "description": "A (mostly) homemade automatic rifle built from a full auto receiver.  While still lower quality than most pre-cataclysm rifles, it's superior to many other homemade weapons.  Takes the 7.62x54mmR cartridge via its magazine.",
    "looks_like": "surv_full_308",
    "price": 120000,
    "material": [ "steel", "wood" ],
    "flags": [ "MODE_BURST" ],
    "skill": "rifle",
    "ammo": "762R",
    "weight": 3238,
    "volume": 8,
    "bashing": 12,
    "to_hit": -1,
    "ranged_damage": 5,
    "range": 5,
    "dispersion": 60,
    "sight_dispersion": 60,
    "aim_speed": 6,
    "recoil": 30,
    "durability": 7,
    "burst": 5,
    "reload": 100,
    "loudness": 80,
    "magazines": [ [ "762R", [ "surv_762R_mag" ] ] ],
    "valid_mod_locations": [
      [ "accessories", 3 ],
      [ "sling", 1 ],
      [ "brass catcher", 1 ],
      [ "muzzle", 1 ],
      [ "barrel", 1 ],
      [ "bore", 1 ],
      [ "conversion", 1 ],
      [ "grip", 1 ],
      [ "magazine", 2 ],
      [ "mechanism", 4 ],
      [ "muzzle", 1 ],
      [ "rail", 1 ],
      [ "sights", 1 ],
      [ "stock", 1 ],
      [ "underbarrel", 1 ]
    ]
  },
  {
    "id": "surv_full_12",
    "type": "GUN",
    "symbol": "(",
    "color": "brown",
    "name": "survivor's full-auto shotgun",
    "description": "A (mostly) homemade full auto shotgun built from a full auto receiver.  While still lower quality than most pre-cataclysm shotguns, it's superior to many other homemade weapons.  Takes the 12 gauge cartridge via its magazine.",
    "price": 120000,
    "material": [ "steel", "wood" ],
    "flags": [ "MODE_BURST" ],
    "skill": "shotgun",
    "ammo": "shot",
    "weight": 3592,
    "volume": 10,
    "bashing": 12,
    "to_hit": -1,
    "ranged_damage": 0,
    "range": 5,
    "dispersion": 60,
    "sight_dispersion": 60,
    "aim_speed": 8,
    "recoil": 30,
    "durability": 6,
    "burst": 5,
    "reload": 100,
    "loudness": 160,
    "magazines": [ [ "shot", [ "surv_12_mag" ] ] ],
    "valid_mod_locations": [
      [ "accessories", 3 ],
      [ "sling", 1 ],
      [ "brass catcher", 1 ],
      [ "muzzle", 1 ],
      [ "barrel", 1 ],
      [ "bore", 1 ],
      [ "conversion", 1 ],
      [ "grip", 1 ],
      [ "magazine", 2 ],
      [ "mechanism", 4 ],
      [ "rail", 1 ],
      [ "sights", 1 ],
      [ "stock", 1 ],
      [ "underbarrel", 1 ]
    ]
  },
  {
    "id": "surv_lmg_308",
    "type": "GUN",
    "symbol": "(",
    "color": "brown",
    "name": "survivor's .308 GPMG",
    "name_plural": "survivor's .308 GPMGs",
    "description": "A (mostly) homemade GPMG built from a full auto receiver.  Although well-made, its high volume of fire makes reliability an issue.  Takes the .308 cartridge via a belt feed.",
    "price": 150000,
    "material": [ "steel", "wood" ],
    "flags": [ "MODE_BURST" ],
    "skill": "rifle",
    "ammo": "308",
    "weight": 8238,
    "volume": 10,
    "bashing": 12,
    "to_hit": -1,
    "ranged_damage": 10,
    "range": 10,
    "dispersion": 80,
    "sight_dispersion": 80,
    "aim_speed": 8,
    "recoil": 60,
    "durability": 6,
    "burst": 10,
    "reload": 100,
    "loudness": 80,
    "magazines": [ [ "308", [ "surv_belt_308" ] ] ],
    "built_in_mods": [ "lmg_handle" ],
    "valid_mod_locations": [
      [ "accessories", 3 ],
      [ "sling", 1 ],
      [ "brass catcher", 1 ],
      [ "muzzle", 1 ],
      [ "barrel", 1 ],
      [ "bore", 1 ],
      [ "conversion", 1 ],
      [ "grip", 1 ],
      [ "carry handle", 1 ],
      [ "magazine", 2 ],
      [ "mechanism", 4 ],
      [ "muzzle", 1 ],
      [ "rail", 1 ],
      [ "sights", 1 ],
      [ "stock", 1 ],
      [ "underbarrel", 1 ]
    ]
  },
  {
    "id": "surv_lmg_762",
    "type": "GUN",
    "symbol": "(",
    "color": "brown",
    "name": "survivor's 7.62x39 LMG",
    "description": "A (mostly) homemade LMG built from a full auto receiver.  Although well-made, its high volume of fire makes reliability an issue.  Takes the 7.62x39 cartridge via a belt feed.",
    "price": 150000,
    "material": [ "steel", "wood" ],
    "flags": [ "MODE_BURST" ],
    "skill": "rifle",
    "ammo": "762",
    "weight": 8169,
    "volume": 10,
    "bashing": 12,
    "to_hit": -1,
    "ranged_damage": 10,
    "range": 10,
    "dispersion": 80,
    "sight_dispersion": 80,
    "aim_speed": 8,
    "recoil": 60,
    "durability": 6,
    "burst": 10,
    "reload": 100,
    "loudness": 80,
    "magazines": [ [ "762", [ "surv_belt_762" ] ] ],
    "built_in_mods": [ "lmg_handle" ],
    "valid_mod_locations": [
      [ "accessories", 3 ],
      [ "sling", 1 ],
      [ "brass catcher", 1 ],
      [ "muzzle", 1 ],
      [ "barrel", 1 ],
      [ "bore", 1 ],
      [ "conversion", 1 ],
      [ "grip", 1 ],
      [ "carry handle", 1 ],
      [ "magazine", 2 ],
      [ "mechanism", 4 ],
      [ "muzzle", 1 ],
      [ "rail", 1 ],
      [ "sights", 1 ],
      [ "stock", 1 ],
      [ "underbarrel", 1 ]
    ]
  },
  {
    "id": "surv_lmg_223",
    "type": "GUN",
    "symbol": "(",
    "color": "brown",
    "name": "survivor's .223 LMG",
    "description": "A (mostly) homemade LMG built from a full auto receiver.  Although well-made, its high volume of fire makes reliability an issue.  Takes the .223 cartridge via a belt feed.",
    "price": 150000,
    "material": [ "steel", "wood" ],
    "flags": [ "MODE_BURST" ],
    "skill": "rifle",
    "ammo": "223",
    "weight": 8028,
    "volume": 10,
    "bashing": 12,
    "to_hit": -1,
    "ranged_damage": 10,
    "range": 10,
    "dispersion": 80,
    "sight_dispersion": 80,
    "aim_speed": 8,
    "recoil": 60,
    "durability": 6,
    "burst": 10,
    "reload": 100,
    "loudness": 80,
    "magazines": [ [ "223", [ "surv_belt_223" ] ] ],
    "built_in_mods": [ "lmg_handle" ],
    "valid_mod_locations": [
      [ "accessories", 3 ],
      [ "sling", 1 ],
      [ "muzzle", 1 ],
      [ "barrel", 1 ],
      [ "bore", 1 ],
      [ "conversion", 1 ],
      [ "grip", 1 ],
      [ "carry handle", 1 ],
      [ "magazine", 2 ],
      [ "mechanism", 4 ],
      [ "muzzle", 1 ],
      [ "rail", 1 ],
      [ "sights", 1 ],
      [ "stock", 1 ],
      [ "underbarrel", 1 ]
    ]
  },
  {
    "id": "surv_lmg_762R",
    "type": "GUN",
    "symbol": "(",
    "color": "brown",
    "name": "survivor's 7.62x54 GPMG",
    "description": "A (mostly) homemade GPMG built from a full auto receiver.  Although well-made, its high volume of fire makes reliability an issue.  Takes the 7.62x54R cartridge via a belt feed.",
    "looks_like": "surv_lmg_308",
    "price": 150000,
    "material": [ "steel", "wood" ],
    "flags": [ "MODE_BURST" ],
    "skill": "rifle",
    "ammo": "762R",
    "weight": 8358,
    "volume": 10,
    "bashing": 12,
    "to_hit": -1,
    "ranged_damage": 10,
    "range": 10,
    "dispersion": 80,
    "sight_dispersion": 80,
    "aim_speed": 8,
    "recoil": 60,
    "durability": 6,
    "burst": 10,
    "reload": 100,
    "loudness": 100,
    "magazines": [ [ "762R", [ "surv_belt_762R" ] ] ],
    "built_in_mods": [ "lmg_handle" ],
    "valid_mod_locations": [
      [ "accessories", 3 ],
      [ "sling", 1 ],
      [ "brass catcher", 1 ],
      [ "muzzle", 1 ],
      [ "barrel", 1 ],
      [ "bore", 1 ],
      [ "conversion", 1 ],
      [ "grip", 1 ],
      [ "carry handle", 1 ],
      [ "magazine", 2 ],
      [ "mechanism", 4 ],
      [ "muzzle", 1 ],
      [ "rail", 1 ],
      [ "sights", 1 ],
      [ "stock", 1 ],
      [ "underbarrel", 1 ]
    ]
  },
  {
    "id": "survbow",
    "type": "GUN",
    "symbol": "(",
    "color": "light_brown",
    "//": "Effectively a beefed-up composite bow, some loss of accuracy and efficiency compared to making a modern bow.",
    "name": "survivor's fighting bow",
    "description": "A powerful bow that requires a strong archer to use, arms reinforced to improve durability and increase power, especially to compensate for its takedown design.  The tips of the bow have makeshift blades to make this bow an efficient melee weapon when things get close and personal.  Use it to compact the weapon for easier storage.",
    "price": 88000,
    "material": [ "wood", "steel" ],
    "flags": [ "FIRE_TWOHAND", "STR_DRAW", "RELOAD_AND_SHOOT", "PRIMITIVE_RANGED_WEAPON", "DURABLE_MELEE" ],
    "techniques": [ "RAPID", "WBLOCK_2", "PRECISE" ],
    "skill": "archery",
    "min_strength": 9,
    "ammo": "arrow",
    "weight": 1144,
    "volume": 9,
    "bashing": 10,
    "cutting": 18,
    "reload_noise_volume": 4,
    "loudness": 10,
    "ranged_damage": 16,
    "pierce": 2,
    "range": 12,
    "dispersion": 175,
    "durability": 7,
    "clip_size": 1,
    "reload": 75,
    "use_action": { "type": "transform", "msg": "You collapse the fighting bow into its takedown form.", "target": "survbowstored" }
  },
  {
    "id": "surv_sniper",
    "type": "GUN",
    "symbol": "(",
    "color": "brown",
    "name": "survivor's flintlock sniper",
    "description": "A well-made, long-barreled rifle for firing paper cartridges.  Using a breech-loading mechanism and scavenged ferrocerium from a lighter, it compensates for some of the disadvantages common to flintlock firearms.",
    "price": 52000,
    "material": [ "iron", "wood" ],
    "flags": [ "NEVER_JAMS", "RELOAD_ONE" ],
    "skill": "rifle",
    "ammo": "flintlock",
    "weight": 2184,
    "volume": 10,
    "bashing": 12,
    "to_hit": -1,
    "ranged_damage": 25,
    "pierce": 2,
    "dispersion": 50,
    "sight_dispersion": 60,
    "aim_speed": 8,
    "recoil": 100,
    "durability": 8,
    "range": 30,
    "clip_size": 1,
    "reload": 250,
    "loudness": 50,
    "valid_mod_locations": [
      [ "accessories", 4 ],
      [ "sling", 1 ],
      [ "muzzle", 1 ],
      [ "barrel", 1 ],
      [ "bore", 1 ],
      [ "grip", 1 ],
      [ "muzzle", 1 ],
      [ "rail", 1 ],
      [ "sights", 1 ],
      [ "stock", 1 ],
      [ "underbarrel", 1 ]
    ]
  },
  {
    "id": "neo_laser_pistol",
    "type": "GUN",
    "looks_like": "v29",
    "symbol": "(",
    "color": "dark_gray",
    "name": "NEO-33 laser pistol",
    "description": "A relatively small laser pistol, boxy design having just enough concessions to ergonomics to fit well in the hand.  It draws power from compact atomic batteries, offering energy efficiency and prolonged usage, at the expense of firepower and range.  The markings refer to \"Omnitech Labs\" as the manufacturer.",
    "price": 1800000,
    "material": [ "superalloy", "steel" ],
    "ammo_effects": [ "LASER", "INCENDIARY" ],
    "flags": [ "NEVER_JAMS", "FIRE_20", "NON-FOULING" ],
    "skill": "pistol",
    "ammo": "battery",
    "weight": 720,
    "volume": 4,
    "bashing": 4,
    "to_hit": -2,
    "ranged_damage": 15,
    "pierce": 2,
    "range": 10,
    "recoil": 5,
    "loudness": 8,
    "aim_speed": 4,
    "durability": 10,
    "reload": 150,
    "built_in_mods": [ "laser_sight" ],
    "valid_mod_locations": [
      [ "accessories", 2 ],
      [ "sling", 1 ],
      [ "sights", 1 ],
      [ "rail", 1 ],
      [ "underbarrel", 1 ],
      [ "emitter", 1 ],
      [ "lens", 1 ]
    ],
    "magazines": [ [ "battery", [ "light_minus_atomic_battery_cell", "light_atomic_battery_cell" ] ] ]
  },
  {
    "id": "neo_laser_pistol_ups",
    "type": "GUN",
    "looks_like": "v29",
    "symbol": "(",
    "color": "dark_gray",
    "name": "NEO-33 laser pistol",
    "description": "A relatively small laser pistol, boxy design having just enough concessions to ergonomics to fit well in the hand.  It offers energy efficiency and prolonged usage, at the expense of firepower and range.  The markings refer to \"Omnitech Labs\" as the manufacturer.  This one has been converted to use UPS as its fuel source.",
    "price": 1800000,
    "material": [ "superalloy", "steel" ],
    "ammo_effects": [ "LASER", "INCENDIARY" ],
    "flags": [ "NEVER_JAMS", "NO_AMMO", "NON-FOULING" ],
    "skill": "pistol",
    "weight": 720,
    "volume": 4,
    "bashing": 4,
    "to_hit": -2,
    "ranged_damage": 15,
    "pierce": 2,
    "range": 10,
    "recoil": 10,
    "loudness": 8,
    "aim_speed": 4,
    "durability": 10,
    "ups_charges": 20,
    "built_in_mods": [ "laser_sight" ],
    "valid_mod_locations": [
      [ "accessories", 2 ],
      [ "sling", 1 ],
      [ "sights", 1 ],
      [ "rail", 1 ],
      [ "underbarrel", 1 ],
      [ "emitter", 1 ],
      [ "lens", 1 ]
    ]
  },
  {
    "id": "akro_laser_smg",
    "type": "GUN",
    "looks_like": "needlegun",
    "symbol": "(",
    "color": "dark_gray",
    "name": "AKRO-388 laser SMG",
    "description": "Based on the design of the NEO-33, the AKRO-388 is balances energy efficiency with rate of fire, offering decent firepower.  Its body is scaled up and adapted to better handle like common submachineguns in active service.  Relies on atomic batteries instead of a UPS connection.  Its manufacturer is listed as Omnitech Labs.",
    "price": 1800000,
    "material": [ "superalloy", "steel" ],
    "ammo_effects": [ "LASER", "INCENDIARY" ],
    "flags": [ "MODE_BURST", "NEVER_JAMS", "FIRE_20", "NON-FOULING" ],
    "ammo": "battery",
    "skill": "smg",
    "weight": 2680,
    "volume": 6,
    "bashing": 10,
    "to_hit": -2,
    "ranged_damage": 20,
    "pierce": 5,
    "range": 20,
    "recoil": 10,
    "loudness": 8,
    "durability": 10,
    "modes": [ [ "DEFAULT", "semi", 1 ], [ "BURST", "spray", 10 ], [ "AUTO", "auto", 15 ] ],
    "reload": 200,
    "default_mods": [ "rail_laser_sight", "pistol_grip" ],
    "built_in_mods": [ "grip" ],
    "valid_mod_locations": [
      [ "accessories", 2 ],
      [ "sling", 1 ],
      [ "grip", 1 ],
      [ "rail", 1 ],
      [ "sights", 1 ],
      [ "stock", 1 ],
      [ "underbarrel", 2 ],
      [ "emitter", 1 ],
      [ "lens", 1 ]
    ],
    "magazines": [ [ "battery", [ "light_atomic_battery_cell", "light_minus_atomic_battery_cell" ] ] ]
  },
  {
    "id": "akro_laser_smg_ups",
    "type": "GUN",
    "looks_like": "needlegun",
    "symbol": "(",
    "color": "dark_gray",
    "name": "AKRO-388 laser SMG",
    "description": "Based on the design of the NEO-33, the AKRO-388 is balances energy efficiency with rate of fire, offering decent firepower.  Its body is scaled up and adapted to better handle like common submachineguns in active service.  Its manufacturer is listed as Omnitech Labs.  This one has been converted to use UPS as its fuel source.",
    "price": 1800000,
    "material": [ "superalloy", "steel" ],
    "ammo_effects": [ "LASER", "INCENDIARY" ],
    "flags": [ "MODE_BURST", "NEVER_JAMS", "NO_AMMO", "NON-FOULING" ],
    "skill": "smg",
    "weight": 2680,
    "volume": 6,
    "bashing": 10,
    "to_hit": -2,
    "ranged_damage": 20,
    "pierce": 5,
    "range": 20,
    "recoil": 10,
    "loudness": 8,
    "durability": 10,
    "modes": [ [ "DEFAULT", "semi", 1 ], [ "BURST", "spray", 10 ], [ "AUTO", "auto", 15 ] ],
    "ups_charges": 20,
    "default_mods": [ "rail_laser_sight", "pistol_grip" ],
    "built_in_mods": [ "grip" ],
    "valid_mod_locations": [
      [ "accessories", 2 ],
      [ "sling", 1 ],
      [ "grip", 1 ],
      [ "rail", 1 ],
      [ "sights", 1 ],
      [ "stock", 1 ],
      [ "underbarrel", 2 ],
      [ "emitter", 1 ],
      [ "lens", 1 ]
    ]
  },
  {
    "id": "arc_laser_rifle",
    "type": "GUN",
    "symbol": "(",
    "color": "dark_gray",
    "looks_like": "laser_rifle",
    "name": "ARC-314 laser rifle",
    "description": "An experimental laser rifle based on the A7 and AKRO-388, adapted to rely on atomic batteries.  Offers the modular benefits of a combat rifle with the efficiency of a laser weapon, in a relatively compact package.  Overall it mimics the handling and operation of common rifles currently in service, for ease-of-use.  The manufacturer is listed as Omnitech Labs.",
    "price": 1800000,
    "material": [ "superalloy", "steel" ],
    "ammo_effects": [ "LASER", "INCENDIARY" ],
    "flags": [ "MODE_BURST", "NEVER_JAMS", "FIRE_50", "NON-FOULING" ],
    "ammo": "battery",
    "skill": "rifle",
    "weight": 3120,
    "volume": 8,
    "bashing": 12,
    "to_hit": -1,
    "ranged_damage": 50,
    "pierce": 10,
    "range": 30,
    "recoil": 10,
    "loudness": 14,
    "durability": 10,
    "modes": [ [ "DEFAULT", "semi", 1 ], [ "BURST", "burst", 3 ], [ "AUTO", "auto", 10 ] ],
    "reload": 200,
    "default_mods": [ "pistol_grip", "grip" ],
    "valid_mod_locations": [
      [ "accessories", 4 ],
      [ "sling", 1 ],
      [ "grip", 1 ],
      [ "rail", 1 ],
      [ "sights", 1 ],
      [ "stock", 1 ],
      [ "underbarrel", 2 ],
      [ "emitter", 1 ],
      [ "lens", 1 ]
    ],
    "magazines": [ [ "battery", [ "medium_atomic_battery_cell" ] ] ]
  },
  {
    "id": "arc_laser_rifle_ups",
    "type": "GUN",
    "symbol": "(",
    "color": "dark_gray",
    "looks_like": "laser_rifle",
    "name": "ARC-314 laser rifle",
    "description": "An experimental laser rifle based on the A7 and AKRO-388.  Offers the modular benefits of a combat rifle with the efficiency of a laser weapon, in a relatively compact package.  Overall it mimics the handling and operation of common rifles currently in service, for ease-of-use.  The manufacturer is listed as Omnitech Labs.  This one has been converted to use UPS as its fuel source.",
    "price": 1800000,
    "material": [ "superalloy", "steel" ],
    "ammo_effects": [ "LASER", "INCENDIARY" ],
    "flags": [ "MODE_BURST", "NEVER_JAMS", "NO_AMMO", "NON-FOULING" ],
    "skill": "rifle",
    "weight": 3120,
    "volume": 8,
    "bashing": 12,
    "to_hit": -1,
    "ranged_damage": 50,
    "pierce": 10,
    "range": 30,
    "recoil": 10,
    "loudness": 14,
    "durability": 10,
    "modes": [ [ "DEFAULT", "semi", 1 ], [ "BURST", "burst", 3 ], [ "AUTO", "auto", 10 ] ],
    "ups_charges": 50,
    "default_mods": [ "pistol_grip", "grip" ],
    "valid_mod_locations": [
      [ "accessories", 4 ],
      [ "sling", 1 ],
      [ "grip", 1 ],
      [ "rail", 1 ],
      [ "sights", 1 ],
      [ "stock", 1 ],
      [ "underbarrel", 2 ],
      [ "emitter", 1 ],
      [ "lens", 1 ]
    ]
  },
  {
    "id": "krx_laser_lmg",
    "type": "GUN",
    "looks_like": "laser_lmg",
    "symbol": "(",
    "color": "dark_gray",
    "name": "KRX-108 laser LMG",
    "description": "With the power per shot of the ARC and the firerate of the AKRO, Omnitech Labs' KRX-108 was made to overwhelm enemies with supreme firepower.  While not very energy-efficient, this behemoth can deal a devastating blow to large groups of enemies, but each pulse draws heavily from a proprietary atomic battery connection.  If attached to a vehicle mount, it can also make full use of its otherwise-limited automated targeting.",
    "price": 1800000,
    "material": [ "superalloy", "steel" ],
    "ammo_effects": [ "LASER", "INCENDIARY" ],
    "flags": [ "ALWAYS_TWOHAND", "MODE_BURST", "NEVER_JAMS", "FIRE_50", "NON-FOULING" ],
    "ammo": "battery",
    "skill": "rifle",
    "weight": 5620,
    "volume": 12,
    "bashing": 12,
    "to_hit": -2,
    "ranged_damage": 50,
    "pierce": 10,
    "range": 50,
    "dispersion": 10,
    "//": "Fire rate over accuracy but it still is a laser gun.",
    "recoil": 5,
    "loudness": 14,
    "durability": 8,
    "modes": [ [ "DEFAULT", "low auto", 10 ], [ "BURST", "medium auto", 15 ], [ "AUTO", "high auto", 25 ] ],
    "reload": 500,
    "valid_mod_locations": [
      [ "accessories", 2 ],
      [ "sling", 1 ],
      [ "sights", 1 ],
      [ "stock", 1 ],
      [ "underbarrel", 1 ],
      [ "emitter", 1 ],
      [ "lens", 1 ]
    ],
    "magazines": [ [ "battery", [ "heavy_atomic_battery_cell" ] ] ]
  },
  {
    "id": "krx_laser_lmg_ups",
    "type": "GUN",
    "looks_like": "laser_lmg",
    "symbol": "(",
    "color": "dark_gray",
    "name": "KRX-108 laser LMG",
    "description": "With the power per shot of the ARC and the firerate of the AKRO, Omnitech Labs' KRX-108 was made to overwhelm enemies with supreme firepower.  While not very energy-efficient, this behemoth can deal a devastating blow to large groups of enemies.  If attached to a vehicle mount, it can also make full use of its otherwise-limited automated targeting.  This one has been converted to use UPS as its fuel source.",
    "price": 1800000,
    "material": [ "superalloy", "steel" ],
    "ammo_effects": [ "LASER", "INCENDIARY" ],
    "flags": [ "ALWAYS_TWOHAND", "MODE_BURST", "NEVER_JAMS", "NO_AMMO", "NON-FOULING" ],
    "skill": "rifle",
    "weight": 5620,
    "volume": 12,
    "bashing": 12,
    "to_hit": -2,
    "ranged_damage": 50,
    "pierce": 10,
    "range": 50,
    "dispersion": 10,
    "recoil": 5,
    "loudness": 14,
    "durability": 8,
    "modes": [ [ "DEFAULT", "low auto", 10 ], [ "BURST", "medium auto", 15 ], [ "AUTO", "high auto", 25 ] ],
    "ups_charges": 50,
    "valid_mod_locations": [
      [ "accessories", 2 ],
      [ "sling", 1 ],
      [ "sights", 1 ],
      [ "stock", 1 ],
      [ "underbarrel", 1 ],
      [ "emitter", 1 ],
      [ "lens", 1 ]
    ]
  },
  {
    "id": "mx_laser_sniper",
    "type": "GUN",
    "looks_like": "laser_sniper",
    "symbol": "(",
    "color": "dark_gray",
    "name": "MX-84 laser sniper",
    "description": "Omnitech Labs' single shot laser rifle, designed to deal massive damage to a single target.  Intended to be used as a long-range support weapon by modern special forces.  Requires an insane amount of energy to fire a single powerful laser, additionally providing EMP effects.  Uses a propietary atomic battery capacitor system",
    "price": 1600000,
    "material": [ "superalloy", "steel" ],
    "ammo_effects": [ "DRAW_LASER_BEAM", "EMP", "INCENDIARY" ],
    "flags": [ "ALWAYS_TWOHAND", "NEVER_JAMS", "FIRE_100", "NON-FOULING" ],
    "ammo": "battery",
    "skill": "rifle",
    "weight": 2950,
    "volume": 12,
    "bashing": 12,
    "to_hit": -2,
    "ranged_damage": 150,
    "pierce": 20,
    "range": 60,
    "recoil": 15,
    "loudness": 20,
    "durability": 10,
    "reload": 300,
    "default_mods": [ "bipod" ],
    "built_in_mods": [ "rifle_scope" ],
    "valid_mod_locations": [
      [ "accessories", 2 ],
      [ "sling", 1 ],
      [ "grip", 1 ],
      [ "rail", 1 ],
      [ "sights", 2 ],
      [ "stock", 1 ],
      [ "underbarrel", 2 ],
      [ "emitter", 1 ],
      [ "lens", 1 ]
    ],
    "magazines": [ [ "battery", [ "medium_atomic_battery_cell" ] ] ]
  },
  {
    "id": "mx_laser_sniper_ups",
    "type": "GUN",
    "looks_like": "laser_sniper",
    "symbol": "(",
    "color": "dark_gray",
    "name": "MX-84 laser sniper",
    "description": "Omnitech Labs' single shot laser rifle, designed to deal massive damage to a single target.  Intended to be used as a long-range support weapon by modern special forces.  Requires an insane amount of energy to fire a single powerful laser, additionally providing EMP effects.  This one has been converted to use UPS as its fuel source.",
    "price": 1600000,
    "material": [ "superalloy", "steel" ],
    "ammo_effects": [ "DRAW_LASER_BEAM", "EMP", "INCENDIARY" ],
    "flags": [ "ALWAYS_TWOHAND", "NEVER_JAMS", "NO_AMMO", "NON-FOULING" ],
    "skill": "rifle",
    "weight": 2950,
    "volume": 12,
    "bashing": 12,
    "to_hit": -2,
    "ranged_damage": 150,
    "pierce": 20,
    "range": 60,
    "recoil": 10,
    "loudness": 20,
    "durability": 10,
    "ups_charges": 100,
    "default_mods": [ "bipod" ],
    "built_in_mods": [ "rifle_scope" ],
    "valid_mod_locations": [
      [ "accessories", 2 ],
      [ "sling", 1 ],
      [ "grip", 1 ],
      [ "rail", 1 ],
      [ "sights", 2 ],
      [ "stock", 1 ],
      [ "underbarrel", 2 ],
      [ "emitter", 1 ],
      [ "lens", 1 ]
    ]
  },
  {
    "id": "xarm_laser_shotgun",
    "type": "GUN",
    "looks_like": "rm20",
    "symbol": "(",
    "color": "dark_gray",
    "name": "XARM-37 Pulse Scatter Gun",
    "description": "This is a modified double-barreled ARC rifle, designed by Omnitech Labs.  Gains an EMP effect at the cost of range and firepower, relying on atomic cells instead of a UPS hookup.  It is fired in short pulses that act like buckshot; still decent against conventional threats but best against electronics.",
    "price": 1800000,
    "material": [ "superalloy", "steel" ],
    "ammo_effects": [ "LASER", "INCENDIARY", "SHOT", "EMP" ],
    "flags": [ "MODE_BURST", "NEVER_JAMS", "FIRE_50", "NON-FOULING" ],
    "ammo": "battery",
    "skill": "shotgun",
    "weight": 2950,
    "volume": 8,
    "bashing": 8,
    "to_hit": -2,
    "ranged_damage": 20,
    "pierce": 5,
    "range": 10,
    "recoil": 15,
    "loudness": 14,
    "dispersion": 300,
    "durability": 8,
    "default_mods": [ "rail_laser_sight", "pistol_grip" ],
    "modes": [ [ "DEFAULT", "semi", 1 ], [ "BURST", "double-barrel", 2 ] ],
    "reload": 250,
    "valid_mod_locations": [
      [ "accessories", 2 ],
      [ "sling", 1 ],
      [ "grip", 1 ],
      [ "sights", 1 ],
      [ "rail", 1 ],
      [ "stock", 1 ],
      [ "underbarrel", 1 ],
      [ "emitter", 1 ],
      [ "lens", 1 ]
    ],
    "magazines": [ [ "battery", [ "medium_atomic_battery_cell" ] ] ]
  },
  {
    "id": "xarm_laser_shotgun_ups",
    "type": "GUN",
    "looks_like": "rm20",
    "symbol": "(",
    "color": "dark_gray",
    "name": "XARM-37 Pulse Scatter Gun",
    "description": "This is a modified double-barreled ARC rifle, designed by Omnitech Labs.  Gains an EMP effect at the cost of range and firepower.  It is fired in short pulses that act like buckshot; still decent against conventional threats but best against electronics.  This one has been converted to use UPS as its fuel source.",
    "price": 1800000,
    "material": [ "superalloy", "steel" ],
    "ammo_effects": [ "LASER", "INCENDIARY", "SHOT", "EMP" ],
    "flags": [ "MODE_BURST", "NEVER_JAMS", "NO_AMMO", "NON-FOULING" ],
    "skill": "shotgun",
    "weight": 2950,
    "volume": 8,
    "bashing": 8,
    "to_hit": -2,
    "ranged_damage": 20,
    "pierce": 5,
    "range": 10,
    "recoil": 15,
    "loudness": 14,
    "dispersion": 300,
    "durability": 8,
    "default_mods": [ "rail_laser_sight", "pistol_grip" ],
    "modes": [ [ "DEFAULT", "semi", 1 ], [ "BURST", "double-barrel", 2 ] ],
    "ups_charges": 20,
    "valid_mod_locations": [
      [ "accessories", 2 ],
      [ "sling", 1 ],
      [ "grip", 1 ],
      [ "sights", 1 ],
      [ "rail", 1 ],
      [ "stock", 1 ],
      [ "underbarrel", 1 ],
      [ "emitter", 1 ],
      [ "lens", 1 ]
    ]
  },
  {
    "id": "br_bolt_rifle_elec",
    "type": "GUN",
    "looks_like": "bolt_rifle_elec",
    "symbol": "(",
    "color": "dark_gray",
    "name": "BR-96 bolt rifle",
    "description": "An electronic rifle that fires crossbow bolts accelerated to high speeds via UPS.  Intended to be used in wilderness operations, allowing the user to reuse or manufacture ammunition if power is maintained.  Its manufacturer is labeled as Omnitech Labs.",
    "price": 1520000,
    "material": [ "superalloy", "steel" ],
    "flags": [ "RELOAD_ONE", "MODE_BURST", "NEVER_JAMS", "NON-FOULING" ],
    "ups_charges": 2,
    "skill": "rifle",
    "ammo": "bolt",
    "weight": 3280,
    "volume": 8,
    "bashing": 8,
    "to_hit": -2,
    "ranged_damage": 25,
    "range": 20,
    "dispersion": 50,
    "recoil": 20,
    "durability": 8,
    "burst": 4,
    "clip_size": 12,
    "reload": 100,
    "valid_mod_locations": [
      [ "accessories", 2 ],
      [ "sling", 1 ],
      [ "grip", 1 ],
      [ "mechanism", 2 ],
      [ "rail", 1 ],
      [ "sights", 1 ],
      [ "stock", 1 ],
      [ "underbarrel", 1 ]
    ]
  },
  {
    "id": "mk_ionic_cannon",
    "type": "GUN",
    "looks_like": "laser_cannon",
    "symbol": "(",
    "color": "dark_gray",
    "name": "MK-2 Ionic Cannon",
    "description": "It appears to be a launcher that uses a charge of plasma, and a high charge delivered by its UPS connection, to create a powerful pulse of energy.  You hope you never run into anything big enough to need this kind of firepower.",
    "price": 1520000,
    "material": [ "superalloy", "steel" ],
    "ammo_effects": [ "PLASMA", "EXPLOSIVE_HUGE", "STREAM_BIG", "INCENDIARY", "WIDE", "EMP", "FLASHBANG" ],
    "flags": [ "ALWAYS_TWOHAND", "NEVER_JAMS", "NON-FOULING" ],
    "ups_charges": 150,
    "skill": "launcher",
    "ammo": "plasma",
    "weight": 8280,
    "volume": 12,
    "bashing": 8,
    "to_hit": -2,
    "ranged_damage": 250,
    "range": 50,
    "dispersion": 0,
    "recoil": 300,
    "loudness": 25,
    "durability": 10,
    "clip_size": 1,
    "reload": 1000,
    "valid_mod_locations": [ [ "accessories", 2 ], [ "sling", 1 ], [ "stock", 1 ] ]
  }
]
