[
  {
    "abstract": "arcana_note_base",
    "type": "GENERIC",
    "category": "books",
    "name": "arcana note base",
    "weight": 3,
    "material": [ "paper" ],
    "symbol": ",",
    "looks_like": "survnote",
    "color": "white",
    "flags": [ "NO_SALVAGE" ]
  },
  {
    "abstract": "spell_base",
    "type": "TOOL",
    "category": "magic_signs",
    "name": "magic sign base",
    "material": [ "essencemat" ],
    "symbol": ",",
    "drop_action": { "type": "emit_actor" },
    "flags": [ "NO_SALVAGE", "TRADER_AVOID", "UNBREAKABLE_MELEE" ]
  },
  {
    "abstract": "spell_conjure_base",
    "type": "TOOL",
    "category": "magic_signs",
    "name": "exploding and summoning magic sign base",
    "material": [ "essencemat" ],
    "//": "Gains a little weight due to throwing mechanics being weird.",
    "weight": 100,
    "symbol": ",",
    "looks_like": "vortex_stone",
    "flags": [ "NO_SALVAGE", "TRADER_AVOID", "UNBREAKABLE_MELEE" ]
  },
  {
    "abstract": "scroll_base",
    "type": "TOOL",
    "category": "tools",
    "name": "scroll base",
    "weight": 415,
    "volume": 1,
    "price": 2000,
    "material": [ "paper" ],
    "symbol": "!",
    "looks_like": "recipe_creepy",
    "color": "white",
    "flags": [ "NO_SALVAGE" ]
  },
  {
    "abstract": "totem_base",
    "type": "TOOL",
    "name": "magic seal base",
    "material": [ "essencemat" ],
    "symbol": ",",
    "looks_like": "petrified_eye",
    "price": 5000,
    "weight": 50,
    "volume": 1,
    "flags": [ "NO_SALVAGE", "UNBREAKABLE_MELEE" ]
  }
]
