[
  {
    "type": "effect_type",
    "id": "offering",
    "name": [ "Offering" ],
    "resist_effect": "talisman_warding",
    "desc": [ "Something is sapping the life from your body." ],
    "miss_messages": [ [ "Your will to fight fades for a moment.", 2 ] ],
    "rating": "bad",
    "pain_sizing": true,
    "hurt_sizing": true,
    "main_parts_only": true,
    "base_mods": {
      "pain_min": [ 5, 4 ],
      "pain_chance": [ 1, 1 ],
      "hurt_min": [ 10, 8 ],
      "hurt_max": [ 20, 15 ],
      "hurt_chance": [ 1, 1 ]
    }
  },
  {
    "type": "effect_type",
    "id": "potion_numbness",
    "name": [ "Intense Numbness" ],
    "resist_effect": "talisman_warding",
    "desc": [ "Your body feels incredibly numb and sluggish." ],
    "remove_message": "The numbness fades.",
    "//": "Only Mycus Adrenaline in this case can really shake off the sluggishness.",
    "removes_effects": [ "shakes", "formication", "jetinjector", "stimpack", "adrenaline", "meth" ],
    "decay_messages": [ [ "The numbing effect of your potion is starting to fade.", "bad" ] ],
    "rating": "good",
    "max_intensity": 15,
    "int_dur_factor": 10,
    "base_mods": { "pkill_tick": [ 7 ], "pkill_min": [ 25 ], "pkill_max_val": [ 50 ], "speed_mod": [ -15, -10 ] }
  },
  {
    "type": "effect_type",
    "id": "potion_strength",
    "name": [ "Strengthed" ],
    "resist_effect": "talisman_warding",
    "desc": [ "You feel mighty, like you could take on the world." ],
    "remove_message": "The unnatural strength leaves your body.",
    "decay_messages": [ [ "The strengening effect of your potion is starting to fade.", "bad" ] ],
    "rating": "good",
    "max_intensity": 15,
    "int_dur_factor": 10,
    "base_mods": {
      "pain_min": [ 1 ],
      "pain_max_val": [ 10, 5 ],
      "str_mod": [ 3 ],
      "dex_mod": [ -1 ],
      "int_mod": [ -1 ],
      "per_mod": [ -1 ],
      "speed_mod": [ 5 ],
      "stamina_min": [ 4 ]
    }
  },
  {
    "type": "effect_type",
    "id": "potion_speed",
    "name": [ "Speedy" ],
    "desc": [ "Your heart feels like it's beating dangerously fast, you can't even think about rest." ],
    "resist_effect": "talisman_warding",
    "remove_message": "Your heartbeat slows back down to a normal pace.",
    "//": "Hinders relaxing, but paralysis and similar effects are too strong to prevent.",
    "removes_effects": [ "relax_gas", "lack_sleep", "sleep" ],
    "decay_messages": [ [ "The quickening effect of your potion is starting to fade.", "bad" ] ],
    "rating": "good",
    "max_intensity": 15,
    "int_dur_factor": 10,
    "base_mods": {
      "pain_min": [ 1 ],
      "pain_max_val": [ 10, 5 ],
      "str_mod": [ -2 ],
      "dex_mod": [ 2 ],
      "int_mod": [ -2 ],
      "per_mod": [ 2 ],
      "speed_mod": [ 25 ]
    }
  },
  {
    "type": "effect_type",
    "id": "potion_healing",
    "name": [ "Elixir" ],
    "resist_effect": "talisman_warding",
    "desc": [ "Not immortality, but it still feels nice." ],
    "remove_message": "The healing effect fades.",
    "removes_effects": [ "infected", "fungus", "bleed", "common_cold", "flu", "tetanus" ],
    "decay_messages": [ [ "The soothing effect of your potion is starting to fade.", "bad" ] ],
    "rating": "good",
    "max_intensity": 15,
    "int_dur_factor": 10,
    "base_mods": { "pkill_tick": [ 3 ], "pkill_min": [ 5 ], "pkill_max_val": [ 25 ], "speed_mod": [ -10, -5 ] }
  },
  {
    "type": "effect_type",
    "id": "potion_vulnerary",
    "name": [ "Vulnerary" ],
    "resist_effect": "talisman_warding",
    "desc": [ "You can feel a soothing sensation lingering after applying salve to your wounds." ],
    "remove_message": "The vulnerary's after-effects fade.",
    "removes_effects": [ "spores" ],
    "decay_messages": [ [ "The after-effects of the vulnerary are fading.", "bad" ] ],
    "rating": "good",
    "max_intensity": 5,
    "int_dur_factor": 10,
    "base_mods": { "pkill_tick": [ 5 ], "pkill_min": [ 5 ], "pkill_max_val": [ 30 ], "speed_mod": [ -12, -6 ] }
  },
  {
    "type": "effect_type",
    "id": "potion_incense",
    "name": [ "Incense" ],
    "resist_effect": "talisman_warding",
    "desc": [ "Your mind feels energized, warding off fatigue." ],
    "remove_message": "The incense's effect fades.",
    "decay_messages": [ [ "The effects of the incense are fading.", "bad" ] ],
    "rating": "good",
    "max_intensity": 30,
    "int_dur_factor": 10,
    "base_mods": { "str_mod": [ 1 ], "dex_mod": [ 1 ], "int_mod": [ -1, 0 ], "per_mod": [ -1, 0 ], "fatigue_min": [ -1 ] }
  },
  {
    "type": "effect_type",
    "id": "revenant_hunger",
    "name": [ "Revenant Hunger" ],
    "desc": [ "Immunity to food poisoning and parasites, increased hunger gain." ],
    "resist_effect": "talisman_warding",
    "remove_message": "Your craving for rotten food subsides.",
    "blocks_effects": [ "poison", "badpoison", "foodpoison", "paralyzepoison", "bloodworms", "paincysts", "brainworms", "tapeworm" ],
    "decay_messages": [ [ "Your craving for rotten food is starting to wane.", "bad" ] ],
    "rating": "good",
    "max_intensity": 30,
    "int_dur_factor": 10,
    "base_mods": { "hunger_min": [ 1 ], "hunger_chance": [ 3, 6 ], "fatigue_min": [ 1 ], "fatigue_chance": [ 6, 12 ] }
  },
  {
    "type": "effect_type",
    "id": "cold_ward",
    "name": [ "Ward Against Cold" ],
    "desc": [ "Protection against the effects of cold." ],
    "remove_message": "For a moment you feel a terrible chill in the air, as the ward against cold fades.",
    "removes_effects": [ "cold", "frostbite", "frostbite_recovery" ],
    "blocks_effects": [ "cold", "frostbite", "frostbite_recovery" ],
    "decay_messages": [ [ "Your ward against cold is waning.", "bad" ] ],
    "rating": "good",
    "max_intensity": 100,
    "int_dur_factor": 10
  },
  {
    "type": "effect_type",
    "id": "free_action",
    "name": [ "Free Action" ],
    "desc": [ "Protection against paralytic and other hindering effects." ],
    "remove_message": "You feel the otherworldly tension in your muscles leave your body, as the ward against paralytic effects fades.",
    "removes_effects": [
      "downed",
      "winded",
      "stunned",
      "dazed",
      "bouldering",
      "paralyzepoison",
      "webbed",
      "slimed",
      "sap",
      "crushed",
      "relax_gas",
      "grabbed"
    ],
    "blocks_effects": [
      "downed",
      "winded",
      "stunned",
      "dazed",
      "bouldering",
      "paralyzepoison",
      "webbed",
      "slimed",
      "sap",
      "crushed",
      "relax_gas",
      "grabbed"
    ],
    "decay_messages": [ [ "Your spell of free action is waning.", "bad" ] ],
    "rating": "good",
    "max_intensity": 100,
    "int_dur_factor": 10
  },
  {
    "type": "effect_type",
    "id": "heat_ward",
    "name": [ "Ward Against Heat" ],
    "desc": [ "Protection against most effects of heat." ],
    "remove_message": "You feel a strange tingling sensation, as the ward against heat fades.",
    "removes_effects": [ "onfire", "smoke", "hot", "blisters" ],
    "blocks_effects": [ "onfire", "smoke", "hot", "blisters" ],
    "decay_messages": [ [ "The ward against heat is waning.", "bad" ] ],
    "rating": "good",
    "max_intensity": 100,
    "int_dur_factor": 10
  },
  {
    "type": "effect_type",
    "id": "blood_clarity",
    "name": [ "Clarity of Blood" ],
    "desc": [ "Protection against parasitic and corruptive threats, such as the Mycus." ],
    "remove_message": "The soothing sensation coursing through your veins fades, as the protective magic dissipates.",
    "removes_effects": [ "spores", "fungus", "dermatik", "formication", "tapeworm", "bloodworms", "brainworms", "paincysts" ],
    "blocks_effects": [ "spores", "fungus", "dermatik", "formication", "tapeworm", "bloodworms", "brainworms", "paincysts" ],
    "decay_messages": [ [ "Your clarity of blood spell is waning.", "bad" ] ],
    "rating": "good",
    "max_intensity": 100,
    "int_dur_factor": 10
  },
  {
    "type": "effect_type",
    "id": "acid_ward",
    "name": [ "Ward Against Corrosion" ],
    "desc": [ "Protection against lingering acid effects." ],
    "remove_message": "You feel a tingling sensation over your skin, as the protective magic fades.",
    "removes_effects": [ "corroding" ],
    "blocks_effects": [ "corroding" ],
    "decay_messages": [ [ "Your ward against corrosion  is waning.", "bad" ] ],
    "rating": "good",
    "max_intensity": 100,
    "int_dur_factor": 10
  },
  {
    "type": "effect_type",
    "id": "poison_ward",
    "name": [ "Ward Against Poison" ],
    "desc": [ "Protection against toxic gas and venom." ],
    "remove_message": "You feel a momenary weakness as the protective magic fades.",
    "removes_effects": [ "stung", "poison", "badpoison", "paralyzepoison", "teargas" ],
    "blocks_effects": [ "stung", "poison", "badpoison", "paralyzepoison", "teargas" ],
    "max_duration": 1000
  },
  {
    "type": "effect_type",
    "id": "cleric_warding",
    "name": [ "Ward Against Evil" ],
    "desc": [ "Protects against various anomalous effects." ],
    "remove_message": "The magical protection fades.",
    "removes_effects": [ "darkness", "rat", "evil", "attention", "teleglow", "amigara" ],
    "blocks_effects": [ "darkness", "rat", "evil", "attention", "teleglow", "amigara" ],
    "decay_messages": [ [ "Your ward against evil is waning.", "bad" ] ],
    "rating": "good",
    "max_intensity": 100,
    "int_dur_factor": 10
  },
  {
    "type": "effect_type",
    "id": "spell_might",
    "name": [ "Might" ],
    "desc": [ "The fabric of The Veil is woven into your frame  Your strength is augmented by magic." ],
    "remove_message": "You feel weakened as your magically-induced strength leaves you.",
    "decay_messages": [ [ "Your spell of might is waning.", "bad" ] ],
    "rating": "good",
    "max_intensity": 100,
    "int_dur_factor": 10,
    "base_mods": { "str_mod": [ 8 ] }
  },
  {
    "type": "effect_type",
    "id": "spell_agility",
    "name": [ "Agility" ],
    "desc": [ "The winds of distant realms are at your back.  Your dexterity and speed are augmented by magic." ],
    "remove_message": "You feel sluggish as your magically-induced agility leaves you.",
    "decay_messages": [ [ "Your spell of agility is waning.", "bad" ] ],
    "rating": "good",
    "max_intensity": 100,
    "int_dur_factor": 10,
    "base_mods": { "dex_mod": [ 8 ], "speed_mod": [ 30 ] }
  },
  {
    "type": "effect_type",
    "id": "spell_insight",
    "name": [ "Insight" ],
    "desc": [ "The eyes of The Beyond shall guide you.  Your perception is augmented by magic." ],
    "remove_message": "You feel deadened as your magically-induced perception leaves you.",
    "decay_messages": [ [ "Your spell of insight is waning.", "bad" ] ],
    "rating": "good",
    "max_intensity": 100,
    "int_dur_factor": 10,
    "base_mods": { "per_mod": [ 8 ] }
  },
  {
    "type": "effect_type",
    "id": "talisman_warding",
    "name": [ "Alchemical Ward" ],
    "desc": [ "Temporary resistance to the side effects of certain potion effects." ],
    "remove_message": "The taliman's effect fades.",
    "decay_messages": [ [ "The water talisman's blessing is waning.", "bad" ] ],
    "rating": "good",
    "max_intensity": 3,
    "int_dur_factor": 10
  },
  {
    "type": "effect_type",
    "id": "sent_to_hermit",
    "//": "This marks a player as having been led to The Hermit via a quest chain, no name or description since this one is player-side.  Intended to be permanent."
  },
  {
    "type": "effect_type",
    "id": "hermit_inquire_denied",
    "name": [ "Inquiry Denied" ],
    "desc": [
      "AI tag for asking The Hermit for personal information.  Used in case asked_personal_info is ever removed due to lack of use.  Intended duration 3 hours.  This is a bug if you have it."
    ]
  },
  {
    "type": "effect_type",
    "id": "hermit_earned_trust_1",
    "name": [ "Trust 1" ],
    "desc": [
      "AI tag marking The Hermit as having revealed their general familiarity with the arcane.  Intended to be permanent.  This is a bug if you have it."
    ]
  },
  {
    "type": "effect_type",
    "id": "hermit_earned_trust_2",
    "name": [ "Trust 2" ],
    "desc": [
      "AI tag marking The Hermit as having revealed their affiliation with the Keepers of The Oath, and opening up quests.  Intended to be permanent.  This is a bug if you have it."
    ]
  },
  {
    "type": "effect_type",
    "id": "hermit_stage_1",
    "name": [ "Quest Stage 1" ],
    "desc": [
      "AI tag marking The Hermit's quest progression, changing dialogue.  Intended to be permanent.  This is a bug if you have it."
    ]
  },
  {
    "type": "effect_type",
    "id": "hermit_stage_2",
    "name": [ "Quest Stage 2" ],
    "desc": [
      "AI tag marking The Hermit's quest progression, changing dialogue.  Intended to be permanent.  This is a bug if you have it."
    ]
  },
  {
    "type": "effect_type",
    "id": "hermit_stage_3",
    "name": [ "Quest Stage 3" ],
    "desc": [
      "AI tag marking The Hermit's quest progression, changing dialogue.  Intended to be permanent.  This is a bug if you have it."
    ]
  },
  {
    "type": "effect_type",
    "id": "hermit_stage_4",
    "name": [ "Quest Stage 4" ],
    "desc": [
      "AI tag marking The Hermit's quest progression, changing dialogue.  Intended to be permanent.  This is a bug if you have it."
    ]
  }
]
