[
  {
    "id": "reading_lights",
    "type": "item_group",
    "items": [
      [ "candle", 20 ],
      [ "oil_lamp", 20 ],
      [ "flashlight", 15 ],
      [ "wearable_light", 15 ],
      [ "electric_lantern", 10 ],
      [ "gasoline_lantern", 10 ],
      [ "survivor_light", 5 ],
      [ "atomic_lamp", 1 ]
    ]
  },
  {
    "id": "magic_crafting",
    "type": "item_group",
    "items": [
      [ "gold_small", 1 ],
      [ "gold_small", 10 ],
      [ "silver_small", 2 ],
      [ "silver_small", 20 ],
      [ "scrap", 15 ],
      [ "feather", 5 ],
      [ "copper", 15 ],
      [ "diamond", 1 ],
      { "item": "essence", "prob": 25, "count": [ 1, 3 ] },
      { "item": "essence_blood", "prob": 25, "count": [ 2, 6 ] },
      { "item": "essence_dull", "prob": 25, "count": [ 4, 8 ] }
    ]
  },
  {
    "type": "mapgen",
    "method": "json",
    "om_terrain": [ "arcanist_basement" ],
    "weight": 75,
    "object": {
      "fill_ter": "t_rock",
      "rotation": [ 0, 3 ],
      "rows": [
        "                        ",
        "                        ",
        "                        ",
        "                        ",
        "                        ",
        "  --------------------  ",
        "  |].................|  ",
        "  |].................|  ",
        "  |].................|  ",
        "  |].........|---+---|  ",
        "  |].........|{......|  ",
        "  |--++--|-+-|{.....C|  ",
        "  |......|...|{....hC|  ",
        "  |.b..b.|.<.|{...CCC|  ",
        "  |......|------------  ",
        "  |..CC..|              ",
        "  |......|              ",
        "  --------              ",
        "                        ",
        "                        ",
        "                        ",
        "                        ",
        "                        ",
        "                        "
      ],
      "palettes": [ "arcana_palette" ],
      "place_loot": [
        { "group": "cult_sacrifice", "x": 4, "y": 13, "chance": 100 },
        { "group": "cult_sacrifice", "x": 7, "y": 13, "chance": 100 },
        { "group": "sanguine_cult_casualties", "x": 19, "y": 12, "chance": 75 },
        { "group": "sanguine_cult_books", "x": 3, "y": [ 6, 10 ], "chance": 75, "repeat": 5 },
        { "group": "sanguine_cult_spells", "x": 3, "y": [ 6, 10 ], "chance": 10 },
        { "item": "book_syncretism", "x": 3, "y": [ 6, 10 ], "chance": 5 },
        { "item": "human_flesh", "x": 20, "y": [ 11, 13 ], "chance": 50, "repeat": 5 },
        { "item": "blood_athame", "x": [ 18, 19 ], "y": 13, "chance": 50 },
        { "group": "sanguine_cult_consumables", "x": 14, "y": 10, "chance": 30, "repeat": 3 },
        { "group": "sanguine_cult_crafting", "x": 14, "y": 10, "chance": 40, "repeat": 5 },
        { "item": "essence_blood", "x": [ 5, 6 ], "y": 15, "chance": 50, "repeat": 10 },
        { "item": "note_sanguine_tenet", "x": 3, "y": [ 6, 10 ], "chance": 90 }
      ],
      "place_monster": [
        { "monster": "mon_dementia", "x": 9, "y": 7, "repeat": [ 1, 4 ] },
        { "monster": "mon_dementia", "x": 17, "y": 11, "repeat": [ 1, 3 ] },
        { "monster": "mon_homunculus", "x": 5, "y": 16, "repeat": 1 }
      ]
    }
  },
  {
    "type": "mapgen",
    "method": "json",
    "om_terrain": [ "arcanist_basement" ],
    "weight": 100,
    "object": {
      "fill_ter": "t_rock",
      "rotation": [ 0, 3 ],
      "rows": [
        " ---------------------  ",
        " |]......rrrrr......]|  ",
        " |]....b.rrCrr.b....]|  ",
        " |]......rrrrr......]|  ",
        " |].......rrr.......]|  ",
        " |].ppppp.rrr.ppppp.]|  ",
        " |........rrr........|  ",
        " |..ppppp.rrr.ppppp..|  ",
        " |........rrr........|  ",
        " |..ppppp.rrr.ppppp..|  ",
        " |...................|  ",
        " |{{{{{..|-+-|..{{{{{|  ",
        " --------|...|--------  ",
        "         |.<.|          ",
        "         -----          ",
        "                        ",
        "                        ",
        "                        ",
        "                        ",
        "                        ",
        "                        ",
        "                        ",
        "                        ",
        "                        "
      ],
      "palettes": [ "arcana_palette" ],
      "place_loot": [
        { "item": "holy_symbol", "x": 11, "y": 2, "chance": 90 },
        { "item": "note_flame_tenet", "x": 11, "y": 2, "chance": 90 },
        { "group": "cleansing_flame_spells", "x": 11, "y": 2, "chance": 10 },
        { "group": "cleansing_flame_casualties", "x": [ 2, 20 ], "y": [ 1, 10 ], "chance": 50, "repeat": 4 },
        { "group": "cleansing_flame_books", "x": 2, "y": [ 1, 5 ], "chance": 50, "repeat": 5 },
        { "group": "cleansing_flame_books", "x": 20, "y": [ 1, 5 ], "chance": 50, "repeat": 5 },
        { "item": "book_syncretism", "x": 20, "y": [ 1, 5 ], "chance": 5 },
        { "group": "cleansing_flame_gear_consumables", "x": [ 2, 6 ], "y": 11, "chance": 30, "repeat": 3 },
        { "group": "cleansing_flame_crafting", "x": [ 16, 20 ], "y": 11, "chance": 50, "repeat": 5 }
      ],
      "place_monsters": [ { "monster": "GROUP_PREPPER_HOUSE", "x": [ 2, 20 ], "y": [ 1, 10 ], "density": 0.15 } ]
    }
  },
  {
    "type": "mapgen",
    "method": "json",
    "om_terrain": [ "arcanist_basement" ],
    "weight": 50,
    "object": {
      "fill_ter": "t_rock",
      "rotation": [ 0, 3 ],
      "rows": [
        "                        ",
        "                        ",
        "                        ",
        "                        ",
        "      -----------       ",
        "      |.........|       ",
        "      |.........|       ",
        "      |+-|-+-|-+|       ",
        "      |rr|...|rr|       ",
        "      |rr|.<.|rr|       ",
        "      |rr|...|rr|       ",
        "     -|rr|-+-|rr|-      ",
        "     |rr--...--rr|      ",
        "     |rr-]...]-rr|      ",
        "     |rr--]{]--rr|      ",
        "     -|rr-----rr|-      ",
        "    |---+-]]]-+---|     ",
        "    |.............|     ",
        "    |.p.p..b..p.p.|     ",
        "    |.p.p.....p.p.|     ",
        "    |......P......|     ",
        "    ---------------     ",
        "                        ",
        "                        "
      ],
      "palettes": [ "arcana_palette" ],
      "place_loot": [
        { "item": "offering_chalice_used", "x": 11, "y": 19 },
        { "item": "note_chalice_tenet", "x": 11, "y": 19, "chance": 90 },
        { "group": "chalice_cult_spells", "x": 11, "y": 19, "chance": 10 },
        { "group": "chalice_cult_casualties", "x": 11, "y": 13, "chance": 100 },
        { "group": "chalice_cult_casualties", "x": [ 2, 20 ], "y": [ 1, 10 ], "chance": 75, "repeat": 3 },
        { "group": "chalice_cult_books", "x": [ 10, 12 ], "y": 16, "chance": 40, "repeat": 5 },
        { "item": "book_syncretism", "x": [ 10, 12 ], "y": 16, "chance": 5 },
        { "group": "chalice_cult_books", "x": 9, "y": 13, "chance": 30, "repeat": 3 },
        { "group": "chalice_cult_books", "x": 13, "y": 13, "chance": 30, "repeat": 3 },
        { "group": "chalice_cult_books", "x": 10, "y": 14, "chance": 30, "repeat": 3 },
        { "group": "chalice_cult_books", "x": 12, "y": 14, "chance": 30, "repeat": 3 },
        { "group": "chalice_cult_consumables", "x": 11, "y": 14, "chance": 30, "repeat": 3 },
        { "group": "chalice_cult_crafting", "x": 11, "y": 14, "chance": 30, "repeat": 4 },
        { "group": "cult_sacrifice", "x": 11, "y": 18, "chance": 100 }
      ],
      "place_monsters": [
        { "monster": "GROUP_CF_BASEMENT", "x": [ 5, 17 ], "y": [ 17, 20 ], "density": 0.15 },
        { "monster": "GROUP_CF_BASEMENT", "x": [ 7, 15 ], "y": [ 5, 6 ], "density": 0.05 }
      ],
      "place_monster": [
        { "monster": "mon_dementia", "x": 11, "y": 13, "repeat": [ 1, 2 ] },
        { "monster": "mon_flesh_angel", "x": 11, "y": 19 }
      ]
    }
  },
  {
    "type": "mapgen",
    "method": "json",
    "om_terrain": [ "arcanist_basement" ],
    "weight": 125,
    "object": {
      "fill_ter": "t_rock",
      "rotation": [ 0, 3 ],
      "rows": [
        "  --------------------  ",
        "  |B.........CCCCC..]|  ",
        "  |D................]|  ",
        "  |.................]|  ",
        "  |.................]|  ",
        "  |.................]|  ",
        "  |{.................|  ",
        "  |{................C|  ",
        "  |{...............hd|  ",
        "  |{.................|  ",
        "  |{................}|  ",
        "  |------|-+-|-------|  ",
        "         |...|          ",
        "         |.<.|          ",
        "         -----          ",
        "                        ",
        "                        ",
        "                        ",
        "                        ",
        "                        ",
        "                        ",
        "                        ",
        "                        ",
        "                        "
      ],
      "palettes": [ "arcana_palette" ],
      "place_loot": [
        { "item": "matches", "x": 20, "y": 7, "chance": 50 },
        { "group": "reading_lights", "x": 20, "y": 7, "chance": 90 },
        { "group": "cannedfood", "x": [ 13, 17 ], "y": 1, "chance": 75, "repeat": 5 },
        { "group": "homebooks", "x": 20, "y": [ 1, 5 ], "chance": 75, "repeat": 6 },
        { "group": "unaligned_arcanist_books", "x": 20, "y": [ 1, 5 ], "chance": 50, "repeat": 6 },
        { "group": "magic_crafting", "x": 3, "y": [ 6, 10 ], "chance": 35, "repeat": 8 },
        { "group": "magic_consumables", "x": 20, "y": 10, "chance": 50, "repeat": 3 },
        { "item": "book_syncretism", "x": 20, "y": 10, "chance": 75 },
        { "group": "unaligned_arcanist_spells", "x": 20, "y": 10, "chance": 15 }
      ],
      "place_monsters": [
        { "monster": "GROUP_CF_BASEMENT", "x": [ 3, 20 ], "y": [ 1, 10 ], "density": 0.15 },
        { "monster": "GROUP_PREPPER_HOUSE", "x": [ 3, 20 ], "y": [ 1, 10 ], "density": 0.15 }
      ]
    }
  }
]
