[
  {
    "type": "palette",
    "id": "arcana_palette",
    "terrain": {
        "+": "t_door_c",
        "-": "t_wall",
        "|": "t_wall",
        "#": "t_rock",
        "=": "t_rock_smooth",
        ".": "t_rock_floor",
        ",": [ "t_grass", "t_dirt", "t_dirt", "t_dirt" ],
        "&": "t_rock_floor",
        "_": "t_floor",
        "<": "t_stairs_up",
        ">": "t_stairs_down",
        ";": "t_water_dp",
        "~": "t_water_sh",
        "^": "t_lava",
        "[": "t_rock_floor",
        "]": "t_rock_floor",
        "{": "t_rock_floor",
        "}": "t_rock_floor",
        "1": "t_window_stained_red",
        "2": "t_window_stained_green",
        "3": "t_window_stained_blue",
        "8": "t_rock_floor",
        "A": "t_rock_floor",
        "B": "t_rock_floor",
        "C": "t_rock_floor",
        "D": "t_rock_floor",
        "E": "t_rock_floor_no_roof",
        "F": "t_rock_floor",
        "I": "t_column",
        "K": "t_rock_floor",
        "X": "t_door_boarded",
        "S": "t_rock_floor",
        "Z": "t_rock_floor",
        "a": "t_rock_floor",
        "b": "t_rock_floor",
        "c": "t_rock_floor",
        "d": "t_rock_floor",
        "e": "t_rock_floor",
        "f": "t_rock_floor",
        "g": "t_bridge",
        "h": "t_rock_floor",
        "i": "t_rock_floor",
        "m": "t_dirtmound",
        "n": "t_rock_floor",
        "o": "t_rock_floor",
        "p": "t_rock_floor",
        "r": "t_carpet_red",
        "s": "t_rock_floor",
        "t": "t_rock_floor",
        "v": "t_rock_floor",
        "u": "t_pit_shallow",
        "x": "t_door_locked_interior"
    },
    "furniture": {
        "[": "f_butcher_rack",
        "]": "f_bookcase",
        "{": "f_rack",
        "}": "f_safe_l",
        "8": "f_shackle",
        "A": "f_anvil",
        "B": "f_bed",
        "C": "f_counter",
        "D": "f_dresser",
        "F": "f_forge",
        "K": "f_kiln_empty",
        "S": "f_statue",
        "Z": "f_altar_arcana",
        "a": "f_slab",
        "b": "f_brazier",
        "c": "f_crate_o",
        "d": "f_desk",
        "e": "f_table",
        "f": "f_fridge",
        "h": "f_chair",
        "i": "f_candle_barrier",
        "n": "f_cupboard",
        "o": "f_oven",
        "p": "f_bench",
        "s": "f_sink",
        "t": "f_bathtub",
        "v": "f_woodstove"
    },
    "toilets": { "&": {  } },
    "mapping": {
      "B": { "furniture": "f_bed", "items": [ { "item": "bed", "chance": 90, "repeat": [ 1, 2 ] } ] },
      "D": { "furniture": "f_dresser", "items": { "item": "dresser", "chance": 85, "repeat": [ 1, 4 ] } }
    }
  }
]
