[
  {
    "type": "MONSTER_FACTION",
    "name": "moruboru",
    "friendly": [ "nether", "triffid" ]
  },
  {
    "type": "MONSTER_FACTION",
    "name": "archon",
    "friendly": [ "nether", "cult", "vortex" ]
  },
  {
    "type": "MONSTER_FACTION",
    "name": "nether",
    "friendly": [ "blob", "cult", "moruboru", "archon" ]
  },
  {
    "type": "MONSTER_FACTION",
    "name": "cult",
    "base_faction": "zombie",
    "neutral": [ "nether" ],
    "friendly": [ "archon" ]
  },
  {
    "type": "MONSTER_FACTION",
    "name": "triffid",
    "base_faction": "plant",
    "friendly": [ "moruboru" ]
  },
  {
    "type": "MONSTER_FACTION",
    "name": "vortex",
    "friendly": [ "archon" ]
  }
]
