[
  {
    "type": "overmap_special",
    "id": "Curious Structure",
    "overmaps": [
      { "point": [ 0, 0, 0 ], "overmap": "curious_structure_north" },
      { "point": [ 0, 0, -1 ], "overmap": "curious_structure_b_north" },
      { "point": [ 0, 0, -2 ], "overmap": "curious_structure_b2_north" },
      { "point": [ 0, 0, 1 ], "overmap": "curious_structure_roof_north" }
    ],
    "locations": [ "field", "forest" ],
    "city_distance": [ 20, -1 ],
    "occurrences": [ 1, 1 ],
    "flags": [ "CLASSIC", "UNIQUE" ]
  },
  {
    "type": "overmap_special",
    "id": "Strange Grove",
    "overmaps": [
      { "point": [ 0, 0, 0 ], "overmap": "strange_grove_north" },
      { "point": [ 0, 0, -1 ], "overmap": "grove_ruins_north" }
    ],
    "locations": [ "forest" ],
    "city_distance": [ 0, -1 ],
    "occurrences": [ 1, 1 ],
    "flags": [ "CLASSIC", "UNIQUE" ]
  },
  {
    "type": "overmap_special",
    "id": "Floating Temple",
    "overmaps": [
      { "point": [ 0, 0, 0 ], "overmap": "impact_site_north" },
      { "point": [ 0, 0, 1 ], "overmap": "impact_platforms_center_north" },
      { "point": [ -1, 0, 1 ], "overmap": "impact_platforms_left_north" },
      { "point": [ 1, 0, 1 ], "overmap": "impact_platforms_right_north" },
      { "point": [ -1, 0, 2 ], "overmap": "impact_temple_left_north" },
      { "point": [ 1, 0, 2 ], "overmap": "impact_temple_right_north" },
      { "point": [ 0, 0, 2 ], "overmap": "impact_temple_center_north" },
      { "point": [ -1, 0, 3 ], "overmap": "impact_roof_left_north" },
      { "point": [ 1, 0, 3 ], "overmap": "impact_roof_right_north" },
      { "point": [ 0, 0, 3 ], "overmap": "impact_roof_center_north" }
    ],
    "locations": [ "field", "forest", "swamp" ],
    "city_distance": [ 20, -1 ],
    "occurrences": [ 1, 1 ],
    "flags": [ "CLASSIC", "UNIQUE" ],
    "spawns": { "group": "GROUP_ARCHON", "population": [ 100, 300 ], "radius": [ 20, 40 ] }
  },
  {
    "type": "overmap_special",
    "id": "Island Temple",
    "overmaps": [
      { "point": [ 0, 0, 0 ], "overmap": "island_temple_1_north" },
      { "point": [ 1, 0, 0 ], "overmap": "island_temple_2_north" },
      { "point": [ 0, 1, 0 ], "overmap": "island_temple_3_north" },
      { "point": [ 1, 1, 0 ], "overmap": "island_temple_4_north" },
      { "point": [ 0, 0, -1 ], "overmap": "island_temple_b_1_north" },
      { "point": [ 1, 0, -1 ], "overmap": "island_temple_b_2_north" },
      { "point": [ 0, 1, -1 ], "overmap": "island_temple_b_3_north" },
      { "point": [ 1, 1, -1 ], "overmap": "island_temple_b_4_north" },
      { "point": [ 0, 0, 1 ], "overmap": "island_temple_roof_north" },
      { "point": [ 1, 0, 1 ], "overmap": "island_temple_roof_east" },
      { "point": [ 0, 1, 1 ], "overmap": "island_temple_roof_west" },
      { "point": [ 1, 1, 1 ], "overmap": "island_temple_roof_south" }
    ],
    "locations": [ "forest", "swamp" ],
    "city_distance": [ 20, -1 ],
    "occurrences": [ 1, 1 ],
    "flags": [ "CLASSIC", "UNIQUE" ]
  },
  {
    "type": "overmap_special",
    "id": "Ruined Shrine",
    "overmaps": [ { "point": [ 0, 0, 0 ], "overmap": "shrine_anomaly_north" } ],
    "locations": [ "wilderness", "swamp" ],
    "city_distance": [ 20, -1 ],
    "occurrences": [ 0, 3 ],
    "flags": [ "CLASSIC" ]
  },
  {
    "type": "overmap_special",
    "id": "Hermit Cabin",
    "overmaps": [
      { "point": [ 0, 0, 0 ], "overmap": "arcana_hermitage_1_north" },
      { "point": [ 0, 0, 1 ], "overmap": "arcana_hermitage_2_north" }
    ],
    "connections": [ { "point": [ 0, 1, 0 ], "terrain": "road" } ],
    "locations": [ "wilderness" ],
    "city_distance": [ 16, -1 ],
    "city_sizes": [ 0, 20 ],
    "occurrences": [ 90, 100 ],
    "flags": [ "CLASSIC", "UNIQUE" ]
  }
]
