[
  {
    "type": "profession",
    "ident": "arcanist_apprentice",
    "name": "Apprentice",
    "description": "You were an aspiring student of a well-learned master of the mysterious arts.  Sadly, you had only just begun your apprenticeship when your master was claimed by the end of the world.",
    "points": 1,
    "items": {
      "both": {
        "items": [ "tunic_rag", "robe", "socks", "bastsandals", "gloves_leather", "knit_scarf", "book_magicfordummies" ],
        "entries": [ { "item": "makeshift_knife", "container-item": "sheath" } ]
      },
      "male": [ "boxer_shorts" ],
      "female": [ "bra", "panties" ]
    },
    "traits": [ "PROF_ARCANIST" ]
  },
  {
    "type": "profession",
    "ident": "arcanist_alchemist",
    "name": "Alchemist",
    "description": "You studied under a well-learned scholar, a seeker of the fabled elixir of life.  Despite the tutelage of a master alchemist, you never got any closer to finishing the great work.",
    "points": 2,
    "skills": [ { "level": 5, "name": "cooking" }, { "level": 2, "name": "firstaid" } ],
    "items": {
      "both": {
        "items": [
          "tank_top",
          "duster",
          "pants",
          "socks",
          "boots",
          "gloves_fingerless",
          "backpack",
          "matches",
          "chemistry_set_basic",
          "red_black_vulnerary",
          "chem_ethanol",
          "bottle_glass",
          "book_potioncraft",
          "essence"
        ],
        "entries": [ { "item": "punch_dagger", "container-item": "sheath" } ]
      },
      "male": [ "briefs" ],
      "female": [ "bra", "panties" ]
    },
    "traits": [ "PROF_ARCANIST" ],
    "flags": [ "SCEN_ONLY" ]
  },
  {
    "type": "profession",
    "ident": "arcanist_scribe",
    "name": "Scribe",
    "description": "You were a well-read scholar, learning the basics of giving true power to the written word.  You dreamt of great archives holding forbidden knowledge, but all you have seen lately is a ruined world.",
    "points": 2,
    "skills": [ { "level": 2, "name": "magic" }, { "level": 2, "name": "fabrication" } ],
    "items": {
      "both": [
        "dress_shirt",
        "peacoat",
        "pants",
        "socks",
        "dress_shoes",
        "mbag",
        "pockknife",
        "matches",
        "flask_hip",
        "candle",
        "survival_marker",
        "scroll_blank",
        "scroll_sun",
        "book_scrollcraft",
        "monster_tear",
        "essence"
      ],
      "male": [ "briefs" ],
      "female": [ "bra", "panties" ]
    },
    "traits": [ "PROF_ARCANIST" ],
    "flags": [ "SCEN_ONLY" ]
  },
  {
    "type": "profession",
    "ident": "arcanist_bloodmage",
    "name": "Blood Mage",
    "description": "You have beheld true power, as a member of the Sanguine Order.  Power from within, as well as power from beyond.  But at what cost?",
    "points": 4,
    "skills": [
      { "level": 3, "name": "magic" },
      { "level": 1, "name": "firstaid" },
      { "level": 1, "name": "gun" },
      { "level": 1, "name": "melee" },
      { "level": 1, "name": "stabbing" },
      { "level": 1, "name": "dodge" }
    ],
    "items": {
      "both": {
        "items": [ "dress_shirt", "robe", "socks", "boots", "backpack", "waterskin", "matches", "bowl_clay", "book_bloodmagic" ],
        "entries": [
          { "item": "bloodscourge", "ammo-item": "essence_blood", "charges": 15 },
          { "item": "revenant_crown", "charges": 2 },
          { "item": "rag", "count": 3 },
          { "item": "blood_athame", "container-item": "sheath" }
        ]
      },
      "male": [ "boxer_briefs", "pants" ],
      "female": [ "bra", "panties", "skirt" ]
    },
    "traits": [ "PROF_SANGUINE" ],
    "flags": [ "SCEN_ONLY" ]
  },
  {
    "type": "profession",
    "ident": "arcanist_magehunter",
    "name": "Mage Hunter",
    "description": "You were a member of The Cleansing Flame, a religious order.  The end of all has come.  The barrier between worlds has been shattered.  The dead hunger for the living.  But you will not give in.",
    "points": 4,
    "skills": [
      { "level": 4, "name": "magic" },
      { "level": 2, "name": "melee" },
      { "level": 2, "name": "bashing" },
      { "level": 1, "name": "dodge" }
    ],
    "items": {
      "both": {
        "items": [
          "dress_shirt",
          "pants",
          "socks",
          "boots_larmor",
          "gauntlets_larmor",
          "helmet_barbute",
          "holy_symbol",
          "backpack",
          "waterskin",
          "matches",
          "book_hexenhammer"
        ],
        "entries": [
          { "item": "hexenhammer", "charges": 1 },
          { "item": "somen_clairvoyance", "charges": 12 },
          { "item": "gilded_aegis", "charges": 30 },
          { "item": "knife_hunting", "container-item": "sheath" }
        ]
      },
      "male": [ "boxer_shorts" ],
      "female": [ "sports_bra", "boy_shorts" ]
    },
    "traits": [ "PROF_CLEANSINGFLAME" ],
    "flags": [ "SCEN_ONLY" ]
  },
  {
    "type": "profession",
    "ident": "arcanist_oathkeeper",
    "name": "Dark Priest",
    "description": "He From Beyond The Veil calls to you, to your brothers and sisters.  And the faithful, those who remain at least, shall bring him into this world.",
    "points": 6,
    "skills": [ { "level": 5, "name": "magic" }, { "level": 2, "name": "gun" }, { "level": 2, "name": "dodge" } ],
    "items": {
      "both": {
        "items": [ "loincloth", "tunic", "socks", "bastsandals", "mbag", "waterskin", "matches", "offering_chalice", "book_sacrifice" ],
        "entries": [
          { "item": "thunder_sigil", "ammo-item": "essence", "charges": 5 },
          { "item": "robe_shadow", "charges": 10 },
          { "item": "gauntlets_necro", "charges": 1 },
          { "item": "copper_knife", "container-item": "sheath" }
        ]
      },
      "female": [ "chestwrap" ]
    },
    "traits": [ "PROF_CHALICE" ],
    "flags": [ "SCEN_ONLY" ]
  },
  {
    "type": "profession",
    "ident": "arcanist_summoner",
    "name": "Summoner",
    "description": "You were a student of a master arcanist.  Not taught to merely take advantage of power from beyond, no.  Taught to draw it forth in living form, bind it to your will.  If only your master hadn't summoned more power than could be controlled.",
    "points": 6,
    "skills": [ { "level": 6, "name": "magic" }, { "level": 5, "name": "fabrication" }, { "level": 2, "name": "dodge" } ],
    "items": {
      "both": {
        "items": [
          "tunic",
          "cloak",
          "socks",
          "boots",
          "gloves_leather",
          "knit_scarf",
          "backpack",
          "waterskin",
          "triffid_garland",
          "q_staff",
          "matches",
          "bowl_pewter",
          "summon_kreck",
          "summon_blank",
          "monster_fang",
          "wyrmskin_piece",
          "book_summoning"
        ],
        "entries": [ { "item": "makeshift_knife", "container-item": "sheath" }, { "item": "essence", "count": 5 } ]
      },
      "male": [ "boxer_shorts" ],
      "female": [ "bra", "panties" ]
    },
    "traits": [ "PROF_ARCANIST", "SPELL_SUMMONSHADOW", "SPELL_SUMMONSHADOWSNAKE" ],
    "flags": [ "SCEN_ONLY" ]
  },
  {
    "type": "profession",
    "ident": "arcanist_shrike",
    "name": "Sanguine Shrike",
    "description": "You were a hunter of hunters, protecting your fellow blood mages during rituals and important missions.  As the Sanguine Order crumbled, many of your brethren strayed from The Path and left the Order to rot.  Will you follow suit?",
    "points": 7,
    "skills": [
      { "level": 3, "name": "magic" },
      { "level": 2, "name": "melee" },
      { "level": 2, "name": "throw" },
      { "level": 2, "name": "cutting" },
      { "level": 2, "name": "dodge" },
      { "level": 1, "name": "gun" },
      { "level": 1, "name": "pistol" }
    ],
    "items": {
      "both": {
        "items": [ "duster", "backpack", "tricorne", "socks", "boots", "flask_hip", "ref_lighter", "bowl_clay", "book_bloodmagic" ],
        "entries": [
          { "item": "armor_wyrm", "ammo-item": "essence_blood", "charges": [ 4, 8 ] },
          { "item": "bloodaxe", "ammo-item": "essence_blood", "charges": 1 },
          { "item": "2_shot_special", "ammo-item": "38_special", "charges": 2, "container-item": "holster" },
          { "item": "38_special", "charges": 18, "container-item": "bandolier_pistol" },
          { "item": "blindfold", "custom-flags": [ "no_auto_equip" ] },
          { "item": "ear_plugs", "custom-flags": [ "no_auto_equip" ] }
        ]
      },
      "male": [ "boxer_shorts" ],
      "female": [ "sports_bra", "boy_shorts" ]
    },
    "traits": [ "PROF_SANGUINE" ],
    "flags": [ "SCEN_ONLY" ]
  },
  {
    "type": "profession",
    "ident": "arcanist_purifier",
    "name": "Arcane Purifier",
    "description": "You have embraced modern technology and mystical power alike, in your pursuit of knowledge and a way to prevent the cataclysm. Once of the Cleansing Flame, whether you went rogue or still honor their ideals, that no longer matters anymore.",
    "points": 7,
    "CBMs": [ "bio_lockpick", "bio_fingerhack", "bio_batteries", "bio_power_storage" ],
    "skills": [
      { "level": 4, "name": "magic" },
      { "level": 2, "name": "gun" },
      { "level": 2, "name": "pistol" },
      { "level": 1, "name": "melee" },
      { "level": 1, "name": "cutting" },
      { "level": 1, "name": "computer" },
      { "level": 1, "name": "electronics" }
    ],
    "items": {
      "both": {
        "items": [
          "tshirt",
          "pants_cargo",
          "trenchcoat",
          "socks",
          "boots",
          "gloves_fingerless",
          "knit_scarf",
          "backpack",
          "smart_phone",
          "matches",
          "bowl_clay",
          "book_hexenhammer"
        ],
        "entries": [
          { "item": "v29", "container-item": "sholster" },
          { "item": "sun_sword", "charges": 10, "container-item": "scabbard" },
          { "item": "UPS_off", "charges": [ 200, 400 ] }
        ]
      },
      "male": [ "boxer_shorts" ],
      "female": [ "sports_bra", "boy_shorts" ]
    },
    "traits": [ "PROF_CLEANSINGFLAME" ],
    "flags": [ "SCEN_ONLY" ]
  },
  {
    "type": "profession",
    "ident": "arcanist_scholar",
    "name": "Arcane Scholar",
    "description": "You were always the studious type, collecting interesting books.  Over time your studies turned towards the eccentric and anomalous, and as the end of the world struck, you gathered nothing more than your most prized possessions.",
    "points": 2,
    "items": {
      "both": {
        "items": [
          "longshirt",
          "jacket_light",
          "pants",
          "socks",
          "boots",
          "gloves_leather",
          "knit_scarf",
          "mbag",
          "book_potioncraft",
          "book_scrollcraft",
          "book_syncretism"
        ]
      },
      "male": [ "boxer_briefs" ],
      "female": [ "bra", "panties" ]
    },
    "traits": [ "PROF_ARCANIST" ]
  }
]
