[
  {
    "type": "recipe",
    "result": "acidchitin_piece",
    "id_suffix": "wyrm",
    "category": "CC_OTHER",
    "subcategory": "CSC_OTHER_MATERIALS",
    "skill_used": "cooking",
    "difficulty": 5,
    "time": 20000,
    "batch_time_factors": [ 80, 4 ],
    "book_learn": [ [ "adv_chemistry", 5 ], [ "recipe_labchem", 5 ] ],
    "qualities": [ { "id": "CHEM", "level": 2 } ],
    "tools": [ [ [ "surface_heat", 15, "LIST" ] ] ],
    "components": [ [ [ "wyrmskin_piece", 1 ] ], [ [ "ammonia", 2 ], [ "lye_powder", 200 ] ] ]
  },
  {
    "type": "recipe",
    "result": "chitin_piece",
    "id_suffix": "monster",
    "category": "CC_OTHER",
    "subcategory": "CSC_OTHER_MATERIALS",
    "skill_used": "cooking",
    "difficulty": 5,
    "time": 20000,
    "batch_time_factors": [ 80, 4 ],
    "book_learn": [ [ "adv_chemistry", 5 ], [ "recipe_labchem", 5 ] ],
    "qualities": [ { "id": "CHEM", "level": 2 } ],
    "tools": [ [ [ "surface_heat", 15, "LIST" ] ] ],
    "components": [ [ [ "iridescent_plate", 1 ] ], [ [ "acid", 1 ] ] ]
  },
  {
    "type": "recipe",
    "result": "slime_scrap",
    "id_suffix": "magical",
    "category": "CC_OTHER",
    "subcategory": "CSC_OTHER_MATERIALS",
    "skill_used": "cooking",
    "difficulty": 6,
    "time": 30000,
    "batch_time_factors": [ 80, 4 ],
    "result_mult": 5,
    "book_learn": [ [ "recipe_labchem", 6 ], [ "recipe_creepy", 6 ], [ "recipe_serum", 6 ] ],
    "qualities": [ { "id": "CUT", "level": 1 }, { "id": "CHEM", "level": 2 } ],
    "tools": [ [ [ "surface_heat", 15, "LIST" ] ] ],
    "components": [ [ [ "blob_gem", 1 ] ], [ [ "bleach", 1 ], [ "oxy_powder", 100 ] ] ]
  },
  {
    "result": "stinger_flute",
    "type": "recipe",
    "category": "CC_OTHER",
    "subcategory": "CSC_OTHER_TOOLS",
    "skill_used": "magic",
    "skills_required": [ [ "fabrication", 3 ], [ "survival", 3 ] ],
    "time": 60000,
    "autolearn": true,
    "qualities": [ { "id": "CUT", "level": 1 } ],
    "components": [ [ [ "dermatik_sting", 1 ], [ "fighter_sting", 1 ] ] ]
  },
  {
    "type": "recipe",
    "result": "charm_bone",
    "category": "CC_OTHER",
    "subcategory": "CSC_OTHER_OTHER",
    "skill_used": "magic",
    "time": 30000,
    "autolearn": true,
    "qualities": [ { "id": "CUT", "level": 1 } ],
    "components": [ [ [ "bone_twisted", 1 ], [ "gracken_knuckles", 1 ], [ "graboid_fang", 1 ], [ "monster_fang", 1 ] ] ]
  },
  {
    "result": "silver_small",
    "type": "recipe",
    "id_suffix": "magical",
    "category": "CC_OTHER",
    "subcategory": "CSC_OTHER_MATERIALS",
    "skill_used": "magic",
    "difficulty": 5,
    "skills_required": [ [ "fabrication", 4 ], [ "cooking", 5 ] ],
    "book_learn": [ [ "book_potioncraft", 5 ] ],
    "time": 30000,
    "batch_time_factors": [ 50, 2 ],
    "using": [ [ "forging_standard", 1 ], [ "arcana_essence_any", 2 ] ],
    "tools": [ [ [ "book_potioncraft", -1 ] ], [ [ "crucible", -1 ], [ "crucible_clay", -1 ] ] ],
    "components": [
      [ [ "lead", 100 ], [ "bismuth", 150 ], [ "copper", 150 ], [ "tin", 100 ] ],
      [ [ "healing_potion", 1 ] ]
    ]
  },
  {
    "result": "gold_small",
    "type": "recipe",
    "id_suffix": "magical",
    "category": "CC_OTHER",
    "subcategory": "CSC_OTHER_MATERIALS",
    "skill_used": "magic",
    "difficulty": 5,
    "skills_required": [ [ "fabrication", 4 ], [ "cooking", 5 ] ],
    "book_learn": [ [ "book_potioncraft", 5 ] ],
    "time": 30000,
    "batch_time_factors": [ 50, 2 ],
    "using": [ [ "forging_standard", 1 ], [ "arcana_essence_any", 3 ] ],
    "tools": [ [ [ "book_potioncraft", -1 ] ], [ [ "crucible", -1 ], [ "crucible_clay", -1 ] ] ],
    "components": [
      [ [ "lead", 200 ], [ "bismuth", 250 ], [ "copper", 250 ], [ "tin", 200 ] ],
      [ [ "healing_potion", 1 ] ]
    ]
  },
  {
    "type": "recipe",
    "result": "flame_talisman",
    "category": "CC_OTHER",
    "subcategory": "CSC_OTHER_TOOLS",
    "skill_used": "magic",
    "difficulty": 1,
    "time": 10000,
    "autolearn": true,
    "book_learn": [ [ "book_magicfordummies", 0 ], [ "book_bloodmagic", 0 ] ],
    "qualities": [ { "id": "CUT", "level": 1 } ],
    "components": [
      [ [ "paper", 20 ], [ "tanbark", 1 ], [ "birchbark", 1 ], [ "willowbark", 1 ] ],
      [ [ "essence_blood", 1 ], [ "veggy_wild", 10 ], [ "cattail_stalk", 30 ], [ "wild_herbs", 100 ] ]
    ],
    "flags": [ "BLIND_HARD" ]
  },
  {
    "type": "recipe",
    "result": "water_talisman",
    "category": "CC_OTHER",
    "subcategory": "CSC_OTHER_TOOLS",
    "skill_used": "magic",
    "difficulty": 2,
    "time": 20000,
    "autolearn": true,
    "book_learn": [ [ "book_magicfordummies", 1 ], [ "book_hexenhammer", 1 ] ],
    "qualities": [ { "id": "CUT", "level": 1 } ],
    "components": [
      [ [ "paper", 20 ], [ "tanbark", 1 ], [ "birchbark", 1 ], [ "willowbark", 1 ] ],
      [ [ "pine_bough", 1 ] ],
      [
        [ "essence_dull", 10 ],
        [ "fighter_sting", 1 ],
        [ "biollante_bud", 1 ],
        [ "graboid_fang", 1 ],
        [ "triffid_queen_flower", 1 ],
        [ "dermatik_sting", 1 ],
        [ "vortex_shard", 1 ],
        [ "blob_gem", 1 ],
        [ "monster_tear", 1 ],
        [ "shadow_gem", 1 ],
        [ "bone_twisted", 1 ],
        [ "gracken_knuckles", 1 ],
        [ "wyrmskin_piece", 1 ],
        [ "monster_fang", 1 ],
        [ "iridescent_plate", 1 ],
        [ "engraved_stone", 1 ]
      ]
    ],
    "flags": [ "BLIND_HARD" ]
  },
  {
    "type": "recipe",
    "result": "earth_talisman",
    "category": "CC_OTHER",
    "subcategory": "CSC_OTHER_TOOLS",
    "skill_used": "magic",
    "difficulty": 3,
    "time": 30000,
    "autolearn": true,
    "book_learn": [ [ "book_magicfordummies", 2 ], [ "book_sacrifice", 2 ] ],
    "qualities": [ { "id": "CUT", "level": 1 } ],
    "components": [
      [ [ "paper", 20 ], [ "tanbark", 1 ], [ "birchbark", 1 ], [ "willowbark", 1 ] ],
      [ [ "material_sand", 50 ], [ "clay_lump", 5 ], [ "rock", 5 ] ],
      [ [ "ash", 25 ], [ "withered", 5 ] ],
      [
        [ "essence", 1 ],
        [ "mycus_fruit", 5 ],
        [ "slime_scrap", 50 ],
        [ "bone_tainted", 50 ],
        [ "veggy_tainted", 50 ],
        [ "tallow_tainted", 25 ]
      ]
    ],
    "flags": [ "BLIND_HARD" ]
  },
  {
    "result": "essence_dull",
    "type": "recipe",
    "category": "CC_OTHER",
    "subcategory": "CSC_OTHER_MATERIALS",
    "skill_used": "magic",
    "difficulty": 0,
    "time": 5000,
    "batch_time_factors": [ 80, 4 ],
    "autolearn": true,
    "result_mult": 5,
    "using": [ [ "arcana_purification_standard", 1 ] ],
    "components": [ [ [ "essence_blood", 1 ] ] ],
    "flags": [ "BLIND_EASY" ]
  },
  {
    "result": "essence_dull",
    "type": "recipe",
    "id_suffix": "higher tier",
    "category": "CC_OTHER",
    "subcategory": "CSC_OTHER_MATERIALS",
    "skill_used": "magic",
    "difficulty": 1,
    "time": 10000,
    "batch_time_factors": [ 80, 4 ],
    "autolearn": true,
    "book_learn": [ [ "book_magicfordummies", 0 ], [ "book_hexenhammer", 0 ] ],
    "result_mult": 15,
    "using": [ [ "arcana_purification_standard", 1 ] ],
    "components": [ [ [ "essence", 1 ] ] ],
    "flags": [ "BLIND_EASY" ]
  },
  {
    "result": "essence",
    "type": "recipe",
    "category": "CC_OTHER",
    "subcategory": "CSC_OTHER_MATERIALS",
    "//": "Fairly high multiplier as all choices of component are uncommon, and a few are quest items.",
    "skill_used": "magic",
    "difficulty": 6,
    "time": 10000,
    "batch_time_factors": [ 80, 4 ],
    "book_learn": [ [ "book_sacrifice", 6 ] ],
    "result_mult": 5,
    "tools": [ [ [ "book_sacrifice", -1 ] ], [ [ "offering_chalice", -1 ] ], [ [ "fire", -1 ] ] ],
    "components": [
      [
        [ "vortex_stone", 1 ],
        [ "vortex_shard", 3 ],
        [ "teleporter", 1 ],
        [ "portal", 1 ],
        [ "petrified_eye", 1 ],
        [ "engraved_stone", 1 ],
        [ "monster_tear", 5 ],
        [ "spiral_stone", 6 ],
        [ "etched_skull", 1 ],
        [ "small_relic", 1 ],
        [ "violin_golden", 1 ],
        [ "shadow_gem", 5 ]
      ]
    ],
    "flags": [ "BLIND_EASY" ]
  },
  {
    "result": "essence",
    "type": "recipe",
    "id_suffix": "sacrifice",
    "category": "CC_OTHER",
    "subcategory": "CSC_OTHER_MATERIALS",
    "skill_used": "magic",
    "difficulty": 5,
    "time": 5000,
    "batch_time_factors": [ 80, 4 ],
    "book_learn": [ [ "book_sacrifice", 5 ] ],
    "tools": [ [ [ "book_sacrifice", -1 ] ], [ [ "offering_chalice", -1 ] ], [ [ "fire", -1 ] ] ],
    "components": [
      [
        [ "essence_blood", 3 ],
        [ "essence_dull", 15 ],
        [ "mycus_fruit", 5 ],
        [ "marloss_seed", 10 ],
        [ "marloss_gel", 1 ],
        [ "marloss_berry", 15 ],
        [ "slime_scrap", 50 ],
        [ "blob_gem", 10 ],
        [ "bone_tainted", 50 ],
        [ "bone_twisted", 5 ],
        [ "gracken_knuckles", 10 ],
        [ "plant_sac", 50 ],
        [ "tallow_tainted", 25 ],
        [ "chitin_piece", 50 ],
        [ "wyrmskin_piece", 10 ],
        [ "iridescent_plate", 15 ],
        [ "bee_sting", 30 ],
        [ "wasp_sting", 30 ],
        [ "fighter_sting", 15 ],
        [ "dermatik_sting", 10 ],
        [ "biollante_bud", 10 ],
        [ "triffid_queen_flower", 5 ],
        [ "graboid_fang", 5 ],
        [ "monster_fang", 15 ]
      ]
    ],
    "flags": [ "BLIND_EASY" ]
  },
  {
    "result": "essence_pure",
    "type": "recipe",
    "category": "CC_OTHER",
    "subcategory": "CSC_OTHER_MATERIALS",
    "skill_used": "magic",
    "difficulty": 7,
    "batch_time_factors": [ 80, 4 ],
    "book_learn": [ [ "book_sacrifice", 5 ] ],
    "using": [ [ "arcana_essence_any", 10 ] ],
    "tools": [ [ [ "book_sacrifice", -1 ] ], [ [ "offering_chalice", -1 ] ], [ [ "fire", -1 ] ] ],
    "flags": [ "BLIND_EASY" ]
  },
  {
    "result": "offering_chalice",
    "type": "recipe",
    "category": "CC_OTHER",
    "subcategory": "CSC_OTHER_TOOLS",
    "skill_used": "magic",
    "difficulty": 5,
    "skills_required": [ "fabrication", 5 ],
    "time": 120000,
    "book_learn": [ [ "book_sacrifice", 5 ] ],
    "using": [ [ "forging_standard", 2 ], [ "arcana_essence_any", 2 ] ],
    "qualities": [ { "id": "HAMMER", "level": 3 }, { "id": "CHISEL", "level": 3 } ],
    "tools": [ [ [ "book_sacrifice", -1 ] ], [ [ "tongs", -1 ] ], [ [ "anvil", -1 ] ], [ [ "swage", -1 ] ] ],
    "components": [ [ [ "gold_small", 625 ] ], [ [ "arcana_holy_relic_any", 1, "LIST" ], [ "arcana_holy_symbol_any", 1, "LIST" ] ] ]
  },
  {
    "result": "offering_chalice",
    "type": "recipe",
    "id_suffix": "restore",
    "category": "CC_OTHER",
    "subcategory": "CSC_OTHER_TOOLS",
    "skill_used": "magic",
    "difficulty": 2,
    "time": 1000,
    "autolearn": true,
    "book_learn": [ [ "book_magicfordummies", 1 ], [ "book_sacrifice", 0 ], [ "book_bloodmagic", 1 ] ],
    "byproducts": [ [ "essence_blood", 6 ] ],
    "components": [ [ [ "offering_chalice_used", 1 ] ], [ [ "ash", 3 ] ] ],
    "flags": [ "BLIND_HARD" ]
  },
  {
    "result": "essence_blood",
    "type": "recipe",
    "category": "CC_OTHER",
    "subcategory": "CSC_OTHER_MATERIALS",
    "skill_used": "magic",
    "difficulty": 2,
    "time": 10000,
    "autolearn": true,
    "book_learn": [ [ "book_magicfordummies", 1 ], [ "book_bloodmagic", 0 ] ],
    "result_mult": 3,
    "using": [ [ "arcana_purification_standard", 1 ] ],
    "byproducts": [ [ "rag", 3 ] ],
    "components": [ [ [ "rag_bloody", 3 ] ] ],
    "flags": [ "BLIND_EASY" ]
  },
  {
    "result": "essence_blood",
    "type": "recipe",
    "id_suffix": "human sacrifice",
    "category": "CC_OTHER",
    "subcategory": "CSC_OTHER_MATERIALS",
    "skill_used": "magic",
    "difficulty": 1,
    "time": 5000,
    "batch_time_factors": [ 80, 4 ],
    "autolearn": true,
    "book_learn": [ [ "book_magicfordummies", 0 ], [ "book_bloodmagic", 0 ] ],
    "result_mult": 3,
    "using": [ [ "arcana_purification_standard", 1 ] ],
    "components": [ [ [ "human_flesh", 5 ], [ "meat", 5 ] ] ],
    "flags": [ "BLIND_EASY" ]
  },
  {
    "result": "essence_blood",
    "type": "recipe",
    "id_suffix": "from essence",
    "category": "CC_OTHER",
    "subcategory": "CSC_OTHER_MATERIALS",
    "skill_used": "magic",
    "difficulty": 3,
    "time": 2500,
    "batch_time_factors": [ 80, 4 ],
    "autolearn": true,
    "book_learn": [ [ "book_magicfordummies", 2 ], [ "book_bloodmagic", 1 ] ],
    "result_mult": 3,
    "tools": [ [ [ "blood_athame", -1 ] ], [ [ "fire", -1 ] ] ],
    "components": [ [ [ "essence", 1 ] ] ],
    "flags": [ "BLIND_EASY" ]
  },
  {
    "result": "silver_glyph",
    "type": "recipe",
    "category": "CC_OTHER",
    "subcategory": "CSC_OTHER_TOOLS",
    "skill_used": "magic",
    "difficulty": 5,
    "skills_required": [ "fabrication", 5 ],
    "time": 120000,
    "autolearn": true,
    "book_learn": [ [ "book_magicfordummies", 4 ], [ "book_summoning", 3 ] ],
    "using": [ [ "forging_standard", 1 ] ],
    "qualities": [ { "id": "HAMMER", "level": 3 }, { "id": "CUT", "level": 1 }, { "id": "CHISEL", "level": 3 } ],
    "tools": [ [ [ "book_summoning", -1 ] ], [ [ "tongs", -1 ] ], [ [ "anvil", -1 ] ], [ [ "swage", -1 ] ] ],
    "components": [ [ [ "silver_small", 95 ] ] ]
  },
  {
    "result": "summon_kreck",
    "type": "recipe",
    "category": "CC_OTHER",
    "subcategory": "CSC_OTHER_TOOLS",
    "skill_used": "magic",
    "difficulty": 6,
    "time": 60000,
    "book_learn": [ [ "book_summoning", 6 ] ],
    "qualities": [ { "id": "CUT", "level": 1 } ],
    "using": [ [ "arcana_purification_standard", 1 ], [ "arcana_essence_exclude_dull", 1 ] ],
    "tools": [ [ [ "book_summoning", -1 ] ] ],
    "components": [ [ [ "silver_glyph", 1 ] ], [ [ "tallow", 4 ], [ "tallow_tainted", 4 ], [ "monster_fang", 1 ] ] ],
    "flags": [ "BLIND_EASY" ]
  },
  {
    "result": "summon_blank",
    "type": "recipe",
    "category": "CC_OTHER",
    "subcategory": "CSC_OTHER_TOOLS",
    "skill_used": "magic",
    "difficulty": 6,
    "time": 60000,
    "book_learn": [ [ "book_summoning", 6 ] ],
    "using": [ [ "arcana_purification_standard", 1 ], [ "arcana_essence_exclude_dull", 1 ] ],
    "qualities": [ { "id": "CUT", "level": 1 } ],
    "tools": [ [ [ "book_summoning", -1 ] ] ],
    "components": [ [ [ "silver_glyph", 1 ] ], [ [ "tanbark", 3 ], [ "birchbark", 3 ], [ "willowbark", 3 ], [ "triffid_garland", 1 ] ] ],
    "flags": [ "BLIND_EASY" ]
  },
  {
    "result": "summon_flaming_eye",
    "type": "recipe",
    "category": "CC_OTHER",
    "subcategory": "CSC_OTHER_TOOLS",
    "skill_used": "magic",
    "difficulty": 7,
    "time": 60000,
    "book_learn": [ [ "book_summoning", 7 ] ],
    "using": [ [ "arcana_purification_standard", 1 ], [ "arcana_holy_symbol_any", 1 ], [ "arcana_essence_exclude_dull", 2 ] ],
    "qualities": [ { "id": "CUT", "level": 1 } ],
    "tools": [ [ [ "book_summoning", -1 ] ] ],
    "components": [ [ [ "silver_glyph", 1 ] ] ],
    "flags": [ "BLIND_EASY" ]
  },
  {
    "result": "summon_hunting_horror",
    "type": "recipe",
    "category": "CC_OTHER",
    "subcategory": "CSC_OTHER_TOOLS",
    "skill_used": "magic",
    "difficulty": 7,
    "time": 60000,
    "book_learn": [ [ "book_summoning", 7 ] ],
    "using": [ [ "arcana_purification_standard", 1 ], [ "arcana_essence_exclude_dull", 2 ] ],
    "qualities": [ { "id": "CUT", "level": 1 } ],
    "tools": [ [ [ "book_summoning", -1 ] ] ],
    "components": [
      [ [ "silver_glyph", 1 ] ],
      [ [ "cured_pelt", 4 ], [ "cured_hide", 4 ], [ "wyrmskin_piece", 1 ], [ "iridescent_plate", 1 ] ],
      [ [ "essence", 2 ] ]
    ],
    "flags": [ "BLIND_EASY" ]
  },
  {
    "result": "summon_dark_wyrm",
    "type": "recipe",
    "category": "CC_OTHER",
    "subcategory": "CSC_OTHER_TOOLS",
    "skill_used": "magic",
    "difficulty": 8,
    "time": 60000,
    "book_learn": [ [ "book_summoning", 8 ] ],
    "using": [ [ "arcana_purification_standard", 1 ], [ "arcana_essence_exclude_dull", 3 ] ],
    "qualities": [ { "id": "CUT", "level": 1 } ],
    "tools": [ [ [ "book_summoning", -1 ] ] ],
    "components": [
      [ [ "silver_glyph", 1 ] ],
      [
        [ "wyrmskin_piece", 1 ],
        [ "graboid_fang", 1 ],
        [ "acid", 1 ],
        [ "water_acid", 2 ],
        [ "water_acid_weak", 4 ],
        [ "chem_sulphuric_acid", 2 ],
        [ "chem_nitric_acid", 2 ]
      ]
    ],
    "flags": [ "BLIND_EASY" ]
  },
  {
    "result": "summon_mi_go",
    "type": "recipe",
    "category": "CC_OTHER",
    "subcategory": "CSC_OTHER_TOOLS",
    "skill_used": "magic",
    "difficulty": 8,
    "time": 60000,
    "book_learn": [ [ "book_summoning", 8 ] ],
    "using": [ [ "arcana_purification_standard", 1 ], [ "arcana_essence_exclude_dull", 3 ] ],
    "qualities": [ { "id": "CUT", "level": 1 } ],
    "tools": [ [ [ "book_summoning", -1 ] ] ],
    "components": [
      [ [ "silver_glyph", 1 ] ],
      [
        [ "seed_mushroom", 12 ],
        [ "seed_mushroom_morel", 12 ],
        [ "yeast", 24 ],
        [ "iridescent_plate", 1 ]
      ]
    ],
    "flags": [ "BLIND_EASY" ]
  },
  {
    "result": "summon_jabberwock",
    "type": "recipe",
    "category": "CC_OTHER",
    "subcategory": "CSC_OTHER_TOOLS",
    "skill_used": "magic",
    "difficulty": 9,
    "time": 60000,
    "book_learn": [ [ "book_summoning", 9 ] ],
    "using": [ [ "arcana_purification_standard", 1 ], [ "arcana_essence_exclude_dull", 4 ] ],
    "qualities": [ { "id": "CUT", "level": 1 } ],
    "tools": [ [ [ "book_summoning", -1 ] ] ],
    "components": [ [ [ "silver_glyph", 1 ] ], [ [ "mirror", 1 ], [ "iridescent_plate", 1 ] ] ],
    "flags": [ "BLIND_EASY" ]
  },
  {
    "result": "summon_flying_polyp",
    "type": "recipe",
    "category": "CC_OTHER",
    "subcategory": "CSC_OTHER_TOOLS",
    "skill_used": "magic",
    "difficulty": 9,
    "time": 60000,
    "book_learn": [ [ "book_summoning", 9 ] ],
    "using": [ [ "arcana_purification_standard", 1 ], [ "arcana_essence_exclude_dull", 4 ] ],
    "qualities": [ { "id": "CUT", "level": 1 } ],
    "tools": [ [ [ "book_summoning", -1 ] ] ],
    "components": [ [ [ "silver_glyph", 1 ] ], [ [ "bone_tainted", 6 ], [ "graboid_fang", 1 ], [ "monster_fang", 1 ] ] ],
    "flags": [ "BLIND_EASY" ]
  },
  {
    "result": "summon_yugg",
    "type": "recipe",
    "category": "CC_OTHER",
    "subcategory": "CSC_OTHER_TOOLS",
    "skill_used": "magic",
    "difficulty": 10,
    "time": 60000,
    "book_learn": [ [ "book_summoning", 10 ] ],
    "using": [ [ "arcana_purification_standard", 1 ], [ "arcana_essence_exclude_dull", 5 ] ],
    "qualities": [ { "id": "CUT", "level": 1 } ],
    "tools": [ [ [ "book_summoning", -1 ] ] ],
    "components": [
      [ [ "silver_glyph", 1 ] ],
      [
        [ "diamond", 1 ],
        [ "brooch", 1 ],
        [ "brooch_iridescent", 1 ],
        [ "gold_small", 25 ],
        [ "silver_small", 50 ],
        [ "copper", 100 ]
      ]
    ],
    "flags": [ "BLIND_EASY" ]
  },
  {
    "result": "summon_shoggoth",
    "type": "recipe",
    "category": "CC_OTHER",
    "subcategory": "CSC_OTHER_TOOLS",
    "skill_used": "magic",
    "difficulty": 10,
    "time": 60000,
    "book_learn": [ [ "book_summoning", 10 ] ],
    "using": [ [ "arcana_purification_standard", 1 ], [ "arcana_essence_exclude_dull", 5 ] ],
    "qualities": [ { "id": "CUT", "level": 1 } ],
    "tools": [ [ [ "book_summoning", -1 ] ] ],
    "components": [ [ [ "silver_glyph", 1 ] ], [ [ "slime_scrap", 8 ], [ "blob_gem", 2 ] ] ],
    "flags": [ "BLIND_EASY" ]
  },
  {
    "result": "scroll_blank",
    "type": "recipe",
    "category": "CC_OTHER",
    "subcategory": "CSC_OTHER_TOOLS",
    "skill_used": "magic",
    "difficulty": 3,
    "skills_required": [ "fabrication", 2 ],
    "time": 20000,
    "autolearn": true,
    "book_learn": [ [ "book_magicfordummies", 2 ], [ "book_scrollcraft", 1 ] ],
    "qualities": [ { "id": "CUT", "level": 1 } ],
    "components": [ [ [ "paper", 5 ] ], [ [ "stick", 1 ], [ "2x4", 1 ] ] ]
  },
  {
    "result": "scroll_sun",
    "type": "recipe",
    "category": "CC_OTHER",
    "subcategory": "CSC_OTHER_TOOLS",
    "skill_used": "magic",
    "difficulty": 3,
    "time": 20000,
    "book_learn": [ [ "book_scrollcraft", 3 ] ],
    "using": [ [ "arcana_scrollwriting_standard", 1 ], [ "arcana_essence_exclude_blood", 1 ] ],
    "tools": [ [ [ "book_scrollcraft", -1 ] ] ],
    "components": [ [ [ "copper", 12 ], [ "monster_tear", 1 ] ] ],
    "flags": [ "BLIND_EASY" ]
  },
  {
    "result": "scroll_moon",
    "type": "recipe",
    "category": "CC_OTHER",
    "subcategory": "CSC_OTHER_TOOLS",
    "skill_used": "magic",
    "difficulty": 3,
    "time": 20000,
    "book_learn": [ [ "book_scrollcraft", 3 ] ],
    "using": [ [ "arcana_scrollwriting_standard", 1 ], [ "arcana_essence_exclude_blood", 1 ] ],
    "tools": [ [ [ "book_scrollcraft", -1 ] ] ],
    "components": [ [ [ "tin", 12 ], [ "shadow_gem", 1 ] ] ],
    "flags": [ "BLIND_EASY" ]
  },
  {
    "result": "scroll_artiface",
    "type": "recipe",
    "category": "CC_OTHER",
    "subcategory": "CSC_OTHER_TOOLS",
    "skill_used": "magic",
    "difficulty": 4,
    "time": 20000,
    "book_learn": [ [ "book_scrollcraft", 4 ] ],
    "using": [ [ "arcana_scrollwriting_standard", 1 ], [ "arcana_essence_exclude_blood", 2 ] ],
    "tools": [ [ [ "book_scrollcraft", -1 ] ] ],
    "components": [ [ [ "material_limestone", 16 ], [ "engraved_stone", 1 ] ] ],
    "flags": [ "BLIND_EASY" ]
  },
  {
    "result": "scroll_nature",
    "type": "recipe",
    "category": "CC_OTHER",
    "subcategory": "CSC_OTHER_TOOLS",
    "skill_used": "magic",
    "difficulty": 4,
    "time": 20000,
    "book_learn": [ [ "book_scrollcraft", 4 ] ],
    "using": [ [ "arcana_scrollwriting_standard", 1 ], [ "arcana_essence_exclude_blood", 2 ] ],
    "tools": [ [ [ "book_scrollcraft", -1 ] ] ],
    "components": [
      [
        [ "raw_dandelion", 12 ],
        [ "hops", 10 ],
        [ "bee_balm", 8 ],
        [ "poppy_bud", 6 ],
        [ "rose_hips", 4 ],
        [ "biollante_bud", 2 ],
        [ "triffid_queen_flower", 1 ]
      ]
    ],
    "flags": [ "BLIND_EASY" ]
  },
  {
    "result": "scroll_destruction",
    "type": "recipe",
    "category": "CC_OTHER",
    "subcategory": "CSC_OTHER_TOOLS",
    "skill_used": "magic",
    "difficulty": 5,
    "time": 20000,
    "book_learn": [ [ "book_scrollcraft", 5 ] ],
    "using": [ [ "arcana_scrollwriting_standard", 1 ], [ "arcana_essence_exclude_blood", 3 ] ],
    "tools": [ [ [ "book_scrollcraft", -1 ] ] ],
    "components": [ [ [ "bone", 12 ], [ "bone_human", 6 ], [ "bone_tainted", 24 ], [ "charm_bone", 1 ] ] ],
    "flags": [ "BLIND_EASY" ]
  },
  {
    "result": "scroll_subversion",
    "type": "recipe",
    "category": "CC_OTHER",
    "subcategory": "CSC_OTHER_TOOLS",
    "skill_used": "magic",
    "difficulty": 5,
    "time": 20000,
    "book_learn": [ [ "book_scrollcraft", 5 ] ],
    "using": [ [ "arcana_scrollwriting_standard", 1 ], [ "arcana_essence_exclude_blood", 3 ] ],
    "tools": [ [ [ "book_scrollcraft", -1 ] ] ],
    "components": [ [ [ "feather", 40 ], [ "vortex_shard", 1 ] ] ],
    "flags": [ "BLIND_EASY" ]
  },
  {
    "result": "petrified_eye",
    "type": "recipe",
    "id_suffix": "arcane",
    "category": "CC_OTHER",
    "subcategory": "CSC_OTHER_OTHER",
    "skill_used": "magic",
    "difficulty": 6,
    "skills_required": [ "fabrication", 4 ],
    "time": 50000,
    "book_learn": [ [ "book_syncretism", 6 ] ],
    "using": [ [ "arcana_essence_any", 1 ], [ "arcana_polishing_standard", 1 ] ],
    "qualities": [ { "id": "CUT", "level": 1 } ],
    "tools": [ [ [ "book_syncretism", -1 ] ], [ [ "surface_heat", 10, "LIST" ] ] ],
    "components": [ [ [ "engraved_stone", 1 ] ], [ [ "monster_tear", 4 ] ] ]
  },
  {
    "result": "vortex_stone",
    "type": "recipe",
    "id_suffix": "arcane",
    "category": "CC_OTHER",
    "subcategory": "CSC_OTHER_OTHER",
    "skill_used": "magic",
    "difficulty": 7,
    "skills_required": [ "fabrication", 5 ],
    "time": 50000,
    "book_learn": [ [ "book_syncretism", 7 ] ],
    "using": [ [ "arcana_essence_any", 2 ], [ "arcana_polishing_standard", 1 ] ],
    "tools": [ [ [ "book_syncretism", -1 ] ] ],
    "components": [ [ [ "vortex_shard", 3 ], [ "spiral_stone", 6 ] ] ]
  },
  {
    "result": "candle_warding",
    "type": "recipe",
    "category": "CC_OTHER",
    "subcategory": "CSC_OTHER_MATERIALS",
    "skill_used": "magic",
    "difficulty": 4,
    "time": 30000,
    "book_learn": [ [ "book_syncretism", 4 ], [ "book_hexenhammer", 5 ] ],
    "using": [ [ "arcana_purification_standard", 1 ] ],
    "tools": [ [ [ "book_syncretism", -1 ], [ "book_hexenhammer", -1 ] ] ],
    "components": [
      [ [ "candle", 1 ] ],
      [ [ "flame_talisman", 1 ] ],
      [ [ "salt", 20 ] ],
      [ [ "essence_blood", 2 ], [ "essence_dull", 10 ] ]
    ],
    "flags": [ "BLIND_EASY" ]
  },
  {
    "result": "staff_druidic",
    "type": "recipe",
    "category": "CC_OTHER",
    "subcategory": "CSC_OTHER_TOOLS",
    "skill_used": "magic",
    "difficulty": 9,
    "skills_required": [ "fabrication", 5 ],
    "time": 50000,
    "book_learn": [ [ "book_syncretism", 9 ] ],
    "using": [ [ "arcana_holy_relic_any", 1 ] ],
    "qualities": [ { "id": "HAMMER", "level": 3 } ],
    "tools": [
      [ [ "book_syncretism", -1 ] ],
      [ [ "book_hexenhammer", -1 ], [ "book_bloodmagic", -1 ] ],
      [ [ "surface_heat", 6, "LIST" ] ]
    ],
    "components": [
      [ [ "cudgel", 1 ] ],
      [ [ "silver_small", 30 ] ],
      [
        [ "earth_talisman", 1 ],
        [ "pine_bough", 4 ],
        [ "tanbark", 4 ],
        [ "birchbark", 4 ],
        [ "willowbark", 4 ],
        [ "hickory_root", 4 ],
        [ "triffid_garland", 1 ]
      ],
      [ [ "essence_blood", 27 ], [ "essence_dull", 135 ] ]
    ]
  },
  {
    "result": "orb_veil",
    "type": "recipe",
    "category": "CC_OTHER",
    "subcategory": "CSC_OTHER_TOOLS",
    "skill_used": "magic",
    "difficulty": 10,
    "skills_required": [ "fabrication", 6 ],
    "time": 50000,
    "book_learn": [ [ "book_syncretism", 10 ] ],
    "qualities": [ { "id": "HAMMER", "level": 3 } ],
    "tools": [
      [ [ "book_syncretism", -1 ] ],
      [ [ "book_sacrifice", -1 ], [ "book_hexenhammer", -1 ] ],
      [ [ "surface_heat", 10, "LIST" ] ]
    ],
    "components": [
      [ [ "petrified_eye", 1 ], [ "engraved_stone", 1 ] ],
      [ [ "gold_small", 500 ] ],
      [ [ "diamond", 1 ] ],
      [ [ "essence_pure", 1 ], [ "essence", 10 ], [ "essence_dull", 150 ] ]
    ]
  },
  {
    "result": "totem_insight",
    "type": "recipe",
    "category": "CC_OTHER",
    "subcategory": "CSC_OTHER_TOOLS",
    "skill_used": "magic",
    "//": "Requires soaking and polishing.",
    "skills_required": [ [ "fabrication", 3 ] ],
    "difficulty": 1,
    "time": 10000,
    "autolearn": true,
    "book_learn": [ [ "book_magicfordummies", 0 ] ],
    "using": [ [ "arcana_polishing_standard", 1 ], [ "arcana_soaking_standard", 1 ], [ "arcana_essence_any", 1 ] ],
    "components": [ [ [ "monster_tear", 1 ], [ "spell_insight", 1 ] ] ]
  },
  {
    "result": "totem_plants",
    "type": "recipe",
    "category": "CC_OTHER",
    "subcategory": "CSC_OTHER_TOOLS",
    "skill_used": "magic",
    "//": "Only requires weaving.",
    "skills_required": [ [ "fabrication", 2 ] ],
    "difficulty": 1,
    "time": 10000,
    "autolearn": true,
    "book_learn": [ [ "book_magicfordummies", 0 ] ],
    "using": [ [ "filament", 5 ], [ "arcana_essence_any", 1 ] ],
    "qualities": [ { "id": "KNIT", "level": 1 } ],
    "components": [ [ [ "triffid_queen_flower", 1 ], [ "spell_plants", 1 ] ] ]
  },
  {
    "result": "totem_confusion",
    "type": "recipe",
    "category": "CC_OTHER",
    "subcategory": "CSC_OTHER_TOOLS",
    "skill_used": "magic",
    "difficulty": 1,
    "//": "Requires purification and carving.",
    "skills_required": [ [ "fabrication", 3 ] ],
    "time": 10000,
    "autolearn": true,
    "book_learn": [ [ "book_magicfordummies", 0 ] ],
    "using": [ [ "arcana_purification_standard", 1 ], [ "arcana_essence_any", 1 ] ],
    "qualities": [ { "id": "CUT", "level": 1 } ],
    "components": [ [ [ "dermatik_sting", 1 ], [ "spell_confusion", 1 ] ] ]
  },
  {
    "result": "totem_agile",
    "type": "recipe",
    "category": "CC_OTHER",
    "subcategory": "CSC_OTHER_TOOLS",
    "skill_used": "magic",
    "//": "Requires carving and polishing.",
    "skills_required": [ [ "fabrication", 3 ] ],
    "difficulty": 2,
    "time": 10000,
    "autolearn": true,
    "book_learn": [ [ "book_magicfordummies", 1 ] ],
    "using": [ [ "arcana_polishing_standard", 1 ], [ "arcana_essence_any", 2 ] ],
    "qualities": [ { "id": "CUT", "level": 1 } ],
    "components": [ [ [ "gracken_knuckles", 1 ], [ "spell_agile", 1 ] ] ]
  },
  {
    "result": "totem_lightning",
    "type": "recipe",
    "category": "CC_OTHER",
    "subcategory": "CSC_OTHER_TOOLS",
    "skill_used": "magic",
    "//": "Only requires polishing.",
    "skills_required": [ [ "fabrication", 2 ] ],
    "difficulty": 2,
    "time": 10000,
    "autolearn": true,
    "book_learn": [ [ "book_magicfordummies", 1 ] ],
    "using": [ [ "arcana_polishing_standard", 1 ], [ "arcana_essence_any", 2 ] ],
    "components": [ [ [ "vortex_shard", 1 ], [ "spell_lightning", 1 ] ] ]
  },
  {
    "result": "totem_strength",
    "type": "recipe",
    "category": "CC_OTHER",
    "subcategory": "CSC_OTHER_TOOLS",
    "skill_used": "magic",
    "//": "Requires carving and polishing.",
    "skills_required": [ [ "fabrication", 3 ] ],
    "difficulty": 2,
    "time": 10000,
    "autolearn": true,
    "book_learn": [ [ "book_magicfordummies", 1 ] ],
    "using": [ [ "arcana_polishing_standard", 1 ], [ "arcana_essence_any", 2 ] ],
    "qualities": [ { "id": "CUT", "level": 1 } ],
    "components": [ [ [ "monster_fang", 1 ], [ "spell_strength", 1 ] ] ]
  },
  {
    "result": "totem_elecresist",
    "type": "recipe",
    "category": "CC_OTHER",
    "subcategory": "CSC_OTHER_TOOLS",
    "skill_used": "magic",
    "//": "Requires purification, carving, and polishing.",
    "skills_required": [ [ "fabrication", 4 ] ],
    "difficulty": 3,
    "time": 10000,
    "autolearn": true,
    "book_learn": [ [ "book_magicfordummies", 2 ] ],
    "using": [ [ "arcana_polishing_standard", 1 ], [ "arcana_purification_standard", 1 ], [ "arcana_essence_any", 2 ] ],
    "qualities": [ { "id": "CUT", "level": 1 } ],
    "components": [ [ [ "blob_gem", 1 ], [ "spell_elecresist", 1 ] ] ],
    "flags": [ "BLIND_EASY" ]
  },
  {
    "result": "totem_clarity",
    "type": "recipe",
    "category": "CC_OTHER",
    "subcategory": "CSC_OTHER_TOOLS",
    "skill_used": "magic",
    "//": "Requires purification and carving.",
    "skills_required": [ [ "fabrication", 3 ] ],
    "difficulty": 3,
    "time": 10000,
    "autolearn": true,
    "book_learn": [ [ "book_magicfordummies", 2 ] ],
    "using": [ [ "arcana_purification_standard", 1 ], [ "arcana_essence_any", 2 ] ],
    "qualities": [ { "id": "CUT", "level": 1 } ],
    "components": [ [ [ "fighter_sting", 1 ], [ "spell_clarity", 1 ] ] ],
    "flags": [ "BLIND_EASY" ]
  },
  {
    "result": "totem_heal",
    "type": "recipe",
    "category": "CC_OTHER",
    "subcategory": "CSC_OTHER_TOOLS",
    "skill_used": "magic",
    "//": "Requires purification, soaking, carving, and polishing.  Hence the very high fabrication demand.",
    "skills_required": [ [ "fabrication", 5 ] ],
    "difficulty": 3,
    "time": 10000,
    "autolearn": true,
    "book_learn": [ [ "book_magicfordummies", 2 ] ],
    "using": [
      [ "arcana_polishing_standard", 1 ],
      [ "arcana_soaking_standard", 1 ],
      [ "arcana_purification_standard", 1 ],
      [ "arcana_essence_any", 2 ]
    ],
    "qualities": [ { "id": "CUT", "level": 1 }, { "id": "CONTAIN", "level": 1 } ],
    "components": [ [ [ "bone_twisted", 1 ], [ "spell_heal", 1 ] ] ],
    "flags": [ "BLIND_EASY" ]
  },
  {
    "result": "totem_flamearmor",
    "type": "recipe",
    "category": "CC_OTHER",
    "subcategory": "CSC_OTHER_TOOLS",
    "skill_used": "magic",
    "//": "Requires purification, carving, and polishing.",
    "skills_required": [ [ "fabrication", 4 ] ],
    "difficulty": 4,
    "time": 10000,
    "autolearn": true,
    "book_learn": [ [ "book_magicfordummies", 3 ] ],
    "using": [ [ "arcana_polishing_standard", 1 ], [ "arcana_purification_standard", 1 ], [ "arcana_essence_any", 3 ] ],
    "qualities": [ { "id": "CUT", "level": 1 } ],
    "components": [ [ [ "iridescent_plate", 1 ], [ "spell_flamearmor", 1 ] ] ]
  },
  {
    "result": "totem_clairvoyance",
    "type": "recipe",
    "category": "CC_OTHER",
    "subcategory": "CSC_OTHER_TOOLS",
    "skill_used": "magic",
    "//": "Requires carving and polishing.",
    "skills_required": [ [ "fabrication", 3 ] ],
    "difficulty": 4,
    "time": 10000,
    "autolearn": true,
    "book_learn": [ [ "book_magicfordummies", 3 ] ],
    "using": [ [ "arcana_polishing_standard", 1 ], [ "arcana_essence_any", 3 ] ],
    "qualities": [ { "id": "CUT", "level": 1 } ],
    "components": [ [ [ "graboid_fang", 1 ], [ "spell_clairvoyance", 1 ] ] ]
  },
  {
    "result": "totem_invis",
    "type": "recipe",
    "category": "CC_OTHER",
    "subcategory": "CSC_OTHER_TOOLS",
    "skill_used": "magic",
    "//": "Requires purification and polishing.",
    "skills_required": [ [ "fabrication", 3 ] ],
    "difficulty": 4,
    "time": 10000,
    "autolearn": true,
    "book_learn": [ [ "book_magicfordummies", 3 ] ],
    "using": [ [ "arcana_polishing_standard", 1 ], [ "arcana_purification_standard", 1 ], [ "arcana_essence_any", 3 ] ],
    "components": [ [ [ "shadow_gem", 1 ], [ "spell_shadowsnakes", 1 ] ] ]
  },
  {
    "result": "totem_cleric",
    "type": "recipe",
    "category": "CC_OTHER",
    "subcategory": "CSC_OTHER_TOOLS",
    "skill_used": "magic",
    "//": "Requires purification and polishing.",
    "skills_required": [ [ "fabrication", 3 ] ],
    "difficulty": 5,
    "time": 10000,
    "autolearn": true,
    "book_learn": [ [ "book_magicfordummies", 4 ] ],
    "using": [ [ "arcana_polishing_standard", 1 ], [ "arcana_purification_standard", 1 ], [ "arcana_essence_any", 3 ] ],
    "components": [ [ [ "engraved_stone", 1 ], [ "spell_cleric", 1 ] ] ]
  },
  {
    "result": "totem_free_action",
    "type": "recipe",
    "category": "CC_OTHER",
    "subcategory": "CSC_OTHER_TOOLS",
    "skill_used": "magic",
    "//": "Requires purification and weaving.",
    "skills_required": [ [ "fabrication", 3 ] ],
    "difficulty": 5,
    "time": 10000,
    "autolearn": true,
    "book_learn": [ [ "book_magicfordummies", 4 ] ],
    "using": [ [ "filament", 5 ], [ "arcana_purification_standard", 1 ], [ "arcana_essence_any", 3 ] ],
    "qualities": [ { "id": "KNIT", "level": 1 } ],
    "components": [ [ [ "biollante_bud", 1 ], [ "spell_free_action", 1 ] ] ]
  },
  {
    "result": "totem_acidspray",
    "type": "recipe",
    "category": "CC_OTHER",
    "subcategory": "CSC_OTHER_TOOLS",
    "skill_used": "magic",
    "//": "Requires purification, carving, and polishing.",
    "skills_required": [ [ "fabrication", 4 ] ],
    "difficulty": 5,
    "time": 10000,
    "autolearn": true,
    "book_learn": [ [ "book_magicfordummies", 4 ] ],
    "using": [ [ "arcana_polishing_standard", 1 ], [ "arcana_purification_standard", 1 ], [ "arcana_essence_any", 3 ] ],
    "qualities": [ { "id": "CUT", "level": 1 } ],
    "components": [ [ [ "wyrmskin_piece", 1 ], [ "spell_acidspray", 1 ] ] ]
  },
  {
    "result": "scroll_spell_confusion",
    "type": "recipe",
    "category": "CC_OTHER",
    "subcategory": "CSC_OTHER_TOOLS",
    "skill_used": "magic",
    "difficulty": 6,
    "time": 20000,
    "book_learn": [ [ "book_bloodmagic", 6 ], [ "book_syncretism", 5 ] ],
    "using": [ [ "arcana_scrollwriting_standard", 1 ] ],
    "tools": [ [ [ "book_bloodmagic", -1 ], [ "book_syncretism", -1 ] ] ],
    "components": [ [ [ "totem_confusion", 1 ] ], [ [ "essence_blood", 3 ] ] ],
    "flags": [ "BLIND_EASY" ]
  },
  {
    "result": "scroll_spell_plants",
    "type": "recipe",
    "category": "CC_OTHER",
    "subcategory": "CSC_OTHER_TOOLS",
    "skill_used": "magic",
    "difficulty": 6,
    "time": 20000,
    "book_learn": [ [ "book_hexenhammer", 6 ], [ "book_scrollcraft", 5 ] ],
    "using": [ [ "arcana_scrollwriting_standard", 1 ] ],
    "tools": [ [ [ "book_hexenhammer", -1 ], [ "book_scrollcraft", -1 ] ] ],
    "components": [ [ [ "totem_plants", 1 ] ], [ [ "essence_dull", 15 ] ] ],
    "flags": [ "BLIND_EASY" ]
  },
  {
    "result": "scroll_spell_insight",
    "type": "recipe",
    "category": "CC_OTHER",
    "subcategory": "CSC_OTHER_TOOLS",
    "skill_used": "magic",
    "difficulty": 6,
    "time": 20000,
    "book_learn": [ [ "book_sacrifice", 6 ] ],
    "using": [ [ "arcana_scrollwriting_standard", 1 ] ],
    "tools": [ [ [ "book_sacrifice", -1 ] ] ],
    "components": [ [ [ "totem_insight", 1 ] ], [ [ "essence", 1 ] ] ],
    "flags": [ "BLIND_EASY" ]
  },
  {
    "result": "scroll_spell_agile",
    "type": "recipe",
    "category": "CC_OTHER",
    "subcategory": "CSC_OTHER_TOOLS",
    "skill_used": "magic",
    "difficulty": 7,
    "time": 20000,
    "book_learn": [ [ "book_bloodmagic", 7 ] ],
    "using": [ [ "arcana_scrollwriting_standard", 1 ] ],
    "tools": [ [ [ "book_bloodmagic", -1 ] ] ],
    "components": [ [ [ "totem_agile", 1 ] ], [ [ "essence_blood", 3 ] ] ],
    "flags": [ "BLIND_EASY" ]
  },
  {
    "result": "scroll_spell_lightning",
    "type": "recipe",
    "category": "CC_OTHER",
    "subcategory": "CSC_OTHER_TOOLS",
    "skill_used": "magic",
    "difficulty": 7,
    "time": 20000,
    "book_learn": [ [ "book_sacrifice", 7 ] ],
    "using": [ [ "arcana_scrollwriting_standard", 1 ] ],
    "tools": [ [ [ "book_sacrifice", -1 ] ] ],
    "components": [ [ [ "totem_lightning", 1 ] ], [ [ "essence", 1 ] ] ],
    "flags": [ "BLIND_EASY" ]
  },
  {
    "result": "scroll_spell_might",
    "type": "recipe",
    "category": "CC_OTHER",
    "subcategory": "CSC_OTHER_TOOLS",
    "skill_used": "magic",
    "difficulty": 7,
    "time": 20000,
    "book_learn": [ [ "book_sacrifice", 7 ], [ "book_scrollcraft", 6 ] ],
    "using": [ [ "arcana_scrollwriting_standard", 1 ] ],
    "tools": [ [ [ "book_sacrifice", -1 ], [ "book_scrollcraft", -1 ] ] ],
    "components": [ [ [ "totem_strength", 1 ] ], [ [ "essence", 1 ] ] ],
    "flags": [ "BLIND_EASY" ]
  },
  {
    "result": "scroll_spell_elecresist",
    "type": "recipe",
    "category": "CC_OTHER",
    "subcategory": "CSC_OTHER_TOOLS",
    "skill_used": "magic",
    "difficulty": 8,
    "time": 20000,
    "book_learn": [ [ "book_bloodmagic", 8 ] ],
    "using": [ [ "arcana_scrollwriting_standard", 1 ] ],
    "tools": [ [ [ "book_bloodmagic", -1 ] ] ],
    "components": [ [ [ "totem_elecresist", 1 ] ], [ [ "essence_blood", 6 ] ] ],
    "flags": [ "BLIND_EASY" ]
  },
  {
    "result": "scroll_spell_clarity",
    "type": "recipe",
    "category": "CC_OTHER",
    "subcategory": "CSC_OTHER_TOOLS",
    "skill_used": "magic",
    "difficulty": 8,
    "time": 20000,
    "book_learn": [ [ "book_bloodmagic", 8 ], [ "book_scrollcraft", 7 ] ],
    "using": [ [ "arcana_scrollwriting_standard", 1 ] ],
    "tools": [ [ [ "book_bloodmagic", -1 ], [ "book_scrollcraft", -1 ] ] ],
    "components": [ [ [ "totem_clarity", 1 ] ], [ [ "essence_blood", 6 ] ] ],
    "flags": [ "BLIND_EASY" ]
  },
  {
    "result": "scroll_spell_heal",
    "type": "recipe",
    "category": "CC_OTHER",
    "subcategory": "CSC_OTHER_TOOLS",
    "skill_used": "magic",
    "difficulty": 8,
    "time": 20000,
    "book_learn": [ [ "book_hexenhammer", 8 ], [ "book_syncretism", 7 ] ],
    "using": [ [ "arcana_scrollwriting_standard", 1 ] ],
    "tools": [ [ [ "book_hexenhammer", -1 ], [ "book_syncretism", -1 ] ] ],
    "components": [ [ [ "totem_heal", 1 ] ], [ [ "essence_dull", 30 ] ] ],
    "flags": [ "BLIND_EASY" ]
  },
  {
    "result": "scroll_spell_flame_armor",
    "type": "recipe",
    "category": "CC_OTHER",
    "subcategory": "CSC_OTHER_TOOLS",
    "skill_used": "magic",
    "difficulty": 9,
    "time": 20000,
    "book_learn": [ [ "book_hexenhammer", 9 ], [ "book_scrollcraft", 8 ] ],
    "using": [ [ "arcana_scrollwriting_standard", 1 ] ],
    "tools": [ [ [ "book_hexenhammer", -1 ], [ "book_scrollcraft", -1 ] ] ],
    "components": [ [ [ "totem_flamearmor", 1 ] ], [ [ "essence_dull", 30 ] ] ],
    "flags": [ "BLIND_EASY" ]
  },
  {
    "result": "scroll_spell_clairvoyance",
    "type": "recipe",
    "category": "CC_OTHER",
    "subcategory": "CSC_OTHER_TOOLS",
    "skill_used": "magic",
    "difficulty": 9,
    "time": 20000,
    "book_learn": [ [ "book_hexenhammer", 9 ] ],
    "using": [ [ "arcana_scrollwriting_standard", 1 ] ],
    "tools": [ [ [ "book_hexenhammer", -1 ] ] ],
    "components": [ [ [ "totem_clairvoyance", 1 ] ], [ [ "essence_dull", 30 ] ] ],
    "flags": [ "BLIND_EASY" ]
  },
  {
    "result": "scroll_spell_invis",
    "type": "recipe",
    "category": "CC_OTHER",
    "subcategory": "CSC_OTHER_TOOLS",
    "skill_used": "magic",
    "difficulty": 9,
    "time": 20000,
    "book_learn": [ [ "book_sacrifice", 9 ], [ "book_scrollcraft", 8 ] ],
    "using": [ [ "arcana_scrollwriting_standard", 1 ] ],
    "tools": [ [ [ "book_sacrifice", -1 ], [ "book_scrollcraft", -1 ] ] ],
    "components": [ [ [ "totem_invis", 1 ] ], [ [ "essence", 2 ] ] ],
    "flags": [ "BLIND_EASY" ]
  },
  {
    "result": "scroll_spell_cleric",
    "type": "recipe",
    "category": "CC_OTHER",
    "subcategory": "CSC_OTHER_TOOLS",
    "skill_used": "magic",
    "difficulty": 10,
    "time": 20000,
    "book_learn": [ [ "book_hexenhammer", 10 ] ],
    "using": [ [ "arcana_scrollwriting_standard", 1 ] ],
    "tools": [ [ [ "book_hexenhammer", -1 ] ] ],
    "components": [ [ [ "totem_cleric", 1 ] ], [ [ "essence_dull", 45 ] ] ],
    "flags": [ "BLIND_EASY" ]
  },
  {
    "result": "scroll_spell_free_action",
    "type": "recipe",
    "category": "CC_OTHER",
    "subcategory": "CSC_OTHER_TOOLS",
    "skill_used": "magic",
    "difficulty": 10,
    "time": 20000,
    "book_learn": [ [ "book_sacrifice", 10 ], [ "book_syncretism", 9 ] ],
    "using": [ [ "arcana_scrollwriting_standard", 1 ] ],
    "tools": [ [ [ "book_sacrifice", -1 ], [ "book_syncretism", -1 ] ] ],
    "components": [ [ [ "totem_free_action", 1 ] ], [ [ "essence", 3 ] ] ],
    "flags": [ "BLIND_EASY" ]
  },
  {
    "result": "scroll_spell_acidspray",
    "type": "recipe",
    "category": "CC_OTHER",
    "subcategory": "CSC_OTHER_TOOLS",
    "skill_used": "magic",
    "difficulty": 10,
    "time": 20000,
    "book_learn": [ [ "book_bloodmagic", 10 ], [ "book_scrollcraft", 9 ] ],
    "using": [ [ "arcana_scrollwriting_standard", 1 ] ],
    "tools": [ [ [ "book_bloodmagic", -1 ], [ "book_scrollcraft", -1 ] ] ],
    "components": [ [ [ "totem_acidspray", 1 ] ], [ [ "essence_blood", 9 ] ] ],
    "flags": [ "BLIND_EASY" ]
  },
  {
    "result": "draconic_heart_mutator",
    "type": "recipe",
    "category": "CC_OTHER",
    "subcategory": "CSC_OTHER_TOOLS",
    "skill_used": "magic",
    "difficulty": 3,
    "skills_required": [ "fabrication", 6 ],
    "time": 50000,
    "book_learn": [ [ "book_bloodmagic", 6 ] ],
    "autolearn": [ [ "fabrication", 6 ], [ "magic", 10 ] ],
    "using": [ [ "arcana_purification_standard", 1 ], [ "arcana_essence_exclude_dull", 3 ] ],
    "qualities": [ { "id": "HAMMER", "level": 2 } ],
    "tools": [
      [ [ "book_bloodmagic", -1 ] ],
      [ [ "book_summoning", -1 ] ],
      [ [ "cleric_ring", 8 ] ],
      [ [ "stormbringer", -1 ] ]
    ],
    "components": [
      [ [ "draconic_heart", 1 ] ],
      [ [ "silver_glyph", 1 ] ],
      [ [ "graboid_fang", 1 ], [ "monster_fang", 3 ], [ "wyrmskin_piece", 1 ], [ "iridescent_plate", 3 ] ]
    ]
  },
  {
    "result": "index_potioncraft",
    "type": "recipe",
    "category": "CC_OTHER",
    "subcategory": "CSC_OTHER_TOOLS",
    "skill_used": "magic",
    "difficulty": 3,
    "time": 30000,
    "book_learn": [ [ "book_potioncraft", 3 ] ],
    "using": [ [ "arcana_transcription_standard", 1 ] ],
    "tools": [ [ [ "book_potioncraft", -1 ] ] ],
    "flags": [ "BLIND_EASY" ]
  },
  {
    "result": "index_scrollcraft",
    "type": "recipe",
    "category": "CC_OTHER",
    "subcategory": "CSC_OTHER_TOOLS",
    "skill_used": "magic",
    "difficulty": 5,
    "time": 50000,
    "book_learn": [ [ "book_scrollcraft", 5 ] ],
    "using": [ [ "arcana_transcription_standard", 1 ] ],
    "tools": [ [ [ "book_scrollcraft", -1 ] ] ],
    "flags": [ "BLIND_EASY" ]
  },
  {
    "result": "index_bloodmagic",
    "type": "recipe",
    "category": "CC_OTHER",
    "subcategory": "CSC_OTHER_TOOLS",
    "skill_used": "magic",
    "difficulty": 6,
    "time": 60000,
    "book_learn": [ [ "book_bloodmagic", 6 ] ],
    "using": [ [ "arcana_transcription_standard", 1 ] ],
    "tools": [ [ [ "book_bloodmagic", -1 ] ] ],
    "flags": [ "BLIND_EASY" ]
  },
  {
    "result": "index_hexenhammer",
    "type": "recipe",
    "category": "CC_OTHER",
    "subcategory": "CSC_OTHER_TOOLS",
    "skill_used": "magic",
    "difficulty": 7,
    "time": 70000,
    "book_learn": [ [ "book_hexenhammer", 7 ] ],
    "using": [ [ "arcana_transcription_standard", 1 ] ],
    "tools": [ [ [ "book_hexenhammer", -1 ] ] ],
    "flags": [ "BLIND_EASY" ]
  },
  {
    "result": "index_sacrifice",
    "type": "recipe",
    "category": "CC_OTHER",
    "subcategory": "CSC_OTHER_TOOLS",
    "skill_used": "magic",
    "difficulty": 8,
    "time": 80000,
    "book_learn": [ [ "book_sacrifice", 8 ] ],
    "using": [ [ "arcana_transcription_standard", 1 ] ],
    "tools": [ [ [ "book_sacrifice", -1 ] ] ],
    "flags": [ "BLIND_EASY" ]
  },
  {
    "result": "index_syncretism",
    "type": "recipe",
    "category": "CC_OTHER",
    "subcategory": "CSC_OTHER_TOOLS",
    "skill_used": "magic",
    "difficulty": 9,
    "time": 90000,
    "book_learn": [ [ "book_syncretism", 9 ] ],
    "using": [ [ "arcana_transcription_standard", 1 ] ],
    "tools": [ [ [ "book_syncretism", -1 ] ] ],
    "flags": [ "BLIND_EASY" ]
  },
  {
    "result": "index_summoning",
    "type": "recipe",
    "category": "CC_OTHER",
    "subcategory": "CSC_OTHER_TOOLS",
    "skill_used": "magic",
    "difficulty": 10,
    "time": 100000,
    "book_learn": [ [ "book_summoning", 10 ] ],
    "using": [ [ "arcana_transcription_standard", 1 ] ],
    "tools": [ [ [ "book_summoning", -1 ] ] ],
    "flags": [ "BLIND_EASY" ]
  }
]
