[
  {
    "result": "essence_pure",
    "type": "uncraft",
    "skill_used": "magic",
    "difficulty": 4,
    "time": 4000,
    "tools": [ [ [ "hexenhammer", -1 ] ] ],
    "components": [ [ [ "essence_dull", 150 ] ] ]
  },
  {
    "result": "scroll_blank",
    "type": "uncraft",
    "difficulty": 0,
    "time": 100,
    "components": [ [ [ "paper", 5 ] ] ],
    "flags": [ "BLIND_EASY" ]
  },
  {
    "result": "silver_glyph",
    "type": "uncraft",
    "difficulty": 0,
    "time": 600,
    "qualities": [ { "id": "HAMMER", "level": 1 } ],
    "components": [ [ [ "silver_small", 95 ] ] ],
    "flags": [ "BLIND_EASY" ]
  },
  {
    "result": "vortex_stone",
    "type": "uncraft",
    "skill_used": "magic",
    "difficulty": 0,
    "time": 5000,
    "tools": [ [ [ "hexenhammer", -1 ] ] ],
    "components": [ [ [ "material_limestone", 5 ] ], [ [ "essence_dull", 30 ] ] ]
  },
  {
    "result": "petrified_eye",
    "type": "uncraft",
    "skill_used": "magic",
    "difficulty": 0,
    "time": 5000,
    "tools": [ [ [ "hexenhammer", -1 ] ] ],
    "components": [ [ [ "material_limestone", 30 ] ], [ [ "essence_dull", 15 ] ] ]
  },
  {
    "result": "spiral_stone",
    "type": "uncraft",
    "skill_used": "magic",
    "difficulty": 0,
    "time": 5000,
    "tools": [ [ [ "hexenhammer", -1 ] ] ],
    "components": [ [ [ "material_limestone", 15 ] ], [ [ "essence_dull", 5 ] ] ]
  },
  {
    "result": "portal",
    "type": "uncraft",
    "skill_used": "magic",
    "difficulty": 0,
    "time": 5000,
    "tools": [ [ [ "hexenhammer", -1 ] ] ],
    "components": [ [ [ "scrap", 2 ] ], [ [ "essence_dull", 20 ] ] ]
  },
  {
    "result": "etched_skull",
    "type": "uncraft",
    "skill_used": "magic",
    "difficulty": 0,
    "time": 5000,
    "tools": [ [ [ "hexenhammer", -1 ] ] ],
    "components": [ [ [ "meal_bone", 12 ] ], [ [ "essence_dull", 15 ] ] ]
  },
  {
    "result": "meteoric_talisman",
    "type": "uncraft",
    "skill_used": "magic",
    "difficulty": 5,
    "time": 50000,
    "tools": [ [ [ "hexenhammer", -1 ] ] ],
    "components": [ [ [ "scrap", 1 ] ], [ [ "essence_dull", 50 ] ] ]
  },
  {
    "result": "jade_wreath",
    "type": "uncraft",
    "skill_used": "magic",
    "difficulty": 5,
    "time": 50000,
    "tools": [ [ [ "hexenhammer", -1 ] ] ],
    "components": [ [ [ "material_sand", 12 ] ], [ [ "essence_dull", 50 ] ] ]
  },
  {
    "result": "moonstone_fang",
    "type": "uncraft",
    "skill_used": "magic",
    "difficulty": 5,
    "time": 50000,
    "tools": [ [ [ "hexenhammer", -1 ] ] ],
    "components": [ [ [ "material_sand", 6 ] ], [ [ "essence_dull", 50 ] ] ]
  },
  {
    "result": "mana_gem",
    "type": "uncraft",
    "skill_used": "magic",
    "difficulty": 4,
    "time": 40000,
    "tools": [ [ [ "hexenhammer", -1 ] ] ],
    "components": [ [ [ "copper", 100 ] ], [ [ "essence_dull", 45 ] ] ]
  },
  {
    "result": "candle_warding",
    "type": "uncraft",
    "skill_used": "magic",
    "difficulty": 3,
    "time": 30000,
    "tools": [ [ [ "hexenhammer", -1 ] ] ],
    "components": [ [ [ "essence_dull", 10 ] ] ]
  },
  {
    "result": "offering_chalice",
    "type": "uncraft",
    "skill_used": "magic",
    "difficulty": 4,
    "time": 40000,
    "tools": [ [ [ "hexenhammer", -1 ] ] ],
    "components": [ [ [ "gold_small", 625 ] ], [ [ "essence_dull", 30 ] ] ]
  },
  {
    "result": "offering_chalice_used",
    "type": "uncraft",
    "skill_used": "magic",
    "difficulty": 4,
    "time": 40000,
    "tools": [ [ [ "hexenhammer", -1 ] ] ],
    "components": [ [ [ "gold_small", 625 ] ], [ [ "essence_dull", 30 ] ] ]
  },
  {
    "result": "robe_shadow",
    "type": "uncraft",
    "skill_used": "magic",
    "difficulty": 7,
    "time": 70000,
    "qualities": [ { "id": "CUT", "level": 1 } ],
    "tools": [ [ [ "hexenhammer", -1 ] ] ],
    "components": [ [ [ "rag", 19 ] ], [ [ "fur", 4 ] ], [ [ "essence_dull", 105 ] ] ]
  },
  {
    "result": "gauntlets_necro",
    "type": "uncraft",
    "skill_used": "magic",
    "difficulty": 5,
    "time": 50000,
    "tools": [ [ [ "hexenhammer", -1 ] ] ],
    "components": [ [ [ "scrap", 6 ] ], [ [ "essence_dull", 60 ] ] ]
  },
  {
    "result": "thunder_sigil",
    "type": "uncraft",
    "skill_used": "magic",
    "difficulty": 7,
    "time": 70000,
    "tools": [ [ [ "hexenhammer", -1 ] ] ],
    "components": [ [ [ "gold_small", 625 ] ], [ [ "silver_small", 165 ] ], [ [ "essence_dull", 75 ] ] ]
  },
  {
    "result": "blood_athame",
    "type": "uncraft",
    "skill_used": "magic",
    "difficulty": 2,
    "time": 20000,
    "tools": [ [ [ "hexenhammer", -1 ] ] ],
    "components": [ [ [ "silver_small", 400 ] ], [ [ "essence_dull", 15 ] ] ]
  },
  {
    "result": "armor_wyrm",
    "type": "uncraft",
    "skill_used": "magic",
    "difficulty": 3,
    "time": 30000,
    "qualities": [ { "id": "CUT", "level": 1 } ],
    "tools": [ [ [ "hexenhammer", -1 ] ] ],
    "components": [ [ [ "leather", 42 ] ], [ [ "essence_dull", 20 ] ] ]
  },
  {
    "result": "revenant_crown",
    "type": "uncraft",
    "skill_used": "magic",
    "difficulty": 4,
    "time": 40000,
    "tools": [ [ [ "hexenhammer", -1 ] ] ],
    "components": [ [ [ "silver_small", 600 ] ], [ [ "diamond", 1 ] ], [ [ "essence_dull", 30 ] ] ]
  },
  {
    "result": "summon_kreck",
    "type": "uncraft",
    "skill_used": "magic",
    "difficulty": 5,
    "time": 50000,
    "tools": [ [ [ "hexenhammer", -1 ] ] ],
    "components": [ [ [ "silver_small", 95 ] ], [ [ "essence_dull", 15 ] ] ]
  },
  {
    "result": "summon_blank",
    "type": "uncraft",
    "skill_used": "magic",
    "difficulty": 5,
    "time": 50000,
    "tools": [ [ [ "hexenhammer", -1 ] ] ],
    "components": [ [ [ "silver_small", 95 ] ], [ [ "essence_dull", 15 ] ] ]
  },
  {
    "result": "summon_flaming_eye",
    "type": "uncraft",
    "skill_used": "magic",
    "difficulty": 6,
    "time": 60000,
    "tools": [ [ [ "hexenhammer", -1 ] ] ],
    "components": [ [ [ "silver_small", 95 ] ], [ [ "essence_dull", 30 ] ] ]
  },
  {
    "result": "summon_hunting_horror",
    "type": "uncraft",
    "skill_used": "magic",
    "difficulty": 6,
    "time": 60000,
    "tools": [ [ [ "hexenhammer", -1 ] ] ],
    "components": [ [ [ "silver_small", 95 ] ], [ [ "essence_dull", 30 ] ] ]
  },
  {
    "result": "summon_dark_wyrm",
    "type": "uncraft",
    "skill_used": "magic",
    "difficulty": 7,
    "time": 70000,
    "tools": [ [ [ "hexenhammer", -1 ] ] ],
    "components": [ [ [ "silver_small", 95 ] ], [ [ "essence_dull", 45 ] ] ]
  },
  {
    "result": "summon_mi_go",
    "type": "uncraft",
    "skill_used": "magic",
    "difficulty": 7,
    "time": 70000,
    "tools": [ [ [ "hexenhammer", -1 ] ] ],
    "components": [ [ [ "silver_small", 95 ] ], [ [ "essence_dull", 45 ] ] ]
  },
  {
    "result": "summon_jabberwock",
    "type": "uncraft",
    "skill_used": "magic",
    "difficulty": 8,
    "time": 80000,
    "tools": [ [ [ "hexenhammer", -1 ] ] ],
    "components": [ [ [ "silver_small", 95 ] ], [ [ "essence_dull", 60 ] ] ]
  },
  {
    "result": "summon_flying_polyp",
    "type": "uncraft",
    "skill_used": "magic",
    "difficulty": 8,
    "time": 80000,
    "tools": [ [ [ "hexenhammer", -1 ] ] ],
    "components": [ [ [ "silver_small", 95 ] ], [ [ "essence_dull", 60 ] ] ]
  },
  {
    "result": "summon_yugg",
    "type": "uncraft",
    "skill_used": "magic",
    "difficulty": 9,
    "time": 90000,
    "tools": [ [ [ "hexenhammer", -1 ] ] ],
    "components": [ [ [ "silver_small", 95 ] ], [ [ "essence_dull", 75 ] ] ]
  },
  {
    "result": "summon_shoggoth",
    "type": "uncraft",
    "skill_used": "magic",
    "difficulty": 9,
    "time": 90000,
    "tools": [ [ [ "hexenhammer", -1 ] ] ],
    "components": [ [ [ "silver_small", 95 ] ], [ [ "essence_dull", 75 ] ] ]
  },
  {
    "result": "bloodaxe",
    "type": "uncraft",
    "skill_used": "magic",
    "difficulty": 4,
    "time": 40000,
    "tools": [ [ [ "hexenhammer", -1 ] ] ],
    "components": [ [ [ "scrap", 12 ] ], [ [ "essence_dull", 25 ] ] ]
  },
  {
    "result": "bloodscourge",
    "type": "uncraft",
    "skill_used": "magic",
    "difficulty": 5,
    "time": 50000,
    "tools": [ [ [ "hexenhammer", -1 ] ] ],
    "components": [ [ [ "splinter", 12 ] ], [ [ "silver_small", 475 ] ], [ [ "essence_dull", 25 ] ] ]
  },
  {
    "result": "spear_pestilence",
    "type": "uncraft",
    "skill_used": "magic",
    "difficulty": 6,
    "time": 60000,
    "tools": [ [ [ "hexenhammer", -1 ] ] ],
    "components": [ [ [ "scrap", 10 ] ], [ [ "meal_chitin_piece", 8 ] ], [ [ "essence_dull", 60 ] ] ]
  },
  {
    "result": "scroll_sun",
    "type": "uncraft",
    "skill_used": "magic",
    "difficulty": 2,
    "time": 20000,
    "tools": [ [ [ "hexenhammer", -1 ] ], [ [ "fire", -1 ] ] ],
    "components": [ [ [ "essence_dull", 15 ] ] ],
    "flags": [ "BLIND_EASY" ]
  },
  {
    "result": "scroll_moon",
    "type": "uncraft",
    "skill_used": "magic",
    "difficulty": 2,
    "time": 20000,
    "tools": [ [ [ "hexenhammer", -1 ] ], [ [ "fire", -1 ] ] ],
    "components": [ [ [ "essence_dull", 15 ] ] ],
    "flags": [ "BLIND_EASY" ]
  },
  {
    "result": "scroll_artiface",
    "type": "uncraft",
    "skill_used": "magic",
    "difficulty": 3,
    "time": 30000,
    "tools": [ [ [ "hexenhammer", -1 ] ], [ [ "fire", -1 ] ] ],
    "components": [ [ [ "essence_dull", 30 ] ] ],
    "flags": [ "BLIND_EASY" ]
  },
  {
    "result": "scroll_nature",
    "type": "uncraft",
    "skill_used": "magic",
    "difficulty": 3,
    "time": 30000,
    "tools": [ [ [ "hexenhammer", -1 ] ], [ [ "fire", -1 ] ] ],
    "components": [ [ [ "essence_dull", 30 ] ] ],
    "flags": [ "BLIND_EASY" ]
  },
  {
    "result": "scroll_destruction",
    "type": "uncraft",
    "skill_used": "magic",
    "difficulty": 4,
    "time": 40000,
    "tools": [ [ [ "hexenhammer", -1 ] ], [ [ "fire", -1 ] ] ],
    "components": [ [ [ "essence_dull", 45 ] ] ],
    "flags": [ "BLIND_EASY" ]
  },
  {
    "result": "scroll_subversion",
    "type": "uncraft",
    "skill_used": "magic",
    "difficulty": 4,
    "time": 40000,
    "tools": [ [ [ "hexenhammer", -1 ] ], [ [ "fire", -1 ] ] ],
    "components": [ [ [ "essence_dull", 45 ] ] ],
    "flags": [ "BLIND_EASY" ]
  },
  {
    "result": "totem_insight",
    "type": "uncraft",
    "skill_used": "magic",
    "difficulty": 0,
    "time": 5000,
    "tools": [ [ [ "hexenhammer", -1 ] ] ],
    "components": [ [ [ "essence_dull", 15 ] ] ],
    "flags": [ "BLIND_EASY" ]
  },
  {
    "result": "totem_plants",
    "type": "uncraft",
    "skill_used": "magic",
    "difficulty": 0,
    "time": 5000,
    "tools": [ [ [ "hexenhammer", -1 ] ] ],
    "components": [ [ [ "essence_dull", 15 ] ] ],
    "flags": [ "BLIND_EASY" ]
  },
  {
    "result": "totem_confusion",
    "type": "uncraft",
    "skill_used": "magic",
    "difficulty": 0,
    "time": 5000,
    "tools": [ [ [ "hexenhammer", -1 ] ] ],
    "components": [ [ [ "essence_dull", 15 ] ] ],
    "flags": [ "BLIND_EASY" ]
  },
  {
    "result": "totem_agile",
    "type": "uncraft",
    "skill_used": "magic",
    "difficulty": 1,
    "time": 10000,
    "tools": [ [ [ "hexenhammer", -1 ] ] ],
    "components": [ [ [ "essence_dull", 30 ] ] ],
    "flags": [ "BLIND_EASY" ]
  },
  {
    "result": "totem_lightning",
    "type": "uncraft",
    "skill_used": "magic",
    "difficulty": 1,
    "time": 10000,
    "tools": [ [ [ "hexenhammer", -1 ] ] ],
    "components": [ [ [ "essence_dull", 30 ] ] ],
    "flags": [ "BLIND_EASY" ]
  },
  {
    "result": "totem_strength",
    "type": "uncraft",
    "skill_used": "magic",
    "difficulty": 1,
    "time": 10000,
    "tools": [ [ [ "hexenhammer", -1 ] ] ],
    "components": [ [ [ "essence_dull", 30 ] ] ],
    "flags": [ "BLIND_EASY" ]
  },
  {
    "result": "totem_elecresist",
    "type": "uncraft",
    "skill_used": "magic",
    "difficulty": 2,
    "time": 20000,
    "tools": [ [ [ "hexenhammer", -1 ] ] ],
    "components": [ [ [ "essence_dull", 30 ] ] ],
    "flags": [ "BLIND_EASY" ]
  },
  {
    "result": "totem_clarity",
    "type": "uncraft",
    "skill_used": "magic",
    "difficulty": 2,
    "time": 20000,
    "tools": [ [ [ "hexenhammer", -1 ] ] ],
    "components": [ [ [ "essence_dull", 30 ] ] ],
    "flags": [ "BLIND_EASY" ]
  },
  {
    "result": "totem_heal",
    "type": "uncraft",
    "skill_used": "magic",
    "difficulty": 2,
    "time": 20000,
    "tools": [ [ [ "hexenhammer", -1 ] ] ],
    "components": [ [ [ "essence_dull", 30 ] ] ],
    "flags": [ "BLIND_EASY" ]
  },
  {
    "result": "totem_flamearmor",
    "type": "uncraft",
    "skill_used": "magic",
    "difficulty": 3,
    "time": 30000,
    "tools": [ [ [ "hexenhammer", -1 ] ] ],
    "components": [ [ [ "essence_dull", 45 ] ] ],
    "flags": [ "BLIND_EASY" ]
  },
  {
    "result": "totem_clairvoyance",
    "type": "uncraft",
    "skill_used": "magic",
    "difficulty": 3,
    "time": 30000,
    "tools": [ [ [ "hexenhammer", -1 ] ] ],
    "components": [ [ [ "essence_dull", 45 ] ] ],
    "flags": [ "BLIND_EASY" ]
  },
  {
    "result": "totem_invis",
    "type": "uncraft",
    "skill_used": "magic",
    "difficulty": 3,
    "time": 30000,
    "tools": [ [ [ "hexenhammer", -1 ] ] ],
    "components": [ [ [ "essence_dull", 45 ] ] ],
    "flags": [ "BLIND_EASY" ]
  },
  {
    "result": "totem_cleric",
    "type": "uncraft",
    "skill_used": "magic",
    "difficulty": 4,
    "time": 40000,
    "tools": [ [ [ "hexenhammer", -1 ] ] ],
    "components": [ [ [ "essence_dull", 45 ] ] ],
    "flags": [ "BLIND_EASY" ]
  },
  {
    "result": "totem_free_action",
    "type": "uncraft",
    "skill_used": "magic",
    "difficulty": 4,
    "time": 40000,
    "tools": [ [ [ "hexenhammer", -1 ] ] ],
    "components": [ [ [ "essence_dull", 45 ] ] ],
    "flags": [ "BLIND_EASY" ]
  },
  {
    "result": "totem_acidspray",
    "type": "uncraft",
    "skill_used": "magic",
    "difficulty": 4,
    "time": 40000,
    "tools": [ [ [ "hexenhammer", -1 ] ] ],
    "components": [ [ [ "essence_dull", 45 ] ] ],
    "flags": [ "BLIND_EASY" ]
  },
  {
    "result": "scroll_spell_insight",
    "type": "uncraft",
    "skill_used": "magic",
    "difficulty": 5,
    "time": 5000,
    "tools": [ [ [ "hexenhammer", -1 ] ], [ [ "fire", -1 ] ] ],
    "components": [ [ [ "essence_dull", 30 ] ] ],
    "flags": [ "BLIND_EASY" ]
  },
  {
    "result": "scroll_spell_plants",
    "type": "uncraft",
    "skill_used": "magic",
    "difficulty": 5,
    "time": 5000,
    "tools": [ [ [ "hexenhammer", -1 ] ], [ [ "fire", -1 ] ] ],
    "components": [ [ [ "essence_dull", 30 ] ] ],
    "flags": [ "BLIND_EASY" ]
  },
  {
    "result": "scroll_spell_confusion",
    "type": "uncraft",
    "skill_used": "magic",
    "difficulty": 5,
    "time": 5000,
    "tools": [ [ [ "hexenhammer", -1 ] ], [ [ "fire", -1 ] ] ],
    "components": [ [ [ "essence_dull", 30 ] ] ],
    "flags": [ "BLIND_EASY" ]
  },
  {
    "result": "scroll_spell_agile",
    "type": "uncraft",
    "skill_used": "magic",
    "difficulty": 6,
    "time": 10000,
    "tools": [ [ [ "hexenhammer", -1 ] ], [ [ "fire", -1 ] ] ],
    "components": [ [ [ "essence_dull", 45 ] ] ],
    "flags": [ "BLIND_EASY" ]
  },
  {
    "result": "scroll_spell_lightning",
    "type": "uncraft",
    "skill_used": "magic",
    "difficulty": 6,
    "time": 10000,
    "tools": [ [ [ "hexenhammer", -1 ] ], [ [ "fire", -1 ] ] ],
    "components": [ [ [ "essence_dull", 45 ] ] ],
    "flags": [ "BLIND_EASY" ]
  },
  {
    "result": "scroll_spell_might",
    "type": "uncraft",
    "skill_used": "magic",
    "difficulty": 6,
    "time": 10000,
    "tools": [ [ [ "hexenhammer", -1 ] ], [ [ "fire", -1 ] ] ],
    "components": [ [ [ "essence_dull", 45 ] ] ],
    "flags": [ "BLIND_EASY" ]
  },
  {
    "result": "scroll_spell_elecresist",
    "type": "uncraft",
    "skill_used": "magic",
    "difficulty": 7,
    "time": 20000,
    "tools": [ [ [ "hexenhammer", -1 ] ], [ [ "fire", -1 ] ] ],
    "components": [ [ [ "essence_dull", 60 ] ] ],
    "flags": [ "BLIND_EASY" ]
  },
  {
    "result": "scroll_spell_clarity",
    "type": "uncraft",
    "skill_used": "magic",
    "difficulty": 7,
    "time": 20000,
    "tools": [ [ [ "hexenhammer", -1 ] ], [ [ "fire", -1 ] ] ],
    "components": [ [ [ "essence_dull", 60 ] ] ],
    "flags": [ "BLIND_EASY" ]
  },
  {
    "result": "scroll_spell_heal",
    "type": "uncraft",
    "skill_used": "magic",
    "difficulty": 7,
    "time": 20000,
    "tools": [ [ [ "hexenhammer", -1 ] ], [ [ "fire", -1 ] ] ],
    "components": [ [ [ "essence_dull", 60 ] ] ],
    "flags": [ "BLIND_EASY" ]
  },
  {
    "result": "scroll_spell_flame_armor",
    "type": "uncraft",
    "skill_used": "magic",
    "difficulty": 8,
    "time": 30000,
    "tools": [ [ [ "hexenhammer", -1 ] ], [ [ "fire", -1 ] ] ],
    "components": [ [ [ "essence_dull", 75 ] ] ],
    "flags": [ "BLIND_EASY" ]
  },
  {
    "result": "scroll_spell_clairvoyance",
    "type": "uncraft",
    "skill_used": "magic",
    "difficulty": 8,
    "time": 30000,
    "tools": [ [ [ "hexenhammer", -1 ] ], [ [ "fire", -1 ] ] ],
    "components": [ [ [ "essence_dull", 75 ] ] ],
    "flags": [ "BLIND_EASY" ]
  },
  {
    "result": "scroll_spell_invis",
    "type": "uncraft",
    "skill_used": "magic",
    "difficulty": 8,
    "time": 30000,
    "tools": [ [ [ "hexenhammer", -1 ] ], [ [ "fire", -1 ] ] ],
    "components": [ [ [ "essence_dull", 75 ] ] ],
    "flags": [ "BLIND_EASY" ]
  },
  {
    "result": "scroll_spell_cleric",
    "type": "uncraft",
    "skill_used": "magic",
    "difficulty": 9,
    "time": 40000,
    "tools": [ [ [ "hexenhammer", -1 ] ], [ [ "fire", -1 ] ] ],
    "components": [ [ [ "essence_dull", 90 ] ] ],
    "flags": [ "BLIND_EASY" ]
  },
  {
    "result": "scroll_spell_free_action",
    "type": "uncraft",
    "skill_used": "magic",
    "difficulty": 9,
    "time": 40000,
    "tools": [ [ [ "hexenhammer", -1 ] ], [ [ "fire", -1 ] ] ],
    "components": [ [ [ "essence_dull", 90 ] ] ],
    "flags": [ "BLIND_EASY" ]
  },
  {
    "result": "scroll_spell_acidspray",
    "type": "uncraft",
    "skill_used": "magic",
    "difficulty": 9,
    "time": 40000,
    "tools": [ [ [ "hexenhammer", -1 ] ], [ [ "fire", -1 ] ] ],
    "components": [ [ [ "essence_dull", 90 ] ] ],
    "flags": [ "BLIND_EASY" ]
  },
  {
    "result": "satchel_eternity",
    "type": "uncraft",
    "skill_used": "magic",
    "difficulty": 7,
    "time": 70000,
    "tools": [ [ [ "hexenhammer", -1 ] ] ],
    "components": [ [ [ "rag", 6 ] ], [ [ "copper", 50 ] ], [ [ "essence_dull", 120 ] ] ]
  },
  {
    "result": "staff_druidic",
    "type": "uncraft",
    "skill_used": "magic",
    "difficulty": 8,
    "time": 80000,
    "tools": [ [ [ "hexenhammer", -1 ] ] ],
    "components": [ [ [ "splinter", 8 ] ], [ [ "silver_small", 20 ] ], [ [ "essence_dull", 135 ] ] ]
  },
  {
    "result": "orb_veil",
    "type": "uncraft",
    "skill_used": "magic",
    "difficulty": 9,
    "time": 90000,
    "tools": [ [ [ "hexenhammer", -1 ] ] ],
    "components": [ [ [ "gold_small", 500 ] ], [ [ "diamond", 1 ] ], [ [ "essence_dull", 150 ] ] ]
  },
  {
    "result": "veilblade",
    "type": "uncraft",
    "skill_used": "magic",
    "difficulty": 7,
    "time": 80000,
    "tools": [ [ [ "hexenhammer", -1 ] ], [ [ "book_hexenhammer", -1 ] ], [ [ "fire", -1 ] ] ],
    "components": [ [ [ "essence_dull", 100 ] ] ],
    "flags": [ "BLIND_EASY" ]
  },
  {
    "result": "draconic_heart_mutator",
    "type": "uncraft",
    "skill_used": "magic",
    "difficulty": 5,
    "time": 5000,
    "tools": [ [ [ "hexenhammer", -1 ] ], [ [ "book_hexenhammer", -1 ] ], [ [ "fire", -1 ] ] ],
    "components": [ [ [ "essence_dull", 100 ] ] ],
    "flags": [ "BLIND_EASY" ]
  },
  {
    "result": "hand_of_armok",
    "type": "uncraft",
    "skill_used": "magic",
    "difficulty": 10,
    "time": 100000,
    "tools": [ [ [ "hexenhammer", -1 ] ], [ [ "book_hexenhammer", -1 ] ], [ [ "fire", -1 ] ] ],
    "components": [ [ [ "essence_dull", 150 ] ] ],
    "flags": [ "BLIND_EASY" ]
  },
  {
    "result": "scourge_staff",
    "type": "uncraft",
    "skill_used": "magic",
    "difficulty": 10,
    "time": 100000,
    "tools": [ [ [ "hexenhammer", -1 ] ], [ [ "book_hexenhammer", -1 ] ], [ [ "fire", -1 ] ] ],
    "components": [ [ [ "essence_dull", 200 ] ] ],
    "flags": [ "BLIND_EASY" ]
  },
  {
    "result": "stormbringer",
    "type": "uncraft",
    "skill_used": "magic",
    "difficulty": 10,
    "time": 100000,
    "tools": [ [ [ "hexenhammer", -1 ] ], [ [ "book_hexenhammer", -1 ] ], [ [ "fire", -1 ] ] ],
    "components": [ [ [ "essence_dull", 200 ] ] ],
    "flags": [ "BLIND_EASY" ]
  },
  {
    "result": "cleric_ring",
    "type": "uncraft",
    "skill_used": "magic",
    "difficulty": 10,
    "time": 100000,
    "tools": [ [ [ "hexenhammer", -1 ] ], [ [ "book_hexenhammer", -1 ] ], [ [ "fire", -1 ] ] ],
    "components": [ [ [ "essence_dull", 200 ] ] ],
    "flags": [ "BLIND_EASY" ]
  },
  {
    "result": "gilded_aegis",
    "type": "uncraft",
    "skill_used": "magic",
    "difficulty": 4,
    "time": 40000,
    "tools": [ [ [ "blood_athame", -1 ] ] ],
    "components": [ [ [ "leather", 20 ] ], [ [ "scrap", 40 ] ], [ [ "gold_small", 200 ] ], [ [ "essence_blood", 4 ] ] ]
  },
  {
    "result": "somen_clairvoyance",
    "type": "uncraft",
    "skill_used": "magic",
    "difficulty": 5,
    "time": 50000,
    "tools": [ [ [ "blood_athame", -1 ] ] ],
    "components": [ [ [ "leather", 4 ] ], [ [ "scrap", 5 ] ], [ [ "copper", 30 ] ], [ [ "essence_blood", 3 ] ] ]
  },
  {
    "result": "sun_sword",
    "type": "uncraft",
    "skill_used": "magic",
    "difficulty": 5,
    "time": 50000,
    "tools": [ [ [ "blood_athame", -1 ] ] ],
    "components": [ [ [ "blade", 4 ] ], [ [ "gold_small", 135 ] ], [ [ "essence_blood", 5 ] ] ]
  },
  {
    "result": "hexenhammer",
    "type": "uncraft",
    "skill_used": "magic",
    "difficulty": 4,
    "time": 40000,
    "tools": [ [ [ "blood_athame", -1 ] ] ],
    "components": [ [ [ "splinter", 8 ] ], [ [ "scrap", 20 ] ], [ [ "silver_small", 240 ] ], [ [ "essence_blood", 3 ] ] ]
  },
  {
    "result": "ethereal_crossbow",
    "type": "uncraft",
    "skill_used": "magic",
    "difficulty": 4,
    "time": 40000,
    "tools": [ [ [ "blood_athame", -1 ] ] ],
    "components": [ [ [ "splinter", 6 ] ], [ [ "scrap", 1 ] ], [ [ "gold_small", 45 ] ], [ [ "essence_blood", 4 ] ] ]
  }
]
