[
  {
    "result": "triffid_garland",
    "type": "recipe",
    "category": "CC_ARMOR",
    "subcategory": "CSC_ARMOR_OTHER",
    "skill_used": "magic",
    "time": 40000,
    "autolearn": true,
    "components": [
      [ [ "filament", 50, "LIST" ], [ "cordage_short", 1, "LIST" ] ],
      [ [ "biollante_bud", 1 ], [ "triffid_queen_flower", 1 ] ]
    ]
  },
  {
    "type": "recipe",
    "result": "amulet_exotic",
    "category": "CC_OTHER",
    "subcategory": "CSC_OTHER_OTHER",
    "skill_used": "magic",
    "time": 30000,
    "autolearn": true,
    "components": [
      [ [ "cordage_short", 1, "LIST" ], [ "necklace", 1 ] ],
      [ [ "vortex_shard", 1 ], [ "blob_gem", 1 ], [ "monster_tear", 1 ], [ "shadow_gem", 1 ] ]
    ]
  },
  {
    "type": "recipe",
    "result": "brooch_iridescent",
    "category": "CC_OTHER",
    "subcategory": "CSC_OTHER_TOOLS",
    "skill_used": "magic",
    "skills_required": [ "fabrication", 3 ],
    "time": 60000,
    "autolearn": true,
    "qualities": [ { "id": "HAMMER", "level": 1 } ],
    "tools": [ [ [ "surface_heat", 10, "LIST" ] ] ],
    "components": [
      [ [ "bone", 1 ], [ "bone_human", 1 ] ],
      [ [ "copper", 10 ], [ "silver_small", 10 ], [ "gold_small", 10 ] ],
      [ [ "iridescent_plate", 1 ], [ "wyrmskin_piece", 1 ], [ "engraved_stone", 1 ] ]
    ]
  },
  {
    "type": "recipe",
    "result": "mana_gem",
    "category": "CC_ARMOR",
    "subcategory": "CSC_ARMOR_OTHER",
    "skill_used": "magic",
    "difficulty": 5,
    "skills_required": [ "fabrication", 3 ],
    "time": 30000,
    "autolearn": true,
    "book_learn": [
      [ "book_magicfordummies", 4 ],
      [ "book_bloodmagic", 3 ],
      [ "book_hexenhammer", 3 ],
      [ "book_sacrifice", 3 ],
      [ "book_syncretism", 2 ]
    ],
    "using": [ [ "forging_standard", 1 ], [ "cordage_short", 3 ], [ "arcana_essence_any", 3 ] ],
    "qualities": [ { "id": "HAMMER", "level": 3 }, { "id": "CHISEL", "level": 3 } ],
    "tools": [ [ [ "tongs", -1 ] ], [ [ "anvil", -1 ] ], [ [ "swage", -1 ] ] ],
    "components": [ [ [ "glass_shard", 1 ], [ "amulet_exotic", 1 ], [ "brooch_iridescent", 1 ] ], [ [ "copper", 100 ] ] ]
  },
  {
    "result": "gilded_aegis",
    "type": "recipe",
    "category": "CC_ARMOR",
    "subcategory": "CSC_ARMOR_SUIT",
    "skill_used": "magic",
    "difficulty": 5,
    "skills_required": [ "tailor", 3 ],
    "time": 30000,
    "book_learn": [ [ "book_hexenhammer", 5 ] ],
    "using": [ [ "filament", 18 ], [ "steel_standard", 2 ] ],
    "qualities": [ { "id": "HAMMER", "level": 3 }, { "id": "SEW", "level": 1 } ],
    "tools": [ [ [ "book_hexenhammer", -1 ] ], [ [ "surface_heat", 10, "LIST" ] ] ],
    "components": [ [ [ "cloak_leather", 1 ] ], [ [ "feather", 20 ] ], [ [ "gold_small", 200 ] ], [ [ "essence_dull", 20 ] ] ]
  },
  {
    "result": "somen_clairvoyance",
    "type": "recipe",
    "category": "CC_ARMOR",
    "subcategory": "CSC_ARMOR_HEAD",
    "skill_used": "magic",
    "difficulty": 6,
    "skills_required": [ "tailor", 3 ],
    "time": 25000,
    "book_learn": [ [ "book_hexenhammer", 6 ] ],
    "using": [ [ "filament", 9 ], [ "steel_tiny", 2 ] ],
    "qualities": [ { "id": "HAMMER", "level": 3 }, { "id": "CUT", "level": 1 }, { "id": "SEW", "level": 1 } ],
    "tools": [ [ [ "book_hexenhammer", -1 ] ], [ [ "surface_heat", 4, "LIST" ] ] ],
    "components": [
      [ [ "leather", 2 ], [ "fur", 2 ] ],
      [ [ "copper", 30 ], [ "silver_small", 30 ], [ "gold_small", 30 ] ],
      [ [ "essence_dull", 15 ] ]
    ]
  },
  {
    "result": "armor_wyrm",
    "type": "recipe",
    "category": "CC_ARMOR",
    "subcategory": "CSC_ARMOR_SUIT",
    "skill_used": "magic",
    "difficulty": 4,
    "skills_required": [ "tailor", 3 ],
    "time": 25000,
    "book_learn": [ [ "book_bloodmagic", 4 ] ],
    "using": [ [ "filament", 22 ] ],
    "qualities": [ { "id": "SEW", "level": 1 } ],
    "tools": [ [ [ "book_bloodmagic", -1 ] ], [ [ "blood_athame", -1 ] ] ],
    "components": [
      [ [ "armor_larmor", 1 ] ],
      [ [ "armguard_larmor", 1 ] ],
      [ [ "boots_larmor", 1 ] ],
      [ [ "leather", 4 ], [ "fur", 4 ] ],
      [ [ "brooch", 1 ], [ "brooch_iridescent", 1 ] ],
      [
        [ "wyrmskin_piece", 1 ],
        [ "acid", 1 ],
        [ "chem_sulphuric_acid", 1 ],
        [ "chem_nitric_acid", 1 ],
        [ "water_acid", 2 ],
        [ "water_acid_weak", 4 ]
      ],
      [ [ "essence_blood", 4 ] ]
    ]
  },
  {
    "result": "revenant_crown",
    "type": "recipe",
    "category": "CC_ARMOR",
    "subcategory": "CSC_ARMOR_HEAD",
    "skill_used": "magic",
    "difficulty": 5,
    "skills_required": [ "fabrication", 3 ],
    "time": 15000,
    "book_learn": [ [ "book_bloodmagic", 5 ] ],
    "using": [ [ "forging_standard", 3 ] ],
    "qualities": [ { "id": "HAMMER", "level": 3 }, { "id": "CHISEL", "level": 3 } ],
    "tools": [ [ [ "book_bloodmagic", -1 ] ], [ [ "tongs", -1 ] ], [ [ "anvil", -1 ] ], [ [ "swage", -1 ] ] ],
    "components": [
      [ [ "silver_small", 600 ], [ "gold_small", 600 ] ],
      [ [ "diamond", 1 ], [ "engraved_stone", 1 ] ],
      [ [ "essence_blood", 6 ] ]
    ]
  },
  {
    "result": "gauntlets_necro",
    "type": "recipe",
    "category": "CC_ARMOR",
    "subcategory": "CSC_ARMOR_HANDS",
    "skill_used": "magic",
    "difficulty": 6,
    "skills_required": [ "fabrication", 3 ],
    "time": 30000,
    "book_learn": [ [ "book_sacrifice", 6 ] ],
    "qualities": [ { "id": "HAMMER", "level": 3 } ],
    "tools": [ [ [ "book_sacrifice", -1 ] ], [ [ "surface_heat", 6, "LIST" ] ] ],
    "components": [ [ [ "gloves_plate", 1 ] ], [ [ "silver_small", 70 ] ], [ [ "essence", 4 ] ] ]
  },
  {
    "result": "robe_shadow",
    "type": "recipe",
    "category": "CC_ARMOR",
    "subcategory": "CSC_ARMOR_SUIT",
    "skill_used": "magic",
    "difficulty": 7,
    "skills_required": [ "tailor", 5 ],
    "time": 80000,
    "book_learn": [ [ "book_sacrifice", 7 ] ],
    "using": [ [ "filament", 24 ] ],
    "qualities": [ { "id": "CUT", "level": 1 }, { "id": "SEW", "level": 1 } ],
    "tools": [ [ [ "book_sacrifice", -1 ] ] ],
    "components": [
      [ [ "robe", 1 ], [ "cassock", 1 ], [ "kittel", 1 ], [ "thawb", 1 ], [ "kariginu", 1 ] ],
      [ [ "fur", 4 ], [ "feather", 400 ] ],
      [ [ "charcoal", 30 ] ],
      [ [ "essence", 7 ] ]
    ]
  },
  {
    "result": "satchel_eternity",
    "type": "recipe",
    "category": "CC_ARMOR",
    "subcategory": "CSC_ARMOR_STORAGE",
    "skill_used": "magic",
    "difficulty": 8,
    "skills_required": [ "tailor", 3 ],
    "time": 9000,
    "book_learn": [ [ "book_syncretism", 8 ] ],
    "using": [ [ "filament", 24 ], [ "arcana_essence_exclude_dull", 8 ] ],
    "qualities": [ { "id": "CUT", "level": 1 }, { "id": "HAMMER", "level": 3 }, { "id": "SEW", "level": 1 } ],
    "tools": [
      [ [ "book_syncretism", -1 ] ],
      [ [ "book_bloodmagic", -1 ], [ "book_sacrifice", -1 ] ],
      [ [ "surface_heat", 4, "LIST" ] ]
    ],
    "components": [
      [ [ "ragpouch", 1 ] ],
      [ [ "copper", 50 ] ],
      [ [ "rag", 2 ], [ "felt_patch", 2 ], [ "leather", 2 ], [ "fur", 2 ] ],
      [ [ "water_talisman", 1 ], [ "vortex_stone", 1 ], [ "vortex_shard", 10 ] ]
    ]
  }
]
