[
  {
    "type": "mapgen",
    "method": "json",
    "om_terrain": [ "KDYG_SL_X_2_01" ],
    "object": {
      "fill_ter": "t_grass",
      "rows": [
        "baeaddaaddaabbaabceecddb",   
        "beabaabaababaddbbccccddb",     
        "abaaaeeabbaabddbccecccbc",
        "abaabbccddccbcccccddccec",
        "abaebcbccbccccccbbcbcccc",
        "baaabcddccccbcbbddcccbbb",
        "abddbccbbccddbccddccbddb",
        "abaabcccbccddbccddccbcce",
        "baeabccecabbbcbcccbebcde",
        "beadabcccbaddebcccbebccb",
        "ebadaacccbebccccccbdbccb",
        "abebbbeeccccbccbbcbbcccb",
        "baaaddbbbeccbddbccbbccce",
        "abaaaddbbccccbebabeccbcc",
        "babaaabcccbbccbbaabbbebb",
        "baeaabcccbccbccdbaaaaaab",
        "abddecccbbccbbcdbeaaaaab",
        "abcccddbbcccddbccbbbbbbb",   
        "becccbabebccddbccccccccc",
        "addccbccccccccbccccbbbbc",
        "abaacccccbbddccbccbaaabb",
        "babebbbbaaaddccbccbaaaab",
        "abaddaabbbaaaeaabbabbbab",  
        "baabbbaaeaabbbabaeaabaab" 
     
      ],
      "terrain": {
        "a": "t_grass_tall",
        "b": "t_tree_wxkj_kdyg1",
        "c": "t_wxkj_kdyg_cc",
        "d": "t_wxkj_kdyg_xh",
        "e": "t_tree_wxkj_kdyg0",
        "r": "t_pavement_y",
        "f": "t_window"
      },	
       "place_monster": [
            {
              "monster": "mon_wxkj_mwc2",
                "x": [ 3, 18 ],
                "y": [ 3, 18 ],
                "chance": 100, 
                "repeat": [ 1, 2 ]
            }
        ],	        
      "furniture": { "g": "f_table", "h": "f_chair", "i": "f_sandbag_half", "j": "f_standing_tank" }
    }
  },
  {
        "type" : "overmap_terrain",
        "id" : "KDYG_SL_X_2_01",
        "name" : "森林",
        "symbol": "F",
        "color" : "green",        
        "see_cost" : 5
    }

    
    
]