[
  {
    "type": "mapgen",
    "method": "json",
    "om_terrain": [ "Ti&Fe00" ],
    "object": {
      "fill_ter": "t_grass",
      "rows": [
        "aaaaaaaaaaaaaaaaaaaaaaaa",   
        "aaaaaaaaaaaaaaaaaaaaaaaa",     
        "aaaaaaaaaaaaaaaaaaaaaaaa",
        "aaaaaaaaaaaaaaaaaaaaaaaa",
        "aaaaaaaaaaaaaaaaaaaaaaaa",
        "aaaaaaaaaaaaaaaaaaaaaaaa",   
        "aaaaaaaaaaaaaaaaaaaaaaaa",     
        "aaaaaaaaaaaaaaaaaaaaaaaa",
        "aaaaaaaaaaaaaaaaaaaaaaaa",
        "aaaaaaaaaaaaaaaaaaaaaaaa",
        "aaaaaaaaaaaaaaaaaaaaaaaa",   
        "aaaaaaaaaaaaaaaaaaaaaaaa",     
        "aaaaaaaaaaaaaaaaaaaaaaaa",
        "aaaaaaaaaaaaaaaaaaaaaaaa",
        "aaaaaaaaaaaaaaaaaaaaaaaa",
        "aaaaaaaaaaaaaaaaaaaaaaaa",   
        "aaaaaaaaaaaaaaaaaaaaaaaa",     
        "aaaaaaaaaaaaaaaaaaaaaaaa",
        "aaaaaaaaaaaaaaaaaaaaaaaa",
        "aaaaaaaaaaaaaaaaaaaaaaaa",
        "aaaaaaaaaaaaaaaaaaaaaaaa",     
        "aaaaaaaaaaaaaaaaaaaaaaaa",
        "aaaaaaaaaaaaaaaaaaaaaaaa",
        "aaaaaaaaaaaaaaaaaaaaaaaa"
     
      ],
      "terrain": {
        "a": "t_ore_Ti&Fe",
        "f": "t_window"
      },
      "furniture": { "g": "f_table", "h": "f_chair", "i": "f_sandbag_half", "j": "f_standing_tank" }
    }
  },
  {
        "type" : "overmap_terrain",
        "id" : "Ti&Fe00",
        "name" : "钛铁矿",
        "sym" : "F",
        "color" : "green",
        "see_cost" : 5

  }
    
    
    
]