
    [
       {
        "type": "item_group",
        "id": "wxkj_ore_Ti&Fe_group",
        "subtype": "collection",
        "entries": [
  { 
 "item": "wxkj_ore_Fe_1","prob": 100,"count":[0, 5] 
  },
  {
"item":"wxkj_ore_Fe_2","prob": 60, "count":[0,3]
  },
  {
 "item": "wxkj_ore_Fe_3","prob": 15,"count": [0,1] 
  },
  {
  "item":"wxkj_ore_Ti_1","prob": 100,"count":[0,4] 
  },
  {
  "item": "wxkj_ore_Ti_2","prob": 40,"count": [0,2] 
  },
  {
  "item": "wxkj_ore_Ti_3","prob": 10,"count": [0, 1]
  }
        ]
    }
    
    ]