[
	{
        "type" : "ammunition_type",
        "id" : "element_type",
        "name" : "元素",
        "default" : "element_water"
	},{
		"id": "element_water",
		"type":"AMMO",	
		"category" : "GS_element",
		"ammo_type" : "element_type",
		"name": "水元素",
		"name_plural": "水元素",
		"symbol": "~",
		"color": "blue",
		"description": "水，使用超凡力量解构、压缩分子间距形成的超密集态，使用思维具现能重组成原形。",
		"material": ["water"],
		"phase": "liquid",
		"weight": 50,	
		"//": "重量1/5",
		"volume" : 1,
		"stack_size" : 10,	
		"//": "体积1/10",
		"flags": ["NO_SALVAGE"]		
	},{
		"id": "element_skeleton",
		"type":"AMMO",
		"category": "GS_element",
		"ammo_type" : "element_type",
		"name": "骨元素",	
		"name_plural": "骨元素",	
		"symbol": ".",
		"color": "white",
		"description": "骨质，使用超凡力量分解压缩成超密集态，使用思维具现能重组成原形。",
		"material": ["bone", "chitin"],
		"weight": 30,
		"volume" : 1,
		"stack_size" : 10,
		"flags": ["NO_SALVAGE"]
	},{
		"id": "element_leather",
		"type":"AMMO",
		"category": "GS_element",
		"ammo_type" : "element_type",	
		"name": "皮革元素",	
		"name_plural": "皮革元素",	
		"symbol": ".",
		"color": "brown",
		"description": "皮革，使用超凡力量分解压缩成超密集态，使用思维具现能重组成原形。",
		"material": ["fur", "leather"],
		"weight": 30,
		"volume" : 1,
		"stack_size" : 10,
		"flags": ["NO_SALVAGE"]	
	},{
		"id": "element_wood",
		"type":"AMMO",
		"category": "GS_element",
		"ammo_type" : "element_type",	
		"name": "木元素",	
		"name_plural": "木元素",
		"symbol": ".",
		"color": "brown",
		"description": "木质，使用超凡力量分解压缩成超密集态，使用思维具现能重组成原形。",
		"material": ["wood"],
		"weight": 150,
		"volume" : 1,
		"stack_size" : 5,
		"flags": ["NO_SALVAGE"]
	},{
		"id": "element_fabric",
		"type":"AMMO",
		"category": "GS_element",
		"ammo_type" : "element_type",	
		"name": "纺织元素",	
		"name_plural": "纺织元素",
		"symbol": ".",
		"color": "white",
		"description": "纺织纤维，使用超凡力量分解压缩成超密集态，使用思维具现能重组成原形。",
		"material": ["cotton","wool"],
		"weight": 20,
		"volume" : 1,
		"stack_size" : 10,
		"flags": ["NO_SALVAGE"]
	},{
		"id": "element_plastic",
		"type":"AMMO",
		"category": "GS_element",
		"ammo_type" : "element_type",	
		"name": "塑胶元素",	
		"name_plural": "塑胶元素",
		"symbol": ".",
		"color": "light_gray",
		"description": "塑料，使用超凡力量分解压缩成超密集态，使用思维具现能重组成原形。",
		"material": ["plastic"],
		"weight": 20,
		"volume" : 1,
		"stack_size" : 5,
		"flags": ["NO_SALVAGE"]
	},{
		"id": "element_steel",
		"type":"AMMO",
		"category": "GS_element",
		"ammo_type" : "element_type",	
		"name": "金属元素",	
		"name_plural": "金属元素",
		"symbol": ".",
		"color": "light_gray",
		"description": "金属，使用超凡力量分解压缩成超密集态，使用思维具现能重组成原形。",
		"material": ["steel"],
		"weight": 200,
		"volume" : 1,
		"stack_size" : 5,
		"flags": ["NO_SALVAGE"]
	},{
		"id": "element_earth",
		"type":"AMMO",
		"category": "GS_element",
		"ammo_type" : "element_type",
		"name": "土元素",	
		"name_plural": "土元素",	
		"symbol": ".",
		"color": "brown",
		"description": "土质，使用超凡力量分解压缩成超密集态，使用思维具现能重组成原形。",
		"material": ["freshclay"],
		"weight": 100,
		"volume" : 1,
		"stack_size" : 10,
		"flags": ["NO_SALVAGE"]
	}
]