[
  {
    "type" : "item_group",
    "id" : "JD_SW02_JBT_pants_male", "//":"男士裤子",
    "items":[
      ["pants_army", 100]
    ]
  },{
    "type" : "item_group",
    "id" : "JD_SW02_JBT_pants_female",
    "items":[
      ["pants_army", 100]
    ]
  },{
    "type" : "item_group",
    "id" : "JD_SW02_JBT_shirt_male",    "//":"男士衣服",
    "items":[
      ["tshirt", 100]
    ]
  },{
    "type" : "item_group",
    "id" : "JD_SW02_JBT_shirt_female",
    "items":[
      ["tshirt", 100]
    ]
  },{
    "type" : "item_group",
    "id" : "JD_SW02_JBT_gloves",   "//":"手套",
    "items":[
      ["gloves_tactical", 100]
    ]
  },{
    "type" : "item_group",
    "id" : "JD_SW02_JBT_coat",    "//":"外套",
    "items":[
      ["modularvestkevlar", 100] 
    ]
  },{
    "type" : "item_group",
    "id" : "JD_SW02_JBT_shoes",    "//":"鞋子",
    "items":[
      ["boots_combat", 100]
    ]
  },{
    "type" : "item_group",
    "id" : "JD_SW02_JBT_masks",   "//":"面具",
    "items":[
      ["mask_bal", 100]
    ]
  },{
    "type" : "item_group",
    "id" : "JD_SW02_JBT_hat",    "//":"帽子",
    "items":[ 
      ["tac_helmet", 100]
    ]
  },{
    "type" : "item_group",
    "id" : "JD_SW02_JBT_extra",    "//":"添加物,背包",
    "items":[
      ["backpack_leather", 100],
      ["dump_pouch", 100],
      ["dump_pouch", 100]
    ]
  },{
    "type" : "item_group",
    "id" : "JD_SW02_JBT_cutting",  
    "items":[
      ["knife_combat", 100]
    ]
  },{
    "type" : "item_group",
    "id" : "JD_SW02_JBT_stabbing",
    "items":[
      ["knife_combat", 100]
    ]
  },{
    "type" : "item_group",
    "id" : "JD_SW02_JBT_pistols",   "//":"手枪",
    "items":[
       ["null", 100]
    ]
  },{
    "type" : "item_group",
    "id" : "JD_SW02_JBT_smg",    "//":"冲锋枪",
    "items":[
      ["null", 100]
    ]
  },{
    "type" : "item_group",
    "id" : "JD_SW02_JBT_rifle",    "//":"步枪",
    "items":[
      ["rm51_assault_rifle", 100]
    ]
  },
  {
    "type" : "item_group",
    "id" : "JD_SW02_JBT_archery",    "//":"弓箭，远程",
    "items":[
       ["null", 100]
    ]
  },{
    "type" : "item_group",
    "id" : "JD_SW02_JBT_weapon_random", "//":"随机",
    "items":[
        ["null", 100]
    ]
  },{
    "type" : "item_group",
    "id" : "JD_SW02_JBT_misc",   "//":"其他",
    "items":[
        ["8x40_50_mag", 100],
        ["rm51_assault_rifle", 100],
        ["8mm_hvp", 100]
    ]
  }
]
