[
  {
    "type": "mapgen",
    "method": "json",
    "om_terrain": [ "YS_jade_00" ],
    "object": {
      "fill_ter": "t_grass",
      "rows": [
        "aaaaaaaaaaaaaaaaaaaaaaaa",   
        "aaaaaaaaaaaaaaaaaaaaaaaa",     
        "aaaaaaaaaaaaaaaaaaaaaaaa",
        "aaaaaaaaaaaaaaaaaaaaaaaa",
        "aaaaaaaaaaaaaaaaaaaaaaaa",
        "aaaaaaaaaaaaaaaaaaaaaaaa",   
        "aaaaaaaaaaaaaaaaaaaaaaaa",     
        "aaaaaaaaaaaaaaaaaaaaaaaa",
        "aaaaaaaaaaaaaaaaaaaaaaaa",
        "aaaaaaaaaaaaaaaaaaaaaaaa",
        "aaaaaaaaaaaaaaaaaaaaaaaa",   
        "aaaaaaaaaaaaaaaaaaaaaaaa",     
        "aaaaaaaaaaaaaaaaaaaaaaaa",
        "aaaaaaaaaaaaaaaaaaaaaaaa",
        "aaaaaaaaaaaaaaaaaaaaaaaa",
        "aaaaaaaaaaaaaaaaaaaaaaaa",   
        "aaaaaaaaaaaaaaaaaaaaaaaa",     
        "aaaaaaaaaaaaaaaaaaaaaaaa",
        "aaaaaaaaaaaaaaaaaaaaaaaa",
        "aaaaaaaaaaaaaaaaaaaaaaaa",
        "aaaaaaaaaaaaaaaaaaaaaaaa",     
        "aaaaaaaaaaaaaaaaaaaaaaaa",
        "aaaaaaaaaaaaaaaaaaaaaaaa",
        "aaaaaaaaaaaaaaaaaaaaaaaa"
     
      ],
      "terrain": {
        "a": "t_jade_ys",
        "f": "t_window"
      },
      "furniture": { "g": "f_table", "h": "f_chair", "i": "f_sandbag_half", "j": "f_standing_tank" }
    }
  },
  {
        "type" : "overmap_terrain",
        "id" : "YS_jade_00",
        "name" : "玉石矿",
        "sym" : 66,
        "color" : "green",
        "see_cost" : 5,
        "extras": "build",
        "flags": [ "NO_ROTATE" ]
    },
    
  {
    "type" : "start_location",
    "ident" : "YS_jade_00",  "//":"角色出生地点代码",
    "name" : "玉石矿", 
    "target" : "YS_jade_00"
  }
    
    
    
]