[
  {
    "id": "survbowpack",
    "type": "ARMOR",
    "name": "survivor's archer backpack",
    "//": "This adds the quiver function.",
    "description": "A custom-built backpack modified further to be an archer's best friend.  Lots of storage, manageable encumbrance and a built in quiver.",
    "weight": 1200,
    "volume": 12,
    "price": 36000,
    "rigid": false,
    "phase": "solid",
    "material": [ "leather", "cotton" ],
    "symbol": "[",
    "color": "brown",
    "covers": [ "TORSO" ],
    "coverage": 35,
    "encumbrance": 4,
    "max_encumbrance": 16,
    "storage": "16 L",
    "warmth": 10,
    "material_thickness": 2,
    "use_action": { "type": "bandolier", "capacity": 50, "ammo": [ "arrow", "bolt" ], "draw_cost": 3 },
    "flags": [ "WATER_FRIENDLY", "STURDY", "BELTED" ]
  },
  {
    "id": "surv_suit",
    "type": "ARMOR",
    "category": "armor",
    "name": "survivor's scout suit",
    "description": "A home-made suit built to live off the land.  Comes with ample storage, fur lining, environmental and physical protection, a built-in watch, and a makeshift sheath ring.  It requires a separate gas mask for full protection.",
    "weight": 12840,
    "volume": 50,
    "price": 180000,
    "to_hit": -3,
    "bashing": 6,
    "phase": "solid",
    "material": [ "leather", "kevlar" ],
    "symbol": "[",
    "color": "brown",
    "covers": [ "LEGS", "TORSO", "ARMS", "HANDS", "FEET", "HEAD" ],
    "coverage": 100,
    "encumbrance": 35,
    "storage": "20 L",
    "warmth": 25,
    "material_thickness": 4,
    "environmental_protection": 15,
    "use_action": {
      "type": "holster",
      "holster_prompt": "Sheath knife/sword",
      "holster_msg": "You sheath your %s",
      "min_volume": 2,
      "max_volume": 10,
      "draw_cost": 80,
      "multi": 2,
      "flags": [ "SHEATH_KNIFE", "SHEATH_SWORD" ],
      "//": "Allows most blades to be sheathed."
    },
    "flags": [
      "VARSIZE",
      "OVERSIZE",
      "WATERPROOF",
      "RAINPROOF",
      "RAD_RESIST",
      "GAS_PROOF",
      "STURDY",
      "ALLOWS_NATURAL_ATTACKS",
      "WATCH",
      "NONCONDUCTIVE",
      "ALARMCLOCK"
    ]
  },
  {
    "id": "surv_armor_suit",
    "type": "ARMOR",
    "category": "armor",
    "name": "survivor's armored scout suit",
    "//": "Harder to repair but more durable.",
    "description": "A home-made suit built to live off the land.  Comes with ample storage, warm fur lining, environmental and physical protection, a built in watch, and a makeshift sheath ring.  The suit is carefully crafted of Kevlar fabric and reinforced with metal.  It requires a separate gas mask for full protection.",
    "weight": 26360,
    "volume": 50,
    "price": 180000,
    "to_hit": -3,
    "bashing": 6,
    "phase": "solid",
    "material": [ "kevlar", "steel" ],
    "symbol": "[",
    "color": "brown",
    "covers": [ "LEGS", "TORSO", "ARMS", "HANDS", "FEET", "HEAD" ],
    "coverage": 100,
    "encumbrance": 45,
    "storage": "20 L",
    "warmth": 25,
    "material_thickness": 5,
    "environmental_protection": 15,
    "use_action": {
      "type": "holster",
      "holster_prompt": "Sheath knife/sword",
      "holster_msg": "You sheath your %s",
      "min_volume": 2,
      "max_volume": 10,
      "draw_cost": 80,
      "multi": 2,
      "flags": [ "SHEATH_KNIFE", "SHEATH_SWORD" ]
    },
    "flags": [
      "VARSIZE",
      "OVERSIZE",
      "WATERPROOF",
      "RAINPROOF",
      "RAD_RESIST",
      "GAS_PROOF",
      "STURDY",
      "ALLOWS_NATURAL_ATTACKS",
      "WATCH",
      "NONCONDUCTIVE",
      "ALARMCLOCK"
    ]
  },
  {
    "id": "armor_lightplate_surv",
    "copy-from": "armor_lightplate",
    "//": "No storage or other amenities, but a modest increase in protection relative to the added encumbrance.",
    "type": "ARMOR",
    "name": "survivor plate armor",
    "description": "A suit of Gothic plate armor modified with kevlar and leather, altered to better protect the gaps between plates and provide better protection from the elements.",
    "weight": "12100 g",
    "price": 90000,
    "material": [ "steel", "kevlar", "leather" ],
    "coverage": 100,
    "encumbrance": 25,
    "warmth": 30,
    "environmental_protection": 3,
    "material_thickness": 5,
    "extend": { "flags": [ "WATERPROOF" ] }
  },
  {
    "id": "helmet_plate_surv",
    "copy-from": "helmet_plate",
    "type": "ARMOR",
    "name": "survivor great helm",
    "description": "A medieval helmet that has been heavily modified, widening the eye slits and breaths, with ballistic lenses and a kevlar aventail helping make up for the increased vulnerability.",
    "weight": "2395 g",
    "price": 50000,
    "material": [ "steel", "kevlar", "leather" ],
    "encumbrance": 35,
    "warmth": 20,
    "environmental_protection": 3,
    "material_thickness": 6,
    "qualities": [ [ "GLARE", 1 ] ],
    "extend": { "flags": [ "WATERPROOF", "SUN_GLASSES" ] }
  },
  {
    "id": "gloves_plate_surv",
    "copy-from": "gloves_plate",
    "type": "ARMOR",
    "name": "pair of survivor gauntlets",
    "name_plural": "pairs of survivor gauntlets",
    "description": "A heavy set of medieval gauntlets, modified with kevlar reinforcements to increase protection from the elements.",
    "weight": "1080 g",
    "price": 50000,
    "material": [ "iron", "kevlar", "leather" ],
    "encumbrance": 25,
    "warmth": 25,
    "material_thickness": 5,
    "environmental_protection": 3,
    "extend": { "flags": [ "WATERPROOF" ] }
  },
  {
    "id": "boots_plate_surv",
    "copy-from": "boots_plate",
    "type": "ARMOR",
    "name": "pair of survivor sabatons",
    "name_plural": "pairs of survivor sabatons",
    "description": "A heavy set of armor plated boots, modified with kevlar to better protect from the elements.",
    "weight": "2080 g",
    "price": 60000,
    "material": [ "iron", "kevlar", "leather" ],
    "encumbrance": 30,
    "warmth": 25,
    "material_thickness": 5,
    "environmental_protection": 3
  },
  {
    "id": "badge_bio_weapon",
    "type": "ARMOR",
    "name": "Bio-Weapon badge",
    "description": "A round silver medallion that identifies the wearer as a part of the Bio-Weapon project.",
    "weight": 60,
    "price": 5000,
    "phase": "solid",
    "material": [ "silver" ],
    "symbol": "[",
    "color": "yellow"
  },
  {
    "id": "badge_bio_weapon_apophis",
    "type": "ARMOR",
    "name": "Bio-Weapon Apophis badge",
    "description": "A round silver medallion that identifies the wearer as a part of the Bio-Weapon project.  This one has the name 'Apophis' inscribed on the front.",
    "weight": 60,
    "price": 10000,
    "phase": "solid",
    "material": [ "silver" ],
    "symbol": "[",
    "color": "red"
  },
  {
    "id": "acs_74_stealth_cloak_on",
    "type": "TOOL_ARMOR",
    "name": "ACS-74 stealth cloak (on)",
    "description": "An experimental cloak that uses a highly sophisticated network of cameras and LEDs to render the user fully invisible.  It is powered by built-in torsion ratchets.  Due to particularities of its construction, it is very difficult to move in, hampering wearer's strength, dexterity and movement speed. It is currently on",
    "weight": 1556,
    "volume": 12,
    "price": 8400000,
    "to_hit": -1,
    "phase": "solid",
    "material": [ "superalloy", "plastic" ],
    "symbol": "[",
    "color": "light_gray",
    "covers": [ "TORSO", "HEAD", "ARMS", "LEGS" ],
    "coverage": 75,
    "encumbrance": 15,
    "warmth": 15,
    "material_thickness": 1,
    "environmental_protection": 4,
    "max_charges": 100,
    "turns_per_charge": 5,
    "artifact_data": { "charge_type": "ARTC_TIME", "effects_worn": [ "AEP_INVISIBLE", "AEP_STR_DOWN", "AEP_DEX_DOWN", "AEP_SPEED_DOWN" ] },
    "revert_to": "solar_flashlight",
    "use_action": { "menu_text": "Turn off", "type": "transform", "msg": "You turn off your cloak.", "target": "acs_74_stealth_cloak_off" },
    "flags": [ "OVERSIZE", "HOOD", "WATERPROOF", "OUTER", "VARSIZE" ]
  },
  {
    "id": "acs_74_stealth_cloak_off",
    "type": "TOOL_ARMOR",
    "name": "ACS-74 stealth cloak",
    "description": "An experimental cloak that uses a highly sophisticated network of cameras and LEDs to render the user fully invisible.  It is powered by built-in torsion ratchets.  Due to particularities of its construction, it is very difficult to move in, hampering wearer's strength, dexterity and movement speed.",
    "weight": 1556,
    "volume": 12,
    "price": 8400000,
    "to_hit": -1,
    "phase": "solid",
    "material": [ "superalloy", "plastic" ],
    "symbol": "[",
    "color": "light_gray",
    "covers": [ "TORSO", "HEAD", "ARMS", "LEGS" ],
    "coverage": 75,
    "encumbrance": 15,
    "warmth": 15,
    "material_thickness": 1,
    "environmental_protection": 4,
    "max_charges": 100,
    "initial_charges": 5,
    "artifact_data": { "charge_type": "ARTC_TIME", "effects_worn": [ "AEP_STR_DOWN", "AEP_DEX_DOWN", "AEP_SPEED_DOWN" ] },
    "use_action": { "active": true, "need_charges": 1, "need_charges_msg": "The stored energy has run dry.", "menu_text": "Activate Cloaking", "target": "acs_74_stealth_cloak_on", "msg": "You turn on your cloak.", "type": "transform" },
    "flags": [ "OVERSIZE", "HOOD", "WATERPROOF", "OUTER", "VARSIZE" ]
  },
  {
    "id": "boots_stealth",
    "type": "TOOL_ARMOR",
    "category": "armor",
    "name": "pair of mute boots",
    "name_plural": "pairs of mute boots",
    "description": "Experimental reinforced boots that completely silence your steps, but also slow your movement.",
    "weight": 1280,
    "volume": 10,
    "price": 26000,
    "to_hit": -1,
    "bashing": 1,
    "phase": "solid",
    "material": [ "kevlar", "leather" ],
    "symbol": "[",
    "color": "dark_gray",
    "covers": [ "FEET" ],
    "coverage": 100,
    "encumbrance": 18,
    "warmth": 25,
    "material_thickness": 3,
    "environmental_protection": 2,
    "artifact_data": { "effects_worn": [ "AEP_STEALTH", "AEP_SPEED_DOWN" ] },
    "flags": [ "VARSIZE", "WATERPROOF", "STURDY", "BOOTS" ]
  },
  {
    "id": "goggles_nv_clairvoyance",
    "type": "TOOL_ARMOR",
    "name": "pair of radiogenic goggles",
    "name_plural": "pairs of radiogenic goggles",
    "description": "Experimental goggles that use gamma radiation emitters, allowing the user to see through walls and in the dark.  Prolonged use is not recommended due to danger of radiation poisoning.",
    "weight": 158,
    "volume": 2,
    "price": 26000,
    "to_hit": -3,
    "phase": "solid",
    "material": [ "plastic", "steel" ],
    "symbol": "[",
    "color": "dark_gray",
    "covers": [ "EYES" ],
    "coverage": 100,
    "encumbrance": 30,
    "warmth": 10,
    "material_thickness": 4,
    "environmental_protection": 5,
    "artifact_data": { "effects_worn": [ "AEP_CLAIRVOYANCE", "AEP_RADIOACTIVE", "AEP_GLOW" ] },
    "flags": [ "GNV_EFFECT", "WATERPROOF", "STURDY" ]
  },
  {
    "id": "lmil_armor",
    "type": "ARMOR",
    "category": "armor",
    "name": "light military armor",
    "description": "A full-body light suit of gray bulletproof armor.  Relatively easy to move in at the cost of unarmored joints.",
    "weight": 9600,
    "volume": 30,
    "price": 320000,
    "to_hit": -3,
    "bashing": 5,
    "material": [ "kevlar", "cotton" ],
    "symbol": "[",
    "color": "dark_gray",
    "covers": [ "HEAD", "TORSO", "ARMS", "HANDS", "LEGS", "FEET" ],
    "coverage": 90,
    "encumbrance": 20,
    "warmth": 30,
    "material_thickness": 6,
    "environmental_protection": 4,
    "flags": [ "STURDY" ]
  },
  {
    "id": "mil_armor",
    "type": "ARMOR",
    "category": "armor",
    "name": "military armor",
    "description": "A full-body suit of gray bulletproof armor.  Somewhat easy to move in, having joints protected by leather.",
    "weight": 12800,
    "volume": 30,
    "price": 350000,
    "to_hit": -3,
    "bashing": 5,
    "material": [ "kevlar", "leather" ],
    "symbol": "[",
    "color": "dark_gray",
    "covers": [ "HEAD", "TORSO", "ARMS", "HANDS", "LEGS", "FEET" ],
    "coverage": 95,
    "encumbrance": 30,
    "warmth": 40,
    "material_thickness": 7,
    "environmental_protection": 4,
    "flags": [ "STURDY" ]
  },
  {
    "id": "hmil_armor",
    "type": "ARMOR",
    "category": "armor",
    "name": "heavy military armor",
    "description": "A full-body suit of gray bulletproof armor.  Difficult to move in because of steel reinforcement.",
    "weight": 25200,
    "volume": 30,
    "price": 400000,
    "to_hit": -3,
    "bashing": 5,
    "material": [ "kevlar", "steel" ],
    "symbol": "[",
    "color": "dark_gray",
    "covers": [ "HEAD", "TORSO", "ARMS", "HANDS", "LEGS", "FEET" ],
    "coverage": 95,
    "encumbrance": 40,
    "warmth": 30,
    "material_thickness": 8,
    "environmental_protection": 4,
    "flags": [ "STURDY" ]
  },
  {
    "id": "fancy_bra",
    "type": "ARMOR",
    "name": "designer bra",
    "name_plural": "designer bras",
    "description": "A luxurious designer bra.  Serves its purpose and looks good on you.",
    "weight": 35,
    "volume": 1,
    "price": 5000,
    "material": [ "cotton" ],
    "symbol": "[",
    "color": "white",
    "covers": [ "TORSO" ],
    "coverage": 15,
    "warmth": 5,
    "material_thickness": 2,
    "flags": [ "VARSIZE", "SKINTIGHT", "SUPER_FANCY" ]
  },
  {
    "id": "thong",
    "type": "ARMOR",
    "name": "thong",
    "name_plural": "thongs",
    "description": "Women's underwear that covers a little less than normal in exchange for stares.",
    "weight": 30,
    "volume": 1,
    "price": 2500,
    "material": [ "cotton" ],
    "symbol": "[",
    "color": "white",
    "covers": [ "LEGS" ],
    "coverage": 12,
    "warmth": 5,
    "material_thickness": 1,
    "flags": [ "VARSIZE", "SKINTIGHT", "FANCY" ]
  },
  {
    "id": "dress_skirt",
    "type": "ARMOR",
    "name": "dress skirt",
    "description": "A short yet professional looking cotton skirt.  Somewhat easy to move in, but has no pockets.",
    "weight": 75,
    "volume": 1,
    "price": 8000,
    "material": [ "cotton" ],
    "symbol": "[",
    "color": "dark_gray",
    "covers": [ "LEGS" ],
    "coverage": 50,
    "encumbrance": 2,
    "warmth": 5,
    "material_thickness": 1,
    "flags": [ "VARSIZE", "FANCY" ]
  },
  {
    "id": "microskirt",
    "type": "ARMOR",
    "name": "microskirt",
    "description": "A skirt that is on the short side.  No pockets but it is comfortable to wear.",
    "weight": 11,
    "volume": 1,
    "price": 3000,
    "material": [ "cotton" ],
    "symbol": "[",
    "color": "pink",
    "covers": [ "LEGS" ],
    "coverage": 7,
    "material_thickness": 1,
    "flags": [ "VARSIZE", "FANCY" ]
  }
]
