[
  {
    "id": "encyclopedia_mechanics",
    "type": "BOOK",
    "name": "Rebuilding Civilization: Mechanics",
    "description": "The mechanics volume of the Rebuilding Civilization encyclopedia.  This book contains everything from simple machines to the inner workings of submarine engines in fine detail.  Being the basic model it skips over the theoretical, recommending the advanced companion book for that knowledge.",
    "weight": 1200,
    "volume": 6,
    "price": 8000,
    "bashing": 4,
    "material": [ "paper" ],
    "symbol": "?",
    "color": "blue",
    "skill": "mechanics",
    "required_level": 0,
    "max_level": 6,
    "intelligence": 10,
    "time": 30,
    "fun": -2
  },
  {
    "id": "encyclopedia_fabrication",
    "type": "BOOK",
    "name": "Rebuilding Civilization: Fabrication",
    "description": "The fabrication volume of the Rebuilding Civilization encyclopedia.  This book contains everything from creating how to create simple stone tools to the creation of the pyramids of Egypt in fine detail.  Being the basic model it skips over the theoretical, recommending the advanced companion book for that knowledge.",
    "weight": 1200,
    "volume": 6,
    "price": 8000,
    "bashing": 4,
    "material": [ "paper" ],
    "symbol": "?",
    "color": "blue",
    "skill": "fabrication",
    "required_level": 0,
    "max_level": 6,
    "intelligence": 10,
    "time": 30,
    "fun": -2
  },
  {
    "id": "encyclopedia_archery",
    "type": "BOOK",
    "name": "Rebuilding Civilization: Archery",
    "description": "The archery volume of the Rebuilding Civilization encyclopedia.  This book contains everything from correct positioning to the usage of advanced bows in fine detail.  Being the basic model it skips over the theoretical, recommending the advanced companion book for that knowledge.",
    "weight": 1200,
    "volume": 6,
    "price": 8000,
    "bashing": 4,
    "material": [ "paper" ],
    "symbol": "?",
    "color": "blue",
    "skill": "archery",
    "required_level": 0,
    "max_level": 6,
    "intelligence": 10,
    "time": 30,
    "fun": -2
  },
  {
    "id": "encyclopedia_barter",
    "type": "BOOK",
    "name": "Rebuilding Civilization: Barter",
    "description": "The bartering volume of the Rebuilding Civilization encyclopedia.  This book contains everything from what supplies are worth more after the cataclysm to what economic system to use in your new society in fine detail.  Being the basic model it skips over the theoretical, recommending the advanced companion book for that knowledge.",
    "weight": 1200,
    "volume": 6,
    "price": 8000,
    "bashing": 4,
    "material": [ "paper" ],
    "symbol": "?",
    "color": "blue",
    "skill": "barter",
    "required_level": 0,
    "max_level": 6,
    "intelligence": 10,
    "time": 30,
    "fun": -2
  },
  {
    "id": "encyclopedia_bashing",
    "type": "BOOK",
    "name": "Rebuilding Civilization: Bashing Weapons",
    "description": "The bashing weapons volume of the Rebuilding Civilization encyclopedia.  This book contains everything from self defense with a pipe to the proper swinging technique for a sledge hammer in fine detail.  Being the basic model it skips over the theoretical, recommending the advanced companion book for that knowledge.",
    "weight": 1200,
    "volume": 6,
    "price": 8000,
    "bashing": 4,
    "material": [ "paper" ],
    "symbol": "?",
    "color": "blue",
    "skill": "bashing",
    "required_level": 0,
    "max_level": 6,
    "intelligence": 10,
    "time": 30,
    "fun": -2
  },
  {
    "id": "encyclopedia_computer",
    "type": "BOOK",
    "name": "Rebuilding Civilization: Computer",
    "description": "The computer volume of the Rebuilding Civilization encyclopedia.  This book contains everything from basic programing to cyber security algorithms in fine detail.  Being the basic model it skips over the theoretical, recommending the advanced companion book for that knowledge.",
    "weight": 1200,
    "volume": 6,
    "price": 8000,
    "bashing": 4,
    "material": [ "paper" ],
    "symbol": "?",
    "color": "blue",
    "skill": "computer",
    "required_level": 0,
    "max_level": 6,
    "intelligence": 10,
    "time": 30,
    "fun": -2
  },
  {
    "id": "encyclopedia_cooking",
    "type": "BOOK",
    "name": "Rebuilding Civilization: Cooking",
    "description": "The cooking volume of the Rebuilding Civilization encyclopedia.  This book contains everything from cooking small game to basic chemistry in fine detail.  Being the basic model it skips over the theoretical, recommending the advanced companion book for that knowledge.",
    "weight": 1200,
    "volume": 6,
    "price": 8000,
    "bashing": 4,
    "material": [ "paper" ],
    "symbol": "?",
    "color": "blue",
    "skill": "cooking",
    "required_level": 0,
    "max_level": 6,
    "intelligence": 10,
    "time": 30,
    "fun": -2
  },
  {
    "id": "encyclopedia_cutting",
    "type": "BOOK",
    "name": "Rebuilding Civilization: Cutting Weapons",
    "description": "The cutting weapons volume of the Rebuilding Civilization encyclopedia.  This book contains everything from using a glass shiv to medieval swordsmanship in fine detail.  Being the basic model it skips over the theoretical, recommending the advanced companion book for that knowledge.",
    "weight": 1200,
    "volume": 6,
    "price": 8000,
    "bashing": 4,
    "material": [ "paper" ],
    "symbol": "?",
    "color": "blue",
    "skill": "cutting",
    "required_level": 0,
    "max_level": 6,
    "intelligence": 10,
    "time": 30,
    "fun": -2
  },
  {
    "id": "encyclopedia_dodge",
    "type": "BOOK",
    "name": "Rebuilding Civilization: Dodging",
    "description": "The dodging volume of the Rebuilding Civilization encyclopedia.  This book contains everything from dancing for beginners to parkour in fine detail.  Being the basic model it skips over the theoretical, recommending the advanced companion book for that knowledge.",
    "weight": 1200,
    "volume": 6,
    "price": 8000,
    "bashing": 4,
    "material": [ "paper" ],
    "symbol": "?",
    "color": "blue",
    "skill": "dodge",
    "required_level": 0,
    "max_level": 6,
    "intelligence": 10,
    "time": 30,
    "fun": -2
  },
  {
    "id": "encyclopedia_driving",
    "type": "BOOK",
    "name": "Rebuilding Civilization: Driving",
    "description": "The driving volume of the Rebuilding Civilization encyclopedia.  This book contains everything from acquiring a driving license to professional racing in fine detail.  Being the basic model it skips over the theoretical, recommending the advanced companion book for that knowledge.",
    "weight": 1200,
    "volume": 6,
    "price": 8000,
    "bashing": 4,
    "material": [ "paper" ],
    "symbol": "?",
    "color": "blue",
    "skill": "driving",
    "required_level": 0,
    "max_level": 6,
    "intelligence": 10,
    "time": 30,
    "fun": -2
  },
  {
    "id": "encyclopedia_electronics",
    "type": "BOOK",
    "name": "Rebuilding Civilization: Electronics",
    "description": "The electronics volume of the Rebuilding Civilization encyclopedia.  This book contains everything from simple circuits to military robotics in fine detail.",
    "weight": 1200,
    "volume": 6,
    "price": 8000,
    "bashing": 4,
    "material": [ "paper" ],
    "symbol": "?",
    "color": "blue",
    "skill": "electronics",
    "required_level": 0,
    "max_level": 6,
    "intelligence": 10,
    "time": 30,
    "fun": -2
  },
  {
    "id": "encyclopedia_firstaid",
    "type": "BOOK",
    "name": "Rebuilding Civilization: First Aid",
    "description": "The first aid volume of the Rebuilding Civilization encyclopedia.  This book contains everything from proper bandage application to exploratory surgery in fine detail.  Being the basic model it skips over the theoretical, recommending the advanced companion book for that knowledge.",
    "weight": 1200,
    "volume": 6,
    "price": 8000,
    "bashing": 4,
    "material": [ "paper" ],
    "symbol": "?",
    "color": "blue",
    "skill": "firstaid",
    "required_level": 0,
    "max_level": 6,
    "intelligence": 10,
    "time": 30,
    "fun": -2
  },
  {
    "id": "encyclopedia_gun",
    "type": "BOOK",
    "name": "Rebuilding Civilization: Marksmanship",
    "description": "The marksmanship volume of the Rebuilding Civilization encyclopedia.  This book contains everything from proper iron sight aiming to military sniper techniques in fine detail.  Being the basic model it skips over the theoretical, recommending the advanced companion book for that knowledge.",
    "weight": 1200,
    "volume": 6,
    "price": 8000,
    "bashing": 4,
    "material": [ "paper" ],
    "symbol": "?",
    "color": "blue",
    "skill": "gun",
    "required_level": 0,
    "max_level": 6,
    "intelligence": 10,
    "time": 30,
    "fun": -2
  },
  {
    "id": "encyclopedia_launcher",
    "type": "BOOK",
    "name": "Rebuilding Civilization: Launchers",
    "description": "The launchers volume of the Rebuilding Civilization encyclopedia.  This book contains everything from the use of spraycan flamethrowers to recoiless rifles in fine detail.  Being the basic model it skips over the theoretical, recommending the advanced companion book for that knowledge.",
    "weight": 1200,
    "volume": 6,
    "price": 8000,
    "bashing": 4,
    "material": [ "paper" ],
    "symbol": "?",
    "color": "blue",
    "skill": "launcher",
    "required_level": 0,
    "max_level": 6,
    "intelligence": 10,
    "time": 30,
    "fun": -2
  },
  {
    "id": "encyclopedia_melee",
    "type": "BOOK",
    "name": "Rebuilding Civilization: Melee Combat",
    "description": "The melee combat volume of the Rebuilding Civilization encyclopedia.  This book contains everything from using a branch to martial arts techniques in fine detail.  Being the basic model it skips over the theoretical, recommending the advanced companion book for that knowledge.",
    "weight": 1200,
    "volume": 6,
    "price": 8000,
    "bashing": 4,
    "material": [ "paper" ],
    "symbol": "?",
    "color": "blue",
    "skill": "melee",
    "required_level": 0,
    "max_level": 6,
    "intelligence": 10,
    "time": 30,
    "fun": -2
  },
  {
    "id": "encyclopedia_pistol",
    "type": "BOOK",
    "name": "Rebuilding Civilization: Pistols",
    "description": "The pistols volume of the Rebuilding Civilization encyclopedia.  This book contains everything from using zip pistols to laser pistols in fine detail.  Being the basic model it skips over the theoretical, recommending the advanced companion book for that knowledge.",
    "weight": 1200,
    "volume": 6,
    "price": 8000,
    "bashing": 4,
    "material": [ "paper" ],
    "symbol": "?",
    "color": "blue",
    "skill": "pistol",
    "required_level": 0,
    "max_level": 6,
    "intelligence": 10,
    "time": 30,
    "fun": -2
  },
  {
    "id": "encyclopedia_rifle",
    "type": "BOOK",
    "name": "Rebuilding Civilization: Rifles",
    "description": "The rifles volume of the Rebuilding Civilization encyclopedia.  This book contains everything from using zip rifles to laser rifles in fine detail.  Being the basic model it skips over the theoretical, recommending the advanced companion book for that knowledge.",
    "weight": 1200,
    "volume": 6,
    "price": 8000,
    "bashing": 4,
    "material": [ "paper" ],
    "symbol": "?",
    "color": "blue",
    "skill": "rifle",
    "required_level": 0,
    "max_level": 6,
    "intelligence": 10,
    "time": 30,
    "fun": -2
  },
  {
    "id": "encyclopedia_shotgun",
    "type": "BOOK",
    "name": "Rebuilding Civilization: Shotguns",
    "description": "The shotguns volume of the Rebuilding Civilization encyclopedia.  This book contains everything from using zip shotguns to laser scatter guns in fine detail.  Being the basic model it skips over the theoretical, recommending the advanced companion book for that knowledge.",
    "weight": 1200,
    "volume": 6,
    "price": 8000,
    "bashing": 4,
    "material": [ "paper" ],
    "symbol": "?",
    "color": "blue",
    "skill": "shotgun",
    "required_level": 0,
    "max_level": 6,
    "intelligence": 10,
    "time": 30,
    "fun": -2
  },
  {
    "id": "encyclopedia_smg",
    "type": "BOOK",
    "name": "Rebuilding Civilization: Sub Machineguns",
    "description": "The sub machineguns volume of the Rebuilding Civilization encyclopedia.  This book contains everything from using makeshift smgs to automatic laser carbines in fine detail.  Being the basic model it skips over the theoretical, recommending the advanced companion book for that knowledge.",
    "weight": 1200,
    "volume": 6,
    "price": 8000,
    "bashing": 4,
    "material": [ "paper" ],
    "symbol": "?",
    "color": "blue",
    "skill": "smg",
    "required_level": 0,
    "max_level": 6,
    "intelligence": 10,
    "time": 30,
    "fun": -2
  },
  {
    "id": "encyclopedia_speech",
    "type": "BOOK",
    "name": "Rebuilding Civilization: Speech",
    "description": "The speech volume of the Rebuilding Civilization encyclopedia.  This book contains everything from recruiting survivors to running for political office in fine detail.  Being the basic model it skips over the theoretical, recommending the advanced companion book for that knowledge.",
    "weight": 1200,
    "volume": 6,
    "price": 8000,
    "bashing": 4,
    "material": [ "paper" ],
    "symbol": "?",
    "color": "blue",
    "skill": "speech",
    "required_level": 0,
    "max_level": 6,
    "intelligence": 10,
    "time": 30,
    "fun": -2
  },
  {
    "id": "encyclopedia_stabbing",
    "type": "BOOK",
    "name": "Rebuilding Civilization: Piercing Weapons",
    "description": "The piercing weapons volume of the Rebuilding Civilization encyclopedia.  This book contains everything from using switchblades to spear combat in fine detail.  Being the basic model it skips over the theoretical, recommending the advanced companion book for that knowledge.",
    "weight": 1200,
    "volume": 6,
    "price": 8000,
    "bashing": 4,
    "material": [ "paper" ],
    "symbol": "?",
    "color": "blue",
    "skill": "stabbing",
    "required_level": 0,
    "max_level": 6,
    "intelligence": 10,
    "time": 30,
    "fun": -2
  },
  {
    "id": "encyclopedia_survival",
    "type": "BOOK",
    "name": "Rebuilding Civilization: Survival",
    "description": "The survival volume of the Rebuilding Civilization encyclopedia.  This book contains everything from camping to survival on a deserted island in fine detail.  Being the basic model it skips over the theoretical, recommending the advanced companion book for that knowledge.",
    "weight": 1200,
    "volume": 6,
    "price": 8000,
    "bashing": 4,
    "material": [ "paper" ],
    "symbol": "?",
    "color": "blue",
    "skill": "survival",
    "required_level": 0,
    "max_level": 6,
    "intelligence": 10,
    "time": 30,
    "fun": -2
  },
  {
    "id": "encyclopedia_swimming",
    "type": "BOOK",
    "name": "Rebuilding Civilization: Swimming",
    "description": "The swimming volume of the Rebuilding Civilization encyclopedia.  This book contains everything from recreational swimming to crossing rivers in fine detail.  Being the basic model it skips over the theoretical, recommending the advanced companion book for that knowledge.",
    "weight": 1200,
    "volume": 6,
    "price": 8000,
    "bashing": 4,
    "material": [ "paper" ],
    "symbol": "?",
    "color": "blue",
    "skill": "swimming",
    "required_level": 0,
    "max_level": 6,
    "intelligence": 10,
    "time": 30,
    "fun": -2
  },
  {
    "id": "encyclopedia_tailor",
    "type": "BOOK",
    "name": "Rebuilding Civilization: Tailoring",
    "description": "The tailoring volume of the Rebuilding Civilization encyclopedia.  This book contains everything from fixing clothing tears to fashion designing in fine detail.  Being the basic model it skips over the theoretical, recommending the advanced companion book for that knowledge.",
    "weight": 1200,
    "volume": 6,
    "price": 8000,
    "bashing": 4,
    "material": [ "paper" ],
    "symbol": "?",
    "color": "blue",
    "skill": "tailor",
    "required_level": 0,
    "max_level": 6,
    "intelligence": 10,
    "time": 30,
    "fun": -2
  },
  {
    "id": "encyclopedia_throw",
    "type": "BOOK",
    "name": "Rebuilding Civilization: Throwing",
    "description": "The throwing volume of the Rebuilding Civilization encyclopedia.  This book contains everything from throwing stones to spear hunting in fine detail.  Being the basic model it skips over the theoretical, recommending the advanced companion book for that knowledge.",
    "weight": 1200,
    "volume": 6,
    "price": 8000,
    "bashing": 4,
    "material": [ "paper" ],
    "symbol": "?",
    "color": "blue",
    "skill": "throw",
    "required_level": 0,
    "max_level": 6,
    "intelligence": 10,
    "time": 30,
    "fun": -2
  },
  {
    "id": "encyclopedia_traps",
    "type": "BOOK",
    "name": "Rebuilding Civilization: Traps",
    "description": "The traps volume of the Rebuilding Civilization encyclopedia.  This book contains everything from spike pits to disarming landmines in fine detail.  Being the basic model it skips over the theoretical, recommending the advanced companion book for that knowledge.",
    "weight": 1200,
    "volume": 6,
    "price": 8000,
    "bashing": 4,
    "material": [ "paper" ],
    "symbol": "?",
    "color": "blue",
    "skill": "traps",
    "required_level": 0,
    "max_level": 6,
    "intelligence": 10,
    "time": 30,
    "fun": -2
  },
  {
    "id": "encyclopedia_unarmed",
    "type": "BOOK",
    "name": "Rebuilding Civilization: Unarmed Combat",
    "description": "The unarmed volume of the Rebuilding Civilization encyclopedia.  This book contains everything from self defense techniques to MMA fighting in fine detail.  Being the basic model it skips over the theoretical, recommending the advanced companion book for that knowledge.",
    "weight": 1200,
    "volume": 6,
    "price": 8000,
    "bashing": 4,
    "material": [ "paper" ],
    "symbol": "?",
    "color": "blue",
    "skill": "unarmed",
    "required_level": 0,
    "max_level": 6,
    "intelligence": 10,
    "time": 30,
    "fun": -2
  },
  {
    "id": "encyclopedia_mechanics_advance",
    "type": "BOOK",
    "name": "Rebuilding Civilization: Advanced Mechanics",
    "description": "The companion book for the main mechanics volume of the Rebuilding Civilization encyclopedia.  This book contains theoretical and more advanced but impractical additions to the previous volume.",
    "weight": 1800,
    "volume": 8,
    "price": 8000,
    "bashing": 4,
    "material": [ "paper" ],
    "symbol": "?",
    "looks_like": "encyclopedia_mechanics",
    "color": "red",
    "skill": "mechanics",
    "required_level": 6,
    "max_level": 10,
    "intelligence": 12,
    "time": 45,
    "fun": -3
  },
  {
    "id": "encyclopedia_fabrication_advance",
    "type": "BOOK",
    "name": "Rebuilding Civilization: Advanced Fabrication",
    "description": "The companion book for the main fabrication volume of the Rebuilding Civilization encyclopedia.  This book contains theoretical and more advanced but impractical additions to the previous volume.",
    "weight": 1800,
    "volume": 8,
    "price": 8000,
    "bashing": 4,
    "material": [ "paper" ],
    "symbol": "?",
    "looks_like": "encyclopedia_fabrication",
    "color": "red",
    "skill": "fabrication",
    "required_level": 6,
    "max_level": 10,
    "intelligence": 12,
    "time": 45,
    "fun": -3
  },
  {
    "id": "encyclopedia_archery_advance",
    "type": "BOOK",
    "name": "Rebuilding Civilization: Advanced Archery",
    "description": "The companion book for the main archery volume of the Rebuilding Civilization encyclopedia.  This book contains theoretical and more advanced but impractical additions to the previous volume.",
    "weight": 1800,
    "volume": 8,
    "price": 8000,
    "bashing": 4,
    "material": [ "paper" ],
    "symbol": "?",
    "looks_like": "encyclopedia_archery",
    "color": "red",
    "skill": "archery",
    "required_level": 6,
    "max_level": 10,
    "intelligence": 12,
    "time": 45,
    "fun": -3
  },
  {
    "id": "encyclopedia_barter_advance",
    "type": "BOOK",
    "name": "Rebuilding Civilization: Advanced Barter",
    "description": "The companion book for the main bartering volume of the Rebuilding Civilization encyclopedia.  This book contains theoretical and more advanced but impractical additions to the previous volume.",
    "weight": 1800,
    "volume": 8,
    "price": 8000,
    "bashing": 4,
    "material": [ "paper" ],
    "symbol": "?",
    "looks_like": "encyclopedia_barter",
    "color": "red",
    "skill": "barter",
    "required_level": 6,
    "max_level": 10,
    "intelligence": 12,
    "time": 45,
    "fun": -3
  },
  {
    "id": "encyclopedia_bashing_advance",
    "type": "BOOK",
    "name": "Rebuilding Civilization: Advanced Bashing Weapons",
    "description": "The companion book for the main bashing weapons volume of the Rebuilding Civilization encyclopedia.  This book contains theoretical and more advanced but impractical additions to the previous volume.",
    "weight": 1800,
    "volume": 8,
    "price": 8000,
    "bashing": 4,
    "material": [ "paper" ],
    "symbol": "?",
    "looks_like": "encyclopedia_bashing",
    "color": "red",
    "skill": "bashing",
    "required_level": 6,
    "max_level": 10,
    "intelligence": 12,
    "time": 45,
    "fun": -3
  },
  {
    "id": "encyclopedia_computer_advance",
    "type": "BOOK",
    "name": "Rebuilding Civilization: Advanced Computers",
    "description": "The companion book for the main computers volume of the Rebuilding Civilization encyclopedia.  This book contains theoretical and more advanced but impractical additions to the previous volume.",
    "weight": 1800,
    "volume": 8,
    "price": 8000,
    "bashing": 4,
    "material": [ "paper" ],
    "symbol": "?",
    "looks_like": "encyclopedia_computer",
    "color": "red",
    "skill": "computer",
    "required_level": 6,
    "max_level": 10,
    "intelligence": 12,
    "time": 45,
    "fun": -3
  },
  {
    "id": "encyclopedia_cooking_advance",
    "type": "BOOK",
    "name": "Rebuilding Civilization: Advanced Cooking",
    "description": "The companion book for the main cooking volume of the Rebuilding Civilization encyclopedia.  This book contains theoretical and more advanced but impractical additions to the previous volume.",
    "weight": 1800,
    "volume": 8,
    "price": 8000,
    "bashing": 4,
    "material": [ "paper" ],
    "symbol": "?",
    "looks_like": "encyclopedia_cooking",
    "color": "red",
    "skill": "cooking",
    "required_level": 6,
    "max_level": 10,
    "intelligence": 12,
    "time": 45,
    "fun": -3
  },
  {
    "id": "encyclopedia_cutting_advance",
    "type": "BOOK",
    "name": "Rebuilding Civilization: Advanced Cutting Weapons",
    "description": "The companion book for the main cutting weapons volume of the Rebuilding Civilization encyclopedia.  This book contains theoretical and more advanced but impractical additions to the previous volume.",
    "weight": 1800,
    "volume": 8,
    "price": 8000,
    "bashing": 4,
    "material": [ "paper" ],
    "symbol": "?",
    "looks_like": "encyclopedia_cutting",
    "color": "red",
    "skill": "cutting",
    "required_level": 6,
    "max_level": 10,
    "intelligence": 12,
    "time": 45,
    "fun": -3
  },
  {
    "id": "encyclopedia_dodge_advance",
    "type": "BOOK",
    "name": "Rebuilding Civilization: Advanced Dodging",
    "description": "The companion book for the main dodging volume of the Rebuilding Civilization encyclopedia.  This book contains theoretical and more advanced but impractical additions to the previous volume.",
    "weight": 1800,
    "volume": 8,
    "price": 8000,
    "bashing": 4,
    "material": [ "paper" ],
    "symbol": "?",
    "looks_like": "encyclopedia_dodge",
    "color": "red",
    "skill": "dodge",
    "required_level": 6,
    "max_level": 10,
    "intelligence": 12,
    "time": 45,
    "fun": -3
  },
  {
    "id": "encyclopedia_driving_advance",
    "type": "BOOK",
    "name": "Rebuilding Civilization: Advanced Driving",
    "description": "The companion book for the main  volume of the Rebuilding Civilization encyclopedia.  This book contains theoretical and more advanced but impractical additions to the previous volume.",
    "weight": 1800,
    "volume": 8,
    "price": 8000,
    "bashing": 4,
    "material": [ "paper" ],
    "symbol": "?",
    "looks_like": "encyclopedia_driving",
    "color": "red",
    "skill": "driving",
    "required_level": 6,
    "max_level": 10,
    "intelligence": 12,
    "time": 45,
    "fun": -3
  },
  {
    "id": "encyclopedia_electronics_advance",
    "type": "BOOK",
    "name": "Rebuilding Civilization: Advanced Electronics",
    "description": "The companion book for the main electronics volume of the Rebuilding Civilization encyclopedia.  This book contains theoretical and more advanced but impractical additions to the previous volume.",
    "weight": 1800,
    "volume": 8,
    "price": 8000,
    "bashing": 4,
    "material": [ "paper" ],
    "symbol": "?",
    "looks_like": "encyclopedia_electronics",
    "color": "red",
    "skill": "electronics",
    "required_level": 6,
    "max_level": 10,
    "intelligence": 12,
    "time": 45,
    "fun": -3
  },
  {
    "id": "encyclopedia_firstaid_advance",
    "type": "BOOK",
    "name": "Rebuilding Civilization: Advanced First Aid",
    "description": "The companion book for the main first aid volume of the Rebuilding Civilization encyclopedia.  This book contains theoretical and more advanced but impractical additions to the previous volume.",
    "weight": 1800,
    "volume": 8,
    "price": 8000,
    "bashing": 4,
    "material": [ "paper" ],
    "symbol": "?",
    "looks_like": "encyclopedia_firstaid",
    "color": "red",
    "skill": "firstaid",
    "required_level": 6,
    "max_level": 10,
    "intelligence": 12,
    "time": 45,
    "fun": -3
  },
  {
    "id": "encyclopedia_gun_advance",
    "type": "BOOK",
    "name": "Rebuilding Civilization: Advanced Marksmanship",
    "description": "The companion book for the main marksmanship volume of the Rebuilding Civilization encyclopedia.  This book contains theoretical and more advanced but impractical additions to the previous volume.",
    "weight": 1800,
    "volume": 8,
    "price": 8000,
    "bashing": 4,
    "material": [ "paper" ],
    "symbol": "?",
    "looks_like": "encyclopedia_marksmanship",
    "color": "red",
    "skill": "gun",
    "required_level": 6,
    "max_level": 10,
    "intelligence": 12,
    "time": 45,
    "fun": -3
  },
  {
    "id": "encyclopedia_launcher_advance",
    "type": "BOOK",
    "name": "Rebuilding Civilization: Advanced Launchers",
    "description": "The companion book for the main launchers volume of the Rebuilding Civilization encyclopedia.  This book contains theoretical and more advanced but impractical additions to the previous volume.",
    "weight": 1800,
    "volume": 8,
    "price": 8000,
    "bashing": 4,
    "material": [ "paper" ],
    "symbol": "?",
    "looks_like": "encyclopedia_launcher",
    "color": "red",
    "skill": "launcher",
    "required_level": 6,
    "max_level": 10,
    "intelligence": 12,
    "time": 45,
    "fun": -3
  },
  {
    "id": "encyclopedia_melee_advance",
    "type": "BOOK",
    "name": "Rebuilding Civilization: Advanced Melee Combat",
    "description": "The companion book for the main melee combat volume of the Rebuilding Civilization encyclopedia.  This book contains theoretical and more advanced but impractical additions to the previous volume.",
    "weight": 1800,
    "volume": 8,
    "price": 8000,
    "bashing": 4,
    "material": [ "paper" ],
    "symbol": "?",
    "looks_like": "encyclopedia_melee",
    "color": "red",
    "skill": "melee",
    "required_level": 6,
    "max_level": 10,
    "intelligence": 12,
    "time": 45,
    "fun": -3
  },
  {
    "id": "encyclopedia_pistol_advance",
    "type": "BOOK",
    "name": "Rebuilding Civilization: Advanced Pistols",
    "description": "The companion book for the main pistols volume of the Rebuilding Civilization encyclopedia.  This book contains theoretical and more advanced but impractical additions to the previous volume.",
    "weight": 1800,
    "volume": 8,
    "price": 8000,
    "bashing": 4,
    "material": [ "paper" ],
    "symbol": "?",
    "looks_like": "encyclopedia_pistol",
    "color": "red",
    "skill": "pistol",
    "required_level": 6,
    "max_level": 10,
    "intelligence": 12,
    "time": 45,
    "fun": -3
  },
  {
    "id": "encyclopedia_rifle_advance",
    "type": "BOOK",
    "name": "Rebuilding Civilization: Advanced Rifles",
    "description": "The companion book for the main rifle volume of the Rebuilding Civilization encyclopedia.  This book contains theoretical and more advanced but impractical additions to the previous volume.",
    "weight": 1800,
    "volume": 8,
    "price": 8000,
    "bashing": 4,
    "material": [ "paper" ],
    "symbol": "?",
    "looks_like": "encyclopedia_rifle",
    "color": "red",
    "skill": "rifle",
    "required_level": 6,
    "max_level": 10,
    "intelligence": 12,
    "time": 45,
    "fun": -3
  },
  {
    "id": "encyclopedia_shotgun_advance",
    "type": "BOOK",
    "name": "Rebuilding Civilization: Advanced Shotguns",
    "description": "The companion book for the main shotguns volume of the Rebuilding Civilization encyclopedia.  This book contains theoretical and more advanced but impractical additions to the previous volume.",
    "weight": 1800,
    "volume": 8,
    "price": 8000,
    "bashing": 4,
    "material": [ "paper" ],
    "symbol": "?",
    "looks_like": "encyclopedia_shotgun",
    "color": "red",
    "skill": "shotgun",
    "required_level": 6,
    "max_level": 10,
    "intelligence": 12,
    "time": 45,
    "fun": -3
  },
  {
    "id": "encyclopedia_smg_advance",
    "type": "BOOK",
    "name": "Rebuilding Civilization: Advanced Sub Machineguns",
    "description": "The companion book for the main sub machineguns volume of the Rebuilding Civilization encyclopedia.  This book contains theoretical and more advanced but impractical additions to the previous volume.",
    "weight": 1800,
    "volume": 8,
    "price": 8000,
    "bashing": 4,
    "material": [ "paper" ],
    "symbol": "?",
    "looks_like": "encyclopedia_smg",
    "color": "red",
    "skill": "smg",
    "required_level": 6,
    "max_level": 10,
    "intelligence": 12,
    "time": 45,
    "fun": -3
  },
  {
    "id": "encyclopedia_speech_advance",
    "type": "BOOK",
    "name": "Rebuilding Civilization: Advanced Speech",
    "description": "The companion book for the main speech volume of the Rebuilding Civilization encyclopedia.  This book contains theoretical and more advanced but impractical additions to the previous volume.",
    "weight": 1800,
    "volume": 8,
    "price": 8000,
    "bashing": 4,
    "material": [ "paper" ],
    "symbol": "?",
    "looks_like": "encyclopedia_speech",
    "color": "red",
    "skill": "speech",
    "required_level": 6,
    "max_level": 10,
    "intelligence": 12,
    "time": 45,
    "fun": -3
  },
  {
    "id": "encyclopedia_stabbing_advance",
    "type": "BOOK",
    "name": "Rebuilding Civilization: Advanced Piercing Weapons",
    "description": "The companion book for the main piercing weapons volume of the Rebuilding Civilization encyclopedia.  This book contains theoretical and more advanced but impractical additions to the previous volume.",
    "weight": 1800,
    "volume": 8,
    "price": 8000,
    "bashing": 4,
    "material": [ "paper" ],
    "symbol": "?",
    "looks_like": "encyclopedia_stabbing",
    "color": "red",
    "skill": "stabbing",
    "required_level": 6,
    "max_level": 10,
    "intelligence": 12,
    "time": 45,
    "fun": -3
  },
  {
    "id": "encyclopedia_survival_advance",
    "type": "BOOK",
    "name": "Rebuilding Civilization: Advanced Survival",
    "description": "The companion book for the main survival volume of the Rebuilding Civilization encyclopedia.  This book contains theoretical and more advanced but impractical additions to the previous volume.",
    "weight": 1800,
    "volume": 8,
    "price": 8000,
    "bashing": 4,
    "material": [ "paper" ],
    "symbol": "?",
    "looks_like": "encyclopedia_survival",
    "color": "red",
    "skill": "survival",
    "required_level": 6,
    "max_level": 10,
    "intelligence": 12,
    "time": 45,
    "fun": -3
  },
  {
    "id": "encyclopedia_swimming_advance",
    "type": "BOOK",
    "name": "Rebuilding Civilization: Advanced Swimming",
    "description": "The companion book for the main  volume of the Rebuilding Civilization encyclopedia.  This book contains theoretical and more advanced but impractical additions to the previous volume.",
    "weight": 1800,
    "volume": 8,
    "price": 8000,
    "bashing": 4,
    "material": [ "paper" ],
    "symbol": "?",
    "looks_like": "encyclopedia_swimming",
    "color": "red",
    "skill": "swimming",
    "required_level": 6,
    "max_level": 10,
    "intelligence": 12,
    "time": 45,
    "fun": -3
  },
  {
    "id": "encyclopedia_tailor_advance",
    "type": "BOOK",
    "name": "Rebuilding Civilization: Advanced Tailoring",
    "description": "The companion book for the main tailoring volume of the Rebuilding Civilization encyclopedia.  This book contains theoretical and more advanced but impractical additions to the previous volume.",
    "weight": 1800,
    "volume": 8,
    "price": 8000,
    "bashing": 4,
    "material": [ "paper" ],
    "symbol": "?",
    "looks_like": "encyclopedia_tailor",
    "color": "red",
    "skill": "tailor",
    "required_level": 6,
    "max_level": 10,
    "intelligence": 12,
    "time": 45,
    "fun": -3
  },
  {
    "id": "encyclopedia_throw_advance",
    "type": "BOOK",
    "name": "Rebuilding Civilization: Advanced Throwing",
    "description": "The companion book for the main throwing volume of the Rebuilding Civilization encyclopedia.  This book contains theoretical and more advanced but impractical additions to the previous volume.",
    "weight": 1800,
    "volume": 8,
    "price": 8000,
    "bashing": 4,
    "material": [ "paper" ],
    "symbol": "?",
    "looks_like": "encyclopedia_throw",
    "color": "red",
    "skill": "throw",
    "required_level": 6,
    "max_level": 10,
    "intelligence": 12,
    "time": 45,
    "fun": -3
  },
  {
    "id": "encyclopedia_traps_advance",
    "type": "BOOK",
    "name": "Rebuilding Civilization: Advanced Traps",
    "description": "The companion book for the main trapping volume of the Rebuilding Civilization encyclopedia.  This book contains theoretical and more advanced but impractical additions to the previous volume.",
    "weight": 1800,
    "volume": 8,
    "price": 8000,
    "bashing": 4,
    "material": [ "paper" ],
    "symbol": "?",
    "looks_like": "encyclopedia_traps",
    "color": "red",
    "skill": "traps",
    "required_level": 6,
    "max_level": 10,
    "intelligence": 12,
    "time": 45,
    "fun": -3
  },
  {
    "id": "encyclopedia_unarmed_advance",
    "type": "BOOK",
    "name": "Rebuilding Civilization: Advanced Unarmed Combat",
    "description": "The companion book for the main unarmed volume of the Rebuilding Civilization encyclopedia.  This book contains theoretical and more advanced but impractical additions to the previous volume.",
    "weight": 1800,
    "volume": 8,
    "price": 8000,
    "bashing": 4,
    "material": [ "paper" ],
    "symbol": "?",
    "looks_like": "encyclopedia_unarmed",
    "color": "red",
    "skill": "unarmed",
    "required_level": 6,
    "max_level": 10,
    "intelligence": 12,
    "time": 45,
    "fun": -3
  },
  {
    "id": "evil_invitation",
    "type": "BOOK",
    "name": "introduction packet - classified",
    "name_plural": "introduction packets - classified",
    "description": "This is a journal with what seems to be an invitation of some sort from some unknown organization.  While its contents rather boring to read, some bits offer promises of 'forbidden knowledge' and that said contents are 'just a taste of true power'...  Science has definitely gone too far...",
    "weight": 1700,
    "volume": 2,
    "price": 50000,
    "material": [ "paper" ],
    "symbol": "?",
    "color": "light_red",
    "skill": "fabrication",
    "required_level": 8,
    "max_level": 10,
    "intelligence": 12,
    "time": 45,
    "fun": -1
  },
  {
    "id": "omnitech_weapon_ups_manual",
    "type": "BOOK",
    "name": "Omnitech UPS conversion manual",
    "name_plural": "Omnitech UPS conversion manual",
    "description": "This is a booklet dealing the instructions on how to convert an Omnitech laser weapon from using atomic batteries to use UPS power.  If you can find one of the kits mentioned, you could replicate the steps on this booklet.",
    "weight": 1700,
    "volume": 2,
    "price": 50000,
    "material": [ "paper" ],
    "symbol": "?",
    "color": "light_red",
    "skill": "fabrication",
    "required_level": 8,
    "max_level": 10,
    "intelligence": 12,
    "time": 45,
    "fun": -1
  },
  {
    "type": "GENERIC",
    "id": "note_apophis",
    "looks_like": "survnote",
    "category": "books",
    "symbol": ",",
    "color": "white",
    "name": "printed note",
    "name_plural": "printed notes",
    "snippet_category": "note_apophis",
    "description": "A scrap of paper.  Something's been printed on it.",
    "material": "paper",
    "flags": "TRADER_AVOID",
    "weight": 3
  },
  {
    "type": "GENERIC",
    "id": "note_sketchy_cabin",
    "looks_like": "survnote",
    "category": "books",
    "symbol": ",",
    "color": "white",
    "name": "folded note",
    "snippet_category": "note_sketchy_cabin",
    "description": "A scrap of paper, hastily folded up.  Something's been scribbled on it.",
    "material": "paper",
    "flags": "TRADER_AVOID",
    "weight": 3
  }
]
