[
  {
    "id": "fr_22",
    "category": "spare_parts",
    "type": "TOOL",
    "color": "light_gray",
    "symbol": ",",
    "name": ".22 full auto receiver",
    "name_plural": ".22 full auto receivers",
    "description": "A scavenged full auto receiver, use it to craft a full auto .22 firearm.",
    "price": 20000,
    "material": "steel",
    "weight": 530,
    "volume": 3,
    "to_hit": -1
  },
  {
    "id": "fr_223",
    "category": "spare_parts",
    "type": "TOOL",
    "color": "light_gray",
    "symbol": ",",
    "name": ".223 full auto receiver",
    "name_plural": ".223 full auto receivers",
    "description": "A scavenged full auto receiver, use it to craft a full auto .223 firearm.",
    "price": 20000,
    "material": "steel",
    "weight": 600,
    "volume": 3,
    "to_hit": -1
  },
  {
    "id": "fr_308",
    "category": "spare_parts",
    "type": "TOOL",
    "color": "light_gray",
    "symbol": ",",
    "name": ".308 full auto receiver",
    "name_plural": ".308 full auto receivers",
    "description": "A scavenged full auto receiver, use it to craft a full auto .308 firearm.",
    "price": 20000,
    "material": "steel",
    "weight": 620,
    "volume": 4,
    "to_hit": -1
  },
  {
    "id": "fr_9mm",
    "category": "spare_parts",
    "type": "TOOL",
    "color": "light_gray",
    "symbol": ",",
    "name": "9mm full auto receiver",
    "name_plural": "9mm full auto receivers",
    "description": "A scavenged full auto receiver, use it to craft a full auto 9mm firearm.",
    "price": 20000,
    "material": "steel",
    "weight": 530,
    "volume": 3,
    "to_hit": -1
  },
  {
    "id": "fr_45",
    "category": "spare_parts",
    "type": "TOOL",
    "color": "light_gray",
    "symbol": ",",
    "name": ".45 full auto receiver",
    "name_plural": ".45 full auto receivers",
    "description": "A scavenged full auto receiver, use it to craft a full auto .45 firearm.",
    "price": 20000,
    "material": "steel",
    "weight": 530,
    "volume": 3,
    "to_hit": -1
  },
  {
    "id": "fr_12",
    "category": "spare_parts",
    "type": "TOOL",
    "color": "light_gray",
    "symbol": ",",
    "name": "12 gauge full auto receiver",
    "name_plural": "12 gauge full auto receivers",
    "description": "A scavenged full auto receiver, use it to craft a full auto 12 gauge firearm.",
    "price": 20000,
    "material": "steel",
    "weight": 650,
    "volume": 5,
    "to_hit": -1
  },
  {
    "id": "fr_762",
    "category": "spare_parts",
    "type": "TOOL",
    "color": "light_gray",
    "symbol": ",",
    "name": "7.62x39 full auto receiver",
    "name_plural": "7.62x39 full auto receivers",
    "description": "A scavenged full auto receiver, use it to craft a full auto 7.62x39 firearm.",
    "price": 20000,
    "material": "steel",
    "weight": 620,
    "volume": 4,
    "to_hit": -1
  },
  {
    "id": "fr_762R",
    "category": "spare_parts",
    "type": "TOOL",
    "color": "light_gray",
    "symbol": ",",
    "name": "7.62x54 full auto receiver",
    "description": "A scavenged full auto receiver, use it to craft a full auto 7.62x54 firearm.",
    "price": 20000,
    "material": "steel",
    "weight": 620,
    "volume": 4,
    "to_hit": -1
  },
  {
    "id": "surcan",
    "type": "TOOL",
    "color": "light_gray",
    "symbol": ",",
    "name": "survival kit in a can",
    "name_plural": "survival kits in cans",
    "description": "A large tin can held together by a tab and seal.  Remove the seal to split the container into two smaller cans and reveal its contents.  It contains carefully packed survival items with a list of them on the side of the can.  You could not possibly put its contents back together.",
    "price": 600,
    "material": "steel",
    "flags": [ "WATERPROOF" ],
    "weight": 103,
    "volume": 2,
    "to_hit": -1,
    "use_action": "DISASSEMBLE"
  },
  {
    "id": "elc_bld",
    "type": "TOOL",
    "symbol": ";",
    "color": "dark_gray",
    "name": "survivor's tazer blade",
    "description": "A makeshift blade with a knuckle guard that doubles as a tazer.  Has a wrap on the handle to prevent self shock.",
    "price": 18000,
    "material": [ "steel", "plastic" ],
    "flags": [ "STAB", "DURABLE_MELEE", "SHEATH_KNIFE" ],
    "weight": 638,
    "volume": 5,
    "bashing": 8,
    "cutting": 12,
    "to_hit": -1,
    "charges_per_use": 100,
    "ammo": "battery",
    "magazines": [ [ "battery", [ "medium_battery_cell", "medium_plus_battery_cell" ] ] ],
    "category": "weapons",
    "use_action": "TAZER"
  },
  {
    "id": "elc_blds",
    "type": "TOOL",
    "symbol": ";",
    "color": "dark_gray",
    "name": "survivor's tazer dual blades",
    "description": "Two makeshift blades with knuckle guards that double as a tazer.  Has a wrap on the handle to prevent self shock.",
    "price": 36000,
    "material": [ "steel", "plastic" ],
    "flags": [ "STAB", "DURABLE_MELEE" ],
    "weight": 1276,
    "volume": 10,
    "bashing": 16,
    "cutting": 24,
    "to_hit": -1,
    "//": "Tazer use action can't really be tweaked to justify power consumption changing, since no dual-tazing.  Plus, battery amounts mean keeping it an even 100 is sanest.",
    "charges_per_use": 100,
    "ammo": "battery",
    "magazines": [ [ "battery", [ "medium_battery_cell", "medium_plus_battery_cell" ] ] ],
    "category": "weapons",
    "use_action": "TAZER"
  },
  {
    "id": "solar_flashlight",
    "type": "TOOL",
    "category": "tools",
    "symbol": ";",
    "color": "blue",
    "name": "solar flashlight (off)",
    "name_plural": "solar flashlights (off)",
    "description": "This is a heavy duty LED solar flashlight.  Using this flashlight will turn it on and provide light, assuming it is charged.  The battery is soldered in place, and requires sunlight or a recharging station to charge.",
    "price": 800,
    "material": [ "plastic", "aluminum" ],
    "//": "Legacy batteries will be usable in this until you run out of them, but artifact charge types play weirdly with unloading, so I dunno yet if being able to swap mag-batteries will be doable.",
    "flags": [ "NO_UNLOAD", "RECHARGE" ],
    "weight": 400,
    "volume": 2,
    "bashing": 1,
    "to_hit": 2,
    "max_charges": 100,
    "initial_charges": 100,
    "charges_per_use": 1,
    "ammo": "battery",
    "use_action": {
      "type": "transform",
      "msg": "You turn the flashlight on.",
      "target": "solar_flashlight_on",
      "active": true,
      "need_charges": 1,
      "need_charges_msg": "The flashlight's batteries are dead."
    },
    "artifact_data": { "charge_type": "ARTC_SOLAR" }
  },
  {
    "id": "solar_flashlight_on",
    "type": "TOOL",
    "category": "tools",
    "symbol": ";",
    "color": "blue",
    "name": "solar flashlight (on)",
    "name_plural": "solar flashlights (on)",
    "description": "This is a heavy duty LED solar flashlight.  This flashlight is turned on, and continually draining its batteries.  Use it to turn it off.",
    "price": 800,
    "material": [ "plastic", "aluminum" ],
    "flags": [ "LIGHT_450", "CHARGEDIM", "NO_UNLOAD" ],
    "weight": 400,
    "volume": 2,
    "bashing": 1,
    "to_hit": 2,
    "max_charges": 100,
    "initial_charges": 100,
    "turns_per_charge": 15,
    "ammo": "battery",
    "revert_to": "solar_flashlight",
    "use_action": { "type": "transform", "msg": "You turn the flashlight off.", "target": "solar_flashlight" },
    "artifact_data": { "charge_type": "ARTC_SOLAR" }
  },
  {
    "id": "can_forge",
    "type": "TOOL",
    "symbol": ";",
    "color": "light_gray",
    "name": "can forge",
    "sub": "forge",
    "description": "This is a portable forge with improvised air intake and insulating lining.  It can be used for light metalworking and reheating food, but its utility is limited by its small size and capacity.",
    "price": 1000,
    "material": "steel",
    "weight": 1800,
    "volume": 8,
    "bashing": 1,
    "to_hit": -2,
    "max_charges": 60,
    "charges_per_use": 1,
    "ammo": "charcoal",
    "use_action": "HOTPLATE",
    "flags": [ "ALLOWS_REMOTE_USE" ]
  },
  {
    "id": "molded_hammer",
    "type": "TOOL",
    "symbol": ";",
    "color": "light_gray",
    "name": "molded hammer",
    "//": "Only gets the nail-pulling use action because the stone hammer, for some bizarre reason, has it too.",
    "description": "This is a hammer molded from cast iron.  While a bit brittle if extensively used for combat, it holds up well enough to serve as a tool, though lacks enough of a claw to pry with.",
    "price": 500,
    "material": [ "steel" ],
    "weight": 1600,
    "volume": 2,
    "bashing": 12,
    "use_action": "HAMMER",
    "qualities": [ [ "HAMMER", 3 ], [ "HAMMER_FINE", 1 ] ],
    "flags": [ "FRAGILE_MELEE" ]
  },
  {
    "id": "molded_knife",
    "type": "TOOL",
    "symbol": ";",
    "color": "light_gray",
    "name": "molded knife",
    "name_plural": "molded knives",
    "description": "This is a sharp knife molded from cast iron.  A bit brittle and heavy to be extensively used as a weapon, but adequate as a cutting tool.  Works better than sharpening any old metal, at least.",
    "price": 200,
    "material": [ "steel" ],
    "weight": 800,
    "volume": 1,
    "bashing": 4,
    "cutting": 8,
    "to_hit": -1,
    "qualities": [ [ "CUT", 1 ], [ "CUT_FINE", 1 ], [ "BUTCHER", 18 ] ],
    "flags": [ "FRAGILE_MELEE", "STAB", "SHEATH_KNIFE" ]
  },
  {
    "type": "GENERIC",
    "id": "molded_pot",
    "category": "tools",
    "symbol": ";",
    "color": "dark_gray",
    "name": "molded pot",
    "description": "A metal molded pot.  Works as intended.",
    "price": 200,
    "material": "iron",
    "weight": 1600,
    "volume": 8,
    "bashing": 8,
    "to_hit": -1,
    "container_data": { "contains": 8, "watertight": true },
    "qualities": [ [ "COOK", 3 ], [ "BOIL", 2 ], [ "CONTAIN", 1 ], [ "CHEM", 1 ] ],
    "use_action": "HEAT_FOOD",
    "//": "In the unlikely event some lunatic mistakes this for the frying pan of doom.",
    "flags": [ "ALLOWS_REMOTE_USE", "FRAGILE_MELEE" ]
  },
  {
    "id": "molded_shovel",
    "type": "TOOL",
    "symbol": "/",
    "color": "brown",
    "name": "molded shovel",
    "description": "This is a shovel molded out of cast iron.  Rather heavy and brittle, but does its job at least.",
    "price": 200,
    "material": [ "iron" ],
    "//": "Get a further discount in weight because we're already getting crazy poundage here.",
    "weight": 9800,
    "volume": 14,
    "to_hit": 3,
    "bashing": 16,
    "cutting": 1,
    "qualities": [ [ "DIG", 3 ], [ "COOK", 1 ], [ "BUTCHER", -70 ] ],
    "flags": [ "FRAGILE_MELEE" ]
  },
  {
    "id": "molded_axe",
    "type": "TOOL",
    "symbol": "/",
    "color": "light_gray",
    "name": "molded axe",
    "description": "This is an axe molded from cast iron.  Stands up well enough if used as intended, but is too heavy and brittle to make a good weapon.",
    "price": 200,
    "material": [ "iron" ],
    "weight": 8000,
    "to_hit": -1,
    "volume": 10,
    "bashing": 24,
    "cutting": 10,
    "qualities": [ [ "AXE", 2 ], [ "BUTCHER", -36 ] ],
    "flags": [ "FRAGILE_MELEE" ]
  },
  {
    "id": "solar_crude_firestarter",
    "type": "TOOL",
    "category": "tools",
    "symbol": ",",
    "color": "light_gray",
    "name": "solar electric firestarter",
    "description": "This is a crudely made electric firestarter modded to recharge in the sun, which can function as an inefficient lighter.",
    "price": 200,
    "material": "steel",
    "flags": [ "NO_UNLOAD", "RECHARGE" ],
    "weight": 14,
    "volume": 2,
    "max_charges": 100,
    "charges_per_use": 5,
    "ammo": "battery",
    "use_action": { "type": "firestarter" },
    "artifact_data": { "charge_type": "ARTC_SOLAR" }
  },
  {
    "id": "wear_solar_flashlight",
    "type": "TOOL_ARMOR",
    "category": "clothing",
    "symbol": ";",
    "color": "blue",
    "name": "wearable solar flashlight (off)",
    "name_plural": "wearable solar flashlights (off)",
    "description": "This is a heavy duty LED solar flashlight with straps for wearing.  Using this flashlight will turn it on and provide light, assuming it is charged with batteries.  The battery is soldiered in place, and will require sunlight or a recharging station to recharge.",
    "price": 800,
    "material": [ "plastic", "aluminum" ],
    "flags": [ "NO_UNLOAD", "RECHARGE" ],
    "weight": 400,
    "volume": 2,
    "bashing": 1,
    "to_hit": 2,
    "max_charges": 100,
    "initial_charges": 100,
    "charges_per_use": 1,
    "ammo": "battery",
    "use_action": {
      "type": "transform",
      "msg": "You turn the flashlight on.",
      "target": "wear_solar_flashlight_on",
      "active": true,
      "need_charges": 1,
      "need_charges_msg": "The flashlight's batteries are dead."
    },
    "material_thickness": 2,
    "artifact_data": { "charge_type": "ARTC_SOLAR" }
  },
  {
    "id": "wear_solar_flashlight_on",
    "type": "TOOL_ARMOR",
    "category": "clothing",
    "symbol": ";",
    "color": "blue",
    "name": "wearable solar flashlight (on)",
    "name_plural": "wearable solar flashlights (on)",
    "description": "This is a heavy duty LED solar flashlight with straps to wear.  The flashlight is turned on, and continually draining its batteries.  Use it to turn it off.",
    "price": 800,
    "material": [ "plastic", "aluminum" ],
    "flags": [ "LIGHT_450", "CHARGEDIM", "NO_UNLOAD" ],
    "weight": 400,
    "volume": 2,
    "bashing": 1,
    "to_hit": 2,
    "max_charges": 100,
    "initial_charges": 100,
    "turns_per_charge": 15,
    "ammo": "battery",
    "revert_to": "wear_solar_flashlight",
    "use_action": { "type": "transform", "msg": "You turn the flashlight off.", "target": "wear_solar_flashlight" },
    "material_thickness": 2,
    "artifact_data": { "charge_type": "ARTC_SOLAR" }
  },
  {
    "type": "TOOL",
    "id": "fishing_string",
    "symbol": "/",
    "color": "white",
    "name": "fishing string",
    "description": "A long string with a hook attached to the end.  Useful as a crude fishing tool.  Requires bait as lure and sinker.",
    "material": "cotton",
    "weight": 170,
    "volume": 1,
    "max_charges": 1,
    "charges_per_use": 1,
    "ammo": "fish_bait",
    "flags": [ "FISH_POOR" ],
    "use_action": "FISH_ROD",
    "to_hit": -1
  },
  {
    "id": "solar_torch",
    "type": "TOOL",
    "category": "tools",
    "symbol": "/",
    "color": "brown",
    "name": "solar torch",
    "name_plural": "solar torches",
    "description": "A mysterious torch that uses the power of the sun (and blob goo) to light itself.  Somehow, the gasoline synthesized goo produces gasoline when in the sun continuously soaking the rag making it \"rechargeable\" in a sense.  You need a lighter to turn it on.  Once lit, it can't be turned off until all fuel is used.",
    "material": "wood",
    "weight": 956,
    "volume": 4,
    "bashing": 8,
    "to_hit": 1,
    "flags": [ "NO_UNLOAD" ],
    "max_charges": 25,
    "initial_charges": 25,
    "charges_per_use": 1,
    "ammo": "gasoline",
    "use_action": {
      "type": "transform",
      "target": "solar_torch_lit",
      "need_fire": 1,
      "need_fire_msg": "You need a source of fire to light this.",
      "active": true,
      "msg": "You light the torch."
    },
    "artifact_data": { "charge_type": "ARTC_SOLAR" }
  },
  {
    "id": "solar_torch_lit",
    "type": "TOOL",
    "category": "tools",
    "symbol": "/",
    "color": "brown",
    "name": "solar torch (lit)",
    "name_plural": "solar torches (lit)",
    "description": "A mysterious torch that uses the power of the sun (and blob goo) to ligt itself.  Somehow, the gasoline synthesized goo produces gasoline when in the sun continuously soaking the rag making it \"rechargeable\" in a sense.  It is burning, producing plenty of light until it runs out of fuel.",
    "material": "wood",
    "flags": [ "FIRE", "LIGHT_310", "CHARGEDIM", "FLAMING", "NO_UNLOAD" ],
    "weight": 942,
    "volume": 4,
    "bashing": 8,
    "to_hit": 1,
    "max_charges": 75,
    "initial_charges": 75,
    "turns_per_charge": 20,
    "ammo": "gasoline",
    "revert_to": "solar_torch",
    "use_action": { "type": "firestarter" },
    "artifact_data": { "charge_type": "ARTC_SOLAR" }
  },
  {
    "type": "COMESTIBLE",
    "id": "gas_slime_scrap",
    "category": "other",
    "name": "gasoline synthesizing blob glob",
    "weight": 276,
    "color": "light_red",
    "addiction_type": "none",
    "use_action": "POISON",
    "comestible_type": "FOOD",
    "symbol": "%",
    "nutrition": 20,
    "description": "A piece of glob that has begun to create gasoline when exposed to the sun.  The gasoline it creates is too mixed up with the glob to be extracted but is still flammable.",
    "material": "hydrocarbons",
    "volume": 1,
    "phase": "solid",
    "charges": 1,
    "fun": -10
  },
  {
    "id": "shmap",
    "category": "books",
    "type": "GENERIC",
    "symbol": ";",
    "color": "blue",
    "name": "Bugout Location Directions",
    "description": "A map and set of directions, leading to somebody's rendezvous point.  The name scribbled in one corner seems faintly familiar.",
    "material": "paper",
    "weight": 30,
    "volume": 1,
    "to_hit": -1,
    "use_action": {
      "type": "reveal_map",
      "radius": 180,
      "terrain": [ "Survivor_Holdout_1" ],
      "message": "Throughly poring over the map, you memorize the location."
    }
  },
  {
    "id": "auto_case",
    "category": "spare_parts",
    "type": "TOOL",
    "color": "light_gray",
    "symbol": ",",
    "name": "full auto receiver case",
    "name_plural": "full auto receiver cases",
    "description": "A case for a full auto receiver.  With a full auto mechanism and a specific caliber casing, you can make a full auto receiver.",
    "material": "steel",
    "weight": 320,
    "volume": 3,
    "to_hit": -1
  },
  {
    "id": "survbowstored",
    "type": "TOOL",
    "color": "light_brown",
    "symbol": "{",
    "name": "collapsed fighting bow",
    "name_plural": "collapsed fighting bows",
    "description": "A collapsed fighting bow for easy storage.  Activate to arm the bow.",
    "price": 88000,
    "material": [ "wood", "steel" ],
    "weight": 1144,
    "volume": 4,
    "to_hit": -1,
    "use_action": { "type": "transform", "msg": "You unfold your bow, locking the arms into place.", "target": "survbow" }
  },
  {
    "id": "semap",
    "category": "books",
    "type": "GENERIC",
    "symbol": ";",
    "color": "blue",
    "name": "Encampment Project Reminder",
    "description": "A note describing a group of people creating prepper settlements.  You try to remember if there are any of them nearby.  Maybe the back of the note has coordinates to their settlements.",
    "material": "paper",
    "weight": 30,
    "volume": 1,
    "to_hit": -1,
    "use_action": {
      "type": "reveal_map",
      "radius": 180,
      "terrain": [ "surv_emcampn", "surv_emcampb", "surv_emcampz" ],
      "message": "You read the back of the note and plan your next move."
    }
  },
  {
    "//": "The hammer multi-tool is a disassembler",
    "id": "hammer_multitool",
    "type": "TOOL",
    "symbol": ";",
    "color": "brown",
    "name": "hammer multi-tool",
    "name_plural": "hammer multi-tools",
    "description": "A multi-tool combing a small hammer and pair of pliers.  Small and practical, the survivor's mini-tool-kit.",
    "price": 5000,
    "material": [ "steel", "wood" ],
    "flags": [ "STAB", "SHEATH_KNIFE" ],
    "weight": 820,
    "volume": 2,
    "bashing": 8,
    "cutting": 4,
    "to_hit": -4,
    "qualities": [
      [ "CUT", 1 ],
      [ "SAW_W", 1 ],
      [ "SAW_M", 1 ],
      [ "WRENCH", 1 ],
      [ "SCREW", 1 ],
      [ "SCREW_FINE", 1 ],
      [ "BUTCHER", 8 ],
      [ "HAMMER", 2 ],
      [ "HAMMER_FINE", 1 ]
    ]
  },
  {
    "type": "BOOK",
    "id": "recipe_surv",
    "name": "Survivor's Cookbook",
    "name_plural": "Survivor's Cookbooks",
    "description": "A notebook filed with ideas for lots of makeshift gadgets and gizmos.  Once the ideas of mad-man with too much free time, now invaluable knowledge.",
    "weight": 1700,
    "volume": 2,
    "price": 50000,
    "skill": "fabrication",
    "max_level": 8,
    "required_level": 5,
    "intelligence": 10,
    "color": "light_green",
    "symbol": "!",
    "material": [ "paper" ],
    "to_hit": -2,
    "time": 40,
    "fun": -1
  },
  {
    "id": "megamap",
    "type": "TOOL_ARMOR",
    "symbol": ";",
    "color": "green",
    "name": "scout's tool",
    "description": "This is an electronic, solar/recharger powered, bulky wrist mounted tool designed to provide an accurate topographical map of your surroundings when used.  It also comes with digital clock and alarm features.",
    "price": 5000,
    "material": "steel",
    "weight": 230,
    "volume": 2,
    "bashing": 1,
    "to_hit": -1,
    "max_charges": 100,
    "initial_charges": 100,
    "charges_per_use": 100,
    "ammo": "battery",
    "use_action": "ARTIFACT",
    "artifact_data": { "charge_type": "ARTC_SOLAR", "effects_activated": [ "AEA_MAP" ] },
    "flags": [ "WATCH", "ALARMCLOCK", "RECHARGE", "NO_UNLOAD" ],
    "material_thickness": 0,
    "encumbrance": 1,
    "coverage": 1,
    "warmth": 0,
    "phase": "solid"
  },
  {
    "id": "stim",
    "type": "TOOL",
    "symbol": ">",
    "color": "red",
    "name": "bioinjector",
    "description": "An odd, organic-looking auto-injector that slowly secretes some sort of red, blood-like substance.  From what you can understand from the label, it's an experimental stimulant that stabilizes minor wounds and increases performance at a cost of inflicting pain.",
    "price": 5000,
    "material": [ "plastic", "flesh" ],
    "weight": 150,
    "volume": 1,
    "cutting": 1,
    "to_hit": -1,
    "max_charges": 1,
    "initial_charges": 1,
    "charges_per_use": 1,
    "use_action": "ARTIFACT",
    "artifact_data": { "charge_type": "ARTC_TIME", "effects_activated": [ "AEA_ADRENALINE", "AEA_HEAL", "AEA_PAIN" ] }
  },
  {
    "id": "blood_m",
    "type": "TOOL",
    "symbol": ">",
    "color": "red",
    "name": "organic infusion set",
    "description": "A strange infusion set with several organic-looking parts.  It has multiple tubes for simultaneous extraction and infusion of blood.  Its label refers to something called XE037 as the main active component.",
    "price": 5000,
    "material": [ "plastic", "flesh" ],
    "weight": 150,
    "volume": 3,
    "cutting": 1,
    "to_hit": -1,
    "max_charges": 1,
    "initial_charges": 5,
    "charges_per_use": 5,
    "turns_per_charge": 5,
    "use_action": { "type": "mutagen_iv" },
    "artifact_data": { "charge_type": "ARTC_HP" }
  },
  {
    "id": "blood_p",
    "type": "TOOL",
    "symbol": ">",
    "color": "blue",
    "name": "organic defusion set",
    "description": "A strange infusion set with several organic-looking parts.  It has multiple tubes for simultaneous extraction and infusion of blood.  Its label refers to it as a rapid stem cell treatment, replicating the user's own genetic structure.",
    "price": 5000,
    "material": [ "plastic", "flesh" ],
    "weight": 150,
    "volume": 3,
    "cutting": 1,
    "to_hit": -1,
    "max_charges": 5,
    "initial_charges": 5,
    "charges_per_use": 5,
    "use_action": "PURIFY_IV",
    "artifact_data": { "charge_type": "ARTC_HP" }
  },
  {
    "id": "ulmap",
    "category": "books",
    "type": "GENERIC",
    "symbol": ";",
    "color": "blue",
    "name": "Map To Unknown Lab",
    "description": "This is a map made by a former scientist of the Bio-Weapon project.  It marks the location of an abandoned laboratory, where a great enemy resides.",
    "price": 500,
    "material": "paper",
    "weight": 30,
    "volume": 1,
    "to_hit": -1,
    "use_action": {
      "type": "reveal_map",
      "radius": 180,
      "terrain": [ "Unknown_Lab_1", "Unknown_Lab_2", "Unknown_Lab_3", "Unknown_Lab_4" ],
      "message": "You read the map.  You gulp and realize what must be done..."
    }
  },
  {
    "id": "mccmap",
    "category": "books",
    "type": "GENERIC",
    "symbol": ";",
    "color": "blue",
    "name": "mysterious note",
    "description": "\"We have to move away from this place, now.  That thing is coming, and if we don't get out in time, we're all dead.  Grab what you can and head to this location - we'll be establishing a temporary hideout there.\"",
    "price": 500,
    "material": "paper",
    "weight": 30,
    "volume": 1,
    "to_hit": -1,
    "use_action": {
      "type": "reveal_map",
      "radius": 180,
      "terrain": [ "makeshift_command_center_1", "makeshift_command_center_2" ],
      "message": "Looking down at the note, you memorize the location shown."
    }
  },
  {
    "id": "biomap",
    "category": "books",
    "type": "GENERIC",
    "symbol": ";",
    "color": "blue",
    "name": "hand-drawn map",
    "description": "\"Finally.  I've figured out the coordinates of that lab the terminal records referred to.  From what I can tell, there must be some things of value left inside, and I don't think there's anyone left to care if I take a look.\"",
    "price": 500,
    "material": "paper",
    "weight": 30,
    "volume": 1,
    "to_hit": -1,
    "use_action": {
      "type": "reveal_map",
      "radius": 180,
      "terrain": [ "Bio_Weapon_Lab_1", "Bio_Weapon_Lab_2" ],
      "message": "The directions on the map catch your interest.  You wonder if going there is a good idea."
    }
  },
  {
    "id": "mil_surp_pack_1",
    "type": "GENERIC",
    "symbol": ")",
    "color": "brown",
    "name": "mil-surp weapons pack",
    "name_plural": "mil-surp weapons packs",
    "category": "other",
    "description": "A box sold in military surplus store targeted to the civilian market.  Offers a military surplus rifle, shoulder strap, ammo, basic maintenance kit, and pocket guide book.  This contains the Mosin Nagant 1891/30 rifle.",
    "price": 463500,
    "weight": 8932,
    "volume": 18,
    "to_hit": -2,
    "material": [ "wood", "steel" ],
    "use_action": "DISASSEMBLE"
  },
  {
    "id": "mil_surp_pack_2",
    "type": "GENERIC",
    "symbol": ")",
    "color": "brown",
    "name": "mil-surp weapons pack",
    "name_plural": "mil-surp weapons packs",
    "category": "other",
    "description": "A box sold in military surplus store targeted to the civilian market.  Offers a military surplus rifle, shoulder strap, ammo, basic maintenance kit, and pocket guide book.  This contains the SKS rifle.",
    "price": 463500,
    "weight": 8932,
    "volume": 18,
    "to_hit": -2,
    "material": [ "wood", "steel" ],
    "use_action": "DISASSEMBLE"
  },
  {
    "id": "mil_surp_pack_3",
    "type": "GENERIC",
    "symbol": ")",
    "color": "brown",
    "name": "mil-surp weapons pack",
    "name_plural": "mil-surp weapons packs",
    "category": "other",
    "description": "A box sold in military surplus store targeted to the civilian market.  Offers a military surplus rifle, shoulder strap, ammo, basic maintenance kit, and pocket guide book.  This contains the M1903 Springfield rifle",
    "price": 463500,
    "weight": 8932,
    "volume": 18,
    "to_hit": -2,
    "material": [ "wood", "steel" ],
    "use_action": "DISASSEMBLE"
  },
  {
    "id": "parawatch",
    "type": "ARMOR",
    "name": "paracord survival watch",
    "name_plural": "paracord survival watches",
    "description": "A simple wristwatch on a plastic band, wrapped with a paracord bracelet with a thermometer attached.  Tells the time and has an alarm clock feature.",
    "weight": 100,
    "volume": 2,
    "price": 10000,
    "to_hit": -1,
    "material": [ "plastic", "steel" ],
    "symbol": "[",
    "color": "dark_gray",
    "covers": [ "HAND_EITHER" ],
    "coverage": 5,
    "use_action": [ "WEATHER_TOOL", "DISASSEMBLE" ],
    "flags": [ "WATCH", "ALARMCLOCK", "BELTED", "FRAGILE", "ALLOWS_NATURAL_ATTACKS", "THERMOMETER" ]
  },
  {
    "id": "parabracelets",
    "type": "ARMOR",
    "name": "paracord bracelet",
    "name_plural": "paracord bracelets",
    "description": "A simple bracelet made out of paracord.  Disassemble for some string",
    "weight": 50,
    "volume": 1,
    "price": 5000,
    "to_hit": -1,
    "material": [ "cotton" ],
    "symbol": "[",
    "color": "dark_gray",
    "covers": [ "HAND_EITHER" ],
    "coverage": 5,
    "flags": [ "BELTED", "FRAGILE", "ALLOWS_NATURAL_ATTACKS" ],
    "use_action": "DISASSEMBLE"
  },
  {
    "id": "flesh_weapon_kit",
    "type": "GENERIC",
    "symbol": ")",
    "color": "red",
    "name": "biological weapon conversion kit",
    "name_plural": "biological weapon conversion kits",
    "category": "other",
    "description": "A suspicious box containing many parts, tools and... flesh?  A manual inside the box, giving minimal information on how to use the contents of the box.  It says to see the introductory information packet for more information, whatever that may be.",
    "price": 503500,
    "weight": 10958,
    "volume": 12,
    "to_hit": -2,
    "material": [ "plastic", "steel" ]
  },
  {
    "id": "omnitech_weapon_ups_kit",
    "type": "GENERIC",
    "symbol": ")",
    "color": "blue",
    "name": "Omnitech UPS conversion kit",
    "category": "other",
    "description": "A box containing many tools and a few electronic components.  It has the Omnitech logo and the name of device.  On the back there is a description saying you could use this to convert a battery powered Omnitech weapon to use UPS power, if you have the manual for it.",
    "price": 503500,
    "weight": 10958,
    "volume": 12,
    "to_hit": -2,
    "material": [ "plastic", "steel" ]
  },
  {
    "id": "cbm_rtg_inductor",
    "type": "TOOL_ARMOR",
    "symbol": ";",
    "color": "light_green",
    "name": "inductive CBM charger",
    "description": "A prototype device giving off noticeable heat, housing a compact radioisotope thermoelectric generator.  It does not seem to accept batteries or even provide a UPS hookup, instead housing an inductive charging system designed specifically for CBM power storage.  Being an unfinished design, the only way to dump power into the inductor without electrocuting yourself requires opening up part of the mechanism, exposing you to radiation.",
    "price": 1200000,
    "material": [ "plastic", "aluminum" ],
    "covers": [ "TORSO" ],
    "flags": [ "LEAK_DAM", "RADIOACTIVE", "WAIST", "OVERSIZE" ],
    "weight": 2200,
    "volume": 12,
    "bashing": 4,
    "max_charges": 50,
    "charges_per_use": 1,
    "use_action": { "type": "cast_spell", "spell_id": "c_cbm_rtg_induction", "no_fail": true, "level": 10 },
    "coverage": 25,
    "encumbrance": 5,
    "warmth": 20,
    "material_thickness": 2,
    "artifact_data": { "charge_type": "ARTC_TIME" }
  }
]
