[
  {
    "type": "monster_attack",
    "attack_type": "melee",
    "id": "impale",
    "cooldown": 25,
    "move_cost": 350,
    "damage_max_instance": [ { "damage_type": "stab", "amount": 15, "armor_penetration": 15, "armor_multiplier": 0.6 } ],
    "body_parts": [ [ "TORSO", 1 ] ],
    "effects": [
      { "id": "stunned", "duration": 3, "chance": 75 },
      { "id": "grabbed", "duration": 1000, "bp": "TORSO", "chance": 75 },
      { "id": "bleed", "duration": 15, "bp": "TORSO", "chance": 25 },
      { "id": "infection_minor", "duration": 20000, "chance": 25 }
    ],
    "hit_dmg_u": "%1$s 穿刺了你的躯干!",
    "hit_dmg_npc": "%1$s 穿刺了 <npcname> 的躯干!",
    "no_dmg_msg_u": "%1$s 尝试去穿刺你的的躯干, 但是被你的护甲挡住了!",
    "no_dmg_msg_npc": "%1$s 尝试去穿刺 <npcname> 的的躯干,但是被护甲挡住了!"
  },
  {
    "type": "monster_attack",
    "attack_type": "melee",
    "id": "wound_minor",
    "cooldown": 30,
    "move_cost": 75,
    "damage_max_instance": [
      { "damage_type": "bash", "amount": 7, "armor_multiplier": 0.75 },
      { "damage_type": "cut", "amount": 3, "armor_multiplier": 0.75 }
    ],
    "body_parts": [
      [ "FOOT_L", 2 ],
      [ "FOOT_R", 2 ],
      [ "LEG_L", 3 ],
      [ "LEG_R", 3 ],
      [ "HAND_L", 2 ],
      [ "HAND_R", 2 ],
      [ "HEAD", 3 ],
      [ "EYES", 2 ],
      [ "MOUTH", 1 ],
      [ "ARM_L", 3 ],
      [ "ARM_R", 3 ],
      [ "TORSO", 4 ]
    ],
    "effects": [ { "id": "infection_minor", "duration": 15000, "chance": 15 }, { "id": "flu_zed", "duration": 32000, "chance": 2 } ],
    "hit_dmg_u": "%1$s 刺向你!",
    "hit_dmg_npc": "%1$s 刺向 <npcname>!",
    "no_dmg_msg_u": "%1$s 尝试刺向你，但是失败了.",
    "no_dmg_msg_npc": "%1$s 尝试刺向 <npcname>,但是失败了."
  },
  {
    "type": "monster_attack",
    "attack_type": "melee",
    "id": "scratch",
    "cooldown": 20,
    "move_cost": 160,
    "damage_max_instance": [
      { "damage_type": "cut", "amount": 5, "armor_multiplier": 0.9 },
      { "damage_type": "stab", "amount": 3, "armor_multiplier": 0.9 }
    ],
    "body_parts": [
      [ "FOOT_L", 2 ],
      [ "FOOT_R", 2 ],
      [ "LEG_L", 3 ],
      [ "LEG_R", 3 ],
      [ "HAND_L", 2 ],
      [ "HAND_R", 2 ],
      [ "HEAD", 3 ],
      [ "EYES", 2 ],
      [ "MOUTH", 1 ],
      [ "ARM_L", 3 ],
      [ "ARM_R", 3 ],
      [ "TORSO", 4 ]
    ],
    "effects": [ { "id": "infection_minor", "duration": 9800, "chance": 5 } ],
    "hit_dmg_u": "%1$s 用爪子攻击你!",
    "hit_dmg_npc": "%1$s 用爪子攻击 <npcname>!",
    "no_dmg_msg_u": "%1$s 尝试用爪子攻击你，但是失败了",
    "no_dmg_msg_npc": "%1$s 尝试用爪子攻击 <npcname>, 但是失败了."
  },
  {
    "type": "monster_attack",
    "attack_type": "melee",
    "id": "slash",
    "cooldown": 20,
    "move_cost": 180,
    "effects": [ { "id": "slashed", "duration": 5, "chance": 75 }, { "id": "infection_minor", "duration": 24000, "chance": 12 } ],
    "damage_max_instance": [
      { "damage_type": "cut", "amount": 12, "armor_multiplier": 0.8 },
      { "damage_type": "stab", "amount": 4, "armor_multiplier": 0.8 }
    ],
    "hit_dmg_u": "%1$s 向你猛击!",
    "hit_dmg_npc": "%1$s 向 <npcname> 猛击!",
    "no_dmg_msg_u": "%1$s 尝试向你猛击，但是失败了.",
    "no_dmg_msg_npc": "%1$s 尝试向 <npcname> 猛击,但是失败了."
  },
  {
    "type": "monster_attack",
    "attack_type": "melee",
    "id": "hammer",
    "cooldown": 20,
    "move_cost": 220,
    "effects": [ { "id": "stunned", "duration": 5 }, { "id": "infection_minor", "duration": 8800, "chance": 4 } ],
    "damage_max_instance": [ { "damage_type": "bash", "amount": 16, "armor_multiplier": 0.8 } ],
    "hit_dmg_u": "%1$s 捶打你!",
    "hit_dmg_npc": "%1$s 捶打 <npcname>!",
    "no_dmg_msg_u": "%1$s 尝试捶打你，但是失败了.",
    "no_dmg_msg_npc": "%1$s 尝试捶打 <npcname>,但是失败了."
  },
  {
    "type": "monster_attack",
    "attack_type": "melee",
    "id": "diseased swipe",
    "cooldown": 20,
    "move_cost": 125,
    "effects": [ { "id": "nausea", "duration": 250, "chance": 67 }, { "id": "infection_minor", "duration": 16000, "chance": 15 } ],
    "damage_max_instance": [
      { "damage_type": "cut", "amount": 9, "armor_multiplier": 0.85 },
      { "damage_type": "bash", "amount": 5, "armor_multiplier": 0.85 }
    ],
    "hit_dmg_u": "%1$s 向你射出它腐败的肢体!",
    "hit_dmg_npc": "%1$s 向 <npcname> 射出它腐败的肢体!",
    "no_dmg_msg_u": "%1$s 尝试向你射出它腐败的肢体，但是失败了.",
    "no_dmg_msg_npc": "%1$s 尝试向 <npcname> 射出它腐败的肢体,但是失败了."
  },
  {
    "type": "monster_attack",
    "attack_type": "melee",
    "id": "wasp_sting",
    "cooldown": 20,
    "move_cost": 200,
    "damage_max_instance": [
      { "damage_type": "cut", "amount": 6, "armor_multiplier": 0.85 },
      { "damage_type": "stab", "amount": 10, "armor_multiplier": 0.85 }
    ],
    "effects": [
      { "id": "poison", "duration": 600, "chance": 40 },
      { "id": "infection_minor", "duration": 9800, "chance": 15 },
      { "id": "flu_zed", "duration": 15000, "chance": 1 }
    ],
    "hit_dmg_u": "%1$s 蜇向你!",
    "hit_dmg_npc": "%1$s 蜇向 <npcname>!",
    "no_dmg_msg_u": "%1$s 尝试蜇向你,但是没有穿透你的护甲.",
    "no_dmg_msg_npc": "%1$s 尝试蜇向 <npcname>,但是失败了."
  },
  {
    "type": "monster_attack",
    "attack_type": "melee",
    "id": "ant_dinject",
    "cooldown": 20,
    "move_cost": 200,
    "damage_max_instance": [
      { "damage_type": "bash", "amount": 9, "armor_multiplier": 0.85 },
      { "damage_type": "stab", "amount": 3, "armor_multiplier": 0.85 }
    ],
    "effects": [ { "id": "skunk_spray", "duration": 600, "chance": 35 }, { "id": "infection_minor", "duration": 5200, "chance": 8 } ],
    "hit_dmg_u": "%1$s 蜇向你!",
    "hit_dmg_npc": "%1$s蜇向 <npcname>!",
    "no_dmg_msg_u": "%1$s 尝试蜇向你,但是没有穿透你的护甲.",
    "no_dmg_msg_npc": "%1$s 尝试蜇向 <npcname>, 但是失败了."
  },
  {
    "type": "monster_attack",
    "attack_type": "melee",
    "id": "ant_sinject",
    "cooldown": 20,
    "move_cost": 200,
    "damage_max_instance": [
      { "damage_type": "bash", "amount": 9, "armor_multiplier": 0.8 },
      { "damage_type": "stab", "amount": 6, "armor_multiplier": 0.8 }
    ],
    "effects": [ { "id": "poison", "duration": 400, "chance": 30 }, { "id": "infection_minor", "duration": 5200, "chance": 8 } ],
    "hit_dmg_u": "%1$s 蜇向你!",
    "hit_dmg_npc": "%1$s 蜇向 <npcname>!",
    "no_dmg_msg_u": "%1$s 尝试蜇向你,但是失败了",
    "no_dmg_msg_npc": "%1$s 尝试蜇向 <npcname>,但是失败了."
  },
  {
    "type": "monster_attack",
    "attack_type": "melee",
    "id": "para_poison",
    "cooldown": 15,
    "move_cost": 120,
    "damage_max_instance": [ { "damage_type": "acid", "amount": 1 }, { "damage_type": "cut", "amount": 7, "armor_multiplier": 0.9 } ],
    "effects": [
      { "id": "paralyzepoison", "duration": 300, "chance": 50 },
      { "id": "paralyzepoison", "duration": 120, "chance": 50 },
      { "id": "paralyzepoison", "duration": 30 },
      { "id": "infection_minor", "duration": 9800, "chance": 5 }
    ],
    "hit_dmg_u": "%1$s 用它的倒钩刺你!",
    "hit_dmg_npc": "%1$s 用它的倒钩刺向 <npcname>!",
    "no_dmg_msg_u": "%1$s 尝试用它的倒钩刺向你, 但是失败了.",
    "no_dmg_msg_npc": "%1$s 尝试用它的倒钩刺向 <npcname>, 但是失败了."
  },
  {
    "type": "monster_attack",
    "attack_type": "melee",
    "id": "sliming",
    "cooldown": 40,
    "move_cost": 200,
    "damage_max_instance": [ { "damage_type": "acid", "amount": 3 }, { "damage_type": "biological", "amount": 1 } ],
    "effects": [
      { "id": "slimed", "duration": 400 },
      { "id": "paralyzepoison", "duration": 120, "chance": 30 },
      { "id": "paralyzepoison", "duration": 30, "chance": 30 },
      { "id": "paralyzepoison", "duration": 20, "chance": 30 }
    ],
    "hit_dmg_u": "%1$s 向你喷出一股黏液!",
    "hit_dmg_npc": "%1$s 向 <npcname> 喷出一股黏液!"
  },
  {
    "type": "monster_attack",
    "attack_type": "melee",
    "id": "scrib",
    "cooldown": 20,
    "move_cost": 150,
    "body_parts": [
      [ "FOOT_L", 2 ],
      [ "FOOT_R", 2 ],
      [ "LEG_L", 3 ],
      [ "LEG_R", 3 ],
      [ "HAND_L", 2 ],
      [ "HAND_R", 2 ],
      [ "HEAD", 3 ],
      [ "EYES", 2 ],
      [ "MOUTH", 1 ],
      [ "ARM_L", 3 ],
      [ "ARM_R", 3 ],
      [ "TORSO", 4 ]
    ],
    "damage_max_instance": [ { "damage_type": "biological", "amount": 2, "armor_multiplier": 0.5 } ],
    "effects": [ { "id": "scrib", "duration": 30, "chance": 33 } ],
    "hit_dmg_u": "%1$s 发出暗淡的绿光!",
    "hit_dmg_npc": "%1$s 发出暗淡的绿光!",
    "no_dmg_msg_u": "%1$s 发出嘶嘶声并发出暗淡的绿光!",
    "no_dmg_msg_npc": "%1$s 发出嘶嘶声并发出暗淡的绿光!"
  },
  {
    "type": "monster_attack",
    "attack_type": "melee",
    "id": "numbing_poison",
    "cooldown": 30,
    "move_cost": 200,
    "damage_max_instance": [ { "damage_type": "stab", "amount": 10, "armor_multiplier": 0.8 } ],
    "effects": [
      { "id": "paralyzepoison", "duration": 600, "chance": 30 },
      { "id": "paralyzepoison", "duration": 30 },
      { "id": "pkill1", "duration": 15, "chance": 67 },
      { "id": "pkill2", "duration": 15, "chance": 67 },
      { "id": "infection_minor", "duration": 6800, "chance": 15 },
      { "id": "flu_zed", "duration": 32000, "chance": 1 }
    ],
    "hit_dmg_u": "%1$s 向你注射令人麻痹的毒药!",
    "hit_dmg_npc": "%1$s 向 <npcname> 注射令人麻痹的毒药!",
    "no_dmg_msg_u": "%1$s 攻击你, 但是失败了.",
    "no_dmg_msg_npc": "%1$s 尝试攻击 <npcname>,但是失败了."
  },
  {
    "type": "monster_attack",
    "attack_type": "melee",
    "id": "hallucinations",
    "cooldown": 30,
    "move_cost": 200,
    "effects": [
      { "id": "visuals", "duration": 900, "chance": 50 },
      { "id": "hallu", "duration": 1100, "chance": 33 },
      { "id": "rad_tenths", "duration": 5, "chance": 25 }
    ],
    "hit_dmg_u": "%1$s 迷惑了你!",
    "hit_dmg_npc": "%1$s 迷惑了 <npcname>!"
  }
]
