[
  {
    "type": "effect_type",
    "id": "hallu",
    "name": [ "幻觉" ],
    "desc": [
      "你正在经历幻觉。由此产生的超现实感是一个真正的压力源，这使你的血液加快循环."
    ],
    "chance": 80,
    "max_duration": 3200,
    "base_mods": { "str_mod": [ 1 ] }
  },
  {
    "type": "effect_type",
    "id": "took_flumed",
    "removes_effects": [ "common_cold", "flu", "infection_minor" ],
    "base_mods": { "rad_amount": [ 3 ], "health_amount": [ -5 ] }
  },
  {
    "type": "effect_type",
    "id": "flushot",
    "blocks_effects": [ "common_cold", "flu", "infection_minor" ],
    "removes_effects": [ "common_cold", "flu", "flu_zed", "infection_minor" ]
  },
  {
    "type": "effect_type",
    "id": "pblue",
    "name": [ "哦，这是蓝色" ],
    "desc": [
      "你最近吃了一颗普鲁士蓝药丸。它会慢慢清除你体内的辐射，多吃会加速这个过程."
    ],
    "max_intensity": 5,
    "base_mods": { "rad_chance": [ 180 ], "rad_min": [ -2 ], "rad_max": [ -1 ], "h_mod_chance": [ 1000 ], "vomit_chance": [ 10000 ] },
    "scaling_mods": {
      "h_mod_min": [ -1 ],
      "h_mod_max": [ 0 ],
      "h_mod_chance": [ -100 ],
      "speed_mod": [ -1.5 ],
      "vomit_chance": [ -1000 ],
      "rad_chance": [ 180 ],
      "rad_min": [ -0.3 ],
      "rad_max": [ -0.5 ]
    }
  },
  {
    "type": "effect_type",
    "id": "onfire",
    "chance": 65,
    "name": [ "着火" ],
    "desc": [ "健康损失-全身\n您的衣服和其他设备可能会被火焰烧毁." ],
    "remove_memorial_log": "把火扑灭.",
    "apply_message": "你着火了！在原地等候，试图扑灭大火.",
    "apply_memorial_log": "着火了.",
    "rating": "bad",
    "max_intensity": 3,
    "int_dur_factor": 2,
    "max_duration": 35
  },
  {
    "type": "effect_type",
    "id": "darkness",
    "name": [ "失明" ],
    "desc": [ "你的视野阴暗。这会随着时间的推移而消退，或者你消除了病源. . ." ],
    "apply_message": "你的视力忽明忽暗!",
    "remove_message": "眼睛里的世界又恢复了常态.",
    "rating": "bad",
    "max_duration": 3850
  },
  {
    "type": "effect_type",
    "id": "cureall",
    "//": "这是蜂王浆效应，它几乎可以治愈一切.",
    "removes_effects": [
      "fungus",
      "dermatik",
      "bloodworms",
      "paincysts",
      "brainworms",
      "tapeworm",
      "blind",
      "poison",
      "stung",
      "badpoison",
      "foodpoison",
      "paralyzepoison",
      "tetanus",
      "bite",
      "infected",
      "asthma",
      "common_cold",
      "flu",
      "flu_zed",
      "infection_minor"
    ],
    "base_mods": { "rad_amount": [ -75 ], "health_amount": [ 5 ] }
  },
  {
    "type": "effect_type",
    "id": "foodpoison",
    "name": [ "食物中毒" ],
    "desc": [ "你的胃非常不舒服，而且非常恶心." ],
    "miss_messages": [ [ "你的胃在翻滚.", 1 ] ],
    "rating": "bad",
    "resist_traits": [ "POISRESIST" ],
    "int_add_val": 1,
    "max_intensity": 3,
    "base_mods": {
      "per_mod": [ -1 ],
      "dex_mod": [ -1 ],
      "str_mod": [ -2, -1 ],
      "speed_mod": [ -15 ],
      "pain_min": [ 1 ],
      "pain_chance": [ 100, 500 ],
      "vomit_chance": [ 400, 700 ],
      "rad_min": [ 1 ],
      "rad_max_val": [ 75 ],
      "rad_chance": [ 1000 ],
      "h_mod_min": [ -1 ],
      "h_mod_tick": [ 30 ],
      "h_mod_chance": [ 20 ]
    },
    "scaling_mods": {
      "per_mod": [ -1 ],
      "dex_mod": [ -1 ],
      "str_mod": [ -1, -0.5 ],
      "speed_mod": [ -5 ],
      "pain_chance": [ -33.5, -200 ],
      "vomit_chance": [ -150, -200 ],
      "rad_chance": [ -300 ],
      "rad_max_val": [ 75 ]
    }
  },
  {
    "type": "effect_type",
    "id": "boomered",
    "name": [ "粘稠的胆汁" ],
    "desc": [ "Range of Sight: 1;  你浑身是洋红的胆汁!" ],
    "apply_message": "你浑身都是胆汁!",
    "rating": "bad",
    "base_mods": { "per_mod": [ -3 ], "vomit_chance": [ 400 ] }
  },
  {
    "type": "effect_type",
    "id": "tetanus",
    "name": [ "破伤风" ],
    "desc": [
      "你经常肌肉痉挛，即使不翻身也不能自由活动。锁颌是由细菌和它们的毒素引起的."
    ],
    "rating": "bad",
    "resist_effects": [ "valium" ],
    "base_mods": { "dex_mod": [ -4, 0 ] }
  },
  {
    "type": "effect_type",
    "id": "paralyzepoison",
    "name": [
      "Slowed",
      "Slowed",
      "Slowed",
      "Slowed",
      "Slowed",
      "Sluggish",
      "Sluggish",
      "Sluggish",
      "Sluggish",
      "Sluggish",
      "Partially Paralyzed",
      "Partially Paralyzed",
      "Partially Paralyzed",
      "Partially Paralyzed",
      "Partially Paralyzed",
      "Totally Paralyzed",
      "Totally Paralyzed",
      "Totally Paralyzed",
      "Totally Paralyzed",
      "Totally Paralyzed"
    ],
    "//": "20 max intensity, 5 each",
    "desc": [ "你被一种麻痹的毒药拖慢了速度!" ],
    "miss_messages": [ [ "你觉得僵硬.", 4 ] ],
    "rating": "bad",
    "max_intensity": 20,
    "resist_traits": [ "POISRESIST" ],
    "int_add_val": 1,
    "int_decay_tick": 1500,
    "base_mods": {
      "dex_mod": [ -0.34, -0.17 ],
      "speed_mod": [ -5, -3 ],
      "h_mod_min": [ -1, -0.5 ],
      "h_mod_tick": [ 30, 60 ],
      "h_mod_chance": [ 10 ],
      "pain_min": [ -1, -0.5 ],
      "pain_min_val": [ -10, 5 ],
      "pain_chance": [ 10, 30 ],
      "stamina_min": [ -1, 0 ],
      "rad_min": [ 1 ],
      "rad_chance": [ 100 ]
    },
    "scaling_mods": {
      "dex_mod": [ -0.34, -0.17 ],
      "speed_mod": [ -3, -1 ],
      "pain_min": [ -0.1 ],
      "pain_min_val": [ -5, -3 ],
      "stamina_min": [ -0.1 ],
      "rad_min": [ 0.1 ],
      "rad_chance": [ -4 ]
    }
  },
  {
    "type": "effect_type",
    "id": "poison",
    "copy-from": "poison",
    "name": [ "中毒" ],
    "apply_message": "你觉得中毒了!",
    "desc": [ "你中毒了!" ],
    "miss_messages": [ [ "你心里很不舒服.", 2 ] ],
    "int_add_val": 1,
    "max_intensity": 3,
    "int_decay_step": -1,
    "int_decay_tick": 600,
    "max_duration": 1200,
    "decay_messages": [
      [ "你感觉好多了.", "neutral" ],
      [ "你感觉好多了.", "neutral" ],
      [ "你不再觉得自己中毒了", "good" ]
    ],
    "rating": "bad",
    "resist_traits": [ "POISRESIST" ],
    "pain_sizing": true,
    "hurt_sizing": true,
    "main_parts_only": true,
    "base_mods": {
      "per_mod": [ -2, -1 ],
      "dex_mod": [ -1, -1 ],
      "str_mod": [ -2, 1 ],
      "speed_mod": [ -5 ],
      "pain_min": [ 1 ],
      "pain_chance": [ 150, 900 ],
      "hurt_min": [ 1 ],
      "hurt_chance": [ 450, 2700 ],
      "vomit_chance": [ 300, 900 ],
      "vomit_tick": [ 20 ],
      "rad_chance": [ 300, 500 ],
      "rad_min": [ 1 ],
      "rad_max": [ 3 ],
      "rad_max_val": [ 50 ],
      "h_mod_min": [ -1 ],
      "h_mod_tick": [ 60 ],
      "h_mod_chance": [ 15 ],
      "h_mod_min_value": [ -100 ]
    },
    "scaling_mods": {
      "per_mod": [ -0.5, -0.25 ],
      "dex_mod": [ -0.5, -1 ],
      "str_mod": [ -1, -1 ],
      "speed_mod": [ -5 ],
      "pain_min": [ 0.5 ],
      "pain_chance": [ -25, -200 ],
      "hurt_min": [ 1 ],
      "hurt_chance": [ -50, -900 ],
      "vomit_chance": [ -120, 200 ],
      "rad_chance": [ -75 ],
      "rad_max_val": [ 25 ],
      "h_mod_chance": [ -3, -2 ]
    }
  },
  {
    "type": "effect_type",
    "id": "badpoison",
    "copy-from": "badpoison",
    "name": [ "严重中毒" ],
    "apply_message": "你觉得中毒很严重!",
    "desc": [ "你中毒很严重!" ],
    "miss_messages": [ [ "你内心很难受.", 4 ] ],
    "int_add_val": 1,
    "max_intensity": 3,
    "int_decay_step": -1,
    "int_decay_tick": 900,
    "max_duration": 1800,
    "decay_messages": [
      [ "你感觉好多了.", "neutral" ],
      [ "你感觉好多了.", "neutral" ],
      [ "你不再觉得自己中毒了", "good" ]
    ],
    "rating": "bad",
    "resist_traits": [ "POISRESIST" ],
    "pain_sizing": true,
    "hurt_sizing": true,
    "main_parts_only": true,
    "base_mods": {
      "per_mod": [ -2 ],
      "dex_mod": [ -1 ],
      "str_mod": [ -2, -1 ],
      "speed_mod": [ -15 ],
      "pain_min": [ 2 ],
      "pain_chance": [ 100, 500 ],
      "hurt_min": [ 1 ],
      "hurt_max": [ 2 ],
      "hurt_chance": [ 300, 1500 ],
      "vomit_chance": [ 200 ],
      "vomit_tick": [ 30 ],
      "rad_min": [ 2 ],
      "rad_max": [ 5 ],
      "rad_max_val": [ 100 ],
      "rad_chance": [ 180, 360 ],
      "h_mod_min": [ -1 ],
      "h_mod_tick": [ 60 ],
      "h_mod_chance": [ 10 ],
      "h_mod_min_value": [ -100 ]
    },
    "scaling_mods": {
      "per_mod": [ -1 ],
      "dex_mod": [ -1.5 ],
      "str_mod": [ -1.25, -1 ],
      "speed_mod": [ -5 ],
      "pain_min": [ 2 ],
      "pain_chance": [ -20, -100 ],
      "hurt_chance": [ -75, -500 ],
      "hurt_min": [ 1 ],
      "hurt_max": [ 2 ],
      "vomit_chance": [ -80, -50 ],
      "rad_max_val": [ 50 ],
      "rad_chance": [ -35, -75 ],
      "h_mod_tick": [ -10 ]
    }
  },
  {
    "type": "effect_type",
    "id": "cold",
    "name": [ "冷", "好冷", "特别冷" ],
    "desc": [ "你的 %s 暴露在寒冷中.", "你的 %s 很容易受冻.", "你的 %s 是危险的寒冷!" ],
    "speed_name": "Cold",
    "max_intensity": 3,
    "part_descs": true,
    "base_mods": {
      "speed_mod": [ -3 ],
      "dex_mod": [ -0.6 ],
      "hunger_min": [ 1 ],
      "hunger_max": [ 2 ],
      "hunger_tick": [ 600 ],
      "hunger_chance": [ 3 ],
      "health_min": [ -1 ],
      "health_tick": [ 180 ],
      "health_chance": [ 60 ],
      "h_mod_tick": [ 12 ],
      "h_mod_chance": [ 60 ]
    },
    "scaling_mods": {
      "speed_mod": [ -12 ],
      "int_mod": [ -0.5 ],
      "dex_mod": [ -0.6 ],
      "hurt_min": [ 1 ],
      "hurt_chance": [ 90 ],
      "pkill_tick": [ 10 ],
      "pkill_min": [ 1 ],
      "pkill_max_val": [ 60 ],
      "hunger_min": [ 1 ],
      "hunger_max": [ 2 ],
      "hunger_tick": [ -200 ],
      "hunger_chance": [ -1 ],
      "stamina_min": [ -0.5 ],
      "health_min": [ -0.5 ],
      "health_tick": [ -40 ],
      "h_mod_min": [ -1 ]
    }
  },
  {
    "type": "effect_type",
    "id": "hot",
    "name": [ "温暖", "炎热", "灼热" ],
    "desc": [
      "你的 %s 感觉温暖.",
      "你的 %s 热得出汗了，小心别生病.",
      "你的 %s 大汗淋漓!"
    ],
    "speed_name": "Hot",
    "max_intensity": 3,
    "part_descs": true,
    "base_mods": {
      "speed_mod": [ -2 ],
      "thirst_min": [ 1 ],
      "thirst_max": [ 3 ],
      "thirst_tick": [ 600 ],
      "thirst_chance": [ 3 ],
      "pain_min": [ 1 ],
      "pain_chance": [ 2 ],
      "pain_max_val": [ -1 ],
      "hurt_min": [ 1 ],
      "hurt_chance": [ -300 ],
      "stamina_chance": [ 2 ],
      "health_min": [ -1 ],
      "health_tick": [ 180 ],
      "health_chance": [ 60 ],
      "h_mod_tick": [ 18 ],
      "h_mod_chance": [ 40 ]
    },
    "scaling_mods": {
      "speed_mod": [ -4 ],
      "hunger_max": [ 1 ],
      "thirst_tick": [ -240 ],
      "thirst_chance": [ -1 ],
      "pain_max_val": [ 10 ],
      "hurt_chance": [ 200 ],
      "stamina_min": [ -1 ],
      "health_min": [ -0.5 ],
      "health_tick": [ -40 ],
      "h_mod_min": [ -1 ]
    }
  },
  {
    "type": "effect_type",
    "id": "frostbite",
    "name": [ "冻疮", "冻伤" ],
    "desc": [
      "你的 %s 冻僵了，已经麻木了。小心点，你会感冒的 ...",
      "你的 %s 冻伤了！你的组织被冻住了!"
    ],
    "part_descs": true,
    "speed_name": "Frostbite",
    "max_intensity": 2,
    "dur_add_perc": 0,
    "base_mods": {
      "dex_mod": [ -0.6 ],
      "speed_mod": [ -4 ],
      "pain_min": [ 1 ],
      "pain_max_val": [ 20 ],
      "pain_chance": [ 25 ],
      "pain_tick": [ 15 ]
    },
    "scaling_mods": {
      "dex_mod": [ -0.6 ],
      "speed_mod": [ -6 ],
      "pain_min": [ -2 ],
      "pain_min_val": [ -30 ],
      "pain_chance": [ 10 ],
      "pain_tick": [ 15 ],
      "hurt_min": [ 1 ],
      "hurt_chance": [ 12 ],
      "hurt_tick": [ 20 ]
    }
  },
  {
    "type": "effect_type",
    "id": "frostbite_recovery",
    "name": [ "解冻" ],
    "desc": [ "你的 %s 开始感觉到寒冷造成的伤害." ],
    "part_descs": true,
    "base_mods": {
      "dex_mod": [ -0.5 ],
      "pain_min": [ 1 ],
      "pain_max_val": [ 40 ],
      "pain_chance": [ 9 ],
      "pain_tick": [ 10 ],
      "hurt_min": [ 1 ],
      "hurt_chance": [ 25 ],
      "hurt_tick": [ 30 ]
    }
  },
  {
    "type": "effect_type",
    "id": "hypocalcemia",
    "name": [ "低钙血症", "虚弱的骨头", "脆弱的骨头" ],
    "desc": [ "饮食中钙的缺乏会使你的骨骼逐渐变弱." ],
    "apply_message": "你的骨头越来越脆了.",
    "remove_message": "你的骨头恢复了正常的力量.",
    "decay_messages": [
      [ "你的缺钙问题快解决了.", "good" ],
      [ "随着缺钙的改善，你的骨骼会变得更强壮.", "good" ]
    ],
    "max_intensity": 3,
    "rating": "bad",
    "base_mods": { "speed_mod": [ -5 ], "str_mod": [ -1 ] },
    "scaling_mods": { "speed_mod": [ -10 ], "str_mod": [ -1.5 ] }
  },
  {
    "type": "effect_type",
    "id": "anemia",
    "name": [ "缺铁", "早期贫血", "贫血" ],
    "desc": [ "饮食中缺铁会导致贫血逐渐恶化." ],
    "apply_message": "你开始感到越来越疲倦和无精打采.",
    "remove_message": "你不再觉得贫血了.",
    "decay_messages": [
      [ "你的缺铁问题差不多解决了.", "good" ],
      [ "贫血开始好转时，你的感觉会更强烈.", "good" ]
    ],
    "max_intensity": 3,
    "rating": "bad",
    "base_mods": { "speed_mod": [ -5 ], "stamina_min": [ -1 ], "fatigue_tick": [ 30 ] },
    "scaling_mods": { "speed_mod": [ -5 ], "stamina_min": [ -1 ], "fatigue_min": [ 0.5 ] }
  },
  {
    "type": "effect_type",
    "id": "hypovitA",
    "name": [ "维生素缺乏", "视力差", "夜盲症" ],
    "desc": [ "饮食中缺乏维生素A会逐渐恶化你的视力." ],
    "apply_message": "你开始努力找出更精细的细节.",
    "remove_message": "你的视力恢复正常.",
    "decay_messages": [
      [ "你的维生素A缺乏症差不多解决了.", "good" ],
      [ "你的视力随着维生素A缺乏症的改善而改善.", "good" ]
    ],
    "max_intensity": 3,
    "rating": "bad",
    "base_mods": { "per_mod": [ -1 ] },
    "scaling_mods": { "per_mod": [ -2 ], "int_mod": [ -1 ] }
  },
  {
    "type": "effect_type",
    "id": "hypovitB",
    "name": [ "B12缺乏", "缓慢愈合", "无法治愈" ],
    "desc": [ "饮食中缺乏维生素B12会影响你的治愈能力." ],
    "apply_message": "简单的伤口开始比平常更让你担心了.",
    "remove_message": "你的伤口现在正常愈合了.",
    "decay_messages": [
      [ "你的维生素B12缺乏症开始解决了.", "good" ],
      [ "随着维生素B12缺乏症的改善，你的治愈能力也会恢复.", "good" ]
    ],
    "max_intensity": 3,
    "rating": "bad",
    "base_mods": { "stamina_min": [ -0.5 ], "hurt_chance": [ 125 ], "hurt_tick": [ 60 ] },
    "scaling_mods": { "stamina_min": [ -0.5 ], "hurt_min": [ 1 ], "hurt_chance": [ -25 ] }
  },
  {
    "type": "effect_type",
    "id": "scurvy",
    "name": [ "早期坏血病", "坏血病", "晚期坏血病" ],
    "desc": [ "饮食中缺乏维生素C会导致坏血病症状逐渐加重." ],
    "miss_messages": [ [ "你的身体有轻微的震动.", 4 ] ],
    "apply_message": "你开始出现坏血病的症状.",
    "remove_message": "你的坏血病好了.",
    "decay_messages": [
      [ "你的维生素C缺乏症开始解决了.", "good" ],
      [ "你的坏血病随着维生素C缺乏症的改善而减轻.", "good" ]
    ],
    "max_intensity": 3,
    "rating": "bad",
    "base_mods": { "stamina_min": [ -0.5 ], "pain_min": [ 1 ], "pain_chance": [ 100 ], "pain_tick": [ 50 ] },
    "scaling_mods": {
      "str_mod": [ -1.5 ],
      "per_mod": [ -1 ],
      "int_mod": [ -0.5 ],
      "dex_mod": [ -1 ],
      "stamina_min": [ -1.25 ],
      "pain_chance": [ -30 ]
    }
  },
  {
    "type": "effect_type",
    "id": "hypervitaminosis",
    "name": [ "过量维生素" ],
    "desc": [ "过量的维生素严重影响了你的新陈代谢." ],
    "apply_message": "你的新陈代谢变得不稳定.",
    "remove_message": "你的新陈代谢变得更加稳定.",
    "rating": "bad",
    "base_mods": {
      "stamina_min": [ -1 ],
      "stamina_chance": [ 12 ],
      "speed_mod": [ -5 ],
      "health_amount": [ -1 ],
      "h_mod_amount": [ -1 ],
      "thirst_min": [ 1 ],
      "thirst_max": [ 2 ],
      "thirst_tick": [ 240 ],
      "thirst_chance": [ 3 ]
    }
  },
  {
    "type": "effect_type",
    "id": "slimed",
    "name": [ "粘液" ],
    "desc": [ "你全身都是厚厚的粘液!" ],
    "apply_message": "你全身都是厚厚的粘液!",
    "rating": "bad",
    "max_intensity": 3,
    "miss_messages": [ [ "这黏糊糊让你滑倒了", 6 ] ],
    "base_mods": { "dex_mod": [ -2 ], "speed_mod": [ -20 ], "vomit_chance": [ 1900 ] },
    "scaling_mods": {
      "str_mod": [ -0.5 ],
      "per_mod": [ -0.5 ],
      "dex_mod": [ -1 ],
      "stamina_min": [ -1 ],
      "vomit_chance": [ -800 ],
      "h_mod_amount": [ -3 ],
      "health_amount": [ -3 ]
    }
  }
]
