[
   {
    "type": "snippet",
    "category": "note",
    "text": [
  {
		"id": "note_pk_1",
		"text": "\"黄蜂持续迫近Y!黄蜂持续迫近Y!!黄蜂持续迫近Y!!!黄蜂持续迫近Y!!!!\""
  },
  {
    "id": "note_pk_2",
    "text": "\"地狱之口？地狱之口~什么？\""
  },
  {
    "id": "note_pk_3",
    "text": "\"冲击炮是很好的近距离防御炮塔，但可能会很快耗尽你的电池。\""
  },
  {
    "id": "note_pk_4",
    "text": "\"蜘蛛会杀死一个毫无准备的玩家。蚂蚁会杀死一个毫无准备的玩家。黑老鼠会杀死一个毫无准备的玩家。下水道老鼠会杀死一个毫无准备的玩家。任何事都会杀死一个毫无准备的玩家.\""
  },
  {
    "id": "note_pk_5",
    "text": "\"对不同环境的抵抗力把失败者和幸存者分开.\""
  },
  {
    "id": "note_pk_6",
    "text": "\"祝贺你！你是第1000个读这封信的人.  现在请按 [Shift]+[Q]+[Y] 去领奖!\""
  },
  {
    "id": "note_pk_7",
    "text": "\"看来那些矿井里的气体是放射性的。吸入它可能是个坏主意.\""
  },
  {
    "id": "note_pk_8",
    "text": "\"我看见一群蜘蛛从这块中等大小的石头下滑出，把我的朋友拖到下面。它们身上也有些好东西，我敢打赌它还在下面.\""
  },
  {
    "id": "note_pk_9",
    "text": "\"巨型三裂植物的囊可以用一点烹饪技巧来处理，用一点裁剪技巧就可以变得有用\""
  },
  {
    "id": "note_pk_10",
    "text": "\"季节越长，怪物的进化速度就越慢.\""
  },
  {
    "id": "note_pk_11",
    "text": "\"真菌煮沸后会爆炸成许多孢子，并且可以通过一些制造技能、一些生存技能和一些烹饪技能来制造炸弹.\""
  },
  {
    "id": "note_pk_12",
    "text": "\"酸液弹相当弱，但对人群很有用.\""
  },
  {
    "id": "note_pk_13",
    "text": "\"炸弹如果直接命中是相当致命的，如果使用不当，爆炸的余波会击中玩家\""
  },
  {
    "id": "note_pk_14",
    "text": "\"炸弹如果直接命中是相当致命的，如果使用不当，爆炸的余波会击中玩家.\""
  },
  {
    "id": "note_pk_15",
    "text": "\"刚开始的时候，花点时间做一个弓和一些箭，拿一把枪，或者制造一个吊索。20线和线绳，1个线头。它能拯救你的生命，对抗你在肉搏中打不到的东西。\""
  },
  {
    "id": "note_pk_16",
    "text": "\"如果一只哺乳动物在跟踪你，对它喊“Y”可能会给你时间逃跑。火也有可能，但也可能激怒他们.\""
  },
  {
    "id": "note_pk_17",
    "text": "\"盲目地混合和匹配诱变剂是个坏主意。相反的特质会互相抵消。例如，头足类动物和鸟类没有太多的共同点，你所有的努力都可能付诸东流.\""
  },
  {
    "id": "note_pk_18",
    "text": "\"环境保护将有助于将火和酸的伤害降到最低，而耐热装甲实际上会减少来自熔岩等热源的伤害.\""
  },
  {
    "id": "note_pk_19",
    "text": "\"蜂王浆可以与巨型三裂植物的产品混合，制成多种有益的药物，如抗蛇毒的作用相当于蜂王浆的两倍。\""
  },
  {
    "id": "note_pk_20",
    "text": "\"如果你在旅行中发现了一个隐藏的建筑物，可以在地图上做个记号.\""
  },
  {
    "id": "note_pk_21",
    "text": "\"当轮胎离开有天坑的地形时，天坑会损坏轮胎。天坑可以通过挖一个浅坑并填满来填满.\""
  },
  {
    "id": "note_pk_22",
    "text": "\"Trapdoor蜘蛛通常在巢穴上方产卵.  它的巢穴可能很难到达，但是大多数巢穴都有隐藏的战利品.\""
  }
  ]
 }
]
