[{
        "type": "item_group",
        "subtype": "collection",
        "id": "secrodrag_drops",
        "//": "drops implanted weapons, as well as some ammunition too.",
        "//": "GRENADE LAUNCHER NOT INCLUDED",
        "entries": [{
                "item": "laser_rifle_secro",
                "prob": 70
            }, {
                "item": "m240",
                "prob": 50
            }, {
                "item": "308",
                "prob": 100,
                "count": [2, 4]
            }
        ]
    }, {
        "//": "Rewards given doesn't satisfy players... So it is your choice.",
        "id": "mon_secrodragon_sleep",
        "type": "MONSTER",
        "name": "未苏醒的生物武器“龙”",
        "description": "一条不活动的魔龙，被关在一个装满绿色液体的坚固管子里。它锁着链子的嘴在咆哮，而它下面不断的嘟嘟声几乎听不到.",
        "default_faction": "bot",
        "species": ["ROBOT", "DRAGON"],
        "harvest": "secrodragon_harvest",
        "volume": "875000 ml",
        "weight": 200000,
        "hp": 2325,
        "speed": 0,
        "material": ["steel", "flesh"],
        "symbol": "☬",
        "color": "white",
        "aggression": 50,
        "morale": 50,
        "melee_skill": 0,
        "melee_dice": 0,
        "melee_dice_sides": 0,
        "melee_cut": 0,
        "armor_cut": 999,
        "armor_bash": 999,
        "armor_stab": 999,
        "armor_acid": 999,
        "armor_fire": 999,
        "vision_day": 0,
        "starting_ammo": {
            "308": 400
        },
        "path_settings": {
            "max_dist": 20
        },
        "death_drops": {
            "groups": [["robots", 100], ["secrodrag_drops", 80]]
        },
        "death_function": ["NORMAL"],
        "upgrades": {
            "half_life": 22,
            "into": "mon_secrodragon_woke"
        },
        "//": "Might wake up in approximately 1 year.",
        "flags": ["IMMOBILE", "WARM", "POISON", "NO_BREATHE", "BONES", "ELECTRIC", "FIREPROOF"]
    }, {
        "id": "mon_secrodragon_woke",
        "type": "MONSTER",
        "name": "生物武器“龙”",
        "description": "这种身披盔甲的爬行动物有自己的目的：消灭。它是技术进步的产物，只不过是使用仿生学，加上庞大的武器装备，形成了“救世主”.",
        "default_faction": "bot",
        "species": ["ROBOT", "DRAGON"],
        "harvest": "secrodragon_harvest",
        "volume": "875000 ml",
        "weight": 200000,
        "hp": 2325,
        "speed": 60,
        "material": ["steel", "flesh"],
        "emit_fields": ["emit_down_immunity"],
        "symbol": "☬",
        "color": "white_red",
        "aggression": 100,
        "morale": 100,
        "melee_skill": 10,
        "melee_dice": 6,
        "melee_dice_sides": 10,
        "melee_cut": 6,
        "armor_cut": 44,
        "armor_bash": 38,
        "armor_stab": 40,
        "armor_acid": 100,
        "armor_fire": 100,
        "vision_day": 50,
        "starting_ammo": {
            "308": 400
        },
        "path_settings": {
            "max_dist": 20
        },
        "special_attacks": [
            ["SMASH", 42],
            ["secrodragon_SSLRatk", 2],
            ["secrodragon_M240atk", 5],
            ["secrodragon_SSGLatk", 15],
            ["secrodragon_pershieldatk", 10],
             {
                "type": "spell",
                "spell_data": { "id":"mon_secrodragon_target_random"},
                "cooldown": 25,
                "monster_message": "<color_yellow>%1$s growls...</color>"
            }
        ],
        "death_drops": {
            "groups": [["robots", 100], ["secrodrag_drops", 80]]
        },
        "death_function": ["NORMAL"],
        "flags": ["SEES", "HEARS", "SMELLS", "STUN_IMMUNE", "FLIES", "WARM", "DESTROYS", "POISON", "NO_BREATHE", "BONES", "FAT", "ELECTRIC"],
        "//": "IT IS NOT YOUR FAMILY-FRIENDLY ROBOT. HACKING UNAVAILABLE."
    }
]
