[{
        "id": "mon_bot_secroinforcer",
        "type": "MONSTER",
        "name": "幽浮机器人",
        "description": "盘旋机器人一种大型盘旋机器人。它的内部空间有各种各样的战斗机器人，周期性地激活并部署到战场上.",
        "default_faction": "bot",
        "species": ["ROBOT"],
        "volume": "92500 ml",
        "weight": 120000,
        "hp": 135,
        "speed": 45,
        "material": ["steel"],
        "harvest": "exempt",
        "symbol": "O",
        "color": "white",
        "aggression": 5,
        "morale": 0,
        "melee_skill": 0,
        "melee_dice": 0,
        "melee_dice_sides": 0,
        "melee_cut": 0,
        "armor_cut": 24,
        "armor_bash": 18,
        "armor_stab": 24,
        "armor_acid": 20,
        "armor_fire": 20,
        "vision_day": 50,
        "starting_ammo": {
            "bot_secroshocker": 15,
            "bot_secroriflewalker": 10,
            "bot_secrolauncher": 3
        },
        "path_settings": {
            "max_dist": 20
        },
        "special_attacks": [
            ["GRENADIER_ELITE", 20],
            ["SUICIDE", 750]
        ],
        "//": "SHOULD DIE IN AMMO DEPLETION",
        "death_drops": "robots",
        "death_function": ["EXPLODE", "DISINTEGRATE"],
        "flags": ["POISON", "NO_BREATHE", "FLIES", "NOHEAD", "FIREPROOF", "INTERIOR_AMMO", "SEES", "ELECTRIC", "PATH_AVOID_DANGER_1"]
    }, {
        "id": "mon_bot_secroshocker",
        "type": "MONSTER",
        "name": "震撼机器人",
        "description": "一种陀螺球，被噼啪作响的视觉放电包围，金属体下连着锯片.",
        "default_faction": "bot",
        "species": ["ROBOT"],
        "volume": "30000 ml",
        "weight": 40750,
        "emit_fields": ["emit_shockerbot_crakle"],
        "hp": 35,
        "speed": 105,
        "material": ["steel"],
        "symbol": "o",
        "harvest": "exempt",
        "color": "white",
        "aggression": 100,
        "morale": 100,
        "melee_damage": [{
                "damage_type": "electric",
                "amount": 4
            }, {
                "damage_type": "cut",
                "amount": 8
            }
        ],
        "special_when_hit": ["ZAPBACK", 30],
        "melee_skill": 2,
        "melee_dice": 2,
        "melee_dice_sides": 2,
        "melee_cut": 4,
        "armor_cut": 5,
        "armor_bash": 3,
        "armor_stab": 5,
        "armor_acid": 8,
        "armor_fire": 10,
        "luminance": 2,
        "vision_day": 50,
        "path_settings": {
            "max_dist": 15
        },
        "death_drops": "robots",
        "death_function": ["EXPLODE", "DISINTEGRATE"],
        "flags": ["POISON", "NO_BREATHE", "FLIES", "NOHEAD", "FIREPROOF", "SEES", "ELECTRIC", "ELECTRONIC", "PATH_AVOID_DANGER_1"]
    }, {
        "id": "mon_bot_secroriflewalker",
        "type": "MONSTER",
        "name": "恐怖蜘蛛机器人",
        "description": "一个四条腿的防暴机器人，头部装有自动M4A1步枪。它的脚尖上装有泰泽猎犬，用于近距离战斗或制服目标.",
        "default_faction": "bot",
        "species": ["ROBOT"],
        "volume": "30000 ml",
        "weight": 40750,
        "hp": 45,
        "speed": 100,
        "material": ["steel"],
        "symbol": "x",
        "color": "white",
        "aggression": 100,
        "harvest": "exempt",
        "morale": 100,
        "melee_skill": 2,
        "melee_dice": 1,
        "melee_dice_sides": 2,
        "melee_cut": 2,
        "armor_cut": 2,
        "armor_bash": 2,
        "armor_stab": 3,
        "armor_acid": 8,
        "armor_fire": 10,
        "vision_day": 50,
        "path_settings": {
            "max_dist": 15
        },
        "starting_ammo": {
            "556": 70
        },
        "special_attacks": [
            ["TAZER", 8], {
                "type": "gun",
                "cooldown": 1,
                "move_cost": 100,
                "gun_type": "m4a1",
                "ammo_type": "556",
                "fake_skills": [["gun", 3]],
                "fake_str": 13,
                "fake_dex": 13,
                "fake_per": 18,
                "max_ammo": 1000,
                "ranges": [[7, 16, "DEFAULT"]],
                "targeting_cost": 200,
                "targeting_sound": "The walker bot takes aim!",
                "targeting_volume": 25,
                "description": "The walker bot fires its M4A1!",
                "no_ammo_sound": "Click."
            }
        ],
        "death_drops": "robots",
        "death_function": ["EXPLODE", "DISINTEGRATE"],
        "flags": ["POISON", "NO_BREATHE", "NOHEAD", "FIREPROOF", "SEES", "ELECTRIC", "ELECTRONIC", "PATH_AVOID_DANGER_1"]
    }, {
        "id": "mon_bot_secrolauncher",
        "type": "MONSTER",
        "name": "T型无人机",
        "description": "部署直升机的自动导弹。它从舱口发射一枚寻的导弹，释放后激活它们.",
        "default_faction": "bot",
        "species": ["ROBOT"],
        "volume": "30000 ml",
        "weight": 40750,
        "hp": 50,
        "speed": 90,
        "material": ["steel"],
        "symbol": "H",
        "color": "white",
        "aggression": 5,
        "morale": 0,
        "melee_skill": 0,
        "melee_dice": 0,
        "melee_dice_sides": 0,
        "melee_cut": 0,
        "armor_cut": 4,
        "armor_bash": 2,
        "armor_stab": 3,
        "harvest": "exempt",
        "armor_acid": 8,
        "armor_fire": 10,
        "vision_day": 50,
        "path_settings": {
            "max_dist": 15
        },
        "starting_ammo": {
            "bot_secromissile": 25
        },
        "special_attacks": [
            ["GRENADIER_ELITE", 30]
        ],
        "death_drops": "robots",
        "death_function": ["EXPLODE", "DISINTEGRATE"],
        "flags": ["POISON", "NO_BREATHE", "FLIES", "NOHEAD", "FIREPROOF", "SEES", "ELECTRIC", "ELECTRONIC", "PATH_AVOID_DANGER_1"]
    }, {
        "id": "mon_bot_secromissile",
        "//": "goes BOOM to the target when nearby fire.",
        "type": "MONSTER",
        "name": "SS寻的导弹",
        "description": "一枚热寻的导弹，正在向无助的目标爆炸.",
        "default_faction": "bot",
        "species": ["ROBOT"],
        "volume": "750 ml",
        "weight": 1000,
        "hp": 20,
        "speed": 200,
        "material": ["steel"],
        "symbol": "!",
        "color": "white",
        "aggression": -20,
        "emit_fields": ["secro_secromissile_fire"],
        "morale": 0,
        "melee_skill": 0,
        "harvest": "exempt",
        "melee_dice": 0,
        "melee_dice_sides": 0,
        "melee_cut": 0,
        "dodge": 5,
        "vision_day": 50,
        "starting_ammo": {
            "SSimpactgrenade": 1
        },
        "anger_triggers": ["FIRE"],
        "special_attacks": [
            ["KAMIKAZE", 0]
        ],
        "death_function": ["DISINTEGRATE"],
        "flags": ["POISON", "NO_BREATHE", "FLIES", "NOHEAD", "FIREPROOF", "SEES", "ELECTRIC", "ELECTRONIC", "PATH_AVOID_DANGER_1"]
    }
]
