[
  {
    "id": "pack_basket",
    "type": "ARMOR",
    "name": "简易背篓",
    "description": "一个手工制作的大草篮子,可以像背包一样用肩带戴着.",
    "weight": 300,
    "volume": 12,
    "price": 1000,
    "to_hit": -1,
    "material": "paper",
    "symbol": "[",
    "color": "light_gray",
    "covers": [ "TORSO" ],
    "coverage": 30,
    "encumbrance": 15,
    "storage": 20,
    "material_thickness": 2,
    "flags": [ "BELTED", "WATER_FRIENDLY" ]
  },
  {
    "id": "sheath_birchbark",
    "type": "ARMOR",
    "name": "桦皮刀鞘(腰)",
    "name_plural": "birchbark sheathes",
    "description": "一个由桦树皮制成的刀鞘，用来放置刀和其他小刀。使用它来拔守武器.",
    "weight": 200,
    "volume": 2,
    "price": 1500,
    "material": [ "paper" ],
    "symbol": "|",
    "color": "light_gray",
    "covers": [ "LEG_EITHER" ],
    "coverage": 7,
    "material_thickness": 1,
    "use_action": {
      "type": "holster",
      "holster_prompt": "Sheath knife",
      "holster_msg": "你将%s收鞘",
      "max_volume": 3,
      "draw_cost": 3,
      "flags": [ "SHEATH_KNIFE" ]
    },
    "flags": [ "WAIST", "OVERSIZE", "WATER_FRIENDLY" ]
  }
]
