[
  {
    "type": "construction",
    "id" : "building_door_wood",
	"description": "建造门",
    "//": "第一步:建造一个门框",
    "category": "CONSTRUCT",
    "required_skills": [ [ "fabrication", 1 ] ],
    "time": "60 m",
    "qualities": [ [ { "id": "HAMMER", "level": 2 } ], [ { "id": "SAW_W", "level": 1 } ] ],
    "components": [ [ [ "2x4", 6 ] ], [ [ "nail", 12 ] ] ],
    "pre_terrain": "t_window_empty",
    "post_terrain": "t_door_frame"
  },
  {
    "type": "construction",
    "id" : "building_Artificial_honeycomb",
	"description": "建造人工蜂巢",
    "//": "人工蜂巢的诱饵通常包括经典的甜水，或一些其他替代品.蜜蜂香脂茶是因为我们没有柠檬草.",
    "category": "FURN",
    "required_skills": [ [ "survival", 2 ] ],
    "time": "30 m",
    "qualities": [ [ { "id": "DIG", "level": 1 } ] ],
    "components": [
      [ [ "beehive_empty", 1 ] ],
      [
        [ "sweet_water", 1 ],
        [ "bee_balm_tea", 1 ],
        [ "honey_bottled", 3 ],
        [ "honey_glassed", 3 ],
        [ "syrup", 3 ],
        [ "beet_syrup", 5 ]
      ]
    ],
    "pre_flags": "DIGGABLE",
    "post_terrain": "t_hive_young"
  },
  {
    "type": "construction",
    "id" : "building_Charcoal_purifier",
	"description": "建造木炭净化器",
    "category": "FURN",
    "required_skills": [ [ "survival", 2 ] ],
    "time": "25 m",
    "qualities": [ [ { "id": "HAMMER", "level": 1 } ], [ { "id": "CUT", "level": 1 } ] ],
    "components": [
      [ [ "stick", 6 ], [ "2x4", 6 ] ],
      [ [ "birchbark", 12 ], [ "withered", 24 ], [ "straw_pile", 24 ], [ "string_36", 2 ] ]
    ],
    "pre_note": "可以不用工具拆卸.",
    "pre_special": "check_empty",
    "post_terrain": "f_char_purifier"
  },
  {
    "type": "construction",
    "id" : "building_Leather_door_curtain",
	"description": "人造皮革门帘",
    "//": "无需门框的门帘",
    "category": "CONSTRUCT",
    "required_skills": [ [ "tailor", 1 ] ],
    "time": "30 m",
    "qualities": [ [ { "id": "HAMMER", "level": 2 } ] ],
    "components": [
      [ [ "nail", 4 ], [ "pointy_stick", 2 ], [ "spike", 2 ] ],
      [ [ "leather_tarp", 1 ] ],
      [ [ "stick", 1 ] ],
      [ [ "withered", 12 ], [ "straw_pile", 12 ], [ "string_36", 1 ] ]
    ],
    "pre_note": "可以不用工具拆卸.",
    "pre_special": "check_empty",
    "post_terrain": "t_door_curtain_leather_c"
  },
  {
    "type": "construction",
    "id" : "building_Makeshift_Still",
	"description": "building Makeshift Still",
    "category": "CONSTRUCT",
    "required_skills": [ [ "fabrication", 2 ], [ "survival", 2 ] ],
    "time": "30 m",
    "qualities": [ [ { "id": "DIG", "level": 1 } ] ],
    "components": [ [ [ "bottle_glass", 2 ] ] ],
    "pre_note": "可以不用工具拆卸.",
    "pre_terrain": "t_dirtmound",
    "post_terrain": "f_still_mounds"
  },
  {
    "type": "construction",
    "id" : "building_Makeshift_Still_2",
	"description": "Makeshift Still",
    "category": "CONSTRUCT",
    "required_skills": [ [ "fabrication", 2 ], [ "survival", 2 ] ],
    "time": "30 m",
    "qualities": [ [ { "id": "DIG", "level": 1 } ] ],
    "components": [ [ [ "bottle_glass", 2 ] ] ],
    "pre_terrain": "t_sandmound",
    "post_terrain": "f_still_mounds"
  },
  {
    "type": "construction",
    "id":  "building_Pulley_elevator",
	"description": "建造滑轮升降机",
    "category": "CONSTRUCT",
    "required_skills": [ [ "fabrication", 5 ], [ "mechanics", 2 ] ],
    "time": "60 m",
    "qualities": [ [ { "id": "HAMMER", "level": 2 } ] ],
    "components": [
      [ [ "rope_makeshift_30", 1 ], [ "rope_30", 1 ], [ "vine_30", 1 ] ],
      [ [ "stick", 8 ], [ "2x4", 8 ] ],
      [ [ "nail", 10 ] ]
    ],
    "pre_note": "可以不用工具拆卸.",
    "pre_flags": [ "INDOORS", "SUPPORTS_ROOF" ],
    "post_terrain": "f_pulley_lifter"
  },
  {
    "type": "construction",
    "id" : "building_Wooden_windbreak",
	"description": "建造木头防风墙",
    "category": "CONSTRUCT",
    "required_skills": [ [ "fabrication", 0 ] ],
    "time": "50 m",
    "qualities": [ [ { "id": "HAMMER", "level": 1 } ] ],
    "components": [ [ [ "stick_long", 8 ] ], [ [ "stick_long", 4 ] ] ],
    "pre_note": "可以不用工具拆卸.",
    "pre_special": "check_empty",
    "post_terrain": "f_barricade_windbreak"
  },
  {
    "type": "construction",
    "skill": "survival",
    "id" : "building_Leather_ramped hut",
	"description": "建造防水皮革斜坡棚屋",
    "category": "CONSTRUCT",
    "difficulty": 1,
    "time": "50 m",
    "qualities": [ { "id": "HAMMER", "level": 1 } ],
    "components": [ [ [ "pointy_stick", 4 ] ], [ [ "cordage_short", 4, "LIST" ] ], [ [ "leather_tarp", 1 ] ] ],
    "pre_note": "可以不用工具拆卸.",
    "pre_flags": [ "DIGGABLE", "FLAT" ],
    "post_terrain": "t_tarptent_leather"
  }
]
