[
  {
    "type": "furniture",
    "id": "f_char_purifier",
    "name": "charcoal purifier",
    "description": "A makeshift filter constructed to hold a supply of charcoal, for purifying water.",
    "symbol": "=",
    "looks_like": "char_purifier",
    "bgcolor": "brown",
    "move_cost_mod": -1,
    "required_str": -1,
    "flags": [ "SEALED", "CONTAINER", "NOITEM", "EASY_DECONSTRUCT" ],
    "crafting_pseudo_item": "char_purifier",
    "examine_action": "reload_furniture",
    "deconstruct": { "items": [ { "item": "withered", "count": 24 }, { "item": "stick", "count": 6 } ] },
    "bash": {
      "str_min": 8,
      "str_max": 30,
      "sound": "crunch!",
      "sound_fail": "whump!",
      "items": [ { "item": "withered", "count": [ 1, 4 ] }, { "item": "stick", "count": [ 2, 4 ] } ]
    }
  },
  {
    "type": "furniture",
    "id": "f_still_mounds",
    "name": "makeshift still",
    "symbol": "#",
    "looks_like": "bottle_glass",
    "description": "A pair of glass bottles insulated with dirt or sand.  With careful alignment, it serves as a crude alembic by boiling away liquid in the first container, condensing into the second.",
    "color": "brown",
    "move_cost_mod": -1,
    "required_str": -1,
    "crafting_pseudo_item": "mound_distillation",
    "flags": [ "PLACE_ITEM", "TRANSPARENT", "EASY_DECONSTRUCT" ],
    "deconstruct": {
      "items": [
        { "item": "bottle_glass", "count": 2 }
      ]
    },
    "max_volume": 3000,
    "bash": {
      "str_min": 12,
      "str_max": 40,
      "sound": "crunch!",
      "sound_fail": "whump.",
      "items": [
        { "item": "glass_shard", "count": [ 1, 2 ] }
      ]
    }
  },
  {
    "type": "furniture",
    "id": "f_pulley_lifter",
    "name": "rope and pulley lifter",
    "symbol": "|",
    "looks_like": "vp_crane_tiny",
    "description": "A system of ropes and pulleys hanging from the ceiling, rigged up to serve as a block and tackle for lifting vehicle components, or even light enough vehicles.  It isn't very powerful, but it'll do in a pinch.",
    "color": "brown",
    "move_cost_mod": 0,
    "required_str": -1,
    "crafting_pseudo_item": "pulley_lifting",
    "flags": [ "PLACE_ITEM", "TRANSPARENT", "EASY_DECONSTRUCT", "FLAMMABLE_ASH", "NOCOLLIDE" ],
    "deconstruct": {
      "items": [
        { "item": "rope_makeshift_30", "count": 1 },
        { "item": "2x4", "count": 8 }
      ]
    },
    "bash": {
      "str_min": 8,
      "str_max": 40,
      "sound": "crunch!",
      "sound_fail": "whump.",
      "items": [
        { "item": "rope_makeshift_6", "count": [ 3, 4 ] },
        { "item": "2x4", "count": [ 1, 4 ] },
        { "item": "splinter", "count": [ 2, 4 ] }

      ]
    }
  },
  {
    "type": "furniture",
    "id": "f_barricade_windbreak",
    "name": "wooden windbreak",
    "symbol": "#",
    "bgcolor": "brown",
    "looks_like": "f_barricade_road",
    "description": "A waist-high barricade made of stout saplings, held in place by poles hammered into the ground.  Primarily used to keep the wind out, but also works to fence in  a campsite.",
    "move_cost_mod": -1,
    "required_str": -1,
    "flags": [ "CLIMB_SIMPLE", "TRANSPARENT", "FLAMMABLE_ASH", "ORGANIC", "MOUNTABLE", "THIN_OBSTACLE", "CLIMBABLE", "PERMEABLE", "EASY_DECONSTRUCT", "BLOCK_WIND" ],
    "examine_action": "chainfence",
    "deconstruct": { "items": [ { "item": "stick_long", "count": 8 }, { "item": "pointy_stick", "charges": 4 } ] },
    "bash": {
      "str_min": 3,
      "str_max": 40,
      "sound": "smash!",
      "sound_fail": "whump.",
      "items": [ { "item": "stick", "count": [ 2, 6 ] }, { "item": "splinter", "count": [ 2, 6 ] } ]
    }
  },
  {
    "id": "t_tarptent_leather",
    "type": "terrain",
    "name": "leather tarp lean-to",
    "description": "A makeshift shelter made from a lather tarp and stakes driven into the ground.",
    "symbol": ";",
    "looks_like": "t_tarptent",
    "color": [ "brown" ],
    "move_cost": 2,
    "bash": {
      "str_min": 6,
      "str_max": 12,
      "ter_set": "t_dirt",
      "sound": "crash!",
      "sound_fail": "whack!",
      "items": [
        { "item": "stick", "count": [ 1, 2 ] },
        { "item": "splinter", "count": [ 1, 4 ] },
        { "item": "leather", "count": [ 4, 8 ] }
      ]
    },
    "deconstruct": {
      "ter_set": "t_dirt",
      "items": [ { "item": "pointy_stick", "count": 4 }, { "item": "withered", "count": 8 }, { "item": "leather_tarp", "count": 1 } ]
    },
    "flags": [ "TRANSPARENT", "FLAMMABLE", "THIN_OBSTACLE", "INDOORS", "MOUNTABLE", "EASY_DECONSTRUCT" ]
  }
]
