[
  {
    "type": "COMESTIBLE",
    "id": "tea_willow",
    "name": "柳皮茶",
    "weight": 251,
    "color": "brown",
    "container": "bottle_glass",
    "comestible_type": "DRINK",
    "symbol": "~",
    "quench": 42,
    "healthy": -1,
    "description": "一种由柳树皮制成的苦味草药茶，自古以来被用作温和的止痛药.",
    "price": 1250,
    "volume": 1,
    "phase": "liquid",
    "flags": [ "EATEN_HOT", "NUTRIENT_OVERRIDE" ],
    "fun": -3,
    "use_action": { "type": "consume_drug", "effects": [ { "id": "pkill1", "duration": 90 } ] }
  },
  {
    "id": "tar_oil",
    "type": "COMESTIBLE",
    "comestible_type": "MED",
    "name": "松馏油",
    "description": "一种由桦树皮或松树制成的稠而稀的松馏油.在悠久流长的历史中有各种各样的用途,它也被用作消毒防腐剂.",
    "weight": 40,
    "volume": 1,
    "price": 0,
    "material": "oil",
    "symbol": "~",
    "color": "yellow",
    "phase": "liquid",
    "use_action": { "type": "heal", "disinfectant_power": 2, "bite": 0.8, "move_cost": 100 }
  },
  {
    "type": "GENERIC",
    "id": "pitch_wood",
    "symbol": ",",
    "color": "brown",
    "name": "树脂胶",
    "name_plural": "树脂胶",
    "description": "松木或桦木的树脂制成的粘性树脂胶. 这种黏合剂的强度不足以承受重负荷的使用,但它可以用作清漆或把小物件粘在一起.",
    "price": 900,
    "material": "oil",
    "weight": 45,
    "volume": 1,
    "to_hit": -2,
    "flags": [ "UNRECOVERABLE" ]
  },
  {
    "id": "primitive_hoe",
    "type": "TOOL",
    "name": "石锄",
    "description": "这是一种农具，用一块宽大的石头刀片做成，可以用来耕地.",
    "weight": 1300,
    "volume": 4,
    "price": 1000,
    "to_hit": 1,
    "bashing": 10,
    "cutting": 5,
    "material": [ "stone", "wood" ],
    "symbol": ";",
    "color": "brown",
    "use_action": "MAKEMOUND"
  },
  {
    "type": "GENERIC",
    "id": "makeshift_sled_frame_item",
    "name": "雪橇架",
    "description": "用木头横木绑在一起的可弯曲的木框架.",
    "weight": 4000,
    "to_hit": -2,
    "color": "brown",
    "symbol": "]",
    "material": [ "wood" ],
    "volume": 15,
    "bashing": 5,
    "category": "veh_parts",
    "price": 500
  },
  {
    "id": "makeshift_sled_runners_item",
    "category": "veh_parts",
    "type": "WHEEL",
    "name": "雪橇滑轨",
    "name_plural": "雪橇滑轨",
    "description": "简单的木制滑轨，用于手拉雪橇.",
    "weight": 2500,
    "volume": 10,
    "price": 500,
    "bashing": 6,
    "to_hit": -1,
    "material": [ "wood" ],
    "symbol": "]",
    "color": "brown",
    "diameter": 1,
    "width": 1
  },
  {
    "type": "GENERIC",
    "id": "makeshift_sled_basket_item",
    "name": "简易储物篮",
    "description": "用稻草或桦树皮来编制制成的可折叠的篮子，由木制框架支撑.",
    "weight": 3000,
    "to_hit": -5,
    "color": "cyan",
    "symbol": "]",
    "material": [ "wood" ],
    "volume": 20,
    "bashing": 3,
    "category": "veh_parts",
    "price": 1000
  },
  {
    "id": "makeshift_sled_item",
    "type": "TOOL",
    "symbol": "0",
    "color": "light_gray",
    "name": "临时雪橇",
    "description": "一个简易的手拉雪橇和折叠框架，可以容纳少量的装备，传统上用于拖动设备跨越雪地.",
    "price": 2000,
    "material": "wood",
    "weight": 9500,
    "volume": 45,
    "bashing": 10,
    "to_hit": -5,
    "use_action": {
      "type": "unfold_vehicle",
      "vehicle_name": "makeshift_sled_vehicle",
      "unfold_msg": "你打开并放置临时雪橇.",
      "moves": 200
    }
  },
  {
    "id": "beehive_empty",
    "type": "GENERIC",
    "name": "空蜂箱",
    "description": "一个有多个滑动框架的封闭的大木箱。有了吸引蜜蜂的东西，就可以用来建造蜂巢了.",
    "weight": 10000,
    "volume": 80,
    "price": 9200,
    "material": [ "wood" ],
    "symbol": "-",
    "color": "brown"
  },
  {
    "id": "log_frame_item",
    "category": "veh_parts",
    "type": "WHEEL",
    "name": "木框",
    "description": "从原木上雕刻出来的一大块框架。可用于木筏、独木舟、船用支腿等。.",
    "weight": 8500,
    "volume": 35,
    "price": 100,
    "bashing": 8,
    "to_hit": -8,
    "material": [ "wood" ],
    "symbol": "]",
    "color": "brown",
    "diameter": 35,
    "width": 6
  },
  {
    "id": "log_canoe_item",
    "type": "TOOL",
    "symbol": "0",
    "color": "brown",
    "name": "独木舟",
    "description": "一种传统的独木舟，直接用一根用火烧空中间的原头和手工制作的桨雕凿而成。虽然它体积庞大，但它仍然可以由一个相当健康的人拿起和携带。激活以部署这艘独木舟.",
    "price": 20000,
    "material": "wood",
    "weight": 26316,
    "volume": 107,
    "bashing": 20,
    "to_hit": -10,
    "use_action": {
      "type": "unfold_vehicle",
      "vehicle_name": "log_canoe_vehicle",
      "unfold_msg": "You deploy the log canoe.",
      "moves": 100
    }
  },
  {
    "id": "canteen_birchbark",
    "type": "CONTAINER",
    "category": "other",
    "name": "桦皮水壶",
    "description": "用桦树皮折在一起，用沥青或类似材料密封而成的小容器。可容纳1.5升的液体，并有一个简单的背带.",
    "weight": 853,
    "volume": 6,
    "price": 2000,
    "to_hit": -1,
    "bashing": 1,
    "rigid": true,
    "material": "wood",
    "symbol": ")",
    "color": "light_gray",
    "contains": 6,
    "seals": true,
    "watertight": true,
    "armor_data": { "covers": [ "LEG_EITHER" ], "coverage": 5, "encumbrance": 5, "material_thickness": 1 },
    "flags": [ "WAIST" ]
  },
  {
    "id": "jar_clay",
    "type": "CONTAINER",
    "category": "other",
    "name": "陶土罐",
    "description": "一种半升的陶罐，已经上了一层釉，用一个紧的木塞来密封.",
    "weight": 150,
    "volume": 2,
    "price": 0,
    "bashing": 4,
    "material": "clay",
    "symbol": ")",
    "color": "brown",
    "contains": 2,
    "seals": true,
    "watertight": true,
    "unseals_into": "null",
    "qualities": [ [ "CONTAIN", 1 ], [ "BOIL", 1 ] ]
  },
  {
    "id": "jar_clay_sealed",
    "copy-from": "jar_clay",
    "type": "CONTAINER",
    "name": "密封的陶土罐",
    "description": "一种半升的陶罐，已经上了一层釉，用一个紧紧的木塞来密封.已经用蜡密封好了，防止里面的东西腐烂.",
    "symbol": ")",
    "color": "brown",
    "seals": false,
    "preserves": true,
    "unseals_into": "jar_clay"
  },
  {
    "id": "armwrap_leather",
    "type": "ARMOR",
    "name": "简易皮制护臂",
    "description": "在手臂上包裹一块皮革，总比什么都没有强.",
    "weight": 137,
    "volume": 3,
    "price": 525,
    "material": [ "leather" ],
    "symbol": "[",
    "color": "brown",
    "covers": [ "ARMS" ],
    "coverage": 50,
    "encumbrance": 5,
    "warmth": 15,
    "material_thickness": 1,
    "flags": [ "OVERSIZE" ]
  },
  {
    "id": "armwrap_fur",
    "type": "ARMOR",
    "name": "毛皮护臂",
    "description": "胳膊上包裹着一块毛皮，总比什么都没有强.",
    "weight": 154,
    "volume": 3,
    "price": 700,
    "material": [ "fur" ],
    "symbol": "[",
    "color": "brown",
    "covers": [ "ARMS" ],
    "coverage": 50,
    "encumbrance": 5,
    "warmth": 20,
    "material_thickness": 1,
    "flags": [ "OVERSIZE" ]
  },
  {
    "id": "legwrap_leather",
    "type": "ARMOR",
    "name": "皮制护腿",
    "description": "包裹在腿上的一块皮革，如同一块临时的绑腿.",
    "weight": 137,
    "volume": 3,
    "price": 525,
    "material": [ "leather" ],
    "symbol": "[",
    "color": "brown",
    "covers": [ "LEGS" ],
    "coverage": 50,
    "encumbrance": 5,
    "warmth": 15,
    "material_thickness": 1,
    "flags": [ "OVERSIZE" ]
  },
  {
    "id": "legwrap_fur",
    "type": "ARMOR",
    "name": "皮毛护腿",
    "description": "包裹在腿上的一块毛皮，如同一块临时的绑腿.",
    "weight": 154,
    "volume": 3,
    "price": 700,
    "material": [ "fur" ],
    "symbol": "[",
    "color": "brown",
    "covers": [ "LEGS" ],
    "coverage": 50,
    "encumbrance": 5,
    "warmth": 20,
    "material_thickness": 1,
    "flags": [ "OVERSIZE" ]
  },
  {
    "type": "COMESTIBLE",
    "id": "oil_garlic",
    "name": "蒜油",
    "weight": 25,
    "color": "white",
    "container": "bottle_glass",
    "comestible_type": "MED",
    "symbol": "~",
    "quench": -8,
    "healthy": 4,
    "description": "大蒜油是一种味道浓烈的大蒜提取物，具有强力杀菌作用，传统上用于帮助抵抗感染，特别是在东欧。虽然不如现代的广谱抗生素那么有效，但总比没有强。每12小时使用一次.",
    "charges": 6,
    "price": 1000,
    "material": "garlic",
    "volume": 1,
    "phase": "liquid",
    "fun": -8,
    "use_action": "WEAK_ANTIBIOTIC",
    "flags": [ "NPC_SAFE", "NUTRIENT_OVERRIDE" ]
  },
  {
    "type": "COMESTIBLE",
    "id": "garlic_roasted",
    "name": "烤大蒜",
    "name_plural": "烤大蒜",
    "weight": 3,
    "color": "white",
    "spoils_in": 2160,
    "comestible_type": "FOOD",
    "symbol": "%",
    "quench": -1,
    "healthy": 1,
    "calories": 42,
    "description": "已经剥好的蒜瓣，稍微调味并且经过了烘烤.",
    "price": 60,
    "material": "garlic",
    "volume": 1,
    "flags": "NUTRIENT_OVERRIDE"
  },
  {
    "type": "COMESTIBLE",
    "id": "bread_garlic",
    "name": "蒜蓉面包",
    "weight": 56,
    "color": "brown",
    "spoils_in": 280,
    "container": "bag_plastic",
    "comestible_type": "FOOD",
    "symbol": "%",
    "healthy": 1,
    "calories": 206,
    "quench": -2,
    "description": "用了大蒜和调味料制成的法式面包，味道香甜松软，伴有些许不会盖过面包风味的蒜香味.",
    "price": 300,
    "material": [ "wheat", "garlic" ],
    "volume": 2,
    "charges": 6,
    "flags": [ "EATEN_HOT" ],
    "fun": 3,
    "rot_spawn": "GROUP_ROTTING_PLANT"
  },
  {
    "type": "COMESTIBLE",
    "id": "chili_pepper_roasted",
    "name": "烤红辣椒",
    "weight": 114,
    "color": "red",
    "spoils_in": 180,
    "comestible_type": "FOOD",
    "symbol": "%",
    "healthy": 1,
    "calories": 42,
    "description": "微辣的红辣椒，经过些许调味之后烤熟.",
    "price": 50,
    "material": "veggy",
    "volume": 1,
    "fun": 1,
    "vitamins": [ [ "vitC", 10 ] ],
    "flags": "NUTRIENT_OVERRIDE"
  },
  {
    "id": "makeshift_poultice",
    "type": "COMESTIBLE",
    "comestible_type": "MED",
    "name": "临时膏药",
    "description": "一种用简易防腐剂制成的原始膏药，用布或皮包裹在适当的地方。应用广泛，它是为了避免伤口感染，但仍然可以帮助止血.",
    "weight": 70,
    "volume": 1,
    "price": 300,
    "material": "veggy",
    "symbol": "!",
    "color": "light_gray",
    "charges": 3,
    "stack_size": 9,
    "use_action": { "type": "heal", "bandages_power": 3, "bleed": 0.75, "bite": 0.75, "move_cost": 300 }
  },
  {
    "id": "mound_distillation",
    "type": "TOOL",
    "copy-from": "fake_item",
    "name": "简易蒸馏器",
    "description": "这个临时的蒸馏器只能勉强提供蒸馏器的功能.",
    "qualities": [ [ "DISTILL", 1 ] ]
  },
  {
    "id": "pulley lifting",
    "type": "TOOL",
    "copy-from": "fake_item",
    "name": "滑轮升降组",
    "description": "这只允许绳索和滑轮升降机提供一些工程质量.",
    "qualities": [ [ "LIFT", 1 ], [ "JACK", 1 ] ]
  },
  {
    "type": "GENERIC",
    "id": "cured_hide_small",
    "copy-from": "cured_hide",
    "looks_like": "leather",
    "name": "皮革硬皮",
    "name_plural": "皮革硬皮",
    "description": "一块中等大小的卷起来的硬皮，已经去除了多余的皮毛和残留肌肉脂肪组织，并且进行了防腐处理.",
    "price": 500,
    "weight": 120,
    "volume": "150 ml"
  },
  {
    "type": "GENERIC",
    "id": "cured_pelt_small",
    "copy-from": "cured_pelt",
    "looks_like": "leather",
    "name": "毛皮硬皮",
    "name_plural": "毛皮硬皮",
    "description": "一块比较小的卷起来的硬皮，已经去除了多余的皮毛和残留肌肉脂肪组织，并且进行了防腐处理.",
    "price": 500,
    "weight": 135,
    "volume": "200 ml"
  },
  {
    "type": "TOOL",
    "id": "tarp_raincatcher_leather",
    "copy-from": "tarp_raincatcher",
    "name": "防水皮革集雨器",
    "description": "由一些棍子和绳子和皮革防水布所搭建的一个简易集雨器.",
    "weight": 4736,
    "material": [ "wood", "leather" ],
    "use_action": {
      "type": "place_trap",
      "allow_under_player": true,
      "trap": "tr_raincatcher_leather",
      "moves": 100,
      "practice": 0,
      "done_message": "你安置了皮革防水集雨器，等待收集雨水."
    }
  }
]
