[
  {
    "name": "GROUP_FOREST",
    "type": "monstergroup",
    "override": false,
    "auto_total": true,
    "monsters": [
      { "monster": "mon_chicken", "freq": 3, "cost_multiplier": 2, "starts": 336 },
      { "monster": "mon_chicken", "freq": 1, "cost_multiplier": 2, "starts": 504, "pack_size": [ 1, 8 ] },
      { "monster": "mon_cow", "freq": 1, "cost_multiplier": 3, "starts": 1008 },
      { "monster": "mon_cow", "freq": 1, "cost_multiplier": 3, "starts": 1176, "pack_size": [ 1, 3 ] },
      { "monster": "mon_horse", "freq": 1, "cost_multiplier": 2, "starts": 672 },
      { "monster": "mon_horse", "freq": 1, "cost_multiplier": 2, "starts": 840, "pack_size": [ 1, 4 ] },
      { "monster": "mon_pig", "freq": 2, "cost_multiplier": 2, "starts": 336 },
      { "monster": "mon_pig", "freq": 1, "cost_multiplier": 2, "starts": 504, "pack_size": [ 1, 6 ] },
      { "monster": "mon_zombie_pig", "freq": 2, "cost_multiplier": 2, "starts": 672 },
      { "monster": "mon_zombie_pig", "freq": 1, "cost_multiplier": 2, "starts": 840, "pack_size": [ 1, 5 ] },
      { "monster": "mon_sheep", "freq": 2, "cost_multiplier": 3, "starts": 1008 },
      { "monster": "mon_sheep", "freq": 1, "cost_multiplier": 3, "starts": 1176, "pack_size": [ 1, 5 ] }
    ]
  }
]
