[
  {
    "result": "chestwrap_fur",
    "type": "recipe",
    "category": "CC_ARMOR",
    "subcategory": "CSC_ARMOR_TORSO",
    "skill_used": "tailor",
    "time": "1 m",
    "reversible": true,
    "autolearn": true,
    "components": [ [ [ "fur", 12 ], [ "cured_pelt_small", 12 ] ] ],
    "flags": [ "BLIND_EASY" ]
  },
  {
    "result": "chestwrap_leather",
    "type": "recipe",
    "category": "CC_ARMOR",
    "subcategory": "CSC_ARMOR_TORSO",
    "skill_used": "tailor",
    "time": "1 m",
    "reversible": true,
    "autolearn": true,
    "components": [ [ [ "leather", 12 ], [ "cured_hide_small", 12 ] ] ],
    "flags": [ "BLIND_EASY" ]
  },
  {
    "result": "gloves_wraps_fur",
    "type": "recipe",
    "category": "CC_ARMOR",
    "subcategory": "CSC_ARMOR_HANDS",
    "skill_used": "tailor",
    "time": "1 m",
    "reversible": true,
    "autolearn": true,
    "components": [ [ [ "fur", 6 ], [ "cured_pelt_small", 6 ] ] ],
    "flags": [ "BLIND_EASY" ]
  },
  {
    "result": "gloves_wraps_leather",
    "type": "recipe",
    "category": "CC_ARMOR",
    "subcategory": "CSC_ARMOR_HANDS",
    "skill_used": "tailor",
    "time": "1 m",
    "reversible": true,
    "autolearn": true,
    "components": [ [ [ "leather", 6 ], [ "cured_hide_small", 6 ] ] ],
    "flags": [ "BLIND_EASY" ]
  },
  {
    "result": "loincloth_fur",
    "type": "recipe",
    "category": "CC_ARMOR",
    "subcategory": "CSC_ARMOR_LEGS",
    "skill_used": "tailor",
    "time": "1 m",
    "reversible": true,
    "autolearn": true,
    "components": [ [ [ "fur", 2 ], [ "cured_pelt_small", 2 ] ] ]
  },
  {
    "result": "loincloth_leather",
    "type": "recipe",
    "category": "CC_ARMOR",
    "subcategory": "CSC_ARMOR_LEGS",
    "skill_used": "tailor",
    "time": "1 m",
    "reversible": true,
    "autolearn": true,
    "components": [ [ [ "leather", 2 ], [ "cured_hide_small", 2 ] ] ]
  },
  {
    "result": "footrags_fur",
    "type": "recipe",
    "category": "CC_ARMOR",
    "subcategory": "CSC_ARMOR_FEET",
    "skill_used": "tailor",
    "time": "1 m",
    "reversible": true,
    "autolearn": true,
    "components": [ [ [ "fur", 9 ], [ "cured_pelt_small", 9 ] ] ],
    "flags": [ "BLIND_EASY" ]
  },
  {
    "result": "footrags_leather",
    "type": "recipe",
    "category": "CC_ARMOR",
    "subcategory": "CSC_ARMOR_FEET",
    "skill_used": "tailor",
    "time": "1 m",
    "reversible": true,
    "autolearn": true,
    "components": [ [ [ "leather", 9 ], [ "cured_hide_small", 9 ] ] ],
    "flags": [ "BLIND_EASY" ]
  },
  {
    "type": "recipe",
    "result": "hand_paddles",
    "category": "CC_OTHER",
    "subcategory": "CSC_OTHER_MATERIALS",
    "skill_used": "fabrication",
    "difficulty": 1,
    "time": "1 m",
    "autolearn": true,
    "qualities": [ { "id": "HAMMER", "level": 2 }, { "id": "SAW_W", "level": 1 } ],
    "components": [ [ [ "2x4", 2 ], [ "stick", 2 ] ], [ [ "nail", 5 ] ] ]
  },
  {
    "result": "footrags",
    "type": "recipe",
    "category": "CC_ARMOR",
    "subcategory": "CSC_ARMOR_FEET",
    "skill_used": "tailor",
    "time": "1 m",
    "reversible": true,
    "autolearn": true,
    "components": [ [ [ "rag", 6 ] ] ],
    "flags": [ "BLIND_EASY" ]
  },
  {
    "result": "footrags_wool",
    "type": "recipe",
    "category": "CC_ARMOR",
    "subcategory": "CSC_ARMOR_FEET",
    "skill_used": "tailor",
    "time": "1 m",
    "reversible": true,
    "autolearn": true,
    "components": [ [ [ "felt_patch", 6 ] ] ],
    "flags": [ "BLIND_EASY" ]
  },
  {
    "result": "gloves_wraps",
    "type": "recipe",
    "category": "CC_ARMOR",
    "subcategory": "CSC_ARMOR_HANDS",
    "skill_used": "tailor",
    "time": "1 m",
    "reversible": true,
    "autolearn": true,
    "components": [ [ [ "rag", 4 ] ] ],
    "flags": [ "BLIND_EASY" ]
  },
  {
    "result": "gloves_wraps_wool",
    "type": "recipe",
    "category": "CC_ARMOR",
    "subcategory": "CSC_ARMOR_HANDS",
    "skill_used": "tailor",
    "time": "1 m",
    "reversible": true,
    "autolearn": true,
    "components": [ [ [ "felt_patch", 4 ] ] ],
    "flags": [ "BLIND_EASY" ]
  },
  {
    "result": "chestwrap",
    "type": "recipe",
    "category": "CC_ARMOR",
    "subcategory": "CSC_ARMOR_TORSO",
    "skill_used": "tailor",
    "time": "1 m",
    "reversible": true,
    "autolearn": true,
    "components": [ [ [ "rag", 9 ] ] ],
    "flags": [ "BLIND_EASY" ]
  },
  {
    "result": "chestwrap_wool",
    "type": "recipe",
    "category": "CC_ARMOR",
    "subcategory": "CSC_ARMOR_TORSO",
    "skill_used": "tailor",
    "time": "1 m",
    "reversible": true,
    "autolearn": true,
    "components": [ [ [ "felt_patch", 9 ] ] ],
    "flags": [ "BLIND_EASY" ]
  },
  {
    "type": "recipe",
    "result": "water_clean",
    "category": "CC_FOOD",
    "id_suffix": "using_water_purifier",
    "subcategory": "CSC_FOOD_DRINKS",
    "skill_used": "cooking",
    "time": "0 m",
    "autolearn": true,
    "tools": [ [ [ "water_purifier", 1 ] ] ],
    "components": [ [ [ "water", 1 ] ] ],
    "flags": [ "BLIND_EASY" ]
  },
  {
    "type": "recipe",
    "result": "screwdriver",
    "id_suffix": "forged",
    "category": "CC_OTHER",
    "subcategory": "CSC_OTHER_TOOLS",
    "skill_used": "fabrication",
    "difficulty": 6,
    "time": "180 m",
    "autolearn": true,
    "using": [ [ "forging_standard", 10 ], [ "steel_tiny", 1 ] ],
    "qualities": [ { "id": "ANVIL", "level": 3 }, { "id": "HAMMER", "level": 3 }, { "id": "CHISEL", "level": 3 } ],
    "tools": [ [ [ "tongs", -1 ] ], [ [ "swage", -1 ] ], [ [ "crucible", -1 ], [ "crucible_clay", -1 ] ] ],
    "components": [ [ [ "plastic_chunk", 1 ], [ "stick", 1 ], [ "2x4", 1 ] ] ]
  },
  {
    "type": "recipe",
    "result": "pliers",
    "category": "CC_OTHER",
    "subcategory": "CSC_OTHER_TOOLS",
    "skill_used": "fabrication",
    "difficulty": 2,
    "time": "300 m",
    "autolearn": true,
    "qualities": [ { "id": "ANVIL", "level": 3 }, { "id": "HAMMER", "level": 3 }, { "id": "CHISEL", "level": 3 } ],
    "tools": [ [ [ "tongs", -1 ] ], [ [ "crucible", -1 ], [ "crucible_clay", -1 ] ], [ [ "forge", 100 ], [ "oxy_torch", 20 ] ] ],
    "components": [ [ [ "steel_chunk", 1 ], [ "scrap", 3 ] ], [ [ "plastic_chunk", 1 ], [ "stick", 1 ], [ "2x4", 1 ] ] ]
  },
  {
    "type": "recipe",
    "result": "pot_makeshift",
    "category": "CC_OTHER",
    "subcategory": "CSC_OTHER_TOOLS",
    "skill_used": "survival",
    "skills_required": [ "cooking", 1 ],
    "difficulty": 1,
    "time": "20 m",
    "autolearn": true,
    "qualities": [ { "id": "HAMMER", "level": 1 } ],
    "components": [ [ [ "sheet_metal", 1 ], [ "sheet_metal_small", 4 ] ] ]
  },
  {
    "type": "recipe",
    "result": "bologna",
    "category": "CC_FOOD",
    "subcategory": "CSC_FOOD_MEAT",
    "skill_used": "cooking",
    "difficulty": 4,
    "time": "15 m",
    "charges": 20,
    "autolearn": true,
    "batch_time_factors": [ 83, 3 ],
    "qualities": [ { "id": "CUT", "level": 1 }, { "id": "COOK", "level": 1 } ],
    "tools": [ [ [ "char_smoker", 5 ] ] ],
    "components": [
      [ [ "meat", 1 ], [ "meat_scrap", 10 ] ],
      [ [ "salt", 2 ], [ "soysauce", 1 ], [ "seasoning_italian", 2 ], [ "wild_herbs", 2 ], [ "seasoning_salt", 2 ] ]
    ]
  },
  {
    "type": "recipe",
    "result": "dogfood",
    "category": "CC_FOOD",
    "subcategory": "CSC_FOOD_OTHER",
    "skill_used": "cooking",
    "difficulty": 4,
    "time": "10 m",
    "autolearn": true,
    "qualities": [ { "id": "COOK", "level": 2 } ],
    "tools": [ [ [ "surface_heat", 6, "LIST" ] ] ],
    "components": [
      [ [ "meat", 1 ], [ "meat_scrap", 10 ], [ "fish", 1 ] ],
      [ [ "veggy", 1 ], [ "veggy_wild", 1 ] ],
      [ [ "water", 1 ], [ "water_clean", 1 ] ]
    ]
  },
  {
    "type": "recipe",
    "result": "catfood",
    "category": "CC_FOOD",
    "subcategory": "CSC_FOOD_OTHER",
    "skill_used": "cooking",
    "difficulty": 4,
    "time": "10 m",
    "autolearn": true,
    "qualities": [ { "id": "CUT", "level": 1 }, { "id": "COOK", "level": 2 } ],
    "tools": [ [ [ "surface_heat", 6, "LIST" ] ] ],
    "components": [ [ [ "meat", 2 ], [ "meat_scrap", 20 ], [ "fish", 2 ] ], [ [ "water", 1 ], [ "water_clean", 1 ] ] ]
  },
  {
    "type": "recipe",
    "result": "tanning_hide",
    "category": "CC_OTHER",
    "subcategory": "CSC_OTHER_MATERIALS",
    "skill_used": "survival",
    "skills_required": [ "cooking", 2 ],
    "difficulty": 3,
    "time": "48 m",
    "batch_time_factors": [ 20, 10 ],
    "autolearn": true,
    "qualities": [
      { "id": "CUT", "level": 1 },
      { "id": "COOK", "level": 2 },
      { "id": "BOIL", "level": 1 },
      { "id": "CONTAIN", "level": 1 }
    ],
    "tools": [ [ [ "surface_heat", 20, "LIST" ] ] ],
    "components": [
      [ [ "water_clean", 2 ], [ "water", 2 ] ],
      [ [ "tanbark", 1 ], [ "acorns", 2 ], [ "hops", 2 ], [ "pine_bough", 6 ] ],
      [ [ "salt_water", 2 ], [ "saline", 10 ], [ "salt", 10 ] ],
      [ [ "tallow", 1 ], [ "tallow_tainted", 1 ], [ "lard", 1 ] ],
      [ [ "cured_hide", 1 ], [ "cured_hide_small", 5 ] ]
    ]
  },
  {
    "type": "recipe",
    "result": "tanning_pelt",
    "category": "CC_OTHER",
    "subcategory": "CSC_OTHER_MATERIALS",
    "skill_used": "survival",
    "skills_required": [ "cooking", 2 ],
    "difficulty": 3,
    "time": "48 m",
    "batch_time_factors": [ 20, 10 ],
    "autolearn": true,
    "qualities": [
      { "id": "CUT", "level": 1 },
      { "id": "COOK", "level": 2 },
      { "id": "BOIL", "level": 1 },
      { "id": "CONTAIN", "level": 1 }
    ],
    "tools": [ [ [ "surface_heat", 20, "LIST" ] ] ],
    "components": [
      [ [ "water_clean", 2 ], [ "water", 2 ] ],
      [ [ "tanbark", 1 ], [ "acorns", 2 ], [ "hops", 2 ], [ "pine_bough", 6 ] ],
      [ [ "salt_water", 2 ], [ "saline", 10 ], [ "salt", 10 ] ],
      [ [ "tallow", 1 ], [ "tallow_tainted", 1 ], [ "lard", 1 ] ],
      [ [ "cured_pelt", 1 ], [ "cured_pelt_small", 5 ] ]
    ]
  },
  {
    "type": "recipe",
    "result": "tanning_hide",
    "id_suffix": "modern",
    "category": "CC_OTHER",
    "subcategory": "CSC_OTHER_MATERIALS",
    "skill_used": "cooking",
    "skills_required": [ "survival", 3 ],
    "difficulty": 4,
    "time": "20 m",
    "batch_time_factors": [ 50, 5 ],
    "book_learn": [ [ "textbook_survival", 6 ], [ "textbook_chemistry", 5 ], [ "modern_tanner", 4 ] ],
    "qualities": [
      { "id": "CHEM", "level": 1 },
      { "id": "COOK", "level": 3 },
      { "id": "BOIL", "level": 2 },
      { "id": "CONTAIN", "level": 1 }
    ],
    "tools": [ [ [ "surface_heat", 10, "LIST" ] ] ],
    "components": [
      [ [ "water_clean", 2 ], [ "water", 2 ] ],
      [ [ "lye_powder", 10 ], [ "aspirin", 10 ] ],
      [ [ "cured_hide", 1 ], [ "cured_hide_small", 5 ] ]
    ]
  },
  {
    "type": "recipe",
    "result": "tanning_pelt",
    "id_suffix": "modern",
    "category": "CC_OTHER",
    "subcategory": "CSC_OTHER_MATERIALS",
    "skill_used": "cooking",
    "skills_required": [ "survival", 3 ],
    "difficulty": 4,
    "time": "20 m",
    "batch_time_factors": [ 50, 5 ],
    "book_learn": [ [ "textbook_survival", 6 ], [ "textbook_chemistry", 5 ], [ "modern_tanner", 4 ] ],
    "qualities": [
      { "id": "CHEM", "level": 1 },
      { "id": "COOK", "level": 3 },
      { "id": "BOIL", "level": 2 },
      { "id": "CONTAIN", "level": 1 }
    ],
    "tools": [ [ [ "surface_heat", 10, "LIST" ] ] ],
    "components": [
      [ [ "water_clean", 2 ], [ "water", 2 ] ],
      [ [ "lye_powder", 10 ], [ "aspirin", 10 ] ],
      [ [ "cured_pelt", 1 ], [ "cured_pelt_small", 5 ] ]
    ]
  }
]
