[
  {
    "type": "recipe",
    "result": "waterskin",
    "id_suffix": "sealed_stomach",
    "category": "CC_OTHER",
    "subcategory": "CSC_OTHER_CONTAINERS",
    "skill_used": "tailor",
    "skills_required": [ "survival", 1 ],
    "difficulty": 2,
    "time": "10 m",
    "autolearn": true,
    "components": [ [ [ "stomach_sealed", 1 ] ], [ [ "cordage", 1, "LIST" ], [ "filament", 60, "LIST" ] ] ]
  },
  {
    "type": "recipe",
    "result": "waterskin2",
    "id_suffix": "sealed_stomach",
    "category": "CC_OTHER",
    "subcategory": "CSC_OTHER_CONTAINERS",
    "skill_used": "tailor",
    "skills_required": [ "survival", 2 ],
    "difficulty": 2,
    "time": "10 m",
    "autolearn": true,
    "components": [ [ [ "large_stomach_sealed", 1 ] ], [ [ "cordage", 1, "LIST" ], [ "filament", 90, "LIST" ] ] ]
  },
  {
    "type": "recipe",
    "result": "tree_spile",
    "id_suffix": "bone",
    "category": "CC_OTHER",
    "subcategory": "CSC_OTHER_TOOLS",
    "skill_used": "fabrication",
    "skills_required": [ "survival", 1 ],
    "difficulty": 1,
    "time": "2 m",
    "autolearn": true,
    "qualities": [ { "id": "CUT", "level": 1 } ],
    "components": [ [ [ "bone", 1 ], [ "bone_human", 1 ] ] ]
  },
  {
    "type": "recipe",
    "result": "hand_paddles",
    "id_suffix": "cordage",
    "category": "CC_OTHER",
    "subcategory": "CSC_OTHER_MATERIALS",
    "skill_used": "fabrication",
    "difficulty": 1,
    "time": "1 m",
    "autolearn": true,
    "qualities": [ { "id": "SAW_W", "level": 1 } ],
    "components": [ [ [ "2x4", 2 ], [ "stick", 2 ] ], [ [ "cordage_short", 2, "LIST" ], [ "filament", 40, "LIST" ] ] ]
  },
  {
    "result": "pack_basket",
    "type": "recipe",
    "category": "CC_ARMOR",
    "subcategory": "CSC_ARMOR_STORAGE",
    "skill_used": "tailor",
    "difficulty": 2,
    "skills_required": [ "survival", 1 ],
    "time": "24 m",
    "autolearn": true,
    "components": [ [ [ "straw_pile", 10 ], [ "birchbark", 12 ] ], [ [ "cordage", 2, "LIST" ], [ "filament", 90, "LIST" ] ] ]
  },
  {
    "result": "sheath_birchbark",
    "type": "recipe",
    "category": "CC_ARMOR",
    "subcategory": "CSC_ARMOR_STORAGE",
    "skill_used": "tailor",
    "difficulty": 3,
    "skills_required": [ "survival", 1 ],
    "time": "20 m",
    "reversible": true,
    "decomp_learn": 3,
    "autolearn": true,
    "qualities": [ { "id": "CUT", "level": 1 } ],
    "components": [ [ [ "birchbark", 3 ] ] ]
  },
  {
    "type": "recipe",
    "result": "tea_willow",
    "category": "CC_FOOD",
    "subcategory": "CSC_FOOD_DRINKS",
    "skill_used": "cooking",
    "skills_required": [ "survival", 5 ],
    "difficulty": 4,
    "time": "12 m",
    "book_learn": [ [ "textbook_survival", 4 ], [ "atomic_survival", 4 ], [ "survival_book", 3 ] ],
    "qualities": [ { "id": "BOIL", "level": 1 }, { "id": "CUT", "level": 1 } ],
    "tools": [ [ [ "water_boiling_heat", 8, "LIST" ] ] ],
    "components": [ [ [ "water", 1 ], [ "water_clean", 1 ] ], [ [ "willowbark", 2 ] ] ]
  },
  {
    "result": "tar_oil",
    "type": "recipe",
    "category": "CC_OTHER",
    "subcategory": "CSC_OTHER_MEDICAL",
    "skill_used": "cooking",
    "difficulty": 4,
    "skills_required": [ "survival", 4 ],
    "time": "60 m",
    "autolearn": true,
    "qualities": [ { "id": "CUT", "level": 1 }, { "id": "CONTAIN", "level": 1 } ],
    "tools": [ [ [ "surface_heat", 10, "LIST" ] ] ],
    "components": [ [ [ "pine_bough", 5 ], [ "birchbark", 5 ] ] ]
  },
  {
    "result": "pitch_wood",
    "type": "recipe",
    "category": "CC_CHEM",
    "subcategory": "CSC_CHEM_OTHER",
    "skill_used": "survival",
    "difficulty": 2,
    "skills_required": [ "cooking", 2 ],
    "time": "30 m",
    "autolearn": true,
    "book_learn": [ [ "recipe_arrows", 1 ], [ "textbook_survival", 1 ], [ "survival_book", 1 ] ],
    "qualities": [ { "id": "COOK", "level": 2 } ],
    "tools": [ [ [ "surface_heat", 3, "LIST" ] ] ],
    "components": [ [ [ "tar_oil", 1 ] ] ]
  },
  {
    "type": "recipe",
    "result": "primitive_hoe",
    "category": "CC_OTHER",
    "subcategory": "CSC_OTHER_TOOLS",
    "skill_used": "fabrication",
    "skills_required": [ "survival", 2 ],
    "difficulty": 2,
    "time": "60 m",
    "autolearn": true,
    "qualities": [ { "id": "HAMMER", "level": 2 }, { "id": "CUT", "level": 1 } ],
    "components": [
      [ [ "stick", 1 ], [ "2x4", 1 ] ],
      [ [ "rock", 1 ], [ "ceramic_shard", 1 ], [ "sharp_rock", 1 ] ],
      [ [ "cordage_short", 2, "LIST" ], [ "filament", 40, "LIST" ] ]
    ]
  },
  {
    "type": "recipe",
    "result": "makeshift_sled_frame_item",
    "category": "CC_OTHER",
    "subcategory": "CSC_OTHER_PARTS",
    "skill_used": "fabrication",
    "skills_required": [ "survival", 2 ],
    "difficulty": 3,
    "time": "10 m",
    "autolearn": true,
    "qualities": [ { "id": "CUT", "level": 1 } ],
    "components": [ [ [ "stick", 3 ], [ "2x4", 3 ] ], [ [ "cordage_short", 4, "LIST" ], [ "filament", 80, "LIST" ] ] ]
  },
  {
    "type": "recipe",
    "result": "makeshift_sled_runners_item",
    "category": "CC_OTHER",
    "subcategory": "CSC_OTHER_PARTS",
    "skill_used": "fabrication",
    "skills_required": [ "survival", 1 ],
    "difficulty": 2,
    "time": "5 m",
    "autolearn": true,
    "qualities": [ { "id": "CUT", "level": 1 } ],
    "components": [ [ [ "stick", 2 ], [ "2x4", 2 ] ] ]
  },
  {
    "type": "recipe",
    "result": "makeshift_sled_basket_item",
    "category": "CC_OTHER",
    "subcategory": "CSC_OTHER_PARTS",
    "skill_used": "fabrication",
    "skills_required": [ "survival", 3 ],
    "difficulty": 4,
    "time": "15 m",
    "autolearn": true,
    "qualities": [ { "id": "CUT", "level": 1 } ],
    "components": [ [ [ "stick", 2 ], [ "2x4", 2 ] ], [ [ "straw_pile", 20 ], [ "birchbark", 24 ] ] ]
  },
  {
    "type": "recipe",
    "result": "makeshift_sled_item",
    "category": "CC_OTHER",
    "subcategory": "CSC_OTHER_PARTS",
    "skill_used": "fabrication",
    "skills_required": [ "survival", 3 ],
    "difficulty": 4,
    "time": "30 m",
    "autolearn": true,
    "qualities": [ { "id": "CUT", "level": 1 } ],
    "components": [
      [ [ "stick", 7 ], [ "2x4", 7 ] ],
      [ [ "straw_pile", 20 ], [ "birchbark", 24 ] ],
      [ [ "cordage_short", 4, "LIST" ], [ "filament", 80, "LIST" ] ],
      [ [ "adhesive", 2, "LIST" ] ]
    ]
  },
  {
    "type": "recipe",
    "result": "makeshift_sled_item",
    "id_suffix": "assembly",
    "category": "CC_OTHER",
    "subcategory": "CSC_OTHER_PARTS",
    "skill_used": "fabrication",
    "skills_required": [ "survival", 1 ],
    "difficulty": 2,
    "time": "5 m",
    "autolearn": true,
    "components": [
      [ [ "makeshift_sled_frame_item", 1 ] ],
      [ [ "makeshift_sled_runners_item", 1 ] ],
      [ [ "makeshift_sled_basket_item", 1 ] ],
      [ [ "adhesive", 2, "LIST" ] ]
    ]
  },
  {
    "type": "recipe",
    "result": "beehive_empty",
    "category": "CC_OTHER",
    "subcategory": "CSC_OTHER_TOOLS",
    "skill_used": "fabrication",
    "difficulty": 4,
    "skills_required": [ "survival", 3 ],
    "time": "10 m",
    "autolearn": true,
    "book_learn": [ [ "textbook_fabrication", 4 ], [ "atomic_survival", 3 ], [ "survival_book", 3 ] ],
    "qualities": [ { "id": "HAMMER", "level": 2 }, { "id": "SAW_W", "level": 1 } ],
    "components": [ [ [ "2x4", 4 ], [ "stick", 8 ] ], [ [ "nail", 10 ], [ "pointy_stick", 5 ], [ "spike", 5 ] ] ]
  },
  {
    "type": "recipe",
    "result": "log_frame_item",
    "category": "CC_OTHER",
    "subcategory": "CSC_OTHER_MATERIALS",
    "skill_used": "fabrication",
    "difficulty": 3,
    "skills_required": [ "survival", 2 ],
    "time": "20 m",
    "autolearn": true,
    "tools": [ [ [ "fire", -1 ] ] ],
    "qualities": [ { "id": "CUT", "level": 1 }, { "id": "SAW_W", "level": 1 } ],
    "components": [ [ [ "log", 1 ] ] ]
  },
  {
    "type": "recipe",
    "result": "log_canoe_item",
    "category": "CC_OTHER",
    "subcategory": "CSC_OTHER_MATERIALS",
    "skill_used": "fabrication",
    "difficulty": 3,
    "skills_required": [ "survival", 2 ],
    "time": "60 m",
    "autolearn": true,
    "tools": [ [ [ "fire", -1 ] ] ],
    "qualities": [ { "id": "CUT", "level": 1 }, { "id": "SAW_W", "level": 1 } ],
    "components": [ [ [ "log", 3 ] ], [ [ "hand_paddles", 1 ] ] ]
  },
  {
    "result": "canteen_birchbark",
    "type": "recipe",
    "category": "CC_OTHER",
    "subcategory": "CSC_OTHER_CONTAINERS",
    "skill_used": "tailor",
    "difficulty": 3,
    "skills_required": [ "survival", 2 ],
    "time": "30 m",
    "autolearn": true,
    "qualities": [ { "id": "CUT", "level": 1 }, { "id": "SEW", "level": 1 } ],
    "tools": [ [ [ "surface_heat", 10, "LIST" ] ] ],
    "components": [
      [ [ "birchbark", 7 ] ],
      [ [ "cordage_short", 4, "LIST" ], [ "filament", 80, "LIST" ] ],
      [ [ "pine_bough", 10 ], [ "pitch_wood", 2 ] ]
    ]
  },
  {
    "type": "recipe",
    "result": "jar_clay",
    "category": "CC_OTHER",
    "subcategory": "CSC_OTHER_CONTAINERS",
    "skill_used": "fabrication",
    "skills_required": [ "survival", 1 ],
    "difficulty": 2,
    "time": "25 m",
    "autolearn": true,
    "using": [ [ "cordage_short", 2 ], [ "glazing", 1 ] ],
    "qualities": [ { "id": "CUT", "level": 1 } ],
    "tools": [ [ [ "brick_kiln", 50 ] ] ],
    "components": [ [ [ "water", 1 ], [ "water_clean", 1 ] ], [ [ "clay_lump", 5 ] ], [ [ "2x4", 1 ], [ "stick", 1 ] ] ]
  },
  {
    "result": "offal_canned",
    "type": "recipe",
    "id_suffix": "clay",
    "category": "CC_FOOD",
    "subcategory": "CSC_FOOD_MEAT",
    "skill_used": "cooking",
    "skills_required": [ "survival", 4 ],
    "difficulty": 4,
    "time": "30 m",
    "batch_time_factors": [ 83, 5 ],
    "autolearn": true,
    "container": "jar_clay_sealed",
    "result_mult": 2,
    "using": [ [ "waterproofing", 1 ] ],
    "qualities": [ { "id": "CUT", "level": 1 }, { "id": "COOK", "level": 3 } ],
    "tools": [ [ [ "surface_heat", 10, "LIST" ] ] ],
    "components": [ [ [ "water", 1 ], [ "water_clean", 1 ] ], [ [ "jar_clay", 1 ] ], [ [ "offal", 2 ] ] ]
  },
  {
    "type": "recipe",
    "result": "meat_canned",
    "id_suffix": "clay",
    "container": "jar_clay_sealed",
    "category": "CC_FOOD",
    "subcategory": "CSC_FOOD_MEAT",
    "skill_used": "cooking",
    "skills_required": [ "survival", 4 ],
    "difficulty": 4,
    "time": "30 m",
    "result_mult": 2,
    "autolearn": true,
    "batch_time_factors": [ 83, 5 ],
    "using": [ [ "waterproofing", 1 ] ],
    "qualities": [ { "id": "CUT", "level": 1 }, { "id": "COOK", "level": 3 } ],
    "tools": [ [ [ "surface_heat", 10, "LIST" ] ] ],
    "components": [ [ [ "water", 1 ], [ "water_clean", 1 ] ], [ [ "jar_glass", 1 ] ], [ [ "meat", 2 ] ] ]
  },
  {
    "type": "recipe",
    "result": "fish_canned",
    "id_suffix": "clay",
    "container": "jar_clay_sealed",
    "category": "CC_FOOD",
    "subcategory": "CSC_FOOD_MEAT",
    "skill_used": "cooking",
    "skills_required": [ "survival", 4 ],
    "difficulty": 4,
    "time": "30 m",
    "result_mult": 2,
    "autolearn": true,
    "batch_time_factors": [ 83, 5 ],
    "using": [ [ "waterproofing", 1 ] ],
    "qualities": [ { "id": "CUT", "level": 1 }, { "id": "COOK", "level": 3 } ],
    "tools": [ [ [ "surface_heat", 10, "LIST" ] ] ],
    "components": [ [ [ "water", 1 ], [ "water_clean", 1 ] ], [ [ "jar_clay", 1 ] ], [ [ "fish", 2 ] ] ]
  },
  {
    "type": "recipe",
    "result": "human_canned",
    "id_suffix": "clay",
    "container": "jar_clay_sealed",
    "category": "CC_FOOD",
    "subcategory": "CSC_FOOD_MEAT",
    "skill_used": "cooking",
    "skills_required": [ "survival", 4 ],
    "difficulty": 4,
    "time": "30 m",
    "result_mult": 2,
    "book_learn": [ [ "cookbook_human", 4 ] ],
    "batch_time_factors": [ 83, 5 ],
    "using": [ [ "waterproofing", 1 ] ],
    "qualities": [ { "id": "CUT", "level": 1 }, { "id": "COOK", "level": 3 } ],
    "tools": [ [ [ "surface_heat", 10, "LIST" ] ] ],
    "components": [ [ [ "water", 1 ], [ "water_clean", 1 ] ], [ [ "jar_clay", 1 ] ], [ [ "human_flesh", 2 ] ] ]
  },
  {
    "type": "recipe",
    "result": "veggy_canned",
    "id_suffix": "clay",
    "container": "jar_clay_sealed",
    "category": "CC_FOOD",
    "subcategory": "CSC_FOOD_VEGGI",
    "skill_used": "cooking",
    "skills_required": [ "survival", 4 ],
    "difficulty": 4,
    "time": "30 m",
    "result_mult": 2,
    "autolearn": true,
    "batch_time_factors": [ 83, 5 ],
    "using": [ [ "waterproofing", 1 ] ],
    "qualities": [ { "id": "CUT", "level": 1 }, { "id": "COOK", "level": 3 } ],
    "tools": [ [ [ "surface_heat", 10, "LIST" ] ] ],
    "components": [
      [ [ "water", 1 ], [ "water_clean", 1 ] ],
      [ [ "jar_clay", 1 ] ],
      [ [ "mushroom", 2 ], [ "veggy", 2 ], [ "veggy_wild", 2 ] ]
    ]
  },
  {
    "type": "recipe",
    "result": "apple_canned",
    "id_suffix": "clay",
    "container": "jar_clay_sealed",
    "category": "CC_FOOD",
    "subcategory": "CSC_FOOD_VEGGI",
    "skill_used": "cooking",
    "skills_required": [ "survival", 4 ],
    "difficulty": 4,
    "time": "30 m",
    "result_mult": 2,
    "autolearn": true,
    "batch_time_factors": [ 83, 5 ],
    "using": [ [ "waterproofing", 1 ] ],
    "qualities": [ { "id": "CUT", "level": 1 }, { "id": "COOK", "level": 3 } ],
    "tools": [ [ [ "surface_heat", 10, "LIST" ] ] ],
    "components": [ [ [ "water", 1 ], [ "water_clean", 1 ] ], [ [ "jar_clay", 1 ] ], [ [ "sweet_fruit", 2, "LIST" ] ] ]
  },
  {
    "result": "armwrap_leather",
    "type": "recipe",
    "category": "CC_ARMOR",
    "subcategory": "CSC_ARMOR_ARMS",
    "skill_used": "tailor",
    "time": "1 m",
    "reversible": true,
    "autolearn": true,
    "components": [ [ [ "leather", 12 ], [ "cured_hide_small", 12 ] ] ],
    "flags": [ "BLIND_EASY" ]
  },
  {
    "result": "armwrap_fur",
    "type": "recipe",
    "category": "CC_ARMOR",
    "subcategory": "CSC_ARMOR_ARMS",
    "skill_used": "tailor",
    "time": "1 m",
    "reversible": true,
    "autolearn": true,
    "components": [ [ [ "fur", 12 ], [ "cured_pelt_small", 12 ] ] ],
    "flags": [ "BLIND_EASY" ]
  },
  {
    "result": "legwrap_leather",
    "type": "recipe",
    "category": "CC_ARMOR",
    "subcategory": "CSC_ARMOR_LEGS",
    "skill_used": "tailor",
    "time": "1 m",
    "reversible": true,
    "autolearn": true,
    "components": [ [ [ "leather", 12 ], [ "cured_hide_small", 12 ] ] ],
    "flags": [ "BLIND_EASY" ]
  },
  {
    "result": "legwrap_fur",
    "type": "recipe",
    "category": "CC_ARMOR",
    "subcategory": "CSC_ARMOR_LEGS",
    "skill_used": "tailor",
    "time": "1 m",
    "reversible": true,
    "autolearn": true,
    "components": [ [ [ "fur", 12 ], [ "cured_pelt_small", 12 ] ] ],
    "flags": [ "BLIND_EASY" ]
  },
  {
    "type": "recipe",
    "result": "chem_saltpetre",
    "category": "CC_CHEM",
    "subcategory": "CSC_CHEM_CHEMICALS",
    "skill_used": "cooking",
    "difficulty": 4,
    "skills_required": [ "survival", 3 ],
    "time": "100 m",
    "batch_time_factors": [ 80, 4 ],
    "autolearn": true,
    "qualities": [ { "id": "BOIL", "level": 1 } ],
    "tools": [ [ [ "water_boiling_heat", 3, "LIST" ] ], [ [ "rag", -1 ], [ "felt_patch", -1 ] ] ],
    "components": [ [ [ "feces_bird", 10 ] ], [ [ "water", 5 ], [ "water_clean", 5 ] ] ]
  },
  {
    "result": "oil_garlic",
    "type": "recipe",
    "category": "CC_CHEM",
    "subcategory": "CSC_CHEM_OTHER",
    "skill_used": "cooking",
    "difficulty": 4,
    "skills_required": [ "survival", 4 ],
    "time": "60 m",
    "autolearn": true,
    "qualities": [ { "id": "HAMMER", "level": 1 }, { "id": "CUT", "level": 1 }, { "id": "BOIL", "level": 2 } ],
    "tools": [ [ [ "surface_heat", 10, "LIST" ] ] ],
    "components": [ [ [ "garlic", 2 ], [ "garlic_clove", 12 ] ] ]
  },
  {
    "type": "recipe",
    "result": "garlic_roasted",
    "category": "CC_FOOD",
    "subcategory": "CSC_FOOD_VEGGI",
    "skill_used": "cooking",
    "difficulty": 1,
    "time": "15 m",
    "batch_time_factors": [ 67, 5 ],
    "autolearn": true,
    "qualities": [ { "id": "CUT", "level": 1 }, { "id": "COOK", "level": 2 } ],
    "tools": [ [ [ "surface_heat", 5, "LIST" ] ] ],
    "components": [
      [ [ "garlic", 1 ], [ "garlic_clove", 6 ] ],
      [
        [ "salt", 5 ],
        [ "seasoning_salt", 5 ],
        [ "pepper", 5 ],
        [ "chilly-p", 5 ],
        [ "curry_powder", 5 ],
        [ "seasoning_italian", 5 ],
        [ "wild_herbs", 5 ]
      ]
    ]
  },
  {
    "type": "recipe",
    "result": "bread_garlic",
    "category": "CC_FOOD",
    "subcategory": "CSC_FOOD_VEGGI",
    "skill_used": "cooking",
    "difficulty": 2,
    "time": "20 m",
    "batch_time_factors": [ 67, 5 ],
    "autolearn": true,
    "charges": 1,
    "book_learn": [ [ "cookbook_italian", 1 ] ],
    "qualities": [ { "id": "CUT", "level": 1 }, { "id": "COOK", "level": 2 } ],
    "tools": [ [ [ "surface_heat", 10, "LIST" ] ] ],
    "components": [
      [ [ "flatbread", 1 ], [ "bread", 1 ], [ "cornbread", 1 ], [ "wastebread", 1 ] ],
      [ [ "garlic_roasted", 1 ] ],
      [
        [ "salt", 10 ],
        [ "seasoning_salt", 10 ],
        [ "pepper", 10 ],
        [ "chilly-p", 10 ],
        [ "curry_powder", 10 ],
        [ "seasoning_italian", 10 ],
        [ "wild_herbs", 10 ]
      ]
    ]
  },
  {
    "type": "recipe",
    "result": "chili_pepper_roasted",
    "category": "CC_FOOD",
    "subcategory": "CSC_FOOD_VEGGI",
    "skill_used": "cooking",
    "difficulty": 1,
    "time": "15 m",
    "batch_time_factors": [ 67, 5 ],
    "autolearn": true,
    "qualities": [ { "id": "CUT", "level": 1 }, { "id": "COOK", "level": 2 } ],
    "tools": [ [ [ "surface_heat", 5, "LIST" ] ] ],
    "components": [
      [ [ "chili_pepper", 1 ] ],
      [
        [ "salt", 5 ],
        [ "seasoning_salt", 5 ],
        [ "pepper", 5 ],
        [ "chilly-p", 5 ],
        [ "curry_powder", 5 ],
        [ "seasoning_italian", 5 ],
        [ "wild_herbs", 5 ]
      ]
    ]
  },
  {
    "result": "makeshift_poultice",
    "type": "recipe",
    "category": "CC_OTHER",
    "subcategory": "CSC_OTHER_MEDICAL",
    "skill_used": "firstaid",
    "difficulty": 0,
    "skills_required": [ "survival", 2 ],
    "time": "2 m",
    "autolearn": true,
    "qualities": [ { "id": "CUT", "level": 1 }, { "id": "HAMMER", "level": 1 } ],
    "tools": [ [ [ "mortar_pestle", -1 ], [ "rock_quern", -1 ], [ "clay_quern", -1 ], [ "food_processor", 20 ] ] ],
    "components": [
      [
        [ "rag", 5 ],
        [ "felt_patch", 5 ],
        [ "leather", 5 ],
        [ "tanned_hide", 1 ],
        [ "fur", 5 ],
        [ "tanned_pelt", 1 ],
        [ "cured_hide", 1 ],
        [ "cured_pelt", 1 ],
        [ "cured_hide_small", 5 ],
        [ "cured_pelt_small", 5 ],
        [ "birchbark", 5 ]
      ],
      [ [ "thyme", 2 ], [ "garlic", 1 ], [ "garlic_clove", 6 ], [ "raw_dandelion", 8 ] ]
    ]
  },
  {
    "result": "makeshift_poultice",
    "suffix": "wet",
    "type": "recipe",
    "category": "CC_OTHER",
    "subcategory": "CSC_OTHER_MEDICAL",
    "skill_used": "firstaid",
    "difficulty": 0,
    "skills_required": [ "survival", 2 ],
    "time": "2 m",
    "autolearn": true,
    "qualities": [ { "id": "CUT", "level": 1 }, { "id": "HAMMER", "level": 1 } ],
    "components": [
      [
        [ "rag", 5 ],
        [ "felt_patch", 5 ],
        [ "leather", 5 ],
        [ "tanned_hide", 1 ],
        [ "fur", 5 ],
        [ "tanned_pelt", 1 ],
        [ "cured_hide", 1 ],
        [ "cured_pelt", 1 ],
        [ "cured_hide_small", 5 ],
        [ "cured_pelt_small", 5 ],
        [ "birchbark", 5 ]
      ],
      [ [ "thyme_oil", 1 ], [ "tar_oil", 1 ], [ "honey_glassed", 5 ], [ "honey_bottled", 5 ], [ "oil_garlic", 6 ] ],
      [
        [ "rag", 2 ],
        [ "felt_patch", 2 ],
        [ "withered", 2 ],
        [ "straw_pile", 2 ],
        [ "clay_lump", 2 ],
        [ "charcoal", 2 ],
        [ "cattail_stalk", 2 ],
        [ "flour", 2 ],
        [ "cornmeal", 2 ],
        [ "oatmeal", 2 ],
        [ "tinder", 25 ]
      ]
    ]
  },
  {
    "type": "recipe",
    "result": "water_clean",
    "id_suffix": "distillation",
    "category": "CC_FOOD",
    "subcategory": "CSC_FOOD_DRINKS",
    "skill_used": "cooking",
    "difficulty": 1,
    "skills_required": [ "survival", 1 ],
    "time": "10 m",
    "autolearn": true,
    "batch_time_factors": [ 80, 4 ],
    "qualities": [ { "id": "DISTILL", "level": 1 } ],
    "tools": [ [ [ "water_boiling_heat", 3, "LIST" ] ] ],
    "components": [ [ [ "salt_water", 1 ] ] ]
  },
  {
    "type": "recipe",
    "result": "spear_stone",
    "id_suffix": "realism",
    "category": "CC_WEAPON",
    "subcategory": "CSC_WEAPON_PIERCING",
    "skill_used": "fabrication",
    "difficulty": 2,
    "skills_required": [ "survival", 2 ],
    "time": "30 m",
    "book_learn": [ [ "manual_survival", 3 ], [ "textbook_survival", 2 ], [ "survival_book", 2 ] ],
    "qualities": [ { "id": "CUT", "level": 1 }, { "id": "HAMMER", "level": 1 } ],
    "components": [
      [ [ "stick_long", 1 ], [ "long_pole", 1 ], [ "pool_cue", 1 ] ],
      [ [ "ceramic_shard", 1 ], [ "sharp_rock", 1 ] ],
      [ [ "adhesive", 1, "LIST" ] ],
      [ [ "cordage_short", 2, "LIST" ] ]
    ]
  },
  {
    "type": "recipe",
    "result": "cured_hide_small",
    "category": "CC_OTHER",
    "subcategory": "CSC_OTHER_MATERIALS",
    "skill_used": "survival",
    "skills_required": [ "cooking", 1 ],
    "difficulty": 1,
    "time": "6 m",
    "autolearn": true,
    "qualities": [ { "id": "CUT", "level": 1 } ],
    "components": [ [ [ "saline", 2 ], [ "salt", 2 ] ], [ [ "raw_leather", 10 ], [ "raw_tainted_leather", 10 ], [ "raw_hleather", 10 ] ] ]
  },
  {
    "type": "recipe",
    "result": "cured_hide_small",
    "id_suffix": "scraped",
    "category": "CC_OTHER",
    "subcategory": "CSC_OTHER_MATERIALS",
    "skill_used": "survival",
    "difficulty": 1,
    "time": "4 m",
    "autolearn": true,
    "qualities": [ { "id": "CUT", "level": 1 } ],
    "components": [ [ [ "cured_pelt_small", 1 ] ] ]
  },
  {
    "type": "recipe",
    "result": "cured_pelt_small",
    "category": "CC_OTHER",
    "subcategory": "CSC_OTHER_MATERIALS",
    "skill_used": "survival",
    "skills_required": [ "cooking", 1 ],
    "difficulty": 1,
    "time": "6 m",
    "autolearn": true,
    "qualities": [ { "id": "CUT", "level": 1 } ],
    "components": [ [ [ "saline", 2 ], [ "salt", 2 ] ], [ [ "raw_fur", 10 ], [ "raw_tainted_fur", 10 ] ] ]
  },
  {
    "type": "recipe",
    "result": "cured_hide_small",
    "id_suffix": "drying",
    "category": "CC_OTHER",
    "subcategory": "CSC_OTHER_MATERIALS",
    "skill_used": "survival",
    "skills_required": [ "cooking", 2 ],
    "difficulty": 3,
    "time": "18 m",
    "autolearn": true,
    "batch_time_factors": [ 83, 5 ],
    "qualities": [ { "id": "CUT", "level": 1 } ],
    "tools": [ [ [ "surface_heat", 10, "LIST" ] ] ],
    "components": [ [ [ "raw_leather", 10 ], [ "raw_tainted_leather", 10 ], [ "raw_hleather", 10 ] ] ]
  },
  {
    "type": "recipe",
    "result": "cured_pelt_small",
    "id_suffix": "drying",
    "category": "CC_OTHER",
    "subcategory": "CSC_OTHER_MATERIALS",
    "skill_used": "survival",
    "skills_required": [ "cooking", 2 ],
    "difficulty": 3,
    "time": "18 m",
    "autolearn": true,
    "batch_time_factors": [ 83, 5 ],
    "qualities": [ { "id": "CUT", "level": 1 } ],
    "tools": [ [ [ "surface_heat", 10, "LIST" ] ] ],
    "components": [ [ [ "raw_fur", 10 ], [ "raw_tainted_fur", 10 ] ] ]
  },
  {
    "result": "cured_hide",
    "type": "uncraft",
    "time": "1 m",
    "components": [ [ [ "cured_hide_small", 5 ] ] ],
    "flags": [ "BLIND_EASY" ]
  },
  {
    "result": "cured_pelt",
    "type": "uncraft",
    "time": "1 m",
    "components": [ [ [ "cured_pelt_small", 5 ] ] ],
    "flags": [ "BLIND_EASY" ]
  },
  {
    "type": "recipe",
    "result": "tarp_raincatcher_leather",
    "category": "CC_OTHER",
    "subcategory": "CSC_OTHER_TOOLS",
    "skill_used": "survival",
    "difficulty": 2,
    "time": "45 m",
    "reversible": true,
    "autolearn": true,
    "qualities": [ { "id": "HAMMER", "level": 1 } ],
    "components": [ [ [ "pointy_stick", 3 ] ], [ [ "cordage_short", 3, "LIST" ] ], [ [ "leather_tarp", 1 ] ] ]
  }
]
