[
  {
    "type": "terrain",
    "id": "t_hive_young",
    "name": "空蜂箱",
    "description": "传统的蜂箱，稍微挖进去，用诱饵吸引蜜蜂。在蜜蜂决定利用它之前，需要一段时间",
    "symbol": "^",
    "color": "light_gray",
    "move_cost": 0,
    "transforms_into": "t_hive_growing",
    "deconstruct": { "ter_set": "t_dirt", "items": [ { "item": "beehive_empty", "count": 1 } ] },
    "flags": [ "FLAMMABLE_ASH", "TRANSPARENT", "PERMEABLE", "NOITEM", "EASY_DECONSTRUCT", "HARVESTED" ],
    "bash": {
      "str_min": 12,
      "str_max": 40,
      "sound": "smash!",
      "sound_fail": "whump.",
      "ter_set": "t_dirt",
      "items": [
        { "item": "2x4", "count": [ 1, 4 ] },
        { "item": "nail", "charges": [ 4, 8 ] },
        { "item": "splinter", "count": [ 2, 6 ] }
      ]
    }
  },
  {
    "type": "terrain",
    "id": "t_hive_growing",
    "name": "蜂巢（生长中）",
    "description": "一个传统的蜂箱，稍微挖进去。内部嗡嗡作响，有轻微的活动。有些蜜蜂已经开始在这个蜂箱上工作了，但还没有准备好.",
    "symbol": "^",
    "color": "brown",
    "move_cost": 0,
    "transforms_into": "t_hive_ready",
    "deconstruct": { "ter_set": "t_dirt", "items": [ { "item": "beehive_empty", "count": 1 }, { "item": "wax", "count": [ 1, 6 ] } ] },
    "flags": [ "FLAMMABLE_ASH", "TRANSPARENT", "PERMEABLE", "NOITEM", "EASY_DECONSTRUCT", "HARVESTED" ],
    "bash": {
      "str_min": 12,
      "str_max": 40,
      "sound": "smash!",
      "sound_fail": "whump.",
      "ter_set": "t_dirt",
      "items": [
        { "item": "wax", "count": [ 0, 1 ] },
        { "item": "2x4", "count": [ 1, 4 ] },
        { "item": "nail", "charges": [ 4, 8 ] },
        { "item": "splinter", "count": [ 2, 6 ] }
      ]
    }
  },
  {
    "type": "terrain",
    "id": "t_hive_ready",
    "name": "成熟的蜂巢",
    "description": "传统的蜂箱，稍微挖进去。内部嗡嗡作响。蜂群做得很好，你可以在蜂房没有死亡的情况下收获很多甜美的蜂蜜.",
    "symbol": "^",
    "color": "yellow",
    "move_cost": 0,
    "transforms_into": "t_hive_recovering",
    "examine_action": "harvest_ter",
    "harvest_by_season": [
      {
        "seasons": [ "spring", "summer", "autumn", "winter" ],
        "entries": [ { "drop": "honeycomb", "base_num": [ 2, 3 ], "scaled_num": [ 0.2, 0.5 ] } ]
      }
    ],
    "deconstruct": {
      "ter_set": "t_dirt",
      "items": [ { "item": "beehive_empty", "count": 1 }, { "item": "honeycomb", "count": [ 1, 6 ] } ]
    },
    "flags": [ "FLAMMABLE_ASH", "TRANSPARENT", "PERMEABLE", "NOITEM", "EASY_DECONSTRUCT" ],
    "bash": {
      "str_min": 12,
      "str_max": 40,
      "sound": "哗啦!",
      "sound_fail": "撞击声.",
      "ter_set": "t_dirt",
      "items": [
        { "item": "wax", "count": [ 2, 12 ] },
        { "item": "honeycomb", "count": [ 0, 3 ] },
        { "item": "2x4", "count": [ 1, 4 ] },
        { "item": "nail", "charges": [ 4, 8 ] },
        { "item": "splinter", "count": [ 2, 6 ] }
      ]
    }
  },
  {
    "type": "terrain",
    "id": "t_hive_recovering",
    "name": "蜂巢（恢复中）",
    "description": "传统的蜂箱，稍微挖进去。内部嗡嗡作响。这个蜂巢仍在从上次收获后的恢复中.",
    "symbol": "^",
    "color": "brown",
    "move_cost": 0,
    "transforms_into": "t_hive_regrowing",
    "deconstruct": {
      "ter_set": "t_dirt",
      "items": [ { "item": "beehive_empty", "count": 1 }, { "item": "honeycomb", "count": [ 0, 1 ] } ]
    },
    "flags": [ "FLAMMABLE_ASH", "TRANSPARENT", "PERMEABLE", "NOITEM", "EASY_DECONSTRUCT", "HARVESTED" ],
    "bash": {
      "str_min": 12,
      "str_max": 40,
      "sound": "哗啦!",
      "sound_fail": "撞击声.",
      "ter_set": "t_dirt",
      "items": [
        { "item": "wax", "count": [ 1, 6 ] },
        { "item": "2x4", "count": [ 1, 4 ] },
        { "item": "nail", "charges": [ 4, 8 ] },
        { "item": "splinter", "count": [ 2, 6 ] }
      ]
    }
  },
  {
    "type": "terrain",
    "id": "t_hive_regrowing",
    "name": "蜂巢（准备中）",
    "description": "传统的蜂箱，稍微挖进去。内部嗡嗡作响。蜂群正在重建蜂巢，生产更多的蜂蜜，但还没有准备好.",
    "symbol": "^",
    "color": "brown",
    "move_cost": 0,
    "transforms_into": "t_hive_ready",
    "deconstruct": {
      "ter_set": "t_dirt",
      "items": [ { "item": "beehive_empty", "count": 1 }, { "item": "honeycomb", "count": [ 1, 3 ] } ]
    },
    "flags": [ "FLAMMABLE_ASH", "TRANSPARENT", "PERMEABLE", "NOITEM", "EASY_DECONSTRUCT", "HARVESTED" ],
    "bash": {
      "str_min": 12,
      "str_max": 40,
      "sound": "哗啦!",
      "sound_fail": "撞击声.",
      "ter_set": "t_dirt",
      "items": [
        { "item": "wax", "count": [ 2, 6 ] },
        { "item": "honeycomb", "count": [ 0, 1 ] },
        { "item": "2x4", "count": [ 1, 4 ] },
        { "item": "nail", "charges": [ 4, 8 ] },
        { "item": "splinter", "count": [ 2, 6 ] }
      ]
    }
  },
  {
    "type": "terrain",
    "id": "t_door_curtain_leather_c",
    "name": "人造皮革门帘（关）",
    "description": "可以躲在这个皮门帘后面.可以很容易地取下来或者重新放置在其他地方.",
    "symbol": "+",
    "looks_like": "t_door_curtain_c",
    "color": "dark_gray",
    "move_cost": 0,
    "roof": "t_flat_roof",
    "flags": [ "FLAMMABLE_HARD", "DOOR", "NOITEM", "CONNECT_TO_WALL", "EASY_DECONSTRUCT" ],
    "open": "t_door_curtain_o",
    "deconstruct": {
      "ter_set": "t_dirt",
      "items": [ { "item": "stick", "count": 1 }, { "item": "leather_tarp", "count": 1 }, { "item": "withered", "count": 12 } ]
    },
    "bash": {
      "str_min": 1,
      "str_max": 8,
      "sound": "撕裂声!",
      "sound_fail": "撞击声!",
      "sound_vol": 8,
      "sound_fail_vol": 2,
      "ter_set": "t_dirt",
      "items": [
        { "item": "sheet", "count": [ 0, 1 ] },
        { "item": "leather", "count": [ 4, 10 ] },
        { "item": "stick", "count": 1 },
        { "item": "withered", "count": [ 2, 12 ] }
      ]
    }
  },
  {
    "type": "terrain",
    "id": "t_door_curtain_leather_o",
    "name": "人造皮革门帘（开）",
    "description": "可以躲在这个皮门帘后面.可以很容易地取下来或者重新放置在其他地方.这些门帘是开着的，两侧卷起挂在门口.",
    "symbol": "'",
    "looks_like": "t_door_curtain_o",
    "color": "dark_gray",
    "move_cost": 2,
    "roof": "t_flat_roof",
    "flags": [ "FLAMMABLE_HARD", "TRANSPARENT", "FLAT", "CONNECT_TO_WALL", "ROAD", "EASY_DECONSTRUCT" ],
    "deconstruct": {
      "ter_set": "t_dirt",
      "items": [ { "item": "stick", "count": 1 }, { "item": "leather_tarp", "count": 1 }, { "item": "withered", "count": 12 } ]
    },
    "close": "t_door_curtain_c",
    "bash": {
      "str_min": 1,
      "str_max": 8,
      "sound": "撕裂声!",
      "sound_fail": "撞击声!",
      "sound_vol": 8,
      "sound_fail_vol": 2,
      "ter_set": "t_dirt",
      "items": [
        { "item": "sheet", "count": [ 0, 1 ] },
        { "item": "leather", "count": [ 4, 10 ] },
        { "item": "stick", "count": 1 },
        { "item": "withered", "count": [ 2, 12 ] }
      ]
    }
  }
]
