[
  {
    "id": "makeshift_sled_frame_part",
    "type": "vehicle_part",
    "name": "雪橇架",
    "item": "makeshift_sled_frame_item",
    "location": "structure",
    "symbol": "h",
    "color": "brown",
    "broken_color": "brown",
    "difficulty": 1,
    "durability": 15,
    "folded_volume": 15,
    "breaks_into": [ { "item": "splinter", "count": [ 0, 6 ] } ],
    "flags": [ "MOUNTABLE", "FOLDABLE" ],
    "requirements": {
      "install": { "skills": [ [ "survival", 0 ] ], "time": 60000, "using": [ [ "adhesive", 1 ] ] },
      "removal": { "skills": [ [ "survival", 1 ] ], "time": 20000 },
      "repair": { "skills": [ [ "survival", 1 ] ], "time": 30000, "using": [ [ "adhesive", 1 ] ] }
    }
  },
  {
    "id": "makeshift_sled_runner_part",
    "type": "vehicle_part",
    "name": "雪橇扶轨",
    "item": "makeshift_sled_runners_item",
    "location": "under",
    "symbol": "o",
    "broken_symbol": "x",
    "color": "brown",
    "difficulty": 1,
    "durability": 25,
    "damage_modifier": 50,
    "folded_volume": 10,
    "flags": [ "WHEEL", "STABLE", "FOLDABLE" ],
    "breaks_into": [ { "item": "splinter", "count": [ 3, 6 ] } ],
    "requirements": {
      "install": { "skills": [ [ "survival", 0 ] ], "time": 60000, "using": [ [ "adhesive", 1 ] ] },
      "removal": { "skills": [ [ "survival", 1 ] ], "time": 20000 },
      "repair": { "skills": [ [ "survival", 1 ] ], "time": 30000, "using": [ [ "adhesive", 1 ] ] }
    }
  },
  {
    "type": "vehicle_part",
    "id": "makeshift_sled_basket_part",
    "name": "简易储物篮",
    "symbol": "o",
    "color": "brown",
    "broken_symbol": "#",
    "broken_color": "brown",
    "damage_modifier": 60,
    "durability": 40,
    "folded_volume": 20,
    "size": 100,
    "item": "makeshift_sled_basket_item",
    "difficulty": 1,
    "location": "center",
    "flags": [ "CARGO", "BOARDABLE", "COVERED", "FOLDABLE", "LOCKABLE_CARGO" ],
    "breaks_into": [ { "item": "splinter", "count": [ 4, 9 ] } ],
    "requirements": {
      "install": { "skills": [ [ "survival", 0 ] ], "time": 60000, "using": [ [ "adhesive", 1 ] ] },
      "removal": { "skills": [ [ "survival", 1 ] ], "time": 20000 },
      "repair": { "skills": [ [ "survival", 1 ] ], "time": 30000, "using": [ [ "adhesive", 1 ] ] }
    }
  },
  {
    "id": "log_frame_part",
    "type": "vehicle_part",
    "name": "木框",
    "item": "log_frame_item",
    "location": "structure",
    "symbol": "j",
    "color": "brown",
    "broken_color": "brown",
    "difficulty": 2,
    "durability": 300,
    "folded_volume": 35,
    "breaks_into": [ { "item": "splinter", "count": [ 20, 30 ] } ],
    "flags": [ "FLOATS", "STABLE", "MOUNTABLE", "BOARDABLE", "FOLDABLE" ],
    "requirements": {
      "install": { "skills": [ [ "survival", 1 ] ], "time": 60000, "using": [ [ "rope_natural_short", 1 ] ] },
      "removal": { "skills": [ [ "survival", 2 ] ], "time": 20000 },
      "repair": { "skills": [ [ "survival", 2 ] ], "time": 30000, "using": [ [ "rope_natural_short", 1 ] ] }
    }
  }
]
