[
    {
        "type" : "martial_art",
        "id" : "style_bajiquan",
        "name" : "八极拳",
        "description": "八极拳，中国武术，源自河北沧州一带的拳法，始于清初武术家「大枪王」吴钟。其拳术特色刚猛暴烈，与轻柔内敛的太极拳刚好相互对应。", 
        "initiate": [ "文有太极安天下，武有八极定乾坤！你摆好架势，决定使用【八极】。", "%s 摆好架势，决定使用【八极】。" ],
        "arm_block" : 99,
        "leg_block" : 99,
        "static_buffs" : [
            {
                "id" : "baji_static_melee",
                "name" : "六合大枪",
                "unarmed_allowed" : false,
				"dodge_dex" : 0.1,
                "cut_dex" : 0.5,
                "description" : "你久习八极拳和大枪术，知道如何将八极拳的技巧融入六合大枪之中。"
            },{
                "id" : "baji_static",
                "name" : "沉坠劲",
                "description" : "你四肢百骸一运劲，就有如大鼎立于地面、老樹盘根于土地中一般，有难以撼动的气势。",
                "unarmed_allowed" : true,
				"bonus_dodges" : 1,
				"bonus_blocks" : 1,
                "block_str" : 0.5,
                "dodge_dex" : 0.4,
                "arm_bash": 3,
                "arm_cut": 3
            }
        ],
        "onhit_buffs" : [
            {
                "id" : "Bajiquan_spear_buff",
                "name" : "大枪术",
                "description" : "大枪术直接猛烈，一经发动则难以阻止，连绵不決。",
				"unarmed_allowed" : false,
		        "min_melee" : 3,
                "buff_duration" : 3,
                "max_stacks" : 1,
                "speed" : 2,
                "cut" : 2
            },{
                "id" : "Bajiquan_spear_buff_2",
                "name" : "大枪术之二",
                "description" : "你正在攻击之中观察着对方破绽，同时保持你猛烈的攻势。",
				"unarmed_allowed" : false,
		        "min_melee" : 4,
                "req_buffs" : [
                    "Bajiquan_spear_buff"
                ],
                "buff_duration" : 3,
                "max_stacks" : 1,
                "speed" : 2,
                "cut" : 2
            },{
                "id" : "Bajiquan_spear_buff_3",
                "name" : "大枪术之三",
                "description" : "在连续攻击之中，你发现了对方极大的破绽，你蓄积力量，即将使出大枪术中的绝招！",
				"unarmed_allowed" : false,
		        "min_melee" : 5,
                "req_buffs" : [
                    "Bajiquan_spear_buff_2"
                ],
                "buff_duration" : 3,
                "max_stacks" : 1,
                "speed" : 2,
                "cut" : 2
            }
        ],
        "ondodge_buffs" : [
            {
                "id" : "Bajiquan_dodge_buff",
                "name" : "缠丝劲",
                "description" : "你的缠丝劲黏住了敌人，正是反击的时刻！",
                "unarmed_allowed" : true,
                "buff_duration" : 2,
                "max_stacks": 1,
                "bash_mult" : 1.25
            }
        ],
        "techniques" : [
            "tec_baji_elbow",
            "tec_baji_elbow_2",
            "tec_baji_counter_back",
            "tec_baji_piercing",
            "tec_baji_disarm",
            "tec_baji_illusion_hit",
            "tec_baji_piercing_crit",
            "tec_baji_stab_combination",
            "tec_baji_stab_combination_2",
            "tec_baji_stab_combination_3"
        ],
        "weapons" : [
            "spear_rebar",
            "spear_wood",
            "spear_copper",
            "spear_forked",
            "spear_steel",
            "spear_survivor",
            "spear_knife",
            "spear_stone",
            "pointy_stick",
            "bee_sting",
            "fighter_sting",
            "wasp_sting",
            "pitchfork",
            "javelin",
            "javelin_iron",
            "javelin_stone",
            "javelin_copper",
            "spear_dory",
            "pike",
            "qiang",
            "cudgel",
            "q_staff",
            "i_staff",
            "lajatang",
            "shock_staff",
            "gungnir_replica"
        ]
    }
]


