[
{
    "id": "mountable_cooler_portable_off",
    "type": "TOOL",
    "name": { "str": "便携式冷却器(关)" },
	"look_likes":"mountable_cooler",
    "description": "由车载冷却器改装而来的便携式冷却器，由蓄电池供电，开启后能够使周围区域温度降低至最低6℃",
    "material": [ "plastic", "aluminum" ],
    "symbol": ";",
    "color": "blue",
    "weight": "12500 g",
    "volume": "7500 ml",
    "charges_per_use": 1,
    "ammo": [ "battery" ],
    "use_action": {
      "type": "transform",
      "msg": "你打开冷却器的开关.",
      "target": "mountable_cooler_portable_on",
      "active": true,
      "need_charges": 1,
      "need_charges_msg": "电量不足."
    },
    "magazines": [
      [
        "battery",
        [
          "storage_battery",
		  "medium_storage_battery",
		  "large_storage_battery"
        ]
      ]
    ],
    "magazine_well": 1
  },
  {
    "id": "mountable_cooler_portable_on",
    "copy-from": "mountable_cooler_portable_off",
	"look_likes":"mountable_cooler",
    "type": "TOOL",
    "name": { "str": "便携式冷却器(开)" },
    "power_draw": 120000,
	"emits": [ "emit_cooler_vehicle" ],
    "revert_to": "mountable_cooler_portable_off",
    "use_action": { "menu_text": "Turn off", "type": "transform", "msg": "你关闭了便携式冷却器.", "target": "mountable_cooler_portable_off" },
    "flags": [  "CHARGEDIM", "TRADER_AVOID"]
  },
  {
    "id": "L_mountable_cooler_portable_off",
    "type": "TOOL",
    "name": { "str": "大型冷却器(关)" },
	"look_likes":"mountable_cooler",
    "description": "由多个车载冷却器组合改装而来的大型冷却器，由蓄电池供电，开启后能够使周围区域温度降低至-22℃",
    "material": [ "plastic", "aluminum" ],
    "symbol": ";",
    "color": "blue",
    "weight": "27 kg",
    "volume": "19500 ml",
    "charges_per_use": 1,
    "ammo": [ "battery" ],
    "use_action": {
      "type": "transform",
      "msg": "你打开冷却器的开关.",
      "target": "L_mountable_cooler_portable_on",
      "active": true,
      "need_charges": 1,
      "need_charges_msg": "电量不足."
    },
    "magazines": [
      [
        "battery",
        [
          "storage_battery",
		  "medium_storage_battery",
		  "large_storage_battery"
        ]
      ]
    ],
    "magazine_well": 1
  },
  {
    "id": "L_mountable_cooler_portable_on",
    "copy-from": "L_mountable_cooler_portable_off",
	"look_likes":"mountable_cooler",
    "type": "TOOL",
    "name": { "str": "大型冷却器(开)" },
    "power_draw": 360000,
	"emits": [ "emit_cold_air5" ],
    "revert_to": "L_mountable_cooler_portable_off",
    "use_action": { "menu_text": "Turn off", "type": "transform", "msg": "你关闭了大型冷却器.", "target": "L_mountable_cooler_portable_off" },
    "flags": [  "CHARGEDIM", "TRADER_AVOID"]
  }
]