[
{
    
"type": "MOD_INFO",
    
"mod_type": "SUPPLEMENTAL",
    
"ident": "WXSK_refrigeration",
    
"name": "制冷装置",

"dependencies": [ "dda" ],

"version": "1.0",
    
"description": "添加两种由车载冷却器改造变成使用蓄电池供电的移动式冷却器，便携式冷却器最低制冷温度6℃，大型冷却器最低制冷温度-22℃（大型冷却器也可以安装在载具上用载具供电）",
    
"authors": ["青青子衿"],
"maintainers": ["青青子衿"],
    
"category": "other",
"path": ""

},
{
    "id": "emit_cold_air5",
    "type": "emit",
    "field": "fd_cold_air3",
    "intensity": 3,
	"changes":10,
    "qty": 1
}

]



