[
{
    "type": "recipe",
    "result": "mountable_cooler_portable_off",
    "category": "CC_ELECTRONIC",
    "subcategory": "CSC_ELECTRONIC_TOOLS",
    "skill_used": "electronics",
    "difficulty": 3,
	"skills_required": [ "mechanics", 2 ],
    "time": "30 m",
    "autolearn": [ [ "electronics", 3 ] ],
	"using": [ [ "soldering_standard", 15 ] ],
    "qualities": [ { "id": "SCREW", "level": 1 },{ "id": "SCREW_FINE", "level": 1 }],
    "components": [ 
	[ [ "mountable_cooler", 1 ] ],
	[ [ "cable", 10 ] ],
	[ [ "amplifier", 1 ] ],
	[ [ "circuit", 2 ] ],
	[ [ "it_battery_mount", 1 ] ]
	]
 },
 {
    "type": "recipe",
    "result": "L_mountable_cooler_portable_off",
    "category": "CC_ELECTRONIC",
    "subcategory": "CSC_ELECTRONIC_TOOLS",
    "skill_used": "electronics",
    "difficulty": 3,
	"skills_required": [ "mechanics", 2 ],
    "time": "60 m",
    "autolearn": [ [ "electronics", 3 ] ],
	"using": [ [ "soldering_standard", 40 ] ],
    "qualities": [ { "id": "SCREW", "level": 1 },{ "id": "SCREW_FINE", "level": 1 }],
    "components": [ 
	[ [ "mountable_cooler", 2 ] ],
	[ [ "cable", 30 ] ],
	[ [ "amplifier", 2 ] ],
	[ [ "circuit", 3 ] ],
	[ [ "it_battery_mount", 1 ] ]
	]
 }
 ]