[
{
    "id": "L_mountable_cooler_portable_off",
    "type": "vehicle_part",
    "name": { "str": "车载大型冷却器" },
    "item": "L_mountable_cooler_portable_off",
    "location": "on_roof",
    "symbol": ":",
    "broken_symbol": ".",
    "categories": [ "utility" ],
    "color": "light_cyan",
    "durability": 800,
    "epower": -360,
    "bonus": 10,
    "requirements": {
      "install": { "skills": [ [ "mechanics", 1 ], [ "electronics", 1 ] ], "time": "2 m", "using": [ [ "vehicle_screw", 1 ] ] },
      "removal": { "skills": [ [ "mechanics", 1 ] ], "time": "1 m", "using": [ [ "vehicle_screw", 1 ] ] },
      "repair": { "skills": [ [ "mechanics", 1 ] ], "time": "30 s", "using": [ [ "adhesive", 1 ] ] }
    },
    "flags": [ "CTRL_ELECTRONIC", "ENABLED_DRAINS_EPOWER", "COOLER","EMITTER" ],
    "emissions": [ "emit_cold_air5" ],
    "exhaust": [ "emit_heater_vehicle" ],
    "breaks_into": [ { "item": "steel_lump" }, { "item": "steel_chunk", "count": [ 1, 3 ] }, { "item": "scrap", "count": [ 1, 3 ] } ],
    "damage_reduction": { "all": 15 }
},
{
    "result": "L_mountable_cooler_portable_off",
    "type": "recipe",
    "activity_level": "MODERATE_EXERCISE",
    "category": "CC_OTHER",
    "subcategory": "CSC_OTHER_PARTS",
    "skill_used": "mechanics",
    "difficulty": 5,
    "time": "30 m",
    "reversible": true,
    "autolearn": false,
    "book_learn": [ [ "textbook_mechanics", 5 ], [ "manual_mechanics", 5 ], [ "textbook_fabrication", 5 ] ],
    "using": [ [ "welding_standard", 20 ] ],
    "proficiencies": [ { "proficiency": "prof_plasticworking", "required": false, "time_multiplier": 1.1, "learning_time_multiplier": 0.1 } ],
    "qualities": [ { "id": "SCREW", "level": 1 }, { "id": "WRENCH", "level": 1 } ],
    "components": [
      [ [ "sheet_metal", 2 ] ],
      [ [ "condensor_coil", 2 ] ],
      [ [ "evaporator_coil", 2 ] ],
      [ [ "thermostat", 1 ] ],
      [ [ "motor_tiny", 2 ] ],
      [ [ "refrigerant_tank", 1 ] ],
      [ [ "plastic_chunk", 11 ] ],
      [ [ "wire", 4 ] ],
      [ [ "scrap", 1 ] ]
    ]
}

]