 [  
  { "id": "AKM_wx",
    "type": "GUN",
    "name": "AK-M 步枪",
    "name_plural": "AK-M",
    "description": "相对紧凑的尺寸和强大的子弹表明这是拥有极强伤害的武器，经过特殊的改造，这把枪无需担心弹药问题。",
    "weight": 3530,
    "volume": 9,
    "price": 100000000,
    "to_hit": -1,
    "bashing": 12,
    "material": [ "steel", "wood" ],
    "symbol": "V",
    "color": "blue",
    "skill": "rifle",
    "range": 30,
    "ranged_damage": 44,
    "pierce": 10,
    "dispersion": 215,
    "durability": 6,   
    "burst": 3,
    "barrel_length": 1,
    "reload": 0,
    "recoil": 400,
     
    "valid_mod_locations": [ [ "accessories", 4 ], [ "grip", 1 ], [ "rail", 1 ], [ "sights", 1 ],[ "muzzle", 1 ], [ "stock", 1 ], [ "underbarrel", 1 ] ],
    
    "flags": [ "NEVER_JAMS", "NO_UNLOAD" ]
   }
]
