 [  
  { "id": "COP_wx",
    "type": "GUN",
    "name": "COP.38",
    "name_plural": "COP .38",
    "description": "相对紧凑的尺寸和强大的子弹表明这是拥有极强近距离伤害的武器，经过特殊的改造，这把枪无需担心弹药问题。",
    "weight": 860,
    "volume": 2,
    "price": 100000000,
    "to_hit": -1,
    "bashing": 5,
    "material": [ "steel", "wood" ],
    "symbol": "V",
    "color": "blue",
    "skill": "pistol",
    "range": 16,
    "ranged_damage": 35,
    "pierce": 2,
    "dispersion": 520,
    "durability": 6,
    "burst": 2,
    "barrel_length": 1,
    "reload": 0,
    "recoil": 400,
     
    "valid_mod_locations": [ [ "accessories", 4 ], [ "grip", 1 ], [ "rail", 1 ], [ "sights", 1 ],[ "muzzle", 1 ], [ "stock", 1 ], [ "underbarrel", 1 ] ],
    
    "flags": [ "NEVER_JAMS", "NO_UNLOAD" ]
   }
]
