[
  {
    "id": "wxkj_yzmf",
    "type": "TOOL",
    "name": "宇宙魔方",
    "name_plural": "宇宙魔方",
    "description":"宇宙魔方是漫威宇宙中六颗无限宝石之一的空间之石，别名为无限立方。拥有着空间之力，可以打开空间之门，可传送大量的武器资源到任何地方",
    "material": "wxkj_ts",
    "symbol": ".",
    "color": "light_gray",
    "weight": 0,
    "volume": 0,
    "price": 0,
    "bashing": 0,
    "to_hit": 0,
     "count": 100000000,
  	"flags": ["NO_SALVAGE"]
   }
]
