 [  
  { "id": "M107A1_wx",
    "type": "GUN",
    "name": "巴雷特M107A1",
    "description": "世界上威力最大的狙击枪之一，击中任何身体部位都能造成致命的伤害，经过特殊的改造，这把枪无需担心弹药问题。",
    "weight": 13500,
    "volume": 18,
    "price": 100000000,
    "to_hit": -1,
    "bashing": 12,
    "material": [ "steel", "wood" ],
    "symbol": "V",
    "color": "blue",
    "skill": "rifle",
    "range": 60,
    "ranged_damage": 61,
    "pierce": 28,
    "dispersion": 120,
    "durability": 6,
    "barrel_length": 1,
    "reload": 0,
    "recoil": 400,
     
    "valid_mod_locations": [ [ "accessories", 4 ], [ "grip", 1 ], [ "rail", 1 ], [ "sights", 1 ],[ "muzzle", 1 ], [ "stock", 1 ], [ "underbarrel", 1 ] ],
    
    "flags": [ "NEVER_JAMS", "NO_UNLOAD" ]
   }
]
