[
  {
    "type": "monster_attack",
    "attack_type": "melee",
    "id": "impale",
    "cooldown": 25,
    "move_cost": 150,
    "damage_max_instance": [ { "damage_type": "stab", "amount": 15, "armor_penetration": 15, "armor_multiplier": 0.5 } ],
    "body_parts": [ [ "TORSO", 1 ] ],
    "effects": [ { "id": "bleed", "duration": 100, "bp": "TORSO" }, { "id": "downed", "duration": 3 } ],
    "hit_dmg_u": "The %1$s impales your torso!",
    "hit_dmg_npc": "The %1$s impales <npcname>'s torso!",
    "no_dmg_msg_u": "The %1$s tries to impale your torso, but fails to penetrate your armor!",
    "no_dmg_msg_npc": "The %1$s tries to impale <npcname>'s torso, but fails to penetrate their armor!"
  },
  {
    "type": "monster_attack",
    "attack_type": "melee",
    "id": "scratch",
    "cooldown": 20,
    "move_cost": 150,
    "damage_max_instance": [ { "damage_type": "cut", "amount": 8 } ],
    "body_parts": [
      [ "FOOT_L", 2 ],
      [ "FOOT_R", 2 ],
      [ "LEG_L", 3 ],
      [ "LEG_R", 3 ],
      [ "HAND_L", 2 ],
      [ "HAND_R", 2 ],
      [ "HEAD", 3 ],
      [ "EYES", 2 ],
      [ "MOUTH", 1 ],
      [ "ARM_L", 3 ],
      [ "ARM_R", 3 ],
      [ "TORSO", 4 ]
    ],
    "hit_dmg_u": "The %1$s claws at you!",
    "hit_dmg_npc": "The %1$s claws at <npcname>!",
    "no_dmg_msg_u": "The %1$s tries to claw at you, but fails to.",
    "no_dmg_msg_npc": "The %1$s tries to claw <npcname>, but fails to."
  },
  {
    "type": "monster_attack",
    "attack_type": "melee",
    "id": "slam",
    "cooldown": 20,
    "move_cost": 180,
    "damage_max_instance": [ { "damage_type": "bash", "amount": 8 } ],
    "body_parts": [
      [ "FOOT_L", 2 ],
      [ "FOOT_R", 2 ],
      [ "LEG_L", 3 ],
      [ "LEG_R", 3 ],
      [ "HAND_L", 2 ],
      [ "HAND_R", 2 ],
      [ "HEAD", 3 ],
      [ "EYES", 2 ],
      [ "MOUTH", 1 ],
      [ "ARM_L", 3 ],
      [ "ARM_R", 3 ],
      [ "TORSO", 4 ]
    ],
    "hit_dmg_u": "The %1$s slams into you!",
    "hit_dmg_npc": "The %1$s slams into <npcname>!",
    "no_dmg_msg_u": "The %1$s tries to slam into you, but stumbles aside.",
    "no_dmg_msg_npc": "The %1$s tries to slam into <npcname>, but fails to."
  },
  {
    "id": "acid_spray",
    "type": "GUN",
    "copy-from": "fake_item",
    "name": "acid dart volley",
    "description": "Fake gun that fires acid globs.",
    "flags": [ "NEVER_JAMS" ],
    "modes": [ [ "DEFAULT", "auto", 3 ] ],
    "ammo_effects": [ "BLINDS_EYES", "NEVER_MISFIRES", "NO_DAMAGE_SCALING" ],
    "skill": "rifle",
    "durability": 10,
    "range": 100,
    "dispersion": 5000,
    "ranged_damage": [ { "damage_type": "acid", "amount": 3 }, { "damage_type": "stab", "amount": 8, "armor_multiplier": 0.8 } ]
  },
  {
    "id": "acid_sniper",
    "type": "GUN",
    "copy-from": "fake_item",
    "name": "acid dart gun",
    "description": "Fake gun that fires acid globs.",
    "flags": [ "NEVER_JAMS" ],
    "ammo_effects": [ "BLINDS_EYES", "NEVER_MISFIRES", "NO_DAMAGE_SCALING" ],
    "skill": "rifle",
    "durability": 10,
    "range": 100,
    "dispersion": 500,
    "ranged_damage": [ { "damage_type": "acid", "amount": 3 }, { "damage_type": "stab", "amount": 6 } ]
  },
  
     
  
  {
    "type": "monster_attack",
    "attack_type": "melee", 
    "id": "wxkj_bump",
    "cooldown": 5,
    "move_cost": 50,
    "damage_max_instance": [
      {
        "damage_type": "bash",    
        "amount": 20,      
        "armor_penetration": 100, 
        "armor_multiplier": 1
      }
    ],
    "body_parts": [ [ "TORSO", 1 ] ], 
    "effects": [
      { "id": "downed", "duration": 1 }
    ],
    "hit_dmg_u": " %1$s 撞向你! %s",
    "hit_dmg_npc": " %1$s 使用撞击命中了 <npcname> 的躯干 %s",
    "no_dmg_msg_u": " %1$s 使用撞击失败了!",
    "no_dmg_msg_npc": " %1$s 尝试撞击 <npcname> 的躯干, 但是未造成伤害!"
  } ,
    {
    "type": "monster_attack",
    "attack_type": "melee", 
    "id": "wxkj_lash",
    "cooldown": 5,
    "move_cost": 50,
    "damage_max_instance": [
      {
        "damage_type": "bash",    
        "amount": 30,      
        "armor_penetration": 30, 
        "armor_multiplier": 0.85
      }
    ],
    "body_parts": [ [ "TORSO", 1 ] ], 
    "effects": [
      { "id": "downed", "duration": 2 }
    ],
    "hit_dmg_u": " %1$s 对你使用了冲击! %s",
    "hit_dmg_npc": " %1$s 使用冲击命中了 <npcname> 的躯干 %s",
    "no_dmg_msg_u": " %1$s 使用冲击失败了!",
    "no_dmg_msg_npc": " %1$s 尝试撞击 <npcname> 的躯干, 但是未造成伤害!"
  } ,
  {
    "type": "monster_attack",
    "attack_type": "melee", 
    "id": "wxkj_tbcr",
    "cooldown": 10,
    "move_cost": 100,
    "damage_max_instance": [
      {
        "damage_type": "cut",    
        "amount": 10,      
        "armor_penetration": 100, 
        "//":"越高穿透护甲越高",
        "armor_multiplier": 0.85
      }
    ],
    "body_parts": [ [ "FOOT_L", 2 ],[ "FOOT_R", 2 ], [ "LEG_L", 3 ], [ "LEG_R", 3 ], [ "HAND_L", 2 ], [ "HAND_R", 2 ], [ "HEAD", 3 ], [ "EYES", 2 ], [ "MOUTH", 1 ], [ "ARM_L", 3 ], [ "ARM_R", 3 ], [ "TORSO", 4 ] ], 
    "effects": [
      { "id": "downed", "duration": 5 }
    ],
    "hit_dmg_u": " %1$s 使用藤鞭紧紧缠绕着你!",
    "hit_dmg_npc": " %1$s 使用藤鞭紧紧缠绕着 <npcname> ",
    "no_dmg_msg_u": " %1$s 试图用藤鞭攻击你,但是未穿透你的护甲!",
    "no_dmg_msg_npc": " %1$s 尝试用藤鞭攻击<npcname>, 但是未穿透护甲!"
  },
  {
    "type": "monster_attack",
    "attack_type": "melee", 
    "id": "wxkj_ql",
    "//":"切裂",
    "cooldown": 30,
    "move_cost": 150,
    "crit_tec" : true, 
    "damage_max_instance": [
      {
        "damage_type": "cut",    
        "amount": 40,      
        "armor_penetration": 99, 
        "//":"越高穿透护甲越高",
        "armor_multiplier": 0.95
      }
    ],
    "body_parts": [[ "HEAD", 2 ],["TORSO",8]], 
    "effects": [
      { "id": "bleed", "duration": 100, "bp": "TORSO" }
    ],
    "hit_dmg_u": " %1$s 使用了切裂!",
    "hit_dmg_npc": " %1$s 使用切裂攻击了 <npcname> ",
    "no_dmg_msg_u": " %1$s 试图用切裂攻击你,但是未穿透你的护甲!",
    "no_dmg_msg_npc": " %1$s 尝试用切裂攻击<npcname>, 但是未穿透护甲!"
  },
    {
    "type": "monster_attack",
    "attack_type": "melee", 
    "id": "wxkj_lzn",
    "//":"龙之怒",
    "cooldown": 20,
    "move_cost": 105,
    "crit_tec": false,
    "damage_max_instance": [
      {
        "damage_type": "bash",    
        "amount": 40,      
        "armor_penetration": 50, 
        "//":"越高穿透护甲越高",
        "armor_multiplier": 0.75
      }
    ],
    "body_parts": [ [ "FOOT_L", 2 ],[ "FOOT_R", 2 ], [ "HAND_L", 2 ], [ "HAND_R", 2 ], [ "HEAD", 3 ], [ "EYES", 2 ], [ "MOUTH", 1 ], [ "ARM_L", 3 ], [ "ARM_R", 3 ], [ "TORSO", 4 ] ], 
  "effects": [
      { "id": "flu_zed", "duration": 33 }
    ],
    "hit_dmg_u": " %1$s 使用了龙之怒!",
    "hit_dmg_npc": " %1$s 使用龙之怒攻击了 <npcname> ",
    "no_dmg_msg_u": " %1$s 试图用龙之怒攻击你,但是未穿透你的护甲!",
    "no_dmg_msg_npc": " %1$s 尝试用龙之怒攻击<npcname>, 但是未穿透护甲!"
  },
   {
    "type": "monster_attack",
    "attack_type": "melee", 
    "id": "wxkj_dyps",
    "//":"毒液喷射",
    "cooldown": 20,
    "move_cost": 105,
    "crit_tec": false,
    "damage_max_instance": [
      {
        "damage_type": "cut",    
        "amount": 10,      
        "armor_penetration": 99, 
        "//":"越高穿透护甲越高",
        "armor_multiplier": 0.75
      }
    ],
    "body_parts": [ [ "FOOT_L", 2 ],[ "FOOT_R", 2 ], [ "HAND_L", 2 ], [ "HAND_R", 2 ], [ "HEAD", 3 ], [ "EYES", 2 ], [ "MOUTH", 1 ], [ "ARM_L", 3 ], [ "ARM_R", 3 ], [ "TORSO", 4 ] ], 
  "effects": [
      { "id": "badpoison", "duration": 600, "chance": 99 }
    ],
    "hit_dmg_u": " %1$s 喷射了毒液!",
    "hit_dmg_npc": " %1$s 向 <npcname> 喷射了毒液",
    "no_dmg_msg_u": " %1$s 试图喷射毒液攻击你,但是未穿透你的护甲!",
    "no_dmg_msg_npc": " %1$s 尝试用喷射毒液<npcname>, 但是未穿透护甲!"
  },
    {
    "type": "monster_attack",
    "attack_type": "melee", 
    "id": "wxkj_mbf",
    "//":"麻痹粉",
    "cooldown": 20,
    "move_cost": 105,
    "crit_tec": false,
    "min_melee" : 8,
    "damage_max_instance": [
      {
        "damage_type": "cut",    
        "amount": 10,      
        "armor_penetration": 99, 
        "//":"越高穿透护甲越高",
        "armor_multiplier": 0.75
      }
    ],
    "body_parts": [ [ "FOOT_L", 2 ],[ "FOOT_R", 2 ], [ "HAND_L", 2 ], [ "HAND_R", 2 ], [ "HEAD", 3 ], [ "EYES", 2 ], [ "MOUTH", 1 ], [ "ARM_L", 3 ], [ "ARM_R", 3 ], [ "TORSO", 4 ] ], 
  "effects": [
  {"id":"paralyzepoison",
  "duration": 30, 
  "chance":60},
  {"id": "stunned", 
  "duration": 3, 
  "chance":90 }
    ],
    "hit_dmg_u": " %1$s 喷出来麻痹粉!",
    "hit_dmg_npc": " %1$s 向 <npcname> 喷出了麻痹粉",
    "no_dmg_msg_u": " %1$s 试图喷出麻痹粉来攻击你,但是未穿透你的护甲!",
    "no_dmg_msg_npc": " %1$s 尝试用麻痹粉攻击<npcname>, 但是未穿透护甲!"
  }
  
]
