[

  {
    "id": "wxkj_sqbb_ghzy",
    "type": "SPELL",
    "name": "光合作用",
    "description": "治疗目标的生命值.",
    "valid_targets": [ "self", "ally" ],
    "min_damage": -50,
    "max_damage": -150,   
    "damage_increment": -25,
    "max_level": 3,
    "min_range": 0,
    "//":"刚学时徒手施法的时的距离",
    "max_range": 0,
    "//":"最大施法距离",
    "effect": "target_attack",
    "base_casting_time": 500,
    "//":"施法的时间",  
    "casting_time_increment": -100,
    "//":"每级减少的施法时间",    
    "final_casting_time": 200,
    "//":"最少的施法消耗回合值",
    "base_energy_cost": 300,   
    "//":"施法的消耗",
    "difficulty": 3,
    "energy_source": "MANA"
  }
  ]