[
  {
    "id": "chalice_cult_books",
    "type": "item_group",
    "items": [
      [
        "essay_book",
        10
      ],
      [
        "poetry_book",
        10
      ],
      [
        "plays_book",
        10
      ],
      [
        "philosophy_book",
        10
      ],
      [
        "novel_experimental",
        10
      ],
      [
        "book_sacrifice",
        25
      ],
      [
        "book_summoning",
        10
      ],
      [
        "book_scrollcraft",
        10
      ],
      [
        "manual_sojutsu",
        5
      ]
    ]
  },
  {
    "id": "chalice_cult_spells",
    "type": "item_group",
    "items": [
      [
        "scroll_spell_insight",
        1
      ],
      [
        "scroll_spell_lightning",
        1
      ],
      [
        "scroll_spell_might",
        1
      ],
      [
        "scroll_spell_invis",
        1
      ],
      [
        "scroll_spell_free_action",
        1
      ]
    ]
  },
  {
    "id": "chalice_cult_gear",
    "type": "item_group",
    "items": [
      [
        "offering_chalice",
        8
      ],
      [
        "spear_pestilence",
        3
      ],
      [
        "robe_shadow",
        2
      ],
      [
        "thunder_sigil",
        2
      ],
      [
        "gauntlets_necro",
        3
      ]
    ]
  },
  {
    "id": "chalice_cult_consumables",
    "type": "item_group",
    "items": [
      [
        "vortex_stone",
        20
      ],
      [
        "scroll_sun",
        2
      ],
      [
        "scroll_moon",
        3
      ],
      [
        "scroll_artiface",
        5
      ],
      [
        "scroll_nature",
        4
      ],
      [
        "scroll_destruction",
        6
      ],
      [
        "scroll_subversion",
        1
      ],
      [
        "summon_kreck",
        4
      ],
      [
        "summon_blank",
        4
      ],
      [
        "summon_flaming_eye",
        3
      ],
      [
        "summon_hunting_horror",
        3
      ],
      [
        "summon_flying_polyp",
        2
      ],
      [
        "summon_mi_go",
        2
      ],
      [
        "summon_yugg",
        1
      ],
      [
        "summon_shoggoth",
        1
      ]
    ]
  },
  {
    "id": "chalice_cult_crafting",
    "type": "item_group",
    "items": [
      [
        "essence",
        10
      ],
      {
        "item": "essence_blood",
        "prob": 10,
        "count": [
          1,
          3
        ]
      },
      [
        "gold_small",
        25
      ],
      [
        "silver_small",
        10
      ],
      [
        "fur",
        10
      ],
      [
        "feather",
        10
      ],
      [
        "charcoal",
        5
      ],
      [
        "scrap",
        20
      ],
      [
        "bee_sting",
        5
      ],
      [
        "chitin_piece",
        15
      ]
    ]
  },
  {
    "id": "chalice_cult_casualty_special",
    "type": "item_group",
    "subtype": "collection",
    "entries": [
      {
        "group": "clothing_outdoor_set",
        "damage": [
          1,
          4
        ]
      },
      {
        "item": "stormbringer"
      },
      {
        "item": "bscabbard"
      },
      {
        "item": "bone_human",
        "count": [
          3,
          9
        ]
      }
    ]
  },
  {
    "id": "chalice_cult_casualties",
    "type": "item_group",
    "subtype": "collection",
    "entries": [
      {
        "group": "clothing_outdoor_set",
        "damage": [
          1,
          4
        ]
      },
      {
        "group": "chalice_cult_gear",
        "prob": 15,
        "damage": [
          1,
          4
        ]
      },
      {
        "group": "chalice_cult_consumables",
        "prob": 25
      },
      {
        "group": "chalice_cult_crafting",
        "prob": 25
      },
      {
        "item": "bone_human",
        "prob": 100,
        "count": [
          3,
          9
        ]
      }
    ]
  },
  {
    "id": "chalice_cult_casualties_fresh",
    "type": "item_group",
    "subtype": "collection",
    "entries": [
      {
        "group": "clothing_outdoor_set",
        "damage": [
          1,
          4
        ]
      },
      {
        "group": "chalice_cult_gear",
        "prob": 15,
        "damage": [
          1,
          4
        ]
      },
      {
        "group": "chalice_cult_consumables",
        "prob": 25
      },
      {
        "group": "chalice_cult_crafting",
        "prob": 25
      },
      {
        "group": "arcanist_corpses_adult_random",
        "damage": 4
      }
    ]
  }
]