[
  {
    "id": "homebooks",
    "type": "item_group",
    "subtype": "distribution",
    "entries": [
      {
        "item": "book_magicfordummies",
        "prob": 1
      },
      {
        "item": "book_potioncraft",
        "prob": 1
      },
      {
        "item": "book_scrollcraft",
        "prob": 1
      }
    ]
  },
  {
    "id": "church",
    "type": "item_group",
    "subtype": "distribution",
    "entries": [
      {
        "item": "book_hexenhammer",
        "prob": 1
      },
      {
        "item": "book_scrollcraft",
        "prob": 1
      },
      {
        "item": "manual_cleansingflame",
        "prob": 1
      }
    ]
  },
  {
    "id": "religious_books",
    "type": "item_group",
    "subtype": "distribution",
    "entries": [
      {
        "item": "book_hexenhammer",
        "prob": 1
      },
      {
        "item": "book_scrollcraft",
        "prob": 1
      },
      {
        "item": "book_sacrifice",
        "prob": 1
      }
    ]
  },
  {
    "id": "mansion_books",
    "type": "item_group",
    "subtype": "distribution",
    "entries": [
      {
        "item": "book_magicfordummies",
        "prob": 5
      },
      {
        "item": "book_potioncraft",
        "prob": 3
      },
      {
        "item": "book_scrollcraft",
        "prob": 2
      }
    ]
  },
  {
    "id": "mansion_bookcase",
    "type": "item_group",
    "subtype": "collection",
    "groups": [
      [
        "magic_books",
        8
      ]
    ]
  },
  {
    "id": "exotic_books",
    "type": "item_group",
    "subtype": "distribution",
    "entries": [
      {
        "item": "book_hexenhammer",
        "prob": 5
      },
      {
        "item": "book_scrollcraft",
        "prob": 5
      },
      {
        "item": "book_sacrifice",
        "prob": 2
      }
    ]
  },
  {
    "id": "rare_martial_arts_books",
    "type": "item_group",
    "subtype": "distribution",
    "entries": [
      {
        "item": "manual_cleansingflame",
        "prob": 1
      }
    ]
  },
  {
    "id": "SUS_chemistry_bookcase",
    "type": "item_group",
    "subtype": "collection",
    "entries": [
      {
        "item": "book_potioncraft",
        "prob": 5
      }
    ]
  },
  {
    "id": "SUS_book_nonf_hard_spirit",
    "type": "item_group",
    "subtype": "distribution",
    "entries": [
      {
        "item": "book_hexenhammer",
        "prob": 2
      },
      {
        "item": "book_scrollcraft",
        "prob": 2
      },
      {
        "item": "book_sacrifice",
        "prob": 1
      }
    ]
  },
  {
    "id": "SUS_book_nonf_soft_occult",
    "type": "item_group",
    "subtype": "distribution",
    "entries": [
      {
        "group": "magic_books",
        "prob": 1
      }
    ]
  },
  {
    "id": "mansion_safe",
    "type": "item_group",
    "subtype": "collection",
    "items": [
      {
        "group": "magic_consumables",
        "prob": 45
      },
      {
        "group": "magic_items",
        "prob": 30
      },
      {
        "group": "magic_tools",
        "prob": 15
      },
      [
        "arcanemap",
        20
      ]
    ]
  },
  {
    "id": "cop_evidence",
    "type": "item_group",
    "subtype": "distribution",
    "entries": [
      {
        "item": "offering_chalice",
        "prob": 1
      },
      {
        "item": "blood_athame",
        "prob": 1
      }
    ]
  },
  {
    "id": "creepy",
    "type": "item_group",
    "items": [
      [
        "offering_chalice",
        5
      ],
      [
        "blood_athame",
        5
      ],
      [
        "dragonblood_mutagen",
        1
      ]
    ]
  },
  {
    "id": "vault",
    "type": "item_group",
    "items": [
      {
        "group": "magic_books",
        "prob": 25
      },
      [
        "arcanemap",
        10
      ],
      [
        "hexenhammer",
        5
      ],
      [
        "offering_chalice",
        5
      ],
      [
        "blood_athame",
        5
      ],
      [
        "mana_gem",
        5
      ],
      [
        "totem_elecresist",
        1
      ],
      [
        "totem_clairvoyance",
        1
      ],
      [
        "totem_insight",
        1
      ],
      [
        "totem_lightning",
        1
      ]
    ]
  },
  {
    "id": "antique_rare",
    "type": "item_group",
    "subtype": "distribution",
    "entries": [
      {
        "item": "mana_gem",
        "prob": 3
      },
      {
        "item": "offering_chalice",
        "prob": 2
      },
      {
        "item": "blood_athame",
        "prob": 2
      },
      {
        "item": "revenant_crown",
        "prob": 1
      },
      {
        "item": "gauntlets_necro",
        "prob": 1
      },
      {
        "item": "thunder_sigil",
        "prob": 1
      },
      {
        "item": "brooch_iridescent",
        "prob": 3
      }
    ]
  },
  {
    "id": "art",
    "type": "item_group",
    "subtype": "distribution",
    "entries": [
      {
        "item": "mana_gem",
        "prob": 2
      },
      {
        "item": "offering_chalice",
        "prob": 3
      },
      {
        "item": "revenant_crown",
        "prob": 3
      },
      {
        "item": "gauntlets_necro",
        "prob": 1
      },
      {
        "item": "thunder_sigil",
        "prob": 3
      },
      {
        "item": "amulet_exotic",
        "prob": 2
      },
      {
        "item": "brooch_iridescent",
        "prob": 2
      },
      {
        "item": "totem_elecresist",
        "prob": 1
      },
      {
        "item": "totem_clairvoyance",
        "prob": 1
      },
      {
        "item": "totem_insight",
        "prob": 1
      },
      {
        "item": "totem_lightning",
        "prob": 1
      }
    ]
  },
  {
    "id": "hive_center",
    "type": "item_group",
    "items": [
      [
        "dermatik_sting",
        1
      ]
    ]
  },
  {
    "id": "jewelry_back",
    "type": "item_group",
    "items": [
      [
        "amulet_exotic",
        15
      ],
      [
        "brooch_iridescent",
        10
      ]
    ]
  },
  {
    "id": "jewelry_safe",
    "type": "item_group",
    "items": [
      [
        "mana_gem",
        25
      ],
      [
        "totem_elecresist",
        10
      ],
      [
        "totem_clairvoyance",
        10
      ],
      [
        "totem_insight",
        10
      ],
      [
        "totem_lightning",
        10
      ]
    ]
  },
  {
    "id": "pawn",
    "type": "item_group",
    "items": [
      [
        "mana_gem",
        1
      ],
      [
        "offering_chalice",
        1
      ],
      [
        "blood_athame",
        1
      ],
      {
        "group": "magic_books",
        "prob": 5
      }
    ]
  },
  {
    "id": "my_precious",
    "type": "item_group",
    "subtype": "distribution",
    "entries": [
      {
        "item": "book_hexenhammer",
        "prob": 10
      },
      {
        "item": "book_sacrifice",
        "prob": 10
      },
      {
        "item": "book_bloodmagic",
        "prob": 10
      }
    ]
  },
  {
    "id": "spider",
    "type": "item_group",
    "subtype": "distribution",
    "entries": [
      {
        "item": "arcanemap",
        "prob": 5
      },
      {
        "group": "magic_tools",
        "prob": 1
      },
      {
        "group": "magic_items",
        "prob": 1
      },
      {
        "group": "magic_consumables",
        "prob": 1
      },
      {
        "group": "magic_books",
        "prob": 1
      }
    ]
  },
  {
    "id": "drugdealer",
    "type": "item_group",
    "items": [
      {
        "group": "magic_books",
        "prob": 5
      }
    ]
  },
  {
    "id": "science",
    "type": "item_group",
    "items": [
      {
        "group": "lab_misc_anomalous_items",
        "prob": 5
      },
      {
        "group": "arcana_hunt_random",
        "prob": 10
      },
      [
        "tindalos_whistle",
        1
      ],
      [
        "spatial_displacer",
        1
      ]
    ]
  },
  {
    "id": "teleport",
    "type": "item_group",
    "items": [
      [
        "tindalos_whistle",
        5
      ],
      [
        "recipe_lab_arcana",
        7
      ]
    ]
  },
  {
    "id": "rare",
    "type": "item_group",
    "subtype": "distribution",
    "entries": [
      {
        "group": "magic_books",
        "prob": 5
      },
      {
        "group": "magic_consumables",
        "prob": 2
      },
      {
        "group": "magic_tools",
        "prob": 2
      },
      {
        "group": "magic_items",
        "prob": 1
      },
      {
        "item": "tindalos_whistle",
        "prob": 10
      },
      {
        "item": "spatial_displacer",
        "prob": 5
      }
    ]
  },
  {
    "id": "museum_misc",
    "type": "item_group",
    "items": [
      [
        "offering_chalice",
        1
      ],
      [
        "blood_athame",
        1
      ]
    ]
  },
  {
    "id": "museum_primitive",
    "type": "item_group",
    "items": [
      [
        "totem_cleric",
        1
      ],
      [
        "totem_agile",
        1
      ],
      [
        "totem_strength",
        1
      ],
      [
        "totem_invis",
        1
      ]
    ]
  },
  {
    "id": "tools_robotics",
    "type": "item_group",
    "items": [
      [
        "recipe_lab_arcana",
        2
      ]
    ]
  },
  {
    "id": "guns_energy",
    "type": "item_group",
    "items": [
      [
        "electrothermal_arc_cannon",
        3
      ],
      [
        "rift_focus_cannon",
        2
      ]
    ]
  },
  {
    "id": "gunmod_energy",
    "type": "item_group",
    "items": [
      [
        "arcane_accelerator_railgun",
        5
      ],
      [
        "arcane_accelerator_plasma",
        3
      ],
      [
        "arcane_accelerator_nuke",
        2
      ]
    ]
  },
  {
    "id": "bionics",
    "type": "item_group",
    "items": [
      [
        "bio_electrothermal_arc_projector",
        1
      ],
      [
        "bio_rift_focus_projector",
        1
      ],
      [
        "bio_essence_surge_cell",
        1
      ],
      [
        "bio_temporal_stimulation",
        1
      ],
      [
        "bio_life_sign_suppression",
        1
      ]
    ]
  },
  {
    "id": "bionics_op",
    "type": "item_group",
    "items": [
      [
        "bio_electrothermal_arc_projector",
        1
      ],
      [
        "bio_rift_focus_projector",
        1
      ],
      [
        "bio_temporal_stimulation",
        2
      ]
    ]
  },
  {
    "id": "bionics_op2_off",
    "type": "item_group",
    "items": [
      [
        "bio_electrothermal_arc_projector",
        3
      ],
      [
        "bio_rift_focus_projector",
        2
      ]
    ]
  },
  {
    "id": "bionics_op2_def",
    "type": "item_group",
    "items": [
      [
        "bio_life_sign_suppression",
        5
      ]
    ]
  },
  {
    "id": "bionics_op2_utl",
    "type": "item_group",
    "items": [
      [
        "bio_temporal_stimulation",
        4
      ],
      [
        "bio_essence_surge_cell",
        1
      ]
    ]
  },
  {
    "type": "item_group",
    "id": "roof_holdout",
    "items": [
      {
        "group": "magic_books",
        "prob": 5
      },
      {
        "group": "arcana_hunt_random",
        "prob": 15
      }
    ]
  },
  {
    "type": "item_group",
    "id": "flt_loot_rare",
    "items": [
      {
        "group": "magic_books",
        "prob": 5
      },
      {
        "group": "arcana_hunt_random",
        "prob": 10
      }
    ]
  },
  {
    "type": "item_group",
    "id": "oa_ig_sb_rare",
    "items": [
      {
        "group": "magic_books",
        "prob": 10
      },
      {
        "group": "arcana_hunt_random",
        "prob": 15
      }
    ]
  },
  {
    "type": "item_group",
    "id": "sc_loot_rare",
    "items": [
      {
        "group": "magic_books",
        "prob": 15
      },
      {
        "group": "arcana_hunt_random",
        "prob": 20
      }
    ]
  }
]