[
  {
    "id": "cult_sacrifice",
    "type": "item_group",
    "subtype": "collection",
    "entries": [
      {
        "item": "essence_blood",
        "prob": 25
      },
      {
        "item": "bone_human",
        "prob": 100,
        "count": [
          3,
          9
        ]
      }
    ]
  },
  {
    "id": "summoner_casualties",
    "type": "item_group",
    "subtype": "collection",
    "entries": [
      {
        "group": "clothing_outdoor_set",
        "damage": [
          1,
          4
        ]
      },
      {
        "group": "magic_consumables",
        "prob": 25
      },
      {
        "group": "magic_crafting",
        "prob": 25
      },
      {
        "item": "bone_human",
        "prob": 100,
        "count": [
          3,
          9
        ]
      }
    ]
  },
  {
    "id": "summoner_casualties_fresh",
    "type": "item_group",
    "subtype": "collection",
    "entries": [
      {
        "group": "clothing_outdoor_set",
        "damage": [
          1,
          4
        ]
      },
      {
        "group": "magic_consumables",
        "prob": 25
      },
      {
        "group": "magic_crafting",
        "prob": 25
      },
      {
        "item": "corpse_painful",
        "damage": 4
      }
    ]
  },
  {
    "id": "arcanist_corpses_adult_random",
    "//": "Various adult corpses, no restriction on how they died.",
    "type": "item_group",
    "items": [
      [
        "corpse",
        25
      ],
      [
        "corpse_bloody",
        15
      ],
      [
        "corpse_generic_male",
        10
      ],
      [
        "corpse_generic_female",
        10
      ],
      [
        "rmi2_corpse",
        5
      ],
      [
        "corpse_oldwoman_jewelry",
        5
      ],
      [
        "corpse_painful",
        5
      ],
      [
        "corpse_scorched",
        5
      ],
      [
        "corpse_stabbed",
        5
      ],
      [
        "corpse_gunned",
        5
      ],
      [
        "corpse_halved_upper",
        5
      ],
      [
        "corpse_half_beheaded",
        5
      ]
    ]
  },
  {
    "id": "reading_lights",
    "type": "item_group",
    "items": [
      [
        "candle",
        20
      ],
      [
        "oil_lamp",
        20
      ],
      [
        "flashlight",
        15
      ],
      [
        "wearable_light",
        15
      ],
      [
        "electric_lantern",
        10
      ],
      [
        "gasoline_lantern",
        10
      ],
      [
        "survivor_light",
        5
      ],
      [
        "atomic_lamp",
        1
      ]
    ]
  },
  {
    "id": "magic_crafting",
    "type": "item_group",
    "items": [
      [
        "gold_small",
        1
      ],
      [
        "gold_small",
        10
      ],
      [
        "silver_small",
        2
      ],
      [
        "silver_small",
        20
      ],
      [
        "scrap",
        15
      ],
      [
        "feather",
        5
      ],
      [
        "copper",
        15
      ],
      [
        "diamond",
        1
      ],
      {
        "item": "essence",
        "prob": 25,
        "count": [
          1,
          3
        ]
      },
      {
        "item": "essence_blood",
        "prob": 25,
        "count": [
          2,
          6
        ]
      },
      {
        "item": "essence_dull",
        "prob": 25,
        "count": [
          8,
          16
        ]
      }
    ]
  },
  {
    "id": "magic_items",
    "type": "item_group",
    "items": [
      [
        "thunder_sigil",
        5
      ],
      [
        "bloodscourge",
        5
      ],
      [
        "bloodaxe",
        15
      ],
      [
        "spear_pestilence",
        10
      ],
      [
        "sun_sword",
        10
      ],
      [
        "ethereal_crossbow",
        5
      ],
      [
        "gilded_aegis",
        10
      ],
      [
        "armor_wyrm",
        10
      ],
      [
        "robe_shadow",
        5
      ],
      [
        "somen_clairvoyance",
        5
      ],
      [
        "revenant_crown",
        10
      ],
      [
        "gauntlets_necro",
        15
      ],
      [
        "thermic_essence_cutter",
        1
      ]
    ]
  },
  {
    "id": "magic_consumables",
    "type": "item_group",
    "items": [
      [
        "numbness_potion",
        45
      ],
      [
        "strength_potion",
        40
      ],
      [
        "speed_potion",
        35
      ],
      [
        "healing_potion",
        30
      ],
      [
        "red_black_vulnerary",
        25
      ],
      [
        "yellow_white_incense",
        20
      ],
      [
        "scroll_sun",
        25
      ],
      [
        "scroll_moon",
        25
      ],
      [
        "scroll_artiface",
        20
      ],
      [
        "scroll_nature",
        20
      ],
      [
        "scroll_destruction",
        15
      ],
      [
        "scroll_subversion",
        10
      ],
      [
        "summon_kreck",
        8
      ],
      [
        "summon_blank",
        8
      ],
      [
        "summon_flaming_eye",
        7
      ],
      [
        "summon_hunting_horror",
        7
      ],
      [
        "summon_flying_polyp",
        6
      ],
      [
        "summon_mi_go",
        6
      ],
      [
        "summon_yugg",
        5
      ],
      [
        "summon_shoggoth",
        5
      ],
      [
        "totem_insight",
        4
      ],
      [
        "totem_plants",
        4
      ],
      [
        "totem_confusion",
        4
      ],
      [
        "totem_agile",
        4
      ],
      [
        "totem_lightning",
        4
      ],
      [
        "totem_strength",
        4
      ],
      [
        "totem_elecresist",
        3
      ],
      [
        "totem_clarity",
        3
      ],
      [
        "totem_heal",
        3
      ],
      [
        "totem_flamearmor",
        3
      ],
      [
        "totem_clairvoyance",
        3
      ],
      [
        "totem_invis",
        3
      ],
      [
        "totem_cleric",
        2
      ],
      [
        "totem_free_action",
        2
      ],
      [
        "totem_acidspray",
        2
      ],
      [
        "dragonblood_mutagen",
        1
      ]
    ]
  },
  {
    "id": "arcana_totem_random",
    "type": "item_group",
    "items": [
      [
        "totem_insight",
        4
      ],
      [
        "totem_plants",
        4
      ],
      [
        "totem_confusion",
        4
      ],
      [
        "totem_agile",
        4
      ],
      [
        "totem_lightning",
        4
      ],
      [
        "totem_strength",
        4
      ],
      [
        "totem_elecresist",
        3
      ],
      [
        "totem_clarity",
        3
      ],
      [
        "totem_heal",
        3
      ],
      [
        "totem_flamearmor",
        3
      ],
      [
        "totem_clairvoyance",
        3
      ],
      [
        "totem_invis",
        3
      ],
      [
        "totem_cleric",
        2
      ],
      [
        "totem_free_action",
        2
      ],
      [
        "totem_acidspray",
        2
      ]
    ]
  },
  {
    "id": "magic_tools",
    "type": "item_group",
    "items": [
      [
        "offering_chalice",
        25
      ],
      [
        "blood_athame",
        20
      ],
      [
        "hexenhammer",
        10
      ],
      [
        "silver_glyph",
        5
      ],
      [
        "scroll_blank",
        5
      ],
      [
        "mana_gem",
        5
      ]
    ]
  },
  {
    "id": "magic_books",
    "type": "item_group",
    "items": [
      [
        "book_magicfordummies",
        5
      ],
      [
        "book_potioncraft",
        10
      ],
      [
        "book_scrollcraft",
        10
      ],
      [
        "book_hexenhammer",
        5
      ],
      [
        "book_sacrifice",
        10
      ],
      [
        "book_bloodmagic",
        10
      ],
      [
        "book_summoning",
        5
      ],
      [
        "book_syncretism",
        1
      ]
    ]
  },
  {
    "id": "unaligned_arcanist_books",
    "type": "item_group",
    "items": [
      [
        "novel_drama",
        10
      ],
      [
        "novel_experimental",
        15
      ],
      [
        "philosophy_book",
        15
      ],
      [
        "poetry_book",
        10
      ],
      [
        "book_potioncraft",
        25
      ],
      [
        "book_scrollcraft",
        15
      ],
      [
        "book_summoning",
        10
      ]
    ]
  },
  {
    "id": "unaligned_arcanist_spells",
    "type": "item_group",
    "items": [
      [
        "scroll_spell_confusion",
        1
      ],
      [
        "scroll_spell_plants",
        1
      ],
      [
        "scroll_spell_might",
        1
      ],
      [
        "scroll_spell_clarity",
        1
      ],
      [
        "scroll_spell_heal",
        1
      ],
      [
        "scroll_spell_flame_armor",
        1
      ],
      [
        "scroll_spell_invis",
        1
      ],
      [
        "scroll_spell_free_action",
        1
      ],
      [
        "scroll_spell_acidspray",
        1
      ]
    ]
  },
  {
    "id": "add_apprentice",
    "type": "item_group",
    "subtype": "collection",
    "entries": [
      {
        "item": "book_magicfordummies"
      }
    ]
  },
  {
    "id": "essence",
    "type": "item_group",
    "items": [
      [
        "essence",
        1
      ]
    ]
  },
  {
    "id": "essence_blood",
    "type": "item_group",
    "items": [
      {
        "item": "essence_blood",
        "prob": 100,
        "count": [
          1,
          3
        ]
      }
    ]
  },
  {
    "id": "essence_boss",
    "type": "item_group",
    "items": [
      {
        "item": "essence",
        "prob": 100,
        "count": [
          2,
          5
        ]
      }
    ]
  },
  {
    "id": "essence_nether",
    "type": "item_group",
    "items": [
      {
        "item": "essence",
        "prob": 100,
        "count": [
          1,
          3
        ]
      }
    ]
  },
  {
    "id": "dermatik_sting",
    "type": "item_group",
    "items": [
      [
        "dermatik_sting",
        1
      ]
    ]
  },
  {
    "id": "graboid_fang",
    "type": "item_group",
    "items": [
      [
        "graboid_fang",
        1
      ]
    ]
  },
  {
    "id": "triffid_queen_flower",
    "type": "item_group",
    "items": [
      [
        "triffid_queen_flower",
        1
      ]
    ]
  },
  {
    "id": "vortex_shard",
    "type": "item_group",
    "items": [
      [
        "vortex_shard",
        1
      ]
    ]
  },
  {
    "id": "blob_gem",
    "type": "item_group",
    "items": [
      [
        "blob_gem",
        1
      ]
    ]
  },
  {
    "id": "monster_tear",
    "type": "item_group",
    "items": [
      [
        "monster_tear",
        1
      ]
    ]
  },
  {
    "id": "shadow_gem",
    "type": "item_group",
    "items": [
      [
        "shadow_gem",
        1
      ]
    ]
  },
  {
    "id": "bone_twisted",
    "type": "item_group",
    "items": [
      [
        "bone_twisted",
        1
      ]
    ]
  },
  {
    "id": "gracken_knuckles",
    "type": "item_group",
    "items": [
      [
        "gracken_knuckles",
        1
      ]
    ]
  },
  {
    "id": "wyrmskin_piece",
    "type": "item_group",
    "items": [
      [
        "wyrmskin_piece",
        1
      ]
    ]
  },
  {
    "id": "monster_fang",
    "type": "item_group",
    "items": [
      [
        "monster_fang",
        1
      ]
    ]
  },
  {
    "id": "iridescent_plate",
    "type": "item_group",
    "items": [
      [
        "iridescent_plate",
        1
      ]
    ]
  },
  {
    "id": "engraved_stone",
    "type": "item_group",
    "items": [
      [
        "engraved_stone",
        1
      ]
    ]
  },
  {
    "id": "arcana_hunt_random",
    "type": "item_group",
    "items": [
      [
        "iron_thorn",
        5
      ],
      [
        "inflorescent_root",
        5
      ],
      [
        "graboid_fang",
        5
      ],
      [
        "triffid_queen_flower",
        5
      ],
      [
        "dermatik_sting",
        10
      ],
      [
        "vortex_shard",
        5
      ],
      [
        "blob_gem",
        15
      ],
      [
        "monster_tear",
        10
      ],
      [
        "shadow_gem",
        5
      ],
      [
        "bone_twisted",
        10
      ],
      [
        "gracken_knuckles",
        5
      ],
      [
        "wyrmskin_piece",
        5
      ],
      [
        "monster_fang",
        15
      ],
      [
        "iridescent_plate",
        15
      ],
      [
        "engraved_stone",
        10
      ]
    ]
  },
  {
    "id": "lab_magitech_general",
    "//": "Mishmash of tools, books, and supplies that might be used for anomalous research, including some finished products.",
    "type": "item_group",
    "items": [
      [
        "recipe_lab_arcana",
        5
      ],
      [
        "recipe_lab_elec",
        3
      ],
      [
        "recipe_mil_augs",
        2
      ],
      {
        "group": "tools_science",
        "prob": 15
      },
      {
        "group": "tools_gunsmith",
        "prob": 5
      },
      {
        "group": "magic_crafting",
        "prob": 10
      },
      {
        "group": "supplies_electronics",
        "prob": 15
      },
      {
        "group": "tools_mechanic",
        "prob": 5
      },
      {
        "group": "lab_misc_anomalous_items",
        "prob": 2
      },
      {
        "group": "lab_magitech_bionics",
        "prob": 3
      },
      {
        "group": "lab_magitech_other",
        "prob": 5
      },
      {
        "group": "magic_books",
        "prob": 5
      },
      {
        "group": "supplies_mechanics",
        "prob": 10
      },
      {
        "group": "arcana_hunt_random",
        "prob": 10
      },
      {
        "group": "magic_tools",
        "prob": 5
      }
    ]
  },
  {
    "id": "lab_misc_anomalous_items",
    "//": "A smattering of non-magitech tools and materials of anomalous origin.",
    "type": "item_group",
    "items": [
      {
        "item": "meat_frond",
        "prob": 10,
        "charges": 2,
        "container-item": "jar_glass_sealed"
      },
      {
        "item": "leech_flower",
        "prob": 5,
        "charges": 2,
        "container-item": "jar_glass_sealed"
      },
      {
        "item": "meat_bark",
        "prob": 5,
        "charges": 2,
        "container-item": "jar_glass_sealed"
      },
      {
        "item": "veggy_tainted",
        "prob": 10,
        "charges": 2,
        "container-item": "jar_glass_sealed"
      },
      [
        "marloss_berry",
        4
      ],
      [
        "marloss_seed",
        3
      ],
      [
        "marloss_gel",
        3
      ],
      {
        "item": "veggy",
        "prob": 10,
        "charges": 2,
        "container-item": "jar_glass_sealed"
      },
      [
        "stick_fiber",
        4
      ],
      [
        "fighter_sting",
        3
      ],
      [
        "biollante_bud",
        3
      ],
      [
        "resin_chunk",
        15
      ],
      [
        "alien_pod_resin",
        5
      ],
      [
        "exodii_chassis",
        3
      ],
      [
        "exodii_drone_chassis",
        3
      ],
      [
        "cyborg_matrix",
        2
      ],
      [
        "exodii_computer",
        2
      ],
      [
        "exodii_module",
        2
      ],
      [
        "exodii_sensor",
        2
      ],
      [
        "exodii_motor",
        2
      ],
      [
        "exodii_scanner_dish",
        2
      ],
      [
        "exodii_portalizer",
        2
      ],
      [
        "spiral_stone",
        9
      ],
      [
        "petrified_eye",
        5
      ],
      [
        "vortex_stone",
        4
      ],
      [
        "tindalos_whistle",
        1
      ],
      {
        "group": "arcana_hunt_random",
        "prob": 20
      }
    ]
  },
  {
    "id": "lab_magitech_weaponry",
    "//": "Weapons and gunmods that rely on magitech.",
    "type": "item_group",
    "items": [
      [
        "electrothermal_arc_cannon",
        50
      ],
      [
        "bio_electrothermal_arc_projector",
        25
      ],
      [
        "arcane_accelerator_railgun",
        10
      ],
      [
        "arcane_accelerator_plasma",
        10
      ],
      [
        "arcane_accelerator_nuke",
        5
      ]
    ]
  },
  {
    "id": "lab_magitech_bionics",
    "//": "Arcana-only magitech CBMs.",
    "type": "item_group",
    "items": [
      [
        "bio_electrothermal_arc_projector",
        25
      ],
      [
        "bio_rift_focus_projector",
        10
      ],
      [
        "bio_essence_surge_cell",
        30
      ],
      [
        "bio_temporal_stimulation",
        25
      ],
      [
        "bio_life_sign_suppression",
        10
      ]
    ]
  },
  {
    "id": "lab_magitech_other",
    "//": "Misc tools and vehiclepart items involving magitech.",
    "type": "item_group",
    "items": [
      [
        "distortion_amp_motor_item",
        20
      ],
      [
        "essence_surge_generator_item",
        35
      ],
      [
        "coalescent_converter",
        5
      ],
      [
        "thermic_essence_cutter",
        35
      ],
      [
        "spatial_displacer",
        5
      ]
    ]
  }
]