[
  {
    "id": "sanguine_cult_books",
    "type": "item_group",
    "items": [
      [
        "poetry_book",
        10
      ],
      [
        "novel_drama",
        10
      ],
      [
        "essay_book",
        10
      ],
      [
        "plays_book",
        5
      ],
      [
        "philosophy_book",
        5
      ],
      [
        "cookbook_human",
        5
      ],
      [
        "textbook_speech",
        5
      ],
      [
        "book_bloodmagic",
        25
      ],
      [
        "book_potioncraft",
        15
      ],
      [
        "book_summoning",
        10
      ],
      [
        "manual_silat",
        3
      ],
      [
        "manual_dragon",
        2
      ]
    ]
  },
  {
    "id": "sanguine_cult_spells",
    "type": "item_group",
    "items": [
      [
        "scroll_spell_confusion",
        1
      ],
      [
        "scroll_spell_agile",
        1
      ],
      [
        "scroll_spell_elecresist",
        1
      ],
      [
        "scroll_spell_clarity",
        1
      ],
      [
        "scroll_spell_acidspray",
        1
      ]
    ]
  },
  {
    "id": "sanguine_cult_gear",
    "type": "item_group",
    "items": [
      [
        "blood_athame",
        10
      ],
      [
        "bloodaxe",
        3
      ],
      [
        "bloodscourge",
        2
      ],
      [
        "armor_wyrm",
        3
      ],
      [
        "revenant_crown",
        2
      ]
    ]
  },
  {
    "id": "sanguine_cult_consumables",
    "type": "item_group",
    "items": [
      [
        "numbness_potion",
        4
      ],
      [
        "strength_potion",
        2
      ],
      [
        "speed_potion",
        3
      ],
      [
        "healing_potion",
        1
      ],
      [
        "summon_kreck",
        2
      ],
      [
        "summon_blank",
        2
      ],
      [
        "summon_flaming_eye",
        2
      ],
      [
        "summon_hunting_horror",
        2
      ],
      [
        "summon_flying_polyp",
        1
      ],
      [
        "summon_mi_go",
        1
      ],
      [
        "summon_yugg",
        1
      ],
      [
        "summon_shoggoth",
        1
      ],
      [
        "portal",
        1
      ]
    ]
  },
  {
    "id": "sanguine_cult_crafting",
    "type": "item_group",
    "items": [
      {
        "item": "essence_blood",
        "prob": 30,
        "count": [
          1,
          3
        ]
      },
      [
        "gold_small",
        10
      ],
      [
        "silver_small",
        25
      ],
      [
        "bone_human",
        25
      ],
      [
        "rag",
        15
      ],
      [
        "vacutainer",
        20
      ],
      [
        "scrap",
        30
      ],
      [
        "diamond",
        5
      ],
      [
        "jade_brooch",
        5
      ]
    ]
  },
  {
    "id": "sanguine_cult_casualties",
    "type": "item_group",
    "subtype": "collection",
    "entries": [
      {
        "group": "clothing_outdoor_set",
        "damage": [
          1,
          4
        ]
      },
      {
        "group": "sanguine_cult_gear",
        "prob": 15,
        "damage": [
          1,
          4
        ]
      },
      {
        "group": "sanguine_cult_consumables",
        "prob": 25
      },
      {
        "group": "sanguine_cult_crafting",
        "prob": 25
      },
      {
        "item": "bone_human",
        "prob": 100,
        "count": [
          3,
          9
        ]
      }
    ]
  },
  {
    "id": "sanguine_cult_casualties_fresh",
    "type": "item_group",
    "subtype": "collection",
    "entries": [
      {
        "group": "clothing_outdoor_set",
        "damage": [
          1,
          4
        ]
      },
      {
        "group": "sanguine_cult_gear",
        "prob": 15,
        "damage": [
          1,
          4
        ]
      },
      {
        "group": "sanguine_cult_consumables",
        "prob": 25
      },
      {
        "group": "sanguine_cult_crafting",
        "prob": 25
      },
      {
        "group": "arcanist_corpses_adult_random",
        "damage": 4
      }
    ]
  },
  {
    "id": "sanguine_ritual",
    "type": "item_group",
    "subtype": "collection",
    "entries": [
      {
        "item": "silver_glyph"
      },
      {
        "item": "essence_blood"
      },
      {
        "item": "cleric_ring"
      }
    ]
  }
]