
[
  {
    "type":"WHEEL",
    "id": "Titanium_alloy_wheel",
    "symbol": "|",
    "color": "brown",
    "name": "碳合金车轮",
    "description": "使用碳合金制作的轮胎。",
    "price": 8000,
    "material": ["wxkj_Adamantium"],
    "weight": 5000,
    "volume": 10,
    "diameter": 40,
    "width": 10,
    "category": "veh_parts"
  },

  {
    "type" : "vehicle_part",
    "id" : "Titanium_alloy_wheel_part1",
    "name" : "碳合金车轮(可折叠)",
    "description": "使用碳合金制作的小型轮胎。",
    "symbol" : "o",
    "color" : "brown",
    "broken_symbol" : "x",
    "broken_color" : "light_gray",
    "damage_modifier" : 200,
    "durability" : 600,
    "item" : "Titanium_alloy_wheel",
    "difficulty" : 7,
    "folded_volume": 10,
    "location" : "under",
    "flags" : ["WHEEL","STABLE",  "STEERABLE","FLIES","FOLDABLE"],
    "breaks_into" : [ {"item": "splinter", "count": [10, 20]} ]
  },
   {
    "type" : "vehicle_part",
    "id" : "Titanium_alloy_wheel_part2",
    "name" : "碳合金车轮",
    "description": "使用碳合金制作的小型轮胎。",
    "symbol" : "o",
    "color" : "brown",
    "broken_symbol" : "x",
    "broken_color" : "light_gray",
    "damage_modifier" : 200,
    "durability" : 1000,
    "item" : "Titanium_alloy_wheel",
    "difficulty" : 6,
    "location" : "under",
    "flags" : ["WHEEL","STABLE",  "STEERABLE","FLIES"],
    "breaks_into" : [ {"item": "splinter", "count": [10, 20]} ]
  }
  
  
]
