[
	{
		"id": "MISSION_ANTHRO_CANINE_1",
		"type": "mission_definition",
		"name": "找狗粮",
		"goal": "MGOAL_FIND_ITEM",
		"difficulty": 1,
		"value": 10000,
		"item": "dogfood",
		"origins": [ "ORIGIN_OPENER_NPC" ],
		"followup": "MISSION_ANTHRO_SHELTER",
		"dialogue": {
			"describe": "我有一件事想拜托你。能听我说吗？",
			"offer": "你有多余的狗粮吗？当然，自从我变成这样以后，我就可以吃人的食物了，但我真的很怀念那种味道。",
			"accepted": "谢谢你，主人！",
			"rejected": "你要留着它吗？哦...",
			"advice": "我认为手工制作一定是最快的方法。任何成分都可以。",
			"inquire": "你找到狗粮了吗？没关系，慢慢来。",
			"success": "耶！对对，这个味道，这个香味...啊——！...我不是故意用这种姿势吃的...嗯...不管怎样，谢谢你，主人！",
			"success_lie": "...主人，这个谎不管怎么说都有些牵强吧...",
			"failure": "不行吗？哦..."
		}
	},
	{
		"id": "MISSION_ANTHRO_FELINE_1",
		"type": "mission_definition",
		"name": "找猫粮",
		"goal": "MGOAL_FIND_ITEM",
		"difficulty": 1,
		"value": 10000,
		"item": "catfood",
		"origins": [ "ORIGIN_OPENER_NPC" ],
		"followup": "MISSION_ANTHRO_SHELTER",
		"dialogue": {
			"describe": "我有一件事想拜托你。能听我说吗？",
			"offer": "你有多余的猫粮吗？当然，自从我变成这样以后，我就可以吃人的食物了，但我真的很怀念那种味道。",
			"accepted": "谢谢你，主人！",
			"rejected": "你要留着它吗？哦...",
			"advice": "我认为手工制作一定是最快的方法。任何成分都可以。",
			"inquire": "你找到猫粮了吗？没关系，慢慢来。",
			"success": "耶！对对，这个味道，这个香味...啊——！...我不是故意用这种姿势吃的...嗯...不管怎样，谢谢你，主人！",
			"success_lie": "...主人，这个谎不管怎么说都有些牵强吧...",
			"failure": "不行吗？哦..."
		}
	},
	{
		"id": "MISSION_ANTHRO_SHELTER",
		"type": "mission_definition",
		"name": "去动物收容所",
		"goal": "MGOAL_GO_TO_TYPE",
		"difficulty": 2,
		"value": 150000,
		"origins": [ "ORIGIN_SECONDARY" ],
		"destination": "animalshelter",
		"dialogue": {
			"describe": "我有一件事想拜托你。能听我说吗？",
			"offer": "那个，我们能顺便去一下动物收容所吗？我只是想知道，在变成这样之前的朋友还在不在那呢。",
			"accepted": "谢谢你，主人！",
			"rejected": "不行吗？哦...",
			"advice": "因为建筑物在城镇里，所以我们在去那里之前应该尽可能做好准备。",
			"inquire": "我们到了吗？",
			"success": "谢谢你带我来这里。虽然与期待的不同，但，多亏了你，我现在感觉好多了。",
			"success_lie": "...嗯，至少主人努力过了吧？对吧...？",
			"failure": "不行吗？哦..."
		}
	},
	{
		"id": "MISSION_ANTHRO_URSINE_1",
		"type": "mission_definition",
		"name": "找个蜂巢",
		"goal": "MGOAL_GO_TO_TYPE",
		"difficulty": 2,
		"value": 80000,
		"origins": [ "ORIGIN_OPENER_NPC" ],
		"followup": "MISSION_ANTHRO_URSINE_2",
		"destination": "hive",
		"dialogue": {
			"describe": "我有一件事想拜托你。能听我说吗？",
			"offer": "如果所有这些昆虫都长得这么大，那就意味着它们的巢也应该同样很大...那就决定了，主人，我们去打劫蜂巢吧！",
			"accepted": "谢谢你，主人！",
			"rejected": "不行吗？哦...",
			"advice": "我们应该事先做好准备，因为我们可能会被一群愤怒的大蜜蜂攻击。",
			"inquire": "我们到了吗？",
			"success": "非常感谢您抽出时间带我来这里，主人！有那么多蜂蜜还要吃其他东西吗...Uhehe！",
			"success_lie": "...嗯，至少主人努力过吧？",
			"failure": "不行吗？哦..."
		}
	},
	{
		"id": "MISSION_ANTHRO_URSINE_2",
		"type": "mission_definition",
		"name": "获得皇家牛排",
		"goal": "MGOAL_FIND_ITEM",
		"difficulty": 3,
		"value": 80000,
		"item": "royal_beef",
		"origins": [ "ORIGIN_SECONDARY" ],
		"dialogue": {
			"describe": "我有一件事想拜托你。能听我说吗？",
			"offer": "你知道皇家牛肉是什么吗？在肉上浇上蜂王浆的料理。我知道这一定很珍贵，但是只要一次就好，无论如何也想要尝一尝...",
			"accepted": "谢谢你，主人！",
			"rejected": "不行？嗯...毕竟是贵重的东西嘛...",
			"advice": "如果你在找蜂王浆，它很可能在蜂巢里有。",
			"inquire": "嗯，皇家牛排...",
			"success": "噢，这是皇家牛肉！...嗯...的确很好吃啦但...和单独去吃蜂王浆没什么不同的样子...嗯...不管怎样，谢谢你，主人！",
			"success_lie": "...主人，这个谎不管怎么说都有些牵强吧...",
			"failure": "不行吗？哦..."
		}
	}
]
