[
	{
		"type" : "npc",
		"id" : "darkdays_children",

		"name_unique" : "黑暗时代的孩子",
		"class" : "NC_DD_CHILDREN",
		"attitude" : 0,
		"mission" : 7,
		"chat" : "TALK_DD_CHILDREN",
		"faction" : "your_followers"
	},
	{
		"type" : "npc",
		"id" : "demonbeing_schoolgirl",
		"//" : "NOTE:genderはname_uniqueを設定しないと無効になる。最初それを知らずに髭面のおっさんの女子生徒が生成されて悲しみが鬼なった",
		"name_unique" : "佐天泪子",
		"//" : "限定性别的npc必须有name_unique唯一名字，因为是穿水手服的女生，所以名字要起日本名字,因为烹饪技能4到8级，所以起了会厨艺的动漫女生名字。",
		"name_suffix" : "女学生",
		"class" : "NC_DEMONBEING_SCHOOLGIRL",
		"gender" : "female",
		"attitude" : 0,
		"mission" : 7,
		"chat" : "TALK_DEMONBEING_SCHOOLGIRL",
		"faction" : "your_followers"
	},

	{
		"type" : "npc",
		"//" : "ペット(サキュバス)。人間に近い。",
		"id" : "anthro_succubi_morehuman",
		"name_unique" : "宠物(魅魔)",
		"class" : "NC_ANTHRO_SUCCUBI_MOREHUMAN",
		"gender" : "female",
		"attitude" : 0,
		"mission" : 7,
		"chat" : "TALK_ANTHRO_CUBI",
		"faction" : "your_followers"
	},
	{
		"type" : "npc",
		"//" : "ペット(サキュバス)。わりと悪魔的。",
		"id" : "anthro_succubi_lesshuman",
		"name_unique" : "宠物(魅魔)",
		"class" : "NC_ANTHRO_SUCCUBI_LESSHUMAN",
		"gender" : "female",
		"attitude" : 0,
		"mission" : 7,
		"chat" : "TALK_ANTHRO_CUBI",
		"faction" : "your_followers"
	},
	{
		"type" : "npc",
		"//" : "ペット(インキュバス)。人間に近い。",
		"id" : "anthro_incubi_morehuman",
		"name_unique" : "宠物(梦魇)",
		"class" : "NC_ANTHRO_INCUBI_MOREHUMAN",
		"gender" : "male",
		"attitude" : 0,
		"mission" : 7,
		"chat" : "TALK_ANTHRO_CUBI",
		"faction" : "your_followers"
	},
	{
		"type" : "npc",
		"//" : "ペット(インキュバス)。わりと悪魔的。",
		"id" : "anthro_incubi_lesshuman",
		"name_unique" : "宠物(梦魇)",
		"class" : "NC_ANTHRO_INCUBI_LESSHUMAN",
		"gender" : "male",
		"attitude" : 0,
		"mission" : 7,
		"chat" : "TALK_ANTHRO_CUBI",
		"faction" : "your_followers"
	},

	{
		"//" : "↓こっから男の子ペットの定義。定義がめんどくさすぎて困る↓",
		"type" : "npc",
		"//" : "ペット(犬)。人間に近い。",
		"id" : "anthro_canine_morehuman_male",
		"name_unique" : "宠物(狗)",
		"class" : "NC_ANTHRO_CANINE_MOREHUMAN_MALE",
		"gender" : "male",
		"attitude" : 0,
		"mission" : 7,
		"chat" : "TALK_ANTHRO_PET",
		"faction" : "your_followers",
		"mission_offered" : "MISSION_ANTHRO_CANINE_1"
	},
	{
		"type" : "npc",
		"//" : "ペット(犬)。半分半分。",
		"id" : "anthro_canine_half_male",
		"name_unique" : "宠物(狗)",
		"class" : "NC_ANTHRO_CANINE_HALF_MALE",
		"gender" : "male",
		"attitude" : 0,
		"mission" : 7,
		"chat" : "TALK_ANTHRO_PET",
		"faction" : "your_followers",
		"mission_offered" : "MISSION_ANTHRO_CANINE_1"
	},
	{
		"type" : "npc",
		"//" : "ペット(犬)。より動物に近い。",
		"id" : "anthro_canine_lesshuman_male",
		"name_unique" : "宠物(狗)",
		"class" : "NC_ANTHRO_CANINE_LESSHUMAN_MALE",
		"gender" : "male",
		"attitude" : 0,
		"mission" : 7,
		"chat" : "TALK_ANTHRO_PET",
		"faction" : "your_followers",
		"mission_offered" : "MISSION_ANTHRO_CANINE_1"
	},

	{
		"type" : "npc",
		"//" : "ペット(猫)。人間に近い。",
		"id" : "anthro_feline_morehuman_male",
		"name_unique" : "宠物(猫)",
		"class" : "NC_ANTHRO_FELINE_MOREHUMAN_MALE",
		"gender" : "male",
		"attitude" : 0,
		"mission" : 7,
		"chat" : "TALK_ANTHRO_PET",
		"faction" : "your_followers",
		"mission_offered" : "MISSION_ANTHRO_FELINE_1"
	},
	{
		"type" : "npc",
		"//" : "ペット(猫)。半分半分。",
		"id" : "anthro_feline_half_male",
		"name_unique" : "宠物(猫)",
		"class" : "NC_ANTHRO_FELINE_HALF_MALE",
		"gender" : "male",
		"attitude" : 0,
		"mission" : 7,
		"chat" : "TALK_ANTHRO_PET",
		"faction" : "your_followers",
		"mission_offered" : "MISSION_ANTHRO_FELINE_1"
	},
	{
		"type" : "npc",
		"//" : "ペット(猫)。より動物に近い。",
		"id" : "anthro_feline_lesshuman_male",
		"name_unique" : "宠物(猫)",
		"class" : "NC_ANTHRO_FELINE_LESSHUMAN_MALE",
		"gender" : "male",
		"attitude" : 0,
		"mission" : 7,
		"chat" : "TALK_ANTHRO_PET",
		"faction" : "your_followers",
		"mission_offered" : "MISSION_ANTHRO_FELINE_1"
	},

	{
		"type" : "npc",
		"//" : "ペット(熊)。人間に近い。",
		"id" : "anthro_ursine_morehuman_male",
		"name_unique" : "宠物(熊)",
		"class" : "NC_ANTHRO_URSINE_MOREHUMAN_MALE",
		"gender" : "male",
		"attitude" : 0,
		"mission" : 7,
		"chat" : "TALK_ANTHRO_PET",
		"faction" : "your_followers",
		"mission_offered" : "MISSION_ANTHRO_URSINE_1"
	},
	{
		"type" : "npc",
		"//" : "ペット(熊)。半分半分。",
		"id" : "anthro_ursine_half_male",
		"name_unique" : "宠物(熊)",
		"class" : "NC_ANTHRO_URSINE_HALF_MALE",
		"gender" : "male",
		"attitude" : 0,
		"mission" : 7,
		"chat" : "TALK_ANTHRO_PET",
		"faction" : "your_followers",
		"mission_offered" : "MISSION_ANTHRO_URSINE_1"
	},
	{
		"type" : "npc",
		"//" : "ペット(熊)。より動物に近い。",
		"id" : "anthro_ursine_lesshuman_male",
		"name_unique" : "宠物(熊)",
		"class" : "NC_ANTHRO_URSINE_LESSHUMAN_MALE",
		"gender" : "male",
		"attitude" : 0,
		"mission" : 7,
		"chat" : "TALK_ANTHRO_PET",
		"faction" : "your_followers",
		"mission_offered" : "MISSION_ANTHRO_URSINE_1"
	},

	{
		"//" : "↓こっから女の子ペットの定義。女の子ペットって響きが、その...ちょっとHENTAI的。↓",
		"type" : "npc",
		"//" : "ペット(犬)。人間に近い。",
		"id" : "anthro_canine_morehuman_female",
		"name_unique" : "宠物(狗)",
		"class" : "NC_ANTHRO_CANINE_MOREHUMAN_FEMALE",
		"gender" : "female",
		"attitude" : 0,
		"mission" : 7,
		"chat" : "TALK_ANTHRO_PET",
		"faction" : "your_followers",
		"mission_offered" : "MISSION_ANTHRO_CANINE_1"
	},
	{
		"type" : "npc",
		"//" : "ペット(犬)。半分半分。",
		"id" : "anthro_canine_half_female",
		"name_unique" : "宠物(狗)",
		"class" : "NC_ANTHRO_CANINE_HALF_FEMALE",
		"gender" : "female",
		"attitude" : 0,
		"mission" : 7,
		"chat" : "TALK_ANTHRO_PET",
		"faction" : "your_followers",
		"mission_offered" : "MISSION_ANTHRO_CANINE_1"
	},
	{
		"type" : "npc",
		"//" : "ペット(犬)。より動物に近い。",
		"id" : "anthro_canine_lesshuman_female",
		"name_unique" : "宠物(狗)",
		"class" : "NC_ANTHRO_CANINE_LESSHUMAN_FEMALE",
		"gender" : "female",
		"attitude" : 0,
		"mission" : 7,
		"chat" : "TALK_ANTHRO_PET",
		"faction" : "your_followers",
		"mission_offered" : "MISSION_ANTHRO_CANINE_1"
	},

	{
		"type" : "npc",
		"//" : "ペット(猫)。人間に近い。",
		"id" : "anthro_feline_morehuman_female",
		"name_unique" : "宠物(猫)",
		"class" : "NC_ANTHRO_FELINE_MOREHUMAN_FEMALE",
		"gender" : "female",
		"attitude" : 0,
		"mission" : 7,
		"chat" : "TALK_ANTHRO_PET",
		"faction" : "your_followers",
		"mission_offered" : "MISSION_ANTHRO_FELINE_1"
	},
	{
		"type" : "npc",
		"//" : "ペット(猫)。半分半分。",
		"id" : "anthro_feline_half_female",
		"name_unique" : "宠物(猫)",
		"class" : "NC_ANTHRO_FELINE_HALF_FEMALE",
		"gender" : "female",
		"attitude" : 0,
		"mission" : 7,
		"chat" : "TALK_ANTHRO_PET",
		"faction" : "your_followers",
		"mission_offered" : "MISSION_ANTHRO_FELINE_1"
	},
	{
		"type" : "npc",
		"//" : "ペット(猫)。より動物に近い。",
		"id" : "anthro_feline_lesshuman_female",
		"name_unique" : "宠物(猫)",
		"class" : "NC_ANTHRO_FELINE_LESSHUMAN_FEMALE",
		"gender" : "female",
		"attitude" : 0,
		"mission" : 7,
		"chat" : "TALK_ANTHRO_PET",
		"faction" : "your_followers",
		"mission_offered" : "MISSION_ANTHRO_FELINE_1"
	},

	{
		"type" : "npc",
		"//" : "ペット(熊)。人間に近い。",
		"id" : "anthro_ursine_morehuman_female",
		"name_unique" : "宠物(熊)",
		"class" : "NC_ANTHRO_URSINE_MOREHUMAN_FEMALE",
		"gender" : "female",
		"attitude" : 0,
		"mission" : 7,
		"chat" : "TALK_ANTHRO_PET",
		"faction" : "your_followers",
		"mission_offered" : "MISSION_ANTHRO_URSINE_1"
	},
	{
		"type" : "npc",
		"//" : "ペット(熊)。半分半分。",
		"id" : "anthro_ursine_half_female",
		"name_unique" : "宠物(熊)",
		"class" : "NC_ANTHRO_URSINE_HALF_FEMALE",
		"gender" : "female",
		"attitude" : 0,
		"mission" : 7,
		"chat" : "TALK_ANTHRO_PET",
		"faction" : "your_followers",
		"mission_offered" : "MISSION_ANTHRO_URSINE_1"
	},
	{
		"type" : "npc",
		"//" : "ペット(熊)。より動物に近い。",
		"id" : "anthro_ursine_lesshuman_female",
		"name_unique" : "宠物(熊)",
		"class" : "NC_ANTHRO_URSINE_LESSHUMAN_FEMALE",
		"gender" : "female",
		"attitude" : 0,
		"mission" : 7,
		"chat" : "TALK_ANTHRO_PET",
		"faction" : "your_followers",
		"mission_offered" : "MISSION_ANTHRO_URSINE_1"
	}
]
