[
	{
		"id": "TALK_ANTHRO_CUBI",
		"type": "talk_topic",
		"dynamic_line": "啊，这是什么啊！？你干了些什么！",
		"responses": [
			{
				"text": "使用血清(人)。",
				"topic": "TALK_ANTHRO_CUBI_ITS_MY_TREAT"
			},
			{
				"text": "等等，还是再考虑一下吧...",
				"topic": "TALK_DONE"
			}
		]
	},
	{
		"id": "TALK_ANTHRO_CUBI_ITS_MY_TREAT",
		"type": "talk_topic",
		"dynamic_line": "我不太明白，但我想这意味着我现在是一个人了，哈。我不能用我以前的能力，这有点糟...但像其他同类那样，为了寻找稀少猎物而疯狂，相比之下哪个好呢。",
		"responses": [
			{
				"text": "很高兴能这样说话。来。一起走吧。",
				"success": {
					"effect": "follow",
					"opinion": {
						"trust": 5,
						"value": 5
					},
					"topic": "TALK_ANTHRO_CUBI_BE_FELLOW"
				}
			},
			{
				"text": "你还是我的宠物，别忘了。快过来，别让我久等了，宠物。",
				"success": {
					"effect": "follow",
					"opinion": {
						"anger": 5,
						"fear": 5,
						"trust": -5,
						"value": 5
					},
					"topic": "TALK_ANTHRO_CUBI_BADBOY"
				}
			}
		]
	},
	{
		"id": "TALK_ANTHRO_CUBI_BE_FELLOW",
		"type": "talk_topic",
		"dynamic_line": "好的好——的。我现在变成这副摸样都是因为你的缘故、所以要好好负责啊，主——人♪",
		"responses": [
			{
				"text": "(结束对话)",
				"topic": "TALK_DONE"
			}
		]
	},
	{
		"id": "TALK_ANTHRO_CUBI_BADBOY",
		"type": "talk_topic",
		"dynamic_line": "好，很好。因为你这种态度而哪天被背刺了话可别怪我。",
		"responses": [
			{
				"text": "(结束对话)",
				"topic": "TALK_DONE"
			}
		]
	}
]
