[{

	
"type": "mod_tileset",
	
"compatibility": [ "MSX++DEAD_PEOPLE","MshockXottoplus","MShock32Modded","ChestHole_iso","ChestHole32"],
	
"tiles-new": [
		
{
		
"file": "tree32x32.png",
    "sprite_width":32,
    "sprite_height":32,   
    "tiles":
    [        
        
         {
          "id": "t_treeym_almond",
          "fg": 0,          
          "rotates": false         
         },
         {
          "id": "t_treeym_apple",
          "fg": 0,          
          "rotates": false         
         },
         {
          "id": "t_treeym_apricot",
          "fg": 0,          
          "rotates": false         
         },
         {
          "id": "t_treeym_beech",
          "fg": 0,          
          "rotates": false        
         },
         {
          "id": "t_treeym_cherry",
          "fg": 0,          
          "rotates": false         
         },
         {
          "id": "t_treeym_chestnut",
          "fg": 0,          
          "rotates": false         
         },
         {
          "id": "t_treeym_coffee",
          "fg": 0,          
          "rotates": false         
         },
         {
          "id": "t_treeym_elderberry",
          "fg": 0,          
          "rotates": false         
         },
         {
          "id": "t_treeym_hazelnut",
          "fg": 0,          
          "rotates": false         
         },
         {
          "id": "t_treeym_hickory",
          "fg": 0,          
          "rotates": false         
         },
		 {
          "id": "t_treeym_juniper",
          "fg": 0,          
          "rotates": false         
         },
		 {
          "id": "t_treeym_mulberry",
          "fg": 0,          
          "rotates": false         
         },
		 {
          "id": "t_treeym",
          "fg": 0,          
          "rotates": false         
         },
		 {
          "id": "t_treeym_peach",
          "fg": 0,          
          "rotates": false         
         },
		 {
          "id": "t_treeym_pear",
          "fg": 0,          
          "rotates": false         
         },
		 {
          "id": "t_treeym_pistachio",
          "fg": 0,          
          "rotates": false         
         },
		 {
          "id": "t_treeym_plum",
          "fg": 0,          
          "rotates": false         
         },
		 {
          "id": "t_treeym_walnut",
          "fg": 0,          
          "rotates": false         
         }
         
         
		

]}


]
	
	 



}]   