[
	{
        "type" : "mutation_category",
        "id" : "sp_overdraw",
        "name" : "天命透支系",
		"threshold_mut" : "THRESH_OVERDRAW",
        "mutagen_message" : "大量天命化为纯粹能量注入体内，弭平你陨落时溃散的命运，你感觉身上的负担减轻了。",
        "iv_message" : "大量天命化为纯粹能量注入体内，弭平你陨落时溃散的命运，你感觉身上的负担减轻了。",
        "memorial_message" : "大量天命化为纯粹能量注入体内，弭平你陨落时溃散的命运，你感觉身上的负担减轻了。"
	},{
        "type" : "mutation",
        "id" : "THRESH_OVERDRAW",
        "name" : "超凡者游戏─天命透支",
        "points" : 0,
        "description" : "debug专用",
        "valid": false,
        "purifiable": false,
        "threshold": true
	},{
		"id": "stone_of_time",
		"type": "TOOL",
		"category" : "GS_resoure",		
		"symbol": "*",
		"color": "dark_gray",
		"name": "驱神石",
		"description": "这颗晶石存有残缺的时空法则，你用这股力量将自己锁定在身死道消的前一刻，这是扭转命运的锁匙。\n \n※用天命币注满后激活，逆转天命透支的状态。",
		"material": ["super_mt"],
		"ammo": "destiny_silver_type",
		"max_charges": 5,
		"charges_per_use": 5,
		"use_action" : {
         "type" : "mutagen",
         "mutation_category" : "sp_overdraw"
        },
		"flags" : ["sp_overdraw","UNBREAKABLE_MELEE"]
	},{
        "type" : "mutation",
        "id" : "OVERDRAW_1",
        "name" : "天命透支LV3",
        "points" : -25,
        "description" : "透支天命，你的属性被极度压制，身体承受极度负荷，在清偿前无法摆脱，全能力-5、身体累赘+25。",
        "passive_mods" : {
            "str_mod" : -5,
            "dex_mod" : -5,
            "int_mod" : -5,
            "per_mod" : -5
			},
        "encumbrance_always" :
			[
            [ "TORSO", 25 ],		
            [ "ARM_L", 25 ],
            [ "ARM_R", 25 ],
            [ "HAND_L", 25 ],
            [ "HAND_R", 25 ],
            [ "LEG_L", 25 ],
            [ "LEG_R", 25 ],
            [ "FOOT_L", 25 ],
            [ "FOOT_R", 25 ]	
			],
        "purifiable": false,			
        "changes_to" : ["OVERDRAW_2"],
		"category" : ["sp_overdraw"]
	},{
        "type" : "mutation",
        "id" : "OVERDRAW_2",
        "name" : "天命透支LV2",
        "points" : -18,
        "description" : "透支天命，你的属性受到严重限制，身体承受重度负荷，在清偿前无法摆脱，全能力-3、身体累赘+18。",
        "passive_mods" : {
            "str_mod" : -3,
            "dex_mod" : -3,
            "int_mod" : -3,
            "per_mod" : -3			
			},
        "encumbrance_always" :
			[
            [ "TORSO", 18 ],		
            [ "ARM_L", 18 ],
            [ "ARM_R", 18 ],
            [ "HAND_L", 18 ],
            [ "HAND_R", 18 ],
            [ "LEG_L", 18 ],
            [ "LEG_R", 18 ],
            [ "FOOT_L", 18 ],
            [ "FOOT_R", 18 ]	
			],
        "purifiable": false,			
        "prereqs" : ["OVERDRAW_1"],			
        "changes_to" : ["OVERDRAW_3"],
		"category" : ["sp_overdraw"]
	},{
        "type" : "mutation",
        "id" : "OVERDRAW_3",
        "name" : "天命透支LV1",
        "points" : -10,		
        "description" : "透支天命，你的属性受到限制，身体承受额外负荷，在清偿前无法摆脱，全能力-1、身体累赘+10。",
        "passive_mods" : {
            "str_mod" : -1,
            "dex_mod" : -1,
            "int_mod" : -1,
            "per_mod" : -1			
			},
        "encumbrance_always" :
			[
            [ "TORSO", 10 ],		
            [ "ARM_L", 10 ],
            [ "ARM_R", 10 ],
            [ "HAND_L", 10 ],
            [ "HAND_R", 10 ],
            [ "LEG_L", 10 ],
            [ "LEG_R", 10 ],
            [ "FOOT_L", 10 ],
            [ "FOOT_R", 10 ]	
			],
        "purifiable": false,			
        "prereqs" : ["OVERDRAW_2"],				
        "changes_to" : ["OVERDRAW_end"],
		"category" : ["sp_overdraw"]
	},{
        "type" : "mutation",
        "id" : "OVERDRAW_end",
        "name" : "历劫归来",
        "points" : 0,		
        "description" : "天命透支的劫难也无法击溃你，你用行动证明自己的回归！ ※荣誉称号，不提供加成。",
        "valid": false,
        "purifiable": false,
        "prereqs" : ["OVERDRAW_3"],
        "category" : ["sp_overdraw"]
	}
]