[
	{
        "type" : "mutation_category",
        "id" : "SP_PERCETION1",
        "name" : "敏锐系特质(初级)",
        "threshold_mut" : "THRESH_SP_PERCETION1",
        "mutagen_message" : "你努力地集中意念，引导能量强化神经系统，凝结敏锐特质。",
        "iv_message" : "你努力地集中意念，引导能量强化神经系统，凝结敏锐特质。",
        "memorial_message" : "你努力地集中意念，引导能量强化神经系统，凝结敏锐特质。"
    },{		
        "type" : "mutation_category",
        "id" : "SP_PERCETION2",
        "name" : "敏锐系特质(中级)",
        "threshold_mut" : "THRESH_SP_PERCETION2",
        "mutagen_message" : "你努力地集中意念，引导能量强化神经系统，凝结敏锐特质。",
		"iv_message" : "你努力地集中意念，引导能量强化神经系统，凝结敏锐特质。",
        "memorial_message" : "你努力地集中意念，引导能量强化神经系统，凝结敏锐特质。"
    },{
        "type" : "mutation_category",
        "id" : "SP_PERCETION3",
        "name" : "敏锐系特质(高级)",
        "threshold_mut" : "THRESH_SP_PERCETION3",
        "mutagen_message" : "你努力地集中意念，引导能量强化神经系统，凝结敏锐特质。",
        "iv_message" : "你努力地集中意念，引导能量强化神经系统，凝结敏锐特质。",
        "memorial_message" : "你努力地集中意念，引导能量强化神经系统，凝结敏锐特质。"
    },{
        "type" : "mutation",
        "id" : "THRESH_SP_PERCETION1",
        "name" : "敏锐系特质(初级)",
        "points" : 0,
        "description" : "debug专用",
        "valid": false,
        "purifiable": false,
        "threshold": true
    },{
        "type" : "mutation",
        "id" : "THRESH_SP_PERCETION2",
        "name" : "敏锐系特质(中级)",
        "points" : 0,
        "description" : "debug专用",
        "valid": false,
        "purifiable": false,
        "threshold": true
    },{
        "type" : "mutation",
        "id" : "THRESH_SP_PERCETION3",
        "name" : "敏锐系特质(高级)",
        "points" : 0,
        "description" : "debug专用",
        "valid": false,
        "purifiable": false,
        "threshold": true
    },{
        "id" : "cohesion_percetion1",
        "type" : "COMESTIBLE",
        "comestible_type" : "MED",		
		"category" : "GS_feature",
        "name" : "特质凝结─敏锐系(初级)",
		"name_plural": "特质凝结─敏锐系(初级)",		
        "description" : "超凡者的基因解锁达到某个水准之后，能依据自身特长，提纯天命能量在体内凝聚特质。\n \n敏锐系特质：着重于强化五感、提升洞察危险的感知能力。\n \n※凝结特质：感知+2(高度敏锐)、视觉发达、听觉发达、夜视(Lv1)。",
        "symbol" : "!",
        "color" : "green",
		"healthy" : 15,
        "use_action" : {
         "type" : "mutagen",
         "mutation_category" : "SP_PERCETION1"
        },
		"flags" : [ "SP_PERCETION1" ]
    },{
        "id" : "cohesion_percetion2",
        "type" : "COMESTIBLE",
        "comestible_type" : "MED",		
		"category" : "GS_feature",
        "name" : "特质凝结─敏锐系(中级)",
		"name_plural": "特质凝结─敏锐系(中级)",		
        "description" : "超凡者的基因解锁达到某个水准之后，能依据自身特长，提纯天命能量在体内凝聚特质。\n \n敏锐系特质：着重于提升感官的敏锐度，例如黑夜视物或加速瞄准。\n \n※凝结特质：感知+4(洞察一切)、高级夜视、目光如电。",
        "symbol" : "!",
        "color" : "green",
        "healthy" : 30,
        "use_action" : {
         "type" : "mutagen",
         "mutation_category" : "SP_PERCETION2"
        },
		"flags" : [ "SP_PERCETION2" ]
    },{
        "id" : "cohesion_percetion3",
        "type" : "COMESTIBLE",
        "comestible_type" : "MED",		
		"category" : "GS_feature",
        "name" : "特质凝结─敏锐系(高级)",
		"name_plural": "特质凝结─敏锐系(高级)",		
        "description" : "超凡者的基因解锁达到某个水准之后，能依据自身特长，提纯天命能量在体内凝聚特质。\n \n敏锐系特质：着重于提升感官的敏锐度，例如完美夜视与热能感应。\n \n※凝结特质：感知+6(心有灵犀)、完美夜视、红外视觉。",
        "symbol" : "!",
        "color" : "green",
		"healthy" : 15,
        "use_action" : {
         "type" : "mutagen",
         "mutation_category" : "SP_PERCETION3"
        },
		"flags" : [ "SP_PERCETION3" ]
    },{
        "type" : "mutation",
        "id" : "EAGLEEYED", "//" : "Can't change the ID as that breaks save-compatibility.",
        "name" : "Scout",
        "points" : 1,
        "description" : "You're an excellent navigator and your ability to spot distant landmarks is unmatched.  Your sight radius on the overmap extends beyond the normal range.",
        "valid" : false,
        "starting_trait" : true,
        "category" : ["SP_PERCETION1","MOUSE"],
        "cancels" : ["MYOPIC"]
    },{
        "type" : "mutation",
        "id" : "GOODHEARING",
        "name" : "Good Hearing",
        "points" : 1,
        "description" : "Your hearing is better than average, and you can hear distant sounds more easily.",
        "starting_trait" : true,
        "category" : ["SP_PERCETION1","ALPHA", "MOUSE"],
        "cancels" : ["BADHEARING"]
    },{
        "type" : "mutation",
        "id" : "PER_UP_2",
        "name" : "Very Perceptive",
        "points" : 2,
        "description" : "Your senses are keener.  Perception + 2",
        "prereqs" : ["PER_UP"],
        "changes_to" : ["PER_UP_3", "PER_ALPHA"],
        "category" : ["SP_PERCETION1","ALPHA", "CHIMERA"],
        "passive_mods" : {
            "per_mod" : 2
        }
    },{
        "type" : "mutation",
        "id" : "NIGHTVISION",
        "name" : "Night Vision",
        "points" : 2,
        "description" : "You possess natural night vision, and can see further in the dark than most.  Activate to toggle NV-visible areas on or off.",
        "starting_trait" : true,
        "changes_to" : ["NIGHTVISION2"],
        "cancels": ["ELFA_NV", "ELFA_FNV", "FEL_NV", "URSINE_EYE"],
        "category" : ["SP_PERCETION1","BIRD", "CATTLE", "INSECT"],
        "active" : true,
        "starts_active" : true
    },{
        "type" : "mutation",
        "id" : "PER_UP_3",
        "name" : "Extremely Perceptive",
        "points" : 3,
        "description" : "Your senses are much keener.  Perception + 4",
        "prereqs" : ["PER_UP_2"],
        "changes_to" : ["PER_UP_4","SP_PER_UP"],
        "category" : ["SP_PERCETION2","ELFA", "RAPTOR"],
        "passive_mods" : {
            "per_mod" : 4
        }
    },{
        "type" : "mutation",
        "id" : "NIGHTVISION2",
        "name" : "High Night Vision",
        "points" : 4,
        "description" : "You can see incredibly well in the dark!  Activate to toggle NV-visible areas on or off.",
        "prereqs" : ["NIGHTVISION"],
        "changes_to" : ["NIGHTVISION3"],
        "cancels" : ["ELFA_NV", "ELFA_FNV", "FEL_NV", "URSINE_EYE"],
        "category" : ["SP_PERCETION2","FISH", "BEAST", "INSECT", "RAT", "CHIMERA", "LUPINE", "MOUSE"],
        "active" : true,
        "starts_active" : true
    },{
        "type" : "mutation",
        "id" : "SP_EAGLEEYE2",
        "name" : "目光如电",
        "points" : 2,
		"description" : "你的动态视力相当出色，瞄准动作迅疾无比，眼部累赘-10。",
        "encumbrance_always" :
			[
            [ "EYES", -10 ]
			],
        "prereqs" : ["EAGLEEYED"],
        "category" : ["SP_PERCETION2"]
    },{
        "type" : "mutation",
        "id" : "SP_PER_UP",
        "name" : "心有灵犀",
        "points" : 6,
		"description" : "你的感知能力敏锐到极点，直觉更是准确无比，感知+6。",
        "prereqs" : ["PER_UP_3"],
        "passive_mods" : {
            "per_mod" : 6
        },
        "category" : ["SP_PERCETION3"]			
    },{
        "type" : "mutation",
        "id" : "NIGHTVISION3",
        "name" : "Full Night Vision",
        "points" : 6,
        "description" : "You can see in pitch blackness as if you were wearing night-vision goggles.  Activate to toggle NV-visible areas on or off.",
        "prereqs" : ["NIGHTVISION2"],
        "leads_to" : ["INFRARED"],
        "cancels" : ["ELFA_NV", "ELFA_FNV", "FEL_NV", "URSINE_EYE"],
        "category" : ["SP_PERCETION3","FISH", "TROGLOBITE", "SPIDER"],
        "active" : true,
        "starts_active" : true
    },{
        "type" : "mutation",
        "id" : "INFRARED",
        "name" : "Infrared Vision",
        "points" : 5,
        "description" : "Your eyes have mutated to pick up radiation in the infrared spectrum.",
        "prereqs" : ["NIGHTVISION3"],
        "cancels" : ["LIZ_IR"],
        "category" : ["SP_PERCETION3","INSECT", "TROGLOBITE", "SPIDER"]
    }
]