[
	{
        "type" : "mutation_category",
        "id" : "SP_SENSE1",
        "name" : "感性系特质(初级)",
        "threshold_mut" : "THRESH_SP_SENSE1",
        "mutagen_message" : "你努力地集中意念，引导能量强化神经系统，凝结感性特质。",
        "iv_message" : "你努力地集中意念，引导能量强化神经系统，凝结感性特质。",
        "memorial_message" : "你努力地集中意念，引导能量强化神经系统，凝结感性特质。"
    },{		
        "type" : "mutation_category",
        "id" : "SP_SENSE2",
        "name" : "感性系特质(高级)",
        "threshold_mut" : "THRESH_SP_SENSE2",
        "mutagen_message" : "你努力地集中意念，引导能量强化神经系统，凝结感性特质。",
		"iv_message" : "你努力地集中意念，引导能量强化神经系统，凝结感性特质。",
        "memorial_message" : "你努力地集中意念，引导能量强化神经系统，凝结感性特质。"
    },{
        "type" : "mutation",
        "id" : "THRESH_SP_SENSE1",
        "name" : "感性系特质(初级)",
        "points" : 0,
        "description" : "debug专用",
        "valid": false,
        "purifiable": false,
        "threshold": true
    },{
        "type" : "mutation",
        "id" : "THRESH_SP_SENSE2",
        "name" : "感性系特质(高级)",
        "points" : 0,
        "description" : "debug专用",
        "valid": false,
        "purifiable": false,
        "threshold": true
    },{
        "id" : "cohesion_sensibility1",
        "type" : "COMESTIBLE",
        "comestible_type" : "MED",		
		"category" : "GS_feature",
        "name" : "特质凝结─感性系(初级)",
		"name_plural": "特质凝结─感性系(初级)",		
        "description" : "超凡者的基因解锁达到某个水准之后，能依据自身特长，提纯天命能量在体内凝聚特质。\n \n感性系特质：着重于提升感性，用以渲染自身感受或影响他人对你的观感。\n \n※凝结特质：动物共鸣、睡神、神学家、抗瘾性、长相俊美。",
        "symbol" : "!",
        "color" : "green",
		"healthy" : 15,
        "use_action" : {
         "type" : "mutagen",
         "mutation_category" : "SP_SENSE1"
        },
		"flags" : [ "SP_SENSE1" ]
    },{
        "id" : "cohesion_sensibility2",
        "type" : "COMESTIBLE",
        "comestible_type" : "MED",		
		"category" : "GS_feature",
        "name" : "特质凝结─感性系(高级)",
		"name_plural": "特质凝结─感性系(高级)",		
        "description" : "超凡者的基因解锁达到某个水准之后，能依据自身特长，提纯天命能量在体内凝聚特质。\n \n感性系特质：着重于提升感性，用以渲染自身感受或影响他人对你的观感。\n \n※凝结特质：乐天派、美食家、时尚范、极致容貌。",
        "symbol" : "!",
        "color" : "green",
        "healthy" : 30,
        "use_action" : {
         "type" : "mutagen",
         "mutation_category" : "SP_SENSE2"
        },
		"flags" : [ "SP_SENSE2" ]
    },{
        "type" : "mutation",
        "id" : "EASYSLEEPER",
        "name" : "Accomplished Sleeper",
        "points" : 1,
        "description" : "You have always been able to fall asleep easily, even when sleeping in less than ideal circumstances.",
        "changes_to" : ["EASYSLEEPER2"],
        "starting_trait" : true,
        "valid" : false,
        "cancels" : ["INSOMNIA"],
        "category" : ["SP_SENSE1","MOUSE", "INSECT"]
    },{
        "type" : "mutation",
        "id" : "SPIRITUAL",
        "name" : "Spiritual",
        "points" : 1,
        "description" : "You've always felt that there is more to the world than we can see.  Whether driven by religious beliefs or philosophical interest, you find great inspiration in studying holy texts and experiencing mystical things.",
        "starting_trait" : true,
        "valid" : false,
		"category" : ["SP_SENSE1"]
    },{
        "type" : "mutation",
        "id" : "NONADDICTIVE",
        "name" : "Addiction Resistant",
        "points" : 1,
        "description" : "Whether due to a lifetime of exposure or through simple willpower, it's harder for you to become addicted to substances, and easier to rid yourself of these addictions.",
        "starting_trait" : true,
        "valid" : false,
		"category" : ["SP_SENSE1"],
        "cancels" : ["ADDICTIVE"]
    },{
        "type" : "mutation",
        "id" : "ANIMALEMPATH",
        "name" : "Animal Empathy",
        "points" : 1,
        "description" : "Peaceful animals will not run away from you, and even aggressive animals are less likely to attack.  This only applies to natural animals such as woodland creatures.",
        "starting_trait" : true,
        "category" : ["SP_SENSE1","BEAST"],
        "cancels" : ["ANIMALDISCORD"]
    },{
        "type" : "mutation",
        "id" : "BEAUTIFUL",
        "name" : "Beautiful",
        "points" : 2,
        "visibility" : -4,
        "ugliness" : -4,
        "description" : "You're a real head-turner.  Some people will react well to your appearance, and most people have an easier time trusting you.",
        "cancels" : ["UGLY", "DEFORMED", "DEFORMED2", "DEFORMED3"],
        "prereqs" : ["PRETTY"],
        "changes_to" : ["BEAUTIFUL2"],
		"category" : ["SP_SENSE1"]
    },{
        "type" : "mutation",
        "id" : "OPTIMISTIC",
        "name" : "Optimist",
        "points" : 2,
        "description" : "Nothing gets you down!  You savor the joys of life, ignore its hardships, and are generally happier than most people.",
        "starting_trait" : true,
        "valid" : false,
        "cancels" : ["BADTEMPER"],
		"category" : ["SP_SENSE2"]
    },{
        "type" : "mutation",
        "id" : "GOURMAND",
        "name" : "Gourmand",
        "points" : 2,
        "description" : "You eat faster, and can eat and drink more, than anyone else!  You also enjoy food more; delicious food is better for your morale, and you don't mind unsavory meals as much.  Activate to skip prompt for overeating.",
        "starting_trait" : true,
        "category" : ["SP_SENSE2","MOUSE", "LUPINE"],
        "valid" : false,
        "active" : true
    },{
        "type" : "mutation",
        "id" : "STYLISH",
        "name" : "Stylish",
        "points" : 2,
        "description" : "Practicality is far less important than style.  Your morale is improved by wearing fashionable and attractive clothing.",
        "starting_trait" : true,
        "valid" : false,
		"category" : ["SP_SENSE2"]
    },{
        "type" : "mutation",
        "id" : "BEAUTIFUL3",
        "name" : "Glorious",
        "points" : 4,
        "visibility" : -10,
        "ugliness" : -10,
        "description" : "You are incredibly beautiful.  People cannot help themselves for your charms, and will do whatever they can to please you.",
        "cancels" : ["UGLY", "DEFORMED", "DEFORMED2", "DEFORMED3"],
        "prereqs" : ["BEAUTIFUL2"],
        "category": ["SP_SENSE2","ELFA"]
    }
]