[
	{
        "type" : "mutation_category",
        "id" : "SP_ENDURENCE1",
        "name" : "耐力系特质(初级)",
        "threshold_mut" : "THRESH_SP_ENDURENCE1",
        "mutagen_message" : "你努力地集中意念，引导能量强化神经系统，凝结耐力特质。",
        "iv_message" : "你努力地集中意念，引导能量强化神经系统，凝结耐力特质。",
        "memorial_message" : "你努力地集中意念，引导能量强化神经系统，凝结耐力特质。"
    },{		
        "type" : "mutation_category",
        "id" : "SP_ENDURENCE2",
        "name" : "耐力系特质(中级)",
        "threshold_mut" : "THRESH_SP_ENDURENCE2",
        "mutagen_message" : "你努力地集中意念，引导能量强化神经系统，凝结耐力特质。",
		"iv_message" : "你努力地集中意念，引导能量强化神经系统，凝结耐力特质。",
        "memorial_message" : "你努力地集中意念，引导能量强化神经系统，凝结耐力特质。"
    },{
        "type" : "mutation_category",
        "id" : "SP_ENDURENCE3",
        "name" : "耐力系特质(高级)",
        "threshold_mut" : "THRESH_SP_ENDURENCE3",
        "mutagen_message" : "你努力地集中意念，引导能量强化神经系统，凝结耐力特质。",
        "iv_message" : "你努力地集中意念，引导能量强化神经系统，凝结耐力特质。",
        "memorial_message" : "你努力地集中意念，引导能量强化神经系统，凝结耐力特质。"
    },{
        "type" : "mutation",
        "id" : "THRESH_SP_ENDURENCE1",
        "name" : "耐力系特质(初级)",
        "points" : 0,
        "description" : "debug专用",
        "valid": false,
        "purifiable": false,
        "threshold": true
    },{
        "type" : "mutation",
        "id" : "THRESH_SP_ENDURENCE2",
        "name" : "耐力系特质(中级)",
        "points" : 0,
        "description" : "debug专用",
        "valid": false,
        "purifiable": false,
        "threshold": true
    },{
        "type" : "mutation",
        "id" : "THRESH_SP_ENDURENCE3",
        "name" : "耐力系特质(高级)",
        "points" : 0,
        "description" : "debug专用",
        "valid": false,
        "purifiable": false,
        "threshold": true
    },{
        "id" : "cohesion_endurence1",
        "type" : "COMESTIBLE",
        "comestible_type" : "MED",		
		"category" : "GS_feature",
        "name" : "特质凝结─耐力系(初级)",
		"name_plural": "特质凝结─耐力系(初级)",		
        "description" : "超凡者的基因解锁达到某个水准之后，能依据自身特长，提纯天命能量在体内凝聚特质。\n \n耐力系特质：着重于身体血脉的强化，强化身体素质、提升对负面状态的抗性。\n \n※凝结特质：肠胃发达、少眠者、毒素抵抗、疾病抵抗、感染抵抗、寄生免疫。",
        "symbol" : "!",
        "color" : "green",
		"healthy" : 15,
        "use_action" : {
         "type" : "mutagen",
         "mutation_category" : "SP_ENDURENCE1"
        },
		"flags" : [ "SP_ENDURENCE1" ]
    },{
        "id" : "cohesion_endurence2",
        "type" : "COMESTIBLE",
        "comestible_type" : "MED",		
		"category" : "GS_feature",
        "name" : "特质凝结─耐力系(中级)",
		"name_plural": "特质凝结─耐力系(中级)",		
        "description" : "超凡者的基因解锁达到某个水准之后，能依据自身特长，提纯天命能量在体内凝聚特质。\n \n耐力系特质：着重于身体血脉的强化，强化身体素质、提升自身抗性及复原能力。\n \n※凝结特质：血脉归返、疼痛抵抗、感染免疫、自愈、疼痛恢复、节食。",
        "symbol" : "!",
        "color" : "green",
        "healthy" : 30,
        "use_action" : {
         "type" : "mutagen",
         "mutation_category" : "SP_ENDURENCE2"
        },
		"flags" : [ "SP_ENDURENCE2" ]
    },{
        "id" : "cohesion_endurence3",
        "type" : "COMESTIBLE",
        "comestible_type" : "MED",		
		"category" : "GS_feature",
        "name" : "特质凝结─耐力系(高级)",
		"name_plural": "特质凝结─耐力系(高级)",		
        "description" : "超凡者的基因解锁达到某个水准之后，能依据自身特长，提纯天命能量在体内凝聚特质。\n \n耐力系特质：着重于身体血脉的强化，大幅强化自疗与恢复能力。\n \n※凝结特质：急速自愈、急速疼痛恢复。",
        "symbol" : "!",
        "color" : "green",
		"healthy" : 15,
        "use_action" : {
         "type" : "mutagen",
         "mutation_category" : "SP_ENDURENCE3"
        },
		"flags" : [ "SP_ENDURENCE3" ]
    },{
        "type" : "mutation",
        "id" : "POISRESIST",
        "name" : "Poison Resistant",
        "points" : 1,
        "description" : "Your system is rather tolerant of poisons and toxins, and most will affect you less.",
        "starting_trait" : true,
        "leads_to" : ["EATPOISON"],
        "category" : ["SP_ENDURENCE1","INSECT", "SLIME", "SPIDER", "MEDICAL"]
    },{
        "type" : "mutation",
        "id" : "PARAIMMUNE",
        "name" : "Parasite Immune",
        "points" : 1,
        "description" : "Your body is unusually inhospitable to parasitic lifeforms.  You will never become infested with internal parasites.",
        "prereqs" : ["DISRESISTANT"],
        "prereqs2" : ["INFRESIST"],
        "category" : ["SP_ENDURENCE1","ELFA", "CHIMERA", "MEDICAL", "SLIME"]
    },{
        "type" : "mutation",
        "id" : "WAKEFUL",
        "name" : "Less Sleep",
        "points" : 1,
        "description" : "You need less sleep than the average person.",
        "changes_to" : ["WAKEFUL2"],
        "types" : ["SLEEP"],
        "starting_trait" : true,
        "category" : ["SP_ENDURENCE1","ALPHA", "ELFA"],
        "fatigue_modifier": -0.15
    },{
        "type" : "mutation",
        "id" : "STRONGSTOMACH",
        "name" : "Strong Stomach",
        "points" : 1,
        "description" : "You are less likely to throw up from food poisoning, alcohol, etc.  If you throw up nevertheless, you won't suffer a residual nausea.",
        "starting_trait" : true,
        "changes_to" : ["NAUSEA"],
        "//" : "nope.  This does NOT lead to EATPOISON.  Stomach problems are part of the GI upgrades--one advantage to not having Robust Genetics.",
        "category" : ["SP_ENDURENCE1"],
		"cancels" : ["WEAKSTOMACH"]
    },{
        "type" : "mutation",
        "id" : "PAINRESIST",
        "name" : "Pain Resistant",
        "points" : 2,
        "description" : "You have a high tolerance for pain.",
        "starting_trait" : true,
        "valid" : false,
        "cancels" : ["MORE_PAIN", "MORE_PAIN2", "MORE_PAIN3"],
        "category" : ["SP_ENDURENCE2","MEDICAL"]
    },{
        "type" : "mutation",
        "id" : "LIGHTEATER",
        "name" : "Light Eater",
        "points" : 2,
        "description" : "Your metabolism is a little slower, and you require less food than most.",
        "starting_trait" : true,
        "types" : ["METABOLISM"],
        "changes_to" : [ "GIZZARD", "COLDBLOOD" ],
        "category" : ["SP_ENDURENCE2","FISH", "BIRD", "INSECT", "TROGLOBITE"],
        "metabolism_modifier": -0.333
    },{
        "type" : "mutation",
        "id" : "INFIMMUNE",
        "name" : "Infection Immune",
        "points" : 3,
        "description" : "Your bloodstream has developed antibiotic properties.  Your wounds will never become infected.",
        "prereqs" : ["DISRESISTANT"],
        "prereqs2" : ["INFRESIST"],
        "category" : ["SP_ENDURENCE2","MEDICAL"]
    },{		
	    "type" : "mutation",
        "id" : "END_lineage",
        "name" : "血脉归返",
        "description" : "你提纯了自身血脉里的古猿基因，唤醒基因发动返祖现象，受冻时增生毛发抵抗寒冷，提升些许防御。",
        "points" : 2,
        "visibility" : 2,
        "ugliness" : 1,
        "bodytemp_modifiers" : [0, 350],
        "bodytemp_sleep" : 100,
        "armor" : [ { "parts" : "ALL", "bash" : 1 } ],
		"purifiable": false,
        "category" : ["SP_ENDURENCE2"]
    },{
        "type" : "mutation",
        "id" : "PAINREC1",
        "name" : "Pain Recovery",
        "points" : 3,
        "description" : "You recover from pain slightly faster than normal.",
        "changes_to" : ["PAINREC2"],
		"category" : ["SP_ENDURENCE2"]
    },{
        "type" : "mutation",
        "id" : "FASTHEALER",
        "name" : "Fast Healer",
        "points" : 2,
        "description" : "You heal faster when sleeping and will even recover small amount of HP when not sleeping.",
        "starting_trait" : true,
        "types" : ["HEALING"],
        "changes_to" : ["FASTHEALER2", "REGEN_LIZ"],
        "category" : ["SP_ENDURENCE2","MEDICAL"],
        "healing_awake" : 0.2,
        "healing_resting" : 0.5
    },{
        "type" : "mutation",
        "id" : "REGEN",
        "name" : "Regeneration",
        "points" : 6,
        "description" : "Your flesh regenerates from wounds incredibly quickly.",
        "types" : ["HEALING"],
        "prereqs" : ["FASTHEALER2"],
        "category" : ["SP_ENDURENCE3","SLIME", "TROGLOBITE"],
        "healing_awake" : 2.0,
        "healing_resting" : 1.5
    },{
        "type" : "mutation",
        "id" : "PAINREC3",
        "name" : "Very Quick Pain Recovery",
        "points" : 8,
        "description" : "You recover from pain much faster than normal.",
        "prereqs" : ["PAINREC2"],
        "category" : ["SP_ENDURENCE3","MEDICAL"]
    }
]