 [
 {
    "id": "wxkj_JN_byhld",
    "type": "GUN",
    "name": "爆炎火龙弹",
    "description": "火系技能，火球命中目标后产生剧烈爆炸的同时会对周围所有目标造成持续性伤害。",
    "weight": 2680,
    "volume": 10,
    "price": 420000,
    "to_hit": -1,
    "bashing": 10,
    "material": [ "steel", "plastic" ],
    "symbol": "(",
    "color": "magenta",
    "skill": "rifle",
    "range": 30,
    "ranged_damage": 100,
    "pierce":100,
    "burst":1,
    "dispersion": 90,
    "durability": 6,
    "loudness": 15,
    "ups_charges": 0,
    "reload": 600,
    "ammo_effects": [ "FLAME","NEVER_MISFIRES" ], 
    "flags": [ "NEVER_JAMS", "NO_UNLOAD" ]
  }
  ]