 [
 {
    "id": "wxkj_JN_TB1",
    "type": "GUN",
    "name": "藤鞭",
    "description": "草系技能，使用藤鞭挥向敌人进行攻击。",
    "weight": 2680,
    "volume": 10,
    "price": 420000,
    "to_hit": -1,
    "bashing": 10,
    "material": [ "steel", "plastic" ],
    "symbol": "(",
    "color": "magenta",
    "skill": "rifle",
    "range": 15,
    "ranged_damage": 20,
    "pierce":35,
    "burst":1,
    "dispersion": 90,
    "durability": 6,
    "loudness": 15,
    "ups_charges": 0,
    "reload": 600,
    "ammo_effects": [ "NEVER_MISFIRES" ], 
    "flags": [ "NEVER_JAMS", "NO_UNLOAD" ]
  },
  {
    "id": "wxkj_JN_TB2",
    "type": "GUN",
    "name": "藤鞭",
    "description": "草系技能，使用藤鞭挥向敌人进行攻击。",
    "weight": 2680,
    "volume": 10,
    "price": 420000,
    "to_hit": -1,
    "bashing": 10,
    "material": [ "steel", "plastic" ],
    "symbol": "(",
    "color": "magenta",
    "skill": "rifle",
    "range": 25,
    "ranged_damage": 30,
    "pierce":50,
    "burst":1,
    "dispersion": 90,
    "durability": 6,
    "loudness": 15,
    "ups_charges": 0,
    "reload": 600,
    "ammo_effects": [ "NEVER_MISFIRES" ], 
    "flags": [ "NEVER_JAMS", "NO_UNLOAD" ]
  }
  
  ]