[
  {
    "type": "snippet",
    "category": "health_great",
    "text": "有毒气体，战前食品，药品，有毒瘤子和辐射。这些都是不健康的！"
  },
  {
    "type": "snippet",
    "category": "health_very_good",
    "text": "你被绑了起来，准备好享受大灾难吧。"
  },
  {
    "type": "snippet",
    "category": "health_great",
    "text": "稳定的饮食习惯是否可以战胜流感病毒？谁知到呢？"
  },
  {
    "type": "snippet",
    "category": "health_very_good",
    "text": "远离那些腐烂的丧尸似乎是一个明智的决定。"
  },
  {
    "type": "snippet",
    "category": "health_good",
    "text": "你醒来时想起了大多数灾变之前的食物会伤害你的健康。"
  },
  {
    "type": "snippet",
    "category": "health_good",
    "text": "你醒来时想起了大多数灾变之前的食物会伤害你的健康。"
  },
  {
    "type": "snippet",
    "category": "health_good",
    "text": "有毒气体不太健康，对吧？"
  },
  {
    "type": "snippet",
    "category": "health_bad",
    "text": "你觉得自己一直在吃土。试着调节你的体温。"
  },
  {
    "type": "snippet",
    "category": "health_bad",
    "text": "有毒气体不太健康，对吧？"
  },
  {
    "type": "snippet",
    "category": "health_bad",
    "text": "你觉得自己一直在吃土。试着调节你的体温。"
  },
  {
    "type": "snippet",
    "category": "health_bad",
    "text": "你在床上躺了一会儿，希望自己还能睡着。"
  },
  {
    "type": "snippet",
    "category": "health_bad",
    "text": "也许吃灾变之前的包装食物会让你感觉更加虚弱？"
  },
  {
    "type": "snippet",
    "category": "health_bad",
    "text": "这些怪物都携带毒素，所以也许这就是为什么你现在这么难受的原因?"
  },
  {
    "type": "snippet",
    "category": "health_bad",
    "text": "这些怪物都携带毒素，所以也许这就是为什么你现在这么难受的原因?"
  },
  {
    "type": "snippet",
    "category": "health_very_bad",
    "text": "当你移动的时候，你会感到一阵潮热。你真的这么老了吗？"
  },
  {
    "type": "snippet",
    "category": "health_very_bad",
    "text": "当你移动的时候，你会感到一阵潮热。你真的这么老了吗？"
  },
  {
    "type": "snippet",
    "category": "health_very_bad",
    "text": "这些毒素的打击或许影响到了你，暂时停止战斗可能是正确的决定。"
  },
  {
    "type": "snippet",
    "category": "health_very_bad",
    "text": "你醒来时眼皮发黑。大多数有毒的怪物在攻击你的时候会对你的健康产生负面影响。"
  },
  {
    "type": "snippet",
    "category": "health_very_bad",
    "text": "你醒来时眼皮发黑。大多数有毒和腐烂的怪物在攻击你的时候会对你的健康产生负面影响。"
  },
  {
    "type": "snippet",
    "category": "health_very_bad",
    "text": "当你醒来时，你颤抖着意识到你的脚在出汗。如果你不调节体内温度，你会慢慢失去健康。"
  },
  {
    "type": "snippet",
    "category": "health_very_bad",
    "text": "当你醒来时，你颤抖着意识到你的脚在出汗。如果你不调节体内温度，你会慢慢失去健康。"
  },
  {
    "type": "snippet",
    "category": "health_bad",
    "text": "吸入有毒气体不太健康，对吧？"
  }
]
