[
  {
    "type": "mutation",
    "id": "FLEET",
	"copy-from": "FLEET",
    "name": "速行",
    "points": 2,
    "description": "你的腿部肌肉与协调能力更加出色，可以比别人走、跑得更快，俗称健步如飞。你步行的速度增加15%。",
    "starting_trait": true,
    "valid": false,
    "category": [ "RAPTOR", "BEAST", "FISH", "LUPINE", "MOUSE", "INSECT" ],
    "metabolism_modifier": 0.05
  },
  {
    "type": "mutation",
    "id": "GOODHEARING",
	"copy-from": "GOODHEARING",
    "name": "听觉发达",
    "points": 1,
    "description": "你的听觉神经更为发达，对于微小的、更远处的声音你可以更容易的听清楚。",
    "starting_trait": true,
    "valid": false,
    "category": [ "BIRD", "ELFA", "FELINE", "ALPHA", "MOUSE" ]
  },
  {
    "type": "mutation",
    "id": "PARKOUR",
	"copy-from": "PARKOUR",
    "name": "跑酷专家",
    "points": 2,
    "description": "你的运动神经与肌体协调能力更加出色，能够在运动中清楚的观察到脚下的障碍物，并且能够轻松穿梭于栏杆和柜台之间。",
    "starting_trait": true,
    "valid": false,
    "threshreq": [ "THRESH_FELINE" ],
    "category": [ "FELINE" ]
  },
  {
    "type": "mutation",
    "id": "SQUEAMISH",
	"copy-from": "SQUEAMISH",
    "name": "洁癖",
    "points": -1,
    "description": "你根本无法容忍把脏衣服穿在身上，尤其是那些从丧尸上扒下来的。作为一个胆小鬼，你将额外承受5%的攻击伤害。",
    "starting_trait": true,
    "valid": false,
    "category": [ "ALPHA", "ELFA" ],
    "hp_modifier_secondary": -0.05
  },
  {
    "type": "mutation",
    "id": "GOODCARDIO",
	"copy-from": "GOODCARDIO",
    "name": "精力充沛",
    "points": 2,
    "description": "你的耐力肌肉与心肺能力更加强大，在进行高强度体力运动时比普通人更持久。你的最大耐力增加25%。",
    "starting_trait": true,
    "valid": false,
    "category": [ "CHIMERA", "RAPTOR" ],
    "stamina_regen_modifier": 0.02
  },
  {
    "type": "mutation",
    "id": "QUICK",
	"copy-from": "QUICK",
    "name": "迅捷",
    "points": 3,
    "description": "你的神经反射能力更加迅速，不论是思考还是动作。你比普通人行动更快10%。",
    "starting_trait": true,
    "valid": false,
    "category": [ "FISH", "BIRD", "INSECT", "TROGLOBITE", "CHIMERA", "RAPTOR", "MOUSE", "FELINE" ],
    "metabolism_modifier": 0.05
  },
  {
    "type": "mutation",
    "id": "OPTIMISTIC",
	"copy-from": "OPTIMISTIC",
    "name": "乐天派",
    "points": 2,
    "description": "你大脑激素水平更加旺盛，时刻分泌着令你快乐的多巴胺，你一直在享受着生活的乐趣，并无视其中的艰难困苦。你通常比绝大多数人更加乐观。",
    "starting_trait": true,
    "valid": false,
    "category": [ "CATTLE" ]
  },
  {
    "type": "mutation",
    "id": "FASTHEALER",
	"copy-from": "FASTHEALER",
    "name": "快速自愈",
    "points": 2,
    "description": "你身体的自愈系统更加出色，睡眠时损伤部位恢复的更快，不在休息时也可以少量恢复。这种体内化学物质的变化会影响你的新陈代谢。",
    "starting_trait": true,
    "category": [ "LIZARD", "MEDICAL" ],
    "healing_awake": 0.2,
    "healing_resting": 0.5,
    "metabolism_modifier": 0.4,
    "stamina_regen_modifier": 0.1
  },
  {
    "type": "mutation",
    "id": "LIGHTEATER",
	"copy-from": "LIGHTEATER",
    "name": "饭量少",
    "points": 2,
    "description": "你的新陈代谢较为缓慢，你所需食物比普通人更少一些。",
    "starting_trait": true,
    "category": [ "FISH", "BIRD", "INSECT", "TROGLOBITE", "LIZARD" ],
    "metabolism_modifier": -0.333
  },
  {
    "type": "mutation",
    "id": "EASYSLEEPER",
	"copy-from": "EASYSLEEPER",
    "name": "睡神",
    "points": 1,
    "description": "你很容易入睡，即便在金属残骸上也照睡不误。",
    "starting_trait": true,
    "valid": false,
    "category": [ "CHIMERA", "MOUSE", "INSECT" ]
  },
  {
    "type": "mutation",
    "id": "PAINRESIST",
	"copy-from": "PAINRESIST",
    "name": "疼痛抵抗",
    "points": 2,
    "description": "你的神经与精神更加坚韧，对疼痛有着很高的忍耐性。",
    "starting_trait": true,
    "valid": false,
    "category": [ "CHIMERA", "MEDICAL" ]
  },
  {
    "type": "mutation",
    "id": "NIGHTVISION",
	"copy-from": "NIGHTVISION",
    "name": "夜视",
    "points": 2,
    "description": "你拥有天然的夜视能力，在黑暗中能看得比普通人更远一些。 激活以切换显示夜视范围。",
    "starting_trait": true,
    "category": [ "BIRD", "CATTLE", "INSECT", "LIZARD" ],
    "active": true,
    "starts_active": true
  },
  {
    "type": "mutation",
    "id": "TOUGH_FEET",
	"copy-from": "TOUGH_FEET",
    "name": "坚硬脚掌",
    "points": 1,
    "description": "你的脚底很结实，你习惯光着脚走路。你不会因为不穿鞋而受到任何移动惩罚，并获得5%的生命值加成。脚步攻击：+1斩击，+1钝击。",
    "starting_trait": true,
    "valid": false,
    "category": [ "CATTLE", "SLIME", "CHIMERA", "PLANT", "TROGLOBITE" ],
    "armor": [ { "parts": [ "FOOT_L", "FOOT_R" ], "bash": 1, "cut": 1 } ],
    "hp_modifier_secondary": 0.05
  },
  {
    "type": "mutation",
    "id": "TOUGH",
	"copy-from": "TOUGH",
    "name": "身强力壮",
    "points": 2,
    "description": "你的肌肉密度更大，对于外界打击有着更强的抵御能力，你的生命值上限增加20％。",
    "starting_trait": true,
    "category": [ "CATTLE", "CHIMERA", "PLANT", "URSINE", "TROGLOBITE" ],
    "hp_modifier": 0.2
  },
  {
    "type": "mutation",
    "id": "TOUGH2",
	"copy-from": "TOUGH2",
    "name": "钢筋铁骨",
    "points": 3,
    "description": "你不仅肌肉密度更强大，你的内脏也更加坚韧，你的生命值上限增加30％。",
    "category": [ "CHIMERA", "PLANT", "URSINE" ],
    "hp_modifier": 0.3
  },
  {
    "type": "mutation",
    "id": "TOUGH3",
	"copy-from": "TOUGH3",
    "name": "不可战胜",
    "points": 4,
    "description": "你的肌体强度极为强大，对于一切攻击都有着出色的抵御能力，你的生命值上限增加40％。",
    "category": [ "CHIMERA" ],
    "hp_modifier": 0.4
  },
  {
    "type": "mutation",
    "id": "THICKSKIN",
	"copy-from": "THICKSKIN",
    "name": "坚韧皮肤",
    "points": 1,
    "description": "你的皮肤组织比普通人更加坚韧。略微减少对你受到的斩击伤害，同时也稍微减少湿身心情惩罚。所有：+1斩击。",
    "starting_trait": true
  },
  {
    "type": "mutation",
    "id": "PACKMULE",
	"copy-from": "PACKMULE",
    "name": "打包专家",
    "points": 2,
    "description": "你总是能找到空间塞进点东西，整理和存放物品时效率更高。你的装备容积增加40％。",
    "starting_trait": true,
    "valid": false,
    "category": [ "RAT" ]
  },
  {
    "type": "mutation",
    "id": "STRONGBACK",
	"copy-from": "STRONGBACK",
    "name": "铁背",
    "points": 2,
    "description": "你背部肌肉力量比普通人更大，你的身体最大承载重量上升35%。",
    "starting_trait": true,
    "valid": false,
    "category": [ "CATTLE", "TROGLOBITE", "INSECT" ]
  },
  {
    "type": "mutation",
    "id": "GOURMAND",
	"copy-from": "GOURMAND",
    "name": "贪食",
    "points": 2,
    "description": "你比别人吃得更快，也比别人更能吃！你能从美食中获得更多的好心情，你也不介意残羹剩菜。激活该变异可跳过暴饮暴食的确认对话框。",
    "starting_trait": true,
    "cancels": [ "NAUSEA" ],
    "threshreq": [ "THRESH_SLIME", "THRESH_CHIMERA", "THRESH_RAT" ],
    "category": [ "SLIME", "CHIMERA", "RAT", "MOUSE", "LUPINE" ],
    "active": true,
    "metabolism_modifier": 0.05,
    "thirst_modifier": 0.05
  },
  {
    "type": "mutation",
    "id": "ADRENALINE",
	"copy-from": "ADRENALINE",
    "name": "活化肾上腺素",
    "points": 1,
    "description": "你肾上腺髓质分泌的激素在紧急时刻作用更大，当你处于濒死等危险之中时，你可以获得一次短暂的加速以及力量提升。",
    "starting_trait": true,
    "thirst_modifier": 0.05,
    "stamina_regen_modifier": 0.05
  },
  {
    "type": "mutation",
    "id": "EAGLEEYED",
	"copy-from": "EAGLEEYED",
    "//": "Can't change the ID as that breaks save-compatibility.",
    "name": "侦察者",
    "points": 1,
    "description": "你是个出色的领航员，你发现远处地标的能力无与伦比。你的大地图视野相比普通人有所扩大。",
    "starting_trait": true,
    "valid": false,
    "category": [ "FISH", "BIRD", "MOUSE" ]
  },
  {
    "type": "mutation",
    "id": "CANNIBAL",
	"copy-from": "CANNIBAL",
    "name": "食人族",
    "points": 1,
    "description": "你喜好人肉，但你这一辈子都被禁止从你的特殊嗜好里获得快感，不过现在是世界末日，再没有人可以阻止你享用新鲜人肉了。",
    "starting_trait": true,
    "valid": false,
    "category": [ "RAT", "CHIMERA", "INSECT", "TROGLOBITE" ],
    "flags": [ "CANNIBAL" ]
  },
  {
    "type": "mutation",
    "id": "WEAKSCENT",
	"copy-from": "WEAKSCENT",
    "name": "体味微弱",
    "points": 1,
    "description": "你身上汗腺等处散发的气味很小，依靠气味追踪的怪物不太容易注意到你。",
    "starting_trait": true,
    "category": [ "ELFA", "PLANT", "LIZARD" ]
  },
  {
    "type": "mutation",
    "id": "BADKNEES",
	"copy-from": "BADKNEES",
    "name": "膝盖旧伤",
    "points": -1,
    "description": "你的膝盖状态由于旧伤一直欠佳。在比较崎岖的地形上行走会消耗额外的行动点。",
    "starting_trait": true,
    "valid": false,
    "category": [ "FISH", "CATTLE", "CEPHALOPOD", "MEDICAL" ]
  },
  {
    "type": "mutation",
    "id": "BADCARDIO",
	"copy-from": "BADCARDIO",
    "name": "乏力",
    "points": -2,
    "description": "你由于缺乏锻炼与饮食不良，或者你天生如此，你的耐力就是比别人差一些，运动过后容易呼吸困难。你的最大耐力减少25%。",
    "starting_trait": true,
    "valid": false,
    "category": [ "BEAST", "CATTLE", "ELFA" ],
    "stamina_regen_modifier": -0.2
  },
  {
    "type": "mutation",
    "id": "MYOPIC",
	"copy-from": "MYOPIC",
    "name": "近视眼",
    "points": -2,
    "description": "你由于遗传、用眼习惯或是其他原因导致了你近视，如果没有眼镜，你就看不清远处的东西了。幸运的是，你可以一开始就拥有一副近视镜。",
    "starting_trait": true,
    "cancels": [ "20_15", "URSINE_EYE", "EAGLEEYED" ]
  },
  {
    "type": "mutation",
    "id": "SLOWHEALER",
	"copy-from": "SLOWHEALER",
    "name": "慢速自愈",
    "points": -2,
    "description": "你身体自愈细胞活性较弱，回复速度较慢，通过睡眠恢复的HP较少。",
    "starting_trait": true,
    "healing_resting": -0.25,
    "metabolism_modifier": -0.05
  },
  {
    "type": "mutation",
    "id": "SLOWHEALER2",
	"copy-from": "SLOWHEALER2",
    "name": "缓慢的睡眠自愈",
    "points": -4,
    "description": "你比大多数人愈合得慢得多;与普通人相比，睡眠只能治疗三分之一的生命。",
    "starting_trait": true,
    "valid": false,
    "purifiable": false,
    "healing_resting": -0.66,
    "metabolism_modifier": -0.1
  },
  {
    "type": "mutation",
    "id": "SLOWHEALER3",
	"copy-from": "SLOWHEALER3",
    "name": "极慢的睡眠自愈",
    "points": -8,
    "description": "你几乎无法通过睡眠来恢复失去的健康;与普通人相比，睡眠只能治愈十分之一的生命。",
    "starting_trait": true,
    "valid": false,
    "purifiable": false,
    "healing_resting": -0.9,
    "metabolism_modifier": -0.15
  },
  {
    "type": "mutation",
    "id": "HYPEROPIC",
	"copy-from": "HYPEROPIC",
    "name": "远视眼",
    "points": -2,
    "description": "你的晶状体硬化，弹性减弱，睫状肌收缩能力降低而致调节减退，近点远移，故发生近距离视物困难，近处的东西什么都看不清，所以根本无法看书、制作物品了。幸运的是，你可以一开始就拥有一副老花镜。",
    "starting_trait": true,
    "cancels": [ "20_15" ]
  },
  {
    "type": "mutation",
    "id": "HEAVYSLEEPER",
	"copy-from": "HEAVYSLEEPER",
    "name": "睡得沉",
    "points": -1,
    "description": "你很容易进入深度睡眠，而且深度更甚于常人，当你沉睡时，基本对外界没有任何感应，任何声响都无法唤醒你。",
    "starting_trait": true,
    "fatigue_regen_modifier": 0.005
  },
  {
    "type": "mutation",
    "id": "DISORGANIZED",
	"copy-from": "DISORGANIZED",
    "name": "杂乱无章",
    "points": -3,
    "description": "你整理和存放物品时总是没法好好利用空间。你的装备容积减少40%。",
    "starting_trait": true,
    "valid": false,
    "category": [ "LUPINE" ]
  },
  {
    "type": "mutation",
    "id": "BADHEARING",
	"copy-from": "BADHEARING",
    "name": "耳背",
    "points": -2,
    "description": "你听觉神经或许是用耳习惯不佳或是天生如此，你的听力很弱，可能听不清楚附近小的或远些的声音。",
    "starting_trait": true,
    "category": [ "MEDICAL", "PLANT" ]
  },
  {
    "type": "mutation",
    "id": "INSOMNIA",
	"copy-from": "INSOMNIA",
    "name": "失眠症",
    "points": -2,
    "description": "你患有严重的失眠症，你的大脑睡眠功能非常紊乱，即使​​最好的情况下依然难以入睡。",
    "starting_trait": true,
    "valid": false,
    "category": [ "ALPHA", "MEDICAL" ],
    "fatigue_regen_modifier": -0.01
  },
  {
    "type": "mutation",
    "id": "VEGETARIAN",
	"copy-from": "VEGETARIAN",
    "name": "素食主义",
    "points": -2,
    "description": "你坚持素食主义。虽然你还是可以吃肉，但是你会因为恶心而受到心情惩罚。",
    "starting_trait": true,
    "valid": false,
    "category": [ "CATTLE", "PLANT" ]
  },
  {
    "type": "mutation",
    "id": "THINSKIN",
	"copy-from": "THINSKIN",
    "name": "脆弱皮肤",
    "points": -1,
    "description": "你的皮肤组织很脆弱，轻轻一划就会产生创伤，斩击伤害对你的伤害略有增加。所有：-2斩击。",
    "starting_trait": true,
    "category": [ "MEDICAL", "CEPHALOPOD" ],
    "armor": [ { "parts": "ALL", "cut": -2 } ],
    "healing_awake": -0.05
  },
  {
    "type": "mutation",
    "id": "MEATARIAN",
	"copy-from": "MEATARIAN",
    "name": "肉食主义",
    "points": -2,
    "description": "和许多人一样，你讨厌吃蔬菜。虽然你也能咽下蔬菜，但是你会因为恶心而受到心情惩罚。",
    "starting_trait": true,
    "valid": false,
    "category": [ "SPIDER", "LUPINE" ]
  },
  {
    "type": "mutation",
    "id": "ANTIFRUIT",
	"copy-from": "ANTIFRUIT",
    "name": "水果不耐症",
    "points": -3,
    "description": "你讨厌吃水果。虽然你也能咽下水果，但是你会因为恶心而受到心情惩罚。",
    "starting_trait": true,
    "valid": false,
    "category": [ "BEAST", "FELINE" ]
  },
  {
    "type": "mutation",
    "id": "LACTOSE",
	"copy-from": "LACTOSE",
    "name": "乳糖不耐症",
    "points": -1,
    "description": "你像世界上75%的人一样，你有乳糖不耐症，难以消化奶制品。虽然你还是可以吃，但是你会因为恶心而受到心情惩罚。",
    "starting_trait": true,
    "category": [ "TROGLOBITE", "FISH", "PLANT" ]
  },
  {
    "type": "mutation",
    "id": "ANTIJUNK",
	"copy-from": "ANTIJUNK",
    "name": "快餐不耐症",
    "points": -1,
    "description": "你非常讨厌那些高热量低营养的快餐，虽然你还是可以吃快餐，但是你会因为恶心而受到心情惩罚。",
    "starting_trait": true,
    "category": [ "FELINE", "BEAST", "RAPTOR", "ALPHA" ]
  },
  {
    "type": "mutation",
    "id": "ANTIWHEAT",
	"copy-from": "ANTIWHEAT",
    "name": "谷物不耐症",
    "points": -2,
    "description": "你有罕见的过敏症使你难以消化大多数谷物，如麦面制品。虽然你还是可以吃，但是你会因为恶心而受到心情惩罚。",
    "starting_trait": true,
    "category": [ "CHIMERA", "ELFA", "LIZARD" ]
  },
  {
    "type": "mutation",
    "id": "ADDICTIVE",
	"copy-from": "ADDICTIVE",
    "name": "成瘾体质",
    "points": -2,
    "description": "你很容易对其他东西上瘾，烟酒不论，同时，也许是上瘾和戒瘾过于频繁，你想再次戒瘾是很难办到的。",
    "starting_trait": true,
    "category": [ "ALPHA" ]
  },
  {
    "type": "mutation",
    "id": "TRIGGERHAPPY",
	"copy-from": "TRIGGERHAPPY",
    "name": "连射快感",
    "points": -1,
    "description": "你对于自动枪械掌控能力很差，当你想单发点射时，你的手却会不受控制般的扣住扳机，倾泻大量子弹。当你使用半自动枪械时，此特性无效。",
    "starting_trait": true,
    "threshreq": [ "THRESH_MEDICAL", "THRESH_RAT", "THRESH_LUPINE" ],
    "category": [ "MEDICAL", "RAT", "LUPINE" ]
  },
  {
    "type": "mutation",
    "id": "CHEMIMBALANCE",
	"copy-from": "CHEMIMBALANCE",
    "name": "内分泌失调",
    "points": -2,
    "description": "你的内分泌失调，无论精神还是肉体上。你的内部化学成份改变会造成饥饿、嗜睡、麻醉等作用。",
    "starting_trait": true,
    "cancels": [ "SAVANT", "CHEMREBALANCE", "CHEMREBALANCE2" ],
    "threshreq": [ "THRESH_SLIME", "THRESH_MEDICAL", "THRESH_CHIMERA", "THRESH_ELFA", "THRESH_CATTLE" ],
    "category": [ "CATTLE", "SLIME", "MEDICAL", "CHIMERA", "ELFA" ]
  },
  {
    "type": "mutation",
    "id": "HOARDER",
	"copy-from": "HOARDER",
    "name": "贮藏癖",
    "points": -4,
    "description": "你不把你的背包装满就觉得浑身不对劲。当你携带物品的体积小于你可携带的最大体积时，你会受到心情值惩罚。服用赞安诺等抗焦虑药可以控制这种焦虑。",
    "starting_trait": true,
    "threshreq": [ "THRESH_RAT" ],
    "category": [ "RAT" ]
  },
  {
    "type": "mutation",
    "id": "SAVANT",
	"copy-from": "SAVANT",
    "name": "独开一窍",
    "points": -4,
    "description": "你只专注于一项技能，对其他技能都不甚了解。除了你等级最高的技能外，你的所有其他技能经验获取速度减半。此外，当与学得快特性配合时，将会使所有技能的学习速度减慢。",
    "starting_trait": true,
    "cancels": [ "CHEMIMBALANCE", "CHEMREBALANCE", "CHEMREBALANCE2" ],
    "threshreq": [ "THRESH_ALPHA", "THRESH_CHIMERA" ],
    "category": [ "ALPHA", "CHIMERA" ]
  },
  {
    "type": "mutation",
    "id": "PACIFIST",
	"copy-from": "PACIFIST",
    "name": "和平主义",
    "points": -4,
    "description": "你对暴力行为极为的抵触与反感，连想都不愿意想，你的战斗技能增长更为缓慢，你对杀戮造成的内疚也更为强烈。",
    "starting_trait": true,
    "valid": false,
    "threshreq": [ "THRESH_CATTLE" ],
    "category": [ "CATTLE" ]
  },
  {
    "type": "mutation",
    "id": "SLOWRUNNER",
	"copy-from": "SLOWRUNNER",
    "name": "脚步迟缓",
    "points": -3,
    "description": "你的腿部肌肉与腿部协调能力很差，相比普通人，你就是跑不快。在平地上移动有15%的速度损失。这样你就不会那么渴了。",
    "starting_trait": true,
    "thirst_modifier": -0.2
  },
  {
    "type": "mutation",
    "id": "WEAKSTOMACH",
	"copy-from": "WEAKSTOMACH",
    "name": "痨肠寡肚",
    "points": -1,
    "description": "你患有慢性胃病，在食物中毒或饮酒后有更大的几率呕吐。",
    "starting_trait": true,
    "thirst_modifier": 0.08
  },
  {
    "type": "mutation",
    "id": "FLIMSY",
	"copy-from": "FLIMSY",
    "name": "瘦弱",
    "points": -4,
    "description": "你的身体由于疾病等困扰还是天生如此，你很瘦弱，不能承受更多蹂躏。其最大HP比平时低25％，恢复的稍慢。能和脆弱头骨叠加。",
    "starting_trait": true,
    "category": [ "CEPHALOPOD", "MEDICAL", "MOUSE" ],
    "hp_modifier": -0.25,
    "cancels": [ "HUGE", "TOUGH", "TOUGH2", "TOUGH3" ]
  },
  {
    "type": "mutation",
    "id": "NIGHTVISION3",
	"copy-from": "NIGHTVISION3",
    "name": "完美夜视",
    "points": 6,
    "description": "你的视觉神经发生了变异，在夜晚的黑暗中可以看得更远，就像戴了夜视镜一样。激活来切换显示夜视可见范围。",
    "cancels": [ "20_15", "ELFA_NV", "ELFA_FNV", "FEL_NV", "URSINE_EYE" ],
    "active": true,
    "starts_active": true
  },
  {
    "type": "mutation",
    "id": "CEPH_EYES",
	"copy-from": "CEPH_EYES",
    "name": "章鱼眼",
    "points": 1,
    "visibility": 8,
    "ugliness": 5,
    "description": "你的眼睛发生了变异，你的眼珠很突出，瞳孔发生了变化，你可以轻易的在水中视物。",
    "cancels": [ "20_15", "BIRD_EYE", "LIZ_EYE", "FEL_EYE", "URSINE_EYE", "COMPOUND_EYES", "ELFAEYES" ]
  },
  {
    "type": "mutation",
    "id": "CEPH_VISION",
	"copy-from": "CEPH_VISION",
    "name": "章鱼视觉",
    "points": 3,
    "description": "你的视觉系统发生了变异，你的大脑神经跟上了你眼睛的速度，在黑暗中你看得更清楚了。不过阳光对你来说却更加刺眼。激活来切换显示夜视可见范围。",
    "cancels": [ "20_15", "LIZ_IR", "FEL_NV", "NIGHTVISION", "NIGHTVISION2", "NIGHTVISION3", "ELFA_NV", "ELFA_FNV" ],
    "active": true,
    "starts_active": true
  },
  {
    "type": "mutation",
    "id": "ELFAEYES",
	"copy-from": "ELFAEYES",
    "name": "精灵之眼",
    "points": 1,
    "visibility": 2,
    "ugliness": -1,
    "description": "你的眼睛发生了变异，眼睛颜色变成了莹绿色。瞳孔似乎在不断地转动，你很难描述出它的形状，这效果棒极了。",
    "valid": false
  },
  {
    "type": "mutation",
    "id": "ELFA_NV",
	"copy-from": "ELFA_NV",
    "name": "精灵视觉",
    "points": 3,
    "description": "你的眼睛发生了变异，所视的阴影似乎并没有那么暗。激活来切换显示夜视可见范围。",
    "cancels": [ "20_15", "LIZ_IR", "FEL_NV", "NIGHTVISION", "NIGHTVISION2", "NIGHTVISION3" ],
    "active": true,
    "starts_active": true
  },
  {
    "type": "mutation",
    "id": "ELFA_FNV",
	"copy-from": "ELFA_FNV",
    "name": "精灵夜视",
    "points": 5,
    "description": "你的眼睛发生了变异，有着很好的夜视能力，但这不能让你在黑暗中执行精细的任务，如制作和阅读。激活来切换显示夜视可见范围。",
    "cancels": [ "20_15", "LIZ_IR", "FEL_NV", "NIGHTVISION", "NIGHTVISION2", "NIGHTVISION3" ],
    "active": true,
    "starts_active": true
  },
  {
    "type": "mutation",
    "id": "FEL_EYE",
	"copy-from": "FEL_EYE",
    "name": "猫眼",
    "points": 0,
    "visibility": 2,
    "ugliness": -1,
    "description": "你的眼睛发生了变异，瞳孔像猫一样眯成一条缝，在夜里闪着光。看起来不错，但并没有夜视功能。",
    "cancels": [ "20_15", "ELFAEYES", "LIZ_EYE", "BIRD_EYE", "URSINE_EYE", "COMPOUND_EYES" ]
  },
  {
    "type": "mutation",
    "id": "FEL_NV",
	"copy-from": "FEL_NV",
    "name": "猫之视觉",
    "points": 4,
    "description": "你的视觉系统发生了变异，视觉神经和大脑终于适应了你的新眼睛。现在你能像猫一样看穿黑夜了。激活来切换显示夜视可见范围。",
    "cancels": [ "20_15", "ELFA_NV", "ELFA_FNV", "LIZ_IR", "NIGHTVISION", "NIGHTVISION2", "NIGHTVISION3" ],
    "active": true,
    "starts_active": true
  },
  {
    "type": "mutation",
    "id": "URSINE_EYE",
	"copy-from": "URSINE_EYE",
    "name": "熊之视觉",
    "points": 1,
    "description": "你的视觉系统发生了变异，尽管黑暗里你看得更清楚，亮光底下你却看不了多远了。可能带副眼镜会有帮助。激活来切换显示夜视可见范围。",
    "cancels": [ "20_15", "ELFAEYES", "LIZ_EYE", "BIRD_EYE", "FEL_EYE", "COMPOUND_EYES", "NIGHTVISION", "NIGHTVISION2", "NIGHTVISION3", "MYOPIC" ],
    "active": true,
    "starts_active": true
  },
  {
    "type": "mutation",
    "id": "BIRD_EYE",
	"copy-from": "BIRD_EYE",
    "name": "鹰眼",
    "points": 5,
    "visibility": 1,
    "description": "你的视觉非常敏锐，如同猛禽之眼一样，很远距离就能看见丧尸或者说猎物。感知+4",
    "cancels": [ "20_15", "ELFAEYES", "FEL_EYE", "LIZ_EYE", "URSINE_EYE", "COMPOUND_EYES" ]
  },
  {
    "type": "mutation",
    "id": "LIZ_EYE",
	"copy-from": "LIZ_EYE",
    "name": "蜥蜴之眼",
    "points": 0,
    "visibility": 2,
    "ugliness": -1,
    "description": "你的眼睛发生了变异，有着类似蜥蜴一样闪亮的虹膜和竖瞳，看上去很吓人，不过好像并不影响你的视力。",
    "cancels": [ "20_15", "ELFAEYES", "FEL_EYE", "URSINE_EYE", "BIRD_EYE", "COMPOUND_EYES" ]
  },
  {
    "type": "mutation",
    "id": "LIZ_IR",
	"copy-from": "LIZ_IR",
    "name": "红外蜥眼",
    "points": 5,
    "description": "你的视觉系统发生了变异，视觉神经与大脑已经随着你眼睛的变异而变异，现在你能使用红外线视觉了。",
    "cancels": [ "20_15", "ELFA_NV", "ELFA_FNV", "FEL_NV", "INFRARED" ]
  },
  {
    "type": "mutation",
    "id": "GILLS",
	"copy-from": "GILLS",
    "name": "鱼鳃",
    "points": 2,
    "visibility": 5,
    "ugliness": 3,
    "description": "你的呼吸系统发生了变异，拥有了一对腮，允许你在水下及水面呼吸。稍微增加湿身对你的心情加成。",
    "cancels": [ "LUNGS", "LUNGS_2", "GILLS_CEPH" ],
    "stamina_regen_modifier": 0.2
  },
  {
    "type": "mutation",
    "id": "GILLS_CEPH",
	"copy-from": "GILLS_CEPH",
    "name": "章鱼鳃",
    "points": 2,
    "visibility": 4,
    "ugliness": 4,
    "description": "你的呼吸系统发生了变异，长了一对腮，从脖子一直开口到耳朵后边。允许你在水下及水面呼吸。略微增加湿身对你的心情奖励。",
    "cancels": [ "LUNGS", "LUNGS_2", "GILLS" ],
    "wet_protection": [ { "part": "HEAD", "good": 2 } ],
    "stamina_regen_modifier": 0.25
  },
  {
    "type": "mutation",
    "id": "M_SKIN",
	"copy-from": "M_SKIN",
    "name": "马卡斯纤维层",
    "points": 2,
    "visibility": 10,
    "ugliness": 8,
    "description": "吾等已开始将土著生理机能改造为马卡斯结构。大大降低了湿身心情惩罚。所有：+2钝击、+1斩击。",
    "valid": false,
    "purifiable": false
  },
  {
    "type": "mutation",
    "id": "M_SKIN2",
	"copy-from": "M_SKIN2",
    "name": "马卡斯御火层",
    "points": 5,
    "visibility": 10,
    "ugliness": 8,
    "description": "吾等已将源自马卡斯核心塔中的致密石棉纤维移植至土著生理机能所拥有的弹性可变的肉体之上。大大降低了吾等速度，但为吾等全身提供可观的护甲，无视湿身心情惩罚，并提供对火焰的完全防护。所有：+3钝击、+2斩击。",
    "valid": false,
    "purifiable": false
  },
  {
    "type": "mutation",
    "id": "SCALES",
	"copy-from": "SCALES",
    "name": "鳞甲",
    "points": 2,
    "visibility": 10,
    "ugliness": 3,
    "description": "你的皮肤组织发生了变异，柔软的绿色鳞片长满了你的躯体，成为了你天然的护甲。稍微减少湿身心情惩罚。所有：+1钝击、+2斩击、+1防酸、+1生化",
    "armor": [ { "parts": "ALL", "bash": 1, "cut": 2, "acid": 1, "bio": 1 } ]
  },
  {
    "type": "mutation",
    "id": "THICK_SCALES",
	"copy-from": "THICK_SCALES",
    "name": "厚重鳞甲",
    "points": 3,
    "visibility": 10,
    "ugliness": 4,
    "mixed_effect": true,
    "description": "你的皮肤组织发生了变异，沉重的绿色鳞片长满了你的躯体，成为了你天然的护甲。减少刺击伤害的同时限制了你的行动，敏捷-2。大大减少湿身心情惩罚。所有：+2钝击、+5斩击、+3防酸、+1生化、+1热。",
    "armor": [ { "parts": "ALL", "bash": 2, "cut": 5, "acid": 3, "bio": 1, "heat": 1 } ]
  },
  {
    "type": "mutation",
    "id": "SLEEK_SCALES",
	"copy-from": "SLEEK_SCALES",
    "name": "光滑鳞甲",
    "points": 4,
    "visibility": 10,
    "ugliness": 4,
    "description": "你的皮肤组织发生了变异，柔韧光滑的鳞片长满了你的躯体，成为了你天然的护甲。这些鳞片不能带来有力的保护，但增强了你的游泳能力，同时让你滑溜溜的难以被抓住。减少湿身心情惩罚。所有：+1钝击、+2斩击、+3防酸、+2导电、+2热。",
    "armor": [ { "parts": "ALL", "bash": 1, "cut": 2, "acid": 2, "electric": 2, "heat": 2 } ]
  },
  {
    "type": "mutation",
    "id": "LIGHT_BONES",
	"copy-from": "LIGHT_BONES",
    "name": "轻盈骨架",
    "points": 2,
    "description": "你的骨骼发生了变异，骨质非常松脆，你的行动速度增加了10%，但你所携带的物品最大重量下降20%，而且你受到的钝击伤害略微提升。",
    "metabolism_modifier": -0.1
  },
  {
    "type": "mutation",
    "id": "FEATHERS",
	"copy-from": "FEATHERS",
    "name": "五彩羽毛",
    "points": 2,
    "visibility": 10,
    "ugliness": 3,
    "description": "你的皮肤组织发生了变异，绚丽的羽毛长满了你的身体。羽毛可以抵挡少量伤害并提供很好的保暖。同时，它们也拥有防水能力。所有: +2钝击、+1斩击、+1防酸。",
    "armor": [ { "parts": "ALL", "bash": 2, "cut": 1, "acid": 1 } ]
  },
  {
    "type": "mutation",
    "id": "DOWN",
	"copy-from": "DOWN",
    "name": "羽绒",
    "points": 0,
    "visibility": 4,
    "ugliness": 1,
    "description": "你的皮肤组织发生了变异，羽绒可以为你保持体温。更好的是不会再有某些灵长类动物窥取你的羽绒。所有: +5钝击、+1斩击、+1防酸、+2导电、+1热。",
    "armor": [ { "parts": "ALL", "bash": 5, "cut": 1, "acid": 2, "electric": 2, "heat": 1 } ]
  },
  {
    "type": "mutation",
    "id": "FUR",
	"copy-from": "FUR",
    "name": "毛绒皮肤",
    "points": 2,
    "visibility": 10,
    "ugliness": 3,
    "description": "你的皮肤组织发生了变异，整个身体长出了长长的黑色的绒毛，既可以抵挡攻击又可以保暖。所有：+1钝击、+1斩击、+1防酸。",
    "armor": [ { "parts": "ALL", "bash": 1, "cut": 1, "acid": 1 } ]
  },
  {
    "type": "mutation",
    "id": "URSINE_FUR",
	"copy-from": "URSINE_FUR",
    "name": "浓密毛皮",
    "points": 4,
    "visibility": 10,
    "ugliness": 3,
    "description": "你的皮肤组织发生了变异，毛发长得又浓又密，提供了客观的伤害防护，同时也是不错的保温层。所有：+3钝击、+4斩击、+1防酸、+2热。",
    "armor": [ { "parts": "ALL", "bash": 3, "cut": 4, "acid": 1, "heat": 2 } ]
  },
  {
    "type": "mutation",
    "id": "LUPINE_FUR",
	"copy-from": "LUPINE_FUR",
    "name": "灰色长毛",
    "points": 2,
    "visibility": 10,
    "ugliness": 3,
    "description": "你的皮肤组织发生了变异，身体被深灰色毛皮包裹着，抗寒能力大幅度提升，但物理防御力增加有限。所有：+2钝击、+3斩击、+1防酸、+1导电、+1热。",
    "armor": [ { "parts": "ALL", "bash": 2, "cut": 3, "acid": 1, "electric": 1, "heat": 1 } ]
  },
  {
    "type": "mutation",
    "id": "FELINE_FUR",
	"copy-from": "FELINE_FUR",
    "name": "光滑皮毛",
    "points": 2,
    "visibility": 10,
    "ugliness": 3,
    "description": "你的皮肤组织发生了变异，变得厚而光滑，散发着巧克力色的光泽。加强了抗寒能力。所有：+2钝击、+2斩击、+2防酸、+1导电。",
    "armor": [ { "parts": "ALL", "bash": 2, "cut": 2, "acid": 2, "electric": 1 } ]
  },
  {
    "type": "mutation",
    "id": "LYNX_FUR",
	"copy-from": "LYNX_FUR",
    "name": "猞猁皮毛",
    "points": 1,
    "visibility": 8,
    "ugliness": 1,
    "description": "你的皮肤组织发生了变异，脸上和脖子上都长出了长毛，耳朵上也长出了猞猁标志性的笔毛，但并不会增加你的感知能力，提供了些微防御补正。头、嘴: +1斩击、+1热。",
    "armor": [ { "parts": [ "HEAD", "MOUTH" ], "cut": 1, "heat": 1 } ]
  },
  {
    "type": "mutation",
    "id": "CHITIN",
	"copy-from": "CHITIN",
    "name": "甲壳皮肤",
    "points": 2,
    "visibility": 3,
    "ugliness": 2,
    "description": "你的皮肤组织发生了变异，产生了甲壳。变成了一个轻薄而有弹性的甲壳层。对斩击伤害提供了轻微的防护。稍微减少湿身心情惩罚。所有：+1钝击、+2斩击、+2防酸、+1生化、+1热。",
    "armor": [ { "parts": "ALL", "bash": 1, "cut": 2, "acid": 2, "bio": 1, "heat": 1 } ]
  },
  {
    "type": "mutation",
    "id": "CHITIN2",
	"copy-from": "CHITIN2",
    "name": "甲壳护甲",
    "points": 2,
    "visibility": 6,
    "ugliness": 3,
    "mixed_effect": true,
    "description": "你的皮肤组织发生了变异，产生了甲壳。全身被类似昆虫的外壳所包围，它可以为你提供全方位的保护，但你的敏捷 -1。稍微减少湿身心情惩罚。所有：+3钝击、+5斩击、+3防酸、+1生化、+2热。",
    "armor": [ { "parts": "ALL", "bash": 3, "cut": 5, "acid": 3, "bio": 1, "heat": 2 } ]
  },
  {
    "type": "mutation",
    "id": "CHITIN3",
	"copy-from": "CHITIN3",
    "name": "甲壳板甲",
    "points": 2,
    "visibility": 8,
    "ugliness": 5,
    "description": "你的皮肤组织发生了变异，产生了甲壳。全身被类似甲壳虫的厚厚的外壳所包围，它可以为你提供近乎完美的保护，但你的敏捷-2，且身体除了眼睛和嘴的各部位都额外增加了累赘。大大减少湿身心情惩罚。所有：+8钝击、+12斩击、+3防酸、+2生化、+2热。",
    "encumbrance_always": [
      [ "TORSO", 15 ],
      [ "HEAD", 15 ],
      [ "ARM_L", 15 ],
      [ "ARM_R", 15 ],
      [ "HAND_L", 10 ],
      [ "HAND_R", 10 ],
      [ "LEG_L", 15 ],
      [ "LEG_R", 15 ],
      [ "FOOT_L", 10 ],
      [ "FOOT_R", 10 ]
    ],
    "passive_mods": { "dex_mod": -1 },
    "armor": [ { "parts": "ALL", "bash": 8, "cut": 12, "acid": 3, "bio": 2, "heat": 2 } ]
  },
  {
    "type": "mutation",
    "id": "CHITIN_FUR",
	"copy-from": "CHITIN_FUR",
    "name": "带毛甲壳",
    "points": 3,
    "visibility": 10,
    "ugliness": 4,
    "description": "你的皮肤组织发生了变异，产生了甲壳。几丁质甲壳上进化出了一些毛发。比光溜溜的要暖和点儿。所有：+1斩击。",
    "armor": [ { "parts": "ALL", "cut": 1 } ]
  },
  {
    "type": "mutation",
    "id": "CHITIN_FUR2",
	"copy-from": "CHITIN_FUR2",
    "name": "毛皮甲壳",
    "points": 4,
    "visibility": 10,
    "ugliness": 4,
    "description": "你的皮肤组织发生了变异，产生了甲壳。甲壳上的几丁质毛发变得浓密并且遍布全身。这为你提供了一点热量，并且有助于你感知附近的振动。所有：+1钝击、+2斩击、+1防酸、+1热。",
    "armor": [ { "parts": "ALL", "bash": 1, "cut": 2, "acid": 1, "heat": 1 } ]
  },
  {
    "type": "mutation",
    "id": "CHITIN_FUR3",
	"copy-from": "CHITIN_FUR3",
    "name": "毛皮板甲",
    "points": 5,
    "visibility": 10,
    "ugliness": 4,
    "description": "你的皮肤组织发生了变异，产生了甲壳。甲壳变得相当坚硬，但同样也妨碍到了行动，外面覆盖着一层可以强化感知的长毛，能让猫须自愧不如。所有：+6钝击、+10斩击、+4防酸、+2导电、+2生化、+2热。",
    "encumbrance_always": [
      [ "TORSO", 13 ],
      [ "HEAD", 13 ],
      [ "ARM_L", 13 ],
      [ "ARM_R", 13 ],
      [ "HAND_L", 12 ],
      [ "HAND_R", 12 ],
      [ "LEG_L", 13 ],
      [ "LEG_R", 13 ],
      [ "FOOT_L", 12 ],
      [ "FOOT_R", 12 ]
    ],
    "armor": [ { "parts": "ALL", "bash": 6, "cut": 10, "acid": 4, "electric": 2, "bio": 2, "heat": 2 } ]
  },
  {
    "type": "mutation",
    "id": "CF_HAIR",
	"copy-from": "CF_HAIR",
    "name": "螫毛",
    "points": 3,
    "visibility": 1,
    "ugliness": 1,
    "description": "你的皮肤组织发生了变异，产生了许多毛发。大部分毛发都是松脱地粘在身上的。攻击你的生物很可能会沾上大量恼人的绒毛。这些毛发并未携带你身上的毒液，但会分散攻击者的注意力。所有：+1钝击、+2斩击、+1热。",
    "armor": [ { "parts": "ALL", "bash": 1, "cut": 2, "heat": 1 } ]
  },
  {
    "type": "mutation",
    "id": "SPINES",
	"copy-from": "SPINES",
    "name": "骨刺",
    "points": 1,
    "visibility": 1,
    "ugliness": 2,
    "description": "你的皮肤组织发生了变异，长出了许多细骨刺。当对手徒手攻击直接命中暴露在外的肢体时，将会受到不小的伤害。",
    "category": [ "CEPHALOPOD", "FISH", "CHIMERA", "LIZARD", "MEDICAL" ]
  },
  {
    "type": "mutation",
    "id": "QUILLS",
	"copy-from": "QUILLS",
    "name": "棘刺",
    "points": 2,
    "visibility": 3,
    "ugliness": 3,
    "description": "你的皮肤组织发生了变异，长出了又大又长的硬刺。当对手徒手攻击直接命中暴露在外的肢体时，将会受到较高的伤害。所有：+1钝击、+2斩击、+1热。",
    "category": [ "CHIMERA" ],
    "armor": [ { "parts": "ALL", "bash": 1, "cut": 2, "heat": 1 } ]
  },
  {
    "type": "mutation",
    "id": "PLANTSKIN",
	"copy-from": "PLANTSKIN",
    "name": "软木皮层",
    "points": 3,
    "visibility": 3,
    "ugliness": 2,
    "description": "你的皮肤组织发生了变异，在变成绿色的同时质地也更像木头。这为你提供了薄弱的护甲加成，并帮助你保持水分，从而使你不容易口渴。大大减少湿身心情惩罚。所有：+2斩击、 +1热。",
    "armor": [ { "parts": "ALL", "cut": 2, "heat": 1 } ],
    "thirst_modifier": -0.2
  },
  {
    "type": "mutation",
    "id": "BARK",
	"copy-from": "BARK",
    "name": "古树皮肤",
    "points": 5,
    "visibility": 10,
    "ugliness": 3,
    "description": "你的皮肤组织发生了变异，被一层薄薄的树皮所覆盖。它可以减少你受到的斩击及钝击伤害。大大减少湿身心情惩罚。所有：+5钝击, +2斩击。",
    "armor": [ { "parts": "ALL", "bash": 5, "cut": 2 } ]
  },
  {
    "type": "mutation",
    "id": "LEAVES",
	"copy-from": "LEAVES",
    "name": "叶发",
    "points": 6,
    "visibility": 8,
    "ugliness": 3,
    "description": "你的秀发转变成了一蓬绿油油的藤蔓，上面长满了绿叶。除了样子很令人瞩目之外，当你处于阳光照射下时，它还能够通过光合作用给你提供一定的营养。稍微减少湿身心情惩罚。所有：+1斩击。",
    "armor": [ { "parts": "ALL", "cut": 1 } ],
    "thirst_modifier": 0.04
  },
  {
    "type": "mutation",
    "id": "FLOWERS",
	"copy-from": "FLOWERS",
    "name": "脑花怒放",
    "points": 2,
    "visibility": 10,
    "ugliness": -4,
    "description": "你的头皮上开出了花朵，香气怡人，看上去也很令人瞩目，而且还特别敏感。",
    "metabolism_modifier": 0.04
  },
  {
    "type": "mutation",
    "id": "M_BLOSSOMS",
	"copy-from": "M_BLOSSOMS",
    "name": "马卡斯之花",
    "points": 4,
    "visibility": 10,
    "ugliness": 3,
    "description": "吾等已在本地生物上培育出了孢子花。马卡斯必将壮大。",
    "valid": false
  },
  {
    "type": "mutation",
    "id": "M_BLOOM",
	"copy-from": "M_BLOOM",
    "name": "马卡斯怒放",
    "points": 6,
    "visibility": 10,
    "ugliness": 1,
    "description": "本地有机生物似乎将公开散播孢子视作危险行为，并攻击马卡斯。为此吾等将使本地孢子囊保持沉寂，直到本地向导决定何时为安全发芽的时机。孢子增殖会极大地消耗本地养分储备，但也能保证快速而有效地繁殖。",
    "valid": false,
    "active": true,
    "cost": 10,
    "hunger": true,
    "thirst": true,
    "fatigue": true
  },
  {
    "type": "mutation",
    "id": "SLIME_HANDS",
	"copy-from": "SLIME_HANDS",
    "name": "粘液之手",
    "points": 1,
    "visibility": 5,
    "ugliness": 4,
    "description": "你双手表皮发生了变异，能够分泌出一层厚厚的、刺鼻气味的粘液膜，当你徒手攻击敌人时将会造成轻微的酸液腐蚀伤害。稍微增加湿身心情加成。所有：+1斩击、+3防酸。",
    "armor": [ { "parts": "ALL", "cut": 1, "acid": 3 } ]
  },
  {
    "type": "mutation",
    "id": "BENDY1",
	"copy-from": "BENDY1",
    "name": "弹性肢体",
    "points": 1,
    "visibility": 1,
    "description": "你的四肢好像能够再主动伸远一点点。敏捷 +1。",
    "threshreq": [ "THRESH_CEPHALOPOD", "THRESH_PLANT", "THRESH_SPIDER" ],
    "category": [ "CEPHALOPOD", "PLANT", "SPIDER" ]
  },
  {
    "type": "mutation",
    "id": "BENDY2",
	"copy-from": "BENDY2",
    "name": "橡胶肢体",
    "points": 1,
    "visibility": 1,
    "mixed_effect": true,
    "description": "你的四肢明显比可悲的人类肢体要柔韧。敏捷 +3，力量 -2。",
    "purifiable": false,
    "threshreq": [ "THRESH_CEPHALOPOD" ],
    "category": [ "CEPHALOPOD", "SLIME", "ELFA" ],
    "hp_adjustment": 3
  },
  {
    "type": "mutation",
    "id": "BENDY3",
	"copy-from": "BENDY3",
    "name": "变形肢体",
    "points": 0,
    "visibility": 2,
    "ugliness": 2,
    "mixed_effect": true,
    "description": "你的四肢能够匹配任何东西！敏捷 +6，力量 -4。",
    "valid": false,
    "purifiable": false,
    "passive_mods": { "dex_mod": 6, "str_mod": -4 },
    "hp_adjustment": 6
  },
  {
    "type": "mutation",
    "id": "COMPOUND_EYES",
	"copy-from": "COMPOUND_EYES",
    "name": "复眼",
    "points": 2,
    "visibility": 9,
    "ugliness": 5,
    "description": "你的眼睛变成了像昆虫一样的复眼。只要你不戴任何眼部装备，感知 +2。",
    "cancels": [ "20_15", "ELFAEYES", "FEL_EYE", "URSINE_EYE", "BIRD_EYE", "LIZ_EYE" ]
  },
  {
    "type": "mutation",
    "id": "PADDED_FEET",
	"copy-from": "PADDED_FEET",
    "name": "肉质脚垫",
    "points": 1,
    "visibility": 1,
    "description": "你的脚底长出了厚厚的肉垫，光着脚行动时不受惩罚，甚至能增加10%移动速度，穿鞋就没效果。脚: +2钝击、+1斩击。",
    "armor": [ { "parts": [ "FOOT_L", "FOOT_R" ], "bash": 2, "cut": 1 } ]
  },
  {
    "type": "mutation",
    "id": "HOOVES",
	"copy-from": "HOOVES",
    "name": "蹄足",
    "points": -4,
    "visibility": 2,
    "ugliness": 2,
    "mixed_effect": true,
    "description": "你的脚已经融合成蹄，如同西方的恶魔一样。踢人更厉害了，提供天然护甲，光着脚也能走路，然而，你穿不上鞋了。减少湿身心情惩罚。脚: +1钝击, +3防酸。",
    "armor": [ { "parts": [ "FOOT_L", "FOOT_R" ], "bash": 1, "acid": 3 } ]
  },
  {
    "type": "mutation",
    "id": "STOCKY_TROGLO",
	"copy-from": "STOCKY_TROGLO",
    "name": "地底适应",
    "points": 0,
    "visibility": 3,
    "ugliness": 2,
    "description": "为了适应在狭小地方的生活，你变得矮小精干，牺牲灵活性来获得力量。力量 +3，敏捷 -2。",
    "passive_mods": { "str_mod": 3, "dex_mod": -2 }
  },
  {
    "type": "mutation",
    "id": "FLEET2",
	"copy-from": "FLEET2",
    "name": "跑步健将",
    "points": 3,
    "description": "你的腿非常柔软有弹性。在平地上，你移动能快30%。",
    "category": [ "INSECT", "SPIDER", "MOUSE" ],
    "metabolism_modifier": 0.08
  },
  {
    "type": "mutation",
    "id": "TAIL_STING",
	"copy-from": "TAIL_STING",
    "name": "尖刺蝎尾",
    "points": 0,
    "visibility": 6,
    "ugliness": 3,
    "description": "你有一条像蝎子一样的尾巴，它并不能使你保持平衡，但提供刺击伤害。让你没法穿上不是织物的裤子。",
    "category": [ "CHIMERA", "INSECT" ],
    "allow_soft_gear": true
  },
  {
    "type": "mutation",
    "id": "HIBERNATE",
	"copy-from": "HIBERNATE",
    "name": "冬眠",
    "points": 3,
    "description": "你拥有了储存大量卡路里后进入冬眠状态的能力。",
    "valid": false,
    "fatigue_regen_modifier": 0.02,
    "active": true,
    "cost": 0
  },
  {
    "type": "mutation",
    "id": "MUT_TOUGH",
	"copy-from": "MUT_TOUGH",
    "name": "能屈能伸",
    "points": 2,
    "description": "你能从严酷的环境中存活下来，生命值上限额外加成20%。可以和强壮等特性叠加。",
    "threshreq": [ "THRESH_LUPINE", "THRESH_URSINE", "THRESH_CATTLE", "THRESH_CHIMERA", "THRESH_MEDICAL", "THRESH_LIZARD", "THRESH_BEAST" ],
    "category": [ "LUPINE", "URSINE", "CATTLE", "CHIMERA","BEAST", "LIZARD", "MEDICAL" ],
    "hp_modifier_secondary": 0.2
  },
  {
    "type": "mutation",
    "id": "MUT_TOUGH2",
	"copy-from": "MUT_TOUGH2",
    "name": "内外兼修",
    "points": 3,
    "description": "基本没什么东西可以吓到你了。生命值上限额外加成30%。可以和强壮等特性叠加。",
    "valid": false,
    "threshreq": [ "THRESH_BEAST", "THRESH_URSINE", "THRESH_CATTLE", "THRESH_CHIMERA", "THRESH_MEDICAL" ],
    "category": [ "BEAST", "URSINE", "CATTLE", "CHIMERA", "MEDICAL" ],
    "hp_modifier_secondary": 0.3
  },
  {
    "type": "mutation",
    "id": "PRED4",
	"copy-from": "PRED4",
    "name": "生杀予夺",
    "points": 2,
    "description": "你是顶级掠食者，你的意识和大脑已经适应了你在世界上的新地位：食物链的巅峰。你可以毫不费力地提升及保持战斗技能，但你的批判性思维能力已进一步萎缩。",
    "valid": false,
    "purifiable": false,
    "cancels": [ "SAVANT", "CHEMIMBALANCE", "PACIFIST" ]
  },
  {
    "type": "mutation",
    "id": "WINGS_BIRD",
	"copy-from": "WINGS_BIRD",
    "name": "鸟翼",
    "points": 2,
    "visibility": 4,
    "ugliness": 2,
    "description": "你的背后有双天使般的翅膀，但你太重了飞不起来。它可以大大降低你的掉落速度，从高空坠落再也无法对你造成伤害。手臂：+1钝击、+1斩击",
    "armor": [ { "parts": [ "ARM_L", "ARM_R" ], "bash": 1, "cut": 1 } ]
  },
  {
    "type": "mutation",
    "id": "FAT",
	"copy-from": "FAT",
    "name": "脂肪沉积",
    "points": -1,
    "visibility": 1,
    "ugliness": 1,
    "mixed_effect": true,
    "description": "你身上有不少脂肪，或许你会变得更迟钝一点，不过这对游泳和保暖都有帮助。所有：+2钝击、+1斩击。",
    "armor": [ { "parts": "ALL", "bash": 2, "cut": 1 } ],
    "metabolism_modifier": -0.1,
    "thirst_modifier": -0.1
  },
  {
    "type": "mutation",
    "id": "LARGE",
	"copy-from": "LARGE",
    "name": "傻大个子",
    "points": 0,
    "visibility": 1,
    "ugliness": 1,
    "mixed_effect": true,
    "description": "你明显地长高长壮了。你变得更强壮（力量+2），但是你发现你的平衡感被破坏了，甚至会自己绊到自己（+10躯干和手臂累赘）。躯干及手臂: +2钝击。",
    "category": [ "BEAST", "CHIMERA", "PLANT" ],
    "armor": [ { "parts": [ "TORSO", "ARM_L", "ARM_R" ], "bash": 2 } ],
    "hp_adjustment": -2,
    "metabolism_modifier": 0.2,
    "fatigue_modifier": 0.1
  },
  {
    "type": "mutation",
    "id": "LARGE_OK",
	"copy-from": "LARGE_OK",
    "name": "魁梧身躯",
    "points": 2,
    "visibility": 1,
    "description": "虽然你的身材高大，但是你也拥有与之相匹配的力量和敏捷。力量+2。躯干及手臂：+2钝击。",
    "threshreq": [ "THRESH_BEAST", "THRESH_PLANT", "THRESH_URSINE", "THRESH_CATTLE", "THRESH_LIZARD" ],
    "category": [ "BEAST", "PLANT", "URSINE", "CATTLE", "LIZARD" ],
    "armor": [ { "parts": [ "TORSO", "ARM_L", "ARM_R" ], "bash": 2 } ],
    "hp_adjustment": -2,
    "metabolism_modifier": 0.2,
    "fatigue_modifier": 0.1
  },
  {
    "type": "mutation",
    "id": "LARGE_CHIMERA",
	"copy-from": "LARGE_CHIMERA",
    "name": "新兴的存在",
    "points": 2,
    "visibility": 1,
    "description": "你的身体已经和你内心的野兽一样开始膨胀，新陈代谢开始变得更快，四肢的肌肉变得更加粗壮和有力，使得你更难穿上紧身衣。力量+ 3，所有:+3钝击、+1斩击。",
    "prereqs": [ "LARGE" ],
    "prereqs2": [ "STR_UP_3", "STR_UP_4" ],
    "changes_to": [ "HUGE_OK" ],
    "leads_to": [ "MUT_TOUGH" ],
    "category": [ "CHIMERA" ],
    "encumbrance_always": [
      [ "HEAD", 5 ],
      [ "MOUTH", 5 ],
      [ "ARM_L", 5 ],
      [ "ARM_R", 5 ],
      [ "HAND_L", 5 ],
      [ "HAND_R", 5 ],
      [ "LEG_L", 5 ],
      [ "LEG_R", 5 ],
      [ "FOOT_L", 5 ],
      [ "FOOT_R", 5 ]
    ],
    "passive_mods": { "str_mod": 3 },
    "armor": [ { "parts": [ "ALL" ], "bash": 3, "cut": 1 } ],
    "hp_adjustment": -2,
    "metabolism_modifier": 0.2,
    "fatigue_modifier": 0.1
  },
  {
    "type": "mutation",
    "id": "HUGE",
	"copy-from": "HUGE",
    "name": "畸形巨大",
    "points": -2,
    "visibility": 4,
    "ugliness": 4,
    "mixed_effect": true,
    "description": "你的巨型身材很难找到匹配的衣服，连钻进汽车都困难。尽管你的力量惊人，但是与之相随的迟缓笨重令你相当头痛。力量+5，所有：+4钝击、+1斩击。",
    "passive_mods": { "str_mod": 5 },
    "armor": [ { "parts": [ "ALL" ], "bash": 4, "cut": 1 } ],
    "hp_adjustment": -6,
    "metabolism_modifier": 0.3,
    "fatigue_modifier": 0.2
  },
  {
    "type": "mutation",
    "id": "HUGE_OK",
	"copy-from": "HUGE_OK",
    "name": "巨无霸",
    "points": 2,
    "visibility": 4,
    "ugliness": 3,
    "mixed_effect": true,
    "description": "你的生理系统已经足够驱动你巨大的身形，惊人的力量在你身上得到了完美的平衡。你堪称人形汽车。力量+5。所有：+4钝击、+1斩击。",
    "threshreq": [ "THRESH_CHIMERA", "THRESH_URSINE", "THRESH_CATTLE" ],
    "category": [ "CHIMERA", "URSINE", "CATTLE" ],
    "passive_mods": { "str_mod": 5 },
    "armor": [ { "parts": [ "ALL" ], "bash": 4, "cut": 1 } ],
    "hp_adjustment": -6,
    "metabolism_modifier": 0.3,
    "fatigue_modifier": 0.2,
    "stamina_regen_modifier": 0.3
  },
  {
    "type": "mutation",
    "id": "STR_UP",
	"copy-from": "STR_UP",
    "name": "身强体壮",
    "points": 1,
    "description": "你的肌体比以前强壮了少许。力量+1",
    "metabolism_modifier": 0.04,
    "thirst_modifier": 0.04
  },
  {
    "type": "mutation",
    "id": "STR_UP_2",
	"copy-from": "STR_UP_2",
    "name": "肌肉发达",
    "points": 2,
    "description": "在末日的磨砺下，你的肌肉更加发达。力量+2",
    "metabolism_modifier": 0.05,
    "thirst_modifier": 0.05
  },
  {
    "type": "mutation",
    "id": "STR_UP_3",
	"copy-from": "STR_UP_3",
    "name": "孔武有力",
    "points": 4,
    "visibility": 1,
    "description": "你的肌肉强度变得更大。力量+4",
    "metabolism_modifier": 0.08,
    "thirst_modifier": 0.08
  },
  {
    "type": "mutation",
    "id": "STR_UP_4",
	"copy-from": "STR_UP_4",
    "name": "力大无穷",
    "points": 7,
    "visibility": 2,
    "ugliness": 2,
    "description": "你的肌肉围度与质量非常之大。你几乎超越了人类的极限！力量+7",
    "metabolism_modifier": 0.1,
    "thirst_modifier": 0.1
  },
  {
    "type": "mutation",
    "id": "STR_ALPHA",
	"copy-from": "STR_ALPHA",
    "name": "终极力量",
    "points": 6,
    "description": "你的肌肉已经生长完美。",
    "valid": false,
    "metabolism_modifier": 0.12,
    "thirst_modifier": 0.12
  },
  {
    "type": "mutation",
    "id": "DEX_UP",
	"copy-from": "DEX_UP",
    "name": "动作轻灵",
    "points": 1,
    "description": "做了许多训练，你的动作似乎变得灵活了。敏捷+1",
    "category": [ "LUPINE", "INSECT", "SLIME", "ALPHA" ]
  },
  {
    "type": "mutation",
    "id": "DEX_UP_3",
	"copy-from": "DEX_UP_3",
    "name": "动如脱兔",
    "points": 3,
    "description": "你领悟了灵活行动的技巧。敏捷+4",
    "category": [ "RAPTOR", "BIRD", "ELFA", "FELINE" ]
  },
  {
    "type": "mutation",
    "id": "FORKED_TONGUE",
	"copy-from": "FORKED_TONGUE",
    "name": "蛇信",
    "points": 0,
    "visibility": 1,
    "ugliness": 3,
    "description": "你的舌头像蛇一样分叉，除了吓人以外没什么用。感知+1。",
    "passive_mods": { "per_mod": 1 }
  },
  {
    "type": "mutation",
    "id": "EYEBULGE",
	"copy-from": "EYEBULGE",
    "name": "凸眼",
    "points": 0,
    "visibility": 8,
    "ugliness": 4,
    "description": "你的眼睛从头颅突出来几英寸，但这并不影响你的视觉。",
    "cancels": [ "20_15" ]
  },
  {
    "type": "mutation",
    "id": "PALE",
	"copy-from": "PALE",
    "name": "苍白皮肤",
    "points": 0,
    "visibility": 3,
    "ugliness": 1,
    "description": "你的皮肤很苍白。",
    "category": [ "TROGLOBITE", "LUPINE" ]
  },
  {
    "type": "mutation",
    "id": "BEAUTIFUL",
	"copy-from": "BEAUTIFUL",
    "name": "迷人美貌",
    "points": 2,
    "visibility": -4,
    "ugliness": -4,
    "description": "你的相貌十分英俊，大家很容易接近你并且信任你。",
    "category": [ "FELINE", "ELFA", "BIRD" ]
  },
  {
    "type": "mutation",
    "id": "NAUSEA",
	"copy-from": "NAUSEA",
    "name": "反胃",
    "points": -2,
    "description": "你经常感到恶心，更容易从变质食物和酒精中获得这种状态。",
    "cancels": [ "GOURMAND" ],
    "metabolism_modifier": 0.1,
    "thirst_modifier": 0.3,
    "active": true
  },
  {
    "type": "mutation",
    "id": "VOMITOUS",
	"copy-from": "VOMITOUS",
    "name": "易吐",
    "points": -3,
    "description": "你有严重的消化系统紊乱，虽然它会导致你频繁呕吐，但你也可以根据需求触发呕吐反射。",
    "metabolism_modifier": 0.2,
    "thirst_modifier": 0.5,
    "active": true
  },
  {
    "type": "mutation",
    "id": "HUNGER",
	"copy-from": "HUNGER",
    "name": "快速新陈代谢",
    "points": -2,
    "description": "你消耗的食物比大部分人都多，同样，你耐力的恢复速度略微加快。",
    "starting_trait": true,
    "metabolism_modifier": 0.4,
    "stamina_regen_modifier": 0.1
  },
  {
    "type": "mutation",
    "id": "HUNGER2",
	"copy-from": "HUNGER2",
    "name": "急速新陈代谢",
    "points": -2,
    "description": "你消耗的食物相当于普通人食量的两倍多，这才能够支撑被变异扩充的心肺系统。同时，你的耐力能在经过激烈运动后更加快速的恢复。",
    "metabolism_modifier": 0.8,
    "stamina_regen_modifier": 0.3
  },
  {
    "type": "mutation",
    "id": "HUNGER3",
	"copy-from": "HUNGER3",
    "name": "极限新陈代谢",
    "points": -2,
    "description": "你的全身系统发生了变异，你消耗的食物相当于普通人食量的三倍多，但以此来维持你超人一般的耐力。",
    "metabolism_modifier": 1.6,
    "stamina_regen_modifier": 0.5
  },
  {
    "type": "mutation",
    "id": "THIRST",
	"copy-from": "THIRST",
    "name": "口干舌燥",
    "points": -2,
    "description": "你的身体容易脱水。你需要喝更多的水。",
    "starting_trait": true,
    "thirst_modifier": 0.4
  },
  {
    "type": "mutation",
    "id": "THIRST2",
	"copy-from": "THIRST2",
    "name": "口舌生烟",
    "points": -3,
    "description": "呃，已经没水了么？你差不多需要两人份的水来维持生命。",
    "thirst_modifier": 0.8
  },
  {
    "type": "mutation",
    "id": "THIRST3",
	"copy-from": "THIRST3",
    "name": "奇渴无比",
    "points": -5,
    "description": "如果没有三人份的水的话，你就要变成人干了。",
    "thirst_modifier": 1.6
  },
  {
    "type": "mutation",
    "id": "ROT2",
	"copy-from": "ROT2",
    "name": "衰退",
    "points": -8,
    "description": "你的身体正在非常缓慢地萎缩！",
    "healing_awake": -0.02,
    "healing_resting": -0.33
  },
  {
    "type": "mutation",
    "id": "ROT3",
	"copy-from": "ROT3",
    "name": "解体",
    "points": -10,
    "description": "你的身体正在缓慢地萎缩！",
    "healing_awake": -0.08,
    "healing_resting": -0.5
  },
  {
    "type": "mutation",
    "id": "SLIMY",
	"copy-from": "SLIMY",
    "name": "粘液外表",
    "points": 2,
    "visibility": 7,
    "ugliness": 6,
    "description": "你的身上粘粘糊糊的，走过的地方都有痕迹。大大增加湿身心情加成。所有：+1斩击。",
    "armor": [ { "parts": "ALL", "cut": 1 } ]
  },
  {
    "type": "mutation",
    "id": "VISCOUS",
	"copy-from": "VISCOUS",
    "name": "粘滞外表",
    "points": 4,
    "visibility": 7,
    "ugliness": 8,
    "description": "你身上的分泌物变得又粘又像凝胶。略微提高抗酸力，大大增加湿身心情加成。所有：+2斩击、+4防酸。",
    "armor": [ { "parts": "ALL", "cut": 2, "acid": 4 } ]
  },
  {
    "type": "mutation",
    "id": "AMORPHOUS",
	"copy-from": "AMORPHOUS",
    "name": "无定形形体",
    "points": -2,
    "visibility": 10,
    "ugliness": 10,
    "description": "你的血肉就好像一整块舒爽的凝胶。你的身体结构似乎正在到处跑偏，而你的腿流动的相当舒适。所有：+6钝击、+1切记。",
    "purifiable": false,
    "armor": [ { "parts": "ALL", "bash": 6, "cut": 1 } ]
  },
  {
    "type": "mutation",
    "id": "CHLOROMORPH",
	"copy-from": "CHLOROMORPH",
    "name": "植物形态",
    "points": 10,
    "visibility": 7,
    "ugliness": 1,
    "description": "你的每寸肌肤富含叶绿素，你还有强大的根系。只要睡在可挖掘的土壤上你就不会饥渴。",
    "valid": false,
    "purifiable": false,
    "metabolism_modifier": -0.15,
    "thirst_modifier": 0.1
  },
  {
    "type": "mutation",
    "id": "COLDBLOOD",
	"copy-from": "COLDBLOOD",
    "name": "热能依赖",
    "points": 0,
    "mixed_effect": true,
    "description": "你的肌肉反应速度受环境温度影响。在18.3℃（65F）以下，温度每降低2.8℃（5F），你的速度将下降1%。但行动迟缓能够帮助你减少略微食物消耗。",
    "metabolism_modifier": -0.1,
    "thirst_modifier": -0.1
  },
  {
    "type": "mutation",
    "id": "COLDBLOOD2",
	"copy-from": "COLDBLOOD2",
    "name": "重度热能依赖",
    "points": -2,
    "mixed_effect": true,
    "description": "你的肌肉反应速度严重受环境温度影响。在18.3℃（65F）以下，温度每降低1.7℃（3F），你的速度将下降1%。但你缓慢的新陈代谢能够帮助你减少食物消耗。",
    "metabolism_modifier": -0.15,
    "thirst_modifier": -0.15
  },
  {
    "type": "mutation",
    "id": "COLDBLOOD3",
	"copy-from": "COLDBLOOD3",
    "name": "冷血动物",
    "points": -3,
    "mixed_effect": true,
    "description": "你是冷血动物，依靠热量来活动。你在气温为18℃以下（65F）时气温每下降1.1℃（2F）速度降低1%。但你缓慢的新陈代谢能够帮助你减少食物消耗，只需要普通人食量的一半。",
    "metabolism_modifier": -0.2,
    "thirst_modifier": -0.2
  },
  {
    "type": "mutation",
    "id": "COLDBLOOD4",
	"copy-from": "COLDBLOOD4",
    "name": "变温动物",
    "points": 0,
    "mixed_effect": true,
    "description": "你完全变异为冷血动物。你的速度在低于/高于18.3℃ （65F）时，按照每1.1℃（2F）一档降低/提高。但你缓慢的新陈代谢能够帮助你减少食物消耗，只需要普通人食量的一半。",
    "purifiable": false,
    "metabolism_modifier": -0.25,
    "thirst_modifier": -0.25
  },
  {
    "type": "mutation",
    "id": "ARM_FEATHERS",
	"copy-from": "ARM_FEATHERS",
    "name": "羽化手臂",
    "points": -2,
    "visibility": 8,
    "ugliness": 2,
    "bodytemp_modifiers": [ 10, 25 ],
    "description": "你的手臂长满了彩色的浓密羽毛，它们能提高你手臂的防水性和防护性，但是非常碍事累赘。可惜因为这些羽毛太小了，靠它们你完全飞不起来。手臂：+1钝击、+1斩击。",
    "armor": [ { "parts": [ "ARM_L", "ARM_R" ], "bash": 1, "cut": 1 } ]
  },
  {
    "type": "mutation",
    "id": "ARM_TENTACLES",
	"copy-from": "ARM_TENTACLES",
    "name": "触手手臂",
    "points": -4,
    "visibility": 7,
    "ugliness": 4,
    "mixed_effect": true,
    "description": "你的手臂已转化为触手，敏捷+1，手掌累赘永久+25，不能戴手套。稍微减少湿身心情惩罚。",
    "encumbrance_always": [ [ "HAND_L", 25 ], [ "HAND_R", 25 ] ]
  },
  {
    "type": "mutation",
    "id": "ARM_TENTACLES_4",
	"copy-from": "ARM_TENTACLES_4",
    "name": "四手明王",
    "points": -2,
    "visibility": 8,
    "ugliness": 5,
    "description": "你的手臂变成了四条触须，敏捷+1，手掌累赘永久+25，不能戴手套。随机增加最多3次额外攻击。稍微减少湿身心情惩罚。",
    "encumbrance_always": [ [ "HAND_L", 25 ], [ "HAND_R", 25 ] ]
  },
  {
    "type": "mutation",
    "id": "ARM_TENTACLES_8",
	"copy-from": "ARM_TENTACLES_8",
    "name": "八臂哪吒",
    "points": -1,
    "visibility": 9,
    "ugliness": 6,
    "description": "你的手臂变成了八条触须，敏捷+1，手掌累赘永久+25，不能戴手套。随机增加最多7次额外攻击。稍微减少湿身心情惩罚。",
    "encumbrance_always": [ [ "HAND_L", 25 ], [ "HAND_R", 25 ] ]
  },
  {
    "type": "mutation",
    "id": "SHELL",
	"copy-from": "SHELL",
    "name": "龟壳",
    "points": -5,
    "visibility": 8,
    "ugliness": 3,
    "description": "你的身体表面有一个厚厚的外壳，提供优良的装甲。有一个16单位的储存空间，但不能穿衣服了。稍微减少湿身心情惩罚。躯干：钝击+10、斩击+14。",
    "armor": [ { "parts": "TORSO", "bash": 10, "cut": 14 } ]
  },
  {
    "type": "mutation",
    "id": "SHELL2",
	"copy-from": "SHELL2",
    "name": "大龟壳",
    "points": -1,
    "visibility": 10,
    "ugliness": 3,
    "mixed_effect": true,
    "description": "你可以随时、把自己整个缩进你宽敞的甲壳里，充分享受它的温暖和保护。激活它将头和四肢缩入壳里，以移动力和视野为代价，换取保暖和防护。躯干：钝击+14、斩击+18。",
    "armor": [ { "parts": "TORSO", "bash": 14, "cut": 18 } ],
    "active": true
  },
  {
    "type": "mutation",
    "id": "ACIDBLOOD",
	"copy-from": "ACIDBLOOD",
    "name": "酸性血液",
    "points": 4,
    "description": "你的身体产生了一种神奇的防御机制。你流出的血含有强酸，会伤害任何蠢到弄破你皮肤的家伙。这个变异会增加你的新陈代谢速度。",
    "metabolism_modifier": 0.15
  }
]
