[
  {
    "type": "mutation",
    "id": "hypostasis",
    "name": "下位基因",
    "points": -1,
    "description": "你的身体一直在努力跟上你的生理节奏。你常常觉得自己不够完美！需要补救。",
    "starting_trait": true,
    "category": [ "ALPHA", "MEDICAL" ],
    "changes_to": [ "growpangs" ],
    "healing_awake": -0.001,
    "healing_resting": -0.15,
    "fatigue_modifier": 0.01,
    "stamina_regen_modifier": -0.04
  },
  {
    "type": "mutation",
    "id": "growpangs",
    "name": "成长的痛苦",
    "points": -2,
    "description": "完美的成长正在取得成功，虽然过去的部分肉体仍然存在。你的身体里会有一些轻微的刺激。一个小副作用。",
    "category": [ "ALPHA", "MEDICAL" ],
    "healing_awake": -0.0015,
    "healing_resting": -0.2,
    "fatigue_modifier": 0.025,
    "metabolism_modifier": 0.025,
    "thirst_modifier": 0.025,
    "stamina_regen_modifier": -0.05
  },
  {
    "type": "mutation",
    "id": "20_15",
    "name": "20/15视力",
    "points": 2,
    "visibility": -1,
    "ugliness": -1,
    "description": "你的眼睛和你其他的器官一样，都是完美的。你获得+1感知。",
    "starting_trait": true,
    "cancels": [
      "BIRD_EYE",
      "LIZ_EYE",
      "FEL_EYE",
      "URSINE_EYE",
      "COMPOUND_EYES",
      "ELFAEYES",
      "CEPH_EYES",
      "HYPEROPIC",
      "MYOPIC",
      "NIGHTVISION2"
    ],
    "category": [ "ALPHA", "MEDICAL" ],
    "passive_mods": { "per_mod": 1 }
  },
  {
    "type": "mutation",
    "id": "CHEMREBALANCE",
    "name": "平静的心灵",
    "points": 1,
    "description": "你的思维很清晰，你会更容易体验到世界和体会到情绪。你的感知得到+1。",
    "starting_trait": true,
    "cancels": [ "SAVANT", "CHEMIMBALANCE" ],
    "changes_to": [ "CHEMREBALANCE2" ],
    "category": [ "ALPHA", "ELFA", "RAPTOR", "URSINE", "LIZARD" ],
    "passive_mods": { "per_mod": 1 }
  },
  {
    "type": "mutation",
    "id": "CHEMREBALANCE2",
    "name": "宁静的心灵",
    "points": 3,
    "description": "你的头脑相当冷静，思维充满了智慧。智力+1，感知+2。",
    "cancels": [ "SAVANT", "CHEMIMBALANCE" ],
    "category": [ "ELFA", "URSINE" ],
    "passive_mods": { "per_mod": 2, "int_mod": 1 }
  },
  {
    "type": "mutation",
    "id": "LUNGS",
    "name": "强大的肺",
    "points": 2,
    "visibility": 0,
    "ugliness": 0,
    "description": "你的肺部构造良好;你的横膈膜也是。呼吸对你来说更容易，允许更快的耐力恢复。",
    "starting_trait": true,
    "cancels": [ "GILLS", "GILLS_CEPH" ],
    "changes_to": [ "LUNGS_2" ],
    "category": [ "BEAST", "LUPINE", "FELINE", "ALPHA", "CHIMERA", "BIRD" ],
    "stamina_regen_modifier": 0.15
  },
  {
    "type": "mutation",
    "id": "LUNGS_2",
    "name": "健壮的肺",
    "points": 3,
    "visibility": 0,
    "ugliness": 0,
    "description": "你的肺现在正在咆哮!战斗也容易多了。",
    "cancels": [ "GILLS", "GILLS_CEPH" ],
    "category": [ "BEAST", "FELINE", "CHIMERA" ],
    "stamina_regen_modifier": 0.25
  }
]
