[
  {
    "type": "scenario",
    "ident": "PRM_Doomguy",
    "name": "地狱之城",
    "points": -4,
    "description": "击败地狱里面的敌人后，你发现它们逃到了地球上。",
    "start_name": "地狱建筑",
    "allowed_locs": [ "hell_church", "doomlabs", "hell_fort" ],
    "professions": [ "doomguy", "riot_cop", "a pisskop" ]
  },
  {
    "type": "scenario",
    "ident": "riot_cop",
    "name": "逃离暴乱",
    "points": -3,
    "description": "你被分配去平息一场暴乱，但是看到这些暴徒们没有呼吸却继续朝你走来，你觉得，你应该抓紧跑路了。",
    "start_name": "坚守于公共设施",
    "allowed_locs": [
      "s_bookstore",
      "s_grocery",
      "police",
      "s_garage",
      "s_library",
      "hospital_2",
      "mall_a_30",
      "religous_church",
      "religous_cemetery",
      "public_cemetery"
    ],
    "flags": [ "SUR_START" ]
  },
  {
    "type": "scenario",
    "ident": "isolationist",
    "name": "城镇之外",
    "points": 1,
    "description": "轰炸的时候，你在城外，你甚至都不知道末日已经来临，而且所有人都加入不死族。不知情会让你从接下来的命运中活下来吗？",
    "start_name": "城镇之外",
    "allowed_locs": [ "Swamp Shack", "campground", "survivalist farm", "farm unsettled", "cabin_woods" ]
  },
  {
    "type": "scenario",
    "ident": "teleported",
    "name": "空间扭曲",
    "points": -1,
    "description": "突然出现了一道光，因为空间的扭曲，你被突然传送到了某个地方。为什么你会出现在这里，你也不知道。",
    "start_name": "扭曲区域",
    "allowed_locs": [ "sky anomalie", "sludge pit", "Strange Cabin", "Crater", "doom_lab_warp", "Standing stones", "Derelict Property" ],
    "professions": [
      "churl",
      "unemployed",
      "riot_cop",
      "doomguy",
      "huntsman",
      "mutant_crafter",
      "a pisskop",
      "scoundrel",
      "soldier",
      "survivalist",
      "crackhead",
      "tweaker",
      "salesman",
      "hitchhiker",
      "clown",
      "lost_sub",
      "bionic_firefighter",
      "bionic_spy",
      "cyberjunkie",
      "blackbelt",
      "archaeologist",
      "road_warrior",
      "naturalist",
      "reenactor",
      "jdelinquent",
      "photojournalist"
    ]
  }
]
