[
{
		"type" : "item_group",
		"subtype": "collection",
		"comment": "乘龙掉落",	
		"id": "mon_drop_cl0",
		"entries":
	[
	{ "item": "SKJB", "count": [100,500] }
	]
},
{
		"type" : "item_group",
		"subtype": "collection",
		"comment": "乘龙掉落",	
		"id": "mon_drop_cl1",
		"entries":
	[
	{ "item": "wx_baby_cl1", "count": [1,1] }
	]
},
{
		"type" : "MONSTER",
		"id" : "mon_wxkj_cl1",
		"copy-from" : "mon_wxkj_cl1",
		"death_drops": 
		{
			"subtype": "collection",
			"groups": 
		[	
    		[ "mon_drop_cl1", 10 ],
			[ "mon_drop_cl0", 90 ]
			
		]
		}
}
]