  [
  {
    "id": "mon_wxkj_cl1",
    "type": "MONSTER",
    "name": "乘龙",
    "description": "乘龙是一种个性温和、乐于助人、喜欢让人乘在背上在海上前行的神奇宝贝。这种天性导致乘龙被大量捕捉而濒临灭绝。拥有可以理解人类语言的高智商。乘龙会结成群穿越海洋。为了与同伴保持联络，乘龙会用使人心醉的旋律唱歌。",
    "categories": [ "WILDLIFE" ],
    "species": [ "MAMMAL" ],
    "default_faction": "bll_family",
    "harvest": "mammal_tiny",
    "diff": 30,
    "size": "LARGE",
    "volume": "5 ml",
    "weight": 10,
    "hp": 928,
    "speed": 240,
    "material": [ "flesh" ],
    "symbol": "U",
    "color": "light_gray",
    "aggression": 49,
    "morale": 100,
    "melee_skill": 6,
    "melee_dice_sides": 10,
    "melee_dice": 2,
    "melee_cut": 59,
    "melee_bash": 59,
    "dodge": 7,
    "armor_bash": 28,
    "armor_cut": 32, 
    "vision_day": 40,
    "vision_night": 30,
    "path_settings": { "max_dist": 40 },
    "anger_triggers": [ "HURT", "FRIEND_ATTACKED","FRIEND_DIED",  "PLAYER_CLOSE","STALK"],
    "placate_triggers": [ "MEAT" ],
    "reproduction": { "baby_monster": "mon_wxkj_clyt1", "baby_count": 1, "baby_timer": 365 },
    "baby_flags": [ "SPRING", "SUMMER", "AUTUMN" ],
     "special_attacks": 
     [
     [ "wxkj_phsg", 30 ]   
     ],   
    "death_function": [ "MELT" ],
    "flags": [ "SEES", "HEARS", "SMELLS", "ANIMAL", "PATH_AVOID_DANGER_2", "WARM", "FUR",  "FAT","DOGFOOD",
   "PET_MOUNTABLE","SWIMS"
      ]
  }
  
  ]