  [
  {
    "id": "mon_wxkj_clyt1",
    "type": "MONSTER",
    "name": "乘龙(幼体)",
    "description": "乘龙是一种个性温和、乐于助人、喜欢让人乘在背上在海上前行的神奇宝贝。这种天性导致乘龙被大量捕捉而濒临灭绝。拥有可以理解人类语言的高智商。乘龙会结成群穿越海洋。为了与同伴保持联络，乘龙会用使人心醉的旋律唱歌。",
    "categories": [ "WILDLIFE" ],
    "species": [ "MAMMAL" ],
    "default_faction": "bll_family",
    "harvest": "mammal_tiny",
    "diff": 2,
    "size": "TINY",
    "volume": "5 ml",
    "weight": 10,
    "hp": 95,
    "speed": 81,
    "material": [ "flesh" ],
    "symbol": "U",
    "color": "light_gray",
    "aggression": 1,
    "morale": 100,
    "melee_skill": 1,
    "melee_dice_sides": 5,
    "melee_dice": 2,
    "melee_cut": 6,
    "melee_bash": 13,
    "dodge": 3,
    "armor_bash": 8,
    "armor_cut": 10, 
    "path_settings": { "max_dist": 15 },
    "anger_triggers": [ "HURT", "FRIEND_ATTACKED","FRIEND_DIED"],
    "placate_triggers": [ "MEAT" ],
    "fear_triggers": [ "PLAYER_CLOSE","STALK" ],   
    "upgrades":
     { "age_grow": 90, "into":"mon_wxkj_cl_czt1" },
     "special_attacks": 
     [      
      [ "wxkj_bump", 5 ]
     ],   
    "death_function": [ "MELT" ],
    "flags": [ "SEES", "HEARS", "SMELLS", "ANIMAL", "PATH_AVOID_DANGER_2", "WARM", "FUR",  "FAT","DOGFOOD",
   "PET_MOUNTABLE","SWIMS"
      ]
  }
  
  
  ]