[
{
       "type":"TOOL",
        "id": "wx_baby_cl1",   
	    "category" : "wxkj_lq_lz",
        "symbol": "/",
        "color": "dark_gray",
        "name": "精灵的蛋(孕育中)",
        "description": "某只精灵所产的蛋,因为有着充足的营养,因此还在孵化中.",
        "price": 500000,   
        "price_postapoc": 2000000,   
        "count": 1,
        "material": ["veggy"],
        "weight": 80,
        "volume": 1,
	    "max_charges": 168,
	    "charges_per_use": 168,
	    "initial_charges":1,
	    "ammo": "WXKJ_resoure_LQ_type",
        "flags" : ["SPEAR"],    
        "artifact_data" :
        {
	    "charge_type": "ARTC_TIME"
	    },
        "use_action": {
			"type": "place_monster",
	    	"monster_id": "mon_wxkj_clyt1",		
			"friendly_msg": "啊!!! 一只小乘龙从蛋中孕育而出!.",
			"place_randomly": true,
			"moves": 0,
			"need_charges": 168,
			"need_charges_msg": "这颗蛋正处于孕育状态,它会自动吸收周围灵气来孕养自身."
			}
}

]
