[
  {
    "id": "f_blade_upright",
    "type": "furniture",
    "name": "直立的宝剑",
    "description": "一把奇怪的剑在地上盘旋。下面的楼梯被一道坚固的光障挡住了，但是通过检查，这把剑应该很容易被移除。",
    "symbol": "|",
    "looks_like": "sun_sword_on",
    "bgcolor": [
      "yellow"
    ],
    "move_cost_mod": -2,
    "light_emitted": 240,
    "required_str": -1,
    "flags": [
      "NOITEM",
      "TRANSPARENT"
    ],
    "deployed_item": "sun_sword",
    "examine_action": "deployed_furniture"
  },
  {
    "id": "f_candle_barrier",
    "type": "furniture",
    "name": "发光的蜡烛",
    "description": "一支发光的蜡烛，发出奇怪的能量并投射出不透明的发光屏障。检查它以驱散障碍物。",
    "symbol": ",",
    "looks_like": "candle_lit",
    "bgcolor": [
      "blue"
    ],
    "move_cost_mod": -2,
    "light_emitted": 24,
    "required_str": -1,
    "flags": [
      "NOITEM",
      "USABLE_FIRE"
    ],
    "deployed_item": "candle_barrier_aftermath",
    "examine_action": "deployed_furniture"
  },
  {
    "id": "f_candle_barrier_playermade",
    "type": "furniture",
    "name": "闪烁的蜡烛",
    "description": "一支蜡烛，灯芯散发出幽灵般的火焰，并投射出一道发光的屏障。检查它以分散屏障，足够的力也可能使其倒塌。",
    "symbol": ",",
    "looks_like": "candle_lit",
    "bgcolor": [
      "magenta"
    ],
    "move_cost_mod": -2,
    "light_emitted": 12,
    "required_str": -1,
    "flags": [
      "NOITEM",
      "TRANSPARENT",
      "USABLE_FIRE"
    ],
    "deployed_item": "candle",
    "examine_action": "deployed_furniture",
    "bash": {
      "str_min": 40,
      "str_max": 210,
      "sound": "crash!",
      "sound_fail": "whump.",
      "items": [
        {
          "item": "candle",
          "count": [
            0,
            1
          ]
        }
      ]
    }
  },
  {
    "type": "furniture",
    "id": "f_altar_arcana",
    "name": "石炉",
    "symbol": "n",
    "looks_like": "f_fireplace",
    "description": "一种流动的活石结构，被塑造成一个开放的壁炉，表面会周期性地开裂和变形。它提供了适度的空间来安全地焚烧供品，或者提供了一个足够用于更病态仪式的平坦表面。",
    "color": "dark_gray",
    "move_cost_mod": 2,
    "required_str": -1,
    "crafting_pseudo_item": "boulder_anvil",
    "flags": [
      "INDOORS",
      "PLACE_ITEM",
      "FIRE_CONTAINER",
      "SUPPRESS_SMOKE",
      "TRANSPARENT",
      "MOUNTABLE",
      "SHORT",
      "MINEABLE",
      "FLAT_SURF",
      "SUN_ROOF_ABOVE"
    ],
    "bash": {
      "str_min": 10,
      "str_max": 20,
      "sound": "smash!",
      "sound_fail": "thump."
    },
    "examine_action": "fireplace"
  },
  {
    "type": "furniture",
    "id": "f_pozdol_arcana",
    "name": "森林垫层",
    "description": "一层扭曲的、扭曲的、但不自然的绿色落叶，来自某个不知名的森林地面，上面有乱七八糟的模制石头钉和树枝。至少比在空旷的天空下睡觉要好。",
    "symbol": ",",
    "looks_like": "t_moss",
    "bgcolor": "green",
    "comfort": 2,
    "floor_bedding_warmth": 200,
    "move_cost_mod": 0,
    "required_str": -1,
    "flags": [
      "FLAMMABLE_HARD",
      "TRANSPARENT",
      "INDOORS",
      "NOCOLLIDE",
      "SUN_ROOF_ABOVE"
    ],
    "bash": {
      "str_min": 5,
      "str_max": 30,
      "sound": "smash!",
      "sound_fail": "whump."
    }
  },
  {
    "type": "furniture",
    "id": "f_spires_arcana",
    "name": "模压石墙",
    "symbol": "#",
    "looks_like": "t_drystone_wall",
    "description": "一种由流动的石头、泥土和未开化的植物根系组成的相互交错的尖顶构成的墙，这些尖顶形成并附着在建筑物生长的原始地面上。流动的石头时不时地裂开碎裂，只是为了自我修复和再凝固。",
    "color": "dark_gray",
    "move_cost_mod": -1,
    "required_str": -1,
    "flags": [
      "NOITEM",
      "BLOCK_WIND",
      "SUN_ROOF_ABOVE"
    ],
    "bash": {
      "str_min": 20,
      "str_max": 60,
      "sound": "crash!",
      "sound_fail": "thump!"
    }
  },
  {
    "type": "furniture",
    "id": "f_door_arcana_c",
    "name": "编织门",
    "description": "由奇怪的藤蔓、树枝和活石组成的沉重的帷幕。在你的触摸下，它以惊人的轻松移动，流动着，在周围的模制地球中编织出它的结构。",
    "looks_like": "t_door_curtain_c",
    "symbol": "+",
    "color": "white",
    "move_cost_mod": -1,
    "required_str": -1,
    "flags": [
      "FLAMMABLE_HARD",
      "NOITEM",
      "BLOCK_WIND",
      "SUN_ROOF_ABOVE"
    ],
    "open": "f_door_arcana_o",
    "bash": {
      "str_min": 4,
      "str_max": 40,
      "sound": "smash!",
      "sound_fail": "whump!"
    }
  },
  {
    "type": "furniture",
    "id": "f_door_arcana_o",
    "name": "打开编织门",
    "description": "由奇怪的藤蔓、树枝和活石组成的沉重的帷幕。在你的触摸下，它以惊人的轻松移动，流动着，在周围的模制地球中编织出它的结构。它目前正是这样做的，给人的印象是一个诱人的，如果不寻常的，门口。",
    "looks_like": "t_door_curtain_o",
    "symbol": ".",
    "color": "white",
    "move_cost_mod": 0,
    "required_str": -1,
    "flags": [
      "FLAMMABLE_HARD",
      "TRANSPARENT"
    ],
    "close": "f_door_arcana_c",
    "bash": {
      "str_min": 4,
      "str_max": 40,
      "sound": "smash!",
      "sound_fail": "whump!"
    }
  },
  {
    "type": "furniture",
    "id": "f_arcane_candlestick",
    "name": "烛台",
    "description": "一个短的石头基座，上面牢固地安装着一个华丽的烛台。",
    "looks_like": "t_pedestal_wyrm",
    "symbol": "&",
    "color": "dark_gray",
    "move_cost_mod": -1,
    "coverage": 50,
    "required_str": -1,
    "flags": [
      "TRANSPARENT",
      "SEALED",
      "PLACE_ITEM"
    ],
    "bash": {
      "str_min": 100,
      "str_max": 400,
      "sound": "crash!",
      "sound_fail": "whump!",
      "items": [
        {
          "item": "rock",
          "count": [
            2,
            5
          ]
        }
      ]
    }
  },
  {
    "type": "furniture",
    "id": "f_arcane_candlestick_lit",
    "name": "烛台",
    "description": "一个短的石头基座，上面牢固地安装着一个华丽的烛台。一种诡异的蓝色火焰萦绕在人们期待的地方，一支蜡烛将点燃，散发出一种舒缓的光芒。",
    "looks_like": "t_pedestal_wyrm",
    "symbol": "&",
    "color": "dark_gray",
    "light_emitted": 120,
    "move_cost_mod": -1,
    "coverage": 50,
    "required_str": -1,
    "flags": [
      "TRANSPARENT",
      "SEALED",
      "PLACE_ITEM",
      "USABLE_FIRE"
    ],
    "bash": {
      "str_min": 100,
      "str_max": 400,
      "sound": "crash!",
      "sound_fail": "whump!",
      "items": [
        {
          "item": "rock",
          "count": [
            2,
            5
          ]
        }
      ]
    }
  },
  {
    "id": "f_force_barrier",
    "type": "furniture",
    "name": "闪光屏障",
    "description": "空气中一种奇怪的摇摆变形，提供了最微弱的光照。当它被击中时，它会硬化成一道爆裂的光墙，检查它会让你把它赶走。",
    "symbol": "#",
    "looks_like": "t_reinforced_glass",
    "bgcolor": [
      "blue"
    ],
    "move_cost_mod": -2,
    "light_emitted": 1,
    "required_str": -1,
    "flags": [
      "NOITEM",
      "TRANSPARENT"
    ],
    "deployed_item": "candle_barrier_aftermath",
    "examine_action": "deployed_furniture",
    "bash": {
      "str_min": 100,
      "str_max": 400,
      "sound": "crash!",
      "sound_fail": "whump!"
    }
  },
  {
    "type": "furniture",
    "id": "f_alien_zapper_altered",
    "looks_like": "f_alien_zapper",
    "name": "抽搐的脑叶",
    "description": "像蛾子的触角一样的脊柱从地上伸出，在空中轻轻地摇摆。每隔一段时间，一连串的能量沿着它形成弧线并排放到天花板上。",
    "symbol": "F",
    "color": "light_blue",
    "move_cost_mod": 4,
    "coverage": 20,
    "required_str": -1,
    "flags": [
      "TRANSPARENT",
      "EMITTER"
    ],
    "emissions": [
      "emit_glimmer_altered",
      "emit_shock_burst_altered"
    ],
    "bash": {
      "str_min": 30,
      "str_max": 60,
      "sound": "splorch!",
      "sound_fail": "whump!",
      "furn_set": "f_alien_scar"
    }
  }
]