[
  {
    "type": "trap",
    "id": "tr_archon_map_regen_underground_1",
    "name": "异常结构迷宫改变",
    "color": "brown",
    "symbol": ".",
    "visibility": 99,
    "avoidance": 99,
    "difficulty": 99,
    "action": "map_regen",
    "map_regen": "archon_maze_regen_1"
  },
  {
    "type": "trap",
    "id": "tr_archon_map_regen_underground_2",
    "name": "异常结构迷宫改变",
    "color": "brown",
    "symbol": ".",
    "visibility": 99,
    "avoidance": 99,
    "difficulty": 99,
    "action": "map_regen",
    "map_regen": "archon_maze_regen_2"
  },
  {
    "type": "trap",
    "id": "tr_archon_map_regen_finale",
    "name": "异常结构结局",
    "color": "brown",
    "symbol": ".",
    "visibility": 99,
    "avoidance": 99,
    "difficulty": 99,
    "action": "map_regen",
    "map_regen": "archon_maze_regen_finale"
  },
  {
    "type": "trap",
    "id": "tr_archon_map_regen_hall_1",
    "name": "异常结构走廊改造",
    "color": "brown",
    "symbol": ".",
    "visibility": 99,
    "avoidance": 99,
    "difficulty": 99,
    "action": "map_regen",
    "map_regen": "archon_hall_regen_1"
  },
  {
    "type": "trap",
    "id": "tr_archon_map_regen_hall_2",
    "name": "异常结构走廊改造",
    "color": "brown",
    "symbol": ".",
    "visibility": 99,
    "avoidance": 99,
    "difficulty": 99,
    "action": "map_regen",
    "map_regen": "archon_hall_regen_2"
  },
  {
    "type": "trap",
    "id": "tr_archon_shadow_trap",
    "name": "阴影七边形",
    "color": "dark_gray",
    "symbol": "^",
    "action": "spell",
    "visibility": 10,
    "avoidance": 99,
    "difficulty": 20,
    "drops": [
      {
        "item": "essence",
        "quantity": 1
      }
    ],
    "spell_data": {
      "id": "arcana_trap_archon_shadows"
    }
  },
  {
    "type": "trap",
    "id": "tr_archon_hallu_trap",
    "name": "阴影七边形",
    "color": "magenta",
    "symbol": "^",
    "action": "spell",
    "visibility": 10,
    "avoidance": 99,
    "difficulty": 20,
    "drops": [
      {
        "item": "essence",
        "quantity": 1
      }
    ],
    "spell_data": {
      "id": "arcana_trap_archon_hallu"
    }
  },
  {
    "type": "trap",
    "id": "tr_archon_chill_trap",
    "name": "阴影七边形",
    "color": "blue",
    "symbol": "^",
    "action": "spell",
    "visibility": 10,
    "avoidance": 99,
    "difficulty": 20,
    "drops": [
      {
        "item": "essence",
        "quantity": 1
      }
    ],
    "spell_data": {
      "id": "arcana_trap_archon_chill"
    }
  }
]