[
    {
        "type" : "MONSTER_FACTION",
        "//":"总关系",
        "name" : "pokemon",
         "friendly" : ["small_animal"],
        "neutral" : ["human"]
    },
    {
        "type" : "MONSTER_FACTION",
        "//":"草系",
        "name" : "pokemon_cx",
        "base_faction" : "pokemon",
        "friendly" : ["phl_family"]
        
    },
    {
        "type" : "MONSTER_FACTION",
        "//":"水系",
        "name" : "pokemon_sx",
        "base_faction" : "pokemon",
        "neutral" : ["pokemon_cx"]
    },       
    {
        "type" : "MONSTER_FACTION",
        "name" : "mwh_family",
        "base_faction" : "pokemon_cx",       
        "neutral" : ["jzs_family"]
    },{
        "type" : "MONSTER_FACTION",
        "name" : "phl_family",
        "base_faction" : "pokemon_cx",
        "friendly" : ["mwh_family", "jzs_family"],
        "neutral" : ["human"]
    },{
        "type" : "MONSTER_FACTION",
        "name" : "jzs_family",
        "base_faction" : "pokemon_cx",
        "friendly" : ["phl_family"],
        "neutral" : ["mwh_family","bdd_family" ]
    },{
        "type" : "MONSTER_FACTION",
        "name" : "bdd_family",
        "base_faction" : "pokemon_cx",
        "friendly" : ["phl_family", "mwh_family","qexj_family"],
        "neutral" : ["jzs_family"]
    },{
        "type" : "MONSTER_FACTION",
        "name" : "qexj_family",
        "base_faction" : "pokemon_cx",
        "friendly" : ["phl_family", "mwh_family","bdd_family"],
        "neutral" : ["jzs_family"]
    },
    {
        "type" : "MONSTER_FACTION",
        "name" : "bll_family",
        "base_faction" : "pokemon_sx",
        "friendly" : ["mns_family"],
        "neutral" : ["human"]
    },
    {
        "type" : "MONSTER_FACTION",
        "name" : "mns_family",
        "base_faction" : "pokemon_sx",
        "friendly" : ["bll_family"],
        "neutral" : ["human"]
    }
    
    ]