[
  {
    "id": "bot_thing_head",
    "type": "TOOL",
    "name":"人脑产生者",
    "description":"生成一个人脑.",
    "weight": 330,
    "volume": 3,
    "price": 60000,
    "to_hit": -3,
    "bashing": 6,
    "cutting": 6,
    "material": [ "aluminum", "plastic" ],
    "symbol": ",",
    "color": "light_green",
    "use_action": { "type": "place_monster", "monster_id": "mon_thing_head", "place_randomly": true }
  },
  {
    "id": "bot_thing_spider",
    "type": "TOOL",
    "name":"人脑蜘蛛产生者",
    "description":"生成一个人脑蜘蛛.",
    "weight": 330,
    "volume": 3,
    "price": 60000,
    "to_hit": -3,
    "bashing": 6,
    "cutting": 6,
    "material": [ "aluminum", "plastic" ],
    "symbol": ",",
    "color": "light_green",
    "use_action": { "type": "place_monster", "monster_id": "mon_thing_spider", "place_randomly": true }
  },
  {
    "id": "bot_tripod",
    "type": "TOOL",
    "name":"三足机器人产生者",
    "description":"生成一个三足机器人进入到现实.",
    "weight": 330,
    "volume": 3,
    "price": 60000,
    "to_hit": -3,
    "bashing": 6,
    "cutting": 6,
    "material": [ "aluminum", "plastic" ],
    "symbol": ",",
    "color": "light_gray",
    "use_action": { "type": "place_monster", "monster_id": "mon_tripod", "place_randomly": true }
  },
  {
    "id": "bot_cherub",
    "type": "TOOL",
    "name": "童天使生成者",
    "description": "生成一个童天使,童天使.",
    "weight": 330,
    "volume": 3,
    "price": 60000,
    "to_hit": -3,
    "bashing": 6,
    "cutting": 6,
    "material": [ "aluminum", "plastic" ],
    "symbol": ",",
    "color": "light_green",
    "use_action": { "type": "place_monster", "monster_id": "mon_cherub", "place_randomly": true }
  },
  {
    "id": "bot_cherub_fly",
    "type": "TOOL",
    "name": "飞行童天使生成者",
    "description": "生成一个童天使,飞行童天使.",
    "weight": 330,
    "volume": 3,
    "price": 60000,
    "to_hit": -3,
    "bashing": 6,
    "cutting": 6,
    "material": [ "aluminum", "plastic" ],
    "symbol": ",",
    "color": "light_green",
    "use_action": { "type": "place_monster", "monster_id": "mon_cherub_fly", "place_randomly": true }
  },
  {
    "id": "bot_imp_revive",
    "type": "TOOL",
    "name":"伤痕累累的幼魔生成者",
    "description":"生成一个受伤的幼魔进入到世界.",
    "weight": 330,
    "volume": 3,
    "price": 60000,
    "to_hit": -3,
    "bashing": 6,
    "cutting": 6,
    "material": [ "aluminum", "plastic" ],
    "symbol": ",",
    "color": "light_green",
    "use_action": { "type": "place_monster", "monster_id": "mon_imp_revive", "place_randomly": true }
  },
  {
    "id": "bot_pinky_revive",
    "type": "TOOL",
    "name": "伤痕累累的恶魔生成者",
    "description": "生成一个受伤的恶魔进入到世界.",
    "weight": 330,
    "volume": 3,
    "price": 60000,
    "to_hit": -3,
    "bashing": 6,
    "cutting": 6,
    "material": [ "aluminum", "plastic" ],
    "symbol": ",",
    "color": "light_green",
    "use_action": { "type": "place_monster", "monster_id": "mon_pinky_revive", "place_randomly": true }
  },
  {
    "id": "bot_hell_knight_revive",
    "type": "TOOL",
    "name": "伤痕累累的地狱骑士生成者",
    "description": "生成一个受伤的地狱骑士进入到世界.",
    "weight": 330,
    "volume": 3,
    "price": 60000,
    "to_hit": -3,
    "bashing": 6,
    "cutting": 6,
    "material": [ "aluminum", "plastic" ],
    "symbol": ",",
    "color": "light_green",
    "use_action": { "type": "place_monster", "monster_id": "mon_hell_knight_revive", "place_randomly": true }
  },
  {
    "id": "bot_cacodemon_revive",
    "type": "TOOL",
    "name": "邪恶巨眼魔生成者",
    "description": "生成一个巨眼魔进入到世界.",
    "weight": 330,
    "volume": 3,
    "price": 60000,
    "to_hit": -3,
    "bashing": 6,
    "cutting": 6,
    "material": [ "aluminum", "plastic" ],
    "symbol": ",",
    "color": "light_green",
    "use_action": {
      "type": "place_monster",
      "monster_id": "mon_cacodemon_revive",
      "difficulty": 90,
      "place_randomly": true,
      "skill1": "survival",
      "skill2": "melee"
    }
  },
  {
    "id": "bot_churl_revive",
    "type": "TOOL",
    "name": "恶魔奴隶生成者",
    "description": "生成一个恶魔奴隶进入到世界.",
    "weight": 330,
    "volume": 3,
    "price": 60000,
    "to_hit": -3,
    "bashing": 6,
    "cutting": 6,
    "material": [ "aluminum", "plastic" ],
    "symbol": ",",
    "color": "light_green",
    "use_action": {
      "type": "place_monster",
      "monster_id": "mon_churl_revive",
      "difficulty": 90,
      "place_randomly": true,
      "skill1": "survival",
      "skill2": "melee"
    }
  },
  {
    "id": "bot_imp",
    "type": "TOOL",
    "name": "幼魔生成者",
    "description": "生成一个幼魔进入到世界.",
    "weight": 330,
    "volume": 3,
    "price": 60000,
    "to_hit": -3,
    "bashing": 6,
    "cutting": 6,
    "material": [ "aluminum", "plastic" ],
    "symbol": ",",
    "color": "light_green",
    "use_action": { "type": "place_monster", "monster_id": "mon_imp", "place_randomly": true }
  },
  {
    "id": "bot_imp_black",
    "type": "TOOL",
    "name": "黑色幼魔生成者",
    "description": "生成一个黑色幼魔进入到世界.",
    "weight": 330,
    "volume": 3,
    "price": 60000,
    "to_hit": -3,
    "bashing": 6,
    "cutting": 6,
    "material": [ "aluminum", "plastic" ],
    "symbol": ",",
    "color": "light_green",
    "use_action": { "type": "place_monster", "monster_id": "mon_imp_black", "place_randomly": true }
  },
  {
    "id": "bot_pinky",
    "type": "TOOL",
    "name": "恶魔生成者",
    "description": "生成一个恶魔进入到世界.",
    "weight": 330,
    "volume": 3,
    "price": 60000,
    "to_hit": -3,
    "bashing": 6,
    "cutting": 6,
    "material": [ "aluminum", "plastic" ],
    "symbol": ",",
    "color": "light_green",
    "use_action": { "type": "place_monster", "monster_id": "mon_pinky", "place_randomly": true }
  },
  {
    "id": "bot_lostsoul",
    "type": "TOOL",
    "name": "地狱丧魂生成者",
    "description": "生成一个地狱丧魂进入到世界.",
    "weight": 330,
    "volume": 3,
    "price": 60000,
    "to_hit": -3,
    "bashing": 6,
    "cutting": 6,
    "material": [ "aluminum", "plastic" ],
    "symbol": ",",
    "color": "light_green",
    "use_action": { "type": "place_monster", "monster_id": "mon_lostsoul", "place_randomly": true }
  },
  {
    "id": "bot_revenant",
    "type": "TOOL",
    "name": "亡魂生成者",
    "description": "生成一个亡魂进入到世界.",
    "weight": 330,
    "volume": 3,
    "price": 60000,
    "to_hit": -3,
    "bashing": 6,
    "cutting": 6,
    "material": [ "aluminum", "plastic" ],
    "symbol": ",",
    "color": "light_green",
    "use_action": { "type": "place_monster", "monster_id": "mon_revenant", "place_randomly": true }
  },
  {
    "id": "bot_hell_knight",
    "type": "TOOL",
    "name": "地狱骑士生成者",
    "description": "生成一个地狱骑士进入到世界.",
    "weight": 330,
    "volume": 3,
    "price": 60000,
    "to_hit": -3,
    "bashing": 6,
    "cutting": 6,
    "material": [ "aluminum", "plastic" ],
    "symbol": ",",
    "color": "light_green",
    "use_action": { "type": "place_monster", "monster_id": "mon_hell_knight", "place_randomly": true }
  },
  {
    "id": "bot_hell_baron",
    "type": "TOOL",
    "name": "地狱男爵生成者",
    "description": "生成一个地狱男爵进入到世界.",
    "weight": 330,
    "volume": 3,
    "price": 60000,
    "to_hit": -3,
    "bashing": 6,
    "cutting": 6,
    "material": [ "aluminum", "plastic" ],
    "symbol": ",",
    "color": "light_green",
    "use_action": { "type": "place_monster", "monster_id": "mon_hell_baron", "place_randomly": true }
  },
  {
    "id": "bot_mancubus",
    "type": "TOOL",
    "name": "肥球生成者",
    "description": "生成一个肥球进入到世界.",
    "weight": 330,
    "volume": 3,
    "price": 60000,
    "to_hit": -3,
    "bashing": 6,
    "cutting": 6,
    "material": [ "aluminum", "plastic" ],
    "symbol": ",",
    "color": "light_green",
    "use_action": { "type": "place_monster", "monster_id": "mon_mancubus", "place_randomly": true }
  },
  {
    "id": "bot_cacodemon",
    "type": "TOOL",
    "name": "巨眼魔生成者",
    "description": "生成一个巨眼魔进入到世界.",
    "weight": 330,
    "volume": 3,
    "price": 60000,
    "to_hit": -3,
    "bashing": 6,
    "cutting": 6,
    "material": [ "aluminum", "plastic" ],
    "symbol": ",",
    "color": "light_green",
    "use_action": {
      "type": "place_monster",
      "monster_id": "mon_cacodemon",
      "difficulty": 90,
      "place_randomly": true,
      "skill1": "survival",
      "skill2": "melee"
    }
  },
  {
    "id": "bot_mechaspider",
    "type": "TOOL",
    "name": "人脑机械蛛生成者",
    "description": "生成一个人脑机械蛛进入到世界.",
    "weight": 330,
    "volume": 3,
    "price": 60000,
    "to_hit": -3,
    "bashing": 6,
    "cutting": 6,
    "material": [ "aluminum", "plastic" ],
    "symbol": ",",
    "color": "light_green",
    "use_action": { "type": "place_monster", "monster_id": "mon_mechaspider", "place_randomly": true }
  },
  {
    "id": "bot_cyberdemon",
    "type": "TOOL",
    "name": "机械巨魔生成者",
    "description": "生成一个机械巨魔进入到世界.",
    "weight": 330,
    "volume": 3,
    "price": 60000,
    "to_hit": -3,
    "bashing": 6,
    "cutting": 6,
    "material": [ "aluminum", "plastic" ],
    "symbol": ",",
    "color": "light_green",
    "use_action": { "type": "place_monster", "monster_id": "mon_cyberdemon", "place_randomly": true }
  },
  {
    "id": "bot_fungal_boil",
    "type": "TOOL",
    "name": "真菌炸弹",
    "//": "Not really 'unseen', but its function is much similar to the others in this file.",
    "description": "里面有一团真菌的罐子.激活来释放它.",
    "weight": 920,
    "volume": 2,
    "price": 12500,
    "to_hit": -1,
    "bashing": 2,
    "material": [ "plastic", "veggy" ],
    "symbol": "o",
    "color": "light_gray",
    "revert_to": "canister_empty",
    "use_action": {
      "type": "place_monster",
      "monster_id": "mon_fungus_boil",
      "friendly_msg": "孢子升到空中,并开始呈指数增长.",
      "hostile_msg": "孢子开始弥漫围绕在你的周围!",
      "difficulty": 4,
      "moves": 75,
      "place_randomly": true,
      "skill1": "survival",
      "skill2": "firstaid"
    }
  },
  {
    "id": "bot_ant_acid_ultralisk",
    "type": "TOOL",
    "name": "猛犸象生成者",
    "description": "生成一个猛犸象.",
    "weight": 330,
    "volume": 3,
    "price": 60000,
    "to_hit": -3,
    "bashing": 6,
    "cutting": 6,
    "material": [ "aluminum", "plastic" ],
    "symbol": ",",
    "color": "light_green",
    "use_action": { "type": "place_monster", "monster_id": "mon_ant_acid_ultralisk", "place_randomly": true }
  }
]
