[
  {
    "id": "water",
    "copy-from": "water",
    "type": "COMESTIBLE",
    "comestible_type": "DRINK",
    "category": "food",
    "name": "water",
    "name_plural": "water",
    "description": "一些无色无味的透明液体,是包含无机化合,人类在内所有生命生存的重要资源,也是最有效的止渴品,不宜直接使用,净化后更安全.水中有一些污垢和辐射 [1 rad]",
    "effects": [ { "id": "rad_tenths", "duration": 10 } ]
  },
  {
    "id": "water_clean",
    "copy-from": "water_clean",
    "type": "COMESTIBLE",
    "name": "clean water",
    "name_plural": "clean water",
    "description": "一份新鲜且纯净的水.这确实很解渴.水的内部基本上没有辐射和灰尘. [1/10 rad]",
    "effects": [ { "id": "rad_tenths", "duration": 1 } ]
  },
  {
    "id": "water_mineral",
    "copy-from": "water_mineral",
    "type": "COMESTIBLE",
    "name": "矿泉水",
    "name_plural": "矿泉水",
    "description": "一份从地下深处自然涌出或者是经人工汲取,未受污染的矿泉水.有一点点的辐射 [1/10 rad]",
    "container": "bottle_glass",
    "proportional": { "quench": 1.3 },
    "relative": { "fun": 4 },
    "effects": [ { "id": "rad_tenths", "duration": 1 } ]
  },
  {
    "id": "stomach",
    "copy-from": "stomach",
    "type": "COMESTIBLE",
    "name": "胃囊",
    "description": "一个林地生物的胃囊.十分地耐磨. [3/10 rad]",
    "effects": [ { "id": "rad_tenths", "duration": 3 } ]
  },
  {
    "id": "offal",
    "copy-from": "offal",
    "type": "COMESTIBLE",
    "name": "生内脏",
    "description": "一些杂混在一起的生内脏.富含人体所需的各种维生素,但如果不经过精心料理,那么味道会很糟糕. [3/10 rad]",
    "effects": [ { "id": "rad_tenths", "duration": 3 } ]
  },
  {
    "id": "fish",
    "copy-from": "fish",
    "type": "COMESTIBLE",
    "name": "生鱼",
    "name_plural": "生鱼",
    "description": "刚才还在活蹦乱跳的鱼,可以经过烹饪制成美味的料理,不经过处理直接食用有感染寄生虫的风险.<br/>“如果有山葵（日本芥末）就可以做成美味的鱼片刺身了”[6/10 rad]",
    "effects": [ { "id": "rad_tenths", "duration": 6 } ]
  },
  {
    "id": "human_flesh",
    "copy-from": "human_flesh",
    "type": "COMESTIBLE",
    "name": "人肉",
    "name_plural": "人肉",
    "description": "一片新鲜的人肉切片<br/>“生人勿近”. [4/10 rad]",
    "effects": [ { "id": "rad_tenths", "duration": 4 } ]
  },
  {
    "id": "meat",
    "copy-from": "meat",
    "type": "COMESTIBLE",
    "name":"肉块",
    "name_plural":"肉块",
    "description":"屠宰动物得到的肉,可以直接使用,但是烹饪后更美味且更加安全. [4/10 rad]",
    "effects": [ { "id": "rad_tenths", "duration": 4 } ]
  },
  {
    "type": "COMESTIBLE",
    "id": "fresh_fries_big",
    "name": "超级大菊花薯条",
    "name_plural": " 超级大菊花薯条",
    "weight": 175,
    "color": "yellow",
    "spoils_in": 200,
    "container": "box_small",
    "comestible_type": "FOOD",
    "symbol": "%",
    "quench": -7,
    "healthy": -2,
    "calories": 208,
    "description": "小卡尔.感谢你的业务.享受你点的“超级大菊花薯条”吧.当你有能力再买一份“超级大菊花薯条”时,请再次光临.",
    "price": 500,
    "material": "junk",
    "volume": 1,
    "charges": 2,
    "flags": [ "EATEN_HOT" ],
    "fun": 9
  },
  {
    "id": "medikit",
    "type": "COMESTIBLE",
    "name": "PRM医疗包",
    "description": "一个PRM生产的医疗包.可快速应用于战场上的情况;虽然它的设计是快速附着在受损组织上,而不是消毒.",
    "weight": 400,
    "volume": 2,
    "price": 50000,
    "material": "spess_plastic",
    "symbol": "+",
    "color": "red",
    "comestible_type": "MED",
    "charges": 3,
    "stack_size": 6,
    "use_action": {
      "type": "heal",
      "move_cost": 3300,
      "long_action": true,
      "bandages_power": 8,
      "disinfectant_power": 8,
      "bleed": 0.95,
      "bite": 0.99,
      "effects": [ { "id": "doom_unhealth", "duration": 10 }, { "id": "pkill1", "duration": 300 }, { "id": "gauze", "duration": 17200 } ]
    },
    "flags": [ "USE_ON_NPC", "NPC_SAFE" ]
  },
  {
    "id": "berserker_drug",
    "type": "TOOL_ARMOR",
    "name": "狂暴兴奋剂",
    "description": "一个静脉注射器,能通过这个注射器注入PRM专利兴奋剂,能够在短时间内将身体推向极限,使激烈的战斗变得更容易.",
    "weight": 360,
    "volume": 2,
    "price": 1000000,
    "to_hit": -1,
    "material": [ "plastic" ],
    "symbol": "|",
    "color": "light_gray",
    "covers": [ "HAND_EITHER", "ARM_EITHER" ],
    "coverage": 10,
    "encumbrance": 1,
    "material_thickness": 0,
    "use_action": {
      "target": "berserker_drug_act",
      "msg": "You insert the needle into your vein and your blood boils!",
      "target_charges": 7,
      "active": true,
      "moves": 250,
      "type": "transform"
    },
    "flags": [ "WATER_FRIENDLY", "BELTED", "ALLOWS_NATURAL_ATTACKS", "NO_RELOAD", "NO_UNLOAD", "USE_ON_NPC", "NPC_SAFE" ]
  },
  {
    "id": "berserker_drug_act",
    "type": "TOOL_ARMOR",
    "name": "狂暴兴奋剂(开)",
    "description": "一个静脉注射器,现在这个注射器正在为使用者注入PRM兴奋剂,为其提供难以置信的力量和灵活性.",
    "weight": 360,
    "volume": 2,
    "price": 1000000,
    "to_hit": -1,
    "material": [ "plastic" ],
    "symbol": "|",
    "color": "i_dark_gray",
    "initial_charges": 7,
    "max_charges": 7,
    "turns_per_charge": 1,
    "revert_to": "bag_plastic",
    "covers": [ "HAND_EITHER", "ARM_EITHER" ],
    "coverage": 10,
    "encumbrance": 1,
    "material_thickness": 0,
    "use_action": { "type": "consume_drug", "effects": [ { "id": "doom_stimpack", "duration": 40 } ] },
    "flags": [ "WATER_FRIENDLY", "BELTED", "ALLOWS_NATURAL_ATTACKS", "NO_RELOAD", "USE_ON_NPC", "NPC_SAFE" ]
  },
  {
    "id": "stamina_vial",
    "type": "COMESTIBLE",
    "name": "耐力补充剂",
    "description": "这种三层高密度液体内含有大量带电荷的有机化学物质,可能很难下咽,但对于高级运动员和要求苛刻的士兵来说,它能显著提高耐力.像大多数PRM产品一样,它是专为短期使用而设计的,可能会打乱身体健康的平衡.",
    "weight": 720,
    "volume": 3,
    "price": 100000,
    "to_hit": -1,
    "phase": "liquid",
    "container": "bottle_glass",
    "material": [ "glass" ],
    "symbol": ")",
    "color": "blue",
    "comestible_type": "MED",
    "charges": 3,
    "calories": 104,
    "fun": -5,
    "use_action": {
      "type": "consume_drug",
      "effects": [ { "id": "doom_unhealth", "duration": 3 }, { "id": "stamina_regen", "duration": 150 } ]
    },
    "flags": [ "NO_RELOAD", "NO_UNLOAD", "USE_ON_NPC", "NPC_SAFE" ]
  },
  {
    "id": "homebrew_antiseptic",
    "type": "COMESTIBLE",
    "name": "自制抗菌剂",
    "description": "用在荒野中发现的材料混合而成的混合物,有可能治疗伤口,阻止或预防感染.它可能是乡村的迷信,但它也可能具有治疗作用. 尽管涂上它后伤口隐隐刺痛,但它还是荒野中应急最好的药品.",
    "weight": 450,
    "volume": 1,
    "price": 500,
    "symbol": "%",
    "color": "light_green",
    "fun": -8,
    "healthy": 1,
    "revert_to": "paper",
    "comestible_type": "MED",
    "use_action": {
      "type": "heal",
      "disinfectant_power": 3,
      "bite": 0.35,
      "move_cost": 1200,
      "long_action": true,
      "effects": [ { "id": "stung", "duration": 12 } ]
    },
    "flags": [ "USE_ON_NPC", "NPC_SAFE" ]
  },
  {
    "id": "antidote_posion",
    "type": "COMESTIBLE",
    "name": "三尖树解毒剂",
    "description": "一种手工酿制的用来治疗一些基本毒素的解毒剂.适用于多种已知的毒药,但可能无法治疗更复杂的毒素.能够治疗和阻断生物毒素.",
    "weight": 175,
    "volume": 1,
    "price": 35000,
    "phase": "liquid",
    "container": "flask_glass",
    "material": [ "powder" ],
    "symbol": ",",
    "color": "light_green",
    "comestible_type": "MED",
    "use_action": {
      "type": "consume_drug",
      "tools_needed": { "syringe": 1 },
      "effects": [ { "id": "triffid_cure", "duration": 1 }, { "id": "doom_unhealth", "duration": 5 } ]
    },
    "flags": [ "USE_ON_NPC", "NPC_SAFE" ]
  },
  {
    "id": "antidote_badpoison",
    "type": "COMESTIBLE",
    "name": "三尖树中和剂",
    "description": "一种浓缩的药物,可以中和大多数已知的毒素,并将它们排出体外.与蜂王浆不同,它被用来预防并阻止之后的攻击.",
    "weight": 175,
    "volume": 1,
    "price": 35000,
    "phase": "liquid",
    "container": "flask_glass",
    "material": [ "powder" ],
    "symbol": ",",
    "color": "light_green",
    "comestible_type": "MED",
    "use_action": { "type": "consume_drug", "tools_needed": { "syringe": 1 }, "effects": [ { "id": "triffid_neutralization", "duration": 1 } ] },
    "flags": [ "USE_ON_NPC", "NPC_SAFE" ]
  },
  {
    "type": "COMESTIBLE",
    "id": "clay_lump",
    "copy-from": "clay_lump",
    "name": "黏土块",
    "category": "other",
    "description": "一块新鲜的粘土,可以用来制造很多东西,可以通过煮沸来去除有害细菌,极端情况下可以生吃来充饥和净化身体的一些辐射.",
    "comestible_type": "MED",
    "charges": 1,
    "calories": 17,
    "quench": -10,
    "fun": -8,
    "parasites": 12,
    "use_action": {
      "type": "consume_drug",
      "activation_message": "你吃了一份%s.",
      "effects": [ { "id": "rad_reduce", "duration": 360 } ],
      "vitamins": [ [ "calcium", 0, 4 ], [ "iron", 0, 8 ] ]
    },
    "flags": [ "USE_ON_NPC", "NPC_SAFE" ]
  },
  {
    "type": "COMESTIBLE",
    "id": "clay_boiled",
    "copy-from": "clay_lump",
    "name": "熟黏土",
    "category": "",
    "description": "一块用盐煮沸以去除一些坚硬的矿物质和寄生虫的黏土.能够去除环境辐射,同时改善了生粘土的口感,但不适合雕刻.",
    "comestible_type": "MED",
    "charges": 1,
    "calories": 17,
    "quench": -13,
    "fun": -4,
    "parasites": 0,
    "use_action": {
      "type": "consume_drug",
      "activation_message": "你吃了一份%s.",
      "effects": [ { "id": "rad_reduce", "duration": 360 }, { "id": "rad_reduce", "duration": 120 } ],
      "vitamins": [ [ "iron", 0, 4 ] ]
    },
    "flags": [ "USE_ON_NPC", "NPC_SAFE" ]
  },
  {
    "id": "vitamins",
    "copy-from": "vitamins",
    "type": "COMESTIBLE",
    "name": "复合维生素",
    "use_action": {
      "type": "consume_drug",
      "activation_message": "你消耗了一份%s.",
      "vitamins": [ [ "calcium", 16, 32 ], [ "iron", 16, 32 ], [ "vitA", 16, 32 ], [ "vitB", 16, 32 ], [ "vitC", 16, 32 ] ]
    },
    "flags": [ "USE_ON_NPC", "NPC_SAFE" ]
  },
  {
    "id": "gummy_vitamins",
    "copy-from": "vitamins",
    "type": "COMESTIBLE",
    "name": "维他命树脂糖",
    "description": "一些水果口味耐嚼软糖形式的基本膳食营养,当饮食营养不均衡时的最终解决方案,做成各式口味以掩盖其中的电离铁.服用也会清除体内的微量毒素和放射性粒子.过量服用会导致维生素过多症.",
    "calories": 9,
    "stim": -1,
    "fun": 4,
    "charges": 10,
    "stack_size": 10,
    "use_action": {
      "type": "consume_drug",
      "activation_message": "你消耗了一份%s.",
      "effects": [ { "id": "chelated_iron", "duration": 600 }, { "id": "rad_reduce", "duration": 600 } ],
      "vitamins": [ [ "calcium", 25, 50 ], [ "iron", 25, 50 ], [ "vitA", 25, 50 ], [ "vitB", 25, 50 ], [ "vitC", 25, 50 ] ]
    },
    "flags": [ "USE_ON_NPC", "NPC_SAFE" ]
  },
  {
    "id": "prussian_blue",
    "type": "COMESTIBLE",
    "comestible_type": "MED",
    "name": "普鲁士蓝药片",
    "description": "含有氧化亚铁氰化盐的药片.能够清除体内的核辐射污染.结果需要数小时才能显现,持续一整天,并且可以通过服用多种剂量来加速整个过程.",
    "weight": 1,
    "volume": 1,
    "price": 3000,
    "charges": 10,
    "stack_size": 200,
    "material": "powder",
    "flags": "NPC_SAFE",
    "symbol": "!",
    "color": "blue",
    "use_action": {
      "type": "consume_drug",
      "activation_message": "你服用了一些普鲁士蓝片.",
      "effects": [ { "id": "pblue", "duration": 14400 } ]
    }
  },
  {
    "type": "COMESTIBLE",
    "id": "fertilizer_chelated",
    "copy-from": "fungicide",
    "sub": "fertilizer_commercial",
    "name": "水族馆肥料",
    "name_plural": "水族馆肥料",
    "color": "light_red",
    "calories": 35,
    "stim": -2,
    "healthy": -4,
    "fun": -20,
    "charges": 16,
    "stack_size": 16,
    "description": "农业级的离子处理肥料,用于水族箱中清除矿物质.可以在紧急情况下清除体内的辐射.",
    "price": 1500,
    "use_action": {
      "type": "consume_drug",
      "activation_message": "You consume a helping of the %s.",
      "effects": [
        { "id": "chelated_iron", "duration": 1200 },
        { "id": "chelated_iron", "duration": 800 },
        { "id": "chelated_iron", "duration": 600 },
        { "id": "rad_reduce", "duration": 600 },
        { "id": "rad_reduce", "duration": 300 }
      ],
      "vitamins": [ [ "iron", 30, 60 ] ]
    },
    "flags": [ "USE_ON_NPC", "NPC_SAFE" ]
  },
  {
    "type": "AMMO",
    "id": "medical_tape",
    "copy-from": "medical_tape",
    "name": "医用胶带",
    "description": "一卷医用胶布,有一些透气用小孔,总体上类似强力胶带<br/>“可以用于假扮木乃伊,但风干肉对丧尸而言更具风味”.",
    "count": 100
  },
  {
    "id": "flu_shot",
    "type": "COMESTIBLE",
    "comestible_type": "MED",
    "name": "流感疫苗",
    "copy-from": "flu_shot",
    "description": "：为大规模疫苗接种而设计的药物流感疫苗,未开封.声称对流感有免疫力.大部分的原理是用一种被削弱的或惰性的病毒株或病毒蛋白感染你,使你的免疫系统生成抗体.",
    "healthy": 3,
    "flags": [ "USE_ON_NPC", "NPC_SAFE" ]
  },
  {
    "id": "dr_stem_cell",
    "type": "COMESTIBLE",
    "name": "Dr Stem干细胞药剂",
    "description": "一管严格控制剂量的干细胞药剂.可以适用于体育和工业事故,但大多数治疗是留给那些负担得起高昂费用的人.用户可能会经历严重的疼痛.并不是所有的用户都能得到到相同的结果.作为医疗指导.如果你有假肢,打算活过30岁,或者已经超过30岁,请咨询你的医生.",
    "weight": 175,
    "volume": 1,
    "price": 777000,
    "phase": "liquid",
    "container": "flask_glass",
    "material": [ "powder" ],
    "symbol": ",",
    "color": "green",
    "comestible_type": "MED",
    "use_action": {
      "type": "consume_drug",
      "tools_needed": { "syringe": 1 },
      "effects": [ { "id": "stemcell_treatment", "duration": 30 }, { "id": "slashed", "duration": 30 } ]
    },
    "flags": [ "USE_ON_NPC", "NPC_SAFE" ]
  }
]
