[
  {
    "id": "plant_sac",
    "type": "COMESTIBLE",
    "name": "植物液囊",
    "description": "来自植物生命形态的液体储囊.不是非常有营养,似乎是细菌的宿主,可能会接触微观细菌.",
    "weight": 278,
    "volume": 1,
    "price": 0,
    "to_hit": -3,
    "bashing": 1,
    "material": "veggy",
    "symbol": "%",
    "color": "light_green",
    "comestible_type": "FOOD",
    "nutrition": 4,
    "quench": 11,
    "fun": 0,
    "spoils_in": 168
  },
  {
    "id": "sac_empty",
    "type": "COMESTIBLE",
    "name": "空液囊",
    "description": "一个空的液囊.味道一点也不好吃,没有什么营养,也不容易填饱肚子,但也许可以用来做引火物或做眼罩.",
    "weight": 155,
    "volume": 1,
    "price": 0,
    "material": "veggy",
    "symbol": "%",
    "color": "light_green",
    "comestible_type": "FOOD",
    "nutrition": 3,
    "quench": 2,
    "fun": -2,
    "spoils_in": 256,
    "flags": [ "TRADER_AVOID" ]
  },
  {
    "id": "sac_treated",
    "type": "TOOL",
    "category": "spare_parts",
    "name": "防腐液囊",
    "description": "经过腌制处理的液囊.将不再以任何明显的速度继续腐烂,并能在蜡中进一步加工以保持新鲜.",
    "weight": 142,
    "volume": 1,
    "price": 2500,
    "to_hit": -3,
    "bashing": 1,
    "material": "veggy",
    "symbol": "%",
    "color": "light_green"
  },
  {
    "id": "megabear_skull_unclean",
    "type": "COMESTIBLE",
    "name": "幼年巨熊头骨",
    "description": "一个未清洗的巨象熊的头.它可以用一些技巧和耐心制作成一个舒适的熊骨头盔,在弹尽粮绝的时候可以试着吃下去.",
    "weight": 7887,
    "volume": 18,
    "to_hit": -3,
    "bashing": 4,
    "material": [ "flesh", "bone" ],
    "symbol": "c",
    "color": "i_dark_gray",
    "comestible_type": "FOOD",
    "charges": 1,
    "quench": 15,
    "healthy": -1,
    "fun": -12,
    "spoils_in": 16,
    "proportional": { "calories": 0.5, "parasites": 1.5 },
    "flags": [ "TRADER_AVOID" ]
  },
  {
    "id": "megabear_skull_picked",
    "type": "GENERIC",
    "name": "采摘的巨型头骨",
    "description": "巨象熊的头的残骸.有什么东西把它吃掉了一部分,但它那顽固的筋还残留着.",
    "weight": 3113,
    "volume": 16,
    "to_hit": -1,
    "bashing": 7,
    "material": [ "bone", "flesh" ],
    "symbol": "c",
    "color": "i_dark_gray",
    "flags": [ "TRADER_AVOID" ]
  },
  {
    "id": "megabear_skull_clean",
    "type": "GENERIC",
    "name": "幼年巨熊头骨",
    "description": "清洁过的小巨象熊的头骨.完美的大小可以做成一个头盔,只需一些功夫.",
    "weight": 2843,
    "volume": 16,
    "price": 9500,
    "to_hit": -2,
    "bashing": 8,
    "material": [ "bone" ],
    "symbol": "c",
    "color": "white"
  },
  {
    "id": "broken_mechaspider",
    "type": "GENERIC",
    "category": "other",
    "name": "死掉的人脑机械蛛",
    "description": "死了的人脑机械蛛.但它真的存在吗?",
    "weight": 18520,
    "volume": 340,
    "price": 100000,
    "to_hit": -3,
    "bashing": 4,
    "material": [ "steel", "flesh" ],
    "symbol": "%",
    "color": "white"
  },
  {
    "id": "arachnotron_guts",
    "type": "GENERIC",
    "category": "other",
    "name": "残缺的人脑机械蛛",
    "description": "一个死去的人脑机械蛛,最大的肉块很快就要被切断了.",
    "weight": 16280,
    "volume": 328,
    "price": 42500,
    "to_hit": -3,
    "bashing": 4,
    "material": [ "steel" ],
    "symbol": "%",
    "color": "light_gray"
  },
  {
    "id": "spider_brain",
    "type": "COMESTIBLE",
    "category": "other",
    "name": "人脑机械蛛的肉",
    "description": "从机械装置中分离出来的人脑蜘蛛.它略带咸味,表明这种肉可以保存一段时间.",
    "weight": 2440,
    "volume": 12,
    "material": "flesh",
    "symbol": "%",
    "color": "i_brown",
    "comestible_type": "FOOD",
    "charges": 1,
    "nutrition": 32,
    "quench": 5,
    "healthy": -6,
    "fun": -20,
    "spoils_in": 128,
    "parasites": 0,
    "use_action": { "type": "mutagen", "is_weak": true },
    "flags": [ "TRADER_AVOID" ]
  },
  {
    "id": "spider_steak",
    "type": "COMESTIBLE",
    "category": "other",
    "name": "人脑机械蛛刺身",
    "description": "一些生的人脑蜘蛛薄切片,切成生鱼片的样子.",
    "weight": 200,
    "volume": 1,
    "material": "flesh",
    "symbol": "%",
    "color": "i_brown",
    "comestible_type": "FOOD",
    "charges": 2,
    "nutrition": 12,
    "quench": 2,
    "healthy": -1,
    "fun": -12,
    "spoils_in": 96,
    "parasites": 0,
    "use_action": { "type": "mutagen", "is_weak": true },
    "flags": [ "TRADER_AVOID" ]
  },
  {
    "id": "spider_steak_cooked",
    "type": "COMESTIBLE",
    "category": "food",
    "name": "人脑机械蛛肉片",
    "description": "已经被煮熟的未加任何调味料的人脑机械蛛肉片.不是很难吃,只是没那么美味.",
    "weight": 175,
    "volume": 1,
    "price": 550,
    "material": "flesh",
    "symbol": "%",
    "color": "brown",
    "comestible_type": "FOOD",
    "charges": 1,
    "nutrition": 18,
    "quench": 1,
    "healthy": 1,
    "fun": 1,
    "spoils_in": 56,
    "parasites": 0,
    "flags": [ "EATEN_HOT" ]
  },
  {
    "id": "spider_steak_fried",
    "type": "COMESTIBLE",
    "name": "面糊油炸人脑机械蛛肉片",
    "name_plural": "面糊油炸人脑机械蛛肉",
    "description": "一片裹上了面糊并油炸了的人脑机械蛛肉片. 十分美味.",
    "weight": 180,
    "volume": 1,
    "price": 800,
    "material": "flesh",
    "symbol": "%",
    "color": "yellow",
    "comestible_type": "FOOD",
    "charges": 3,
    "nutrition": 42,
    "quench": -4,
    "fun": 16,
    "spoils_in": 42,
    "flags": [ "EATEN_HOT" ]
  },
  {
    "id": "spider_steak_soup",
    "type": "COMESTIBLE",
    "name": "人脑机械蛛肉汤",
    "description": "这是一份营养丰富且好吃的肉汤,里面有切碎的机械蛛肉块和各种蔬菜.",
    "weight": 145,
    "volume": 1,
    "price": 3000,
    "phase": "liquid",
    "container": "can_food",
    "material": "flesh",
    "symbol": "~",
    "color": "light_gray",
    "comestible_type": "DRINK",
    "charges": 4,
    "nutrition": 40,
    "quench": 10,
    "healthy": 1,
    "fun": 1,
    "spoils_in": 244,
    "flags": [ "EATEN_HOT", "USE_EAT_VERB" ]
  },
  {
    "id": "spider_steak_sandwich",
    "type": "COMESTIBLE",
    "name": "人脑机械蛛三明治",
    "name_plural": "人脑机械蛛三明治",
    "description": "用几片面包夹着人脑机械蛛的肉片,味道十分美味.",
    "weight": 256,
    "volume": 1,
    "price": 1100,
    "material": "flesh",
    "symbol": "%",
    "color": "brown",
    "comestible_type": "FOOD",
    "charges": 2,
    "nutrition": 32,
    "quench": 0,
    "healthy": 1,
    "fun": 8,
    "spoils_in": 56,
    "flags": [ "EATEN_HOT" ]
  },
  {
    "id": "jar_spider_steak_pickled",
    "type": "GENERIC",
    "category": "food",
    "name": "罐装腌人脑蜘蛛片",
    "name_plural": "罐装腌人脑蜘蛛片",
    "description": "一个罐装腌人脑蜘蛛片.打开来享用腌蜘蛛片.",
    "weight": 590,
    "volume": 2,
    "price": 1100,
    "bashing": 4,
    "material": [ "glass", "flesh" ],
    "symbol": "%",
    "color": "light_gray",
    "use_action": {
      "target": "spider_steak_pickled",
      "msg": "你打开了罐子,把它暴露在空气中.",
      "container": "jar_glass",
      "type": "transform"
    }
  },
  {
    "id": "spider_steak_pickled",
    "type": "COMESTIBLE",
    "name": "罐装腌机械蛛肉",
    "name_plural": "罐装腌机械蛛肉",
    "description": "这是一罐腌机械蛛肉,里面有两份腌制的蜘蛛肉.美味又健康.",
    "weight": 440,
    "volume": 2,
    "price": 1550,
    "container": "jar_glass",
    "material": "flesh",
    "symbol": "%",
    "color": "white",
    "comestible_type": "FOOD",
    "charges": 2,
    "nutrition": 48,
    "quench": -5,
    "healthy": 1,
    "fun": 6
  },
  {
    "id": "triffid_sap",
    "type": "AMMO",
    "category": "chems",
    "name": "碧奥兰蒂凝胶",
    "name_plural": "碧奥兰蒂凝胶",
    "//": "Didn't precisely exist pre-cataclysm, so tough to price.",
    "description": "从碧奥兰蒂的出芽花中提取的厚厚的凝胶. 虽然不是特别有用,但在紧急情况下,您可以用它丢向来创建一个凝胶区域,并伤害您击中的任何东西.(碧奥兰蒂一种出自哥斯拉的虚构生物)",
    "weight": 215,
    "volume": 2,
    "price": 9000,
    "symbol": "%",
    "color": "i_yellow",
    "ammo_type": "components",
    "use_action": { "target": "triffid_sap_thrown", "target_charges": 0, "active": true, "type": "transform" },
    "flags": [ "ACT_ON_RANGED_HIT", "TRADER_AVOID" ]
  },
  {
    "id": "triffid_sap_thrown",
    "type": "TOOL",
    "category": "weapons",
    "name": "碧奥兰蒂凝胶团",
    "description": "提取自碧奥兰蒂的出芽花. 丢出去后就能产生一个凝胶陷阱.(碧奥兰蒂一种出自哥斯拉的虚构生物)",
    "weight": 215,
    "volume": 2,
    "symbol": "%",
    "color": "i_yellow",
    "turns_per_charge": 1,
    "use_action": {
      "type": "explosion",
      "fields_type": "fd_sap",
      "fields_radius": 0,
      "fields_min_density": 1,
      "fields_max_density": 2,
      "sound_volume": 0,
      "sound_msg": "glass shattering",
      "no_deactivate_msg": "不要再玩它了,把它扔了.",
      "explosion": { "power": 2 }
    }
  },
  {
    "id": "royal_jelly_sap",
    "type": "COMESTIBLE",
    "category": "drugs",
    "name": "混合蜂王浆",
    "name_plural": "混合蜂王浆",
    "//": "Didn't precisely exist pre-cataclysm, so tough to price.",
    "description": "乳白色的,有甜味的胶状物,用蜂王浆和一些三尖树凝胶混合在了一起.虽然对进一步的制作或烹饪没有用处,但它可以用来治疗痛苦.",
    "weight": 132,
    "volume": 2,
    "price": 18000,
    "phase": "liquid",
    "container": "jar_glass",
    "symbol": "%",
    "color": "yellow_white",
    "comestible_type": "FOOD",
    "charges": 2,
    "nutrition": 12,
    "quench": 12,
    "healthy": 4,
    "fun": 5,
    "use_action": "ROYAL_JELLY"
  },
  {
    "id": "fighter_sting_juice",
    "type": "AMMO",
    "name": "三尖树提取物",
    "description": "从三尖树中提取的液体.",
    "weight": 124,
    "volume": 1,
    "price": 12000,
    "phase": "liquid",
    "container": "flask_glass",
    "material": [ "veggy" ],
    "symbol": ",",
    "color": "green",
    "ammo_type": "components"
  },
  {
    "type": "COMESTIBLE",
    "id": "egg_wasp",
    "name": "黄蜂卵",
    "sub": "egg_reptile",
    "weight": 60,
    "color": "white",
    "spoils_in": 672,
    "comestible_type": "FOOD",
    "symbol": "o",
    "quench": -6,
    "healthy": 0,
    "nutrition": 25,
    "description": "黄蜂的卵。摸起来又滑又粗糙.",
    "fun": -18
  },
  {
    "type": "GENERIC",
    "id": "wasp_glue",
    "symbol": ",",
    "sub": "bone_glue",
    "color": "light_gray",
    "name": "黄蜂胶",
    "description": "由黄蜂的唾液、一些植物材料和它们吃过的任何东西制成的胶水。是一种粘性相当弱的胶水，但经过一定的干燥和加工就可以制成粘合剂.",
    "price": 1800,
    "material": "paper",
    "weight": 50,
    "volume": 1,
    "to_hit": -2,
    "flags": [ "UNRECOVERABLE" ]
  },
  {
    "type": "GENERIC",
    "id": "wasp_glue_super",
    "symbol": ",",
    "sub": "superglue",
    "color": "dark_gray",
    "name": "黄蜂胶粘剂",
    "description": "胶水与酸性液体混合，与硝酸盐混合后晾干，使其变得粘稠牢固。可以用于制作强力胶，用途广泛.",
    "price": 1800,
    "material": "paper",
    "weight": 60,
    "volume": 1,
    "to_hit": -2,
    "flags": [ "UNRECOVERABLE" ]
  }
]
