[
	{
		"//": "專為營地編寫的配方，正常遊戲不會出現在玩家製造選單中。",
		"type": "recipe",
		"result": "lamp_oil",
		"id_suffix": "10L in jerrycan_SEmod",
		"category": "CC_CHEM",
		"subcategory": "CSC_CHEM_FUEL",
		"skill_used": "cooking",
		"difficulty": 2,
		"time": "3 h 30m",
		"contained": true,
		"container": "jerrycan",
		"qualities": [ { "id": "CUT", "level": 1 }, { "id": "COOK", "level": 3 } ],
		"tools": [ [ [ "surface_heat", 400, "LIST" ] ] ],
		"components": [
		  [ [ "water", 40 ], [ "water_clean", 40 ] ],
		  [
			[ "edible_tallow_lard", 80, "LIST" ],
			[ "tallow_tainted", 80 ],
			[ "cooking_oil", 640 ],
			[ "cooking_oil2", 640 ],
			[ "any_fat", 240, "LIST" ],
			[ "fat_tainted", 240 ]
		  ],
		  [ [ "jerrycan", 1 ] ]
		],
		"flags": [ "ALLOW_ROTTEN" ]
	},{
		"type": "recipe",
		"result": "fertilizer_liquid",
		"id_suffix": "for campbase, 2L, SE mod",
		"category": "CC_CHEM",
		"subcategory": "CSC_CHEM_CHEMICALS",
		"skill_used": "cooking",
		"skills_required": [ "survival", 2 ],
		"difficulty": 3,
		"time": "160 m",
		"contained": true,
		"container": "metal_tank_little",
		"flags": [ "ALLOW_ROTTEN" ],
		"qualities": [ { "id": "CHEM", "level": 2 } ],
		"tools": [ [ [ "surface_heat", 40, "LIST" ] ] ],
		"components": [
		  [ [ "water", 32 ], [ "water_clean", 32 ] ],
		  [ [ "meal_bone", 16 ] ],
		  [ [ "meal_chitin_piece", 8 ] ],
		  [ [ "ammonia", 8 ], [ "lye_powder", 800 ], [ "chem_saltpetre", 400 ], [ "feces_bird", 80 ], [ "feces_cow", 32 ], [ "feces_manure", 48 ] ],
		  [ [ "metal_tank_little", 1 ] ]
		]
	},{
		"type": "recipe",
		"result": "fertilizer_liquid",
		"id_suffix": "for campbase, 10L, SE mod",
		"category": "CC_CHEM",
		"subcategory": "CSC_CHEM_CHEMICALS",
		"skill_used": "cooking",
		"skills_required": [ "survival", 2 ],
		"difficulty": 3,
		"time": "10 h 59 m",
		"//": "原版錯誤：當耗時超過11小時，10位數的h會變成d，例如12h變成1d 2h，複數製造時亦同，一旦超過11h會大量虛增時間，坐等原版修復。",
		"contained": true,
		"container": "jerrycan",
		"flags": [ "ALLOW_ROTTEN" ],
		"qualities": [ { "id": "CHEM", "level": 2 } ],
		"tools": [ [ [ "surface_heat", 200, "LIST" ] ] ],
		"components": [
		  [ [ "water", 160 ], [ "water_clean", 160 ] ],
		  [ [ "meal_bone", 80 ] ],
		  [ [ "meal_chitin_piece", 40 ] ],
		  [ [ "ammonia", 40 ], [ "lye_powder", 4000 ], [ "chem_saltpetre", 2000 ], [ "feces_bird", 400 ], [ "feces_cow", 160 ], [ "feces_manure", 240 ] ],
		  [ [ "jerrycan", 1 ] ]
		]
		
	}
]