[
	{
		"//": "添加部分營地配方，並覆寫原版代碼，未來遊戲更新營地配方時，可能將原版更新的內容覆蓋，目前配適版本#0.E-2",
		"//": "手動更新需複製新的原版代碼，代碼來源：json/recipes/basecamps/recipe_groups",
		"//":"使用者可自行刪減、配適自己需要的配方。",		
		"//":"部分種子製作時耗時有誤，屬原版配方疏失，在此不修。",
		
		"type": "recipe_group",
		"name": "farm_recipes_1",
		"building_type": "FARM",
		"recipes": [
		  { "//": "穀物、豆子、澱粉類",
		    "id": "seed_wheat", "description": "製造：小麥種子" },
		  { "id": "seed_oats", "description": "製造：燕麥種子" },
		  { "id": "seed_buckwheat", "description": " Craft: Buckwheat Seeds" },
		  { "id": "seed_corn", "description": "製造：玉米種子" },
		  { "id": "seed_beans", "description": "製造：黃豆種子" },
		  { "id": "seed_barley", "description": "製造：大麥種子" },
		  { "id": "seed_potato_raw", "description": "製造：馬鈴薯塊莖" },
		  { "id": "seed_lentils", "description": "製造：生扁豆種子" },
		  { "id": "seed_cattail", "description": "製造：香蒲種子" },

		  { "//": "蔬菜類",
		    "id": "seed_veggy_wild", "description": " Craft: Wild Veggy Stems" },
		  { "id": "seed_zucchini", "description": "製造：西葫蘆種子" },
		  { "id": "seed_cucumber", "description": "製造：黃瓜種子" },
		  { "id": "seed_wildcarrot", "description": "製造：野生根莖種子" },
		  { "id": "seed_pumpkin", "description": "製造：南瓜種子" },
		  { "id": "seed_sugar_beet", "description": "製造：甜菜種子" },
		  { "id": "seed_salsify_raw", "description": "製造：蒜葉婆羅門參種子" },

		  { "//": "水果類",
		    "id": "seed_grapes", "description": "製造：葡萄種子" },
		  { "id": "seed_rose", "description": "製造：玫瑰種子" },
		  { "id": "seed_strawberries", "description": "製造：草莓種子" },
		  { "id": "seed_blackberries", "description": "製造：黑莓種子" },
		  { "id": "seed_mulberries", "description": "製造：桑椹種子" },
		  { "id": "seed_blueberries", "description": "製造：藍莓種子" },
		  { "id": "seed_cranberries", "description": "製造：蔓越莓種子" },
		  { "id": "seed_raspberries", "description": "製造：樹莓種子" },
		  { "id": "seed_elderberries", "description": "製造：接骨木種子" },		  

		  { "//": "香料植物",
		    "id": "seed_wild_herbs", "description": "製造：野生藥草種子" },
		  { "id": "seed_mugwort", "description": "製造：艾草種子" },
		  { "id": "seed_bee_balm", "description": "製造：香蜂草種子" },
		  { "id": "seed_garlic", "description": "製造：大蒜種子" },
		  { "id": "seed_thyme", "description": "製造：百里香種子" },
		  { "id": "seed_chili_pepper", "description": "製造：辣椒種子" },

		  { "//": "花草類",
		    "id": "seed_raw_dandelion", "description": " Craft: Dandelion Seeds" },
		  { "id": "seed_chicory", "description": "製造：菊苣菜種子" },
		  { "id": "seed_sunflower", "description": "製造：向日葵種子" },
		  { "id": "seed_chamomile", "description": "製造：洋甘菊種子" },

		  { "//": "菇類",
		    "id": "seed_mushroom", "description": "製造：雜菌菇孢子" },
		  { "id": "seed_mushroom_morel", "description": "製造：羊肚菌孢子" }

		]
	}
]