[
	{
		"//": "添加部分營地配方，並覆寫原版代碼，未來遊戲更新營地配方時，可能將原版更新的內容覆蓋，目前配適版本#0.E-2",
		"//": "手動更新需複製新的原版代碼，代碼來源：json/recipes/basecamps/recipe_groups",
		"//": "同一物品多個配方時，欲指定其中一個，在id後加上_(id_suffix)。",

		"type": "recipe_group",
		"name": "blacksmith_recipes_1",
		"building_type": "SMITH",
		"//": "刪除Lv1配方：坩堝(crucible,此配方已廢棄),玻璃蒺藜(caltrops_glass)",
		"recipes": [
		  { "id": "wood_panel_from nailed planks", "description": "製造：中木板" },

		  { "id": "scrap_copper", "description": " Craft: Copper, Scrap" },
		  { "id": "charcoal_npc", "description": " Craft: Charcoal" },
		  { "id": "spike", "description": " Craft: Spike" },
		  { "id": "steel_chunk", "description": " Craft: Steel, Chunk" },
		  { "id": "anvil", "description": " Craft: Anvil" },
		  { "id": "steel_lump", "description": " Craft: Steel, Lump" }
		]
	},{
		"type": "recipe_group",
		"name": "blacksmith_recipes_2",
		"building_type": "SMITH",
		"//": "刪除Lv2配方：嵌鐵木劍(sword_crude),銅製小刀(copper_knife),廢金屬套裝(armor_scrapsuit)",
		"recipes": [
		  { "id": "xlframe", "description": "製造：超輕車架" },
		  { "id": "foldframe", "description": "製造：折疊輕車架" },
		  { "id": "frame", "description": "製造：底盤車架" },
		  { "id": "bone_plate", "description": "製造：骨製裝甲板" },
		  { "id": "chitin_plate", "description": "製造：甲殼裝甲板" },
		  { "id": "wheel_caster", "description": "製造：腳輪組" },
		  { "id": "cu_pipe", "description": "製造：銅管" },
		
		  { "id": "pot_copper", "description": " Craft: Pot, Copper" },
		  { "id": "bolt_metal", "description": " Craft: Crossbow Bolt, Steel" },
		  { "id": "helmet_scrap", "description": " Craft: Armor, Scrap Helmet" },
		  { "id": "cuirass_scrap", "description": " Craft: Armor, Scrap Cuirass" },
		  { "id": "armguard_scrap", "description": " Craft: Armor, Scrap Arm Guards" },
		  { "id": "legguard_scrap", "description": " Craft: Armor, Scrap Leg Guards" },
		  { "id": "boots_scrap", "description": " Craft: Armor, Scrap Boots" },
		  { "id": "copper_ax", "description": " Craft: Axe, Copper" },
		  { "id": "spear_copper", "description": " Craft: Spear, Copper" }
		]
	},{
		"type": "recipe_group",
		"name": "blacksmith_recipes_4",
		"building_type": "SMITH",
		"//": "刪除Lv4配方：金戒指(gold_ring),手搖鑽(hand_drill)",
		"recipes": [
		  { "id": "hdframe", "description": "製造：重型車架" },
		  { "id": "spiked_plate", "description": "製造：釘刺裝甲板" },
		  { "id": "steel_plate", "description": "製造：鋼製裝甲板" },
		  { "id": "hard_plate", "description": "製造：硬化裝甲板" },
		  { "id": "glass_shard", "description": "製造：玻璃碎片" },
		  { "id": "glass_sheet", "description": "製造：玻璃片" },
		  { "id": "reinforced_glass_pane", "description": "製造：鋼化玻璃碎片" },
		  { "id": "reinforced_glass_sheet", "description": "製造：鋼化玻璃片" },
		  { "id": "flask_glass", "description": "製造：玻璃燒瓶" },
		  { "id": "chain_link_fabrication", "description": "製造：鎖鍊" },
		  { "id": "link_sheet_fabrication", "description": "製造：鎖環網" },
		
		  { "id": "blade", "description": " Craft: Blade" },
		  { "id": "bearing", "description": " Craft: Bearings" },
		  { "id": "caltrops", "description": " Craft: Caltrops" },
		  { "id": "sheet_metal", "description": " Craft: Sheet Metal" },
		  { "id": "chain", "description": " Craft: Chain" },
		  { "id": "shovel", "description": " Craft: Shovel" },
		  { "id": "rebar", "description": " Craft: Rebar" },
		  { "id": "hammer_sledge", "description": " Craft: Hammer, Sledge" }
		]
	},{
		"type": "recipe_group",
		"name": "blacksmith_recipes_5",
		"building_type": "SMITH",
		"//": "刪除Lv5配方：螺絲刀(screwdriver)",
		"recipes": [
		  { "id": "jar_glass", "description": "製造：玻璃罐" },
		  { "id": "bottle_glass", "description": "製造：玻璃瓶" },
		  { "id": "jar_3l_glass", "description": "製造：3L玻璃罐" },
		  { "id": "canister_empty", "description": "製造：空罐" },
		  { "id": "can_medium_unsealed", "description": "製造：中錫罐(開)" },
		  { "id": "jumper_cable_heavy", "description": "製造：重型電纜" },

		  { "id": "knife_combat", "description": " Craft: Knife, Combat" },
		  { "id": "spear_steel", "description": " Craft: Spear, Steel" },
		  { "id": "machete", "description": " Craft: Machete" },
		  { "id": "pipe", "description": " Craft: Pipe" },
		  { "id": "throwing_axe", "description": " Craft: Axe, Throwing" },
		  { "id": "wrench", "description": " Craft: Wrench" },
		  { "id": "hatchet", "description": " Craft: Hatchet" },
		  { "id": "throwing_knife", "description": " Craft: Knife, Throwing" },
		  { "id": "crowbar", "description": " Craft: Crowbar" },
		  { "id": "pot", "description": " Craft: Pot" },
		  { "id": "hoe", "description": " Craft: Hoe" }
		]
	},{
		"type": "recipe_group",
		"name": "blacksmith_recipes_6",
		"building_type": "SMITH",
		"//": "刪除Lv6配方：折疊刀(pockknife)",
		"recipes": [
		  { "id": "katana", "description": "製造：武士刀" },
		  { "id": "nodachi", "description": "製造：野太刀" },
		  { "id": "chainmail_hood", "description": "製造：鎖環頭盔" },
		  { "id": "chainmail_vest", "description": "製造：鎖環胸甲" },
		  { "id": "chainmail_arms", "description": "製造：鎖環護臂" },
		  { "id": "chainmail_hands", "description": "製造：鎖環手套" },
		  { "id": "chainmail_legs", "description": "製造：鎖環護脛" },
		  { "id": "chainmail_feet", "description": "製造：鎖環長靴" },

		  { "id": "pliers", "description": " Craft: Pliers" },
		  { "id": "halberd", "description": " Craft: Halberd" },
		  { "id": "cuirass_lightplate", "description": " Craft: Armor, Cuirass" },
		  { "id": "warhammer", "description": " Craft: Hammer, War" },
		  { "id": "helmet_plate", "description": " Craft: Helm, Great" },
		  { "id": "armor_lightplate", "description": " Craft: Armor, Plate" },
		  { "id": "broadsword", "description": " Craft: Sword, Broadsword" },
		  { "id": "scimitar", "description": " Craft: Sword, Scimitar" },
		  { "id": "fire_ax", "description": " Craft: Axe, Fire" },
		  { "id": "hacksaw", "description": " Craft: Hacksaw" },
		  { "id": "saw", "description": " Craft: Woodsaw" },
		  { "id": "pike", "description": " Craft: Spear, Awl Pike" },
		  { "id": "rapier", "description": " Craft: Sword, Rapier" },
		  { "id": "halligan", "description": " Craft: Halligan Bar" },
		  { "id": "zweihander", "description": " Craft: Sword, Zweihander" },
		  { "id": "pickaxe", "description": " Craft: Pickaxe" }
		]
	}
]