[
	{
		"type" : "ammunition_type",
		"id" : "WXKJ_resoure_smzh_type",
		"name" : "生命之花",
		"default" : "WXKJ_resoure_smzh"
	},
	{
		"type" : "AMMO",
		"id" : "WXKJ_resoure_smzh",
		"category" : "wxkj_ts",
		"name" : "生命之花",
		"name_plural" : "生命之花",
		"symbol" : "$",
		"color" : "green",
		"description" : "某种草系精灵背上的花，当它落下时，就代表着他们的生命已经凋零。",
		"material" : "wxkj_ts",
		"ammo_type" : "WXKJ_resoure_smzh_type"		
	}
	
]