[
	{
		"type" : "npc_class",
		"id" : "NC_DD_CHILDREN",
		"name" : "黑暗时代的孩子",
		"job_description" : "你是在跟我说话我吗？",
		"common" : false,
		"bonus_str" : { "rng" : [ -2, 2 ] },
		"bonus_dex" : { "rng" : [ -2, 2 ] },
		"bonus_int" : { "rng" : [ -2, 2 ] },
		"bonus_per" : { "rng" : [ -2, 2 ] },
		"worn_override": "EMPTY_GROUP",
		"carry_override": "EMPTY_GROUP",
		"weapon_override": "EMPTY_GROUP",
		"traits": [
			[ "VIRGIN", 100 ],
			[ "SMALL_BREAST", 33 ],
			[ "BIG_BREAST", 33 ]
		]
	},
	{
		"type" : "npc_class",
		"id" : "NC_DEMONBEING_SCHOOLGIRL",
		"name" : "女学生",
		"job_description" : "决定了，我要躲起来！",
		"common" : false,
		"skills": [
			{ "skill": "computer", "bonus": { "rng": [ 1, 2 ] } },
			{ "skill": "cooking", "bonus": { "rng": [ 4, 8 ] } },
			{ "skill": "electronics", "bonus": { "rng": [ 0, 1 ] } },
			{ "skill": "mechanics", "bonus": { "rng": [ 0, 1 ] } }
		],
		"bonus_str" : { "rng" : [ -4, 0 ] },
		"bonus_dex" : { "rng" : [ -2, 1 ] },
		"bonus_int" : { "rng" : [ 0, 5 ] },
		"bonus_per" : { "rng" : [ -2, 2 ] },
		"worn_override": "NC_DEMONBEING_SCHOOLGIRL_worn",
		"carry_override": "child_items",
		"weapon_override": "EMPTY_GROUP",
		"traits": [
			[ "GOODMEMORY", 100 ],
			[ "LOVES_BOOKS", 100 ],
			[ "NONADDICTIVE", 100 ],
			[ "THINSKIN", 100 ],
			[ "PACIFIST", 100 ],
			[ "VIRGIN", 100 ],
			[ "TAIL_FIEND", 100 ],
			[ "SMALL_BREAST", 100 ]
		]
	},
	{
		"type" : "npc_class",
		"id" : "NC_ANTHRO_CANINE",
		"name" : "ペット(犬)_テンプレート",
		"job_description" : "...だれのせいでこうなったと思う？",
		"common" : false,
		"skills": [
			{ "skill": "survival", "bonus": { "rng": [ 0, 3 ] } },
			{ "skill": "swimming", "bonus": { "rng": [ 0, 1 ] } },
			{ "skill": "dodge", "bonus": { "rng": [ 2, 6 ] } },
			{ "skill": "melee", "bonus": { "rng": [ 2, 6 ] } },
			{ "skill": "unarmed", "bonus": { "rng": [ 2, 6 ] } }
		],
		"bonus_str" : { "rng" : [ -1, 3 ] },
		"bonus_dex" : { "rng" : [ -1, 3 ] },
		"bonus_int" : { "rng" : [ -3, 1 ] },
		"bonus_per" : { "rng" : [ -1, 3 ] },
		"worn_override": "EMPTY_GROUP",
		"carry_override": "EMPTY_GROUP",
		"weapon_override": "EMPTY_GROUP"
	},
	{
		"type" : "npc_class",
		"id" : "NC_ANTHRO_FELINE",
		"name" : "ペット(猫)_テンプレート",
		"job_description" : "...だれのせいでこうなったと思う？",
		"common" : false,
		"skills": [
			{ "skill": "survival", "bonus": { "rng": [ 0, 3 ] } },
			{ "skill": "swimming", "bonus": { "rng": [ 0, 3 ] } },
			{ "skill": "dodge", "bonus": { "rng": [ 3, 6 ] } },
			{ "skill": "melee", "bonus": { "rng": [ 1, 6 ] } },
			{ "skill": "unarmed", "bonus": { "rng": [ 1, 6 ] } }
		],
		"bonus_str" : { "rng" : [ -2, 2 ] },
		"bonus_dex" : { "rng" : [ 0, 4 ] },
		"bonus_int" : { "rng" : [ -3, 1 ] },
		"bonus_per" : { "rng" : [ 0, 4 ] },
		"worn_override": "EMPTY_GROUP",
		"carry_override": "EMPTY_GROUP",
		"weapon_override": "EMPTY_GROUP"
	},
	{
		"type" : "npc_class",
		"id" : "NC_ANTHRO_URSINE",
		"name" : "ペット(熊)_テンプレート",
		"job_description" : "...だれのせいでこうなったと思う？",
		"common" : false,
		"skills": [
			{ "skill": "survival", "bonus": { "rng": [ 0, 3 ] } },
			{ "skill": "swimming", "bonus": { "rng": [ 0, 3 ] } },
			{ "skill": "dodge", "bonus": { "rng": [ 1, 6 ] } },
			{ "skill": "melee", "bonus": { "rng": [ 3, 6 ] } },
			{ "skill": "unarmed", "bonus": { "rng": [ 3, 6 ] } }
		],
		"bonus_str" : { "rng" : [ 0, 4 ] },
		"bonus_dex" : { "rng" : [ -2, 2 ] },
		"bonus_int" : { "rng" : [ -4, 0 ] },
		"bonus_per" : { "rng" : [ -2, 2 ] },
		"worn_override": "EMPTY_GROUP",
		"carry_override": "EMPTY_GROUP",
		"weapon_override": "EMPTY_GROUP"
	},
	{
		"type" : "npc_class",
		"id" : "NC_ANTHRO_CUBI",
		"name" : "ペット(サキュ・インキュ)_テンプレート",
		"job_description" : "あらあら、このメッセージは表示されないはずよ？どうやらバグってるみたいねぇ。",
		"common" : false,
		"skills": [
			{
				"skill" : "ALL", "level" : {
					"mul" : [
						{ "one_in" : 3 },
						{
							"sum" : [
								{ "dice" : [ 2, 2 ] },
								{ "constant" : -2 },
								{ "one_in" : 4 }
							]
						}
					]
				}
			},
			{ "skill": "speech", "bonus" : { "rng" : [ 1, 5 ] } },
			{ "skill": "barter", "bonus" : { "rng" : [ 2, 4 ] } }
		],
		"bonus_str" : { "rng" : [ -2, 2 ] },
		"bonus_dex" : { "rng" : [ -2, 2 ] },
		"bonus_int" : { "rng" : [ -2, 2 ] },
		"bonus_per" : { "rng" : [ -2, 2 ] },
		"carry_override": "default_cubi_items",
		"weapon_override": "EMPTY_GROUP"
	},

	{
		"type" : "npc_class",
		"//" : "ペット(サキュバス)。人間に近い。",
		"id" : "NC_ANTHRO_SUCCUBI_MOREHUMAN",
		"copy-from": "NC_ANTHRO_CUBI",
		"name" : "宠物（魅魔）",
		"common" : false,
		"worn_override": "default_succubi_clothes",
		"traits": [
			{ "group": "trait_anthro_common_succubi" },
			{ "group": "trait_anthro_cubi_morehuman" }
		]
	},
	{
		"type" : "npc_class",
		"//" : "ペット(サキュバス)。わりと悪魔的。",
		"id" : "NC_ANTHRO_SUCCUBI_LESSHUMAN",
		"copy-from": "NC_ANTHRO_CUBI",
		"name" : "宠物（魅魔）",
		"common" : false,
		"worn_override": "default_succubi_clothes",
		"traits": [
			{ "group": "trait_anthro_common_succubi" },
			{ "group": "trait_anthro_cubi_lesshuman" }
		]
	},
	{
		"type" : "npc_class",
		"//" : "ペット(インキュバス)。人間に近い。",
		"id" : "NC_ANTHRO_INCUBI_MOREHUMAN",
		"copy-from": "NC_ANTHRO_CUBI",
		"name" : "宠物（梦魇）",
		"common" : false,
		"worn_override": "default_incubi_clothes",
		"traits": [
			{ "group": "trait_anthro_common_incubi" },
			{ "group": "trait_anthro_cubi_morehuman" }
		]
	},
	{
		"type" : "npc_class",
		"//" : "ペット(インキュバス)。わりと悪魔的。",
		"id" : "NC_ANTHRO_INCUBI_LESSHUMAN",
		"copy-from": "NC_ANTHRO_CUBI",
		"name" : "宠物（梦魇）",
		"common" : false,
		"worn_override": "default_incubi_clothes",
		"traits": [
			{ "group": "trait_anthro_common_incubi" },
			{ "group": "trait_anthro_cubi_lesshuman" }
		]
	},

	{
		"//" : "↓こっから男の子ペットの定義。↓",
		"type" : "npc_class",
		"//" : "ペット(犬)。人間に近い。",
		"id" : "NC_ANTHRO_CANINE_MOREHUMAN_MALE",
		"copy-from": "NC_ANTHRO_CANINE",
		"name" : "宠物（狗）",
		"common" : false,
		"traits": [
			{ "group": "trait_anthro_common_male" },
			{ "group": "trait_anthro_canine_morehuman" }
		]
	},
	{
		"type" : "npc_class",
		"//" : "ペット(犬)。半分半分。",
		"id" : "NC_ANTHRO_CANINE_HALF_MALE",
		"copy-from": "NC_ANTHRO_CANINE",
		"name" : "宠物（狗）",
		"common" : false,
		"traits": [
			{ "group": "trait_anthro_common_male" },
			{ "group": "trait_anthro_canine_half" }
		]
	},
	{
		"type" : "npc_class",
		"//" : "ペット(犬)。より動物に近い。",
		"id" : "NC_ANTHRO_CANINE_LESSHUMAN_MALE",
		"copy-from": "NC_ANTHRO_CANINE",
		"name" : "宠物（狗）",
		"common" : false,
		"traits": [
			{ "group": "trait_anthro_common_male" },
			{ "group": "trait_anthro_canine_lesshuman" }
		]
	},

	{
		"type" : "npc_class",
		"//" : "ペット(猫)。人間に近い。",
		"id" : "NC_ANTHRO_FELINE_MOREHUMAN_MALE",
		"copy-from": "NC_ANTHRO_FELINE",
		"name" : "宠物（猫）",
		"common" : false,
		"traits": [
			{ "group": "trait_anthro_common_male" },
			{ "group": "trait_anthro_feline_morehuman" }
		]
	},
	{
		"type" : "npc_class",
		"//" : "ペット(猫)。半分半分。",
		"id" : "NC_ANTHRO_FELINE_HALF_MALE",
		"copy-from": "NC_ANTHRO_FELINE",
		"name" : "宠物（猫）",
		"common" : false,
		"traits": [
			{ "group": "trait_anthro_common_male" },
			{ "group": "trait_anthro_feline_half" }
		]
	},
	{
		"type" : "npc_class",
		"//" : "ペット(猫)。より動物に近い。",
		"id" : "NC_ANTHRO_FELINE_LESSHUMAN_MALE",
		"copy-from": "NC_ANTHRO_FELINE",
		"name" : "宠物（猫）",
		"common" : false,
		"traits": [
			{ "group": "trait_anthro_common_male" },
			{ "group": "trait_anthro_feline_lesshuman" }
		]
	},

	{
		"type" : "npc_class",
		"//" : "ペット(熊)。人間に近い。",
		"id" : "NC_ANTHRO_URSINE_MOREHUMAN_MALE",
		"copy-from": "NC_ANTHRO_URSINE",
		"name" : "宠物（熊）",
		"common" : false,
		"traits": [
			{ "group": "trait_anthro_common_male" },
			{ "group": "trait_anthro_ursine_morehuman" }
		]
	},
	{
		"type" : "npc_class",
		"//" : "ペット(熊)。半分半分。",
		"id" : "NC_ANTHRO_URSINE_HALF_MALE",
		"copy-from": "NC_ANTHRO_URSINE",
		"name" : "宠物（熊）",
		"common" : false,
		"traits": [
			{ "group": "trait_anthro_common_male" },
			{ "group": "trait_anthro_ursine_half" }
		]
	},
	{
		"type" : "npc_class",
		"//" : "ペット(熊)。より動物に近い。",
		"id" : "NC_ANTHRO_URSINE_LESSHUMAN_MALE",
		"copy-from": "NC_ANTHRO_URSINE",
		"name" : "宠物（熊）",
		"common" : false,
		"traits": [
			{ "group": "trait_anthro_common_male" },
			{ "group": "trait_anthro_ursine_lesshuman" }
		]
	},

	{
		"//" : "↓こっから女の子ペットの定義。↓",
		"type" : "npc_class",
		"//" : "ペット(犬)。人間に近い。",
		"id" : "NC_ANTHRO_CANINE_MOREHUMAN_FEMALE",
		"copy-from": "NC_ANTHRO_CANINE",
		"name" : "宠物（狗）",
		"common" : false,
		"traits": [
			{ "group": "trait_anthro_common_female" },
			{ "group": "trait_anthro_canine_morehuman" }
		]
	},
	{
		"type" : "npc_class",
		"//" : "ペット(犬)。半分半分。",
		"id" : "NC_ANTHRO_CANINE_HALF_FEMALE",
		"copy-from": "NC_ANTHRO_CANINE",
		"name" : "宠物（狗）",
		"common" : false,
		"traits": [
			{ "group": "trait_anthro_common_female" },
			{ "group": "trait_anthro_canine_half" }
		]
	},
	{
		"type" : "npc_class",
		"//" : "ペット(犬)。より動物に近い。",
		"id" : "NC_ANTHRO_CANINE_LESSHUMAN_FEMALE",
		"copy-from": "NC_ANTHRO_CANINE",
		"name" : "宠物（狗）",
		"common" : false,
		"traits": [
			{ "group": "trait_anthro_common_female" },
			{ "group": "trait_anthro_canine_lesshuman" }
		]
	},

	{
		"type" : "npc_class",
		"//" : "ペット(猫)。人間に近い。",
		"id" : "NC_ANTHRO_FELINE_MOREHUMAN_FEMALE",
		"copy-from": "NC_ANTHRO_FELINE",
		"name" : "宠物（猫）",
		"common" : false,
		"traits": [
			{ "group": "trait_anthro_common_female" },
			{ "group": "trait_anthro_feline_morehuman" }
		]
	},
	{
		"type" : "npc_class",
		"//" : "ペット(猫)。半分半分。",
		"id" : "NC_ANTHRO_FELINE_HALF_FEMALE",
		"copy-from": "NC_ANTHRO_FELINE",
		"name" : "宠物（猫）",
		"common" : false,
		"traits": [
			{ "group": "trait_anthro_common_female" },
			{ "group": "trait_anthro_feline_half" }
		]
	},
	{
		"type" : "npc_class",
		"//" : "ペット(猫)。より動物に近い。",
		"id" : "NC_ANTHRO_FELINE_LESSHUMAN_FEMALE",
		"copy-from": "NC_ANTHRO_FELINE",
		"name" : "宠物（猫）",
		"common" : false,
		"traits": [
			{ "group": "trait_anthro_common_female" },
			{ "group": "trait_anthro_feline_lesshuman" }
		]
	},

	{
		"type" : "npc_class",
		"//" : "ペット(熊)。人間に近い。",
		"id" : "NC_ANTHRO_URSINE_MOREHUMAN_FEMALE",
		"copy-from": "NC_ANTHRO_URSINE",
		"name" : "宠物（熊）",
		"common" : false,
		"traits": [
			{ "group": "trait_anthro_common_female" },
			{ "group": "trait_anthro_ursine_morehuman" }
		]
	},
	{
		"type" : "npc_class",
		"//" : "ペット(熊)。半分半分。",
		"id" : "NC_ANTHRO_URSINE_HALF_FEMALE",
		"copy-from": "NC_ANTHRO_URSINE",
		"name" : "宠物（熊）",
		"common" : false,
		"traits": [
			{ "group": "trait_anthro_common_female" },
			{ "group": "trait_anthro_ursine_half" }
		]
	},
	{
		"type" : "npc_class",
		"//" : "ペット(熊)。より動物に近い。",
		"id" : "NC_ANTHRO_URSINE_LESSHUMAN_FEMALE",
		"copy-from": "NC_ANTHRO_URSINE",
		"name" : "宠物（熊）",
		"common" : false,
		"traits": [
			{ "group": "trait_anthro_common_female" },
			{ "group": "trait_anthro_ursine_lesshuman" }
		]
	}
]
