[
	{
		"id": "MISSION_ANTHRO_CANINE_1",
		"type": "mission_definition",
		"name": "ドッグフードを見つける",
		"goal": "MGOAL_FIND_ITEM",
		"difficulty": 1,
		"value": 10000,
		"item": "dogfood",
		"origins": [ "ORIGIN_OPENER_NPC" ],
		"followup": "MISSION_ANTHRO_SHELTER",
		"dialogue": {
			"describe": "我有一件事想拜托主人。能听我说吗？",
			"offer": "主人有带狗粮吗？虽然在变成这个样子之后就可以吃到人类的食物了，但是我依然很怀念那个味道。",
			"accepted": "谢谢你，主人！",
			"rejected": "不行吗？哦...",
			"advice": "手工制作是最快的。至于材料就随便你啦。",
			"inquire": "找到狗粮了吗？嗯。。其实晚点也没关系啦。",
			"success": "太好啦！对对，这个味道，这个香味...啊——！  ...我不是故意用这种姿势吃的...嗯...不管怎样，谢谢你，主人！",
			"success_lie": "...主人，这个谎不管怎么说都有些牵强吧...",
			"failure": "不行吗？哦..."
		}
	},
	{
		"id": "MISSION_ANTHRO_FELINE_1",
		"type": "mission_definition",
		"name": "キャットフードを見つける",
		"goal": "MGOAL_FIND_ITEM",
		"difficulty": 1,
		"value": 10000,
		"item": "catfood",
		"origins": [ "ORIGIN_OPENER_NPC" ],
		"followup": "MISSION_ANTHRO_SHELTER",
		"dialogue": {
			"describe": "我有一件事想拜托主人。能听我说吗？",
			"offer": "主人有带猫粮吗？虽然在变成这个样子之后就可以吃到人类的食物了，但是我依然很怀念那个味道。",
			"accepted": "谢谢，主人！",
			"rejected": "不行吗？哦...",
			"advice": "手工制作是最快的。至于材料就随便你啦。",
			"inquire": "找到猫粮了吗？嗯。。其实晚点也没关系啦。",
			"success": "太好啦！对对，这个味道，这个香味...啊——！  ...我不是故意用这种姿势吃的...嗯...不管怎样，谢谢你，主人！",
			"success_lie": "...主人，这个谎不管怎么说都有些牵强吧...",
			"failure": "不行吗？哦..."
		}
	},
	{
		"id": "MISSION_ANTHRO_SHELTER",
		"type": "mission_definition",
		"name": "去动物收容所",
		"goal": "MGOAL_GO_TO_TYPE",
		"difficulty": 2,
		"value": 150000,
		"origins": [ "ORIGIN_SECONDARY" ],
		"destination": "animalshelter",
		"dialogue": {
			"describe": "我有一件事想拜托主人。能听我说吗？",
			"offer": "那个，我们能去一下动物收容所吗？之前...我想知道我在变成这样之前的朋友还在不在那呢。",
			"accepted": "谢谢，主人！",
			"rejected": "不行吗？哦...",
			"advice": "因为建筑物在城镇中，所以还是做好相应的准备比较好。",
			"inquire": "到了吗？",
			"success": "谢谢你愿意带我来。虽然没能如像期待的那样，但是托你的福也心情变好了。",
			"success_lie": "....嗯，至少主人努力过吧？对吧？",
			"failure": "不行吗？哦..."
		}
	},
	{
		"id": "MISSION_ANTHRO_URSINE_1",
		"type": "mission_definition",
		"name": "去蜂巢",
		"goal": "MGOAL_GO_TO_TYPE",
		"difficulty": 2,
		"value": 80000,
		"origins": [ "ORIGIN_OPENER_NPC" ],
		"followup": "MISSION_ANTHRO_URSINE_2",
		"destination": "hive",
		"dialogue": {
			"describe": "我有一件事想拜托主人。能听我说吗？",
			"offer": "各种各样的昆虫都变得巨大了，也就是说，它们的巢穴也会变得大...所以主人我们去蜂巢吧！",
			"accepted": "谢谢，主人！",
			"rejected": "不行吗？哦...",
			"advice": "因为有可能会被一群巨大的蜜蜂袭击，所以还是做好相应的准备比较好。",
			"inquire": "到了吗？",
			"success": "谢谢你带我来，主人！如果有这么多蜂蜜的话，要怎么吃呢...Uhehe。",
			"success_lie": "....嗯，至少主人努力过吧？",
			"failure": "不行吗？哦..."
		}
	},
	{
		"id": "MISSION_ANTHRO_URSINE_2",
		"type": "mission_definition",
		"name": "获得皇家牛排",
		"goal": "MGOAL_FIND_ITEM",
		"difficulty": 3,
		"value": 80000,
		"item": "royal_beef",
		"origins": [ "ORIGIN_SECONDARY" ],
		"dialogue": {
			"describe": "我有一件事想拜托主人。能听我说吗？",
			"offer": "主人知道皇家牛排吗？在肉上浇上蜂王浆的料理。虽然知道这是很贵重的东西，但是只要一次就好，无论如何也想要尝一尝...",
			"accepted": "谢谢你，主人！",
			"rejected": "不行？嗯...毕竟是贵重的东西嘛...",
			"advice": "如果找蜂王浆的话，理所当然地是要去找蜂巢吧。",
			"inquire": "皇家牛排...",
			"success": "这是皇家牛排！  ...嗯...的确很好吃啦但...和只吃蜂王浆没啥区别的样子...嗯...不管怎样，谢谢你，主人！",
			"success_lie": "...主人，这个谎不管怎么说都有些牵强吧...",
			"failure": "不行吗？哦..."
		}
	}
]
