[
	{
		"id": "TALK_ANTHRO_PET",
		"type": "talk_topic",
		"dynamic_line": "这副身体...！究竟发生了什么！？",
		"responses": [
			{
				"text": "使用血清(人)。",
				"topic": "TALK_ANTHRO_PET_ITS_MY_TREAT"
			},
			{
				"text":  "等等，还是再考虑一下吧...",
				"topic": "TALK_DONE"
			}
		]
	},
	{
		"id": "TALK_ANTHRO_PET_ITS_MY_TREAT",
		"type": "talk_topic",
		"dynamic_line": "虽然不太明白...那，接下来怎么办？",
		"responses": [
			{
				"text": "很高兴能这样说话。来。一起走吧。",
				"success": {
					"effect": "follow",
					"opinion": {
						"trust": 5,
						"value": 5
					},
					"topic": "TALK_ANTHRO_PET_BE_FELLOW"
				}
			},
			{
				"text": "维持你先前的立场。快过来，宠物。",
				"success": {
					"effect": "follow",
					"opinion": {
						"fear": 5,
						"value": 5
					},
					"topic": "TALK_ANTHRO_PET_BADBOY"
				}
			}
		]
	},
	{
		"id": "TALK_ANTHRO_PET_BE_FELLOW",
		"type": "talk_topic",
		"dynamic_line": "好的，主人！",
		"responses": [
			{
				"text": "（结束对话）",
				"topic": "TALK_DONE"
			}
		]
	},
	{
		"id": "TALK_ANTHRO_PET_BADBOY",
		"type": "talk_topic",
		"dynamic_line": "好的，主人。",
		"responses": [
			{
				"text": "（结束对话）",
				"topic": "TALK_DONE"
			}
		]
	}
]
