[
	{
		"id" : "wxwb",
		"type" : "ARMOR",
		"name" : "无限腕表",
		"name_plural" : "无限腕表",
		"description" : "用于连接无限商店，内置计时器及少量储存空间。",
		"color" : "brown",
  "weight": -0,
		"storage" : 20,
		"symbol" : "[",
  "covers": ["HANDS"],
  "encumbrance" : 1,
		"material" : ["steel","wxkj_ts"], 
  "flags":["WATCH"],
  "qualities": [ ["INTERNET", 1] ]
	},
	{
		"id" : "wxwb_lv2",
		"type" : "ARMOR",
		"name" : "无限腕表 Lv2",
		"name_plural" : "无限腕表 Lv2",
		"description" : "拥有2级权限的无限腕表，用于连接无限商店。",
		"color" : "brown",
        "weight": -0,
		"storage" : 40,
		"symbol" : "[",
  "covers": ["HANDS"],
  "encumbrance" : 1,
  "material" : ["steel","wxkj_ts"], 
  "flags":["WATCH"],
  "qualities": [ ["INTERNET", 2] ]
	},
	 {
		"type" : "recipe",
		"result" : "wxwb",
		"category" : "CC_无限商店",
		"subcategory": "CSC_无限商店_道具",
    "time": 100,
    "reversible": false,
    "autolearn": true,
    "flags": ["BLIND_EASY"],
    "components": [
      [ [ "SKJB", 100 ] ],
      [
       [ "gold_watch", 1 ],
       [ "wristwatch", 1 ],
       [ "game_watch", 1 ],
       [ "sf_watch", 1 ],
       [ "diving_watch", 1 ]  
      ]
     
     
    ]
  },
  {
		"type" : "recipe",
		"result" : "wxwb_lv2",
		"category" : "CC_无限商店",
		"subcategory": "CSC_无限商店_道具",
    "time": 100,
    "reversible": false,
    "autolearn": true,
    "flags": ["BLIND_EASY"],
    "components": [
      [ [ "wxwb", 1 ] ],
    [ [ "wxkj_SKJB_card2", 1 ] ]
     
     
    ]
  }
]