[

 {
        "abstract": "seed_immortal",
        "type": "COMESTIBLE",
        "comestible_type": "FOOD",
        "name": "仙草",
        "category": "other",
        "volume": 1,
        "weight": 1,
        "price": 120,
        "charges": 1,
        "stack_size": 100,
        "material": "veggy",
        "symbol": ".",
        "color": "brown"
    },
    {
    "abstract": "pt_seedling_wxkj",
    "type": "GENERIC",
    "comestible_type": "OTHER",
    "name": "成长中",
    "name_plural": "成长中",
    "volume": 5,
    "weight": 1000,
    "price": 100,
    "material": ["veggy"],
    "symbol": "T",
    "color": "green"
  }
    
    
    ]