[
  {
    
    "id": "pt_seed_mixture_grass",
    "copy-from": "seed_immortal",
    "type": "COMESTIBLE",
   	"category" : "wxkj_lq_lz",
    "name": "融灵草种子",
    "name_plural": "融灵草种子",
    "description": "融灵草种子,需要在灵气充足的地方,经过漫长的时间才会成熟,如果周围灵气不足则生长周期更加漫长.",
    "seed_data": { 
    "plant_name": "融灵草幼苗", 
    "fruit": "withered", 
    "byproducts": [ "pt_immortal_mixture_g" ],
    "grow": 121 }
  },
   {
    "id": "pt_immortal_mixture_g",
    "copy-from": "pt_seedling_wxkj",
   	"category" : "wxkj_lq_lz",
    "type": "GENERIC",
    "name": "融灵草",
    "name_plural": "融灵草",
    "description": "融灵草,经过漫长的时间才会成熟,具有多种用途."
  },
  {
   "//": "在建造菜单中种植",
    "type": "construction",
    "description": "培育融灵草",
    "category": "FARM_WOOD",
    "required_skills" : [ [ "survival", 2 ] ],
    "time": 30,
    "qualities": [ [ { "id": "DIG", "level": 1 } ] ],
    "components": [ [ [ "pt_seed_mixture_grass", 1 ] ] ],
    "pre_flags": "DIGGABLE",
    "//": "per...为需要在聚灵阵上才能种植",
    "pre_terrain": "t_immortal_gather_lq_full",
    "post_terrain": "t_immortal_mixture_g"
  },
 {
        "type" : "terrain",
        "id" : "t_immortal_mixture_g_harvested",
        "name": "融灵草(成熟)",
        "description": "一株成熟的融灵草,经过漫长的时间才会成熟,具有多种用途",
        "symbol": "#",
        "color": "light_green",
        "move_cost": 8,
        "flags": ["TRANSPARENT", "CONTAINER", "FLAMMABLE_ASH", "THIN_OBSTACLE", "SHRUB", "SHORT"],
        "//": "下面的t_dirtmound为收获后变为聚灵阵",
        "transforms_into": "t_immortal_gather_lq",
 "//":"plant为成熟期之后且不会再变而ter_necter为成长期",
        "examine_action": "harvest_ter_nectar",
"harvest_by_season" :
{ "seasons": ["spring","summer", "autumn","winter"], 
"entries": [ 
{ "drop": "pt_immortal_mixture_g", "base_num": [ 1, 1 ], "scaled_num": [ 0, 1 ] }, { "drop": "pt_seed_mixture_grass", "base_num": [ 0, 1 ], "scaled_num": [ 0, 1 ] } ] },
        
        "bash": {
            "str_min": 0, "str_max": 1,
            "sound": "crunch.",
            "sound_fail": "brush.",
            "ter_set": "t_dirt",
            "items": [
                { "item": "withered", "prob": 100, "count": [1, 2] }
            ]
        }
    },{
        "type" : "terrain",
        "id" : "t_immortal_mixture_g",
        "name": "融灵草(幼苗)",
        "description": "一株正在茁壮成长中的融灵草,经过漫长的时间才会成熟,具有多种用途.",
        "symbol": "#",
        "color": "red_green",
        "move_cost": 8,
        "flags": ["TRANSPARENT", "CONTAINER", "FLAMMABLE_ASH", "THIN_OBSTACLE", "SHRUB", "SHORT", "HARVESTED"],
    "transforms_into":"t_immortal_mixture_g_harvested",
        "examine_action": "harvest_ter_nectar",
        "bash": {
            "str_min": 0, "str_max": 1,
            "sound": "crunch.",
            "sound_fail": "brush.",
            "ter_set": "t_dirt",
            "items": [
                { "item": "withered", "prob": 100, "count": [1, 2] }
            ]
        }
    }
    
    ]