  {
    "id": "40khv",
    "type": "harvest",
    "entries": [
      { "drop": "bio_power_storage_mkII", "type": "bionic" },
      { "drop": "40kcbm", "type": "bionic_group" },
      { "drop": "human_flesh", "base_num": [ 30, 50 ], "scale_num": [ 0.8, 0.9 ], "max": 60, "type": "flesh" },
      { "drop": "hstomach", "scale_num": [ 1, 1 ], "max": 1, "type": "offal" },
      { "drop": "fat", "type": "flesh", "mass_ratio": 0.1 },
      { "drop": "bone", "type": "bone", "mass_ratio": 0.12 },
      { "drop": "sinew", "type": "bone", "mass_ratio": 0.001 },
{ "drop": "raw_leather", "type": "skin", "mass_ratio": 0.01 }
    ]
  },
 