[
	{
    "id": "Godwin_Bolter",
    "type": "GUN",
    "name": "Godwin Pattern Bolter",
    "name_plural": "Godwin Pattern Bolters",
    "description": "A massive handheld rifle that fires rounds the size of beer cans.",
    "weight": 2000,
    "volume": 4,
    "price": 6000000,
    "to_hit": -2,
    "bashing": 14,
    "material": "steel",
    "symbol": "(",
    "color": "light_gray",
    "ammo": "75bolt",
    "skill": "rifle",
	"burst" : 3,
    "ranged_damage": 8,
    "dispersion": 8,
    "durability": 10,
    "loudness": 130,
    "reload": 180,
    "barrel_length": 1,
    "magazines": [ [ "75bolt" , [ "BolterSickleMag_30", "BolterSickleMag_25", "BolterSickleMag_20", "BolterDrumMag_40" , "BolterDrumMag_60" ] ] ]
	},
	{
	"id" : "ceres_pistol",
	"type" : "GUN",
	"name": "Ceres-Pattern Bolt Pistol",
    "name_plural": "Ceres-Pattern Bolt Pistol",
    "description": "Considered a snub-nosed semi-auto machine gun by most sane indeviduals.",
    "weight": 1200,
    "volume": 2,
    "price": 2000000,
    "to_hit": -1,
    "bashing": 12,
    "material": "steel",
    "symbol": "(",
    "color": "light_gray",
    "ammo": "75bolt",
    "skill": "pistol",
    "ranged_damage": 8,
    "dispersion": 15,
    "durability": 10,
    "loudness": 130,
    "reload": 180,
    "barrel_length": 0,
    "magazines": [ [ "75bolt" , [ "BoltPistolMag_9" ] ] ]
	},
	{
	"id" : "MK3storm_bolter",
	"type" : "GUN", 
	"name" : "MKIII-Pattern Storm Bolter",
	"name_plural" : "MKIII-Pattern-Pattern Storm Bolters",
	"description" : "A twin-barreled bolter with a blisteringly fast cyclic speed. You should probaly not use this outside of Power Armor.",
	"weight" : 1400,
	"price" : 650000000,
	"to_hit" : -3,
	"bashing" : 14,
	"material" : "steel",
	"symbol" : "(",
	"color" : "light_gray",
	"ammo" : "75bolt",
	"skill" : "rifle",
	"ranged_damage" : 8,
	"dispersion" : 10,
	"durability" : 10,
	"loudness" : 130,
	"reload" : 200,
	"modes" : [
		[ "DEFAULT", "AUTO", 10 ]
		],
	"barrel_length" : 0,
	"magazines" : [
		[ "75bolt" , [ "StormBolterMag_100" ] ]
		]
	},
	{
	"id" : "mk3a_flamer",
	"name" : "MK.IIIa 'Heretic' Pattern Flamer",
	"type" : "GUN",
	"name_plural" : "MK.IIIa 'Heretic' Pattern Flamer",
	"description" : "A common flamer pattern used by the Astarties and Astra Militarum, alike.",
	"weight" : 1200,
	"price" : 12000000,
	"to_hit" : -4,
	"bashing" : 8,
	"material" : "steel",
	"symbol" : "(",
	"color" : "light_gray",
	"skill" : "rifle",
	"ranged_damage" : 10,
	"dispersion" : 8,
	"durability" : 10,
	"loudness" : 5,
	"reload" : 120,
	"ammo" : "promethium",
	"magazines" : [
		[ "promethium", [ "flame_tank"] ]
		]
	},
		{
 	"id" : "lasgun",
	"type" : "GUN",
	"name": "Imperial Lasgun",
    "name_plural": "Imperial Lasguns",
    "description": "An Imperial Lasgun, the bacis weapon of guardsmen and heritics alike. Easily modifyable and insainly relyable.",
    "weight": 1200,
    "volume": 2,
    "price": 2000000,
    "to_hit": -1,
    "bashing": 12,
    "material": "steel",
    "symbol": "(",
    "color": "light_gray",
    "ammo": "las",
    "skill": "rifle",
	"range" : 50,
    "ranged_damage": 8,
    "dispersion": 2,
    "durability": 10,
    "loudness": 20,
    "reload": 80,
    "barrel_length": 3,
    "magazines": [ [ "las" , [ "laspistol_40", "lasgun_80", "lasgun_140" ] ] ]
	},
	{
    "id": "M35_lasgun",
    "type": "GUN",
    "name": "M35 M-Galaxy Short pattern lasgun",
    "description": "A standard directed-energy weapon widely produced and used as the basic infantry weapon of the Imperial Guard.  Uses rechargeable power packs that allow prolonged usage at standard intensity settings.",
    "weight": 2300,
    "volume": 8,
    "price": 60000,
    "to_hit": -1,
    "bashing": 8,
    "material": [ "steel", "plastic" ],
    "symbol": "(",
    "color": "yellow",
    "ammo": "las",
    "skill": "rifle",
    "range": 30,
    "ranged_damage": 4,
    "pierce": 15,
    "dispersion": 10,
    "durability": 8,
    "loudness": 12,
    "valid_mod_locations": [ [ "accessories", 4 ], [ "grip", 1 ], [ "rail", 1 ], [ "sights", 1 ], [ "stock", 1 ], [ "underbarrel", 1 ] ],
    "ammo_effects": [ "LASER", "INCENDIARY" ],
    "flags": [ "NEVER_JAMS" ],
    "magazines": [ [ "las" , [ "laspistol_40", "lasgun_80", "lasgun_140" ] ] ]
	},
	{
    "id": "def_laspistol",
    "type": "GUN",
    "name": "Kantrael MG 'Defender' pattern Laspistol",
    "description": "A (comparitivly) small Lasgun designed to be fired in one hand. Mainly used by Commisars, assault squads and rear-eschelon troopers.",
    "weight": 1200,
    "volume": 4,
    "price": 20000,
    "to_hit": -1,
    "bashing": 5,
    "material": [ "steel", "plastic" ],
    "symbol": "(",
    "color": "dark_green",
    "ammo": "las",
    "skill": "pistol",
    "range": 12,
    "ranged_damage": 4,
    "pierce": 15,
    "dispersion": 10,
    "durability": 8,
    "loudness": 12,
    "valid_mod_locations": [ [ "accessories", 1 ], [ "grip", 1 ], [ "sights", 1 ] ],
    "ammo_effects": [ "LASER", "INCENDIARY" ],
    "flags": [ "NEVER_JAMS" ],
    "magazines": [ [ "las" , [ "laspistol_40" ] ] ]
	},
	{
    "id": "shoota",
    "type": "GUN",
    "name": "Shoota",
    "name_plural": "shootas",
    "description": "A slap-dash, smashed-together weapon that, honestly, should not work. Bashed together with copous amount of alhchol and a hammer. Straingly enough, it seemes to accept any kind of magazing, of the calibre the weapon accepts.",
    "weight": 1800,
    "volume": 5,
    "price": 18000,
    "to_hit": -4,
    "bashing": 10,
    "material": "steel",
    "symbol": "(",
    "color": "light_gray",
    "ammo": "ork_dakka",
    "skill" : "rifle",
	"modes" : [
		[ "DEFAULT" , "Single DAKKA", 1],
		[ "BURST" , "Tripple DAKKA", 3],
		[ "AUTO" , "DAKKADAKKADAKKA", 10]
	],
    "ranged_damage": 6,
    "dispersion": 14,
    "durability": 6,
    "loudness": 200,
    "reload": 200,
    "barrel_length": 2,
	"valid_mod_locations" : [ [ "bore", 1] ],
    "magazines": [
		[ "ork_dakka", [ "ob_30", "ob_50", "ob_100" ] ]
		]
	},
	{
    "id": "ork_shoota_red",
    "copy-from": "shoota",
    "type": "TOOL",
    "name": "red shoota",
    "description": "Da red ones go fasta!  Oi 'umie, dey mean da vee-heckles wen dey saiz dat!  Mebbe da red paint on da barrel will make da bullets go fasta?",
    "color": "red",
    "range": 30,
    "ranged_damage": 25,
    "dispersion": 750,
    "reload": 200,
    "//": "Ohgod make the dakka stahp plz.",
    "modes": [
      [ "DEFAULT", "moar dakka", 50 ],
      [ "AUTO", "MOAR ZOGGIN' DAKKA!", 100 ]
    ],
    "techniques": [ "RAPID" ]
	},
	{
    "id": "big_shoota",
    "type": "GUN",
    "name": "Big Shoota",
    "name_plural": "Big shootas",
    "description": "A big, twin-barreled monstrocity that, somehow, works. Probably though sheer force of will, it doesn't explode.",
    "weight": 2800,
    "volume": 8,
    "price": 18000,
    "to_hit": -6,
    "bashing": 12,
    "material": "steel",
    "symbol": "(",
    "color": "light_gray",
    "ammo": "ork_dakka",
    "skill" : "rifle",
	"modes" : [
		[ "DEFAULT" , "Ssmall DAKKA", 4],
		[ "AUTO" , "DAKKADAKKADAKKA", 10]
	],
    "ranged_damage": 8,
    "dispersion": 20,
    "durability": 6,
    "loudness": 220,
    "reload": 200,
    "barrel_length": 2,
	"valid_mod_locations" : [ [ "bore", 1] ],
    "magazines": [
		[ "ork_dakka", [ "ob_30", "ob_50", "ob_100" ] ]
		]
	}
]