[
	{
    "id": "ork_22",
    "type": "GUNMOD",
    "name": ".22 calibre Orky conversion kit",
    "description": "Makes your guns less shooty but with more room for smaller dakka. No win, no loss.",
    "weight": 114,
    "volume": 1,
    "integral_volume": 0,
    "price": 32000,
    "material": "steel",
    "symbol": ":",
    "color": "green",
    "location": "bore",
    "mod_targets": [ "pistol", "smg", "rifle" ],
    "acceptable_ammo": [ "9mm", "38", "40", "57", "46", "762", "223" ],
    "install_time": 60000,
    "dispersion_modifier": 15,
    "ammo_modifier": "22",
    "min_skills": [ [ "weapon", 2 ], [ "mechanics", 1 ] ],
    "flags": [ "INSTALL_DIFFICULT", "IRREMOVABLE" ]
	},
	{
    "id": "ork_223",
    "type": "GUNMOD",
    "name": "223 calibre Orky conversion kit",
    "description": "Makes your guns more shooty!",
    "weight": 114,
    "volume": 1,
    "integral_volume": 0,
    "price": 32000,
    "material": "steel",
    "symbol": ":",
    "color": "green",
    "location": "bore",
    "mod_targets": [ "pistol", "smg", "rifle" ],
    "acceptable_ammo": [ "9mm", "38", "40", "57", "46", "762", "22" ],
    "install_time": 60000,
    "dispersion_modifier": 15,
    "ammo_modifier": "22",
    "min_skills": [ [ "weapon", 2 ], [ "mechanics", 1 ] ],
    "flags": [ "INSTALL_DIFFICULT", "IRREMOVABLE" ]
	},
	{
	"id": "purity_seal",
	"type": "GUNMOD",
	"name": "Purity seal",
	"description": "A large wax seal with a strip of paper, covered in holy texts, hainging from it.",
	"weight": 120,
	"price": 25000,
	"material": [ "paper" ],
	"symbol": ";",
	"color": "red",
	"location": "accessories",
	"mod_targets": [ "smg", "rifle", "pistol", "shotgun", "launcher" ],
	"install_time": 6000,
	"dispersion_modifier": -25,
	"loudness_modifier": -2,
	"min_skills": [ [ "weapon", 2 ], [ "mechanics", 2 ], [ "gun", 1 ] ],
	"flags": [ "NEVER_JAMS", "RAPIDFIRE" ]
	}
]