[
	{
	"type" : "GENERIC",
	"id" : "promethium_puck",
	"name" : "Promethium puck",
	"name_plural" : "Promethium pucks",
	"price" : 25000,
	"weight" : 300,
	"symbol" : "*",
	"color" : "red",
	"description" : "A small box containing a foul-smelling puck.",
	"volume" : 2,
	"count" : 100,
	"stack" : 100,
	"bashing" : 1,
	"container" : "box_small"
	},
	{
	"type" : "GENERIC",
	"id" : "promethium_slurry",
	"name" : "Promethium slurry",
	"name_plural" : "Promethium Slurry",
	"description" : "A thickly bubbling mixture that reeks of chemicals you can't even describe.",
	"price" : 250000,
	"weight" : 1,
	"volume" : 1,
	"count" : 250,
	"stack_size" : 250,
	"container" : "pro_slurry_canister",
	"symbol" : "&",
	"color" : "light_red",
	"bashing" : 1
	},
	{
    "id": "pro_slurry_canister",
    "type": "CONTAINER",
    "category": "other",
    "name": "Promethium slurry canister",
    "description": "A thick steel canister. On it's side reads 'Promethium Slurry. Do not expose to direct flame.",
    "weight": 500,
    "volume": 300,
    "price": 10000,
    "to_hit": -5,
    "bashing": 9,
    "material": "steel",
    "symbol": "0",
    "color": "light_grey",
    "contains": 250,
    "seals": true,
    "watertight": true
	}
]