[
	{
    "id": "BoltPistolMag_9",
    "type": "MAGAZINE",
    "name": "爆矢手枪弹匣",
    "description": "一个用在爆矢手枪的手枪弹匣.",
    "weight": 100,
    "volume": 2,
    "price": 10000,
    "material": "steel",
    "symbol": "#",
    "color": "light_gray",
    "ammo_type": "75bolt",
    "capacity": 9,
    "reliability": 10,
    "reload_time": 120
	},
	{
    "id": "BolterSickleMag_20",
    "type": "MAGAZINE",
    "name": "20-Round Bolter MAGAZINE",
    "description": "A 20 round sickle magazine for the holy Bolter.",
    "weight": 160,
    "volume": 2,
    "price": 10000,
    "material": "steel",
    "symbol": "#",
    "color": "light_gray",
    "ammo_type": "75bolt",
    "capacity": 20,
    "reliability": 10,
    "reload_time": 200
	},
	{
    "id": "BolterSickleMag_25",
    "type": "MAGAZINE",
    "name": "25-Round Bolter MAGAZINE",
    "description": "A 25 round sickle magazine for the holy Bolter.",
    "weight": 180,
    "volume": 2,
    "price": 10000,
    "material": "steel",
    "symbol": "#",
    "color": "light_gray",
    "ammo_type": "75bolt",
    "capacity": 25,
    "reliability": 10,
    "reload_time": 250
	},
	{
    "id": "BolterSickleMag_30",
    "type": "MAGAZINE",
    "name": "30-Round Bolter MAGAZINE",
    "description": "A 30 round sickle magazine for the holy Bolter.",
    "weight": 200,
    "volume": 2,
    "price": 10000,
    "material": "steel",
    "symbol": "#",
    "color": "light_gray",
    "ammo_type": "75bolt",
    "capacity": 30,
    "reliability": 10,
    "reload_time": 280
	},
	{
	"id" : "BolterDrumMag_40",
	"type" : "MAGAZINE",
	"name" : "40-Round Bolter drum magazine.",
	"description" : "A 40-Round drum magazine for a Boltgun or a Heavy Bolter.",
	"weight" : 300,
	"volume" : 3,
	"price" : 30000,
	"material" : "steel",
	"symbol" : "#",
	"color" : "light_gray",
	"ammo_type" : "75bolt",
	"capacity" : 40,
	"reload_time" : 300
	},
	{
	"id" : "BolterDrumMag_60",
	"type" : "MAGAZINE",
	"name" : "60-Round Bolter drum magazine.",
	"description" : "A 60-Round drum magazine for a Boltgun or a Heavy Bolter.",
	"weight" : 340,
	"volume" : 4,
	"price" : 34000,
	"material" : "steel",
	"symbol" : "#",
	"color" : "light_gray",
	"ammo_type" : "75bolt",
	"capacity" : 60,
	"reload_time" : 300
	},
	{
	"id" : "StormBolterMag_100",
	"type" : "MAGAZINE",
	"name" : "100-Round Storm Bolter drum.",
	"description" : "A 100-round drum magazine for a Storm Bolter. (Still probably not enough for sustained fireing...)",
	"weight" : 360,
	"volume" : 5,
	"price" : 40000,
	"material" : "steel",
	"symbol" : "#",
	"color" : "light_gray",
	"ammo_type" : "75bolt",
	"capacity" : 100,
	"reload_time" : 400
	},
	{
	"id" : "flame_tank",
	"type" : "MAGAZINE",
	"name" : "flametank",
	"description" : "flametank",
	"weight" : 360,
	"volume" : 5,
	"price" : 40000,
	"material" : "steel",
	"symbol" : "#",
	"color" : "light_gray",
	"ammo_type" : "promethium",
	"capacity" : 250,
	"reload_time" : 200
	},
	{
    "id": "laspistol_40",
    "type": "MAGAZINE",
    "name": "40-shot laspistol battery pack",
    "description": "A small battery pack for laspistols.",
    "weight": 240,
    "volume": 1,
    "price": 15000,
    "material": [ "superalloy", "plastic" ],
    "symbol": "#",
    "color": "dark_gray",
    "ammo_type": "las",
    "capacity": 40,
    "reload_time": 35,
    "flags": [ "MAG_COMPACT" ]
	},
	{
    "id": "lasgun_80",
    "type": "MAGAZINE",
    "name": "80-shot lasgun battery pack",
    "description": "A battery pack fit for an Imperial Lasgun. Can hold charge for 80 shots",
    "weight": 360,
    "volume": 2,
    "price": 20000,
    "material": [ "superalloy", "plastic" ],
    "symbol": "#",
    "color": "dark_gray",
    "ammo_type": "las",
    "capacity": 80,
    "reload_time": 60,
    "flags": [ "MAG_COMPACT" ]
	},
	{
    "id": "lasgun_140",
    "type": "MAGAZINE",
    "name": "140-shot lasgun battery pack",
    "description": "A battery pack fit for an Imperial Lasgun. Can hold charge for 140 shots",
    "weight": 400,
    "volume": 3,
    "price": 40000,
    "material": [ "superalloy", "plastic" ],
    "symbol": "#",
    "color": "dark_gray",
    "ammo_type": "las",
    "capacity": 140,
    "reload_time": 120,
    "flags": [ "MAG_COMPACT" ]
	},
	{
	"id" : "ob_30",
	"type" : "MAGAZINE",
	"name" : "Orky 30-round magazine.",
	"description" : "A...magazine might be too generous a description for this rough box, made of rusty sheets of steel and tin with '30 DAKKA' on the front and sides.)",
	"weight" : 220,
	"volume" : 3,
	"price" : 65000,
	"material" : "steel",
	"symbol" : "#",
	"color" : "light_gray",
	"ammo_type" : "ork_dakka",
	"capacity" : 30,
	"reload_time" : 120
	},
	{
	"id" : "ob_50",
	"type" : "MAGAZINE",
	"name" : "Orky 50-round magazine.",
	"description" : "A metal box, made of rusty sheets of steel and tin with '50 DAKKA' on the front and sides.)",
	"weight" : 280,
	"volume" : 4,
	"price" : 70000,
	"material" : "steel",
	"symbol" : "#",
	"color" : "light_gray",
	"ammo_type" : "ork_dakka",
	"capacity" : 50,
	"reload_time" : 160
	},
	{
	"id" : "ob_100",
	"type" : "MAGAZINE",
	"name" : "Orky 100-round bucket.",
	"description" : "Bacily a miniture bathtub filled with rough aproximations of amuniton. Somehow, the rounds make their way into the weapon.)",
	"weight" : 280,
	"volume" : 4,
	"price" : 70000,
	"material" : "steel",
	"symbol" : "#",
	"color" : "light_gray",
	"ammo_type" : "ork_dakka",
	"capacity" : 100,
	"reload_time" : 160
	}
]