[
	{
    "id": "chainsword_off",
    "type": "TOOL",
    "category": "weapons",
    "name": "Chainsword (off)",
    "name_plural": "Chainswords (off)",
    "description": "A huge blade, covered in teeth. On it's side, embossed in gold, is written 'Adolebitque haereticum. Occidere mutant. Purga immunda'",
    "weight": 5000,
    "volume": 10,
    "price": 2500000,
    "to_hit": -2,
    "bashing": 14,
    "material": [ "steel", "aluminum" ],
    "symbol": "/",
    "color": "light_gray",
    "ammo": "gasoline",
    "max_charges": 1000,
	"qualities" : [ ["CUT" , 1 ] ],
    "use_action": "CHAINSAW_OFF",
	"flags" : [ "DURABLE_MELEE", "TRADER_AVOID" , "TRADER_AVOID" , "BELT_CLIP" ]
	},
	{
    "id": "chainsword_on",
    "type": "TOOL",
    "category": "weapons",
    "name": "Chainsword (on)",
    "name_plural": "Chsinswords (on)",
    "description": "The teeth on the blade spin wildly, the engine screaming above the hilt, ready to cleave into your enemy. On the side of the blade, embossed in gold, is written 'Adolebitque haereticum. Occidere mutant. Purga immunda'",
    "weight": 5000,
    "volume": 14,
    "price": 2500000,
    "to_hit": -2,
    "bashing": 14,
    "cutting": 180,
    "material": [ "steel", "aluminum" ],
    "symbol": "/",
    "color": "light_gray",
    "ammo": "gasoline",
    "max_charges": 1000,
    "turns_per_charge": 1,
    "revert_to": "combatsaw_off",
	"techniques": [ "WBLOCK_1", "SWEEP" ],
    "qualities": [ [ "AXE", 3 ], [ "BUTCHER", 4] ],
    "use_action": "CHAINSAW_ON",
    "flags": [ "MESSY", "DURABLE_MELEE", "TRADER_AVOID" , "WIDE" , "TRADER_AVOID" , "BELT_CLIP" ]
	},
	{
    "id": "ork_choppa",
    "type": "TOOL",
    "name": "choppa",
    "description": "To a mere 'umie, this appears to be a crudely-sharpened piece of metal attatched to a stick.  To an ork, this is the solution to any problem that a shoota can't solve.  And most problems shootas CAN solve too, since very few problems can't be solved by enough dakka.",
    "weight": 6500,
    "volume": 12,
    "//": "I tell ya, zoggin' priceless you gits!",
    "price": 0,
    "bashing": 22,
    "cutting": 16,
    "material": [ "wood", "iron" ],
    "symbol": "/",
    "color": "light_gray",
    "techniques": [ "SWEEP", "WIDE", "BRUTAL" ],
    "qualities": [ [ "AXE", 2 ], [ "CUT", 1 ], [ "BUTCHER", -10 ], [ "COOK", 1 ], [ "PRY", 2 ], [ "DIG", 2 ], [ "HAMMER", 2 ] ],
    "flags": [ "MESSY", "TRADER_AVOID", "BELT_CLIP", "NONCONDUCTIVE", "DURABLE_MELEE" ]
	},
	{
    "id": "ork_choppa_red",
    "copy-from": "ork_choppa",
    "type": "TOOL",
    "name": "red choppa",
    "description": "You zoggin' 'umie, yer supposed ta paint da trukk red, not da choppa!  Dat's what 'umie blood's fer!  Wait, by Gork an' Mork, dis might be a good way ta krump 'umies even fasta!",
    "color": "red",
    "techniques": [ "RAPID", "SWEEP", "WIDE", "BRUTAL" ]
	}	
]