[
	{
	"type" : "MONSTER",
	"id" : "hgaunt",
	"name" : "Hormagaunt",
	"species" :"TYRANID",
	"default_faction" : "tyranids",
	"symbol" : "g",
	"color" : "pink",
	"size" : "MEDIUM",
	"material" : "flesh",
	"diff" : 12,
	"aggression" : 100,
	"morale" : 100,
	"speed" : 100,
	"melee_skill" : 6,
	"melee_dice" : 4,
	"melee_dice_sides" : 6,
	"melee_cut" : 6,
	"dodge" : 6,
	"armor_bash" : 12,
	"armor_cut" : 8,
	"armor_stab" : 7,
	"armor_fire" : 5,
	"vision_day" : 80,
	"vision_night" : 70,
	"item_chance" : 0,
	"luminance" : 0,
	"hp" : 80,
	"special_freq":[0],
	"death_function" : "NORMAL",
	"harvest": "40khv",
	"special_attack":[
		[ "GRAB" , 4],
		{ "type" : "leap", "cooldown" : 10, "max_range" : 5 }
	], 
	"description":"A true monster if you ever saw one. It is hunched over on two highly muscled legs with massive claws on four limbs. It's back and head is covered with thick, organic, armored plates.",
	"flags" : [ "ATTACKMON", "BADVENOM", "BASHES", "BLEED", "CHITIN", "CLIMBS", "GOODHEARING", "GROUP_BASH", "GROUP_MORALE", "HEARS", "HIT_AND_RUN", "KEENNOSE", "POISON", "SEES", "SMELLS", "SWARMS"],
	"regen_morale": true,
	"anger_triggers":[ "FRIEND_ATTACKED", "FRIEND_DIED", "HURT", "MEAT", "PLAYER_CLOSE", "PLAYER_WEAK", "STALK" ]
	},
	{
	"type" : "MONSTER",
	"id" : "geansetealer",
	"name" : "Genestealer",
	"species" :"TYRANID",
	"default_faction" : "tyranids",
	"symbol" : "G",
	"color" : "pink",
	"size" : "MEDIUM",
	"material" : "flesh",
	"diff" : 14,
	"aggression" : 100,
	"morale" : 100,
	"speed" : 120,
	"melee_skill" : 8,
	"melee_dice" : 6,
	"melee_dice_sides" : 8,
	"melee_cut" : 9,
	"dodge" : 5,
	"armor_bash" : 12,
	"armor_cut" : 8,
	"armor_stab" : 7,
	"armor_fire" : 5,
	"vision_day" : 80,
	"vision_night" : 70,
	"item_chance" : 0,
	"luminance" : 0,
	"hp" : 100,
	"special_freq":[0],
	"death_function" : "NORMAL",
	"special_attack":[
		[ "GRAB" , 2],
		{ "type" : "leap", "cooldown" : 10, "max_range" : 4 }
	],
	"harvest": "40khv",
	"description":"A wicked beast with four arms and razor-sharp claws. Do NOT get into close-combat with these things. It's back and head is covered with thick, organic, armored plates.",
	"flags" : [ "ATTACKMON", "BADVENOM", "BASHES", "BLEED", "CHITIN", "CLIMBS", "GOODHEARING", "GROUP_BASH", "GROUP_MORALE", "HEARS", "HIT_AND_RUN", "KEENNOSE", "POISON", "SEES", "SMELLS", "SWARMS"],
	"regen_morale": true,
	"anger_triggers":[ "FRIEND_ATTACKED", "FRIEND_DIED", "HURT", "MEAT", "PLAYER_CLOSE", "PLAYER_WEAK", "STALK" ]
	},
	{
	"type" : "MONSTER",
	"id" : "tyn_warrior",
	"name" : "Tyranid Warrior",
	"species" :"TYRANID",
	"default_faction" : "tyranids",
	"symbol" : "W",
	"color" : "pink",
	"size" : "LARGE",
	"material" : "flesh",
	"diff" : 14,
	"aggression" : 100,
	"morale" : 100,
	"speed" : 80,
	"melee_skill" : 10,
	"melee_dice" : 4,
	"melee_dice_sides" : 12,
	"melee_cut" : 10,
	"dodge" : 4,
	"armor_bash" : 14,
	"armor_cut" : 10,
	"armor_stab" : 9,
	"armor_fire" : 7,
	"vision_day" : 80,
	"vision_night" : 70,
	"item_chance" : 0,
	"luminance" : 0,
	"hp" : 210,
	"special_freq":[0],
	"death_function" : "NORMAL",
	"special_attack":[
		[ "SHRIEK" , 22]
		],
	"harvest": "40khv",
	"description":"A towering beast, covered in thick plates of heavy chitin. It's muscles ripple beneath it's tough hide.",
	"flags" : [ "ATTACKMON", "BADVENOM", "BASHES", "BLEED", "CHITIN", "CLIMBS", "GOODHEARING", "GROUP_BASH", "GROUP_MORALE", "HEARS", "KEENNOSE", "POISON", "SEES", "SMELLS", "SWARMS"],
	"regen_morale": true,
	"anger_triggers":[ "FRIEND_ATTACKED", "FRIEND_DIED", "HURT", "MEAT", "PLAYER_CLOSE", "PLAYER_WEAK", "STALK" ]
	},
	{
	"type" : "MONSTER",
	"id" : "tyn_ripper",
	"name" : "Ripper",
	"species" :"TYRANID",
	"default_faction" : "tyranids",
	"symbol" : "r",
	"color" : "pink",
	"size" : "SMALL",
	"material" : "flesh",
	"diff" : 4,
	"aggression" : 100,
	"morale" : 80,
	"speed" : 180,
	"melee_skill" : 2,
	"melee_dice" : 1,
	"melee_dice_sides" : 3,
	"melee_cut" : 3,
	"dodge" : 8,
	"armor_bash" : 5,
	"armor_cut" : 4,
	"armor_stab" : 2,
	"armor_fire" : 1,
	"vision_day" : 75,
	"vision_night" : 50,
	"item_chance" : 0,
	"luminance" : 0,
	"hp" : 10,
	"special_freq":[0],
	"death_function" : "NORMAL",
	"special_attack":[
		{ "type" : "leap", "cooldown" : 15, "max_range" : 8 }
	], 
	"harvest": "40khv",
	"description":"Very small but incredably adgile. A small snake-like creature that slithers along the ground at astonishing speed.",
	"flags" : [ "ATTACKMON", "BADVENOM", "BASHES", "BLEED", "CHITIN", "CLIMBS", "GOODHEARING", "GROUP_BASH", "GROUP_MORALE", "HEARS", "HIT_AND_RUN", "KEENNOSE", "POISON", "SEES", "SMELLS", "SWARMS"],
	"regen_morale": true,
	"anger_triggers":[ "FRIEND_ATTACKED", "FRIEND_DIED", "HURT", "MEAT", "PLAYER_CLOSE", "PLAYER_WEAK", "STALK" ]
	},
	{
	"type" : "MONSTER",
	"id" : "ork_boy",
	"name" : "Ork Boy",
	"species" :"ORK",
	"default_faction" : "orks",
	"symbol" : "O",
	"color" : "green",
	"size" : "MEDIUM",
	"material" : "flesh",
	"diff" : 10,
	"aggression" : 80,
	"morale" : 75,
	"speed" : 80,
	"melee_skill" : 5,
	"melee_dice" : 3,
	"melee_dice_sides" : 4,
	"melee_cut" : 5,
	"dodge" : 3,
	"armor_bash" : 5,
	"armor_cut" : 5,
	"armor_stab" : 3,
	"armor_fire" : 2,
	"vision_day" : 75,
	"vision_night" : 30,
	"item_chance" : 0,
	"luminance" : 0,
	"hp" : 30,
	"special_freq":[0],
	"death_function" : "NORMAL",
    "starting_ammo": { "ork_dakka": 100 },
	"special_attacks": [
	{
		"type": "gun",
		"cooldown": 2,
		"gun_type": "shoota",
		"ranges": [
			[ 0, 20, "AUTO" ],
			[ 21, 40, "DEFAULT" ]
		]
		}
	], 
	"harvest": "40khv",
	"description":"A huge green-skinned, foul-smelling humanoid. His teeth look quite sharp.",
	"flags" : [ "ATTACKMON", "BASHES", "GROUP_BASH", "GROUP_MORALE", "HEARS", "POISON", "SEES", "SMELLS", "SWARMS"],
	"regen_morale": true,
	"anger_triggers":[ "FRIEND_ATTACKED", "FRIEND_DIED", "HURT", "MEAT", "PLAYER_CLOSE", "PLAYER_WEAK", "STALK" ]
	},
	{
	"type" : "MONSTER",
	"id" : "ork_ardboy",
	"name" : "'Ard Boy",
	"species" :"ORK",
	"default_faction" : "orks",
	"symbol" : "A",
	"color" : "green",
	"size" : "MEDIUM",
	"material" : "flesh",
	"diff" : 12,
	"aggression" : 100,
	"morale" : 85,
	"speed" : 75,
	"melee_skill" : 6,
	"melee_dice" : 4,
	"melee_dice_sides" : 6,
	"melee_cut" : 6,
	"dodge" : 2,
	"armor_bash" : 8,
	"armor_cut" : 8,
	"armor_stab" : 6,
	"armor_fire" : 3,
	"vision_day" : 60,
	"vision_night" : 20,
	"item_chance" : 0,
	"luminance" : 0,
	"hp" : 50,
	"special_freq":[0],
	"death_function" : "NORMAL",
    "starting_ammo": { "ork_dakka": 100 },
	"special_attacks": [
	{
		"type": "gun",
		"cooldown": 2,
		"gun_type": "shoota",
		"ranges": [
			[ 0, 20, "AUTO" ],
			[ 21, 40, "DEFAULT" ]
		]
		}
	], 
	"harvest": "40khv",
	"description":"A huge green-skinned humanoid with metal plates welded to it's body in a rough aproximation of armor.",
	"flags" : [ "ATTACKMON", "BASHES", "GROUP_BASH", "GROUP_MORALE", "HEARS", "POISON", "SEES", "SMELLS", "SWARMS"],
	"regen_morale": true,
	"anger_triggers":[ "FRIEND_ATTACKED", "FRIEND_DIED", "HURT", "MEAT", "PLAYER_CLOSE", "PLAYER_WEAK", "STALK" ]
	},
	{
	"type" : "MONSTER",
	"id" : "ork_nob",
	"name" : "Ork Nob",
	"species" :"ORK",
	"default_faction" : "orks",
	"symbol" : "O",
	"color" : "green",
	"size" : "MEDIUM",
	"material" : "flesh",
	"diff" : 13,
	"aggression" : 100,
	"morale" : 85,
	"speed" : 70,
	"melee_skill" : 7,
	"melee_dice" : 5,
	"melee_dice_sides" : 4,
	"melee_cut" : 7,
	"dodge" : 3,
	"armor_bash" : 10,
	"armor_cut" : 10,
	"armor_stab" : 5,
	"armor_fire" : 4,
	"vision_day" : 60,
	"vision_night" : 20,
	"item_chance" : 0,
	"luminance" : 0,
	"hp" : 60,
	"special_freq":[0],
	"death_function" : "NORMAL",
    "starting_ammo": { "ork_dakka": 100 },
	"special_attacks": [
	{
		"type": "gun",
		"cooldown": 2,
		"gun_type": "big_shoota",
		"ranges": [
			[ 0, 20, "AUTO" ],
			[ 21, 40, "DEFAULT" ]
		]
		}
	], 
	"harvest": "40khv",
	"description":"An Ork that's much bigger then the others. He's helding a bigger gun too...",
	"flags" : [ "ATTACKMON", "BASHES", "GROUP_BASH", "GROUP_MORALE", "HEARS", "POISON", "SEES", "SMELLS", "SWARMS"],
	"regen_morale": true,
	"anger_triggers":[ "FRIEND_ATTACKED", "FRIEND_DIED", "HURT", "MEAT", "PLAYER_CLOSE", "PLAYER_WEAK", "STALK" ]
	}
]