[
	{
	"type" : "recipe",
	"result" : "shoota",
	"category" : "CC_WEAPON",
	"subcategory" : "CSC_WEAPON_RANGED",
	"skill_used" : "mechanics",
	"difficulty" : 3,
	"time" : 5000,
	"book_learn" : [ [ "ork_book", 1 ] ],
	"reversible" : false,
	"autolearn" : false,
	"qualities" : [
		{"id" : "CUT", "level": 1},
		{"id" : "HAMMER", "level": 2}
	],
	"components" : [
		[
			[ "duct_tape", 50 ]
		],
		[
			[ "sheet_metal", 2 ]
		],
		[
			[ "pipe", 2 ]
		],
		[
			[ "vodka", 2 ],
			[ "gin", 2 ],
			[ "rum", 2 ],
			[ "tequila", 2 ],
			[ "triple_sec", 2 ]
		]
	]
	},
	{
    "result": "ork_dakka",
    "type": "recipe",
    "category": "CC_AMMO",
    "subcategory": "CSC_AMMO_RIFLE",
    "skill_used": "fabrication",
    "time": 700,
	"book_learn" : [ [ "ork_book", 1 ] ],
    "batch_time_factors": [ 50, 10 ],
    "autolearn": true,
    "charges": 1,
    "qualities": [
      { "id": "CUT", "level": 1 },
      { "id": "HAMMER", "level": 1 }
    ],
    "components": [
      [ [ "50_casing", 1 ], [ "shot_hull", 1 ], [ "40mm_casing", 1 ], [ "700nx_casing", 1 ], [ "scrap", 1 ] ],
      [ [ "lgrifle_primer", 1 ], [ "shotgun_primer", 1 ] ],
      [ [ "gunpowder", 60 ], [ "chem_black_powder", 60 ] ],
      [ [ "lead", 24 ], [ "bismuth", 24 ], [ "silver_small", 24 ], [ "gold_small", 24 ], [ "bearing", 1 ], [ "scrap", 1 ] ]
    ]
	},
	{
	"result" : "purity_seal",
	"type" : "recipe",
	"category" : "CC_MISC",
	"subcategory" : "CSC_AMMO_RIFLE",
	"skill_used" : "fabrication",
	"time" : 400,
	"autolearn" : true,
	"qualities" : [
		{ "id" : "COOK", "level" : 1 },
		{ "id" : "CUT", "level" : 1 }
	],
	"components" : [
		[ [ "paper", 2 ] ],
		[ [ "wax", 1] ],
		[ [ "fire", 1 ] ]
		]
	},
	{
	"type" : "recipe",
	"result": "promethium_slurry",
	"category": "CC_CHEM",
	"subcategory": "CSC_CHEM_OTHER",
	"skill_used": "cooking",
	"time": 1000,
	"autolearn": true,
	"flags": ["BLIND_HARD"],
	"qualities" : [
		{"id" : "BOIL", "level": 2}
	],
	"components": [
	[
		[ "water_clean", 1 ],
		[ "water", 1 ]
	],
	[
		[ "promethium_puck", 1 ]
	],
	[
		[ "fire", 1],
		[ "hotplate", 25],
		[ "chemistry_set", 5 ]
	]
	]
	},
	{
	"type" : "recipe",
	"result": "promethium",
	"category": "CC_CHEM",
	"subcategory": "CSC_CHEM_OTHER",
	"skill_used": "cooking",
	"time": 8000,
	"autolearn": true,
	"flags": ["BLIND_HARD"],
	"qualities" : [
		{"id" : "BOIL", "level": 2}
	],
	"components": [
	[
		[ "promethium_slurry", 250 ]
	],
	[
		[ "gasoline", 100 ]
	],
	[
		[ "fire", 1],
		[ "hotplate", 25],
		[ "chemistry_set", 5 ]
	]
	]
	}
]