[
	{
		"type" : "ammunition_type",
		"id" : "destiny_copper_type",
		"name" : "天命铜币",
		"default" : "destiny_copper"
	},{
		"type" : "ammunition_type",
		"id" : "destiny_silver_type",
		"name" : "天命银币",
		"default" : "destiny_silver"
	},{
		"type" : "ammunition_type",
		"id" : "destiny_gold_type",
		"name" : "天命金币",
		"default" : "destiny_gold"
	},{
		"type" : "ammunition_type",
		"id" : "merit_type",
		"name" : "功德之气",
		"default" : "merit"
	},{		
		"type" : "AMMO",
		"id" : "destiny_copper",
		"category" : "GS_resoure",
		"name" : "天命铜币",
		"name_plural" : "天命铜币",
		"symbol" : "$",
		"color" : "brown",
		"description" : "时空能量凝结的货币单位，代表着天地间的气运与命数。",
		"material" : "super_mt",
		"volume" : 0,
		"ammo_type" : "destiny_copper_type"
	},{
		"type" : "AMMO",
		"id" : "destiny_silver",
		"category" : "GS_resoure",
		"name" : "天命银币",
		"name_plural" : "天命银币",
		"symbol" : "$",
		"color" : "light_gray",
		"description" : "时空能量凝结的进阶货币，代表着天地间的气运与命数。",
		"material" : "super_mt",
		"ammo_type" : "destiny_silver_type"
	},{
		"type" : "AMMO",
		"id" : "destiny_gold",
		"category" : "GS_resoure",
		"name" : "天命金币",
		"name_plural" : "天命金币",
		"symbol" : "$",
		"color" : "yellow",
		"description" : "时空能量凝结的最高货币，代表着天地间的气运与命数，然而这是测试用道具。",
		"material" : "super_mt",
		"ammo_type" : "destiny_gold_type"		
	},{
		"type" : "AMMO",
		"id" : "merit",
		"category" : "GS_resoure",
		"name" : "功德之气",
		"name_plural" : "功德之气",
		"symbol" : "'",
		"color" : "yellow",
		"description" : "修福德、行惠施、利众生，具慈悲心的善行所累积的信仰之力，克制一切邪魇之物，特殊的装备或功法能导引其力量，缺点是难以收集。",
		"material" : "merit_mt",
		"ammo_type" : "merit_type",
		"effects" : ["NEVER_MISFIRES"]
	},{		
		"type":"GENERIC",
		"id": "5ghost",
		"category" : "GS_resoure",	
		"symbol": "g",
		"color": "white",
		"name": "五鬼搬运",
		"name_plural": "五鬼搬运",
		"description": "以功德之力洗涤炼化的五方魂鬼，能施展搬运秘法增加负重上限。\n \n※只有一次效果，重复持有无效！",
		"material": ["merit_mt"],
		"weight": 0,	"//":"曾经重量可以设为负数，仅以这行代码缅怀那段时光。",
		"artifact_data" : {"effects_carried": ["AEP_CARRY_MORE"]},
		"flags": ["NO_SALVAGE"]
	}
]