[
  {
    "id": "achievement_arcana_npc_alexander",
    "type": "achievement",
    "name": {
      "str": "<color_cyan>(Arcana)</color>古色之人"
    },
    "description": "赢得老幸存者的信任。",
    "//": "Achievement is fully hidden until you reveal it.",
    "hidden_by": [
      "achievement_arcana_npc_alexander"
    ],
    "requirements": [
      {
        "event_statistic": "num_avatar_arcana_npc_alexander",
        "is": ">=",
        "target": 1,
        "visible": "never"
      }
    ]
  },
  {
    "id": "num_avatar_arcana_npc_alexander",
    "type": "event_statistic",
    "stat_type": "count",
    "event_transformation": "avatar_arcana_npc_alexander"
  },
  {
    "id": "avatar_arcana_npc_alexander",
    "type": "event_transformation",
    "event_type": "character_gains_effect",
    "value_constraints": {
      "effect": {
        "equals": [
          "efftype_id",
          "hermit_earned_trust_2"
        ]
      }
    },
    "drop_fields": [
      "effect"
    ]
  },
  {
    "id": "achievement_arcana_mission_deacon",
    "type": "achievement",
    "name": {
      "str": "<color_cyan>(Arcana)</color> 遥远的信仰"
    },
    "description": "听说另一个定居点还在那里。",
    "//": "Achievement is fully hidden until you reveal it.",
    "hidden_by": [
      "achievement_arcana_mission_deacon"
    ],
    "requirements": [
      {
        "event_statistic": "num_avatar_arcana_mission_deacon",
        "is": ">=",
        "target": 1,
        "visible": "never"
      }
    ]
  },
  {
    "id": "num_avatar_arcana_mission_deacon",
    "type": "event_statistic",
    "stat_type": "count",
    "event_transformation": "avatar_arcana_mission_deacon"
  },
  {
    "id": "avatar_arcana_mission_deacon",
    "type": "event_transformation",
    "event_type": "character_gains_effect",
    "value_constraints": {
      "effect": {
        "equals": [
          "efftype_id",
          "rural_church_aware"
        ]
      }
    },
    "drop_fields": [
      "effect"
    ]
  },
  {
    "id": "achievement_arcana_npc_sofia",
    "type": "achievement",
    "name": {
      "str": "<color_cyan>(Arcana)</color> 女祭司"
    },
    "description": "在一个古老的路边教堂与幸存者取得联系。",
    "hidden_by": [
      "achievement_arcana_npc_johnathan"
    ],
    "requirements": [
      {
        "event_statistic": "num_avatar_arcana_npc_sofia",
        "is": ">=",
        "target": 1,
        "visible": "never"
      }
    ]
  },
  {
    "id": "num_avatar_arcana_npc_sofia",
    "type": "event_statistic",
    "stat_type": "count",
    "event_transformation": "avatar_arcana_npc_sofia"
  },
  {
    "id": "avatar_arcana_npc_sofia",
    "type": "event_transformation",
    "event_type": "character_gains_effect",
    "value_constraints": {
      "effect": {
        "equals": [
          "efftype_id",
          "sofia_deacon_message"
        ]
      }
    },
    "drop_fields": [
      "effect"
    ]
  },
  {
    "id": "achievement_arcana_npc_johnathan",
    "type": "achievement",
    "name": {
      "str": "<color_cyan>(Arcana)</color> 武侠"
    },
    "description": "完成索菲亚的任务，吸引盟友加入她的事业。",
    "hidden_by": [
      "achievement_arcana_npc_sofia"
    ],
    "requirements": [
      {
        "event_statistic": "num_avatar_arcana_npc_johnathan",
        "is": ">=",
        "target": 1,
        "visible": "never"
      }
    ]
  },
  {
    "id": "num_avatar_arcana_npc_johnathan",
    "type": "event_statistic",
    "stat_type": "count",
    "event_transformation": "avatar_arcana_npc_johnathan"
  },
  {
    "id": "avatar_arcana_npc_johnathan",
    "type": "event_transformation",
    "event_type": "character_gains_effect",
    "value_constraints": {
      "effect": {
        "equals": [
          "efftype_id",
          "cf_mission_sofia_3"
        ]
      }
    },
    "drop_fields": [
      "effect"
    ]
  },
  {
    "id": "achievement_arcana_npc_matthew",
    "type": "achievement",
    "name": {
      "str": "<color_cyan>(Arcana)</color> 学者"
    },
    "description": "完成Johnathan的任务，继续增援。",
    "hidden_by": [
      "achievement_arcana_npc_johnathan"
    ],
    "requirements": [
      {
        "event_statistic": "num_avatar_arcana_npc_matthew",
        "is": ">=",
        "target": 1,
        "visible": "never"
      }
    ]
  },
  {
    "id": "num_avatar_arcana_npc_matthew",
    "type": "event_statistic",
    "stat_type": "count",
    "event_transformation": "avatar_arcana_npc_matthew"
  },
  {
    "id": "avatar_arcana_npc_matthew",
    "type": "event_transformation",
    "event_type": "character_gains_effect",
    "value_constraints": {
      "effect": {
        "equals": [
          "efftype_id",
          "cf_mission_johnathan_3"
        ]
      }
    },
    "drop_fields": [
      "effect"
    ]
  },
  {
    "id": "achievement_arcana_npc_nicholas",
    "type": "achievement",
    "name": {
      "str": "<color_cyan>(Arcana)</color> 魔技工"
    },
    "description": "完成索菲亚的任务，为她的事业带来各种盟友。",
    "hidden_by": [
      "achievement_arcana_npc_johnathan"
    ],
    "requirements": [
      {
        "event_statistic": "num_avatar_arcana_npc_nicholas",
        "is": ">=",
        "target": 1,
        "visible": "never"
      }
    ]
  },
  {
    "id": "num_avatar_arcana_npc_nicholas",
    "type": "event_statistic",
    "stat_type": "count",
    "event_transformation": "avatar_arcana_npc_nicholas"
  },
  {
    "id": "avatar_arcana_npc_nicholas",
    "type": "event_transformation",
    "event_type": "character_gains_effect",
    "value_constraints": {
      "effect": {
        "equals": [
          "efftype_id",
          "cf_mission_sofia_7"
        ]
      }
    },
    "drop_fields": [
      "effect"
    ]
  },
  {
    "id": "achievement_arcana_mission_sword",
    "type": "achievement",
    "name": {
      "str": "<color_cyan>(Arcana)</color> 一个失落的梦，重新点燃"
    },
    "description": "恢复一个几乎消失的信仰被遗忘的遗迹。",
    "hidden_by": [
      "achievement_arcana_npc_alexander"
    ],
    "requirements": [
      {
        "event_statistic": "num_avatar_arcana_mission_sword",
        "is": ">=",
        "target": 1,
        "visible": "never"
      }
    ]
  },
  {
    "id": "num_avatar_arcana_mission_sword",
    "type": "event_statistic",
    "stat_type": "count",
    "event_transformation": "avatar_arcana_mission_sword"
  },
  {
    "id": "avatar_arcana_mission_sword",
    "type": "event_transformation",
    "event_type": "character_gains_effect",
    "value_constraints": {
      "effect": {
        "equals": [
          "efftype_id",
          "hermit_stage_2"
        ]
      }
    },
    "drop_fields": [
      "effect"
    ]
  },
  {
    "id": "achievement_arcana_location_curious_structure",
    "type": "achievement",
    "name": {
      "str": "<color_cyan>(Arcana)</color> 神圣之地"
    },
    "requirements": [
      {
        "event_statistic": "last_oter_type_avatar_entered",
        "is": "==",
        "target": [
          "oter_type_str_id",
          "curious_structure"
        ],
        "description": "进入一个奇怪的建筑，一个目的不明的倒塌的避难所。"
      }
    ]
  },
  {
    "id": "achievement_arcana_location_strange_grove",
    "type": "achievement",
    "name": {
      "str": "<color_cyan>（Arcana）</color>松树和桦树的手推车"
    },
    "requirements": [
      {
        "event_statistic": "last_oter_type_avatar_entered",
        "is": "==",
        "target": [
          "oter_type_str_id",
          "strange_grove"
        ],
        "description": "进入一个陌生的小树林，那里的秘密埋在树丛中。"
      }
    ]
  },
  {
    "id": "achievement_arcana_location_impact_site",
    "type": "achievement",
    "name": {
      "str": "<color_cyan>(Arcana)</color> 流星落下的征兆"
    },
    "requirements": [
      {
        "event_statistic": "last_oter_type_avatar_entered",
        "is": "==",
        "target": [
          "oter_type_str_id",
          "impact_site"
        ],
        "description": "进入一个撞击地点，在那里有一座奇怪的漂浮庙宇在等待着。"
      }
    ]
  },
  {
    "id": "achievement_arcana_location_island_temple_1",
    "type": "achievement",
    "name": {
      "str": "<color_cyan>（Arcana）</color>血液和骨骼"
    },
    "requirements": [
      {
        "event_statistic": "last_oter_type_avatar_entered",
        "is": "==",
        "target": [
          "oter_type_str_id",
          "island_temple_1"
        ],
        "description": "进入一个特殊的神龛，那里的死水隐藏着邪恶的行为。"
      }
    ]
  },
  {
    "id": "achievement_arcana_monkill_spirit_of_fire",
    "type": "achievement",
    "name": {
      "str": "<color_cyan>（Arcana）</color>不要太深"
    },
    "description": "清除这片土地上潜伏在圣地下的恶魔。",
    "hidden_by": [
      "achievement_arcana_location_curious_structure"
    ],
    "requirements": [
      {
        "event_statistic": "num_avatar_arcana_monkill_spirit_of_fire",
        "is": ">=",
        "target": 1,
        "visible": "never"
      }
    ]
  },
  {
    "id": "num_avatar_arcana_monkill_spirit_of_fire",
    "type": "event_statistic",
    "stat_type": "count",
    "event_transformation": "avatar_arcana_monkill_spirit_of_fire"
  },
  {
    "id": "avatar_arcana_monkill_spirit_of_fire",
    "type": "event_transformation",
    "event_type": "character_kills_monster",
    "value_constraints": {
      "victim_type": {
        "equals": [
          "mtype_id",
          "mon_spirit_of_fire"
        ]
      }
    },
    "drop_fields": [
      "victim_type"
    ]
  },
  {
    "id": "achievement_arcana_monkill_moruboru",
    "type": "achievement",
    "name": {
      "str": "<color_cyan>(Arcana)</color> 野玫瑰"
    },
    "description": "杀死在荒废的小树林里偷袭的野兽。",
    "hidden_by": [
      "achievement_arcana_location_strange_grove"
    ],
    "requirements": [
      {
        "event_statistic": "num_avatar_arcana_monkill_moruboru",
        "is": ">=",
        "target": 1,
        "visible": "never"
      }
    ]
  },
  {
    "id": "num_avatar_arcana_monkill_moruboru",
    "type": "event_statistic",
    "stat_type": "count",
    "event_transformation": "avatar_arcana_monkill_moruboru"
  },
  {
    "id": "avatar_arcana_monkill_moruboru",
    "type": "event_transformation",
    "event_type": "character_kills_monster",
    "value_constraints": {
      "victim_type": {
        "equals": [
          "mtype_id",
          "mon_moruboru"
        ]
      }
    },
    "drop_fields": [
      "victim_type"
    ]
  },
  {
    "id": "achievement_arcana_monkill_archon",
    "type": "achievement",
    "name": {
      "str": "<color_cyan>(Arcana)</color> 他能锻造你的锁链吗"
    },
    "description": "杀死一个被附体的牧师，藏在一个寺庙里的浮石上。",
    "hidden_by": [
      "achievement_arcana_location_impact_site"
    ],
    "requirements": [
      {
        "event_statistic": "num_avatar_arcana_monkill_archon",
        "is": ">=",
        "target": 1,
        "visible": "never"
      }
    ]
  },
  {
    "id": "num_avatar_arcana_monkill_archon",
    "type": "event_statistic",
    "stat_type": "count",
    "event_transformation": "avatar_arcana_monkill_archon"
  },
  {
    "id": "avatar_arcana_monkill_archon",
    "type": "event_transformation",
    "event_type": "character_kills_monster",
    "value_constraints": {
      "victim_type": {
        "equals": [
          "mtype_id",
          "mon_archon"
        ]
      }
    },
    "drop_fields": [
      "victim_type"
    ]
  },
  {
    "id": "achievement_arcana_monkill_dracolich",
    "type": "achievement",
    "name": {
      "str": "<color_cyan>（Arcana）</color> 再次屠龙者"
    },
    "description": "放下一个出没的生物，从远处拖到一个失落的庙宇。",
    "hidden_by": [
      "achievement_arcana_location_island_temple_1"
    ],
    "requirements": [
      {
        "event_statistic": "num_avatar_arcana_monkill_dracolich",
        "is": ">=",
        "target": 1,
        "visible": "never"
      }
    ]
  },
  {
    "id": "num_avatar_arcana_monkill_dracolich",
    "type": "event_statistic",
    "stat_type": "count",
    "event_transformation": "avatar_arcana_monkill_dracolich"
  },
  {
    "id": "avatar_arcana_monkill_dracolich",
    "type": "event_transformation",
    "event_type": "character_kills_monster",
    "value_constraints": {
      "victim_type": {
        "equals": [
          "mtype_id",
          "mon_dracolich"
        ]
      }
    },
    "drop_fields": [
      "victim_type"
    ]
  },
  {
    "id": "achievement_arcana_monkill_seraphic_shade",
    "type": "achievement",
    "name": {
      "str": "<color_cyan>(Arcana)</color> 只要阳光普照"
    },
    "description": "完成约翰纳森的任务，追捕人类的敌人。",
    "hidden_by": [
      "achievement_arcana_npc_matthew"
    ],
    "requirements": [
      {
        "event_statistic": "num_avatar_arcana_monkill_seraphic_shade",
        "is": ">=",
        "target": 1,
        "visible": "never"
      }
    ]
  },
  {
    "id": "num_avatar_arcana_monkill_seraphic_shade",
    "type": "event_statistic",
    "stat_type": "count",
    "event_transformation": "avatar_arcana_monkill_seraphic_shade"
  },
  {
    "id": "avatar_arcana_monkill_seraphic_shade",
    "type": "event_transformation",
    "event_type": "character_kills_monster",
    "value_constraints": {
      "victim_type": {
        "equals": [
          "mtype_id",
          "mon_seraphic_shade"
        ]
      }
    },
    "drop_fields": [
      "victim_type"
    ]
  },
  {
    "id": "achievement_arcana_mutation_paragon",
    "type": "achievement",
    "name": {
      "str": "<color_cyan>（Arcana）</color>涂油礼"
    },
    "description": "从面纱之外给他力量，并得到回报。",
    "hidden_by": [
      "achievement_arcana_mission_sword"
    ],
    "requirements": [
      {
        "event_statistic": "num_avatar_arcana_mutation_paragon",
        "is": ">=",
        "target": 1,
        "visible": "never"
      }
    ]
  },
  {
    "id": "num_avatar_arcana_mutation_paragon",
    "type": "event_statistic",
    "stat_type": "count",
    "event_transformation": "avatar_arcana_mutation_paragon"
  },
  {
    "id": "avatar_arcana_mutation_paragon",
    "type": "event_transformation",
    "event_type": "crosses_mutation_threshold",
    "value_constraints": {
      "category": {
        "equals": [
          "mutation_category_id",
          "VEIL"
        ]
      }
    },
    "drop_fields": [
      "category"
    ]
  },
  {
    "id": "achievement_arcana_mutation_dragonblood",
    "type": "achievement",
    "name": {
      "str": "<color_cyan>（Arcana）</color>圣餐"
    },
    "description": "用一颗从长着翅膀的可憎之物身上撕下的心去追寻这条路。",
    "hidden_by": [
      "achievement_arcana_monkill_dracolich"
    ],
    "requirements": [
      {
        "event_statistic": "num_avatar_arcana_mutation_dragonblood",
        "is": ">=",
        "target": 1,
        "visible": "never"
      }
    ]
  },
  {
    "id": "num_avatar_arcana_mutation_dragonblood",
    "type": "event_statistic",
    "stat_type": "count",
    "event_transformation": "avatar_arcana_mutation_dragonblood"
  },
  {
    "id": "avatar_arcana_mutation_dragonblood",
    "type": "event_transformation",
    "event_type": "crosses_mutation_threshold",
    "value_constraints": {
      "category": {
        "equals": [
          "mutation_category_id",
          "DRAGONBLOOD"
        ]
      }
    },
    "drop_fields": [
      "category"
    ]
  },
  {
    "id": "achievement_lvl_7_arcana",
    "type": "achievement",
    "name": {
      "str": "<color_cyan>（Arcana）</color>洞察"
    },
    "description": "人类本来是不应该学习的。还有一些我们注定要学的东西。",
    "requirements": [
      {
        "event_statistic": "num_gains_arcana_level_7",
        "is": ">=",
        "target": 1
      }
    ]
  },
  {
    "id": "avatar_gains_arcana_level_7",
    "type": "event_transformation",
    "event_type": "gains_skill_level",
    "value_constraints": {
      "character": {
        "equals_statistic": "avatar_id"
      },
      "skill": {
        "equals": [
          "skill_id",
          "magic"
        ]
      },
      "new_level": {
        "equals": [
          "int",
          "7"
        ]
      }
    },
    "drop_fields": [
      "character",
      "skill",
      "new_level"
    ]
  },
  {
    "id": "num_gains_arcana_level_7",
    "type": "event_statistic",
    "stat_type": "count",
    "event_transformation": "avatar_gains_arcana_level_7",
    "description": {
      "str_sp": "获得奥术七级"
    }
  },
  {
    "id": "achievement_lvl_10_arcana",
    "type": "achievement",
    "name": {
      "str": "<color_cyan>（Arcana）</color>恐惧"
    },
    "description": "不要追求那些对你来说太高的东西。但是，掌握未知是我们的天性。",
    "requirements": [
      {
        "event_statistic": "num_gains_arcana_level_10",
        "is": ">=",
        "target": 1
      }
    ],
    "hidden_by": [
      "achievement_lvl_7_arcana"
    ]
  },
  {
    "id": "avatar_gains_arcana_level_10",
    "type": "event_transformation",
    "event_type": "gains_skill_level",
    "value_constraints": {
      "character": {
        "equals_statistic": "avatar_id"
      },
      "skill": {
        "equals": [
          "skill_id",
          "magic"
        ]
      },
      "new_level": {
        "equals": [
          "int",
          "10"
        ]
      }
    },
    "drop_fields": [
      "character",
      "skill",
      "new_level"
    ]
  },
  {
    "id": "num_gains_arcana_level_10",
    "type": "event_statistic",
    "stat_type": "count",
    "event_transformation": "avatar_gains_arcana_level_10",
    "description": {
      "str_sp": "获得奥术10级"
    }
  }
]