[
  {
    "id": "LIGHTNING_JUDGMENT",
    "type": "ammo_effect",
    "aoe": {
      "field_type": "fd_electricity",
      "intensity_min": 1,
      "intensity_max": 3,
      "radius": 5,
      "chance": 25,
      "check_passable": true,
      "check_sees": true,
      "check_sees_radius": 3
    },
    "trail": {
      "field_type": "fd_electricity",
      "intensity_min": 2,
      "intensity_max": 3,
      "chance": 100
    },
    "do_emp_blast": true
  },
  {
    "id": "FIRE_CORRUPTION",
    "type": "ammo_effect",
    "aoe": {
      "field_type": "fd_flame_burst",
      "intensity_min": 1,
      "intensity_max": 3,
      "radius": 3,
      "chance": 1,
      "check_passable": true,
      "check_sees": true,
      "check_sees_radius": 3
    }
  },
  {
    "id": "AMMO_ARCANA_FIRE_EFFECT",
    "type": "ammo_effect",
    "aoe": {
      "field_type": "fd_plasma",
      "intensity_min": 1,
      "intensity_max": 3,
      "size": 1,
      "radius": 0,
      "chance": 40
    }
  },
  {
    "id": "AMMO_ARCANA_WATER_EFFECT",
    "type": "ammo_effect",
    "aoe": {
      "field_type": "fd_fog",
      "intensity_min": 1,
      "intensity_max": 3,
      "size": 1,
      "radius": 0,
      "chance": 60
    }
  },
  {
    "id": "AMMO_ARCANA_EARTH_EFFECT",
    "type": "ammo_effect",
    "aoe": {
      "field_type": "fd_acid",
      "intensity_min": 1,
      "intensity_max": 3,
      "size": 1,
      "radius": 0,
      "chance": 80
    }
  },
  {
    "id": "AMMO_ARCANA_AIR_EFFECT",
    "type": "ammo_effect",
    "aoe": {
      "field_type": "fd_electricity",
      "intensity_min": 1,
      "intensity_max": 3,
      "size": 1,
      "radius": 0,
      "chance": 100
    }
  },
  {
    "id": "AMMO_ANOMALY_RAILGUN",
    "type": "ammo_effect",
    "trail": {
      "field_type": "fd_electricity",
      "intensity_min": 1,
      "intensity_max": 3,
      "chance": 75
    },
    "aoe": {
      "field_type": "fd_electricity",
      "intensity_min": 1,
      "intensity_max": 3,
      "chance": 50,
      "radius": 1,
      "size": 1,
      "check_passable": true,
      "check_sees": true,
      "check_sees_radius": 3
    },
    "explosion": {
      "power": 60,
      "distance_factor": 0.1
    },
    "do_emp_blast": true
  },
  {
    "id": "AMMO_ANOMALY_PLASMA",
    "type": "ammo_effect",
    "trail": {
      "field_type": "fd_plasma",
      "intensity_min": 1,
      "intensity_max": 3,
      "chance": 75
    },
    "aoe": {
      "field_type": "fd_fire",
      "intensity_min": 1,
      "intensity_max": 1,
      "size": 1,
      "radius": 0,
      "chance": 50
    },
    "explosion": {
      "power": 120,
      "distance_factor": 0.1
    }
  },
  {
    "id": "AMMO_ANOMALY_NUKE",
    "type": "ammo_effect",
    "aoe": {
      "field_type": "fd_nuke_gas",
      "intensity_min": 3,
      "intensity_max": 3,
      "chance": 50,
      "radius": 12,
      "size": 1,
      "check_passable": true,
      "check_sees": true,
      "check_sees_radius": 3
    },
    "trail": {
      "field_type": "fd_fatigue",
      "intensity_min": 1,
      "intensity_max": 1,
      "chance": 5
    },
    "explosion": {
      "power": 12000,
      "distance_factor": 0.6
    },
    "do_emp_blast": true
  },
  {
    "id": "AMMO_RIFT_FOCUS_SHADOWS",
    "type": "ammo_effect",
    "trail": {
      "field_type": "fd_veil_darkness",
      "intensity_min": 1,
      "intensity_max": 2,
      "chance": 50
    }
  },
  {
    "id": "AMMO_RIFT_FOCUS_FATIGUE",
    "type": "ammo_effect",
    "//": "In practice this is less risk of fatigue than the fission anomaly inlay, because it's only called once at the point of impact instead of all down the path it travels.",
    "aoe": {
      "field_type": "fd_fatigue",
      "intensity_min": 1,
      "intensity_max": 1,
      "chance": 5
    }
  },
  {
    "id": "AMMO_ELECTROTHERMAL_LIGHTNING",
    "type": "ammo_effect",
    "trail": {
      "field_type": "fd_electricity",
      "intensity_min": 1,
      "intensity_max": 2,
      "chance": 10
    },
    "aoe": {
      "field_type": "fd_electricity",
      "intensity_min": 2,
      "intensity_max": 3,
      "radius": 2,
      "chance": 33
    }
  },
  {
    "id": "AMMO_ELECTROTHERMAL_FIRE",
    "type": "ammo_effect",
    "trail": {
      "field_type": "fd_fire",
      "intensity_min": 1,
      "intensity_max": 2,
      "chance": 50
    },
    "aoe": {
      "field_type": "fd_fire",
      "intensity_min": 2,
      "intensity_max": 3,
      "radius": 0,
      "chance": 100
    }
  },
  {
    "id": "AMMO_ELECTROTHERMAL_FIRE_SMALL",
    "type": "ammo_effect",
    "aoe": {
      "field_type": "fd_fire",
      "intensity_min": 1,
      "intensity_max": 2,
      "radius": 0,
      "chance": 75
    }
  },
  {
    "id": "ARCANA_DAZZLE_SHOT",
    "type": "ammo_effect",
    "aoe": {
      "field_type": "fd_dazzling",
      "intensity_min": 3,
      "intensity_max": 3,
      "radius": 0,
      "chance": 100
    }
  }
]