[
  {
    "type": "clothing_mod",
    "id": "arcana_birchbark_weave",
    "flag": "arcana_birchbark_weave",
    "item": "birchbark",
    "implement_prompt": "Weave with birchbark",
    "destroy_prompt": "Dispel birchbark weave",
    "mod_value": [
      {
        "type": "bash",
        "value": 0.75,
        "round_up": true,
        "proportion": [
          "thickness"
        ]
      },
      {
        "type": "cut",
        "value": 0.75,
        "round_up": true,
        "proportion": [
          "thickness"
        ]
      },
      {
        "type": "bullet",
        "value": 0.75,
        "round_up": true,
        "proportion": [
          "thickness"
        ]
      }
    ]
  },
  {
    "type": "clothing_mod",
    "id": "arcana_tanbark_weave",
    "flag": "arcana_tanbark_weave",
    "item": "tanbark",
    "implement_prompt": "Weave with tanbark",
    "destroy_prompt": "Dispel tanbark weave",
    "mod_value": [
      {
        "type": "acid",
        "value": 0.75,
        "round_up": true,
        "proportion": [
          "thickness"
        ]
      },
      {
        "type": "fire",
        "value": 0.75,
        "round_up": true,
        "proportion": [
          "thickness"
        ]
      }
    ]
  },
  {
    "type": "clothing_mod",
    "id": "arcana_willowbark_weave",
    "flag": "arcana_willowbark_weave",
    "item": "willowbark",
    "implement_prompt": "Weave with willowbark",
    "destroy_prompt": "Dispel willowbark weave",
    "mod_value": [
      {
        "type": "encumbrance",
        "value": -0.75,
        "round_up": true,
        "proportion": [
          "thickness",
          "coverage"
        ]
      }
    ]
  }
]