[
  {
    "type": "effect_type",
    "id": "triffid_garland_buff",
    "name": [
      "青翠促生"
    ],
    "desc": [
      "你身体的自然耐力和疼痛恢复得到增强。"
    ],
    "remove_message": "花环的恢复效果减弱。",
    "decay_messages": [
      [
        "青翠三尖树花环的效果开始消退。",
        "坏的"
      ]
    ],
    "rating": "good",
    "max_intensity": 15,
    "int_dur_factor": "1 m",
    "base_mods": {
      "pain_min": [
        -1
      ],
      "stamina_min": [
        20
      ],
      "health_min": [
        1
      ],
      "h_mod_min": [
        1
      ],
      "rad_min": [
        -1
      ]
    }
  },
  {
    "type": "effect_type",
    "id": "halo_flute_effect",
    "//": "Effectively combines some of the perks of Free Action and yellow potion.",
    "removes_effects": [
      "downed",
      "bouldering",
      "grabbed",
      "lack_sleep",
      "sleep_deprived"
    ]
  },
  {
    "type": "effect_type",
    "id": "life_sign_suppression_debuff",
    "//": "This makes you health go down slowly while LSS is in use.",
    "base_mods": {
      "health_min": [
        -1
      ],
      "health_tick": [
        60
      ],
      "h_mod_min": [
        -1
      ],
      "h_mod_tick": [
        60
      ]
    }
  },
  {
    "type": "effect_type",
    "id": "temporal_stimulation_effect",
    "//": "This adds the stamina and fatigue effects to TS.",
    "base_mods": {
      "stamina_min": [
        10
      ],
      "fatigue_min": [
        1
      ],
      "fatigue_tick": [
        300
      ]
    }
  },
  {
    "type": "effect_type",
    "id": "potion_numbness",
    "name": [
      "极度麻木"
    ],
    "resist_effects": [
      "talisman_warding"
    ],
    "desc": [
      "你的身体感觉到难以置信的麻木和迟缓。"
    ],
    "remove_message": "麻木会消失。",
    "//": "Only Mycus Adrenaline in this case can really shake off the sluggishness.",
    "removes_effects": [
      "shakes",
      "formication",
      "jetinjector",
      "stimpack",
      "adrenaline",
      "meth"
    ],
    "decay_messages": [
      [
        "你的药剂的麻木效果开始消退。",
        "坏的"
      ]
    ],
    "rating": "good",
    "max_intensity": 15,
    "int_dur_factor": "1 m",
    "base_mods": {
      "pain_tick": [
        25
      ],
      "pain_min": [
        -15
      ],
      "speed_mod": [
        -25,
        -15
      ]
    }
  },
  {
    "type": "effect_type",
    "id": "potion_strength",
    "name": [
      "加强"
    ],
    "resist_effects": [
      "talisman_warding"
    ],
    "desc": [
      "你觉得自己很强大，好像你可以挑战世界。"
    ],
    "remove_message": "不自然的力量离开了你的身体。",
    "decay_messages": [
      [
        "你的药剂的强化效果开始减弱。",
        "坏的"
      ]
    ],
    "rating": "good",
    "max_intensity": 15,
    "int_dur_factor": "1 m",
    "base_mods": {
      "pain_chance": [
        12,
        24
      ],
      "pain_min": [
        1
      ],
      "pain_tick": [
        25
      ],
      "pain_max_val": [
        20,
        10
      ],
      "str_mod": [
        5
      ],
      "dex_mod": [
        -1
      ],
      "int_mod": [
        -1
      ],
      "per_mod": [
        -1
      ],
      "speed_mod": [
        5
      ],
      "stamina_min": [
        50
      ],
      "stamina_chance": [
        6
      ],
      "fatigue_min": [
        1
      ],
      "fatigue_tick": [
        300
      ],
      "fatigue_chance": [
        6,
        12
      ]
    }
  },
  {
    "type": "effect_type",
    "id": "potion_speed",
    "name": [
      "迅速的"
    ],
    "desc": [
      "你的心脏感觉心跳得很快，你甚至连休息都想不起来。"
    ],
    "resist_effects": [
      "talisman_warding"
    ],
    "remove_message": "你的心跳减慢到正常速度。",
    "//": "Hinders relaxing, but paralysis and similar effects are too strong to prevent.",
    "removes_effects": [
      "relax_gas",
      "lack_sleep",
      "sleep"
    ],
    "decay_messages": [
      [
        "你的药剂的加速效果开始消退了。",
        "坏的"
      ]
    ],
    "rating": "good",
    "max_intensity": 15,
    "int_dur_factor": "1 m",
    "base_mods": {
      "pain_chance": [
        12,
        24
      ],
      "pain_min": [
        1
      ],
      "pain_tick": [
        25
      ],
      "pain_max_val": [
        15,
        10
      ],
      "str_mod": [
        -2
      ],
      "dex_mod": [
        2
      ],
      "int_mod": [
        -2
      ],
      "per_mod": [
        2
      ],
      "speed_mod": [
        50
      ],
      "stamina_min": [
        -25
      ],
      "stamina_tick": [
        30
      ],
      "stamina_chance": [
        6,
        12
      ],
      "fatigue_min": [
        -1
      ],
      "fatigue_chance": [
        12
      ]
    }
  },
  {
    "type": "effect_type",
    "id": "potion_healing",
    "name": [
      "万能药"
    ],
    "resist_effects": [
      "talisman_warding"
    ],
    "desc": [
      "不是永生，但感觉还是不错的。"
    ],
    "remove_message": "治疗效果消失。",
    "removes_effects": [
      "infected",
      "fungus",
      "bleed",
      "common_cold",
      "flu",
      "tetanus",
      "redcells_anemia",
      "hypovolemia"
    ],
    "decay_messages": [
      [
        "你的药剂的舒缓作用开始消退了。",
        "坏的"
      ]
    ],
    "rating": "good",
    "max_intensity": 15,
    "int_dur_factor": "1 m",
    "base_mods": {
      "health_min": [
        1
      ],
      "health_chance": [
        5
      ],
      "h_mod_min": [
        1
      ],
      "h_mod_chance": [
        5
      ],
      "pain_tick": [
        25
      ],
      "pain_min": [
        -5
      ],
      "speed_mod": [
        -10,
        -5
      ]
    }
  },
  {
    "type": "effect_type",
    "id": "potion_vulnerary",
    "name": [
      "脆弱的"
    ],
    "resist_effects": [
      "talisman_warding"
    ],
    "desc": [
      "在你的伤口涂上药膏后，你会感觉到一种舒缓的感觉挥之不去。"
    ],
    "remove_message": "伤者的后遗症会消失。",
    "removes_effects": [
      "spores"
    ],
    "decay_messages": [
      [
        "伤者的后遗症正在消退。",
        "坏的"
      ]
    ],
    "rating": "good",
    "max_intensity": 10,
    "int_dur_factor": "1 m",
    "base_mods": {
      "health_min": [
        1
      ],
      "health_chance": [
        15
      ],
      "h_mod_min": [
        1
      ],
      "h_mod_chance": [
        15
      ],
      "pain_tick": [
        50
      ],
      "pain_min": [
        -10
      ],
      "speed_mod": [
        -15,
        -10
      ]
    }
  },
  {
    "type": "effect_type",
    "id": "potion_incense",
    "name": [
      "熏香"
    ],
    "resist_effects": [
      "talisman_warding"
    ],
    "desc": [
      "你的大脑感到精力充沛，避免疲劳。"
    ],
    "remove_message": "香的效果会消失。",
    "decay_messages": [
      [
        "熏香的效果正在消退。",
        "坏的"
      ]
    ],
    "rating": "good",
    "max_intensity": 30,
    "int_dur_factor": "1 m",
    "base_mods": {
      "str_mod": [
        1
      ],
      "dex_mod": [
        1
      ],
      "int_mod": [
        -1,
        0
      ],
      "per_mod": [
        -1,
        0
      ],
      "fatigue_min": [
        -1
      ],
      "fatigue_tick": [
        6
      ]
    }
  },
  {
    "type": "effect_type",
    "id": "revenant_hunger",
    "name": [
      "报应饥饿"
    ],
    "desc": [
      "对食物中毒和寄生虫有免疫力，增加饥饿感。不会清除预先存在的状况。"
    ],
    "resist_effects": [
      "talisman_warding"
    ],
    "remove_message": "你对腐烂食物的渴望消退了。",
    "blocks_effects": [
      "poison",
      "badpoison",
      "foodpoison",
      "paralyzepoison",
      "bloodworms",
      "paincysts",
      "brainworms",
      "tapeworm"
    ],
    "removes_effects": [
      "hunger_full",
      "hunger_engorged"
    ],
    "decay_messages": [
      [
        "你对腐烂食物的渴望开始减弱。",
        "坏的"
      ]
    ],
    "rating": "good",
    "max_intensity": 30,
    "int_dur_factor": "1 m",
    "base_mods": {
      "hunger_min": [
        1
      ],
      "hunger_chance": [
        18,
        36
      ],
      "fatigue_min": [
        1
      ],
      "fatigue_chance": [
        36,
        72
      ]
    }
  },
  {
    "type": "effect_type",
    "id": "cold_ward",
    "name": [
      "御寒病房"
    ],
    "desc": [
      "抵御寒冷的影响。"
    ],
    "remove_message": "有那么一刻，你感到空气中有一股可怕的寒意，因为防寒的病房渐渐褪去。",
    "removes_effects": [
      "cold",
      "frostbite",
      "frostbite_recovery"
    ],
    "decay_messages": [
      [
        "你的御寒能力正在减弱。",
        "坏的"
      ]
    ],
    "rating": "good",
    "max_intensity": 100,
    "int_dur_factor": "1 m"
  },
  {
    "type": "effect_type",
    "id": "cold_ward_true",
    "name": [
      "御寒病房"
    ],
    "desc": [
      "防止寒冷影响和任何直接损害来源。"
    ],
    "remove_message": "有那么一刻，你感到空气中有一股可怕的寒意，因为更大的御寒病房逐渐消失。",
    "removes_effects": [
      "cold",
      "frostbite",
      "frostbite_recovery"
    ],
    "decay_messages": [
      [
        "你的御寒能力正在减弱。",
        "坏的"
      ]
    ],
    "rating": "good",
    "max_intensity": 100,
    "int_dur_factor": "1 m",
    "flags": [
      "EFFECT_COLD_IMMUNE"
    ]
  },
  {
    "type": "effect_type",
    "id": "free_action",
    "name": [
      "自由行动"
    ],
    "desc": [
      "防止麻痹和其他阻碍作用。"
    ],
    "remove_message": "你会感觉到你肌肉中超自然的紧张感离开你的身体，因为对麻痹效应的防护逐渐消退。",
    "removes_effects": [
      "downed",
      "winded",
      "stunned",
      "dazed",
      "bouldering",
      "paralyzepoison",
      "webbed",
      "slimed",
      "sap",
      "crushed",
      "relax_gas",
      "grabbed"
    ],
    "decay_messages": [
      [
        "你自由行动的魅力正在减弱。",
        "坏的"
      ]
    ],
    "rating": "good",
    "max_intensity": 100,
    "int_dur_factor": "1 m"
  },
  {
    "type": "effect_type",
    "id": "heat_ward",
    "name": [
      "防暑"
    ],
    "desc": [
      "防止大多数热影响。"
    ],
    "remove_message": "你会感到一种奇怪的刺痛感，因为病房里的热气渐渐退去。",
    "removes_effects": [
      "onfire",
      "smoke",
      "hot",
      "blisters",
      "hot_speed"
    ],
    "decay_messages": [
      [
        "防暑病房正在减弱。",
        "坏的"
      ]
    ],
    "rating": "good",
    "max_intensity": 100,
    "int_dur_factor": "1 m"
  },
  {
    "type": "effect_type",
    "id": "heat_ward_true",
    "name": [
      "防火"
    ],
    "desc": [
      "对火和相关副作用完全免疫。"
    ],
    "remove_message": "你感觉到一种奇怪的刺痛感，因为病房的火焰消退。",
    "removes_effects": [
      "onfire",
      "smoke",
      "hot",
      "blisters",
      "hot_speed"
    ],
    "decay_messages": [
      [
        "火焰防护罩正在减弱。",
        "坏的"
      ]
    ],
    "rating": "good",
    "max_intensity": 100,
    "int_dur_factor": "1 m",
    "flags": [
      "EFFECT_HEAT_IMMUNE"
    ]
  },
  {
    "type": "effect_type",
    "id": "mask_blind_immunity",
    "blocks_effects": [
      "blind"
    ]
  },
  {
    "type": "effect_type",
    "id": "heat_ward_dragonblood",
    "name": [
      "元素亲和力"
    ],
    "desc": [
      "不再因中暑而减速。你仍然容易受到中暑的其他副作用的影响，在极端温度下可能会起水泡。"
    ],
    "removes_effects": [
      "hot_speed"
    ]
  },
  {
    "type": "effect_type",
    "id": "feather_fall_dragonblood",
    "name": [
      "龙翼"
    ],
    "desc": [
      "抗坠落伤害。"
    ],
    "flags": [
      "EFFECT_FEATHER_FALL"
    ]
  },
  {
    "type": "effect_type",
    "id": "blood_clarity",
    "name": [
      "血之澄明"
    ],
    "desc": [
      "防止寄生性和腐蚀性威胁，如Mycus。"
    ],
    "remove_message": "当保护性的魔力消失时，流经你血管的抚慰感就会消失。",
    "resist_traits": [
      "THRESH_MARLOSS",
      "THRESH_MYCUS"
    ],
    "removes_effects": [
      "spores",
      "fungus",
      "dermatik",
      "formication",
      "tapeworm",
      "bloodworms",
      "brainworms",
      "paincysts"
    ],
    "decay_messages": [
      [
        "你的血之澄明咒语正在减弱。",
        "坏的"
      ]
    ],
    "rating": "good",
    "max_intensity": 100,
    "int_dur_factor": "1 m",
    "base_mods": {
      "hurt_min": [
        0,
        1
      ],
      "hurt_tick": [
        0,
        60
      ],
      "stamina_min": [
        0,
        -150
      ],
      "health_min": [
        0,
        -10
      ],
      "health_tick": [
        0,
        30
      ],
      "h_mod_min": [
        0,
        -10
      ],
      "h_mod_tick": [
        0,
        30
      ],
      "pain_min": [
        0,
        1
      ],
      "pain_tick": [
        0,
        5
      ]
    }
  },
  {
    "type": "effect_type",
    "id": "acid_ward",
    "name": [
      "防腐蚀"
    ],
    "desc": [
      "防止持续的酸影响。直接接触仍然会伤害你。"
    ],
    "remove_message": "当保护魔法消退时，你会感觉到皮肤上有刺痛感。",
    "removes_effects": [
      "corroding"
    ],
    "decay_messages": [
      [
        "你的防腐能力正在减弱。",
        "坏的"
      ]
    ],
    "rating": "good",
    "max_intensity": 100,
    "int_dur_factor": "1 m"
  },
  {
    "type": "effect_type",
    "id": "acid_ward_true",
    "name": [
      "防酸"
    ],
    "desc": [
      "除了完全的抗酸性损伤外。"
    ],
    "remove_message": "当保护魔法消退时，你会感觉到皮肤上有刺痛感。",
    "removes_effects": [
      "corroding"
    ],
    "decay_messages": [
      [
        "你的防酸能力正在减弱。",
        "坏的"
      ]
    ],
    "rating": "good",
    "max_intensity": 30,
    "int_dur_factor": "1 m",
    "flags": [
      "EFFECT_ACID_IMMUNE"
    ]
  },
  {
    "type": "effect_type",
    "id": "poison_ward",
    "name": [
      "防毒病房"
    ],
    "desc": [
      "防止有毒气体和毒液。"
    ],
    "remove_message": "当保护魔法消退时，你会感到暂时的虚弱。",
    "removes_effects": [
      "stung",
      "poison",
      "badpoison",
      "paralyzepoison",
      "teargas",
      "migo_atmosphere",
      "venom_dmg",
      "venom_weaken"
    ],
    "max_duration": 1000,
    "int_dur_factor": "1 m"
  },
  {
    "type": "effect_type",
    "id": "cleric_warding",
    "name": [
      "抵御邪恶"
    ],
    "desc": [
      "防止各种异常影响。"
    ],
    "remove_message": "魔法保护消失了。",
    "removes_effects": [
      "darkness",
      "rat",
      "evil",
      "arcana_evil_mimic",
      "attention",
      "teleglow",
      "amigara",
      "taint",
      "tindrift"
    ],
    "decay_messages": [
      [
        "你对邪恶的戒备正在减弱。",
        "坏的"
      ]
    ],
    "rating": "good",
    "max_intensity": 100,
    "int_dur_factor": "1 m"
  },
  {
    "type": "effect_type",
    "id": "cleric_warding_true",
    "name": [
      "圣病房"
    ],
    "desc": [
      "对刀锋和子弹的免疫力，对异常效果的保护。"
    ],
    "remove_message": "包裹你身体的魔法保护会忽明忽暗。",
    "removes_effects": [
      "darkness",
      "rat",
      "evil",
      "arcana_evil_mimic",
      "attention",
      "teleglow",
      "amigara",
      "taint",
      "tindrift",
      "archon_gaze_effect",
      "chalice_offering_side_effects",
      "blood_athame_side_effects"
    ],
    "decay_messages": [
      [
        "你的神圣病房正在衰弱。",
        "坏的"
      ]
    ],
    "rating": "good",
    "max_intensity": 30,
    "int_dur_factor": "1 m",
    "//": "Replace with resistances when implemented, physical immunities are way more OP than elemental immunities.",
    "flags": [
      "EFFECT_CUT_IMMUNE",
      "EFFECT_STAB_IMMUNE",
      "EFFECT_BULLET_IMMUNE",
      "EFFECT_COLD_IMMUNE"
    ]
  },
  {
    "type": "effect_type",
    "id": "spell_might",
    "name": [
      "权能",
      "权能[2]",
      "权能[3]",
      "权能[4]",
      "权能[5]",
      "权能[6]",
      "权能[7]",
      "权能[8]",
      "权能[9]",
      "权能[10]",
      "权能[11]",
      "权能[12]",
      "权能[13]",
      "权能[14]",
      "权能[15+]"
    ],
    "desc": [
      "面纱的布料织入你的身体。你的力量被魔法增强了。"
    ],
    "remove_message": "当你的魔法力量离开你时，你会感到虚弱。",
    "decay_messages": [
      [
        "你力量的魔力正在减弱。",
        "坏的"
      ]
    ],
    "rating": "good",
    "max_duration": "100 m",
    "max_intensity": 15,
    "int_dur_factor": "1 m",
    "base_mods": {
      "str_mod": [
        1
      ]
    },
    "scaling_mods": {
      "str_mod": [
        0.5
      ]
    }
  },
  {
    "type": "effect_type",
    "id": "spell_agility",
    "name": [
      "敏捷性",
      "敏捷性[2]",
      "敏捷性[3]",
      "敏捷性[4]",
      "敏捷性[5]",
      "敏捷性[6]",
      "敏捷性[7]",
      "敏捷性[8]",
      "敏捷性[9]",
      "敏捷性[10]",
      "敏捷性[11]",
      "敏捷性[12]",
      "敏捷性[13]",
      "敏捷性[14]",
      "敏捷[15+]"
    ],
    "desc": [
      "遥远王国的风在你身后。你的灵巧和速度被魔法增强了。"
    ],
    "remove_message": "当你的魔法感应敏捷离开你时，你会感到迟钝。",
    "decay_messages": [
      [
        "你敏捷的魔力正在减弱。",
        "坏的"
      ]
    ],
    "rating": "good",
    "max_duration": "100 m",
    "max_intensity": 15,
    "int_dur_factor": "1 m",
    "base_mods": {
      "dex_mod": [
        1
      ],
      "speed_mod": [
        3
      ],
      "stamina_min": [
        1
      ]
    },
    "scaling_mods": {
      "dex_mod": [
        0.5
      ],
      "speed_mod": [
        3
      ],
      "stamina_min": [
        1
      ]
    }
  },
  {
    "type": "effect_type",
    "id": "spell_insight",
    "name": [
      "洞察",
      "洞察力[2]",
      "洞察力[3]",
      "洞察力[4]",
      "洞察力[5]",
      "洞察力[6]",
      "洞察力[7]",
      "洞察力[8]",
      "洞察力[9]",
      "洞察力[10]",
      "洞察力[11]",
      "洞察力[12]",
      "洞察力[13]",
      "洞察力[14]",
      "洞察力[15+]"
    ],
    "desc": [
      "远方的眼睛将指引你。你的知觉被魔法增强了，在黑暗中你能看得很清楚。"
    ],
    "remove_message": "当你的魔法感应离开你的时候，你会感到麻木。",
    "decay_messages": [
      [
        "你的洞察力正在减弱。",
        "坏的"
      ]
    ],
    "rating": "good",
    "max_duration": "100 m",
    "max_intensity": 15,
    "int_dur_factor": "1 m",
    "base_mods": {
      "per_mod": [
        1
      ]
    },
    "scaling_mods": {
      "per_mod": [
        0.5
      ]
    },
    "flags": [
      "EFFECT_NIGHT_VISION"
    ]
  },
  {
    "type": "effect_type",
    "id": "spell_revelation",
    "name": [
      "启示"
    ],
    "desc": [
      "一股奇怪的意识充斥着你的脑海。你的智力暂时被魔法增强，帮助施法和制造。"
    ],
    "remove_message": "事情开始恢复正常。",
    "decay_messages": [
      [
        "你的启示咒语正在减弱。",
        "坏的"
      ]
    ],
    "rating": "good",
    "max_duration": "100 m",
    "max_intensity": 15,
    "int_dur_factor": "1 m",
    "base_mods": {
      "int_mod": [
        1
      ]
    },
    "scaling_mods": {
      "int_mod": [
        0.5
      ]
    }
  },
  {
    "type": "effect_type",
    "id": "spell_eclipse",
    "name": [
      "日食"
    ],
    "desc": [
      "邪恶的力量为你提供燃料，以一种非自然的肾上腺素激增来强化你的身体。"
    ],
    "remove_message": "你感觉麻木了，被非自然魔法的重量所击退。",
    "decay_messages": [
      [
        "日食的祝福正在减弱。",
        "坏的"
      ]
    ],
    "blocks_effects": [
      "bleed",
      "winded",
      "lack_sleep",
      "sleep",
      "redcells_anemia",
      "hypovolemia"
    ],
    "rating": "good",
    "max_intensity": 100,
    "int_dur_factor": "1 m",
    "base_mods": {
      "pain_tick": [
        10
      ],
      "pain_min": [
        -5
      ],
      "int_mod": [
        -4
      ],
      "per_mod": [
        4
      ],
      "speed_mod": [
        30
      ],
      "stamina_min": [
        100
      ],
      "fatigue_min": [
        1
      ],
      "fatigue_tick": [
        300
      ]
    }
  },
  {
    "type": "effect_type",
    "id": "talisman_warding",
    "name": [
      "炼金术病房"
    ],
    "desc": [
      "暂时抵抗某些药剂的副作用。"
    ],
    "remove_message": "护身符的效果会消失。",
    "decay_messages": [
      [
        "水符的祝福正在减弱。",
        "坏的"
      ]
    ],
    "rating": "good",
    "max_intensity": 30,
    "int_dur_factor": "1 m"
  },
  {
    "type": "effect_type",
    "id": "talisman_pet_buff",
    "name": [
      "沃德"
    ],
    "removes_effects": [
      "bleed",
      "infected",
      "bite",
      "stunned",
      "downed",
      "poison",
      "badpoison",
      "smoke",
      "boomered",
      "glowing",
      "taint",
      "visuals"
    ],
    "blocks_effects": [
      "bleed",
      "infected",
      "bite",
      "stunned",
      "downed",
      "poison",
      "badpoison",
      "smoke",
      "boomered",
      "glowing",
      "taint",
      "visuals"
    ],
    "flags": [
      "EFFECT_ELECTRIC_IMMUNE",
      "EFFECT_ACID_IMMUNE",
      "EFFECT_COLD_IMMUNE",
      "EFFECT_BIO_IMMUNE"
    ]
  },
  {
    "type": "effect_type",
    "id": "dragonblood_clarity",
    "name": [
      "报应血"
    ],
    "desc": [
      "对食物中毒、寄生虫和真菌的免疫力。增加饥饿感和口渴感，具有积极的新陈代谢作用。"
    ],
    "resist_effects": [
      "talisman_warding"
    ],
    "remove_message": "你的血痕的保护作用会消退，在你的血管里留下短暂的瘙痒。",
    "removes_effects": [
      "nausea",
      "poison",
      "badpoison",
      "foodpoison",
      "bloodworms",
      "paincysts",
      "brainworms",
      "tapeworm",
      "spores",
      "fungus",
      "hunger_full",
      "hunger_engorged"
    ],
    "decay_messages": [
      [
        "流过你血液的保护魔法开始减弱。",
        "坏的"
      ]
    ],
    "rating": "good",
    "max_intensity": 20,
    "int_dur_factor": "1 m",
    "base_mods": {
      "hunger_min": [
        1
      ],
      "hunger_chance": [
        18,
        36
      ],
      "thirst_min": [
        1
      ],
      "thirst_chance": [
        18,
        36
      ],
      "fatigue_min": [
        1
      ],
      "fatigue_chance": [
        36,
        12
      ],
      "stamina_min": [
        100
      ],
      "health_min": [
        1
      ],
      "health_chance": [
        12
      ],
      "h_mod_min": [
        1
      ],
      "h_mod_chance": [
        12
      ]
    }
  },
  {
    "type": "effect_type",
    "id": "dragonbreath_side_effects",
    "max_duration": "1 s",
    "base_mods": {
      "hunger_min": [
        30
      ]
    }
  },
  {
    "type": "effect_type",
    "id": "destructive_absorption_side_effects",
    "name": [
      "吸收后效应"
    ],
    "desc": [
      "减少饥渴，以耐力和疲劳为代价。"
    ],
    "max_duration": "3 m",
    "base_mods": {
      "hunger_min": [
        -1
      ],
      "hunger_chance": [
        90
      ],
      "hunger_chance_bot": [
        100
      ],
      "thirst_min": [
        -1
      ],
      "thirst_chance": [
        60
      ],
      "thirst_chance_bot": [
        100
      ],
      "stamina_min": [
        -100
      ],
      "stamina_chance": [
        90
      ],
      "stamina_chance_bot": [
        100
      ],
      "fatigue_min": [
        1
      ],
      "fatigue_chance": [
        60
      ],
      "fatigue_chance_bot": [
        100
      ],
      "health_min": [
        1
      ],
      "health_chance": [
        30
      ],
      "health_chance_bot": [
        100
      ],
      "h_mod_min": [
        1
      ],
      "h_mod_chance": [
        30
      ],
      "h_mod_chance_bot": [
        100
      ]
    }
  },
  {
    "type": "effect_type",
    "id": "arcane_healing_staunch",
    "removes_effects": [
      "bleed",
      "redcells_anemia",
      "hypovolemia"
    ],
    "max_duration": "1 s"
  },
  {
    "type": "effect_type",
    "id": "arcane_healing_side_effects",
    "resist_effects": [
      "talisman_warding"
    ],
    "name": [
      "愈合疲劳",
      "治疗过度劳累",
      "治疗过度劳累",
      "治疗过度劳累",
      "治疗过度劳累",
      "治疗过度劳累"
    ],
    "desc": [
      "利用来自外界的力量来治愈身体会使身心负担过重。现在感觉不太严重，但最好是恢复，除非是紧急情况。",
      "从外而来的力量来治疗身体会减慢你的自然愈合，并使努力变得更加困难。",
      "从外而来的力量来治疗身体会减慢你的自然愈合，并使努力变得更加困难。",
      "从外而来的力量来治疗身体会减慢你的自然愈合，并使努力变得更加困难。",
      "从外而来的力量来治疗身体会减慢你的自然愈合，并使努力变得更加困难。",
      "从外而来的力量来治疗身体会减慢你的自然愈合，并使努力变得更加困难。"
    ],
    "max_intensity": 6,
    "int_dur_factor": "12 h",
    "base_mods": {
      "health_min": [
        -1
      ],
      "health_tick": [
        1800,
        2000
      ],
      "h_mod_min": [
        -1
      ],
      "h_mod_tick": [
        1800,
        2000
      ],
      "stamina_min": [
        -5
      ],
      "stamina_tick": [
        10,
        12
      ]
    },
    "scaling_mods": {
      "health_min": [
        -1,
        -0.8
      ],
      "h_mod_min": [
        -1,
        -0.8
      ],
      "stamina_min": [
        -5
      ],
      "stamina_tick": [
        -1,
        -0.8
      ]
    }
  },
  {
    "type": "effect_type",
    "id": "arcane_pulse_side_effects",
    "//": "Proper Chosen are more acclimated to channeling He From Beyond The Veil's blessings.",
    "resist_traits": [
      "PROF_CHALICE"
    ],
    "name": [
      "奥术倦怠"
    ],
    "desc": [
      "人类的思想和身体并不是用来输送这种破坏性能量的管道。过度使用不会杀死你，但会让你更难集中精力施法。"
    ],
    "max_intensity": 6,
    "int_dur_factor": "12 h",
    "base_mods": {
      "int_mod": [
        -1
      ],
      "stamina_min": [
        -5
      ],
      "pain_chance": [
        1500,
        2000
      ],
      "vomit_chance": [
        2000,
        2500
      ],
      "vomit_tick": [
        60,
        120
      ]
    },
    "scaling_mods": {
      "int_mod": [
        -1.25,
        -1
      ],
      "stamina_min": [
        -2,
        -1
      ],
      "pain_min": [
        1,
        0.5
      ],
      "pain_chance": [
        -200,
        100
      ],
      "vomit_chance": [
        -200,
        -100
      ]
    }
  },
  {
    "type": "effect_type",
    "id": "arcana_suppression",
    "name": [
      "压制火力"
    ],
    "desc": [
      "减少饥渴获得，阻碍耐力回复。"
    ],
    "resist_effects": [
      "talisman_warding"
    ],
    "remove_message": "当抑制效果消退时，你身体内的温暖就会爆发出来。",
    "blocks_effects": [
      "nausea",
      "poison",
      "badpoison",
      "foodpoison",
      "bloodworms",
      "paincysts",
      "brainworms",
      "tapeworm",
      "spores",
      "fungus"
    ],
    "decay_messages": [
      [
        "压制你内心火焰的魔法正在减弱。",
        "坏的"
      ]
    ],
    "rating": "good",
    "max_intensity": 120,
    "int_dur_factor": "1 m",
    "base_mods": {
      "hunger_min": [
        -1
      ],
      "hunger_tick": [
        300
      ],
      "thirst_min": [
        -1
      ],
      "thirst_tick": [
        300
      ],
      "health_min": [
        -1
      ],
      "health_tick": [
        600
      ],
      "h_mod_min": [
        -1
      ],
      "h_mod_tick": [
        600
      ],
      "stamina_min": [
        -5
      ],
      "stamina_tick": [
        5
      ]
    }
  },
  {
    "type": "effect_type",
    "id": "arcana_aegis_mending",
    "blocks_effects": [
      "bleed",
      "redcells_anemia",
      "hypovolemia"
    ],
    "rating": "good"
  },
  {
    "type": "effect_type",
    "id": "sword_mending",
    "removes_effects": [
      "bleed",
      "winded",
      "redcells_anemia",
      "hypovolemia"
    ],
    "rating": "good",
    "max_duration": "15 s",
    "base_mods": {
      "pain_min": [
        -5
      ],
      "stamina_min": [
        500
      ]
    }
  },
  {
    "type": "effect_type",
    "id": "arcana_invis",
    "name": [
      "幻觉斗篷"
    ],
    "desc": [
      "光似乎以一种不自然的方式在你周围扭曲，使你看不见并保护你免受各种与感知有关的危险。"
    ],
    "remove_message": "你周围幻觉魔法的裹尸布会消失。",
    "//": "Immunity to blindness in general is the only way to make an effect reliably protect against flashbangs, so best justification is to counter things that mess with vision as a whole.  Does NOT protect against Glimpse of The Beyond, just because the host can't see you doesn't mean the archon can't…",
    "removes_effects": [
      "glowy_led",
      "laserlocked",
      "was_laserlocked",
      "glowing",
      "attention",
      "haslight",
      "glare",
      "snow_glare",
      "blind",
      "darkness",
      "no_sight",
      "visuals",
      "hallu",
      "taint"
    ],
    "decay_messages": [
      [
        "包围着你的幻想开始消失。",
        "坏的"
      ]
    ],
    "rating": "good",
    "max_intensity": 18,
    "int_dur_factor": "1 m",
    "base_mods": {
      "per_mod": [
        -2
      ]
    },
    "flags": [
      "EFFECT_INVISIBLE"
    ]
  },
  {
    "type": "effect_type",
    "id": "arcana_invis_lesser",
    "name": [
      "小幻觉斗篷"
    ],
    "desc": [
      "光似乎以一种不自然的方式在你周围扭曲，使你看不见。"
    ],
    "remove_message": "你周围幻觉魔法的裹尸布会消失。",
    "removes_effects": [
      "glowy_led",
      "laserlocked",
      "was_laserlocked",
      "glowing",
      "attention",
      "haslight",
      "taint"
    ],
    "decay_messages": [
      [
        "包围着你的幻想开始消失。",
        "坏的"
      ]
    ],
    "rating": "good",
    "max_intensity": 5,
    "int_dur_factor": "1 m",
    "flags": [
      "EFFECT_INVISIBLE"
    ]
  },
  {
    "type": "effect_type",
    "id": "lightning_ward",
    "name": [
      "防雷击"
    ],
    "desc": [
      "完全抗闪电，减速。"
    ],
    "remove_message": "当你的保护魔法消退时，你会感到一阵电刺痛。",
    "removes_effects": [
      "zapped"
    ],
    "decay_messages": [
      [
        "防雷击的防护装置正在减弱。",
        "坏的"
      ]
    ],
    "rating": "good",
    "max_intensity": 100,
    "int_dur_factor": "1 m",
    "base_mods": {
      "dex_mod": [
        -1
      ],
      "speed_mod": [
        -10
      ]
    },
    "flags": [
      "EFFECT_ELECTRIC_IMMUNE"
    ]
  },
  {
    "type": "effect_type",
    "id": "lightning_ward_true",
    "name": [
      "更大的防雷击区"
    ],
    "desc": [
      "完全抗闪电。"
    ],
    "remove_message": "当你的保护魔法消退时，你会感到一阵电刺痛。",
    "removes_effects": [
      "zapped"
    ],
    "decay_messages": [
      [
        "更大的防御闪电的能力正在减弱。",
        "坏的"
      ]
    ],
    "rating": "good",
    "max_intensity": 100,
    "int_dur_factor": "1 m",
    "flags": [
      "EFFECT_ELECTRIC_IMMUNE"
    ]
  },
  {
    "type": "effect_type",
    "id": "archon_gaze_effect",
    "//": "Regular Ward Against Evil will only protect you a bit, you need Holy Ward to actually stop the effect.  This will be relevant once I add an encounter you can access after restoring the ritual blade.",
    "resist_effects": [
      "cleric_warding"
    ],
    "name": [
      "对未来的一瞥"
    ],
    "desc": [
      "你引起了不属于这个世界的东西的注意…"
    ],
    "apply_message": "You feel cold inside…",
    "remove_message": "你感到一种淡淡的解脱感笼罩着你。",
    "miss_messages": [
      [
        "Afterimages on the edge of your vision distract you.",
        10
      ]
    ],
    "rating": "bad",
    "max_intensity": 10,
    "int_dur_factor": "25 m",
    "base_mods": {
      "int_mod": [
        -1.5
      ],
      "per_mod": [
        -1.5
      ],
      "vomit_chance": [
        800
      ],
      "health_min": [
        -6,
        -5
      ],
      "health_chance": [
        400
      ],
      "h_mod_min": [
        -6,
        -5
      ],
      "h_mod_chance": [
        400
      ],
      "rad_min": [
        5,
        4
      ],
      "rad_chance": [
        1000
      ]
    },
    "scaling_mods": {
      "int_mod": [
        -0.75,
        -0.6
      ],
      "per_mod": [
        -0.75,
        -0.6
      ],
      "speed_mod": [
        -4,
        -3
      ],
      "vomit_chance": [
        -120,
        -115
      ],
      "health_chance": [
        -40,
        -35
      ],
      "h_mod_chance": [
        -40,
        -35
      ],
      "rad_chance": [
        -100,
        -95
      ]
    }
  },
  {
    "type": "effect_type",
    "id": "chalice_offering_side_effects",
    "resist_effects": [
      "talisman_warding"
    ],
    "resist_traits": [
      "PROF_CHALICE",
      "THRESH_VEIL"
    ],
    "name": [
      "",
      "超自然的弱点",
      "超自然的弱点",
      "超自然的弱点",
      "超自然疾病",
      "超自然疾病",
      "超自然疾病",
      "超凡脱俗",
      "超凡脱俗",
      "超凡脱俗",
      "超凡脱俗",
      "超凡脱俗",
      "超凡脱俗",
      "超凡脱俗"
    ],
    "desc": [
      "",
      "你最近越来越累了，很难想清楚。过度使用圣杯似乎对你有影响。",
      "开始越来越难集中注意力在你的周围。也许用你自己的生命力量为圣杯加油是个坏主意…。",
      "即使你没有精疲力尽，你也很难保持清醒。如果你继续过度使用那该死的圣杯，你会死的！",
      "你感到后脑有一种奇怪的感觉，一种无法解释的虚幻疼痛。就好像你的存在正在崩溃。",
      "你感到后脑有一种奇怪的感觉，一种无法解释的虚幻疼痛。就好像你的存在正在崩溃。",
      "你感到后脑有一种奇怪的感觉，一种无法解释的虚幻疼痛。就好像你的存在正在崩溃。",
      "你的精髓不过是柴火的燃料…"
    ],
    "rating": "bad",
    "max_intensity": 7,
    "int_dur_factor": "7 d",
    "//": "This will EVENTUALLY kill you if you max out the effects, unless you're abusing magical healing.",
    "base_mods": {
      "fatigue_min": [
        1
      ],
      "fatigue_chance": [
        30
      ],
      "fatigue_chance_bot": [
        100
      ],
      "fatigue_tick": [
        1000
      ],
      "int_mod": [
        -0.25
      ],
      "sleep_min": [
        10
      ],
      "sleep_max": [
        30
      ],
      "sleep_chance": [
        -10
      ],
      "sleep_chance_bot": [
        100
      ],
      "sleep_tick": [
        1800
      ],
      "hurt_min": [
        1
      ],
      "hurt_chance": [
        -45
      ],
      "hurt_chance_bot": [
        100
      ],
      "hurt_tick": [
        3600
      ]
    },
    "scaling_mods": {
      "fatigue_chance": [
        10,
        8
      ],
      "fatigue_tick": [
        -100,
        -80
      ],
      "int_mod": [
        -0.75,
        -0.6
      ],
      "per_mod": [
        -0.75,
        -0.6
      ],
      "sleep_chance": [
        5,
        4
      ],
      "hurt_chance": [
        15,
        10
      ]
    }
  },
  {
    "type": "effect_type",
    "id": "blood_athame_side_effects",
    "resist_effects": [
      "talisman_warding"
    ],
    "resist_traits": [
      "PROF_SANGUINE",
      "THRESH_DRAGONBLOOD"
    ],
    "//": "This won't kill you, but the health and stat penalties will make you wish it did later on down the line.",
    "name": [
      "",
      "奇异性贫血",
      "奇异性贫血",
      "奇异性贫血",
      "奇异性贫血",
      "奇异性贫血"
    ],
    "desc": [
      "",
      "你的肌肉最近感觉更疲劳了，你感到有点恶心。也许过度使用这个名字对你有影响…",
      "你身体的虚弱加剧了，你一直有饥饿感。看来如果过度使用血魔法会有不良后果。",
      "你的身体会感到乏力和精疲力竭，而且你越依赖血魔法，它似乎变得越来越糟糕。少依赖它可能有助于减轻你的痛苦。",
      "你觉得你的身体在挣扎着支撑着你的身体。暂时停止使用那个该死的东西也许是个好主意…",
      "你觉得你的身体在挣扎着支撑着你的身体。暂时停止使用那个该死的东西也许是个好主意…"
    ],
    "rating": "bad",
    "max_intensity": 6,
    "int_dur_factor": "5 d",
    "base_mods": {
      "health_min": [
        1
      ],
      "health_tick": [
        3600
      ],
      "h_mod_min": [
        1
      ],
      "h_mod_tick": [
        3600
      ],
      "hunger_min": [
        1
      ],
      "hunger_chance": [
        -20
      ],
      "hunger_chance_bot": [
        100
      ],
      "hunger_tick": [
        300
      ],
      "dex_mod": [
        0.75
      ],
      "thirst_min": [
        1
      ],
      "thirst_chance": [
        -120
      ],
      "thirst_chance_bot": [
        100
      ],
      "thirst_tick": [
        300
      ]
    },
    "scaling_mods": {
      "health_tick": [
        -360,
        -300
      ],
      "h_mod_tick": [
        -360,
        -300
      ],
      "str_mod": [
        -0.75,
        -0.6
      ],
      "hunger_chance": [
        20,
        15
      ],
      "dex_mod": [
        -0.75,
        -0.6
      ],
      "thirst_chance": [
        40,
        35
      ]
    }
  },
  {
    "type": "effect_type",
    "id": "arcana_scroll_nature_effect",
    "//": "Explicitly punish Mycus players who will be immune to mutation, that's what you get for channeling a rival interloper's nature magic.",
    "resist_traits": [
      "THRESH_MARLOSS",
      "THRESH_MYCUS"
    ],
    "blocks_effects": [
      "blind",
      "deaf",
      "infected",
      "bite",
      "bleed",
      "poison",
      "badpoison",
      "spores",
      "fungus",
      "redcells_anemia",
      "hypovolemia"
    ],
    "rating": "good",
    "base_mods": {
      "rad_min": [
        -25,
        25
      ],
      "fatigue_min": [
        0,
        50
      ],
      "health_min": [
        0,
        -10
      ],
      "h_mod_min": [
        0,
        -10
      ],
      "pain_min": [
        0,
        10
      ],
      "hunger_min": [
        0,
        25
      ]
    }
  },
  {
    "type": "effect_type",
    "id": "arcana_evil_mimic",
    "apply_message": "You feel an evil presence…",
    "rating": "bad",
    "max_intensity": 25,
    "int_dur_factor": "4 h",
    "base_mods": {
      "str_mod": [
        2
      ],
      "dex_mod": [
        1
      ],
      "int_mod": [
        -1
      ],
      "per_mod": [
        -1
      ],
      "fatigue_tick": [
        1800
      ],
      "fatigue_chance": [
        6,
        12
      ]
    },
    "scaling_mods": {
      "str_mod": [
        -0.24
      ],
      "dex_mod": [
        -0.2
      ],
      "int_mod": [
        -0.24
      ],
      "per_mod": [
        -0.2
      ],
      "stamina_min": [
        25
      ],
      "fatigue_min": [
        0.25
      ]
    }
  },
  {
    "type": "effect_type",
    "id": "arcana_moonstone_touch",
    "max_duration": "4 s",
    "base_mods": {
      "health_min": [
        1
      ],
      "h_mod_min": [
        1
      ]
    }
  },
  {
    "type": "effect_type",
    "id": "sent_to_hermit",
    "//": "This marks a player as having been led to The Hermit via a quest chain, no name or description since this one is player-side.  Intended to be permanent."
  },
  {
    "type": "effect_type",
    "id": "hermit_inquire_denied",
    "//": "This marks a player as having asking The Hermit for personal information and failed the roll, no name or description since this one is player-side.  Intended duration 3 hours."
  },
  {
    "type": "effect_type",
    "id": "shrike_inquire_denied",
    "//": "This marks a player as having asking Elena for intel and failed the roll, no name or description since this one is player-side.  Intended duration 3 hours."
  },
  {
    "type": "effect_type",
    "id": "hermit_earned_trust_1",
    "//": "This marks a player as having talked The Hermit into revealing general familiarity with the arcane.  Intended to be permanent."
  },
  {
    "type": "effect_type",
    "id": "hermit_earned_trust_2",
    "//": "This marks a player as having talked The Hermit into revealing their affiliation with the Keepers of The Oath, opening up quests.  Intended to be permanent."
  },
  {
    "type": "effect_type",
    "id": "hermit_stage_1",
    "name": [
      "任务阶段1"
    ],
    "desc": [
      "AI标签印记隐士的探索进程，改变对话。永久性的。这是一个虫子，如果你有。"
    ]
  },
  {
    "type": "effect_type",
    "id": "hermit_quest_backdoor",
    "//": "This marks a player as having talked The Hermit into helping an illiterate character complete the ritual.  Intended to be permanent."
  },
  {
    "type": "effect_type",
    "id": "hermit_has_sanguine_codex",
    "name": [
      "有血法典"
    ],
    "desc": [
      "AI标签标志着隐士通过仪式的进展。永久性的。这是一个虫子，如果你有。"
    ]
  },
  {
    "type": "effect_type",
    "id": "hermit_has_blood_essence",
    "name": [
      "有血之精华"
    ],
    "desc": [
      "AI标签标志着隐士通过仪式的进展。永久性的。这是一个虫子，如果你有。"
    ]
  },
  {
    "type": "effect_type",
    "id": "hermit_has_salt",
    "name": [
      "有盐吗"
    ],
    "desc": [
      "AI标签标志着隐士通过仪式的进展。永久性的。这是一个虫子，如果你有。"
    ]
  },
  {
    "type": "effect_type",
    "id": "hermit_stage_2",
    "//": "AI tag marking The Hermit's quest progression, changing dialogue.  Intended to be permanent.  Also given to players for achievement tracking purposes."
  },
  {
    "type": "effect_type",
    "id": "hermit_stage_3",
    "name": [
      "任务阶段3"
    ],
    "desc": [
      "AI标签印记隐士的探索进程，改变对话。永久性的。这是一个虫子，如果你有。"
    ]
  },
  {
    "type": "effect_type",
    "id": "hermit_stage_failure",
    "name": [
      "任务阶段失败"
    ],
    "desc": [
      "AI标签印记隐士的探索进程，改变对话。永久性的。这是一个虫子，如果你有。"
    ]
  },
  {
    "type": "effect_type",
    "id": "hermit_stage_3_backdoor",
    "//": "Effect for players, confirms that the hermit has given this specific player the restored ritual blade, beginning the backdoor quest.  Intended to be permanent."
  },
  {
    "type": "effect_type",
    "id": "hermit_stage_4",
    "name": [
      "任务阶段4"
    ],
    "desc": [
      "AI标签印记隐士的探索进程，改变对话。永久性的。这是一个虫子，如果你有。"
    ]
  },
  {
    "type": "effect_type",
    "id": "rural_church_aware",
    "//": "Effect for both players and NPCs, to filter out whether the rural church has already spawned vs new players asking about the structure, and used by The Deacon to change dialogue after he's heard back from Sofia.  Intended to be permanent.  No name or description since players will get it too."
  },
  {
    "type": "effect_type",
    "id": "already_asked_deacon",
    "//": "Effect for players, filters out dialogue in The Deacon's talk topic, once the player has already been directed to the rural church.  Intended to be permanent."
  },
  {
    "type": "effect_type",
    "id": "sofia_deacon_message",
    "//": "Effect for players, transmits mission info from Sofia to the Deacon.  Intended to be permanent."
  },
  {
    "type": "effect_type",
    "id": "sofia_motive_explained",
    "//": "Effect for both players and NPCs, for Sofia it filters out sanguinist and Keeper players that have explained their motivation for visiting the holdout.  Also used for Johnathan to filter out some bug-proofing dialogue."
  },
  {
    "type": "effect_type",
    "id": "cf_hunter_motive",
    "//": "Effect for players, marks certain professions as having explained to the mage hunter guards why their mere presence gives them the heebie-jeebies.  Intended to be permanent."
  },
  {
    "type": "effect_type",
    "id": "cf_mission_1",
    "//": "Effect for players, marks them as being trustworthy and known to Sofia's camp.  Intended to be permanent."
  },
  {
    "type": "effect_type",
    "id": "cf_mission_receipt",
    "//": "Effect for both players and NPCs, changes dialogue for both the Evac Merchant and Sofia.  Intended to be permanent."
  },
  {
    "type": "effect_type",
    "id": "cf_mission_3_recruited",
    "//": "Effect for players, indicates that they asked one of the guards to assist in a hunt.  Intended to be permanent."
  },
  {
    "type": "effect_type",
    "id": "cf_mission_3_recruited_2",
    "//": "Effect for players, indicates that they asked another guard to assist in a hunt.  Intended to be permanent."
  },
  {
    "type": "effect_type",
    "id": "cf_mission_3_recruited_3",
    "//": "Effect for players, indicates that they asked another guard to assist in a hunt.  Intended to be permanent."
  },
  {
    "type": "effect_type",
    "id": "cf_mission_3",
    "name": [
      "任务印记器"
    ],
    "desc": [
      "标志着索非亚已经吸引了第一批加入乡村教会的盟友。乔纳森也用来表示他们的第三个任务已经完成。永久性的。这是一个虫子，如果你有。"
    ]
  },
  {
    "type": "effect_type",
    "id": "cf_mission_sofia_3",
    "//": "Effect for players, tracks having completed Sofia's third mission for achievement tracking.  Intended to be permanent."
  },
  {
    "type": "effect_type",
    "id": "cf_mission_johnathan_3",
    "//": "Effect for players, tracks having completed Johnathan's third mission for achievement tracking.  Intended to be permanent."
  },
  {
    "type": "effect_type",
    "id": "cf_mission_sofia_7",
    "//": "Effect for players, tracks having completed Sofia's final mission for achievement tracking.  Intended to be permanent."
  },
  {
    "type": "effect_type",
    "id": "cf_sofia_notes_given",
    "//": "Effect for players, indicates that Sofia has already given the player a copy of Apprentice's Notes.  Intended to be permanent."
  },
  {
    "type": "effect_type",
    "id": "cf_sofia_traded",
    "//": "Effect for players, populates Sofia's initial menu with the trade option.  Intended to be permanent."
  },
  {
    "type": "effect_type",
    "id": "cf_seeker_traded",
    "//": "Effect for players, populates Matthew's initial menu with the trade option.  Intended to be permanent."
  },
  {
    "type": "effect_type",
    "id": "cf_aux_merchant_restocked",
    "name": [
      "最近重新进货"
    ],
    "desc": [
      "AI标签表明一个NPC最近触发了他们的商人补货效应。预期持续时间1周。这是一个虫子，如果你有。"
    ]
  }
]