[
  {
    "id": "fd_veil_darkness",
    "type": "field_type",
    "intensity_levels": [
      {
        "name": "shroud of darkness",
        "sym": "*",
        "color": "dark_gray",
        "transparent": false,
        "translucency": 25
      },
      {
        "translucency": 50
      },
      {
        "translucency": 0
      }
    ],
    "priority": 9,
    "half_life": "1 seconds",
    "phase": "plasma",
    "display_field": false,
    "display_items": false
  },
  {
    "id": "fd_veil_light",
    "type": "field_type",
    "//": "Light is just enough to make the tile it's in fully bright.",
    "intensity_levels": [
      {
        "name": "strange light",
        "light_emitted": 10
      }
    ],
    "half_life": "1 seconds",
    "phase": "plasma",
    "display_field": false
  },
  {
    "id": "fd_archon_rift",
    "type": "field_type",
    "intensity_levels": [
      {
        "name": "wavering shadows",
        "translucency": 50,
        "monster_spawn_chance": 500,
        "monster_spawn_count": 1,
        "monster_spawn_radius": 1,
        "monster_spawn_group": "GROUP_ARCHON",
        "convection_temperature_mod": -75
      }
    ],
    "half_life": "1 seconds",
    "phase": "plasma",
    "display_field": false
  }
]