[
  {
    "id": "arcana_birchbark_weave",
    "type": "json_flag",
    "context": [
      "ARMOR",
      "TOOL_ARMOR"
    ],
    "info": "这个装备已经被德鲁伊魔法改变了，增加了<good>防护能力</good>。"
  },
  {
    "id": "arcana_tanbark_weave",
    "type": "json_flag",
    "context": [
      "ARMOR",
      "TOOL_ARMOR"
    ],
    "info": "这个装备已经被德鲁伊魔法改变了，增加了它的<good>耐酸性和耐火性。"
  },
  {
    "id": "arcana_willowbark_weave",
    "type": "json_flag",
    "context": [
      "ARMOR",
      "TOOL_ARMOR"
    ],
    "info": "这个装备已经被德鲁伊魔法改变了，减少了<good>的负担。"
  }
]