[
  {
    "id": "style_aikido",
    "copy-from": "style_aikido",
    "type": "martial_art",
    "name": "Aikido",
    "extend": {
      "weapons": [
        "hand_of_armok"
      ]
    }
  },
  {
    "id": "style_judo",
    "copy-from": "style_judo",
    "type": "martial_art",
    "name": "Judo",
    "extend": {
      "weapons": [
        "hand_of_armok"
      ]
    }
  },
  {
    "id": "style_silat",
    "copy-from": "style_silat",
    "type": "martial_art",
    "name": "Silat",
    "extend": {
      "weapons": [
        "blood_athame",
        "moonstone_fang",
        "staff_druidic",
        "verge_meteoric",
        "bloodscourge",
        "scourge_staff",
        "spear_pestilence"
      ]
    }
  },
  {
    "id": "style_krav_maga",
    "copy-from": "style_krav_maga",
    "type": "martial_art",
    "name": "Krav Maga",
    "extend": {
      "weapons": [
        "blood_athame",
        "moonstone_fang",
        "staff_druidic",
        "verge_meteoric"
      ]
    }
  },
  {
    "id": "style_fencing",
    "copy-from": "style_fencing",
    "type": "martial_art",
    "name": "Fencing",
    "extend": {
      "weapons": [
        "sun_sword",
        "sun_sword_on",
        "staff_druidic",
        "verge_meteoric"
      ]
    }
  },
  {
    "id": "style_swordsmanship",
    "copy-from": "style_swordsmanship",
    "type": "martial_art",
    "name": "Medieval Swordsmanship",
    "extend": {
      "weapons": [
        "sun_sword",
        "sun_sword_on",
        "veilblade",
        "stormbringer",
        "stormbringer_on"
      ]
    }
  },
  {
    "id": "style_ninjutsu",
    "copy-from": "style_ninjutsu",
    "type": "martial_art",
    "name": "Ninjutsu",
    "extend": {
      "weapons": [
        "sun_sword",
        "sun_sword_on",
        "blood_athame",
        "moonstone_fang",
        "bloodscourge",
        "scourge_staff"
      ]
    }
  },
  {
    "id": "style_eskrima",
    "copy-from": "style_eskrima",
    "type": "martial_art",
    "name": "Eskrima",
    "extend": {
      "weapons": [
        "graboid_fang",
        "dermatik_sting",
        "monster_fang",
        "blood_athame",
        "moonstone_fang",
        "staff_druidic",
        "verge_meteoric"
      ]
    }
  },
  {
    "id": "style_sojutsu",
    "copy-from": "style_sojutsu",
    "type": "martial_art",
    "name": "Sōjutsu",
    "extend": {
      "weapons": [
        "spear_pestilence"
      ]
    }
  },
  {
    "type": "martial_art",
    "id": "style_cleansingflame",
    "name": "Via Gladium et Malleo",
    "description": "由一个神秘的秩序发展而来的战斗风格，致力于保卫人类的战斗。专注于保持势头和打击多个对手，根据他们选择的武器以不同的方式使用他们的愤怒。这种风格的充分发挥需要适当的武器装备。",
    "initiate": [
      "你向神低声祈祷，然后准备好自己的姿势。迪伊·瓦特！",
      "%s小声说了些什么，进入了一个流动的姿态。"
    ],
    "learn_difficulty": 6,
    "primary_skill": "magic",
    "onmove_buffs": [
      {
        "id": "buff_cleansingflame_onmove1",
        "name": "猎人前进（铁锤）",
        "description": "每一步都会带来自信。\n+1.0闪避技能，+2次闪避尝试。",
        "melee_allowed": true,
        "skill_requirements": [
          {
            "name": "bashing",
            "level": 2
          },
          {
            "name": "magic",
            "level": 4
          }
        ],
        "weapon_damage_requirements": [
          {
            "type": "bash",
            "min": 20
          }
        ],
        "buff_duration": 2,
        "max_stacks": 1,
        "bonus_dodges": 2,
        "flat_bonuses": [
          {
            "stat": "dodge",
            "scale": 1
          }
        ]
      },
      {
        "id": "buff_cleansingflame_onmove2",
        "name": "猎人前进（剑）",
        "description": "每一步都会带来自信。\n+5点伤害被阻挡，+2次格挡尝试。",
        "melee_allowed": true,
        "skill_requirements": [
          {
            "name": "cutting",
            "level": 2
          },
          {
            "name": "magic",
            "level": 4
          }
        ],
        "weapon_damage_requirements": [
          {
            "type": "cut",
            "min": 20
          }
        ],
        "buff_duration": 2,
        "max_stacks": 1,
        "bonus_blocks": 2,
        "flat_bonuses": [
          {
            "stat": "block",
            "scale": 5
          }
        ]
      },
      {
        "id": "buff_cleansingflame_onmove3",
        "name": "猎人前进（徒手）",
        "description": "每一步都会带来自信。\n+1.0闪避技能，+2次闪避尝试。",
        "unarmed_allowed": true,
        "skill_requirements": [
          {
            "name": "unarmed",
            "level": 2
          },
          {
            "name": "magic",
            "level": 4
          }
        ],
        "buff_duration": 2,
        "max_stacks": 1,
        "bonus_dodges": 2,
        "flat_bonuses": [
          {
            "stat": "dodge",
            "scale": 1
          }
        ]
      }
    ],
    "onattack_buffs": [
      {
        "id": "buff_cleansingflame_onattack",
        "name": "正义的势头",
        "description": "你自己的愤怒会加速你的武器。\n+1精准度，-5移动成本。",
        "melee_allowed": true,
        "skill_requirements": [
          {
            "name": "melee",
            "level": 3
          }
        ],
        "buff_duration": 2,
        "max_stacks": 4,
        "flat_bonuses": [
          {
            "stat": "hit",
            "scale": 1
          },
          {
            "stat": "movecost",
            "scale": -5
          }
        ]
      }
    ],
    "onhit_buffs": [
      {
        "id": "buff_cleansingflame_onhit1",
        "name": "谨慎（锤子）",
        "description": "以谨慎的凶猛，没有刀锋可以印记你。\n+1护甲。",
        "melee_allowed": true,
        "skill_requirements": [
          {
            "name": "bashing",
            "level": 4
          },
          {
            "name": "magic",
            "level": 3
          }
        ],
        "weapon_damage_requirements": [
          {
            "type": "bash",
            "min": 20
          }
        ],
        "buff_duration": 2,
        "max_stacks": 4,
        "flat_bonuses": [
          {
            "stat": "armor",
            "type": "bash",
            "scale": 1
          },
          {
            "stat": "armor",
            "type": "cut",
            "scale": 1
          },
          {
            "stat": "armor",
            "type": "stab",
            "scale": 1
          }
        ]
      },
      {
        "id": "buff_cleansingflame_onhit2",
        "name": "追击（剑）",
        "description": "每次罢工只会进一步说明他们的弱点。\n+3装甲穿透。",
        "melee_allowed": true,
        "skill_requirements": [
          {
            "name": "cutting",
            "level": 4
          },
          {
            "name": "magic",
            "level": 3
          }
        ],
        "weapon_damage_requirements": [
          {
            "type": "cut",
            "min": 20
          }
        ],
        "buff_duration": 2,
        "max_stacks": 4,
        "flat_bonuses": [
          {
            "stat": "arpen",
            "type": "cut",
            "scale": 3
          }
        ]
      }
    ],
    "onkill_buffs": [
      {
        "id": "buff_cleansingflame_onkill1",
        "name": "恢复镇静（锤子）",
        "description": "致命的打击会耗尽你所建立的动力。\n-1精准，+5移动成本，+1.0闪避技能。",
        "melee_allowed": true,
        "skill_requirements": [
          {
            "name": "melee",
            "level": 3
          }
        ],
        "weapon_damage_requirements": [
          {
            "type": "bash",
            "min": 20
          }
        ],
        "buff_duration": 3,
        "max_stacks": 4,
        "flat_bonuses": [
          {
            "stat": "dodge",
            "scale": 1
          },
          {
            "stat": "hit",
            "scale": -1
          },
          {
            "stat": "movecost",
            "scale": 5
          }
        ]
      },
      {
        "id": "buff_cleansingflame_onkill2",
        "name": "沉着（剑）",
        "description": "致命的打击会耗尽你所建立的动力。\n-1精准，+5移动成本，+5伤害阻挡。",
        "melee_allowed": true,
        "skill_requirements": [
          {
            "name": "melee",
            "level": 3
          }
        ],
        "weapon_damage_requirements": [
          {
            "type": "cut",
            "min": 20
          }
        ],
        "buff_duration": 3,
        "max_stacks": 4,
        "flat_bonuses": [
          {
            "stat": "block",
            "scale": 5
          },
          {
            "stat": "hit",
            "scale": -1
          },
          {
            "stat": "movecost",
            "scale": 5
          }
        ]
      }
    ],
    "techniques": [
      "tec_cleansingflame_interial_sweep",
      "tec_cleansingflame_sundering_strike",
      "tec_cleansingflame_illusory_counter",
      "tec_cleansingflame_lightning_riposte",
      "tec_cleansingflame_shifting_takedown",
      "tec_cleansingflame_break"
    ],
    "//": "morningstar_inferior isn't permitted because it's so light that it falls under the minimum bashing damage used to screen for which type of weapon you're using.  Same reason 2-by-swords and other makeshift swords aren't allowed, their cutting damage is too low.",
    "weapons": [
      "hexenhammer",
      "warhammer",
      "mace",
      "mace_inferior",
      "morningstar",
      "shillelagh",
      "shillelagh_weighted",
      "sun_sword",
      "sun_sword_on",
      "broadsword",
      "broadsword_inferior",
      "broadfire_off",
      "broadfire_on",
      "arming_sword",
      "arming_sword_inferior",
      "jian",
      "jian_inferior",
      "scimitar",
      "scimitar_inferior",
      "sword_xiphos"
    ]
  }
]