[
  {
    "type": "material",
    "id": "essencemat",
    "name": "魔法能量",
    "density": 1,
    "bash_resist": 20,
    "cut_resist": 20,
    "bullet_resist": 20,
    "acid_resist": 99,
    "fire_resist": 99,
    "elec_resist": 99,
    "chip_resist": 99,
    "dmg_adj": [
      "lightly damaged",
      "damaged",
      "very damaged",
      "thoroughly damaged"
    ],
    "bash_dmg_verb": "damaged",
    "cut_dmg_verb": "damaged"
  },
  {
    "type": "material",
    "id": "arcana_fuel_essence",
    "copy-from": "essencemat",
    "name": "精华",
    "fuel_data": {
      "energy": 120
    }
  },
  {
    "type": "material",
    "id": "arcana_fuel_essence_blood",
    "copy-from": "essencemat",
    "name": "血之精华",
    "fuel_data": {
      "energy": 40
    }
  },
  {
    "type": "material",
    "id": "arcana_fuel_essence_dull",
    "copy-from": "essencemat",
    "name": "黑暗精华",
    "fuel_data": {
      "energy": 4
    }
  },
  {
    "type": "material",
    "id": "arcana_fuel_essence_pure",
    "copy-from": "essencemat",
    "name": "结晶精华",
    "fuel_data": {
      "energy": 1200
    }
  },
  {
    "type": "material",
    "id": "wyrmskin",
    "name": "龙之硬肤",
    "density": 6,
    "specific_heat_liquid": 1.5,
    "specific_heat_solid": 1.5,
    "latent_heat": 273,
    "soft": true,
    "reinforces": true,
    "bash_resist": 2,
    "cut_resist": 2,
    "bullet_resist": 2,
    "acid_resist": 99,
    "fire_resist": 2,
    "elec_resist": 2,
    "chip_resist": 10,
    "salvaged_into": "leather",
    "dmg_adj": [
      "scratched",
      "cut",
      "shredded",
      "tattered"
    ],
    "bash_dmg_verb": "ripped",
    "cut_dmg_verb": "sliced",
    "burn_data": [
      {
        "fuel": 0,
        "smoke": 0,
        "burn": 0
      },
      {
        "fuel": 1,
        "smoke": 3,
        "burn": 2,
        "volume_per_turn": "500 ml"
      },
      {
        "fuel": 1,
        "smoke": 3,
        "burn": 2
      }
    ],
    "//": "identical save for acid resistance, repair is covered by relevant item also being leather."
  },
  {
    "type": "material",
    "id": "clay",
    "name": "粘土",
    "density": 8,
    "specific_heat_liquid": 1,
    "specific_heat_solid": 1,
    "latent_heat": 333,
    "bash_resist": 2,
    "cut_resist": 3,
    "bullet_resist": 2,
    "acid_resist": 6,
    "fire_resist": 3,
    "elec_resist": 2,
    "chip_resist": 6,
    "repaired_with": "clay_lump",
    "dmg_adj": [
      "chipped",
      "scratched",
      "cracked",
      "shattered"
    ],
    "bash_dmg_verb": "cracked",
    "cut_dmg_verb": "cut",
    "burn_products": [
      [
        "ceramic_shard",
        1
      ]
    ]
  },
  {
    "type": "material",
    "id": "stone",
    "name": "石头",
    "density": 17,
    "specific_heat_liquid": 0.82,
    "specific_heat_solid": 0.45,
    "latent_heat": 273,
    "bash_resist": 6,
    "cut_resist": 6,
    "bullet_resist": 5,
    "acid_resist": 8,
    "fire_resist": 3,
    "elec_resist": 2,
    "chip_resist": 20,
    "repaired_with": "rock",
    "dmg_adj": [
      "scratched",
      "cut",
      "cracked",
      "shattered"
    ],
    "bash_dmg_verb": "cracked",
    "cut_dmg_verb": "chipped",
    "burn_products": [
      [
        "pebble",
        1
      ]
    ]
  }
]