[
  {
    "type": "mutation",
    "id": "SPELL_AGILE_2",
    "copy-from": "SPELL_AGILE",
    "name": {
      "str": "魔符：敏捷II"
    }
  },
  {
    "type": "mutation",
    "id": "SPELL_AGILE_3",
    "copy-from": "SPELL_AGILE",
    "name": {
      "str": "魔符：敏捷III"
    }
  },
  {
    "type": "mutation",
    "id": "SPELL_AGILE_4",
    "copy-from": "SPELL_AGILE",
    "name": {
      "str": "魔符：敏捷 IV"
    }
  },
  {
    "type": "mutation",
    "id": "SPELL_AGILE_5",
    "copy-from": "SPELL_AGILE",
    "name": {
      "str": "魔符：敏捷V"
    }
  },
  {
    "type": "mutation",
    "id": "SPELL_AGILE_6",
    "copy-from": "SPELL_AGILE",
    "name": {
      "str": "魔符：敏捷 VI"
    }
  },
  {
    "type": "mutation",
    "id": "SPELL_AGILE_7",
    "copy-from": "SPELL_AGILE",
    "name": {
      "str": "魔符：敏捷 VII"
    }
  },
  {
    "type": "mutation",
    "id": "SPELL_AGILE_8",
    "copy-from": "SPELL_AGILE",
    "name": {
      "str": "魔符：敏捷 VIII"
    }
  },
  {
    "type": "mutation",
    "id": "SPELL_AGILE_9",
    "copy-from": "SPELL_AGILE",
    "name": {
      "str": "魔符：敏捷 IX"
    }
  },
  {
    "type": "mutation",
    "id": "SPELL_AGILE_10",
    "copy-from": "SPELL_AGILE",
    "name": {
      "str": "魔法符号：敏捷X"
    }
  },
  {
    "type": "mutation",
    "id": "SPELL_CLAIRVOYANCE_2",
    "copy-from": "SPELL_CLAIRVOYANCE",
    "name": {
      "str": "魔符：千里眼 II"
    }
  },
  {
    "type": "mutation",
    "id": "SPELL_CLAIRVOYANCE_3",
    "copy-from": "SPELL_CLAIRVOYANCE",
    "name": {
      "str": "魔符：千里眼III"
    }
  },
  {
    "type": "mutation",
    "id": "SPELL_CLAIRVOYANCE_4",
    "copy-from": "SPELL_CLAIRVOYANCE",
    "name": {
      "str": "魔符：千里眼 IV"
    }
  },
  {
    "type": "mutation",
    "id": "SPELL_CLAIRVOYANCE_5",
    "copy-from": "SPELL_CLAIRVOYANCE",
    "name": {
      "str": "魔符：千里眼V"
    }
  },
  {
    "type": "mutation",
    "id": "SPELL_CLAIRVOYANCE_6",
    "copy-from": "SPELL_CLAIRVOYANCE",
    "name": {
      "str": "魔符：千里眼 VI"
    }
  },
  {
    "type": "mutation",
    "id": "SPELL_CLAIRVOYANCE_7",
    "copy-from": "SPELL_CLAIRVOYANCE",
    "name": {
      "str": "魔符：透视 VII"
    }
  },
  {
    "type": "mutation",
    "id": "SPELL_CLAIRVOYANCE_8",
    "copy-from": "SPELL_CLAIRVOYANCE",
    "name": {
      "str": "魔符：千里眼 VIII"
    }
  },
  {
    "type": "mutation",
    "id": "SPELL_CLAIRVOYANCE_9",
    "copy-from": "SPELL_CLAIRVOYANCE",
    "name": {
      "str": "魔符：千里眼 IX"
    }
  },
  {
    "type": "mutation",
    "id": "SPELL_CLAIRVOYANCE_10",
    "copy-from": "SPELL_CLAIRVOYANCE",
    "name": {
      "str": "魔符：透视X"
    }
  },
  {
    "type": "mutation",
    "id": "SPELL_CLARITY_2",
    "copy-from": "SPELL_CLARITY",
    "name": {
      "str": "魔符：血之澄明 II"
    }
  },
  {
    "type": "mutation",
    "id": "SPELL_CLARITY_3",
    "copy-from": "SPELL_CLARITY",
    "name": {
      "str": "魔符：血之澄明 III"
    }
  },
  {
    "type": "mutation",
    "id": "SPELL_CLARITY_4",
    "copy-from": "SPELL_CLARITY",
    "name": {
      "str": "魔符：血之澄明 IV"
    }
  },
  {
    "type": "mutation",
    "id": "SPELL_CLARITY_5",
    "copy-from": "SPELL_CLARITY",
    "name": {
      "str": "魔符：血之澄明 V"
    }
  },
  {
    "type": "mutation",
    "id": "SPELL_CLARITY_6",
    "copy-from": "SPELL_CLARITY",
    "name": {
      "str": "魔符：血之澄明 VI"
    }
  },
  {
    "type": "mutation",
    "id": "SPELL_CLARITY_7",
    "copy-from": "SPELL_CLARITY",
    "name": {
      "str": "魔符：血之澄明 VII"
    }
  },
  {
    "type": "mutation",
    "id": "SPELL_CLARITY_8",
    "copy-from": "SPELL_CLARITY",
    "name": {
      "str": "魔符：血之澄明 VIII"
    }
  },
  {
    "type": "mutation",
    "id": "SPELL_CLARITY_9",
    "copy-from": "SPELL_CLARITY",
    "name": {
      "str": "魔符：血之澄明 IX"
    }
  },
  {
    "type": "mutation",
    "id": "SPELL_CLARITY_10",
    "copy-from": "SPELL_CLARITY",
    "name": {
      "str": "魔符：血之澄明 X"
    }
  },
  {
    "type": "mutation",
    "id": "SPELL_CONFUSE_2",
    "copy-from": "SPELL_CONFUSE",
    "name": {
      "str": "魔符：迷惑怪物 II"
    }
  },
  {
    "type": "mutation",
    "id": "SPELL_CONFUSE_3",
    "copy-from": "SPELL_CONFUSE",
    "name": {
      "str": "魔符：迷惑怪物III"
    }
  },
  {
    "type": "mutation",
    "id": "SPELL_CONFUSE_4",
    "copy-from": "SPELL_CONFUSE",
    "name": {
      "str": "魔符：迷惑怪物 IV"
    }
  },
  {
    "type": "mutation",
    "id": "SPELL_CONFUSE_5",
    "copy-from": "SPELL_CONFUSE",
    "name": {
      "str": "魔符：迷惑怪物 V"
    }
  },
  {
    "type": "mutation",
    "id": "SPELL_CONFUSE_6",
    "copy-from": "SPELL_CONFUSE",
    "name": {
      "str": "魔符：迷惑怪物 VI"
    }
  },
  {
    "type": "mutation",
    "id": "SPELL_CONFUSE_7",
    "copy-from": "SPELL_CONFUSE",
    "name": {
      "str": "魔符：迷惑怪物 VII"
    }
  },
  {
    "type": "mutation",
    "id": "SPELL_CONFUSE_8",
    "copy-from": "SPELL_CONFUSE",
    "name": {
      "str": "魔符：迷惑怪物 VIII"
    }
  },
  {
    "type": "mutation",
    "id": "SPELL_CONFUSE_9",
    "copy-from": "SPELL_CONFUSE",
    "name": {
      "str": "魔符：迷惑怪物 IX"
    }
  },
  {
    "type": "mutation",
    "id": "SPELL_CONFUSE_10",
    "copy-from": "SPELL_CONFUSE",
    "name": {
      "str": "魔符：迷惑怪物X"
    }
  },
  {
    "type": "mutation",
    "id": "SPELL_ACID_2",
    "copy-from": "SPELL_ACID",
    "name": {
      "str": "魔符：召唤酸 II"
    }
  },
  {
    "type": "mutation",
    "id": "SPELL_ACID_3",
    "copy-from": "SPELL_ACID",
    "name": {
      "str": "魔符：召唤酸 III"
    }
  },
  {
    "type": "mutation",
    "id": "SPELL_ACID_4",
    "copy-from": "SPELL_ACID",
    "name": {
      "str": "魔符：召唤酸 IV"
    }
  },
  {
    "type": "mutation",
    "id": "SPELL_ACID_5",
    "copy-from": "SPELL_ACID",
    "name": {
      "str": "魔符：召唤酸 V"
    }
  },
  {
    "type": "mutation",
    "id": "SPELL_ACID_6",
    "copy-from": "SPELL_ACID",
    "name": {
      "str": "魔符：召唤酸 VI"
    }
  },
  {
    "type": "mutation",
    "id": "SPELL_ACID_7",
    "copy-from": "SPELL_ACID",
    "name": {
      "str": "魔符：召唤酸 VII"
    }
  },
  {
    "type": "mutation",
    "id": "SPELL_ACID_8",
    "copy-from": "SPELL_ACID",
    "name": {
      "str": "魔符：召唤酸 VIII"
    }
  },
  {
    "type": "mutation",
    "id": "SPELL_ACID_9",
    "copy-from": "SPELL_ACID",
    "name": {
      "str": "魔符：召唤酸 IX"
    }
  },
  {
    "type": "mutation",
    "id": "SPELL_ACID_10",
    "copy-from": "SPELL_ACID",
    "name": {
      "str": "魔符：召唤酸X"
    }
  },
  {
    "type": "mutation",
    "id": "SPELL_CONSECRATELESSER_2",
    "copy-from": "SPELL_CONSECRATELESSER",
    "name": {
      "str": "魔符：圣化 II"
    }
  },
  {
    "type": "mutation",
    "id": "SPELL_CONSECRATELESSER_3",
    "copy-from": "SPELL_CONSECRATELESSER",
    "name": {
      "str": "魔符：圣化 III"
    }
  },
  {
    "type": "mutation",
    "id": "SPELL_CONSECRATELESSER_4",
    "copy-from": "SPELL_CONSECRATELESSER",
    "name": {
      "str": "魔符：圣化 IV"
    }
  },
  {
    "type": "mutation",
    "id": "SPELL_CONSECRATELESSER_5",
    "copy-from": "SPELL_CONSECRATELESSER",
    "name": {
      "str": "神符：圣化五"
    }
  },
  {
    "type": "mutation",
    "id": "SPELL_CONSECRATELESSER_6",
    "copy-from": "SPELL_CONSECRATELESSER",
    "name": {
      "str": "神符：圣化 VI"
    }
  },
  {
    "type": "mutation",
    "id": "SPELL_CONSECRATELESSER_7",
    "copy-from": "SPELL_CONSECRATELESSER",
    "name": {
      "str": "魔符：圣化 VII"
    }
  },
  {
    "type": "mutation",
    "id": "SPELL_CONSECRATELESSER_8",
    "copy-from": "SPELL_CONSECRATELESSER",
    "name": {
      "str": "魔符：圣化 VIII"
    }
  },
  {
    "type": "mutation",
    "id": "SPELL_CONSECRATELESSER_9",
    "copy-from": "SPELL_CONSECRATELESSER",
    "name": {
      "str": "魔符：圣化 IX"
    }
  },
  {
    "type": "mutation",
    "id": "SPELL_CONSECRATELESSER_10",
    "copy-from": "SPELL_CONSECRATELESSER",
    "name": {
      "str": "魔符：圣化 X"
    }
  },
  {
    "type": "mutation",
    "id": "SPELL_ECLIPSE_2",
    "copy-from": "SPELL_ECLIPSE",
    "name": {
      "str": "魔符：日蚀 II"
    }
  },
  {
    "type": "mutation",
    "id": "SPELL_ECLIPSE_3",
    "copy-from": "SPELL_ECLIPSE",
    "name": {
      "str": "魔符：日食 III"
    }
  },
  {
    "type": "mutation",
    "id": "SPELL_ECLIPSE_4",
    "copy-from": "SPELL_ECLIPSE",
    "name": {
      "str": "魔符：日食 IV"
    }
  },
  {
    "type": "mutation",
    "id": "SPELL_ECLIPSE_5",
    "copy-from": "SPELL_ECLIPSE",
    "name": {
      "str": "魔符：日蚀五号"
    }
  },
  {
    "type": "mutation",
    "id": "SPELL_ECLIPSE_6",
    "copy-from": "SPELL_ECLIPSE",
    "name": {
      "str": "魔符：日蚀 VI"
    }
  },
  {
    "type": "mutation",
    "id": "SPELL_ECLIPSE_7",
    "copy-from": "SPELL_ECLIPSE",
    "name": {
      "str": "魔符：日蚀七号"
    }
  },
  {
    "type": "mutation",
    "id": "SPELL_ECLIPSE_8",
    "copy-from": "SPELL_ECLIPSE",
    "name": {
      "str": "魔符：日食 VIII"
    }
  },
  {
    "type": "mutation",
    "id": "SPELL_ECLIPSE_9",
    "copy-from": "SPELL_ECLIPSE",
    "name": {
      "str": "魔符：日蚀 IX"
    }
  },
  {
    "type": "mutation",
    "id": "SPELL_ECLIPSE_10",
    "copy-from": "SPELL_ECLIPSE",
    "name": {
      "str": "魔符：日蚀 X"
    }
  },
  {
    "type": "mutation",
    "id": "SPELL_ELEMENTALBURST_2",
    "copy-from": "SPELL_ELEMENTALBURST",
    "name": {
      "str": "魔符：元素爆发 II"
    }
  },
  {
    "type": "mutation",
    "id": "SPELL_ELEMENTALBURST_3",
    "copy-from": "SPELL_ELEMENTALBURST",
    "name": {
      "str": "魔符：元素爆发 III"
    }
  },
  {
    "type": "mutation",
    "id": "SPELL_ELEMENTALBURST_4",
    "copy-from": "SPELL_ELEMENTALBURST",
    "name": {
      "str": "魔符：元素爆发 IV"
    }
  },
  {
    "type": "mutation",
    "id": "SPELL_ELEMENTALBURST_5",
    "copy-from": "SPELL_ELEMENTALBURST",
    "name": {
      "str": "魔符：元素爆发五"
    }
  },
  {
    "type": "mutation",
    "id": "SPELL_ELEMENTALBURST_6",
    "copy-from": "SPELL_ELEMENTALBURST",
    "name": {
      "str": "魔符：元素爆发 VI"
    }
  },
  {
    "type": "mutation",
    "id": "SPELL_ELEMENTALBURST_7",
    "copy-from": "SPELL_ELEMENTALBURST",
    "name": {
      "str": "魔符：元素爆发 VII"
    }
  },
  {
    "type": "mutation",
    "id": "SPELL_ELEMENTALBURST_8",
    "copy-from": "SPELL_ELEMENTALBURST",
    "name": {
      "str": "魔符：元素爆发 VIII"
    }
  },
  {
    "type": "mutation",
    "id": "SPELL_ELEMENTALBURST_9",
    "copy-from": "SPELL_ELEMENTALBURST",
    "name": {
      "str": "魔法符号：元素爆发 IX"
    }
  },
  {
    "type": "mutation",
    "id": "SPELL_ELEMENTALBURST_10",
    "copy-from": "SPELL_ELEMENTALBURST",
    "name": {
      "str": "魔法符号：元素爆发 X"
    }
  },
  {
    "type": "mutation",
    "id": "SPELL_FLAMEARMOR_2",
    "copy-from": "SPELL_FLAMEARMOR",
    "name": {
      "str": "神奇的标志：热区 II"
    }
  },
  {
    "type": "mutation",
    "id": "SPELL_FLAMEARMOR_3",
    "copy-from": "SPELL_FLAMEARMOR",
    "name": {
      "str": "神奇的标志：热区 III"
    }
  },
  {
    "type": "mutation",
    "id": "SPELL_FLAMEARMOR_4",
    "copy-from": "SPELL_FLAMEARMOR",
    "name": {
      "str": "魔符：热区 IV"
    }
  },
  {
    "type": "mutation",
    "id": "SPELL_FLAMEARMOR_5",
    "copy-from": "SPELL_FLAMEARMOR",
    "name": {
      "str": "魔符：热区五号"
    }
  },
  {
    "type": "mutation",
    "id": "SPELL_FLAMEARMOR_6",
    "copy-from": "SPELL_FLAMEARMOR",
    "name": {
      "str": "神奇的标志：热区 VI"
    }
  },
  {
    "type": "mutation",
    "id": "SPELL_FLAMEARMOR_7",
    "copy-from": "SPELL_FLAMEARMOR",
    "name": {
      "str": "魔符：热区七号"
    }
  },
  {
    "type": "mutation",
    "id": "SPELL_FLAMEARMOR_8",
    "copy-from": "SPELL_FLAMEARMOR",
    "name": {
      "str": "神奇的标志：热区 VIII"
    }
  },
  {
    "type": "mutation",
    "id": "SPELL_FLAMEARMOR_9",
    "copy-from": "SPELL_FLAMEARMOR",
    "name": {
      "str": "神奇的标志：热区 IX"
    }
  },
  {
    "type": "mutation",
    "id": "SPELL_FLAMEARMOR_10",
    "copy-from": "SPELL_FLAMEARMOR",
    "name": {
      "str": "魔法符号：热区X"
    }
  },
  {
    "type": "mutation",
    "id": "SPELL_FROSTARMORLESSER_2",
    "copy-from": "SPELL_FROSTARMORLESSER",
    "name": {
      "str": "病房二：魔术招牌"
    }
  },
  {
    "type": "mutation",
    "id": "SPELL_FROSTARMORLESSER_3",
    "copy-from": "SPELL_FROSTARMORLESSER",
    "name": {
      "str": "魔术魔符：寒区 III"
    }
  },
  {
    "type": "mutation",
    "id": "SPELL_FROSTARMORLESSER_4",
    "copy-from": "SPELL_FROSTARMORLESSER",
    "name": {
      "str": "魔符：寒舍 IV"
    }
  },
  {
    "type": "mutation",
    "id": "SPELL_FROSTARMORLESSER_5",
    "copy-from": "SPELL_FROSTARMORLESSER",
    "name": {
      "str": "魔符：寒舍五号"
    }
  },
  {
    "type": "mutation",
    "id": "SPELL_FROSTARMORLESSER_6",
    "copy-from": "SPELL_FROSTARMORLESSER",
    "name": {
      "str": "魔术魔符：寒舍 VI"
    }
  },
  {
    "type": "mutation",
    "id": "SPELL_FROSTARMORLESSER_7",
    "copy-from": "SPELL_FROSTARMORLESSER",
    "name": {
      "str": "魔符：寒区七号"
    }
  },
  {
    "type": "mutation",
    "id": "SPELL_FROSTARMORLESSER_8",
    "copy-from": "SPELL_FROSTARMORLESSER",
    "name": {
      "str": "魔符：寒舍八期"
    }
  },
  {
    "type": "mutation",
    "id": "SPELL_FROSTARMORLESSER_9",
    "copy-from": "SPELL_FROSTARMORLESSER",
    "name": {
      "str": "神奇的标志：寒区 IX"
    }
  },
  {
    "type": "mutation",
    "id": "SPELL_FROSTARMORLESSER_10",
    "copy-from": "SPELL_FROSTARMORLESSER",
    "name": {
      "str": "魔符：冷门X"
    }
  },
  {
    "type": "mutation",
    "id": "SPELL_FREEACTION_2",
    "copy-from": "SPELL_FREEACTION",
    "name": {
      "str": "魔符：自由行动II"
    }
  },
  {
    "type": "mutation",
    "id": "SPELL_FREEACTION_3",
    "copy-from": "SPELL_FREEACTION",
    "name": {
      "str": "魔符：自由行动III"
    }
  },
  {
    "type": "mutation",
    "id": "SPELL_FREEACTION_4",
    "copy-from": "SPELL_FREEACTION",
    "name": {
      "str": "魔符：自由行动 IV"
    }
  },
  {
    "type": "mutation",
    "id": "SPELL_FREEACTION_5",
    "copy-from": "SPELL_FREEACTION",
    "name": {
      "str": "自由动作：魔符"
    }
  },
  {
    "type": "mutation",
    "id": "SPELL_FREEACTION_6",
    "copy-from": "SPELL_FREEACTION",
    "name": {
      "str": "魔符：自由行动VI"
    }
  },
  {
    "type": "mutation",
    "id": "SPELL_FREEACTION_7",
    "copy-from": "SPELL_FREEACTION",
    "name": {
      "str": "魔符：自由行动 VII"
    }
  },
  {
    "type": "mutation",
    "id": "SPELL_FREEACTION_8",
    "copy-from": "SPELL_FREEACTION",
    "name": {
      "str": "魔符：自由行动 VIII"
    }
  },
  {
    "type": "mutation",
    "id": "SPELL_FREEACTION_9",
    "copy-from": "SPELL_FREEACTION",
    "name": {
      "str": "魔符：自由行动 IX"
    }
  },
  {
    "type": "mutation",
    "id": "SPELL_FREEACTION_10",
    "copy-from": "SPELL_FREEACTION",
    "name": {
      "str": "魔符：自由行动X"
    }
  },
  {
    "type": "mutation",
    "id": "SPELL_HEAL_2",
    "copy-from": "SPELL_HEAL",
    "name": {
      "str": "魔符：治疗 II"
    }
  },
  {
    "type": "mutation",
    "id": "SPELL_HEAL_3",
    "copy-from": "SPELL_HEAL",
    "name": {
      "str": "三、治疗神迹"
    }
  },
  {
    "type": "mutation",
    "id": "SPELL_HEAL_4",
    "copy-from": "SPELL_HEAL",
    "name": {
      "str": "魔符：治疗 IV"
    }
  },
  {
    "type": "mutation",
    "id": "SPELL_HEAL_5",
    "copy-from": "SPELL_HEAL",
    "name": {
      "str": "魔符：治疗 V"
    }
  },
  {
    "type": "mutation",
    "id": "SPELL_HEAL_6",
    "copy-from": "SPELL_HEAL",
    "name": {
      "str": "魔符：治疗 VI"
    }
  },
  {
    "type": "mutation",
    "id": "SPELL_HEAL_7",
    "copy-from": "SPELL_HEAL",
    "name": {
      "str": "魔符：治疗 VII"
    }
  },
  {
    "type": "mutation",
    "id": "SPELL_HEAL_8",
    "copy-from": "SPELL_HEAL",
    "name": {
      "str": "魔符：治疗 VIII"
    }
  },
  {
    "type": "mutation",
    "id": "SPELL_HEAL_9",
    "copy-from": "SPELL_HEAL",
    "name": {
      "str": "魔符：治疗 IX"
    }
  },
  {
    "type": "mutation",
    "id": "SPELL_HEAL_10",
    "copy-from": "SPELL_HEAL",
    "name": {
      "str": "魔符：治疗 X"
    }
  },
  {
    "type": "mutation",
    "id": "SPELL_INSIGHT_2",
    "copy-from": "SPELL_INSIGHT",
    "name": {
      "str": "魔符：洞察 II"
    }
  },
  {
    "type": "mutation",
    "id": "SPELL_INSIGHT_3",
    "copy-from": "SPELL_INSIGHT",
    "name": {
      "str": "魔符：洞察III"
    }
  },
  {
    "type": "mutation",
    "id": "SPELL_INSIGHT_4",
    "copy-from": "SPELL_INSIGHT",
    "name": {
      "str": "魔符：洞察 IV"
    }
  },
  {
    "type": "mutation",
    "id": "SPELL_INSIGHT_5",
    "copy-from": "SPELL_INSIGHT",
    "name": {
      "str": "魔符：洞察五号"
    }
  },
  {
    "type": "mutation",
    "id": "SPELL_INSIGHT_6",
    "copy-from": "SPELL_INSIGHT",
    "name": {
      "str": "魔符：洞察 VI"
    }
  },
  {
    "type": "mutation",
    "id": "SPELL_INSIGHT_7",
    "copy-from": "SPELL_INSIGHT",
    "name": {
      "str": "魔符：洞察七号"
    }
  },
  {
    "type": "mutation",
    "id": "SPELL_INSIGHT_8",
    "copy-from": "SPELL_INSIGHT",
    "name": {
      "str": "魔符：洞察 VIII"
    }
  },
  {
    "type": "mutation",
    "id": "SPELL_INSIGHT_9",
    "copy-from": "SPELL_INSIGHT",
    "name": {
      "str": "魔符：洞察 IX"
    }
  },
  {
    "type": "mutation",
    "id": "SPELL_INSIGHT_10",
    "copy-from": "SPELL_INSIGHT",
    "name": {
      "str": "魔符：洞察X"
    }
  },
  {
    "type": "mutation",
    "id": "SPELL_ELECRESIST_2",
    "copy-from": "SPELL_ELECRESIST",
    "name": {
      "str": "魔符：闪电守卫 II"
    }
  },
  {
    "type": "mutation",
    "id": "SPELL_ELECRESIST_3",
    "copy-from": "SPELL_ELECRESIST",
    "name": {
      "str": "魔符：闪电守卫 III"
    }
  },
  {
    "type": "mutation",
    "id": "SPELL_ELECRESIST_4",
    "copy-from": "SPELL_ELECRESIST",
    "name": {
      "str": "魔符：闪电守卫 IV"
    }
  },
  {
    "type": "mutation",
    "id": "SPELL_ELECRESIST_5",
    "copy-from": "SPELL_ELECRESIST",
    "name": {
      "str": "魔符：闪电守卫五"
    }
  },
  {
    "type": "mutation",
    "id": "SPELL_ELECRESIST_6",
    "copy-from": "SPELL_ELECRESIST",
    "name": {
      "str": "魔符：闪电守卫 VI"
    }
  },
  {
    "type": "mutation",
    "id": "SPELL_ELECRESIST_7",
    "copy-from": "SPELL_ELECRESIST",
    "name": {
      "str": "魔符：闪电七号"
    }
  },
  {
    "type": "mutation",
    "id": "SPELL_ELECRESIST_8",
    "copy-from": "SPELL_ELECRESIST",
    "name": {
      "str": "魔符：闪电 VIII"
    }
  },
  {
    "type": "mutation",
    "id": "SPELL_ELECRESIST_9",
    "copy-from": "SPELL_ELECRESIST",
    "name": {
      "str": "魔符：闪电 IX"
    }
  },
  {
    "type": "mutation",
    "id": "SPELL_ELECRESIST_10",
    "copy-from": "SPELL_ELECRESIST",
    "name": {
      "str": "魔符：闪电守卫 X"
    }
  },
  {
    "type": "mutation",
    "id": "SPELL_STRENGTH_2",
    "copy-from": "SPELL_STRENGTH",
    "name": {
      "str": "魔符：权能 II"
    }
  },
  {
    "type": "mutation",
    "id": "SPELL_STRENGTH_3",
    "copy-from": "SPELL_STRENGTH",
    "name": {
      "str": "魔符：权能 III"
    }
  },
  {
    "type": "mutation",
    "id": "SPELL_STRENGTH_4",
    "copy-from": "SPELL_STRENGTH",
    "name": {
      "str": "魔符：权能 IV"
    }
  },
  {
    "type": "mutation",
    "id": "SPELL_STRENGTH_5",
    "copy-from": "SPELL_STRENGTH",
    "name": {
      "str": "魔符：权能 V"
    }
  },
  {
    "type": "mutation",
    "id": "SPELL_STRENGTH_6",
    "copy-from": "SPELL_STRENGTH",
    "name": {
      "str": "魔符：权能 VI"
    }
  },
  {
    "type": "mutation",
    "id": "SPELL_STRENGTH_7",
    "copy-from": "SPELL_STRENGTH",
    "name": {
      "str": "魔符：权能 VII"
    }
  },
  {
    "type": "mutation",
    "id": "SPELL_STRENGTH_8",
    "copy-from": "SPELL_STRENGTH",
    "name": {
      "str": "魔符：权能 VIII"
    }
  },
  {
    "type": "mutation",
    "id": "SPELL_STRENGTH_9",
    "copy-from": "SPELL_STRENGTH",
    "name": {
      "str": "魔符：权能 IX"
    }
  },
  {
    "type": "mutation",
    "id": "SPELL_STRENGTH_10",
    "copy-from": "SPELL_STRENGTH",
    "name": {
      "str": "魔符：权能X"
    }
  },
  {
    "type": "mutation",
    "id": "SPELL_PLANTS_2",
    "copy-from": "SPELL_PLANTS",
    "name": {
      "str": "魔符：过度生长II"
    }
  },
  {
    "type": "mutation",
    "id": "SPELL_PLANTS_3",
    "copy-from": "SPELL_PLANTS",
    "name": {
      "str": "魔符：过度生长III"
    }
  },
  {
    "type": "mutation",
    "id": "SPELL_PLANTS_4",
    "copy-from": "SPELL_PLANTS",
    "name": {
      "str": "魔符：过度生长IV"
    }
  },
  {
    "type": "mutation",
    "id": "SPELL_PLANTS_5",
    "copy-from": "SPELL_PLANTS",
    "name": {
      "str": "魔符：过度生长V"
    }
  },
  {
    "type": "mutation",
    "id": "SPELL_PLANTS_6",
    "copy-from": "SPELL_PLANTS",
    "name": {
      "str": "魔兆：过度生长VI"
    }
  },
  {
    "type": "mutation",
    "id": "SPELL_PLANTS_7",
    "copy-from": "SPELL_PLANTS",
    "name": {
      "str": "魔符：过度生长 VII"
    }
  },
  {
    "type": "mutation",
    "id": "SPELL_PLANTS_8",
    "copy-from": "SPELL_PLANTS",
    "name": {
      "str": "魔符：过度生长VIII"
    }
  },
  {
    "type": "mutation",
    "id": "SPELL_PLANTS_9",
    "copy-from": "SPELL_PLANTS",
    "name": {
      "str": "魔符：过度生长IX"
    }
  },
  {
    "type": "mutation",
    "id": "SPELL_PLANTS_10",
    "copy-from": "SPELL_PLANTS",
    "name": {
      "str": "魔符：过度生长X"
    }
  },
  {
    "type": "mutation",
    "id": "SPELL_SHADOWSNAKES_2",
    "copy-from": "SPELL_SHADOWSNAKES",
    "name": {
      "str": "魔符：蛇形盾牌II"
    }
  },
  {
    "type": "mutation",
    "id": "SPELL_SHADOWSNAKES_3",
    "copy-from": "SPELL_SHADOWSNAKES",
    "name": {
      "str": "魔符：蛇形盾牌 III"
    }
  },
  {
    "type": "mutation",
    "id": "SPELL_SHADOWSNAKES_4",
    "copy-from": "SPELL_SHADOWSNAKES",
    "name": {
      "str": "魔符：蛇形盾牌 IV"
    }
  },
  {
    "type": "mutation",
    "id": "SPELL_SHADOWSNAKES_5",
    "copy-from": "SPELL_SHADOWSNAKES",
    "name": {
      "str": "魔符：蛇形盾牌V"
    }
  },
  {
    "type": "mutation",
    "id": "SPELL_SHADOWSNAKES_6",
    "copy-from": "SPELL_SHADOWSNAKES",
    "name": {
      "str": "魔符：蛇形盾牌 VI"
    }
  },
  {
    "type": "mutation",
    "id": "SPELL_SHADOWSNAKES_7",
    "copy-from": "SPELL_SHADOWSNAKES",
    "name": {
      "str": "魔符：蛇形盾 VII"
    }
  },
  {
    "type": "mutation",
    "id": "SPELL_SHADOWSNAKES_8",
    "copy-from": "SPELL_SHADOWSNAKES",
    "name": {
      "str": "神符：蛇形盾 VIII"
    }
  },
  {
    "type": "mutation",
    "id": "SPELL_SHADOWSNAKES_9",
    "copy-from": "SPELL_SHADOWSNAKES",
    "name": {
      "str": "魔符：蛇形盾牌 IX"
    }
  },
  {
    "type": "mutation",
    "id": "SPELL_SHADOWSNAKES_10",
    "copy-from": "SPELL_SHADOWSNAKES",
    "name": {
      "str": "魔符：蛇形盾牌X"
    }
  },
  {
    "type": "mutation",
    "id": "SPELL_LIGHTNING_2",
    "copy-from": "SPELL_LIGHTNING",
    "name": {
      "str": "魔符：冲击风暴 II"
    }
  },
  {
    "type": "mutation",
    "id": "SPELL_LIGHTNING_3",
    "copy-from": "SPELL_LIGHTNING",
    "name": {
      "str": "魔符：冲击风暴III"
    }
  },
  {
    "type": "mutation",
    "id": "SPELL_LIGHTNING_4",
    "copy-from": "SPELL_LIGHTNING",
    "name": {
      "str": "魔符：冲击风暴 IV"
    }
  },
  {
    "type": "mutation",
    "id": "SPELL_LIGHTNING_5",
    "copy-from": "SPELL_LIGHTNING",
    "name": {
      "str": "魔符：冲击风暴五号"
    }
  },
  {
    "type": "mutation",
    "id": "SPELL_LIGHTNING_6",
    "copy-from": "SPELL_LIGHTNING",
    "name": {
      "str": "魔符：冲击风暴 VI"
    }
  },
  {
    "type": "mutation",
    "id": "SPELL_LIGHTNING_7",
    "copy-from": "SPELL_LIGHTNING",
    "name": {
      "str": "魔符：冲击风暴七号"
    }
  },
  {
    "type": "mutation",
    "id": "SPELL_LIGHTNING_8",
    "copy-from": "SPELL_LIGHTNING",
    "name": {
      "str": "魔符：冲击风暴 VIII"
    }
  },
  {
    "type": "mutation",
    "id": "SPELL_LIGHTNING_9",
    "copy-from": "SPELL_LIGHTNING",
    "name": {
      "str": "魔法符号：冲击风暴 IX"
    }
  },
  {
    "type": "mutation",
    "id": "SPELL_LIGHTNING_10",
    "copy-from": "SPELL_LIGHTNING",
    "name": {
      "str": "魔法符号：冲击风暴X"
    }
  },
  {
    "type": "mutation",
    "id": "SPELL_BUGSLESSER_2",
    "copy-from": "SPELL_BUGSLESSER",
    "name": {
      "str": "魔符：召唤蜈蚣 II"
    }
  },
  {
    "type": "mutation",
    "id": "SPELL_BUGSLESSER_3",
    "copy-from": "SPELL_BUGSLESSER",
    "name": {
      "str": "魔符：召唤蜈蚣 III"
    }
  },
  {
    "type": "mutation",
    "id": "SPELL_BUGSLESSER_4",
    "copy-from": "SPELL_BUGSLESSER",
    "name": {
      "str": "魔符：召唤蜈蚣 IV"
    }
  },
  {
    "type": "mutation",
    "id": "SPELL_BUGSLESSER_5",
    "copy-from": "SPELL_BUGSLESSER",
    "name": {
      "str": "魔符：召唤蜈蚣 V"
    }
  },
  {
    "type": "mutation",
    "id": "SPELL_BUGSLESSER_6",
    "copy-from": "SPELL_BUGSLESSER",
    "name": {
      "str": "魔符：召唤蜈蚣 VI"
    }
  },
  {
    "type": "mutation",
    "id": "SPELL_BUGSLESSER_7",
    "copy-from": "SPELL_BUGSLESSER",
    "name": {
      "str": "魔符：召唤蜈蚣 VII"
    }
  },
  {
    "type": "mutation",
    "id": "SPELL_BUGSLESSER_8",
    "copy-from": "SPELL_BUGSLESSER",
    "name": {
      "str": "魔符：召唤蜈蚣 VIII"
    }
  },
  {
    "type": "mutation",
    "id": "SPELL_BUGSLESSER_9",
    "copy-from": "SPELL_BUGSLESSER",
    "name": {
      "str": "魔符：召唤蜈蚣 IX"
    }
  },
  {
    "type": "mutation",
    "id": "SPELL_BUGSLESSER_10",
    "copy-from": "SPELL_BUGSLESSER",
    "name": {
      "str": "魔符：召唤蜈蚣X"
    }
  },
  {
    "type": "mutation",
    "id": "SPELL_SUNDERINGQUAKE_2",
    "copy-from": "SPELL_SUNDERINGQUAKE",
    "name": {
      "str": "魔符：粉碎地震 II"
    }
  },
  {
    "type": "mutation",
    "id": "SPELL_SUNDERINGQUAKE_3",
    "copy-from": "SPELL_SUNDERINGQUAKE",
    "name": {
      "str": "魔符：粉碎地震 II"
    }
  },
  {
    "type": "mutation",
    "id": "SPELL_SUNDERINGQUAKE_4",
    "copy-from": "SPELL_SUNDERINGQUAKE",
    "name": {
      "str": "魔符：粉碎地震 IV"
    }
  },
  {
    "type": "mutation",
    "id": "SPELL_SUNDERINGQUAKE_5",
    "copy-from": "SPELL_SUNDERINGQUAKE",
    "name": {
      "str": "魔符：粉碎地震 V"
    }
  },
  {
    "type": "mutation",
    "id": "SPELL_SUNDERINGQUAKE_6",
    "copy-from": "SPELL_SUNDERINGQUAKE",
    "name": {
      "str": "魔符：粉碎地震 VI"
    }
  },
  {
    "type": "mutation",
    "id": "SPELL_SUNDERINGQUAKE_7",
    "copy-from": "SPELL_SUNDERINGQUAKE",
    "name": {
      "str": "魔符：粉碎地震 VII"
    }
  },
  {
    "type": "mutation",
    "id": "SPELL_SUNDERINGQUAKE_8",
    "copy-from": "SPELL_SUNDERINGQUAKE",
    "name": {
      "str": "魔符：粉碎地震 VIII"
    }
  },
  {
    "type": "mutation",
    "id": "SPELL_SUNDERINGQUAKE_9",
    "copy-from": "SPELL_SUNDERINGQUAKE",
    "name": {
      "str": "魔符：粉碎地震 IX"
    }
  },
  {
    "type": "mutation",
    "id": "SPELL_SUNDERINGQUAKE_10",
    "copy-from": "SPELL_SUNDERINGQUAKE",
    "name": {
      "str": "魔符：粉碎地震 X"
    }
  },
  {
    "type": "mutation",
    "id": "SPELL_CLERIC_2",
    "copy-from": "SPELL_CLERIC",
    "name": {
      "str": "魔符：辟邪 II"
    }
  },
  {
    "type": "mutation",
    "id": "SPELL_CLERIC_3",
    "copy-from": "SPELL_CLERIC",
    "name": {
      "str": "魔符：辟邪III"
    }
  },
  {
    "type": "mutation",
    "id": "SPELL_CLERIC_4",
    "copy-from": "SPELL_CLERIC",
    "name": {
      "str": "魔符：辟邪 IV"
    }
  },
  {
    "type": "mutation",
    "id": "SPELL_CLERIC_5",
    "copy-from": "SPELL_CLERIC",
    "name": {
      "str": "魔符：抵御邪恶V"
    }
  },
  {
    "type": "mutation",
    "id": "SPELL_CLERIC_6",
    "copy-from": "SPELL_CLERIC",
    "name": {
      "str": "魔符：抵御邪恶VI"
    }
  },
  {
    "type": "mutation",
    "id": "SPELL_CLERIC_7",
    "copy-from": "SPELL_CLERIC",
    "name": {
      "str": "魔符：辟邪 VII"
    }
  },
  {
    "type": "mutation",
    "id": "SPELL_CLERIC_8",
    "copy-from": "SPELL_CLERIC",
    "name": {
      "str": "魔符：辟邪 VIII"
    }
  },
  {
    "type": "mutation",
    "id": "SPELL_CLERIC_9",
    "copy-from": "SPELL_CLERIC",
    "name": {
      "str": "魔符：驱魔 IX"
    }
  },
  {
    "type": "mutation",
    "id": "SPELL_CLERIC_10",
    "copy-from": "SPELL_CLERIC",
    "name": {
      "str": "魔符：抵御邪恶X"
    }
  },
  {
    "type": "clothing_mod",
    "id": "arcana_acidchitin_weave",
    "flag": "arcana_acidchitin_weave",
    "item": "acidchitin_piece",
    "implement_prompt": "Weave with biosilicified chitin",
    "destroy_prompt": "Dispel biosilicified chitin weave",
    "mod_value": [
      {
        "type": "bash",
        "value": 0.25,
        "round_up": true,
        "proportion": [
          "thickness",
          "coverage"
        ]
      },
      {
        "type": "cut",
        "value": 0.5,
        "round_up": true,
        "proportion": [
          "thickness",
          "coverage"
        ]
      },
      {
        "type": "acid",
        "value": 0.75,
        "round_up": true,
        "proportion": [
          "thickness",
          "coverage"
        ]
      }
    ]
  },
  {
    "type": "clothing_mod",
    "id": "arcana_bone_weave",
    "flag": "arcana_bone_weave",
    "item": "skewer_bone",
    "implement_prompt": "Weave with bone",
    "destroy_prompt": "Dispel bone weave",
    "mod_value": [
      {
        "type": "bash",
        "value": 0.5,
        "round_up": true,
        "proportion": [
          "thickness",
          "coverage"
        ]
      },
      {
        "type": "cut",
        "value": 0.75,
        "round_up": true,
        "proportion": [
          "thickness",
          "coverage"
        ]
      },
      {
        "type": "encumbrance",
        "value": -0.25,
        "round_up": true,
        "proportion": [
          "thickness",
          "coverage"
        ]
      }
    ]
  },
  {
    "type": "clothing_mod",
    "id": "arcana_chitin_weave",
    "flag": "arcana_chitin_weave",
    "item": "chitin_piece",
    "implement_prompt": "Weave with chitin",
    "destroy_prompt": "Dispel chitin weave",
    "mod_value": [
      {
        "type": "bash",
        "value": 0.75,
        "round_up": true,
        "proportion": [
          "thickness",
          "coverage"
        ]
      },
      {
        "type": "cut",
        "value": 0.75,
        "round_up": true,
        "proportion": [
          "thickness",
          "coverage"
        ]
      }
    ]
  },
  {
    "type": "clothing_mod",
    "//": "ID retained for save compatibility, this only had to be changed since rocks had to be changed, so I had to pick something retaining the theme.",
    "id": "arcana_clay_weave",
    "flag": "arcana_clay_weave",
    "item": "pine_bough",
    "implement_prompt": "Weave with pine boughs",
    "destroy_prompt": "Dispel pine bough weave",
    "mod_value": [
      {
        "type": "bash",
        "value": 0.5,
        "round_up": true,
        "proportion": [
          "thickness",
          "coverage"
        ]
      },
      {
        "type": "cut",
        "value": 0.25,
        "round_up": true,
        "proportion": [
          "thickness",
          "coverage"
        ]
      },
      {
        "type": "fire",
        "value": 0.75,
        "round_up": true,
        "proportion": [
          "thickness",
          "coverage"
        ]
      }
    ]
  },
  {
    "type": "clothing_mod",
    "//": "ID retained for save compatibility, rocks didn't work because they count as ammo, had to think up something that doesn't stack but would be thematically fitting.",
    "id": "arcana_stone_weave",
    "flag": "arcana_stone_weave",
    "item": "birchbark",
    "implement_prompt": "Weave with birchbark",
    "destroy_prompt": "Dispel birchbark weave",
    "mod_value": [
      {
        "type": "bash",
        "value": 0.75,
        "round_up": true,
        "proportion": [
          "thickness",
          "coverage"
        ]
      },
      {
        "type": "cut",
        "value": 0.5,
        "round_up": true,
        "proportion": [
          "thickness",
          "coverage"
        ]
      },
      {
        "type": "fire",
        "value": 0.25,
        "round_up": true,
        "proportion": [
          "thickness",
          "coverage"
        ]
      }
    ]
  },
  {
    "type": "clothing_mod",
    "id": "arcana_wood_weave",
    "flag": "arcana_wood_weave",
    "item": "splinter",
    "implement_prompt": "Weave with wood",
    "destroy_prompt": "Dispel wood weave",
    "mod_value": [
      {
        "type": "bash",
        "value": 0.5,
        "round_up": true,
        "proportion": [
          "thickness",
          "coverage"
        ]
      },
      {
        "type": "cut",
        "value": 0.25,
        "round_up": true,
        "proportion": [
          "thickness",
          "coverage"
        ]
      },
      {
        "type": "encumbrance",
        "value": -0.75,
        "round_up": true,
        "proportion": [
          "thickness",
          "coverage"
        ]
      }
    ]
  },
  {
    "id": "arcana_acidchitin_weave",
    "type": "json_flag",
    "context": [
      "ARMOR",
      "TOOL_ARMOR"
    ],
    "info": "这个装备已经被德鲁伊魔法改变了，增加了它的<good>防护能力</good>以及<good>耐酸性</good>。"
  },
  {
    "id": "arcana_bone_weave",
    "type": "json_flag",
    "context": [
      "ARMOR",
      "TOOL_ARMOR"
    ],
    "info": "这个装备已经被德鲁伊魔法改变了，增加了它的<good>防护能力</good>，同时减少了它的<good>累赘度</good>。"
  },
  {
    "id": "arcana_chitin_weave",
    "type": "json_flag",
    "context": [
      "ARMOR",
      "TOOL_ARMOR"
    ],
    "info": "这个装备已经被德鲁伊魔法改变了，增加了<good>防护能力</good>。"
  },
  {
    "id": "arcana_clay_weave",
    "type": "json_flag",
    "context": [
      "ARMOR",
      "TOOL_ARMOR"
    ],
    "info": "这个装备已经被德鲁伊魔法改变了，增加了它的<good>防护能力</good>，以及它的<good>防火能力</good>。"
  },
  {
    "id": "arcana_stone_weave",
    "type": "json_flag",
    "context": [
      "ARMOR",
      "TOOL_ARMOR"
    ],
    "info": "这个装备已经被德鲁伊魔法改变了，增加了它的<good>防护能力</good>，以及它的<good>防火能力</good>。"
  },
  {
    "id": "arcana_wood_weave",
    "type": "json_flag",
    "context": [
      "ARMOR",
      "TOOL_ARMOR"
    ],
    "info": "这个装备已经被德鲁伊魔法改变了，增加了它的<good>防护能力</good>，同时减少了它的<good>累赘度</good>。"
  },
  {
    "id": "candle_warding_special",
    "type": "GENERIC",
    "category": "other",
    "name": {
      "str": "闪烁的蜡烛"
    },
    "description": "一支简单的蜡烛，燃烧着不灭的火焰。它给人一种淡淡的抚慰感，却没有温暖，在整个房间投下灿烂的光芒。它似乎被某种未知的力量牢牢地固定住了。",
    "weight": "100 g",
    "volume": "250 ml",
    "material": [
      "essencemat"
    ],
    "symbol": ",",
    "looks_like": "candle_warding_active",
    "color": "white",
    "flags": [
      "NO_SALVAGE",
      "LIGHT_120"
    ]
  }
]