[
  {
    "type": "skill",
    "ident": "magic",
    "name": {
      "str": "奥术"
    },
    "description": "你对来自遥远世界的奇异力量的了解。使用一些致命的工具来创造一些超乎寻常的技能。",
    "tags": [
      "combat_skill"
    ],
    "time_to_attack": {
      "min_time": 30,
      "base_time": 100,
      "time_reduction_per_level": 7
    },
    "companion_survival_rank_factor": 1,
    "display_category": "display_interaction",
    "companion_skill_practice": [
      {
        "skill": "hunting",
        "weight": 1
      },
      {
        "skill": "combat",
        "weight": 1
      }
    ]
  }
]