[
  {
    "type": "snippet",
    "category": "note",
    "text": [
      {
        "id": "note_arcana_1",
        "text": "“它在漂浮！庙宇在漂浮！”"
      },
      {
        "id": "note_arcana_2",
        "text": "“看见一个长着角的小妞，在他妈的真菌里到处走。像那该死的吹笛手一样吹笛子。”"
      },
      {
        "id": "note_arcana_3",
        "text": "“所有这些来自地狱的恶魔，都有一个命令，我知道有”"
      },
      {
        "id": "note_arcana_4",
        "text": "“谢谢你的魔法长矛，蠢货”"
      },
      {
        "id": "note_arcana_5",
        "text": "“嘿，这不公平！我只是崇拜免费的长袍和仪式后的甜甜圈！我什么都没报名！”"
      },
      {
        "id": "note_arcana_6",
        "text": "“我从不认为自己是一个宗教信仰者——然而，从我手中发出的闪电和我那被卷起的枷锁迫使我相信。”"
      },
      {
        "id": "note_arcana_7",
        "text": "“门户是可以密封的，我敢肯定！一定有办法……”"
      },
      {
        "id": "note_arcana_8",
        "text": "“这一定是个玩笑。外星怪物，当然。神奇的精华？嘘。可能只是个恶作剧”"
      },
      {
        "id": "note_arcana_9",
        "text": "“亲爱的罗杰、查比、艾莉森和汤姆，这些邪教分子疯狂地出现在我家门口，目前正在我的地下室里举行你们的仪式——我希望你们喜欢燃烧弹。”"
      },
      {
        "id": "note_arcana_10",
        "text": "“他们在看，他们不需要成为这个世界的一部分来和我们做爱”"
      },
      {
        "id": "note_arcana_11",
        "text": "“血从我的身体里溢出。是他的血。他是通过我的修行而重生的吗？我能报答他的牺牲吗？”"
      },
      {
        "id": "note_arcana_12",
        "text": "“这不是真正的教堂”"
      },
      {
        "id": "note_arcana_13",
        "text": "“老实说，如果你不去测试你的药水，炼金术是无聊的”"
      },
      {
        "id": "note_arcana_14",
        "text": "“啊，是的……我要把烟烧成更小、更暗的烟！”"
      },
      {
        "id": "note_arcana_15",
        "text": "“不要乱说”"
      },
      {
        "id": "note_arcana_16",
        "text": "“搞笑报纸做了一件事！感觉很好，但一切都是树。”"
      }
    ]
  },
  {
    "type": "snippet",
    "category": "many_years_old_news",
    "text": [
      {
        "id": "many_years_old_news_arcana_1",
        "text": "农村的杀戮事件仍在继续：警方正在调查一系列针对农村宗教社区的袭击事件中的最新情况，并宣布了这两起袭击事件之间的疑似关联，此前这些袭击被认为是无关的。”乡村教堂，小镇清真寺，甚至新异教徒集会，所有的袭击都显示出类似的模式。"
      }
    ]
  },
  {
    "type": "snippet",
    "category": "years_old_news",
    "text": [
      {
        "id": "years_old_news_arcana_1",
        "text": "鬼城血案——怀疑是私刑人员：州警察在前阿巴拉契亚矿业城镇发现了一个疑似邪教组织与当地帮派冲突的遗迹。”“我们最初怀疑这只是一个贩毒集团在错误的时间在错误的地点，”副警长说但有明显迹象表明，其他人也参与其中，并在事后销毁了大量证据。”"
      }
    ]
  },
  {
    "type": "snippet",
    "category": "one_year_old_news",
    "text": [
      {
        "id": "one_year_old_news_arcana_1",
        "text": "由大规模恐慌引起的奇怪的梦：许多小镇社区的当地人报告说，上周在三个晚上的时间里出现了“幻觉”和令人不安的梦境。那些被采访的人一直描述漂浮的建筑，神秘的活动，以及恶魔般的人物，一位受影响的牧师称之为“六翼天使”。心理学家将这种反复出现的梦境归因于大众的恐慌，他们引用了最初的报道仅限于一个社区，第二天就被报道到其他地方。"
      }
    ]
  },
  {
    "type": "snippet",
    "category": "note_grove",
    "text": [
      {
        "id": "note_grove_arcana_1",
        "text": "“我们看到了另一面。我们必须掌握它给我们带来的潜力。”"
      },
      {
        "id": "note_grove_arcana_2",
        "text": "“他们还没有准备好。但他们的时代会到来的。”"
      },
      {
        "id": "note_grove_arcana_3",
        "text": "“血、誓言和火焰。他们看不到真相，直到为时已晚。”"
      },
      {
        "id": "note_grove_arcana_4",
        "text": "“仪式出了问题。我们不能呆在这里了。”"
      },
      {
        "id": "note_grove_arcana_5",
        "text": "“没有他们的迹象。一定是抛弃了这个地方，让它腐烂了。但为什么？”"
      }
    ]
  },
  {
    "type": "snippet",
    "category": "note_sanguine",
    "text": [
      {
        "id": "note_sanguine_arcana_1",
        "text": "“巫婆猎人认为他们能阻止这一切。以为他们能阻止我们。障碍已经在瓦解，他们无法撤销这一点。”"
      },
      {
        "id": "note_sanguine_arcana_2",
        "text": "“一场可怕的灾难已经预见到了。我们会活得更久，适应。我们将统治这个新世界，凌驾于弱小和不值得称道的人之上。”"
      },
      {
        "id": "note_sanguine_arcana_3",
        "text": "召唤几乎完成了。我们将看到真正的力量！”"
      },
      {
        "id": "note_sanguine_arcana_4",
        "text": "“上下诸神，那些疯子带来了什么？他们做了什么？”"
      }
    ]
  },
  {
    "type": "snippet",
    "category": "note_chalice",
    "text": [
      {
        "id": "note_chalice_arcana_1",
        "text": "“那些傻瓜居然相信是一群血法师造成的？世界之间的屏障被拆掉了？我不知道是什么原因造成的，但其他人只会加剧问题。”"
      },
      {
        "id": "note_chalice_arcana_2",
        "text": "“我们将带出我们的主人。当我们抛开现实的面纱时，我们将扫除旧神……”"
      },
      {
        "id": "note_chalice_arcana_3",
        "text": "”仪式之刃被黑暗魔法污染了，它引出了别的东西。不是我们的主人，也不是面纱之外的人。”"
      },
      {
        "id": "note_chalice_arcana_4",
        "text": "“那东西不是我们的主人。众神的叛徒仆人，来自远方的六翼精灵！它在我的脑海里嘲笑我，嘲笑我躲在这里，而其他人却在战斗和死亡……”"
      }
    ]
  },
  {
    "type": "snippet",
    "category": "note_flame",
    "text": [
      {
        "id": "note_flame_arcana_1",
        "text": "“通过十字架和锤子，新月和大门。在许多信仰中团结一致，对抗来自外界的一切威胁。”"
      },
      {
        "id": "note_flame_arcana_2",
        "text": "“我们担心最坏的情况可能很快就会发生。但只要太阳照耀地球，我们就会反击。”"
      },
      {
        "id": "note_flame_arcana_3",
        "text": "“我认为他们可能是对的。乐观的秩序并不是造成这一切的原因。有别的东西冲破了两个世界之间的屏障，他们只是利用了这个漏洞。”"
      },
      {
        "id": "note_flame_arcana_4",
        "text": "“我们设立了一个刀片病房来封锁下层。这个地方不再安全了，某种……某种邪恶的东西颠覆了我们唯一的避难所。”"
      }
    ]
  },
  {
    "type": "snippet",
    "category": "note_sanguine_tenet",
    "text": [
      {
        "id": "note_sanguine_tenet_arcana_1",
        "text": "“每一天都是一场斗争，一场为生存而不断奋斗的战斗。也可能是为了生存而奋斗。弱者和不配选择前者。我们选择后者。永远追求收获、提高、提高自己。”"
      },
      {
        "id": "note_sanguine_tenet_arcana_2",
        "text": "“来自外界的力量只是一种资源，可以用来加强自己。任何超出我们自己能力的力量也是如此。什么都不做，既不宣誓也不签合同。没有上帝，没有恶魔，没有灵魂可以信任你。任何神圣的象征或圣像都不能左右那些追随道路的人。”"
      },
      {
        "id": "note_sanguine_tenet_arcana_3",
        "text": "“有时候，在走上权力之路时，道路会变窄。你再也不能和你的亲人并肩而行了。如果你冲在前面，你就有被背后捅伤的危险。如果你允许其他人向前走，他们可能会在道路再次变宽之前把你甩在后面。扪心自问，你能相信你身边的人吗，还是应该把他们推离正轨？”"
      },
      {
        "id": "note_sanguine_tenet_arcana_4",
        "text": "“这是适应和繁荣的斗争的一部分。影响地球和来自外界的挑战，现在需要克服。人类并不高人一等，但在我们的本性中，它使我们自己如此。如果这意味着成为一个不属于人类的东西，那就随它去吧。如果这意味着要避开这种影响，那就顺其自然吧。这些权力不过是我们可以利用的另一种工具。”"
      },
      {
        "id": "note_sanguine_tenet_arcana_5",
        "text": "“权力需要牺牲和斗争，自我牺牲只是一种方法。弱者和不配的人，被打败的人和被证明是低人一等的人，是另一种牺牲的来源。即使是那些有权势的人，如果放低了，也会有利于胜利者。让血液流动起来，赋予那些赢得它的人力量。”"
      }
    ]
  },
  {
    "type": "snippet",
    "category": "note_chalice_tenet",
    "text": [
      {
        "id": "note_chalice_tenet_arcana_1",
        "text": "“凝视远方就是要看到一千个世界的潜力，学习隐藏的真理。但在这些行为中要谨慎。面纱上的每一处伤口都是必须的，否则就不留痕迹了。”"
      },
      {
        "id": "note_chalice_tenet_arcana_2",
        "text": "“一个被打开的伤口是无法真正逆转的，只能被修补。同样的，洒出来的血只能补充。面纱上的伤口可以用稳定的手来修补，但以后再也不会像以前那样了。我们的责任是不恢复已经做的事情，而要确保我们能坚持下去。”"
      },
      {
        "id": "note_chalice_tenet_arcana_3",
        "text": "“我们的生命，我们的灵魂，从面纱之外献给他。如果必须的话，我们将与无知的人合作，必要时与他们作对。如果我们必须这样做的话，我们就要扫除旧神和旧习惯，只要这样才能确保他的意志得到实现。”"
      },
      {
        "id": "note_chalice_tenet_arcana_4",
        "text": "“我们通过牺牲，烧掉自己不好的，培养好的。我们也将在我们的其他追求中寻求这一点。那些试图消灭邪恶的人是这个循环的一部分，但他们的作用是为那些将在剩下的东西中培育善的人留下一条清晰的道路。”"
      },
      {
        "id": "note_chalice_tenet_arcana_5",
        "text": "“他从面纱的外面带着黑暗而重要的使命的外衣。他回答了我们的要求，这证实了我们的目的。不管付出什么代价，不管我们必须做什么，为了这个世界的力量和安全。反过来，世界的另一面。”"
      },
      {
        "id": "note_chalice_tenet_arcana_6",
        "text": "“当我们寻求对超越的理解时，不要忘记我们的人性。即使我们被我们所学的东西所加强，我们也不应破坏自然秩序，无论是这个世界还是其他世界。”"
      }
    ]
  },
  {
    "type": "snippet",
    "category": "note_flame_tenet",
    "text": [
      {
        "id": "note_flame_tenet_arcana_1",
        "text": "“只要太阳照耀地球，我们就决不放弃。永远不要让人类陷入灭绝。”"
      },
      {
        "id": "note_flame_tenet_arcana_2",
        "text": "“抛开你们的分裂和纷争吧。它结束了无数的团体，但它不会结束我们。我们是兄弟姐妹，我们应该平等地尊重神，尽管他们可能是不同的。”"
      },
      {
        "id": "note_flame_tenet_arcana_3",
        "text": "“所有来自外部的力量，以及所有从中产生的东西，都是一种潜在的威胁，直到我们清楚地认识到这一点。以任何安全的方式观察，但首先要小心。如果不能安全地确定它的性质，就必须销毁它。”"
      },
      {
        "id": "note_flame_tenet_arcana_4",
        "text": "“没有胆怯，没有强盗，没有复仇的欲望。我们从其他人手中夺走太危险的东西，除非它们是对人类本身的威胁，否则我们不会再对他们进行掠夺。如果是，不管是血法师还是土匪，都不要手下留情，不求回报。”"
      },
      {
        "id": "note_flame_tenet_arcana_5",
        "text": "“把异能从外面送回他们合法的安息之地，这样面纱就不会再受到伤害了。我们使用的任何魔法都是为了这个目的。不要把我们破坏的东西看作是获取更多权力的手段。这会导致危险的想法和邪恶的循环。”"
      },
      {
        "id": "note_flame_tenet_arcana_6",
        "text": "“来自外部的力量寻求终结一切，我们有责任阻止这一切。不要侵犯他们的领地，也不要任性地与他们的权力勾结。很少有人能说理。任何超自然的怪物都必须回到它真正的领地，不管是活的还是死的。”"
      },
      {
        "id": "note_flame_tenet_arcana_7",
        "text": "“腐败的力量对人类的身心造成了严重的破坏。他们的方式很多。有些是可以预防的，有些则是不可避免的。不要对被外界腐蚀的人怀有恶意，因为后果是他们自己的惩罚。并不是所有人都自愿参加的。”"
      }
    ]
  },
  {
    "type": "snippet",
    "category": "note_starry_correspondence",
    "text": [
      {
        "id": "note_starry_correspondence_arcana_1",
        "text": "“兄弟，希望这封信能让你身体健康。大门是开着的。但请注意，我们自己的人已经被误导了。他们可能会危及我们的工作。”"
      },
      {
        "id": "note_starry_correspondence_arcana_2",
        "text": "“我希望这封信能毫无问题地收到。我向你保证我们没有危险。他们抓住阴影，对真相视而不见。我们有更大的威胁需要警惕。”"
      },
      {
        "id": "note_starry_correspondence_arcana_3",
        "text": "“愿星辰指引这封信给你，兄弟。道路是明确的，但你是正确的，我们有更大的事情要担心。罗马的傀儡知道我们的存在。我们无法确定他们还能派什么盟友来对付我们。”"
      },
      {
        "id": "note_starry_correspondence_arcana_4",
        "text": "“他们的威胁不再重要。时间到了。木星将吞噬他的卫星，火星将被永恒的火焰所涂抹。无论是盲目世界的仆人，还是古老的神，甚至是黑暗中的猎人，我们都活在死亡中。”"
      }
    ]
  },
  {
    "type": "snippet",
    "category": "note_soa_journal",
    "text": [
      {
        "id": "note_soa_journal_arcana_1",
        "text": "“最初的报告似乎离谱得离谱。对于这样规模的城镇，需要更多的活动，需要进一步的侦察。”"
      },
      {
        "id": "note_soa_journal_arcana_2",
        "text": "“军民往来频繁，人来人往。一些奇怪的事情肯定正在进行中，很难判断它是否在我们的专业领域内。继续监视。”"
      },
      {
        "id": "note_soa_journal_arcana_3",
        "text": "“不管他们在干什么，他们都不会在公开场合这样做。要么是在市中心设立了C&C，要么是以其他方式隐藏起来。观察会继续的，但要低下头。”"
      },
      {
        "id": "note_soa_journal_arcana_4",
        "text": "“证实有异常活动。最新到货的货物与正常交货不同，安全措施也在加强。保持谨慎。”"
      },
      {
        "id": "note_soa_journal_arcana_5",
        "text": "或无法确定敌方是否受到重大破坏。侦察员报告说，他们的安全区域可能有第二个入口，但轰炸可能已经把它炸毁了。”"
      }
    ]
  },
  {
    "type": "snippet",
    "category": "radio_archive",
    "text": [
      {
        "id": "radio_archive_arcana_1",
        "text": "克什赫斯克…。我们还活着！对任何人来说，我们已经接通了位于克什什什克中部的无线电发射塔…该死的，已经开始工作了！如果你在外面，我祈祷你能听到…嘘嘘…再坚持一会儿。圣约翰被攻陷，在ZPzzzPzz的圣殿集合-"
      }
    ]
  },
  {
    "type": "snippet",
    "category": "schizo_delusion_paranoid",
    "text": [
      {
        "id": "schizo_delusion_paranoid_arcana_1",
        "text": "你有一种微弱的感觉，那里有比僵尸更糟糕的东西。"
      }
    ]
  }
]