[
  {
    "id": "electrothermal_arc_cannon_part",
    "copy-from": "turret",
    "type": "vehicle_part",
    "name": {
      "str": "安装电热电弧炮"
    },
    "item": "electrothermal_arc_cannon",
    "color": "yellow",
    "broken_color": "yellow",
    "breaks_into": [
      {
        "item": "steel_chunk",
        "count": [
          1,
          6
        ]
      },
      {
        "item": "scrap",
        "count": [
          1,
          15
        ]
      },
      {
        "item": "e_scrap",
        "charges": [
          1,
          7
        ]
      },
      {
        "item": "cable",
        "charges": [
          1,
          25
        ]
      },
      {
        "item": "plastic_chunk",
        "count": [
          1,
          3
        ]
      },
      {
        "item": "copper",
        "charges": [
          1,
          170
        ]
      },
      {
        "item": "essence_dull",
        "charges": [
          1,
          95
        ]
      }
    ],
    "requirements": {
      "install": {
        "skills": [
          [
            "mechanics",
            5
          ],
          [
            "electronics",
            3
          ],
          [
            "magic",
            6
          ]
        ]
      },
      "removal": {
        "skills": [
          [
            "mechanics",
            4
          ],
          [
            "magic",
            5
          ]
        ]
      }
    },
    "description": "一种实验性的能量武器，它发射反常的能量，从一个目标跳到另一个目标，留下不稳定的等离子体尾迹。如果在目标丰富的环境中使用，则效率低下，但破坏性极强。"
  },
  {
    "id": "rift_focus_cannon_part",
    "copy-from": "turret",
    "type": "vehicle_part",
    "name": {
      "str": "安装裂缝聚焦炮"
    },
    "item": "rift_focus_cannon",
    "color": "light_blue",
    "broken_color": "light_blue",
    "breaks_into": [
      {
        "item": "steel_chunk",
        "count": [
          1,
          5
        ]
      },
      {
        "item": "scrap",
        "count": [
          1,
          25
        ]
      },
      {
        "item": "e_scrap",
        "charges": [
          1,
          7
        ]
      },
      {
        "item": "cable",
        "charges": [
          1,
          50
        ]
      },
      {
        "item": "plastic_chunk",
        "count": [
          1,
          4
        ]
      },
      {
        "item": "gold_small",
        "charges": [
          1,
          50
        ]
      },
      {
        "item": "essence_dull",
        "charges": [
          1,
          160
        ]
      }
    ],
    "requirements": {
      "install": {
        "skills": [
          [
            "mechanics",
            6
          ],
          [
            "electronics",
            4
          ],
          [
            "magic",
            7
          ]
        ]
      },
      "removal": {
        "skills": [
          [
            "mechanics",
            5
          ],
          [
            "magic",
            6
          ]
        ]
      }
    },
    "description": "一种重型实验步枪，利用超自然的能量创造出具有高度破坏性的超自然能量束。强大，但机器人和一些反常的怪物对它的影响免疫。需要结晶的精华和电力才能开火，而且每次射击都会在「面纱」上撕开一个洞。"
  },
  {
    "id": "distorion_amp_motor_part",
    "type": "vehicle_part",
    "location": "engine_block",
    "name": {
      "str": "空间扭曲电动机"
    },
    "symbol": "*",
    "looks_like": "vgen2",
    "color": "light_red",
    "broken_color": "red",
    "item": "distortion_amp_motor_item",
    "damage_modifier": 60,
    "backfire_threshold": 0.5,
    "backfire_freq": 15,
    "damaged_power_factor": 0.5,
    "m2c": 90,
    "fuel_type": "battery",
    "durability": 150,
    "epower": 0,
    "power": 200000,
    "energy_consumption": 100000,
    "breaks_into": [
      {
        "item": "scrap",
        "count": [
          1,
          4
        ]
      },
      {
        "item": "steel_chunk",
        "count": [
          1,
          3
        ]
      },
      {
        "item": "cable",
        "charges": [
          3,
          6
        ]
      },
      {
        "item": "essence_dull",
        "count": [
          50,
          100
        ]
      }
    ],
    "requirements": {
      "install": {
        "skills": [
          [
            "mechanics",
            4
          ],
          [
            "electronics",
            3
          ],
          [
            "magic",
            5
          ]
        ],
        "time": "60 m",
        "using": [
          [
            "vehicle_bolt",
            1
          ]
        ]
      },
      "removal": {
        "skills": [
          [
            "mechanics",
            3
          ],
          [
            "electronics",
            2
          ],
          [
            "magic",
            4
          ]
        ],
        "time": "30 m",
        "using": [
          [
            "vehicle_bolt",
            1
          ]
        ]
      },
      "repair": {
        "skills": [
          [
            "mechanics",
            3
          ],
          [
            "electronics",
            4
          ],
          [
            "magic",
            6
          ]
        ],
        "time": "30 m",
        "using": [
          [
            "welding_standard",
            5
          ]
        ]
      }
    },
    "damage_reduction": {
      "all": 15
    },
    "flags": [
      "ENGINE",
      "E_COMBUSTION",
      "EMITTER"
    ],
    "emissions": [
      "emit_electroanomaly_vehicle"
    ],
    "description": "依靠空间畸变的强大的电动机。输出比消耗更多的能量，但不能作为自由能源。可以安装多个而不受惩罚，但操作可能导致不安全的放电。"
  },
  {
    "type": "vehicle_part",
    "id": "essence_surge_generator_part",
    "name": {
      "str": "精华浪涌发生器"
    },
    "symbol": "O",
    "color": "light_green",
    "broken_symbol": "#",
    "broken_color": "red",
    "damage_modifier": 60,
    "durability": 200,
    "description": "一种奇特的反应堆，被设计用来充注香精，在一次反应中被破坏，从而增加了它的潜在产量。不自然的高效和可靠，尽管受到燃料来源的限制，这种超现实的能量是多么的珍贵。",
    "power": 250,
    "epower": 120000,
    "fuel_type": "essence",
    "item": "essence_surge_generator_item",
    "location": "fuel_source",
    "requirements": {
      "install": {
        "skills": [
          [
            "mechanics",
            5
          ],
          [
            "electronics",
            4
          ],
          [
            "magic",
            6
          ]
        ],
        "time": "60 m",
        "using": [
          [
            "welding_standard",
            5
          ]
        ]
      },
      "removal": {
        "skills": [
          [
            "mechanics",
            4
          ],
          [
            "electronics",
            3
          ],
          [
            "magic",
            5
          ]
        ],
        "time": "30 m",
        "using": [
          [
            "vehicle_weld_removal",
            1
          ]
        ]
      },
      "repair": {
        "skills": [
          [
            "mechanics",
            6
          ],
          [
            "electronics",
            5
          ],
          [
            "magic",
            7
          ]
        ],
        "time": "60 m",
        "using": [
          [
            "welding_standard",
            5
          ]
        ]
      }
    },
    "flags": [
      "REACTOR",
      "EMITTER"
    ],
    "emissions": [
      "emit_electroanomaly_vehicle"
    ],
    "breaks_into": [
      {
        "item": "scrap",
        "count": [
          1,
          4
        ]
      },
      {
        "item": "steel_chunk",
        "count": [
          1,
          3
        ]
      },
      {
        "item": "cable",
        "charges": [
          3,
          6
        ]
      },
      {
        "item": "essence_dull",
        "count": [
          25,
          50
        ]
      }
    ],
    "damage_reduction": {
      "all": 10
    }
  }
]