[
  {
    "id": "Survivor_Holdout_1",
    "type": "overmap_terrain",
    "name": "幸存者避难所",
    "sym": "H",
    "color": "i_red",
    "see_cost": 5,
    "extras": "build"
  },
  {
    "id": "surv_camp",
    "type": "overmap_terrain",
    "name": "森林",
    "//": "Designed to look like a normal forest.",
    "sym": "F",
    "color": "green",
    "see_cost": 5,
    "mondensity": 0,
    "extras": "build",
    "flags": [ "NO_ROTATE" ]
  },
  {
    "id": "surv_emcampz",
    "type": "overmap_terrain",
    "name": "幸存者营地",
    "sym": "C",
    "color": "light_green",
    "see_cost": 5,
    "mondensity": 0,
    "extras": "build",
    "flags": [ "NO_ROTATE" ]
  },
  {
    "id": "surv_emcampb",
    "type": "overmap_terrain",
    "name": "幸存者营地",
    "sym": "C",
    "color": "light_green",
    "see_cost": 5,
    "mondensity": 0,
    "extras": "build",
    "flags": [ "NO_ROTATE" ]
  },
  {
    "id": "surv_emcampn",
    "type": "overmap_terrain",
    "name": "幸存者营地",
    "sym": "C",
    "color": "light_green",
    "see_cost": 5,
    "mondensity": 0,
    "extras": "build",
    "flags": [ "NO_ROTATE" ]
  },
  {
    "id": "surv_emcampnp",
    "type": "overmap_terrain",
    "name": "幸存者营地",
    "sym": "C",
    "color": "light_green",
    "see_cost": 5,
    "mondensity": 0,
    "extras": "build",
    "flags": [ "NO_ROTATE" ]
  },
  {
    "id": "Bio_Weapon_Lab_1",
    "type": "overmap_terrain",
    "name": "停车场",
    "sym": "O",
    "color": "dark_gray",
    "see_cost": 2,
    "allow_road": true,
    "extras": "field"
  },
  {
    "id": "Bio_Weapon_Lab_2",
    "type": "overmap_terrain",
    "name": "生物武器实验室",
    "sym": "L",
    "color": "light_blue",
    "see_cost": 5
  },
  {
    "id": "Bio_Weapon_Lab_b",
    "type": "overmap_terrain",
    "name": "生物武器实验室",
    "sym": "L",
    "color": "light_blue",
    "see_cost": 5
  },
  {
    "id": "Unknown_Lab_1",
    "type": "overmap_terrain",
    "name": "停车场",
    "sym": "O",
    "color": "dark_gray",
    "see_cost": 2,
    "allow_road": true,
    "extras": "field"
  },
  {
    "id": "Unknown_Lab_2",
    "type": "overmap_terrain",
    "name": "停车场",
    "sym": "O",
    "color": "dark_gray",
    "see_cost": 2,
    "extras": "field"
  },
  {
    "id": "Unknown_Lab_3",
    "type": "overmap_terrain",
    "name": "宿舍",
    "sym": "L",
    "color": "light_blue",
    "see_cost": 5,
    "extras": "build"
  },
  {
    "id": "Unknown_Lab_4",
    "type": "overmap_terrain",
    "name": "未知掩体",
    "sym": "L",
    "color": "light_blue",
    "see_cost": 5
  },
  {
    "id": "Unknown_Lab_b1",
    "type": "overmap_terrain",
    "name": "未知实验室",
    "sym": "L",
    "color": "light_blue",
    "see_cost": 5
  },
  {
    "id": "Unknown_Lab_b2",
    "type": "overmap_terrain",
    "name": "未知实验室",
    "sym": "L",
    "color": "light_blue",
    "see_cost": 5
  },
  {
    "id": "Unknown_Lab_b3",
    "type": "overmap_terrain",
    "name": "未知实验室",
    "sym": "L",
    "color": "light_blue",
    "see_cost": 5
  },
  {
    "id": "Unknown_Lab_b4",
    "type": "overmap_terrain",
    "name": "未知实验室",
    "sym": "L",
    "color": "light_blue",
    "see_cost": 5
  },
  {
    "id": "makeshift_command_center_1",
    "type": "overmap_terrain",
    "name": "停车场",
    "sym": "O",
    "color": "dark_gray",
    "see_cost": 2,
    "allow_road": true,
    "extras": "field"
  },
  {
    "id": "makeshift_command_center_2",
    "type": "overmap_terrain",
    "name": "临时指挥中心",
    "sym": "C",
    "color": "blue",
    "see_cost": 5
  },
  {
    "id": "makeshift_command_center_b",
    "type": "overmap_terrain",
    "name": "临时指挥中心",
    "sym": "C",
    "color": "blue",
    "see_cost": 5
  },
  {
    "id": "b_field",
    "type": "overmap_terrain",
    "name": "旷野",
    "sym": ".",
    "color": "brown",
    "see_cost": 2,
    "mondensity": 0,
    "allow_road": true,
    "extras": "field",
    "flags": [ "NO_ROTATE" ]
  },
  {
    "id": "sketchy_cabin_1",
    "type": "overmap_terrain",
    "name": "简陋小屋",
    "sym": "C",
    "color": "i_red",
    "see_cost": 5
  },
  {
    "id": "sketchy_cabin_2",
    "type": "overmap_terrain",
    "name": "废弃谷仓",
    "sym": "B",
    "color": "brown",
    "see_cost": 5
  },
  {
    "type": "overmap_terrain",
    "id": "sketchy_cabin_b1",
    "name": "地下竞技场",
    "sym": "O",
    "color": "dark_gray",
    "see_cost": 5,
    "flags": [ "KNOWN_UP" ]
  },
  {
    "type": "overmap_terrain",
    "id": "sketchy_cabin_b2",
    "name": "地下竞技场",
    "sym": "O",
    "color": "dark_gray",
    "see_cost": 5,
    "flags": [ "KNOWN_UP" ]
  },
  {
    "id": "forest_slaghter",
    "type": "overmap_terrain",
    "name": "森林",
    "//": "Designed to look like a normal forest.",
    "sym": "F",
    "color": "green",
    "see_cost": 5,
    "mondensity": 0,
    "extras": "build",
    "flags": [ "NO_ROTATE" ]
  },
  {
    "id": "plain_slaughter1",
    "type": "overmap_terrain",
    "name": "旷野",
    "//": "Designed to look like a normal plain tile.",
    "sym": ".",
    "color": "brown",
    "see_cost": 5,
    "mondensity": 0,
    "extras": "build",
    "flags": [ "NO_ROTATE" ]
  },
  {
    "id": "plain_slaughter2",
    "type": "overmap_terrain",
    "name": "旷野",
    "//": "Designed to look like a normal plain tile.",
    "sym": ".",
    "color": "brown",
    "see_cost": 5,
    "mondensity": 0,
    "extras": "build",
    "flags": [ "NO_ROTATE" ]
  },
  {
    "id": "new_fungal_territory",
    "type": "overmap_terrain",
    "name": "真菌领域",
    "sym": "t",
    "color": "cyan",
    "see_cost": 5,
    "mondensity": 0,
    "extras": "build",
    "flags": [ "NO_ROTATE" ]
  }
]
