[
	{
		"id": "TALK_ANTHRO_CUBI",
		"type": "talk_topic",
		"dynamic_line": "啊，这是什么啊！？你干了些什么！",
		"responses": [
			{
				"text": "使用血清(人)。",
				"topic": "TALK_ANTHRO_CUBI_ITS_MY_TREAT"
			},
			{
				"text": "等等，还是再考虑一下吧...",
				"topic": "TALK_DONE"
			}
		]
	},
	{
		"id": "TALK_ANTHRO_CUBI_ITS_MY_TREAT",
		"type": "talk_topic",
		"dynamic_line": "虽然无法理解发生了什么，但总而言之就是变成了人类。不能像以前一样施展能力十分很痛苦...但和其他兄弟姐妹一样，为寻找稀少猎物而疯狂，相比之下哪个好呢。",
		"responses": [
			{
				"text": "很高兴能这样说话。来。一起走吧。",
				"success": {
					"effect": "follow",
					"opinion": {
						"trust": 5,
						"value": 5
					},
					"topic": "TALK_ANTHRO_CUBI_BE_FELLOW"
				}
			},
			{
				"text": "维持你先前的立场。快过来，宠物。",
				"success": {
					"effect": "follow",
					"opinion": {
						"anger": 5,
						"fear": 5,
						"trust": -5,
						"value": 5
					},
					"topic": "TALK_ANTHRO_CUBI_BADBOY"
				}
			}
		]
	},
	{
		"id": "TALK_ANTHRO_CUBI_BE_FELLOW",
		"type": "talk_topic",
		"dynamic_line": "好的好——的。我现在变成这副摸样都是因为你的缘故、所以要好好负责啊，主——人♪",
		"responses": [
			{
				"text": "（结束对话）",
				"topic": "TALK_DONE"
			}
		]
	},
	{
		"id": "TALK_ANTHRO_CUBI_BADBOY",
		"type": "talk_topic",
		"dynamic_line": "好，很好。你这样的态度，说不定某天就会被某人从背后被刺个透心凉呢。哼。",
		"responses": [
			{
				"text": "（结束对话）",
				"topic": "TALK_DONE"
			}
		]
	}
]
