[
	{
		"id": "TALK_DEMONBEING_SCHOOLGIRL",
		"type": "talk_topic",
		"dynamic_line": [
			"yaaaa！...啊！对不起。我还以为是那些恶魔呢...",
			"啊...你还没变成恶魔吧？是吧！？"
		],
		"responses": [
			{
				"text": "冷静点，我是人类！",
				"topic": "TALK_DEMONBEING_SCHOOLGIRL_GREET"
			},
			{
				"text": "[变异] 冷静点，我是人类！...嗯，至少以前是。",
				"topic": "TALK_DEMONBEING_SCHOOLGIRL_GREET",
				"condition": {
					"u_has_any_trait": [
						"THRESH_LIZARD", "THRESH_BIRD", "THRESH_FISH", "THRESH_BEAST", "THRESH_FELINE", "THRESH_LUPINE", "THRESH_URSINE", "THRESH_CATTLE", "THRESH_INSECT", "THRESH_PLANT", "THRESH_SLIME", "THRESH_TROGLOBITE", "THRESH_CEPHALOPOD", "THRESH_SPIDER", "THRESH_RAT", "THRESH_ELFA", "THRESH_CHIMERA", "THRESH_RAPTOR", "THRESH_MOUSE", "THRESH_MARLOSS", "THRESH_MYCUS", "THRESH_FIEND"
					]
				}
			},
			{
				"text": "[变异 堕落] 不好意思啊。我已经不是人类了。",
				"trial": {
					"type": "INTIMIDATE",
					"difficulty": 100
				},
				"success": { "topic": "TALK_DONE", "effect": "flee", "opinion": { "trust": -20, "fear": 20 } },
				"failure": { "topic": "TALK_DONE", "effect": "hostile" },
				"condition": { "u_has_trait": "THRESH_FIEND" }
			}
		]
	},
	{
		"id": "TALK_DEMONBEING_SCHOOLGIRL_GREET",
		"type": "talk_topic",
		"dynamic_line": "太好了，还有个可以说话的活人...",
		"responses": [
			{
				"text": "这里发生了什么？",
				"topic": "TALK_DB_SCHOOLGIRL_WHATSHAPPEN_1"
			},
			{
				"text": "[感知 7] 对不起，但是你是人类吗？那个尾巴是...",
				"topic": "TALK_DB_SCHOOLGIRL_YOURTAIL",
				"condition": { "u_has_perception": 7 }
			},
			{
				"text": "在这种地方很危险。要一起行动吗？",
				"trial": {
					"type": "PERSUADE",
					"difficulty": 50
				},
				"success": {
					"topic": "TALK_DEMONBEING_SCHOOLGIRL_JOINME"
				},
				"failure": {
					"topic": "TALK_DEMONBEING_SCHOOLGIRL_WARY"
				}
			},
			{
				"text": "对不起，我没时间说废话。",
				"topic": "TALK_DB_SCHOOLGIRL_STAYHERE"
			}
		]
	},
	{
		"id": "TALK_DB_SCHOOLGIRL_WHATSHAPPEN_1",
		"type": "talk_topic",
		"dynamic_line": "不知道...但是突然恶魔们出现了。那个大灾难你也知道的吧？附近的学生和老师们都说要过来避难，所以才聚集到这里。然后就...",
		"responses": [
			{
				"text": "原来如此...",
				"topic": "TALK_DEMONBEING_SCHOOLGIRL_GREET"
			},
			{
				"text": "[智商 9] 为了避难才聚集到一起的吗？那么，学校不是从最初开始就被恶魔们占据的吗？",
				"topic": "TALK_DB_SCHOOLGIRL_WHATSHAPPEN_2",
				"condition": { "u_has_intelligence": 9 }
			}
		]
	},
	{
		"id": "TALK_DB_SCHOOLGIRL_WHATSHAPPEN_2",
		"type": "talk_topic",
		"dynamic_line": "是...是啊。那个恶魔们并不是从一开始就存在的。我记得避难者中混杂着陌生人。因为和校长有见过面，所以以为是亲戚什么的...是的，就是他们在院子里做一些可疑的事情！",
		"responses": [
			{
				"text": "我明白了...",
				"topic": "TALK_DEMONBEING_SCHOOLGIRL_GREET"
			}
		]
	},
	{
		"id": "TALK_DB_SCHOOLGIRL_YOURTAIL",
		"type": "talk_topic",
		"dynamic_line": "我是人类！这个尾巴...虽然稍微被袭击了一下...但是！其他什么都没有！...虽然嘴巴没有保护好...但那个是安全的！我是处女！",
		"responses": [
			{
				"text": "对不起...",
				"success": {
					"effect": "follow",
					"opinion": {
						"anger": 1
					},
					"topic": "TALK_DEMONBEING_SCHOOLGIRL_GREET"
				}
			}
		]
	},
	{
		"id": "TALK_DEMONBEING_SCHOOLGIRL_JOINME",
		"type": "talk_topic",
		"dynamic_line": "是的，当然！赶紧离开这种地方！",
		"responses": [
			{
				"text": "走吧！",
				"effect": "follow",
				"opinion": { "trust": 1, "value": 2 },
				"topic": "TALK_DONE"
			}
		]
	},
	{
		"id": "TALK_DEMONBEING_SCHOOLGIRL_WARY",
		"type": "talk_topic",
		"dynamic_line": "...对不起。我并不是不相信你...但是，我还是很害怕。",
		"responses": [
			{
				"text": "是吗，那就没办法了。",
				"topic": "TALK_DONE"
			}
		]
	},
	{
		"id": "TALK_DB_SCHOOLGIRL_STAYHERE",
		"type": "talk_topic",
		"dynamic_line": [
			{
				"u_male": [
					"哦...但是要小心哦。因为所有的男性都被那些魅魔抓住了，大家都变成了恶魔...",
					"哦...但是要小心哦。因为那些梦魇无法容忍男性..."
				],
				"u_female": [
					"哦...但是要小心哦。因为所有的女性都被那些梦魇抓住了，大家都变成了恶魔...",
					"哦...但是要小心哦。所有的女性都被那些梦魇抓住了，被侵犯，那种...比死还残酷...",
					"哦...但是要小心哦。因为那些梦魇无法容忍女性..."
				]
			}
		],
		"responses": [
			{
				"text": "(离开)",
				"topic": "TALK_DONE"
			}
		]
	}
]
