 [
	{
		"//":"在此用copy-from會導致此裝備與grenadebandolier的軀幹部位重複重疊",
		"id" : "grenade_legbelt_SEmod",
		"type": "ARMOR",
		"name": { "str": "手雷袋(腿)", "str_pl":"手雷袋(腿)" },		
		"description": "為收納手雷設計的腿掛包，方便快速取用，能放置2枚手雷。",
		"weight": "300 g",
		"volume": "600 ml",
		"price": 2000,
		"rigid": false,
		"material": "cotton",
		"symbol": "[",
		"looks_like": "leather_belt",
		"color": "dark_gray",
		"covers": [ "LEG_EITHER" ],
		"coverage": 15,
		"material_thickness": 2,
		"use_action": {
			"type": "holster",
			"holster_prompt": "Stash grenades",
			"holster_msg": "You stash your %s.",
			"multi": 2,
			"max_volume": "500 ml",
			"draw_cost": 30,
			"flags": [ "GRENADE" ]
			},
		"flags": [ "WATER_FRIENDLY", "BELTED", "WAIST" ]		
	},{
		"result": "grenade_legbelt_SEmod",
		"type": "recipe",
		"category": "CC_ARMOR",
		"subcategory": "CSC_ARMOR_STORAGE",
		"skill_used": "tailor",
		"skills_required": [ [ "gun", 1 ], [ "throw", 1 ] ],
		"difficulty": 3,
		"time": "30 m",
		"autolearn": true,
		"using": [ [ "sewing_standard", 20 ] ],
		"components": [ [ [ "rag", 4 ] ] ]
	},{
		"type": "ARMOR",
		"id" : "grenade_tacbelt_SEmod",
		"copy-from": "tacvest",
		"name": { "str": "戰術手雷腰帶", "str_pl":"戰術手雷腰帶" },		
		"description": "為收納手雷設計的戰術腰帶，方便快速取用，能放置4枚手雷。",
		"rigid": true,
		"use_action": {
			"type": "holster",
			"holster_prompt": "Stash grenades",
			"holster_msg": "You stash your %s.",
			"multi": 4,
			"max_volume": "500 ml",
			"draw_cost": 30,
			"flags": [ "GRENADE" ]
		}
	},{
		"result": "grenade_tacbelt_SEmod",
		"type": "recipe",
		"category": "CC_ARMOR",
		"subcategory": "CSC_ARMOR_STORAGE",
		"skill_used": "tailor",
		"difficulty": 5,
		"skills_required": [ "fabrication", 2 ],
		"time": "15 m",
		"autolearn": true,
		"using": [ [ "sewing_standard", 25 ] ],
		"tools": [ [ [ "surface_heat", 5, "LIST" ] ], [ [ "mold_plastic", -1 ] ] ],
		"components": [
		  [ [ "tacvest", 1 ] ]
		]
	}
 ]