 [
	{
		"type": "COMESTIBLE",
		"id": "can_spam",
		"copy-from": "can_spam",
		"name": { "str": "SPAM", "str_pl": "SPAM" },
		"//": "目前只能區別名稱，無法做出不同敘述，而且配方材料不能用sub替換，待日後格式更新，可另做一個午餐肉id，作為原午餐肉罐頭的代用品。 #0.E-2",
		"//": "描述(基本)：將肉泥混合澱粉、調味料，壓制緊實後蒸熟製成的午餐肉罐頭，簡陋的食材透露著濃濃的廢土風情。",
		"//": "描述(分支)：末日午餐肉─對你來說這是末日裡的一頓溫飽，對某人而言這就是他的末日。 變異午餐肉：至於它的原料你還是不要記得太清楚比較好。",
		"conditional_names": 
		[
			{ "type": "FLAG", "condition": "CANNIBALISM", "name": { "str": "末日午餐肉罐頭", "str_pl": "末日午餐肉罐頭" } },
			{ "type": "FLAG", "condition": "BAD_TASTE", "name": { "str": "變異午餐肉罐頭", "str_pl": "變異午餐肉罐頭" } }
		]
	},{
		"//":"配方參考罐裝肉(meat_canned)。現實中的午餐肉是把肉泥混入澱粉與調味料，最後壓實蒸熟定型而成，製作時加入些許麵粉、地瓜粉、蛋白會更加美味！",
		"type": "recipe",
		"result": "can_spam",
		"id_suffix": "canned_SEmod",
		"category": "CC_FOOD",
		"subcategory": "CSC_FOOD_MEAT",
		"skill_used": "cooking",
		"difficulty": 5,
		"time": "24 m",
		"batch_time_factors": [ 83, 5 ],
		"container": "can_medium",
		"contained": true,
		"autolearn": true,
		"qualities": [
		  { "id": "SAW_M", "level": 1 },
		  { "id": "HAMMER", "level": 1 },
		  { "id": "CUT", "level": 1 },
		  { "id": "COOK", "level": 3 }
		],
		"tools": [ [ [ "surface_heat", 10, "LIST" ] ], [ [ "can_sealer", -1 ] ] ],
		"components": [
			[ [ "can_medium_unsealed", 1 ] ],
			[ [ "scrap", 1 ] ],
			[ [ "water", 1 ], [ "water_clean", 1 ] ],
			[ [ "meat_red", 1, "LIST" ] ],
			[ [ "protein_powder", 5 ] ],
			[ [ "flour", 2 ], [ "cornmeal", 2 ] ],
			[ [ "seasoning_mild", 3, "LIST" ] ]		
		]
	},{
		"type" : "recipe",
		"result": "can_spam",
		"id_suffix": "jarred_SEmod",
		"category": "CC_FOOD",
		"subcategory": "CSC_FOOD_MEAT",
		"byproducts": [ [ "water", 10 ] ],
		"skill_used": "cooking",
		"difficulty": 4,
		"time": "30 m",
		"batch_time_factors": [ 83, 5 ],
		"container": "jar_glass_sealed",
		"contained": true,
		"autolearn": true,
		"qualities": [ { "id": "CUT", "level": 1 }, { "id": "CONTAIN", "level": 1 }, { "id": "COOK", "level": 3 } ],
		"tools": [ [ [ "surface_heat", 100, "LIST" ] ], [ [ "pot_canning", -1 ] ] ],
		"components": [ 
			[ [ "water", 11 ], [ "water_clean", 11 ] ], 
			[ [ "jar_glass", 1 ] ], 
			[ [ "meat_red", 1, "LIST" ] ],
			[ [ "protein_powder", 5 ] ],
			[ [ "flour", 2 ], [ "cornmeal", 2 ] ],
			[ [ "seasoning_mild", 3, "LIST" ] ]		
			]
	},{
		"type": "recipe",
		"result": "can_spam",
		"id_suffix": "jarred_3L_SEmod",
		"result_mult": 6,
		"byproducts": [ [ "water", 10 ] ],
		"category": "CC_FOOD",
		"subcategory": "CSC_FOOD_MEAT",
		"skill_used": "cooking",
		"difficulty": 4,
		"time": "40 m",
		"batch_time_factors": [ 83, 5 ],
		"container": "jar_3l_glass_sealed",
		"contained": true,
		"autolearn": true,
		"qualities": [ { "id": "CUT", "level": 1 }, { "id": "CONTAIN", "level": 1 }, { "id": "COOK", "level": 3 } ],
		"tools": [ [ [ "surface_heat", 200, "LIST" ] ], [ [ "pot_canning", -1 ] ] ],
		"components": [
			[ [ "water", 16 ], [ "water_clean", 16 ] ], 
			[ [ "jar_3l_glass", 1 ] ], 
			[ [ "meat_red", 6, "LIST" ] ],
			[ [ "protein_powder", 30 ] ], 
			[ [ "flour", 12 ], [ "cornmeal", 12 ] ],
			[ [ "seasoning_mild", 18, "LIST" ] ]		
			]
	},{
		"type": "recipe",
		"result": "lunchmeat",
		"id_suffix": "Survivor Extend MOD",
		"category": "CC_FOOD",
		"subcategory": "CSC_FOOD_MEAT",
		"skill_used": "cooking",
		"difficulty": 3,
		"charges": 6,
		"time": "20 m",
		"autolearn": true,
		"batch_time_factors": [ 75, 3 ],
		"qualities": [ { "id": "CUT", "level": 1 }, { "id": "CONTAIN", "level": 1 }, { "id": "COOK", "level": 3 } ],
		"components": [ 
			[ [ "water", 1 ], [ "water_clean", 1 ] ], 
			[ [ "meat_red", 1, "LIST" ] ],
			[ [ "protein_powder", 5 ] ],
			[ [ "flour", 2 ], [ "cornmeal", 2 ] ],
			[ [ "seasoning_mild", 3, "LIST" ] ]		
			]
	}
 ]