[
	{
        "type":"COMESTIBLE",
        "id": "wxkj_ore_Ti_1",
	      	"category" : "wxkj_ore",
        "name": "钛矿石",
        "name_plural": "钛矿石",
        "description": "一块小型的钛矿石,有多种用途",
        "symbol": "*",
        "color": "red",
        "volume" : 800,		
		      "weight": 4510,  
        "stack_size" : 200,
        "//":"钛的密度是4.51g每1立方厘米",
        "material": ["wxkj_meterial_Ti"]
		},
	{
        "type":"COMESTIBLE",
        "id": "wxkj_ore_Ti_2",
	      	"category" : "wxkj_ore",
        "name": "钛矿石",
        "name_plural": "钛矿石",
        "description": "一大块钛矿石,有多种用途.",
        "symbol": "*",
        "color": "red",
        "volume" : 8000,		
		      "weight": 45100,  
        "stack_size" : 200,
        "material": ["wxkj_meterial_Ti"]
		},
		{
        "type":"COMESTIBLE",
        "id": "wxkj_ore_Ti_3",
	      	"category" : "wxkj_ore",
        "name": "钛矿石",
        "name_plural": "钛矿石",
        "description": "一块巨大的钛矿石,有多种用途.",
        "symbol": "*",
        "color": "red",
        "volume" : 80000,		
		      "weight": 451000,  
        "stack_size" : 200,
        "material": ["wxkj_meterial_Ti"]
		}
		]