[

{
    
"type": "MOD_INFO",
    
"mod_type": "SUPPLEMENTAL",
    
"ident": "WXSK_pokemmo_1.0",
    
"name": "神奇宝贝",

"dependencies": [ "dda","WXSK_190919_1" ],

"version": "1.0",
    
"description": "添加一些神奇宝贝中的精灵及相关地形.\n注意:此mod需要与无限时空同时加载.\n使用此mod建议使用以下贴图包,以获得更佳的视觉体验\nMSX++DEAD_PEOPLE\nMshockXottoplus\nMShock32Modded\nChestHole_iso\nChestHole32\n由于Mod制作时未经过长时间的游戏测试,可能会有些bug或不合理之处,诺发现请联系作者,作者将酌情修改.\nQQ:2351797648\n发布时间: 2019.9.19 09:50",
    
"authors": ["青青子衿"],
"maintainers": ["青青子衿"],
    
"category": "content",
"path": ""

    }

]



