[

{
    
"type": "MOD_INFO",
    
"mod_type": "SUPPLEMENTAL",
    
"ident": "WXSK_190913_1",
    
"name": "果树种植",

"dependencies": [ "dda" ],

"version": "v1.0(0.D-9575)",
    
"description": "修正果树产量，添加各类果树的种植方法，如苹果树，樱桃树等...果树在春夏季种植，种下后按e激活果树.\n由于Mod制作时未经过长时间的游戏测试,可能会有些bug或不合理之处,诺发现请联系作者,作者将酌情修改.\nQQ:2351797648\n发布时间: 2019.9.13 14:40",
    
"authors": ["青青子衿"],
"maintainers": ["青青子衿"],
    
"category": "other",
"path": ""

    }

]



