[
{
    "id": "wxkj_zl_sj",
    "name": "治疗水晶(初级)",
    "plural": "治疗水晶(初级)",
    "description": "治疗水晶,里面布置着一个法阵，能够辅助使用者无消耗施放特定法术:初级治疗术\n※这个法术只能对自己或友好目标施放.\n※你得要先学会这个法术才能凭借水晶无消耗施法.",
    "type": "TOOL",	
   	"category" : "wxkj_lq_lq",
    "weight": 230,
    "volume": 2,
    "price": 10000,
    "bashing": 3,
    "to_hit": 2,
    "material": [ "wood" ],
    "symbol": "|",
    "color": "brown",   
   	"ammo": "crystallized_mana",
   	"charges_per_use": 1,
    "use_action": {   
    "type": "cast_spell", 
    "spell_id": "wxkj_cjzls", 
    "no_fail": true, 
    "level": 3
    },
    "magazines": 
    [ 
 [ "crystallized_mana", [ "tiny_mana_crystal" ]  ] 
    ],
    "magazine_well": 1
  },
  {
		"type" : "recipe",
		"result" : "wxkj_zl_sj",
		"category" : "CC_无限商店",
		"subcategory": "CSC_无限商店_道具",
    "time": 100,
    "qualities": [ { "id": "INTERNET", "level": 1 } ],
    "reversible": false,
	"autolearn": true,
	"skill_used": "WX_bug_skdh",
	"difficulty": 1,				    
    "book_learn" : [ ["wxkj_book_jl",1] ],
    "flags": ["BLIND_EASY"],
    "components": [
      [ [ "SKJB", 1000 ] ]    
    ]
  }  
       
  ]