[
{
        "type" : "overmap_special",
        "id" : "kdyg_sl_z1",
        "overmaps" : [
        { "point":[0,0,0], 
        "overmap":"KDYG_SL_Z_00_north"}, 
        { "point":[0,1,0], 
        "overmap":"KDYG_SL_Z_01_north"},
        { "point":[0,2,0], 
        "overmap":"KDYG_SL_Z_02_north"}, 
        { "point":[1,0,0],
        "overmap": "KDYG_SL_Z_10_north"},
        { "point":[1,1,0], 
        "overmap":"KDYG_SL_Z_11_north"},
        { "point":[1,2,0], 
        "overmap":"KDYG_SL_Z_12_north"},
        { "point":[2,0,0], 
        "overmap":"KDYG_SL_Z_20_north"},
        { "point":[2,1,0], 
        "overmap":"KDYG_SL_Z_21_north"},
        { "point":[2,2,0], 
        "overmap":"KDYG_SL_Z_22_north"}
        ],
        "locations" : [ "forest" ],
        "city_distance": [ 2, 12 ],   
        "occurrences": [ 1, 2 ],
        "rotate" : true,
        "flags" : [ "CLASSIC" ] 
    }
    
    
    ]