[
	{
		"type" : "recipe",
		"result": "manual_gun",
		"category": "CC_超凡",
		"subcategory": "CSC_超凡_无界",
		"skill_used": "computer",
		"skills_required": [["GS_int", 4],["gun", 0]],		
		"difficulty": 0,
		"time": 15000,
		"autolearn": true,
		"tools":
		[
			[
			 [ "GS_book_freedom", -1 ]
			]
		],
		"components": 
		[
			[
			 [ "destiny_copper", 50]
			]
		]
	},{
		"type" : "recipe",
		"result": "recipe_bullets",
		"category": "CC_超凡",
		"subcategory": "CSC_超凡_无界",
		"skill_used": "computer",
		"skills_required": [["GS_int", 6],["fabrication", 3],["gun", 3]],		
		"difficulty": 0,
		"time": 15000,
		"autolearn": true,
		"tools": 
		[
			[
			[ "GS_book_freedom", -1 ]
			]
		],
		"components": 
		[
			[
			 [ "destiny_copper", 50]
			]
		]
	}
]