[
  {
    "id": "mon_imp",
    "type": "MONSTER",
    "name": "厄运小鬼",
    "description": "这是恶魔部队的先锋，利用利爪与火焰进行攻击。外观就像一个烧焦了的人类。",
    "default_faction": "doom",
    "species": [ "ABERRATION" ],
    "diff": 12,
    "size": "MEDIUM",
    "harvest": "zombie_leather",
    "hp": 75,
    "speed": 110,
    "material": [ "flesh" ],
    "symbol": "i",
    "color": "brown",
    "aggression": 30,
    "morale": 30,
    "melee_skill": 5,
    "melee_dice": 2,
    "melee_dice_sides": 5,
    "melee_cut": 5,
    "dodge": 2,
    "armor_bash": 2,
    "armor_cut": 2,
    "armor_acid": 1,
    "armor_fire": 5,
    "vision_day": 40,
    "vision_night": 4,
    "path_settings": { "max_dist": 30 },
    "starting_ammo": { "flaming_skull": 66 },
    "special_attacks": [
      [ "scratch", 20 ],
      [ "LUNGE", 40 ],
      [ "wound_minor", 30 ],
      { "type": "leap", "cooldown": 25, "max_range": 4 },
      { "type": "bite", "cooldown": 30, "no_infection_chance": 9 },
      {
        "type": "gun",
        "cooldown": 5,
        "move_cost": 150,
        "gun_type": "hell_ball",
        "ammo_type": "flaming_skull",
        "fake_skills": [ [ "gun", 2 ] ],
        "fake_dex": 13,
        "fake_per": 6,
        "max_ammo": 1000,
        "ranges": [ [ 1, 13, "DEFAULT" ] ],
        "targeting_cost": 200,
        "targeting_sound": "RAAAAGHH!",
        "targeting_volume": 25,
        "description": "厄运小鬼释放了一个火球！",
        "no_ammo_sound": "RAAGH?"
      }
    ],
    "death_function": [ "NORMAL" ],
    "burn_into": "mon_imp_revive",
    "flags": [ "SEES", "HEARS", "WARM", "BASHES", "POISON", "BLEED", "BONES", "CLIMBS", "PUSH_MON", "GROUP_MORALE" ]
  },
  {
    "id": "mon_imp_black",
    "type": "MONSTER",
    "name": "厄运小鬼（精英）",
    "description": "一只精英厄运小鬼，拥有黑色的皮肤。带领它的同胞一起战斗。利用利爪与火焰进行攻击。外观就像一个烧焦了的人类。",
    "default_faction": "upper_doom",
    "species": [ "ABERRATION" ],
    "diff": 12,
    "size": "MEDIUM",
    "harvest": "zombie_leather",
    "hp": 80,
    "speed": 110,
    "material": [ "flesh" ],
    "symbol": "i",
    "color": "brown",
    "aggression": 30,
    "morale": 60,
    "melee_skill": 5,
    "melee_dice": 2,
    "melee_dice_sides": 6,
    "melee_cut": 6,
    "dodge": 2,
    "armor_bash": 4,
    "armor_cut": 4,
    "armor_acid": 3,
    "armor_fire": 7,
    "vision_day": 40,
    "vision_night": 4,
    "path_settings": { "max_dist": 30 },
    "starting_ammo": { "flaming_ball": 66 },
    "special_attacks": [
      [ "LUNGE", 40 ],
      [ "scratch", 40 ],
      [ "slash", 40 ],
      [ "wound_minor", 30 ],
      { "type": "leap", "cooldown": 25, "max_range": 4 },
      { "type": "bite", "cooldown": 30, "no_infection_chance": 9 },
      {
        "type": "gun",
        "cooldown": 5,
        "move_cost": 150,
        "gun_type": "hell_ball",
        "ammo_type": "flaming_ball",
        "fake_skills": [ [ "gun", 2 ] ],
        "fake_str": 10,
        "fake_dex": 13,
        "fake_per": 7,
        "max_ammo": 1000,
        "ranges": [ [ 2, 17, "DEFAULT" ] ],
        "targeting_cost": 250,
        "targeting_sound": "RAAHHI!",
        "targeting_volume": 25,
        "description": "精英厄运小鬼释放了一个火球！",
        "no_ammo_sound": "RAAGH?"
      }
    ],
    "death_function": [ "NORMAL" ],
    "flags": [ "SEES", "HEARS", "PATH_AVOID_DANGER_1", "WARM", "BASHES", "POISON", "BLEED", "CLIMBS", "PUSH_MON", "GROUP_MORALE" ]
  },
  {
    "id": "mon_pinky",
    "type": "MONSTER",
    "name": "粉红恶魔",
    "description": "恶魔将融入阴影中伏击受害者。全身皮肤呈现一种诡异的粉红色，拥有超乎寻常的下颚和长度惊人的獠牙。",
    "default_faction": "doom",
    "species": [ "ABERRATION" ],
    "diff": 16,
    "size": "LARGE",
    "harvest": "zombie_leather",
    "hp": 140,
    "speed": 95,
    "material": [ "flesh" ],
    "symbol": "D",
    "color": "red",
    "aggression": 60,
    "morale": 80,
    "melee_skill": 5,
    "melee_dice": 3,
    "melee_dice_sides": 7,
    "melee_cut": 4,
    "dodge": 2,
    "armor_bash": 6,
    "armor_cut": 4,
    "armor_stab": 8,
    "armor_acid": 1,
    "armor_fire": 8,
    "vision_day": 35,
    "vision_night": 10,
    "path_settings": { "max_dist": 20 },
    "special_attacks": [
      [ "GRAB_DRAG", 10 ],
      [ "hammer", 20 ],
      [ "wound_minor", 30 ],
      {
        "type": "bite",
        "cooldown": 5,
        "accuracy": 4,
        "no_infection_chance": 9,
        "damage_max_instance": [
          { "damage_type": "stab", "amount": 10, "armor_multiplier": 0.5 },
          { "damage_type": "bash", "amount": 18, "armor_multiplier": 0.5 }
        ]
      }
    ],
    "death_function": [ "NORMAL" ],
    "burn_into": "mon_pinky_revive",
    "flags": [ "SEES", "HEARS", "SMELLS", "WARM", "BASHES", "BLEED", "PUSH_MON", "GROUP_BASH", "NIGHT_INVISIBILITY", "GROUP_MORALE" ]
  },
  {
    "id": "mon_lostsoul",
    "type": "MONSTER",
    "name": "火焰骷髅头",
    "description": "一个骷髅头盘旋在一堆火焰上方，移动速度非常快。",
    "default_faction": "doom",
    "species": [ "ABERRATION" ],
    "diff": 10,
    "size": "TINY",
    "harvest": "exempt",
    "hp": 5,
    "speed": 200,
    "material": [ "bone" ],
    "symbol": "o",
    "color": "red_white",
    "aggression": 80,
    "morale": 70,
    "melee_skill": 3,
    "melee_dice": 1,
    "melee_dice_sides": 13,
    "melee_cut": 2,
    "dodge": 2,
    "armor_bash": 4,
    "armor_cut": 6,
    "armor_stab": 20,
    "armor_acid": 1,
    "vision_day": 35,
    "vision_night": 5,
    "path_settings": { "max_dist": 30 },
    "luminance": 10,
    "starting_ammo": { "flaming_skull": 66 },
    "emit_fields": [ "emit_fire_small" ],
    "special_attacks": [
      [ "LUNGE", 20 ],
      [ "wound_minor", 10 ],
      {
        "type": "gun",
        "cooldown": 5,
        "move_cost": 300,
        "gun_type": "hell_ball",
        "ammo_type": "flaming_skull",
        "fake_skills": [ [ "gun", 1 ], [ "pistol", 1 ] ],
        "fake_str": 5,
        "fake_dex": 15,
        "fake_per": 9,
        "max_ammo": 1000,
        "ranges": [ [ 0, 1, "DEFAULT" ] ],
        "targeting_cost": 300,
        "targeting_sound": "skaaah!",
        "targeting_volume": 15,
        "description": "火焰骷髅的口中喷出了一股火焰。",
        "no_ammo_sound": "skiiiissh"
      }
    ],
    "flags": [ "SEES", "STUMBLES", "FLIES", "POISON", "NO_BREATHE", "NOGIB", "HARDTOSHOOT", "FIREY", "SWARMS", "HIT_AND_RUN" ]
  },
  {
    "id": "mon_revenant",
    "type": "MONSTER",
    "name": "复生者",
    "description": "这是一个有着半透明肉体的复生者，这是恶魔军队的中坚力量，每个肩膀上都有一个发射的火箭。它的冲力可以击碎人的骨头。",
    "default_faction": "doom",
    "species": [ "ABERRATION" ],
    "diff": 20,
    "size": "MEDIUM",
    "harvest": "mr_bones",
    "hp": 110,
    "speed": 95,
    "material": [ "bone" ],
    "symbol": "R",
    "color": "white",
    "aggression": 80,
    "morale": 90,
    "melee_skill": 6,
    "melee_dice": 3,
    "melee_dice_sides": 10,
    "dodge": 3,
    "armor_bash": 5,
    "armor_cut": 15,
    "armor_stab": 25,
    "armor_acid": 4,
    "armor_fire": 3,
    "vision_day": 45,
    "vision_night": 4,
    "path_settings": { "max_dist": 30 },
    "starting_ammo": { "bot_manhack_missile": 16 },
    "special_attacks": [ [ "RANGED_PULL", 20 ], [ "GRENADIER", 40 ], [ "GRENADIER_ELITE", 50 ] ],
    "death_drops": {
      "subtype": "collection",
      "groups": [ [ "revenant_death_drops", 75 ] ],
      "//": "Sometimes drops its manhacks.  Sometimes it drops grenade-style bombs."
    },
    "death_function": [ "NORMAL" ],
    "flags": [ "SEES", "HEARS", "PRIORITIZE_TARGETS", "NO_BREATHE", "PUSH_MON", "BASHES", "GROUP_BASH" ]
  },
  {
    "id": "mon_hell_knight",
    "type": "MONSTER",
    "name": "地狱骑士",
    "description": "一只高大的怪物，长的就像罗马神话里的半人半兽森林之神。是恶魔军队的成员之一，跟随地狱男爵一起战斗。可以发射致命的等离子爆炸。",
    "default_faction": "upper_doom",
    "species": [ "ABERRATION" ],
    "diff": 20,
    "size": "LARGE",
    "harvest": "zombie_leather",
    "hp": 160,
    "speed": 90,
    "material": [ "flesh" ],
    "symbol": "K",
    "color": "red_yellow",
    "aggression": 100,
    "morale": 100,
    "melee_skill": 6,
    "melee_dice": 2,
    "melee_dice_sides": 13,
    "melee_cut": 3,
    "dodge": 1,
    "armor_bash": 6,
    "armor_cut": 10,
    "armor_acid": 3,
    "armor_fire": 10,
    "vision_day": 50,
    "vision_night": 5,
    "path_settings": { "max_dist": 50 },
    "starting_ammo": { "hell_plasma_k": 66 },
    "special_attacks": [
      [ "SMASH", 60 ],
      [ "slash", 40 ],
      [ "GRAB", 40 ],
      {
        "id": "hammer",
        "cooldown": 30,
        "moves": 220,
        "damage_max_instance": [
          { "damage_type": "bash", "amount": 20, "armor_multiplier": 0.8 },
          { "damage_type": "cut", "amount": 6, "armor_multiplier": 0.8 }
        ]
      },
      {
        "type": "gun",
        "cooldown": 5,
        "move_cost": 150,
        "gun_type": "hell_plasma",
        "ammo_type": "hell_plasma_k",
        "fake_skills": [ [ "gun", 3 ], [ "rifle", 1 ] ],
        "fake_str": 17,
        "fake_dex": 9,
        "fake_per": 10,
        "max_ammo": 1000,
        "ranges": [ [ 2, 17, "DEFAULT" ] ],
        "targeting_cost": 200,
        "targeting_sound": "ROOAWNNT!!",
        "targeting_volume": 40,
        "description": "地狱骑士拍了拍手掌。",
        "no_ammo_sound": "Rooar?"
      }
    ],
    "death_function": [ "NORMAL" ],
    "burn_into": "mon_hell_knight_revive",
    "flags": [ "SEES", "HEARS", "SMELLS", "PATH_AVOID_DANGER_1", "WARM", "BASHES", "GROUP_BASH", "POISON", "PUSH_MON", "BLEED" ]
  },
  {
    "id": "mon_hell_baron",
    "type": "MONSTER",
    "name": "地狱男爵",
    "description": "一只高大的怪物，长的就像罗马神话里的半人半兽森林之神。是恶魔军队的统领之一。可以发射致命的等离子爆炸。",
    "default_faction": "upper_doom",
    "species": [ "ABERRATION" ],
    "diff": 30,
    "size": "LARGE",
    "harvest": "zombie_leather",
    "hp": 200,
    "speed": 90,
    "material": [ "flesh" ],
    "symbol": "K",
    "color": "i_red",
    "aggression": 100,
    "morale": 150,
    "melee_skill": 7,
    "melee_dice": 2,
    "melee_dice_sides": 13,
    "melee_cut": 5,
    "dodge": 2,
    "armor_bash": 8,
    "armor_cut": 12,
    "armor_acid": 3,
    "armor_fire": 12,
    "vision_day": 50,
    "vision_night": 7,
    "path_settings": { "max_dist": 50 },
    "starting_ammo": { "hell_plasma_b": 66 },
    "special_attacks": [
      [ "SMASH", 40 ],
      [ "GRAB", 30 ],
      [ "slash", 30 ],
      [ "FLESH_GOLEM", 20 ],
      {
        "id": "hammer",
        "cooldown": 30,
        "moves": 220,
        "damage_max_instance": [
          { "damage_type": "bash", "amount": 20, "armor_multiplier": 0.8 },
          { "damage_type": "cut", "amount": 6, "armor_multiplier": 0.8 }
        ]
      },
      {
        "type": "gun",
        "cooldown": 5,
        "move_cost": 150,
        "gun_type": "hell_plasma",
        "ammo_type": "hell_plasma_b",
        "fake_skills": [ [ "gun", 5 ], [ "rifle", 2 ] ],
        "fake_str": 17,
        "fake_dex": 9,
        "fake_per": 10,
        "max_ammo": 1000,
        "ranges": [ [ 2, 25, "DEFAULT" ] ],
        "targeting_cost": 300,
        "targeting_sound": "!!ROOOWWNT!!",
        "targeting_volume": 35,
        "description": "地狱男爵手中发射了一个等离子球！",
        "no_ammo_sound": "Rownt:("
      }
    ],
    "death_function": [ "NORMAL" ],
    "flags": [
      "SEES",
      "HEARS",
      "SMELLS",
      "PATH_AVOID_DANGER_1",
      "PRIORITIZE_TARGETS",
      "WARM",
      "BASHES",
      "GROUP_BASH",
      "DESTROYS",
      "POISON",
      "PUSH_MON",
      "BLEED"
    ]
  },
  {
    "id": "mon_mancubus",
    "type": "MONSTER",
    "name": "马库巴斯",
    "description": "行动缓慢，体积巨大的猪脸怪物，会发射火球来攻击玩家。",
    "default_faction": "upper_doom",
    "species": [ "ABERRATION" ],
    "diff": 25,
    "size": "LARGE",
    "harvest": "zombie_leather",
    "hp": 240,
    "speed": 70,
    "material": [ "flesh" ],
    "symbol": "M",
    "color": "i_red",
    "aggression": 100,
    "morale": 120,
    "melee_skill": 3,
    "melee_dice": 2,
    "melee_dice_sides": 12,
    "dodge": 1,
    "armor_bash": 12,
    "armor_cut": 6,
    "armor_stab": 8,
    "armor_acid": 4,
    "armor_fire": 17,
    "vision_day": 40,
    "vision_night": 3,
    "luminance": 5,
    "path_settings": { "max_dist": 25 },
    "starting_ammo": { "hell_napalm": 122 },
    "special_attacks": [
      [ "SMASH", 30 ],
      [ "hammer", 20 ],
      [ "FLAMETHROWER", 60 ],
      {
        "type": "gun",
        "cooldown": 4,
        "move_cost": 200,
        "gun_type": "hell_laser_napalm",
        "ammo_type": "hell_napalm",
        "fake_skills": [ [ "launcher", 3 ] ],
        "fake_str": 25,
        "fake_dex": 8,
        "fake_per": 9,
        "max_ammo": 1000,
        "ranges": [ [ 3, 11, "DEFAULT" ], [ 12, 19, "AUTO" ] ],
        "targeting_cost": 200,
        "targeting_sound": "fppphh~!",
        "targeting_volume": 50,
        "description": "马库巴斯举起了它的武器。",
        "no_ammo_sound": "BLOOOWM!"
      }
    ],
    "flags": [
      "SEES",
      "HEARS",
      "PRIORITIZE_TARGETS",
      "STUMBLES",
      "WARM",
      "BASHES",
      "GROUP_BASH",
      "DESTROYS",
      "POISON",
      "BLEED",
      "NO_BREATHE",
      "PUSH_MON"
    ]
  },
  {
    "id": "mon_cacodemon",
    "type": "MONSTER",
    "name": "独眼恶魔",
    "description": "一个长满尖牙的深红色邪恶球体，从嘴巴里面喷出带满了等离子的血浆。",
    "default_faction": "doom",
    "species": [ "ABERRATION" ],
    "diff": 20,
    "size": "MEDIUM",
    "harvest": "arachnid_tainted",
    "hp": 140,
    "speed": 80,
    "material": [ "flesh" ],
    "symbol": "C",
    "color": "i_red",
    "aggression": 70,
    "morale": 70,
    "melee_skill": 6,
    "melee_dice": 2,
    "melee_dice_sides": 15,
    "melee_cut": 10,
    "dodge": 3,
    "armor_bash": 8,
    "armor_cut": 16,
    "armor_stab": 10,
    "armor_acid": 6,
    "armor_fire": 6,
    "vision_day": 40,
    "vision_night": 10,
    "path_settings": { "max_dist": 25 },
    "starting_ammo": { "hell_plasma_c": 122 },
    "special_attacks": [
      [ "wound_minor", 30 ],
      {
        "type": "bite",
        "cooldown": 20,
        "accuracy": 4,
        "no_infection_chance": 9,
        "damage_max_instance": [ { "damage_type": "stab", "amount": 35, "armor_multiplier": 0.5 } ]
      },
      {
        "type": "gun",
        "cooldown": 3,
        "move_cost": 95,
        "gun_type": "hell_plasma",
        "ammo_type": "hell_plasma_c",
        "fake_skills": [ [ "gun", 1 ], [ "rifle", 5 ] ],
        "fake_str": 16,
        "fake_dex": 5,
        "fake_per": 8,
        "max_ammo": 1000,
        "ranges": [ [ 3, 30, "DEFAULT" ] ],
        "targeting_cost": 300,
        "targeting_sound": "SKIIIEEEE",
        "targeting_volume": 30,
        "description": "独眼恶魔张开了嘴巴。一股等离子波动喷涌而出。",
        "no_ammo_sound": "HIiiiss?"
      }
    ],
    "death_function": [ "NORMAL" ],
    "burn_into": "mon_cacodemon_revive",
    "flags": [ "SEES", "HEARS", "SMELLS", "FLIES", "POISON", "ARTHROPOD_BLOOD", "BLEED", "BASHES", "PUSH_MON" ]
  },
  {
    "id": "mon_mechaspider",
    "type": "MONSTER",
    "name": "机械蜘蛛",
    "description": "金属梁支撑着一个封闭的大脑，这个激光机器人取材于老派科幻小说。",
    "default_faction": "doom",
    "species": [ "ABERRATION" ],
    "diff": 25,
    "size": "LARGE",
    "harvest": "exempt",
    "hp": 140,
    "speed": 85,
    "material": [ "steel" ],
    "symbol": "A",
    "color": "i_white",
    "aggression": 50,
    "morale": 50,
    "melee_skill": 3,
    "melee_dice": 1,
    "melee_dice_sides": 12,
    "dodge": 1,
    "armor_bash": 10,
    "armor_cut": 20,
    "armor_acid": 5,
    "armor_fire": 8,
    "vision_day": 45,
    "vision_night": 5,
    "path_settings": { "max_dist": 50 },
    "starting_ammo": { "hell_laser": 264, "bot_cherub": 3, "bot_cherub_fly": 1 },
    "special_attacks": [
      [ "wound_minor", 30 ],
      [ "GRENADIER", 25 ],
      {
        "type": "gun",
        "cooldown": 5,
        "move_cost": 400,
        "gun_type": "hell_laser_gun",
        "ammo_type": "hell_laser",
        "fake_skills": [ [ "gun", 3 ], [ "rifle", 3 ] ],
        "fake_str": 33,
        "fake_dex": 9,
        "fake_per": 13,
        "max_ammo": 1000,
        "ranges": [ [ 3, 50, "AUTO" ] ],
        "targeting_cost": 200,
        "targeting_sound": "Vvvoooooooo-",
        "targeting_volume": 50,
        "description": "机械蜘蛛发射了激光步枪。",
        "no_ammo_sound": "-哔哔-哔哔-哔哔-"
      }
    ],
    "death_function": [ "SMOKEBURST", "BROKEN" ],
    "flags": [
      "SEES",
      "HEARS",
      "PATH_AVOID_DANGER_2",
      "PRIORITIZE_TARGETS",
      "STUMBLES",
      "WARM",
      "ELECTRONIC",
      "NO_BREATHE",
      "PUSH_MON",
      "INTERIOR_AMMO"
    ]
  },
  {
    "id": "mon_mechaspider_queen",
    "type": "MONSTER",
    "name": "机械蜘蛛女王",
    "description": "一个巨大的机械蜘蛛，拥有坚固的外壳，粗壮的金属支臂上面安装着三管加特林机枪。",
    "default_faction": "doom",
    "species": [ "ABERRATION" ],
    "diff": 45,
    "size": "HUGE",
    "harvest": "exempt",
    "hp": 360,
    "speed": 85,
    "material": [ "steel" ],
    "symbol": "A",
    "color": "white",
    "aggression": 30,
    "morale": 60,
    "melee_skill": 4,
    "melee_dice": 1,
    "melee_dice_sides": 60,
    "dodge": 1,
    "armor_bash": 15,
    "armor_cut": 25,
    "armor_acid": 5,
    "armor_fire": 8,
    "vision_day": 45,
    "vision_night": 15,
    "path_settings": { "max_dist": 50 },
    "starting_ammo": { "hell_laser_queen": 666, "bot_cherub": 18, "bot_cherub_fly": 7 },
    "special_attacks": [
      [ "UPGRADE", 10 ],
      [ "GRENADIER", 10 ],
      { "id": "hammer", "damage_max_instance": [ { "damage_type": "bash", "amount": 35, "armor_multiplier": 0.8 } ] },
      {
        "type": "gun",
        "cooldown": 3,
        "move_cost": 350,
        "gun_type": "hell_laser_gun_queen",
        "ammo_type": "hell_laser_queen",
        "fake_skills": [ [ "gun", 3 ], [ "rifle", 3 ] ],
        "fake_str": 33,
        "fake_dex": 9,
        "fake_per": 13,
        "max_ammo": 1000,
        "ranges": [ [ 3, 50, "AUTO" ] ],
        "targeting_cost": 200,
        "targeting_sound": "rrraaaaaAHHHH-",
        "targeting_volume": 50,
        "description": "机械蜘蛛发射了激光步枪。",
        "no_ammo_sound": "-哔哔-哔哔-哔哔-"
      }
    ],
    "death_function": [ "SMOKEBURST", "MELT" ],
    "flags": [
      "SEES",
      "HEARS",
      "PATH_AVOID_DANGER_2",
      "PRIORITIZE_TARGETS",
      "STUMBLES",
      "WARM",
      "ELECTRONIC",
      "NO_BREATHE",
      "PUSH_MON",
      "INTERIOR_AMMO"
    ]
  },
  {
    "id": "mon_cherub",
    "type": "MONSTER",
    "name": "厄运小恶魔",
    "description": "一只小恶魔，没有腿，但是长着一张娃娃脸和一对小翅膀。它似乎可以利用小翅膀滑翔到敌人身边进行攻击。它的利爪可以穿透最坚硬的护甲。",
    "default_faction": "doom",
    "species": [ "ABERRATION" ],
    "diff": 18,
    "size": "SMALL",
    "harvest": "zombie",
    "hp": 18,
    "speed": 120,
    "material": [ "flesh" ],
    "symbol": "c",
    "color": "yellow",
    "aggression": 60,
    "morale": 30,
    "melee_skill": 4,
    "melee_dice": 2,
    "melee_dice_sides": 3,
    "melee_damage": [ { "damage_type": "biological", "amount": 3 } ],
    "dodge": 4,
    "armor_bash": 2,
    "armor_cut": 3,
    "vision_day": 20,
    "vision_night": 7,
    "special_attacks": [
      [ "wound_minor", 10 ],
      {
        "id": "scratch",
        "damage_max_instance": [ { "damage_type": "cut", "amount": 8 }, { "damage_type": "biological", "amount": 2 } ]
      },
      { "type": "leap", "cooldown": 20, "max_range": 6 }
    ],
    "upgrades": { "half_life": 128, "into": "mon_cherub_fly" },
    "death_function": [ "MELT" ],
    "anger_triggers": [ "PLAYER_WEAK", "STALK" ],
    "fear_triggers": [ "HURT", "FRIEND_DIED" ],
    "flags": [ "SEES", "SMELLS", "HEARS", "WEBWALK", "CLIMBS", "HIT_AND_RUN", "PUSH_MON", "SWARMS", "GROUP_MORALE" ]
  },
  {
    "id": "mon_cherub_fly",
    "type": "MONSTER",
    "name": "飞翔的厄运小恶魔",
    "copy-from": "mon_cherub",
    "hp": 22,
    "speed": 125,
    "aggression": 40,
    "morale": 40,
    "melee_damage": [ { "damage_type": "biological", "amount": 5 } ],
    "dodge": 6,
    "starting_ammo": { "bot_cherub": 1 },
    "special_attacks": [
      [ "wound_minor", 10 ],
      [ "GRENADIER", 15 ],
      {
        "id": "scratch",
        "damage_max_instance": [ { "damage_type": "cut", "amount": 8 }, { "damage_type": "biological", "amount": 3 } ]
      }
    ],
    "flags": [ "SEES", "SMELLS", "HEARS", "FLIES", "HIT_AND_RUN", "PUSH_MON", "SWARMS", "GROUP_MORALE", "HARDTOSHOOT" ]
  },
  {
    "id": "mon_cyberdemon",
    "type": "MONSTER",
    "name": "机械牛魔王",
    "description": "一只巨大的人形机器，安装了很多复杂的动力机械和仿生组件。手臂上安装了一只巨大的霰弹枪。",
    "default_faction": "upper_doom",
    "species": [ "ABERRATION" ],
    "diff": 50,
    "size": "HUGE",
    "harvest": "zombie_leather",
    "hp": 500,
    "speed": 100,
    "material": [ "flesh" ],
    "symbol": "C",
    "color": "white_red",
    "aggression": 50,
    "morale": 150,
    "melee_skill": 10,
    "melee_dice": 4,
    "melee_dice_sides": 20,
    "melee_cut": 20,
    "dodge": 1,
    "armor_bash": 18,
    "armor_cut": 21,
    "armor_stab": 12,
    "armor_acid": 6,
    "armor_fire": 12,
    "vision_day": 50,
    "vision_night": 5,
    "path_settings": { "max_dist": 35 },
    "starting_ammo": { "cyber_rocket": 99 },
    "special_attacks": [
      {
        "id": "hammer",
        "moves": 250,
        "damage_max_instance": [ { "damage_type": "bash", "amount": 75, "armor_multiplier": 0.8 } ]
      },
      {
        "type": "gun",
        "cooldown": 5,
        "move_cost": 500,
        "gun_type": "hell_launcher",
        "ammo_type": "cyber_rocket",
        "fake_skills": [ [ "gun", 4 ], [ "launcher", 4 ] ],
        "fake_str": 33,
        "fake_dex": 9,
        "fake_per": 13,
        "max_ammo": 1000,
        "ranges": [ [ 1, 50, "DEFAULT" ] ],
        "targeting_cost": 300,
        "targeting_sound": "一阵猛烈的哀鸣！",
        "targeting_volume": 70,
        "description": "机械牛魔王举起了霰弹枪。",
        "no_ammo_sound": "ROOOAAAAAaat"
      }
    ],
    "death_function": [ "NORMAL", "SMOKEBURST" ],
    "flags": [
      "SEES",
      "HEARS",
      "PRIORITIZE_TARGETS",
      "WARM",
      "POISON",
      "BLEED",
      "BASHES",
      "DESTROYS",
      "NO_BREATHE",
      "PUSH_MON",
      "ATTACKMON"
    ]
  },
  {
    "id": "mon_doom_churl",
    "type": "MONSTER",
    "name": "农夫",
    "description": "一个被折磨的奴隶;一个活着的幸存者，挨打，挨饿，穿着破烂的衣服，挥舞着粗糙的武器。他们看起来饿得什么都能吃。",
    "default_faction": "doom",
    "species": [ "MAMMAL" ],
    "diff": 16,
    "size": "MEDIUM",
    "hp": 65,
    "speed": 115,
    "material": [ "flesh" ],
    "harvest": "human",
    "symbol": "@",
    "color": "red",
    "aggression": 60,
    "morale": 40,
    "melee_skill": 6,
    "melee_dice": 2,
    "melee_dice_sides": 7,
    "melee_cut": 8,
    "dodge": 3,
    "armor_bash": 5,
    "armor_cut": 5,
    "special_attacks": [
      [ "wound_minor", 20 ],
      {
        "id": "scratch",
        "damage_max_instance": [
          { "damage_type": "cut", "amount": 10, "armor_multiplier": 0.85 },
          { "damage_type": "bash", "amount": 10, "armor_multiplier": 0.85 }
        ]
      }
    ],
    "death_drops": { "subtype": "collection", "groups": [ [ "spearmelee_pk", 95 ] ] },
    "death_function": [ "NORMAL" ],
    "burn_into": "mon_doom_churl_revive",
    "flags": [ "SEES", "HEARS", "SMELLS", "PATH_AVOID_DANGER_1", "WARM", "BASHES", "GROUP_BASH", "BLEED", "HUMAN", "CLIMBS" ],
    "anger_triggers": [ "PLAYER_WEAK", "HURT", "PLAYER_CLOSE" ],
    "placate_triggers": [ "FRIEND_DIED", "MEAT" ]
  },
  {
    "id": "mon_doom_slave",
    "type": "MONSTER",
    "name": "受诅咒的奴仆",
    "description": "一个受诅咒的奴仆。这个可怜的灵魂从前线的恐怖中逃脱出来后，回到后方受尽虐待。它的舌头被割掉了。",
    "default_faction": "doom",
    "species": [ "MAMMAL" ],
    "diff": 13,
    "size": "MEDIUM",
    "harvest": "human",
    "hp": 60,
    "speed": 125,
    "material": [ "flesh" ],
    "symbol": "@",
    "color": "magenta",
    "aggression": 10,
    "morale": 10,
    "melee_skill": 4,
    "melee_dice": 3,
    "melee_dice_sides": 4,
    "melee_cut": 3,
    "dodge": 4,
    "armor_bash": 3,
    "armor_cut": 3,
    "special_attacks": [ [ "scratch", 20 ], [ "wound_minor", 30 ] ],
    "death_drops": "default_zombie_clothes",
    "death_function": [ "NORMAL" ],
    "flags": [ "SEES", "HEARS", "SMELLS", "PATH_AVOID_DANGER_2", "WARM", "BASHES", "GROUP_BASH", "BLEED", "HUMAN", "CLIMBS" ],
    "anger_triggers": [ "PLAYER_WEAK" ],
    "fear_triggers": [ "HURT", "FRIEND_DIED" ],
    "placate_triggers": [ "FRIEND_ATTACKED", "MEAT" ]
  },
  {
    "id": "mon_doom_cur",
    "type": "MONSTER",
    "name": "丧尸奴仆",
    "description": "一个穿着绿色盔甲的丧尸奴仆。",
    "default_faction": "doom",
    "species": [ "ZOMBIE" ],
    "diff": 1,
    "size": "MEDIUM",
    "harvest": "zombie",
    "hp": 100,
    "speed": 100,
    "material": [ "flesh" ],
    "symbol": "Z",
    "color": "ltred",
    "aggression": 50,
    "morale": 100,
    "melee_skill": 0,
    "melee_dice": 0,
    "melee_dice_sides": 0,
    "dodge": 2,
    "armor_bash": 2,
    "armor_cut": 3,
    "death_drops": "mon_zombie_survivor_death_drops",
    "death_function": [ "NORMAL" ],
    "flags": [ "SEES", "HEARS", "SMELLS", "WARM", "POISON", "REVIVES", "HIT_AND_RUN", "SWIMS" ]
  },
  {
    "id": "mon_lostsoul_mount",
    "type": "MONSTER",
    "name": "火焰骷髅头",
    "description": "用金属钉、铁链固定在地上的火焰骷髅头，这个燃烧的头骨简直就是一盏活灯。",
    "default_faction": "doom",
    "species": [ "ABERRATION" ],
    "diff": 10,
    "size": "TINY",
    "harvest": "exempt",
    "hp": 5,
    "speed": 200,
    "material": [ "bone" ],
    "symbol": "o",
    "color": "red_white",
    "aggression": 80,
    "morale": 70,
    "melee_skill": 0,
    "melee_dice": 0,
    "melee_dice_sides": 0,
    "dodge": 0,
    "armor_bash": 6,
    "armor_cut": 6,
    "armor_stab": 25,
    "armor_acid": 4,
    "vision_day": 5,
    "vision_night": 3,
    "luminance": 19,
    "starting_ammo": { "flaming_skull": 66 },
    "emit_fields": [ "emit_fire_small" ],
    "special_attacks": [
      {
        "type": "gun",
        "cooldown": 1,
        "move_cost": 100,
        "gun_type": "hell_ball",
        "ammo_type": "flaming_skull",
        "fake_skills": [ [ "gun", 1 ], [ "pistol", 0 ] ],
        "fake_str": 4,
        "fake_dex": 11,
        "fake_per": 7,
        "max_ammo": 1000,
        "ranges": [ [ 0, 1, "DEFAULT" ] ],
        "targeting_cost": 300,
        "targeting_sound": "skaaah!",
        "targeting_volume": 10,
        "description": "火焰骷髅的口中喷出了一股火焰。",
        "no_ammo_sound": "skiiiissh"
      }
    ],
    "flags": [ "SEES", "STUMBLES", "FLIES", "POISON", "NO_BREATHE", "NOGIB", "HARDTOSHOOT", "FIREY", "IMMOBILE" ]
  },
  {
    "id": "mon_doom_sacrifice",
    "type": "MONSTER",
    "name": "残缺丧尸",
    "description": "所有证据都表明，这个丧尸生前是一名幸存者，他被酷刑杀害后尸体复活了。它的服装仍然残缺不全。虽然它挣扎着挣脱，但它依然被钉子和铁链牢牢地抓住。",
    "default_faction": "doom",
    "species": [ "ZOMBIE" ],
    "diff": 2,
    "size": "MEDIUM",
    "harvest": "zombie",
    "hp": 50,
    "speed": 85,
    "material": [ "flesh" ],
    "symbol": "@",
    "color": "ltred",
    "aggression": 100,
    "morale": 100,
    "melee_skill": 0,
    "melee_dice": 1,
    "melee_dice_sides": 5,
    "melee_cut": 2,
    "dodge": 0,
    "armor_bash": 2,
    "armor_cut": 3,
    "vision_day": 20,
    "vision_night": 3,
    "special_attacks": [ [ "FEAR_PARALYZE", 25 ] ],
    "death_drops": "default_zombie_clothes",
    "death_function": [ "NORMAL" ],
    "flags": [ "SEES", "HEARS", "SMELLS", "WARM", "IMMOBILE", "POISON", "REVIVES" ]
  },
  {
    "id": "mon_soulcube",
    "type": "MONSTER",
    "name": "灵魂立方体",
    "description": "它是一种不为人知的立方体装置，有着明显的外星特征，它似乎用着未知的目的。",
    "default_faction": "player",
    "species": [ "ROBOT" ],
    "diff": 10,
    "size": "TINY",
    "harvest": "exempt",
    "hp": 50,
    "speed": 250,
    "material": [ "diamond" ],
    "symbol": "e",
    "color": "white",
    "aggression": 100,
    "morale": 100,
    "melee_skill": 0,
    "melee_dice": 0,
    "melee_dice_sides": 0,
    "dodge": 10,
    "armor_cut": 4,
    "vision_day": 50,
    "vision_night": 50,
    "path_settings": { "max_dist": 50 },
    "luminance": 100,
    "revert_to_itype": "soulcube",
    "starting_ammo": { "soulbomb": 1 },
    "special_attacks": [ [ "KAMIKAZE", 0 ] ],
    "death_function": [ "BROKEN_AMMO" ],
    "flags": [ "SEES", "PRIORITIZE_TARGETS", "FLIES", "NOHEAD", "NO_BREATHE", "INTERIOR_AMMO" ]
  },
  {
    "id": "mon_doom_archvile",
    "type": "MONSTER",
    "name": "祭司",
    "description": "一个黄色人形生物，通过对火焰的控制，可以从内部就燃烧敌人的身体。",
    "default_faction": "upper_doom",
    "species": [ "ABERRATION" ],
    "diff": 30,
    "size": "MEDIUM",
    "harvest": "zombie",
    "hp": 180,
    "speed": 110,
    "material": [ "flesh" ],
    "symbol": "A",
    "color": "dark_gray",
    "aggression": 5,
    "morale": 200,
    "melee_skill": 8,
    "melee_dice": 3,
    "melee_dice_sides": 7,
    "melee_cut": 1,
    "dodge": 3,
    "armor_bash": 15,
    "armor_cut": 15,
    "armor_stab": 5,
    "vision_day": 55,
    "vision_night": 5,
    "path_settings": { "max_dist": 50 },
    "starting_ammo": { "bomblet_vile": 100, "bot_imp_revive": 3, "bot_pinky_revive": 1 },
    "special_attacks": [
      [ "RESURRECT", 30 ],
      [ "UPGRADE", 30 ],
      [ "GRENADIER", 15 ],
      [ "hammer", 20 ],
      {
        "type": "gun",
        "cooldown": 50,
        "move_cost": 200,
        "gun_type": "bomblet_launcher_rotary",
        "ammo_type": "bomblet_vile",
        "fake_skills": [ [ "gun", 9 ], [ "launcher", 9 ] ],
        "fake_str": 10,
        "fake_dex": 20,
        "fake_per": 7,
        "max_ammo": 1000,
        "ranges": [ [ 0, 25, "AUTO" ] ],
        "require_targeting_player": false,
        "require_targeting_npc": false,
        "require_targeting_monster": false,
        "targeting_cost": 100,
        "description": "你体内的温度突然升高。",
        "no_ammo_sound": "一声沮丧的呼喊！"
      }
    ],
    "anger_triggers": [ "HURT", "PLAYER_CLOSE", "PLAYER_WEAK" ],
    "death_function": [ "NORMAL" ],
    "flags": [ "SEES", "HEARS", "PATH_AVOID_DANGER_2", "PRIORITIZE_TARGETS", "WARM", "POISON", "NO_BREATHE" ]
  },
  {
    "id": "mon_doom_archvile_2",
    "type": "MONSTER",
    "copy-from": "mon_doom_archvile",
    "starting_ammo": { "bomblet_vile": 100, "bot_churl_revive": 5 }
  },
  {
    "id": "mon_doom_archvile_3",
    "type": "MONSTER",
    "copy-from": "mon_doom_archvile",
    "starting_ammo": { "bomblet_vile": 100, "bot_pinky_revive": 2, "bot_cacodemon_revive": 1 }
  },
  {
    "id": "mon_doom_archvile_4",
    "type": "MONSTER",
    "copy-from": "mon_doom_archvile",
    "starting_ammo": { "bomblet_vile": 100, "bot_cacodemon_revive": 2 }
  },
  {
    "id": "mon_doom_archvile_5",
    "type": "MONSTER",
    "copy-from": "mon_doom_archvile",
    "starting_ammo": { "bomblet_vile": 100, "bot_hell_knight_revive": 2 }
  },
  {
    "id": "mon_doom_archdemon",
    "type": "MONSTER",
    "name": "大恶魔头颅",
    "description": "一个巨大的恶魔头颅，它的额头被切开，露出了里面不断颤动的脑部组织。",
    "default_faction": "doom_upper",
    "species": [ "ABERRATION" ],
    "diff": 50,
    "size": "HUGE",
    "harvest": "exempt",
    "hp": 300,
    "speed": 100,
    "material": [ "spess_plastic" ],
    "symbol": "O",
    "color": "dark_gray",
    "aggression": 100,
    "morale": 200,
    "melee_skill": 0,
    "melee_dice": 0,
    "melee_dice_sides": 0,
    "dodge": 0,
    "armor_bash": 30,
    "armor_cut": 30,
    "armor_acid": 20,
    "armor_fire": 20,
    "vision_day": 50,
    "vision_night": 50,
    "starting_ammo": {
      "bomblet_archdemon": 5,
      "bot_cacodemon": 5,
      "bot_cyberdemon": 1,
      "bot_hell_baron": 5,
      "bot_hell_knight": 10,
      "bot_imp": 20,
      "bot_imp_black": 15,
      "bot_lostsoul": 15,
      "bot_mancubus": 5,
      "bot_mechaspider": 5,
      "bot_pinky": 15,
      "bot_revenant": 10
    },
    "special_attacks": [
      [ "GRENADIER_ELITE", 40 ],
      [ "GRENADIER", 50 ],
      {
        "type": "gun",
        "cooldown": 60,
        "move_cost": 200,
        "gun_type": "bomblet_launcher_single",
        "ammo_type": "bomblet_archdemon",
        "fake_skills": [ [ "gun", 9 ], [ "launcher", 9 ] ],
        "fake_str": 10,
        "fake_dex": 13,
        "fake_per": 7,
        "max_ammo": 1000,
        "ranges": [ [ 0, 20, "DEFAULT" ] ],
        "require_targeting_player": false,
        "require_targeting_npc": false,
        "require_targeting_monster": false,
        "targeting_cost": 200,
        "targeting_sound": "恶魔语：咒语声.....",
        "targeting_volume": 120,
        "description": "恶魔语：咒语声.....",
        "no_ammo_sound": "伊卢·鲁伊·伊里姆达·伊瓦维萨"
      }
    ],
    "death_function": [ "JABBERWOCKY", "SMOKEBURST" ],
    "flags": [ "SEES", "WARM", "POISON", "NO_BREATHE", "IMMOBILE", "QUEEN" ]
  }
]
