[
  {
    "id": "mon_fungal_hedgerow",
    "type": "MONSTER",
    "copy-from": "mon_fungal_hedgerow",
    "hp": 50,
    "attack_effs": [ { "id": "rad_tenths", "duration": 10 }, { "id": "rad_tenths", "duration": 20 } ],
    "armor_bash": 8,
    "armor_cut": 2,
    "armor_acid": 2,
    "armor_fire": 2,
    "vision_day": 2,
    "vision_night": 2,
    "starting_ammo": { "bot_fungal_boil": 4 },
    "special_attacks": [
      [ "FUNGUS_BRISTLE", 5 ],
      [ "FUNGUS", 240 ],
      [ "TENTACLE", 50 ],
      [ "GRENADIER", 120 ],
      [ "wound_minor", 30 ],
      [ "scratch", 20 ]
    ],
    "death_function": [ "FUNGUS", "DISINTEGRATE" ],
    "flags": [ "SEES", "NOHEAD", "POISON", "NO_BREATHE", "IMMOBILE" ]
  },
  {
    "id": "mon_fungal_wall",
    "type": "MONSTER",
    "copy-from": "mon_fungal_wall",
    "hp": 30,
    "attack_effs": [ { "id": "rad_tenths", "duration": 20 }, { "id": "rad_tenths", "duration": 30 } ],
    "armor_bash": 12,
    "armor_cut": 3,
    "armor_acid": 1,
    "armor_fire": 1,
    "vision_day": 30,
    "vision_night": 30,
    "starting_ammo": { "bot_fungal_boil": 8 },
    "special_attacks": [ [ "FUNGUS_BRISTLE", 20 ], [ "FUNGUS", 30 ], [ "wound_minor", 30 ], [ "GRENADIER", 60 ] ],
    "death_function": [ "FUNGUS", "DISINTEGRATE" ],
    "flags": [ "SEES", "NOHEAD", "POISON", "NO_BREATHE", "IMMOBILE", "REGENERATES_10" ]
  },
  {
    "id": "mon_fungaloid_young",
    "type": "MONSTER",
    "copy-from": "mon_fungaloid_young",
    "aggression": -25,
    "attack_effs": [ { "id": "rad_tenths", "duration": 2 } ],
    "special_attacks": [ [ "FUNGUS_GROWTH", 300 ], [ "wound_minor", 20 ] ],
    "anger_triggers": [ "HURT", "FRIEND_ATTACKED" ],
    "flags": [ "HEARS", "SMELLS", "STUMBLES", "POISON", "NO_BREATHE", "NOHEAD" ]
  },
  {
    "id": "mon_fungaloid",
    "type": "MONSTER",
    "copy-from": "mon_fungaloid",
    "aggression": -10,
    "attack_effs": [ { "id": "rad_tenths", "duration": 2 } ],
    "special_attacks": [ [ "FUNGUS", 20 ], [ "wound_minor", 30 ] ],
    "anger_triggers": [ "HURT", "FRIEND_ATTACKED" ],
    "flags": [ "HEARS", "SMELLS", "STUMBLES", "POISON", "NO_BREATHE", "NOHEAD" ]
  },
  {
    "id": "mon_ant_fungus",
    "type": "MONSTER",
    "copy-from": "mon_ant_fungus",
    "species": [ "INSECT", "FUNGUS" ],
    "hp": 50,
    "speed": 90,
    "aggression": 0,
    "morale": 40,
    "melee_skill": 6,
    "melee_dice": 1,
    "melee_dice_sides": 10,
    "melee_cut": 1,
    "dodge": 1,
    "armor_bash": 7,
    "armor_cut": 12,
    "vision_day": 3,
    "vision_night": 3,
    "special_attacks": [ [ "wound_minor", 30 ], [ "FUNGUS_INJECT", 30 ], [ "GRAB", 30 ], [ "FUNGUS", 300 ] ],
    "anger_triggers": [ "HURT", "FRIEND_ATTACKED" ],
    "death_function": [ "FUNGUS", "NORMAL" ],
    "upgrades": { "half_life": 21, "into": "mon_fant" },
    "//": "The vanilla fungal ants are pretty awful at everything.  I get why, considering the real-world examples, but I'm trying to create a more combat-intensive experience while still having the interesting.  So they evolve now."
  },
  {
    "id": "mon_zombie_fungus",
    "type": "MONSTER",
    "copy-from": "mon_zombie_fungus",
    "species": [ "ZOMBIE", "FUNGUS" ],
    "attack_effs": [ { "id": "rad_tenths", "duration": 1 } ],
    "vision_day": 7,
    "vision_night": 7,
    "special_attacks": [ [ "wound_minor", 30 ], [ "FUNGUS", 200 ], [ "scratch", 25 ], { "type": "bite", "cooldown": 5 } ],
    "flags": [ "SEES", "SMELLS", "STUMBLES", "WARM", "BASHES", "REVIVES", "GROUP_BASH", "POISON", "NO_BREATHE", "BONES", "PUSH_MON" ]
  },
  {
    "id": "mon_boomer_fungus",
    "type": "MONSTER",
    "copy-from": "mon_boomer_fungus",
    "species": [ "ZOMBIE", "FUNGUS" ],
    "attack_effs": [ { "id": "rad_tenths", "duration": 1 } ],
    "vision_day": 25,
    "vision_night": 3,
    "special_attacks": [ [ "wound_minor", 30 ], [ "FUNGUS", 100 ], [ "BOOMER", 20 ], [ "scratch", 25 ] ],
    "death_function": [ "FUNGUS", "FUNGUS", "BLOBSPLIT" ],
    "flags": [
      "SEES",
      "HEARS",
      "SMELLS",
      "STUMBLES",
      "WARM",
      "BASHES",
      "REVIVES",
      "GROUP_BASH",
      "POISON",
      "NO_BREATHE",
      "BONES",
      "FAT",
      "PUSH_MON"
    ]
  },
  {
    "id": "mon_spore",
    "type": "MONSTER",
    "copy-from": "mon_spore",
    "name": "孢子云",
    "default_faction": "spore"
  },
  {
    "id": "mon_fungus_boil",
    "type": "MONSTER",
    "name": "孢子团",
    "description": "一团快速生长的孢子，漫无目的的四处游荡。",
    "default_faction": "fungus",
    "species": [ "FUNGUS" ],
    "diff": 5,
    "size": "SMALL",
    "harvest": "fungaloid",
    "hp": 3,
    "speed": 90,
    "material": [ "veggy" ],
    "symbol": "o",
    "color": "dkgray",
    "aggression": 30,
    "morale": 30,
    "melee_skill": 0,
    "melee_dice": 0,
    "melee_dice_sides": 0,
    "dodge": 2,
    "vision_day": 5,
    "vision_night": 5,
    "special_attacks": [ [ "wound_minor", 30 ], [ "PLANT", 60 ], [ "SUICIDE", 90 ] ],
    "death_function": [ "DISINTEGRATE", "FUNGUS", "FUNGUS", "FUNGUS" ],
    "upgrades": { "half_life": 1, "into": "mon_fungaloid_pk" },
    "flags": [ "SEES", "STUMBLES", "FLIES", "POISON", "NO_BREATHE", "NOHEAD", "NOGIB" ]
  },
  {
    "id": "mon_fougar",
    "type": "MONSTER",
    "name": "真菌美洲狮",
    "description": "被真菌感染的美洲狮，被感染后移动速度似乎有所降低，但是对应的确大幅提升了它的力量。",
    "default_faction": "finfected",
    "species": [ "MAMMAL" ],
    "diff": 12,
    "size": "MEDIUM",
    "harvest": "zombie_fur",
    "hp": 70,
    "speed": 115,
    "material": [ "flesh" ],
    "symbol": "C",
    "color": "ltgray",
    "aggression": 0,
    "morale": 70,
    "melee_skill": 5,
    "melee_dice": 2,
    "melee_dice_sides": 5,
    "melee_cut": 5,
    "dodge": 4,
    "armor_bash": 3,
    "armor_cut": 2,
    "vision_day": 30,
    "vision_night": 7,
    "special_attacks": [
      [ "LUNGE", 60 ],
      [ "FUNGUS", 180 ],
      [ "FUNGUS_INJECT", 60 ],
      { "type": "leap", "cooldown": 10, "max_range": 4 },
      [ "slash", 25 ]
    ],
    "anger_triggers": [ "PLAYER_WEAK", "HURT", "FRIEND_ATTACKED" ],
    "fear_triggers": [ "SOUND", "FIRE" ],
    "death_function": [ "NORMAL" ],
    "flags": [
      "SEES",
      "HEARS",
      "SMELLS",
      "PATH_AVOID_DANGER_1",
      "ANIMAL",
      "POISON",
      "WARM",
      "HIT_AND_RUN",
      "KEENNOSE",
      "BLEED",
      "ATTACKMON"
    ]
  },
  {
    "id": "mon_feer",
    "type": "MONSTER",
    "name": "真菌鹿",
    "description": "这是一只被真菌感染的鹿，感染速度相当的快，快到你还没察觉就已经被完全感染了。",
    "default_faction": "finfected",
    "species": [ "MAMMAL" ],
    "diff": 3,
    "size": "LARGE",
    "harvest": "zombie_leather",
    "hp": 50,
    "speed": 330,
    "material": [ "flesh" ],
    "symbol": "D",
    "color": "brown",
    "aggression": 7,
    "morale": 40,
    "melee_skill": 3,
    "melee_dice": 2,
    "melee_dice_sides": 3,
    "melee_damage": [ { "damage_type": "stab", "amount": 6 } ],
    "dodge": 2,
    "vision_day": 50,
    "vision_night": 10,
    "special_attacks": [ [ "wound_minor", 30 ], [ "LUNGE", 3 ], [ "SUICIDE", 90 ], [ "SHRIEK", 15 ], [ "FUNGUS", 60 ] ],
    "anger_triggers": [ "SOUND", "PLAYER_CLOSE", "HURT", "FRIEND_ATTACKED", "FRIEND_DIED" ],
    "fear_triggers": [ "FIRE" ],
    "placate_triggers": [ "PLAYER_WEAK" ],
    "death_function": [ "FUNGUS", "FUNGUS", "FUNGUS", "FUNGUS", "FUNGUS", "DISINTEGRATE", "SMOKEBURST" ],
    "flags": [ "SEES", "HEARS", "SMELLS", "ANIMAL", "POISON", "BASHES", "WARM", "BLEED" ],
    "//": "This deer is a great concept, but admittedly gamey.  Perhaps it'd be better to change its color to ltgray or to remove the suicide attack?"
  },
  {
    "id": "mon_foose",
    "type": "MONSTER",
    "name": "真菌麋鹿",
    "description": "麋鹿是一种脾气暴躁的动物，这只麋鹿还毫无防备的情况下被真菌感染了。",
    "default_faction": "finfected",
    "species": [ "MAMMAL" ],
    "diff": 8,
    "size": "LARGE",
    "harvest": "zombie_fur",
    "hp": 145,
    "speed": 145,
    "material": [ "flesh" ],
    "symbol": "M",
    "color": "dkgray",
    "aggression": -15,
    "morale": 80,
    "melee_skill": 7,
    "melee_dice": 3,
    "melee_dice_sides": 6,
    "melee_cut": 1,
    "dodge": 2,
    "attack_effs": [ { "id": "rad_tenths", "duration": 2 } ],
    "armor_bash": 5,
    "armor_cut": 3,
    "armor_acid": 2,
    "vision_day": 35,
    "vision_night": 10,
    "special_attacks": [ [ "wound_minor", 30 ], [ "FUNGUS", 120 ], [ "HOWL", 60 ], [ "hammer", 40 ] ],
    "anger_triggers": [ "FIRE", "HURT", "PLAYER_CLOSE", "FRIEND_ATTACKED" ],
    "placate_triggers": [ "PLAYER_WEAK", "SOUND" ],
    "death_function": [ "NORMAL", "FUNGUS" ],
    "flags": [ "SEES", "HEARS", "SMELLS", "PATH_AVOID_DANGER_1", "ANIMAL", "POISON", "BASHES", "WARM", "BLEED", "ATTACKMON" ],
    "//": "The mighty foose.  Not mighty enough.  Ever."
  },
  {
    "id": "mon_folf",
    "type": "MONSTER",
    "name": "真菌狼",
    "name_plural": "真菌狼",
    "description": "无论是狼还是狗，它显然病了。它已经被真菌感染了。",
    "default_faction": "finfected",
    "species": [ "FUNGUS" ],
    "diff": 12,
    "size": "MEDIUM",
    "harvest": "zombie_fur",
    "hp": 45,
    "speed": 150,
    "material": [ "flesh" ],
    "symbol": "w",
    "color": "dkgray",
    "aggression": 0,
    "morale": 30,
    "melee_skill": 6,
    "melee_dice": 2,
    "melee_dice_sides": 3,
    "melee_damage": [ { "damage_type": "stab", "amount": 2 } ],
    "melee_cut": 3,
    "dodge": 3,
    "attack_effs": [ { "id": "rad_tenths", "duration": 2 } ],
    "armor_bash": 2,
    "armor_cut": 1,
    "vision_day": 40,
    "vision_night": 3,
    "special_attacks": [
      [ "wound_minor", 30 ],
      [ "FUNGUS", 120 ],
      [ "FUNGUS_INJECT", 60 ],
      { "type": "bite", "cooldown": 7, "min_mul": 0.65, "no_infection_chance": 9, "//": "strong jaws" }
    ],
    "anger_triggers": [ "FRIEND_ATTACKED", "FRIEND_DIED", "PLAYER_WEAK", "PLAYER_CLOSE" ],
    "fear_triggers": [ "FIRE" ],
    "placate_triggers": [ "MEAT" ],
    "death_function": [ "NORMAL" ],
    "flags": [ "SEES", "HEARS", "SMELLS", "PATH_AVOID_DANGER_1", "ANIMAL", "WARM", "KEENNOSE", "BLEED" ]
  },
  {
    "id": "mon_fant",
    "type": "MONSTER",
    "name": "真菌蚂蚁",
    "description": "很难相信这只蚂蚁还活着，更不用说攻击你了。它显然已经被真菌感染并控制了。",
    "default_faction": "finfected",
    "species": [ "INSECT", "FUNGUS" ],
    "diff": 15,
    "size": "MEDIUM",
    "harvest": "arachnid_tainted",
    "hp": 70,
    "speed": 70,
    "material": [ "veggy" ],
    "symbol": "a",
    "color": "dkgray",
    "aggression": 100,
    "morale": 100,
    "melee_skill": 6,
    "melee_dice": 2,
    "melee_dice_sides": 8,
    "melee_cut": 2,
    "dodge": 1,
    "armor_bash": 10,
    "armor_cut": 15,
    "armor_acid": 2,
    "vision_day": 3,
    "vision_night": 3,
    "special_attacks": [
      [ "GRAB", 40 ],
      [ "FUNGUS", 180 ],
      [ "FUNGUS_INJECT", 60 ],
      {
        "type": "bite",
        "cooldown": 40,
        "accuracy": 7,
        "no_infection_chance": 9,
        "damage_max_instance": [
          { "damage_type": "stab", "amount": 8, "armor_multiplier": 0.7 },
          { "damage_type": "bash", "amount": 18, "armor_multiplier": 0.7 }
        ]
      }
    ],
    "death_function": [ "NORMAL", "FUNGUS" ],
    "flags": [ "SEES", "SMELLS", "POISON", "CLIMBS" ]
  },
  {
    "id": "mon_fungaloid_pk",
    "type": "MONSTER",
    "name": "真菌根茎",
    "description": "这是一种粗壮的灰色真菌根茎，这个真菌长着几个尖锐的卷须。当真菌为它的孢子找到合适的寄主时，其中的两个卷须就会不祥地竖起来。",
    "default_faction": "fungus",
    "species": [ "FUNGUS" ],
    "diff": 15,
    "size": "MEDIUM",
    "harvest": "fungaloid",
    "hp": 130,
    "speed": 60,
    "material": [ "veggy" ],
    "symbol": "F",
    "color": "dkgray",
    "aggression": 5,
    "morale": 100,
    "melee_skill": 5,
    "melee_dice": 2,
    "melee_dice_sides": 3,
    "melee_damage": [ { "damage_type": "stab", "amount": 7 } ],
    "melee_cut": 1,
    "dodge": 2,
    "attack_effs": [ { "id": "rad_tenths", "duration": 10 }, { "id": "rad_tenths", "duration": 10 } ],
    "armor_bash": 6,
    "armor_cut": 2,
    "vision_day": 2,
    "vision_night": 2,
    "special_attacks": [ [ "wound_minor", 40 ], [ "TENTACLE", 20 ], [ "FUNGUS_INJECT", 10 ], [ "FUNGUS", 240 ] ],
    "anger_triggers": [ "SOUND", "HURT" ],
    "placate_triggers": [ "PLAYER_WEAK" ],
    "death_function": [ "FUNGUS", "NORMAL" ],
    "flags": [
      "SEES",
      "HEARS",
      "SMELLS",
      "PATH_AVOID_DANGER_1",
      "PRIORITIZE_TARGETS",
      "STUMBLES",
      "POISON",
      "NO_BREATHE",
      "NOHEAD",
      "CAN_DIG"
    ]
  },
  {
    "id": "mon_fardigrade",
    "type": "MONSTER",
    "name": "被感染的水熊虫",
    "description": "一只巨大的水熊，是真菌入侵的宿主。由于受到感染，它的身体已经软化，在真菌芽形成的地方，它的触须明显开始变长了。",
    "default_faction": "finfected",
    "species": [ "INSECT" ],
    "diff": 5,
    "size": "LARGE",
    "harvest": "arachnid_tainted",
    "hp": 350,
    "speed": 20,
    "material": [ "flesh" ],
    "symbol": "B",
    "color": "i_ltgray",
    "aggression": 0,
    "morale": 100,
    "melee_skill": 2,
    "melee_dice": 1,
    "melee_dice_sides": 15,
    "melee_cut": 4,
    "dodge": 0,
    "armor_bash": 23,
    "armor_cut": 23,
    "armor_acid": 4,
    "armor_fire": 6,
    "vision_day": 5,
    "vision_night": 3,
    "special_attacks": [
      [ "wound_minor", 30 ],
      [ "GRAB", 20 ],
      [ "VINE", 7 ],
      [ "FUNGUS", 90 ],
      [ "TENTACLE", 20 ],
      [ "FUNGUS_BRISTLE", 30 ],
      [ "para_poison", 15 ]
    ],
    "anger_triggers": [ "HURT", "STALK", "FRIEND_ATTACKED" ],
    "placate_triggers": [ "PLAYER_WEAK" ],
    "death_function": [ "NORMAL" ],
    "flags": [
      "SEES",
      "SMELLS",
      "PATH_AVOID_DANGER_1",
      "POISON",
      "STUMBLES",
      "BASHES",
      "ARTHROPOD_BLOOD",
      "NO_BREATHE",
      "SWIMS",
      "ANIMAL"
    ],
    "//": "As it currently stands this guy will whip at you even if it is peaceful.  The tentacle attacks were taken from the Dog-Thing, and can cover quite a distance.  So the reduced vision radius keeps the max distance of the tentacle down.  It's a neat effect caused by what I'm sure is an unintended bug."
  },
  {
    "id": "mon_furvivor",
    "type": "MONSTER",
    "name": "真菌幸存者",
    "description": "这显然是一个幸存者，在大灾变后的危险世界里被真菌感染了。活跃的真菌遍布全身，让他彻底失去了自我意识。",
    "default_faction": "fungus",
    "species": [ "MAMMAL", "FUNGUS" ],
    "diff": 8,
    "size": "MEDIUM",
    "harvest": "human",
    "hp": 105,
    "speed": 80,
    "material": [ "flesh" ],
    "symbol": "@",
    "color": "ltgray",
    "aggression": 25,
    "morale": 100,
    "melee_skill": 4,
    "melee_dice": 2,
    "melee_dice_sides": 6,
    "melee_cut": 2,
    "dodge": 2,
    "attack_effs": [ { "id": "rad_tenths", "duration": 5 }, { "id": "rad_tenths", "duration": 10 } ],
    "armor_bash": 9,
    "armor_cut": 9,
    "armor_stab": 5,
    "vision_day": 35,
    "vision_night": 3,
    "special_attacks": [
      [ "wound_minor", 30 ],
      [ "FUNGUS", 180 ],
      [ "SHRIEK", 120 ],
      [ "GRAB", 15 ],
      [ "scratch", 15 ],
      { "type": "bite", "cooldown": 20, "min_mul": 0.85, "no_infection_chance": 5 }
    ],
    "death_drops": {
      "subtype": "collection",
      "groups": [ [ "mon_zombie_survivor_death_drops", 30 ], [ "default_zombie_death_drops", 60 ] ]
    },
    "death_function": [ "NORMAL", "FUNGUS" ],
    "flags": [ "SEES", "HEARS", "SMELLS", "WARM", "BASHES", "STUMBLES", "GROUP_BASH", "POISON", "HUMAN", "PUSH_MON" ]
  },
  {
    "id": "mon_furvivor_glock",
    "type": "MONSTER",
    "name": "被感染的幸存者",
    "description": "大灾变后的幸存者，目前已经被真菌感染，真菌刚刚开始侵入他的体内，已经开始让他变现的语无乱猜和无法控制了。随着时间的推移，最终他会彻底被真菌所控制。",
    "default_faction": "finfected",
    "species": [ "MAMMAL", "FUNGUS" ],
    "diff": 15,
    "size": "MEDIUM",
    "harvest": "human",
    "hp": 135,
    "speed": 100,
    "material": [ "flesh" ],
    "symbol": "@",
    "color": "ltred",
    "aggression": 3,
    "morale": 60,
    "melee_skill": 6,
    "melee_dice": 2,
    "melee_dice_sides": 6,
    "melee_cut": 8,
    "dodge": 4,
    "attack_effs": [ { "id": "rad_tenths", "duration": 2 }, { "id": "rad_tenths", "duration": 5 } ],
    "armor_bash": 7,
    "armor_cut": 7,
    "armor_stab": 3,
    "armor_acid": 1,
    "vision_day": 50,
    "vision_night": 2,
    "starting_ammo": { "9mm": 31 },
    "special_attacks": [
      [ "PARROT", 40 ],
      [ "FUNGUS", 300 ],
      [ "GRAB", 12 ],
      { "type": "bite", "cooldown": 30, "min_mul": 0.8, "no_infection_chance": 5 },
      {
        "type": "gun",
        "cooldown": 2,
        "move_cost": 105,
        "gun_type": "glock_19",
        "ammo_type": "9mm",
        "fake_skills": [ [ "gun", 3 ], [ "pistol", 3 ] ],
        "fake_str": 11,
        "fake_dex": 7,
        "fake_per": 5,
        "max_ammo": 1000,
        "ranges": [ [ 4, 13, "DEFAULT" ] ],
        "targeting_cost": 50,
        "targeting_sound": "胡言乱语！",
        "targeting_volume": 15,
        "description": "被感染的幸存者疯狂地开火!",
        "no_ammo_sound": "a chk!"
      }
    ],
    "anger_triggers": [ "FRIEND_DIED", "FIRE", "PLAYER_CLOSE" ],
    "placate_triggers": [ "FRIEND_ATTACKED" ],
    "death_drops": { "subtype": "collection", "groups": [ [ "furvivor_glock", 100 ] ] },
    "death_function": [ "NORMAL", "FUNGUS" ],
    "flags": [ "SEES", "HEARS", "PATH_AVOID_DANGER_2", "WARM", "BASHES", "GROUP_BASH", "POISON", "HUMAN", "PUSH_MON", "GUILT" ],
    "//": "I'm vaguely aware that the way I compiled the loot item_groups for these gun-toting Zs is pretty inefficient.  Just sayin'''"
  },
  {
    "id": "mon_furvivor_shotgun",
    "type": "MONSTER",
    "name": "被感染的幸存者",
    "description": "大灾变后的幸存者，目前已经被真菌感染，真菌刚刚开始侵入他的体内，已经开始让他变现的语无乱猜和无法控制了。随着时间的推移，最终他会彻底被真菌所控制。",
    "default_faction": "finfected",
    "species": [ "MAMMAL", "FUNGUS" ],
    "diff": 20,
    "size": "MEDIUM",
    "harvest": "human",
    "hp": 125,
    "speed": 100,
    "material": [ "flesh" ],
    "symbol": "@",
    "color": "ltred",
    "aggression": 3,
    "morale": 60,
    "melee_skill": 4,
    "melee_dice": 2,
    "melee_dice_sides": 6,
    "melee_cut": 4,
    "dodge": 4,
    "attack_effs": [ { "id": "rad_tenths", "duration": 2 }, { "id": "rad_tenths", "duration": 5 } ],
    "armor_bash": 9,
    "armor_cut": 7,
    "armor_stab": 4,
    "armor_acid": 2,
    "vision_day": 50,
    "vision_night": 2,
    "starting_ammo": { "shot_00": 10 },
    "special_attacks": [
      [ "PARROT", 40 ],
      [ "FUNGUS", 300 ],
      [ "GRAB", 30 ],
      { "type": "bite", "cooldown": 30, "min_mul": 0.8, "no_infection_chance": 5 },
      {
        "type": "gun",
        "cooldown": 5,
        "move_cost": 140,
        "gun_type": "pipe_shotgun",
        "ammo_type": "shot_00",
        "fake_skills": [ [ "gun", 5 ], [ "shotgun", 4 ] ],
        "fake_str": 11,
        "fake_dex": 7,
        "fake_per": 5,
        "max_ammo": 1000,
        "ranges": [ [ 1, 4, "DEFAULT" ] ],
        "targeting_cost": 140,
        "targeting_sound": "啪的一声枪已经上膛了。",
        "targeting_volume": 6,
        "description": "KABLAAM!!",
        "no_ammo_sound": "锤子猛烈的敲击发出了一声巨响。"
      }
    ],
    "anger_triggers": [ "FRIEND_DIED", "FIRE", "PLAYER_CLOSE" ],
    "placate_triggers": [ "FRIEND_ATTACKED" ],
    "death_drops": { "subtype": "collection", "groups": [ [ "furvivor_shotgun", 100 ] ] },
    "death_function": [ "NORMAL", "FUNGUS" ],
    "flags": [ "SEES", "HEARS", "PATH_AVOID_DANGER_2", "WARM", "BASHES", "GROUP_BASH", "POISON", "HUMAN", "PUSH_MON", "GUILT" ]
  },
  {
    "id": "mon_furvivor_deagle",
    "type": "MONSTER",
    "name": "被感染的幸存者",
    "description": "大灾变后的幸存者，目前已经被真菌感染，真菌刚刚开始侵入他的体内，已经开始让他变现的语无乱猜和无法控制了。随着时间的推移，最终他会彻底被真菌所控制。",
    "default_faction": "fungus",
    "species": [ "MAMMAL", "FUNGUS" ],
    "diff": 20,
    "size": "MEDIUM",
    "harvest": "human",
    "hp": 110,
    "speed": 100,
    "material": [ "flesh" ],
    "symbol": "@",
    "color": "ltred",
    "aggression": 3,
    "morale": 60,
    "melee_skill": 3,
    "melee_dice": 2,
    "melee_dice_sides": 6,
    "melee_cut": 2,
    "dodge": 3,
    "attack_effs": [ { "id": "rad_tenths", "duration": 2 }, { "id": "rad_tenths", "duration": 5 } ],
    "armor_bash": 5,
    "armor_cut": 8,
    "armor_stab": 6,
    "armor_acid": 1,
    "vision_day": 50,
    "vision_night": 2,
    "starting_ammo": { "44fmj": 17 },
    "special_attacks": [
      [ "GRAB", 60 ],
      [ "FUNGUS", 300 ],
      [ "PARROT", 40 ],
      { "type": "bite", "cooldown": 30, "min_mul": 0.8, "no_infection_chance": 5 },
      {
        "type": "gun",
        "cooldown": 7,
        "move_cost": 125,
        "gun_type": "deagle_44",
        "ammo_type": "44fmj",
        "fake_skills": [ [ "gun", 1 ], [ "pistol", 2 ] ],
        "fake_str": 11,
        "fake_dex": 7,
        "fake_per": 5,
        "max_ammo": 1000,
        "ranges": [ [ 4, 14, "DEFAULT" ] ],
        "targeting_cost": 150,
        "targeting_sound": "幸存者花了一点时间调整他们的立场！",
        "targeting_volume": 12,
        "description": ".44口径子弹发射了。",
        "no_ammo_sound": "幸存者咒骂了一句后继续攻击。"
      }
    ],
    "anger_triggers": [ "FRIEND_DIED", "PLAYER_WEAK", "FIRE", "PLAYER_CLOSE" ],
    "placate_triggers": [ "FRIEND_ATTACKED" ],
    "death_drops": { "subtype": "collection", "groups": [ [ "furvivor_deagle", 100 ] ] },
    "death_function": [ "NORMAL", "FUNGUS" ],
    "flags": [ "SEES", "HEARS", "PATH_AVOID_DANGER_2", "WARM", "BASHES", "GROUP_BASH", "POISON", "HUMAN", "PUSH_MON", "GUILT" ]
  },
  {
    "id": "mon_furvivor_smg",
    "type": "MONSTER",
    "name": "被感染的幸存者",
    "description": "大灾变后的幸存者，目前已经被真菌感染，真菌刚刚开始侵入他的体内，已经开始让他变现的语无乱猜和无法控制了。随着时间的推移，最终他会彻底被真菌所控制。",
    "default_faction": "finfected",
    "species": [ "MAMMAL", "FUNGUS" ],
    "diff": 25,
    "size": "MEDIUM",
    "harvest": "human",
    "hp": 100,
    "speed": 100,
    "material": [ "flesh" ],
    "symbol": "@",
    "color": "ltred",
    "aggression": 3,
    "morale": 60,
    "melee_skill": 5,
    "melee_dice": 2,
    "melee_dice_sides": 6,
    "melee_cut": 2,
    "dodge": 5,
    "attack_effs": [ { "id": "rad_tenths", "duration": 2 }, { "id": "rad_tenths", "duration": 5 } ],
    "armor_bash": 6,
    "armor_cut": 6,
    "armor_acid": 3,
    "vision_day": 50,
    "vision_night": 2,
    "starting_ammo": { "9mm": 128 },
    "special_attacks": [
      [ "FUNGUS", 300 ],
      [ "PARROT", 40 ],
      [ "GRAB", 30 ],
      { "type": "bite", "cooldown": 30, "min_mul": 0.8, "no_infection_chance": 5 },
      {
        "type": "gun",
        "cooldown": 6,
        "move_cost": 115,
        "gun_type": "uzi",
        "ammo_type": "9mm",
        "fake_skills": [ [ "gun", 2 ], [ "smg", 2 ] ],
        "fake_str": 16,
        "fake_dex": 8,
        "fake_per": 12,
        "max_ammo": 1000,
        "ranges": [ [ 2, 15, "DEFAULT" ] ],
        "targeting_cost": 85,
        "targeting_sound": "'哈哈哈啊哈哈哈！！'",
        "targeting_volume": 14,
        "description": "幸存者的枪发出了爆炸声!",
        "no_ammo_sound": "achk!"
      }
    ],
    "anger_triggers": [ "FRIEND_DIED", "FIRE", "PLAYER_CLOSE" ],
    "placate_triggers": [ "FRIEND_ATTACKED" ],
    "death_drops": { "subtype": "collection", "groups": [ [ "furvivor_smg", 100 ] ] },
    "death_function": [ "NORMAL", "FUNGUS" ],
    "flags": [ "SEES", "HEARS", "PATH_AVOID_DANGER_2", "WARM", "BASHES", "GROUP_BASH", "POISON", "HUMAN", "PUSH_MON", "GUILT" ]
  },
  {
    "id": "mon_furvivor_pk",
    "type": "MONSTER",
    "name": "被感染的幸存者",
    "description": "大灾变后的幸存者，目前已经被真菌感染，真菌刚刚开始侵入他的体内，已经开始让他变现的语无乱猜和无法控制了。随着时间的推移，最终他会彻底被真菌所控制。",
    "default_faction": "finfected",
    "species": [ "MAMMAL", "FUNGUS" ],
    "diff": 23,
    "size": "MEDIUM",
    "harvest": "human",
    "hp": 145,
    "speed": 100,
    "material": [ "flesh" ],
    "symbol": "@",
    "color": "ltred",
    "aggression": 3,
    "morale": 60,
    "melee_skill": 8,
    "melee_dice": 2,
    "melee_dice_sides": 10,
    "melee_damage": [ { "damage_type": "stab", "amount": 10 } ],
    "melee_cut": 5,
    "dodge": 4,
    "attack_effs": [ { "id": "rad_tenths", "duration": 2 }, { "id": "rad_tenths", "duration": 5 } ],
    "armor_bash": 13,
    "armor_cut": 13,
    "armor_acid": 4,
    "armor_fire": 4,
    "vision_day": 50,
    "vision_night": 2,
    "special_attacks": [
      [ "GRAB", 30 ],
      [ "impale", 30 ],
      [ "FUNGUS", 180 ],
      { "type": "bite", "cooldown": 30, "min_mul": 0.8, "no_infection_chance": 5 }
    ],
    "anger_triggers": [ "FRIEND_DIED", "FIRE", "PLAYER_CLOSE" ],
    "placate_triggers": [ "FRIEND_ATTACKED" ],
    "death_drops": { "subtype": "collection", "groups": [ [ "spearmelee_pk", 95 ] ] },
    "death_function": [ "NORMAL", "FUNGUS" ],
    "flags": [ "SEES", "HEARS", "PATH_AVOID_DANGER_2", "WARM", "BASHES", "GROUP_BASH", "POISON", "HUMAN", "PUSH_MON", "GUILT" ]
  },
  {
    "id": "mon_marloss_man",
    "type": "MONSTER",
    "name": "马洛斯真菌人",
    "description": "这名幸存者自愿将自己的身体交给这种真菌，以一种奇怪的、难以描述的方式。因此，他们保留了自己的大部意识，拥有非自然的能力。他们似乎对和你说话不感兴趣;你甚至无法辨别他们的性别。",
    "default_faction": "fungus",
    "species": [ "ABERRATION", "FUNGUS" ],
    "diff": 40,
    "size": "MEDIUM",
    "harvest": "human",
    "hp": 240,
    "speed": 125,
    "material": [ "flesh" ],
    "symbol": "@",
    "color": "i_white",
    "aggression": 0,
    "morale": 100,
    "melee_skill": 10,
    "melee_dice": 4,
    "melee_dice_sides": 9,
    "melee_cut": 5,
    "dodge": 6,
    "attack_effs": [ { "id": "rad_tenths", "duration": 2 }, { "id": "rad_tenths", "duration": 5 } ],
    "armor_bash": 16,
    "armor_cut": 16,
    "armor_acid": 6,
    "vision_day": 50,
    "vision_night": 7,
    "starting_ammo": { "223": 150 },
    "special_attacks": [
      [ "FUNGUS", 20 ],
      [ "impale", 20 ],
      [ "FUNGUS_INJECT", 40 ],
      [ "FEAR_PARALYZE", 15 ],
      [ "FUNGUS_BRISTLE", 40 ],
      {
        "type": "gun",
        "cooldown": 7,
        "move_cost": 120,
        "gun_type": "m249",
        "ammo_type": "223",
        "fake_skills": [ [ "gun", 10 ], [ "rifle", 7 ] ],
        "fake_str": 31,
        "fake_dex": 19,
        "fake_per": 13,
        "max_ammo": 1000,
        "ranges": [ [ 5, 20, "DEFAULT" ] ],
        "targeting_cost": 120,
        "targeting_sound": "马洛斯真菌人把枪举到了肩膀上！",
        "targeting_volume": 20,
        "description": "肩扛式机枪开火了！",
        "no_ammo_sound": "砰砰砰砰"
      }
    ],
    "anger_triggers": [ "HURT", "FRIEND_ATTACKED", "FIRE", "PLAYER_CLOSE" ],
    "death_drops": { "subtype": "collection", "groups": [ [ "marloss_man_drops", 100 ] ] },
    "death_function": [ "EXPLODE", "FUNGUS", "FUNGUS", "FUNGUS", "FUNGUS", "FUNGUS", "FUNGUS" ],
    "flags": [
      "SEES",
      "HEARS",
      "PATH_AVOID_DANGER_2",
      "PRIORITIZE_TARGETS",
      "BASHES",
      "GROUP_BASH",
      "DESTROYS",
      "POISON",
      "HUMAN",
      "NO_BREATHE",
      "FIREPROOF",
      "PUSH_MON"
    ],
    "//": "Very dangerous to anyone not in a PA suit.  Will be evolving into a laser-wielding monstrosity."
  },
  {
    "id": "mon_finebeast",
    "type": "MONSTER",
    "name": "真菌蔓藤兽",
    "description": "一群灰色的藤蔓缠绕着一只野兽。它的行动迟缓而勉强，通常生长迅速的藤蔓现在都无力生长。",
    "default_faction": "fungus",
    "species": [ "PLANT", "FUNGUS" ],
    "diff": 14,
    "size": "LARGE",
    "harvest": "fungaloid_mass",
    "hp": 110,
    "speed": 80,
    "material": [ "veggy" ],
    "symbol": "V",
    "color": "ltgray",
    "aggression": 20,
    "morale": 40,
    "melee_skill": 7,
    "melee_dice": 2,
    "melee_dice_sides": 9,
    "melee_cut": 3,
    "dodge": 3,
    "armor_bash": 15,
    "armor_cut": 2,
    "armor_stab": 12,
    "special_attacks": [
      [ "wound_minor", 5 ],
      [ "FUNGUS", 100 ],
      [ "VINE", 7 ],
      [ "FUNGUS_INJECT", 50 ],
      [ "FUNGUS_BRISTLE", 50 ],
      {
        "id": "scratch",
        "cooldown": 30,
        "moves": 250,
        "damage_max_instance": [ { "damage_type": "cut", "amount": 16 } ]
      }
    ],
    "death_function": [ "NORMAL", "FUNGUS" ],
    "flags": [ "HEARS", "GOODHEARING", "SMELLS", "NOHEAD", "HARDTOSHOOT", "POISON", "GRABS", "PLASTIC" ]
  },
  {
    "id": "mon_fionaea",
    "type": "MONSTER",
    "name": "真菌捕蝇草",
    "description": "捕蝇草缺乏抵抗真菌感染的成分，所以很容易就会被真菌所感染成为真菌的宿主，这种植物生物足够大，可以忍受人类大小的真菌的诞生和生长。",
    "default_faction": "fungus",
    "species": [ "PLANT", "FUNGUS" ],
    "diff": 20,
    "size": "LARGE",
    "harvest": "fungaloid_mass",
    "hp": 180,
    "speed": 40,
    "material": [ "veggy" ],
    "symbol": "D",
    "color": "i_ltgray",
    "aggression": 25,
    "morale": 120,
    "melee_skill": 6,
    "melee_dice": 4,
    "melee_dice_sides": 3,
    "melee_damage": [ { "damage_type": "bash", "amount": 6 } ],
    "melee_cut": 3,
    "dodge": 2,
    "attack_effs": [ { "id": "rad_tenths", "duration": 5 }, { "id": "rad_tenths", "duration": 15 } ],
    "armor_bash": 10,
    "armor_cut": 18,
    "armor_acid": 3,
    "armor_fire": 3,
    "vision_day": 30,
    "vision_night": 10,
    "special_attacks": [
      [ "VINE", 15 ],
      [ "RANGED_PULL", 7 ],
      [ "FUNGUS_FORTIFY", 50 ],
      [ "FUNGUS", 60 ],
      [ "hammer", 30 ],
      { "type": "bite", "cooldown": 30, "min_mul": 0.8, "no_infection_chance": 5 }
    ],
    "flags": [ "SEES", "HEARS", "STUMBLES", "POISON", "NO_BREATHE", "BASHES", "GROUP_BASH", "ATTACKMON", "NOHEAD" ],
    "//": "This girl will create a 3x3 wall of fungus, then kill 1 or 2 of them to get out.  Over time this will create a hedgerow maze of sorts.  I am tempted to add one overmap, honestly."
  },
  {
    "id": "mon_finecraft",
    "type": "MONSTER",
    "name": "真菌灌木怪",
    "description": "这颗干燥的灌木现在成了真菌液囊的窝，这些液囊随意地垂下来;偶尔爆发成一片薄雾。",
    "default_faction": "fungus",
    "species": [ "PLANT", "FUNGUS" ],
    "diff": 20,
    "size": "MEDIUM",
    "harvest": "fungaloid",
    "hp": 40,
    "speed": 70,
    "material": [ "veggy" ],
    "symbol": "h",
    "color": "ltgray_yellow",
    "aggression": 1,
    "morale": 100,
    "melee_skill": 3,
    "melee_dice": 1,
    "melee_dice_sides": 10,
    "melee_cut": 5,
    "dodge": 3,
    "attack_effs": [ { "id": "rad_tenths", "duration": 20 }, { "id": "rad_tenths", "duration": 30 } ],
    "armor_bash": 8,
    "armor_cut": 4,
    "armor_fire": 4,
    "starting_ammo": { "EMPbomb": 3 },
    "special_attacks": [ [ "VINE", 5 ], [ "KAMIKAZE", 0 ], [ "RATTLE", 3 ], [ "FUNGUS_HAZE", 25 ], [ "FUNGUS_BRISTLE", 30 ] ],
    "anger_triggers": [ "SOUND", "PLAYER_WEAK", "PLAYER_CLOSE" ],
    "death_function": [
      "EXPLODE",
      "ACID",
      "FUNGUS",
      "FUNGUS",
      "FUNGUS",
      "FUNGUS",
      "FUNGUS",
      "FUNGUS",
      "FUNGUS",
      "FUNGUS",
      "FUNGUS",
      "FUNGUS"
    ],
    "flags": [ "SEES", "HEARS", "GOODHEARING", "PATH_AVOID_DANGER_1", "CAN_DIG", "POISON", "ANIMAL", "SWIMS", "NOHEAD", "BASHES" ],
    "//": "While I feel the triffid HB is somewhat forced into their fold, this guy works pretty well for the fungus and their themes.  Doesn't seem to want to blow up of his own volition though.  The fungal mdeaths def stack, but its diminishing returns."
  },
  {
    "id": "mon_zombie_electric_fungal",
    "type": "MONSTER",
    "name": "真菌放电丧尸",
    "description": "放电丧尸被真菌感染，已经完全被真菌控制。",
    "default_faction": "fungus",
    "species": [ "ZOMBIE", "FUNGUS" ],
    "diff": 16,
    "size": "MEDIUM",
    "harvest": "CBM_CIV",
    "hp": 75,
    "speed": 85,
    "material": [ "flesh" ],
    "symbol": "Z",
    "color": "ltgray_cyan",
    "aggression": 90,
    "morale": 100,
    "melee_skill": 3,
    "melee_dice": 2,
    "melee_dice_sides": 6,
    "dodge": 2,
    "attack_effs": [ { "id": "rad_tenths", "duration": 10 }, { "id": "rad_tenths", "duration": 15 } ],
    "armor_bash": 2,
    "armor_cut": 2,
    "vision_day": 25,
    "vision_night": 3,
    "luminance": 5,
    "special_attacks": [ [ "SHOCKSTORM", 45 ], { "type": "bite", "cooldown": 12, "no_infection_chance": 3 } ],
    "special_when_hit": [ "ZAPBACK", 40 ],
    "death_drops": "default_zombie_death_drops",
    "death_function": [ "NORMAL" ],
    "flags": [
      "SEES",
      "SMELLS",
      "STUMBLES",
      "WARM",
      "BASHES",
      "REVIVES",
      "GROUP_BASH",
      "POISON",
      "CBM_CIV",
      "NO_BREATHE",
      "REVIVES",
      "BONES",
      "PUSH_MON"
    ],
    "//": "A little out of place.  May replace with like a brute or w.e."
  },
  {
    "id": "mon_fungus_pig",
    "type": "MONSTER",
    "name": "突牙兽",
    "description": "一种大得惊人的强壮动物。它巨大的胃几乎占据了它身体的一半。一排排的尖锐的牙齿向外面伸出，露出整张嘴巴。额头上血红的眼睛正死死的盯着你。",
    "default_faction": "fungus",
    "species": [ "FUNGUS" ],
    "diff": 20,
    "size": "MEDIUM",
    "harvest": "zombie",
    "hp": 55,
    "speed": 125,
    "material": [ "veggy", "flesh" ],
    "symbol": "p",
    "color": "ltgray_green",
    "aggression": 50,
    "morale": 120,
    "melee_skill": 4,
    "melee_dice": 4,
    "melee_dice_sides": 3,
    "melee_cut": 12,
    "dodge": 2,
    "armor_bash": 3,
    "armor_cut": 1,
    "vision_day": 35,
    "vision_night": 5,
    "special_attacks": [
      [ "FUNGUS", 60 ],
      [ "wound_minor", 30 ],
      {
        "type": "bite",
        "cooldown": 20,
        "no_infection_chance": 5,
        "damage_max_instance": [
          { "damage_type": "cut", "amount": 12, "armor_multiplier": 0.8 },
          { "damage_type": "stab", "amount": 6, "armor_multiplier": 0.8 }
        ]
      }
    ],
    "anger_triggers": [ "PLAYER_WEAK", "PLAYER_CLOSE" ],
    "death_function": [ "NORMAL" ],
    "flags": [ "SEES", "HEARS", "SMELLS", "KEENNOSE", "STUMBLES", "WARM", "BLEED", "BASHES", "POISON", "REGENERATES_10", "PLASTIC" ]
  }
]
