[
  {
    "id": "mon_razorclaw",
    "type": "MONSTER",
    "name": "利爪怪",
    "copy-from": "mon_razorclaw",
    "path_settings": { "max_dist": 12 },
    "attack_effs": [ { "id": "rad_tenths", "duration": 10 }, { "id": "flu_zed", "duration": 14400, "chance": 5 } ],
    "special_attacks": [ [ "SHRIEK_ALERT", 6 ], [ "SHRIEK_STUN", 1 ], [ "scratch", 20 ], [ "wound_minor", 15 ] ]
  },
  {
    "id": "mon_dermatik_larva",
    "type": "MONSTER",
    "copy-from": "mon_dermatik_larva",
    "melee_skill": 1,
    "melee_dice": 1,
    "melee_dice_sides": 2,
    "melee_cut": 2,
    "attack_effs": [ { "id": "rad_tenths", "duration": 10 } ],
    "vision_day": 5,
    "vision_night": 5,
    "special_attacks": [ { "type": "bite", "cooldown": 10, "no_infection_chance": 12, "moves": 250 } ],
    "flags": [ "SEES", "HEARS", "SMELLS", "CAN_DIG", "LARVA" ]
  },
  {
    "id": "mon_dermatik",
    "type": "MONSTER",
    "copy-from": "mon_dermatik",
    "hp": 85,
    "speed": 125,
    "aggression": 0,
    "morale": 60,
    "melee_skill": 7,
    "melee_dice": 1,
    "melee_dice_sides": 7,
    "melee_damage": [ { "damage_type": "stab", "amount": 4 }, { "damage_type": "acid", "amount": 1 } ],
    "melee_cut": 3,
    "dodge": 6,
    "attack_effs": [ { "id": "poison", "duration": 400 }, { "id": "rad_tenths", "duration": 15 } ],
    "armor_bash": 2,
    "armor_cut": 6,
    "vision_day": 15,
    "vision_night": 7,
    "special_attacks": [ [ "DERMATIK", 20 ], [ "wound_minor", 30 ] ],
    "anger_triggers": [ "FRIEND_ATTACKED", "PLAYER_WEAK", "STALK" ],
    "fear_triggers": [ "HURT" ],
    "flags": [ "SEES", "HEARS", "SMELLS", "STUMBLES", "FLIES", "CHITIN" ]
  },
  {
    "id": "mon_coyote_wolf",
    "type": "MONSTER",
    "copy-from": "mon_coyote_wolf",
    "hp": 25,
    "upgrades": { "half_life": 19, "into": "mon_coyote_wolf_zerg" }
  },
  {
    "id": "mon_sewer_snake",
    "type": "MONSTER",
    "copy-from": "mon_sewer_snake",
    "description": "这是一种具有攻击性的变异盲蛇，地下的生活赋予了其淡黄色的躯体。这种生物在地下生活，并以其群聚在下水道的习性而命名。",
    "default_faction": "mutant_omnivore",
    "attack_effs": [
      { "id": "badpoison", "duration": 900 },
      { "id": "skunk_spray", "duration": 3000 },
      { "id": "rad_tenths", "duration": 120 }
    ],
    "flags": [ "SEES", "SMELLS", "WARM", "VENOM", "SWIMS", "LEATHER", "BONES" ]
  },
  {
    "id": "mon_sewer_fish",
    "type": "MONSTER",
    "copy-from": "mon_sewer_fish",
    "default_faction": "mutant_predator",
    "attack_effs": [ { "id": "rad_tenths", "duration": 60 } ]
  },
  {
    "id": "mon_sludge_crawler",
    "type": "MONSTER",
    "copy-from": "mon_sludge_crawler",
    "default_faction": "mutant_omnivore",
    "symbol": "S",
    "color": "ltgray",
    "aggression": 50,
    "morale": 80,
    "dodge": 6,
    "attack_effs": [ { "id": "rad_tenths", "duration": 30 } ],
    "special_attacks": [ [ "sliming", 30 ] ],
    "emit_fields": [ "emit_sludge" ],
    "flags": [ "NOHEAD", "SEES", "POISON", "HEARS", "REGENERATES_10", "SMELLS", "SLUDGEPROOF", "SWIMS", "FLAMMABLE", "NOGIB" ]
  },
  {
    "id": "mon_sludge_crawler_queen",
    "type": "MONSTER",
    "copy-from": "mon_sludge_crawler",
    "name": "泥泞蛞蝓女王",
    "description": "一只巨型蛞蝓，九英尺长，冰箱那么宽。黑色的身体不停的分泌出透明的粘液。它沿着地面缓慢爬行，杆状眼偶尔从油乎乎的一坨肉里伸出观察路况。这只蛞蝓看起来比其他蛞蝓更加重要。",
    "default_faction": "mutant_omnivore",
    "species": [ "MUTANT" ],
    "diff": 13,
    "size": "LARGE",
    "hp": 420,
    "speed": 60,
    "material": [ "flesh" ],
    "symbol": "S",
    "color": "ltgray",
    "aggression": 40,
    "morale": 90,
    "melee_skill": 5,
    "melee_dice": 3,
    "melee_dice_sides": 8,
    "melee_damage": [ { "damage_type": "acid", "amount": 6 } ],
    "attack_effs": [ { "id": "rad_tenths", "duration": 50 } ],
    "special_attacks": [ [ "sliming", 30 ] ],
    "emit_fields": [ "emit_sludge" ],
    "dodge": 5,
    "armor_bash": 8,
    "vision_day": 10,
    "vision_night": 30,
    "death_function": [ "MELT" ],
    "flags": [
      "NOHEAD",
      "SEES",
      "POISON",
      "HEARS",
      "REGENERATES_10",
      "SMELLS",
      "SLUDGEPROOF",
      "SWIMS",
      "FLAMMABLE",
      "NOGIB",
      "HARDTOSHOOT"
    ]
  },
  {
    "id": "mon_chud",
    "type": "MONSTER",
    "copy-from": "mon_chud",
    "melee_skill": 6,
    "melee_dice": 1,
    "melee_dice_sides": 8,
    "melee_cut": 1,
    "attack_effs": [ { "id": "rad_tenths", "duration": 20 } ],
    "special_attacks": [
      [ "wound_minor", 30 ],
      [ "GRAB", 30 ],
      [ "scratch", 15 ],
      { "type": "bite", "cooldown": 20, "no_infection_chance": 3 }
    ]
  },
  {
    "id": "mon_one_eye",
    "type": "MONSTER",
    "copy-from": "mon_one_eye",
    "default_faction": "mutant_omnivore",
    "size": "LARGE",
    "melee_skill": 9,
    "melee_dice": 2,
    "melee_dice_sides": 4,
    "melee_cut": 1,
    "attack_effs": [ { "id": "rad_tenths", "duration": 20 } ],
    "special_attacks": [ [ "wound_minor", 30 ], [ "GRAB", 30 ], [ "SMASH", 30 ], [ "scratch", 60 ], [ "hammer", 15 ] ]
  },
  {
    "id": "mon_crawler",
    "type": "MONSTER",
    "copy-from": "mon_crawler",
    "default_faction": "mutant_predator",
    "attack_effs": [ { "id": "rad_tenths", "duration": 30 }, { "id": "rad_tenths", "duration": 30 } ],
    "special_attacks": [ [ "scratch", 10 ] ]
  },
  {
    "id": "mon_dark_wyrm",
    "type": "MONSTER",
    "copy-from": "mon_dark_wyrm",
    "default_faction": "dark_wyrm",
    "melee_skill": 8,
    "melee_dice": 2,
    "melee_dice_sides": 6,
    "melee_damage": [ { "damage_type": "stab", "amount": 8 } ],
    "melee_cut": 6,
    "attack_effs": [ { "id": "rad_tenths", "duration": 20 }, { "id": "rad_tenths", "duration": 20 } ],
    "vision_day": 2,
    "vision_night": 2,
    "emit_fields": [ "emit_acid_small", "emit_acid_trail_slow" ],
    "special_attacks": [ [ "ACID_ACCURATE", 15 ], [ "hammer", 30 ] ],
    "special_when_hit": [ "ACIDSPLASH", 80 ],
    "flags": [ "SEES", "SMELLS", "HEARS", "GOODHEARING", "CAN_DIG", "BASHES", "BORES", "POISON", "SUNDEATH", "ACIDPROOF", "LEATHER" ]
  },
  {
    "id": "mon_amigara_horror",
    "type": "MONSTER",
    "copy-from": "mon_amigara_horror",
    "default_faction": "amigara",
    "hp": 200,
    "melee_skill": 15,
    "melee_dice": 3,
    "melee_dice_sides": 3,
    "melee_damage": [ { "damage_type": "biological", "amount": 1 } ],
    "melee_cut": 0,
    "dodge": 3,
    "attack_effs": [
      { "id": "rad_tenths", "duration": 20 },
      { "id": "rad_tenths", "duration": 50 },
      { "id": "rad_tenths", "duration": 100 }
    ],
    "armor_bash": 1,
    "armor_cut": 1,
    "emit_fields": [ "emit_fatigue" ],
    "special_attacks": [
      [ "wound_minor", 20 ],
      [ "FEAR_PARALYZE", 7 ],
      [ "GRAB_DRAG", 30 ],
      [ "STRETCH_ATTACK", 5 ],
      {
        "id": "hammer",
        "cooldown": 20,
        "moves": 150,
        "damage_max_instance": [ { "damage_type": "bash", "amount": 9, "armor_multiplier": 0.85 }, { "damage_type": "biological", "amount": 1 } ]
      }
    ],
    "flags": [
      "SMELLS",
      "HEARS",
      "SEES",
      "STUMBLES",
      "HARDTOSHOOT",
      "HUMAN",
      "LEATHER",
      "PATH_AVOID_DANGER_2",
      "PRIORITIZE_TARGETS"
    ]
  },
  {
    "id": "mon_thing_head",
    "type": "MONSTER",
    "name": "变异狗头",
    "description": "一只黑色的狗头，残肢上流出黑色粘液和长出变异触手。",
    "default_faction": "mutant",
    "species": [ "NETHER" ],
    "diff": 16,
    "size": "SMALL",
    "hp": 60,
    "speed": 60,
    "material": [ "flesh" ],
    "harvest": "mammal_tiny",
    "symbol": "h",
    "color": "dkgray",
    "aggression": 100,
    "morale": 100,
    "melee_skill": 4,
    "melee_dice": 4,
    "melee_dice_sides": 4,
    "melee_cut": 1,
    "attack_effs": [ { "id": "thing_poison", "duration": 50 }, { "id": "rad_tenths", "duration": 100 } ],
    "dodge": 2,
    "vision_night": 15,
    "special_attacks": [ [ "GRAB", 15 ], [ "TENTACLE", 5 ], [ "VINE", 10 ] ],
    "death_function": [ "MELT" ],
    "flags": [ "SEES", "SMELLS", "HEARS" ]
  },
  {
    "id": "mon_thing_spider",
    "type": "MONSTER",
    "name": "变异蛛人",
    "description": "一个分离的、畸形的脑袋，有十个尖锐的四肢，带着悲叹的眼神。",
    "default_faction": "mutant",
    "species": [ "NETHER" ],
    "diff": 16,
    "size": "SMALL",
    "hp": 40,
    "speed": 100,
    "material": [ "flesh" ],
    "harvest": "mammal_tiny",
    "symbol": "s",
    "color": "dkgray",
    "aggression": 100,
    "morale": 100,
    "melee_skill": 3,
    "melee_dice": 2,
    "melee_dice_sides": 4,
    "melee_cut": 0,
    "melee_damage": [
      { "damage_type": "stab", "amount": 2 },
      { "damage_type": "acid", "amount": 4 },
      { "damage_type": "biological", "amount": 1 }
    ],
    "attack_effs": [ { "id": "thing_poison", "duration": 50 }, { "id": "rad_tenths", "duration": 100 } ],
    "dodge": 2,
    "vision_night": 10,
    "special_attacks": [ [ "LUNGE", 60 ], [ "VINE", 10 ], { "type": "leap", "cooldown": 7, "max_range": 2 } ],
    "death_function": [ "MELT" ],
    "flags": [ "SEES", "SMELLS", "HEARS" ]
  },
  {
    "id": "mon_dog_thing",
    "type": "MONSTER",
    "copy-from": "mon_dog_thing",
    "default_faction": "mutant_predator",
    "special_attacks": [ [ "DOGTHING", 80 ], [ "DARKMAN", 5 ] ],
    "flags": [ "SEES", "SMELLS", "HEARS", "ANIMAL", "PATH_AVOID_DANGER_1", "WARM", "FUR", "HARDTOSHOOT" ]
  },
  {
    "id": "mon_headless_dog_thing",
    "type": "MONSTER",
    "name": "触手变异犬",
    "copy-from": "mon_headless_dog_thing",
    "description": "狗的身上有大量的粘液，黑色的触角从头部生长出来。",
    "default_faction": "mutant_predator",
    "diff": 18,
    "hp": 160,
    "speed": 140,
    "melee_skill": 8,
    "melee_dice": 3,
    "melee_dice_sides": 6,
    "melee_cut": 4,
    "attack_effs": [ { "id": "thing_poison", "duration": 100 }, { "id": "rad_tenths", "duration": 100 } ],
    "dodge": 5,
    "special_attacks": [ [ "TENTACLE", 5 ], [ "GRENADIER", 5 ] ],
    "starting_ammo": { "bot_thing_head": 3, "bot_thing_spider": 3 },
    "death_function": [ "THING" ],
    "flags": [ "SEES", "SMELLS", "HEARS", "BASHES" ],
    "anger_triggers": [ "PLAYER_CLOSE", "FRIEND_DIED", "SOUND" ],
    "fear_triggers": [ "HURT", "FRIEND_ATTACKED" ]
  },
  {
    "id": "mon_thing",
    "type": "MONSTER",
    "copy-from": "mon_thing",
    "default_faction": "mutant_predator",
    "hp": 180,
    "speed": 120,
    "melee_skill": 12,
    "melee_dice": 5,
    "melee_dice_sides": 6,
    "melee_cut": 4,
    "attack_effs": [ { "id": "thing_poison", "duration": 200 }, { "id": "rad_tenths", "duration": 100 } ],
    "dodge": 3,
    "armor_cut": 6,
    "armor_bash": 12,
    "armor_acid": 15,
    "vision_night": 10,
    "special_attacks": [ [ "TENTACLE", 5 ], [ "GRENADIER", 5 ] ],
    "starting_ammo": { "bot_thing_head": 4, "bot_thing_spider": 4 },
    "death_function": [ "DARKMAN", "MELT" ]
  },
  {
    "id": "mon_human_snail",
    "type": "MONSTER",
    "copy-from": "mon_human_snail",
    "default_faction": "mutant_omnivore",
    "hp": 80,
    "speed": 60,
    "aggression": 0,
    "morale": 30,
    "melee_skill": 4,
    "melee_dice": 1,
    "melee_dice_sides": 4,
    "melee_damage": [ { "damage_type": "acid", "amount": 2 } ],
    "melee_cut": 0,
    "dodge": 0,
    "attack_effs": [ { "id": "rad_tenths", "duration": 20 }, { "id": "rad_tenths", "duration": 40 } ],
    "armor_bash": 6,
    "armor_cut": 12,
    "vision_day": 5,
    "vision_night": 20,
    "emit_fields": [ "emit_slime_trail" ],
    "special_attacks": [ [ "ACID", 20 ], [ "impale", 40 ], [ "numbing_poison", 30 ], [ "sliming", 60 ] ],
    "anger_triggers": [ "FRIEND_ATTACKED", "HURT", "FRIEND_DIED" ],
    "flags": [ "SEES", "SMELLS", "HEARS", "PATH_AVOID_DANGER_2", "HUMAN", "ACIDPROOF", "ACID_BLOOD" ]
  },
  {
    "id": "mon_twisted_body",
    "type": "MONSTER",
    "copy-from": "mon_twisted_body",
    "description": "一具人类的尸体，但是他的四肢、颈部、和头发均不可思议的扭曲。它飞快地在四处攀爬，并发出可怕的尖叫声。",
    "default_faction": "twisted_body",
    "hp": 60,
    "speed": 110,
    "aggression": 0,
    "morale": 100,
    "melee_skill": 4,
    "melee_dice": 2,
    "melee_dice_sides": 5,
    "melee_cut": 3,
    "dodge": 6,
    "armor_bash": 2,
    "armor_cut": 2,
    "attack_effs": [ { "id": "rad_tenths", "duration": 10 }, { "id": "rad_tenths", "duration": 50 } ],
    "vision_day": 40,
    "vision_night": 7,
    "special_attacks": [ [ "wound_minor", 40 ], [ "scratch", 20 ], [ "slash", 40 ] ],
    "anger_triggers": [ "PLAYER_CLOSE", "PLAYER_WEAK", "FRIEND_ATTACKED" ],
    "flags": [ "SEES", "HEARS", "GOODHEARING", "POISON", "HUMAN", "LEATHER", "CLIMBS", "SWARMS", "REGENERATES_10" ]
  },
  {
    "id": "mon_jabberwock",
    "type": "MONSTER",
    "copy-from": "mon_jabberwock",
    "attack_effs": [ { "id": "rad_tenths", "duration": 20 } ],
    "special_attacks": [
      [ "FLESH_GOLEM", 10 ],
      [ "FEAR_PARALYZE", 40 ],
      {
        "id": "scratch",
        "moves": 150,
        "cooldown": 20,
        "damage_max_instance": [
          { "damage_type": "cut", "amount": 14, "armor_multiplier": 0.8 },
          { "damage_type": "stab", "amount": 6, "armor_multiplier": 0.8 }
        ]
      },
      {
        "id": "slash",
        "cooldown": 30,
        "damage_max_instance": [
          { "damage_type": "cut", "amount": 16, "armor_multiplier": 0.8 },
          { "damage_type": "stab", "amount": 8, "armor_multiplier": 0.8 }
        ]
      }
    ],
    "upgrades": {
      "half_life": 28,
      "into": "mon_jabberwock_pk",
      "flags": [
        "SEES",
        "HEARS",
        "SMELLS",
        "STUMBLES",
        "WARM",
        "BASHES",
        "DESTROYS",
        "ATTACKMON",
        "FUR",
        "LEATHER",
        "BONES",
        "POISON",
        "BONES",
        "FAT",
        "REVIVES",
        "NO_NECRO"
      ]
    }
  },
  {
    "id": "mon_jabberwock_pk",
    "type": "MONSTER",
    "name": "伽卜沃克",
    "description": "这个血肉傀儡是由腐烂的人类和动物躯体融合在一起组成，它飞快的移动着所有头上的眼睛。口中发出尖叫和呻吟。他正缓慢的向你走来。",
    "default_faction": "jabberwock",
    "species": [ "ABERRATION" ],
    "diff": 50,
    "size": "HUGE",
    "hp": 600,
    "speed": 140,
    "material": [ "flesh" ],
    "symbol": "J",
    "color": "dkgray_red",
    "aggression": 100,
    "morale": 100,
    "melee_skill": 13,
    "melee_dice": 5,
    "melee_dice_sides": 9,
    "melee_cut": 10,
    "dodge": 5,
    "armor_bash": 18,
    "armor_cut": 12,
    "attack_effs": [ { "id": "rad_tenths", "duration": 40 } ],
    "vision_day": 50,
    "vision_night": 5,
    "special_attacks": [
      [ "FLESH_GOLEM", 5 ],
      [ "SMASH", 50 ],
      [ "FEAR_PARALYZE", 3 ],
      {
        "id": "slash",
        "cooldown": 20,
        "damage_max_instance": [
          { "damage_type": "cut", "amount": 20, "armor_multiplier": 0.8 },
          { "damage_type": "stab", "amount": 12, "armor_multiplier": 0.8 }
        ]
      }
    ],
    "death_function": [ "JABBERWOCKY" ],
    "harvest": "jabberwock",
    "flags": [
      "SEES",
      "HEARS",
      "SMELLS",
      "STUMBLES",
      "WARM",
      "BASHES",
      "DESTROYS",
      "ATTACKMON",
      "FUR",
      "LEATHER",
      "BONES",
      "POISON",
      "BONES",
      "FAT",
      "REVIVES",
      "NO_NECRO"
    ]
  },
  {
    "id": "mon_bat_vampire",
    "type": "MONSTER",
    "name": "吸血蝙蝠",
    "description": "一种变异的长鼻蝙蝠，有狭窄的长鼻。在狼群击晕猎物后，它会用牙齿在猎物身上挖一个洞，然后用细长的舌头迅速吸干猎物的血。",
    "default_faction": "mutant_small",
    "categories": [ "WILDLIFE" ],
    "species": [ "ABERRATION" ],
    "diff": 12,
    "size": "SMALL",
    "hp": 25,
    "speed": 170,
    "material": [ "flesh" ],
    "harvest": "mammal_small_fur",
    "symbol": "w",
    "color": "brown_red",
    "aggression": -5,
    "morale": 20,
    "melee_skill": 4,
    "melee_dice": 1,
    "melee_dice_sides": 2,
    "melee_damage": [ { "damage_type": "biological", "amount": 1 } ],
    "melee_cut": 4,
    "dodge": 3,
    "attack_effs": [ { "id": "rad_tenths", "duration": 20 } ],
    "armor_bash": 6,
    "vision_day": 10,
    "vision_night": 20,
    "path_settings": { "max_dist": 20 },
    "special_attacks": [
      [ "wound_minor", 20 ],
      [ "numbing_poison", 5 ],
      [ "SHRIEK_ALERT", 30 ],
      [ "SHRIEK_STUN", 1 ],
      { "type": "bite", "cooldown": 3, "no_infection_chance": 8 }
    ],
    "anger_triggers": [ "PLAYER_WEAK", "FIRE", "SOUND" ],
    "fear_triggers": [ "FRIEND_DIED", "PLAYER_CLOSE", "FRIEND_ATTACKED" ],
    "placate_triggers": [ "SOUND" ],
    "death_function": [ "NORMAL" ],
    "flags": [
      "SEES",
      "SMELLS",
      "HEARS",
      "GOODHEARING",
      "PATH_AVOID_DANGER_1",
      "WARM",
      "FLIES",
      "ANIMAL",
      "BONES",
      "LEATHER",
      "HARDTOSHOOT",
      "SWARMS",
      "HIT_AND_RUN",
      "GROUP_MORALE"
    ]
  },
  {
    "id": "mon_coyote_wolf_zerg",
    "type": "MONSTER",
    "name": "变异郊狼",
    "description": "它看起来像一只棕色的郊狼，侧面有黑色的条纹。但是侧面变异出了一根镰刀状的长骨让它显得特别可怕。",
    "default_faction": "dog",
    "categories": [ "WILDLIFE" ],
    "species": [ "MAMMAL" ],
    "diff": 16,
    "size": "MEDIUM",
    "hp": 45,
    "speed": 145,
    "material": [ "flesh" ],
    "harvest": "mammal_fur",
    "symbol": "d",
    "color": "brown_white",
    "aggression": 0,
    "morale": 15,
    "melee_skill": 6,
    "melee_dice": 2,
    "melee_dice_sides": 4,
    "melee_cut": 12,
    "dodge": 5,
    "attack_effs": [ { "id": "rad_tenths", "duration": 20 } ],
    "armor_bash": 3,
    "armor_cut": 1,
    "vision_day": 40,
    "vision_night": 5,
    "path_settings": { "max_dist": 30 },
    "special_attacks": [
      [ "wound_minor", 40 ],
      [ "LONGSWIPE", 20 ],
      [ "slash", 20 ],
      [ "impale", 50 ],
      {
        "type": "leap",
        "cooldown": 20,
        "max_range": 3,
        "min_consider_range": 2,
        "max_consider_range": 7,
        "allow_no_target": false
      }
    ],
    "anger_triggers": [ "FRIEND_ATTACKED", "PLAYER_WEAK", "PLAYER_CLOSE" ],
    "fear_triggers": [ "FRIEND_DIED", "HURT" ],
    "placate_triggers": [ "MEAT" ],
    "death_function": [ "NORMAL" ],
    "flags": [
      "SEES",
      "HEARS",
      "SMELLS",
      "PATH_AVOID_DANGER_1",
      "ANIMAL",
      "WARM",
      "FUR",
      "KEENNOSE",
      "BLEED",
      "BONES",
      "FAT",
      "SWARMS",
      "GROUP_MORALE"
    ]
  },
  {
    "id": "mon_raphael",
    "type": "MONSTER",
    "name": "变异龟人",
    "description": "一种巨大的绿色类人动物，皮肤肿胀，周围有坚硬的棕色外壳。虽然肌肉发达，动作敏捷，但皮肤和甲壳都闪耀着令人作呕的光泽。它戴着粗糙的眼罩，上面有一个大洞，以便能看见东西。",
    "default_faction": "mutant",
    "species": [ "REPTILE" ],
    "diff": 28,
    "size": "MEDIUM",
    "hp": 200,
    "speed": 125,
    "material": [ "flesh" ],
    "harvest": "arachnid",
    "symbol": "T",
    "color": "red_green",
    "aggression": 6,
    "morale": 95,
    "melee_skill": 7,
    "melee_dice": 2,
    "melee_dice_sides": 4,
    "melee_cut": 7,
    "melee_damage": [ { "damage_type": "stab", "amount": 15 } ],
    "dodge": 5,
    "armor_bash": 6,
    "armor_stab": 8,
    "armor_cut": 14,
    "armor_acid": 5,
    "armor_fire": 8,
    "vision_day": 40,
    "vision_night": 15,
    "special_attacks": [
      {
        "id": "slash",
        "cooldown": 20,
        "damage_max_instance": [
          { "damage_type": "stab", "amount": 6, "armor_multiplier": 0.75 },
          { "damage_type": "cut", "amount": 16, "armor_multiplier": 0.75 }
        ]
      },
      { "type": "leap", "cooldown": 15, "max_range": 2 },
      {
        "id": "LUNGE",
        "cooldown": 20,
        "damage_max_instance": [
          { "damage_type": "stab", "amount": 18, "armor_multiplier": 0.75 },
          { "damage_type": "cut", "amount": 6, "armor_multiplier": 0.75 }
        ]
      },
      { "type": "leap", "cooldown": 15, "max_range": 2 }
    ],
    "death_drops": "mon_zombie_hulk_death_drops",
    "death_function": [ "NORMAL" ],
    "flags": [
      "SEES",
      "HEARS",
      "SMELLS",
      "BASHES",
      "GROUP_BASH",
      "HUMAN",
      "BLEED",
      "BONES",
      "GROUP_MORALE",
      "REGEN_MORALE",
      "PATH_AVOID_DANGER_1",
      "HIT_AND_RUN"
    ],
    "anger_triggers": [ "FRIEND_ATTACKED", "FRIEND_DIED", "PLAYER_CLOSE" ],
    "placate_triggers": [ "FIRE", "HURT" ]
  },
  {
    "id": "mon_donatello",
    "type": "MONSTER",
    "name": "变异龟人",
    "copy-from": "mon_raphael",
    "hp": 160,
    "speed": 110,
    "color": "pink_green",
    "aggression": 0,
    "morale": 80,
    "melee_skill": 7,
    "melee_dice": 1,
    "melee_dice_sides": 16,
    "melee_cut": 0,
    "melee_damage": [ { "damage_type": "bash", "amount": 1 } ],
    "dodge": 6,
    "special_attacks": [
      [ "SMASH", 30 ],
      [ "BIO_OP_TAKEDOWN", 30 ],
      [ "SCIENCE", 20 ],
      {
        "type": "gun",
        "cooldown": 5,
        "move_cost": 200,
        "gun_type": "tihar",
        "ammo_type": "pebble",
        "fake_skills": [ [ "gun", 3 ], [ "rifle", 1 ] ],
        "fake_str": 14,
        "fake_dex": 16,
        "fake_per": 10,
        "max_ammo": 1000,
        "ranges": [ [ 0, 3, "AUTO" ] ],
        "targeting_cost": 125,
        "require_targeting_player": false,
        "require_targeting_npc": false,
        "require_targeting_monster": false,
        "description": "紫色乌龟以闪电般的速度向前猛冲",
        "no_ammo_sound": "阿达啊!"
      }
    ],
    "starting_ammo": { "pebble": 1000 },
    "flags": [
      "SEES",
      "HEARS",
      "SMELLS",
      "BASHES",
      "GROUP_BASH",
      "HUMAN",
      "BLEED",
      "BONES",
      "GROUP_MORALE",
      "REGEN_MORALE",
      "PATH_AVOID_DANGER_2",
      "PRIORITIZE_TARGETS"
    ],
    "anger_triggers": [ "FRIEND_ATTACKED", "FRIEND_DIED", "FIRE" ],
    "placate_triggers": [ "HURT", "PLAYER_WEAK" ]
  },
  {
    "id": "mon_leonardo",
    "type": "MONSTER",
    "name": "变异龟人",
    "copy-from": "mon_raphael",
    "hp": 180,
    "speed": 115,
    "symbol": "T",
    "color": "ltblue_green",
    "aggression": 0,
    "morale": 90,
    "melee_skill": 7,
    "melee_dice": 2,
    "melee_dice_sides": 4,
    "melee_cut": 16,
    "melee_damage": [ { "damage_type": "cut", "amount": 1 } ],
    "dodge": 6,
    "special_attacks": [
      [ "BIO_OP_TAKEDOWN", 40 ],
      [ "LONGSWIPE", 30 ],
      [ "GRAB", 10 ],
      {
        "id": "slash",
        "cooldown": 30,
        "moves": 200,
        "damage_max_instance": [ { "damage_type": "cut", "amount": 22, "armor_multiplier": 0.75 } ]
      },
      { "type": "leap", "cooldown": 10, "max_range": 3 },
      {
        "type": "gun",
        "cooldown": 5,
        "move_cost": 250,
        "gun_type": "flaregun",
        "ammo_type": "signal_flare",
        "fake_str": 14,
        "fake_dex": 16,
        "fake_per": 10,
        "max_ammo": 1000,
        "ranges": [ [ 5, 20, "DEFAULT" ] ],
        "targeting_cost": 200,
        "require_targeting_player": false,
        "require_targeting_npc": false,
        "require_targeting_monster": false,
        "description": "蓝色的乌龟点燃了黑暗!"
      }
    ],
    "starting_ammo": { "signal_flare": 2 },
    "flags": [
      "SEES",
      "HEARS",
      "SMELLS",
      "BASHES",
      "GROUP_BASH",
      "HUMAN",
      "BLEED",
      "BONES",
      "GROUP_MORALE",
      "REGEN_MORALE",
      "PATH_AVOID_DANGER_2",
      "PRIORITIZE_TARGETS"
    ],
    "anger_triggers": [ "FRIEND_ATTACKED", "FRIEND_DIED", "HURT", "PLAYER_CLOSE" ],
    "placate_triggers": [ "PLAYER_WEAK" ]
  },
  {
    "id": "mon_michelangelo",
    "type": "MONSTER",
    "name": "变异龟人",
    "copy-from": "mon_raphael",
    "hp": 160,
    "speed": 120,
    "color": "yellow_green",
    "aggression": -5,
    "morale": 80,
    "melee_skill": 6,
    "melee_dice": 3,
    "melee_dice_sides": 8,
    "melee_cut": 2,
    "melee_damage": [ { "damage_type": "bash", "amount": 1 } ],
    "dodge": 7,
    "special_attacks": [
      [ "RANGED_PULL", 10 ],
      [ "DANCE", 7 ],
      { "id": "hammer", "damage_max_instance": [ { "damage_type": "bash", "amount": 18, "armor_multiplier": 0.7 } ] },
      { "type": "leap", "cooldown": 15, "max_range": 2 }
    ],
    "flags": [
      "SEES",
      "HEARS",
      "SMELLS",
      "BASHES",
      "GROUP_BASH",
      "HUMAN",
      "BLEED",
      "BONES",
      "GROUP_MORALE",
      "REGEN_MORALE",
      "PATH_AVOID_DANGER_2"
    ],
    "anger_triggers": [ "FRIEND_ATTACKED", "FRIEND_DIED", "HURT", "STALK" ],
    "placate_triggers": [ "FIRE", "PLAYER_WEAK" ]
  },
  {
    "id": "mon_ratman_ninja",
    "type": "MONSTER",
    "name": "变异鼠人",
    "description": "驼背的老鼠人，长着凶恶的爪子，穿着宽松的外衣。饥饿的眼睛凝视着黑暗，寻找食物或小玩意。",
    "default_faction": "mutant",
    "species": [ "MAMMAL" ],
    "diff": 20,
    "size": "MEDIUM",
    "hp": 120,
    "speed": 120,
    "material": [ "flesh" ],
    "harvest": "mammal_fur",
    "symbol": "R",
    "color": "dark_gray",
    "aggression": 0,
    "morale": 80,
    "melee_skill": 8,
    "melee_dice": 2,
    "melee_dice_sides": 6,
    "melee_cut": 12,
    "dodge": 7,
    "armor_bash": 4,
    "armor_cut": 4,
    "armor_acid": 1,
    "armor_fire": 1,
    "vision_day": 30,
    "vision_night": 20,
    "special_attacks": [
      [ "BIO_OP_TAKEDOWN", 30 ],
      [ "GRAB", 30 ],
      {
        "id": "hammer",
        "cooldown": 15,
        "moves": 150,
        "damage_max_instance": [
          { "damage_type": "bash", "amount": 18, "armor_multiplier": 0.7 },
          { "damage_type": "cut", "amount": 8, "armor_multiplier": 0.7 }
        ]
      },
      {
        "id": "slash",
        "damage_max_instance": [ { "damage_type": "stab", "amount": 6 }, { "damage_type": "cut", "amount": 14 } ]
      },
      { "type": "leap", "cooldown": 20, "max_range": 3 }
    ],
    "death_drops": "default_zombie_death_drops",
    "death_function": [ "NORMAL" ],
    "flags": [
      "SEES",
      "HEARS",
      "GOODHEARING",
      "SMELLS",
      "KEENNOSE",
      "BORES",
      "HUMAN",
      "BLEED",
      "BONES",
      "REGEN_MORALE",
      "PATH_AVOID_DANGER_2",
      "PRIORITIZE_TARGETS",
      "HARDTOSHOOT"
    ],
    "anger_triggers": [ "FRIEND_ATTACKED", "FRIEND_DIED", "HURT" ],
    "placate_triggers": [ "PLAYER_WEAK" ]
  },
  {
    "id": "mon_giant_crayfish",
    "type": "MONSTER",
    "name": "巨型龙虾",
    "copy-from": "mon_giant_crayfish",
    "diff": 16,
    "size": "MEDIUM",
    "hp": 50,
    "speed": 115,
    "material": [ "flesh" ],
    "symbol": "y",
    "color": "red",
    "aggression": 30,
    "morale": 100,
    "melee_skill": 5,
    "melee_dice": 2,
    "melee_dice_sides": 4,
    "melee_cut": 6,
    "dodge": 2,
    "attack_effs": [ { "id": "rad_tenths", "duration": 10 } ],
    "armor: bash": 5,
    "armor_cut": 8,
    "vision_day": 35,
    "vision_night": 7,
    "special_attacks": [
      [ "wound_minor", 30 ],
      {
        "id": "hammer",
        "cooldown": 30,
        "damage_max_instance": [ { "damage_type": "bash", "amount": 13, "armor_multiplier": 0.8 } ]
      },
      {
        "id": "scratch",
        "cooldown": 25,
        "damage_max_instance": [
          { "damage_type": "bash", "amount": 13, "armor_multiplier": 0.8 },
          { "damage_type": "cut", "amount": 5, "armor_multiplier": 0.8 }
        ],
        "effects": [ { "id": "grabbed", "duration": 1000, "bp": "TORSO" } ]
      }
    ],
    "death_function": [ "NORMAL" ],
    "flags": [ "SMELLS", "HEARS", "SEES", "CHITIN", "SWIMS", "GRABS", "FAT", "ARTHROPOD_BLOOD" ],
    "anger_triggers": [ "PLAYER_CLOSE", "HURT" ],
    "fear_triggers": [ "FIRE" ]
  },
  {
    "id": "mon_graboid",
    "type": "MONSTER",
    "name": "地魔虫",
    "copy-from": "mon_graboid",
    "diff": 28,
    "hp": 230,
    "speed": 170,
    "aggression": 50,
    "morale": 120,
    "melee_skill": 5,
    "melee_dice": 6,
    "melee_dice_sides": 6,
    "melee_cut": 9,
    "armor_bash": 12,
    "armor_cut": 6,
    "armor_stab": 8,
    "attack_effs": [ { "id": "rad_tenths", "duration": 10 } ],
    "vision_day": 2,
    "vision_night": 2,
    "special_attacks": [
      [ "RANGED_PULL", 15 ],
      [ "GRAB_DRAG", 25 ],
      {
        "id": "hammer",
        "cooldown": 40,
        "damage_max_instance": [ { "damage_type": "bash", "amount": 16, "armor_multiplier": 0.75 } ]
      },
      {
        "type": "bite",
        "cooldown": 30,
        "accuracy": 6,
        "no_infection_chance": 9,
        "damage_max_instance": [
          { "damage_type": "bash", "amount": 27, "armor_multiplier": 0.85 },
          { "damage_type": "stab", "amount": 9, "armor_multiplier": 0.85 }
        ],
        "effects": [ { "id": "grabbed", "duration": 1000, "bp": "TORSO" } ]
      }
    ],
    "death_function": [ "WORM", "NORMAL" ],
    "flags": [ "SEES", "HEARS", "GOODHEARING", "DIGS", "BASHES", "POISON", "WARM", "LEATHER", "FAT" ],
    "anger_trigger": [ "SOUND", "FRIEND_ATTACKED", "PLAYER_WEAK" ],
    "fear_trigger": [ "HURT", "FRIEND_DIED", "FIRE" ]
  },
  {
    "id": "mon_worm",
    "type": "MONSTER",
    "name": "巨型蠕虫",
    "copy-from": "mon_worm",
    "diff": 14,
    "hp": 67,
    "speed": 80,
    "aggression": 30,
    "morale": 90,
    "melee_skill": 4,
    "melee_dice": 4,
    "melee_dice_sides": 6,
    "melee_cut": 5,
    "attack_effs": [ { "id": "rad_tenths", "duration": 10 } ],
    "armor_bash": 3,
    "armor_cut": 2,
    "special_attacks": [ [ "wound_minor", 30 ] ],
    "flags": [ "DIGS", "HEARS", "GOODHEARING", "WARM", "LEATHER", "REGENERATES_10", "REGEN_MORALE" ],
    "anger_trigger": [ "SOUND", "FRIEND_ATTACKED", "PLAYER_WEAK" ],
    "fear_trigger": [ "HURT", "FRIEND_DIED" ]
  },
  {
    "id": "mon_halfworm",
    "type": "MONSTER",
    "name": "半截巨蠕虫",
    "copy-from": "mon_halfworm",
    "diff": 8,
    "size": "MEDIUM",
    "hp": 35,
    "speed": 80,
    "aggression": 15,
    "morale": 40,
    "melee_skill": 4,
    "melee_dice": 2,
    "melee_dice_sides": 6,
    "melee_cut": 3,
    "attack_effs": [ { "id": "rad_tenths", "duration": 10 } ],
    "armor_bash": 2,
    "upgrades": { "half_life": 3, "into_group": "GROUP_WORM" },
    "flags": [ "CAN_DIG", "HEARS", "GOODHEARING", "WARM", "LEATHER", "REGENERATES_10", "REGEN_MORALE" ],
    "anger_trigger": [ "SOUND", "FRIEND_ATTACKED", "PLAYER_WEAK" ],
    "fear_trigger": [ "HURT", "FRIEND_DIED" ]
  },
  {
    "id": "mon_thing_swamp",
    "type": "MONSTER",
    "name": "毒气怪",
    "name_plural": "毒气怪",
    "description": "一个缓慢着散发毒气的怪物，不知疲惫的散发着毒气，当毒气散发完后，它也就失去了作用。",
    "default_faction": "mutant",
    "species": [ "HORROR" ],
    "diff": 22,
    "size": "MEDIUM",
    "hp": 200,
    "speed": 60,
    "material": [ "flesh" ],
    "harvest": "zombie",
    "symbol": "P",
    "color": "green",
    "aggression": 50,
    "morale": 99,
    "melee_skill": 5,
    "melee_dice": 2,
    "melee_dice_sides": 10,
    "melee_cut": 0,
    "dodge": 2,
    "attack_effs": [
      { "id": "rad_tenths", "duration": 30 },
      { "id": "rad_tenths", "duration": 60 },
      { "id": "rad_tenths", "duration": 120 }
    ],
    "armor_bash": 4,
    "armor_cut": 13,
    "armor_stab": 10,
    "armor_acid": 20,
    "armor_fire": 1,
    "vision_day": 35,
    "vision_night": 12,
    "emit_fields": [ "emit_gas_stream", "emit_gas_stream", "emit_radiation_plume" ],
    "path_settings": { "max_dist": 30 },
    "death_function": [ "MELT", "ACID" ],
    "flags": [
      "SEES",
      "HEARS",
      "POISON",
      "HUMAN",
      "WARM",
      "BASHES",
      "GROUP_BASH",
      "BLEED",
      "NO_BREATHE",
      "LEATHER",
      "BONES",
      "STUMBLES"
    ]
  }
]
