[
  {
    "id": "mon_zombie",
    "type": "MONSTER",
    "copy-from": "mon_zombie",
    "special_attacks": [ { "type": "bite", "cooldown": 5 }, [ "GRAB", 50 ], [ "scratch", 20 ] ],
    "upgrades": { "half_life": 8, "into_group": "GROUP_ZOMBIE_UPGRADE" }
  },
  {
    "id": "mon_zombie_runner",
    "type": "MONSTER",
    "copy-from": "mon_zombie_runner",
    "attack_effs": [ { "id": "flu_zed", "duration": 8000, "chance": 1 } ],
    "special_attacks": [
      [ "scratch", 5 ],
      {
        "type": "bite",
        "cooldown": 5,
        "damage_max_instance": [ { "damage_type": "stab", "amount": 9, "armor_multiplier": 0.9 } ]
      }
    ]
  },
  {
    "id": "mon_zombie_hunter",
    "type": "MONSTER",
    "copy-from": "mon_zombie_hunter",
    "special_attacks": [
      [ "scratch", 10 ],
      { "type": "leap", "cooldown": 15, "max_range": 4 },
      {
        "type": "bite",
        "cooldown": 10,
        "damage_max_instance": [ { "damage_type": "stab", "amount": 12, "armor_multiplier": 0.8 } ]
      }
    ]
  },
  {
    "id": "mon_zombie_predator",
    "type": "MONSTER",
    "copy-from": "mon_zombie_predator",
    "special_attacks": [
      [ "scratch", 10 ],
      [ "impale", 30 ],
      { "type": "leap", "cooldown": 15, "max_range": 7, "allow_no_target": false },
      {
        "type": "bite",
        "cooldown": 10,
        "damage_max_instance": [ { "damage_type": "stab", "amount": 10, "armor_multiplier": 0.7 } ]
      }
    ]
  },
  {
    "id": "mon_zombie_runner_pk",
    "type": "MONSTER",
    "copy-from": "mon_zombie",
    "name": "野性追猎者（强大）",
    "color": "brown_white",
    "description": "这个刚复活不久的丧尸跑得很快，它的头神经质一样的前后不断晃动并啮咬自己的手。",
    "hp": 65,
    "speed": 110,
    "melee_skill": 4,
    "melee_dice": 2,
    "melee_dice_sides": 3,
    "melee_cut": 1,
    "attack_effs": [ { "id": "flu_zed", "duration": 8000, "chance": 1 } ],
    "special_attacks": [
      [ "GRAB", 10 ],
      [ "scratch", 5 ],
      {
        "type": "bite",
        "cooldown": 15,
        "damage_max_instance": [ { "damage_type": "stab", "amount": 10, "armor_multiplier": 0.9 } ]
      }
    ],
    "upgrades": { "half_life": 7, "into_group": "GROUP_ZOMBIE_GRAB" }
  },
  {
    "id": "mon_zombie_grabber",
    "type": "MONSTER",
    "copy-from": "mon_zombie_grabber",
    "attack_effs": [ { "id": "flu_zed", "duration": 8000, "chance": 2 } ],
    "special_attacks": [ [ "GRAB", 10 ], [ "scratch", 15 ], [ "PARROT", 50 ], { "type": "bite", "cooldown": 10 } ]
  },
  {
    "id": "mon_zombie_hazmat",
    "type": "MONSTER",
    "copy-from": "mon_zombie_hazmat",
    "hp": 70,
    "melee_skill": 3,
    "melee_dice": 2,
    "melee_dice_sides": 5,
    "attack_effs": [ { "id": "rad_tenths", "duration": 5 } ],
    "armor_bash": 8,
    "armor_cut": 5,
    "flags": [
      "SEES",
      "HEARS",
      "STUMBLES",
      "WARM",
      "BASHES",
      "GROUP_BASH",
      "POISON",
      "ACIDPROOF",
      "NO_BREATHE",
      "NO_NECRO",
      "REVIVES",
      "BONES",
      "PUSH_MON",
      "ELECTRIC",
      "FILTHY"
    ]
  },
  {
    "id": "mon_zombie_armored",
    "type": "MONSTER",
    "name": "装甲丧尸",
    "copy-from": "mon_zombie_armored",
    "description": "一个身着无敌的动力装甲的战士，不知何故被杀死并被感染成丧尸。",
    "melee_skill": 5,
    "melee_dice": 2,
    "melee_dice_sides": 8,
    "melee_cut": 0,
    "melee_damage": [ { "damage_type": "electric", "amount": 2 } ],
    "special_attacks": [ [ "hammer", 20 ] ]
  },
  {
    "id": "mon_beekeeper",
    "type": "MONSTER",
    "copy-from": "mon_beekeeper",
    "attack_effs": [ { "id": "flu_zed", "duration": 8000, "chance": 1 }, { "id": "rad_tenths", "duration": 5 } ],
    "vision_day": 30,
    "vision_night": 5,
    "upgrades": { "half_life": 4, "into": "mon_beekeeper_pk" }
  },
  {
    "id": "mon_zombie_rot_pk",
    "type": "MONSTER",
    "name": "腐烂丧尸",
    "description": "一具腐烂的尸体变成了丧尸，成群的苍蝇围绕着这个丧尸，在它的肿胀、溃烂的伤口上。",
    "default_faction": "zombie",
    "categories": [ "CLASSIC" ],
    "species": [ "ZOMBIE" ],
    "diff": 6,
    "size": "MEDIUM",
    "hp": 75,
    "speed": 66,
    "material": [ "flesh" ],
    "harvest": "zombie",
    "symbol": "Z",
    "color": "green_yellow",
    "aggression": 100,
    "morale": 100,
    "melee_skill": 4,
    "melee_dice": 2,
    "melee_dice_sides": 3,
    "melee_cut": 1,
    "melee_damage": [ { "damage_type": "stab", "amount": 6 } ],
    "attack_effs": [ { "id": "rad_fives", "duration": 2 }, { "id": "rad_tenths", "duration": 20 }, { "id": "rad_tenths", "duration": 30 } ],
    "dodge": 1,
    "armor_bash": 9,
    "armor_cut": 1,
    "armor_stab": 6,
    "vision_day": 35,
    "vision_night": 9,
    "emit_fields": [ "emit_gas_plume" ],
    "special_attacks": [
      [ "GRAB", 10 ],
      [ "scratch", 20 ],
      [ "slash", 60 ],
      { "type": "bite", "cooldown": 5, "accuracy": 6 },
      { "id": "diseased swipe", "cooldown": 12, "accuracy": 4 }
    ],
    "death_drops": "default_zombie_death_drops",
    "death_function": [ "NORMAL" ],
    "burn_into": "mon_zombie_crawler_pk_weak",
    "flags": [
      "SEES",
      "STUMBLES",
      "WARM",
      "BASHES",
      "GROUP_BASH",
      "POISON",
      "BLEED",
      "NO_BREATHE",
      "REVIVES",
      "BONES",
      "PUSH_MON",
      "FILTHY"
    ]
  },
  {
    "id": "mon_zombie_rot",
    "type": "MONSTER",
    "copy-from": "mon_zombie_rot",
    "speed": 60,
    "vision_day": 30,
    "vision_night": 9,
    "melee_skill": 2,
    "melee_dice": 2,
    "melee_dice_sides": 3,
    "melee_cut": 5,
    "special_attacks": [
      { "type": "bite", "cooldown": 3, "accuracy": 4 },
      [ "GRAB", 15 ],
      [ "scratch", 20 ],
      {
        "id": "diseased swipe",
        "cooldown": 12,
        "accuracy": 3,
        "damage_max_instance": [
          { "damage_type": "bash", "amount": 5, "armor_multiplier": 0.75 },
          { "damage_type": "cut", "amount": 5, "armor_multiplier": 0.75 }
        ]
      }
    ],
    "upgrades": { "half_life": 10, "into_group": "GROUP_ZOMBIE_DECAY" },
    "attack_effs": [ { "id": "rad_tenths", "duration": 10 }, { "id": "rad_tenths", "duration": 15 } ]
  },
  {
    "id": "mon_zombie_rot_flu",
    "type": "MONSTER",
    "copy-from": "mon_zombie_rot",
    "special_attacks": [
      { "type": "bite", "cooldown": 3, "accuracy": 4 },
      [ "GRAB", 15 ],
      [ "scratch", 20 ],
      {
        "id": "diseased swipe",
        "cooldown": 12,
        "accuracy": 2,
        "damage_max_instance": [
          { "damage_type": "bash", "amount": 5, "armor_multiplier": 0.75 },
          { "damage_type": "cut", "amount": 5, "armor_multiplier": 0.75 }
        ],
        "effects": [ { "id": "nausea", "duration": 200 }, { "id": "flu_zed", "duration": 3200, "chance": 35 } ]
      }
    ]
  },
  {
    "id": "mon_zombie_rot_pk_flu",
    "type": "MONSTER",
    "copy-from": "mon_zombie_rot_pk",
    "special_attacks": [
      [ "GRAB", 10 ],
      [ "scratch", 20 ],
      [ "slash", 60 ],
      { "type": "bite", "cooldown": 5, "accuracy": 6 },
      {
        "id": "diseased swipe",
        "cooldown": 12,
        "accuracy": 3,
        "damage_max_instance": [
          { "damage_type": "stab", "amount": 5, "armor_multiplier": 0.75 },
          { "damage_type": "cut", "amount": 5, "armor_multiplier": 0.75 }
        ],
        "effects": [ { "id": "nausea", "duration": 200 }, { "id": "flu_zed", "duration": 3200, "chance": 35 } ]
      }
    ]
  },
  {
    "id": "mon_zombie_rot_worms",
    "type": "MONSTER",
    "copy-from": "mon_zombie_rot",
    "special_attacks": [
      { "type": "bite", "cooldown": 3, "accuracy": 4 },
      [ "GRAB", 15 ],
      [ "scratch", 20 ],
      {
        "id": "diseased swipe",
        "cooldown": 12,
        "accuracy": 2,
        "damage_max_instance": [
          { "damage_type": "bash", "amount": 5, "armor_multiplier": 0.75 },
          { "damage_type": "cut", "amount": 5, "armor_multiplier": 0.75 }
        ],
        "effects": [ { "id": "nausea", "duration": 200 }, { "id": "bloodworms", "duration": 446400, "chance": 35 } ]
      }
    ]
  },
  {
    "id": "mon_zombie_rot_pk_worms",
    "type": "MONSTER",
    "copy-from": "mon_zombie_rot_pk",
    "special_attacks": [
      [ "GRAB", 10 ],
      [ "scratch", 20 ],
      [ "slash", 60 ],
      { "type": "bite", "cooldown": 5, "accuracy": 6 },
      {
        "id": "diseased swipe",
        "cooldown": 12,
        "accuracy": 3,
        "effects": [ { "id": "nausea", "duration": 200 }, { "id": "brainworms", "duration": 446400, "chance": 35 } ]
      }
    ]
  },
  {
    "id": "mon_zombie_rot_pain",
    "type": "MONSTER",
    "copy-from": "mon_zombie_rot",
    "special_attacks": [
      { "type": "bite", "cooldown": 3, "accuracy": 4 },
      [ "GRAB", 15 ],
      [ "scratch", 20 ],
      {
        "id": "diseased swipe",
        "cooldown": 12,
        "accuracy": 2,
        "damage_max_instance": [
          { "damage_type": "bash", "amount": 5, "armor_multiplier": 0.75 },
          { "damage_type": "cut", "amount": 5, "armor_multiplier": 0.75 }
        ],
        "effects": [ { "id": "nausea", "duration": 200 }, { "id": "paincysts", "duration": 446400, "chance": 35 } ]
      }
    ]
  },
  {
    "id": "mon_zombie_rot_pk_pain",
    "type": "MONSTER",
    "copy-from": "mon_zombie_rot_pk",
    "special_attacks": [
      [ "GRAB", 10 ],
      [ "scratch", 20 ],
      [ "slash", 60 ],
      { "type": "bite", "cooldown": 5, "accuracy": 6 },
      {
        "id": "diseased swipe",
        "cooldown": 12,
        "accuracy": 3,
        "effects": [ { "id": "nausea", "duration": 200 }, { "id": "tetanus", "duration": 121000, "chance": 35 } ]
      }
    ]
  },
  {
    "id": "mon_zombie_shrieker",
    "type": "MONSTER",
    "copy-from": "mon_zombie_shrieker",
    "vision_day": 45,
    "vision_night": 2,
    "attack_effs": [ { "id": "flu_zed", "duration": 8000, "chance": 1 } ],
    "special_attacks": [ [ "SHRIEK", 10 ], [ "GRAB", 30 ], [ "scratch", 20 ] ]
  },
  {
    "id": "mon_zombie_screecher",
    "type": "MONSTER",
    "copy-from": "mon_zombie_screecher",
    "vision_day": 45,
    "vision_night": 3,
    "special_attacks": [ [ "SHRIEK_ALERT", 20 ], [ "SHRIEK_STUN", 1 ], [ "scratch", 20 ] ]
  },
  {
    "id": "mon_zombie_acidic_pk",
    "type": "MONSTER",
    "name": "酸液丧尸（强大）",
    "copy-from": "mon_zombie_acidic",
    "description": "苍白的僵尸，肮脏的液体从它的脸上滴下来。最好不要太靠近这个……",
    "diff": 18,
    "size": "MEDIUM",
    "harvest": "zombie",
    "hp": 75,
    "speed": 85,
    "melee_skill": 4,
    "melee_dice": 5,
    "melee_dice_sides": 3,
    "melee_cut": 1,
    "dodge": 1,
    "armor_bash": 6,
    "armor_cut": 3,
    "armor_stab": 0,
    "vision_day": 40,
    "vision_night": 5,
    "emit_fields": [ "emit_acid_small" ],
    "special_attacks": [ [ "ACID_BARF", 10 ], [ "GRAB", 7 ] ],
    "special_when_hit": [ "ACIDSPLASH", 65 ],
    "death_function": [ "ACID", "NORMAL" ],
    "burn_into": "mon_zombie_scorched",
    "flags": [
      "SEES",
      "HEARS",
      "SMELLS",
      "STUMBLES",
      "WARM",
      "BASHES",
      "GROUP_BASH",
      "POISON",
      "ACIDPROOF",
      "ACID_BLOOD",
      "NO_BREATHE",
      "REVIVES",
      "BONES",
      "PUSH_MON",
      "FILTHY"
    ]
  },
  {
    "id": "mon_zombie_acidic",
    "type": "MONSTER",
    "copy-from": "mon_zombie_acidic",
    "attack_effs": [ { "id": "rad_tenths", "duration": 10 } ]
  },
  {
    "id": "mon_zombie_spitter",
    "type": "MONSTER",
    "copy-from": "mon_zombie_spitter",
    "attack_effs": [ { "id": "rad_tenths", "duration": 20 } ]
  },
  {
    "id": "mon_zombie_corrosive",
    "type": "MONSTER",
    "copy-from": "mon_zombie_corrosive",
    "attack_effs": [ { "id": "rad_tenths", "duration": 30 } ],
    "emit_fields": [ "emit_acid_small" ]
  },
  {
    "id": "mon_zombie_cripple",
    "type": "MONSTER",
    "name": "瘸腿丧尸",
    "description": "曾经瘸腿的人类，现在变成了瘸腿的丧尸。",
    "default_faction": "zombie",
    "categories": [ "CLASSIC" ],
    "species": [ "ZOMBIE" ],
    "diff": 2,
    "size": "MEDIUM",
    "hp": 60,
    "speed": 50,
    "material": [ "flesh" ],
    "harvest": "zombie",
    "symbol": "Z",
    "color": "light_green",
    "aggression": 70,
    "morale": 100,
    "melee_skill": 4,
    "melee_dice": 2,
    "melee_dice_sides": 3,
    "melee_cut": 0,
    "dodge": 0,
    "armor_bash": 0,
    "armor_cut": 0,
    "vision_day": 40,
    "vision_night": 3,
    "attack_effs": [ { "id": "flu_zed", "duration": 8000, "chance": 2 } ],
    "special_attacks": [ [ "GRAB", 5 ], [ "scratch", 20 ], { "type": "bite", "cooldown": 5 } ],
    "death_drops": "default_zombie_death_drops",
    "death_function": [ "NORMAL" ],
    "burn_into": "mon_zombie_scorched",
    "upgrades": { "half_life": 5, "into_group": "GROUP_ZOMBIE_DECAY" },
    "flags": [
      "SEES",
      "HEARS",
      "SMELLS",
      "STUMBLES",
      "WARM",
      "BASHES",
      "GROUP_BASH",
      "POISON",
      "BLEED",
      "NO_BREATHE",
      "REVIVES",
      "BONES",
      "FILTHY"
    ]
  },
  {
    "id": "mon_zombie_blind",
    "type": "MONSTER",
    "name": "目盲丧尸",
    "description": "生前是一名盲人，死后变成了丧尸。",
    "default_faction": "zombie",
    "categories": [ "CLASSIC" ],
    "species": [ "ZOMBIE" ],
    "diff": 2,
    "size": "MEDIUM",
    "hp": 80,
    "speed": 80,
    "material": [ "flesh" ],
    "harvest": "zombie",
    "symbol": "Z",
    "color": "light_green",
    "aggression": 70,
    "morale": 100,
    "melee_skill": 3,
    "melee_dice": 2,
    "melee_dice_sides": 4,
    "melee_cut": 1,
    "dodge": 0,
    "armor_bash": 0,
    "armor_cut": 0,
    "special_attacks": [ [ "GRAB_DRAG", 25 ], [ "scratch", 15 ], { "type": "bite", "cooldown": 3 } ],
    "death_drops": "default_zombie_death_drops",
    "death_function": [ "NORMAL" ],
    "burn_into": "mon_zombie_scorched",
    "upgrades": { "half_life": 5, "into": "mon_zombie_blind_pk" },
    "flags": [
      "HEARS",
      "SMELLS",
      "STUMBLES",
      "WARM",
      "BASHES",
      "GROUP_BASH",
      "POISON",
      "BLEED",
      "NO_BREATHE",
      "REVIVES",
      "BONES",
      "PUSH_MON",
      "FILTHY"
    ]
  },
  {
    "id": "mon_zombie_blind_pk",
    "type": "MONSTER",
    "name": "目盲丧尸（强大）",
    "description": "它瞳孔小，眼睛瞎，茫然地注视着前方。虽然看不见，但是行动相当敏捷。",
    "default_faction": "zombie",
    "categories": [ "CLASSIC" ],
    "species": [ "ZOMBIE" ],
    "diff": 2,
    "size": "MEDIUM",
    "hp": 80,
    "speed": 115,
    "material": [ "flesh" ],
    "harvest": "zombie",
    "symbol": "Z",
    "color": "light_green",
    "aggression": 60,
    "morale": 100,
    "melee_skill": 8,
    "melee_dice": 2,
    "melee_dice_sides": 6,
    "melee_cut": 1,
    "dodge": 4,
    "armor_bash": 5,
    "armor_cut": 5,
    "special_attacks": [ [ "GRAB_DRAG", 10 ], [ "scratch", 15 ], { "type": "bite", "cooldown": 3 } ],
    "death_drops": { "subtype": "collection", "groups": [ [ "default_zombie_death_drops", 90 ], [ "pk_melee", 10 ] ] },
    "death_function": [ "NORMAL" ],
    "burn_into": "mon_zombie_scorched",
    "flags": [
      "HEARS",
      "GOODHEARING",
      "SMELLS",
      "KEENNOSE",
      "STUMBLES",
      "HARDTOSHOOT",
      "WARM",
      "BASHES",
      "GROUP_BASH",
      "POISON",
      "BLEED",
      "NO_BREATHE",
      "REVIVES",
      "BONES",
      "PUSH_MON",
      "FILTHY"
    ]
  },
  {
    "id": "mon_zombie_2",
    "type": "MONSTER",
    "name": "丧尸（强大）",
    "description": "一具死而复生的活死人身体摇晃、迟缓，黑洞的眼睛潜藏着对血肉无法压抑的狂躁渴望，大脑可能还保留了一定程度处理能力，拥有一定的运动机能和移动能力。",
    "default_faction": "zombie",
    "categories": [ "CLASSIC" ],
    "species": [ "ZOMBIE" ],
    "diff": 3,
    "size": "MEDIUM",
    "hp": 70,
    "speed": 80,
    "material": [ "flesh" ],
    "harvest": "zombie",
    "symbol": "Z",
    "color": "light_green",
    "aggression": 100,
    "morale": 100,
    "melee_skill": 3,
    "melee_dice": 1,
    "melee_dice_sides": 4,
    "melee_damage": [ { "damage_type": "bash", "amount": 1 } ],
    "melee_cut": 1,
    "dodge": 1,
    "armor_bash": 0,
    "armor_cut": 0,
    "vision_day": 40,
    "vision_night": 3,
    "special_attacks": [ [ "GRAB", 15 ], [ "scratch", 20 ], { "type": "bite", "cooldown": 5 } ],
    "death_drops": "default_zombie_death_drops",
    "death_function": [ "NORMAL" ],
    "burn_into": "mon_zombie_scorched",
    "upgrades": { "half_life": 10, "into_group": "GROUP_ZOMBIE_UPGRADE" },
    "flags": [
      "SEES",
      "HEARS",
      "SMELLS",
      "STUMBLES",
      "WARM",
      "BASHES",
      "GROUP_BASH",
      "POISON",
      "BLEED",
      "NO_BREATHE",
      "REVIVES",
      "BONES",
      "PUSH_MON",
      "FILTHY"
    ]
  },
  {
    "id": "mon_zombie_3",
    "type": "MONSTER",
    "name": "丧尸（精英）",
    "description": "一具死而复生的活死人身体摇晃、迟缓，黑洞的眼睛潜藏着对血肉无法压抑的狂躁渴望，大脑可能还保留了一定程度处理能力，拥有一定的运动机能和移动能力。",
    "default_faction": "zombie",
    "categories": [ "CLASSIC" ],
    "species": [ "ZOMBIE" ],
    "diff": 3,
    "size": "MEDIUM",
    "hp": 90,
    "speed": 65,
    "material": [ "flesh" ],
    "harvest": "zombie",
    "symbol": "Z",
    "color": "light_green",
    "aggression": 100,
    "morale": 100,
    "melee_skill": 5,
    "melee_dice": 2,
    "melee_dice_sides": 4,
    "melee_cut": 0,
    "dodge": 0,
    "armor_bash": 2,
    "armor_cut": 2,
    "vision_day": 35,
    "vision_night": 3,
    "attack_effs": [ { "id": "flu_zed", "duration": 8000, "chance": 1 } ],
    "special_attacks": [ [ "GRAB", 15 ], [ "scratch", 20 ], { "type": "bite", "cooldown": 15 } ],
    "death_drops": "default_zombie_death_drops",
    "death_function": [ "NORMAL" ],
    "burn_into": "mon_zombie_scorched",
    "upgrades": { "half_life": 10, "into_group": "GROUP_ZOMBIE_UPGRADE" },
    "flags": [
      "SEES",
      "HEARS",
      "SMELLS",
      "STUMBLES",
      "WARM",
      "BASHES",
      "GROUP_BASH",
      "POISON",
      "BLEED",
      "NO_BREATHE",
      "REVIVES",
      "BONES",
      "PUSH_MON",
      "FILTHY"
    ]
  },
  {
    "id": "mon_zombie_pk",
    "type": "MONSTER",
    "name": "饥饿丧尸",
    "description": "这个人类尸体变得更加危险了，尽管它仍在缓慢地蹒跚前行，但如果你任其发展，它对你的影响是毋庸置疑的。",
    "default_faction": "zombie",
    "categories": [ "CLASSIC" ],
    "species": [ "ZOMBIE" ],
    "diff": 6,
    "size": "MEDIUM",
    "hp": 100,
    "speed": 75,
    "material": [ "flesh" ],
    "harvest": "zombie",
    "symbol": "Z",
    "color": "light_green",
    "aggression": 100,
    "morale": 100,
    "melee_skill": 5,
    "melee_dice": 2,
    "melee_dice_sides": 7,
    "melee_cut": 2,
    "attack_effs": [ { "id": "rad_tenths", "duration": 2 } ],
    "dodge": 2,
    "armor_bash": 3,
    "armor_cut": 3,
    "vision_day": 40,
    "vision_night": 3,
    "special_attacks": [ [ "GRAB", 20 ], [ "scratch", 20 ], { "type": "bite", "cooldown": 5 } ],
    "death_drops": "default_zombie_death_drops",
    "death_function": [ "NORMAL" ],
    "burn_into": "mon_zombie_scorched_pk",
    "upgrades": { "half_life": 30, "into_group": "GROUP_ZOMBIE_EVO" },
    "flags": [
      "SEES",
      "HEARS",
      "SMELLS",
      "STUMBLES",
      "WARM",
      "BASHES",
      "GROUP_BASH",
      "POISON",
      "BLEED",
      "NO_BREATHE",
      "REVIVES",
      "BONES",
      "PUSH_MON",
      "FILTHY"
    ]
  },
  {
    "id": "mon_zombie_child",
    "type": "MONSTER",
    "copy-from": "mon_zombie_child",
    "special_attacks": [ [ "scratch", 15 ], { "type": "bite", "cooldown": 5 } ],
    "upgrades": { "half_life": 14, "into_group": "GROUP_CHILD_ZOMBIE_UPGRADE" }
  },
  {
    "id": "mon_zombie_child_2",
    "type": "MONSTER",
    "name": "儿童丧尸（强大）",
    "name_plural": "儿童丧尸（强大）",
    "description": "一个不幸在年幼时期就被感染为丧尸的孩子，有着失神无助与痛苦饥渴的外表，情感正常的人类杀死这样的孩子通常会感到难过与悲伤。",
    "default_faction": "zombie",
    "categories": [ "CLASSIC" ],
    "species": [ "ZOMBIE" ],
    "diff": 2,
    "size": "SMALL",
    "hp": 35,
    "speed": 80,
    "material": [ "flesh" ],
    "harvest": "zombie",
    "symbol": "z",
    "color": "light_green",
    "aggression": 45,
    "morale": 100,
    "melee_skill": 2,
    "melee_dice": 2,
    "melee_dice_sides": 3,
    "melee_cut": 2,
    "dodge": 3,
    "armor_bash": 2,
    "armor_cut": 0,
    "vision_day": 35,
    "vision_night": 3,
    "special_attacks": [ [ "scratch", 15 ], { "type": "bite", "cooldown": 5 } ],
    "death_drops": { "subtype": "collection", "groups": [ [ "default_zombie_clothes", 100 ], [ "child_items", 65 ] ] },
    "death_function": [ "NORMAL" ],
    "burn_into": "mon_zombie_child_scorched",
    "upgrades": { "half_life": 14, "into_group": "GROUP_CHILD_ZOMBIE_UPGRADE" },
    "flags": [
      "SEES",
      "HEARS",
      "SMELLS",
      "STUMBLES",
      "WARM",
      "BASHES",
      "BLEED",
      "POISON",
      "GUILT",
      "NO_BREATHE",
      "REVIVES",
      "BONES",
      "FILTHY"
    ]
  },
  {
    "id": "mon_zombie_child_3",
    "type": "MONSTER",
    "name": "儿童丧尸（精英）",
    "name_plural": "儿童丧尸（精英）",
    "description": "一个不幸在年幼时期就被感染为丧尸的孩子，有着失神无助与痛苦饥渴的外表，情感正常的人类杀死这样的孩子通常会感到难过与悲伤。",
    "default_faction": "zombie",
    "categories": [ "CLASSIC" ],
    "species": [ "ZOMBIE" ],
    "diff": 2,
    "size": "SMALL",
    "hp": 50,
    "speed": 60,
    "material": [ "flesh" ],
    "harvest": "zombie",
    "symbol": "z",
    "color": "light_green",
    "aggression": 50,
    "morale": 100,
    "melee_skill": 3,
    "melee_dice": 3,
    "melee_dice_sides": 3,
    "melee_cut": 2,
    "dodge": 2,
    "armor_bash": 2,
    "armor_cut": 2,
    "vision_day": 35,
    "vision_night": 3,
    "attack_effs": [ { "id": "flu_zed", "duration": 8000, "chance": 1 } ],
    "special_attacks": [ [ "scratch", 15 ], { "type": "bite", "cooldown": 5 } ],
    "death_drops": { "subtype": "collection", "groups": [ [ "default_zombie_clothes", 100 ], [ "child_items", 65 ] ] },
    "death_function": [ "NORMAL" ],
    "burn_into": "mon_zombie_child_scorched",
    "upgrades": { "half_life": 14, "into_group": "GROUP_CHILD_ZOMBIE_UPGRADE" },
    "flags": [
      "SEES",
      "HEARS",
      "SMELLS",
      "STUMBLES",
      "WARM",
      "BASHES",
      "BLEED",
      "POISON",
      "GUILT",
      "NO_BREATHE",
      "REVIVES",
      "BONES",
      "FILTHY"
    ]
  },
  {
    "id": "mon_zombie_hollow_pk",
    "type": "MONSTER",
    "name": "变形丧尸（强大）",
    "description": "它那黝黑阴森的眼窝中空无一物，然而你却能感到它在巡视着周围。当它开始扫描并寻找周围的敌人是，身体会疯狂的扭曲和抖动。",
    "default_faction": "zombie",
    "species": [ "ZOMBIE" ],
    "diff": 24,
    "size": "MEDIUM",
    "hp": 140,
    "speed": 85,
    "material": [ "flesh" ],
    "harvest": "zombie",
    "symbol": "Z",
    "color": "black_green",
    "aggression": 100,
    "morale": 100,
    "melee_skill": 6,
    "melee_dice": 2,
    "melee_dice_sides": 9,
    "melee_cut": 2,
    "dodge": 4,
    "attack_effs": [ { "id": "rad_tenths", "duration": 2 } ],
    "armor_bash": 10,
    "armor_cut": 6,
    "armor_acid": 2,
    "armor_fire": 2,
    "vision_day": 45,
    "vision_night": 5,
    "special_attacks": [ [ "STRETCH_BITE", 15 ], [ "STRETCH_ATTACK", 10 ] ],
    "death_function": [ "NORMAL" ],
    "flags": [ "SEES", "HEARS", "SMELLS", "REVIVES", "WARM", "BASHES", "GRABS", "GROUP_BASH", "POISON", "NO_BREATHE", "FILTHY" ]
  },
  {
    "id": "mon_zombie_fat_2",
    "type": "MONSTER",
    "name": "肥胖丧尸（强大）",
    "description": "一只身体脂肪层发生了变异的肥胖丧尸，它臃肿的尸体踉跄着，吞下的恶心食物在胃中腐烂，散发着浓烈的恶臭，空洞的黑色眼眶扫视四周。",
    "default_faction": "zombie",
    "categories": [ "CLASSIC" ],
    "species": [ "ZOMBIE" ],
    "diff": 3,
    "size": "LARGE",
    "hp": 90,
    "speed": 65,
    "material": [ "flesh" ],
    "harvest": "zombie",
    "symbol": "Z",
    "color": "green",
    "aggression": 100,
    "morale": 100,
    "melee_skill": 3,
    "melee_dice": 2,
    "melee_dice_sides": 3,
    "melee_cut": 1,
    "dodge": 1,
    "armor_bash": 5,
    "armor_cut": 3,
    "vision_day": 40,
    "vision_night": 3,
    "special_attacks": [ { "type": "bite", "cooldown": 10, "min_mul": 0.75 } ],
    "death_drops": "default_zombie_death_drops",
    "death_function": [ "NORMAL" ],
    "burn_into": "mon_zombie_scorched",
    "upgrades": { "half_life": 11, "into_group": "GROUP_ZOMBIE_FAT" },
    "flags": [
      "SEES",
      "HEARS",
      "SMELLS",
      "STUMBLES",
      "WARM",
      "BASHES",
      "GROUP_BASH",
      "POISON",
      "BLEED",
      "NO_BREATHE",
      "REVIVES",
      "BONES",
      "FAT",
      "PUSH_MON",
      "FILTHY"
    ]
  },
  {
    "id": "mon_zombie_fat_3",
    "type": "MONSTER",
    "name": "肥胖丧尸（精英）",
    "description": "一只身体脂肪层发生了变异的肥胖丧尸，它臃肿的尸体踉跄着，吞下的恶心食物在胃中腐烂，散发着浓烈的恶臭，空洞的黑色眼眶扫视四周。",
    "default_faction": "zombie",
    "categories": [ "CLASSIC" ],
    "species": [ "ZOMBIE" ],
    "diff": 3,
    "size": "LARGE",
    "hp": 115,
    "speed": 50,
    "material": [ "flesh" ],
    "harvest": "zombie",
    "symbol": "Z",
    "color": "green",
    "aggression": 100,
    "morale": 100,
    "melee_skill": 4,
    "melee_dice": 2,
    "melee_dice_sides": 5,
    "melee_cut": 0,
    "dodge": 0,
    "armor_bash": 6,
    "armor_cut": 4,
    "vision_day": 40,
    "vision_night": 3,
    "attack_effs": [ { "id": "flu_zed", "duration": 8000, "chance": 1 } ],
    "special_attacks": [ { "type": "bite", "cooldown": 10, "min_mul": 0.75 } ],
    "death_drops": "default_zombie_death_drops",
    "death_function": [ "NORMAL" ],
    "burn_into": "mon_zombie_scorched",
    "upgrades": { "half_life": 11, "into_group": "GROUP_ZOMBIE_FAT" },
    "flags": [
      "SEES",
      "HEARS",
      "SMELLS",
      "STUMBLES",
      "WARM",
      "BASHES",
      "GROUP_BASH",
      "POISON",
      "BLEED",
      "NO_BREATHE",
      "REVIVES",
      "BONES",
      "FAT",
      "PUSH_MON",
      "FILTHY"
    ]
  },
  {
    "id": "mon_beekeeper_pk",
    "type": "MONSTER",
    "name": "结痂丧尸（强大）",
    "description": "一个畸形的人体，它的皮肤已经变成了一层厚厚的、长满老茧的疤痕组织。它的皮肤上可以分泌出一种液体，闻起来像有剧毒。",
    "default_faction": "zombie",
    "species": [ "ZOMBIE" ],
    "diff": 12,
    "size": "MEDIUM",
    "hp": 80,
    "speed": 50,
    "material": [ "flesh" ],
    "harvest": "zombie",
    "symbol": "Z",
    "color": "light_red",
    "aggression": 100,
    "morale": 100,
    "melee_skill": 5,
    "melee_dice": 2,
    "melee_dice_sides": 4,
    "melee_cut": 2,
    "dodge": 0,
    "armor_bash": 7,
    "armor_cut": 11,
    "vision_day": 35,
    "vision_night": 5,
    "attack_effs": [ { "id": "poison", "duration": 400 }, { "id": "rad_tenths", "duration": 3 } ],
    "emit_fields": [ "emit_flesh_slough" ],
    "special_attacks": [ [ "GRAB", 20 ], { "type": "bite", "cooldown": 5 } ],
    "death_drops": { "subtype": "collection", "groups": [ [ "default_zombie_clothes", 50 ], [ "hive", 30 ] ] },
    "death_function": [ "NORMAL" ],
    "burn_into": "mon_zombie_scorched_pk",
    "flags": [
      "HEARS",
      "SMELLS",
      "STUMBLES",
      "WARM",
      "BASHES",
      "GROUP_BASH",
      "POISON",
      "NO_BREATHE",
      "REVIVES",
      "BONES",
      "PUSH_MON",
      "ELECTRIC",
      "FILTHY"
    ]
  },
  {
    "id": "mon_zombie_child_pk",
    "type": "MONSTER",
    "name": "拳击手丧尸",
    "description": "虽然它有一张孩子的脸，但从它的指关节上长满的老茧可以看出来它经常战斗……",
    "default_faction": "zombie",
    "categories": [ "CLASSIC" ],
    "species": [ "ZOMBIE" ],
    "diff": 12,
    "size": "SMALL",
    "hp": 55,
    "speed": 90,
    "material": [ "flesh" ],
    "harvest": "zombie",
    "symbol": "z",
    "color": "green",
    "aggression": 70,
    "morale": 100,
    "melee_skill": 4,
    "melee_dice": 4,
    "melee_dice_sides": 4,
    "melee_cut": 1,
    "dodge": 2,
    "armor_bash": 1,
    "armor_cut": 1,
    "vision_day": 30,
    "vision_night": 3,
    "special_attacks": [ [ "scratch", 10 ], { "type": "bite", "cooldown": 10, "min_mul": 0.3 } ],
    "death_drops": { "subtype": "collection", "groups": [ [ "default_zombie_clothes", 80 ], [ "child_items", 25 ] ] },
    "death_function": [ "NORMAL" ],
    "burn_into": "mon_zombie_child_scorched",
    "upgrades": { "half_life": 24, "into": "mon_zombie_child_reaver" },
    "flags": [
      "GRABS",
      "SEES",
      "HEARS",
      "SMELLS",
      "WARM",
      "BASHES",
      "BLEED",
      "POISON",
      "GUILT",
      "NO_BREATHE",
      "REVIVES",
      "BONES",
      "FILTHY"
    ]
  },
  {
    "id": "mon_zombie_child_reaver",
    "type": "MONSTER",
    "name": "掠夺者丧尸",
    "description": "这具肮脏的儿童般大小的丧尸经过不断的战斗，它的面部被毁容和结痂，以非凡的敏捷、速度和野蛮的暴行吸收了尸体。它身上的伤疤表明，这不是它第一次(或第二次)死亡",
    "default_faction": "zombie",
    "categories": [ "CLASSIC" ],
    "species": [ "ZOMBIE" ],
    "diff": 16,
    "size": "SMALL",
    "hp": 80,
    "speed": 105,
    "material": [ "flesh" ],
    "harvest": "zombie",
    "symbol": "z",
    "color": "red",
    "aggression": 90,
    "morale": 100,
    "melee_skill": 6,
    "melee_dice": 4,
    "melee_dice_sides": 5,
    "melee_cut": 5,
    "dodge": 4,
    "attack_effs": [ { "id": "rad_tenths", "duration": 3 } ],
    "armor_bash": 8,
    "armor_cut": 6,
    "armor_acid": 4,
    "armor_fire": 4,
    "vision_day": 35,
    "vision_night": 4,
    "special_attacks": [ [ "slash", 10 ], { "type": "bite", "cooldown": 5, "min_mul": 0.5 } ],
    "death_drops": { "subtype": "collection", "groups": [ [ "default_zombie_clothes", 25 ], [ "child_items", 15 ] ] },
    "death_function": [ "NORMAL" ],
    "burn_into": "mon_zombie_child_scorched_pk",
    "flags": [
      "SEES",
      "HEARS",
      "SMELLS",
      "PATH_AVOID_DANGER_1",
      "WARM",
      "BASHES",
      "BLEED",
      "POISON",
      "NO_BREATHE",
      "REVIVES",
      "BONES",
      "FILTHY"
    ]
  },
  {
    "id": "mon_zombie_survivor",
    "type": "MONSTER",
    "copy-from": "mon_zombie_survivor",
    "hp": 160,
    "attack_effs": [ { "id": "flu_zed", "duration": 8000, "chance": 1 } ],
    "special_attacks": [
      [ "GRAB", 15 ],
      [ "SHRIEK", 20 ],
      [ "scratch", 20 ],
      [ "slash", 30 ],
      { "type": "bite", "cooldown": 15, "min_mul": 0.5 }
    ],
    "burn_into": "mon_zombie_scorched_pk"
  },
  {
    "id": "mon_zombie_crawler",
    "type": "MONSTER",
    "copy-from": "mon_zombie_crawler",
    "vision_day": 30,
    "vision_night": 5,
    "attack_effs": [ { "id": "flu_zed", "duration": 8000, "chance": 2 } ],
    "special_attacks": [ [ "scratch", 15 ], { "type": "bite", "cooldown": 15 } ],
    "burn_into": "mon_zombie_crawler_scorched",
    "upgrades": { "half_life": 21, "into": "mon_zombie_crawler_pk_weak" }
  },
  {
    "id": "mon_zombie_tough",
    "copy-from": "mon_zombie_tough",
    "type": "MONSTER",
    "name": "健壮丧尸",
    "description": "这个丧尸的生前矫健的如同一名运动员，如今成为了凶残的丧尸怪物。它面孔扭曲，每一个毛孔都释放出纯粹的破坏欲望。",
    "special_attacks": [ { "type": "bite", "cooldown": 5, "min_mul": 0.7 }, [ "GRAB", 60 ], [ "scratch", 20 ] ],
    "burn_into": "mon_zombie_smoker",
    "extend": { "upgrades": { "half_life": 24, "into_group": "GROUP_ZOMBIE_TOUGH" } },
    "delete": { "upgrades": { "half_life": 28, "into_group": "GROUP_ZOMBIE_UPGRADE" } }
  },
  {
    "id": "mon_zombie_tough_2",
    "type": "MONSTER",
    "name": "健壮丧尸（强大）",
    "description": "这个丧尸的生前矫健的如同一名运动员，如今成为了凶残的丧尸怪物。它面孔扭曲，每一个毛孔都释放出纯粹的破坏欲望。",
    "default_faction": "zombie",
    "categories": [ "CLASSIC" ],
    "species": [ "ZOMBIE" ],
    "diff": 3,
    "size": "MEDIUM",
    "hp": 90,
    "speed": 100,
    "material": [ "flesh" ],
    "harvest": "zombie",
    "symbol": "Z",
    "color": "light_red",
    "aggression": 100,
    "morale": 100,
    "melee_skill": 4,
    "melee_dice": 2,
    "melee_dice_sides": 4,
    "melee_cut": 2,
    "dodge": 2,
    "armor_bash": 2,
    "armor_cut": 1,
    "vision_day": 40,
    "vision_night": 3,
    "special_attacks": [ [ "GRAB", 15 ], [ "scratch", 20 ], { "type": "bite", "cooldown": 5, "min_mul": 0.7 } ],
    "death_drops": "default_zombie_death_drops",
    "death_function": [ "NORMAL" ],
    "burn_into": "mon_zombie_smoker",
    "upgrades": { "half_life": 22, "into_group": "GROUP_ZOMBIE_TOUGH" },
    "flags": [
      "SEES",
      "HEARS",
      "SMELLS",
      "STUMBLES",
      "WARM",
      "BASHES",
      "GROUP_BASH",
      "POISON",
      "BLEED",
      "NO_BREATHE",
      "REVIVES",
      "BONES",
      "PUSH_MON",
      "FILTHY"
    ]
  },
  {
    "id": "mon_zombie_tough_3",
    "type": "MONSTER",
    "name": "健壮丧尸（精英）",
    "description": "这个丧尸的生前矫健的如同一名运动员，如今成为了凶残的丧尸怪物。它面孔扭曲，每一个毛孔都释放出纯粹的破坏欲望。",
    "default_faction": "zombie",
    "categories": [ "CLASSIC" ],
    "species": [ "ZOMBIE" ],
    "diff": 3,
    "size": "MEDIUM",
    "harvest": "zombie",
    "hp": 125,
    "speed": 80,
    "material": [ "flesh" ],
    "symbol": "Z",
    "color": "light_red",
    "aggression": 100,
    "morale": 100,
    "melee_skill": 6,
    "melee_dice": 3,
    "melee_dice_sides": 4,
    "melee_cut": 0,
    "dodge": 1,
    "armor_bash": 5,
    "armor_cut": 3,
    "vision_day": 40,
    "vision_night": 3,
    "attack_effs": [ { "id": "flu_zed", "duration": 8000, "chance": 1 } ],
    "special_attacks": [ [ "GRAB", 15 ], [ "scratch", 20 ], { "type": "bite", "cooldown": 5, "min_mul": 0.7 } ],
    "death_drops": "default_zombie_death_drops",
    "death_function": [ "NORMAL" ],
    "burn_into": "mon_zombie_smoker",
    "upgrades": { "half_life": 22, "into_group": "GROUP_ZOMBIE_TOUGH" },
    "flags": [
      "SEES",
      "HEARS",
      "SMELLS",
      "STUMBLES",
      "WARM",
      "BASHES",
      "GROUP_BASH",
      "POISON",
      "BLEED",
      "NO_BREATHE",
      "REVIVES",
      "BONES",
      "PUSH_MON",
      "FILTHY"
    ]
  },
  {
    "id": "mon_zombie_master",
    "type": "MONSTER",
    "copy-from": "mon_zombie_master",
    "vision_day": 50,
    "vision_night": 9,
    "special_attacks": [ [ "UPGRADE", 0 ], [ "FORMBLOB", 1200 ], [ "slash", 20 ] ],
    "death_function": [ "BLOBSPLIT" ],
    "burn_into": "mon_zombie_scorched_master",
    "upgrades": { "half_life": 21, "into": "mon_zombie_master_pk" }
  },
  {
    "id": "mon_zombie_necro",
    "type": "MONSTER",
    "copy-from": "mon_zombie_necro",
    "vision_day": 50,
    "vision_night": 9,
    "special_attacks": [ [ "RESURRECT", 0 ], [ "FORMBLOB", 1200 ], [ "slash", 20 ] ],
    "death_function": [ "BLOBSPLIT" ],
    "burn_into": "mon_zombie_scorched_necro",
    "upgrades": { "half_life": 24, "into": "mon_zombie_necro_pk" }
  },
  {
    "id": "mon_zombie_hulk",
    "type": "MONSTER",
    "copy-from": "mon_zombie_hulk",
    "speed": 135,
    "burn_into": "mon_zombie_fiend_pk",
    "upgrades": { "half_life": 56, "into": "mon_zombie_hulk_pk" }
  },
  {
    "id": "mon_zombie_electric",
    "copy-from": "mon_zombie_electric",
    "type": "MONSTER",
    "name": "放电丧尸",
    "description": "一具身体呈现淡蓝色的丧尸，由于生化插件的异常放电，其周围不断有噼啪的电流环绕。看起来似乎急于告诉你点东西。",
    "diff": 12,
    "burn_into": "mon_zombie_scorched_shocker",
    "extend": { "upgrades": { "half_life": 22, "into_group": "GROUP_ZOMBIE_ELECTRIC" } },
    "delete": { "upgrades": { "half_life": 28, "into": "mon_zombie_nullfield" } }
  },
  {
    "id": "mon_zombie_electric_pk",
    "type": "MONSTER",
    "name": "放电丧尸（强大）",
    "description": "由于生化插件的异常放电，其周围不断有噼啪的电流环绕。这个丧尸看起来相当的不稳定。",
    "default_faction": "zombie",
    "species": [ "ZOMBIE" ],
    "diff": 16,
    "size": "MEDIUM",
    "hp": 125,
    "speed": 105,
    "material": [ "flesh" ],
    "harvest": "CBM_CIV",
    "symbol": "Z",
    "color": "light_cyan",
    "aggression": 100,
    "morale": 100,
    "melee_skill": 4,
    "melee_dice": 2,
    "melee_dice_sides": 5,
    "melee_damage": [ { "damage_type": "electric", "amount": 6 } ],
    "dodge": 3,
    "armor_bash": 3,
    "armor_cut": 3,
    "vision_day": 35,
    "vision_night": 8,
    "luminance": 16,
    "emit_fields": [ "emit_spark", "emit_boltstorm" ],
    "special_attacks": [ [ "SHOCKSTORM", 40 ], { "type": "bite", "cooldown": 5 } ],
    "special_when_hit": [ "ZAPBACK", 100 ],
    "death_drops": "mon_zombie_hulk_death_drops",
    "death_function": [ "NORMAL" ],
    "burn_into": "mon_zombie_scorched_shocker",
    "flags": [
      "SEES",
      "HEARS",
      "SMELLS",
      "STUMBLES",
      "WARM",
      "BASHES",
      "GROUP_BASH",
      "POISON",
      "ELECTRIC",
      "CBM_CIV",
      "NO_BREATHE",
      "REVIVES",
      "BONES",
      "PUSH_MON",
      "FILTHY"
    ]
  },
  {
    "id": "mon_zombie_brute",
    "type": "MONSTER",
    "copy-from": "mon_zombie_brute",
    "speed": 80,
    "special_attacks": [
      [ "SMASH", 30 ],
      [ "GRAB", 7 ],
      {
        "id": "hammer",
        "cooldown": 30,
        "accuracy": 3,
        "damage_max_instance": [ { "damage_type": "bash", "amount": 24, "armor_multiplier": 0.75 } ]
      }
    ]
  },
  {
    "id": "mon_zombie_brute_shocker",
    "type": "MONSTER",
    "copy-from": "mon_zombie_brute_shocker",
    "speed": 75,
    "hp": 240,
    "melee_skill": 4,
    "melee_dice": 3,
    "melee_dice_sides": 8,
    "melee_cut": 2,
    "melee_damage": [ { "damage_type": "electric", "amount": 8 } ],
    "dodge": 1,
    "armor_bash": 6,
    "armor_cut": 8,
    "special_attacks": [ [ "SHOCKSTORM", 15 ], [ "SMASH", 30 ], [ "hammer", 30 ] ],
    "emit_fields": [ "emit_spark" ],
    "special_when_hit": [ "ZAPBACK", 75 ],
    "burn_into": "mon_zombie_fiend_shocker"
  },
  {
    "id": "mon_zombie_brute_ninja",
    "type": "MONSTER",
    "copy-from": "mon_zombie_brute_ninja",
    "hp": 220,
    "speed": 110,
    "aggression": 75,
    "melee_skill": 8,
    "melee_dice": 6,
    "melee_dice_sides": 3,
    "melee_cut": 5,
    "dodge": 4,
    "armor_bash": 8,
    "armor_cut": 4,
    "vision_day": 25,
    "vision_night": 20,
    "special_attacks": [
      [ "SMASH", 40 ],
      [ "STRETCH_ATTACK", 30 ],
      [ "LONGSWIPE", 30 ],
      {
        "id": "hammer",
        "cooldown": 40,
        "accuracy": 5,
        "damage_max_instance": [ { "damage_type": "bash", "amount": 24, "armor_multiplier": 0.75 } ]
      }
    ],
    "burn_into": "mon_zombie_fiend_pk"
  },
  {
    "id": "mon_zombie_brute_grappler",
    "type": "MONSTER",
    "copy-from": "mon_zombie_brute_grappler",
    "hp": 280,
    "speed": 80,
    "melee_skill": 7,
    "melee_dice": 8,
    "melee_dice_sides": 3,
    "dodge": 3,
    "armor_bash": 10,
    "armor_cut": 14,
    "armor_stab": 6,
    "vision_day": 40,
    "vision_night": 3,
    "special_attacks": [
      [ "SMASH", 30 ],
      [ "BIO_OP_TAKEDOWN", 20 ],
      [ "RANGED_PULL", 20 ],
      [ "GRAB_DRAG", 10 ],
      { "type": "bite", "cooldown": 15, "min_mul": 0.2, "no_infection_chance": 3 },
      {
        "id": "hammer",
        "cooldown": 30,
        "accuracy": 5,
        "damage_max_instance": [ { "damage_type": "bash", "amount": 28, "armor_multiplier": 0.7 } ]
      }
    ],
    "death_function": [ "NORMAL" ],
    "burn_into": "mon_zombie_fiend_pk"
  },
  {
    "id": "mon_zombie_biter",
    "type": "MONSTER",
    "copy-from": "mon_zombie_biter",
    "description": "有光滑肌肉的畸形人体。它的下颚被拉长成一个小象鼻，浑身是恶臭的唾液。",
    "diff": 16,
    "hp": 100,
    "speed": 110,
    "aggression": 100,
    "morale": 100,
    "melee_skill": 6,
    "melee_dice": 3,
    "melee_dice_sides": 7,
    "melee_cut": 4,
    "dodge": 3,
    "attack_effs": [ { "id": "flu_zed", "duration": 8000, "chance": 1 } ],
    "armor_bash": 5,
    "armor_cut": 1,
    "vision_day": 25,
    "vision_night": 15,
    "burn_into": "mon_zombie_scorched"
  },
  {
    "id": "mon_zombie_gasbag",
    "type": "MONSTER",
    "copy-from": "mon_zombie_gasbag",
    "attack_effs": [ { "id": "rad_fives", "duration": 1 }, { "id": "rad_tenths", "duration": 10 }, { "id": "rad_tenths", "duration": 30 } ],
    "emit_fields": [ "emit_radiation_plume", "emit_gas_stream", "emit_gas_plume" ],
    "upgrades": { "half_life": 21, "into": "mon_zombie_gasbag_pk" }
  },
  {
    "id": "mon_zombie_smoker",
    "type": "MONSTER",
    "copy-from": "mon_zombie_smoker",
    "attack_effs": [ { "id": "rad_fives", "duration": 5 }, { "id": "rad_tenths", "duration": 30 } ],
    "emit_fields": [ "emit_smoke_stream" ],
    "burn_into": "mon_zombie_scorched_pk",
    "special_attacks": [ [ "scratch", 15 ], { "type": "bite", "cooldown": 5 } ],
    "upgrades": { "half_life": 35, "into_group": "GROUP_ZOMBIE_SMOKER" }
  },
  {
    "id": "mon_zombie_shady",
    "type": "MONSTER",
    "copy-from": "mon_zombie_shady",
    "aggression": 75,
    "vision_day": 6,
    "vision_night": 40,
    "special_attacks": [ [ "GRAB", 10 ], [ "scratch", 20 ], { "type": "bite", "cooldown": 15 } ],
    "burn_into": "mon_zombie_crawler_pk_weak",
    "upgrades": { "half_life": 15, "into": "mon_zombie_shady_pk" }
  },
  {
    "id": "mon_zombie_shady_pk",
    "type": "MONSTER",
    "name": "黑影丧尸（高级）",
    "description": "在光线充足的情况下，你能看见这个被黑影笼罩的人形轮廓。它移动速度较快，黑暗之中你甚至无法看见它。",
    "default_faction": "zombie",
    "categories": [ "CLASSIC" ],
    "species": [ "ZOMBIE" ],
    "diff": 3,
    "size": "MEDIUM",
    "hp": 100,
    "speed": 75,
    "material": [ "flesh" ],
    "harvest": "zombie",
    "symbol": "Z",
    "color": "light_gray",
    "aggression": 60,
    "morale": 100,
    "melee_skill": 6,
    "melee_dice": 2,
    "melee_dice_sides": 7,
    "melee_cut": 2,
    "dodge": 3,
    "armor_bash": 3,
    "armor_cut": 3,
    "vision_day": 5,
    "vision_night": 40,
    "special_attacks": [ [ "scratch", 20 ], [ "GRAB", 15 ], { "type": "bite", "cooldown": 15 } ],
    "anger_triggers": [ "PLAYER_CLOSE", "FRIEND_DIED", "HURT" ],
    "death_drops": "default_zombie_death_drops",
    "death_function": [ "NORMAL" ],
    "burn_into": "mon_zombie_scorched",
    "upgrades": { "half_life": 28, "into": "mon_zombie_shady_ghost" },
    "flags": [
      "SEES",
      "HEARS",
      "SMELLS",
      "STUMBLES",
      "WARM",
      "BASHES",
      "GROUP_BASH",
      "POISON",
      "BLEED",
      "NO_BREATHE",
      "REVIVES",
      "BONES",
      "PUSH_MON",
      "NIGHT_INVISIBILITY",
      "FILTHY"
    ]
  },
  {
    "id": "mon_zombie_shady_ghost",
    "type": "MONSTER",
    "name": "黑影丧尸（精英）",
    "description": "这个憔悴的身影周围的永久阴影让人很难看清。你能看到的是半透明的闪烁。它以光为导向，并且积极地避开火焰。",
    "default_faction": "zombie",
    "categories": [ "CLASSIC" ],
    "species": [ "ZOMBIE" ],
    "diff": 16,
    "size": "MEDIUM",
    "hp": 90,
    "speed": 100,
    "material": [ "flesh" ],
    "harvest": "zombie",
    "symbol": "Z",
    "color": "black_white",
    "aggression": 5,
    "morale": 90,
    "melee_skill": 6,
    "melee_dice": 3,
    "melee_dice_sides": 6,
    "melee_damage": [ { "damage_type": "true", "amount": 1 } ],
    "attack_effs": [ { "id": "rad_tenths", "duration": 5 }, { "id": "rad_fives", "duration": 5 } ],
    "dodge": 6,
    "armor_bash": 6,
    "armor_cut": 16,
    "armor_acid": 2,
    "armor_fire": 5,
    "vision_day": 10,
    "vision_night": 50,
    "special_attacks": [ [ "GRAB", 5 ], [ "slash", 20 ], { "type": "bite", "cooldown": 20 } ],
    "anger_triggers": [ "PLAYER_CLOSE", "FRIEND_DIED", "STALK", "HURT" ],
    "placate_triggers": [ "FIRE" ],
    "death_function": [ "NORMAL" ],
    "flags": [
      "HARDTOSHOOT",
      "SEES",
      "HEARS",
      "PATH_AVOID_DANGER_1",
      "SMELLS",
      "STUMBLES",
      "BASHES",
      "GROUP_BASH",
      "POISON",
      "BLEED",
      "NO_BREATHE",
      "REVIVES",
      "BONES",
      "PUSH_MON",
      "NIGHT_INVISIBILITY",
      "SWIMS",
      "PLASTIC",
      "FILTHY"
    ]
  },
  {
    "id": "mon_zombie_hollow",
    "type": "MONSTER",
    "copy-from": "mon_zombie_hollow",
    "hp": 100,
    "speed": 80,
    "melee_skill": 6,
    "melee_dice": 2,
    "melee_dice_sides": 7,
    "melee_cut": 2,
    "dodge": 4,
    "armor_bash": 7,
    "armor_cut": 5,
    "armor_stab": 10,
    "death_function": [ "NORMAL" ],
    "burn_into": "mon_zombie_scorched_pk",
    "upgrades": { "half_life": 44, "into": "mon_zombie_hollow_pk" },
    "flags": [
      "SEES",
      "HEARS",
      "REVIVES",
      "STUMBLES",
      "SMELLS",
      "WARM",
      "BASHES",
      "GRABS",
      "GROUP_BASH",
      "POISON",
      "NO_BREATHE",
      "FILTHY"
    ]
  },
  {
    "id": "mon_zombie_master_pk",
    "type": "MONSTER",
    "name": "丧尸主宰（强大）",
    "description": "一个苍白的，粉红皮肤的怪物，带着可怜的微笑和残忍的瞳孔。它的面部扭曲暗示着智慧和情感。",
    "default_faction": "zombie",
    "species": [ "ZOMBIE" ],
    "diff": 25,
    "size": "MEDIUM",
    "hp": 140,
    "speed": 100,
    "material": [ "flesh" ],
    "harvest": "zombie",
    "symbol": "Z",
    "color": "pink_red",
    "aggression": 5,
    "morale": 100,
    "melee_skill": 6,
    "melee_dice": 2,
    "melee_dice_sides": 7,
    "melee_cut": 4,
    "dodge": 4,
    "armor_bash": 6,
    "armor_cut": 3,
    "armor_acid": 2,
    "armor_fire": 3,
    "vision_day": 50,
    "vision_night": 10,
    "special_attacks": [ [ "UPGRADE", 10 ], [ "FORMBLOB", 900 ], [ "LONGSWIPE", 90 ], [ "slash", 20 ] ],
    "anger_triggers": [ "PLAYER_CLOSE", "PLAYER_WEAK" ],
    "fear_triggers": [ "HURT" ],
    "death_drops": "default_zombie_death_drops",
    "death_function": [ "NORMAL", "BLOBSPLIT" ],
    "burn_into": "mon_zombie_scorched_necro",
    "flags": [
      "SEES",
      "HEARS",
      "GOODHEARING",
      "PATH_AVOID_DANGER_2",
      "PRIORITIZE_TARGETS",
      "SMELLS",
      "WARM",
      "BASHES",
      "POISON",
      "NO_BREATHE",
      "NO_NECRO",
      "REVIVES",
      "BONES",
      "FILTHY"
    ]
  },
  {
    "id": "mon_zombie_necro_pk",
    "type": "MONSTER",
    "name": "死灵法尸（强大）",
    "description": "一个皮肤灰白人形生物，扭曲的双手颤抖的举起。它似乎吸收了某种其他的力量，因为它对倒下的亲属做出邪恶的手势。",
    "default_faction": "zombie",
    "species": [ "ZOMBIE" ],
    "diff": 25,
    "size": "MEDIUM",
    "hp": 160,
    "speed": 100,
    "material": [ "flesh" ],
    "harvest": "zombie",
    "symbol": "Z",
    "color": "dark_gray",
    "aggression": 5,
    "morale": 100,
    "melee_skill": 5,
    "melee_dice": 3,
    "melee_dice_sides": 4,
    "melee_cut": 6,
    "dodge": 6,
    "armor_bash": 8,
    "armor_cut": 4,
    "armor_acid": 3,
    "armor_fire": 3,
    "vision_day": 50,
    "vision_night": 10,
    "special_attacks": [ [ "RESURRECT", 10 ], [ "FORMBLOB", 960 ], [ "slash", 20 ] ],
    "anger_triggers": [ "PLAYER_CLOSE", "PLAYER_WEAK" ],
    "fear_triggers": [ "HURT" ],
    "death_drops": "default_zombie_death_drops",
    "death_function": [ "NORMAL", "BLOBSPLIT" ],
    "burn_into": "mon_zombie_scorched_necro",
    "flags": [
      "SEES",
      "HEARS",
      "GOODHEARING",
      "PATH_AVOID_DANGER_2",
      "PRIORITIZE_TARGETS",
      "SMELLS",
      "WARM",
      "BASHES",
      "POISON",
      "NO_BREATHE",
      "NO_NECRO",
      "REVIVES",
      "BONES",
      "FILTHY"
    ]
  },
  {
    "id": "mon_zombie_lord",
    "type": "MONSTER",
    "name": "丧尸领主",
    "description": "挺直的腰板，面带嘲弄的微笑，这只优雅的僵尸似乎在用它的怒视和锯齿状爪子的抽搐来指引附近的僵尸。它的皮肤是一种令人恶心的粉红色，每隔一段时间它就会分泌一些粘稠的、有生命的斑点。",
    "default_faction": "zombie",
    "species": [ "ZOMBIE" ],
    "diff": 25,
    "size": "MEDIUM",
    "hp": 180,
    "speed": 100,
    "material": [ "flesh" ],
    "harvest": "zombie",
    "symbol": "Z",
    "color": "red_magenta",
    "aggression": 5,
    "morale": 100,
    "melee_skill": 8,
    "melee_dice": 3,
    "melee_dice_sides": 6,
    "melee_cut": 7,
    "dodge": 6,
    "attack_effs": [
      { "id": "rad_tenths", "duration": 5 },
      { "id": "rad_tenths", "duration": 10 },
      { "id": "rad_tenths", "duration": 15 }
    ],
    "armor_bash": 12,
    "armor_cut": 8,
    "armor_acid": 3,
    "armor_fire": 3,
    "vision_day": 50,
    "vision_night": 10,
    "special_attacks": [ [ "UPGRADE", 20 ], [ "RESURRECT", 20 ], [ "FORMBLOB", 320 ], [ "LONGSWIPE", 15 ], [ "slash", 20 ] ],
    "anger_triggers": [ "PLAYER_CLOSE", "PLAYER_WEAK" ],
    "fear_triggers": [ "HURT" ],
    "death_drops": "default_zombie_death_drops",
    "death_function": [ "NORMAL", "BLOBSPLIT" ],
    "burn_into": "mon_zombie_scorched_necro",
    "flags": [
      "SEES",
      "HEARS",
      "GOODHEARING",
      "PATH_AVOID_DANGER_2",
      "PRIORITIZE_TARGETS",
      "SMELLS",
      "WARM",
      "BASHES",
      "POISON",
      "NO_BREATHE",
      "NO_NECRO",
      "REVIVES",
      "BONES",
      "FILTHY"
    ]
  },
  {
    "id": "mon_zombie_swimmer",
    "type": "MONSTER",
    "copy-from": "mon_zombie_swimmer",
    "burn_into": "mon_zombie_scorched",
    "attack_effs": [ { "id": "flu_zed", "duration": 8000, "chance": 2 } ],
    "special_attacks": [ [ "GRAB", 15 ], [ "scratch", 15 ], { "type": "bite", "cooldown": 5 } ],
    "upgrades": { "half_life": 17, "into": "mon_zombie_mancroc" }
  },
  {
    "id": "mon_zombie_swimmer_pk",
    "type": "MONSTER",
    "name": "泳装丧尸（强大）",
    "description": "穿着泳装、浑身皮肤光滑闪亮的丧尸，手与脚有蹼。",
    "default_faction": "zombie",
    "species": [ "ZOMBIE" ],
    "diff": 10,
    "size": "MEDIUM",
    "hp": 80,
    "speed": 90,
    "material": [ "flesh" ],
    "harvest": "zombie",
    "symbol": "Z",
    "color": "light_blue",
    "aggression": 100,
    "morale": 100,
    "melee_skill": 5,
    "melee_dice": 2,
    "melee_dice_sides": 5,
    "melee_cut": 3,
    "dodge": 2,
    "attack_effs": [ { "id": "rad_tenths", "duration": 5 } ],
    "armor_bash": 2,
    "vision_day": 40,
    "vision_night": 5,
    "special_attacks": [ [ "GRAB", 10 ], [ "scratch", 10 ], { "type": "bite", "cooldown": 20 } ],
    "death_drops": "mon_zombie_swimmer_death_drops",
    "death_function": [ "NORMAL" ],
    "burn_into": "mon_zombie_scorched",
    "upgrades": { "half_life": 17, "into": "mon_zombie_scales" },
    "flags": [
      "SEES",
      "HEARS",
      "SMELLS",
      "STUMBLES",
      "WARM",
      "BASHES",
      "GROUP_BASH",
      "POISON",
      "NO_BREATHE",
      "BLEED",
      "SWIMS",
      "REVIVES",
      "BONES",
      "PUSH_MON",
      "FILTHY"
    ]
  },
  {
    "id": "mon_zombie_scales",
    "type": "MONSTER",
    "name": "硬壳丧尸",
    "description": "这种僵尸似乎在水里比在外面更舒服。它皮肤硬化成片状的壳质层，这使得它动作看上去比较缓慢。",
    "default_faction": "zombie",
    "species": [ "ZOMBIE" ],
    "diff": 16,
    "size": "MEDIUM",
    "hp": 120,
    "speed": 80,
    "material": [ "flesh" ],
    "harvest": "zombie",
    "symbol": "Z",
    "color": "blue_cyan",
    "aggression": 100,
    "morale": 100,
    "melee_skill": 5,
    "melee_dice": 8,
    "melee_dice_sides": 2,
    "melee_cut": 1,
    "dodge": 2,
    "attack_effs": [ { "id": "rad_tenths", "duration": 15 } ],
    "armor_bash": 10,
    "armor_cut": 18,
    "armor_stab": 12,
    "armor_fire": 8,
    "vision_day": 40,
    "vision_night": 4,
    "special_attacks": [ [ "GRAB_DRAG", 20 ], [ "slash", 20 ], { "type": "bite", "cooldown": 8 } ],
    "death_drops": { "subtype": "collection", "groups": [ [ "mon_zombie_swimmer_death_drops", 20 ] ] },
    "death_function": [ "NORMAL" ],
    "burn_into": "mon_zombie_fiend",
    "flags": [
      "CHITIN",
      "SEES",
      "HEARS",
      "GOODHEARING",
      "SMELLS",
      "STUMBLES",
      "WARM",
      "BASHES",
      "GROUP_BASH",
      "POISON",
      "NO_BREATHE",
      "BLEED",
      "SWIMS",
      "REVIVES",
      "BONES",
      "PUSH_MON",
      "FILTHY"
    ]
  },
  {
    "id": "mon_zombie_mancroc",
    "type": "MONSTER",
    "copy-from": "mon_zombie_mancroc",
    "hp": 120,
    "speed": 100,
    "melee_skill": 4,
    "melee_dice": 3,
    "melee_dice_sides": 5,
    "melee_cut": 8,
    "dodge": 2,
    "armor_bash": 3,
    "armor_cut": 6,
    "vision_day": 25,
    "vision_night": 5,
    "attack_effs": [ { "id": "flu_zed", "duration": 8000, "chance": 1 } ],
    "special_attacks": [
      [ "GRAB_DRAG", 25 ],
      [ "slash", 20 ],
      {
        "type": "bite",
        "cooldown": 10,
        "accuracy": 7,
        "damage_max_instance": [
          { "damage_type": "stab", "amount": 8, "armor_multiplier": 0.5 },
          { "damage_type": "bash", "amount": 18, "armor_multiplier": 0.5 }
        ]
      }
    ],
    "death_function": [ "NORMAL" ],
    "burn_into": "mon_zombie_scorched_pk"
  },
  {
    "id": "mon_zombie_crawler_pk_weak",
    "type": "MONSTER",
    "name": "爬行丧尸（强大）",
    "description": "用伸出的双臂支撑着的俯卧的身体，湿漉漉的皮肤上有粗糙的凹裂缝。",
    "default_faction": "zombie",
    "species": [ "ZOMBIE" ],
    "diff": 16,
    "size": "MEDIUM",
    "hp": 90,
    "speed": 45,
    "material": [ "flesh" ],
    "harvest": "zombie",
    "symbol": "Z",
    "color": "green_yellow",
    "aggression": 100,
    "morale": 100,
    "melee_skill": 5,
    "melee_dice": 1,
    "melee_dice_sides": 10,
    "melee_damage": [ { "damage_type": "acid", "amount": 12 } ],
    "dodge": 1,
    "armor_bash": 7,
    "armor_cut": 4,
    "armor_fire": 1,
    "vision_day": 10,
    "vision_night": 20,
    "emit_fields": [ "emit_sludge_small" ],
    "special_attacks": [ [ "ACID_BARF", 30 ], [ "GRAB", 60 ], [ "PARROT", 50 ], [ "FORMBLOB", 2200 ] ],
    "special_when_hit": [ "ACIDSPLASH", 25 ],
    "death_function": [ "NORMAL" ],
    "burn_into": "mon_zombie_crawler_pk",
    "flags": [
      "ACIDPROOF",
      "ACID_BLOOD",
      "SEES",
      "HEARS",
      "POISON",
      "NO_BREATHE",
      "REVIVES",
      "NO_NECRO",
      "REVIVES_HEALTHY",
      "SLUDGEPROOF",
      "FLAMMABLE",
      "SWIMS",
      "FILTHY"
    ]
  },
  {
    "id": "mon_zombie_crawler_pk",
    "type": "MONSTER",
    "name": "蹒跚者",
    "description": "一个类似人形的生物，体型超过普通人类三倍。它会在发出令人作呕的吮吸声后像弹簧一下突然向前跳跃。",
    "default_faction": "zombie",
    "species": [ "ZOMBIE" ],
    "diff": 24,
    "size": "LARGE",
    "hp": 90,
    "speed": 65,
    "material": [ "flesh" ],
    "harvest": "zombie",
    "symbol": "Z",
    "color": "green_yellow",
    "aggression": 100,
    "morale": 100,
    "melee_skill": 5,
    "melee_dice": 1,
    "melee_dice_sides": 6,
    "melee_damage": [ { "damage_type": "acid", "amount": 8 }, { "damage_type": "stab", "amount": 8 } ],
    "dodge": 1,
    "armor_bash": 7,
    "armor_cut": 4,
    "armor_fire": 3,
    "vision_day": 5,
    "vision_night": 15,
    "emit_fields": [ "emit_sludge" ],
    "special_attacks": [ [ "ACID_BARF", 30 ], [ "GRAB", 60 ], [ "PARROT", 40 ], [ "FORMBLOB", 2000 ] ],
    "special_when_hit": [ "ACIDSPLASH", 10 ],
    "death_function": [ "NORMAL" ],
    "burn_into": "mon_zombie_crawler_scorched",
    "flags": [
      "ACIDPROOF",
      "ACID_BLOOD",
      "SEES",
      "HEARS",
      "POISON",
      "NO_BREATHE",
      "REVIVES",
      "NO_NECRO",
      "REVIVES_HEALTHY",
      "PLASTIC",
      "SLUDGEPROOF",
      "FLAMMABLE",
      "ABSORBS",
      "SWIMS",
      "FILTHY"
    ]
  },
  {
    "id": "mon_zombie_hulk_pk",
    "type": "MONSTER",
    "name": "丧尸坦克",
    "description": "巨大的僵尸坦克是毁灭的终极工具，残暴的力量可以摧毁面前的任何事物。",
    "default_faction": "zombie",
    "species": [ "ZOMBIE" ],
    "diff": 60,
    "size": "HUGE",
    "hp": 650,
    "speed": 135,
    "material": [ "flesh" ],
    "harvest": "zombie",
    "symbol": "Z",
    "color": "magenta_white",
    "aggression": 100,
    "morale": 100,
    "melee_skill": 6,
    "melee_dice": 2,
    "melee_dice_sides": 20,
    "melee_cut": 4,
    "dodge": 4,
    "armor_bash": 14,
    "armor_cut": 20,
    "armor_stab": 10,
    "armor_fire": 5,
    "vision_day": 50,
    "vision_night": 4,
    "special_attacks": [ [ "SMASH", 20 ], [ "BIO_OP_TAKEDOWN", 30 ] ],
    "death_drops": "mon_zombie_hulk_death_drops",
    "death_function": [ "NORMAL" ],
    "burn_into": "mon_zombie_fiend_pk",
    "flags": [
      "SEES",
      "HEARS",
      "SMELLS",
      "STUMBLES",
      "WARM",
      "BASHES",
      "BLEED",
      "DESTROYS",
      "POISON",
      "ATTACKMON",
      "LEATHER",
      "NO_BREATHE",
      "REVIVES",
      "BONES",
      "FAT",
      "PUSH_MON",
      "FILTHY"
    ]
  },
  {
    "id": "mon_boomer_huge_pk",
    "type": "MONSTER",
    "name": "巨型爆汁丧尸（强大）",
    "description": "一只全身即将爆炸的爆汁丧尸，表皮已经变异得比较坚硬了，嘴中溢出的胆汁颜色似乎在进行变化。",
    "default_faction": "zombie",
    "species": [ "ZOMBIE" ],
    "diff": 15,
    "size": "LARGE",
    "hp": 60,
    "speed": 85,
    "material": [ "flesh" ],
    "harvest": "zombie",
    "symbol": "Z",
    "color": "pink_white",
    "aggression": 100,
    "morale": 100,
    "melee_skill": 2,
    "melee_dice": 3,
    "melee_dice_sides": 3,
    "attack_effs": [ { "id": "rad_tenths", "duration": 60 } ],
    "dodge": 0,
    "armor_bash": 5,
    "armor_cut": 5,
    "vision_day": 40,
    "vision_night": 5,
    "emit_fields": [ "emit_radiation_plume", "emit_bile" ],
    "luminance": 2,
    "special_attacks": [ [ "scratch", 20 ], [ "BOOMER_GLOW", 20 ], [ "BREATHE", 8 ] ],
    "death_drops": "default_zombie_items",
    "death_function": [ "BOOMER_GLOW" ],
    "flags": [
      "SEES",
      "GOODHEARING",
      "STUMBLES",
      "WARM",
      "BASHES",
      "GROUP_BASH",
      "POISON",
      "NO_BREATHE",
      "REVIVES",
      "BILE_BLOOD",
      "BONES",
      "FAT",
      "PUSH_MON",
      "PATH_AVOID_DANGER_1",
      "FILTHY"
    ]
  },
  {
    "id": "mon_charred_nightmare",
    "type": "MONSTER",
    "copy-from": "mon_charred_nightmare",
    "attack_effs": [ { "id": "rad_fives", "duration": 20 } ],
    "emit_fields": [ "emit_radiation_plume" ],
    "flags": [ "SEES", "STUMBLES", "WARM", "BASHES", "GROUP_BASH", "NOGIB", "BONES", "POISON", "NO_BREATHE", "FILTHY" ]
  },
  {
    "id": "mon_irradiated_wanderer_1",
    "type": "MONSTER",
    "copy-from": "mon_irradiated_wanderer_1",
    "attack_effs": [ { "id": "rad_tenths", "duration": 10 } ],
    "flags": [ "SEES", "HEARS", "STUMBLES", "WARM", "BASHES", "GROUP_BASH", "NOGIB", "BONES", "POISON", "NO_BREATHE", "FILTHY" ]
  },
  {
    "id": "mon_irradiated_wanderer_2",
    "type": "MONSTER",
    "copy-from": "mon_irradiated_wanderer_2",
    "attack_effs": [ { "id": "rad_tenths", "duration": 12 } ],
    "flags": [ "SEES", "HEARS", "STUMBLES", "WARM", "BASHES", "GROUP_BASH", "NOGIB", "BONES", "POISON", "NO_BREATHE", "FILTHY" ]
  },
  {
    "id": "mon_irradiated_wanderer_3",
    "type": "MONSTER",
    "copy-from": "mon_irradiated_wanderer_3",
    "attack_effs": [ { "id": "rad_tenths", "duration": 20 } ],
    "flags": [ "SEES", "HEARS", "STUMBLES", "WARM", "BASHES", "GROUP_BASH", "NOGIB", "BONES", "POISON", "NO_BREATHE", "FILTHY" ]
  },
  {
    "id": "mon_irradiated_wanderer_4",
    "type": "MONSTER",
    "copy-from": "mon_irradiated_wanderer_4",
    "attack_effs": [ { "id": "rad_fives", "duration": 5 } ],
    "flags": [ "SEES", "HEARS", "STUMBLES", "WARM", "BASHES", "GROUP_BASH", "NOGIB", "BONES", "POISON", "NO_BREATHE", "FILTHY" ]
  },
  {
    "id": "mon_zombie_gasbag_pk",
    "type": "MONSTER",
    "name": "爆浆丧尸（强大）",
    "description": "一具臭气熏天的身体散发着一种不知名的有毒气体。臃肿的身体里面似乎装满了毒气。",
    "default_faction": "zombie",
    "species": [ "ZOMBIE" ],
    "diff": 10,
    "size": "MEDIUM",
    "hp": 110,
    "speed": 100,
    "material": [ "flesh" ],
    "harvest": "zombie",
    "symbol": "Z",
    "color": "pink_magenta",
    "aggression": 100,
    "morale": 100,
    "melee_skill": 7,
    "melee_dice": 2,
    "melee_dice_sides": 10,
    "attack_effs": [ { "id": "rad_tenths", "duration": 60 } ],
    "dodge": 2,
    "armor_bash": 16,
    "armor_cut": 2,
    "armor_stab": 12,
    "armor_acid": 2,
    "armor_fire": 10,
    "vision_day": 40,
    "vision_night": 4,
    "emit_fields": [ "emit_gas_plume", "emit_radiation_plume" ],
    "special_attacks": [ [ "GRAB_DRAG", 12 ], [ "STRETCH_ATTACK", 15 ] ],
    "death_function": [ "GAS", "BOOMER_GLOW" ],
    "flags": [
      "SEES",
      "HEARS",
      "STUMBLES",
      "BASHES",
      "GROUP_BASH",
      "POISON",
      "HARDTOSHOOT",
      "NO_BREATHE",
      "REVIVES",
      "BONES",
      "PUSH_MON",
      "PATH_AVOID_DANGER_1",
      "FILTHY"
    ]
  },
  {
    "id": "mon_zombie_radbag",
    "type": "MONSTER",
    "name": "喷气丧尸（毒气）",
    "description": "只是看着它，你的皮肤会刺痛。靠近会让你感到更加疼痛刺痛，感觉很糟糕。它不停的喷出毒气，伤害它的敌人。",
    "default_faction": "zombie",
    "species": [ "ZOMBIE" ],
    "diff": 16,
    "size": "MEDIUM",
    "hp": 80,
    "speed": 70,
    "material": [ "flesh" ],
    "harvest": "zombie",
    "symbol": "Z",
    "color": "light_green_yellow",
    "aggression": 100,
    "morale": 100,
    "melee_skill": 5,
    "melee_dice": 2,
    "melee_dice_sides": 5,
    "melee_cut": 3,
    "melee_damage": [ { "damage_type": "heat", "amount": 2 } ],
    "attack_effs": [ { "id": "rad_tenths", "duration": 120 }, { "id": "rad_fives", "duration": 10 } ],
    "dodge": 5,
    "armor_bash": 8,
    "armor_cut": 2,
    "vision_day": 50,
    "vision_night": 9,
    "luminance": 3,
    "emit_fields": [ "emit_radiation_plume", "emit_gas_plume" ],
    "special_attacks": [ [ "GRAB", 20 ] ],
    "death_drops": "mon_zombie_hulk_death_drops",
    "death_function": [ "MELT" ],
    "flags": [ "SEES", "HEARS", "STUMBLES", "WARM", "POISON", "NO_BREATHE", "REVIVES", "BONES", "NIGHT_INVISIBILITY", "FILTHY" ]
  },
  {
    "id": "mon_zombie_smoker_pk",
    "type": "MONSTER",
    "name": "喷气丧尸（烟雾）",
    "description": "一个臃肿的人形生物隐藏在烟雾内，它的身体不断的像周围散发烟雾，通过烟雾来掩藏它及它的同类。",
    "default_faction": "zombie",
    "species": [ "ZOMBIE" ],
    "diff": 16,
    "size": "MEDIUM",
    "hp": 80,
    "speed": 90,
    "material": [ "flesh" ],
    "harvest": "zombie",
    "symbol": "Z",
    "color": "light_green_yellow",
    "aggression": 100,
    "morale": 100,
    "melee_skill": 5,
    "melee_dice": 2,
    "melee_dice_sides": 5,
    "melee_cut": 4,
    "attack_effs": [ { "id": "rad_tenths", "duration": 60 }, { "id": "rad_fives", "duration": 10 } ],
    "dodge": 5,
    "armor_bash": 8,
    "armor_cut": 2,
    "vision_day": 50,
    "vision_night": 9,
    "emit_fields": [ "emit_smoke_blast", "emit_radiation_plume" ],
    "special_attacks": [
      [ "GRAB", 20 ],
      [ "slash", 20 ],
      {
        "id": "scratch",
        "cooldown": 15,
        "accuracy": 4,
        "damage_max_instance": [ { "damage_type": "heat", "amount": 2 }, { "damage_type": "cut", "amount": 9, "armor_multiplier": 0.67 } ]
      }
    ],
    "death_drops": "mon_zombie_hulk_death_drops",
    "death_function": [ "MELT" ],
    "flags": [ "SEES", "HEARS", "STUMBLES", "WARM", "POISON", "NO_BREATHE", "REVIVES", "BONES", "NIGHT_INVISIBILITY", "FILTHY" ]
  }
]
