[
  {
    "type": "mutation",
    "id": "BIO_WEAPON_ALPHA",
    "name": "生物武器-阿尔法",
    "points": 1,
    "description": "你的基因组是独一无二的，这是一个DNA标记,鉴定你是生物武器-阿尔法。也许有一天会有用的。",
    "valid": false,
    "purifiable": false,
    "profession": true,
	"fat_to_max_hp": 1.0,
    "dodge_modifier": 1
  },
  {
    "type": "mutation",
    "id": "BIO_WEAPON_BETA",
    "name": "生物武器-贝塔",
    "points": 1,
    "description": "你的基因组是独一无二的，这是一个DNA标记。鉴定你是生物武器-贝塔，也许有一天会有用的。",
    "valid": false,
    "purifiable": false,
    "profession": true,
    "stamina_regen_modifier": 0.25,
    "bleed_resist": 1
  },
  {
    "type": "mutation",
    "id": "BIO_WEAPON_GAMMA",
    "name": "生物武器-伽玛",
    "points": 1,
    "description": "你的基因组是独一无二的，这是一个DNA标记，鉴定你是生物武器-伽玛，也许有一天会有用的。",
    "valid": false,
    "purifiable": false,
    "profession": true,
    "craft_skill_bonus": [ [ "computer", 2 ], [ "electronics", 2 ], [ "firstaid", 2 ] ],
    "anger_relations": [ [ "ROBOT", -45 ] ]
  },
  {
    "type": "mutation",
    "id": "BIO_WEAPON_DELTA",
    "name": "生物武器-德尔塔",
    "points": 1,
    "description": "你的基因组是独一无二的，这是一个DNA标记，鉴定你是生物武器-三角洲，也许有一天会有用的。",
    "valid": false,
    "purifiable": false,
    "profession": true,
    "stealth_modifier": 15,
    "noise_modifier": 0.85,
    "scent_modifier": 0.85
  },
  {
    "type": "mutation",
    "id": "BIO_WEAPON_GENERIC",
    "name": "生物武器",
    "points": 1,
    "description": "这个DNA标记可以提醒你你是一个生物武器，这是给npc的，如果你有的话，这是一个bug！！",
    "valid": false,
    "purifiable": false,
    "profession": true
  },
  {
    "type": "mutation",
    "id": "BIO_WEAPON_FAILED",
    "name": "失败的生物武器",
    "points": 1,
    "description": "这个DNA标记可以提醒你是一次失败的生物武器。",
    "valid": false,
    "purifiable": false,
    "profession": true,
    "anger_relations": [ [ "FBIO-WEAPON", -25 ] ]
  },
  {
    "type": "mutation",
    "id": "SUPER_SOLDIER_MARKER",
    "name": "超级战士标记",
    "points": 1,
    "description": "这是一个DNA标记，它曾被用来为你提供生物特征扫描仪和特殊武器的许可证，但现在它似乎已经没用了。",
    "valid": false,
    "purifiable": false,
    "profession": true
  },
  {
    "type": "mutation",
    "id": "MARTIAL_ARTS_SURV_COM",
    "name": "幸存者格斗士",
    "points": 3,
    "description": "你非常擅长制作手工武器，各种手工制作的即兴武器让你开始创造属于自己的战斗风格。",
    "initial_ma_styles": [ "style_surv_com" ],
    "valid": false
  },
  {
    "type": "mutation",
    "id": "MARTIAL_ARTS_BIOJUTSU",
    "name": "仿生斗士",
    "points": 3,
    "description": "你综合了武器、装甲和生化插件结合成一个统一的格斗风格。你将它称之为生化格斗术。",
    "initial_ma_styles": [ "style_biojutsu" ],
    "valid": false
  },
  {
    "type": "mutation",
    "id": "BGSS_BHunter",
    "name": "幸存者",
    "//": "Used by Evelynn Rose.",
    "points": 0,
    "description": "这个标记是给在大灾变之中活下来的人们的。",
    "valid": false,
    "purifiable": false,
    "types": [ "BACKGROUND_SURVIVAL_STORY" ],
    "flags": [ "BG_SURVIVAL_STORY" ]
  },
  {
    "type": "mutation",
    "id": "PROF_GLADIATOR",
    "name": "角斗士",
    "points": 0,
    "description": "You were kidnapped and forced into an underground blood sport, augmented and forced to fight others like you for the amusement of wealthy clients.  You may not be the only one lucky enough to have survived that without being broken.",
    "valid": false,
    "purifiable": false,
    "profession": true
  }
]
