[
	{
		"type": "terrain",
		"id": "t_landfill",
		"name": "掩埋坑(摧毀物品)",
		"looks_like": "t_pit",
		"description": "用於掩埋廢棄物的深坑，掉入此處的物品將被摧毀，無法取回。",
		"//": "不支持搭木板在上面的操作(examine_action)，會直接吃掉搭上去的木板，另外，死在坑裡的怪物會「屍骨無存」。",
		"symbol": "0",
		"color": "brown",
		"move_cost": 10,
		"trap": "tr_pit",
		"flags": [ "TRANSPARENT","DESTROY_ITEM" ],
		"bash": { "sound": "thump", "ter_set": "t_null", "str_min": 40, "str_max": 100, "str_min_supported": 100, "bash_below": true }
	},{
		"type": "construction",
		"id": "constr_landfill",
		"description": "設置掩埋坑",
		"category": "OTHER",
		"required_skills": [ [ "survival", 0 ] ],
		"qualities": [ [ { "id": "DIG", "level": 2 } ] ],
		"time": "20 m" ,
		"pre_terrain": "t_pit",
		"post_terrain": "t_landfill"	
	},{
		"type": "construction",
		"id": "constr_filllandfill",
		"description": "填回掩埋坑",
		"category": "OTHER",
		"required_skills": [ [ "survival", 0 ] ],
		"qualities": [ [ { "id": "DIG", "level": 2 } ] ],
		"time": "20 m" ,
		"pre_terrain": "t_landfill",
		"post_terrain": "t_dirt"
	}
]