[
	{
		"//":"鍛壓機屬於terrain，不可拆除只能破壞。對terrain使用copy-from容易在遊戲中導致崩潰，試圖插入deconstruct亦不能成功。#0.D(8574)",
		"id" : "Recycler_SurvivorExtend",
		"type": "TOOL",
		"symbol": "&",
		"color": "green",
		"name": { "str": "鋼材鍛壓機" },
		"description": "能將金屬材料絞碎回收的機械，在建設選單(*)安裝，放置(D)待回收的金屬製品於機台上，檢查(e)機台即可操作。\n※關於鍛壓機的操作請參閱原版說明書 :-)",
		"material": ["steel", "plastic"],
		"weight": 40000,
		"volume": 60,
		"bashing": 20,
		"hit": -5,
		"category": "tools"	
	},{
	  "type" : "recipe",
	  "result": "Recycler_SurvivorExtend",
	  "category": "CC_OTHER",
	  "subcategory": "CSC_OTHER_OTHER",
	  "skill_used": "mechanics",
	  "skills_required": [[ "fabrication", 5], [ "electronics", 3 ]],
	  "difficulty": 6,
	  "time": 60000,
	  "reversible": true,
	  "autolearn": true,
	  "book_learn": [["textbook_mechanics", 5] , ["textbook_carpentry", 5]],
	  "qualities":
		[
			{"id":"HAMMER","level":3},
			{"id":"SAW_M","level":1},
			{"id":"SCREW","level":1},
			{"id":"WRENCH","level":1},
			{"id":"GLARE","level":2}
		],
	  "tools": 
		[
			[
			  [ "welder", 100 ],
			  [ "welder_crude", 125 ],
			  [ "toolset", 125 ],
			  [ "oxy_torch", 20 ]
			]
		],
	  "components":
		[
		 [
		   [ "frame", 1 ]
		 ],
		 [
		   [ "steel_lump", 4 ],
		   [ "steel_chunk", 12 ]
		 ],
		 [
		   [ "circsaw_blade", 2 ]
		 ],
		 [
		   [ "plastic_chunk", 5 ]
		 ],
		 [
		   [ "cable", 10 ]
		 ],
		 [
			["motor_enhanced", 1],
			["motor_large", 2],
			["motor", 4]
		 ],
		 [
		   [ "solar_cell", 2 ]
		 ],
		 [
			["jack_small"     ,  1],
			["jack_makeshift",  1]
		 ]
		]
	},{
		"type": "construction",
		"id": "constr_recycler_SEmod",
		"description": "設置─鋼材鍛壓機",
		"category": "OTHER",
		"difficulty": 5,
		"time": "30 m",
		"qualities": [
		  [{"id": "SCREW" , "level": 1}],
		  [{"id": "WRENCH", "level": 1}]
		],
		"components": [
		  [ [ "Recycler_SurvivorExtend", 1 ]]
		],
		"post_terrain": "t_recycler"
	}
]