[
  {
    "id": "G_purify",
    "type": "SPELL",
    "name": "净化之水",
    "description": "只是天国武装·G的附带法术",
    "message": "“滚吧！蘑菇！”",
    "valid_targets": [ "self", "ally", "ground", "hostile" ],
    "effect": "ter_transform",
    "effect_str": "g_purify",
    "min_aoe": 9,
    "max_aoe": 9,
    "min_range": 7,
    "max_range": 7,
    "max_level": 1,
    "difficulty": 1,
    "base_casting_time": 1000,
    "flags": [ "CONCENTRATE", "VERBAL", "SOMATIC" ]
  },
  {
    "id": "heaven_armor_G",
    "type": "TOOL_ARMOR",
    "name": "天国武装·G",
    "description": "这件天界胸甲投影似乎让你变得聪明起来。“书本是个好东西，翻开净化自己心灵，合上净化敌人头脑。”",
    "weight": "5000 g",
    "volume": "5 L",
    "price": 5000,
    "to_hit": -5,
    "material": [ "leather", "cotton" ],
    "symbol": "[",
    "looks_like": "armor_larmor",
    "color": "white",
    "covers": [ "TORSO" ],
    "coverage": 90,
    "encumbrance": 15,
    "storage": "2 L",
    "warmth": 5,
    "material_thickness": 3,
    "environmental_protection": 5,
    "flags": [ "LIGHT_10", "VARSIZE", "OUTER", "TRADER_AVOID", "ONLY_ONE", "NO_UNLOAD" ],
    "initial_charges": 3,
    "max_charges": 3,
    "charges_per_use": 1,
    "ammo": [ "holy_en" ],
    "artifact_data": { "effects_worn": ["AEP_EXTINGUISH"] },
    "use_action": [
      { "type": "cast_spell", "spell_id": "G_purify", "no_fail": true, "level": 1, "need_worn": true },
      { "type": "transform", "target": "holy_canon", "msg": "胸甲光芒大盛，化为厚重的书本", "moves": 50 }
    ],
    "relic_data": { "passive_effects": [ { "has": "WORN", "condition": "ALWAYS", "values": [ { "value": "INTELLIGENCE", "add": 3 }, { "value": "REGEN_MANA", "multiply": 3 } ] } ] }
  },
  {
    "id": "holy_canon",
    "type": "TOOL",
    "symbol": "?",
    "color": "blue",
    "name": "圣典",
    "description": "书页上写满潦草的天界文字，难以解读。封皮上的铁链和金属包边撞角……有点凶恶。它可以作为武器使用，如果你想的话。",
    "volume": "5 L",
    "weight": "1000 g",
    "material": [ "leather", "steel" ],
    "flags": [ "STAB", "REACH_ATTACK", "REACH3", "UNARMED_WEAPON", "TRADER_AVOID", "SWIM_GOGGLES", "PSYSHIELD_PARTIAL", "RAD_RESIST", "NO_UNLOAD" ],
    "to_hit": 1,
    "bashing": 15,
    "cutting": 20,
    "initial_charges": 3,
    "max_charges": 3,
    "charges_per_use": 1,
    "ammo": [ "holy_en" ],
    "use_action": { "type": "cast_spell", "spell_id": "magus_arcane_torrent", "no_fail": true, "level": 5, "need_wielding": true },
    "artifact_data": { "effects_wielded": ["AEP_EXTINGUISH"] }
  }
]
