[
  {
    "type": "SPELL",
    "id": "right_bless",
    "name": "天之佑",
    "effect": "target_attack",
    "effect_str": "Right_Bless",
    "description": "只是炽天十字的附带法术。",
    "message": "祝福之力在身上波动。",
    "max_level": 1,
    "valid_targets": [ "self" ],
    "min_duration": 1000,
    "max_duration": 3000,
    "flags": [ "RANDOM_DURATION" ]
  },
  {
    "id": "heaven_armor_M",
    "type": "TOOL_ARMOR",
    "name": "天国武装·M",
    "description": "运气不错，最强的那位回应了你的祈求。“诸暗辟易，除恶务尽。”",
    "weight": "10000 g",
    "volume": "10 L",
    "price": 5000,
    "to_hit": -5,
    "material": [ "superalloy", "orichalcum_metal" ],
    "symbol": "[",
    "looks_like": "armor_larmor",
    "color": "white",
    "covers": [ "LEGS", "TORSO", "ARMS" ],
    "coverage": 95,
    "encumbrance": 20,
    "warmth": 10,
    "material_thickness": 5,
    "environmental_protection": 5,
    "flags": [ "LIGHT_10", "VARSIZE", "OUTER", "TRADER_AVOID", "ONLY_ONE", "NO_UNLOAD" ],
    "initial_charges": 4,
    "max_charges": 4,
    "charges_per_use": 1,
    "ammo": [ "holy_en" ],
    "artifact_data": { "effects_worn": ["AEP_PSYSHIELD"] },
    "use_action": [
      { "type": "cast_spell", "spell_id": "animist_holy_fire", "no_fail": true, "level": 10, "need_worn": true },
      { "type": "transform", "target": "seraphim_halo", "msg": "战甲解体，化作一轮耀眼的光环。", "moves": 50 }
    ],
    "relic_data": { "passive_effects": [ { "has": "WORN", "condition": "ALWAYS", "values": [ { "value": "STRENGTH", "add": 3 }, { "value": "DEXTERITY", "add": 3 }, { "value": "INTELLIGENCE", "add": 2 }, { "value": "PERCEPTION", "add": 2 } ] } ] }
  },
  {
    "id": "seraphim_halo",
    "type": "TOOL_ARMOR",
    "symbol": "o",
    "color": "red",
    "name": "炽天圣辉",
    "description": "光环放射出炽烈光辉，凡躯无法持续承载这种威能。",
    "volume": "1 L",
    "weight": "1 g",
    "material": [ "stone", "orichalcum_metal" ],
    "covers": [ "HEAD" ],
    "flags": [ "LIGHT_20", "AURA", "SEMITANGIBLE", "OVERSIZE", "ONLY_ONE", "TRADER_AVOID", "NO_TAKEOFF", "NONCONDUCTIVE", "NO_UNLOAD" ],
    "initial_charges": 4,
    "max_charges": 4,
    "charges_per_use": 1,
    "ammo": [ "holy_en" ],
    "use_action": { "type": "transform", "target": "seraphim_cross", "msg": "“其质为光，其形为剑。”", "moves": 50 },
    "artifact_data": { "effects_worn": [ "AEP_PSYSHIELD", "AEP_RADIOACTIVE", "AEP_CLAIRVOYANCE_PLUS", "AEP_THIRST" ] },
    "relic_data": { "passive_effects": [ { "has": "WORN", "condition": "ALWAYS", "values": [ { "value": "STRENGTH", "add": 2 }, { "value": "DEXTERITY", "add": 2 }, { "value": "INTELLIGENCE", "add": 2 }, { "value": "PERCEPTION", "add": 2 } ] } ] }
  },
  {
    "id": "seraphim_cross",
    "type": "TOOL",
    "category": "weapons",
    "name": "炽天十字",
    "description": "某柄天界双手大剑的投影，要长时间挥舞可不容易。",
    "color": "red",
    "material": [ "superalloy", "orichalcum_metal" ],
    "weight": "3500 g",
    "volume": "4500 ml",
    "price": 2000,
    "cutting": 45,
    "bashing": 20,
    "to_hit": 2,
    "symbol": "/",
    "flags": [ "LIGHT_10", "UNBREAKABLE_MELEE", "TRADER_AVOID", "ALWAYS_TWOHAND", "NO_UNLOAD" ],
    "techniques": [ "holy_slaying_dragon", "SPIN", "WBLOCK_2" ],
    "initial_charges": 4,
    "max_charges": 4,
    "charges_per_use": 1,
    "ammo": [ "holy_en" ],
    "artifact_data": { "effects_wielded": ["AEP_PSYSHIELD"] },
    "use_action": { "type": "cast_spell", "spell_id": "right_bless", "no_fail": true, "level": 1, "need_wielding": true }
  }
]
