[
  {
    "id": "very_light_healing",
    "type": "SPELL",
    "name": "微伤治疗",
    "description": "只是天国武装·R的附带法术。",
    "valid_targets": [ "self", "ally" ],
    "min_damage": -1,
    "max_damage": -5,
    "difficulty": 1,
    "max_level": 1,
    "min_range": 0,
    "max_range": 4,
    "effect": "target_attack",
    "base_casting_time": 100,
    "flags": [ "RANDOM_DAMAGE", "SOMATIC", "VERBAL" ],
    "message": "治愈之羽轻抚你的伤口。"
  },
  {
    "type": "SPELL",
    "id": "OadF",
    "name": "欢乐颂",
    "effect": "morale",
    "effect_str": "morale_feeling_good",
    "description": "只是黄金圣诗的附带法术。",
    "message": "美妙歌声治愈心灵。",
    "min_damage": 10,
    "max_damage": 20,
    "max_level": 1,
    "valid_targets": [ "self" ],
    "min_duration": 30000,
    "max_duration": 100000,
    "flags": [ "RANDOM_DAMAGE", "RANDOM_DURATION" ]
  },
  {
    "id": "heaven_armor_R",
    "type": "TOOL_ARMOR",
    "name": "天国武装·R",
    "description": "神愈者长袍的投影。“我的圣光啊！你们开团不带奶？”",
    "weight": "1000 g",
    "volume": "5 L",
    "price": 5000,
    "to_hit": -5,
    "material": [ "cotton" ],
    "symbol": "[",
    "looks_like": "cloak",
    "color": "white",
    "covers": [ "LEGS", "TORSO", "ARMS" ],
    "coverage": 80,
    "encumbrance": 0,
    "storage": "3 L",
    "warmth": 5,
    "material_thickness": 2,
    "environmental_protection": 5,
    "flags": [ "LIGHT_10", "VARSIZE", "OUTER", "TRADER_AVOID", "ONLY_ONE", "NO_UNLOAD" ],
    "initial_charges": 3,
    "max_charges": 3,
    "charges_per_use": 1,
    "ammo": [ "holy_en" ],
    "artifact_data": { "charge_type": "ARTC_SOLAR" },
    "use_action": [
      { "type": "cast_spell", "spell_id": "very_light_healing", "no_fail": true, "level": 1, "need_worn": true },
      { "type": "transform", "target": "golden_hymn", "msg": "你抖动长袍，它化为一张古朴的里尔琴。", "moves": 50 }
    ],
    "relic_data": { "passive_effects": [ { "has": "WORN", "condition": "ALWAYS", "values": [ { "value": "INTELLIGENCE", "add": 1 }, { "value": "PERCEPTION", "add": 1 } ] } ] }
  },
  {
    "id": "golden_hymn",
    "type": "TOOL",
    "symbol": "U",
    "color": "brown",
    "name": "黄金圣诗",
    "description": "你从没见过如此巨大的里尔琴，其中似乎蕴含令人欢欣的力量。",
    "volume": "30 L",
    "weight": "1 g",
    "material": "wood",
    "flags": [ "TRADER_AVOID", "NO_UNLOAD" ],
    "initial_charges": 3,
    "max_charges": 3,
    "charges_per_use": 1,
    "ammo": [ "holy_en" ],
    "artifact_data": { "charge_type": "ARTC_SOLAR" },
    "use_action": { "type": "cast_spell", "spell_id": "OadF", "no_fail": true, "level": 1, "need_wielding": true }
  }
]
