[
  {
    "id": "summon_holy_flaming_blade",
    "type": "SPELL",
    "name": "召唤圣焰守卫",
    "description": "只是西方圣炎的附带法术。",
    "valid_targets": [ "ground" ],
    "flags": [ "SOMATIC", "VERBAL", "CONCENTRATE", "RANDOM_DURATION" ],
    "effect": "summon",
    "effect_str": "mon_holy_flaming_blade",
    "difficulty": 1,
    "max_level": 1,
    "base_casting_time": 300,
    "min_damage": 3,
    "max_damage": 3,
    "min_range": 7,
    "max_range": 7,
    "min_aoe": 3,
    "max_aoe": 3,
    "min_duration": 2000,
    "max_duration": 5000
  },
  {
    "id": "heaven_armor_U",
    "type": "TOOL_ARMOR",
    "name": "天国武装·U",
    "description": "似乎是某套天界锁环甲的投影，能够感受到其中蕴含的审判之力。“你公司商标可真蠢。”",
    "weight": "10000 g",
    "volume": "10 L",
    "price": 5000,
    "to_hit": -5,
    "material": [ "leather", "orichalcum_metal" ],
    "symbol": "[",
    "looks_like": "chainmail_suit",
    "color": "white",
    "covers": [ "LEGS", "HEAD", "TORSO", "ARMS" ],
    "coverage": 95,
    "encumbrance": 20,
    "warmth": 10,
    "material_thickness": 3,
    "environmental_protection": 5,
    "flags": [ "LIGHT_10", "VARSIZE", "OUTER", "TRADER_AVOID", "ONLY_ONE", "NO_UNLOAD" ],
    "initial_charges": 6,
    "max_charges": 6,
    "charges_per_use": 2,
    "ammo": [ "holy_en" ],
    "artifact_data": { "charge_type": "ARTC_PAIN" },
    "use_action": [
      { "type": "cast_spell", "spell_id": "animist_recovery_wind", "no_fail": true, "level": 5, "need_worn": true },
      { "type": "transform", "target": "western_holy_flame", "msg": "甲片离体，化为一柄炙热的长剑。", "moves": 50 }
    ],
    "relic_data": { "passive_effects": [ { "has": "WORN", "condition": "ALWAYS", "values": [ { "value": "STRENGTH", "add": 2 }, { "value": "PERCEPTION", "add": 3 } ] } ] }
  },
  {
    "id": "western_holy_flame",
    "type": "TOOL",
    "category": "weapons",
    "name": "西方圣炎",
    "description": "某柄天界长剑的投影，小心使用。“凡人免入，禁止通行。”",
    "color": "red",
    "material": [ "orichalcum_metal" ],
    "weight": "1500 g",
    "volume": "3500 ml",
    "price": 2000,
    "cutting": 35,
    "bashing": 10,
    "to_hit": 2,
    "symbol": "/",
    "flags": [ "FIRE", "UNBREAKABLE_MELEE", "TRADER_AVOID", "FLAMING", "PSYSHIELD_PARTIAL", "RAD_RESIST", "NO_UNLOAD" ],
    "techniques": [ "WBLOCK_2", "holy_cross_slay" ],
    "initial_charges": 6,
    "max_charges": 6,
    "charges_per_use": 3,
    "ammo": [ "holy_en" ],
    "artifact_data": { "effects_wielded": ["AEP_HUNGER", "AEP_THIRST"], "charge_type": "ARTC_PAIN" },
    "use_action": { "type": "cast_spell", "spell_id": "summon_holy_flaming_blade", "no_fail": true, "level": 1, "need_wielding": true }
  }
]
