[
  {
    "type": "mapgen",
    "om_terrain": [ "anthill" ],
    "method": "json",
    "weight": 100,
    "object": {
      "fill_ter": "t_dirt",
      "rows": [
        "                        ",
        "                        ",
        "                        ",
        "                        ",
        "                        ",
        "                        ",
        "      xxxxxxxxxxxx      ",
        "      xXXXXXXXXXXx      ",
        "      xX########Xx      ",
        "      xX########Xx      ",
        "      xX##>>>>##Xx      ",
        "      xX##>OO>##Xx      ",
        "      xX##>OO>##Xx      ",
        "      xX##>>>>##Xx      ",
        "      xX########Xx      ",
        "      xX########Xx      ",
        "      xXXXXXXXXXXx      ",
        "      xxxxxxxxxxxx      ",
        "                        ",
        "                        ",
        "                        ",
        "                        ",
        "                        ",
        "                        "
      ],
      "terrain": {
        ">": "t_slope_down",
        "#": "t_dirtmound",
        "O": "t_open_air",
        " ": [ "t_dirt", "t_dirt", "t_dirt", "t_grass", "t_grass" ],
        "X": [ "t_dirtmound", "t_dirtmound", "t_dirtmound", "t_dirtmound", "t_dirt", "t_dirt", "t_dirt" ],
        "x": [ "t_grass", "t_dirtmound", "t_dirtmound", "t_dirt", "t_dirt", "t_dirt" ]
      },
      "furniture": {
        "#": [ "f_rubble_rock", "f_null", "f_null", "f_null", "f_null", "f_null", "f_null", "f_null", "f_null" ],
        "X": [ "f_rubble_rock", "f_null", "f_null", "f_null", "f_null", "f_null", "f_null" ],
        "x": [
          "f_rubble_rock",
          "f_null",
          "f_null",
          "f_null",
          "f_null",
          "f_null",
          "f_null",
          "f_null",
          "f_null",
          "f_null",
          "f_null",
          "f_null",
          "f_null",
          "f_null"
        ]
      },
      "set": [ { "point": "radiation", "amount": [ 50, 60 ], "x": [ 1, 22 ], "y": [ 1, 22 ], "repeat": [ 15, 75 ] } ]
    }
  }
]
