[
{"type":"recipe",
"result":"AE_trainingmanual_gun",
"category":"CC_训练",
"subcategory":"CSC_训练_心得",
"skill_used":"survival",
"skills_required":["gun",4],
"difficulty":0,
"time":30000,
"autolearn":true,
"tools":[[["survival_marker",50],["permanent_marker",50]]],
"components":[[["paper",50]]]
},{
"type":"recipe",
"result":"AE_trainingmanual_gun2",
"category":"CC_训练",
"subcategory":"CSC_训练_心得",
"skill_used":"survival",
"skills_required":["gun",6],
"difficulty":0,
"time":30000,
"autolearn":true,
"tools":[[["survival_marker",50],["permanent_marker",50]]],
"components":[[["AE_trainingmanual_gun",1]]]
},{
"type":"recipe",
"result":"AE_trainingmanual_gun3",
"category":"CC_训练",
"subcategory":"CSC_训练_心得",
"skill_used":"survival",
"skills_required":["gun",8],
"difficulty":0,
"time":30000,
"autolearn":true,
"tools":[[["survival_marker",50],["permanent_marker",50]]],
"components":[[["AE_trainingmanual_gun2",1]]]
},{
"type":"recipe",
"result":"AE_trainingmanual_archery",
"category":"CC_训练",
"subcategory":"CSC_训练_心得",
"skill_used":"survival",
"skills_required":["archery",4],
"difficulty":0,
"time":30000,
"autolearn":true,
"tools":[[["survival_marker",50],["permanent_marker",50]]],
"components":[[["paper",50]]]
},{
"type":"recipe",
"result":"AE_trainingmanual_archery2",
"category":"CC_训练",
"subcategory":"CSC_训练_心得",
"skill_used":"survival",
"skills_required":["archery",6],
"difficulty":0,
"time":30000,
"autolearn":true,
"tools":[[["survival_marker",50],["permanent_marker",50]]],
"components":[[["AE_trainingmanual_archery",1]]]
},{
"type":"recipe",
"result":"AE_trainingmanual_archery3",
"category":"CC_训练",
"subcategory":"CSC_训练_心得",
"skill_used":"survival",
"skills_required":["archery",8],
"difficulty":0,
"time":30000,
"autolearn":true,
"tools":[[["survival_marker",50],["permanent_marker",50]]],
"components":[[["AE_trainingmanual_archery2",1]]]
},{
"type":"recipe",
"result":"AE_trainingmanual_pistol",
"category":"CC_训练",
"subcategory":"CSC_训练_心得",
"skill_used":"survival",
"skills_required":["pistol",4],
"difficulty":0,
"time":30000,
"autolearn":true,
"tools":[[["survival_marker",50],["permanent_marker",50]]],
"components":[[["paper",50]]]
},{
"type":"recipe",
"result":"AE_trainingmanual_pistol2",
"category":"CC_训练",
"subcategory":"CSC_训练_心得",
"skill_used":"survival",
"skills_required":["pistol",6],
"difficulty":0,
"time":30000,
"autolearn":true,
"tools":[[["survival_marker",50],["permanent_marker",50]]],
"components":[[["AE_trainingmanual_pistol",1]]]
},{
"type":"recipe",
"result":"AE_trainingmanual_pistol3",
"category":"CC_训练",
"subcategory":"CSC_训练_心得",
"skill_used":"survival",
"skills_required":["pistol",8],
"difficulty":0,
"time":30000,
"autolearn":true,
"tools":[[["survival_marker",50],["permanent_marker",50]]],
"components":[[["AE_trainingmanual_pistol2",1]]]
},{
"type":"recipe",
"result":"AE_trainingmanual_rifle",
"category":"CC_训练",
"subcategory":"CSC_训练_心得",
"skill_used":"survival",
"skills_required":["rifle",4],
"difficulty":0,
"time":30000,
"autolearn":true,
"tools":[[["survival_marker",50],["permanent_marker",50]]],
"components":[[["paper",50]]]
},{
"type":"recipe",
"result":"AE_trainingmanual_rifle2",
"category":"CC_训练",
"subcategory":"CSC_训练_心得",
"skill_used":"survival",
"skills_required":["rifle",6],
"difficulty":0,
"time":30000,
"autolearn":true,
"tools":[[["survival_marker",50],["permanent_marker",50]]],
"components":[[["AE_trainingmanual_rifle",1]]]
},{
"type":"recipe",
"result":"AE_trainingmanual_rifle3",
"category":"CC_训练",
"subcategory":"CSC_训练_心得",
"skill_used":"survival",
"skills_required":["rifle",8],
"difficulty":0,
"time":30000,
"autolearn":true,
"tools":[[["survival_marker",50],["permanent_marker",50]]],
"components":[[["AE_trainingmanual_rifle2",1]]]
},{
"type":"recipe",
"result":"AE_trainingmanual_shotgun",
"category":"CC_训练",
"subcategory":"CSC_训练_心得",
"skill_used":"survival",
"skills_required":["shotgun",4],
"difficulty":0,
"time":30000,
"autolearn":true,
"tools":[[["survival_marker",50],["permanent_marker",50]]],
"components":[[["paper",50]]]
},{
"type":"recipe",
"result":"AE_trainingmanual_shotgun2",
"category":"CC_训练",
"subcategory":"CSC_训练_心得",
"skill_used":"survival",
"skills_required":["shotgun",6],
"difficulty":0,
"time":30000,
"autolearn":true,
"tools":[[["survival_marker",50],["permanent_marker",50]]],
"components":[[["AE_trainingmanual_shotgun",1]]]
},{
"type":"recipe",
"result":"AE_trainingmanual_shotgun3",
"category":"CC_训练",
"subcategory":"CSC_训练_心得",
"skill_used":"survival",
"skills_required":["shotgun",8],
"difficulty":0,
"time":30000,
"autolearn":true,
"tools":[[["survival_marker",50],["permanent_marker",50]]],
"components":[[["AE_trainingmanual_shotgun2",1]]]
},{
"type":"recipe",
"result":"AE_trainingmanual_smg",
"category":"CC_训练",
"subcategory":"CSC_训练_心得",
"skill_used":"survival",
"skills_required":["smg",4],
"difficulty":0,
"time":30000,
"autolearn":true,
"tools":[[["survival_marker",50],["permanent_marker",50]]],
"components":[[["paper",50]]]
},{
"type":"recipe",
"result":"AE_trainingmanual_smg2",
"category":"CC_训练",
"subcategory":"CSC_训练_心得",
"skill_used":"survival",
"skills_required":["smg",6],
"difficulty":0,
"time":30000,
"autolearn":true,
"tools":[[["survival_marker",50],["permanent_marker",50]]],
"components":[[["AE_trainingmanual_smg",1]]]
},{
"type":"recipe",
"result":"AE_trainingmanual_smg3",
"category":"CC_训练",
"subcategory":"CSC_训练_心得",
"skill_used":"survival",
"skills_required":["smg",8],
"difficulty":0,
"time":30000,
"autolearn":true,
"tools":[[["survival_marker",50],["permanent_marker",50]]],
"components":[[["AE_trainingmanual_smg2",1]]]
},{
"type":"recipe",
"result":"AE_trainingmanual_launcher",
"category":"CC_训练",
"subcategory":"CSC_训练_心得",
"skill_used":"survival",
"skills_required":["launcher",4],
"difficulty":0,
"time":30000,
"autolearn":true,
"tools":[[["survival_marker",50],["permanent_marker",50]]],
"components":[[["paper",50]]]
},{
"type":"recipe",
"result":"AE_trainingmanual_launcher2",
"category":"CC_训练",
"subcategory":"CSC_训练_心得",
"skill_used":"survival",
"skills_required":["launcher",6],
"difficulty":0,
"time":30000,
"autolearn":true,
"tools":[[["survival_marker",50],["permanent_marker",50]]],
"components":[[["AE_trainingmanual_launcher",1]]]
},{
"type":"recipe",
"result":"AE_trainingmanual_launcher3",
"category":"CC_训练",
"subcategory":"CSC_训练_心得",
"skill_used":"survival",
"skills_required":["launcher",8],
"difficulty":0,
"time":30000,
"autolearn":true,
"tools":[[["survival_marker",50],["permanent_marker",50]]],
"components":[[["AE_trainingmanual_launcher2",1]]]
},{
"type":"recipe",
"result":"AE_trainingmanual_melee",
"category":"CC_训练",
"subcategory":"CSC_训练_心得",
"skill_used":"survival",
"skills_required":["melee",4],
"difficulty":0,
"time":30000,
"autolearn":true,
"tools":[[["survival_marker",50],["permanent_marker",50]]],
"components":[[["paper",50]]]
},{
"type":"recipe",
"result":"AE_trainingmanual_melee2",
"category":"CC_训练",
"subcategory":"CSC_训练_心得",
"skill_used":"survival",
"skills_required":["melee",6],
"difficulty":0,
"time":30000,
"autolearn":true,
"tools":[[["survival_marker",50],["permanent_marker",50]]],
"components":[[["AE_trainingmanual_melee",1]]]
},{
"type":"recipe",
"result":"AE_trainingmanual_melee3",
"category":"CC_训练",
"subcategory":"CSC_训练_心得",
"skill_used":"survival",
"skills_required":["melee",8],
"difficulty":0,
"time":30000,
"autolearn":true,
"tools":[[["survival_marker",50],["permanent_marker",50]]],
"components":[[["AE_trainingmanual_melee2",1]]]
},{
"type":"recipe",
"result":"AE_trainingmanual_unarmed",
"category":"CC_训练",
"subcategory":"CSC_训练_心得",
"skill_used":"survival",
"skills_required":["unarmed",4],
"difficulty":0,
"time":30000,
"autolearn":true,
"tools":[[["survival_marker",50],["permanent_marker",50]]],
"components":[[["paper",50]]]
},{
"type":"recipe",
"result":"AE_trainingmanual_unarmed2",
"category":"CC_训练",
"subcategory":"CSC_训练_心得",
"skill_used":"survival",
"skills_required":["unarmed",6],
"difficulty":0,
"time":30000,
"autolearn":true,
"tools":[[["survival_marker",50],["permanent_marker",50]]],
"components":[[["AE_trainingmanual_unarmed",1]]]
},{
"type":"recipe",
"result":"AE_trainingmanual_unarmed3",
"category":"CC_训练",
"subcategory":"CSC_训练_心得",
"skill_used":"survival",
"skills_required":["unarmed",8],
"difficulty":0,
"time":30000,
"autolearn":true,
"tools":[[["survival_marker",50],["permanent_marker",50]]],
"components":[[["AE_trainingmanual_unarmed2",1]]]
},{
"type":"recipe",
"result":"AE_trainingmanual_cutting",
"category":"CC_训练",
"subcategory":"CSC_训练_心得",
"skill_used":"survival",
"skills_required":["cutting",4],
"difficulty":0,
"time":30000,
"autolearn":true,
"tools":[[["survival_marker",50],["permanent_marker",50]]],
"components":[[["paper",50]]]
},{
"type":"recipe",
"result":"AE_trainingmanual_cutting2",
"category":"CC_训练",
"subcategory":"CSC_训练_心得",
"skill_used":"survival",
"skills_required":["cutting",6],
"difficulty":0,
"time":30000,
"autolearn":true,
"tools":[[["survival_marker",50],["permanent_marker",50]]],
"components":[[["AE_trainingmanual_cutting",1]]]
},{
"type":"recipe",
"result":"AE_trainingmanual_cutting3",
"category":"CC_训练",
"subcategory":"CSC_训练_心得",
"skill_used":"survival",
"skills_required":["cutting",8],
"difficulty":0,
"time":30000,
"autolearn":true,
"tools":[[["survival_marker",50],["permanent_marker",50]]],
"components":[[["AE_trainingmanual_cutting2",1]]]
},{
"type":"recipe",
"result":"AE_trainingmanual_bashing",
"category":"CC_训练",
"subcategory":"CSC_训练_心得",
"skill_used":"survival",
"skills_required":["bashing",4],
"difficulty":0,
"time":30000,
"autolearn":true,
"tools":[[["survival_marker",50],["permanent_marker",50]]],
"components":[[["paper",50]]]
},{
"type":"recipe",
"result":"AE_trainingmanual_bashing2",
"category":"CC_训练",
"subcategory":"CSC_训练_心得",
"skill_used":"survival",
"skills_required":["bashing",6],
"difficulty":0,
"time":30000,
"autolearn":true,
"tools":[[["survival_marker",50],["permanent_marker",50]]],
"components":[[["AE_trainingmanual_bashing",1]]]
},{
"type":"recipe",
"result":"AE_trainingmanual_bashing3",
"category":"CC_训练",
"subcategory":"CSC_训练_心得",
"skill_used":"survival",
"skills_required":["bashing",8],
"difficulty":0,
"time":30000,
"autolearn":true,
"tools":[[["survival_marker",50],["permanent_marker",50]]],
"components":[[["AE_trainingmanual_bashing2",1]]]
},{
"type":"recipe",
"result":"AE_trainingmanual_stabbing",
"category":"CC_训练",
"subcategory":"CSC_训练_心得",
"skill_used":"survival",
"skills_required":["stabbing",4],
"difficulty":0,
"time":30000,
"autolearn":true,
"tools":[[["survival_marker",50],["permanent_marker",50]]],
"components":[[["paper",50]]]
},{
"type":"recipe",
"result":"AE_trainingmanual_stabbing2",
"category":"CC_训练",
"subcategory":"CSC_训练_心得",
"skill_used":"survival",
"skills_required":["stabbing",6],
"difficulty":0,
"time":30000,
"autolearn":true,
"tools":[[["survival_marker",50],["permanent_marker",50]]],
"components":[[["AE_trainingmanual_stabbing",1]]]
},{
"type":"recipe",
"result":"AE_trainingmanual_stabbing3",
"category":"CC_训练",
"subcategory":"CSC_训练_心得",
"skill_used":"survival",
"skills_required":["stabbing",8],
"difficulty":0,
"time":30000,
"autolearn":true,
"tools":[[["survival_marker",50],["permanent_marker",50]]],
"components":[[["AE_trainingmanual_stabbing2",1]]]
}
]