[
{
		"type" : "item_group",
		"subtype": "collection",
		"comment": "妙蛙花掉落",	
		"id": "mon_drop_mwh0",
		"entries":
	[
	{ "item": "SKJB", "count": [100,600] },
{"item":"WXKJ_resoure_smzh","prob": 10}
	
	]
	},
{
		"type" : "item_group",
		"subtype": "collection",
		"comment": "妙蛙花掉落",	
		"id": "mon_drop_mwh1",
		"entries":
	[
	{ "item": "wx_baby_1", "count": [1,1] }
	]
	},
{
		"type" : "item_group",
		"subtype": "collection",
		"comment": "妙蛙花掉落",	
		"id": "mon_drop_mwh2",
		"entries":
	[
	{ "item": "wx_baby_2", "count": [1,1] }
	]
	},
	{
		"type" : "item_group",
		"subtype": "collection",
		"comment": "妙蛙花掉落",	
		"id": "mon_drop_mwh3",
		"entries":
	[
	{ "item": "wx_baby_3", "count": [1,1] }
	]
	},
		{
		"type" : "item_group",
		"subtype": "collection",
		"comment": "妙蛙花掉落",	
		"id": "mon_drop_mwh4",
		"entries":
	[
	{ "item": "wx_baby_4", "count": [1,1] }
	]
	},
	{
		"type" : "MONSTER",
		"id" : "mon_wxkj_mwh1",
		"copy-from" : "mon_wxkj_mwh1",
		"death_drops": 
		{
			"subtype": "collection",
			"groups": 
		[	
    		[ "mon_drop_mwh1", 80 ],
			[ "mon_drop_mwh0", 50 ]
			
		]
		}
	},
	{
		"type" : "MONSTER",
		"id" : "mon_wxkj_mwh2",
		"copy-from" : "mon_wxkj_mwh2",
		"death_drops": 
		{
			"subtype": "collection",
			"groups": 
			[	
    		[ "mon_drop_mwh2", 80 ],
			[ "mon_drop_mwh0", 50 ]
					
		 	]
		}
	},
	{
		"type" : "MONSTER",
		"id" : "mon_wxkj_mwh3",
		"copy-from" : "mon_wxkj_mwh3",
		"death_drops": 
		{
			"subtype": "collection",
			"groups": 
			[	
    		[ "mon_drop_mwh3", 80 ],
			[ "mon_drop_mwh0", 50 ]
					
		 	]
		}
	},
	{
		"type" : "MONSTER",
		"id" : "mon_wxkj_mwh4",
		"copy-from" : "mon_wxkj_mwh4",
		"death_drops": 
		{
			"subtype": "collection",
			"groups": 
			[	
    		[ "mon_drop_mwh4", 80 ],
			[ "mon_drop_mwh0", 50 ]
					
		 	]
		}
	}
	
	]