  [
  {
    "id": "mon_wxkj_mwh1",
    "type": "MONSTER",
    "name": "妙蛙花",
    "description": "妙蛙花为妙蛙草的进化型，由淡蓝色的身躯、翠绿的芭蕉叶、深咖啡色的树干及红色的花瓣组成.",
    "categories": [ "WILDLIFE" ],
    "species": [ "MAMMAL" ],
    "default_faction": "mwh_family",
    "harvest": "mammal_tiny",
    "diff": 10,
    "size": "LARGE",
    "volume": "5 ml",
    "weight": 5,
    "hp": 600,
    "speed": 200,
    "material": [ "flesh" ],
    "symbol": "H",
    "color": "light_gray",
    "aggression": 1,
    "morale": 100,
    "melee_skill": 9,
    "melee_dice_sides": 8,
    "melee_dice": 4,
    "melee_cut": 65,
    "melee_bash": 56,
    "dodge": 7,
    "armor_bash": 58,
    "armor_cut": 65, 
    "path_settings": { "max_dist": 25 },
    "anger_triggers": [ "HURT", "FRIEND_ATTACKED","FRIEND_DIED",  "PLAYER_CLOSE"],
    "reproduction": { "baby_monster": "mon_wxkj_mwzz1", "baby_count": 1, "baby_timer": 365 },
    "baby_flags": [ "SPRING", "SUMMER", "AUTUMN" ],
     "special_attacks":
      [
      {
        "cooldown":15,
        "type": "gun",
        "gun_type": "wxkj_JN_fykd",
        "fake_skills": [ [ "gun", 20 ], [ "rifle", 9 ] ],
        "range": 15,
        "ranges": [ [ 0, 15, "AUTO" ] ],
        "require_targeting_npc": true,    
        "require_targeting_monster": true,    
        "laser_lock": true,   
        "targeting_cost": 50,     
        "targeting_timeout_extend": -10,
        "targeting_sound": "\"吼! (妙蛙花身旁凝聚着浓郁的能量)\"",   
        "targeting_volume": 150,    
        "require_sunlight": false
      },
      [ "wxkj_tbcr", 10 ]
     ], 
    "death_function": [ "MELT" ],
    "flags": [ "SEES", "HEARS", "SMELLS", "ANIMAL", "PATH_AVOID_DANGER_2", "WARM", "FUR",  "FAT", "MILKABLE", "REGENERATES_10",
   "CATTLEFODDER",
   "PET_MOUNTABLE"
      ]
  },
    {
    "id": "mon_wxkj_mwh2",
    "type": "MONSTER",
    "name": "妙蛙花",
    "description": "妙蛙花为妙蛙草的进化型，由淡蓝色的身躯、翠绿的芭蕉叶、深咖啡色的树干及红色的花瓣组成.",
    "categories": [ "WILDLIFE" ],
    "species": [ "MAMMAL" ],
    "default_faction": "mwh_family",
    "harvest": "mammal_tiny",
    "diff": 10,
    "size": "LARGE",
    "volume": "5 ml",
    "weight": 5,
    "hp": 450,
    "speed": 300,
    "material": [ "flesh" ],
    "symbol": "H",
    "color": "light_gray",
    "aggression": 1,
    "morale": 100,
    "melee_skill": 9,
    "melee_dice_sides": 8,
    "melee_dice": 4,
    "melee_cut": 43,
    "melee_bash": 48,
    "dodge": 9,
    "armor_bash": 26,
    "armor_cut": 32, 
    "path_settings": { "max_dist": 30 },
    "anger_triggers": [ "HURT", "FRIEND_ATTACKED","FRIEND_DIED",  "PLAYER_CLOSE"],
    "reproduction": { "baby_monster": "mon_wxkj_mwzz2", "baby_count": 1, "baby_timer": 365 },
    "baby_flags": [ "SPRING", "SUMMER", "AUTUMN" ],
     "special_attacks": 
     [
      {
        "cooldown":2,
        "type": "gun",
        "gun_type": "wxkj_JN_TB2",
        "fake_skills": [ [ "gun", 20 ], [ "rifle", 9 ] ],
        "range": 25,
        "ranges": [ [ 0, 25, "AUTO" ] ],
        "require_targeting_npc": true,    
        "require_targeting_monster": true,    
        "laser_lock": true,   
        "targeting_cost": 50,     
        "targeting_timeout_extend": -10,
        "targeting_sound": "\"吼! (妙蛙花身旁的藤鞭飞舞着!)\"",    
        "targeting_volume": 100,    
        "require_sunlight": false
      },
      [ "wxkj_tbcr", 10 ] 
       ],
    "death_function": [ "MELT" ],
    "flags": [ "SEES", "HEARS", "SMELLS", "ANIMAL", "PATH_AVOID_DANGER_2", "WARM", "FUR",  "FAT", "HIT_AND_RUN", "REGENERATES_10","CATTLEFODDER", "PET_MOUNTABLE" ]
  },
     {
    "id": "mon_wxkj_mwh3",
    "type": "MONSTER",
    "name": "妙蛙花",
    "description": "妙蛙花为妙蛙草的进化型，由淡蓝色的身躯、翠绿的芭蕉叶、深咖啡色的树干及红色的花瓣组成.",
    "categories": [ "WILDLIFE" ],
    "species": [ "MAMMAL" ],
    "default_faction": "mwh_family",
    "harvest": "mammal_tiny",
    "diff": 10,
    "size": "LARGE",
    "volume": "5 ml",
    "weight": 5,
    "hp": 500,
    "speed": 260,
    "material": [ "flesh" ],
    "symbol": "H",
    "color": "light_gray",
    "aggression": 1,
    "morale": 100,
    "melee_skill": 9,
    "melee_dice_sides": 8,
    "melee_dice": 4,
    "melee_cut": 43,
    "melee_bash": 48,
    "dodge": 9,
    "armor_bash": 26,
    "armor_cut": 43, 
    "path_settings": { "max_dist": 30 },
    "anger_triggers": [ "HURT", "FRIEND_ATTACKED","FRIEND_DIED",  "PLAYER_CLOSE"],
    "reproduction": { "baby_monster": "mon_wxkj_mwzz3", "baby_count": 1, "baby_timer": 365 },
    "baby_flags": [ "SPRING", "SUMMER", "AUTUMN" ],
     "special_attacks": 
     [
      {
        "cooldown":2,
        "type": "gun",
        "gun_type": "wxkj_JN_TB2",
        "fake_skills": [ [ "gun", 20 ], [ "rifle", 9 ] ],
        "range": 25,
        "ranges": [ [ 0, 25, "AUTO" ] ],
        "require_targeting_npc": true,    
        "require_targeting_monster": true,    
        "laser_lock": true,   
        "targeting_cost": 50,     
        "targeting_timeout_extend": -10,
        "targeting_sound": "\"吼! (妙蛙花身旁的藤鞭飞舞着!)\"",    
        "targeting_volume": 100,    
        "require_sunlight": false
      },
      [ "wxkj_tbcr", 10 ] 
       ],
    "death_function": [ "MELT" ],
    "flags": [ "SEES", "HEARS", "SMELLS", "ANIMAL", "PATH_AVOID_DANGER_2", "WARM", "FUR",  "FAT", "HIT_AND_RUN", "REGENERATES_10","CATTLEFODDER","PET_MOUNTABLE" ]
  },
  {
    "id": "mon_wxkj_mwh4",
    "type": "MONSTER",
    "name": "妙蛙花",
    "description": "妙蛙花为妙蛙草的进化型，由淡蓝色的身躯、翠绿的芭蕉叶、深咖啡色的树干及红色的花瓣组成.",
    "categories": [ "WILDLIFE" ],
    "species": [ "MAMMAL" ],
    "default_faction": "mwh_family",
    "harvest": "mammal_tiny",
    "diff": 10,
    "size": "LARGE",
    "volume": "5 ml",
    "weight": 5,
    "hp": 700,
    "speed": 300,
    "material": [ "flesh" ],
    "symbol": "H",
    "color": "light_gray",
    "aggression": 2,
    "morale": 100,
    "melee_skill": 10,
    "melee_dice_sides": 8,
    "melee_dice": 4,
    "melee_cut": 65,
    "melee_bash": 62,
    "dodge": 10,
    "armor_bash": 54,
    "armor_cut": 87, 
    "path_settings": { "max_dist": 30 },
    "anger_triggers": [ "HURT", "FRIEND_ATTACKED","FRIEND_DIED",  "PLAYER_CLOSE"],
    "reproduction": { "baby_monster": "mon_wxkj_mwzz4", "baby_count": 1, "baby_timer": 365 },
    "baby_flags": [ "SPRING", "SUMMER", "AUTUMN" ],
     "special_attacks": 
     [   
      {
        "cooldown":10,
        "type": "gun",
        "gun_type": "wxkj_JN_fykd",
        "fake_skills": [ [ "gun", 20 ], [ "rifle", 10 ] ],
        "range": 15,
        "ranges": [ [ 2, 15, "AUTO" ] ],
        "require_targeting_npc": true,    
        "require_targeting_monster": true,    
        "laser_lock": true,   
        "targeting_cost": 50,     
        "targeting_timeout_extend": -10,
        "targeting_sound": "\"吼! (妙蛙花身旁凝聚着浓郁的能量)\"",   
        "targeting_volume": 150,    
        "require_sunlight": false
      },
      [ "wxkj_tbcr", 15 ] 
       ],
    "death_function": [ "MELT" ],
    "flags": [ "SEES", "HEARS", "SMELLS", "ANIMAL", "PATH_AVOID_DANGER_2", "WARM", "FUR",  "FAT", "HIT_AND_RUN", "REGENERATES_10","CATTLEFODDER", "PET_MOUNTABLE" ]
  }
  
  ]