  [
  {
    "id": "mon_wxkj_mwzz1",
    "type": "MONSTER",
    "name": "妙蛙种子",
    "description": "妙蛙种子是四足爬行动物形态的宝可梦，外表类似蟾蜍或小型恐龙。它有着鲜红色的眼睛，白色的瞳孔和巩膜，头顶上长着一对耳状凸起。它的鼻子短而钝，且有一张大嘴。当嘴巴张开时，上颚可以看到一对小而尖的牙齿。它的皮肤呈蓝绿色，并附有深绿色的斑纹。它每条粗腿的脚掌上都分出三趾，且末端都长有白色的小爪子。这只宝可梦最显著的特点就是它背后那个鳞茎状的种子，它与妙蛙种子之间存在着共生关系，从妙蛙种子出生起就与它的身体一同生长了。",
    "categories": [ "WILDLIFE" ],
    "species": [ "MAMMAL" ],
    "default_faction": "mwh_family",
    "harvest": "mammal_tiny",
    "diff": 2,
    "size": "TINY",
    "volume": "5 ml",
    "weight": 10,
    "hp": 80,
    "//":"1.5x2",
    "speed": 80,
    "material": [ "flesh" ],
    "symbol": "U",
    "color": "light_gray",
    "aggression": -10,
    "morale": 80,
    "melee_skill": 2,
    "melee_dice_sides": 10,
    "melee_dice": 2,
    "melee_cut": 5,
    "melee_bash": 6,
    "dodge": 3,
    "armor_bash": 15,
    "armor_cut": 10, 
    "path_settings": { "max_dist": 20 },
    "anger_triggers": [ "HURT", "FRIEND_ATTACKED","FRIEND_DIED"],
    "placate_triggers": [ "MEAT" ],
    "fear_triggers": [ "PLAYER_CLOSE","STALK" ],
    "upgrades":
     { "age_grow": 30, "into":"mon_wxkj_mwc1" },  
     "special_attacks": 
     [
      [ "wxkj_lash", 5 ]
     ],
   
    "death_function": [ "MELT" ],
    "flags": [ "SEES", "HEARS", "SMELLS", "ANIMAL", "PATH_AVOID_DANGER_2", "WARM", "FUR",  "FAT","DOGFOOD",
   "PET_MOUNTABLE"
      ]
  },
   {
    "id": "mon_wxkj_mwzz2",
    "type": "MONSTER",
    "name": "妙蛙种子",
    "description": "妙蛙种子是四足爬行动物形态的宝可梦，外表类似蟾蜍或小型恐龙。它有着鲜红色的眼睛，白色的瞳孔和巩膜，头顶上长着一对耳状凸起。它的鼻子短而钝，且有一张大嘴。当嘴巴张开时，上颚可以看到一对小而尖的牙齿。它的皮肤呈蓝绿色，并附有深绿色的斑纹。它每条粗腿的脚掌上都分出三趾，且末端都长有白色的小爪子。这只宝可梦最显著的特点就是它背后那个鳞茎状的种子，它与妙蛙种子之间存在着共生关系，从妙蛙种子出生起就与它的身体一同生长了。",
    "categories": [ "WILDLIFE" ],
    "species": [ "MAMMAL" ],
    "default_faction": "mwh_family",
    "harvest": "mammal_tiny",
    "diff": 2,
    "size": "TINY",
    "volume": "5 ml",
    "weight": 10,
    "hp": 60,
    "//":"1.5x2",
    "speed": 87,
    "material": [ "flesh" ],
    "symbol": "U",
    "color": "light_gray",
    "aggression": -10,
    "morale": 80,
    "melee_skill": 2,
    "melee_dice_sides": 10,
    "melee_dice": 2,
    "melee_cut": 5,
    "melee_bash": 6,
    "dodge": 4,
    "armor_bash": 12,
    "armor_cut": 8, 
    "path_settings": { "max_dist": 20 },
    "anger_triggers": [ "HURT", "FRIEND_ATTACKED","FRIEND_DIED"],
    "placate_triggers": [ "MEAT" ],
    "fear_triggers": [ "PLAYER_CLOSE","STALK" ],
    "upgrades":
     { "age_grow": 30, "into":"mon_wxkj_mwc2" },  
     "special_attacks": 
     [
      [ "wxkj_bump", 5 ]
     ],
   
    "death_function": [ "MELT" ],
    "flags": [ "SEES", "HEARS", "SMELLS", "ANIMAL", "PATH_AVOID_DANGER_2", "WARM", "FUR",  "FAT",
      "PET_MOUNTABLE",
      "DOGFOOD"]
  },
   {
    "id": "mon_wxkj_mwzz3",
    "type": "MONSTER",
    "name": "妙蛙种子",
    "description": "妙蛙种子是四足爬行动物形态的宝可梦，外表类似蟾蜍或小型恐龙。它有着鲜红色的眼睛，白色的瞳孔和巩膜，头顶上长着一对耳状凸起。它的鼻子短而钝，且有一张大嘴。当嘴巴张开时，上颚可以看到一对小而尖的牙齿。它的皮肤呈蓝绿色，并附有深绿色的斑纹。它每条粗腿的脚掌上都分出三趾，且末端都长有白色的小爪子。这只宝可梦最显著的特点就是它背后那个鳞茎状的种子，它与妙蛙种子之间存在着共生关系，从妙蛙种子出生起就与它的身体一同生长了。",
    "categories": [ "WILDLIFE" ],
    "species": [ "MAMMAL" ],
    "default_faction": "mwh_family",
    "harvest": "mammal_tiny",
    "diff": 2,
    "size": "TINY",
    "volume": "5 ml",
    "weight": 10,
    "hp": 60,
    "//":"1.5x2",
    "speed": 80,
    "material": [ "flesh" ],
    "symbol": "U",
    "color": "light_gray",
    "aggression": -10,
    "morale": 80,
    "melee_skill": 2,
    "melee_dice_sides": 10,
    "melee_dice": 2,
    "melee_cut": 5,
    "melee_bash": 6,
    "dodge": 4,
    "armor_bash": 15,
    "armor_cut": 10, 
    "path_settings": { "max_dist": 10 },
    "anger_triggers": [ "HURT", "FRIEND_ATTACKED","FRIEND_DIED"],
    "placate_triggers": [ "MEAT" ],
    "fear_triggers": [ "PLAYER_CLOSE","STALK" ],
    "upgrades":
     { "age_grow": 30, "into":"mon_wxkj_mwc3" },  
     "special_attacks": 
     [
      [ "wxkj_bump", 5 ]
     ],
   
    "death_function": [ "MELT" ],
    "flags": [ "SEES", "HEARS", "SMELLS", "ANIMAL", "PATH_AVOID_DANGER_2", "WARM", "FUR",  "FAT",
    "PET_MOUNTABLE",
    "DOGFOOD" ]
  },
   {
    "id": "mon_wxkj_mwzz4",
    "type": "MONSTER",
    "name": "妙蛙种子",
    "description": "妙蛙种子是四足爬行动物形态的宝可梦，外表类似蟾蜍或小型恐龙。它有着鲜红色的眼睛，白色的瞳孔和巩膜，头顶上长着一对耳状凸起。它的鼻子短而钝，且有一张大嘴。当嘴巴张开时，上颚可以看到一对小而尖的牙齿。它的皮肤呈蓝绿色，并附有深绿色的斑纹。它每条粗腿的脚掌上都分出三趾，且末端都长有白色的小爪子。这只宝可梦最显著的特点就是它背后那个鳞茎状的种子，它与妙蛙种子之间存在着共生关系，从妙蛙种子出生起就与它的身体一同生长了。",
    "categories": [ "WILDLIFE" ],
    "species": [ "MAMMAL" ],
    "default_faction": "mwh_family",
    "harvest": "mammal_tiny",
    "diff": 2,
    "size": "TINY",
    "volume": "5 ml",
    "weight": 10,
    "hp": 66,
    "//":"2x3",
    "speed": 83,
    "material": [ "flesh" ],
    "symbol": "U",
    "color": "light_gray",
    "aggression": -10,
    "morale": 80,
    "melee_skill": 3,
    "melee_dice_sides": 10,
    "melee_dice": 2,
    "melee_cut": 4,
    "melee_bash": 6,
    "dodge": 4,
    "armor_bash": 20,
    "armor_cut": 15, 
    "path_settings": { "max_dist": 20 },
    "anger_triggers": [ "HURT", "FRIEND_ATTACKED","FRIEND_DIED"],
    "placate_triggers": [ "MEAT" ],
    "fear_triggers": [ "PLAYER_CLOSE","STALK" ],
    "upgrades":
     { "age_grow": 30, "into":"mon_wxkj_mwc4" },  
     "special_attacks": 
     [
      [ "wxkj_lash", 5 ]
     ],
    "death_function": [ "MELT" ],
    "flags": [ "SEES", "HEARS", "SMELLS", "ANIMAL", "PATH_AVOID_DANGER_2", "WARM", "FUR",  "FAT",
    "PET_MOUNTABLE",
    "DOGFOOD" ]
  }
  
  ]