[
{
       "type":"TOOL",
        "id": "wx_baby_1",   
	      	"category" : "wxkj_lq_lz",
        "symbol": "/",
        "color": "dark_gray",
        "name": "未知的种子(休眠中...)",
        "description": "某种草系精灵身上孕育的种子,因为失去母体的供养,已经陷入休眠状态.",
        "price": 500000,   
        "price_postapoc": 2000000,   
        "count": 1,
        "material": ["veggy"],
        "weight": 80,
        "volume": 1,
	       	"max_charges": 1,
	        "charges_per_use": 1,
	       	"ammo": "WXKJ_resoure_HP_type",
        "flags" : ["SPEAR"],    
  "use_action": {
			"type": "transform",
			"msg": "种子缓缓吸收着植物精华,俶尔间你感觉你手中的种子颤动了一下,你仿佛感受到了里面的生命在其中涌动着......",
			"target": "wx_baby_mwzz1",
			"active": true,
			"moves" : 0,
			"need_charges": 1,
			"need_charges_msg": "这颗种子正处于休眠状态."
			}
			},
			{
       "type":"TOOL",
        "id": "wx_baby_2",   
	      	"category" : "wxkj_lq_lz",
        "symbol": "/",
        "color": "dark_gray",
        "name": "未知的种子(休眠中...)",
        "description": "某种草系精灵身上孕育的种子,因为失去母体的供养,已经陷入休眠状态.",
        "price": 500000,   
        "price_postapoc": 2000000,   
        "count": 1,
        "material": ["veggy"],
        "weight": 80,
        "volume": 1,
	       	"max_charges": 1,
	        "charges_per_use": 1,
	       	"ammo": "WXKJ_resoure_HP_type",
        "flags" : ["SPEAR"],    
  "use_action": {
			"type": "transform",
			"msg": "种子缓缓吸收着植物精华,俶尔间你感觉你手中的种子颤动了一下,你仿佛感受到了里面的生命在其中涌动着......",
			"target": "wx_baby_mwzz2",
			"active": true,
			"moves" : 0,
			"need_charges": 1,
			"need_charges_msg": "这颗种子正处于休眠状态."
			}
			},
				{
       "type":"TOOL",
        "id": "wx_baby_3",   
	      	"category" : "wxkj_lq_lz",
        "symbol": "/",
        "color": "dark_gray",
        "name": "未知的种子(休眠中...)",
        "description": "某种草系精灵身上孕育的种子,因为失去母体的供养,已经陷入休眠状态.",
        "price": 500000,   
        "price_postapoc": 2000000,   
        "count": 1,
        "material": ["veggy"],
        "weight": 80,
        "volume": 1,
	       	"max_charges": 1,
	        "charges_per_use": 1,
	       	"ammo": "WXKJ_resoure_HP_type",
        "flags" : ["SPEAR"],    
  "use_action": {
			"type": "transform",
			"msg": "种子缓缓吸收着植物精华,俶尔间你感觉你手中的种子颤动了一下,你仿佛感受到了里面的生命在其中涌动着......",
			"target": "wx_baby_mwzz3",
			"active": true,
			"moves" : 0,
			"need_charges": 1,
			"need_charges_msg": "这颗种子正处于休眠状态."
			}
			},
				{
       "type":"TOOL",
        "id": "wx_baby_4",   
	      	"category" : "wxkj_lq_lz",
        "symbol": "/",
        "color": "dark_gray",
        "name": "未知的种子(休眠中...)",
        "description": "某种草系精灵身上孕育的种子,因为失去母体的供养,已经陷入休眠状态.",
        "price": 500000,   
        "price_postapoc": 2000000,   
        "count": 1,
        "material": ["veggy"],
        "weight": 80,
        "volume": 1,
	       	"max_charges": 1,
	        "charges_per_use": 1,
	       	"ammo": "WXKJ_resoure_HP_type",
        "flags" : ["SPEAR"],    
  "use_action": {
			"type": "transform",
			"msg": "种子缓缓吸收着植物精华,俶尔间你感觉你手中的种子颤动了一下,你仿佛感受到了里面的生命在其中涌动着......",
			"target": "wx_baby_mwzz4",
			"active": true,
			"moves" : 0,
			"need_charges": 1,
			"need_charges_msg": "这颗种子正处于休眠状态."
			}
			}
			]