   [
{
    "type" : "BOOK",
		"id" : "Jzjsj_01",
		"name" : "《九转金身诀》(一转)",
		"description" : "记载着使用灵力淬体的法门，这卷书中记载着第一转的淬体法诀及相关内容,它能够提高一个人的修行天资。",
		"weight" : 500,
		"color" : "black",
		"intelligence" : 10,
		"symbol" : "?",
		"material" : ["paper"],
		"volume" : 5,
		"time" : 60,
		"required_level" : 0,
		"max_level" : 1,
		"skill" : "WX_SKILL-XXTF"
  },
 	{
    "type" : "BOOK",
		"id" : "Jzjsj_02",
		"name" : "《九转金身诀》(二转)",
		"description" : "记载着使用灵力淬体的法门，这卷书中记载着第二转的淬体法诀及相关内容,它能够提高一个人的修行天资。",
		"weight" : 500,
		"color" : "black",
		"intelligence" : 10,
		"symbol" : "?",
		"material" : ["paper"],
		"volume" : 5,
		"time" : 60,
		"required_level" : 1,
		"max_level" : 2,
		"skill" : "WX_SKILL-XXTF"
  },
  	{
    "type" : "BOOK",
		"id" : "Jzjsj_03",
		"name" : "《九转金身诀》(三转)",
		"description" : "记载着使用灵力淬体的法门，这卷书中记载着第三转的淬体法诀及相关内容,它能够提高一个人的修行天资。",
		"weight" : 500,
		"color" : "black",
		"intelligence" : 10,
		"symbol" : "?",
		"material" : ["paper"],
		"volume" : 5,
		"time" : 60,
		"required_level" : 2,
		"max_level" : 3,
		"skill" : "WX_SKILL-XXTF"
  },
  {
    "type" : "BOOK",
		"id" : "Jzjsj_04",
		"name" : "《九转金身诀》(四转)",
		"description" : "记载着使用灵力淬体的法门，这卷书中记载着第四转的淬体法诀及相关内容,它能够提高一个人的修行天资。",
		"weight" : 500,
		"color" : "black",
		"intelligence" : 10,
		"symbol" : "?",
		"material" : ["paper"],
		"volume" : 5,
		"time" : 60,
		"required_level" : 3,
		"max_level" : 4,
		"skill" : "WX_SKILL-XXTF"
  },
 	{
    "type" : "BOOK",
		"id" : "Jzjsj_05",
		"name" : "《九转金身诀》(五转)",
		"description" : "记载着使用灵力淬体的法门，这卷书中记载着第五转的淬体法诀及相关内容,它能够提高一个人的修行天资。",
		"weight" : 500,
		"color" : "black",
		"intelligence" : 10,
		"symbol" : "?",
		"material" : ["paper"],
		"volume" : 5,
		"time" : 60,
		"required_level" : 4,
		"max_level" : 5,
		"skill" : "WX_SKILL-XXTF"
  },
  	{
    "type" : "BOOK",
		"id" : "Jzjsj_06",
		"name" : "《九转金身诀》(六转)",
		"description" : "记载着使用灵力淬体的法门，这卷书中记载着第六转的淬体法诀及相关内容,它能够提高一个人的修行天资。",
		"weight" : 500,
		"color" : "black",
		"intelligence" : 10,
		"symbol" : "?",
		"material" : ["paper"],
		"volume" : 5,
		"time" : 60,
		"required_level" : 5,
		"max_level" : 6,
		"skill" : "WX_SKILL-XXTF"
  },
    {
    "type" : "BOOK",
		"id" : "Jzjsj_07",
		"name" : "《九转金身诀》(七转)",
		"description" : "记载着使用灵力淬体的法门，这卷书中记载着第七转的淬体法诀及相关内容,它能够提高一个人的修行天资。",
		"weight" : 500,
		"color" : "black",
		"intelligence" : 10,
		"symbol" : "?",
		"material" : ["paper"],
		"volume" : 5,
		"time" : 60,
		"required_level" : 6,
		"max_level" : 7,
		"skill" : "WX_SKILL-XXTF"
  },
 	{
    "type" : "BOOK",
		"id" : "Jzjsj_08",
		"name" : "《九转金身诀》(八转)",
		"description" : "记载着使用灵力淬体的法门，这卷书中记载着第八转的淬体法诀及相关内容,它能够提高一个人的修行天资。",
		"weight" : 500,
		"color" : "black",
		"intelligence" : 10,
		"symbol" : "?",
		"material" : ["paper"],
		"volume" : 5,
		"time" : 60,
		"required_level" : 7,
		"max_level" : 8,
		"skill" : "WX_SKILL-XXTF"
  },
  	{
    "type" : "BOOK",
		"id" : "Jzjsj_09",
		"name" : "《九转金身诀》(九转)",
		"description" : "记载着使用灵力淬体的法门，这卷书中记载着第九转的淬体法诀及相关内容,它能够提高一个人的修行天资。",
		"weight" : 500,
		"color" : "black",
		"intelligence" : 10,
		"symbol" : "?",
		"material" : ["paper"],
		"volume" : 5,
		"time" : 60,
		"required_level" : 8,
		"max_level" : 9,
		"skill" : "WX_SKILL-XXTF"
  }
]
