[
 {
    "type": "mutation",
    "id": "by_jzjs_1",
    "name": "一转金身",
    "points": 1,
    "mixed_effect": true,
    "description": "你修炼九转金身，经过重重突破，已经到达了第一转.",
    "types": [ "SKIN" ],   
    "changes_to": [ "by_jzjs_2" ],        
    "category": [ "INSECT" ], 
    "armor": [ { "parts": "ALL", "bash": 2, "cut": 2 } ],
    "passive_mods": { "str_mod": 1 },
    "hp_adjustment": 2,
    "encumbrance_always" :
			[
            [ "TORSO", -5 ],
            [ "HEAD", -5 ],
            [ "EYES", -5 ],
            [ "MOUTH", -5 ],			
            [ "ARM_L", -5 ],
            [ "ARM_R", -5 ],
            [ "HAND_L", -5 ],
            [ "HAND_R", -5 ],
            [ "LEG_L", -5 ],
            [ "LEG_R", -5 ],
            [ "FOOT_L", -5 ],
            [ "FOOT_R", -5 ]
			],
	  "wet_protection" : [
            { "part" : "HEAD", "ignored" : 2 },
            { "part" : "LEG_L", "ignored" : 2 },
            { "part" : "LEG_R", "ignored" : 2 },
            { "part" : "FOOT_L", "ignored" : 2 },
            { "part" : "FOOT_R", "ignored" : 2 },
            { "part" : "ARM_L", "ignored" : 2 },
            { "part" : "ARM_R", "ignored" : 2 },
            { "part" : "HAND_L", "ignored" : 2 },
            { "part" : "HAND_R", "ignored" : 2 },
            { "part" : "TORSO", "ignored" : 2 }
        ],
        "purifiable": false,			
        "//":"是否可被净化"
  },
  {
    "type": "mutation",
    "id": "by_jzjs_2",
    "name": "二转金身",
    "points": 2,
    "mixed_effect": true,
    "description": "你修炼九转金身，经过重重突破，已经到达了第二转.",
    "types": [ "SKIN" ],   
    "changes_to": [ "by_jzjs_3" ],     
    "prereqs" : ["by_jzjs_1"],           
    "category": [ "INSECT" ], 
    "armor": [ { "parts": "ALL", "bash": 4, "cut": 4 } ],
    "passive_mods": { "str_mod": 2 },
    "hp_adjustment": 4,
    "encumbrance_always" :
			[
            [ "TORSO", -5 ],
            [ "HEAD", -5 ],
            [ "EYES", -5 ],
            [ "MOUTH", -5 ],			
            [ "ARM_L", -5 ],
            [ "ARM_R", -5 ],
            [ "HAND_L", -5 ],
            [ "HAND_R", -5 ],
            [ "LEG_L", -5 ],
            [ "LEG_R", -5 ],
            [ "FOOT_L", -5 ],
            [ "FOOT_R", -5 ]
			],
		  "wet_protection" : [
            { "part" : "HEAD", "ignored" : 4 },
            { "part" : "LEG_L", "ignored" : 4 },
            { "part" : "LEG_R", "ignored" : 4 },
            { "part" : "FOOT_L", "ignored" : 4 },
            { "part" : "FOOT_R", "ignored" : 4 },
            { "part" : "ARM_L", "ignored" : 4 },
            { "part" : "ARM_R", "ignored" : 4 },
            { "part" : "HAND_L", "ignored" : 4 },
            { "part" : "HAND_R", "ignored" : 4 },
            { "part" : "TORSO", "ignored" : 4 }
        ],
        "purifiable": false,			
        "//":"是否可被净化"
  },
  {
    "type": "mutation",
    "id": "by_jzjs_3",
    "name": "三转金身",
    "points": 3,
    "mixed_effect": true,
    "description": "你修炼九转金身，经过重重突破，已经到达了第三转.",
    "types": [ "SKIN" ],   
    "changes_to": [ "by_jzjs_4" ],   
    "prereqs" : ["by_jzjs_2"],           
    "category": [ "INSECT" ], 
    "armor": [ { "parts": "ALL", "bash": 6, "cut": 6 } ],
    "passive_mods": { "str_mod": 3 },
    "hp_adjustment": 6,
    "encumbrance_always" :
			[
            [ "TORSO", -5 ],
            [ "HEAD", -5 ],
            [ "EYES", -5 ],
            [ "MOUTH", -5 ],			
            [ "ARM_L", -5 ],
            [ "ARM_R", -5 ],
            [ "HAND_L", -5 ],
            [ "HAND_R", -5 ],
            [ "LEG_L", -5 ],
            [ "LEG_R", -5 ],
            [ "FOOT_L", -5 ],
            [ "FOOT_R", -5 ]
			],
		  "wet_protection" : [
            { "part" : "HEAD", "ignored" : 6 },
            { "part" : "LEG_L", "ignored" : 6 },
            { "part" : "LEG_R", "ignored" : 6 },
            { "part" : "FOOT_L", "ignored" : 6 },
            { "part" : "FOOT_R", "ignored" : 6 },
            { "part" : "ARM_L", "ignored" : 6 },
            { "part" : "ARM_R", "ignored" : 6 },
            { "part" : "HAND_L", "ignored" : 6 },
            { "part" : "HAND_R", "ignored" : 6 },
            { "part" : "TORSO", "ignored" : 6 }
        ],
        "purifiable": false,			
        "//":"是否可被净化"
  },
  {
    "type": "mutation",
    "id": "by_jzjs_4",
    "name": "四转金身",
    "points": 4,
    "mixed_effect": true,
    "description": "你已经将九转金身修炼到了小成境界，身体抗性全面提高.",
    "types": [ "SKIN" ],   
    "changes_to": [ "by_jzjs_5" ],    
    "prereqs" : ["by_jzjs_3"],           
    "category": [ "INSECT" ], 
    "armor": [ { "parts": "ALL", "bash": 10, "cut": 10 } ],
    "passive_mods": { "str_mod": 4 },
    "hp_adjustment": 10,
    "healing_awake" : 1.0,
    "//":"抗性",
    "healing_resting" : 1.0,
    "//":"自愈",    
    "encumbrance_always" :
			[
            [ "TORSO", -10 ],
            [ "HEAD", -10 ],
            [ "EYES", -10 ],
            [ "MOUTH", -10 ],			
            [ "ARM_L", -10 ],
            [ "ARM_R", -10 ],
            [ "HAND_L", -10 ],
            [ "HAND_R", -10 ],
            [ "LEG_L", -10 ],
            [ "LEG_R", -10 ],
            [ "FOOT_L", -10 ],
            [ "FOOT_R", -10 ]
			],
	 "wet_protection" : [
            { "part" : "HEAD", "ignored" : 8 },
            { "part" : "LEG_L", "ignored" : 8 },
            { "part" : "LEG_R", "ignored" : 8 },
            { "part" : "FOOT_L", "ignored" : 8 },
            { "part" : "FOOT_R", "ignored" : 8 },
            { "part" : "ARM_L", "ignored" : 8 },
            { "part" : "ARM_R", "ignored" : 8 },
            { "part" : "HAND_L", "ignored" : 8 },
            { "part" : "HAND_R", "ignored" : 8 },
            { "part" : "TORSO", "ignored" : 8 }
        ],
        "purifiable": false,			
        "//":"是否可被净化"
  },
  {
    "type": "mutation",
    "id": "by_jzjs_5",
    "name": "五转金身",
    "points": 5,
    "mixed_effect": true,
    "description": "你已经将九转金身修炼到了小成境界，达到了第五转.",
    "types": [ "SKIN" ],   
    "changes_to": [ "by_jzjs_6" ],    
    "prereqs" : ["by_jzjs_4"],           
    "category": [ "INSECT" ], 
    "armor": [ { "parts": "ALL", "bash": 12, "cut": 12 } ],
    "passive_mods": { "str_mod": 5 },
    "hp_adjustment": 12,
    "healing_awake" : 1.2,
    "//":"抗性",
    "healing_resting" : 1.2,
    "//":"自愈",    
    "encumbrance_always" :
			[
            [ "TORSO", -10 ],
            [ "HEAD", -10 ],
            [ "EYES", -10 ],
            [ "MOUTH", -10 ],			
            [ "ARM_L", -10 ],
            [ "ARM_R", -10 ],
            [ "HAND_L", -10 ],
            [ "HAND_R", -10 ],
            [ "LEG_L", -10 ],
            [ "LEG_R", -10 ],
            [ "FOOT_L", -10 ],
            [ "FOOT_R", -10 ]
			],
	"wet_protection" : [
            { "part" : "HEAD", "ignored" : 10 },
            { "part" : "LEG_L", "ignored" : 10 },
            { "part" : "LEG_R", "ignored" : 10 },
            { "part" : "FOOT_L", "ignored" : 10 },
            { "part" : "FOOT_R", "ignored" : 10 },
            { "part" : "ARM_L", "ignored" : 10 },
            { "part" : "ARM_R", "ignored" : 10 },
            { "part" : "HAND_L", "ignored" : 10 },
            { "part" : "HAND_R", "ignored" : 10 },
            { "part" : "TORSO", "ignored" : 10 }
        ],
        "purifiable": false,			
        "//":"是否可被净化"
  },
  {
    "type": "mutation",
    "id": "by_jzjs_6",
    "name": "六转金身",
    "points": 6,
    "mixed_effect": true,
    "description": "你已经将九转金身修炼到了小成境界，达到了第六转.",
    "types": [ "SKIN" ],   
    "changes_to": [ "by_jzjs_7" ],    
    "prereqs" : ["by_jzjs_5"],           
    "category": [ "INSECT" ], 
    "armor": [ { "parts": "ALL", "bash": 14, "cut": 14 } ],
    "passive_mods": { "str_mod": 6 },
    "hp_adjustment": 14,
    "healing_awake" : 1.5,
    "//":"抗性",
    "healing_resting" : 1.5,
    "//":"自愈",    
    "encumbrance_always" :
			[
            [ "TORSO", -10 ],
            [ "HEAD", -10 ],
            [ "EYES", -10 ],
            [ "MOUTH", -10 ],			
            [ "ARM_L", -10 ],
            [ "ARM_R", -10 ],
            [ "HAND_L", -10 ],
            [ "HAND_R", -10 ],
            [ "LEG_L", -10 ],
            [ "LEG_R", -10 ],
            [ "FOOT_L", -10 ],
            [ "FOOT_R", -10 ]
			],
	"wet_protection" : [
            { "part" : "HEAD", "ignored" : 12 },
            { "part" : "LEG_L", "ignored" : 12 },
            { "part" : "LEG_R", "ignored" : 12 },
            { "part" : "FOOT_L", "ignored" : 12 },
            { "part" : "FOOT_R", "ignored" : 12 },
            { "part" : "ARM_L", "ignored" : 12 },
            { "part" : "ARM_R", "ignored" : 12 },
            { "part" : "HAND_L", "ignored" : 12 },
            { "part" : "HAND_R", "ignored" : 12 },
            { "part" : "TORSO", "ignored" : 12 }
        ],		
        "purifiable": false,			
        "//":"是否可被净化"
  },
  {
    "type": "mutation",
    "id": "by_jzjs_7",
    "name": "七转金身",
    "points": 7,
    "mixed_effect": true,
    "description": "你已经将九转金身修炼到了小成境界，达到了第七转.",
    "types": [ "SKIN" ],   
    "changes_to": [ "by_jzjs_8" ],       
    "prereqs" : ["by_jzjs_6"],           
    "category": [ "INSECT" ], 
    "armor": [ { "parts": "ALL", "bash": 16, "cut": 16 } ],
    "passive_mods": { "str_mod": 7 },
    "hp_adjustment": 16,
    "healing_awake" : 1.7,
    "//":"抗性",
    "healing_resting" : 1.7,
    "//":"自愈",    
    "encumbrance_always" :
			[
            [ "TORSO", -10 ],
            [ "HEAD", -10 ],
            [ "EYES", -10 ],
            [ "MOUTH", -10 ],			
            [ "ARM_L", -10 ],
            [ "ARM_R", -10 ],
            [ "HAND_L", -10 ],
            [ "HAND_R", -10 ],
            [ "LEG_L", -10 ],
            [ "LEG_R", -10 ],
            [ "FOOT_L", -10 ],
            [ "FOOT_R", -10 ]
			],
	"wet_protection" : [
            { "part" : "HEAD", "ignored" : 14 },
            { "part" : "LEG_L", "ignored" : 14 },
            { "part" : "LEG_R", "ignored" : 14 },
            { "part" : "FOOT_L", "ignored" : 14 },
            { "part" : "FOOT_R", "ignored" : 14 },
            { "part" : "ARM_L", "ignored" : 14 },
            { "part" : "ARM_R", "ignored" : 14 },
            { "part" : "HAND_L", "ignored" : 14 },
            { "part" : "HAND_R", "ignored" : 14 },
            { "part" : "TORSO", "ignored" : 14 }
        ],
        "purifiable": false,			
        "//":"是否可被净化"
  },
  {
    "type": "mutation",
    "id": "by_jzjs_8",
    "name": "八转金身",
    "points": 8,
    "mixed_effect": true,
    "description": "你已经将九转金身修炼到了小成境界，达到了第八转.",
    "types": [ "SKIN" ],   
    "changes_to": [ "by_jzjs_9" ],    
    "prereqs" : ["by_jzjs_7"],           
    "category": [ "INSECT" ], 
    "armor": [ { "parts": "ALL", "bash": 18, "cut": 18 } ],
    "passive_mods": { "str_mod": 8 },
    "hp_adjustment": 18,
    "healing_awake" : 2.0,
    "//":"抗性",
    "healing_resting" : 2.0,
    "//":"自愈",    
    "encumbrance_always" :
			[
            [ "TORSO", -10 ],
            [ "HEAD", -10 ],
            [ "EYES", -10 ],
            [ "MOUTH", -10 ],			
            [ "ARM_L", -10 ],
            [ "ARM_R", -10 ],
            [ "HAND_L", -10 ],
            [ "HAND_R", -10 ],
            [ "LEG_L", -10 ],
            [ "LEG_R", -10 ],
            [ "FOOT_L", -10 ],
            [ "FOOT_R", -10 ]
			],
	"wet_protection" : [
            { "part" : "HEAD", "ignored" : 16 },
            { "part" : "LEG_L", "ignored" : 16 },
            { "part" : "LEG_R", "ignored" : 16 },
            { "part" : "FOOT_L", "ignored" : 16 },
            { "part" : "FOOT_R", "ignored" : 16 },
            { "part" : "ARM_L", "ignored" : 16 },
            { "part" : "ARM_R", "ignored" : 16 },
            { "part" : "HAND_L", "ignored" : 16 },
            { "part" : "HAND_R", "ignored" : 16 },
            { "part" : "TORSO", "ignored" : 16 }
        ],
        "purifiable": false,			
        "//":"是否可被净化"
  },
  {
    "type": "mutation",
    "id": "by_jzjs_9",
    "name": "九转金身",
    "points": 9,
    "mixed_effect": true,
    "description": "你经过重重磨难将九转金身修炼到至大成，到达了第九转.",
    "types": [ "SKIN" ],   
    "changes_to": [ "by_jzjs_10" ], 
    "prereqs" : ["by_jzjs_8"],           
    "category": [ "INSECT" ], 
    "armor": [ { "parts": "ALL", "bash": 20, "cut": 20 } ],
    "passive_mods": { "str_mod": 9 },
    "hp_adjustment": 20,
    "healing_awake" : 2.5,
    "//":"抗性",
    "healing_resting" : 2.5,
    "//":"自愈",    
    "fatigue_regen_modifier": 0.5,
    "//":"疲劳恢复速率",
    "encumbrance_always" :
			[
            [ "TORSO", -15 ],
            [ "HEAD", -15 ],
            [ "EYES", -15 ],
            [ "MOUTH", -15 ],			
            [ "ARM_L", -15 ],
            [ "ARM_R", -15 ],
            [ "HAND_L", -15 ],
            [ "HAND_R", -15 ],
            [ "LEG_L", -15 ],
            [ "LEG_R", -15 ],
            [ "FOOT_L", -15 ],
            [ "FOOT_R", -15 ]
			],
	"wet_protection" : [
            { "part" : "HEAD", "ignored" : 18 },
            { "part" : "LEG_L", "ignored" : 18 },
            { "part" : "LEG_R", "ignored" : 18 },
            { "part" : "FOOT_L", "ignored" : 18 },
            { "part" : "FOOT_R", "ignored" : 18 },
            { "part" : "ARM_L", "ignored" : 18 },
            { "part" : "ARM_R", "ignored" :18 },
            { "part" : "HAND_L", "ignored" : 18 },
            { "part" : "HAND_R", "ignored" : 18 },
            { "part" : "TORSO", "ignored" : 18 }
        ],
        "purifiable": false,			
        "//":"是否可被净化"
  },
  {
    "type": "mutation",
    "id": "by_jzjs_10",
    "name": "不败金身",
    "points": 10,
    "mixed_effect": true,
    "description": "你经过重重磨难将九转金身修炼到到了极致，所谓九转炼体，终成金身，无可撼动.",
    "types": [ "SKIN" ],   
    "prereqs" : ["by_jzjs_9"],           
    "category": [ "INSECT" ], 
    "armor": [ { "parts": "ALL", "bash": 30, "cut": 30 } ],
    "passive_mods": { "str_mod": 10 },
    "hp_adjustment": 40,
    "healing_awake" : 5.0,
    "//":"抗性",
    "healing_resting" : 5.0,
    "//":"自愈",    
    "fatigue_regen_modifier": 0.9,
    "//":"疲劳恢复速率",
    "encumbrance_always" :
			[
            [ "TORSO", -20 ],
            [ "HEAD", -20 ],
            [ "EYES", -20 ],
            [ "MOUTH", -20 ],			
            [ "ARM_L", -20 ],
            [ "ARM_R", -20 ],
            [ "HAND_L", -20 ],
            [ "HAND_R", -20 ],
            [ "LEG_L", -20 ],
            [ "LEG_R", -20 ],
            [ "FOOT_L", -20 ],
            [ "FOOT_R", -20 ]
			],
	"wet_protection" : [
            { "part" : "HEAD", "ignored" : 20 },
            { "part" : "LEG_L", "ignored" : 20 },
            { "part" : "LEG_R", "ignored" : 20 },
            { "part" : "FOOT_L", "ignored" : 20 },
            { "part" : "FOOT_R", "ignored" : 20 },
            { "part" : "ARM_L", "ignored" : 20 },
            { "part" : "ARM_R", "ignored" : 20 },
            { "part" : "HAND_L", "ignored" : 20 },
            { "part" : "HAND_R", "ignored" : 20 },
            { "part" : "TORSO", "ignored" : 20 }
        ],
        "purifiable": false,			
        "//":"是否可被净化"
  }
  
]