[
  {
    "type": "GENERIC",
    "id": "wx_almond_bough",
    "symbol": "/",
    "color": "green",
    "name": "杏仁树的枝条",
    "name_plural" : "杏仁树的枝条",
    "description": "一枝杏仁树的枝条，可以拿来种植.",
    "material": "wood",
    "weight": 220,
    "volume": "500 ml",
    "to_hit": -2,
    "flags": [ "TRADER_AVOID", "FIREWOOD" ]
  },
    {
   "//": "在建造菜单中种植",
    "type": "construction",
    "description": "种植杏仁树",
    "category": "FARM_WOOD",
    "required_skills" : [ [ "survival", 2 ] ],
    "time": 30,
    "qualities": [ [ { "id": "DIG", "level": 1 } ] ],
    "components": [ 
    [[ "wx_almond_bough", 1 ]],
    [
    ["fertilizer_liquid", 2 ],
    ["fertilizer_commercial", 2 ]      
    ]     
      ],
    "pre_flags": "DIGGABLE",
    "//": "per...为需要在土上才能种植",
    "pre_terrain": "t_pit_shallow",
    "post_terrain": "t_treeym_almond"
  },     
  {
    "type": "terrain",
    "id": "t_treeym_almond",
    "name": "杏仁树幼苗",
    "description": "杏仁树的幼苗",
    "symbol": "7",
    "color": [ "light_green", "light_green", "red_green", "brown" ],
    "//": "barren in winter, fruits in autumn",
    "move_cost": 0,
    "coverage": 80,
    "flags": [ "FLAMMABLE_ASH", "NOITEM", "SUPPORTS_ROOF", "TREE", "REDUCE_SCENT" ],
    "transforms_into": "t_tree_almond",
    "examine_action": "harvest_ter_nectar",
    "harvest_by_season": [ 
    { "seasons": [ "spring","summer"], 
    "entries": [ 
    { "drop": "almond", "base_num":  [ 0, 0 ], "scaled_num": [ 0, 0.5 ] }     
     ] } 
     ],
    "bash": {
      "str_min": 80,
      "str_max": 180,
      "sound": "crunch!",
      "sound_fail": "whack!",
      "ter_set": "t_dirt",
      "items": [ 
     { "item": "stick_long", "count": [ 1, 1 ] },
     { "item": "splinter", "count": [ 1, 5 ] }
     ]    
     }
  },
{
    "type": "terrain",
    "id": "t_tree_almond",
    "name": "almond tree",
    "description": "A deciduous tree of the 'Prunus' genus.  This is a cultivated tree, and is not native to this region.  You could look for fresh almonds if you examined the tree more closely.  You could cut it down with the right tools.",
    "looks_like": "t_tree_hickory",
    "//": "Almond tree is not a local native and is only used in specific locations like orchards and gardens.",
    "symbol": "7",
    "color": [ "light_green", "light_green", "brown_green", "brown" ],
    "move_cost": 0,
    "coverage": 80,
    "flags": [ "FLAMMABLE_ASH", "NOITEM", "SUPPORTS_ROOF", "TREE", "REDUCE_SCENT" ],
    "examine_action": "harvest_ter",
    "harvest_by_season": [ 
    { "seasons": [ "autumn" ], 
    "entries": [ 
    { "drop": "almond", "base_num": [ 15, 30], "scaled_num": [ 0, 0.5 ] },
     { "drop": "wx_almond_bough", "base_num": [ 1, 2], "scaled_num": [ 0, 0.5 ] }
       
      ] } ],
    "transforms_into": "t_tree_almond_harvested",
    "bash": {
      "str_min": 80,
      "str_max": 180,
      "sound": "crunch!",
      "sound_fail": "whack!",
      "ter_set": "t_dirt",
      "items": [ 
     {"item": "stick_long", "count": [ 3, 10 ] },
     {"item": "splinter", "count": [ 10, 25 ] },
     {"item": "wx_almond_bough", "count": [ 1, 5 ] }
     
     ]
    }
  },
  {
    "type": "terrain",
    "id": "t_tree_almond_harvested",
    "description": "A deciduous tree of the 'Prunus' genus.  This is a cultivated tree, and is not native to this region.  There are no almonds left to pick on the tree.  You could cut it down with the right tools.",
    "name": "almond tree",
    "looks_like": "t_tree_hickory_harvested",
    "symbol": "7",
    "color": [ "light_green", "light_green", "light_green", "brown" ],
    "move_cost": 0,
    "coverage": 80,
    "flags": [ "FLAMMABLE_ASH", "NOITEM", "SUPPORTS_ROOF", "TREE", "REDUCE_SCENT", "HARVESTED" ],
    "examine_action": "harvested_plant",
    "transforms_into": "t_tree_almond",
    "bash": {
      "str_min": 80,
      "str_max": 180,
      "sound": "crunch!",
      "sound_fail": "whack!",
      "ter_set": "t_dirt",
      "items": [ 
      { "item": "stick_long", "count": [ 3, 10 ] },
      { "item": "splinter", "count": [ 10, 25 ] },
      {"item": "wx_almond_bough", "count": [ 1, 5 ] }
        ]
    }
  }
]