[ {
    "type": "GENERIC",
    "id": "wx_cherry_bough",
    "symbol": "/",
    "color": "green",
    "name": "樱桃树的枝条",
    "name_plural" : "樱桃树的枝条",
    "description": "一枝樱桃树的枝条，可以拿来种植.",
    "material": "wood",
    "weight": 220,
    "volume": "500 ml",
    "to_hit": -2,
    "flags": [ "TRADER_AVOID", "FIREWOOD" ]
  },
    {
   "//": "在建造菜单中种植",
    "type": "construction",
    "id":"plant_cherry",
    "description": "种植樱桃树",
    "category": "FARM_WOOD",
    "required_skills" : [ [ "survival", 2 ] ],
    "time": 30,
    "qualities": [ [ { "id": "DIG", "level": 1 } ] ],
    "components": [ 
    [[ "wx_cherry_bough", 1 ]],
    [
    ["fertilizer_liquid", 2 ],
    ["fertilizer_commercial", 2 ]      
    ]     
      ],
    "pre_flags": "DIGGABLE",
    "//": "per...为需要在土上才能种植",
    "pre_terrain": "t_pit_shallow",
    "post_terrain": "t_treeym_cherry"
  },  
  {
    "type": "terrain",
    "id": "t_treeym_cherry",
    "name": "樱桃树幼苗",
    "description": "樱桃树幼苗",
    "symbol": "7",
    "color": [ "light_green", "light_green", "red_green", "brown" ],
    "//": "barren in winter, fruits in autumn",
    "move_cost": 0,
    "coverage": 80,
    "flags": [ "FLAMMABLE_ASH", "NOITEM", "SUPPORTS_ROOF", "TREE", "REDUCE_SCENT" ],
    "transforms_into": "t_tree_cherry",
    "examine_action": "harvest_ter_nectar",
    "harvest_by_season": [ 
    { "seasons": [ "spring" ], 
    "entries": [ 
    { "drop": "apple", "base_num":  [ 0, 0 ], "scaled_num": [ 0, 0.5 ] }     
     ] } 
     ],
    "bash": {
      "str_min": 80,
      "str_max": 180,
      "sound": "crunch!",
      "sound_fail": "whack!",
      "ter_set": "t_dirt",
      "items": [ 
     { "item": "stick_long", "count": [ 1, 1 ] },
     { "item": "splinter", "count": [ 1, 5 ] }
     ]    
     }
  },     
  {
    "type": "terrain",
    "id": "t_tree_cherry",
    "name": "cherry tree",
    "description": "One of the several species of 'Prunus' trees found in New England, it bears cherries in the summer.  If you examined the foliage more closely, you could probably find some viable clusters.  You could also cut it down with the right tools.",
    "symbol": "7",
    "color": [ "light_green", "red_green", "light_green", "brown" ],
    "//": "barren in winter, fruits in summer",
    "move_cost": 0,
    "coverage": 80,
    "flags": [ "FLAMMABLE_ASH", "NOITEM", "SUPPORTS_ROOF", "TREE", "REDUCE_SCENT" ],
    "transforms_into": "t_tree_cherry_harvested",
    "examine_action": "harvest_ter_nectar",
    "harvest_by_season": [ 
    { "seasons": [ "summer" ], 
    "entries": [ 
    { "drop": "cherries", "base_num": [ 15, 30 ], "scaled_num": [ 0, 0.5 ] },
    { "drop": "wx_cherry_bough", "base_num": [ 1, 2 ], "scaled_num": [ 0, 0.5 ] } 
    
    ] } ],
    "bash": {
      "str_min": 80,
      "str_max": 180,
      "sound": "crunch!",
      "sound_fail": "whack!",
      "ter_set": "t_dirt",
      "items": [ 
     {"item": "stick_long", "count": [ 3, 10 ] }, 
     {"item": "splinter", "count": [ 10, 25 ] },
     {"item": "wx_cherry_bough", "count": [ 1, 5 ] }
     
     ]
    }
  },
  {
    "type": "terrain",
    "id": "t_tree_cherry_harvested",
    "name": "cherry tree",
    "description": "One of the several species of 'Prunus' trees found in New England, it bears cherries in the summer.  Looks like all the ripe bunches of cherries have been picked.  You could also cut it down with the right tools.",
    "symbol": "7",
    "color": [ "light_green", "light_green", "light_green", "brown" ],
    "//": "barren in winter, no fruits anymore",
    "move_cost": 0,
    "coverage": 80,
    "flags": [ "FLAMMABLE_ASH", "NOITEM", "SUPPORTS_ROOF", "TREE", "REDUCE_SCENT", "HARVESTED" ],
    "examine_action": "harvested_plant",
    "transforms_into": "t_tree_cherry",
    "bash": {
      "str_min": 80,
      "str_max": 180,
      "sound": "crunch!",
      "sound_fail": "whack!",
      "ter_set": "t_dirt",
      "items": [ 
     {"item": "stick_long", "count": [ 3, 10 ] }, 
     {"item": "splinter", "count": [ 10, 25 ] },
     {"item": "wx_cherry_bough", "count": [ 1, 5 ] }
     
     ]
    }
  }
  ]