[
 {
    "type": "GENERIC",
    "id": "wx_coffee_bough",
    "symbol": "/",
    "color": "green",
    "name": "肯塔基咖啡树的枝条",
    "name_plural" : "肯塔基咖啡的枝条",
    "description": "一枝肯塔基咖啡树的枝条，可以拿来种植.",
    "material": "wood",
    "weight": 220,
    "volume": "500 ml",
    "to_hit": -2,
    "flags": [ "TRADER_AVOID", "FIREWOOD" ]
  },
    {
   "//": "在建造菜单中种植",
    "type": "construction",
    "id":"plant_coffee",
    "description": "种植肯塔基咖啡树",
    "category": "FARM_WOOD",
    "required_skills" : [ [ "survival", 2 ] ],
    "time": 30,
    "qualities": [ [ { "id": "DIG", "level": 1 } ] ],
    "components": [ 
    [[ "wx_coffee_bough", 1 ]],
    [
    ["fertilizer_liquid", 2 ],
    ["fertilizer_commercial", 2 ]      
    ]     
      ],
    "pre_flags": "DIGGABLE",
    "//": "per...为需要在土上才能种植",
    "pre_terrain": "t_pit_shallow",
    "post_terrain": "t_treeym_coffee"
  },   
   {
    "type": "terrain",
    "id": "t_treeym_coffee",
    "name": "肯塔基咖啡树幼苗",
    "description": "肯塔基咖啡树幼苗",
    "symbol": "7",
    "color": [ "light_green", "light_green", "red_green", "brown" ],
    "//": "barren in winter, fruits in autumn",
    "move_cost": 0,
    "coverage": 80,
    "flags": [ "FLAMMABLE_ASH", "NOITEM", "SUPPORTS_ROOF", "TREE", "REDUCE_SCENT" ],
    "transforms_into": "t_tree_coffee",
    "examine_action": "harvest_ter_nectar",
    "harvest_by_season": [ 
    { "seasons": [ "spring","summer"], 
    "entries": [ 
    { "drop": "apple", "base_num":  [ 0, 0 ], "scaled_num": [ 0, 0.5 ] }     
     ] } 
     ],
    "bash": {
      "str_min": 80,
      "str_max": 180,
      "sound": "crunch!",
      "sound_fail": "whack!",
      "ter_set": "t_dirt",
      "items": [ 
     { "item": "stick_long", "count": [ 1, 1 ] },
     { "item": "splinter", "count": [ 1, 5 ] }
     ]    
     }
  },  
{
    "type": "terrain",
    "id": "t_tree_coffee",
    "name": "coffee tree",
    "description": "This is 'gymnocladus dioicus', or the kentucky coffee tree, which produces roastable coffee pods and brewable leaves in the fall.  If you examined the branches more closely, you could probably find a few mature ones.  You could also cut it down with the right tools.",
    "symbol": "7",
    "color": [ "light_green", "light_green", "light_green_green", "brown" ],
    "//": "barren in winter, fruits in autumn",
    "move_cost": 0,
    "coverage": 80,
    "flags": [ "FLAMMABLE_ASH", "NOITEM", "SUPPORTS_ROOF", "TREE", "REDUCE_SCENT" ],
    "transforms_into": "t_tree_coffee_harvested",
    "looks_like": "t_tree_plum",
    "examine_action": "harvest_ter_nectar",
    "harvest_by_season": [
      {
        "seasons": [ "autumn" ],
        "entries": [
          { "drop": "coffee_pod", "base_num": [ 8, 20 ], "scaled_num": [ 0, 0.5 ] },
          { "drop": "tea_raw", "base_num": [ 1, 3 ], "scaled_num": [ 0, 0.5 ] },
          { "drop": "wx_coffee_bough", "base_num": [ 1, 2 ], "scaled_num": [ 0, 0.5 ] }
          
          
        ]
      }
    ],
    "bash": {
      "str_min": 80,
      "str_max": 180,
      "sound": "crunch!",
      "sound_fail": "whack!",
      "ter_set": "t_dirt",
      "items": [ 
     {"item": "stick_long", "count": [ 3, 10 ] },
     {"item": "splinter", "count": [ 10, 25 ] },
     {"item": "wx_coffee_bough", "count": [ 1, 5 ] } 
     
     ]
    }
  },
  {
    "type": "terrain",
    "id": "t_tree_coffee_harvested",
    "name": "coffee tree",
    "description": "This is 'gymnocladus dioicus', or the kentucky coffee tree, which produces roastable coffee pods and brewable leaves in the fall.  Looks like all the ripe pods have been picked.  You could also cut it down with the right tools.",
    "symbol": "7",
    "color": [ "light_green", "light_green", "light_green", "brown" ],
    "//": "barren in winter, no fruits anymore",
    "move_cost": 0,
    "coverage": 80,
    "flags": [ "FLAMMABLE_ASH", "NOITEM", "SUPPORTS_ROOF", "TREE", "REDUCE_SCENT", "HARVESTED" ],
    "examine_action": "harvested_plant",
    "transforms_into": "t_tree_coffee",
    "looks_like": "t_tree_plum_harvested",
    "bash": {
      "str_min": 80,
      "str_max": 180,
      "sound": "crunch!",
      "sound_fail": "whack!",
      "ter_set": "t_dirt",
      "items": [ 
     {"item": "stick_long", "count": [ 3, 10 ] },
     {"item": "splinter", "count": [ 10, 25 ] },
     {"item": "wx_coffee_bough", "count": [ 1, 5 ] } 
     
     ]
    }
  }
]