[
 {
    "type": "GENERIC",
    "id": "wx_elderberry_bough",
    "symbol": "/",
    "color": "green",
    "name": "接骨木枝条",
    "name_plural" : "接骨木枝条",
    "description": "一枝接骨木的枝条，可以拿来种植.",
    "material": "wood",
    "weight": 220,
    "volume": "500 ml",
    "to_hit": -2,
    "flags": [ "TRADER_AVOID", "FIREWOOD" ]
  },
  {
   "//": "在建造菜单中种植",
    "type": "construction",
    "description": "种植接骨木",
    "category": "FARM_WOOD",
    "required_skills" : [ [ "survival", 2 ] ],
    "time": 30,
    "qualities": [ [ { "id": "DIG", "level": 1 } ] ],
    "components": [ 
    [[ "wx_elderberry_bough", 1 ]],
    [
    ["fertilizer_liquid", 2 ],
    ["fertilizer_commercial", 2 ]      
    ]     
      ],
    "pre_flags": "DIGGABLE",
    "//": "per...为需要在土上才能种植",
    "pre_terrain": "t_pit_shallow",
    "post_terrain": "t_treeym_elderberry"
  },  
  {
    "type": "terrain",
    "id": "t_treeym_elderberry",
    "name": "接骨木幼苗",
    "description": "接骨木幼苗",
    "symbol": "7",
    "color": [ "light_green", "light_green", "red_green", "brown" ],
    "move_cost": 0,
    "coverage": 80,
    "flags": [ "FLAMMABLE_ASH", "NOITEM", "SUPPORTS_ROOF", "TREE", "REDUCE_SCENT" ],
    "transforms_into": "t_tree_elderberry",
    "examine_action": "harvest_ter_nectar",
    "harvest_by_season": [ 
    { "seasons": [ "spring"], 
    "entries": [ 
    { "drop": "apple", "base_num":  [ 0, 0 ], "scaled_num": [ 0, 0.5 ] }     
     ] } 
     ],
    "bash": {
      "str_min": 80,
      "str_max": 180,
      "sound": "crunch!",
      "sound_fail": "whack!",
      "ter_set": "t_dirt",
      "items": [ 
     { "item": "stick_long", "count": [ 1, 1 ] },
     { "item": "splinter", "count": [ 1, 5 ] }
     ]    
     }
  },
  {
    "type": "terrain",
    "id": "t_tree_elderberry",
    "name": "elderberry tree",
    "description": "This tree is a member of the 'Sambucus' genus, producing fruit commonly known as elderberries.  In the summer many berries can be picked.  You could also cut it down with the right tools.",
    "symbol": "7",
    "color": [ "light_green", "light_green", "red_green", "brown" ],
    "//": "barren in winter, fruits in summer",
    "move_cost": 0,
    "coverage": 80,
    "flags": [ "FLAMMABLE_ASH", "NOITEM", "SUPPORTS_ROOF", "TREE", "REDUCE_SCENT" ],
    "transforms_into": "t_tree_elderberry_harvested",
    "examine_action": "harvest_ter_nectar",
    "looks_like": "t_tree_plum",
    "harvest_by_season": [
      {
        "seasons": [ "summer" ],
        "entries": [
          { "drop": "elderberries", "base_num": [ 16, 30 ], "scaled_num": [ 0, 0.5 ] },
          { "drop": "seed_elderberries", "base_num": [ 3, 5 ], "scaled_num": [ 0, 0.25 ] },
          { "drop": "wx_elderberry_bough", "base_num": [ 1, 2 ], "scaled_num": [ 0, 0.25 ] }
        ]
      }
    ],
    "bash": {
      "str_min": 80,
      "str_max": 180,
      "sound": "crunch!",
      "sound_fail": "whack!",
      "ter_set": "t_dirt",
      "items": [ 
     {"item": "stick_long", "count": [ 3, 10 ] },
     {"item": "splinter", "count": [ 10, 25 ] },
     {"item": "wx_elderberry_bough", "count": [ 1, 5 ] } 
     
     ]
    }
  },
  {
    "type": "terrain",
    "id": "t_tree_elderberry_harvested",
    "name": "elderberry tree",
    "description": "This tree is a member of the 'Sambucus' genus, producing fruit commonly known as elderberries.  There doesn't appear to be any ripe elderberries now.  You could also cut it down with the right tools.",
    "symbol": "7",
    "color": [ "light_green", "light_green", "light_green", "brown" ],
    "//": "barren in winter, no fruits anymore",
    "move_cost": 0,
    "coverage": 80,
    "flags": [ "FLAMMABLE_ASH", "NOITEM", "SUPPORTS_ROOF", "TREE", "REDUCE_SCENT", "HARVESTED" ],
    "examine_action": "harvested_plant",
    "transforms_into": "t_tree_elderberry",
    "looks_like": "t_tree_plum_harvested",
    "bash": {
      "str_min": 80,
      "str_max": 180,
      "sound": "crunch!",
      "sound_fail": "whack!",
      "ter_set": "t_dirt",
      "items": [ 
    {"item": "stick_long", "count": [ 3, 10 ] }, 
    { "item": "splinter", "count": [ 10, 25 ] },
    {"item": "wx_elderberry_bough", "count": [ 1, 5 ] }   
      ]
    }
  }
]