[ {
    "type": "GENERIC",
    "id": "wx_hazelnut_bough",
    "symbol": "/",
    "color": "green",
    "name": "榛子树的枝条",
    "name_plural" : "榛子树的枝条",
    "description": "一枝榛子树的枝条，可以拿来种植.",
    "material": "wood",
    "weight": 220,
    "volume": "500 ml",
    "to_hit": -2,
    "flags": [ "TRADER_AVOID", "FIREWOOD" ]
  },
    {
   "//": "在建造菜单中种植",
    "type": "construction",
    "description": "种植榛子树",
    "category": "FARM_WOOD",
    "required_skills" : [ [ "survival", 2 ] ],
    "time": 30,
    "qualities": [ [ { "id": "DIG", "level": 1 } ] ],
    "components": [ 
    [[ "wx_hazelnut_bough", 1 ]],
    [
    ["fertilizer_liquid", 2 ],
    ["fertilizer_commercial", 2 ]      
    ]     
      ],
    "pre_flags": "DIGGABLE",
    "//": "per...为需要在土上才能种植",
    "pre_terrain": "t_pit_shallow",
    "post_terrain": "t_treeym_hazelnut"
  },  
  {
    "type": "terrain",
    "id": "t_treeym_hazelnut",
    "name": "榛子树幼苗",
    "description": "榛子树幼苗",
    "symbol": "7",
    "color": [ "light_green", "light_green", "red_green", "brown" ],
    "move_cost": 0,
    "coverage": 80,
    "flags": [ "FLAMMABLE_ASH", "NOITEM", "SUPPORTS_ROOF", "TREE", "REDUCE_SCENT" ],
    "transforms_into": "t_tree_hazelnut",
    "examine_action": "harvest_ter_nectar",
    "harvest_by_season": [ 
    { "seasons": [ "spring","summer"], 
    "entries": [ 
    { "drop": "apple", "base_num":  [ 0, 0 ], "scaled_num": [ 0, 0.5 ] }     
     ] } 
     ],
    "bash": {
      "str_min": 80,
      "str_max": 180,
      "sound": "crunch!",
      "sound_fail": "whack!",
      "ter_set": "t_dirt",
      "items": [ 
     { "item": "stick_long", "count": [ 1, 1 ] },
     { "item": "splinter", "count": [ 1, 5 ] }
     ]    
     }
  },          
{
    "type": "terrain",
    "id": "t_tree_hazelnut",
    "name": "hazelnut tree",
    "description": "A stubby tree belonging to the 'Corylus' genus.  If you look closely you can see some unharvested hazelnuts.  You could cut it down with the right tools.",
    "symbol": "7",
    "color": [ "green", "green", "brown_green", "brown" ],
    "move_cost": 0,
    "coverage": 80,
    "flags": [ "FLAMMABLE_ASH", "NOITEM", "SUPPORTS_ROOF", "TREE", "REDUCE_SCENT" ],
    "transforms_into": "t_tree_hazelnut_harvested",
    "examine_action": "harvest_ter",
    "looks_like": "t_tree_hickory",
    "harvest_by_season": [ 
    { "seasons": [ "autumn" ], 
    "entries": [ 
    { "drop": "hazelnut", "base_num":  [ 15, 30 ], "scaled_num": [ 0, 0.5 ] }
    
      ] } ],
    
    "bash": {
      "str_min": 80,
      "str_max": 180,
      "sound": "crunch!",
      "sound_fail": "whack!",
      "ter_set": "t_dirt",
      "items": [ 
     {"item": "stick_long", "count": [ 3, 10 ] }, 
     { "item": "splinter", "count": [ 10, 25 ]}
     
       ]
    }
  },
  {
    "type": "terrain",
    "id": "t_tree_hazelnut_harvested",
    "name": "hazelnut tree",
    "description": "A stubby tree belonging to the 'Corylus' genus.  You could cut it down with the right tools.",
    "symbol": "7",
    "color": [ "green", "green", "green", "brown" ],
    "move_cost": 0,
    "coverage": 80,
    "flags": [ "FLAMMABLE_ASH", "NOITEM", "SUPPORTS_ROOF", "TREE", "REDUCE_SCENT" ],
    "transforms_into": "t_tree_hazelnut",
    "looks_like": "t_tree_hickory_harvested",
    "bash": {
      "str_min": 80,
      "str_max": 180,
      "sound": "crunch!",
      "sound_fail": "whack!",
      "ter_set": "t_dirt",
      "items": [ 
     {"item": "stick_long", "count": [ 3, 10 ] }, 
     {"item": "splinter", "count": [ 10, 25 ] } 
     
     ]
    }
  }
]