[
{
    "type": "GENERIC",
    "id": "wx_hickory_bough",
    "symbol": "/",
    "color": "green",
    "name": "山核桃树的枝条",
    "name_plural" : "山核桃树的枝条",
    "description": "一枝山核桃树的枝条，可以拿来种植.",
    "material": "wood",
    "weight": 220,
    "volume": "500 ml",
    "to_hit": -2,
    "flags": [ "TRADER_AVOID", "FIREWOOD" ]
  },
    {
   "//": "在建造菜单中种植",
    "type": "construction",
    "id":"plant_hickory",
    "description": "种植山核桃树",
    "category": "FARM_WOOD",
    "required_skills" : [ [ "survival", 2 ] ],
    "time": 30,
    "qualities": [ [ { "id": "DIG", "level": 1 } ] ],
    "components": [ 
    [[ "wx_hickory_bough", 1 ]],
    [
    ["fertilizer_liquid", 2 ],
    ["fertilizer_commercial", 2 ]      
    ]     
      ],
    "pre_flags": "DIGGABLE",
    "//": "per...为需要在土上才能种植",
    "pre_terrain": "t_pit_shallow",
    "post_terrain": "t_treeym_hickory"
  },     
  {
    "type": "terrain",
    "id": "t_treeym_hickory",
    "name": "山核桃树幼苗",
    "description": "山核桃的幼苗",
    "symbol": "7",
    "color": [ "light_green", "light_green", "red_green", "brown" ],
    "//": "barren in winter, fruits in autumn",
    "move_cost": 0,
    "coverage": 80,
    "flags": [ "FLAMMABLE_ASH", "NOITEM", "SUPPORTS_ROOF", "TREE", "REDUCE_SCENT" ],
    "transforms_into": "t_tree_hickory",
    "examine_action": "harvest_ter_nectar",
    "harvest_by_season": [ 
    { "seasons": [ "spring","summer"], 
    "entries": [ 
    { "drop": "apple", "base_num":  [ 0, 0 ], "scaled_num": [ 0, 0.5 ] }     
     ] } 
     ],
    "bash": {
      "str_min": 80,
      "str_max": 180,
      "sound": "crunch!",
      "sound_fail": "whack!",
      "ter_set": "t_dirt",
      "items": [ 
     { "item": "stick_long", "count": [ 1, 1 ] },
     { "item": "splinter", "count": [ 1, 5 ] }
     ]    
     }
  },
{
    "type": "terrain",
    "id": "t_tree_hickory",
    "name": "hickory tree",
    "description": "A tall deciduous tree of the 'Carya' genus.  You could look for hickory nuts if you examined the tree more closely.  You could cut it down with the right tools.",
    "symbol": "7",
    "color": [ "light_green", "light_green", "brown_green", "brown" ],
    "//": "barren in winter, harvestable in autum",
    "move_cost": 0,
    "coverage": 80,
    "flags": [ "FLAMMABLE_ASH", "NOITEM", "SUPPORTS_ROOF", "TREE", "REDUCE_SCENT" ],
    "examine_action": "tree_hickory",
    "harvest_by_season": [
      { "seasons": [ "autumn" ],
      "entries": [ 
      { "drop": "hickory_nut", "base_num": [ 20, 50 ], "scaled_num": [ 0, 0.5 ] },
      { "drop": "wx_hickory_bough", "base_num": [ 1, 2 ], "scaled_num": [ 0, 0.5 ] }       
      ] }
    ],
    "transforms_into": "t_tree_hickory_harvested",
    "bash": {
      "str_min": 80,
      "str_max": 180,
      "sound": "crunch!",
      "sound_fail": "whack!",
      "ter_set": "t_dirt",
      "items": [ 
     {"item": "stick_long", "count": [ 3, 10 ] },
     {"item": "splinter", "count": [ 10, 25 ] },
     {"item": "wx_hickory_bough", "count": [ 1, 5 ] }
     ]
    }
  },
  {
    "type": "terrain",
    "id": "t_tree_hickory_harvested",
    "description": "A tall deciduous tree of the 'Carya' genus.  It looks like the tree has been picked clean of hickory nuts.  You could cut it down with the right tools.",
    "name": "hickory tree",
    "symbol": "7",
    "color": [ "light_green", "light_green", "light_green", "brown" ],
    "//": "barren in winter, kind of harvestable",
    "move_cost": 0,
    "coverage": 80,
    "flags": [ "FLAMMABLE_ASH", "NOITEM", "SUPPORTS_ROOF", "TREE", "REDUCE_SCENT", "HARVESTED" ],
    "examine_action": "tree_hickory",
    "transforms_into": "t_tree_hickory",
    "bash": {
      "str_min": 80,
      "str_max": 180,
      "sound": "crunch!",
      "sound_fail": "whack!",
      "ter_set": "t_dirt",
      "items": [ 
     {"item": "stick_long", "count": [ 3, 10 ] },
     {"item": "splinter", "count": [ 10, 25 ] },
     {"item": "wx_hickory_bough", "count": [ 1, 5 ] } ]
    }
  }
]