[
{
    "type": "GENERIC",
    "id": "wx_juniper_bough",
    "symbol": "/",
    "color": "green",
    "name": "桧树的枝条",
    "name_plural" : "桧树的枝条",
    "description": "一枝桧树的枝条，可以拿来种植.",
    "material": "wood",
    "weight": 220,
    "volume": "500 ml",
    "to_hit": -2,
    "flags": [ "TRADER_AVOID", "FIREWOOD" ]
  },
    {
   "//": "在建造菜单中种植",
    "type": "construction",
    "id":"plant_juniper",
    "description": "种植桧树",
    "category": "FARM_WOOD",
    "required_skills" : [ [ "survival", 2 ] ],
    "time": 30,
    "qualities": [ [ { "id": "DIG", "level": 1 } ] ],
    "components": [ 
    [[ "wx_juniper_bough", 1 ]],
    [
    ["fertilizer_liquid", 2 ],
    ["fertilizer_commercial", 2 ]      
    ]     
      ],
    "pre_flags": "DIGGABLE",
    "//": "per...为需要在土上才能种植",
    "pre_terrain": "t_pit_shallow",
    "post_terrain": "t_treeym_juniper"
  },     
  {
    "type": "terrain",
    "id": "t_treeym_juniper",
    "name": ".桧树幼苗",
    "description": "桧树的幼苗",
    "symbol": "7",
    "color": [ "light_green", "light_green", "red_green", "brown" ],
    "//": "barren in winter, fruits in autumn",
    "move_cost": 0,
    "coverage": 80,
    "flags": [ "FLAMMABLE_ASH", "NOITEM", "SUPPORTS_ROOF", "TREE", "REDUCE_SCENT" ],
    "transforms_into": "t_tree_juniper",
    "examine_action": "harvest_ter_nectar",
    "harvest_by_season": [ 
    { "seasons": [ "spring","summer"], 
    "entries": [ 
    { "drop": "apple", "base_num":  [ 0, 0 ], "scaled_num": [ 0, 0.5 ] }     
     ] } 
     ],
    "bash": {
      "str_min": 80,
      "str_max": 180,
      "sound": "crunch!",
      "sound_fail": "whack!",
      "ter_set": "t_dirt",
      "items": [ 
     { "item": "stick_long", "count": [ 1, 1 ] },
     { "item": "splinter", "count": [ 1, 5 ] }
     ]    
     }
  },
{
    "type": "terrain",
    "id": "t_tree_juniper",
    "name": "juniper tree",
    "description": "One of the species of 'Juniperus' that grows in New England, juniper berries grow over two to three years, first flowering. On the second year producing a green berry, the last, they produce their more famed blue varieties.  If you examined the foliage more closely, you could probably find some viable clusters.  You could also cut it down with the right tools.",
    "symbol": "7",
    "looks_like": "t_tree_pine",
    "color": [ "light_green", "blue_green", "light_green", "brown" ],
    "//": "Can be picked at any point in the third year assuming the berries have turned blue. But it takes a long time to regrow.",
    "move_cost": 0,
    "coverage": 80,
    "flags": [ "FLAMMABLE_ASH", "NOITEM", "SUPPORTS_ROOF", "TREE", "REDUCE_SCENT" ],
    "transforms_into": "t_tree_juniper_harvested",
    "examine_action": "harvest_ter_nectar",
    "harvest_by_season": [ 
    { "seasons": [ "autumn" ], 
    "entries": [
     { "drop": "juniper", "base_num": [ 24, 48 ], "scaled_num": [ 0, 0.5 ] },
      { "drop": "wx_juniper_bough", "base_num": [ 1, 2 ], "scaled_num": [ 0, 0.5 ] }
     ] } ],
    "bash": {
      "str_min": 80,
      "str_max": 180,
      "sound": "crunch!",
      "sound_fail": "whack!",
      "ter_set": "t_dirt",
      "items": [ 
      {"item": "stick_long", "count": [ 3, 10 ] },
      {"item": "splinter", "count": [ 10, 25 ] },
      {"item": "wx_juniper_bough", "count": [ 1, 5 ] }
      
      ]
    }
  },
  {
    "type": "terrain",
    "id": "t_tree_juniper_harvested",
    "name": "juniper tree",
    "description": "One of the species of 'Juniperus' that grows in New England, juniper berries grow over two to three years.  In the first year they flower, in the second year they produce a green berry, the last, they produce their more famed blue varieties.  Looks like all the ripe bunches of berries have been picked.  You could also cut it down with the right tools.",
    "symbol": "7",
    "looks_like": "t_tree_pine",
    "color": [ "light_green", "light_green", "light_green", "brown" ],
    "//": "Will take three years to regrow, in reality.",
    "move_cost": 0,
    "coverage": 80,
    "flags": [ "FLAMMABLE_ASH", "NOITEM", "SUPPORTS_ROOF", "TREE", "REDUCE_SCENT", "HARVESTED" ],
    "examine_action": "harvested_plant",
    "transforms_into": "t_tree_juniper",
    "bash": {
      "str_min": 80,
      "str_max": 180,
      "sound": "crunch!",
      "sound_fail": "whack!",
      "ter_set": "t_dirt",
      "items": [ 
     {"item": "stick_long", "count": [ 3, 10 ] }, 
     {"item": "splinter", "count": [ 10, 25 ] },
     {"item": "wx_juniper_bough", "count": [ 1, 5 ] }
       ]
    }
  }
]