[
{
    "type": "GENERIC",
    "id": "wx_oak_bough",
    "symbol": "/",
    "color": "green",
    "name": "橡树的枝条",
    "name_plural" : "橡树的枝条",
    "description": "一枝橡树的枝条，可以拿来种植.",
    "material": "wood",
    "weight": 220,
    "volume": "500 ml",
    "to_hit": -2,
    "flags": [ "TRADER_AVOID", "FIREWOOD" ]
  },
    {
   "//": "在建造菜单中种植",
    "type": "construction",
    "id":"plant_oak",
    "description": "种植橡树",
    "category": "FARM_WOOD",
    "required_skills" : [ [ "survival", 2 ] ],
    "time": 30,
    "qualities": [ [ { "id": "DIG", "level": 1 } ] ],
    "components": [ 
    [[ "wx_oak_bough", 1 ]],
    [
    ["fertilizer_liquid", 2 ],
    ["fertilizer_commercial", 2 ]      
    ]     
      ],
    "pre_flags": "DIGGABLE",
    "//": "per...为需要在土上才能种植",
    "pre_terrain": "t_pit_shallow",
    "post_terrain": "t_treeym"
  },  
  {
    "type": "terrain",
    "id": "t_treeym",
    "name": "橡树幼苗",
    "description": "橡树幼苗",
    "symbol": "7",
    "color": [ "light_green", "light_green", "red_green", "brown" ],
    "move_cost": 0,
    "coverage": 80,
    "flags": [ "FLAMMABLE_ASH", "NOITEM", "SUPPORTS_ROOF", "TREE", "REDUCE_SCENT" ],
    "transforms_into": "t_tree",
    "examine_action": "harvest_ter_nectar",
    "harvest_by_season": [ 
    { "seasons": [ "spring","summer"], 
    "entries": [ 
    { "drop": "apple", "base_num":  [ 0, 0 ], "scaled_num": [ 0, 0.5 ] }     
     ] } 
     ],
    "bash": {
      "str_min": 80,
      "str_max": 180,
      "sound": "crunch!",
      "sound_fail": "whack!",
      "ter_set": "t_dirt",
      "items": [ 
     { "item": "stick_long", "count": [ 1, 1 ] },
     { "item": "splinter", "count": [ 1, 5 ] }
     ]    
     }
  },           
 {
    "type": "terrain",
    "id": "t_tree",
    "name": "oak tree",
    "description": "A massive deciduous tree belonging to the 'Quercus' genus, commonly found throughout New England region.  If you look closely you can see some acorns the squirrels haven't gotten yet.  You could cut it down with the right tools.",
    "symbol": "7",
    "color": [ "green", "green", "brown_green", "brown" ],
    "//": "barren in winter",
    "move_cost": 0,
    "coverage": 80,
    "flags": [ "FLAMMABLE_ASH", "NOITEM", "SUPPORTS_ROOF", "TREE", "REDUCE_SCENT" ],
    "transforms_into": "t_tree_harvested",
    "examine_action": "harvest_ter",
    "harvest_by_season": [ 
    { "seasons": [ "autumn" ], 
    "entries": [ 
    { "drop": "acorns", "base_num":  [ 15, 30 ], "scaled_num": [ 0, 0.5 ] },
    { "drop": "wx_oak_bough", "base_num": [ 1, 2 ], "scaled_num": [ 0, 0.5 ] }   
    ] } ],
    "bash": {
      "str_min": 80,
      "str_max": 180,
      "sound": "crunch!",
      "sound_fail": "whack!",
      "ter_set": "t_dirt",
      "items": [ 
     {"item": "stick_long", "count": [ 3, 10 ] }, 
     {"item": "splinter", "count": [ 10, 25 ] },
     {"item": "wx_oak_bough", "count": [ 1, 5 ] }
       ]
    }
  },
  {
    "type": "terrain",
    "id": "t_tree_harvested",
    "name": "oak tree",
    "description": "A massive deciduous tree belonging to the 'Quercus' genus, commonly found throughout New England region.  You could cut it down with the right tools.",
    "symbol": "7",
    "color": [ "green", "green", "green", "brown" ],
    "move_cost": 0,
    "coverage": 80,
    "flags": [ "FLAMMABLE_ASH", "NOITEM", "SUPPORTS_ROOF", "TREE", "REDUCE_SCENT" ],
    "transforms_into": "t_tree",
    "bash": {
      "str_min": 80,
      "str_max": 180,
      "sound": "crunch!",
      "sound_fail": "whack!",
      "ter_set": "t_dirt",
      "items": [ 
     {"item": "stick_long", "count": [ 3, 10 ] }, 
     {"item": "splinter", "count": [ 10, 25 ] },
     {"item": "wx_oak_bough", "count": [ 1, 5 ] }
       ]
    }
  }
]
