[ 
{
    "type": "GENERIC",
    "id": "wx_pear_bough",
    "symbol": "/",
    "color": "green",
    "name": "梨树的枝条",
    "name_plural" : "梨树的枝条",
    "description": "一枝梨树的枝条，可以拿来种植.",
    "material": "wood",
    "weight": 220,
    "volume": "500 ml",
    "to_hit": -2,
    "flags": [ "TRADER_AVOID", "FIREWOOD" ]
  },
    {
   "//": "在建造菜单中种植",
    "type": "construction",
    "id":"plant_pear",
    "description": "种植梨树",
    "category": "FARM_WOOD",
    "required_skills" : [ [ "survival", 2 ] ],
    "time": 30,
    "qualities": [ [ { "id": "DIG", "level": 1 } ] ],
    "components": [ 
    [[ "wx_pear_bough", 1 ]],
    [
    ["fertilizer_liquid", 2 ],
    ["fertilizer_commercial", 2 ]      
    ]     
      ],
    "pre_flags": "DIGGABLE",
    "//": "per...为需要在土上才能种植",
    "pre_terrain": "t_pit_shallow",
    "post_terrain": "t_treeym_pear"
  },  
  {
    "type": "terrain",
    "id": "t_treeym_pear",
    "name": "梨树幼苗",
    "description": "梨树幼苗",
    "symbol": "7",
    "color": [ "light_green", "light_green", "red_green", "brown" ],
    "move_cost": 0,
    "coverage": 80,
    "flags": [ "FLAMMABLE_ASH", "NOITEM", "SUPPORTS_ROOF", "TREE", "REDUCE_SCENT" ],
    "transforms_into": "t_tree_pear",
    "examine_action": "harvest_ter_nectar",
    "harvest_by_season": [ 
    { "seasons": [ "spring","summer"], 
    "entries": [ 
    { "drop": "apple", "base_num":  [ 0, 0 ], "scaled_num": [ 0, 0.5 ] }     
     ] } 
     ],
    "bash": {
      "str_min": 80,
      "str_max": 180,
      "sound": "crunch!",
      "sound_fail": "whack!",
      "ter_set": "t_dirt",
      "items": [ 
     { "item": "stick_long", "count": [ 1, 1 ] },
     { "item": "splinter", "count": [ 1, 5 ] }
     ]    
     }
  },             
{
    "type": "terrain",
    "id": "t_tree_pear",
    "name": "pear tree",
    "description": "This is 'Pyrus communis', or the common pear tree, which produces viable pears in the fall.  If you examined the branches more closely, you could probably find a few mature ones.  You could also cut it down with the right tools.",
    "symbol": "7",
    "color": [ "light_green", "light_green", "light_green_green", "brown" ],
    "//": "barren in winter, fruits in autumn",
    "move_cost": 0,
    "coverage": 80,
    "flags": [ "FLAMMABLE_ASH", "NOITEM", "SUPPORTS_ROOF", "TREE", "REDUCE_SCENT" ],
    "transforms_into": "t_tree_pear_harvested",
    "examine_action": "harvest_ter_nectar",
    "harvest_by_season": [ 
    { "seasons": [ "autumn" ], 
    "entries": [ 
    { "drop": "pear", "base_num":  [ 15, 30 ], "scaled_num": [ 0, 0.5 ] },
    { "drop": "wx_pear_bough", "base_num": [ 1, 2 ], "scaled_num": [ 0, 0.5 ] }
    
      ] } ],
    "bash": {
      "str_min": 80,
      "str_max": 180,
      "sound": "crunch!",
      "sound_fail": "whack!",
      "ter_set": "t_dirt",
      "items": [
      {"item": "stick_long", "count": [ 3, 10 ] },
      {"item": "splinter", "count": [ 10, 25 ]},
      {"item": "wx_pear_bough", "count": [ 1, 5 ]} 
      
      ]
    }
  },
  {
    "type": "terrain",
    "id": "t_tree_pear_harvested",
    "name": "pear tree",
    "description": "This is 'Pyrus communis', or the common pear tree, which produces viable pears in the fall.  Looks like all the ripe pears have been picked.  You could also cut it down with the right tools.",
    "symbol": "7",
    "color": [ "light_green", "light_green", "light_green", "brown" ],
    "//": "barren in winter, no fruits anymore",
    "move_cost": 0,
    "coverage": 80,
    "flags": [ "FLAMMABLE_ASH", "NOITEM", "SUPPORTS_ROOF", "TREE", "REDUCE_SCENT", "HARVESTED" ],
    "examine_action": "harvested_plant",
    "transforms_into": "t_tree_pear",
    "bash": {
      "str_min": 80,
      "str_max": 180,
      "sound": "crunch!",
      "sound_fail": "whack!",
      "ter_set": "t_dirt",
      "items": [ 
     {"item": "stick_long", "count": [ 3, 10 ] }, 
     {"item": "splinter", "count": [ 10, 25 ] },  
     {"item": "wx_pear_bough", "count": [ 1, 5 ]} 
     
       ]
    }
  }
]