[
  {
    "type": "GENERIC",
    "id": "wx_walnut_bough",
    "symbol": "/",
    "color": "green",
    "name": "核桃树枝",
    "name_plural" : "核桃树枝",
    "description": "一枝核桃树的枝条，可以拿来种植.",
    "material": "wood",
    "weight": 220,
    "volume": "500 ml",
    "to_hit": -2,
    "flags": [ "TRADER_AVOID", "FIREWOOD" ]
  },
  {
   "//": "在建造菜单中种植",
    "type": "construction",
    "id":"plant_walnut",
    "description": "种植核桃树",
    "category": "FARM_WOOD",
    "required_skills" : [ [ "survival", 2 ] ],
    "time": 30,
    "qualities": [ [ { "id": "DIG", "level": 1 } ] ],
    "components": [ 
    [[ "wx_walnut_bough", 1 ]],
    [
    ["fertilizer_liquid", 2 ],
    ["fertilizer_commercial", 2 ]      
    ]     
      ],
    "pre_flags": "DIGGABLE",
    "//": "per...为需要在土上才能种植",
    "pre_terrain": "t_pit_shallow",
    "post_terrain": "t_treeym_walnut"
  },  
  {
    "type": "terrain",
    "id": "t_treeym_walnut",
    "name": "核桃树幼苗",
    "description": "核桃树幼苗",
    "symbol": "7",
    "color": [ "light_green", "light_green", "red_green", "brown" ],
    "move_cost": 0,
    "coverage": 80,
    "flags": [ "FLAMMABLE_ASH", "NOITEM", "SUPPORTS_ROOF", "TREE", "REDUCE_SCENT" ],
    "transforms_into": "t_tree_walnut",
    "examine_action": "harvest_ter_nectar",
    "harvest_by_season": [ 
    { "seasons": [ "spring","summer"], 
    "entries": [ 
    { "drop": "apple", "base_num":  [ 0, 0 ], "scaled_num": [ 0, 0.5 ] }     
     ] } 
     ],
    "bash": {
      "str_min": 80,
      "str_max": 180,
      "sound": "crunch!",
      "sound_fail": "whack!",
      "ter_set": "t_dirt",
      "items": [ 
     { "item": "stick_long", "count": [ 1, 1 ] },
     { "item": "splinter", "count": [ 1, 5 ] }
     ]    
     }
  }, 
    {
    "type": "terrain",
    "id": "t_tree_walnut",
    "name": "walnut tree",
    "description": "A massive tree belonging to the 'Juglans' genus.  If you look closely you can see some unharvested walnuts.  You could cut it down with the right tools.",
    "symbol": "7",
    "color": [ "green", "green", "brown_green", "brown" ],
    "move_cost": 0,
    "coverage": 80,
    "flags": [ "FLAMMABLE_ASH", "NOITEM", "SUPPORTS_ROOF", "TREE", "REDUCE_SCENT" ],
    "transforms_into": "t_tree_walnut_harvested",
    "examine_action": "harvest_ter",
    "looks_like": "t_tree_hickory",
    "harvest_by_season": [ 
    { "seasons": [ "autumn" ], 
    "entries": [ 
    { "drop": "walnut", "base_num":  [ 15, 30 ], 
    "scaled_num": [ 0, 0.5 ] },
    { "drop": "wx_walnut_bough", "base_num": [ 1, 2 ], 
    "scaled_num": [ 0, 0.5 ] }    
     ] } ],
    "bash": {
      "str_min": 80,
      "str_max": 180,
      "sound": "crunch!",
      "sound_fail": "whack!",
      "ter_set": "t_dirt",
      "items": [ 
   {"item": "stick_long", "count": [ 3, 10 ] }, 
   {"item": "splinter", "count": [ 10, 25 ] },
   {"item": "wx_walnut_bough", "count": [ 1, 5 ] } 
   
   ]
    }
  },
  {
    "type": "terrain",
    "id": "t_tree_walnut_harvested",
    "name": "walnut tree",
    "description": "A massive tree belonging to the 'Juglans' genus.  You could cut it down with the right tools.",
    "symbol": "7",
    "color": [ "green", "green", "green", "brown" ],
    "move_cost": 0,
    "coverage": 80,
    "flags": [ "FLAMMABLE_ASH", "NOITEM", "SUPPORTS_ROOF", "TREE", "REDUCE_SCENT" ],
    "transforms_into": "t_tree_walnut",
    "looks_like": "t_tree_hickory_harvested",
    "bash": {
      "str_min": 80,
      "str_max": 180,
      "sound": "crunch!",
      "sound_fail": "whack!",
      "ter_set": "t_dirt",
      "items": [ 
      {"item": "stick_long", "count": [ 3, 10 ] },
      {"item": "splinter", "count": [ 10, 25 ] },
      {"item": "wx_walnut_bough", "count": [ 1, 5 ] } 
      
      ]
    }
  }
]