[
  {
    "id": "bio_laser_minigun",
    "type": "GUN",
    "name": "激光加特林臂枪",
    "description": "你的左臂现在变成了ups供能的激光加特林枪。可以像其他枪一样开火。",
    "volume": 12,
    "price": 0,
    "material": [ "steel", "plastic" ],
    "symbol": "(",
    "color": "magenta",
    "skill": "rifle",
    "range": 30,
    "ranged_damage": 20,
    "pierce": 15,
    "dispersion": 10,
    "sight_dispersion": 150,
    "aim_speed": 0,
    "durability": 10,
    "modes": [ [ "DEFAULT", "auto", 5 ] ],
    "reload": 500,
    "ammo_effects": [ "LASER", "INCENDIARY" ],
    "flags": [ "NEVER_JAMS", "TRADER_AVOID" ]
  },
  {
    "type": "bionic",
    "id": "bio_laser_armgun",
    "name": "激光加特林臂枪",
    "//": "To be re-added if this ever gets accessible in JSON: However, you are unable to use or carry two-handed items, and your strength limits what you can use with your one hand.",
    "occupied_bodyparts": [ [ "ARM_L", 20 ], [ "HAND_L", 5 ] ],
    "act_cost": 50,
    "fake_item": "bio_laser_minigun",
    "description": "你的左臂已经装备了一组激光加特林步枪！可以用你的能量库发射一连串的激光。",
    "flags": [ "BIONIC_GUN" ]
  },
  {
    "id": "bio_laser_armgun",
    "copy-from": "bionic_general",
    "type": "BIONIC_ITEM",
    "name": "激光加特林臂枪CBM",
    "description": "你的左臂已经装备了一组激光加特林步枪！可以用你的能量库发射一连串的激光。A",
    "price": 220000,
    "difficulty": 3
  },
  {
    "type": "GENERIC",
    "id": "bio_sword_weapon",
    "name": "单分子剑",
    "description": "一把由高科技合金制成，边缘镶有纳米晶体的长剑。",
    "weight": 100,
    "to_hit": 3,
    "color": "dark_gray",
    "symbol": "{",
    "material": [ "superalloy" ],
    "techniques": [ "RAPID", "WBLOCK_2" ],
    "volume": 9,
    "cutting": 48,
    "flags": [ "NO_UNWIELD", "UNBREAKABLE_MELEE", "TRADER_AVOID" ],
    "qualities": [ [ "CUT", 1 ], [ "BUTCHER", 20 ] ]
  },
  {
    "type": "bionic",
    "id": "bio_sword",
    "name": "单分子剑",
    "occupied_bodyparts": [ [ "ARM_R", 5 ], [ "HAND_R", 2 ] ],
    "act_cost": 200,
    "fake_item": "bio_sword_weapon",
    "description": "一种由先进材料制成的致命长刃，现在就在你的前臂里，能够消耗少量的能量从你的手腕背部弹出。虽然它非常锋利，但它会妨碍你在伸展的时候拿取任何东西。",
    "flags": [ "BIONIC_TOGGLED", "BIONIC_WEAPON" ]
  },
  {
    "id": "bio_sword",
    "copy-from": "bionic_general",
    "type": "BIONIC_ITEM",
    "name": "单分子剑CBM",
    "description": "一种由先进材料制成的致命长刃，现在就在你的前臂里，能够消耗少量的能量从你的手腕背部弹出。虽然它非常锋利，但它会妨碍你在伸展的时候拿取任何东西。",
    "price": 8000,
    "difficulty": 8
  },
  {
    "id": "bio_flamethrower_gun",
    "type": "GUN",
    "name": "双手火焰喷射器",
    "description": "植入你的手掌的紧凑型火焰喷射器系统，在空气中使用仿生能量和氧气喷射火焰，可以像其他枪一样使用。",
    "volume": 12,
    "price": 0,
    "material": [ "steel", "plastic" ],
    "symbol": "(",
    "color": "red",
    "skill": "rifle",
    "range": 5,
    "ranged_damage": 5,
    "pierce": 0,
    "dispersion": 300,
    "sight_dispersion": 150,
    "aim_speed": 8,
    "durability": 10,
    "modes": [ [ "DEFAULT", "auto", 5 ] ],
    "reload": 500,
    "ammo_effects": [ "FLAME", "INCENDIARY" ],
    "flags": [ "NEVER_JAMS", "TRADER_AVOID" ]
  },
  {
    "type": "bionic",
    "id": "bio_flamethrower",
    "name": "双手火焰喷射器",
    "occupied_bodyparts": [ [ "HAND_R", 2 ], [ "HAND_L", 2 ] ],
    "act_cost": 100,
    "fake_item": "bio_flamethrower_gun",
    "description": "植入你的手掌的紧凑型火焰喷射器系统，在空气中使用仿生能量和氧气喷射火焰，可以像其他枪一样使用。",
    "flags": [ "BIONIC_GUN" ]
  },
  {
    "id": "bio_flamethrower",
    "copy-from": "bionic_general",
    "type": "BIONIC_ITEM",
    "name": "双手火焰喷射器CBM",
    "description": "植入你的手掌的紧凑型火焰喷射器系统，在空气中使用仿生能量和氧气喷射火焰，可以像其他枪一样使用。",
    "price": 220000,
    "difficulty": 4
  }
]
