[
  {
    "id": "encyclopedia_mechanics",
    "type": "BOOK",
    "name": "重建文明:机械学",
    "description": "重建文明百科机械学篇，这本书包含了从简单的机器到潜艇引擎内部细节的一切知识。",
    "weight": 1200,
    "volume": 6,
    "price": 8000,
    "bashing": 4,
    "material": [ "paper" ],
    "symbol": "?",
    "color": "blue",
    "skill": "mechanics",
    "required_level": 0,
    "max_level": 6,
    "intelligence": 10,
    "time": 30,
    "fun": -2
  },
  {
    "id": "encyclopedia_fabrication",
    "type": "BOOK",
    "name": "重建文明:制造",
    "description": "重建文明百科制造篇，这本书包含了从如何创造简单的石器工具到建造埃及金字塔的一切知识。",
    "weight": 1200,
    "volume": 6,
    "price": 8000,
    "bashing": 4,
    "material": [ "paper" ],
    "symbol": "?",
    "color": "blue",
    "skill": "fabrication",
    "required_level": 0,
    "max_level": 6,
    "intelligence": 10,
    "time": 30,
    "fun": -2
  },
  {
    "id": "encyclopedia_archery",
    "type": "BOOK",
    "name": "重建文明:弓术",
    "description": "重建文明百科弓术篇，这本书包含了从正确定位到使用高级弓的一切知识。",
    "weight": 1200,
    "volume": 6,
    "price": 8000,
    "bashing": 4,
    "material": [ "paper" ],
    "symbol": "?",
    "color": "blue",
    "skill": "archery",
    "required_level": 0,
    "max_level": 6,
    "intelligence": 10,
    "time": 30,
    "fun": -2
  },
  {
    "id": "encyclopedia_barter",
    "type": "BOOK",
    "name": "重建文明:交易",
    "description": "重建文明百科交易篇，这本书包含了从灾难后的供应到社会中经济系统使用的一切知识。",
    "weight": 1200,
    "volume": 6,
    "price": 8000,
    "bashing": 4,
    "material": [ "paper" ],
    "symbol": "?",
    "color": "blue",
    "skill": "barter",
    "required_level": 0,
    "max_level": 6,
    "intelligence": 10,
    "time": 30,
    "fun": -2
  },
  {
    "id": "encyclopedia_bashing",
    "type": "BOOK",
    "name": "重建文明:钝击武器",
    "description": "重建文明百科钝击武器篇，这本书包含了从铁管挥动到大锤重击技术的一切知识。",
    "weight": 1200,
    "volume": 6,
    "price": 8000,
    "bashing": 4,
    "material": [ "paper" ],
    "symbol": "?",
    "color": "blue",
    "skill": "bashing",
    "required_level": 0,
    "max_level": 6,
    "intelligence": 10,
    "time": 30,
    "fun": -2
  },
  {
    "id": "encyclopedia_computer",
    "type": "BOOK",
    "name": "重建文明:计算机",
    "description": "重建文明百科计算机篇，本书包含了从基本变成到网络安全算法的一切知识。",
    "weight": 1200,
    "volume": 6,
    "price": 8000,
    "bashing": 4,
    "material": [ "paper" ],
    "symbol": "?",
    "color": "blue",
    "skill": "computer",
    "required_level": 0,
    "max_level": 6,
    "intelligence": 10,
    "time": 30,
    "fun": -2
  },
  {
    "id": "encyclopedia_cooking",
    "type": "BOOK",
    "name": "重建文明:烹调",
    "description": "重建文明百科烹调篇，这本书包含了从烹饪小游戏到基本化学变化的一切知识。",
    "weight": 1200,
    "volume": 6,
    "price": 8000,
    "bashing": 4,
    "material": [ "paper" ],
    "symbol": "?",
    "color": "blue",
    "skill": "cooking",
    "required_level": 0,
    "max_level": 6,
    "intelligence": 10,
    "time": 30,
    "fun": -2
  },
  {
    "id": "encyclopedia_cutting",
    "type": "BOOK",
    "name": "重建文明:斩击武器",
    "description": "重建文明百科斩击武器篇，这本书包含了从玻璃刀使用到中世纪剑术的一切知识。",
    "weight": 1200,
    "volume": 6,
    "price": 8000,
    "bashing": 4,
    "material": [ "paper" ],
    "symbol": "?",
    "color": "blue",
    "skill": "cutting",
    "required_level": 0,
    "max_level": 6,
    "intelligence": 10,
    "time": 30,
    "fun": -2
  },
  {
    "id": "encyclopedia_dodge",
    "type": "BOOK",
    "name": "重建文明:闪避",
    "description": "重建文明百科闪避篇，这本书包含了从跳舞到跑酷的一切知识。",
    "weight": 1200,
    "volume": 6,
    "price": 8000,
    "bashing": 4,
    "material": [ "paper" ],
    "symbol": "?",
    "color": "blue",
    "skill": "dodge",
    "required_level": 0,
    "max_level": 6,
    "intelligence": 10,
    "time": 30,
    "fun": -2
  },
  {
    "id": "encyclopedia_driving",
    "type": "BOOK",
    "name": "重建文明:驾驶",
    "description": "重建文明百科驾驶篇，这本书包含了从获得驾驶执照到专业赛车的一切知识。",
    "weight": 1200,
    "volume": 6,
    "price": 8000,
    "bashing": 4,
    "material": [ "paper" ],
    "symbol": "?",
    "color": "blue",
    "skill": "driving",
    "required_level": 0,
    "max_level": 6,
    "intelligence": 10,
    "time": 30,
    "fun": -2
  },
  {
    "id": "encyclopedia_electronics",
    "type": "BOOK",
    "name": "重建文明:电子学",
    "description": "重建文明百科电子学篇，这本书包含了从简单的电路到军事机器人的一切知识。",
    "weight": 1200,
    "volume": 6,
    "price": 8000,
    "bashing": 4,
    "material": [ "paper" ],
    "symbol": "?",
    "color": "blue",
    "skill": "electronics",
    "required_level": 0,
    "max_level": 6,
    "intelligence": 10,
    "time": 30,
    "fun": -2
  },
  {
    "id": "encyclopedia_firstaid",
    "type": "BOOK",
    "name": "重建文明:急救",
    "description": "重建文明百科急救篇，这本书包含了从合适的绷带应用到内科手术的一切知识。",
    "weight": 1200,
    "volume": 6,
    "price": 8000,
    "bashing": 4,
    "material": [ "paper" ],
    "symbol": "?",
    "color": "blue",
    "skill": "firstaid",
    "required_level": 0,
    "max_level": 6,
    "intelligence": 10,
    "time": 30,
    "fun": -2
  },
  {
    "id": "encyclopedia_gun",
    "type": "BOOK",
    "name": "重建文明:枪法",
    "description": "重建文明百科枪法篇，这本书包含了从机瞄到军事狙击技术的一切知识。",
    "weight": 1200,
    "volume": 6,
    "price": 8000,
    "bashing": 4,
    "material": [ "paper" ],
    "symbol": "?",
    "color": "blue",
    "skill": "gun",
    "required_level": 0,
    "max_level": 6,
    "intelligence": 10,
    "time": 30,
    "fun": -2
  },
  {
    "id": "encyclopedia_launcher",
    "type": "BOOK",
    "name": "重建文明:重武器",
    "description": "重建文明百科重武器篇，这本书包含了从火焰喷射器到无后座力炮的一切知识。",
    "weight": 1200,
    "volume": 6,
    "price": 8000,
    "bashing": 4,
    "material": [ "paper" ],
    "symbol": "?",
    "color": "blue",
    "skill": "launcher",
    "required_level": 0,
    "max_level": 6,
    "intelligence": 10,
    "time": 30,
    "fun": -2
  },
  {
    "id": "encyclopedia_melee",
    "type": "BOOK",
    "name": "重建文明:近战",
    "description": "重建文明百科近战篇，这本书包含了从普通搏击到武术技术的一切知识。",
    "weight": 1200,
    "volume": 6,
    "price": 8000,
    "bashing": 4,
    "material": [ "paper" ],
    "symbol": "?",
    "color": "blue",
    "skill": "melee",
    "required_level": 0,
    "max_level": 6,
    "intelligence": 10,
    "time": 30,
    "fun": -2
  },
  {
    "id": "encyclopedia_pistol",
    "type": "BOOK",
    "name": "重建文明:手枪",
    "description": "重建文明百科手枪篇，本书包含了从普通手枪到激光手枪的一切知识。",
    "weight": 1200,
    "volume": 6,
    "price": 8000,
    "bashing": 4,
    "material": [ "paper" ],
    "symbol": "?",
    "color": "blue",
    "skill": "pistol",
    "required_level": 0,
    "max_level": 6,
    "intelligence": 10,
    "time": 30,
    "fun": -2
  },
  {
    "id": "encyclopedia_rifle",
    "type": "BOOK",
    "name": "重建文明:步枪",
    "description": "重建文明百科步枪篇，这本书包含了从普通步枪到激光步枪的一切知识。",
    "weight": 1200,
    "volume": 6,
    "price": 8000,
    "bashing": 4,
    "material": [ "paper" ],
    "symbol": "?",
    "color": "blue",
    "skill": "rifle",
    "required_level": 0,
    "max_level": 6,
    "intelligence": 10,
    "time": 30,
    "fun": -2
  },
  {
    "id": "encyclopedia_shotgun",
    "type": "BOOK",
    "name": "重建文明:霰弹枪",
    "description": "重建文明百科霰弹枪篇，这本书包含了从普通霰弹枪到激光霰弹枪的一切知识。",
    "weight": 1200,
    "volume": 6,
    "price": 8000,
    "bashing": 4,
    "material": [ "paper" ],
    "symbol": "?",
    "color": "blue",
    "skill": "shotgun",
    "required_level": 0,
    "max_level": 6,
    "intelligence": 10,
    "time": 30,
    "fun": -2
  },
  {
    "id": "encyclopedia_smg",
    "type": "BOOK",
    "name": "重建文明:冲锋枪",
    "description": "重建文明百科冲锋枪篇，这本书包含了从简单冲锋枪到自动激光冲锋枪的一切知识。",
    "weight": 1200,
    "volume": 6,
    "price": 8000,
    "bashing": 4,
    "material": [ "paper" ],
    "symbol": "?",
    "color": "blue",
    "skill": "smg",
    "required_level": 0,
    "max_level": 6,
    "intelligence": 10,
    "time": 30,
    "fun": -2
  },
  {
    "id": "encyclopedia_speech",
    "type": "BOOK",
    "name": "重建文明:口才",
    "description": "重建文明百科口才篇，这本书包含了从招募幸存者到竞选政治职位的一切知识。",
    "weight": 1200,
    "volume": 6,
    "price": 8000,
    "bashing": 4,
    "material": [ "paper" ],
    "symbol": "?",
    "color": "blue",
    "skill": "speech",
    "required_level": 0,
    "max_level": 6,
    "intelligence": 10,
    "time": 30,
    "fun": -2
  },
  {
    "id": "encyclopedia_stabbing",
    "type": "BOOK",
    "name": "重建文明:刺击武器",
    "description": "重建文明百科刺击武器篇，这本书包含了从使用刀片到长矛战斗的一切知识。",
    "weight": 1200,
    "volume": 6,
    "price": 8000,
    "bashing": 4,
    "material": [ "paper" ],
    "symbol": "?",
    "color": "blue",
    "skill": "stabbing",
    "required_level": 0,
    "max_level": 6,
    "intelligence": 10,
    "time": 30,
    "fun": -2
  },
  {
    "id": "encyclopedia_survival",
    "type": "BOOK",
    "name": "重建文明:生存",
    "description": "重建文明百科生存篇，这本书包含了从露营到在荒岛上生存的一切知识。",
    "weight": 1200,
    "volume": 6,
    "price": 8000,
    "bashing": 4,
    "material": [ "paper" ],
    "symbol": "?",
    "color": "blue",
    "skill": "survival",
    "required_level": 0,
    "max_level": 6,
    "intelligence": 10,
    "time": 30,
    "fun": -2
  },
  {
    "id": "encyclopedia_swimming",
    "type": "BOOK",
    "name": "重建文明:游泳",
    "description": "重建文明百科游泳篇，这本书包含了从休闲游泳到穿越河流的一切知识。",
    "weight": 1200,
    "volume": 6,
    "price": 8000,
    "bashing": 4,
    "material": [ "paper" ],
    "symbol": "?",
    "color": "blue",
    "skill": "swimming",
    "required_level": 0,
    "max_level": 6,
    "intelligence": 10,
    "time": 30,
    "fun": -2
  },
  {
    "id": "encyclopedia_tailor",
    "type": "BOOK",
    "name": "重建文明:裁缝",
    "description": "重建文明百科裁缝篇，这本书包含了从服装款式到时装设计的一切知识。",
    "weight": 1200,
    "volume": 6,
    "price": 8000,
    "bashing": 4,
    "material": [ "paper" ],
    "symbol": "?",
    "color": "blue",
    "skill": "tailor",
    "required_level": 0,
    "max_level": 6,
    "intelligence": 10,
    "time": 30,
    "fun": -2
  },
  {
    "id": "encyclopedia_throw",
    "type": "BOOK",
    "name": "重建文明:投掷",
    "description": "重建文明百科投掷篇，这本书包含了从投掷圆石到鱼叉狩猎的一切知识。",
    "weight": 1200,
    "volume": 6,
    "price": 8000,
    "bashing": 4,
    "material": [ "paper" ],
    "symbol": "?",
    "color": "blue",
    "skill": "throw",
    "required_level": 0,
    "max_level": 6,
    "intelligence": 10,
    "time": 30,
    "fun": -2
  },
  {
    "id": "encyclopedia_traps",
    "type": "BOOK",
    "name": "重建文明:陷阱",
    "description": "重建文明百科陷阱篇，这本书包含了从埋设陷阱到解除地雷的一切知识。",
    "weight": 1200,
    "volume": 6,
    "price": 8000,
    "bashing": 4,
    "material": [ "paper" ],
    "symbol": "?",
    "color": "blue",
    "skill": "traps",
    "required_level": 0,
    "max_level": 6,
    "intelligence": 10,
    "time": 30,
    "fun": -2
  },
  {
    "id": "encyclopedia_unarmed",
    "type": "BOOK",
    "name": "重建文明:徒手格斗",
    "description": "重建文明百科徒手格斗篇，这本书包含了从防卫技术到综合格斗的一切知识。",
    "weight": 1200,
    "volume": 6,
    "price": 8000,
    "bashing": 4,
    "material": [ "paper" ],
    "symbol": "?",
    "color": "blue",
    "skill": "unarmed",
    "required_level": 0,
    "max_level": 6,
    "intelligence": 10,
    "time": 30,
    "fun": -2
  },
  {
    "id": "encyclopedia_mechanics_advance",
    "type": "BOOK",
    "name": "重建文明:高级机械",
    "description": "重建文明百科高级机械篇，这本书包含了理论上更加先进的高级机械知识。",
    "weight": 1800,
    "volume": 8,
    "price": 8000,
    "bashing": 4,
    "material": [ "paper" ],
    "symbol": "?",
    "looks_like": "encyclopedia_mechanics",
    "color": "red",
    "skill": "mechanics",
    "required_level": 6,
    "max_level": 10,
    "intelligence": 12,
    "time": 45,
    "fun": -3
  },
  {
    "id": "encyclopedia_fabrication_advance",
    "type": "BOOK",
    "name": "重建文明:高级制造",
    "description": "重建文明百科高级制造篇，这本书包含了理论上更加先进的高级制造知识。",
    "weight": 1800,
    "volume": 8,
    "price": 8000,
    "bashing": 4,
    "material": [ "paper" ],
    "symbol": "?",
    "looks_like": "encyclopedia_fabrication",
    "color": "red",
    "skill": "fabrication",
    "required_level": 6,
    "max_level": 10,
    "intelligence": 12,
    "time": 45,
    "fun": -3
  },
  {
    "id": "encyclopedia_archery_advance",
    "type": "BOOK",
    "name": "重建文明:高级弓术",
    "description": "重建文明百科高级弓术篇，这本书包含了理论上更加先进的高级弓术知识。",
    "weight": 1800,
    "volume": 8,
    "price": 8000,
    "bashing": 4,
    "material": [ "paper" ],
    "symbol": "?",
    "looks_like": "encyclopedia_archery",
    "color": "red",
    "skill": "archery",
    "required_level": 6,
    "max_level": 10,
    "intelligence": 12,
    "time": 45,
    "fun": -3
  },
  {
    "id": "encyclopedia_barter_advance",
    "type": "BOOK",
    "name": "重建文明:高级交易",
    "description": "重建文明百科高级交易篇，这本书包含了理论上更加先进的高级交易知识。",
    "weight": 1800,
    "volume": 8,
    "price": 8000,
    "bashing": 4,
    "material": [ "paper" ],
    "symbol": "?",
    "looks_like": "encyclopedia_barter",
    "color": "red",
    "skill": "barter",
    "required_level": 6,
    "max_level": 10,
    "intelligence": 12,
    "time": 45,
    "fun": -3
  },
  {
    "id": "encyclopedia_bashing_advance",
    "type": "BOOK",
    "name": "重建文明:高级钝击武器",
    "description": "重建文明百科高级钝击武器篇，这本书包含了理论上更加先进的高级钝击武器知识。",
    "weight": 1800,
    "volume": 8,
    "price": 8000,
    "bashing": 4,
    "material": [ "paper" ],
    "symbol": "?",
    "looks_like": "encyclopedia_bashing",
    "color": "red",
    "skill": "bashing",
    "required_level": 6,
    "max_level": 10,
    "intelligence": 12,
    "time": 45,
    "fun": -3
  },
  {
    "id": "encyclopedia_computer_advance",
    "type": "BOOK",
    "name": "重建文明:高级计算机",
    "description": "重建文明百科高级钝击武器篇，这本书包含了理论上更加先进的高级钝击武器知识。",
    "weight": 1800,
    "volume": 8,
    "price": 8000,
    "bashing": 4,
    "material": [ "paper" ],
    "symbol": "?",
    "looks_like": "encyclopedia_computer",
    "color": "red",
    "skill": "computer",
    "required_level": 6,
    "max_level": 10,
    "intelligence": 12,
    "time": 45,
    "fun": -3
  },
  {
    "id": "encyclopedia_cooking_advance",
    "type": "BOOK",
    "name": "重建文明:高级烹调",
    "description": "重建文明百科高级烹调篇，这本书包含了理论上更加先进的高级烹调知识。",
    "weight": 1800,
    "volume": 8,
    "price": 8000,
    "bashing": 4,
    "material": [ "paper" ],
    "symbol": "?",
    "looks_like": "encyclopedia_cooking",
    "color": "red",
    "skill": "cooking",
    "required_level": 6,
    "max_level": 10,
    "intelligence": 12,
    "time": 45,
    "fun": -3
  },
  {
    "id": "encyclopedia_cutting_advance",
    "type": "BOOK",
    "name": "重建文明:高级斩击武器",
    "description": "重建文明百科高级斩击武器篇，这本书包含了理论上更加先进的高级斩击武器知识。",
    "weight": 1800,
    "volume": 8,
    "price": 8000,
    "bashing": 4,
    "material": [ "paper" ],
    "symbol": "?",
    "looks_like": "encyclopedia_cutting",
    "color": "red",
    "skill": "cutting",
    "required_level": 6,
    "max_level": 10,
    "intelligence": 12,
    "time": 45,
    "fun": -3
  },
  {
    "id": "encyclopedia_dodge_advance",
    "type": "BOOK",
    "name": "重建文明:高级闪避",
    "description": "重建文明百科高级闪避篇，这本书包含了理论上更加先进的高级闪避知识。",
    "weight": 1800,
    "volume": 8,
    "price": 8000,
    "bashing": 4,
    "material": [ "paper" ],
    "symbol": "?",
    "looks_like": "encyclopedia_dodge",
    "color": "red",
    "skill": "dodge",
    "required_level": 6,
    "max_level": 10,
    "intelligence": 12,
    "time": 45,
    "fun": -3
  },
  {
    "id": "encyclopedia_driving_advance",
    "type": "BOOK",
    "name": "重建文明:高级驾驶",
    "description": "重建文明百科高级驾驶，这本书包含了理论上更加先进的高级驾驶知识。",
    "weight": 1800,
    "volume": 8,
    "price": 8000,
    "bashing": 4,
    "material": [ "paper" ],
    "symbol": "?",
    "looks_like": "encyclopedia_driving",
    "color": "red",
    "skill": "driving",
    "required_level": 6,
    "max_level": 10,
    "intelligence": 12,
    "time": 45,
    "fun": -3
  },
  {
    "id": "encyclopedia_electronics_advance",
    "type": "BOOK",
    "name": "重建文明:高级电子学",
    "description": "重建文明百科高级电子学，这本书包含了理论上更加先进的高级电子学知识。",
    "weight": 1800,
    "volume": 8,
    "price": 8000,
    "bashing": 4,
    "material": [ "paper" ],
    "symbol": "?",
    "looks_like": "encyclopedia_electronics",
    "color": "red",
    "skill": "electronics",
    "required_level": 6,
    "max_level": 10,
    "intelligence": 12,
    "time": 45,
    "fun": -3
  },
  {
    "id": "encyclopedia_firstaid_advance",
    "type": "BOOK",
    "name": "重建文明:高级急救",
    "description": "重建文明百科高级急救，这本书包含了理论上更加先进的高级急救知识。",
    "weight": 1800,
    "volume": 8,
    "price": 8000,
    "bashing": 4,
    "material": [ "paper" ],
    "symbol": "?",
    "looks_like": "encyclopedia_firstaid",
    "color": "red",
    "skill": "firstaid",
    "required_level": 6,
    "max_level": 10,
    "intelligence": 12,
    "time": 45,
    "fun": -3
  },
  {
    "id": "encyclopedia_gun_advance",
    "type": "BOOK",
    "name": "重建文明:高级枪法",
    "description": "重建文明百科高级枪法，这本书包含了理论上更加先进的高级枪法知识。",
    "weight": 1800,
    "volume": 8,
    "price": 8000,
    "bashing": 4,
    "material": [ "paper" ],
    "symbol": "?",
    "looks_like": "encyclopedia_marksmanship",
    "color": "red",
    "skill": "gun",
    "required_level": 6,
    "max_level": 10,
    "intelligence": 12,
    "time": 45,
    "fun": -3
  },
  {
    "id": "encyclopedia_launcher_advance",
    "type": "BOOK",
    "name": "重建文明:高级重武器",
    "description": "重建文明百科高级重武器，这本书包含了理论上更加先进的高级重武器知识。",
    "weight": 1800,
    "volume": 8,
    "price": 8000,
    "bashing": 4,
    "material": [ "paper" ],
    "symbol": "?",
    "looks_like": "encyclopedia_launcher",
    "color": "red",
    "skill": "launcher",
    "required_level": 6,
    "max_level": 10,
    "intelligence": 12,
    "time": 45,
    "fun": -3
  },
  {
    "id": "encyclopedia_melee_advance",
    "type": "BOOK",
    "name": "重建文明:高级近战",
    "description": "重建文明百科高级近战，这本书包含了理论上更加先进的高级近战知识。",
    "weight": 1800,
    "volume": 8,
    "price": 8000,
    "bashing": 4,
    "material": [ "paper" ],
    "symbol": "?",
    "looks_like": "encyclopedia_melee",
    "color": "red",
    "skill": "melee",
    "required_level": 6,
    "max_level": 10,
    "intelligence": 12,
    "time": 45,
    "fun": -3
  },
  {
    "id": "encyclopedia_pistol_advance",
    "type": "BOOK",
    "name": "重建文明:高级手枪",
    "description": "重建文明百科高级手枪，这本书包含了理论上更加先进的高级手枪知识。",
    "weight": 1800,
    "volume": 8,
    "price": 8000,
    "bashing": 4,
    "material": [ "paper" ],
    "symbol": "?",
    "looks_like": "encyclopedia_pistol",
    "color": "red",
    "skill": "pistol",
    "required_level": 6,
    "max_level": 10,
    "intelligence": 12,
    "time": 45,
    "fun": -3
  },
  {
    "id": "encyclopedia_rifle_advance",
    "type": "BOOK",
    "name": "重建文明:高级步枪",
    "description": "重建文明百科高级步枪，这本书包含了理论上更加先进的高级步枪知识。",
    "weight": 1800,
    "volume": 8,
    "price": 8000,
    "bashing": 4,
    "material": [ "paper" ],
    "symbol": "?",
    "looks_like": "encyclopedia_rifle",
    "color": "red",
    "skill": "rifle",
    "required_level": 6,
    "max_level": 10,
    "intelligence": 12,
    "time": 45,
    "fun": -3
  },
  {
    "id": "encyclopedia_shotgun_advance",
    "type": "BOOK",
    "name": "重建文明:高级散弹枪",
    "description": "重建文明百科高级散弹枪，这本书包含了理论上更加先进的高级散弹枪知识。",
    "weight": 1800,
    "volume": 8,
    "price": 8000,
    "bashing": 4,
    "material": [ "paper" ],
    "symbol": "?",
    "looks_like": "encyclopedia_shotgun",
    "color": "red",
    "skill": "shotgun",
    "required_level": 6,
    "max_level": 10,
    "intelligence": 12,
    "time": 45,
    "fun": -3
  },
  {
    "id": "encyclopedia_smg_advance",
    "type": "BOOK",
    "name": "重建文明:高级冲锋枪",
    "description": "重建文明百科高级冲锋枪，这本书包含了理论上更加先进的高级冲锋枪知识。",
    "weight": 1800,
    "volume": 8,
    "price": 8000,
    "bashing": 4,
    "material": [ "paper" ],
    "symbol": "?",
    "looks_like": "encyclopedia_smg",
    "color": "red",
    "skill": "smg",
    "required_level": 6,
    "max_level": 10,
    "intelligence": 12,
    "time": 45,
    "fun": -3
  },
  {
    "id": "encyclopedia_speech_advance",
    "type": "BOOK",
    "name": "重建文明:高级口才",
    "description": "重建文明百科高级口才，这本书包含了理论上更加先进的高级口才知识。",
    "weight": 1800,
    "volume": 8,
    "price": 8000,
    "bashing": 4,
    "material": [ "paper" ],
    "symbol": "?",
    "looks_like": "encyclopedia_speech",
    "color": "red",
    "skill": "speech",
    "required_level": 6,
    "max_level": 10,
    "intelligence": 12,
    "time": 45,
    "fun": -3
  },
  {
    "id": "encyclopedia_stabbing_advance",
    "type": "BOOK",
    "name": "重建文明:高级刺击武器",
    "description": "重建文明百科高级刺击武器，这本书包含了理论上更加先进的高级刺击武器知识。",
    "weight": 1800,
    "volume": 8,
    "price": 8000,
    "bashing": 4,
    "material": [ "paper" ],
    "symbol": "?",
    "looks_like": "encyclopedia_stabbing",
    "color": "red",
    "skill": "stabbing",
    "required_level": 6,
    "max_level": 10,
    "intelligence": 12,
    "time": 45,
    "fun": -3
  },
  {
    "id": "encyclopedia_survival_advance",
    "type": "BOOK",
    "name": "重建文明:高级生存",
    "description": "重建文明百科高级生存，这本书包含了理论上更加先进的高级生存知识。",
    "weight": 1800,
    "volume": 8,
    "price": 8000,
    "bashing": 4,
    "material": [ "paper" ],
    "symbol": "?",
    "looks_like": "encyclopedia_survival",
    "color": "red",
    "skill": "survival",
    "required_level": 6,
    "max_level": 10,
    "intelligence": 12,
    "time": 45,
    "fun": -3
  },
  {
    "id": "encyclopedia_swimming_advance",
    "type": "BOOK",
    "name": "重建文明:高级游泳",
    "description": "重建文明百科高级游泳，这本书包含了理论上更加先进的高级游泳知识。",
    "weight": 1800,
    "volume": 8,
    "price": 8000,
    "bashing": 4,
    "material": [ "paper" ],
    "symbol": "?",
    "looks_like": "encyclopedia_swimming",
    "color": "red",
    "skill": "swimming",
    "required_level": 6,
    "max_level": 10,
    "intelligence": 12,
    "time": 45,
    "fun": -3
  },
  {
    "id": "encyclopedia_tailor_advance",
    "type": "BOOK",
    "name": "重建文明:高级裁缝",
    "description": "重建文明百科高级裁缝，这本书包含了理论上更加先进的高级裁缝知识。",
    "weight": 1800,
    "volume": 8,
    "price": 8000,
    "bashing": 4,
    "material": [ "paper" ],
    "symbol": "?",
    "looks_like": "encyclopedia_tailor",
    "color": "red",
    "skill": "tailor",
    "required_level": 6,
    "max_level": 10,
    "intelligence": 12,
    "time": 45,
    "fun": -3
  },
  {
    "id": "encyclopedia_throw_advance",
    "type": "BOOK",
    "name": "重建文明:高级投掷",
    "description": "重建文明百科高级投掷，这本书包含了理论上更加先进的高级投掷知识。",
    "weight": 1800,
    "volume": 8,
    "price": 8000,
    "bashing": 4,
    "material": [ "paper" ],
    "symbol": "?",
    "looks_like": "encyclopedia_throw",
    "color": "red",
    "skill": "throw",
    "required_level": 6,
    "max_level": 10,
    "intelligence": 12,
    "time": 45,
    "fun": -3
  },
  {
    "id": "encyclopedia_traps_advance",
    "type": "BOOK",
    "name": "重建文明:高级陷阱",
    "description": "重建文明百科高级陷阱，这本书包含了理论上更加先进的高级陷阱知识。",
    "weight": 1800,
    "volume": 8,
    "price": 8000,
    "bashing": 4,
    "material": [ "paper" ],
    "symbol": "?",
    "looks_like": "encyclopedia_traps",
    "color": "red",
    "skill": "traps",
    "required_level": 6,
    "max_level": 10,
    "intelligence": 12,
    "time": 45,
    "fun": -3
  },
  {
    "id": "encyclopedia_unarmed_advance",
    "type": "BOOK",
    "name": "重建文明:高级徒手格斗",
    "description": "重建文明百科高级徒手格斗，这本书包含了理论上更加先进的高级徒手格斗知识。",
    "weight": 1800,
    "volume": 8,
    "price": 8000,
    "bashing": 4,
    "material": [ "paper" ],
    "symbol": "?",
    "looks_like": "encyclopedia_unarmed",
    "color": "red",
    "skill": "unarmed",
    "required_level": 6,
    "max_level": 10,
    "intelligence": 12,
    "time": 45,
    "fun": -3
  },
  {
    "id": "evil_invitation",
    "type": "BOOK",
    "name": "介绍分组-机密",
    "name_plural": "介绍分组-机密",
    "description": "这是一本杂志，好像是来自某个未名组织的邀请。虽然它的内容读起来相当无聊，但承诺会提供“禁止的知识”，并说内容是“真正权力的味道”……科学已经走得太远了……",
    "weight": 1700,
    "volume": 2,
    "price": 50000,
    "material": [ "paper" ],
    "symbol": "?",
    "color": "light_red",
    "skill": "fabrication",
    "required_level": 8,
    "max_level": 10,
    "intelligence": 12,
    "time": 45,
    "fun": -1
  },
  {
    "type": "GENERIC",
    "id": "note_apophis",
    "looks_like": "survnote",
    "category": "books",
    "symbol": ",",
    "color": "white",
    "name": "紧急电报",
    "name_plural": "紧急电报",
    "snippet_category": "note_apophis",
    "description": "一张纸，匆匆折叠起来。上面写着一些东西。",
    "material": "paper",
    "flags": "TRADER_AVOID",
    "weight": 3
  },
  {
    "type": "GENERIC",
    "id": "note_sketchy_cabin",
    "looks_like": "survnote",
    "category": "books",
    "symbol": ",",
    "color": "white",
    "name": "folded note",
    "snippet_category": "note_sketchy_cabin",
    "description": "A scrap of paper, hastily folded up.  Something's been scribbled on it.",
    "material": "paper",
    "flags": "TRADER_AVOID",
    "weight": 3
  }
]
