[
  {
    "id": "fr_22",
    "category": "spare_parts",
    "type": "TOOL",
    "color": "light_gray",
    "symbol": ",",
    "name": ".22全自动机匣",
    "name_plural": ".22全自动机匣",
    "description": "一个全自动机匣，可以用来制造全自动的.22枪支。",
    "price": 20000,
    "material": "steel",
    "weight": 530,
    "volume": 3,
    "to_hit": -1
  },
  {
    "id": "fr_223",
    "category": "spare_parts",
    "type": "TOOL",
    "color": "light_gray",
    "symbol": ",",
    "name": ".223全自动机匣",
    "name_plural": ".223全自动机匣",
    "description": "一个全自动机匣，可以用来制造全自动的.223枪支。",
    "price": 20000,
    "material": "steel",
    "weight": 600,
    "volume": 3,
    "to_hit": -1
  },
  {
    "id": "fr_308",
    "category": "spare_parts",
    "type": "TOOL",
    "color": "light_gray",
    "symbol": ",",
    "name": ".308全自动机匣",
    "name_plural": ".308全自动机匣",
    "description": "一个全自动机匣，可以用来制造全自动的.308枪支。",
    "price": 20000,
    "material": "steel",
    "weight": 620,
    "volume": 4,
    "to_hit": -1
  },
  {
    "id": "fr_9mm",
    "category": "spare_parts",
    "type": "TOOL",
    "color": "light_gray",
    "symbol": ",",
    "name": "9mm全自动机匣",
    "name_plural": "9mm全自动机匣",
    "description": "一个全自动机匣, 可以用来制造全自动的9mm枪支。",
    "price": 20000,
    "material": "steel",
    "weight": 530,
    "volume": 3,
    "to_hit": -1
  },
  {
    "id": "fr_45",
    "category": "spare_parts",
    "type": "TOOL",
    "color": "light_gray",
    "symbol": ",",
    "name": ".45全自动机匣",
    "name_plural": ".45全自动机匣",
    "description": "一个全自动机匣, 可以用来制造全自动的.45枪支。",
    "price": 20000,
    "material": "steel",
    "weight": 530,
    "volume": 3,
    "to_hit": -1
  },
  {
    "id": "fr_12",
    "category": "spare_parts",
    "type": "TOOL",
    "color": "light_gray",
    "symbol": ",",
    "name": "12号全自动机匣",
    "name_plural": "12号全自动机匣",
    "description": "一个全自动机匣, 可以用来制造全自动的12号枪支。",
    "price": 20000,
    "material": "steel",
    "weight": 650,
    "volume": 5,
    "to_hit": -1
  },
  {
    "id": "fr_762",
    "category": "spare_parts",
    "type": "TOOL",
    "color": "light_gray",
    "symbol": ",",
    "name": "7.62x39 full auto receiver",
    "name_plural": "7.62x39 full auto receivers",
    "description": "A scavenged full auto receiver, use it to craft a full auto 7.62x39 firearm.",
    "price": 20000,
    "material": "steel",
    "weight": 620,
    "volume": 4,
    "to_hit": -1
  },
  {
    "id": "surcan",
    "type": "TOOL",
    "color": "light_gray",
    "symbol": ",",
    "name": "罐装救生工具",
    "name_plural": "罐装救生工具",
    "description": "它包含了精心包装的生存物品，并在罐子的一侧列出了它们的清单，你不能把它的东西重新放回去。",
    "price": 600,
    "material": "steel",
    "flags": [ "WATERPROOF" ],
    "weight": 103,
    "volume": 2,
    "to_hit": -1,
    "use_action": "DISASSEMBLE"
  },
  {
    "id": "elc_bld",
    "type": "TOOL",
    "symbol": ";",
    "color": "dark_gray",
    "name": "幸存者泰瑟刀",
    "description": "一把泰瑟刀刃，手柄上包着布条防止误伤。",
    "price": 18000,
    "material": [ "steel", "plastic" ],
    "flags": [ "STAB", "DURABLE_MELEE", "SHEATH_KNIFE" ],
    "weight": 638,
    "volume": 5,
    "bashing": 8,
    "cutting": 12,
    "to_hit": -1,
    "charges_per_use": 100,
    "ammo": "battery",
    "magazines": [ [ "battery", [ "medium_battery_cell", "medium_plus_battery_cell" ] ] ],
    "category": "weapons",
    "use_action": "TAZER"
  },
  {
    "id": "elc_blds",
    "type": "TOOL",
    "symbol": ";",
    "color": "dark_gray",
    "name": "幸存者泰瑟双刀",
    "description": "两把泰瑟刀刃，手柄上包着布条防止误伤。",
    "price": 36000,
    "material": [ "steel", "plastic" ],
    "flags": [ "STAB", "DURABLE_MELEE" ],
    "weight": 1276,
    "volume": 10,
    "bashing": 16,
    "cutting": 24,
    "to_hit": -1,
    "//": "Tazer use action can't really be tweaked to justify power consumption changing, since no dual-tazing.  Plus, battery amounts mean keeping it an even 100 is sanest.",
    "charges_per_use": 100,
    "ammo": "battery",
    "magazines": [ [ "battery", [ "medium_battery_cell", "medium_plus_battery_cell" ] ] ],
    "category": "weapons",
    "use_action": "TAZER"
  },
  {
    "id": "solar_flashlight",
    "type": "TOOL",
    "category": "tools",
    "symbol": ";",
    "color": "blue",
    "name": "太阳能手电筒 (关)",
    "name_plural": "太阳能手电筒 (关)",
    "description": "这是一把LED重型太阳能手电筒，使用充电电池或者在阳光下进行充电。打开手电筒将会提供照明。",
    "price": 800,
    "material": [ "plastic", "aluminum" ],
    "//": "Legacy batteries will be usable in this until you run out of them, but artifact charge types play weirdly with unloading, so I dunno yet if being able to swap mag-batteries will be doable.",
    "flags": [ "NO_UNLOAD", "RECHARGE" ],
    "weight": 400,
    "volume": 2,
    "bashing": 1,
    "to_hit": 2,
    "max_charges": 100,
    "initial_charges": 100,
    "charges_per_use": 1,
    "ammo": "battery",
    "use_action": {
      "type": "transform",
      "msg": "你打开了手电筒",
      "target": "solar_flashlight_on",
      "active": true,
      "need_charges": 1,
      "need_charges_msg": "手电筒没电了"
    },
    "artifact_data": { "charge_type": "ARTC_SOLAR" }
  },
  {
    "id": "solar_flashlight_on",
    "type": "TOOL",
    "category": "tools",
    "symbol": ";",
    "color": "blue",
    "name": "太阳能手电筒 (开)",
    "name_plural": "太阳能手电筒 (开)",
    "description": "这是一把LED重型太阳能手电筒，手电筒已经打开了，将会不断消耗电力。",
    "price": 800,
    "material": [ "plastic", "aluminum" ],
    "flags": [ "LIGHT_450", "CHARGEDIM", "NO_UNLOAD" ],
    "weight": 400,
    "volume": 2,
    "bashing": 1,
    "to_hit": 2,
    "max_charges": 100,
    "initial_charges": 100,
    "turns_per_charge": 15,
    "ammo": "battery",
    "revert_to": "solar_flashlight",
    "use_action": { "type": "transform", "msg": "你关掉了手电筒", "target": "solar_flashlight" },
    "artifact_data": { "charge_type": "ARTC_SOLAR" }
  },
  {
    "id": "can_forge",
    "type": "TOOL",
    "symbol": ";",
    "color": "light_gray",
    "name": "便携锻炉",
    "sub": "forge",
    "description": "这是一个便携式锻炉，有临时的进气口和隔热衬里。它可用于轻金属加工和食品的再加热，但由于体积小、容量小，其实用性受到限制。",
    "price": 1000,
    "material": "steel",
    "weight": 1800,
    "volume": 8,
    "bashing": 1,
    "to_hit": -2,
    "max_charges": 60,
    "charges_per_use": 1,
    "ammo": "charcoal",
    "use_action": "HOTPLATE",
    "flags": [ "ALLOWS_REMOTE_USE" ]
  },
  {
    "id": "molded_hammer",
    "type": "TOOL",
    "symbol": ";",
    "color": "light_gray",
    "name": "铸铁锤",
    "//": "Only gets the nail-pulling use action because the stone hammer, for some bizarre reason, has it too.",
    "description": "这是一把铸铁锤。虽用于战斗时有点脆弱，但它可以很好地作为一种工具，虽然缺乏足够的爪撬。",
    "price": 500,
    "material": [ "steel" ],
    "weight": 1600,
    "volume": 2,
    "bashing": 12,
    "use_action": "HAMMER",
    "qualities": [ [ "HAMMER", 3 ], [ "HAMMER_FINE", 1 ] ],
    "flags": [ "FRAGILE_MELEE" ]
  },
  {
    "id": "molded_knife",
    "type": "TOOL",
    "symbol": ";",
    "color": "light_gray",
    "name": "铸铁刀",
    "name_plural": "铸铁刀",
    "description": "这是一把用铸铁铸成的锋利的刀。有一点脆和重，可广泛用作武器，但作为切削工具是足够的。至少比打磨任何旧金属都有效。",
    "price": 200,
    "material": [ "steel" ],
    "weight": 800,
    "volume": 1,
    "bashing": 4,
    "cutting": 8,
    "to_hit": -1,
    "qualities": [ [ "CUT", 1 ], [ "CUT_FINE", 1 ], [ "BUTCHER", 18 ] ],
    "flags": [ "FRAGILE_MELEE", "STAB", "SHEATH_KNIFE" ]
  },
  {
    "type": "GENERIC",
    "id": "molded_pot",
    "category": "tools",
    "symbol": ";",
    "color": "dark_gray",
    "name": "铸铁锅",
    "description": "一个金属模压成型锅，可以正常使用。",
    "price": 200,
    "material": "iron",
    "weight": 1600,
    "volume": 8,
    "bashing": 8,
    "to_hit": -1,
    "container_data": { "contains": 8, "watertight": true },
    "qualities": [ [ "COOK", 3 ], [ "BOIL", 2 ], [ "CONTAIN", 1 ], [ "CHEM", 1 ] ],
    "use_action": "HEAT_FOOD",
    "//": "In the unlikely event some lunatic mistakes this for the frying pan of doom.",
    "flags": [ "ALLOWS_REMOTE_USE", "FRAGILE_MELEE" ]
  },
  {
    "id": "molded_shovel",
    "type": "TOOL",
    "symbol": "/",
    "color": "brown",
    "name": "铸铁铲",
    "description": "这是一个用铸铁铸造而成的铲子。相当重而脆，但至少可以起作用。。",
    "price": 200,
    "material": [ "iron" ],
    "//": "Get a further discount in weight because we're already getting crazy poundage here.",
    "weight": 9800,
    "volume": 14,
    "to_hit": 3,
    "bashing": 16,
    "cutting": 1,
    "qualities": [ [ "DIG", 3 ], [ "COOK", 1 ], [ "BUTCHER", -70 ] ],
    "flags": [ "FRAGILE_MELEE" ]
  },
  {
    "id": "molded_axe",
    "type": "TOOL",
    "symbol": "/",
    "color": "light_gray",
    "name": "铸铁斧",
    "description": "这是一个由铸铁模制而成的斧头，它足够坚固，但是太重而且太脆所以并不是很好的武器。",
    "price": 200,
    "material": [ "iron" ],
    "weight": 8000,
    "to_hit": -1,
    "volume": 10,
    "bashing": 24,
    "cutting": 10,
    "qualities": [ [ "AXE", 2 ], [ "BUTCHER", -36 ] ],
    "flags": [ "FRAGILE_MELEE" ]
  },
  {
    "id": "solar_crude_firestarter",
    "type": "TOOL",
    "category": "tools",
    "symbol": ",",
    "color": "light_gray",
    "name": "太阳能点火器",
    "description": "一个简单的电动点火器，它可以在阳光下充电。这可以作为一个低效率的打火机使用。",
    "price": 200,
    "material": "steel",
    "flags": [ "NO_UNLOAD", "RECHARGE" ],
    "weight": 14,
    "volume": 2,
    "max_charges": 100,
    "charges_per_use": 5,
    "ammo": "battery",
    "use_action": { "type": "firestarter" },
    "artifact_data": { "charge_type": "ARTC_SOLAR" }
  },
  {
    "id": "wear_solar_flashlight",
    "type": "TOOL_ARMOR",
    "category": "clothing",
    "symbol": ";",
    "color": "blue",
    "name": "可穿戴式太阳能手电筒(关)",
    "name_plural": "可穿戴式太阳能手电筒 (关)",
    "description": "带背带的LED重型太阳能手电筒，可以穿在身上。使用充电电池或者在阳光下进行充电。打开手电筒将会提供照明。",
    "price": 800,
    "material": [ "plastic", "aluminum" ],
    "flags": [ "NO_UNLOAD", "RECHARGE" ],
    "weight": 400,
    "volume": 2,
    "bashing": 1,
    "to_hit": 2,
    "max_charges": 100,
    "initial_charges": 100,
    "charges_per_use": 1,
    "ammo": "battery",
    "use_action": {
      "type": "transform",
      "msg": "你打开了手电筒",
      "target": "wear_solar_flashlight_on",
      "active": true,
      "need_charges": 1,
      "need_charges_msg": "手电筒没电了"
    },
    "material_thickness": 2,
    "artifact_data": { "charge_type": "ARTC_SOLAR" }
  },
  {
    "id": "wear_solar_flashlight_on",
    "type": "TOOL_ARMOR",
    "category": "clothing",
    "symbol": ";",
    "color": "blue",
    "name": "可穿戴式太阳能手电筒(开)",
    "name_plural": "可穿戴式太阳能手电筒 (开)",
    "description": "带背带的LED重型太阳能手电筒，可以穿在身上。手电筒已经打开了，将会不断消耗电力。",
    "price": 800,
    "material": [ "plastic", "aluminum" ],
    "flags": [ "LIGHT_450", "CHARGEDIM", "NO_UNLOAD" ],
    "weight": 400,
    "volume": 2,
    "bashing": 1,
    "to_hit": 2,
    "max_charges": 100,
    "initial_charges": 100,
    "turns_per_charge": 15,
    "ammo": "battery",
    "revert_to": "wear_solar_flashlight",
    "use_action": { "type": "transform", "msg": "你关掉了手电筒", "target": "wear_solar_flashlight" },
    "material_thickness": 2,
    "artifact_data": { "charge_type": "ARTC_SOLAR" }
  },
  {
    "type": "TOOL",
    "id": "fishing_string",
    "symbol": "/",
    "color": "white",
    "name": "钓鱼绳",
    "description": "一个粗制的钓鱼工具，一根长绳的末端挂着一根鱼钩，使用鱼饵可以钓鱼。",
    "material": "cotton",
    "weight": 170,
    "volume": 1,
    "max_charges": 1,
    "charges_per_use": 1,
    "ammo": "fish_bait",
    "flags": [ "FISH_POOR" ],
    "use_action": "FISH_ROD",
    "to_hit": -1
  },
  {
    "id": "solar_torch",
    "type": "TOOL",
    "category": "tools",
    "symbol": "/",
    "color": "brown",
    "name": "太阳能火炬",
    "name_plural": "太阳能火炬",
    "description": "一种神秘的火炬，它利用太阳的力量(以及一团黏糊糊的东西)来点燃自己。在某种程度上，合成的汽油在阳光下持续浸泡抹布，使其在某种意义上成为“可充电的”。你需要打火机来打开它。一旦点燃，就不能关闭，直到所有的燃料使用。",
    "material": "wood",
    "weight": 956,
    "volume": 4,
    "bashing": 8,
    "to_hit": 1,
    "flags": [ "NO_UNLOAD" ],
    "max_charges": 25,
    "initial_charges": 25,
    "charges_per_use": 1,
    "ammo": "gasoline",
    "use_action": {
      "type": "transform",
      "target": "solar_torch_lit",
      "need_fire": 1,
      "need_fire_msg": "你需要一个火源来点燃它",
      "active": true,
      "msg": "你点燃了火炬"
    },
    "artifact_data": { "charge_type": "ARTC_SOLAR" }
  },
  {
    "id": "solar_torch_lit",
    "type": "TOOL",
    "category": "tools",
    "symbol": "/",
    "color": "brown",
    "name": "太阳能火炬(点燃)",
    "name_plural": "太阳能火炬(点燃)",
    "description": "一种神秘的火炬，它利用太阳的力量(以及一团黏糊糊的东西)来点燃自己。在某种程度上，合成的汽油在阳光下持续浸泡抹布，使其在某种意义上成为“可充电的”。你需要打火机来打开它。一旦点燃，就不能关闭，直到所有的燃料使用。",
    "material": "wood",
    "flags": [ "FIRE", "LIGHT_310", "CHARGEDIM", "FLAMING", "NO_UNLOAD" ],
    "weight": 942,
    "volume": 4,
    "bashing": 8,
    "to_hit": 1,
    "max_charges": 75,
    "initial_charges": 75,
    "turns_per_charge": 20,
    "ammo": "gasoline",
    "revert_to": "solar_torch",
    "use_action": { "type": "firestarter" },
    "artifact_data": { "charge_type": "ARTC_SOLAR" }
  },
  {
    "type": "COMESTIBLE",
    "id": "gas_slime_scrap",
    "category": "other",
    "name": "球状汽油合成物",
    "weight": 276,
    "color": "light_red",
    "addiction_type": "none",
    "use_action": "POISON",
    "comestible_type": "FOOD",
    "symbol": "%",
    "nutrition": 20,
    "description": "暴露在阳光下开始产生汽油的球状物。它产生的汽油与球状物混合得太厉害，无法提取，但仍然是易燃的。",
    "material": "hydrocarbons",
    "volume": 1,
    "phase": "solid",
    "charges": 1,
    "fun": -10
  },
  {
    "id": "shmap",
    "category": "books",
    "type": "GENERIC",
    "symbol": ";",
    "color": "blue",
    "name": "路线定位地图",
    "description": "一幅地图和一组方向，指向某人的会合点。在一个角落里潦草地写着的名字似乎有点熟悉。",
    "material": "paper",
    "weight": 30,
    "volume": 1,
    "to_hit": -1,
    "use_action": {
      "type": "reveal_map",
      "radius": 180,
      "terrain": [ "Survivor_Holdout_1" ],
      "message": "通过仔细看地图，你记住了位置。"
    }
  },
  {
    "id": "auto_case",
    "category": "spare_parts",
    "type": "TOOL",
    "color": "light_gray",
    "symbol": ",",
    "name": "全自动机匣",
    "name_plural": "全自动机匣",
    "description": "一个全自动机匣，拥有完整的发射装置和特定口径的枪管，你可以用来做一把全自动武器。",
    "material": "steel",
    "weight": 320,
    "volume": 3,
    "to_hit": -1
  },
  {
    "id": "survbowstored",
    "type": "TOOL",
    "color": "light_brown",
    "symbol": "{",
    "name": "折叠战斗弓",
    "name_plural": "折叠战斗弓",
    "description": "一个容易存储的折叠战斗弓，使用前请先展开。",
    "price": 88000,
    "material": [ "wood", "steel" ],
    "weight": 1144,
    "volume": 4,
    "to_hit": -1,
    "use_action": { "type": "transform", "msg": "You unfold your bow, locking the arms into place.", "target": "survbow" }
  },
  {
    "id": "semap",
    "category": "books",
    "type": "GENERIC",
    "symbol": ";",
    "color": "blue",
    "name": "营地计划",
    "description": "一群人预备创建定居点的注释，你试着回想附近有没有这个地方。也许这张纸条的背面有他们定居点的坐标。",
    "material": "paper",
    "weight": 30,
    "volume": 1,
    "to_hit": -1,
    "use_action": {
      "type": "reveal_map",
      "radius": 180,
      "terrain": [ "surv_emcampn", "surv_emcampb", "surv_emcampz" ],
      "message": "你研究了便条的背面备注，并开始计划下一步行动。"
    }
  },
  {
    "//": "The hammer multi-tool is a disassembler",
    "id": "hammer_multitool",
    "type": "TOOL",
    "symbol": ";",
    "color": "brown",
    "name": "锤式多功能工具",
    "name_plural": "锤式多功能工具",
    "description": "一种多工具，其顶端是一把锤子和一把钳子。小巧实用，幸存者的迷你工具箱。",
    "price": 5000,
    "material": [ "steel", "wood" ],
    "flags": [ "STAB", "SHEATH_KNIFE" ],
    "weight": 820,
    "volume": 2,
    "bashing": 8,
    "cutting": 4,
    "to_hit": -4,
    "qualities": [
      [ "CUT", 1 ],
      [ "SAW_W", 1 ],
      [ "SAW_M", 1 ],
      [ "WRENCH", 1 ],
      [ "SCREW", 1 ],
      [ "SCREW_FINE", 1 ],
      [ "BUTCHER", 8 ],
      [ "HAMMER", 2 ],
      [ "HAMMER_FINE", 1 ]
    ]
  },
  {
    "type": "BOOK",
    "id": "recipe_surv",
    "name": "幸存者食谱",
    "name_plural": "幸存者食谱",
    "description": "一个笔记本，里面记录了许多小想法和小玩意。曾经疯子般的想法现在是无价的知识。",
    "weight": 1700,
    "volume": 2,
    "price": 50000,
    "skill": "fabrication",
    "max_level": 8,
    "required_level": 5,
    "intelligence": 10,
    "color": "light_green",
    "symbol": "!",
    "material": [ "paper" ],
    "to_hit": -2,
    "time": 40,
    "fun": -1
  },
  {
    "id": "megamap",
    "type": "TOOL_ARMOR",
    "symbol": ";",
    "color": "green",
    "name": "侦察者平板",
    "description": "这是一个电子侦察平板，使用太阳能/充电电池供电，可以装在手腕上，用来提供精确的地形地图。它还配有数字时钟和闹钟功能。",
    "price": 5000,
    "material": "steel",
    "weight": 230,
    "volume": 2,
    "bashing": 1,
    "to_hit": -1,
    "max_charges": 100,
    "initial_charges": 100,
    "charges_per_use": 100,
    "ammo": "battery",
    "use_action": "ARTIFACT",
    "artifact_data": { "charge_type": "ARTC_SOLAR", "effects_activated": [ "AEA_MAP" ] },
    "flags": [ "WATCH", "ALARMCLOCK", "RECHARGE", "NO_UNLOAD" ],
    "material_thickness": 0,
    "encumbrance": 1,
    "coverage": 1,
    "warmth": 0,
    "phase": "solid"
  },
  {
    "id": "stim",
    "type": "TOOL",
    "symbol": ">",
    "color": "red",
    "name": "生物兴奋剂注射器",
    "description": "一种奇怪的看起来像有机物的自动注射器，能缓慢地分泌某种类似血液的红色物质。从标签上你可以了解到，这是一种实验性兴奋剂，能治愈小伤口，并以造成疼痛为代价提高你的力量。",
    "price": 5000,
    "material": [ "plastic", "flesh" ],
    "weight": 150,
    "volume": 1,
    "cutting": 1,
    "to_hit": -1,
    "max_charges": 1,
    "initial_charges": 1,
    "charges_per_use": 1,
    "use_action": "ARTIFACT",
    "artifact_data": { "charge_type": "ARTC_TIME", "effects_activated": [ "AEA_ADRENALINE", "AEA_HEAL", "AEA_PAIN" ] }
  },
  {
    "id": "blood_m",
    "type": "TOOL",
    "symbol": ">",
    "color": "red",
    "name": "生物变异注射剂",
    "description": "注射后会随机生成变异。一种奇怪的输液器，有几个看起来像有机物的部分。它有多个同时抽取和输注血液的管道。通过一种叫做XE037的活性物质使人类产生生物变异。",
    "price": 5000,
    "material": [ "plastic", "flesh" ],
    "weight": 150,
    "volume": 3,
    "cutting": 1,
    "to_hit": -1,
    "max_charges": 1,
    "initial_charges": 5,
    "charges_per_use": 5,
    "turns_per_charge": 5,
    "use_action": { "type": "mutagen_iv" },
    "artifact_data": { "charge_type": "ARTC_HP" }
  },
  {
    "id": "blood_p",
    "type": "TOOL",
    "symbol": ">",
    "color": "blue",
    "name": "生物变异离解剂",
    "description": "注射后会随机移除变异。一种奇怪的输液器，有几个看起来像有机物的部分。它有多个同时抽取和输注血液的管道。通过一种快速干细胞活性物质，恢复人类的生物变异。",
    "price": 5000,
    "material": [ "plastic", "flesh" ],
    "weight": 150,
    "volume": 3,
    "cutting": 1,
    "to_hit": -1,
    "max_charges": 5,
    "initial_charges": 5,
    "charges_per_use": 5,
    "use_action": "PURIFY_IV",
    "artifact_data": { "charge_type": "ARTC_HP" }
  },
  {
    "id": "ulmap",
    "category": "books",
    "type": "GENERIC",
    "symbol": ";",
    "color": "blue",
    "name": "未知实验室的地图",
    "description": "这是前生物武器项目科学家绘制的地图。它标记了一个废弃实验室的位置，那里有一个巨大的敌人。",
    "price": 500,
    "material": "paper",
    "weight": 30,
    "volume": 1,
    "to_hit": -1,
    "use_action": {
      "type": "reveal_map",
      "radius": 180,
      "terrain": [ "Unknown_Lab_1", "Unknown_Lab_2", "Unknown_Lab_3", "Unknown_Lab_4" ],
      "message": "看完地图后，你吸了一口凉气，意识到必须做些什么......"
    }
  },
  {
    "id": "mccmap",
    "category": "books",
    "type": "GENERIC",
    "symbol": ";",
    "color": "blue",
    "name": "神秘的笔记",
    "description": "\"我们现在必须离开这个地方。那东西就要来了，如果我们不及时出去，我们都会死的。带上你能找到的东西，前往这个地点——我们会在那里建立一个临时藏身之处。\"",
    "price": 500,
    "material": "paper",
    "weight": 30,
    "volume": 1,
    "to_hit": -1,
    "use_action": {
      "type": "reveal_map",
      "radius": 180,
      "terrain": [ "makeshift_command_center_1", "makeshift_command_center_2" ],
      "message": "看着这张纸条，你记下了它的位置。"
    }
  },
  {
    "id": "biomap",
    "category": "books",
    "type": "GENERIC",
    "symbol": ";",
    "color": "blue",
    "name": "手绘地图",
    "description": "\"终于，我已经算出了终端记录中那个实验室的坐标。据我所知，里面肯定还有一些有价值的东西，我想如果我去看一看，没有人会在意。\"",
    "price": 500,
    "material": "paper",
    "weight": 30,
    "volume": 1,
    "to_hit": -1,
    "use_action": {
      "type": "reveal_map",
      "radius": 180,
      "terrain": [ "Bio_Weapon_Lab_1", "Bio_Weapon_Lab_2" ],
      "message": "地图上的说明引起你的兴趣，你想知道去那里是不是一个好主意"
    }
  },
  {
    "type": "TOOL",
    "id": "stealth_cloak_f",
    "name": "隐形斗篷(折叠)",
    "weight": 1556,
    "color": "light_gray",
    "symbol": "[",
    "description": "一种实验斗篷，使用由摄像机和发光二极管组成的高度复杂网络使使用者完全隐形。它由内置的扭转棘轮驱动。它目前是折叠的。",
    "price": 8400000,
    "material": [ "superalloy", "plastic" ],
    "volume": 4,
    "use_action": { "type": "transform", "msg": "你展开了斗篷", "target": "stealth_cloak" }
  },
  {
    "id": "mil_surp_pack_1",
    "type": "GENERIC",
    "symbol": ")",
    "color": "brown",
    "name": "民用军事武器包-1",
    "name_plural": "民用军事武器包-1",
    "category": "other",
    "description": "在军需用品商店出售的一种针对民用市场的武器包。提供了一把莫辛纳甘1891/30步枪及枪背带、弹药，带电池的基本枪械修理包和安全使用枪械口袋书。",
    "price": 463500,
    "weight": 8932,
    "volume": 18,
    "to_hit": -2,
    "material": [ "wood", "steel" ],
    "use_action": "DISASSEMBLE"
  },
  {
    "id": "mil_surp_pack_2",
    "type": "GENERIC",
    "symbol": ")",
    "color": "brown",
    "name": "民用军事武器包-2",
    "name_plural": "民用军事武器包-2",
    "category": "other",
    "description": "在军需用品商店出售的一种针对民用市场的武器包。提供了一把SKS卡宾枪及枪背带、弹药，带电池的基本枪械修理包和安全使用枪械口袋书。",
    "price": 463500,
    "weight": 8932,
    "volume": 18,
    "to_hit": -2,
    "material": [ "wood", "steel" ],
    "use_action": "DISASSEMBLE"
  },
  {
    "id": "mil_surp_pack_3",
    "type": "GENERIC",
    "symbol": ")",
    "color": "brown",
    "name": "民用军事武器包-3",
    "name_plural": "民用军事武器包-3",
    "category": "other",
    "description": "在军需用品商店出售的一种针对民用市场的武器包。提供了一把M1903春田步枪及枪背带、弹药，带电池的基本枪械修理包和安全使用枪械口袋书。",
    "price": 463500,
    "weight": 8932,
    "volume": 18,
    "to_hit": -2,
    "material": [ "wood", "steel" ],
    "use_action": "DISASSEMBLE"
  },
  {
    "id": "parawatch",
    "type": "ARMOR",
    "name": "伞绳手表",
    "name_plural": "伞绳手表",
    "description": "一个简单耐用的伞绳手表，附带一个温度计，可以看时间的同时提供闹钟功能。",
    "weight": 100,
    "volume": 2,
    "price": 10000,
    "to_hit": -1,
    "material": [ "plastic", "steel" ],
    "symbol": "[",
    "color": "dark_gray",
    "covers": [ "HAND_EITHER" ],
    "coverage": 5,
    "use_action": [ "WEATHER_TOOL", "DISASSEMBLE" ],
    "flags": [ "WATCH", "ALARMCLOCK", "BELTED", "FRAGILE", "ALLOWS_NATURAL_ATTACKS", "THERMOMETER" ]
  },
  {
    "id": "parabracelets",
    "type": "ARMOR",
    "name": "伞绳手链",
    "name_plural": "伞绳手链",
    "description": "伞绳编织的手链，拆开可获得绳子。",
    "weight": 50,
    "volume": 1,
    "price": 5000,
    "to_hit": -1,
    "material": [ "cotton" ],
    "symbol": "[",
    "color": "dark_gray",
    "covers": [ "HAND_EITHER" ],
    "coverage": 5,
    "flags": [ "BELTED", "FRAGILE", "ALLOWS_NATURAL_ATTACKS" ],
    "use_action": "DISASSEMBLE"
  },
  {
    "id": "flesh_weapon_kit",
    "type": "GENERIC",
    "symbol": ")",
    "color": "red",
    "name": "生物武器转换包",
    "name_plural": "生物武器转换包",
    "category": "other",
    "description": "一个可疑的盒子，里面有很多零件工具和……肉质？盒子里有一本手册，给出了少量盒子内容的信息。查看介绍信息包获得更多详细信息……不管是什么。",
    "price": 503500,
    "weight": 10958,
    "volume": 12,
    "to_hit": -2,
    "material": [ "plastic", "steel" ]
  }
]
