[
  {
    "type": "monstergroup",
    "name": "GROUP_TRIFFID",
    "override": false,
    "freq_total": 1001,
    "default": "mon_null",
    "monsters": [
      { "monster": "mon_triffid_young", "freq": 75, "cost_multiplier": 1, "pack_size": [ 1, 3 ] },
      { "monster": "mon_triffid", "freq": 25, "cost_multiplier": 3 },
      { "monster": "mon_triffid_pk", "freq": 15, "cost_multiplier": 3 },
      { "monster": "mon_fungal_fighter", "freq": 50, "cost_multiplier": 3, "pack_size": [ 3, 5 ] },
      { "monster": "mon_vinebeast", "freq": 60, "cost_multiplier": 3, "pack_size": [ 1, 3 ] },
      { "monster": "mon_triffid_queen", "freq": 30, "cost_multiplier": 5, "pack_size": [ 1, 3 ] },
      { "monster": "mon_creeper_root", "freq": 50, "cost_multiplier": 3, "pack_size": [ 1, 3 ] },
      { "monster": "mon_creeper_hub", "freq": 10, "cost_multiplier": 13, "starts": 100 },
      { "monster": "mon_creeper_vine_pk", "freq": 85, "cost_multiplier": 15, "pack_size": [ 3, 5 ] },
      { "monster": "mon_dionaea_sprout", "freq": 50, "cost_multiplier": 3 },
      { "monster": "mon_dionaea", "freq": 25, "cost_multiplier": 7, "starts": 100 },
      { "monster": "mon_treent", "freq": 5, "cost_multiplier": 10, "starts": 25 },
      { "monster": "mon_treent_green", "freq": 60, "cost_multiplier": 7, "starts": 75 },
      { "monster": "mon_minecraft", "freq": 20, "cost_multiplier": 10, "pack_size": [ 1, 4 ], "starts": 50 },
      { "monster": "mon_minecraft_charged", "freq": 10, "cost_multiplier": 15, "pack_size": [ 1, 3 ], "starts": 100 },
      { "monster": "mon_triffid_heart", "freq": 0, "cost_multiplier": 0 },
      {
        "monster": "mon_spider_wolf_giant",
        "freq": 40,
        "cost_multiplier": 6,
        "pack_size": [ 1, 4 ],
        "conditions": [ "SPRING", "SUMMER", "AUTUMN" ]
      },
      {
        "monster": "mon_spider_wolf_giant",
        "freq": 10,
        "cost_multiplier": 15,
        "pack_size": [ 1, 3 ],
        "starts": 100,
        "conditions": [ "SPRING", "SUMMER", "AUTUMN" ]
      }
    ]
  },
  {
    "type": "monstergroup",
    "name": "GROUP_TRIFFID_SWAMP",
    "override": false,
    "freq_total": 1001,
    "default": "mon_null",
    "monsters": [
      { "monster": "mon_triffid_young", "freq": 50, "cost_multiplier": 1, "pack_size": [ 1, 3 ] },
      { "monster": "mon_triffid", "freq": 30, "cost_multiplier": 3 },
      { "monster": "mon_triffid_pk", "freq": 5, "cost_multiplier": 3 },
      { "monster": "mon_fungal_fighter", "freq": 50, "cost_multiplier": 3, "pack_size": [ 3, 5 ] },
      { "monster": "mon_vinebeast", "freq": 50, "cost_multiplier": 3, "pack_size": [ 1, 3 ] },
      { "monster": "mon_triffid_queen", "freq": 10, "cost_multiplier": 5, "pack_size": [ 1, 3 ] },
      { "monster": "mon_creeper_root", "freq": 60, "cost_multiplier": 3, "pack_size": [ 1, 3 ] },
      { "monster": "mon_creeper_hub", "freq": 35, "cost_multiplier": 13, "starts": 100 },
      { "monster": "mon_creeper_vine_pk", "freq": 60, "cost_multiplier": 15, "pack_size": [ 3, 5 ] },
      { "monster": "mon_dionaea_sprout", "freq": 75, "cost_multiplier": 3 },
      { "monster": "mon_dionaea", "freq": 35, "cost_multiplier": 7, "starts": 100 },
      { "monster": "mon_treent", "freq": 65, "cost_multiplier": 10, "starts": 25 },
      { "monster": "mon_treent_green", "freq": 5, "cost_multiplier": 7, "starts": 75 },
      { "monster": "mon_minecraft", "freq": 20, "cost_multiplier": 10, "pack_size": [ 1, 4 ], "starts": 50 },
      { "monster": "mon_minecraft_charged", "freq": 10, "cost_multiplier": 15, "pack_size": [ 1, 3 ], "starts": 100 },
      { "monster": "mon_triffid_heart", "freq": 0, "cost_multiplier": 0 },
      {
        "monster": "mon_spider_wolf_giant",
        "freq": 65,
        "cost_multiplier": 6,
        "pack_size": [ 1, 4 ],
        "conditions": [ "SPRING", "SUMMER", "AUTUMN" ]
      },
      {
        "monster": "mon_spider_wolf_giant",
        "freq": 10,
        "cost_multiplier": 15,
        "pack_size": [ 1, 3 ],
        "starts": 100,
        "conditions": [ "SPRING", "SUMMER", "AUTUMN" ]
      }
    ]
  },
  {
    "type": "monstergroup",
    "name": "GROUP_FUNGI",
    "default": "mon_fungus_boil",
    "monsters": [
      { "monster": "mon_fungal_wall", "freq": 15, "cost_multiplier": 1, "pack_size": [ 1, 6 ] },
      { "monster": "mon_fungaloid_queen", "freq": 0, "cost_multiplier": 0 },
      { "monster": "mon_fungaloid", "freq": 25, "cost_multiplier": 1 },
      { "monster": "mon_fungaloid_young", "freq": 125, "cost_multiplier": 0 },
      { "monster": "mon_fungus_boil", "freq": 15, "cost_multiplier": 0, "pack_size": [ 2, 3 ] },
      { "monster": "mon_zombie_fungus", "freq": 45, "cost_multiplier": 1 },
      { "monster": "mon_zombie_fungus", "freq": 75, "cost_multiplier": 2, "pack_size": [ 3, 7 ] },
      { "monster": "mon_boomer_fungus", "freq": 30, "cost_multiplier": 1, "pack_size": [ 1, 3 ] },
      { "monster": "mon_zombie_electric_fungal", "freq": 20, "cost_multiplier": 3, "starts": 25 },
      { "monster": "mon_ant_fungus", "freq": 50, "cost_multiplier": 1, "pack_size": [ 1, 4 ] },
      { "monster": "mon_ant_fungus", "freq": 25, "cost_multiplier": 5, "pack_size": [ 4, 9 ] },
      { "monster": "mon_fungaloid_pk", "freq": 100, "cost_multiplier": 5, "starts": 25, "pack_size": [ 1, 2 ] },
      { "monster": "mon_fougar", "freq": 5, "cost_multiplier": 7, "starts": 50 },
      { "monster": "mon_fungus_pig", "freq": 10, "cost_multiplier": 15, "pack_size": [ 2, 5 ], "starts": 75 },
      { "monster": "mon_feer", "freq": 5, "cost_multiplier": 10, "pack_size": [ 1, 2 ], "starts": 75 },
      {
        "monster": "mon_feer",
        "freq": 5,
        "cost_multiplier": 10,
        "pack_size": [ 2, 5 ],
        "starts": 100,
        "conditions": [ "SUMMER", "AUTUMN" ]
      },
      { "monster": "mon_foose", "freq": 10, "cost_multiplier": 5, "starts": 75 },
      { "monster": "mon_folf", "freq": 5, "cost_multiplier": 3 },
      { "monster": "mon_folf", "freq": 5, "cost_multiplier": 7, "pack_size": [ 3, 5 ], "starts": 50 },
      { "monster": "mon_fardigrade", "freq": 5, "cost_multiplier": 15, "starts": 100 },
      { "monster": "mon_furvivor", "freq": 20, "cost_multiplier": 3, "pack_size": [ 1, 2 ], "starts": 25 },
      { "monster": "mon_furvivor_glock", "freq": 5, "cost_multiplier": 7, "pack_size": [ 1, 3 ], "starts": 25 },
      { "monster": "mon_furvivor_shotgun", "freq": 5, "cost_multiplier": 10, "starts": 75 },
      { "monster": "mon_furvivor_deagle", "freq": 5, "cost_multiplier": 12, "starts": 100 },
      { "monster": "mon_furvivor_smg", "freq": 4, "cost_multiplier": 20, "starts": 100 },
      { "monster": "mon_furvivor_pk", "freq": 5, "cost_multiplier": 15, "pack_size": [ 1, 3 ], "starts": 100 },
      {
        "monster": "mon_marloss_man",
        "freq": 2,
        "cost_multiplier": 50,
        "starts": 100,
        "conditions": [ "SPRING", "SUMMER", "AUTUMN" ]
      },
      { "monster": "mon_finebeast", "freq": 15, "cost_multiplier": 5, "starts": 50 },
      { "monster": "mon_finecraft", "freq": 25, "cost_multiplier": 10, "starts": 50, "pack_size": [ 1, 3 ] },
      { "monster": "mon_fionaea", "freq": 5, "cost_multiplier": 25, "starts": 50 }
    ]
  },
  {
    "type": "monstergroup",
    "name": "GROUP_FUNGI_TOWER",
    "default": "mon_fungal_tendril",
    "monsters": [
      { "monster": "mon_fungal_hedgerow", "freq": 15, "cost_multiplier": 0, "pack_size": [ 2, 7 ] },
      { "monster": "mon_fungaloid_tower", "freq": 0, "cost_multiplier": 0 },
      { "monster": "mon_fungaloid", "freq": 75, "cost_multiplier": 1 },
      { "monster": "mon_fungaloid_young", "freq": 25, "cost_multiplier": 0 },
      { "monster": "mon_fungus_boil", "freq": 50, "cost_multiplier": 0 },
      { "monster": "mon_zombie_fungus", "freq": 50, "cost_multiplier": 1 },
      { "monster": "mon_zombie_fungus", "freq": 50, "cost_multiplier": 2, "pack_size": [ 3, 7 ] },
      { "monster": "mon_boomer_fungus", "freq": 35, "cost_multiplier": 1, "pack_size": [ 1, 3 ] },
      { "monster": "mon_zombie_electric_fungal", "freq": 25, "cost_multiplier": 3, "starts": 50 },
      { "monster": "mon_ant_fungus", "freq": 45, "cost_multiplier": 2, "pack_size": [ 1, 4 ] },
      { "monster": "mon_ant_fungus", "freq": 5, "cost_multiplier": 5, "pack_size": [ 4, 9 ] },
      { "monster": "mon_fungaloid_pk", "freq": 150, "cost_multiplier": 5, "starts": 25, "pack_size": [ 1, 3 ] },
      { "monster": "mon_fungus_pig", "freq": 15, "cost_multiplier": 12, "pack_size": [ 2, 5 ], "starts": 75 },
      { "monster": "mon_fougar", "freq": 5, "cost_multiplier": 7, "starts": 75 },
      { "monster": "mon_feer", "freq": 5, "cost_multiplier": 12, "pack_size": [ 1, 2 ], "starts": 100 },
      { "monster": "mon_foose", "freq": 10, "cost_multiplier": 10, "starts": 75 },
      { "monster": "mon_folf", "freq": 10, "cost_multiplier": 7, "pack_size": [ 1, 3 ], "starts": 75 },
      { "monster": "mon_fardigrade", "freq": 5, "cost_multiplier": 25, "starts": 250 },
      { "monster": "mon_furvivor", "freq": 50, "cost_multiplier": 5, "pack_size": [ 1, 2 ], "starts": 25 },
      { "monster": "mon_furvivor_glock", "freq": 15, "cost_multiplier": 12, "pack_size": [ 1, 3 ], "starts": 50 },
      { "monster": "mon_furvivor_shotgun", "freq": 15, "cost_multiplier": 17, "starts": 100 },
      { "monster": "mon_furvivor_deagle", "freq": 10, "cost_multiplier": 17, "starts": 75 },
      { "monster": "mon_furvivor_smg", "freq": 10, "cost_multiplier": 25, "starts": 150 },
      { "monster": "mon_furvivor_pk", "freq": 15, "cost_multiplier": 20, "pack_size": [ 1, 3 ], "starts": 75 },
      {
        "monster": "mon_marloss_man",
        "freq": 2,
        "cost_multiplier": 75,
        "starts": 100,
        "conditions": [ "SPRING", "SUMMER", "AUTUMN" ]
      },
      { "monster": "mon_finebeast", "freq": 3, "cost_multiplier": 12, "starts": 50 },
      { "monster": "mon_finecraft", "freq": 4, "cost_multiplier": 15, "starts": 100 },
      { "monster": "mon_fionaea", "freq": 2, "cost_multiplier": 25, "starts": 150 }
    ]
  },
  {
    "type": "monstergroup",
    "name": "GROUP_FUNGI_FLOWERS",
    "default": "mon_fungal_blossom",
    "monsters": [
      { "monster": "mon_fungaloid", "freq": 10, "cost_multiplier": 1 },
      { "monster": "mon_fungaloid_young", "freq": 100, "cost_multiplier": 1 },
      { "monster": "mon_fungus_boil", "freq": 100, "cost_multiplier": 0 },
      { "monster": "mon_fungaloid_seeder", "freq": 0, "cost_multiplier": 0 },
      { "monster": "mon_zombie_fungus", "freq": 20, "cost_multiplier": 1, "pack_size": [ 1, 3 ] },
      { "monster": "mon_boomer_fungus", "freq": 5, "cost_multiplier": 1, "pack_size": [ 1, 3 ] },
      { "monster": "mon_ant_fungus", "freq": 15, "cost_multiplier": 3, "pack_size": [ 4, 9 ] },
      { "monster": "mon_fungaloid_pk", "freq": 100, "cost_multiplier": 5, "starts": 25 },
      { "monster": "mon_fungus_pig", "freq": 5, "cost_multiplier": 12, "pack_size": [ 1, 4 ], "starts": 75 },
      { "monster": "mon_fougar", "freq": 10, "cost_multiplier": 7, "starts": 25 },
      { "monster": "mon_feer", "freq": 10, "cost_multiplier": 12, "pack_size": [ 1, 2 ], "starts": 25 },
      { "monster": "mon_feer", "freq": 5, "cost_multiplier": 17, "pack_size": [ 2, 5 ], "starts": 75 },
      { "monster": "mon_foose", "freq": 25, "cost_multiplier": 12, "starts": 25 },
      { "monster": "mon_folf", "freq": 15, "cost_multiplier": 12, "pack_size": [ 3, 5 ], "starts": 25 },
      { "monster": "mon_fardigrade", "freq": 5, "cost_multiplier": 25, "starts": 50 },
      { "monster": "mon_furvivor", "freq": 5, "cost_multiplier": 12, "pack_size": [ 1, 2 ], "starts": 25 },
      { "monster": "mon_furvivor_glock", "freq": 1, "cost_multiplier": 17, "pack_size": [ 1, 3 ], "starts": 25 },
      { "monster": "mon_furvivor_shotgun", "freq": 1, "cost_multiplier": 20, "starts": 100 },
      { "monster": "mon_furvivor_deagle", "freq": 1, "cost_multiplier": 17, "starts": 100 },
      { "monster": "mon_furvivor_smg", "freq": 1, "cost_multiplier": 30, "starts": 75 },
      { "monster": "mon_furvivor_pk", "freq": 5, "cost_multiplier": 25, "pack_size": [ 1, 3 ], "starts": 75 },
      {
        "monster": "mon_marloss_man",
        "freq": 1,
        "cost_multiplier": 99,
        "starts": 50,
        "conditions": [ "SPRING", "SUMMER", "AUTUMN" ]
      },
      { "monster": "mon_finebeast", "freq": 10, "cost_multiplier": 15, "starts": 75 },
      { "monster": "mon_finecraft", "freq": 10, "cost_multiplier": 7, "starts": 100 },
      { "monster": "mon_fionaea", "freq": 5, "cost_multiplier": 17, "starts": 100 }
    ]
  }
]
