[
{
"id":"metal_recycler_extendmod",
"type":"TOOL",
"symbol":"&",
"color":"green",
"name":"钢材压缩机",
"description":"能将金属材质绞碎压缩的机台，使用建设选单设置之后使用(e)。",
"material":["steel","plastic"],
"weight":40000,
"volume":60,
"bashing":20,
"hit":-5,
"category":"tools"
},{
"type":"recipe",
"result":"metal_recycler_extendmod",
"category":"CC_OTHER",
"subcategory":"CSC_OTHER_TOOLS",
"skill_used":"mechanics",
"skills_required":[["fabrication",5],["electronics",3]],
"difficulty":6,
"time":60000,
"reversible":true,
"autolearn":true,
"book_learn":[["textbook_mechanics",5],["textbook_carpentry",5]],
"qualities":
[
{"id":"HAMMER","level":3},
{"id":"SAW_M","level":1},
{"id":"SCREW","level":1},
{"id":"WRENCH","level":1},
{"id":"GLARE","level":2}
],
"tools":[
[["welder",100],["welder_crude",125],["toolset",125],["oxy_torch",20]]
],
"components":[
[["frame",1]],
[["steel_lump",4],["steel_chunk",12]],
[["circsaw_blade",2]],
[["plastic_chunk",5]],
[["cable",10]],
[["motor_enhanced",1],["motor_large",2],["motor",4]],
[["solar_cell",2]],
[["jack_small",1],["jack_makeshift",1]]
]
},{
"type":"construction",
"description":"設置─鋼材壓縮機",
"category":"FURN",
"difficulty":5,
"time":20,
"qualities":[
[{"id":"SCREW","level":1}],
[{"id":"WRENCH","level":1}]
],
"components":[[["metal_recycler_extendmod",1]]],
"post_terrain":"t_recycler"
}
]