[
  {
    "id": "JD_mg01_turret",
    "type": "MONSTER",
    "name": "警备炮塔",
    "description": "  警备炮塔.",
    "default_faction": "WXKJ_JD",    "//":"默认派系",
    "species": [ "ROBOT" ],
    "diff": 14,
    "size": "SMALL",
    "hp": 300,
    "speed": 200,
    "material": [ "steel" ],
    "symbol": "2",
    "color": "white",
    "aggression": 40,   "//":"攻击性",
    "morale": 100,    "//":"士气",
    "armor_bash": 14,
    "armor_cut": 16,
    "luminance": 200,   "//":"发光度",
    "rarity":10,     "//":"稀有程度",
    
    "special_attacks": [
      {
        "type": "gun",
        "cooldown": 1,
        "gun_type": "AKM_wx",
        "fake_skills": [ [ "gun", 4 ], [ "rifle", 8 ] ],
        "range": 18,
        "ranges": [ [ 5, 20, "DEFAULT" ],
                        [ 0, 5, "AUTO" ]
        ],
        "require_targeting_npc": false,    
        "require_targeting_monster": true,    
        "laser_lock": true,   
        "targeting_cost": 200,     
        "targeting_timeout_extend": -10,
        "targeting_sound": "\"发现敌人,准备射击!.\"",    
        "targeting_volume": 10,    
        "no_ammo_sound": "a chk!",
        "require_sunlight": false
      }
    ],
   
    "death_function": [ "EXPLODE" ],  "//":"死亡后发生爆炸",
    "flags": [ "SEES", "NOHEAD", "ELECTRONIC", "IMMOBILE", "NO_BREATHE" ]
  }
  
  ]