[
  {
    "id": "wxkj_hmz",
    "type": "MONSTER",
    "name": "毁灭者",
    "description": "你发现了它，那么快跑吧。",
    "default_faction": "zombie",
    "species": [ "ZOMBIE" ],
    "diff": 30,
    "size": "SMALL",
    "//":"种类机器人不需要",
    "harvest": "exempt",
    "hp": 3500,
    "speed": 100,
    "material": [ "flesh" ],
    "symbol": "z",
    "color": "brown",
    "aggression": 100,
    "morale": 100,
    "armor_cut": 1,
    "anger_triggers": [ "PLAYER_WEAK" ],
    "melee_skill": 9,
    "melee_dice": 5,
    "melee_dice_sides": 4,
    "melee_cut": 1,
    "dodge": 1,
    "vision_day": 1,
    "vision_night": 3,
"special_attacks": [ { "type": "bite", "cooldown": 3 }, [ "impale", 2 ] ],
     "flags":["SEES", "SMELLS", "HEARS", "PATH_AVOID_DANGER_1", "BASHES", "DESTROYS", "BLEED", "ATTACKMON", "BONES", "LEATHER", "FAT", "WARM"]
    }

  ]