[
  {
    "id": "mg01_turret",
    "type": "MONSTER",
    "name": "警卫炮塔",
    "description": "  警卫塔是自主防御型炮塔，它会锁定最有威胁的目标并进行攻击.",
    "default_faction": "WXKJ_JD",
    "species": [ "ROBOT" ],
    "diff": 14,
    "size": "SMALL",
    "hp": 300,
    "speed": 200,
    "material": [ "steel" ],
    "symbol": "2",
    "color": "white",
    "aggression": 100,
    "morale": 100,
    "armor_bash": 14,
    "armor_cut": 16,
    "luminance": 200,
    "rarity":100,
    
    "special_attacks": [
      {
        "type": "gun",
        "cooldown": 1,
        "gun_type": "AKM_wx",
        "fake_skills": [ [ "gun", 4 ], [ "rifle", 8 ] ],
        "range": 18,
        "ranges": [ [ 0, 30, "DEFAULT" ],
                        [ 0, 8, "AUTO" ]
        ],
        "require_targeting_npc": true,    
        "require_targeting_monster": true,    
        "laser_lock": true,   
        "targeting_cost": 200,     
        "targeting_timeout_extend": -10,
        "targeting_sound": "\"瞄准完毕,准备射击!.\"",    
        "targeting_volume": 10,    
        "no_ammo_sound": "a chk!",
        "require_sunlight": false
      }
    ],
   
    "death_function": [ "EXPLODE" ],  "//":"死亡后发生爆炸",
    "flags": [ "SEES", "NOHEAD", "ELECTRONIC", "IMMOBILE", "NO_BREATHE" ]
  }
  
  ]