[
	{
		"//": "幸存者系列背包，2側收納彈匣",
        "id" : "survivor_runner_pack",
	    "copy-from": "survivor_runner_pack",
		"name": { "str": "survivor runner pack" },
        "type" : "ARMOR",
        "use_action" : {
			"type": "holster",
			"holster_prompt": "Stash ammo",
			"holster_msg": "You stash your %s.",
			"multi": 2,
			"min_volume": 1,
			"max_volume": 2,
			"draw_cost": 50,
			"flags": [ "MAG_COMPACT" ]
        }
	},{
        "id" : "survivor_pack",
	    "copy-from": "survivor_pack",
		"name": { "str": "survivor backpack" },
        "type" : "ARMOR",
		"use_action": {
		  "type": "holster",
		  "holster_prompt": "Stash ammo",
		  "holster_msg": "You stash your %s.",
		  "multi": 2,
		  "min_volume": 1,
		  "max_volume": 3,
		  "draw_cost": 60,
		  "flags": [ "MAG_COMPACT" ]
		}
	},{
        "id" : "survivor_rucksack",
	    "copy-from": "survivor_rucksack",
		"name": { "str": "survivor rucksack" },
        "type" : "ARMOR",
		"use_action": 
		{
		  "type": "holster",
		  "holster_prompt": "Stash ammo",
		  "holster_msg": "You stash your %s.",
		  "multi": 4,
		  "min_volume": 1,
		  "max_volume": 4,
		  "draw_cost": 60,
		  "flags": [ "MAG_COMPACT", "MAG_BULKY" ]
		}
	},{
        "id" : "survivor_duffel_bag",
	    "copy-from": "survivor_duffel_bag",
		"name": { "str": "survivor duffel bag" },
        "type" : "ARMOR",
		"use_action": 
		{
		  "type": "holster",
		  "holster_prompt": "Stash ammo",
		  "holster_msg": "You stash your %s.",
		  "multi": 4,
		  "min_volume": 1,
		  "max_volume": 4,
		  "draw_cost": 60,
		  "flags": [ "MAG_COMPACT", "MAG_BULKY" ]
		}
	}

]