[
	{
		"id": "flintlock_ammo_magic",
		"type": "AMMO",
		"name": "纸制子弹(魔弾)",
		"description": "内包了黑色火药和金属制抛射物的纸制子弹。抛射物上刻着魔法的纹路。根据魔弹的传说，前6发一定会击中目标，而第7发一定会击中不希望击中的目标，在发射后会飞向另一个目标。--《自由射手》（Der Freischütz），德国作曲家韦伯的代表作。",
		"weight": 40,
		"volume": 1,
		"price": 1100,
		"material": [ "lead", "powder" ],
		"symbol": "=",
		"color": "white",
		"count": 7,
		"stack_size": 7,
		"ammo_type": "flintlock",
		"range": 6,
		"damage": 50,
		"dispersion": 90,
		"recoil": 1500,
		"loudness": 70,
		"effects": [ "COOKOFF", "MUZZLE_SMOKE", "SHOT", "BOUNCE", "NEVER_MISFIRES" ]
	}
]
