[
{
		"type" : "item_group",
		"subtype": "collection",
		"comment": "君主蛇掉落",	
		"id": "mon_drop_jzs0",
		"entries":
	[
	{ "item": "SKJB", "count": [100,600] }
	]
},
{
		"type" : "item_group",
		"subtype": "collection",
		"comment": "君主蛇掉落",	
		"id": "mon_drop_jzs1",
		"entries":
	[
	{ "item": "wx_baby_jzs1", "count": [1,1] }
	]
},
{
		"type" : "MONSTER",
		"id" : "mon_wxkj_jzs1",
		"copy-from" : "mon_wxkj_jzs1",
		"death_drops": 
		{
			"subtype": "collection",
			"groups": 
		[	
    		[ "mon_drop_jzs1", 10 ],
			[ "mon_drop_jzs0", 90 ]
			
		]
		}
}
]