  [
  {
    "id": "mon_wxkj_jzs1",
    "type": "MONSTER",
    "name": "君主蛇",
    "description": "君主蛇是一个拥有着长形蛇状浅绿色身躯的宝可梦。和进化前的藤藤蛇或青藤蛇不同，进化后的君主蛇失去了后肢，前肢退化为只剩下叶子，但尾巴末端附近长出了三片深绿色的叶子。它的身上有着黄色的花纹，如同皇家的高贵纹路一般。而脖子附近的两个卷开一样的叶藤，就像西装的领子袖口一样。君主蛇的眼睛是红色的，整个给人一种高贵又霸气的感觉。",
    "categories": [ "WILDLIFE" ],
    "species": [ "MAMMAL" ],
    "default_faction": "jzs_family",
    "harvest": "mammal_tiny",
    "diff": 30,
    "size": "LARGE",
    "volume": "5 ml",
    "weight": 10,
    "hp": 708,
    "//":"1.5x2",
    "speed": 357,
    "material": [ "flesh" ],
    "symbol": "U",
    "color": "light_gray",
    "aggression": 70,
    "morale": 100,
    "melee_skill": 8,
    "melee_dice_sides": 10,
    "melee_dice": 2,
    "melee_cut": 56,
    "melee_bash": 56,
    "dodge": 9,
    "armor_bash": 32,
    "armor_cut": 32, 
    "vision_day": 30,
    "vision_night": 30,
    "path_settings": { "max_dist": 30 },
    "anger_triggers": [ "HURT", "FRIEND_ATTACKED","FRIEND_DIED",  "PLAYER_CLOSE","STALK"],
    "placate_triggers": [ "MEAT" ],
    "reproduction": { "baby_monster": "mon_wxkj_tts1", "baby_count": 1, "baby_timer": 365 },
    "baby_flags": [ "SPRING", "SUMMER", "AUTUMN" ],
     "special_attacks": 
     [
      [ "wxkj_tbcr", 15 ],
      ["wxkj_dyps",25],
      { "type": "spell", "spell_data": { "id": "wxkj_sqbb_ghzy", "min_level": 3 }, "cooldown": 30 },
      {
        "cooldown":20,
        "type": "gun",
        "gun_type": "wxkj_JN_fykd",
        "fake_skills": [ [ "gun", 9 ], [ "rifle", 9 ] ],
        "range": 15,
        "ranges": [ [ 0, 15, "AUTO" ] ],
        "require_targeting_npc": true,    
        "require_targeting_monster": true,    
        "laser_lock": true,   
        "targeting_cost": 50,     
        "targeting_timeout_extend": -10,
        "targeting_sound": "\"咝吼吼～(君主蛇控制着叶片在空中疾速旋转着.)\"",   
        "targeting_volume": 100,    
        "require_sunlight": false
      }
     ],   
    "death_function": [ "MELT" ],
    "flags": [ "SEES", "HEARS", "SMELLS", "ANIMAL", "PATH_AVOID_DANGER_2", "WARM", "FUR",  "FAT","DOGFOOD",
   "PET_MOUNTABLE","POISON"
      ]
  }
  
  ]