[{
        "//": "This is an insect, a manipulating alien parasite similar to the half-life's head crab. Due to coding limitations, things are lot more complicated.",
        "id": "mon_insect_saddler_brood",
        "type": "MONSTER",
        "name": "育母蜘蛛",
        "description": "恶魔般的巨大马鞍，无数绿色多毛的细腿覆盖着它的整个底部。在他们下面发出一种沉重的，可怕的声音，然而…….",
        "default_faction": "saddler",
        "species": ["INSECT"],
        "volume": "62500 ml",
        "weight": 81500,
        "hp": 170,
        "speed": 15,
        "material": ["flesh"],
        "harvest": "meatslug",
        "symbol": "H",
        "attack_cost": 200,
        "color": "magenta_green",
        "aggression": 5,
        "morale": 100,
        "melee_skill": 8,
        "melee_dice": 4,
        "melee_dice_sides": 4,
        "melee_cut": 2,
        "special_attacks": [{
                "type": "spell",
                "spell_data": { "id":"mon_insect_saddler_brood_birth_target"},
                "cooldown": 20,
                "monster_message": "<color_yellow>The saddler broodmother gave birth to baby saddlers!</color>"
            }
        ],
        "anger_triggers": ["FRIEND_ATTACKED", "FRIEND_DIED"],
        "armor_bash": 22,
        "armor_cut": 20,
        "armor_stab": 20,
        "vision_day": 12,
        "death_function": ["NORMAL"],
        "flags": ["SEES", "HEARS", "SMELLS", "NO_BREATHE", "CLIMBS", "BASHES", "POISON", "BONES", "QUEEN"]
    }, {
        "id": "mon_insect_saddler_baby_potent",
        "type": "MONSTER",
        "name": "幼年育母蜘蛛",
        "description": "一个腐坏的，不成熟的，由于无力的四肢没有命令地抽搐，经常绊倒.",
        "default_faction": "saddler",
        "species": ["INSECT"],
        "volume": "750 ml",
        "weight": 1000,
        "hp": 5,
        "speed": 35,
        "material": ["flesh"],
        "harvest": "meatslug",
        "symbol": "h",
        "color": "light_green",
        "anger_triggers": ["FRIEND_ATTACKED", "FRIEND_DIED"],
        "aggression": 100,
        "morale": 100,
        "melee_skill": 0,
        "melee_dice": 1,
        "melee_dice_sides": 2,
        "melee_cut": 1,
        "upgrades": {
            "age_grow": 6,
            "half_life": 1,
            "into": "mon_insect_saddler"
        },
        "special_attacks": [{
                "type": "spell",
                "spell_data": { "id":"mon_insect_saddler_baby_potent_target"},
                "cooldown": 100,
                "monster_message": "<color_magenta>The bady saddler twitches...</color>"
            }
        ],
        "vision_day": 4,
        "death_function": ["NORMAL"],
        "flags": ["SEES", "HEARS", "SMELLS", "NO_BREATHE", "CLIMBS", "BASHES", "POISON", "STUMBLES", "LARVA"]
    }, {
        "id": "mon_insect_saddler_baby",
        "type": "MONSTER",
        "name": "育母蜘蛛",
        "description": "一个腐坏的，不成熟的，由于无力的四肢没有命令地抽搐，经常绊倒.",
        "default_faction": "saddler",
        "species": ["INSECT"],
        "volume": "750 ml",
        "weight": 1000,
        "hp": 5,
        "speed": 35,
        "material": ["flesh"],
        "harvest": "meatslug",
        "symbol": "h",
        "color": "light_green",
        "anger_triggers": ["FRIEND_ATTACKED", "FRIEND_DIED"],
        "aggression": 0,
        "morale": 0,
        "melee_skill": 0,
        "melee_dice": 1,
        "melee_dice_sides": 2,
        "melee_cut": 1,
        "upgrades": {
            "age_grow": 6,
            "half_life": 1,
            "into": "mon_insect_saddler"
        },
        "vision_day": 4,
        "death_function": ["NORMAL"],
        "flags": ["SEES", "HEARS", "SMELLS", "NO_BREATHE", "CLIMBS", "BASHES", "POISON", "STUMBLES", "LARVA"]
    }, {
        "id": "mon_insect_saddler",
        "type": "MONSTER",
        "name": "异形蜘蛛",
        "description": "一种形似外星人的昆虫，有着细长的四肢，小眼睛和皮包骨。它驼背的头部和巨大的底部裂缝表明它的器官并没有以动物的方式运作.",
        "default_faction": "saddler",
        "species": ["INSECT"],
        "volume": "4000 ml",
        "weight": 4000,
        "harvest": "meatslug",
        "hp": 20,
        "speed": 100,
        "material": ["flesh"],
        "symbol": "h",
        "anger_triggers": ["FRIEND_ATTACKED", "FRIEND_DIED"],
        "color": "green",
        "aggression": 5,
        "morale": 5,
        "melee_skill": 2,
        "melee_dice": 1,
        "melee_dice_sides": 3,
        "melee_cut": 2,
        "armor_bash": 2,
        "armor_stab": 1,
        "vision_day": 6,
        "special_attack": [
    { "type": "leap", "cooldown": 60, "max_range": 4 },
	{ "type": "leap", "cooldown": 15, "max_range": 3, "min_range": 2, "allow_no_target": true }
		],
        "death_function": ["NORMAL"],
        "flags": ["SEES", "HEARS", "SMELLS", "NO_BREATHE", "CLIMBS", "BASHES", "POISON"]
    }, {
        "id": "mon_insect_saddler_brute",
        "type": "MONSTER",
        "name": "变异异形蜘蛛",
        "description": "有一个巨大的驼峰和四肢是其前身的两倍大的鞍具。与其他人不同的是，它的原始本能更倾向于凶猛的攻击.",
        "default_faction": "saddler",
        "species": ["INSECT"],
        "volume": "18000 ml",
        "weight": 10500,
        "harvest": "meatslug",
        "hp": 65,
        "speed": 65,
        "material": ["flesh"],
        "symbol": "h",
        "anger_triggers": ["FRIEND_ATTACKED", "FRIEND_DIED"],
        "color": "dark_gray",
        "aggression": 50,
        "morale": 25,
        "melee_skill": 4,
        "melee_dice": 2,
        "melee_dice_sides": 4,
        "melee_cut": 2,
        "vision_day": 12,
        "armor_bash": 4,
        "armor_cut": 1,
        "armor_stab": 2,
        "special_attack": [
    { "type": "leap", "cooldown": 120, "max_range": 4 },
	{ "type": "leap", "cooldown": 30, "max_range": 3, "min_range": 2, "allow_no_target": true }
		],
        "death_function": ["NORMAL"],
        "flags": ["SEES", "HEARS", "SMELLS", "NO_BREATHE", "CLIMBS", "BASHES", "POISON", "PUSH_MON"]
    }, {
        "id": "mon_insect_saddler_scout",
        "type": "MONSTER",
        "name": "迅捷异形蜘蛛",
        "description": "一种纤细的鞍形物，在它锋利的四肢上游动时流着口水。体弱多病，擅长一路冲刺，达到目标.",
        "default_faction": "saddler",
        "species": ["INSECT"],
        "volume": "4750 ml",
        "weight": 4750,
        "harvest": "meatslug",
        "hp": 30,
        "speed": 110,
        "material": ["flesh"],
        "symbol": "h",
        "anger_triggers": ["FRIEND_ATTACKED", "FRIEND_DIED"],
        "color": "red",
        "aggression": 50,
        "morale": 25,
        "melee_skill": 4,
        "melee_dice": 1,
        "melee_dice_sides": 2,
        "melee_cut": 4,
        "dodge": 5,
        "vision_day": 15,
        "armor_bash": 1,
        "special_attack": [
    { "type": "leap", "cooldown": 30, "max_range": 4 },
	{ "type": "leap", "cooldown": 15, "max_range": 3, "min_range": 2, "allow_no_target": true }
		],
        "death_function": ["NORMAL"],
        "flags": ["SEES", "HEARS", "SMELLS", "NO_BREATHE", "CLIMBS", "BASHES", "POISON"]
    }, {
    	"//": "Saddlers are stronger when they manipulate a creature. Living, sentient creatures (humans, which are rare for saddlers to seek for) possesses more raw strength than undeads (zeds are common due to cataclysm).",
        "id": "mon_saddler_infected",
        "type": "MONSTER",
        "name": "被寄生虫感染的僵尸",
        "description": "曾经是人类，现在一条粗壮的血管屈服于寄生恶魔。它的整个头部都被寄生虫的裂口“吃掉”，而它的手则变成了粘乎乎乎的利爪。它痛苦地呻吟着，当你靠近它时，可以听到一些低沉、听不见的咕哝声.",
        "default_faction": "saddler",
        "species": ["HUMAN"],
        "volume": "62500 ml",
        "weight": 81500,
        "hp": 180,
        "harvest": "human",
        "speed": 70,
        "material": ["hflesh"],
        "symbol": "@",
        "color": "green",
        "aggression": 100,
        "morale": 100,
        "//": "+4 melee skill for the living, +2 for zed.",
        "melee_skill": 6,
        "melee_dice": 1,
        "melee_dice_sides": 6,
        "melee_cut": 6,
        "dodge": 1,
        "armor_bash": 8,
        "armor_cut": 2,
        "armor_stab": 4,
        "special_attacks": [{
                "type": "bite",
                "cooldown": 25
            },
            ["GRAB", 40],
            ["scratch", 32], ["PARROT", 22]
        ],
        "//": "The saddler detaches from the host after its death.",
        "death_drops": {
            "subtype": "collection",
            "groups": ["default_zombie_death_drops", "mon_insect_saddler_death_drop"]
        },
        "death_function": ["NORMAL"],
        "flags": ["SEES", "HEARS", "SMELLS", "WARM", "BASHES", "GROUP_BASH", "POISON", "NO_BREATHE", "BONES", "FILTHY", "GRABS"]
    }, {
        "id": "mon_saddler_infected_brute",
        "type": "MONSTER",
        "name": "狂暴寄生虫僵尸",
        "description": "一个驼背的人被残忍的寄生虫控制住了。它脏兮兮的爪子上散发着鲜血的臭味，这暗示着它的突然变化导致了它增厚的皮肤层可见的小缺陷.",
        "default_faction": "saddler",
        "species": ["HUMAN"],
        "volume": "62500 ml",
        "weight": 81500,
        "hp": 220,
        "harvest": "human",
        "speed": 60,
        "material": ["hflesh"],
        "symbol": "@",
        "color": "dark_gray",
        "aggression": 100,
        "morale": 100,
        "melee_skill": 8,
        "melee_dice": 3,
        "melee_dice_sides": 6,
        "melee_cut": 4,
        "armor_bash": 16,
        "armor_cut": 4,
        "armor_stab": 8,
        "special_attacks": [{
                "type": "bite",
                "cooldown": 25
            },
            ["GRAB", 40],
            ["scratch", 32], ["PARROT", 22]
        ],
        "death_drops": {
            "subtype": "collection",
            "groups": ["default_zombie_death_drops", "mon_insect_saddler_brute_death_drop"]
        },
        "death_function": ["NORMAL"],
        "flags": ["SEES", "HEARS", "SMELLS", "WARM", "BASHES", "GROUP_BASH", "POISON", "NO_BREATHE", "BONES", "FILTHY", "GRABS"]
    }, {
        "id": "mon_saddler_infected_scout",
        "type": "MONSTER",
        "name": "迅捷寄生虫僵尸",
        "description": "一种被感染的人，身体细长，似乎很灵活，爪子弯曲成一对可怕的锋利的刀子。然而致命的是，它的改变会使宿主的肉和内脏变得致密，从而使其重要的四肢变得非常脆弱.",
        "default_faction": "saddler",
        "species": ["HUMAN"],
        "volume": "62500 ml",
        "weight": 81500,
        "hp": 80,
        "harvest": "human",
        "speed": 105,
        "material": ["hflesh"],
        "symbol": "@",
        "color": "red",
        "aggression": 100,
        "morale": 100,
        "melee_skill": 8,
        "melee_dice": 1,
        "melee_dice_sides": 3,
        "melee_cut": 8,
        "dodge": 5,
        "armor_bash": 4,
        "armor_cut": 1,
        "armor_stab": 2,
        "special_attacks": [{
                "type": "bite",
                "cooldown": 25
            },
            ["GRAB", 40],
            ["scratch", 32], ["PARROT", 22]
        ],
        "death_drops": {
            "subtype": "collection",
            "groups": ["default_zombie_death_drops", "mon_insect_saddler_scout_death_drop"]
        },
        "death_function": ["NORMAL"],
        "flags": ["SEES", "HEARS", "SMELLS", "WARM", "BASHES", "GROUP_BASH", "POISON", "NO_BREATHE", "BONES", "FILTHY", "GRABS"]
    }, {
        "id": "mon_zombie_saddler_infected",
        "type": "MONSTER",
        "name": "寄生虫G僵尸",
        "description": "一具大而瘦的头上滴着黑色黏液的尸体，还有一双可怕的利爪。不知道马鞍者是如何操纵这个不死生物的思想的，但它的感官肯定是迟钝的，身体的变化被放大了，不像活人.",
        "default_faction": "saddler",
        "species": ["ZOMBIE"],
        "volume": "62500 ml",
        "weight": 81500,
        "hp": 125,
        "harvest": "zombie",
        "speed": 55,
        "material": ["flesh"],
        "symbol": "Z",
        "color": "green",
        "aggression": 100,
        "morale": 100,
        "melee_skill": 4,
        "melee_dice": 1,
        "melee_dice_sides": 4,
        "melee_cut": 5,
        "dodge": 1,
        "armor_bash": 4,
        "armor_cut": 1,
        "armor_stab": 2,
        "special_attacks": [{
                "type": "bite",
                "cooldown": 25
            },
            ["GRAB", 40],
            ["scratch", 32]
        ],
        "vision_day": 10,
        "vision_night": 2,
        "death_drops": {
            "subtype": "collection",
            "groups": ["default_zombie_death_drops", "mon_insect_saddler_death_drop"]
        },
        "death_function": ["NORMAL"],
        "flags": ["SEES", "HEARS", "SMELLS", "WARM", "BASHES", "GROUP_BASH", "POISON", "NO_BREATHE", "BONES", "FILTHY", "GRABS"]
    }, {
        "id": "mon_zombie_saddler_infected_brute",
        "type": "MONSTER",
        "name": "寄生虫僵尸进化体",
        "description": "一个粗犷的僵尸，头和手都是拱形的，变成了骨瘦如柴的爪子。它的身体可以承受多次打击，但皮肤的僵硬使它的动作看起来像是残废了.",
        "default_faction": "saddler",
        "species": ["ZOMBIE"],
        "volume": "62500 ml",
        "weight": 81500,
        "hp": 170,
        "harvest": "zombie",
        "speed": 45,
        "material": ["flesh"],
        "symbol": "Z",
        "color": "dark_gray",
        "aggression": 100,
        "morale": 100,
        "melee_skill": 6,
        "melee_dice": 2,
        "melee_dice_sides": 6,
        "melee_cut": 3,
        "armor_bash": 8,
        "armor_cut": 2,
        "armor_stab": 4,
        "special_attacks": [{
                "type": "bite",
                "cooldown": 25
            },
            ["GRAB", 40],
            ["scratch", 32]
        ],
        "vision_day": 10,
        "vision_night": 2,
        "death_drops": {
            "subtype": "collection",
            "groups": ["default_zombie_death_drops", "mon_insect_saddler_brute_death_drop"]
        },
        "death_function": ["NORMAL"],
        "flags": ["SEES", "HEARS", "SMELLS", "WARM", "BASHES", "GROUP_BASH", "POISON", "NO_BREATHE", "BONES", "FILTHY", "GRABS"]
    }, {
        "id": "mon_zombie_saddler_infected_scout",
        "type": "MONSTER",
        "name": "迅捷寄生虫僵尸进化体",
        "description": "一种瘦削的尸体，头部和手臂的长度是平均长度的两倍，顶端有凶猛的利爪。尽管它瘦弱的身体，它的敏捷动作超过了大多数目标.",
        "default_faction": "saddler",
        "species": ["ZOMBIE"],
        "volume": "62500 ml",
        "weight": 81500,
        "hp": 55,
        "harvest": "zombie",
        "speed": 100,
        "material": ["flesh"],
        "symbol": "Z",
        "color": "red",
        "aggression": 100,
        "morale": 100,
        "melee_skill": 6,
        "melee_dice": 1,
        "melee_dice_sides": 3,
        "melee_cut": 7,
        "dodge": 4,
        "armor_bash": 2,
        "armor_stab": 1,
        "special_attacks": [{
                "type": "bite",
                "cooldown": 25
            },
            ["GRAB", 40],
            ["scratch", 32]
        ],
        "death_drops": {
            "subtype": "collection",
            "groups": ["default_zombie_death_drops", "mon_insect_saddler_scout_death_drop"]
        },
        "death_function": ["NORMAL"],
        "flags": ["SEES", "HEARS", "SMELLS", "WARM", "BASHES", "GROUP_BASH", "POISON", "NO_BREATHE", "BONES", "FILTHY", "GRABS"]
    }
]
