[{
        "id": "mon_zombieworm_noxeater",
        "type": "MONSTER",
        "name": "食腐蛆",
        "description": "一种大而松弛的蠕虫，在它的小嘴里有成百上千颗可怕的牙齿。它开始喜欢吃坏死的肉.",
        "default_faction": "zombie",
        "species": ["ZOMBIE", "WORM"],
        "volume": "30000 ml",
        "weight": 40750,
        "harvest": "zombie",
        "hp": 40,
        "speed": 60,
        "material": ["flesh"],
        "symbol": "⟆",
        "color": "pink",
        "aggression": 50,
        "morale": 50,
        "melee_skill": 4,
        "melee_dice": 1,
        "melee_dice_sides": 4,
        "melee_cut": 2,
        "dodge": 1,
        "special_attacks": [{
                "type": "bite",
                "cooldown": 12,
                "accuracy": 4,
                "damage_max_instance": [{
                        "damage_type": "stab",
                        "amount": 8,
                        "armor_multiplier": 0.3
                    }, {
                        "damage_type": "bash",
                        "amount": 8,
                        "armor_multiplier": 0.3
                    }
                ]
            }
        ],
        "death_function": ["NORMAL"],
        "anger_triggers": ["HURT"],
        "upgrades": {
            "half_life": 6,
            "into_group": "GROUP_NOX_UPGRADE"
        },
        "flags": ["DIGS", "CAN_DIG", "HEARS", "GOODHEARING", "WARM"]
    }, {
		"//": "More on dealing damage.",
        "id": "mon_zombieworm_gravedigger",
        "type": "MONSTER",
        "name": "变异食腐蛆",
        "description": "一种巨大的，深红色的蠕虫，它的厚皮像一块坚硬的橡胶。它的尖牙下有成千上万的狼牙.",
        "default_faction": "zombie",
        "species": ["ZOMBIE", "WORM"],
        "volume": "875000 ml",
        "weight": 200000,
        "harvest": "zombie",
        "hp": 525,
        "speed": 30,
        "//": "Super slow",
        "material": ["flesh"],
        "symbol": "⚕",
        "color": "red",
        "aggression": 50,
        "morale": 50,
        "melee_skill": 8,
        "melee_dice": 2,
        "melee_dice_sides": 6,
        "melee_cut": 6,
        "dodge": 1,
        "armor_bash": 18,
        "armor_cut": 4,
        "armor_stab": 1,
        "special_attacks": [{
                "type": "bite",
                "cooldown": 27,
                "accuracy": 8,
                "damage_max_instance": [{
                        "damage_type": "stab",
                        "amount": 30,
                        "armor_multiplier": 0.4
                    }, {
                        "damage_type": "bash",
                        "amount": 30,
                        "armor_multiplier": 0.4
                    }
                ]
            }
        ],
        "anger_triggers": ["HURT"],
        "death_function": ["NORMAL"],
        "flags": ["DIGS", "CAN_DIG", "HEARS", "GOODHEARING", "SMELLS", "WARM", "PLASTIC"]
    },
    {
		"//": "More on dealing ranged damage.",
        "id": "mon_zombieworm_wriggly",
        "type": "MONSTER",
        "name": "深渊食腐蛆",
        "description": "一种巨大的蠕虫，有成百上千的触须，不断地从它病态的淡红色皮肤上扭来扭去。松软的头下露出一排凶恶的牙齿，深深地伴随着紧密的卷须.",
        "default_faction": "zombie",
        "species": ["ZOMBIE", "WORM"],
        "volume": "875000 ml",
        "weight": 200000,
        "harvest": "zombie",
        "hp": 710,
        "speed": 20,
        "material": ["flesh"],
        "symbol": "☤",
        "color": "light_red",
        "aggression": 50,
        "morale": 50,
        "dodge": 1,
        "melee_skill": 10,
        "melee_dice": 2,
        "melee_dice_sides": 8,
        "melee_cut": 4,
        "special_attacks": [{
                "type": "spell",
                "spell_data": { "id":"mon_zombieworm_wriggly_target"},
                "cooldown": 40,
                "monster_message": "<color_yellow>%1$s's tentacles pierces through %3$s</color>!"
            }, {
                "type": "bite",
                "cooldown": 22,
                "accuracy": 7,
                "damage_max_instance": [{
                        "damage_type": "stab",
                        "amount": 23,
                        "armor_multiplier": 0.5
                    }, {
                        "damage_type": "bash",
                        "amount": 23,
                        "armor_multiplier": 0.2
                    }
                ]
            }
        ],
        "armor_bash": 8,
        "armor_cut": 1,
        "armor_stab": 1,
        "death_function": ["NORMAL"],
        "anger_triggers": ["HURT"],
        "flags": ["DIGS", "CAN_DIG", "HEARS", "SMELLS", "GOODHEARING", "WARM"]
    },
    {
		"//": "Both deals damage and inflicts debuff.",
        "id": "mon_zombieworm_mawy",
        "type": "MONSTER",
        "name": "远古食腐蛆",
        "description": "一种巨大的蠕虫，它的起源很神秘。它闪闪发光的白色表面描绘了它狡猾的本性，但一旦它试图大饱眼福，它的胃就可以释放出一股网状的肉，里面有一张嘴，可以从远处进食.",
        "default_faction": "zombie",
        "species": ["ZOMBIE", "WORM"],
        "volume": "875000 ml",
        "weight": 200000,
        "harvest": "zombie",
        "hp": 440,
        "speed": 35,
        "material": ["flesh"],
        "symbol": "⨛",
        "color": "white",
        "aggression": 50,
        "morale": 50,
        "emit_fields": ["emit_mawy_web_immunity"],
        "melee_skill": 10,
        "melee_dice": 4,
        "melee_dice_sides": 6,
        "melee_cut": 4,
        "vision_day": 7,
        "vision_night": 1,
        "special_attacks": [{
                "type": "spell",
                "spell_data": { "id":"mon_zombieworm_mawy_target_random"},
                "cooldown": 22,
				"self": true,
                "monster_message": "<color_yellow>%1$s points its orifice at %3$s...</color>"
            }, {
                "type": "bite",
                "cooldown": 16,
                "accuracy": 5,
                "damage_max_instance": [{
                        "damage_type": "stab",
                        "amount": 20,
                        "armor_multiplier": 0.75,
                        "damage_multiplier": 0.75
                    }, {
                        "damage_type": "bash",
                        "amount": 20,
                        "armor_multiplier": 0.5
                    }
                ]
            }
        ],
        "armor_bash": 12,
        "armor_cut": 2,
        "armor_stab": 2,
        "dodge": 2,
        "death_function": ["NORMAL"],
        "anger_triggers": ["HURT"],
        "flags": ["DIGS", "CAN_DIG", "SEES", "HEARS", "SMELLS", "WEBWALK", "WARM"]
    }
]
