[
  {
    "type": "mapgen",
    "method": "json",
    "om_terrain": [ "KDYG_SL_mj_00" ],
    "object": {
      "fill_ter": "t_grass",
      "rows": [
        "baababbaaabbabbabbaabaac",   
        "aababaabbbaabaabaabbaaac",     
        "ababbaabaabaabbabbaaabba",
        "abacccccccccccccccccbaaa",
        "abbcccccddccccccccbbaaaa",
        "baacccccccccccccccbbaaaa",
        "babbbbbccbbbbbcccccbccca",
        "abaaaabccbbbccddccbcddca",
        "bbaaaabccccbbcccccbcddca",
        "aabaaabcccccccccccbcddca",
        "baddaabbbeebbcccccbcccca",
        "abaaaeeaabcccbbccccbaaaa",
        "bbbaaaabcccbcbccccbbbaaa",
        "baabbddbbcbcbbccccccbbee",
        "abbaaddacccdddccccccccce",
        "bbaaaddbbeedddcccccccccc",
        "abaaaaabcccdddccccccccce",
        "abbaeaabcccdddbbbccccbbb",   
        "baaabbaddabbaaaddccccdda",
        "baeaabbddaabbaabbcccceaa",
        "bbaabaaddaaaaaaddccccdea",
        "abaaabbaabaaaaabbccccaaa",
        "abbaaeabbbaaabaddcccceaa",  
        "baaaabbaeddeaaaddceecccc" 
     
      ],
      "terrain": {
        "a": "t_grass_tall",
        "b": "t_tree_wxkj_mj1",
        "c": "t_wxkj_kdyg_cc",
        "d": "t_wxkj_kdyg_xh",
        "e": "t_tree_wxkj_kdyg0",
        "r": "t_pavement_y",
        "f": "t_window"
      },
       "place_monster": 
       [
            {
              "monster": "mon_wxkj_mwzz1",
                "x": [ 3, 18 ],
                "y": [ 3, 18 ],
                "chance": 50, 
                "repeat": [ 0, 1 ]
            },
            {
              "monster": "mon_wxkj_tts1",
                "x": [ 3, 18 ],
                "y": [ 3, 18 ],
                "chance": 50, 
                "repeat": [ 0, 1 ]
            }
       ],
          
      "furniture": { "g": "f_table", "h": "f_chair", "i": "f_sandbag_half", "j": "f_standing_tank" }
    }
  },
  {
        "type" : "overmap_terrain",
        "id" : "KDYG_SL_mj_00",
        "name" : "森林秘境",
        "symbol": "F",
        "color" : "green",        
        "see_cost" : 5
    }

    
    
]