[
  {
    "type": "mapgen",
    "method": "json",
    "om_terrain": [ "KDYG_SL_mj_11" ],
    "object": {
      "fill_ter": "t_grass",
      "rows": [
        "adadadecccccaeaccccccddc",   
        "ccccccebccbaddabcdcbaacc",     
        "ccccccceccccbaabccbaaaac",
        "ccddccbcdcbcddccccbadaaa",
        "ccccbccccccccccccbeadaba",
        "ccccccbcccbccccccbaeeaaa",
        "abccbaabccbccccccbadaacc",
        "abcceccdccccccccccedaaaa",
        "aebcccbeccccbebccccccaba",
        "adaebcceccbaaabcccfcccac",
        "adecccccccbeaabccccccccc",
        "ccbccccbcccbebecccbaccba",
        "cccccccbecccbdbcdcbaaaaa",
        "ccccccbecccccbcccbaaaaaa",
        "ccbebdaaacccddccceaaaaba",
        "ddabeaccbabccaccbaddaaaa",
        "aaaaabeddaebcccccaddaaba",
        "ccccccccbaabccccaaeaaacc",   
        "cccbccdcbabccbecccddaaaa",
        "ccccddcccccecccccccccaba",
        "ccccccccccbcccbcccccbaaa",
        "daccbebaaacccaccbcccaeba",
        "aaaccacacccccaccaacaccaa",  
        "accaacacacccccaaccacaacc" 
    
      ],
      "terrain": {
        "a": "t_grass_tall",
        "b": "t_tree_wxkj_mj1",
        "c": "t_wxkj_kdyg_cc",
        "d": "t_wxkj_kdyg_xh",
        "e": "t_tree_wxkj_kdyg0",
        "r": "t_pavement_y",
        "f": "t_mj_door00"
      },     
      "furniture": { "g": "f_table", "h": "f_chair", "i": "f_sandbag_half", "j": "f_standing_tank" }
    }
  },
  {
        "type" : "overmap_terrain",
        "id" : "KDYG_SL_mj_11",
        "name" : "森林秘境",
        "symbol": "F",
        "color" : "green",        
        "see_cost" : 5
    },
    {
    "type" : "start_location",
    "ident" : "start_SL_mj_11",  
    "//":"角色出生地点",
    "name" : "森林秘境", 
    "target" : "KDYG_SL_mj_11"
  }

    
    
]