[
{
        "type" : "overmap_special",
        "id" : "kdyg_sl_z2",
        "overmaps" : [
        { "point":[0,0,-1], 
        "overmap":"KDYG_SL_mj_00_north"}, 
        { "point":[0,1,-1], 
        "overmap":"KDYG_SL_mj_01_north"},
        { "point":[0,2,-1], 
        "overmap":"KDYG_SL_mj_02_north"}, 
        { "point":[1,0,-1],
        "overmap": "KDYG_SL_mj_10_north"},
        { "point":[1,1,-1], 
        "overmap":"KDYG_SL_mj_11_north"},
        { "point":[1,2,-1], 
        "overmap":"KDYG_SL_mj_12_north"},
        { "point":[2,0,-1], 
        "overmap":"KDYG_SL_mj_20_north"},
        { "point":[2,1,-1], 
        "overmap":"KDYG_SL_mj_21_north"},
        { "point":[2,2,-1], 
        "overmap":"KDYG_SL_mj_22_north"}
        ],
        "locations" : [ "forest", "wilderness" ],
        "city_distance": [ 0, 24 ],       
        "occurrences": [ 1, 2 ],
        "rotate" : true
        
    }
    
    
    ]