[
   {
        "type" : "terrain",
        "id" : "t_mj_ys",
        "name": "魔晶原石矿",
        "description": "魔晶原石矿",
        "symbol": "LINE_OXOX",
        "color": "light_gray",
        "move_cost": 0,
        "flags": ["NOITEM", "REDUCE_SCENT", "WALL", "AUTO_WALL_SYMBOL"],
        "connects_to": "WALL",
        "bash": {
            "str_min": 10, "str_max": 100,
            "sound": "crash!",
            "sound_fail": "whump!",
            "ter_set": "t_dirt",
            "items": "wxkj_mj_group"
        }
    }
]