[
	{
		"type" : "ammunition_type",
		"id" : "MJK_type",
		"name" : "魔晶块",
		"default" : "MJK"	
	},{
		"type" : "AMMO",
		"id" : "MJK",
		"category" : "wxkj_ore",
		"name" : "魔晶块",
		"name_plural" : "魔晶块",
		"volume" : 0.4,		
		"weight": 10,
		"symbol" : "'",
		"color" : "break",
		"material": "wxkj_jade_meterial",
		"description" : "一个经过加工后的魔晶块，具有多种用途.",
		"ammo_type" : "MJK_type",
		"effects" : ["NEVER_MISFIRES"]
	},
	{       
        "type":"COMESTIBLE",
        "id": "wxkj_mjk_large",
		"category" : "wxkj_ore",
        "name": "魔晶原石",
        "name_plural": "魔晶原石",
        "description": "一大块未加工过的魔晶原石,具有多种用途，最普遍的是制作成魔晶块.",
        "symbol": "=",
        "color": "red",
        "volume" : 6400,		
		"weight": 100000,
        "material": ["wxkj_jade_meterial"]
		},
		{
		"type" : "recipe",
		"result" : "MJK",
		"category" : "CC_无限商店",
		"subcategory": "CSC_无限商店_材料",
        "time": 1000,
        "reversible": false,
        "autolearn": true,
        "charges" : 49,
        "flags": ["BLIND_HARD"],
        "qualities": [ { "id": "SAW_M_FINE", "level": 1 } ],
    "components": [
      [ [ "wxkj_mjk_large", 1 ] ] 
    ]
  }
]