[
  {
    "type" : "recipe",
    "result": "plastic_chunk",
    "id_suffix": "_nanoprint_1",
    "category": "CC_NANO",
    "subcategory": "CSC_NANO_MATERIALS",
    "skill_used": "fabrication",
    "difficulty": 0,
    "time": 70,
    "reversible": false,
    "book_learn": [ [ "nanite_guide", 1 ] ],
    "flags": [ "BLIND_EASY" ],
    "qualities": [
      {"id":"NANO_FAB","level":1,"amount":1}
    ],
    "components": [
      [
        [ "3d_resin", 7]
      ]
    ]
  },{
    "type" : "recipe",
    "result": "canister_empty",
    "id_suffix": "_nanoprint_1",
    "category": "CC_NANO",
    "subcategory": "CSC_NANO_MATERIALS",
    "skill_used": "fabrication",
    "difficulty": 0,
    "time": 160,
    "reversible": false,
    "book_learn": [ [ "nanite_guide", 1 ] ],
    "flags": [ "BLIND_EASY" ],
    "qualities": [
      {"id":"NANO_FAB","level":1,"amount":1}
    ],
    "components": [
      [
        [ "3d_resin_metal", 16]
      ]
    ]
  },{
    "type" : "recipe",
    "result": "keg_steel",
    "id_suffix": "_nanoprint_1",
    "category": "CC_NANO",
    "subcategory": "CSC_NANO_MATERIALS",
    "skill_used": "fabrication",
    "difficulty": 0,
    "time": 12600,
    "reversible": false,
    "book_learn": [ [ "nanite_guide", 1 ] ],
    "flags": [ "BLIND_EASY" ],
    "qualities": [
      {"id":"NANO_FAB","level":1,"amount":1}
    ],
    "components": [
      [
        [ "3d_resin_metal", 1260]
      ]
    ]
  },{
    "type" : "recipe",
    "result": "metal_tank",
    "id_suffix": "_nanoprint_1",
    "category": "CC_NANO",
    "subcategory": "CSC_NANO_MATERIALS",
    "skill_used": "fabrication",
    "difficulty": 0,
    "time": 5670,
    "reversible": false,
    "book_learn": [ [ "nanite_guide", 1 ] ],
    "flags": [ "BLIND_EASY" ],
    "qualities": [
      {"id":"NANO_FAB","level":1,"amount":1}
    ],
    "components": [
      [
        [ "3d_resin_metal", 567]
      ]
    ]
  },{
    "type" : "recipe",
    "result": "metal_tank_little",
    "id_suffix": "_nanoprint_1",
    "category": "CC_NANO",
    "subcategory": "CSC_NANO_MATERIALS",
    "skill_used": "fabrication",
    "difficulty": 0,
    "time": 800,
    "reversible": false,
    "book_learn": [ [ "nanite_guide", 1 ] ],
    "flags": [ "BLIND_EASY" ],
    "qualities": [
      {"id":"NANO_FAB","level":1,"amount":1}
    ],
    "components": [
      [
        [ "3d_resin_metal", 80]
      ]
    ]
  },{
    "type" : "recipe",
    "result": "steel_chunk",
    "id_suffix": "_nanoprint_1",
    "category": "CC_NANO",
    "subcategory": "CSC_NANO_MATERIALS",
    "skill_used": "fabrication",
    "difficulty": 0,
    "time": 250,
    "reversible": false,
    "book_learn": [ [ "nanite_guide", 1 ] ],
    "flags": [ "BLIND_EASY" ],
    "qualities": [
      {"id":"NANO_FAB","level":1,"amount":1}
    ],
    "components": [
      [
        [ "3d_resin_metal", 25]
      ]
    ]
  },{
    "type" : "recipe",
    "result": "duct_tape",
    "id_suffix": "_nanoprint_1",
    "category": "CC_NANO",
    "subcategory": "CSC_NANO_MATERIALS",
    "skill_used": "fabrication",
    "difficulty": 0,
    "time": 800,
    "reversible": false,
    "book_learn": [ [ "nanite_guide", 1 ] ],
    "flags": [ "BLIND_EASY" ],
    "qualities": [
      {"id":"NANO_FAB","level":1,"amount":1},
      {"id":"NANOTECH","level":1,"amount":1}
    ],
    "components": [
      [
        [ "3d_resin", 80]
      ]
    ]
  },{
    "type" : "recipe",
    "result": "nail",
    "id_suffix": "_nanoprint_1",
    "category": "CC_NANO",
    "subcategory": "CSC_NANO_AMMO",
    "skill_used": "fabrication",
    "difficulty": 0,
    "time": 400,
    "reversible": false,
    "book_learn": [ [ "nanite_guide", 1 ] ],
    "flags": [ "BLIND_EASY" ],
    "qualities": [
      {"id":"NANO_FAB","level":1,"amount":1},
      {"id":"NANOTECH","level":1,"amount":1}
    ],
    "components": [
      [
        [ "3d_resin_metal", 40]
      ]
    ]
  },{
    "type" : "recipe",
    "result": "bolt_steel",
    "id_suffix": "_nanoprint_1",
    "category": "CC_NANO",
    "subcategory": "CSC_NANO_AMMO",
    "skill_used": "fabrication",
    "difficulty": 0,
    "time": 2170,
    "reversible": false,
    "book_learn": [ [ "nanite_guide", 1 ] ],
    "flags": [ "BLIND_EASY" ],
    "qualities": [
      {"id":"NANO_FAB","level":1,"amount":1},
      {"id":"NANOTECH","level":1,"amount":1}
    ],
    "components": [
      [
        [ "3d_resin_metal", 217]
      ]
    ]
  },{
    "type" : "recipe",
    "result": "arrow_metal",
    "id_suffix": "_nanoprint_1",
    "category": "CC_NANO",
    "subcategory": "CSC_NANO_AMMO",
    "skill_used": "fabrication",
    "difficulty": 0,
    "time": 630,
    "reversible": false,
    "book_learn": [ [ "nanite_guide", 1 ] ],
    "flags": [ "BLIND_EASY" ],
    "qualities": [
      {"id":"NANO_FAB","level":1,"amount":1},
      {"id":"NANOTECH","level":1,"amount":1}
    ],
    "components": [
      [
        [ "3d_resin_metal", 60]
      ],
      [
        [ "3d_resin", 3]
      ]
    ]
  },{
    "type" : "recipe",
    "result": "arrow_plastic",
    "id_suffix": "_nanoprint_1",
    "category": "CC_NANO",
    "subcategory": "CSC_NANO_AMMO",
    "skill_used": "fabrication",
    "difficulty": 0,
    "time": 80,
    "reversible": false,
    "book_learn": [ [ "nanite_guide", 1 ] ],
    "flags": [ "BLIND_EASY" ],
    "qualities": [
      {"id":"NANO_FAB","level":1,"amount":1},
      {"id":"NANOTECH","level":1,"amount":1}
    ],
    "components": [
      [
        [ "3d_resin", 8]
      ]
    ]
  },{
    "type" : "recipe",
    "result": "bottle_plastic",
    "id_suffix": "_nanoprint_1",
    "category": "CC_NANO",
    "subcategory": "CSC_NANO_MATERIALS",
    "skill_used": "fabrication",
    "difficulty": 0,
    "time": 20,
    "reversible": false,
    "book_learn": [ [ "nanite_guide", 1 ] ],
    "flags": [ "BLIND_EASY" ],
    "qualities": [
      {"id":"NANO_FAB","level":1,"amount":1},
      {"id":"NANOTECH","level":1,"amount":1}
    ],
    "components": [
      [
        [ "3d_resin", 2]
      ]
    ]
  },{
    "type" : "recipe",
    "result": "jug_plastic",
    "id_suffix": "_nanoprint_1",
    "category": "CC_NANO",
    "subcategory": "CSC_NANO_MATERIALS",
    "skill_used": "fabrication",
    "difficulty": 0,
    "time": 200,
    "reversible": false,
    "book_learn": [ [ "nanite_guide", 1 ] ],
    "flags": [ "BLIND_EASY" ],
    "qualities": [
      {"id":"NANO_FAB","level":1,"amount":1},
      {"id":"NANOTECH","level":1,"amount":1}
    ],
    "components": [
      [
        [ "3d_resin", 20]
      ]
    ]
  },{
    "type" : "recipe",
    "result": "jerrycan",
    "id_suffix": "_nanoprint_1",
    "category": "CC_NANO",
    "subcategory": "CSC_NANO_MATERIALS",
    "skill_used": "fabrication",
    "difficulty": 0,
    "time": 1590,
    "reversible": false,
    "book_learn": [ [ "nanite_guide", 1 ] ],
    "flags": [ "BLIND_EASY" ],
    "qualities": [
      {"id":"NANO_FAB","level":1,"amount":1},
      {"id":"NANOTECH","level":1,"amount":1}
    ],
    "components": [
      [
        [ "3d_resin", 159]
      ]
    ]
  },{
    "type" : "recipe",
    "result": "jerrycan_big",
    "id_suffix": "_nanoprint_1",
    "category": "CC_NANO",
    "subcategory": "CSC_NANO_MATERIALS",
    "skill_used": "fabrication",
    "difficulty": 0,
    "time": 4820,
    "reversible": false,
    "book_learn": [ [ "nanite_guide", 1 ] ],
    "flags": [ "BLIND_EASY" ],
    "qualities": [
      {"id":"NANO_FAB","level":1,"amount":1},
      {"id":"NANOTECH","level":1,"amount":1}
    ],
    "components": [
      [
        [ "3d_resin_metal", 482]
      ]
    ]
  },{
    "type" : "recipe",
    "result": "30gal_barrel",
    "id_suffix": "_nanoprint_1",
    "category": "CC_NANO",
    "subcategory": "CSC_NANO_MATERIALS",
    "skill_used": "fabrication",
    "difficulty": 0,
    "time": 6800,
    "reversible": false,
    "book_learn": [ [ "nanite_guide", 1 ] ],
    "flags": [ "BLIND_EASY" ],
    "qualities": [
      {"id":"NANO_FAB","level":1,"amount":1},
      {"id":"NANOTECH","level":1,"amount":1}
    ],
    "components": [
      [
        [ "3d_resin", 680]
      ]
    ]
  },{
    "type" : "recipe",
    "result": "foldframe",
    "id_suffix": "_nanoprint_1",
    "category": "CC_NANO",
    "subcategory": "CSC_NANO_VEHICLE",
    "skill_used": "fabrication",
    "difficulty": 0,
    "time": 5000,
    "reversible": false,
    "book_learn": [ [ "nanite_guide", 1 ] ],
    "flags": [ "BLIND_EASY" ],
    "qualities": [
      {"id":"NANO_FAB","level":1,"amount":1},
      {"id":"NANOTECH","level":1,"amount":1}
    ],
    "components": [
      [
        [ "3d_resin_metal", 500]
      ]
    ]
  },{
    "type" : "recipe",
    "result": "hose",
    "id_suffix": "_nanoprint_1",
    "category": "CC_NANO",
    "subcategory": "CSC_NANO_MATERIALS",
    "skill_used": "fabrication",
    "difficulty": 0,
    "time": 540,
    "reversible": false,
    "book_learn": [ [ "nanite_guide", 1 ] ],
    "flags": [ "BLIND_EASY" ],
    "qualities": [
      {"id":"NANO_FAB","level":1,"amount":1},
      {"id":"NANOTECH","level":1,"amount":1}
    ],
    "components": [
      [
        [ "3d_resin", 54]
      ]
    ]
  },{
    "type" : "recipe",
    "result": "funnel",
    "id_suffix": "_nanoprint_1",
    "category": "CC_NANO",
    "subcategory": "CSC_NANO_MATERIALS",
    "skill_used": "fabrication",
    "difficulty": 0,
    "time": 610,
    "reversible": false,
    "book_learn": [ [ "nanite_guide", 1 ] ],
    "flags": [ "BLIND_EASY" ],
    "qualities": [
      {"id":"NANO_FAB","level":1,"amount":1},
      {"id":"NANOTECH","level":1,"amount":1}
    ],
    "components": [
      [
        [ "3d_resin", 61]
      ]
    ]
  },{
    "type" : "recipe",
    "result": "metal_funnel",
    "id_suffix": "_nanoprint_1",
    "category": "CC_NANO",
    "subcategory": "CSC_NANO_MATERIALS",
    "skill_used": "fabrication",
    "difficulty": 0,
    "time": 4020,
    "reversible": false,
    "book_learn": [ [ "nanite_guide", 1 ] ],
    "flags": [ "BLIND_EASY" ],
    "qualities": [
      {"id":"NANO_FAB","level":1,"amount":1},
      {"id":"NANOTECH","level":1,"amount":1}
    ],
    "components": [
      [
        [ "3d_resin_metal", 402]
      ]
    ]
  },{
    "type" : "recipe",
    "result": "steel_rail",
    "id_suffix": "_nanoprint_1",
    "category": "CC_NANO",
    "subcategory": "CSC_NANO_AMMO",
    "skill_used": "fabrication",
    "difficulty": 0,
    "time": 5200,
    "reversible": false,
    "book_learn": [ [ "nanite_guide", 1 ] ],
    "flags": [ "BLIND_EASY" ],
    "qualities": [
      {"id":"NANO_FAB","level":1,"amount":1},
      {"id":"NANOTECH","level":1,"amount":1}
    ],
    "components": [
      [
        [ "3d_resin_metal", 520]
      ]
    ]
  },{
    "type" : "recipe",
    "result": "caltrops",
    "id_suffix": "_nanoprint_1",
    "category": "CC_NANO",
    "subcategory": "CSC_NANO_OTHER",
    "skill_used": "fabrication",
    "difficulty": 0,
    "time": 260,
    "reversible": false,
    "book_learn": [ [ "nanite_guide", 1 ] ],
    "flags": [ "BLIND_EASY" ],
    "qualities": [
      {"id":"NANO_FAB","level":1,"amount":1},
      {"id":"NANOTECH","level":1,"amount":1}
    ],
    "components": [
      [
        [ "3d_resin_metal", 26]
      ]
    ]
  },{
    "type" : "recipe",
    "result": "beartrap",
    "id_suffix": "_nanoprint_1",
    "category": "CC_NANO",
    "subcategory": "CSC_NANO_OTHER",
    "skill_used": "fabrication",
    "difficulty": 0,
    "time": 11790,
    "reversible": false,
    "book_learn": [ [ "nanite_guide", 1 ] ],
    "flags": [ "BLIND_EASY" ],
    "qualities": [
      {"id":"NANO_FAB","level":1,"amount":1},
      {"id":"NANOTECH","level":1,"amount":1}
    ],
    "components": [
      [
        [ "3d_resin_metal", 1179]
      ]
    ]
  },{
    "type" : "recipe",
    "result": "spring",
    "id_suffix": "_nanoprint_1",
    "category": "CC_NANO",
    "subcategory": "CSC_NANO_MATERIALS",
    "skill_used": "fabrication",
    "difficulty": 0,
    "time": 3220,
    "reversible": false,
    "book_learn": [ [ "nanite_guide", 1 ] ],
    "flags": [ "BLIND_EASY" ],
    "qualities": [
      {"id":"NANO_FAB","level":1,"amount":1},
      {"id":"NANOTECH","level":1,"amount":1}
    ],
    "components": [
      [
        [ "3d_resin_metal", 322]
      ]
    ]
  },{
    "type" : "recipe",
    "result": "wire",
    "id_suffix": "_nanoprint_1",
    "category": "CC_NANO",
    "subcategory": "CSC_NANO_MATERIALS",
    "skill_used": "fabrication",
    "difficulty": 0,
    "time": 150,
    "reversible": false,
    "book_learn": [ [ "nanite_guide", 1 ] ],
    "flags": [ "BLIND_EASY" ],
    "qualities": [
      {"id":"NANO_FAB","level":1,"amount":1},
      {"id":"NANOTECH","level":1,"amount":1}
    ],
    "components": [
      [
        [ "3d_resin_metal", 15]
      ]
    ]
  },{
    "type" : "recipe",
    "result": "chain",
    "id_suffix": "_nanoprint_1",
    "category": "CC_NANO",
    "subcategory": "CSC_NANO_MATERIALS",
    "skill_used": "fabrication",
    "difficulty": 0,
    "time": 3630,
    "reversible": false,
    "book_learn": [ [ "nanite_guide", 1 ] ],
    "flags": [ "BLIND_EASY" ],
    "qualities": [
      {"id":"NANO_FAB","level":1,"amount":1},
      {"id":"NANOTECH","level":1,"amount":1}
    ],
    "components": [
      [
        [ "3d_resin_metal", 363]
      ]
    ]
  },{
    "type" : "recipe",
    "result": "55gal_drum",
    "id_suffix": "_nanoprint_1",
    "category": "CC_NANO",
    "subcategory": "CSC_NANO_MATERIALS",
    "skill_used": "fabrication",
    "difficulty": 0,
    "time": 20000,
    "reversible": false,
    "book_learn": [ [ "nanite_guide", 1 ] ],
    "flags": [ "BLIND_EASY" ],
    "qualities": [
      {"id":"NANO_FAB","level":1,"amount":1},
      {"id":"NANOTECH","level":1,"amount":1}
    ],
    "components": [
      [
        [ "3d_resin_metal", 2000]
      ]
    ]
  },{
    "type" : "recipe",
    "result": "30gal_drum",
    "id_suffix": "_nanoprint_1",
    "category": "CC_NANO",
    "subcategory": "CSC_NANO_MATERIALS",
    "skill_used": "fabrication",
    "difficulty": 0,
    "time": 12000,
    "reversible": false,
    "book_learn": [ [ "nanite_guide", 1 ] ],
    "flags": [ "BLIND_EASY" ],
    "qualities": [
      {"id":"NANO_FAB","level":1,"amount":1},
      {"id":"NANOTECH","level":1,"amount":1}
    ],
    "components": [
      [
        [ "3d_resin_metal", 1200]
      ]
    ]
  },{
    "type" : "recipe",
    "result": "spear_steel",
    "id_suffix": "_nanoprint_1",
    "category": "CC_NANO",
    "subcategory": "CSC_NANO_WIELD",
    "skill_used": "fabrication",
    "difficulty": 0,
    "time": 1500,
    "reversible": false,
    "book_learn": [ [ "nanite_guide", 1 ] ],
    "flags": [ "BLIND_EASY" ],
    "qualities": [
      {"id":"NANO_FAB","level":1,"amount":1},
      {"id":"NANOTECH","level":1,"amount":1}
    ],
    "components": [
      [
        [ "3d_resin_metal", 150]
      ]
    ]
  },{
    "type" : "recipe",
    "result": "frame",
    "id_suffix": "_nanoprint_1",
    "category": "CC_NANO",
    "subcategory": "CSC_NANO_VEHICLE",
    "skill_used": "fabrication",
    "difficulty": 0,
    "time": 20000,
    "reversible": false,
    "book_learn": [ [ "nanite_guide", 1 ] ],
    "flags": [ "BLIND_EASY" ],
    "qualities": [
      {"id":"NANO_FAB","level":1,"amount":1},
      {"id":"NANOTECH","level":1,"amount":1}
    ],
    "components": [
      [
        [ "3d_resin_metal", 2000]
      ]
    ]
  },{
    "type" : "recipe",
    "result": "hdframe",
    "id_suffix": "_nanoprint_1",
    "category": "CC_NANO",
    "subcategory": "CSC_NANO_VEHICLE",
    "skill_used": "fabrication",
    "difficulty": 0,
    "time": 100000,
    "reversible": false,
    "book_learn": [ [ "nanite_guide", 1 ] ],
    "flags": [ "BLIND_EASY" ],
    "qualities": [
      {"id":"NANO_FAB","level":1,"amount":1},
      {"id":"NANOTECH","level":1,"amount":1}
    ],
    "components": [
      [
        [ "3d_resin_metal", 10000]
      ]
    ]
  },{
    "type" : "recipe",
    "result": "hd_steel_drum",
    "id_suffix": "_nanoprint_1",
    "category": "CC_NANO",
    "subcategory": "CSC_NANO_VEHICLE",
    "skill_used": "fabrication",
    "difficulty": 0,
    "time": 750000,
    "reversible": false,
    "book_learn": [ [ "nanite_guide", 1 ] ],
    "flags": [ "BLIND_EASY" ],
    "qualities": [
      {"id":"NANO_FAB","level":1,"amount":1},
      {"id":"NANOTECH","level":1,"amount":1}
    ],
    "components": [
      [
        [ "3d_resin_metal", 75000]
      ]
    ]
  },{
    "type" : "recipe",
    "result": "throwing_knife",
    "id_suffix": "_nanoprint_1",
    "category": "CC_NANO",
    "subcategory": "CSC_NANO_WIELD",
    "skill_used": "fabrication",
    "difficulty": 0,
    "time": 1340,
    "reversible": false,
    "book_learn": [ [ "nanite_guide", 1 ] ],
    "flags": [ "BLIND_EASY" ],
    "qualities": [
      {"id":"NANO_FAB","level":1,"amount":1},
      {"id":"NANOTECH","level":1,"amount":1}
    ],
    "components": [
      [
        [ "3d_resin_metal", 134]
      ]
    ]
  },{
    "type" : "recipe",
    "result": "bb",
    "id_suffix": "_nanoprint_1",
    "category": "CC_NANO",
    "subcategory": "CSC_NANO_AMMO",
    "skill_used": "fabrication",
    "difficulty": 0,
    "time": 500,
    "reversible": false,
    "book_learn": [ [ "nanite_guide", 1 ] ],
    "flags": [ "BLIND_EASY" ],
    "qualities": [
      {"id":"NANO_FAB","level":1,"amount":1},
      {"id":"NANOTECH","level":1,"amount":1}
    ],
    "components": [
      [
        [ "3d_resin_metal", 50]
      ]
    ]
  },{
    "type" : "recipe",
    "result": "blade",
    "id_suffix": "_nanoprint_1",
    "category": "CC_NANO",
    "subcategory": "CSC_NANO_OTHER",
    "skill_used": "fabrication",
    "difficulty": 0,
    "time": 550,
    "reversible": false,
    "book_learn": [ [ "nanite_guide", 1 ] ],
    "flags": [ "BLIND_EASY" ],
    "qualities": [
      {"id":"NANO_FAB","level":1,"amount":1},
      {"id":"NANOTECH","level":1,"amount":1}
    ],
    "components": [
      [
        [ "3d_resin_metal", 55]
      ]
    ]
  },{
    "type" : "recipe",
    "result": "rebar",
    "id_suffix": "_nanoprint_1",
    "category": "CC_NANO",
    "subcategory": "CSC_NANO_OTHER",
    "skill_used": "fabrication",
    "difficulty": 0,
    "time": 910,
    "reversible": false,
    "book_learn": [ [ "nanite_guide", 1 ] ],
    "flags": [ "BLIND_EASY" ],
    "qualities": [
      {"id":"NANO_FAB","level":1,"amount":1},
      {"id":"NANOTECH","level":1,"amount":1}
    ],
    "components": [
      [
        [ "3d_resin_metal", 91]
      ]
    ]
  },{
    "type" : "recipe",
    "result": "pipe",
    "id_suffix": "_nanoprint_1",
    "category": "CC_NANO",
    "subcategory": "CSC_NANO_OTHER",
    "skill_used": "fabrication",
    "difficulty": 0,
    "time": 1250,
    "reversible": false,
    "book_learn": [ [ "nanite_guide", 1 ] ],
    "flags": [ "BLIND_EASY" ],
    "qualities": [
      {"id":"NANO_FAB","level":1,"amount":1},
      {"id":"NANOTECH","level":1,"amount":1}
    ],
    "components": [
      [
        [ "3d_resin_metal", 125]
      ]
    ]
  },{
    "type" : "recipe",
    "result": "steel_plate",
    "id_suffix": "_nanoprint_1",
    "category": "CC_NANO",
    "subcategory": "CSC_NANO_OTHER",
    "skill_used": "fabrication",
    "difficulty": 0,
    "time": 12880,
    "reversible": false,
    "book_learn": [ [ "nanite_guide", 1 ] ],
    "flags": [ "BLIND_EASY" ],
    "qualities": [
      {"id":"NANO_FAB","level":1,"amount":1},
      {"id":"NANOTECH","level":1,"amount":1}
    ],
    "components": [
      [
        [ "3d_resin_metal", 1288]
      ]
    ]
  },{
    "type" : "recipe",
    "result": "hard_plate",
    "id_suffix": "_nanoprint_1",
    "category": "CC_NANO",
    "subcategory": "CSC_NANO_OTHER",
    "skill_used": "fabrication",
    "difficulty": 0,
    "time": 32640,
    "reversible": false,
    "book_learn": [ [ "nanite_guide", 1 ] ],
    "flags": [ "BLIND_EASY" ],
    "qualities": [
      {"id":"NANO_FAB","level":1,"amount":1},
      {"id":"NANOTECH","level":1,"amount":1}
    ],
    "components": [
      [
        [ "3d_resin_metal", 3264]
      ]
    ]
  },{
    "type" : "recipe",
    "result": "string_6",
    "id_suffix": "_nanoprint_1",
    "category": "CC_NANO",
    "subcategory": "CSC_NANO_OTHER",
    "skill_used": "fabrication",
    "difficulty": 0,
    "time": 10,
    "reversible": false,
    "book_learn": [ [ "nanite_guide", 1 ] ],
    "flags": [ "BLIND_EASY" ],
    "qualities": [
      {"id":"NANO_FAB","level":1,"amount":1},
      {"id":"NANOTECH","level":1,"amount":1}
    ],
    "components": [
      [
        [ "3d_resin", 1]
      ]
    ]
  },{
    "type" : "recipe",
    "result": "string_36",
    "id_suffix": "_nanoprint_1",
    "category": "CC_NANO",
    "subcategory": "CSC_NANO_OTHER",
    "skill_used": "fabrication",
    "difficulty": 0,
    "time": 40,
    "reversible": false,
    "book_learn": [ [ "nanite_guide", 1 ] ],
    "flags": [ "BLIND_EASY" ],
    "qualities": [
      {"id":"NANO_FAB","level":1,"amount":1},
      {"id":"NANOTECH","level":1,"amount":1}
    ],
    "components": [
      [
        [ "3d_resin", 4]
      ]
    ]
  },{
    "type" : "recipe",
    "result": "rope_6",
    "id_suffix": "_nanoprint_1",
    "category": "CC_NANO",
    "subcategory": "CSC_NANO_OTHER",
    "skill_used": "fabrication",
    "difficulty": 0,
    "time": 220,
    "reversible": false,
    "book_learn": [ [ "nanite_guide", 1 ] ],
    "flags": [ "BLIND_EASY" ],
    "qualities": [
      {"id":"NANO_FAB","level":1,"amount":1},
      {"id":"NANOTECH","level":1,"amount":1}
    ],
    "components": [
      [
        [ "3d_resin", 22]
      ]
    ]
  },{
    "type" : "recipe",
    "result": "rope_30",
    "id_suffix": "_nanoprint_1",
    "category": "CC_NANO",
    "subcategory": "CSC_NANO_OTHER",
    "skill_used": "fabrication",
    "difficulty": 0,
    "time": 1080,
    "reversible": false,
    "book_learn": [ [ "nanite_guide", 1 ] ],
    "flags": [ "BLIND_EASY" ],
    "qualities": [
      {"id":"NANO_FAB","level":1,"amount":1},
      {"id":"NANOTECH","level":1,"amount":1}
    ],
    "components": [
      [
        [ "3d_resin", 108]
      ]
    ]
  },{
    "type" : "recipe",
    "result": "spike",
    "id_suffix": "_nanoprint_1",
    "category": "CC_NANO",
    "subcategory": "CSC_NANO_OTHER",
    "skill_used": "fabrication",
    "difficulty": 0,
    "time": 550,
    "reversible": false,
    "book_learn": [ [ "nanite_guide", 1 ] ],
    "flags": [ "BLIND_EASY" ],
    "qualities": [
      {"id":"NANO_FAB","level":1,"amount":1},
      {"id":"NANOTECH","level":1,"amount":1}
    ],
    "components": [
      [
        [ "3d_resin_metal", 55]
      ]
    ]
  },{
    "type" : "recipe",
    "result": "bearing",
    "id_suffix": "_nanoprint_1",
    "category": "CC_NANO",
    "subcategory": "CSC_NANO_AMMO",
    "skill_used": "fabrication",
    "difficulty": 0,
    "time": 500,
    "reversible": false,
    "book_learn": [ [ "nanite_guide", 1 ] ],
    "flags": [ "BLIND_EASY" ],
    "qualities": [
      {"id":"NANO_FAB","level":1,"amount":1},
      {"id":"NANOTECH","level":1,"amount":1}
    ],
    "components": [
      [
        [ "3d_resin_metal", 50]
      ]
    ]
  },{
    "type" : "recipe",
    "result": "sheet_metal",
    "id_suffix": "_nanoprint_1",
    "category": "CC_NANO",
    "subcategory": "CSC_NANO_MATERIALS",
    "skill_used": "fabrication",
    "difficulty": 0,
    "time": 6000,
    "reversible": false,
    "book_learn": [ [ "nanite_guide", 1 ] ],
    "flags": [ "BLIND_EASY" ],
    "qualities": [
      {"id":"NANO_FAB","level":1,"amount":1},
      {"id":"NANOTECH","level":1,"amount":1}
    ],
    "components": [
      [
        [ "3d_resin_metal", 600]
      ]
    ]
  },{
    "type" : "recipe",
    "result": "sheet_metal_small",
    "id_suffix": "_nanoprint_1",
    "category": "CC_NANO",
    "subcategory": "CSC_NANO_MATERIALS",
    "skill_used": "fabrication",
    "difficulty": 0,
    "time": 250,
    "reversible": false,
    "book_learn": [ [ "nanite_guide", 1 ] ],
    "flags": [ "BLIND_EASY" ],
    "qualities": [
      {"id":"NANO_FAB","level":1,"amount":1},
      {"id":"NANOTECH","level":1,"amount":1}
    ],
    "components": [
      [
        [ "3d_resin_metal", 25]
      ]
    ]
  },{
    "type" : "recipe",
    "result": "tent_kit",
    "id_suffix": "_nanoprint_1",
    "category": "CC_NANO",
    "subcategory": "CSC_NANO_MATERIALS",
    "skill_used": "fabrication",
    "difficulty": 0,
    "time": 1130,
    "reversible": false,
    "book_learn": [ [ "nanite_guide", 1 ] ],
    "flags": [ "BLIND_EASY" ],
    "qualities": [
      {"id":"NANO_FAB","level":1,"amount":1},
      {"id":"NANOTECH","level":1,"amount":1}
    ],
    "components": [
      [
        [ "3d_resin_metal", 30]
      ],
      [
        [ "3d_resin", 83]
      ]
    ]
  },{
    "type" : "recipe",
    "result": "large_tent_kit",
    "id_suffix": "_nanoprint_1",
    "category": "CC_NANO",
    "subcategory": "CSC_NANO_MATERIALS",
    "skill_used": "fabrication",
    "difficulty": 0,
    "time": 2270,
    "reversible": false,
    "book_learn": [ [ "nanite_guide", 1 ] ],
    "flags": [ "BLIND_EASY" ],
    "qualities": [
      {"id":"NANO_FAB","level":1,"amount":1},
      {"id":"NANOTECH","level":1,"amount":1}
    ],
    "components": [
      [
        [ "3d_resin_metal", 60]
      ],
      [
        [ "3d_resin", 167]
      ]
    ]
  }
]
