[
  {
    "id": "flintlock_ammo_mine",
    "copy-from": "flintlock_ammo",
    "type": "AMMO",
    "name": "长纸卷弹",
    "//": "meant as a companion to the Survivor's Flintlock Sniper.",
    "description": "一种含有黑色粉末和迷你弹头的纸卷弹筒。美国内战历史炮弹的迷你版本，迷你子弹仍然像以前一样致命和准确。",
    "weight": 55,
    "price": 5000,
    "proportional": { "dispersion": 0.89 },
    "relative": { "recoil": 300, "range": 19 }
	  },
  {
    "id": "c_hydrogen_gas",
    "type": "AMMO",
    "name": "氢气",
    "category": "chems",
    "description": "压缩后用作燃料的轻质可燃气体。相当高的密度，但也需要大量的能源来生产，更不用说大灾难前的工业了。",
    "weight": "1438 mg",
    "volume": "1500 ml",
    "price": 50,
    "symbol": "=",
    "color": "white",
    "stack_size": 24,
    "phase": "liquid",
    "ammo_type": "c_hydrogen",
    "fuel": {
      "//": "Compressed gaseous hydrogen has 9.2 MJ/L.  The solid hydrogen canisters have roughly 4 times the density, energy figure here reduced a bit to make for easier calculations.",
      "energy": 1000,
      "explosion_data": { "chance_hot": 2, "chance_cold": 2, "factor": 0.5, "fiery": true, "size_factor": 0.1 }
    },
    "flags": [ "NO_DROP", "IRREMOVABLE" ]
  }
]
