[
  {
    "id": "surv_223_mag",
    "type": "MAGAZINE",
    "name": "幸存者.223弹匣",
    "//": "Allows more storage options.",
    "description": "一个为幸存者.223 突击步枪而制作的弹匣。虽然制作精良，但它并不符合STANAG规格，在可靠性方面仍与真正的标准相去甚远。",
    "weight": 400,
    "volume": 2,
    "price": 8000,
    "material": "steel",
    "symbol": "#",
    "color": "light_gray",
    "ammo_type": "223",
    "capacity": 20,
    "reliability": 6,
    "reload_time": 100,
    "flags": [ "MAG_COMPACT" ]
  },
  {
    "id": "surv_762_mag",
    "type": "MAGAZINE",
    "name": "幸存者7.62x39弹匣",
    "description": "一个为幸存者7.62x39突击步枪而制作的弹匣。一个简单的AKM规格弹匣，它仍然比原版、中的可靠性差一些。",
    "weight": 400,
    "volume": 2,
    "price": 8000,
    "material": "steel",
    "symbol": "#",
    "color": "light_gray",
    "ammo_type": "762",
    "capacity": 20,
    "reliability": 7,
    "reload_time": 100,
    "flags": [ "MAG_COMPACT" ]
  },
  {
    "id": "surv_308_mag",
    "type": "MAGAZINE",
    "name": "幸存者.308弹匣",
    "description": "一个为幸存者.308突击步枪而制作的弹匣。虽然制作精良，但不能像工厂设计的那样经得起考验，也没有标准化的生产模式。",
    "weight": 400,
    "volume": 2,
    "price": 8000,
    "material": "steel",
    "symbol": "#",
    "color": "light_gray",
    "ammo_type": "308",
    "capacity": 20,
    "reliability": 6,
    "reload_time": 100,
    "flags": [ "MAG_COMPACT" ]
  },
  {
    "id": "surv_762R_mag",
    "type": "MAGAZINE",
    "name": "幸存者7.62x54弹匣",
    "description": "一个为幸存者7.62x54战斗步枪制作的弹匣。根据SVT-40使用的弹匣设计，它制作精良，但并不理想，与任何枪械都不兼容。",
    "weight": 400,
    "volume": 2,
    "price": 8000,
    "material": "steel",
    "symbol": "#",
    "color": "light_gray",
    "ammo_type": "762R",
    "capacity": 20,
    "reliability": 6,
    "reload_time": 100,
    "flags": [ "MAG_COMPACT" ]
  },
  {
    "id": "surv_12_mag",
    "type": "MAGAZINE",
    "name": "幸存者12号弹匣",
    "//": "Requires special pouch.",
    "description": "一个为幸存者全自动霰弹枪而制作的弹匣。一种非常简单的AK型saig12的设计方案，它仍然不符合工厂的规范。",
    "weight": 450,
    "volume": 3,
    "price": 8000,
    "material": "steel",
    "symbol": "#",
    "color": "light_gray",
    "ammo_type": "shot",
    "capacity": 10,
    "reliability": 7,
    "reload_time": 100,
    "flags": [ "MAG_BULKY" ]
  },
  {
    "id": "surv_9mm_mag",
    "type": "MAGAZINE",
    "name": "幸存者9mm弹匣",
    "description": "一个为幸存者9mm冲锋枪而制作的弹匣。一种简化的手工生产方案，获得可靠性的同时失去了一定的兼容性。",
    "weight": 200,
    "volume": 1,
    "price": 8000,
    "material": "steel",
    "symbol": "#",
    "color": "light_gray",
    "ammo_type": "9mm",
    "capacity": 30,
    "reliability": 6,
    "reload_time": 100,
    "flags": [ "MAG_COMPACT" ]
  },
  {
    "id": "surv_45_mag",
    "type": "MAGAZINE",
    "name": "幸存者.45弹匣",
    "description": "一个为幸存者.45冲锋枪而制作的弹匣。它制作精良，但不像工厂设计那样可靠。",
    "weight": 200,
    "volume": 1,
    "price": 8000,
    "material": "steel",
    "symbol": "#",
    "color": "light_gray",
    "ammo_type": "45",
    "capacity": 30,
    "reliability": 6,
    "reload_time": 100,
    "flags": [ "MAG_COMPACT" ]
  },
  {
    "id": "surv_22_mag",
    "type": "MAGAZINE",
    "name": "幸存者.22弹匣",
    "description": "一个为幸存者.22冲锋枪而制作的弹匣。虽然制作精良，但不像工厂设计那样可靠，也不兼容任何其他武器。",
    "weight": 200,
    "volume": 1,
    "price": 8000,
    "material": "steel",
    "symbol": "#",
    "color": "light_gray",
    "ammo_type": "22",
    "capacity": 30,
    "reliability": 6,
    "reload_time": 100,
    "flags": [ "MAG_COMPACT" ]
  },
  {
    "id": "surv_belt_223",
    "type": "MAGAZINE",
    "name": "幸存者.223子弹带",
    "description": "一条为幸存者.223轻机枪而制作的子弹带，使用使用帆布和钢丝来链接弹药，不像工厂生产的弹药带那样可靠，而且装填起来也更繁琐。",
    "rigid": false,
    "material": "steel",
    "symbol": "#",
    "color": "light_gray",
    "ammo_type": "223",
    "capacity": 80,
    "count": 80,
    "reliability": 5,
    "reload_time": 200,
    "armor_data": { "covers": [ "TORSO" ], "coverage": 5 },
    "flags": [ "BELTED", "OVERSIZE" ]
  },
  {
    "id": "surv_belt_762",
    "type": "MAGAZINE",
    "name": "幸存者7.62x39子弹带",
    "description": "一条为幸存者7.62x39轻机枪而制作的子弹带，使用使用帆布和钢丝来链接弹药，不像工厂生产的弹药带那样可靠，而且装填起来也更繁琐。",
    "rigid": false,
    "material": "steel",
    "symbol": "#",
    "color": "light_gray",
    "ammo_type": "762",
    "capacity": 80,
    "count": 80,
    "reliability": 5,
    "reload_time": 200,
    "armor_data": { "covers": [ "TORSO" ], "coverage": 5 },
    "flags": [ "BELTED", "OVERSIZE" ]
  },
  {
    "id": "surv_belt_308",
    "type": "MAGAZINE",
    "name": "幸存者.308子弹带",
    "description": "一条为幸存者.308轻机枪而制作的子弹带，使用使用帆布和钢丝来链接弹药，不像工厂生产的弹药带那样可靠，而且装填起来也更繁琐。",
    "rigid": false,
    "material": "steel",
    "symbol": "#",
    "color": "light_gray",
    "ammo_type": "308",
    "capacity": 80,
    "count": 80,
    "reliability": 5,
    "reload_time": 200,
    "armor_data": { "covers": [ "TORSO" ], "coverage": 5 },
    "flags": [ "BELTED", "OVERSIZE" ]
  },
  {
    "id": "surv_belt_762R",
    "type": "MAGAZINE",
    "name": "幸存者7.62x54子弹带",
    "description": "一个弹药带，用于幸存者制作的7.62x54 GPMG，使用使用帆布和钢丝来链接弹药，不像工厂生产的弹药带那样可靠，而且装填起来也更繁琐。",
    "looks_like": "surv_belt_308",
    "rigid": false,
    "material": "steel",
    "symbol": "#",
    "color": "light_gray",
    "ammo_type": "762R",
    "capacity": 80,
    "count": 80,
    "reliability": 5,
    "reload_time": 200,
    "armor_data": { "covers": [ "TORSO" ], "coverage": 5 },
    "flags": [ "BELTED", "OVERSIZE" ]
  },
  {
    "id": "rifle_crank_battery_cell",
    "type": "MAGAZINE",
    "category": "spare_parts",
    "name": "曲柄步枪充能组",
    "description": "这是一个自制的动力电池，由家用电池和一系列电容器组成，宗旨在将普通电压转化为足够高的电压，从而更有效地为幸存者的曲柄步枪提供动力。体积更大，不太可靠，奇怪的是，这东西没有触电的危险。",
    "weight": "250 g",
    "volume": "300 ml",
    "price": 5000,
    "material": [ "iron", "plastic" ],
    "symbol": "=",
    "color": "yellow",
    "ammo_type": "battery",
    "capacity": 20,
    "reliability": 5,
    "looks_like": "battery",
    "flags": [ "NO_SALVAGE", "NO_UNLOAD", "RECHARGE" ]
  }
]
