[
  {
    "type": "TOOL",
    "id": "unbio_bladed_weapon",
    "name": "单分子刺刀",
	"category": "weapons",
    "description": "高科技合金制成的刺刀,其边缘镶嵌纳米晶体，焊上了金属手柄和护手保证你能握住它,而不且切到你的手，可以用于改装枪械。",
    "weight": 250,
    "to_hit": 2,
    "color": "dark_gray",
    "symbol": "{",
    "material": [ "superalloy", "steel" ],
    "techniques": [ "WBLOCK_1" ],
    "volume": 4,
    "bashing": 4,
    "cutting": 32,
    "flags": [ "STAB", "UNBREAKABLE_MELEE", "SHEATH_KNIFE" ],
    "price": 420000,
    "qualities": [ [ "CUT", 1 ], [ "BUTCHER", 22 ] ],
    "gunmod_data": {
      "location": "underbarrel",
      "mod_targets": [ "shotgun", "rifle", "smg", "crossbow" ],
      "dispersion_modifier": 8,
      "mode_modifier": [ [ "REACH", "bayonet", 2, [ "MELEE" ] ] ],
      "min_skills": [ [ "weapon", 2 ], [ "melee", 1 ] ]
    }
  },
  {
    "type": "TOOL",
    "id": "unbio_sword_weapon",
    "name": "单分子铳剑",
	"category": "weapons",
    "description": "高科技合金制成的铳剑,边缘镶嵌纳米晶体，焊接的金属手柄和护手允许你握住它,而不用切开你的手，可以用于改装枪械。",
    "weight": 250,
    "to_hit": 2,
    "color": "dark_gray",
    "symbol": "{",
    "material": [ "superalloy", "steel" ],
    "techniques": [ "RAPID", "WBLOCK_2" ],
    "volume": 10,
    "bashing": 4,
    "cutting": 38,
    "flags": [ "STAB", "UNBREAKABLE_MELEE", "SHEATH_SWORD" ],
    "price": 420000,
    "qualities": [ [ "CUT", 1 ], [ "BUTCHER", 20 ] ],
    "gunmod_data": {
      "location": "underbarrel",
      "mod_targets": [ "shotgun", "rifle" ],
      "dispersion_modifier": 10,
      "mode_modifier": [ [ "REACH", "bayonet", 2, [ "MELEE" ] ] ],
      "min_skills": [ [ "weapon", 2 ], [ "melee", 1 ] ]
    }
  },
  {
    "type": "TOOL",
    "id": "unbio_claws_weapon",
	"category": "weapons",
    "name": "仿生爪指节套",
    "name_plural": "仿生爪指节套",
    "description": "短而锋利的爪子由高科技金属焊接到金属关节上。使用它轻而快速，挥舞它的感觉就像你是赤手空拳一样。",
    "weight": 200,
    "to_hit": 3,
    "color": "light_gray",
    "symbol": "{",
    "material": [ "superalloy", "steel" ],
    "volume": 3,
    "bashing": 10,
    "cutting": 14,
    "flags": [ "STAB", "UNARMED_WEAPON", "UNBREAKABLE_MELEE" ],
    "price": 420000,
    "qualities": [ [ "CUT", 1 ], [ "BUTCHER", 12 ] ]
  },
  {
    "type": "TOOL",
    "id": "flesh_knife",
	"category": "weapons",
    "name": "生物刀刃", 
    "description": "一把一英尺长的刀，由包裹着肉和骨头的金属制成。它的刀片由锋利的锯状突起组成，骨柄非常适合放在手中。握着它会让你的心灵听到奇怪的低语，就好像它有自己的意志一样。",
    "weight": 220,
    "to_hit": 3,
    "color": "red",
    "symbol": "/",
    "looks_like": "flesh_blade",
    "material": [ "flesh", "superalloy" ],
    "techniques": [ "WBLOCK_1", "PRECISE", "RAPID" ],
    "volume": 2,
    "bashing": 2,
    "cutting": 18,
    "flags": [ "UNBREAKABLE_MELEE", "UNARMED_WEAPON", "MAGIC_FOCUS", "SHEATH_KNIFE" ],
    "price": 580000,
    "qualities": [ [ "CUT", 1 ], [ "BUTCHER", 10 ] ],
    "artifact_data": {
      "effects_carried": [ "AEP_SICK" ],
      "effects_wielded": [ "AEP_SCHIZO", "AEP_SAP_LIFE" ]
    }
  },
  {
    "type": "TOOL",
    "id": "flesh_blade",
	"category": "weapons",
    "name": "生物长剑",
    "description": "一把1码长的金属剑，包裹在肉和骨头里，包括一把保护性的剑柄，剑柄上有坚韧的筋。从一把更小的剑中升级而来，拿着它会带来一种超乎寻常的奇怪的力量感。如果你喂饱它，它可能会更加致命，尽管在它耗尽权力之前，你无法放手。",
    "weight": 680,
    "to_hit": 2,
    "max_charges": 10,
    "color": "red",
    "symbol": "/",
    "material": [ "flesh", "superalloy" ],
    "techniques": [ "WBLOCK_2", "PRECISE", "RAPID" ],
    "volume": 6,
    "bashing": 2,
    "cutting": 25,
    "flags": [ "UNBREAKABLE_MELEE", "UNARMED_WEAPON", "MAGIC_FOCUS", "SHEATH_SWORD" ],
    "price": 580000,
    "qualities": [ [ "CUT", 1 ], [ "BUTCHER", 10 ] ],
    "use_action": [
      "ARTIFACT",
      {
        "target": "flesh_blade_on",
        "msg": "当刀锋上的血肉凝固成活生生的钢铁并包裹住你的手时，你会有一种腐朽和衰退的感觉。",
        "active": true,
		"need_wielding": true,
        "need_charges": 1,
        "need_charges_msg": "刀锋颤抖着，但没有发生什么。",
        "menu_text": "让衰退继续下去",
        "type": "transform"
      }
    ],
    "artifact_data": {
      "charge_type": "ARTC_HP",
      "effects_carried": [ "AEP_SICK" ],
      "effects_wielded": [ "AEP_SCHIZO", "AEP_SAP_LIFE" ]
    }
  },
  {
    "type": "TOOL",
    "id": "flesh_blade_on",
	"category": "weapons",
    "name": "生物长剑(激活)",
    "name_plural": "生物长剑(激活)",
    "description": "你激活了刀锋的力量。金属和肉缠着你的手，它不肯松开。一种本能的嗜血欲望在你的脑海中挥之不去，让你很难集中精力去想要消除它。",
    "max_charges": 10,
    "turns_per_charge": 5,
    "revert_to": "flesh_blade",
    "revert_msg": "血肉松开了你的手。",
    "weight": 680,
    "to_hit": 1,
    "color": "red",
    "symbol": "/",
    "material": [ "flesh", "superalloy" ],
    "techniques": [ "WBLOCK_2", "PRECISE", "BRUTAL" ],
    "volume": 6,
    "bashing": 2,
    "cutting": 50,
    "flags": [ "UNBREAKABLE_MELEE", "NO_UNWIELD", "UNARMED_WEAPON", "MAGIC_FOCUS", "TRADER_AVOID" ],
    "relic_data": {
      "passive_effects": [ { "has": "WIELD", "condition": "ALWAYS", "hit_you_effect": [ { "id": "c_flesh_blade_hit_effect" } ] } ]
    },
    "artifact_data": {
      "effects_wielded": [
        "AEP_STR_UP",
        "AEP_DEX_UP",
        "AEP_SPEED_UP",
        "AEP_ALL_DOWN",
        "AEP_SICK",
        "AEP_SCHIZO",
        "AEP_SAP_LIFE",
        "AEP_THIRST",
        "AEP_HUNGER",
        "AEP_EVIL",
        "AEP_MUTAGENIC"
      ]
    }
  }
]
