[
  {
    "type": "GUNMOD",
    "id": "aux_flamer_diesel",
    "name": "下挂式柴油火焰喷射器",
    "description": "一个下挂式柴油火焰喷射器",
  "weight": "1820 g",
    "volume": "1 L",
    "price": 85000,
    "price_postapoc": 850,
    "material": [ "steel" ],
    "dispersion_modifier": 10,
    "symbol": ":",
    "color": "light_red",
    "location": "underbarrel",
    "mod_targets": [ "rifle", "shotgun", "smg", "crossbow", "launcher" ],
    "gun_data": {
      "ammo": [ "diesel", "gasoline", "flammable", "lamp_oil", "motor_oil" ],
      "skill": "launcher",
      "ranged_damage": { "damage_type": "stab", "amount": -1 },
      "dispersion": 600,
      "range": 2,
      "durability": 7,
      "reload": 500,
      "clip_size": 250
    },
    "min_skills": [ [ "weapon", 2 ], [ "launcher", 1 ] ],
    "flags": [ "FIRE_50", "STR_RELOAD", "PUMP_RAIL_COMPATIBLE", "NON-FOULING" ]
  },
  {
    "type": "GUNMOD",
    "id": "22aux",
    "name": "下挂式.22手枪",
    "//": "Wanted to add a way to allow stand alone fire but never figured it out...",
    "location": "underbarrel",
    "weight": "1020 g",
    "volume": "500 ml",
    "color": "dark_gray",
    "handling_modifier": -2,
    "to_hit": -3,
    "price": 12000,
    "price_postapoc": 1200,
    "description": "一个下挂式.22手枪，弹容量30。",
    "symbol": ":",
    "material": [ "steel", "plastic" ],
    "mod_targets": [ "rifle", "shotgun", "smg", "crossbow", "launcher" ],
    "bashing": 9,
    "gun_data": {
      "skill": "pistol",
      "ammo": "22",
      "ranged_damage": { "damage_type": "stab", "amount": -1 },
      "dispersion": 530,
      "min_cycle_recoil": 39,
      "durability": 6,
      "reload": 200
    },
    "min_skills": [ [ "weapon", 2 ], [ "pistol", 1 ] ],
    "magazine_well": "250 ml",
    "magazines": [ [ "22", [ "mosquitomag", "sw22mag", "wp22mag", "surv_22_mag" ] ] ]
  },
  {
    "type": "GUNMOD",
    "id": "9mmaux",
    "name": "下挂式9mm手枪",
    "location": "underbarrel",
    "weight": "961 g",
    "volume": "528 ml",
    "color": "dark_gray",
    "handling_modifier": -2,
    "to_hit": -2,
    "price": 12000,
    "price_postapoc": 1200,
    "description": "一个下挂式9mm手枪，弹容量18发。",
    "symbol": ":",
    "material": [ "steel", "plastic" ],
    "mod_targets": [ "rifle", "shotgun", "smg", "crossbow", "launcher" ],
    "bashing": 8,
    "gun_data": {
      "skill": "pistol",
      "ammo": "9mm",
      "ranged_damage": { "damage_type": "stab", "amount": -1 },
      "dispersion": 530,
      "min_cycle_recoil": 450,
      "durability": 5,
      "reload": 200
    },
    "min_skills": [ [ "weapon", 2 ], [ "pistol", 1 ] ],
    "magazine_well": "250 ml",
    "magazines": [ [ "9mm", [ "glockmag", "glock17_17", "glock17_22", "glockbigmag", "m9mag", "m9bigmag", "usp9mag", "surv_9mm_mag" ] ] ]
  },
  {
    "type": "GUNMOD",
    "id": "45aux",
    "name": "下挂式.45手枪",
    "location": "underbarrel",
    "weight": "1120 g",
    "volume": "1607 ml",
    "color": "dark_gray",
    "handling_modifier": -2,
    "to_hit": -2,
    "price": 12000,
    "price_postapoc": 1200,
    "description": "一个下挂式.45手枪，弹容量12发。",
    "symbol": ":",
    "material": [ "steel", "plastic" ],
    "mod_targets": [ "rifle", "shotgun", "smg", "crossbow", "launcher" ],
    "bashing": 8,
    "gun_data": {
      "skill": "pistol",
      "ammo": "45",
      "ranged_damage": { "damage_type": "stab", "amount": -1 },
      "dispersion": 530,
      "min_cycle_recoil": 540,
      "durability": 6,
      "reload": 200
    },
    "min_skills": [ [ "weapon", 2 ], [ "pistol", 1 ] ],
    "magazine_well": "250 ml",
    "magazines": [ [ "45", [ "m1911mag", "m1911bigmag", "usp45mag", "surv_45_mag" ] ] ]
  },
  {
    "type": "GUNMOD",
    "id": "surv_laser_sight",
    "name": "幸存者激光瞄准器",
    "location": "sights",
    "sight_dispersion": 20,
    "aim_speed": 7,
    "description": "用于最大限度捕获目标而制作的瞄准具，它由一个小的红点瞄准器构成，发射出一个激光束在它的目标上。视线内的十字线允许适当的瞄准，而激光束允许快速的瞄准目标。",
    "weight": "150 g",
    "to_hit": -1,
    "color": "dark_gray",
    "symbol": ":",
    "material": [ "plastic", "steel" ],
    "mod_targets": [ "smg", "rifle", "pistol", "shotgun", "crossbow", "bow", "launcher" ],
    "volume": "250 ml",
    "price": 85000,
    "install_time": "30 m",
    "min_skills": [ [ "weapon", 2 ], [ "gun", 1 ] ],
    "flags": [ "DISABLE_SIGHTS" ]
  },
  {
    "type": "GUNMOD",
    "id": "lmg_handle",
    "name": "轻机枪把手",
    "//": "Unique to my LMGs!",
    "location": "carry handle",
    "sight_dispersion": 45,
    "aim_speed": 7,
    "dispersion_modifier": 60,
    "handling_modifier": 10,
    "description": "有助于腰射的轻机枪把手，降低瞄准时间和视线分散，但增加后坐力和散布。",
      "weight": "120 g",
    "to_hit": -1,
    "color": "dark_gray",
    "symbol": ":",
    "material": [ "plastic", "steel" ],
    "mod_targets": [ "rifle" ],
    "install_time": "20 m",
    "min_skills": [ [ "weapon", 2 ], [ "gun", 1 ] ],
    "flags": [ "DISABLE_SIGHTS" ]
  }
]
