[
  {
    "id": "rep_crossbow",
    "copy-from": "rep_crossbow",
    "type": "GUN",
    "name": "连弩",
    "skill": "rifle",
    "modes": [ [ "DEFAULT", "semi", 1 ], [ "BURST", "burst", 5 ] ]
  },
  {
    "id": "coilgun",
    "copy-from": "coilgun",
    "type": "GUN",
    "name": "电磁炮",
    "modes": [ [ "DEFAULT", "semi", 1 ], [ "BURST", "burst", 10 ] ],
    "ups_charges": 5,
    "valid_mod_locations": [ [ "accessories", 4 ], [ "sling", 1 ], [ "grip", 1 ], [ "sights", 1 ], [ "stock", 1 ] ]
  },
  {
    "id": "laser_rifle",
    "copy-from": "laser_rifle",
    "type": "GUN",
    "name": "A7 激光步枪",
    "relative": { "ranged_damage": -4 },
    "dispersion": 0,
    "ups_charges": 25
  },
  {
    "id": "v29_cheap",
    "copy-from": "v29_cheap",
    "type": "GUN",
    "name": "自制激光手枪",
    "relative": { "ranged_damage": -6 }
  },
  {
    "id": "v29",
    "copy-from": "v29",
    "type": "GUN",
    "name": "V29 激光手枪",
    "relative": { "ranged_damage": -2 }
  }
]
