[
	{
		"id": "mon_cambion_male",
		"type": "MONSTER",
		"name": "男性恶魔受胎",
		"name_plural": "男性恶魔受胎",
		"description": "人类和恶魔的后代。和你一样，装备着某处收集来的临时盔甲和武器，行走在这个地狱般的世上。",
		"default_faction": "fiend",
		"species": [ "FIEND", "MALE" ],
		"diff": 3,
		"volume": "62500 ml",
		"weight": 66536,
		"hp": 80,
		"speed": 100,
		"material": [ "flesh" ],
		"symbol": "@",
		"color": "cyan",
		"aggression": 85,
		"morale": 50,
		"melee_skill": 6,
		"melee_dice": 2,
		"melee_dice_sides": 4,
		"armor_bash": 7,
		"armor_cut": 5,
		"armor_stab": 5,
		"armor_acid": 9,
		"dodge": 3,
		"vision_night": 10,
		"harvest": "human",
		"starting_ammo": { "reloaded_22_lr" : 50, "reloaded_22_fmj" : 50 },
		"special_attacks": [ [ "WIFE_U", 0 ], [ "STRIP_U", 5 ], [ "PARROT", 75 ], [ "VULGAR_SPEECH", 25 ],
			{
				"type": "gun",
				"cooldown": 7,
				"move_cost": 200,
				"targeting_cost": 100,
				"gun_type": "rifle_22",
				"ammo_type": "reloaded_22_lr",
				"max_ammo" : 22,
				"fake_skills": [ [ "gun", 1 ], [ "rifle", 1 ] ],
				"fake_dex": 6,
				"fake_per": 5,
				"require_targeting_player": true,
				"targeting_sound": "\"去死吧，sb！\"",
				"targeting_volume": 10,
				"description": "Bang!",
				"no_ammo_sound": "\"没子弹了！居然没子弹了！？草！！\"",
				"ranges": [ [ 0, 13, "DEFAULT" ] ]
			}
		],
		"death_drops": "default_cambion_male_death_drops",
		"death_function": [ "NORMAL" ],
		"flags": [ "SEES", "HEARS", "SMELLS", "PATH_AVOID_DANGER_2", "WARM", "GRABS", "PUSH_MON", "BASHES", "GROUP_BASH", "CLIMBS", "HUMAN", "BONES", "INTERIOR_AMMO" ]
	},
	{
		"id": "mon_cambion_female",
		"type": "MONSTER",
		"copy-from": "mon_cambion_male",
		"volume": "60000 ml",
		"weight": 55794,
		"name": "女性恶魔受胎",
		"name_plural": "女性恶魔受胎",
		"description": "人类和恶魔的后代。和你一样，装备着某处收集来的临时盔甲和武器，行走在这个地狱般的世上。",
		"species": [ "FIEND", "FEMALE" ],
		"color": "pink",
		"death_drops": "default_cambion_female_death_drops"
	},


	{
		"id": "mon_lessor_cubi_base",
		"type": "MONSTER",
		"name": "小恶魔模板",
		"name_plural": "小恶魔模板",
		"description": "小恶魔模板",
		"default_faction": "cubi",
		"species": [ "CUBI", "NETHER" ],
		"diff": 3,
		"volume": "30000 ml",
		"weight": 40750,
		"hp": 30,
		"speed": 85,
		"material": [ "flesh" ],
		"symbol": "d",
		"color": "pink",
		"aggression": 85,
		"morale": 50,
		"melee_skill": 2,
		"melee_dice": 1,
		"melee_dice_sides": 2,
		"dodge": 3,
		"vision_day": 30,
		"vision_night": 20,
		"harvest": "human",
		"special_attacks": [ [ "WIFE_U", 0 ], [ "SEDUCE", 3 ], [ "STRIP_U", 5 ] ],
		"death_function": [ "NORMAL" ],
		"flags": [ "SEES", "HEARS", "SMELLS", "PATH_AVOID_DANGER_1", "WARM", "GRABS", "PUSH_MON", "BASHES", "CLIMBS", "GROUP_MORALE", "GUILT", "HUMAN", "BONES" ]
	},
	{
		"id": "mon_cubi_base",
		"type": "MONSTER",
		"name": "魅魔模版",
		"name_plural": "魅魔模版",
		"description": "魅魔模版",
		"default_faction": "cubi",
		"species": [ "CUBI", "NETHER" ],
		"diff": 5,
		"volume": "60000 ml",
		"weight": 53138,
		"hp": 70,
		"speed": 95,
		"material": [ "flesh" ],
		"symbol": "d",
		"color": "pink",
		"aggression": 95,
		"morale": 80,
		"melee_skill": 3,
		"melee_dice": 1,
		"melee_dice_sides": 3,
		"armor_bash": 2,
		"armor_cut": 1,
		"armor_stab": 1,
		"dodge": 2,
		"vision_day": 30,
		"vision_night": 30,
		"harvest": "human",
		"special_attacks": [ [ "WIFE_U", 0 ], [ "SEDUCE", 2 ], [ "STRIP_U", 3 ], [ "THROW_KISS", 10 ] ],
		"death_function": [ "NORMAL" ],
		"flags": [ "SEES", "HEARS", "SMELLS", "PATH_AVOID_DANGER_1", "GRABS", "WARM", "PUSH_MON", "FLIES", "GROUP_MORALE", "HUMAN", "BONES" ]
	},

	{
		"id": "mon_lessor_succubi",
		"type": "MONSTER",
		"copy-from": "mon_lessor_cubi_base",
		"name": "小魅魔",
		"name_plural": "小魅魔",
		"description": "让男人堕落的恶魔，魅魔。她们外表看起来像是非常普通的孩子，但是她们的眼睛里确实充满了欲望。",
		"default_faction": "cubi",
		"species": [ "CUBI", "NETHER", "FEMALE" ],
		"color": "pink",
		"death_drops": "default_succubi_death_drops",
		"upgrades": { "half_life": 7, "into": "mon_succubi" }
	},
	{
		"id": "mon_succubi",
		"type": "MONSTER",
		"copy-from": "mon_cubi_base",
		"name": "魅魔",
		"name_plural": "魅魔",
		"description": "让男人堕落的恶魔，魅魔。据说她们让人们做淫秽的梦来吸收人们的精气，但现在她们在这个世界里似乎变得更加地奔放自由了。",
		"species": [ "CUBI", "NETHER", "FEMALE" ],
		"volume": "60000 ml",
		"weight": 53138,
		"color": "pink",
		"death_drops": "default_succubi_death_drops",
		"upgrades": { "half_life": 14, "into_group": "GROUP_SUCCUBI_UPGRADE" }
	},
	{
		"id": "mon_succubi_sadist",
		"type": "MONSTER",
		"name": "魅魔・虐待狂",
		"name_plural": "魅魔・虐待狂",
		"description": "让男人堕落的恶魔，魅魔。她拿着鞭子向你露出残虐的微笑。",
		"default_faction": "cubi",
		"species": [ "CUBI", "NETHER", "FEMALE" ],
		"diff": 16,
		"volume": "60000 ml",
		"weight": 53138,
		"hp": 120,
		"speed": 110,
		"material": [ "flesh" ],
		"symbol": "d",
		"color": "brown_red",
		"aggression": 95,
		"morale": 90,
		"//" : "ガチ戦闘ビルド。レザージャケットを着た上位ゾンビくらいの強さが理想。",
		"melee_skill": 5,
		"melee_dice": 3,
		"melee_dice_sides": 4,
		"melee_cut": 3,
		"armor_bash": 7,
		"armor_cut": 5,
		"armor_stab": 5,
		"armor_acid": 9,
		"attack_effs": [
			{ "id": "corrupt", "duration": 25 }
		],
		"dodge": 4,
		"vision_day": 30,
		"vision_night": 30,
		"harvest": "human",
		"special_attacks": [ [ "WIFE_U", 0 ], [ "STRIP_U", 10 ], [ "TAZER", 20 ],
			{
				"type": "gun",
				"cooldown": 5,
				"move_cost": 100,
				"gun_type": "fake_whip",
				"fake_skills": [ [ "gun", 8 ], [ "rifle", 8 ] ],
				"fake_dex": 8,
				"fake_per": 8,
				"require_targeting_player": false,
				"description": "%1$s挥下了鞭子！",
				"ranges": [ [ 1, 3, "DEFAULT" ] ]
			}
		],
		"death_drops": "succubi_sadist_death_drops",
		"death_function": [ "NORMAL" ],
		"flags": [ "SEES", "HEARS", "SMELLS", "PATH_AVOID_DANGER_1", "GRABS", "WARM", "PUSH_MON", "FLIES", "FIREPROOF", "GROUP_MORALE", "REGEN_MORALE", "HUMAN", "BONES" ]
	},
	{
		"id": "mon_succubi_somnophilia",
		"type": "MONSTER",
		"//" : "ソムノフィリア：眠っていたり意識の無い状態の相手との行為を好む。",
		"name": "魅魔・昏厥",
		"name_plural": "魅魔・昏厥",
		"description": "让男人堕落的恶魔，魅魔。据说她们让人们做淫秽的梦来吸收人们的精气，但她似乎特别喜欢这种情况。",
		"default_faction": "cubi",
		"species": [ "CUBI", "NETHER", "FEMALE" ],
		"diff": 16,
		"volume": "60000 ml",
		"weight": 53138,
		"hp": 100,
		"speed": 100,
		"material": [ "flesh" ],
		"symbol": "d",
		"color": "blue_red",
		"aggression": 95,
		"morale": 80,
		"//" : "魔法職。近接攻撃は一切行わず眠らせることに特化。",
		"melee_skill": 4,
		"melee_dice": 0,
		"melee_dice_sides": 1,
		"armor_bash": 5,
		"armor_cut": 3,
		"armor_stab": 3,
		"armor_acid": 5,
		"dodge": 2,
		"vision_day": 30,
		"vision_night": 40,
		"harvest": "human",
		"special_attacks": [ [ "SEDUCE", 7 ], [ "MAGIC_SUCCUBI_SOMNO", 3 ], [ "STRIP_U", 7 ], [ "WIFE_U", 0 ] ],
		"death_drops": "arch_succubi_death_drops",
		"death_function": [ "NORMAL" ],
		"flags": [ "SEES", "HEARS", "SMELLS", "PATH_AVOID_DANGER_1", "WARM", "PUSH_MON", "FLIES", "FIREPROOF", "GROUP_MORALE", "REGEN_MORALE", "HUMAN", "BONES" ]
	},
	{
		"id": "mon_succubi_exhibitionism",
		"type": "MONSTER",
		"//" : "エキシビショニズム：露出。",
		"name": "魅魔・暴露狂",
		"name_plural": "魅魔・暴露狂",
		"description": "让男人堕落的恶魔，魅魔。据说她们让人们做淫秽的梦来吸收人们的精气，但她似乎更喜欢裸露出她的身体。",
		"default_faction": "cubi",
		"species": [ "CUBI", "NETHER", "FEMALE" ],
		"diff": 16,
		"volume": "60000 ml",
		"weight": 50481,
		"hp": 100,
		"speed": 100,
		"material": [ "flesh" ],
		"symbol": "d",
		"color": "white_red",
		"aggression": 95,
		"morale": 80,
		"melee_skill": 4,
		"melee_dice": 2,
		"melee_dice_sides": 6,
		"dodge": 3,
		"vision_day": 30,
		"vision_night": 30,
		"harvest": "human",
		"special_attacks": [ [ "SEDUCE", 5 ], [ "EXPOSE", 30 ], [ "WIFE_U", 0 ] ],
		"death_drops": "arch_succubi_death_drops",
		"death_function": [ "NORMAL" ],
		"flags": [ "SEES", "HEARS", "SMELLS", "PATH_AVOID_DANGER_1", "GRABS", "WARM", "PUSH_MON", "FLIES", "FIREPROOF", "GROUP_MORALE", "REGEN_MORALE", "HUMAN", "BONES" ]
	},
	{
		"id": "mon_succubi_lactophilia",
		"type": "MONSTER",
		"//" : "ラクトフィリア：母乳。",
		"name": "魅魔・母乳",
		"name_plural": "魅魔・母乳",
		"description": "让男人堕落的恶魔，魅魔。即使是与一般的魅魔相比，她的胸部也大的过分。身体总是会被自己的乳水淋湿。",
		"default_faction": "cubi",
		"species": [ "CUBI", "NETHER", "FEMALE" ],
		"diff": 5,
		"volume": "60000 ml",
		"weight": 58451,
		"hp": 100,
		"speed": 95,
		"material": [ "flesh" ],
		"symbol": "d",
		"color": "pink_white",
		"aggression": 50,
		"morale": 80,
		"//" : "戦闘能力は普通のサキュバスとさほど変わらないが、超実力主義である夢魔達の中で*超*豊満な胸を持っているという理由だけでArchの座に祭り上げられてしまったが本人はよくわかっていない天然系おっとりMILFタイプ。　　まで妄想した",
		"melee_skill": 3,
		"melee_dice": 1,
		"melee_dice_sides": 3,
		"armor_bash": 8,
		"armor_cut": 1,
		"armor_stab": 1,
		"dodge": 2,
		"starting_ammo": { "milk": 8 },
		"vision_day": 30,
		"vision_night": 30,
		"harvest": "human",
		"special_attacks": [ [ "WIFE_U", 0 ], [ "SEDUCE", 2 ], [ "STRIP_U", 3 ], [ "THROW_KISS", 7 ] ],
		"death_drops": "arch_succubi_death_drops",
		"death_function": [ "NORMAL" ],
		"flags": [ "SEES", "HEARS", "SMELLS", "PATH_AVOID_DANGER_1", "GRABS", "WARM", "PUSH_MON", "FLIES", "FIREPROOF", "GROUP_MORALE", "REGEN_MORALE", "HUMAN", "BONES", "MILKABLE" ]
	},
	{
		"id": "mon_greater_succubi",
		"type": "MONSTER",
		"name": "大魅魔",
		"name_plural": "大魅魔",
		"description": "让男人堕落的恶魔，魅魔。而属于更高阶层的她，具有比其他的同属们强大无数倍的魔力和身体。她能在不经意间使任何人一见钟情，但你不能被她淫秽的外表欺骗！即使是暂时放松警惕也足以让她在瞬间夺走你的身体和灵魂。",
		"default_faction": "cubi",
		"species": [ "CUBI", "NETHER", "FEMALE" ],
		"diff": 50,
		"volume": "60000 ml",
		"weight": 53138,
		"hp": 240,
		"speed": 110,
		"material": [ "flesh" ],
		"symbol": "D",
		"color": "red",
		"aggression": 90,
		"morale": 100,
		"melee_skill": 6,
		"melee_dice": 2,
		"melee_dice_sides": 8,
		"dodge": 2,
		"starting_ammo": { "milk": 1 },
		"vision_day": 30,
		"vision_night": 40,
		"harvest": "human",
		"special_attacks": [ [ "SEDUCE", 5 ], [ "STRIP_U", 2 ], [ "WIFE_U", 0 ], [ "LOVE_FLAME", 40 ], [ "UPGRADE", 20 ] ],
		"death_drops": "greater_succubi_death_drops",
		"death_function": [ "NORMAL" ],
		"flags": [ "SEES", "HEARS", "SMELLS", "PATH_AVOID_DANGER_2", "GRABS", "WARM", "NIGHT_INVISIBILITY", "REGENERATES_IN_DARK", "PUSH_MON", "FLIES", "FIREPROOF", "REGEN_MORALE", "HUMAN", "BONES", "MILKABLE" ]
	},

	{
		"id": "mon_lessor_incubi",
		"type": "MONSTER",
		"copy-from": "mon_lessor_cubi_base",
		"name": "小梦魇",
		"name_plural": "小梦魇",
		"description": "让女人堕落的恶魔，梦魇。他们外表看起来像是非常普通的孩子，但是他们的眼睛里确实充满了欲望。",
		"species": [ "CUBI", "NETHER", "MALE" ],
		"color": "cyan",
		"death_drops": "default_incubi_death_drops",
		"upgrades": { "half_life": 7, "into": "mon_incubi" }
	},
	{
		"id": "mon_incubi",
		"type": "MONSTER",
		"copy-from": "mon_cubi_base",
		"name": "梦魇",
		"name_plural": "梦魇",
		"description": "让女人堕落的恶魔，梦魇。据说他们让人们做淫秽的梦来吸收人们的精气，但现在他们采取了更直接的办法。",
		"species": [ "CUBI", "NETHER", "MALE" ],
		"volume": "62500 ml",
		"weight": 66536,
		"color": "cyan",
		"death_drops": "default_incubi_death_drops",
		"upgrades": { "half_life": 14, "into_group": "GROUP_INCUBI_UPGRADE" }
	},
	{
		"id": "mon_incubi_sthenolagnia",
		"type": "MONSTER",
		"//" : "ステノラグニア：筋肉を愛する。",
		"name": "梦魇・肌肉",
		"name_plural": "梦魇・肌肉",
		"description": "让女人堕落的恶魔，梦魇。但他最自豪的是他的肉体之美，特别是肌肉，他的身体清楚地表明了这一点。",
		"default_faction": "cubi",
		"species": [ "CUBI", "NETHER", "MALE" ],
		"diff": 16,
		"volume": "62500 ml",
		"weight": 66536,
		"hp": 140,
		"speed": 110,
		"material": [ "flesh" ],
		"symbol": "d",
		"color": "blue_yellow",
		"aggression": 95,
		"morale": 90,
		"melee_skill": 5,
		"melee_dice": 3,
		"melee_dice_sides": 6,
		"armor_bash": 7,
		"armor_cut": 5,
		"armor_stab": 5,
		"armor_acid": 9,
		"dodge": 4,
		"vision_day": 30,
		"vision_night": 30,
		"harvest": "human",
		"special_attacks": [ [ "SEDUCE", 5 ], [ "STRIP_U", 3 ], [ "FLESH_GOLEM", 15 ], [ "GRAB_DRAG", 10 ], [ "WIFE_U", 0 ] ],
		"death_drops": "arch_incubi_death_drops",
		"death_function": [ "NORMAL" ],
		"flags": [ "SEES", "HEARS", "SMELLS", "PATH_AVOID_DANGER_1", "LOUDMOVES", "GRABS", "WARM", "PUSH_MON", "FLIES", "BASHES", "DESTROYS", "FIREPROOF", "GROUP_MORALE", "REGEN_MORALE", "HUMAN", "BONES" ]
	},
	{
		"id": "mon_incubi_phalloplas",
		"type": "MONSTER",
		"//" : "ファロプラス：男性のモノに色々埋め込んだり注入したりする。",
		"name": "梦魇・生化",
		"name_plural": "梦魇・生化",
		"description": "让女人堕落的恶魔，梦魇。而他也对自己的肉体...嗯，身体某一部位的改造非常狂热。在他看来，人类的CBM技术将只是他的另一个玩具。",
		"default_faction": "cubi",
		"species": [ "CUBI", "NETHER", "MALE" ],
		"diff": 16,
		"volume": "62500 ml",
		"weight": 69704,
		"hp": 100,
		"speed": 100,
		"material": [ "flesh" ],
		"symbol": "d",
		"color": "blue_green",
		"aggression": 95,
		"morale": 80,
		"melee_skill": 3,
		"melee_dice": 2,
		"melee_dice_sides": 4,
		"dodge": 2,
		"vision_day": 30,
		"vision_night": 30,
		"harvest": "human",
		"starting_ammo": { "d_cumshot" : 20 },
		"special_attacks": [ [ "SEDUCE", 5 ], [ "THROW_KISS", 15 ], [ "STRIP_U", 7 ], [ "WIFE_U", 0 ], [ "TAZER", 10 ],
			{
				"type": "gun",
				"cooldown": 20,
				"move_cost": 500,
				"targeting_cost": 100,
				"gun_type": "m79",
				"ammo_type": "d_cumshot",
				"max_ammo" : 2,
				"fake_skills": [ [ "gun", 0 ], [ "launcher", 2 ] ],
				"fake_dex": 8,
				"fake_per": 8,
				"require_targeting_player": true,
				"targeting_sound": "\"呃... 射，射，射了！\"",
				"targeting_volume": 6,
				"description": "Dong!",
				"ranges": [ [ 5, 25, "DEFAULT" ] ]
			}
		],
		"death_drops": "arch_incubi_death_drops",
		"death_function": [ "NORMAL" ],
		"flags": [ "SEES", "HEARS", "SMELLS", "PATH_AVOID_DANGER_1", "GRABS", "WARM", "PUSH_MON", "FLIES", "FIREPROOF", "GROUP_MORALE", "REGEN_MORALE", "HUMAN", "BONES", "ELECTRIC", "ELECTRONIC", "CBM_CIV", "INTERIOR_AMMO" ]
	},
	{
		"id": "mon_incubi_hoplophilia",
		"type": "MONSTER",
		"//" : "ホプロフィリア：銃を愛する。恐怖症はあっても性愛は無いと思うんだけど、まあ表現ということで...",
		"name": "梦魇・射手",
		"name_plural": "梦魇・射手",
		"description": "让女人堕落的恶魔，梦魇。他有一把老式的燧发步枪，似乎会毫不犹豫地用它对付任何人。",
		"default_faction": "cubi",
		"species": [ "CUBI", "NETHER", "MALE" ],
		"diff": 32,
		"volume": "62500 ml",
		"weight": 66536,
		"hp": 120,
		"speed": 100,
		"material": [ "flesh" ],
		"symbol": "d",
		"color": "blue_white",
		"aggression": 95,
		"morale": 90,
		"melee_skill": 5,
		"melee_dice": 2,
		"melee_dice_sides": 4,
		"armor_bash": 2,
		"armor_cut": 1,
		"armor_stab": 1,
		"dodge": 3,
		"vision_day": 30,
		"vision_night": 30,
		"harvest": "human",
		"starting_ammo": { "flintlock_ammo" : 24, "flintlock_ammo_magic" : 6 },
		"special_attacks": [ [ "WIFE_U", 0 ], [ "SEDUCE", 2 ], [ "STRIP_U", 3 ], [ "THROW_KISS", 10 ],
			{
				"type": "gun",
				"cooldown": 5,
				"move_cost": 1200,
				"targeting_cost": 250,
				"gun_type": "rifle_flintlock",
				"ammo_type": "flintlock_ammo_magic",
				"max_ammo" : 6,
				"fake_skills": [ [ "gun", 4 ], [ "rifle", 4 ] ],
				"fake_dex": 8,
				"fake_per": 12,
				"require_targeting_player": true,
				"//" : "ウェーバーの「魔弾の射手」の一説から適当に抜き出し。「6発は必中、7発目は...」という意味。まあドイツ語はさっぱりだがな！",
				"targeting_sound": "\"Sechse treffen, sieben...\"",
				"targeting_volume": 30,
				"description": "Blam!",
				"no_ammo_sound": "Click!",
				"ranges": [ [ 2, 12, "DEFAULT" ] ]
			},
			{
				"type": "gun",
				"cooldown": 2,
				"move_cost": 1200,
				"targeting_cost": 250,
				"gun_type": "rifle_flintlock",
				"ammo_type": "flintlock_ammo",
				"max_ammo" : 24,
				"fake_skills": [ [ "gun", 2 ], [ "rifle", 2 ] ],
				"fake_dex": 6,
				"fake_per": 8,
				"require_targeting_player": true,
				"//" : "ウェーバーの「魔弾の射手」の一説から適当に抜き出し。「ダイヤのクイーンの名にかけて撃て！は、は！」という意味。まあドイツ語はさっぱりだがな！",
				"targeting_sound": "\"Schiess in schellobers Namen! Ha, ha!\"",
				"targeting_volume": 40,
				"description": "Blam!",
				"no_ammo_sound": "Click!",
				"ranges": [ [ 2, 12, "DEFAULT" ] ]
			}
		],
		"death_drops": "incubi_hoplophilia_death_drops",
		"death_function": [ "NORMAL" ],
		"flags": [ "SEES", "HEARS", "SMELLS", "PATH_AVOID_DANGER_1", "GRABS", "WARM", "PUSH_MON", "FLIES", "FIREPROOF", "GROUP_MORALE", "REGEN_MORALE", "HUMAN", "BONES", "INTERIOR_AMMO", "PRIORITIZE_TARGETS" ]
	},
	{
		"id": "mon_greater_incubi",
		"type": "MONSTER",
		"copy-from": "mon_greater_succubi",
		"name": "大梦魇",
		"name_plural": "大梦魇",
		"description": "让女人堕落的恶魔，梦魇。而属于更高阶层的他，具有比其他的同属们强大无数倍的魔力和身体。他能在不经意间使任何人一见钟情，但你不能被他的目光欺骗！即使是暂时放松警惕也足以让他在瞬间夺走你的身体和灵魂。",
		"species": [ "CUBI", "NETHER", "MALE" ],
		"volume": "62500 ml",
		"weight": 66536,
		"color": "blue",
		"death_drops": "greater_incubi_death_drops"
	},

	{
		"//": "↓ここからは「堕ちた地域運営学校」専用の敵キャラ↓",
		"id": "mon_corrupted_schoolgirl",
		"type": "MONSTER",
		"copy-from": "mon_cubi_base",
		"name": "堕落的女学生",
		"name_plural": "堕落的女学生",
		"description": "身心被恶魔所夺，她已经失去了她的灵魂。只是根据她的纯粹肉体欲望行事。",
		"species": [ "CUBI", "FEMALE" ],
		"volume": "50000 ml",
		"weight": 49928,
		"symbol": "@",
		"color": "pink",
		"special_attacks": [ [ "WIFE_U", 0 ], [ "SEDUCE", 3 ], [ "STRIP_U", 0 ] ],
		"flags": [ "SEES", "HEARS", "SMELLS", "PATH_AVOID_DANGER_1", "WARM", "GRABS", "PUSH_MON", "BASHES", "CLIMBS", "GROUP_MORALE", "HUMAN", "BONES" ],
		"death_drops": "corrupted_schoolgirl_death_drops",
		"upgrades": { "half_life": 14, "into_group": "GROUP_SUCCUBI_UPGRADE" }
	},
	{
		"id": "mon_corrupted_schoolteacher_female",
		"type": "MONSTER",
		"copy-from": "mon_cubi_base",
		"name": "堕落的女教师",
		"name_plural": "堕落的女教师s",
		"description": "身心被恶魔所夺，她已经失去了她的灵魂。只是根据她的纯粹肉体欲望行事。",
		"species": [ "CUBI", "FEMALE" ],
		"volume": "60000 ml",
		"weight": 55794,
		"symbol": "@",
		"color": "pink",
		"special_attacks": [ [ "WIFE_U", 0 ], [ "SEDUCE", 1 ], [ "STRIP_U", 1 ], [ "THROW_KISS", 8 ] ],
		"flags": [ "SEES", "HEARS", "SMELLS", "PATH_AVOID_DANGER_1", "WARM", "GRABS", "PUSH_MON", "BASHES", "CLIMBS", "GROUP_MORALE", "HUMAN", "BONES" ],
		"death_drops": "corrupted_schoolteacher_female_death_drops",
		"upgrades": { "half_life": 14, "into_group": "GROUP_SUCCUBI_UPGRADE" }
	},
	{
		"id": "mon_corrupted_schoolboy",
		"type": "MONSTER",
		"copy-from": "mon_cubi_base",
		"name": "堕落的男学生",
		"name_plural": "堕落的男学生",
		"description": "身心被恶魔所夺，他已经失去了他的灵魂。只是根据他的纯粹肉体欲望行事。",
		"species": [ "CUBI", "MALE" ],
		"volume": "55000 ml",
		"weight": 62850,
		"symbol": "@",
		"color": "cyan",
		"special_attacks": [ [ "WIFE_U", 0 ], [ "SEDUCE", 3 ], [ "STRIP_U", 0 ] ],
		"flags": [ "SEES", "HEARS", "SMELLS", "PATH_AVOID_DANGER_1", "WARM", "GRABS", "PUSH_MON", "BASHES", "CLIMBS", "GROUP_MORALE", "HUMAN", "BONES" ],
		"death_drops": "corrupted_schoolboy_death_drops",
		"upgrades": { "half_life": 14, "into_group": "GROUP_INCUBI_UPGRADE" }
	},
	{
		"id": "mon_corrupted_schoolteacher_male",
		"type": "MONSTER",
		"copy-from": "mon_cubi_base",
		"name": "堕落的男教师",
		"name_plural": "堕落的男教师",
		"description": "身心被恶魔所夺，他已经失去了他的灵魂。只是根据他的纯粹肉体欲望行事。",
		"species": [ "CUBI", "MALE" ],
		"volume": "62500 ml",
		"weight": 66536,
		"symbol": "@",
		"color": "cyan",
		"special_attacks": [ [ "WIFE_U", 0 ], [ "SEDUCE", 1 ], [ "STRIP_U", 1 ], [ "THROW_KISS", 10 ] ],
		"flags": [ "SEES", "HEARS", "SMELLS", "PATH_AVOID_DANGER_1", "WARM", "GRABS", "PUSH_MON", "BASHES", "CLIMBS", "GROUP_MORALE", "HUMAN", "BONES" ],
		"death_drops": "corrupted_schoolteacher_male_death_drops",
		"upgrades": { "half_life": 14, "into_group": "GROUP_INCUBI_UPGRADE" }
	},
	{
		"id": "mon_goathead_demon",
		"type": "MONSTER",
		"name": "山羊头恶魔",
		"name_plural": "山羊头恶魔",
		"description": "头部是山羊头，躯干则是雌雄同体的恶魔。在大灾难发生之前渗透人类，利用发生的混乱，现在是安息日背后的主要主宰者。",
		"default_faction": "fiend",
		"species": [ "FIEND", "HERM" ],
		"diff": 50,
		"size": "LARGE",
		"hp": 300,
		"speed": 115,
		"material": [ "flesh" ],
		"symbol": "D",
		"color": "dark_gray_white",
		"aggression": 100,
		"morale": 100,
		"melee_skill": 4,
		"melee_dice": 3,
		"melee_dice_sides": 4,
		"melee_cut": 8,
		"armor_bash": 14,
		"armor_cut": 12,
		"armor_stab": 8,
		"dodge": 3,
		"vision_night": 30,
		"harvest": "human",
		"special_attacks": [ [ "EVENT_GOATHEAD_DEMON", 1 ], [ "MAGIC_GOATHEAD_DEMON", 5 ], [ "FEAR_PARALYZE", 30 ] ],
		"death_function": [ "DISINTEGRATE" ],
		"flags": [ "IMMOBILE", "BLEED", "SEES", "GOODHEARING", "SMELLS", "FIREPROOF", "ACIDPROOF", "GRABS", "WARM", "NOGIB", "REGENERATES_IN_DARK", "PLASTIC" ],
		"death_drops": "goathead_demon_death_drops"
	},

	{
		"id": "mon_hentai_vinebeast",
		"type": "MONSTER",
		"copy-from": "mon_vinebeast",
		"name": "触手怪",
		"description": "像是一种活生生的匍匐植物转变成的某种奇特的东西。颜色和形状不同的触手从它身上生长而滴下粘液，在自由移动的同时发出一种奇怪的滑溜声音。毫无疑问，这东西是日本制造的。",
		"default_faction": "triffid",
		"species": [ "PLANT", "HERM" ],
		"speed": 50,
		"material": [ "veggy" ],
		"color": "light_green",
		"special_attacks": [ [ "WIFE_U", 0 ], [ "STRIP_U", 0 ], [ "RANGED_PULL", 4 ], [ "SPIT_SAP", 3 ], [ "TENTACLE", 15 ] ]
	},

	{
		"//": "↓ここからは未実装のモンスター。↓↓从这里开始是未实现的怪物。↓",
		"id": "mon_dark_witch",
		"type": "MONSTER",
		"name": "dark witch",
		"name_plural": "dark witches",
		"description": "An evil witch who worships wicked Demons.  Although she is donning modern black dress instead of the traditional robes, her magical powers that have been passed down since the old days are still just as potent as ever.",
		"default_faction": "fiend",
		"species": [ "HORROR" ],
		"diff": 5,
		"size": "MEDIUM",
		"hp": 70,
		"speed": 95,
		"material": [ "flesh" ],
		"symbol": "@",
		"color": "dark_gray_white",
		"aggression": 95,
		"morale": 75,
		"melee_skill": 4,
		"melee_dice": 2,
		"melee_dice_sides": 4,
		"armor_bash": 2,
		"armor_cut": 1,
		"armor_stab": 1,
		"dodge": 2,
		"harvest": "human",
		"death_function": [ "NORMAL" ],
		"flags": [ "SEES", "HEARS", "SMELLS", "PATH_AVOID_DANGER_2", "GRABS", "WARM", "PUSH_MON", "HUMAN", "BONES" ]
	},
	{
		"id": "mon_dark_summoner",
		"type": "MONSTER",
		"name": "dark summoner",
		"name_plural": "dark summoners",
		"description": "An evil conjurer who summons and controls Demons for his own wicked purposes.  Although he is donning modern black suit and armed with a handgun instead of the traditional robes and a staff, his mystical powers that have been passed down since the old days are still just as potent as ever.",
		"default_faction": "fiend",
		"species": [ "HORROR" ],
		"diff": 5,
		"size": "MEDIUM",
		"hp": 70,
		"speed": 95,
		"material": [ "flesh" ],
		"symbol": "@",
		"color": "dark_gray_white",
		"aggression": 95,
		"morale": 75,
		"melee_skill": 4,
		"melee_dice": 2,
		"melee_dice_sides": 4,
		"armor_bash": 2,
		"armor_cut": 1,
		"armor_stab": 1,
		"dodge": 2,
		"harvest": "human",
		"death_function": [ "NORMAL" ],
		"flags": [ "SEES", "HEARS", "SMELLS", "PATH_AVOID_DANGER_2", "GRABS", "WARM", "PUSH_MON", "HUMAN", "BONES" ]
	},

	{
		"//": "↓ここからはイベント発火用のダミーモンスター。special_attacksでイベントだけ呼んで消える。↓",
		"id": "mon_demonbeing_schoolgirl",
		"type": "MONSTER",
		"copy-from": "mon_corrupted_schoolgirl",
		"name": "堕落的女学生",
		"name_plural": "堕落的女学生",
		"description": "身心被恶魔所夺，她已经失去了她的灵魂。只是根据她的纯粹肉体欲望行事。",
		"special_attacks": [ [ "EVENT_DEMONBEING_SCHOOLGIRL", 3 ] ],
		"flags": [ "IMMOBILE" ]
	}

]
