[
	{
		"//":"添加天命武装至原版武术",
        "type" : "martial_art",
        "id" : "style_fencing",
		"copy-from": "style_fencing",
        "weapons" : [
			"GS_wp_mechanic_umbrella",
			"GS_wp_merit2_sword_dispel",
			"GS_wp_merit2_sword_dispel_active",
			"GS_wp_merit3_emperor_sword",
			
            "broadsword",
            "broadfire_off",
            "broadfire_on",
            "rapier",
            "cavalry_sabre",
            "fencing_foil",
            "fencing_sabre",
            "fencing_epee",
            "umbrella",
            "cane",
            "cudgel"
        ]
	},{
        "type" : "martial_art",
        "id" : "style_niten",
		"copy-from": "style_niten",
        "weapons" : [
			"GS_wp_str3_katana_bloodly",
			"GS_wp_str3_katana_bloodly_active",
			"GS_wp_str5_katana_Muramasa",
			"GS_wp_str5_katana_Muramasa_active",
			"GS_wp_merit2_sword_dispel",
			"GS_wp_merit2_sword_dispel_active",
			"GS_wp_merit3_emperor_sword",
			
            "katana",
            "firekatana_off",
            "firekatana_on",
            "bokken",
            "wakizashi",
            "nodachi"
        ]
	},{
        "type" : "martial_art",
        "id" : "style_silat",
		"copy-from": "style_silat",
        "weapons" : [
			"GS_wp_str2_reveager_spear",
			"GS_wp_str4_reveager_spear",
			"GS_wp_str3_katana_bloodly",
			"GS_wp_str3_katana_bloodly_active",
			"GS_wp_str5_katana_Muramasa",
			"GS_wp_str5_katana_Muramasa_active",
			"GS_wp_merit2_sword_dispel",
			"GS_wp_merit2_sword_dispel_active",
			"GS_tool_shovel_WJQ500",
			
            "baton-extended",
            "bio_blade_weapon",
            "bowling_pin",
            "cudgel",
            "diveknife",
            "firemachete_off",
            "firemachete_on",
            "golf_club",
            "hockey_stick",
            "i_staff",
            "javelin",
            "javelin_iron",
            "knife_combat",
            "knife_hunting",
            "knife_trench",
            "kris",
            "machete",
            "makeshift_halberd",
            "makeshift_knife",
            "makeshift_machete",
            "pipe",
            "pointy_stick",
            "pool_cue",
            "PR24-extended",
            "primitive_knife",
            "q_staff",
            "rebar",
            "scimitar",
            "scythe",
            "scythe_war",
            "shock_staff",
            "shocktonfa_off",
            "shocktonfa_on",
            "sickle",
            "shishkebab_off",
            "shishkebab_on",
            "spear_knife",
            "spear_rebar",
            "spear_pipe",
            "spear_steel",
            "spear_survivor",
            "spear_wood",
            "stick",
            "survivor_machete",
            "tanto",
            "tonfa",
            "tonfa_wood",
            "kukri",
            "knife_rambo",
            "knife_rm42",
            "switchblade",
            "l-stick",
            "l-stick_on"
        ]
	},{
        "type" : "martial_art",
        "id" : "style_eskrima",
		"copy-from": "style_eskrima",
        "weapons" : [
			"GS_wp_str2_reveager_spear",
			"GS_wp_str4_reveager_spear",
			"GS_wp_str3_katana_bloodly",
			"GS_wp_str3_katana_bloodly_active",
			"GS_wp_str5_katana_Muramasa",
			"GS_wp_str5_katana_Muramasa_active",
			"GS_wp_merit2_sword_dispel",
			"GS_wp_merit2_sword_dispel_active",
			"GS_wp_merit3_emperor_sword",
			"GS_wp_mechanic_umbrella",
			"GS_tool_shovel_WJQ500",
			
            "2x4",
            "baton-extended",
            "bee_sting",
            "bio_blade_weapon",
            "bowling_pin",
            "cane",
            "cudgel",
            "cu_pipe",
            "diveknife",
            "fighter_sting",
            "firemachete_off",
            "firemachete_on",
            "glass_shiv",
            "hammer",
            "knife_combat",
            "knife_hunting",
            "knife_trench",
            "machete",
            "survivor_machete",
            "makeshift_knife",
            "makeshift_machete",
            "pipe",
            "pockknife",
            "pool_cue",
            "PR24-extended",
            "primitive_knife",
            "primitive_hammer",
            "punch_dagger",
            "scissors",
            "screwdriver",
            "sharp_toothbrush",
            "shishkebab_off",
            "shishkebab_on",
            "stick",
            "switchblade",
            "tanto",
            "umbrella",
            "wasp_sting",
            "wrench",
            "kukri",
            "knife_rambo",
            "knife_rm42",
            "l-stick",
            "l-stick_on"
        ]
	}
]