[
  {
    "result": "silver_small",
    "type": "recipe",
    "id_suffix": "magical",
    "category": "CC_ARCANA",
    "subcategory": "CSC_ARCANA_ALCHEMY",
    "skill_used": "magic",
    "difficulty": 5,
    "skills_required": [
      [
        "fabrication",
        4
      ],
      [
        "chemistry",
        6
      ]
    ],
    "book_learn": [
      [
        "book_potioncraft",
        5
      ]
    ],
    "time": "30 m",
    "activity_level": "NO_EXERCISE",
    "batch_time_factors": [
      50,
      2
    ],
    "using": [
      [
        "forging_standard",
        1
      ],
      [
        "arcana_essence_any",
        2
      ]
    ],
    "tools": [
      [
        [
          "book_potioncraft",
          -1
        ]
      ],
      [
        [
          "crucible",
          -1
        ],
        [
          "crucible_clay",
          -1
        ]
      ]
    ],
    "components": [
      [
        [
          "lead",
          100
        ],
        [
          "bismuth",
          150
        ],
        [
          "copper",
          150
        ],
        [
          "tin",
          100
        ]
      ],
      [
        [
          "healing_potion",
          1
        ]
      ]
    ]
  },
  {
    "result": "gold_small",
    "type": "recipe",
    "id_suffix": "magical",
    "category": "CC_ARCANA",
    "subcategory": "CSC_ARCANA_ALCHEMY",
    "skill_used": "magic",
    "difficulty": 5,
    "skills_required": [
      [
        "fabrication",
        4
      ],
      [
        "chemistry",
        6
      ]
    ],
    "book_learn": [
      [
        "book_potioncraft",
        5
      ]
    ],
    "time": "30 m",
    "activity_level": "NO_EXERCISE",
    "batch_time_factors": [
      50,
      2
    ],
    "using": [
      [
        "forging_standard",
        1
      ],
      [
        "arcana_essence_any",
        3
      ]
    ],
    "tools": [
      [
        [
          "book_potioncraft",
          -1
        ]
      ],
      [
        [
          "crucible",
          -1
        ],
        [
          "crucible_clay",
          -1
        ]
      ]
    ],
    "components": [
      [
        [
          "lead",
          200
        ],
        [
          "bismuth",
          250
        ],
        [
          "copper",
          250
        ],
        [
          "tin",
          200
        ]
      ],
      [
        [
          "healing_potion",
          1
        ]
      ]
    ]
  },
  {
    "result": "numbness_potion",
    "type": "recipe",
    "category": "CC_ARCANA",
    "subcategory": "CSC_ARCANA_ALCHEMY",
    "//": "Denatured alcohol?  Yep, these recipes would all be nasty to drink if magic wasn't involved.",
    "skill_used": "magic",
    "difficulty": 1,
    "skills_required": [
      "chemistry",
      5
    ],
    "time": "60 m",
    "activity_level": "LIGHT_EXERCISE",
    "batch_time_factors": [
      80,
      4
    ],
    "book_learn": [
      [
        "book_potioncraft",
        0
      ]
    ],
    "using": [
      [
        "arcana_potioncraft_standard",
        1
      ],
      [
        "surface_heat",
        10
      ],
      [
        "arcana_essence_any",
        1
      ]
    ],
    "components": [
      [
        [
          "fat_tainted",
          4
        ],
        [
          "bone_tainted",
          1
        ]
      ]
    ],
    "delete_flags": [
      "HIDDEN_HALLU",
      "HIDDEN_POISON",
      "BAD_TASTE",
      "CANNIBALISM"
    ],
    "flags": [
      "ALLOW_ROTTEN"
    ]
  },
  {
    "result": "strength_potion",
    "type": "recipe",
    "category": "CC_ARCANA",
    "subcategory": "CSC_ARCANA_ALCHEMY",
    "skill_used": "magic",
    "difficulty": 2,
    "skills_required": [
      "chemistry",
      5
    ],
    "time": "60 m",
    "activity_level": "LIGHT_EXERCISE",
    "batch_time_factors": [
      80,
      4
    ],
    "book_learn": [
      [
        "book_potioncraft",
        1
      ]
    ],
    "using": [
      [
        "arcana_potioncraft_standard",
        1
      ],
      [
        "surface_heat",
        10
      ],
      [
        "arcana_essence_any",
        1
      ]
    ],
    "components": [
      [
        [
          "tallow_tainted",
          1
        ],
        [
          "meal_bone_tainted",
          4
        ]
      ],
      [
        [
          "material_limestone",
          1
        ],
        [
          "ash",
          500
        ]
      ]
    ],
    "delete_flags": [
      "HIDDEN_HALLU",
      "HIDDEN_POISON",
      "BAD_TASTE",
      "CANNIBALISM"
    ],
    "flags": [
      "ALLOW_ROTTEN"
    ]
  },
  {
    "result": "speed_potion",
    "type": "recipe",
    "category": "CC_ARCANA",
    "subcategory": "CSC_ARCANA_ALCHEMY",
    "skill_used": "magic",
    "difficulty": 3,
    "skills_required": [
      "chemistry",
      5
    ],
    "time": "60 m",
    "activity_level": "LIGHT_EXERCISE",
    "batch_time_factors": [
      80,
      4
    ],
    "book_learn": [
      [
        "book_potioncraft",
        2
      ]
    ],
    "qualities": [
      {
        "id": "CHEM",
        "level": 1
      }
    ],
    "using": [
      [
        "arcana_potioncraft_standard",
        1
      ],
      [
        "surface_heat",
        10
      ],
      [
        "arcana_essence_any",
        1
      ]
    ],
    "components": [
      [
        [
          "tallow_tainted",
          1
        ],
        [
          "meal_bone_tainted",
          4
        ]
      ],
      [
        [
          "material_quicklime",
          1
        ],
        [
          "lye",
          1
        ],
        [
          "lye_powder",
          35
        ]
      ],
      [
        [
          "lead",
          20
        ],
        [
          "bismuth",
          25
        ],
        [
          "copper",
          25
        ],
        [
          "tin",
          20
        ]
      ]
    ],
    "delete_flags": [
      "HIDDEN_HALLU",
      "HIDDEN_POISON",
      "BAD_TASTE",
      "CANNIBALISM"
    ],
    "flags": [
      "ALLOW_ROTTEN"
    ]
  },
  {
    "result": "healing_potion",
    "type": "recipe",
    "category": "CC_ARCANA",
    "subcategory": "CSC_ARCANA_ALCHEMY",
    "//": "Ethanol and caustic lime, if you had pearl ash you'd get alkahest. Not a universal solvent, but a good glass cleaner.",
    "skill_used": "magic",
    "difficulty": 4,
    "skills_required": [
      "chemistry",
      5
    ],
    "time": "60 m",
    "activity_level": "LIGHT_EXERCISE",
    "batch_time_factors": [
      80,
      4
    ],
    "book_learn": [
      [
        "book_potioncraft",
        3
      ]
    ],
    "using": [
      [
        "arcana_potioncraft_standard",
        1
      ],
      [
        "surface_heat",
        10
      ],
      [
        "arcana_essence_any",
        1
      ]
    ],
    "components": [
      [
        [
          "tallow_tainted",
          1
        ],
        [
          "meal_bone_tainted",
          4
        ]
      ],
      [
        [
          "material_quicklime",
          1
        ],
        [
          "lye",
          1
        ],
        [
          "lye_powder",
          35
        ]
      ],
      [
        [
          "gold_small",
          10
        ],
        [
          "silver_small",
          20
        ]
      ],
      [
        [
          "blood",
          1
        ]
      ]
    ],
    "delete_flags": [
      "HIDDEN_HALLU",
      "HIDDEN_POISON",
      "BAD_TASTE",
      "CANNIBALISM"
    ],
    "flags": [
      "ALLOW_ROTTEN"
    ]
  },
  {
    "result": "arcana_mana_potion",
    "type": "recipe",
    "category": "CC_ARCANA",
    "subcategory": "CSC_ARCANA_ALCHEMY",
    "skill_used": "magic",
    "difficulty": 7,
    "skills_required": [
      "chemistry",
      5
    ],
    "time": "60 m",
    "activity_level": "LIGHT_EXERCISE",
    "batch_time_factors": [
      80,
      4
    ],
    "//": "Yes, it is intentional that you need History of Alchemy as a production reference, but need to learn the concept from Oaths To The Chalice.",
    "book_learn": [
      [
        "book_sacrifice",
        9
      ]
    ],
    "using": [
      [
        "arcana_potioncraft_standard",
        1
      ],
      [
        "surface_heat",
        10
      ]
    ],
    "tools": [
      [
        [
          "offering_chalice",
          -1
        ]
      ]
    ],
    "components": [
      [
        [
          "essence_pure",
          1
        ],
        [
          "arcana_essence_any",
          10,
          "LIST"
        ]
      ]
    ],
    "delete_flags": [
      "HIDDEN_HALLU",
      "HIDDEN_POISON",
      "BAD_TASTE",
      "CANNIBALISM"
    ],
    "flags": [
      "ALLOW_ROTTEN",
      "SECRET"
    ]
  },
  {
    "result": "red_black_vulnerary",
    "type": "recipe",
    "category": "CC_ARCANA",
    "subcategory": "CSC_ARCANA_ALCHEMY",
    "skill_used": "magic",
    "difficulty": 3,
    "skills_required": [
      "firstaid",
      1
    ],
    "time": "10 m",
    "activity_level": "LIGHT_EXERCISE",
    "batch_time_factors": [
      80,
      4
    ],
    "book_learn": [
      [
        "book_potioncraft",
        4
      ]
    ],
    "qualities": [
      {
        "id": "CUT",
        "level": 1
      },
      {
        "id": "CONTAIN",
        "level": 1
      }
    ],
    "tools": [
      [
        [
          "book_potioncraft",
          -1
        ]
      ]
    ],
    "components": [
      [
        [
          "healing_potion",
          1
        ]
      ],
      [
        [
          "numbness_potion",
          1
        ]
      ],
      [
        [
          "rag",
          3
        ],
        [
          "medical_gauze",
          1
        ]
      ],
      [
        [
          "rose_hips",
          1
        ],
        [
          "poppy_bud",
          1
        ],
        [
          "bee_balm",
          1
        ],
        [
          "inflorescent_root",
          1
        ],
        [
          "triffid_queen_flower",
          1
        ]
      ]
    ],
    "delete_flags": [
      "HIDDEN_HALLU",
      "HIDDEN_POISON",
      "BAD_TASTE",
      "CANNIBALISM"
    ],
    "flags": [
      "ALLOW_ROTTEN"
    ]
  },
  {
    "result": "yellow_white_incense",
    "type": "recipe",
    "category": "CC_ARCANA",
    "subcategory": "CSC_ARCANA_ALCHEMY",
    "skill_used": "magic",
    "difficulty": 4,
    "skills_required": [
      "chemistry",
      3
    ],
    "time": "30 m",
    "activity_level": "LIGHT_EXERCISE",
    "batch_time_factors": [
      80,
      4
    ],
    "book_learn": [
      [
        "book_potioncraft",
        5
      ]
    ],
    "qualities": [
      {
        "id": "HAMMER",
        "level": 1
      },
      {
        "id": "BOIL",
        "level": 1
      }
    ],
    "tools": [
      [
        [
          "book_potioncraft",
          -1
        ]
      ],
      [
        [
          "water_boiling_heat",
          6,
          "LIST"
        ]
      ]
    ],
    "components": [
      [
        [
          "speed_potion",
          1
        ]
      ],
      [
        [
          "strength_potion",
          1
        ]
      ],
      [
        [
          "charcoal",
          1
        ],
        [
          "splinter",
          4
        ],
        [
          "birchbark",
          2
        ],
        [
          "pine_bough",
          2
        ]
      ]
    ],
    "delete_flags": [
      "HIDDEN_HALLU",
      "HIDDEN_POISON",
      "BAD_TASTE",
      "CANNIBALISM"
    ]
  },
  {
    "result": "dragonblood_mutagen",
    "type": "recipe",
    "category": "CC_ARCANA",
    "subcategory": "CSC_ARCANA_ALCHEMY",
    "skill_used": "magic",
    "difficulty": 5,
    "skills_required": [
      "chemistry",
      3
    ],
    "time": "30 m",
    "activity_level": "LIGHT_EXERCISE",
    "batch_time_factors": [
      80,
      4
    ],
    "book_learn": [
      [
        "book_bloodmagic",
        5
      ],
      [
        "book_syncretism",
        4
      ]
    ],
    "using": [
      [
        "surface_heat",
        10
      ],
      [
        "arcana_essence_exclude_dull",
        1
      ]
    ],
    "qualities": [
      {
        "id": "CHEM",
        "level": 1
      }
    ],
    "tools": [
      [
        [
          "book_potioncraft",
          -1
        ]
      ],
      [
        [
          "graboid_fang",
          -1
        ],
        [
          "monster_fang",
          -1
        ],
        [
          "wyrmskin_piece",
          -1
        ],
        [
          "iridescent_plate",
          -1
        ]
      ]
    ],
    "components": [
      [
        [
          "salt_water",
          1
        ]
      ],
      [
        [
          "blood",
          1
        ]
      ],
      [
        [
          "mutagen_jabberblood",
          1
        ],
        [
          "slime_scrap",
          2
        ],
        [
          "fat_tainted",
          3
        ],
        [
          "bone_tainted",
          4
        ],
        [
          "meat_tainted",
          5
        ]
      ]
    ],
    "delete_flags": [
      "HIDDEN_HALLU",
      "HIDDEN_POISON",
      "BAD_TASTE",
      "CANNIBALISM"
    ],
    "flags": [
      "ALLOW_ROTTEN",
      "SECRET"
    ]
  }
]