[
  {
    "result": "gloves_plate",
    "type": "recipe",
    "category": "CC_ARCANA",
    "subcategory": "CSC_ARCANA_ARMOR",
    "skill_used": "fabrication",
    "difficulty": 5,
    "time": "5 h 15 m",
    "activity_level": "LIGHT_EXERCISE",
    "skills_required": [
      "magic",
      6
    ],
    "book_learn": [
      [
        "book_sacrifice",
        5
      ]
    ],
    "using": [
      [
        "forging_standard",
        12
      ],
      [
        "steel_standard",
        6
      ],
      [
        "arcana_forging_tools_standard",
        1
      ],
      [
        "arcana_essence_any",
        1
      ]
    ],
    "proficiencies": [
      {
        "proficiency": "prof_metalworking",
        "required": false,
        "time_multiplier": 1.5,
        "fail_multiplier": 1.5
      }
    ],
    "components": [
      [
        [
          "fur",
          10
        ],
        [
          "tanned_pelt",
          2
        ],
        [
          "leather",
          10
        ],
        [
          "tanned_hide",
          2
        ]
      ]
    ],
    "flags": [
      "BLIND_EASY",
      "SECRET"
    ]
  },
  {
    "result": "triffid_garland",
    "type": "recipe",
    "category": "CC_ARCANA",
    "subcategory": "CSC_ARCANA_ARMOR",
    "skill_used": "magic",
    "time": "40 m",
    "activity_level": "LIGHT_EXERCISE",
    "autolearn": true,
    "proficiencies": [
      {
        "proficiency": "prof_fibers",
        "required": false,
        "time_multiplier": 3
      }
    ],
    "components": [
      [
        [
          "filament",
          50,
          "LIST"
        ],
        [
          "cordage_short",
          1,
          "LIST"
        ]
      ],
      [
        [
          "inflorescent_root",
          1
        ],
        [
          "triffid_queen_flower",
          1
        ]
      ]
    ]
  },
  {
    "type": "recipe",
    "result": "amulet_exotic",
    "category": "CC_ARCANA",
    "subcategory": "CSC_ARCANA_ARMOR",
    "skill_used": "magic",
    "time": "30 m",
    "activity_level": "LIGHT_EXERCISE",
    "autolearn": true,
    "components": [
      [
        [
          "cordage_short",
          1,
          "LIST"
        ],
        [
          "silver_necklace",
          1
        ]
      ],
      [
        [
          "vortex_shard",
          1
        ],
        [
          "blob_gem",
          1
        ],
        [
          "monster_tear",
          1
        ],
        [
          "shadow_gem",
          1
        ]
      ]
    ]
  },
  {
    "type": "recipe",
    "result": "brooch_iridescent",
    "category": "CC_ARCANA",
    "subcategory": "CSC_ARCANA_ARMOR",
    "skill_used": "magic",
    "skills_required": [
      "fabrication",
      3
    ],
    "time": "60 m",
    "activity_level": "LIGHT_EXERCISE",
    "autolearn": true,
    "qualities": [
      {
        "id": "HAMMER",
        "level": 1
      }
    ],
    "tools": [
      [
        [
          "surface_heat",
          10,
          "LIST"
        ]
      ]
    ],
    "components": [
      [
        [
          "bone",
          1
        ],
        [
          "bone_human",
          1
        ]
      ],
      [
        [
          "copper",
          10
        ],
        [
          "silver_small",
          10
        ],
        [
          "gold_small",
          10
        ]
      ],
      [
        [
          "iridescent_plate",
          1
        ],
        [
          "wyrmskin_piece",
          1
        ],
        [
          "engraved_stone",
          1
        ]
      ]
    ]
  },
  {
    "type": "recipe",
    "result": "triffid_garland_empowered",
    "category": "CC_ARCANA",
    "subcategory": "CSC_ARCANA_ARMOR",
    "skill_used": "magic",
    "difficulty": 4,
    "skills_required": [
      "survival",
      3
    ],
    "time": "25 m",
    "activity_level": "NO_EXERCISE",
    "autolearn": true,
    "book_learn": [
      [
        "book_magicfordummies",
        0
      ]
    ],
    "using": [
      [
        "arcana_scrollwriting_rewrite",
        1
      ]
    ],
    "components": [
      [
        [
          "triffid_garland",
          1
        ]
      ],
      [
        [
          "water_talisman",
          1
        ]
      ],
      [
        [
          "earth_talisman",
          1
        ]
      ]
    ],
    "delete_flags": [
      "HIDDEN_HALLU",
      "HIDDEN_POISON",
      "BAD_TASTE",
      "CANNIBALISM"
    ],
    "flags": [
      "BLIND_EASY",
      "ALLOW_ROTTEN"
    ]
  },
  {
    "type": "recipe",
    "result": "amulet_exotic_empowered",
    "category": "CC_ARCANA",
    "subcategory": "CSC_ARCANA_ARMOR",
    "skill_used": "magic",
    "difficulty": 5,
    "skills_required": [
      "survival",
      3
    ],
    "time": "25 m",
    "activity_level": "NO_EXERCISE",
    "autolearn": true,
    "book_learn": [
      [
        "book_magicfordummies",
        0
      ]
    ],
    "using": [
      [
        "arcana_scrollwriting_rewrite",
        1
      ]
    ],
    "components": [
      [
        [
          "amulet_exotic",
          1
        ]
      ],
      [
        [
          "flame_talisman",
          1
        ]
      ],
      [
        [
          "air_talisman",
          1
        ]
      ]
    ],
    "delete_flags": [
      "HIDDEN_HALLU",
      "HIDDEN_POISON",
      "BAD_TASTE",
      "CANNIBALISM"
    ],
    "flags": [
      "BLIND_EASY",
      "ALLOW_ROTTEN"
    ]
  },
  {
    "type": "recipe",
    "result": "brooch_iridescent_empowered",
    "category": "CC_ARCANA",
    "subcategory": "CSC_ARCANA_ARMOR",
    "skill_used": "magic",
    "difficulty": 5,
    "skills_required": [
      "survival",
      3
    ],
    "time": "25 m",
    "activity_level": "NO_EXERCISE",
    "autolearn": true,
    "book_learn": [
      [
        "book_magicfordummies",
        0
      ]
    ],
    "using": [
      [
        "arcana_scrollwriting_rewrite",
        1
      ]
    ],
    "components": [
      [
        [
          "amulet_exotic",
          1
        ]
      ],
      [
        [
          "earth_talisman",
          1
        ]
      ],
      [
        [
          "air_talisman",
          1
        ]
      ]
    ],
    "delete_flags": [
      "HIDDEN_HALLU",
      "HIDDEN_POISON",
      "BAD_TASTE",
      "CANNIBALISM"
    ],
    "flags": [
      "BLIND_EASY",
      "ALLOW_ROTTEN"
    ]
  },
  {
    "type": "recipe",
    "result": "mana_gem",
    "category": "CC_ARCANA",
    "subcategory": "CSC_ARCANA_ARMOR",
    "skill_used": "magic",
    "difficulty": 5,
    "skills_required": [
      "fabrication",
      3
    ],
    "time": "30 m",
    "activity_level": "LIGHT_EXERCISE",
    "autolearn": true,
    "book_learn": [
      [
        "book_magicfordummies",
        4
      ],
      [
        "book_bloodmagic",
        3
      ],
      [
        "book_hexenhammer",
        3
      ],
      [
        "book_sacrifice",
        3
      ],
      [
        "book_syncretism",
        2
      ]
    ],
    "using": [
      [
        "forging_standard",
        1
      ],
      [
        "bronzesmithing_tools",
        1
      ],
      [
        "cordage_short",
        3
      ],
      [
        "arcana_essence_any",
        3
      ]
    ],
    "proficiencies": [
      {
        "proficiency": "prof_metalworking",
        "required": false,
        "time_multiplier": 2
      }
    ],
    "components": [
      [
        [
          "amethyst",
          1
        ],
        [
          "aquamarine",
          1
        ],
        [
          "blue_topaz",
          1
        ],
        [
          "sapphire",
          1
        ],
        [
          "monster_tear",
          1
        ],
        [
          "blob_gem",
          1
        ]
      ],
      [
        [
          "copper",
          100
        ],
        [
          "silver_small",
          100
        ],
        [
          "gold_small",
          100
        ]
      ]
    ]
  },
  {
    "result": "gilded_aegis",
    "type": "recipe",
    "category": "CC_ARCANA",
    "subcategory": "CSC_ARCANA_ARMOR",
    "skill_used": "magic",
    "difficulty": 5,
    "skills_required": [
      "tailor",
      3
    ],
    "time": "30 m",
    "activity_level": "LIGHT_EXERCISE",
    "book_learn": [
      [
        "book_hexenhammer",
        5
      ]
    ],
    "using": [
      [
        "filament",
        18
      ],
      [
        "steel_standard",
        2
      ]
    ],
    "qualities": [
      {
        "id": "HAMMER",
        "level": 3
      },
      {
        "id": "SEW",
        "level": 1
      },
      {
        "id": "ANVIL",
        "level": 1
      }
    ],
    "tools": [
      [
        [
          "book_hexenhammer",
          -1
        ]
      ],
      [
        [
          "surface_heat",
          10,
          "LIST"
        ]
      ]
    ],
    "proficiencies": [
      {
        "proficiency": "prof_leatherworking",
        "required": false,
        "time_multiplier": 1.5,
        "fail_multiplier": 1.5
      },
      {
        "proficiency": "prof_metalworking",
        "required": false,
        "time_multiplier": 2
      }
    ],
    "components": [
      [
        [
          "cloak_leather",
          1
        ]
      ],
      [
        [
          "gold_small",
          200
        ],
        [
          "CF_golden_scale",
          40
        ]
      ],
      [
        [
          "essence_dull",
          40
        ]
      ]
    ],
    "flags": [
      "SECRET"
    ]
  },
  {
    "result": "somen_clairvoyance",
    "type": "recipe",
    "category": "CC_ARCANA",
    "subcategory": "CSC_ARCANA_ARMOR",
    "skill_used": "magic",
    "difficulty": 6,
    "skills_required": [
      "tailor",
      3
    ],
    "time": "25 m",
    "activity_level": "LIGHT_EXERCISE",
    "book_learn": [
      [
        "book_hexenhammer",
        6
      ]
    ],
    "using": [
      [
        "filament",
        9
      ],
      [
        "steel_tiny",
        2
      ]
    ],
    "qualities": [
      {
        "id": "HAMMER",
        "level": 3
      },
      {
        "id": "CUT",
        "level": 1
      },
      {
        "id": "SEW",
        "level": 1
      },
      {
        "id": "ANVIL",
        "level": 1
      }
    ],
    "tools": [
      [
        [
          "book_hexenhammer",
          -1
        ]
      ],
      [
        [
          "surface_heat",
          4,
          "LIST"
        ]
      ]
    ],
    "proficiencies": [
      {
        "proficiency": "prof_metalworking",
        "required": false,
        "time_multiplier": 2
      }
    ],
    "components": [
      [
        [
          "steel_chunk",
          2
        ],
        [
          "scrap",
          10
        ],
        [
          "scrap_bronze",
          2
        ]
      ],
      [
        [
          "leather",
          2
        ],
        [
          "fur",
          2
        ]
      ],
      [
        [
          "copper",
          30
        ],
        [
          "silver_small",
          30
        ],
        [
          "gold_small",
          30
        ],
        [
          "CF_golden_scale",
          6
        ]
      ],
      [
        [
          "essence_dull",
          30
        ]
      ]
    ],
    "flags": [
      "SECRET"
    ]
  },
  {
    "result": "armor_wyrm",
    "type": "recipe",
    "category": "CC_ARCANA",
    "subcategory": "CSC_ARCANA_ARMOR",
    "skill_used": "magic",
    "difficulty": 4,
    "skills_required": [
      "tailor",
      3
    ],
    "time": "25 m",
    "activity_level": "LIGHT_EXERCISE",
    "book_learn": [
      [
        "book_bloodmagic",
        4
      ]
    ],
    "using": [
      [
        "filament",
        22
      ]
    ],
    "qualities": [
      {
        "id": "SEW",
        "level": 1
      }
    ],
    "tools": [
      [
        [
          "book_bloodmagic",
          -1
        ]
      ],
      [
        [
          "blood_athame",
          -1
        ]
      ]
    ],
    "proficiencies": [
      {
        "proficiency": "prof_leatherworking",
        "required": false,
        "time_multiplier": 2
      }
    ],
    "components": [
      [
        [
          "armor_larmor",
          1
        ]
      ],
      [
        [
          "armguard_larmor",
          1
        ]
      ],
      [
        [
          "boots_larmor",
          1
        ]
      ],
      [
        [
          "leather",
          4
        ],
        [
          "fur",
          4
        ]
      ],
      [
        [
          "alexandrite",
          1
        ],
        [
          "peridot",
          1
        ],
        [
          "citrine",
          1
        ],
        [
          "emerald",
          1
        ],
        [
          "jade_brooch",
          1
        ],
        [
          "iridescent_plate",
          1
        ],
        [
          "wyrmskin_piece",
          1
        ]
      ],
      [
        [
          "chem_acetic_acid",
          1
        ],
        [
          "any_strong_acid",
          1,
          "LIST"
        ]
      ],
      [
        [
          "essence_blood",
          4
        ]
      ]
    ],
    "flags": [
      "SECRET"
    ]
  },
  {
    "result": "revenant_crown",
    "type": "recipe",
    "category": "CC_ARCANA",
    "subcategory": "CSC_ARCANA_ARMOR",
    "skill_used": "magic",
    "difficulty": 5,
    "skills_required": [
      "fabrication",
      3
    ],
    "time": "15 m",
    "activity_level": "LIGHT_EXERCISE",
    "book_learn": [
      [
        "book_bloodmagic",
        5
      ]
    ],
    "using": [
      [
        "forging_standard",
        3
      ],
      [
        "bronzesmithing_tools",
        1
      ]
    ],
    "tools": [
      [
        [
          "book_bloodmagic",
          -1
        ]
      ]
    ],
    "proficiencies": [
      {
        "proficiency": "prof_metalworking",
        "required": false,
        "time_multiplier": 2
      }
    ],
    "components": [
      [
        [
          "silver_small",
          600
        ],
        [
          "gold_small",
          600
        ]
      ],
      [
        [
          "pearl",
          1
        ],
        [
          "opal",
          1
        ],
        [
          "diamond",
          1
        ],
        [
          "vortex_shard",
          1
        ],
        [
          "engraved_stone",
          1
        ]
      ],
      [
        [
          "essence_blood",
          6
        ]
      ]
    ],
    "flags": [
      "SECRET"
    ]
  },
  {
    "result": "gauntlets_necro",
    "type": "recipe",
    "category": "CC_ARCANA",
    "subcategory": "CSC_ARCANA_ARMOR",
    "skill_used": "magic",
    "difficulty": 6,
    "skills_required": [
      "fabrication",
      3
    ],
    "time": "30 m",
    "activity_level": "LIGHT_EXERCISE",
    "book_learn": [
      [
        "book_sacrifice",
        6
      ]
    ],
    "qualities": [
      {
        "id": "HAMMER",
        "level": 2
      },
      {
        "id": "ANVIL",
        "level": 1
      }
    ],
    "tools": [
      [
        [
          "book_sacrifice",
          -1
        ]
      ],
      [
        [
          "surface_heat",
          6,
          "LIST"
        ]
      ]
    ],
    "proficiencies": [
      {
        "proficiency": "prof_metalworking",
        "required": false,
        "time_multiplier": 1.5
      }
    ],
    "components": [
      [
        [
          "gloves_plate",
          1
        ]
      ],
      [
        [
          "silver_small",
          70
        ]
      ],
      [
        [
          "essence",
          4
        ]
      ]
    ],
    "flags": [
      "SECRET"
    ]
  },
  {
    "result": "robe_shadow",
    "type": "recipe",
    "category": "CC_ARCANA",
    "subcategory": "CSC_ARCANA_ARMOR",
    "skill_used": "magic",
    "difficulty": 7,
    "skills_required": [
      "tailor",
      5
    ],
    "time": "80 m",
    "activity_level": "LIGHT_EXERCISE",
    "book_learn": [
      [
        "book_sacrifice",
        7
      ]
    ],
    "using": [
      [
        "filament",
        24
      ]
    ],
    "qualities": [
      {
        "id": "CUT",
        "level": 1
      },
      {
        "id": "SEW",
        "level": 1
      }
    ],
    "tools": [
      [
        [
          "book_sacrifice",
          -1
        ]
      ]
    ],
    "components": [
      [
        [
          "robe",
          1
        ],
        [
          "cassock",
          1
        ],
        [
          "kittel",
          1
        ],
        [
          "thawb",
          1
        ],
        [
          "kariginu",
          1
        ]
      ],
      [
        [
          "fur",
          4
        ],
        [
          "feather",
          400
        ]
      ],
      [
        [
          "charcoal",
          30
        ]
      ],
      [
        [
          "essence",
          7
        ]
      ]
    ],
    "flags": [
      "SECRET"
    ]
  },
  {
    "result": "satchel_eternity",
    "type": "recipe",
    "category": "CC_ARCANA",
    "subcategory": "CSC_ARCANA_ARMOR",
    "skill_used": "magic",
    "difficulty": 8,
    "skills_required": [
      "tailor",
      3
    ],
    "time": "45 m",
    "activity_level": "LIGHT_EXERCISE",
    "book_learn": [
      [
        "book_syncretism",
        8
      ]
    ],
    "using": [
      [
        "filament",
        24
      ],
      [
        "arcana_essence_exclude_dull",
        8
      ]
    ],
    "qualities": [
      {
        "id": "CUT",
        "level": 1
      },
      {
        "id": "HAMMER",
        "level": 2
      },
      {
        "id": "SEW",
        "level": 1
      },
      {
        "id": "ANVIL",
        "level": 1
      }
    ],
    "tools": [
      [
        [
          "book_syncretism",
          -1
        ]
      ],
      [
        [
          "book_bloodmagic",
          -1
        ],
        [
          "book_sacrifice",
          -1
        ]
      ],
      [
        [
          "surface_heat",
          4,
          "LIST"
        ]
      ]
    ],
    "proficiencies": [
      {
        "proficiency": "prof_metalworking",
        "required": false,
        "time_multiplier": 1.5
      }
    ],
    "components": [
      [
        [
          "ragpouch",
          1
        ]
      ],
      [
        [
          "copper",
          50
        ],
        [
          "scrap_copper",
          2
        ]
      ],
      [
        [
          "rag",
          2
        ],
        [
          "felt_patch",
          2
        ],
        [
          "leather",
          2
        ],
        [
          "fur",
          2
        ]
      ],
      [
        [
          "water_talisman",
          1
        ],
        [
          "vortex_stone",
          1
        ],
        [
          "vortex_shard",
          10
        ]
      ]
    ],
    "flags": [
      "SECRET"
    ]
  },
  {
    "result": "hauberk_jade",
    "type": "recipe",
    "category": "CC_ARCANA",
    "subcategory": "CSC_ARCANA_ARMOR",
    "skill_used": "magic",
    "difficulty": 10,
    "skills_required": [
      "fabrication",
      7
    ],
    "time": "90 m",
    "activity_level": "LIGHT_EXERCISE",
    "book_learn": [
      [
        "book_hexenhammer",
        10
      ],
      [
        "book_syncretism",
        9
      ]
    ],
    "using": [
      [
        "sewing_standard",
        120
      ],
      [
        "forging_standard",
        6
      ],
      [
        "bronzesmithing_tools",
        1
      ]
    ],
    "tools": [
      [
        [
          "book_hexenhammer",
          -1
        ],
        [
          "book_syncretism",
          -1
        ]
      ]
    ],
    "proficiencies": [
      {
        "proficiency": "prof_metalworking",
        "required": false,
        "time_multiplier": 1.5
      },
      {
        "proficiency": "prof_chain_armour",
        "required": false,
        "time_multiplier": 1.5,
        "fail_multiplier": 1.5
      }
    ],
    "components": [
      [
        [
          "chainmail_hauberk",
          1
        ]
      ],
      [
        [
          "gilded_aegis",
          1
        ]
      ],
      [
        [
          "copper",
          300
        ],
        [
          "scrap_copper",
          12
        ]
      ],
      [
        [
          "jade_wreath",
          1
        ]
      ],
      [
        [
          "essence_pure",
          1
        ],
        [
          "arcana_essence_exclude_blood",
          10,
          "LIST"
        ]
      ]
    ],
    "flags": [
      "SECRET"
    ]
  }
]