[
  {
    "type": "recipe",
    "result": "acidchitin_piece",
    "id_suffix": "wyrm",
    "category": "CC_OTHER",
    "subcategory": "CSC_OTHER_MATERIALS",
    "skill_used": "chemistry",
    "difficulty": 5,
    "time": "20 m",
    "activity_level": "LIGHT_EXERCISE",
    "batch_time_factors": [
      80,
      4
    ],
    "book_learn": [
      [
        "adv_chemistry",
        5
      ],
      [
        "recipe_labchem",
        5
      ]
    ],
    "qualities": [
      {
        "id": "CHEM",
        "level": 2
      }
    ],
    "tools": [
      [
        [
          "surface_heat",
          15,
          "LIST"
        ]
      ]
    ],
    "components": [
      [
        [
          "wyrmskin_piece",
          1
        ]
      ],
      [
        [
          "ammonia",
          2
        ],
        [
          "lye_powder",
          200
        ]
      ]
    ]
  },
  {
    "type": "recipe",
    "result": "chitin_piece",
    "id_suffix": "monster",
    "category": "CC_OTHER",
    "subcategory": "CSC_OTHER_MATERIALS",
    "skill_used": "chemistry",
    "difficulty": 5,
    "time": "20 m",
    "activity_level": "LIGHT_EXERCISE",
    "batch_time_factors": [
      80,
      4
    ],
    "book_learn": [
      [
        "adv_chemistry",
        5
      ],
      [
        "recipe_labchem",
        5
      ]
    ],
    "qualities": [
      {
        "id": "CHEM",
        "level": 2
      }
    ],
    "tools": [
      [
        [
          "surface_heat",
          15,
          "LIST"
        ]
      ]
    ],
    "components": [
      [
        [
          "iridescent_plate",
          1
        ]
      ],
      [
        [
          "chem_acetic_acid",
          1
        ],
        [
          "any_strong_acid",
          1,
          "LIST"
        ]
      ]
    ]
  },
  {
    "type": "recipe",
    "result": "slime_scrap",
    "id_suffix": "magical",
    "category": "CC_OTHER",
    "subcategory": "CSC_OTHER_MATERIALS",
    "skill_used": "chemistry",
    "difficulty": 6,
    "time": "30 m",
    "activity_level": "LIGHT_EXERCISE",
    "batch_time_factors": [
      80,
      4
    ],
    "result_mult": 5,
    "book_learn": [
      [
        "recipe_labchem",
        6
      ],
      [
        "recipe_creepy",
        6
      ],
      [
        "recipe_serum",
        6
      ]
    ],
    "qualities": [
      {
        "id": "CUT",
        "level": 1
      },
      {
        "id": "CHEM",
        "level": 2
      }
    ],
    "tools": [
      [
        [
          "surface_heat",
          15,
          "LIST"
        ]
      ]
    ],
    "components": [
      [
        [
          "blob_gem",
          1
        ]
      ],
      [
        [
          "bleach",
          1
        ],
        [
          "oxy_powder",
          100
        ]
      ]
    ]
  },
  {
    "result": "stinger_flute",
    "type": "recipe",
    "category": "CC_ARCANA",
    "subcategory": "CSC_ARCANA_OTHER",
    "skill_used": "magic",
    "skills_required": [
      [
        "fabrication",
        3
      ],
      [
        "survival",
        3
      ]
    ],
    "time": "60 m",
    "activity_level": "LIGHT_EXERCISE",
    "autolearn": true,
    "qualities": [
      {
        "id": "CUT",
        "level": 1
      }
    ],
    "components": [
      [
        [
          "dermatik_sting",
          1
        ],
        [
          "iron_thorn",
          1
        ]
      ]
    ]
  },
  {
    "type": "recipe",
    "result": "charm_bone",
    "category": "CC_ARCANA",
    "subcategory": "CSC_ARCANA_OTHER",
    "skill_used": "magic",
    "time": "30 m",
    "activity_level": "LIGHT_EXERCISE",
    "autolearn": true,
    "qualities": [
      {
        "id": "CUT",
        "level": 1
      }
    ],
    "components": [
      [
        [
          "bone_twisted",
          1
        ],
        [
          "gracken_knuckles",
          1
        ],
        [
          "graboid_fang",
          1
        ],
        [
          "monster_fang",
          1
        ]
      ]
    ]
  },
  {
    "type": "recipe",
    "result": "flame_talisman",
    "category": "CC_ARCANA",
    "subcategory": "CSC_ARCANA_OTHER",
    "skill_used": "magic",
    "difficulty": 1,
    "time": "10 m",
    "activity_level": "LIGHT_EXERCISE",
    "autolearn": true,
    "book_learn": [
      [
        "book_magicfordummies",
        0
      ],
      [
        "book_bloodmagic",
        0
      ]
    ],
    "qualities": [
      {
        "id": "CUT",
        "level": 1
      }
    ],
    "components": [
      [
        [
          "paper",
          20
        ],
        [
          "tanbark",
          1
        ],
        [
          "birchbark",
          1
        ],
        [
          "willowbark",
          1
        ]
      ],
      [
        [
          "essence_blood",
          1
        ],
        [
          "veggy_wild",
          10
        ],
        [
          "cattail_stalk",
          30
        ],
        [
          "wild_herbs",
          100
        ]
      ]
    ],
    "delete_flags": [
      "HIDDEN_HALLU",
      "HIDDEN_POISON",
      "BAD_TASTE",
      "CANNIBALISM"
    ],
    "flags": [
      "BLIND_EASY",
      "ALLOW_ROTTEN"
    ]
  },
  {
    "type": "recipe",
    "result": "water_talisman",
    "category": "CC_ARCANA",
    "subcategory": "CSC_ARCANA_OTHER",
    "skill_used": "magic",
    "difficulty": 2,
    "time": "20 m",
    "activity_level": "LIGHT_EXERCISE",
    "autolearn": true,
    "book_learn": [
      [
        "book_magicfordummies",
        1
      ],
      [
        "book_hexenhammer",
        1
      ]
    ],
    "qualities": [
      {
        "id": "CUT",
        "level": 1
      }
    ],
    "components": [
      [
        [
          "paper",
          20
        ],
        [
          "tanbark",
          1
        ],
        [
          "birchbark",
          1
        ],
        [
          "willowbark",
          1
        ]
      ],
      [
        [
          "pine_bough",
          1
        ]
      ],
      [
        [
          "essence_dull",
          20
        ],
        [
          "iron_thorn",
          1
        ],
        [
          "inflorescent_root",
          1
        ],
        [
          "graboid_fang",
          1
        ],
        [
          "triffid_queen_flower",
          1
        ],
        [
          "dermatik_sting",
          1
        ],
        [
          "vortex_shard",
          1
        ],
        [
          "blob_gem",
          1
        ],
        [
          "monster_tear",
          1
        ],
        [
          "shadow_gem",
          1
        ],
        [
          "bone_twisted",
          1
        ],
        [
          "gracken_knuckles",
          1
        ],
        [
          "wyrmskin_piece",
          1
        ],
        [
          "monster_fang",
          1
        ],
        [
          "iridescent_plate",
          1
        ],
        [
          "engraved_stone",
          1
        ]
      ]
    ],
    "delete_flags": [
      "HIDDEN_HALLU",
      "HIDDEN_POISON",
      "BAD_TASTE",
      "CANNIBALISM"
    ],
    "flags": [
      "BLIND_EASY"
    ]
  },
  {
    "type": "recipe",
    "result": "earth_talisman",
    "category": "CC_ARCANA",
    "subcategory": "CSC_ARCANA_OTHER",
    "skill_used": "magic",
    "difficulty": 3,
    "time": "30 m",
    "activity_level": "LIGHT_EXERCISE",
    "autolearn": true,
    "book_learn": [
      [
        "book_magicfordummies",
        2
      ],
      [
        "book_sacrifice",
        2
      ]
    ],
    "qualities": [
      {
        "id": "CUT",
        "level": 1
      }
    ],
    "components": [
      [
        [
          "paper",
          20
        ],
        [
          "tanbark",
          1
        ],
        [
          "birchbark",
          1
        ],
        [
          "willowbark",
          1
        ]
      ],
      [
        [
          "material_sand",
          50
        ],
        [
          "clay_lump",
          5
        ],
        [
          "rock",
          5
        ]
      ],
      [
        [
          "ash",
          25
        ],
        [
          "withered",
          5
        ]
      ],
      [
        [
          "essence",
          1
        ],
        [
          "mycus_fruit",
          5
        ],
        [
          "slime_scrap",
          50
        ],
        [
          "bone_tainted",
          50
        ],
        [
          "veggy_tainted",
          50
        ],
        [
          "tallow_tainted",
          25
        ]
      ]
    ],
    "delete_flags": [
      "HIDDEN_HALLU",
      "HIDDEN_POISON",
      "BAD_TASTE",
      "CANNIBALISM"
    ],
    "flags": [
      "BLIND_EASY",
      "ALLOW_ROTTEN"
    ]
  },
  {
    "type": "recipe",
    "result": "air_talisman",
    "category": "CC_ARCANA",
    "subcategory": "CSC_ARCANA_OTHER",
    "skill_used": "magic",
    "difficulty": 4,
    "time": "40 m",
    "activity_level": "LIGHT_EXERCISE",
    "autolearn": true,
    "book_learn": [
      [
        "book_magicfordummies",
        3
      ],
      [
        "book_sacrifice",
        3
      ]
    ],
    "qualities": [
      {
        "id": "CUT",
        "level": 1
      }
    ],
    "components": [
      [
        [
          "paper",
          20
        ],
        [
          "tanbark",
          1
        ],
        [
          "birchbark",
          1
        ],
        [
          "willowbark",
          1
        ]
      ],
      [
        [
          "meat_offal",
          1,
          "LIST"
        ],
        [
          "brain",
          4
        ],
        [
          "stomach",
          2
        ],
        [
          "hstomach",
          2
        ],
        [
          "stomach_large",
          1
        ],
        [
          "hstomach_large",
          1
        ],
        [
          "flesh_golem_heart",
          2
        ],
        [
          "jabberwock_heart",
          1
        ]
      ],
      [
        [
          "arcana_essence_any",
          2,
          "LIST"
        ],
        [
          "platinum_small",
          25
        ],
        [
          "gold_small",
          50
        ],
        [
          "silver_small",
          100
        ],
        [
          "copper",
          200
        ]
      ]
    ],
    "delete_flags": [
      "HIDDEN_HALLU",
      "HIDDEN_POISON",
      "BAD_TASTE",
      "CANNIBALISM"
    ],
    "flags": [
      "BLIND_EASY",
      "ALLOW_ROTTEN"
    ]
  },
  {
    "type": "recipe",
    "result": "charm_bone_empowered",
    "category": "CC_ARCANA",
    "subcategory": "CSC_ARCANA_OTHER",
    "skill_used": "magic",
    "difficulty": 4,
    "skills_required": [
      "survival",
      3
    ],
    "time": "25 m",
    "activity_level": "NO_EXERCISE",
    "autolearn": true,
    "book_learn": [
      [
        "book_magicfordummies",
        0
      ]
    ],
    "using": [
      [
        "arcana_scrollwriting_rewrite",
        1
      ]
    ],
    "components": [
      [
        [
          "charm_bone",
          1
        ]
      ],
      [
        [
          "flame_talisman",
          1
        ]
      ],
      [
        [
          "earth_talisman",
          1
        ]
      ]
    ],
    "delete_flags": [
      "HIDDEN_HALLU",
      "HIDDEN_POISON",
      "BAD_TASTE",
      "CANNIBALISM"
    ],
    "flags": [
      "BLIND_EASY",
      "ALLOW_ROTTEN"
    ]
  },
  {
    "type": "recipe",
    "result": "stinger_flute_empowered",
    "category": "CC_ARCANA",
    "subcategory": "CSC_ARCANA_OTHER",
    "skill_used": "magic",
    "difficulty": 5,
    "skills_required": [
      "survival",
      3
    ],
    "time": "25 m",
    "activity_level": "NO_EXERCISE",
    "autolearn": true,
    "book_learn": [
      [
        "book_magicfordummies",
        0
      ]
    ],
    "using": [
      [
        "arcana_scrollwriting_rewrite",
        1
      ]
    ],
    "components": [
      [
        [
          "stinger_flute",
          1
        ]
      ],
      [
        [
          "water_talisman",
          1
        ]
      ],
      [
        [
          "air_talisman",
          1
        ]
      ]
    ],
    "delete_flags": [
      "HIDDEN_HALLU",
      "HIDDEN_POISON",
      "BAD_TASTE",
      "CANNIBALISM"
    ],
    "flags": [
      "BLIND_EASY",
      "ALLOW_ROTTEN"
    ]
  },
  {
    "result": "offering_chalice",
    "type": "recipe",
    "category": "CC_ARCANA",
    "subcategory": "CSC_ARCANA_OTHER",
    "skill_used": "magic",
    "difficulty": 5,
    "skills_required": [
      "fabrication",
      5
    ],
    "time": "120 m",
    "activity_level": "LIGHT_EXERCISE",
    "book_learn": [
      [
        "book_sacrifice",
        5
      ],
      [
        "book_syncretism",
        6
      ]
    ],
    "using": [
      [
        "forging_standard",
        2
      ],
      [
        "bronzesmithing_tools",
        1
      ]
    ],
    "tools": [
      [
        [
          "book_sacrifice",
          -1
        ],
        [
          "book_syncretism",
          -1
        ]
      ]
    ],
    "proficiencies": [
      {
        "proficiency": "prof_metalworking",
        "required": false,
        "time_multiplier": 2
      }
    ],
    "components": [
      [
        [
          "gold_small",
          625
        ]
      ],
      [
        [
          "arcana_holy_relic_any",
          1,
          "LIST"
        ],
        [
          "arcana_holy_symbol_any",
          1,
          "LIST"
        ]
      ],
      [
        [
          "essence",
          1
        ],
        [
          "earth_talisman",
          1
        ]
      ]
    ]
  },
  {
    "result": "silver_glyph",
    "type": "recipe",
    "category": "CC_ARCANA",
    "subcategory": "CSC_ARCANA_OTHER",
    "skill_used": "magic",
    "difficulty": 5,
    "skills_required": [
      "fabrication",
      5
    ],
    "time": "90 m",
    "activity_level": "LIGHT_EXERCISE",
    "autolearn": true,
    "book_learn": [
      [
        "book_magicfordummies",
        4
      ],
      [
        "book_summoning",
        3
      ]
    ],
    "using": [
      [
        "forging_standard",
        1
      ],
      [
        "bronzesmithing_tools",
        1
      ]
    ],
    "proficiencies": [
      {
        "proficiency": "prof_metalworking",
        "required": false,
        "time_multiplier": 2
      }
    ],
    "tools": [
      [
        [
          "book_summoning",
          -1
        ]
      ]
    ],
    "components": [
      [
        [
          "silver_small",
          95
        ]
      ]
    ]
  },
  {
    "result": "summon_kreck",
    "type": "recipe",
    "category": "CC_ARCANA",
    "subcategory": "CSC_ARCANA_OTHER",
    "skill_used": "magic",
    "difficulty": 6,
    "time": "60 m",
    "activity_level": "NO_EXERCISE",
    "book_learn": [
      [
        "book_summoning",
        6
      ]
    ],
    "qualities": [
      {
        "id": "CUT",
        "level": 1
      }
    ],
    "using": [
      [
        "arcana_purification_standard",
        1
      ],
      [
        "arcana_essence_exclude_dull",
        1
      ]
    ],
    "tools": [
      [
        [
          "book_summoning",
          -1
        ]
      ]
    ],
    "components": [
      [
        [
          "silver_glyph",
          1
        ]
      ],
      [
        [
          "tallow",
          4
        ],
        [
          "tallow_tainted",
          4
        ],
        [
          "monster_fang",
          1
        ]
      ]
    ],
    "delete_flags": [
      "HIDDEN_HALLU",
      "HIDDEN_POISON",
      "BAD_TASTE",
      "CANNIBALISM"
    ],
    "flags": [
      "BLIND_EASY",
      "ALLOW_ROTTEN",
      "SECRET"
    ]
  },
  {
    "result": "summon_blank",
    "type": "recipe",
    "category": "CC_ARCANA",
    "subcategory": "CSC_ARCANA_OTHER",
    "skill_used": "magic",
    "difficulty": 6,
    "time": "60 m",
    "activity_level": "NO_EXERCISE",
    "book_learn": [
      [
        "book_summoning",
        6
      ]
    ],
    "using": [
      [
        "arcana_purification_standard",
        1
      ],
      [
        "arcana_essence_exclude_dull",
        1
      ]
    ],
    "qualities": [
      {
        "id": "CUT",
        "level": 1
      }
    ],
    "tools": [
      [
        [
          "book_summoning",
          -1
        ]
      ]
    ],
    "components": [
      [
        [
          "silver_glyph",
          1
        ]
      ],
      [
        [
          "tanbark",
          3
        ],
        [
          "birchbark",
          3
        ],
        [
          "willowbark",
          3
        ],
        [
          "triffid_garland",
          1
        ]
      ]
    ],
    "delete_flags": [
      "HIDDEN_HALLU",
      "HIDDEN_POISON",
      "BAD_TASTE",
      "CANNIBALISM"
    ],
    "flags": [
      "BLIND_EASY",
      "SECRET"
    ]
  },
  {
    "result": "summon_flaming_eye",
    "type": "recipe",
    "category": "CC_ARCANA",
    "subcategory": "CSC_ARCANA_OTHER",
    "skill_used": "magic",
    "difficulty": 7,
    "time": "60 m",
    "activity_level": "NO_EXERCISE",
    "book_learn": [
      [
        "book_summoning",
        7
      ]
    ],
    "using": [
      [
        "arcana_purification_standard",
        1
      ],
      [
        "arcana_holy_symbol_any",
        1
      ],
      [
        "arcana_essence_exclude_dull",
        2
      ]
    ],
    "qualities": [
      {
        "id": "CUT",
        "level": 1
      }
    ],
    "tools": [
      [
        [
          "book_summoning",
          -1
        ]
      ]
    ],
    "components": [
      [
        [
          "silver_glyph",
          1
        ]
      ]
    ],
    "delete_flags": [
      "HIDDEN_HALLU",
      "HIDDEN_POISON",
      "BAD_TASTE",
      "CANNIBALISM"
    ],
    "flags": [
      "BLIND_EASY",
      "SECRET"
    ]
  },
  {
    "result": "summon_hunting_horror",
    "type": "recipe",
    "category": "CC_ARCANA",
    "subcategory": "CSC_ARCANA_OTHER",
    "skill_used": "magic",
    "difficulty": 7,
    "time": "60 m",
    "activity_level": "NO_EXERCISE",
    "book_learn": [
      [
        "book_summoning",
        7
      ]
    ],
    "using": [
      [
        "arcana_purification_standard",
        1
      ],
      [
        "arcana_essence_exclude_dull",
        2
      ]
    ],
    "qualities": [
      {
        "id": "CUT",
        "level": 1
      }
    ],
    "tools": [
      [
        [
          "book_summoning",
          -1
        ]
      ]
    ],
    "components": [
      [
        [
          "silver_glyph",
          1
        ]
      ],
      [
        [
          "cured_pelt",
          4
        ],
        [
          "cured_hide",
          4
        ],
        [
          "wyrmskin_piece",
          1
        ],
        [
          "iridescent_plate",
          1
        ]
      ],
      [
        [
          "essence",
          2
        ]
      ]
    ],
    "delete_flags": [
      "HIDDEN_HALLU",
      "HIDDEN_POISON",
      "BAD_TASTE",
      "CANNIBALISM"
    ],
    "flags": [
      "BLIND_EASY",
      "SECRET"
    ]
  },
  {
    "result": "summon_dark_wyrm",
    "type": "recipe",
    "category": "CC_ARCANA",
    "subcategory": "CSC_ARCANA_OTHER",
    "skill_used": "magic",
    "difficulty": 8,
    "time": "60 m",
    "activity_level": "NO_EXERCISE",
    "book_learn": [
      [
        "book_summoning",
        8
      ]
    ],
    "using": [
      [
        "arcana_purification_standard",
        1
      ],
      [
        "arcana_essence_exclude_dull",
        3
      ]
    ],
    "qualities": [
      {
        "id": "CUT",
        "level": 1
      }
    ],
    "tools": [
      [
        [
          "book_summoning",
          -1
        ]
      ]
    ],
    "components": [
      [
        [
          "silver_glyph",
          1
        ]
      ],
      [
        [
          "wyrmskin_piece",
          1
        ],
        [
          "graboid_fang",
          1
        ],
        [
          "chem_acetic_acid",
          4
        ],
        [
          "any_strong_acid",
          4,
          "LIST"
        ]
      ]
    ],
    "delete_flags": [
      "HIDDEN_HALLU",
      "HIDDEN_POISON",
      "BAD_TASTE",
      "CANNIBALISM"
    ],
    "flags": [
      "BLIND_EASY",
      "SECRET"
    ]
  },
  {
    "result": "summon_mi_go",
    "type": "recipe",
    "category": "CC_ARCANA",
    "subcategory": "CSC_ARCANA_OTHER",
    "skill_used": "magic",
    "difficulty": 8,
    "time": "60 m",
    "activity_level": "NO_EXERCISE",
    "book_learn": [
      [
        "book_summoning",
        8
      ]
    ],
    "using": [
      [
        "arcana_purification_standard",
        1
      ],
      [
        "arcana_essence_exclude_dull",
        3
      ]
    ],
    "qualities": [
      {
        "id": "CUT",
        "level": 1
      }
    ],
    "tools": [
      [
        [
          "book_summoning",
          -1
        ]
      ]
    ],
    "components": [
      [
        [
          "silver_glyph",
          1
        ]
      ],
      [
        [
          "seed_mushroom",
          12
        ],
        [
          "seed_mushroom_morel",
          12
        ],
        [
          "yeast",
          24
        ],
        [
          "iridescent_plate",
          1
        ]
      ]
    ],
    "delete_flags": [
      "HIDDEN_HALLU",
      "HIDDEN_POISON",
      "BAD_TASTE",
      "CANNIBALISM"
    ],
    "flags": [
      "BLIND_EASY",
      "SECRET"
    ]
  },
  {
    "result": "summon_jabberwock",
    "type": "recipe",
    "category": "CC_ARCANA",
    "subcategory": "CSC_ARCANA_OTHER",
    "skill_used": "magic",
    "difficulty": 9,
    "time": "60 m",
    "activity_level": "NO_EXERCISE",
    "book_learn": [
      [
        "book_summoning",
        9
      ]
    ],
    "using": [
      [
        "arcana_purification_standard",
        1
      ],
      [
        "arcana_essence_exclude_dull",
        4
      ]
    ],
    "qualities": [
      {
        "id": "CUT",
        "level": 1
      }
    ],
    "tools": [
      [
        [
          "book_summoning",
          -1
        ]
      ]
    ],
    "components": [
      [
        [
          "silver_glyph",
          1
        ]
      ],
      [
        [
          "mirror",
          1
        ],
        [
          "iridescent_plate",
          1
        ]
      ]
    ],
    "delete_flags": [
      "HIDDEN_HALLU",
      "HIDDEN_POISON",
      "BAD_TASTE",
      "CANNIBALISM"
    ],
    "flags": [
      "BLIND_EASY",
      "SECRET"
    ]
  },
  {
    "result": "summon_flying_polyp",
    "type": "recipe",
    "category": "CC_ARCANA",
    "subcategory": "CSC_ARCANA_OTHER",
    "skill_used": "magic",
    "difficulty": 9,
    "time": "60 m",
    "activity_level": "NO_EXERCISE",
    "book_learn": [
      [
        "book_summoning",
        9
      ]
    ],
    "using": [
      [
        "arcana_purification_standard",
        1
      ],
      [
        "arcana_essence_exclude_dull",
        4
      ]
    ],
    "qualities": [
      {
        "id": "CUT",
        "level": 1
      }
    ],
    "tools": [
      [
        [
          "book_summoning",
          -1
        ]
      ]
    ],
    "components": [
      [
        [
          "silver_glyph",
          1
        ]
      ],
      [
        [
          "bone_tainted",
          6
        ],
        [
          "graboid_fang",
          1
        ],
        [
          "monster_fang",
          1
        ]
      ]
    ],
    "delete_flags": [
      "HIDDEN_HALLU",
      "HIDDEN_POISON",
      "BAD_TASTE",
      "CANNIBALISM"
    ],
    "flags": [
      "BLIND_EASY",
      "SECRET"
    ]
  },
  {
    "result": "summon_yugg",
    "type": "recipe",
    "category": "CC_ARCANA",
    "subcategory": "CSC_ARCANA_OTHER",
    "skill_used": "magic",
    "difficulty": 10,
    "time": "60 m",
    "activity_level": "NO_EXERCISE",
    "book_learn": [
      [
        "book_summoning",
        10
      ]
    ],
    "using": [
      [
        "arcana_purification_standard",
        1
      ],
      [
        "arcana_essence_exclude_dull",
        5
      ]
    ],
    "qualities": [
      {
        "id": "CUT",
        "level": 1
      }
    ],
    "tools": [
      [
        [
          "book_summoning",
          -1
        ]
      ]
    ],
    "components": [
      [
        [
          "silver_glyph",
          1
        ]
      ],
      [
        [
          "diamond",
          1
        ],
        [
          "jade_brooch",
          1
        ],
        [
          "brooch_iridescent",
          1
        ],
        [
          "gold_small",
          25
        ],
        [
          "silver_small",
          50
        ],
        [
          "copper",
          100
        ]
      ]
    ],
    "delete_flags": [
      "HIDDEN_HALLU",
      "HIDDEN_POISON",
      "BAD_TASTE",
      "CANNIBALISM"
    ],
    "flags": [
      "BLIND_EASY",
      "SECRET"
    ]
  },
  {
    "result": "summon_shoggoth",
    "type": "recipe",
    "category": "CC_ARCANA",
    "subcategory": "CSC_ARCANA_OTHER",
    "skill_used": "magic",
    "difficulty": 10,
    "time": "60 m",
    "activity_level": "NO_EXERCISE",
    "book_learn": [
      [
        "book_summoning",
        10
      ]
    ],
    "using": [
      [
        "arcana_purification_standard",
        1
      ],
      [
        "arcana_essence_exclude_dull",
        5
      ]
    ],
    "qualities": [
      {
        "id": "CUT",
        "level": 1
      }
    ],
    "tools": [
      [
        [
          "book_summoning",
          -1
        ]
      ]
    ],
    "components": [
      [
        [
          "silver_glyph",
          1
        ]
      ],
      [
        [
          "slime_scrap",
          8
        ],
        [
          "blob_gem",
          2
        ]
      ]
    ],
    "delete_flags": [
      "HIDDEN_HALLU",
      "HIDDEN_POISON",
      "BAD_TASTE",
      "CANNIBALISM"
    ],
    "flags": [
      "BLIND_EASY",
      "SECRET"
    ]
  },
  {
    "result": "dimensional_warp_trap",
    "type": "recipe",
    "category": "CC_ARCANA",
    "subcategory": "CSC_ARCANA_OTHER",
    "skill_used": "magic",
    "difficulty": 10,
    "skills_required": [
      "fabrication",
      5
    ],
    "time": "120 m",
    "activity_level": "LIGHT_EXERCISE",
    "book_learn": [
      [
        "book_summoning",
        10
      ]
    ],
    "using": [
      [
        "blacksmithing_standard",
        3
      ]
    ],
    "tools": [
      [
        [
          "book_summoning",
          -1
        ]
      ]
    ],
    "proficiencies": [
      {
        "proficiency": "prof_metalworking",
        "required": false,
        "time_multiplier": 2
      }
    ],
    "components": [
      [
        [
          "silver_glyph",
          1
        ]
      ],
      [
        [
          "essence_pure",
          1
        ]
      ]
    ],
    "delete_flags": [
      "HIDDEN_HALLU",
      "HIDDEN_POISON",
      "BAD_TASTE",
      "CANNIBALISM"
    ]
  },
  {
    "result": "scroll_blank",
    "type": "recipe",
    "category": "CC_ARCANA",
    "subcategory": "CSC_ARCANA_OTHER",
    "skill_used": "magic",
    "difficulty": 3,
    "skills_required": [
      "fabrication",
      2
    ],
    "time": "20 m",
    "activity_level": "LIGHT_EXERCISE",
    "autolearn": true,
    "book_learn": [
      [
        "book_magicfordummies",
        2
      ],
      [
        "book_scrollcraft",
        1
      ]
    ],
    "qualities": [
      {
        "id": "CUT",
        "level": 1
      }
    ],
    "proficiencies": [
      {
        "proficiency": "prof_carving",
        "required": false,
        "time_multiplier": 2
      }
    ],
    "components": [
      [
        [
          "paper",
          5
        ]
      ],
      [
        [
          "stick",
          1
        ],
        [
          "2x4",
          1
        ]
      ]
    ]
  },
  {
    "result": "scroll_sun",
    "type": "recipe",
    "category": "CC_ARCANA",
    "subcategory": "CSC_ARCANA_OTHER",
    "skill_used": "magic",
    "difficulty": 3,
    "time": "20 m",
    "activity_level": "NO_EXERCISE",
    "book_learn": [
      [
        "book_scrollcraft",
        3
      ]
    ],
    "using": [
      [
        "arcana_scrollwriting_standard",
        1
      ],
      [
        "arcana_essence_exclude_blood",
        1
      ]
    ],
    "tools": [
      [
        [
          "book_scrollcraft",
          -1
        ]
      ]
    ],
    "components": [
      [
        [
          "copper",
          12
        ],
        [
          "monster_tear",
          1
        ]
      ]
    ],
    "delete_flags": [
      "HIDDEN_HALLU",
      "HIDDEN_POISON",
      "BAD_TASTE",
      "CANNIBALISM"
    ],
    "flags": [
      "BLIND_EASY"
    ]
  },
  {
    "result": "scroll_moon",
    "type": "recipe",
    "category": "CC_ARCANA",
    "subcategory": "CSC_ARCANA_OTHER",
    "skill_used": "magic",
    "difficulty": 3,
    "time": "20 m",
    "activity_level": "NO_EXERCISE",
    "book_learn": [
      [
        "book_scrollcraft",
        3
      ]
    ],
    "using": [
      [
        "arcana_scrollwriting_standard",
        1
      ],
      [
        "arcana_essence_exclude_blood",
        1
      ]
    ],
    "tools": [
      [
        [
          "book_scrollcraft",
          -1
        ]
      ]
    ],
    "components": [
      [
        [
          "tin",
          12
        ],
        [
          "shadow_gem",
          1
        ]
      ]
    ],
    "delete_flags": [
      "HIDDEN_HALLU",
      "HIDDEN_POISON",
      "BAD_TASTE",
      "CANNIBALISM"
    ],
    "flags": [
      "BLIND_EASY"
    ]
  },
  {
    "result": "scroll_artiface",
    "type": "recipe",
    "category": "CC_ARCANA",
    "subcategory": "CSC_ARCANA_OTHER",
    "skill_used": "magic",
    "difficulty": 4,
    "time": "20 m",
    "activity_level": "NO_EXERCISE",
    "book_learn": [
      [
        "book_scrollcraft",
        4
      ]
    ],
    "using": [
      [
        "arcana_scrollwriting_standard",
        1
      ],
      [
        "arcana_essence_exclude_blood",
        2
      ]
    ],
    "tools": [
      [
        [
          "book_scrollcraft",
          -1
        ]
      ]
    ],
    "components": [
      [
        [
          "material_limestone",
          16
        ],
        [
          "engraved_stone",
          1
        ]
      ]
    ],
    "delete_flags": [
      "HIDDEN_HALLU",
      "HIDDEN_POISON",
      "BAD_TASTE",
      "CANNIBALISM"
    ],
    "flags": [
      "BLIND_EASY"
    ]
  },
  {
    "result": "scroll_nature",
    "type": "recipe",
    "category": "CC_ARCANA",
    "subcategory": "CSC_ARCANA_OTHER",
    "skill_used": "magic",
    "difficulty": 4,
    "time": "20 m",
    "activity_level": "NO_EXERCISE",
    "book_learn": [
      [
        "book_scrollcraft",
        4
      ]
    ],
    "using": [
      [
        "arcana_scrollwriting_standard",
        1
      ],
      [
        "arcana_essence_exclude_blood",
        2
      ]
    ],
    "tools": [
      [
        [
          "book_scrollcraft",
          -1
        ]
      ]
    ],
    "components": [
      [
        [
          "raw_dandelion",
          12
        ],
        [
          "hops",
          10
        ],
        [
          "bee_balm",
          8
        ],
        [
          "poppy_bud",
          6
        ],
        [
          "rose_hips",
          4
        ],
        [
          "inflorescent_root",
          1
        ],
        [
          "triffid_queen_flower",
          1
        ]
      ]
    ],
    "delete_flags": [
      "HIDDEN_HALLU",
      "HIDDEN_POISON",
      "BAD_TASTE",
      "CANNIBALISM"
    ],
    "flags": [
      "BLIND_EASY",
      "ALLOW_ROTTEN"
    ]
  },
  {
    "result": "scroll_destruction",
    "type": "recipe",
    "category": "CC_ARCANA",
    "subcategory": "CSC_ARCANA_OTHER",
    "skill_used": "magic",
    "difficulty": 5,
    "time": "20 m",
    "activity_level": "NO_EXERCISE",
    "book_learn": [
      [
        "book_scrollcraft",
        5
      ]
    ],
    "using": [
      [
        "arcana_scrollwriting_standard",
        1
      ],
      [
        "arcana_essence_exclude_blood",
        3
      ]
    ],
    "tools": [
      [
        [
          "book_scrollcraft",
          -1
        ]
      ]
    ],
    "components": [
      [
        [
          "bone",
          12
        ],
        [
          "bone_human",
          6
        ],
        [
          "bone_tainted",
          24
        ],
        [
          "charm_bone",
          1
        ]
      ]
    ],
    "delete_flags": [
      "HIDDEN_HALLU",
      "HIDDEN_POISON",
      "BAD_TASTE",
      "CANNIBALISM"
    ],
    "flags": [
      "BLIND_EASY"
    ]
  },
  {
    "result": "scroll_subversion",
    "type": "recipe",
    "category": "CC_ARCANA",
    "subcategory": "CSC_ARCANA_OTHER",
    "skill_used": "magic",
    "difficulty": 5,
    "time": "20 m",
    "activity_level": "NO_EXERCISE",
    "book_learn": [
      [
        "book_scrollcraft",
        5
      ]
    ],
    "using": [
      [
        "arcana_scrollwriting_standard",
        1
      ],
      [
        "arcana_essence_exclude_blood",
        3
      ]
    ],
    "tools": [
      [
        [
          "book_scrollcraft",
          -1
        ]
      ]
    ],
    "components": [
      [
        [
          "feather",
          40
        ],
        [
          "vortex_shard",
          1
        ]
      ]
    ],
    "delete_flags": [
      "HIDDEN_HALLU",
      "HIDDEN_POISON",
      "BAD_TASTE",
      "CANNIBALISM"
    ],
    "flags": [
      "BLIND_EASY"
    ]
  },
  {
    "result": "petrified_eye",
    "type": "recipe",
    "id_suffix": "arcane",
    "category": "CC_ARCANA",
    "subcategory": "CSC_ARCANA_OTHER",
    "skill_used": "magic",
    "difficulty": 6,
    "skills_required": [
      "fabrication",
      4
    ],
    "time": "50 m",
    "activity_level": "LIGHT_EXERCISE",
    "book_learn": [
      [
        "book_syncretism",
        6
      ]
    ],
    "using": [
      [
        "arcana_essence_any",
        1
      ],
      [
        "arcana_polishing_standard",
        1
      ]
    ],
    "qualities": [
      {
        "id": "CUT",
        "level": 1
      }
    ],
    "tools": [
      [
        [
          "book_syncretism",
          -1
        ]
      ],
      [
        [
          "surface_heat",
          10,
          "LIST"
        ]
      ]
    ],
    "components": [
      [
        [
          "engraved_stone",
          1
        ]
      ],
      [
        [
          "monster_tear",
          4
        ]
      ]
    ]
  },
  {
    "result": "vortex_stone",
    "type": "recipe",
    "id_suffix": "arcane",
    "category": "CC_ARCANA",
    "subcategory": "CSC_ARCANA_OTHER",
    "skill_used": "magic",
    "difficulty": 7,
    "skills_required": [
      "fabrication",
      5
    ],
    "time": "50 m",
    "activity_level": "LIGHT_EXERCISE",
    "book_learn": [
      [
        "book_syncretism",
        7
      ]
    ],
    "using": [
      [
        "arcana_essence_any",
        2
      ],
      [
        "arcana_polishing_standard",
        1
      ]
    ],
    "tools": [
      [
        [
          "book_syncretism",
          -1
        ]
      ]
    ],
    "components": [
      [
        [
          "vortex_shard",
          3
        ],
        [
          "spiral_stone",
          6
        ]
      ]
    ]
  },
  {
    "result": "candle_warding",
    "type": "recipe",
    "category": "CC_ARCANA",
    "subcategory": "CSC_ARCANA_OTHER",
    "skill_used": "magic",
    "difficulty": 4,
    "time": "30 m",
    "activity_level": "NO_EXERCISE",
    "book_learn": [
      [
        "book_syncretism",
        4
      ],
      [
        "book_hexenhammer",
        5
      ]
    ],
    "using": [
      [
        "arcana_purification_standard",
        1
      ]
    ],
    "tools": [
      [
        [
          "book_syncretism",
          -1
        ],
        [
          "book_hexenhammer",
          -1
        ]
      ]
    ],
    "components": [
      [
        [
          "candle",
          1
        ]
      ],
      [
        [
          "flame_talisman",
          1
        ]
      ],
      [
        [
          "salt",
          20
        ]
      ],
      [
        [
          "essence_blood",
          2
        ],
        [
          "essence_dull",
          20
        ]
      ]
    ],
    "flags": [
      "BLIND_EASY"
    ]
  },
  {
    "result": "orb_veil",
    "type": "recipe",
    "category": "CC_ARCANA",
    "subcategory": "CSC_ARCANA_OTHER",
    "skill_used": "magic",
    "difficulty": 10,
    "skills_required": [
      "fabrication",
      6
    ],
    "time": "50 m",
    "activity_level": "LIGHT_EXERCISE",
    "book_learn": [
      [
        "book_syncretism",
        10
      ]
    ],
    "qualities": [
      {
        "id": "HAMMER",
        "level": 2
      },
      {
        "id": "ANVIL",
        "level": 1
      }
    ],
    "tools": [
      [
        [
          "book_syncretism",
          -1
        ]
      ],
      [
        [
          "book_sacrifice",
          -1
        ],
        [
          "book_hexenhammer",
          -1
        ]
      ],
      [
        [
          "surface_heat",
          10,
          "LIST"
        ]
      ]
    ],
    "components": [
      [
        [
          "petrified_eye",
          1
        ],
        [
          "engraved_stone",
          1
        ]
      ],
      [
        [
          "gold_small",
          500
        ]
      ],
      [
        [
          "pearl",
          1
        ],
        [
          "opal",
          1
        ],
        [
          "diamond",
          1
        ],
        [
          "vortex_shard",
          1
        ],
        [
          "engraved_stone",
          1
        ]
      ],
      [
        [
          "essence_pure",
          1
        ],
        [
          "arcana_essence_exclude_blood",
          10,
          "LIST"
        ]
      ]
    ],
    "flags": [
      "SECRET"
    ]
  },
  {
    "result": "draconic_heart_mutator",
    "type": "recipe",
    "category": "CC_ARCANA",
    "subcategory": "CSC_ARCANA_OTHER",
    "skill_used": "magic",
    "difficulty": 3,
    "skills_required": [
      "fabrication",
      3
    ],
    "time": "50 m",
    "activity_level": "LIGHT_EXERCISE",
    "book_learn": [
      [
        "book_bloodmagic",
        6
      ]
    ],
    "using": [
      [
        "arcana_purification_standard",
        1
      ],
      [
        "arcana_essence_exclude_dull",
        3
      ]
    ],
    "qualities": [
      {
        "id": "HAMMER",
        "level": 2
      }
    ],
    "tools": [
      [
        [
          "book_bloodmagic",
          -1
        ]
      ],
      [
        [
          "book_summoning",
          -1
        ]
      ],
      [
        [
          "cleric_ring",
          8
        ]
      ]
    ],
    "components": [
      [
        [
          "draconic_heart",
          1
        ]
      ],
      [
        [
          "silver_glyph",
          1
        ]
      ],
      [
        [
          "graboid_fang",
          1
        ],
        [
          "monster_fang",
          3
        ],
        [
          "wyrmskin_piece",
          1
        ],
        [
          "iridescent_plate",
          3
        ]
      ]
    ],
    "flags": [
      "SECRET"
    ]
  },
  {
    "result": "index_potioncraft",
    "type": "recipe",
    "category": "CC_ARCANA",
    "subcategory": "CSC_ARCANA_OTHER",
    "skill_used": "magic",
    "difficulty": 3,
    "time": "30 m",
    "activity_level": "NO_EXERCISE",
    "book_learn": [
      [
        "book_potioncraft",
        3
      ]
    ],
    "using": [
      [
        "arcana_transcription_standard",
        1
      ]
    ],
    "tools": [
      [
        [
          "book_potioncraft",
          -1
        ]
      ]
    ],
    "flags": [
      "BLIND_EASY",
      "SECRET"
    ]
  },
  {
    "result": "index_scrollcraft",
    "type": "recipe",
    "category": "CC_ARCANA",
    "subcategory": "CSC_ARCANA_OTHER",
    "skill_used": "magic",
    "difficulty": 5,
    "time": "50 m",
    "activity_level": "NO_EXERCISE",
    "book_learn": [
      [
        "book_scrollcraft",
        5
      ]
    ],
    "using": [
      [
        "arcana_transcription_standard",
        1
      ]
    ],
    "tools": [
      [
        [
          "book_scrollcraft",
          -1
        ]
      ]
    ],
    "flags": [
      "BLIND_EASY",
      "SECRET"
    ]
  },
  {
    "result": "index_bloodmagic",
    "type": "recipe",
    "category": "CC_ARCANA",
    "subcategory": "CSC_ARCANA_OTHER",
    "skill_used": "magic",
    "difficulty": 6,
    "time": "60 m",
    "activity_level": "NO_EXERCISE",
    "book_learn": [
      [
        "book_bloodmagic",
        6
      ]
    ],
    "using": [
      [
        "arcana_transcription_standard",
        1
      ]
    ],
    "tools": [
      [
        [
          "book_bloodmagic",
          -1
        ]
      ]
    ],
    "flags": [
      "BLIND_EASY",
      "SECRET"
    ]
  },
  {
    "result": "index_hexenhammer",
    "type": "recipe",
    "category": "CC_ARCANA",
    "subcategory": "CSC_ARCANA_OTHER",
    "skill_used": "magic",
    "difficulty": 7,
    "time": "70 m",
    "activity_level": "NO_EXERCISE",
    "book_learn": [
      [
        "book_hexenhammer",
        7
      ]
    ],
    "using": [
      [
        "arcana_transcription_standard",
        1
      ]
    ],
    "tools": [
      [
        [
          "book_hexenhammer",
          -1
        ]
      ]
    ],
    "flags": [
      "BLIND_EASY",
      "SECRET"
    ]
  },
  {
    "result": "index_sacrifice",
    "type": "recipe",
    "category": "CC_ARCANA",
    "subcategory": "CSC_ARCANA_OTHER",
    "skill_used": "magic",
    "difficulty": 8,
    "time": "80 m",
    "activity_level": "NO_EXERCISE",
    "book_learn": [
      [
        "book_sacrifice",
        8
      ]
    ],
    "using": [
      [
        "arcana_transcription_standard",
        1
      ]
    ],
    "tools": [
      [
        [
          "book_sacrifice",
          -1
        ]
      ]
    ],
    "flags": [
      "BLIND_EASY",
      "SECRET"
    ]
  },
  {
    "result": "index_syncretism",
    "type": "recipe",
    "category": "CC_ARCANA",
    "subcategory": "CSC_ARCANA_OTHER",
    "skill_used": "magic",
    "difficulty": 9,
    "time": "90 m",
    "activity_level": "NO_EXERCISE",
    "book_learn": [
      [
        "book_syncretism",
        9
      ]
    ],
    "using": [
      [
        "arcana_transcription_standard",
        1
      ]
    ],
    "tools": [
      [
        [
          "book_syncretism",
          -1
        ]
      ]
    ],
    "flags": [
      "BLIND_EASY",
      "SECRET"
    ]
  },
  {
    "result": "index_summoning",
    "type": "recipe",
    "category": "CC_ARCANA",
    "subcategory": "CSC_ARCANA_OTHER",
    "skill_used": "magic",
    "difficulty": 10,
    "time": "100 m",
    "activity_level": "NO_EXERCISE",
    "book_learn": [
      [
        "book_summoning",
        10
      ]
    ],
    "using": [
      [
        "arcana_transcription_standard",
        1
      ]
    ],
    "tools": [
      [
        [
          "book_summoning",
          -1
        ]
      ]
    ],
    "flags": [
      "BLIND_EASY",
      "SECRET"
    ]
  }
]