[
  {
    "result": "essence_dull",
    "type": "recipe",
    "category": "CC_ARCANA",
    "subcategory": "CSC_ARCANA_AMMO",
    "skill_used": "magic",
    "difficulty": 0,
    "time": "5 m",
    "activity_level": "NO_EXERCISE",
    "batch_time_factors": [
      95,
      5
    ],
    "autolearn": true,
    "result_mult": 10,
    "using": [
      [
        "arcana_purification_standard",
        1
      ]
    ],
    "components": [
      [
        [
          "essence_blood",
          1
        ]
      ]
    ],
    "delete_flags": [
      "HIDDEN_HALLU",
      "HIDDEN_POISON",
      "BAD_TASTE",
      "CANNIBALISM"
    ],
    "flags": [
      "BLIND_EASY"
    ]
  },
  {
    "result": "essence_dull",
    "type": "recipe",
    "id_suffix": "higher tier",
    "category": "CC_ARCANA",
    "subcategory": "CSC_ARCANA_AMMO",
    "skill_used": "magic",
    "difficulty": 1,
    "time": "10 m",
    "activity_level": "NO_EXERCISE",
    "batch_time_factors": [
      95,
      5
    ],
    "autolearn": true,
    "book_learn": [
      [
        "book_hexenhammer",
        0
      ],
      [
        "book_syncretism",
        1
      ],
      [
        "book_potioncraft",
        1
      ]
    ],
    "result_mult": 30,
    "using": [
      [
        "arcana_purification_standard",
        1
      ]
    ],
    "components": [
      [
        [
          "essence",
          1
        ]
      ]
    ],
    "delete_flags": [
      "HIDDEN_HALLU",
      "HIDDEN_POISON",
      "BAD_TASTE",
      "CANNIBALISM"
    ],
    "flags": [
      "BLIND_EASY"
    ]
  },
  {
    "result": "essence_blood",
    "type": "recipe",
    "id_suffix": "human sacrifice",
    "category": "CC_ARCANA",
    "subcategory": "CSC_ARCANA_AMMO",
    "skill_used": "magic",
    "difficulty": 2,
    "time": "3 m",
    "activity_level": "NO_EXERCISE",
    "batch_time_factors": [
      95,
      5
    ],
    "autolearn": true,
    "book_learn": [
      [
        "book_bloodmagic",
        0
      ],
      [
        "book_syncretism",
        1
      ],
      [
        "book_scrollcraft",
        1
      ]
    ],
    "using": [
      [
        "arcana_purification_standard",
        1
      ]
    ],
    "components": [
      [
        [
          "human_flesh",
          5
        ],
        [
          "mutant_human_flesh",
          10
        ],
        [
          "meat",
          15
        ]
      ]
    ],
    "delete_flags": [
      "HIDDEN_HALLU",
      "HIDDEN_POISON",
      "BAD_TASTE",
      "CANNIBALISM"
    ],
    "flags": [
      "BLIND_EASY",
      "ALLOW_ROTTEN"
    ]
  },
  {
    "result": "essence_blood",
    "type": "recipe",
    "id_suffix": "from essence",
    "category": "CC_ARCANA",
    "subcategory": "CSC_ARCANA_AMMO",
    "skill_used": "magic",
    "difficulty": 3,
    "time": "2 m",
    "activity_level": "NO_EXERCISE",
    "batch_time_factors": [
      95,
      5
    ],
    "autolearn": true,
    "book_learn": [
      [
        "book_bloodmagic",
        1
      ],
      [
        "book_syncretism",
        2
      ],
      [
        "book_summoning",
        2
      ]
    ],
    "result_mult": 3,
    "using": [
      [
        "arcana_purification_standard",
        1
      ]
    ],
    "tools": [
      [
        [
          "blood_athame",
          -1
        ]
      ]
    ],
    "components": [
      [
        [
          "essence",
          1
        ]
      ]
    ],
    "delete_flags": [
      "HIDDEN_HALLU",
      "HIDDEN_POISON",
      "BAD_TASTE",
      "CANNIBALISM"
    ],
    "flags": [
      "BLIND_EASY"
    ]
  },
  {
    "result": "essence_blood",
    "type": "recipe",
    "id_suffix": "alchemy",
    "category": "CC_ARCANA",
    "subcategory": "CSC_ARCANA_AMMO",
    "skill_used": "magic",
    "difficulty": 4,
    "activity_level": "LIGHT_EXERCISE",
    "skills_required": [
      [
        "chemistry",
        6
      ]
    ],
    "time": "1 m",
    "batch_time_factors": [
      95,
      5
    ],
    "book_learn": [
      [
        "book_potioncraft",
        5
      ],
      [
        "book_bloodmagic",
        4
      ],
      [
        "recipe_lab_arcana",
        4
      ]
    ],
    "qualities": [
      {
        "id": "CHEM",
        "level": 3
      },
      {
        "id": "DISTILL",
        "level": 1
      }
    ],
    "tools": [
      [
        [
          "electrolysis_kit",
          80
        ]
      ]
    ],
    "components": [
      [
        [
          "blood",
          1
        ]
      ],
      [
        [
          "salt",
          10
        ]
      ],
      [
        [
          "material_quicklime",
          5
        ]
      ]
    ],
    "delete_flags": [
      "HIDDEN_HALLU",
      "HIDDEN_POISON",
      "BAD_TASTE",
      "CANNIBALISM"
    ],
    "flags": [
      "SECRET"
    ]
  },
  {
    "result": "essence",
    "type": "recipe",
    "id_suffix": "sacrifice",
    "category": "CC_ARCANA",
    "subcategory": "CSC_ARCANA_AMMO",
    "skill_used": "magic",
    "difficulty": 4,
    "time": "5 m",
    "activity_level": "NO_EXERCISE",
    "batch_time_factors": [
      95,
      5
    ],
    "book_learn": [
      [
        "book_sacrifice",
        2
      ],
      [
        "book_syncretism",
        3
      ],
      [
        "book_scrollcraft",
        3
      ]
    ],
    "autolearn": true,
    "tools": [
      [
        [
          "offering_chalice",
          -1
        ]
      ]
    ],
    "components": [
      [
        [
          "essence_blood",
          3
        ],
        [
          "essence_dull",
          30
        ],
        [
          "mycus_fruit",
          5
        ],
        [
          "marloss_seed",
          10
        ],
        [
          "marloss_gel",
          1
        ],
        [
          "marloss_berry",
          15
        ],
        [
          "slime_scrap",
          25
        ],
        [
          "bone_tainted",
          50
        ],
        [
          "stick_fiber",
          100
        ],
        [
          "chitin_piece",
          100
        ],
        [
          "iron_thorn",
          1
        ],
        [
          "inflorescent_root",
          1
        ],
        [
          "graboid_fang",
          1
        ],
        [
          "triffid_queen_flower",
          1
        ],
        [
          "dermatik_sting",
          1
        ],
        [
          "vortex_shard",
          1
        ],
        [
          "blob_gem",
          1
        ],
        [
          "monster_tear",
          1
        ],
        [
          "shadow_gem",
          1
        ],
        [
          "bone_twisted",
          1
        ],
        [
          "gracken_knuckles",
          1
        ],
        [
          "wyrmskin_piece",
          1
        ],
        [
          "monster_fang",
          1
        ],
        [
          "iridescent_plate",
          1
        ],
        [
          "engraved_stone",
          1
        ]
      ]
    ],
    "delete_flags": [
      "HIDDEN_HALLU",
      "HIDDEN_POISON",
      "BAD_TASTE",
      "CANNIBALISM"
    ],
    "flags": [
      "BLIND_EASY",
      "ALLOW_ROTTEN"
    ]
  },
  {
    "result": "essence",
    "type": "recipe",
    "category": "CC_ARCANA",
    "subcategory": "CSC_ARCANA_AMMO",
    "//": "Fairly high multiplier as all choices of component are uncommon, and a few are quest items.",
    "skill_used": "magic",
    "difficulty": 5,
    "time": "8 m",
    "activity_level": "NO_EXERCISE",
    "batch_time_factors": [
      95,
      5
    ],
    "book_learn": [
      [
        "book_sacrifice",
        3
      ],
      [
        "book_syncretism",
        4
      ],
      [
        "book_scrollcraft",
        4
      ]
    ],
    "autolearn": true,
    "result_mult": 5,
    "tools": [
      [
        [
          "offering_chalice",
          -1
        ]
      ]
    ],
    "components": [
      [
        [
          "vortex_stone",
          1
        ],
        [
          "spiral_stone",
          6
        ],
        [
          "teleporter",
          1
        ],
        [
          "portal",
          1
        ],
        [
          "petrified_eye",
          1
        ],
        [
          "etched_skull",
          1
        ],
        [
          "small_relic",
          1
        ],
        [
          "violin_golden",
          1
        ],
        [
          "alien_pod_resin",
          3
        ],
        [
          "jabberwock_heart",
          3
        ],
        [
          "royal_jelly",
          2
        ],
        [
          "panacea",
          1
        ]
      ]
    ],
    "delete_flags": [
      "HIDDEN_HALLU",
      "HIDDEN_POISON",
      "BAD_TASTE",
      "CANNIBALISM"
    ],
    "flags": [
      "BLIND_EASY"
    ]
  },
  {
    "result": "essence_pure",
    "type": "recipe",
    "category": "CC_ARCANA",
    "subcategory": "CSC_ARCANA_AMMO",
    "skill_used": "magic",
    "difficulty": 6,
    "time": "10 m",
    "activity_level": "NO_EXERCISE",
    "batch_time_factors": [
      95,
      5
    ],
    "book_learn": [
      [
        "book_sacrifice",
        5
      ],
      [
        "book_syncretism",
        5
      ]
    ],
    "autolearn": true,
    "using": [
      [
        "arcana_essence_any",
        10
      ],
      [
        "arcana_purification_standard",
        1
      ]
    ],
    "delete_flags": [
      "HIDDEN_HALLU",
      "HIDDEN_POISON",
      "BAD_TASTE",
      "CANNIBALISM"
    ],
    "flags": [
      "BLIND_EASY"
    ]
  },
  {
    "result": "essence_pure",
    "id_suffix": "artifacts",
    "type": "recipe",
    "category": "CC_ARCANA",
    "subcategory": "CSC_ARCANA_AMMO",
    "skill_used": "magic",
    "difficulty": 7,
    "time": "10 m",
    "activity_level": "NO_EXERCISE",
    "batch_time_factors": [
      95,
      5
    ],
    "book_learn": [
      [
        "book_sacrifice",
        6
      ],
      [
        "book_syncretism",
        6
      ],
      [
        "book_summoning",
        6
      ]
    ],
    "autolearn": true,
    "result_mult": 3,
    "using": [
      [
        "arcana_purification_standard",
        1
      ]
    ],
    "components": [
      [
        [
          "art_sphere",
          1
        ],
        [
          "art_rod",
          1
        ],
        [
          "art_teardrop",
          1
        ],
        [
          "art_lamp",
          1
        ],
        [
          "art_snake",
          1
        ],
        [
          "art_disc",
          1
        ],
        [
          "art_beads",
          1
        ],
        [
          "art_napkin",
          1
        ],
        [
          "art_urchin",
          1
        ],
        [
          "art_jelly",
          1
        ],
        [
          "art_spiral",
          1
        ],
        [
          "art_pin",
          1
        ],
        [
          "art_tube",
          1
        ],
        [
          "art_pyramid",
          1
        ],
        [
          "art_crystal",
          1
        ],
        [
          "art_knot",
          1
        ],
        [
          "art_crescent",
          1
        ]
      ]
    ],
    "delete_flags": [
      "HIDDEN_HALLU",
      "HIDDEN_POISON",
      "BAD_TASTE",
      "CANNIBALISM"
    ],
    "flags": [
      "BLIND_EASY"
    ]
  },
  {
    "type": "recipe",
    "result": "arrow_arcana_unpowered",
    "category": "CC_ARCANA",
    "subcategory": "CSC_ARCANA_AMMO",
    "skill_used": "magic",
    "skills_required": [
      [
        "fabrication",
        4
      ],
      [
        "archery",
        3
      ],
      [
        "survival",
        1
      ]
    ],
    "difficulty": 1,
    "time": "20 m",
    "activity_level": "LIGHT_EXERCISE",
    "autolearn": true,
    "book_learn": [
      [
        "recipe_arrows",
        2
      ],
      [
        "pocket_survival",
        2
      ],
      [
        "book_magicfordummies",
        0
      ]
    ],
    "qualities": [
      {
        "id": "CUT",
        "level": 1
      },
      {
        "id": "HAMMER",
        "level": 1
      }
    ],
    "components": [
      [
        [
          "adhesive",
          1,
          "LIST"
        ],
        [
          "filament",
          10,
          "LIST"
        ]
      ],
      [
        [
          "stick",
          2
        ],
        [
          "broom",
          2
        ],
        [
          "2x4",
          2
        ],
        [
          "bee_sting",
          2
        ]
      ],
      [
        [
          "bone_twisted",
          1
        ],
        [
          "gracken_knuckles",
          1
        ],
        [
          "graboid_fang",
          1
        ],
        [
          "monster_fang",
          1
        ],
        [
          "vortex_shard",
          1
        ],
        [
          "blob_gem",
          1
        ],
        [
          "monster_tear",
          1
        ],
        [
          "shadow_gem",
          1
        ]
      ],
      [
        [
          "fletching",
          1,
          "LIST"
        ]
      ]
    ]
  },
  {
    "type": "recipe",
    "result": "bolt_arcana_unpowered",
    "category": "CC_ARCANA",
    "subcategory": "CSC_ARCANA_AMMO",
    "skill_used": "magic",
    "skills_required": [
      [
        "fabrication",
        4
      ],
      [
        "survival",
        1
      ]
    ],
    "difficulty": 1,
    "time": "20 m",
    "activity_level": "LIGHT_EXERCISE",
    "autolearn": true,
    "book_learn": [
      [
        "recipe_arrows",
        2
      ],
      [
        "pocket_survival",
        2
      ],
      [
        "book_magicfordummies",
        0
      ]
    ],
    "qualities": [
      {
        "id": "CUT",
        "level": 1
      },
      {
        "id": "HAMMER",
        "level": 1
      }
    ],
    "components": [
      [
        [
          "adhesive",
          1,
          "LIST"
        ],
        [
          "filament",
          20,
          "LIST"
        ]
      ],
      [
        [
          "stick",
          2
        ],
        [
          "broom",
          2
        ],
        [
          "2x4",
          2
        ],
        [
          "bee_sting",
          2
        ]
      ],
      [
        [
          "bone_twisted",
          1
        ],
        [
          "gracken_knuckles",
          1
        ],
        [
          "graboid_fang",
          1
        ],
        [
          "monster_fang",
          1
        ],
        [
          "vortex_shard",
          1
        ],
        [
          "blob_gem",
          1
        ],
        [
          "monster_tear",
          1
        ],
        [
          "shadow_gem",
          1
        ]
      ],
      [
        [
          "fletching",
          1,
          "LIST"
        ]
      ]
    ]
  },
  {
    "type": "recipe",
    "result": "arrow_arcana_flame",
    "category": "CC_ARCANA",
    "subcategory": "CSC_ARCANA_AMMO",
    "skill_used": "magic",
    "difficulty": 2,
    "time": "15 m",
    "activity_level": "NO_EXERCISE",
    "batch_time_factors": [
      80,
      4
    ],
    "autolearn": true,
    "book_learn": [
      [
        "book_magicfordummies",
        1
      ]
    ],
    "qualities": [
      {
        "id": "CUT",
        "level": 1
      }
    ],
    "components": [
      [
        [
          "arrow_arcana_unpowered",
          5
        ]
      ],
      [
        [
          "flame_talisman",
          1
        ]
      ]
    ]
  },
  {
    "type": "recipe",
    "result": "bolt_arcana_flame",
    "category": "CC_ARCANA",
    "subcategory": "CSC_ARCANA_AMMO",
    "skill_used": "magic",
    "difficulty": 2,
    "time": "15 m",
    "activity_level": "NO_EXERCISE",
    "batch_time_factors": [
      80,
      4
    ],
    "autolearn": true,
    "book_learn": [
      [
        "book_magicfordummies",
        1
      ]
    ],
    "qualities": [
      {
        "id": "CUT",
        "level": 1
      }
    ],
    "components": [
      [
        [
          "arrow_arcana_unpowered",
          5
        ]
      ],
      [
        [
          "flame_talisman",
          1
        ]
      ]
    ]
  },
  {
    "type": "recipe",
    "result": "arrow_arcana_water",
    "category": "CC_ARCANA",
    "subcategory": "CSC_ARCANA_AMMO",
    "skill_used": "magic",
    "difficulty": 3,
    "time": "15 m",
    "activity_level": "NO_EXERCISE",
    "batch_time_factors": [
      80,
      4
    ],
    "autolearn": true,
    "book_learn": [
      [
        "book_magicfordummies",
        2
      ]
    ],
    "qualities": [
      {
        "id": "CUT",
        "level": 1
      }
    ],
    "components": [
      [
        [
          "arrow_arcana_unpowered",
          5
        ]
      ],
      [
        [
          "water_talisman",
          1
        ]
      ]
    ]
  },
  {
    "type": "recipe",
    "result": "bolt_arcana_water",
    "category": "CC_ARCANA",
    "subcategory": "CSC_ARCANA_AMMO",
    "skill_used": "magic",
    "difficulty": 3,
    "time": "15 m",
    "activity_level": "NO_EXERCISE",
    "batch_time_factors": [
      80,
      4
    ],
    "autolearn": true,
    "book_learn": [
      [
        "book_magicfordummies",
        2
      ]
    ],
    "qualities": [
      {
        "id": "CUT",
        "level": 1
      }
    ],
    "components": [
      [
        [
          "arrow_arcana_unpowered",
          5
        ]
      ],
      [
        [
          "water_talisman",
          1
        ]
      ]
    ]
  },
  {
    "type": "recipe",
    "result": "arrow_arcana_earth",
    "category": "CC_ARCANA",
    "subcategory": "CSC_ARCANA_AMMO",
    "skill_used": "magic",
    "difficulty": 4,
    "time": "15 m",
    "activity_level": "NO_EXERCISE",
    "batch_time_factors": [
      80,
      4
    ],
    "autolearn": true,
    "book_learn": [
      [
        "book_magicfordummies",
        3
      ]
    ],
    "qualities": [
      {
        "id": "CUT",
        "level": 1
      }
    ],
    "components": [
      [
        [
          "arrow_arcana_unpowered",
          5
        ]
      ],
      [
        [
          "earth_talisman",
          1
        ]
      ]
    ]
  },
  {
    "type": "recipe",
    "result": "bolt_arcana_earth",
    "category": "CC_ARCANA",
    "subcategory": "CSC_ARCANA_AMMO",
    "skill_used": "magic",
    "difficulty": 4,
    "time": "15 m",
    "activity_level": "NO_EXERCISE",
    "batch_time_factors": [
      80,
      4
    ],
    "autolearn": true,
    "book_learn": [
      [
        "book_magicfordummies",
        3
      ]
    ],
    "qualities": [
      {
        "id": "CUT",
        "level": 1
      }
    ],
    "components": [
      [
        [
          "arrow_arcana_unpowered",
          5
        ]
      ],
      [
        [
          "earth_talisman",
          1
        ]
      ]
    ]
  },
  {
    "type": "recipe",
    "result": "arrow_arcana_air",
    "category": "CC_ARCANA",
    "subcategory": "CSC_ARCANA_AMMO",
    "skill_used": "magic",
    "difficulty": 5,
    "time": "15 m",
    "activity_level": "NO_EXERCISE",
    "batch_time_factors": [
      80,
      4
    ],
    "autolearn": true,
    "book_learn": [
      [
        "book_magicfordummies",
        4
      ]
    ],
    "qualities": [
      {
        "id": "CUT",
        "level": 1
      }
    ],
    "components": [
      [
        [
          "arrow_arcana_unpowered",
          5
        ]
      ],
      [
        [
          "air_talisman",
          1
        ]
      ]
    ]
  },
  {
    "type": "recipe",
    "result": "bolt_arcana_air",
    "category": "CC_ARCANA",
    "subcategory": "CSC_ARCANA_AMMO",
    "skill_used": "magic",
    "difficulty": 5,
    "time": "15 m",
    "activity_level": "NO_EXERCISE",
    "batch_time_factors": [
      80,
      4
    ],
    "autolearn": true,
    "book_learn": [
      [
        "book_magicfordummies",
        4
      ]
    ],
    "qualities": [
      {
        "id": "CUT",
        "level": 1
      }
    ],
    "components": [
      [
        [
          "arrow_arcana_unpowered",
          5
        ]
      ],
      [
        [
          "air_talisman",
          1
        ]
      ]
    ]
  },
  {
    "result": "reloaded_shot_00_arcana",
    "type": "recipe",
    "activity_level": "LIGHT_EXERCISE",
    "category": "CC_ARCANA",
    "subcategory": "CSC_ARCANA_AMMO",
    "skill_used": "magic",
    "difficulty": 3,
    "skills_required": [
      [
        "fabrication",
        2
      ],
      [
        "gun",
        1
      ]
    ],
    "time": "2 m",
    "batch_time_factors": [
      60,
      5
    ],
    "book_learn": [
      [
        "recipe_bullets",
        3
      ],
      [
        "manual_shotgun",
        3
      ],
      [
        "book_hexenhammer",
        2
      ],
      [
        "book_syncretism",
        2
      ]
    ],
    "charges": 1,
    "reversible": true,
    "using": [
      [
        "shot_forming",
        1
      ],
      [
        "ammo_shot",
        1
      ]
    ],
    "tools": [
      [
        [
          "press",
          -1
        ]
      ]
    ],
    "components": [
      [
        [
          "gunpowder",
          6
        ],
        [
          "gunpowder_pistol",
          6
        ],
        [
          "gunpowder_shotgun",
          6
        ]
      ],
      [
        [
          "silver_small",
          10
        ]
      ],
      [
        [
          "essence_dull",
          6
        ]
      ]
    ]
  },
  {
    "result": "flintlock_shot_arcana",
    "type": "recipe",
    "activity_level": "LIGHT_EXERCISE",
    "category": "CC_ARCANA",
    "subcategory": "CSC_ARCANA_AMMO",
    "skill_used": "magic",
    "difficulty": 4,
    "skills_required": [
      [
        "fabrication",
        3
      ],
      [
        "gun",
        1
      ]
    ],
    "time": "1 m",
    "batch_time_factors": [
      60,
      5
    ],
    "autolearn": true,
    "charges": 1,
    "reversible": true,
    "book_learn": [
      [
        "book_hexenhammer",
        2
      ],
      [
        "book_syncretism",
        2
      ],
      [
        "book_magicfordummies",
        3
      ]
    ],
    "qualities": [
      {
        "id": "CUT",
        "level": 1
      }
    ],
    "components": [
      [
        [
          "chem_black_powder",
          5
        ]
      ],
      [
        [
          "silver_small",
          10
        ]
      ],
      [
        [
          "essence_dull",
          6
        ]
      ],
      [
        [
          "paper",
          1
        ]
      ]
    ]
  },
  {
    "type": "recipe",
    "result": "blun_shot_arcana",
    "activity_level": "LIGHT_EXERCISE",
    "category": "CC_ARCANA",
    "subcategory": "CSC_ARCANA_AMMO",
    "skill_used": "magic",
    "difficulty": 4,
    "skills_required": [
      [
        "fabrication",
        3
      ],
      [
        "gun",
        1
      ]
    ],
    "time": "50 s",
    "autolearn": true,
    "book_learn": [
      [
        "recipe_bullets",
        3
      ],
      [
        "manual_shotgun",
        3
      ],
      [
        "book_hexenhammer",
        2
      ],
      [
        "book_syncretism",
        2
      ],
      [
        "book_magicfordummies",
        3
      ]
    ],
    "qualities": [
      {
        "id": "CUT",
        "level": 1
      },
      {
        "id": "SAW_M",
        "level": 1
      }
    ],
    "components": [
      [
        [
          "gunpowder",
          16
        ],
        [
          "chem_black_powder",
          24
        ]
      ],
      [
        [
          "silver_small",
          16
        ]
      ],
      [
        [
          "essence_dull",
          8
        ]
      ],
      [
        [
          "paper",
          1
        ],
        [
          "aluminum_foil",
          1
        ]
      ]
    ]
  }
]