   [
{
    "type" : "BOOK",
		"id" : "lj_01",
		"name" : "《九重天心法》(一重天)",
		"description" : "里面记载着灵力第一重天的修行法诀,能够使身体吸收灵力。",
		"weight" : 500,
		"color" : "black",
		"intelligence" : 10,
		"symbol" : "?",
		"material" : ["paper"],
		"volume" : 5,
		"time" : 60,
		"required_level" : 0,
		"max_level" : 1,
		"skill" : "WX_SKILL-LQ"
  },
 	{
    "type" : "BOOK",
		"id" : "lj_02",
		"name" : "《九重天心法》(二重天)",
		"description" : "里面记载着灵力第二重天的修行法诀,能够使身体吸收灵力。",
		"weight" : 500,
		"color" : "black",
		"intelligence" : 10,
		"symbol" : "?",
		"material" : ["paper"],
		"volume" : 5,
		"time" : 60,
		"required_level" : 1,
		"max_level" : 2,
		"skill" : "WX_SKILL-LQ"
  },
  	{
    "type" : "BOOK",
		"id" : "lj_03",
		"name" : "《九重天心法》(三重天)",
		"description" : "里面记载着灵力第三重天的修行法诀,能够使身体吸收灵力。",
		"weight" : 500,
		"color" : "black",
		"intelligence" : 10,
		"symbol" : "?",
		"material" : ["paper"],
		"volume" : 5,
		"time" : 60,
		"required_level" : 2,
		"max_level" : 3,
		"skill" : "WX_SKILL-LQ"
  },
  {
    "type" : "BOOK",
		"id" : "lj_04",
		"name" : "《九重天心法》(四重天)",
		"description" : "里面记载着灵力第四重天的修行法诀,能够使身体吸收灵力。",
		"weight" : 500,
		"color" : "black",
		"intelligence" : 10,
		"symbol" : "?",
		"material" : ["paper"],
		"volume" : 5,
		"time" : 120,
		"required_level" : 2,
		"skill" : "WX_SKILL-XXTF"
  },
 	{
    "type" : "BOOK",
		"id" : "lj_05",
		"name" : "《九重天心法》(五重天)",
		"description" : "里面记载着灵力第五重天的修行法诀,能够使身体吸收灵力。",
		"weight" : 500,
		"color" : "black",
		"intelligence" : 10,
		"symbol" : "?",
		"material" : ["paper"],
		"volume" : 5,
		"time" : 120,
		"required_level" : 3,
		"max_level" : 4,
		"skill" : "WX_SKILL-LQ"
  },
  	{
    "type" : "BOOK",
		"id" : "lj_06",
		"name" : "《九重天心法》(六重天)",
		"description" : "里面记载着灵力第六重天的修行法诀,能够使身体吸收灵力。",
		"weight" : 500,
		"color" : "black",
		"intelligence" : 10,
		"symbol" : "?",
		"material" : ["paper"],
		"volume" : 5,
		"time" : 240,
		"required_level" : 4,
		"max_level" : 5,
		"skill" : "WX_SKILL-LQ"
  },
    {
    "type" : "BOOK",
		"id" : "lj_07",
		"name" : "《九重天心法》(七重天)",
		"description" : "里面记载着灵力第七重天的修行法诀,能够使身体吸收灵力。",
		"weight" : 500,
		"color" : "black",
		"intelligence" : 10,
		"symbol" : "?",
		"material" : ["paper"],
		"volume" : 5,
		"time" : 240,
		"required_level" : 3,
		"skill" : "WX_SKILL-XXTF"
  },
 	{
    "type" : "BOOK",
		"id" : "lj_08",
		"name" : "《九重天心法》(八重天)",
		"description" : "里面记载着灵力第八重天的修行法诀,能够使身体吸收灵力。",
		"weight" : 500,
		"color" : "black",
		"intelligence" : 10,
		"symbol" : "?",
		"material" : ["paper"],
		"volume" : 5,
		"time" : 360,
		"required_level" : 5,
		"max_level" : 6,
		"skill" : "WX_SKILL-LQ"
  },
  	{
    "type" : "BOOK",
		"id" : "lj_09",
		"name" : "《九重天心法》(九重天)",
		"description" : "里面记载着灵力第九重天的修行法诀,能够使身体吸收灵力。",
		"weight" : 500,
		"color" : "black",
		"intelligence" : 10,
		"symbol" : "?",
		"material" : ["paper"],
		"volume" : 5,
		"time" : 480,
		"required_level" : 6,
		"max_level" : 7,
		"skill" : "WX_SKILL-LQ"
  }
]
