[ 	
{
    "id": "by_jctxh_by_1",
    "type": "COMESTIBLE",
    "copy-from": "mutagen_flavor",    
    "name": "第一重天",
    "description": "嗯，正在测试中。",
    "use_action": { "type": "mutagen", 
    "mutation_category": "wxkj_by_jctxh_1" }
},
{
    "id": "by_jctxh_by_2",
    "type": "COMESTIBLE",
    "copy-from": "mutagen_flavor",    
    "name": "第二重天",
    "description": "嗯，正在测试中。",
    "use_action": { "type": "mutagen", 
    "mutation_category": "wxkj_by_jctxh_2" }
},
{
    "id": "by_jctxh_by_3",
    "type": "COMESTIBLE",
    "copy-from": "mutagen_flavor",    
    "name": "第三重天",
    "description": "嗯，正在测试中。",
    "use_action": { "type": "mutagen", 
    "mutation_category": "wxkj_by_jctxh_3" }
},
{
    "id": "by_jctxh_by_4",
    "type": "COMESTIBLE",
    "copy-from": "mutagen_flavor",    
    "name": "第四重天",
    "description": "嗯，正在测试中。",
    "use_action": { "type": "mutagen", 
    "mutation_category": "wxkj_by_jctxh_4" }
},
{
    "id": "by_jctxh_by_5",
    "type": "COMESTIBLE",
    "copy-from": "mutagen_flavor",    
    "name": "第五重天",
    "description": "嗯，正在测试中。",
    "use_action": { "type": "mutagen", 
    "mutation_category": "wxkj_by_jctxh_5" }
},
{
    "id": "by_jctxh_by_6",
    "type": "COMESTIBLE",
    "copy-from": "mutagen_flavor",    
    "name": "第六重天",
    "description": "嗯，正在测试中。",
    "use_action": { "type": "mutagen", 
    "mutation_category": "wxkj_by_jctxh_6" }
},
{
    "id": "by_jctxh_by_7",
    "type": "COMESTIBLE",
    "copy-from": "mutagen_flavor",    
    "name": "第七重天",
    "description": "嗯，正在测试中。",
    "use_action": { "type": "mutagen", 
    "mutation_category": "wxkj_by_jctxh_7" }
},
{
    "id": "by_jctxh_by_8",
    "type": "COMESTIBLE",
    "copy-from": "mutagen_flavor",    
    "name": "第八重天",
    "description": "嗯，正在测试中。",
    "use_action": { "type": "mutagen", 
    "mutation_category": "wxkj_by_jctxh_8" }
},
{
    "id": "by_jctxh_by_9",
    "type": "COMESTIBLE",
    "copy-from": "mutagen_flavor",    
    "name": "第九重天",
    "description": "嗯，正在测试中。",
    "use_action": { "type": "mutagen", 
    "mutation_category": "wxkj_by_jctxh_9" }
},
{
        "type" : "mutation_category",
        "id" : "wxkj_by_jctxh_1",
        "name" : "第一重天",
 "threshold_mut" :"by_jctxh_1",
 "mutagen_message":"你凝心静神准备突破!",
 "iv_message" : "222iv_message",     
"memorial_message":"333memorial_message"
},
{
        "type" : "mutation_category",
        "id" : "wxkj_by_jctxh_2",
        "name" : "第二重天",
 "threshold_mut" :"by_jctxh_2",
 "mutagen_message":"你凝心静神准备突破!",
 "iv_message" : "222iv_message",     
"memorial_message":"333memorial_message"
},
{
        "type" : "mutation_category",
        "id" : "wxkj_by_jctxh_3",
        "name" : "第三重天",
 "threshold_mut" :"by_jctxh_3",
 "mutagen_message":"你凝心静神准备突破!",
 "iv_message" : "222iv_message",     
"memorial_message":"333memorial_message"
},
{
        "type" : "mutation_category",
        "id" : "wxkj_by_jctxh_4",
        "name" : "第四重天",
 "threshold_mut" :"by_jctxh_4",
 "mutagen_message":"你凝心静神准备突破!",
 "iv_message" : "222iv_message",     
"memorial_message":"333memorial_message"
},
{
        "type" : "mutation_category",
        "id" : "wxkj_by_jctxh_5",
        "name" : "第五重天",
 "threshold_mut" :"by_jctxh_5",
 "mutagen_message":"你凝心静神准备突破!",
 "iv_message" : "222iv_message",     
"memorial_message":"333memorial_message"
},
{
        "type" : "mutation_category",
        "id" : "wxkj_by_jctxh_6",
        "name" : "第六重天",
 "threshold_mut" :"by_jctxh_6",
 "mutagen_message":"你凝心静神准备突破!",
 "iv_message" : "222iv_message",     
"memorial_message":"333memorial_message"
},
{
        "type" : "mutation_category",
        "id" : "wxkj_by_jctxh_7",
        "name" : "第七重天",
 "threshold_mut" :"by_jctxh_7",
 "mutagen_message":"你凝心静神准备突破!",
 "iv_message" : "222iv_message",     
"memorial_message":"333memorial_message"
},
{
        "type" : "mutation_category",
        "id" : "wxkj_by_jctxh_8",
        "name" : "第八重天",
 "threshold_mut" :"by_jctxh_8",
 "mutagen_message":"你凝心静神准备突破!",
 "iv_message" : "222iv_message",     
"memorial_message":"333memorial_message"
},
{
        "type" : "mutation_category",
        "id" : "wxkj_by_jctxh_9",
        "name" : "第九重天",
 "threshold_mut" :"by_jctxh_9",
 "mutagen_message":"你凝心静神准备突破!",
 "iv_message" : "222iv_message",     
"memorial_message":"333memorial_message"
},
{
    "type": "mutation",
    "id": "by_jctxh_1",
    "name": "第一重天",
    "points": 1,
  
    
    "ugliness" : 1,
    "description": "你已经将九重天心法修炼到了第一重天.",
    "types": [ "SKIN" ],   
    "category": [ "wxkj_by_jctxh_1" ], 
    "cancels" : [
    "by_ldlhj_1", 
    "by_ldlhj_2",
    "by_ldlhj_3",
    "by_ldlhj_4",
    "by_ldlhj_5"
    
    ],
    "armor": [ { "parts": "ALL", "bash": 1, "cut": 1 } ],
    "wet_protection" : [
            { "part" : "HEAD", "ignored" : 1 },
            { "part" : "LEG_L", "ignored" : 1 },
            { "part" : "LEG_R", "ignored" : 1 },
            { "part" : "FOOT_L", "ignored" : 1 },
            { "part" : "FOOT_R", "ignored" : 1 },
            { "part" : "ARM_L", "ignored" : 1 },
            { "part" : "ARM_R", "ignored" : 1 },
            { "part" : "HAND_L", "ignored" : 1 },
            { "part" : "HAND_R", "ignored" : 1 },
            { "part" : "TORSO", "ignored" : 1 }
        ],
    "passive_mods": { "str_mod": 1 },
    "//":"被动效果",
    "hp_adjustment": 2
  },
 {
    "type": "mutation",
    "id": "by_jctxh_2",
    "name": "第二重天",
    "points": 2,
    "ugliness" : 2,
    
    "description": "你已经将九重天心法修炼到了第二重天.",
    "types": [ "SKIN" ],   

    "category": [ "wxkj_by_jctxh_2" ], 
    "cancels" : [
    "by_ldlhj_1", 
    "by_ldlhj_2",
    "by_ldlhj_3",
    "by_ldlhj_4",
    "by_ldlhj_5"
    
    ],
    "armor": [ { "parts": "ALL", "bash": 2, "cut": 2 } ],
    "wet_protection" : [
            { "part" : "HEAD", "ignored" : 2 },
            { "part" : "LEG_L", "ignored" : 2 },
            { "part" : "LEG_R", "ignored" : 2 },
            { "part" : "FOOT_L", "ignored" : 2 },
            { "part" : "FOOT_R", "ignored" : 2 },
            { "part" : "ARM_L", "ignored" : 2 },
            { "part" : "ARM_R", "ignored" : 2 },
            { "part" : "HAND_L", "ignored" : 2 },
            { "part" : "HAND_R", "ignored" : 2 },
            { "part" : "TORSO", "ignored" : 2 }
        ],
    "passive_mods": { "str_mod": 1, "dex_mod": 1 },
    "hp_adjustment": 4   
  },
   {
    "type": "mutation",
    "id": "by_jctxh_3",
    "name": "第三重天",
    "points": 3,
    "ugliness" : 3,
    
    "description": "你已经将九重天心法修炼到了第三重天.",
    "types": [ "SKIN" ],   
  
    "category": [ "wxkj_by_jctxh_3" ], 
    "cancels" : [
    "by_ldlhj_1", 
    "by_ldlhj_2",
    "by_ldlhj_3",
    "by_ldlhj_4",
    "by_ldlhj_5"
    
    ],
    "armor": [ { "parts": "ALL", "bash": 3, "cut": 3 } ],
    "wet_protection" : [
            { "part" : "HEAD", "ignored" : 3 },
            { "part" : "LEG_L", "ignored" : 3 },
            { "part" : "LEG_R", "ignored" : 3 },
            { "part" : "FOOT_L", "ignored" : 3 },
            { "part" : "FOOT_R", "ignored" : 3 },
            { "part" : "ARM_L", "ignored" : 3 },
            { "part" : "ARM_R", "ignored" : 3 },
            { "part" : "HAND_L", "ignored" : 3 },
            { "part" : "HAND_R", "ignored" : 3 },
            { "part" : "TORSO", "ignored" : 3 }
        ],
    "passive_mods": 
    { 
    "str_mod": 1, 
    "dex_mod": 1,
    "Int_mod": 1    
    },
    "hp_adjustment": 6   
  },
  {
    "type": "mutation",
    "id": "by_jctxh_4",
    "name": "第四重天",
    "points": 4,
    "ugliness" : 4,
    
    "cancels" : [
    "by_ldlhj_1", 
    "by_ldlhj_2",
    "by_ldlhj_3",
    "by_ldlhj_4",
    "by_ldlhj_5"
    
    ],
    "description": "你已经将九重天心法修炼到了第四重天.",
    "types": [ "SKIN" ],   

    "category": [ "wxkj_by_jctxh_4" ], 
    "armor": [ { "parts": "ALL", "bash": 4, "cut": 4 } ],
    "wet_protection" : [
            { "part" : "HEAD", "ignored" : 4 },
            { "part" : "LEG_L", "ignored" : 4 },
            { "part" : "LEG_R", "ignored" : 4 },
            { "part" : "FOOT_L", "ignored" : 4 },
            { "part" : "FOOT_R", "ignored" : 4 },
            { "part" : "ARM_L", "ignored" : 4 },
            { "part" : "ARM_R", "ignored" : 4 },
            { "part" : "HAND_L", "ignored" : 4 },
            { "part" : "HAND_R", "ignored" : 4 },
            { "part" : "TORSO", "ignored" : 4 }
        ],
    "passive_mods": 
    { 
    "str_mod": 1, 
    "dex_mod": 1,
    "per_mod": 1,
    "Int_mod": 1 
    },
    "hp_adjustment": 8  
  },
  {
    "type": "mutation",
    "id": "by_jctxh_5",
    "name": "第五重天",
    "ugliness" : 5,
    "points": 5,
    
    "description": "你已经将九重天心法修炼到了第五重天.",
    "types": [ "SKIN" ],   
      
    "category": [ "wxkj_by_jctxh_5" ], 
    "cancels" : [
    "by_ldlhj_1", 
    "by_ldlhj_2",
    "by_ldlhj_3",
    "by_ldlhj_4",
    "by_ldlhj_5"
    
    ],
    "armor": [ { "parts": "ALL", "bash": 5, "cut": 5 } ],
    "wet_protection" : [
            { "part" : "HEAD", "ignored" : 5 },
            { "part" : "LEG_L", "ignored" : 5 },
            { "part" : "LEG_R", "ignored" : 5 },
            { "part" : "FOOT_L", "ignored" : 5 },
            { "part" : "FOOT_R", "ignored" : 5 },
            { "part" : "ARM_L", "ignored" : 5 },
            { "part" : "ARM_R", "ignored" : 5 },
            { "part" : "HAND_L", "ignored" : 5 },
            { "part" : "HAND_R", "ignored" : 5 },
            { "part" : "TORSO", "ignored" : 5 }
        ],
    "passive_mods": 
    { 
    "str_mod": 2, 
    "dex_mod": 2,
    "per_mod": 2,
    "Int_mod": 2 
    },
    "hp_adjustment": 10
  },
  {
    "type": "mutation",
    "id": "by_jctxh_6",
    "name": "第六重天",
    "points": 6,
    "ugliness" : 6,
    
    "description": "你已经将九重天心法修炼到了第六重天.",
    "types": [ "SKIN" ],   
       
    "category": [ "wxkj_by_jctxh_6" ], 
    "cancels" : [
    "by_ldlhj_1", 
    "by_ldlhj_2",
    "by_ldlhj_3",
    "by_ldlhj_4",
    "by_ldlhj_5"
    
    ],
    "armor": [ { "parts": "ALL", "bash": 6, "cut": 6 } ],
    "wet_protection" : [
            { "part" : "HEAD", "ignored" : 6 },
            { "part" : "LEG_L", "ignored" : 6 },
            { "part" : "LEG_R", "ignored" : 6 },
            { "part" : "FOOT_L", "ignored" : 6 },
            { "part" : "FOOT_R", "ignored" : 6 },
            { "part" : "ARM_L", "ignored" : 6 },
            { "part" : "ARM_R", "ignored" : 6 },
            { "part" : "HAND_L", "ignored" : 6 },
            { "part" : "HAND_R", "ignored" : 6 },
            { "part" : "TORSO", "ignored" : 6 }
        ],
    "passive_mods": 
    { 
    "str_mod": 3, 
    "dex_mod": 3,
    "per_mod": 2,
    "Int_mod": 2 
    },
    "hp_adjustment": 12
  },
  {
    "type": "mutation",
    "id": "by_jctxh_7",
    "name": "第七重天",
    "points": 7,
    "ugliness" : 7,
    
    "description": "你已经将九重天心法修炼到了第七重天.",
    "types": [ "SKIN" ],   
        
    "category": [ "wxkj_by_jctxh_7" ], 
    "cancels" : [
    "by_ldlhj_1", 
    "by_ldlhj_2",
    "by_ldlhj_3",
    "by_ldlhj_4",
    "by_ldlhj_5"
    
    ],
    "armor": [ { "parts": "ALL", "bash": 7, "cut": 7 } ],
    "wet_protection" : [
            { "part" : "HEAD", "ignored" : 7 },
            { "part" : "LEG_L", "ignored" : 7 },
            { "part" : "LEG_R", "ignored" : 7 },
            { "part" : "FOOT_L", "ignored" : 7 },
            { "part" : "FOOT_R", "ignored" : 7 },
            { "part" : "ARM_L", "ignored" : 7 },
            { "part" : "ARM_R", "ignored" : 7 },
            { "part" : "HAND_L", "ignored" : 7 },
            { "part" : "HAND_R", "ignored" : 7 },
            { "part" : "TORSO", "ignored" : 7 }
        ],
    "passive_mods": 
    { 
    "str_mod": 3, 
    "dex_mod": 3,
    "per_mod": 3,
    "Int_mod": 3 
    },
    "hp_adjustment": 14,
        "//":"累赘度",
        "encumbrance_always" :
			[
            [ "TORSO", -5 ],
            [ "HEAD", -5 ],
            [ "EYES", -5 ],
            [ "MOUTH", -5 ],			
            [ "ARM_L", -5 ],
            [ "ARM_R", -5 ],
            [ "HAND_L", -5 ],
            [ "HAND_R", -5 ],
            [ "LEG_L", -5 ],
            [ "LEG_R", -5 ],
            [ "FOOT_L", -5 ],
            [ "FOOT_R", -5 ]
			],
        "purifiable": false,			
        "//":"是否可被净化"
  },
  {
    "type": "mutation",
    "id": "by_jctxh_8",
    "name": "第八重天",
    "points": 8,
    "ugliness" : 8,
    
    "description": "你已经将九重天心法修炼到了第八重天.",
    "types": [ "SKIN" ],   
      
    "category": [ "wxkj_by_jctxh_8" ], 
    "cancels" : [
    "by_ldlhj_1", 
    "by_ldlhj_2",
    "by_ldlhj_3",
    "by_ldlhj_4",
    "by_ldlhj_5"
    
    ],
    "armor": [ { "parts": "ALL", "bash": 8, "cut": 8 } ],
    "wet_protection" : [
            { "part" : "HEAD", "ignored" : 8 },
            { "part" : "LEG_L", "ignored" : 8 },
            { "part" : "LEG_R", "ignored" : 8 },
            { "part" : "FOOT_L", "ignored" : 8 },
            { "part" : "FOOT_R", "ignored" : 8 },
            { "part" : "ARM_L", "ignored" : 8 },
            { "part" : "ARM_R", "ignored" : 8 },
            { "part" : "HAND_L", "ignored" : 8 },
            { "part" : "HAND_R", "ignored" : 8 },
            { "part" : "TORSO", "ignored" : 8 }
        ],
    "passive_mods": 
    { 
    "str_mod": 4, 
    "dex_mod": 4,
    "per_mod": 4,
    "Int_mod": 4 
    },
    "hp_adjustment": 16,
        "//":"血量加成",
        "healing_awake" : 0.05,
        "//":"清醒时恢复速率",
        "healing_resting" : 0.05,
        "//":"休息时自愈速率",
        "//":"累赘度",
        "encumbrance_always" :
			[
            [ "TORSO", -6 ],
            [ "HEAD", -6 ],
            [ "EYES", -6 ],
            [ "MOUTH", -6 ],			
            [ "ARM_L", -6 ],
            [ "ARM_R", -6 ],
            [ "HAND_L", -6 ],
            [ "HAND_R", -6 ],
            [ "LEG_L", -6 ],
            [ "LEG_R", -6 ],
            [ "FOOT_L", -6 ],
            [ "FOOT_R", -6 ]
			],
        "purifiable": false,			
        "//":"是否可被净化"
  },
  {
    "type": "mutation",
    "id": "by_jctxh_9",
    "name": "第九重天",
    "points": 9,
    "ugliness" : 9,
    
    "description": "你已经将九重天心法修炼到了第九重天.",
    "types": [ "SKIN" ],   
    
    "category": [ "wxkj_by_jctxh_9" ], 
    "cancels" : [
    "by_ldlhj_1", 
    "by_ldlhj_2",
    "by_ldlhj_3",
    "by_ldlhj_4",
    "by_ldlhj_5"
    
    ],
    "armor": [ { "parts": "ALL", "bash": 9, "cut": 9 } ],
    "wet_protection" : [
            { "part" : "HEAD", "ignored" : 9 },
            { "part" : "LEG_L", "ignored" : 9 },
            { "part" : "LEG_R", "ignored" : 9 },
            { "part" : "FOOT_L", "ignored" : 9 },
            { "part" : "FOOT_R", "ignored" : 9 },
            { "part" : "ARM_L", "ignored" : 9 },
            { "part" : "ARM_R", "ignored" : 9 },
            { "part" : "HAND_L", "ignored" : 9 },
            { "part" : "HAND_R", "ignored" : 9 },
            { "part" : "TORSO", "ignored" : 9 }
        ],
    "passive_mods": 
    { 
    "str_mod": 5, 
    "dex_mod": 5,
    "per_mod": 5,
    "Int_mod": 5 
    },
       "hp_adjustment": 18,
           "//":"血量加成",
        "healing_awake" : 0.05,
        "//":"清醒时恢复速率",
        "healing_resting" : 0.05,
        "//":"自愈速率加成",
        "fatigue_modifier": -0.25,
        "//":"抗疲劳能力",
        "fatigue_regen_modifier": 0.25,
        "//":"疲劳恢复速率",
        "//":"累赘度",
        "encumbrance_always" :
			[
            [ "TORSO", -8 ],
            [ "HEAD", -8 ],
            [ "EYES", -8 ],
            [ "MOUTH", -8 ],			
            [ "ARM_L", -8 ],
            [ "ARM_R", -8 ],
            [ "HAND_L", -8 ],
            [ "HAND_R", -8 ],
            [ "LEG_L", -8 ],
            [ "LEG_R", -8 ],
            [ "FOOT_L", -8 ],
            [ "FOOT_R", -8 ]
			],
        "purifiable": false,			
        "//":"是否可被净化"
  },
  {
    "type": "mutation",
    "id": "by_jctxh_10",
    "name": "傲世九重天",
    "points": 10,
    "ugliness" : 10,
    
    "description": "你已经将九重天心法修炼到了极致.",
    "types": [ "SKIN" ],                 
    "category": [ "wxkj_by_jctxh_9" ], 
    "cancels" : [
    "by_ldlhj_1", 
    "by_ldlhj_2",
    "by_ldlhj_3",
    "by_ldlhj_4",
    "by_ldlhj_5"
    
    ],
    "armor": [ { "parts": "ALL", "bash": 10, "cut": 10 } ],
    "wet_protection" : [
            { "part" : "HEAD", "ignored" : 10 },
            { "part" : "LEG_L", "ignored" : 10 },
            { "part" : "LEG_R", "ignored" : 10 },
            { "part" : "FOOT_L", "ignored" : 10 },
            { "part" : "FOOT_R", "ignored" : 10 },
            { "part" : "ARM_L", "ignored" : 10 },
            { "part" : "ARM_R", "ignored" : 10 },
            { "part" : "HAND_L", "ignored" : 10 },
            { "part" : "HAND_R", "ignored" : 10 },
            { "part" : "TORSO", "ignored" : 10 }
        ],
    "passive_mods": 
    { 
    "str_mod": 9, 
    "dex_mod": 9,
    "per_mod": 9,
    "Int_mod": 9
    },
        "hp_adjustment": 20,
        "//":"血量加成",
        "healing_awake" : 0.1,
        "//":"清醒时恢复速率",
        "healing_resting" : 0.1,
        "//":"自愈速率加成",
        "fatigue_modifier": -0.5,
        "//":"抗疲劳能力",
        "fatigue_regen_modifier": 0.5,
        "//":"疲劳恢复速率",
        "//":"累赘度",
        "encumbrance_always" :
			[
            [ "TORSO", -10 ],
            [ "HEAD", -10 ],
            [ "EYES", -10 ],
            [ "MOUTH", -10 ],			
            [ "ARM_L", -10 ],
            [ "ARM_R", -10 ],
            [ "HAND_L", -10 ],
            [ "HAND_R", -10 ],
            [ "LEG_L", -10 ],
            [ "LEG_R", -10 ],
            [ "FOOT_L", -10 ],
            [ "FOOT_R", -10 ]
			],
        "purifiable": false,			
        "//":"是否可被净化",
        "//":"退化",
        "prereqs" : ["by_jctxh_9"]
  }
  
]