[
	{
		"type":"GENERIC",
			"category" : "wxkj_lq",
		"id": "wx_xx_1",
		"name": "九重天心法:凝聚灵气(一重天)",
		"description": "蕴含着你修行1小时所凝聚的灵气",
		"symbol": "&",
		"color": "brown",
		"material": ["wxkj_lq_meterial"],
		"weight": 0,
		"volume": 0,
 	"flags" : ["BELTED"]
	},{
		"type" : "uncraft",
		"result": "wx_xx_1",
		"time": 100,
		"flags": ["BLIND_EASY"],	
		"components": 
		[
			[
			[ "WXKJ_resoure_LQ", 1 ]
			]
		]		
	},
		{
		"type":"GENERIC",
		"category" : "wxkj_lq",
		"id": "wx_xx_2",
		"name": "九重天心法:凝聚灵气(二重天)",
		"description": "蕴含着你修行1小时所凝聚的灵气",
		"symbol": "&",
		"color": "brown",
		"material": ["wxkj_lq_meterial"],
		"weight": 0,
		"volume": 0,
 	"flags" : ["BELTED"]
	},{
		"type" : "uncraft",
		"result": "wx_xx_2",
		"time": 100,
		"flags": ["BLIND_EASY"],	
		"components": 
		[
			[
			[ "WXKJ_resoure_LQ", 2 ]
			]
		]		
	},
			{
		"type":"GENERIC",
		"category" : "wxkj_lq",
		"id": "wx_xx_3",
		"name": "九重天心法:凝聚灵气(三重天)",
		"description": "蕴含着你修行1小时所凝聚的灵气",
		"symbol": "&",
		"color": "brown",
		"material": ["wxkj_lq_meterial"],
		"weight": 0,
		"volume": 0,
 	"flags" : ["BELTED"]
	},{
		"type" : "uncraft",
		"result": "wx_xx_3",
		"time": 100,
		"flags": ["BLIND_EASY"],	
		"components": 
		[
			[
			[ "WXKJ_resoure_LQ", 3 ]
			]
		]		
	},
		{
		"type":"GENERIC",
			"category" : "wxkj_lq",
		"id": "wx_xx_4",
		"name": "九重天心法:凝聚灵气(四重天)",
		"description": "蕴含着你修行1小时所凝聚的灵气",
		"symbol": "&",
		"color": "brown",
		"material": ["wxkj_lq_meterial"],
		"weight": 0,
		"volume": 0,
 	"flags" : ["BELTED"]
	},{
		"type" : "uncraft",
		"result": "wx_xx_4",
		"time": 100,
		"flags": ["BLIND_EASY"],	
		"components": 
		[
			[
			[ "WXKJ_resoure_LQ", 5 ]
			]
		]		
	},
		{
		"type":"GENERIC",
		"category" : "wxkj_lq",
		"id": "wx_xx_5",
		"name": "九重天心法:凝聚灵气(五重天)",
		"description": "蕴含着你修行1小时所凝聚的灵气",
		"symbol": "&",
		"color": "brown",
		"material": ["wxkj_lq_meterial"],
		"weight": 0,
		"volume": 0,
 	"flags" : ["BELTED"]
	},{
		"type" : "uncraft",
		"result": "wx_xx_5",
		"time": 100,
		"flags": ["BLIND_EASY"],	
		"components": 
		[
			[
			[ "WXKJ_resoure_LQ", 7 ]
			]
		]		
	},
			{
		"type":"GENERIC",
		"category" : "wxkj_lq",
		"id": "wx_xx_6",
		"name": "九重天心法:凝聚灵气(六重天)",
		"description": "蕴含着你修行1小时所凝聚的灵气",
		"symbol": "&",
		"color": "brown",
		"material": ["wxkj_lq_meterial"],
		"weight": 0,
		"volume": 0,
 	"flags" : ["BELTED"]
	},{
		"type" : "uncraft",
		"result": "wx_xx_6",
		"time": 100,
		"flags": ["BLIND_EASY"],	
		"components": 
		[
			[
			[ "WXKJ_resoure_LQ", 9 ]
			]
		]		
	},
		{
		"type":"GENERIC",
			"category" : "wxkj_lq",
		"id": "wx_xx_7",
		"name": "九重天心法:凝聚灵气(七重天)",
		"description": "蕴含着你修行1小时所凝聚的灵气",
		"symbol": "&",
		"color": "brown",
		"material": ["wxkj_lq_meterial"],
		"weight": 0,
		"volume": 0,
 	"flags" : ["BELTED"]
	},{
		"type" : "uncraft",
		"result": "wx_xx_7",
		"time": 100,
		"flags": ["BLIND_EASY"],	
		"components": 
		[
			[
			[ "WXKJ_resoure_LQ", 12 ]
			]
		]		
	},
		{
		"type":"GENERIC",
		"category" : "wxkj_lq",
		"id": "wx_xx_8",
		"name": "九重天心法:凝聚灵气(八重天)",
		"description": "蕴含着你修行1小时所凝聚的灵气",
		"symbol": "&",
		"color": "brown",
		"material": ["wxkj_lq_meterial"],
		"weight": 0,
		"volume": 0,
 	"flags" : ["BELTED"]
	},{
		"type" : "uncraft",
		"result": "wx_xx_8",
		"time": 100,
		"flags": ["BLIND_EASY"],	
		"components": 
		[
			[
			[ "WXKJ_resoure_LQ", 15 ]
			]
		]		
	},
			{
		"type":"GENERIC",
		"category" : "wxkj_lq",
		"id": "wx_xx_9",
		"name": "九重天心法:凝聚灵气(九重天)",
		"description": "蕴含着你修行1小时所凝聚的灵气",
		"symbol": "&",
		"color": "brown",
		"material": ["wxkj_lq_meterial"],
		"weight": 0,
		"volume": 0,
 	"flags" : ["BELTED"]
	},{
		"type" : "uncraft",
		"result": "wx_xx_9",
		"time": 100,
		"flags": ["BLIND_EASY"],	
		"components": 
		[
			[
			[ "WXKJ_resoure_LQ", 20 ]
			]
		]		
	}
	
]