  [
  {
    "id": "mon_wxkj_lol1",
    "type": "MONSTER",
    "name": "利欧路",
    "description": "利欧路体型较小，身体呈蓝色，像一只小狗。它的腿与躯干下半部分是黑色的。利欧路拥有一条蓝色的尾巴，以及一个黄色的项圈。在利欧路的前爪背面，有一颗白色的圆块。当利欧路进化成路卡利欧后，这一个圆块会长成钉子。另外，利欧路有一双红色的眼睛，脸上的有类似面罩的黑色纹路。与路卡利欧相似，利欧路拥有脚趾以作走路。",
    "categories": [ "WILDLIFE" ],
    "species": [ "MAMMAL" ],
    "default_faction": "bdd_family",
    "harvest": "mammal_tiny",
    "diff": 2,
    "size": "TINY",
    "volume": "5 ml",
    "weight": 10,
    "hp": 80,
    "//":"1.5x2",
    "speed": 80,
    "material": [ "flesh" ],
    "symbol": "U",
    "color": "light_gray",
    "aggression": -10,
    "morale": 80,
    "melee_skill": 2,
    "melee_dice_sides": 10,
    "melee_dice": 2,
    "melee_cut": 5,
    "melee_bash": 6,
    "dodge": 3,
    "armor_bash": 15,
    "armor_cut": 10, 
    "path_settings": { "max_dist": 20 },
    "anger_triggers": [ "HURT", "FRIEND_ATTACKED","FRIEND_DIED"],
    "placate_triggers": [ "MEAT" ],
    "fear_triggers": [ "PLAYER_CLOSE","STALK" ],
    "biosignature": { "biosig_item": "wxkj_sqbb_bhgwwdgy", "biosig_timer": 2 },
    "upgrades":
     { "age_grow": 30, "into":"mon_wxkj_lklo1" },
     "special_attacks": 
     [
      [ "wxkj_lash", 5 ]
     ],   
    "death_function": [ "MELT" ],
    "flags": [ "SEES", "HEARS", "SMELLS", "ANIMAL", "PATH_AVOID_DANGER_2", "WARM", "FUR",  "FAT","DOGFOOD",
   "PET_MOUNTABLE"
      ]
  }
  
  ]