[	
{
		"type" : "ammunition_type",
		"id" : "wxkj_ryzm_type",
		"name" : "荣耀证明",
		"default" : "wxkj_rldg_ryzm"	
	},{
		"type" : "AMMO",
		"id" : "wxkj_rldg_ryzm",
		"category" : "wxkj_ts",
		"name" : "人类帝国的荣耀证明",
		"name_plural" : "人类帝国的荣耀证明",
		"symbol" : "'",
		"color" : "break",
		"material": "wxkj_jade_meterial",
		"description" : "只有为人类帝国做出突出贡献才能获得的证明.",
		"ammo_type" : "wxkj_ryzm_type"
	},
	{
		"type" : "AMMO",
		"id" : "wxkj_jlz_ryzm",
		"category" : "wxkj_ts",
		"name" : "精灵族的荣耀证明",
		"name_plural" : "精灵族的荣耀证明",
		"symbol" : "'",
		"color" : "break",
		"material": "wxkj_jade_meterial",
		"description" : "只有为精灵一族做出突出贡献才能获得的证明.",
		"ammo_type" : "wxkj_ryzm_type"
	},
	{
		"type" : "AMMO",
		"id" : "wxkj_syem_ryzm",
		"category" : "wxkj_ts",
		"name" : "深渊的荣耀证明",
		"name_plural" : "深渊的荣耀证明",
		"symbol" : "'",
		"color" : "break",
		"material": "wxkj_jade_meterial",
		"description" : "只有为魔族做出突出贡献才能获得的证明.",
		"ammo_type" : "wxkj_ryzm_type"
	}
]