[
  {
    "type": "speech",
    "speaker": "mon_zombie_crawler_pk",
    "sound": "\"吼！啊啊啊!\"",
    "volume": 25
  },
  {
    "type": "speech",
    "speaker": "mon_zombie_crawler_pk",
    "sound": "\"吧唧吧唧~!\"",
    "volume": 35
  },
  {
    "type": "speech",
    "speaker": "mon_zombie_crawler_pk",
    "sound": "\"令人作呕的手掌拍打着地面。\"",
    "volume": 65
  },
  {
    "type": "speech",
    "speaker": "mon_zombie_crawler_pk",
    "sound": "\"一声轻微的撕裂声。\"",
    "volume": 50
  },
  {
    "type": "speech",
    "speaker": "mon_zombie_crawler_pk",
    "sound": "\"咕噜咕噜咕噜咕噜~\"",
    "volume": 20
  },
  {
    "type": "speech",
    "speaker": "mon_zombie_crawler_pk",
    "sound": "咕噜咕噜的冒泡声。",
    "volume": 20
  },
  {
    "type": "speech",
    "speaker": "mon_zombie_crawler_pk",
    "sound": "咯咯咯咯声。",
    "volume": 15
  },
  {
    "type": "speech",
    "speaker": "mon_zombie_crawler_pk",
    "sound": "令人窒息的声音。",
    "volume": 25
  },
  {
    "type": "speech",
    "speaker": "mon_zombie_crawler_pk",
    "sound": "咀嚼的声音。",
    "volume": 30
  }
]
