[
  {
    "type": "speech",
    "speaker": "mon_furvivor_deagle",
    "sound": "\"男孩们，抛锚啦。\"",
    "volume": 30
  },
  {
    "type": "speech",
    "speaker": "mon_furvivor_deagle",
    "sound": "\"你，你好？\"",
    "volume": 15
  },
  {
    "type": "speech",
    "speaker": "mon_furvivor_deagle",
    "sound": "\"嘿！\"",
    "volume": 30
  },
  {
    "type": "speech",
    "speaker": "mon_furvivor_deagle",
    "sound": "\"一枪两枪，好戏结束啦。\"",
    "volume": 20
  },
  {
    "type": "speech",
    "speaker": "mon_furvivor_deagle",
    "sound": "\"闭上你的嘴。\"",
    "volume": 30
  },
  {
    "type": "speech",
    "speaker": "mon_furvivor_deagle",
    "sound": "\"你的眼睛有问题吗？\"",
    "volume": 20
  },
  {
    "type": "speech",
    "speaker": "mon_furvivor_deagle",
    "sound": "\"我要在你的坟头蹦迪！\"",
    "volume": 40
  },
  {
    "type": "speech",
    "speaker": "mon_furvivor_deagle",
    "sound": "\"破碎之蓝！\"",
    "volume": 30
  },
  {
    "type": "speech",
    "speaker": "mon_furvivor_deagle",
    "sound": "\"只是开玩笑而已！\"",
    "volume": 20
  },
  {
    "type": "speech",
    "speaker": "mon_furvivor_deagle",
    "sound": "\"你认为一群病人能解决这个问题吗？\"",
    "volume": 15
  },
  {
    "type": "speech",
    "speaker": "mon_furvivor_deagle",
    "sound": "\"去他妈的！\"",
    "volume": 25
  },
  {
    "type": "speech",
    "speaker": "mon_furvivor_deagle",
    "sound": "\"随口吐痰\"",
    "volume": 20
  },
  {
    "type": "speech",
    "speaker": "mon_furvivor_deagle",
    "sound": "\"我有一只狗，它的名字叫布鲁！\"",
    "volume": 40
  },
  {
    "type": "speech",
    "speaker": "mon_furvivor_deagle",
    "sound": "\"这听起来很不合法！\"",
    "volume": 15
  },
  {
    "type": "speech",
    "speaker": "mon_furvivor_deagle",
    "sound": "\"天啊，你看到那块碎片从她的头骨上飞下来了吗？\"",
    "volume": 15
  },
  {
    "type": "speech",
    "speaker": "mon_furvivor_deagle",
    "sound": "\"再多说一句的话，我就告诉你谁在这里有权力！\"",
    "volume": 10
  },
  {
    "type": "speech",
    "speaker": "mon_furvivor_deagle",
    "sound": "\"啊，让噪音停止！\"",
    "volume": 30
  },
  {
    "type": "speech",
    "speaker": "mon_furvivor_deagle",
    "sound": "\"啊，啊，啊\"",
    "volume": 40
  },
  {
    "type": "speech",
    "speaker": "mon_furvivor_deagle",
    "sound": "\"不，我已经解释了为什么这是坏事了。\"",
    "volume": 15
  },
  {
    "type": "speech",
    "speaker": "mon_furvivor_deagle",
    "sound": "\"天啊，我的皮肤看起来像发霉的桃子。\"",
    "volume": 15
  }
]
