[
  {
    "type": "speech",
    "speaker": "mon_zombie_crawler_pk_weak",
    "sound": "\"吧唧吧唧吧唧吧唧!\"",
    "volume": 25
  },
  {
    "type": "speech",
    "speaker": "mon_zombie_crawler_pk_weak",
    "sound": "\"咕噜咕噜咕噜~\"",
    "volume": 20
  },
  {
    "type": "speech",
    "speaker": "mon_zombie_crawler_pk_weak",
    "sound": "冒泡的咕哝声。",
    "volume": 20
  },
  {
    "type": "speech",
    "speaker": "mon_zombie_crawler_pk_weak",
    "sound": "咯咯的声音。",
    "volume": 15
  },
  {
    "type": "speech",
    "speaker": "mon_zombie_crawler_pk_weak",
    "sound": "令人窒息的声音。",
    "volume": 25
  },
  {
    "type": "speech",
    "speaker": "mon_zombie_crawler_pk_weak",
    "sound": "咀嚼的声音。",
    "volume": 30
  }
]
