[
  {
    "type": "speech",
    "speaker": "mon_cyborg_cop",
    "sound": "\"我发现这个地区的傲慢情绪突然上升。\"",
    "volume": 24
  },
  {
    "type": "speech",
    "speaker": "mon_cyborg_cop",
    "sound": "\"我的名字叫墨菲。\"",
    "volume": 20
  },
  {
    "type": "speech",
    "speaker": "mon_cyborg_cop",
    "sound": "\"你来这里是不是知道你有一场战争？\"",
    "volume": 20
  },
  {
    "type": "speech",
    "speaker": "mon_cyborg_cop",
    "sound": "\"传感器显示你在过去5天里已经走了好几次了。公共秩序混乱不是你犯罪活动的借口。\"",
    "volume": 20
  },
  {
    "type": "speech",
    "speaker": "mon_cyborg_cop",
    "sound": "\"这片区域是禁止非执法人员进入的。立即离开。\"",
    "volume": 32
  },
  {
    "type": "speech",
    "speaker": "mon_cyborg_cop",
    "sound": "\"传感器显示正在发生骚乱。要么回家，要么被逮捕。\"",
    "volume": 32
  },
  {
    "type": "speech",
    "speaker": "mon_cyborg_cop",
    "sound": "\"站住!你违反了法律。要么交罚款，要么跟我走。\"",
    "volume": 32
  },
  {
    "type": "speech",
    "speaker": "mon_cyborg_cop",
    "sound": "\"站住，犯罪人渣!\"",
    "volume": 24
  },
  {
    "type": "speech",
    "speaker": "mon_cyborg_cop",
    "sound": "\"启动自我修复保护协议。备份数据……\"",
    "volume": 20
  }
]
