[
  {
    "type": "speech",
    "speaker": "mon_furvivor_shotgun",
    "sound": "\"你好?\"",
    "volume": 15
  },
  {
    "type": "speech",
    "speaker": "mon_furvivor_shotgun",
    "sound": "\"嘿，小子!\"",
    "volume": 30
  },
  {
    "type": "speech",
    "speaker": "mon_furvivor_shotgun",
    "sound": "你把它们混合在一起后摇晃了起来。",
    "volume": 10
  },
  {
    "type": "speech",
    "speaker": "mon_furvivor_shotgun",
    "sound": "\"当第四堵墙被推倒的时候!\"",
    "volume": 30
  },
  {
    "type": "speech",
    "speaker": "mon_furvivor_shotgun",
    "sound": "\"等我找到那个小贱人，我会让他知道谁才是老大的。\"",
    "volume": 10
  },
  {
    "type": "speech",
    "speaker": "mon_furvivor_shotgun",
    "sound": "\"它在燃烧!\"",
    "volume": 40
  },
  {
    "type": "speech",
    "speaker": "mon_furvivor_shotgun",
    "sound": "\"痒！！\"",
    "volume": 15
  },
  {
    "type": "speech",
    "speaker": "mon_furvivor_shotgun",
    "sound": "\"!!用火焰净化我!!\"",
    "volume": 40
  },
  {
    "type": "speech",
    "speaker": "mon_furvivor_shotgun",
    "sound": "\"你!到这里来!\"",
    "volume": 20
  },
  {
    "type": "speech",
    "speaker": "mon_furvivor_shotgun",
    "sound": "\"我真想吃一块肉。\"",
    "volume": 10
  },
  {
    "type": "speech",
    "speaker": "mon_furvivor_shotgun",
    "sound": "\"他们告诉我这很安全，他们为什么要骗我?\"",
    "volume": 15
  },
  {
    "type": "speech",
    "speaker": "mon_furvivor_shotgun",
    "sound": "\"给我拿把电锯，绑在我胳膊上。\"",
    "volume": 15
  },
  {
    "type": "speech",
    "speaker": "mon_furvivor_shotgun",
    "sound": "\"理智消费，理智消费。\"",
    "volume": 40
  },
  {
    "type": "speech",
    "speaker": "mon_furvivor_shotgun",
    "sound": "\"这是我的玩具棒！\"",
    "volume": 40
  },
  {
    "type": "speech",
    "speaker": "mon_furvivor_shotgun",
    "sound": "\"太棒了！\"",
    "volume": 10
  },
  {
    "type": "speech",
    "speaker": "mon_furvivor_shotgun",
    "sound": "\"不要炸飞这个世界（外星语）!\"",
    "volume": 30
  },
  {
    "type": "speech",
    "speaker": "mon_furvivor_shotgun",
    "sound": "\"如果想杀人的话，你们这些白痴早死了。\"",
    "volume": 20
  },
  {
    "type": "speech",
    "speaker": "mon_furvivor_shotgun",
    "sound": "\"士兵们请做好准备！\"",
    "volume": 30
  },
  {
    "type": "speech",
    "speaker": "mon_furvivor_shotgun",
    "sound": "\"为我们的事业而战！\"",
    "volume": 30
  },
  {
    "type": "speech",
    "speaker": "mon_furvivor_shotgun",
    "sound": "\"为我们的国王而死！\"",
    "volume": 30
  },
  {
    "type": "speech",
    "speaker": "mon_furvivor_shotgun",
    "sound": "\"值得我们为之奋斗！\"",
    "volume": 30
  },
  {
    "type": "speech",
    "speaker": "mon_furvivor_shotgun",
    "sound": "\"因为这些暴力分子，所以诚实的公民无法在大型卖场买到这些机枪。\"",
    "volume": 20
  },
  {
    "type": "speech",
    "speaker": "mon_furvivor_shotgun",
    "sound": "\"我现在只想回家。\"",
    "volume": 15
  },
  {
    "type": "speech",
    "speaker": "mon_furvivor_shotgun",
    "sound": "\"好累…\"",
    "volume": 10
  },
  {
    "type": "speech",
    "speaker": "mon_furvivor_shotgun",
    "sound": "\"对我来说像小猪哼哼一样!\"",
    "volume": 30
  }
]
