[
  {
    "type": "speech",
    "speaker": "mon_robot_drone",
    "sound": "推进器进行修正。",
    "volume": 35
  },
  {
    "type": "speech",
    "speaker": "mon_robot_drone",
    "sound": "发动机发出的微弱、尖锐的轰鸣声",
    "volume": 35
  },
  {
    "type": "speech",
    "speaker": "mon_robot_drone",
    "sound": "\"这是4751Zulu型号无人驾驶直升机，以下为2034年行政部门通过的军警联合法规下发布的相关规定。根据这些法规，致命武力是被授权的。\"",
    "volume": 50
  },
  {
    "type": "speech",
    "speaker": "mon_robot_drone",
    "sound": "\"旁观者请勿从事反叛或类似冲突等极端行为，请普通市民采取俯卧姿势，双手抱住头部直到当前危机结束。\"",
    "volume": 50
  },
  {
    "type": "speech",
    "speaker": "mon_robot_drone",
    "sound": "\"四岁以下儿童须由父母或监护人看管，并且双手应该紧紧抱住儿童并且远离人群。\"",
    "volume": 50
  },
  {
    "type": "speech",
    "speaker": "mon_robot_drone",
    "sound": "\"老人或行动不便者请提前准备好身份证明并待在一个视野宽阔容易被发现的位置，同时请确保你的双手离开口袋没有隐藏或持有武器。\"",
    "volume": 50
  },
  {
    "type": "speech",
    "speaker": "mon_robot_drone",
    "sound": "反重力推进器的嗡嗡声。",
    "volume": 35
  },
  {
    "type": "speech",
    "speaker": "mon_robot_drone",
    "sound": "推进器快速旋转的声音。",
    "volume": 40
  },
  {
    "type": "speech",
    "speaker": "mon_robot_drone",
    "sound": "推进器快速旋转的声音。",
    "volume": 40
  },
  {
    "type": "speech",
    "speaker": "mon_robot_drone",
    "sound": "推进器快速旋转的声音。",
    "volume": 40
  },
  {
    "type": "speech",
    "speaker": "mon_robot_drone",
    "sound": "直升飞机推进器发出的震耳欲聋的声音。",
    "volume": 40
  },
  {
    "type": "speech",
    "speaker": "mon_robot_drone",
    "sound": "直升飞机推进器发出的震耳欲聋的声音。",
    "volume": 40
  },
  {
    "type": "speech",
    "speaker": "mon_robot_drone",
    "sound": "直升飞机推进器发出的震耳欲聋的声音。",
    "volume": 40
  }
]
