[
  {
    "type": "speech",
    "speaker": "mon_mi_go_flying",
    "sound": "\"你好?\"",
    "volume": 40
  },
  {
    "type": "speech",
    "speaker": "mon_mi_go_flying",
    "sound": "\"谁在那里？\"",
    "volume": 40
  },
  {
    "type": "speech",
    "speaker": "mon_mi_go_flying",
    "sound": "\"你能帮助我吗？\"",
    "volume": 30
  },
  {
    "type": "speech",
    "speaker": "mon_mi_go_flying",
    "sound": "\"在这里！\"",
    "volume": 40
  },
  {
    "type": "speech",
    "speaker": "mon_mi_go_flying",
    "sound": "\"你可以再说一次吗？\"",
    "volume": 30
  },
  {
    "type": "speech",
    "speaker": "mon_mi_go_flying",
    "sound": "\"你只是仿效我，不是吗？\"",
    "volume": 30
  },
  {
    "type": "speech",
    "speaker": "mon_mi_go_flying",
    "sound": "\"我可不怕你！\"",
    "volume": 40
  },
  {
    "type": "speech",
    "speaker": "mon_mi_go_flying",
    "sound": "\"来这边！\"",
    "volume": 40
  },
  {
    "type": "speech",
    "speaker": "mon_mi_go_flying",
    "sound": "\"求你了，不要！\"",
    "volume": 40
  },
  {
    "type": "speech",
    "speaker": "mon_mi_go_flying",
    "sound": "一声惊恐的尖叫！",
    "volume": 60
  },
  {
    "type": "speech",
    "speaker": "mon_mi_go_flying",
    "sound": "一声小女孩的尖叫！",
    "volume": 50
  },
  {
    "type": "speech",
    "speaker": "mon_mi_go_flying",
    "sound": "\"好吧，这究竟是什么玩意？\"",
    "volume": 20
  },
  {
    "type": "speech",
    "speaker": "mon_mi_go_flying",
    "sound": "\"未分类目标 7-7-3-40。",
    "volume": 20
  },
  {
    "type": "speech",
    "speaker": "mon_mi_go_flying",
    "sound": "\"它来自这个光圈的另一面。\"",
    "volume": 20
  },
  {
    "type": "speech",
    "speaker": "mon_mi_go_flying",
    "sound": "\"妈咪，帮帮我！\"",
    "volume": 40
  },
  {
    "type": "speech",
    "speaker": "mon_mi_go_flying",
    "sound": "\"我们正尝试找出是什么东西让这玩意滴答作响。\"",
    "volume": 20
  },
  {
    "type": "speech",
    "speaker": "mon_mi_go_flying",
    "sound": "\"我们还不太确定它是什么。\"",
    "volume": 20
  },
  {
    "type": "speech",
    "speaker": "mon_mi_go_flying",
    "sound": "\"这细胞结构和我们见过的任何细胞都不一样。\"",
    "volume": 20
  },
  {
    "type": "speech",
    "speaker": "mon_mi_go_flying",
    "sound": "\"它看起来似乎有某种形式更高级的大脑运动。\"",
    "volume": 20
  },
  {
    "type": "speech",
    "speaker": "mon_mi_go_flying",
    "sound": "\"问题处理，记忆保留，这一类的东西。\"",
    "volume": 20
  },
  {
    "type": "speech",
    "speaker": "mon_mi_go_flying",
    "sound": "\"那边出现了一点反常的模仿行为。\"",
    "volume": 20
  },
  {
    "type": "speech",
    "speaker": "mon_mi_go_flying",
    "sound": "\"这个物种的成员有某种神经认知联系。\"",
    "volume": 20
  },
  {
    "type": "speech",
    "speaker": "mon_mi_go_flying",
    "sound": "\"这个重复实验叙述了先前样本揭示的事实。\"",
    "volume": 20
  },
  {
    "type": "speech",
    "speaker": "mon_mi_go_flying",
    "sound": "一声小孩的尖叫！",
    "volume": 60
  },
  {
    "type": "speech",
    "speaker": "mon_mi_go_flying",
    "sound": "\"噢，天啊，我的腿！天啊！\"",
    "volume": 60
  },
  {
    "type": "speech",
    "speaker": "mon_mi_go_flying",
    "sound": "一段痛苦挣扎的哭喊！",
    "volume": 60
  },
  {
    "type": "speech",
    "speaker": "mon_mi_go_flying",
    "sound": "\"你说它不只是在模仿我们？\"",
    "volume": 20
  },
  {
    "type": "speech",
    "speaker": "mon_mi_go_flying",
    "sound": "\"它是在模仿我们，但我们还未能确定原因和原理。\"",
    "volume": 20
  },
  {
    "type": "speech",
    "speaker": "mon_mi_go_flying",
    "sound": "\"这也许只是一个吸引猎物的机制\"",
    "volume": 20
  },
  {
    "type": "speech",
    "speaker": "mon_mi_go_flying",
    "sound": "\"这甚至可能是一种尝试把我们吓跑的方法。\"",
    "volume": 20
  },
  {
    "type": "speech",
    "speaker": "mon_mi_go_flying",
    "sound": "\"我们只是不知道而已。\"",
    "volume": 20
  },
  {
    "type": "speech",
    "speaker": "mon_mi_go_flying",
    "sound": "一声痛苦的哀号！",
    "volume": 60
  },
  {
    "type": "speech",
    "speaker": "mon_mi_go_flying",
    "sound": "\"在地狱里面腐烂吧！\"",
    "volume": 60
  },
  {
    "type": "speech",
    "speaker": "mon_mi_go_flying",
    "sound": "\"你听到我了没有？\"",
    "volume": 50
  },
  {
    "type": "speech",
    "speaker": "mon_mi_go_flying",
    "sound": "\"在地狱里面腐烂吧，你个狗屎！\"",
    "volume": 60
  },
  {
    "type": "speech",
    "speaker": "mon_mi_go_flying",
    "sound": "\"正如先前说的，我们对它的思考方式一头雾水。\"",
    "volume": 20
  },
  {
    "type": "speech",
    "speaker": "mon_mi_go_flying",
    "sound": "\"玻璃屏障通电了吧？\"",
    "volume": 20
  },
  {
    "type": "speech",
    "speaker": "mon_mi_go_flying",
    "sound": "\"为什么你们不去接触它和找出原因？\"",
    "volume": 20
  },
  {
    "type": "speech",
    "speaker": "mon_mi_go_flying",
    "sound": "\"对的，它是这样。\"",
    "volume": 20
  },
  {
    "type": "speech",
    "speaker": "mon_mi_go_flying",
    "sound": "\"如果断电了会怎么样？\"",
    "volume": 20
  },
  {
    "type": "speech",
    "speaker": "mon_mi_go_flying",
    "sound": "\"别担心这个。\"",
    "volume": 20
  },
  {
    "type": "speech",
    "speaker": "mon_mi_go_flying",
    "sound": "\"别担心。\"",
    "volume": 20
  },
  {
    "type": "speech",
    "speaker": "mon_mi_go_flying",
    "sound": "\"这有七个后备发电机。\"",
    "volume": 20
  },
  {
    "type": "speech",
    "speaker": "mon_mi_go_flying",
    "sound": "\"那如果所有的后备发电机都挂掉呢？\"",
    "volume": 20
  },
  {
    "type": "speech",
    "speaker": "mon_mi_go_flying",
    "sound": "\"那我们就必须要毁掉这个样本。\"",
    "volume": 20
  },
  {
    "type": "speech",
    "speaker": "mon_mi_go_flying",
    "sound": "\"这个玻璃屏障可没办法长时间保证我们的安全。\"",
    "volume": 20
  },
  {
    "type": "speech",
    "speaker": "mon_mi_go_flying",
    "sound": "\"那该死的东西真可怕，先生，它把我吓到了。\"",
    "volume": 20
  },
  {
    "type": "speech",
    "speaker": "mon_mi_go_flying",
    "sound": "\"它也许比我们更加害怕。\"",
    "volume": 20
  },
  {
    "type": "speech",
    "speaker": "mon_mi_go_flying",
    "sound": "\"真的？我很怀疑啊……\"",
    "volume": 20
  },
  {
    "type": "speech",
    "speaker": "mon_mi_go_flying",
    "sound": "\"嘿，我们拿到的另一个样本可只受得了一发手榴弹。\"",
    "volume": 20
  },
  {
    "type": "speech",
    "speaker": "mon_mi_go_flying",
    "sound": "\"你这算是安慰我吗？\"",
    "volume": 20
  },
  {
    "type": "speech",
    "speaker": "mon_mi_go_flying",
    "sound": "\"起码我们知道他们不是不死的。\"",
    "volume": 20
  },
  {
    "type": "speech",
    "speaker": "mon_mi_go_flying",
    "sound": "\"U-O 7-7-3-4。\"",
    "volume": 20
  },
  {
    "type": "speech",
    "speaker": "mon_mi_go_flying",
    "sound": "\"个体实例，编号U-O-7-7-3-4\"",
    "volume": 20
  },
  {
    "type": "speech",
    "speaker": "mon_mi_go_flying",
    "sound": "\"要保证把它封存在标准生化危害隔离间内。\"",
    "volume": 20
  },
  {
    "type": "speech",
    "speaker": "mon_mi_go_flying",
    "sound": "\"直到更永久性的部署被安排之后。\"",
    "volume": 20
  },
  {
    "type": "speech",
    "speaker": "mon_mi_go_flying",
    "sound": "\"它明确表现出对人类大脑组织的偏好。\"",
    "volume": 20
  },
  {
    "type": "speech",
    "speaker": "mon_mi_go_flying",
    "sound": "\"如果样本尝试与闭锁装置接触，马上摧毁它。\"",
    "volume": 20
  },
  {
    "type": "speech",
    "speaker": "mon_mi_go_flying",
    "sound": "\"杀光它们，让上帝来清理它们！\"",
    "volume": 40
  },
  {
    "type": "speech",
    "speaker": "mon_mi_go_flying",
    "sound": "\"我看见一个蜗牛沿着剃刀笔直的边缘爬行。\"",
    "volume": 40
  },
  {
    "type": "speech",
    "speaker": "mon_mi_go_flying",
    "sound": "\"我经历了恐怖，那些你同样经历过的恐怖。\"",
    "volume": 40
  },
  {
    "type": "speech",
    "speaker": "mon_mi_go_flying",
    "sound": "\"我最爱在早上闻到凝固汽油弹的味道了！\"",
    "volume": 40
  },
  {
    "type": "speech",
    "speaker": "mon_mi_go_flying",
    "sound": "\"这才是这该死的世界结束的方式。\"",
    "volume": 40
  },
  {
    "type": "speech",
    "speaker": "mon_mi_go_flying",
    "sound": "\"伙计，看看我们在一个什么狗屁的世界里面。\"",
    "volume": 40
  },
  {
    "type": "speech",
    "speaker": "mon_mi_go_flying",
    "sound": "\"每个人都到临界点了。\"",
    "volume": 40
  },
  {
    "type": "speech",
    "speaker": "mon_mi_go_flying",
    "sound": "\"我要把你那些该死的触手都切断，臭婊子！\"",
    "volume": 30
  },
  {
    "type": "speech",
    "speaker": "mon_mi_go_flying",
    "sound": "\"我要看着你流血而死！\"",
    "volume": 40
  },
  {
    "type": "speech",
    "speaker": "mon_mi_go_flying",
    "sound": "\"我怀疑它是否能够理解我们。\"",
    "volume": 20
  },
  {
    "type": "speech",
    "speaker": "mon_mi_go_flying",
    "sound": "\"你明白我说的了吗？\"",
    "volume": 30
  },
  {
    "type": "speech",
    "speaker": "mon_mi_go_flying",
    "sound": "\"看，它有反应了！\"",
    "volume": 40
  },
  {
    "type": "speech",
    "speaker": "mon_mi_go_flying",
    "sound": "\"这是第一次整个早上都有进展。\"",
    "volume": 20
  },
  {
    "type": "speech",
    "speaker": "mon_mi_go_flying",
    "sound": "\"我确信它正在尝试理解我们。\"",
    "volume": 20
  },
  {
    "type": "speech",
    "speaker": "mon_mi_go_flying",
    "sound": "\"我并不相信它们可以确实的理解我们。\"",
    "volume": 20
  },
  {
    "type": "speech",
    "speaker": "mon_mi_go_flying",
    "sound": "\"它只是在模仿我们。\"",
    "volume": 20
  },
  {
    "type": "speech",
    "speaker": "mon_mi_go_flying",
    "sound": "\"仅仅是成为了异类并不意味着它们拥智能。\"",
    "volume": 20
  },
  {
    "type": "speech",
    "speaker": "mon_mi_go_flying",
    "sound": "\"看起来不像并不代表它们不是。\"",
    "volume": 20
  },
  {
    "type": "speech",
    "speaker": "mon_mi_go_flying",
    "sound": "\"请打开入口进入小房间。\"",
    "volume": 30
  },
  {
    "type": "speech",
    "speaker": "mon_mi_go_flying",
    "sound": "\"它对孩子会不会有不同的反应呢？\"",
    "volume": 40
  },
  {
    "type": "speech",
    "speaker": "mon_mi_go_flying",
    "sound": "\"用实验来确定其认知能力的工作仍在进行之中。\"",
    "volume": 20
  },
  {
    "type": "speech",
    "speaker": "mon_mi_go_flying",
    "sound": "\"目标迄今为止对人类的苦难完全缺乏同情。\"",
    "volume": 20
  },
  {
    "type": "speech",
    "speaker": "mon_mi_go_flying",
    "sound": "\"我得到了一张往返票。\"",
    "volume": 20
  },
  {
    "type": "speech",
    "speaker": "mon_mi_go_flying",
    "sound": "\"你母亲现在怎么样？\"",
    "volume": 20
  },
  {
    "type": "speech",
    "speaker": "mon_mi_go_flying",
    "sound": "\"你父亲现在怎么样？\"",
    "volume": 20
  },
  {
    "type": "speech",
    "speaker": "mon_mi_go_flying",
    "sound": "\"我爱你。\"",
    "volume": 20
  },
  {
    "type": "speech",
    "speaker": "mon_mi_go_flying",
    "sound": "\"我也爱你！\"",
    "volume": 20
  },
  {
    "type": "speech",
    "speaker": "mon_mi_go_flying",
    "sound": "\"一点就行了。\"",
    "volume": 20
  },
  {
    "type": "speech",
    "speaker": "mon_mi_go_flying",
    "sound": "\"距离周末只有几天了。\"",
    "volume": 20
  },
  {
    "type": "speech",
    "speaker": "mon_mi_go_flying",
    "sound": "\"你抽烟吗？\"",
    "volume": 20
  },
  {
    "type": "speech",
    "speaker": "mon_mi_go_flying",
    "sound": "\"你是新来的吧，不是么？\"",
    "volume": 20
  },
  {
    "type": "speech",
    "speaker": "mon_mi_go_flying",
    "sound": "\"你喜欢这里吗？\"",
    "volume": 20
  },
  {
    "type": "speech",
    "speaker": "mon_mi_go_flying",
    "sound": "\"这个不会很疼。\"",
    "volume": 20
  },
  {
    "type": "speech",
    "speaker": "mon_mi_go_flying",
    "sound": "\"那是很久以前了。\"",
    "volume": 20
  },
  {
    "type": "speech",
    "speaker": "mon_mi_go_flying",
    "sound": "\"它吓到你了吗？\"",
    "volume": 20
  },
  {
    "type": "speech",
    "speaker": "mon_mi_go_flying",
    "sound": "\"别担心，它不会伤害我们的。\"",
    "volume": 20
  },
  {
    "type": "speech",
    "speaker": "mon_mi_go_flying",
    "sound": "\"你到底在害怕什么？\"",
    "volume": 20
  },
  {
    "type": "speech",
    "speaker": "mon_mi_go_flying",
    "sound": "\"还有别的吗？\"",
    "volume": 20
  },
  {
    "type": "speech",
    "speaker": "mon_mi_go_flying",
    "sound": "\"你认为他们是同一性别的？\"",
    "volume": 20
  },
  {
    "type": "speech",
    "speaker": "mon_mi_go_flying",
    "sound": "\"它们到底有没有性别？\"",
    "volume": 20
  },
  {
    "type": "speech",
    "speaker": "mon_mi_go_flying",
    "sound": "\"我能查看下你手机吗？\"",
    "volume": 20
  },
  {
    "type": "speech",
    "speaker": "mon_mi_go_flying",
    "sound": "\"你能借我点小钱吗？\"",
    "volume": 20
  },
  {
    "type": "speech",
    "speaker": "mon_mi_go_flying",
    "sound": "\"你现在忙不？\"",
    "volume": 20
  },
  {
    "type": "speech",
    "speaker": "mon_mi_go_flying",
    "sound": "\"过会你忙吗？\"",
    "volume": 20
  },
  {
    "type": "speech",
    "speaker": "mon_mi_go_flying",
    "sound": "\"今晚你忙吗？\"",
    "volume": 20
  },
  {
    "type": "speech",
    "speaker": "mon_mi_go_flying",
    "sound": "\"你今晚有空吗？\"",
    "volume": 20
  },
  {
    "type": "speech",
    "speaker": "mon_mi_go_flying",
    "sound": "\"今晚你去派对吗？\"",
    "volume": 20
  },
  {
    "type": "speech",
    "speaker": "mon_mi_go_flying",
    "sound": "\"你打算帮助他们？\"",
    "volume": 20
  },
  {
    "type": "speech",
    "speaker": "mon_mi_go_flying",
    "sound": "\"你独自一人？\"",
    "volume": 20
  },
  {
    "type": "speech",
    "speaker": "mon_mi_go_flying",
    "sound": "\"你饿吗？\"",
    "volume": 20
  },
  {
    "type": "speech",
    "speaker": "mon_mi_go_flying",
    "sound": "\"我饿了。\"",
    "volume": 20
  },
  {
    "type": "speech",
    "speaker": "mon_mi_go_flying",
    "sound": "\"继续。\"",
    "volume": 20
  },
  {
    "type": "speech",
    "speaker": "mon_mi_go_flying",
    "sound": "\"祝你愉快。\"",
    "volume": 20
  },
  {
    "type": "speech",
    "speaker": "mon_mi_go_flying",
    "sound": "\"你吃了吗？\"",
    "volume": 20
  },
  {
    "type": "speech",
    "speaker": "mon_mi_go_flying",
    "sound": "\"明天会下雨吗？\"",
    "volume": 20
  },
  {
    "type": "speech",
    "speaker": "mon_mi_go_flying",
    "sound": "\"好吧。\"",
    "volume": 20
  },
  {
    "type": "speech",
    "speaker": "mon_mi_go_flying",
    "sound": "\"好的。\"",
    "volume": 20
  },
  {
    "type": "speech",
    "speaker": "mon_mi_go_flying",
    "sound": "\"好极了。.\"",
    "volume": 20
  },
  {
    "type": "speech",
    "speaker": "mon_mi_go_flying",
    "sound": "\"太棒了。\"",
    "volume": 20
  },
  {
    "type": "speech",
    "speaker": "mon_mi_go_flying",
    "sound": "\"见鬼。\"",
    "volume": 20
  },
  {
    "type": "speech",
    "speaker": "mon_mi_go_flying",
    "sound": "\"见鬼！\"",
    "volume": 40
  },
  {
    "type": "speech",
    "speaker": "mon_mi_go_flying",
    "sound": "\"妈的。\"",
    "volume": 20
  },
  {
    "type": "speech",
    "speaker": "mon_mi_go_flying",
    "sound": "\"妈的！\"",
    "volume": 40
  },
  {
    "type": "speech",
    "speaker": "mon_mi_go_flying",
    "sound": "\"操。\"",
    "volume": 20
  },
  {
    "type": "speech",
    "speaker": "mon_mi_go_flying",
    "sound": "\"我去。\"",
    "volume": 20
  },
  {
    "type": "speech",
    "speaker": "mon_mi_go_flying",
    "sound": "\"操!\"",
    "volume": 40
  },
  {
    "type": "speech",
    "speaker": "mon_mi_go_flying",
    "sound": "\"我去！\"",
    "volume": 40
  },
  {
    "type": "speech",
    "speaker": "mon_mi_go_flying",
    "sound": "\"该死的废物。\"",
    "volume": 30
  },
  {
    "type": "speech",
    "speaker": "mon_mi_go_flying",
    "sound": "\"我需要一件新实验服。\"",
    "volume": 20
  },
  {
    "type": "speech",
    "speaker": "mon_mi_go_flying",
    "sound": "\"好极了。\"",
    "volume": 20
  },
  {
    "type": "speech",
    "speaker": "mon_mi_go_flying",
    "sound": "\"抱歉。\"",
    "volume": 20
  },
  {
    "type": "speech",
    "speaker": "mon_mi_go_flying",
    "sound": "\"继续。\"",
    "volume": 20
  },
  {
    "type": "speech",
    "speaker": "mon_mi_go_flying",
    "sound": "\"早上好。\"",
    "volume": 20
  },
  {
    "type": "speech",
    "speaker": "mon_mi_go_flying",
    "sound": "\"下午好。\"",
    "volume": 20
  },
  {
    "type": "speech",
    "speaker": "mon_mi_go_flying",
    "sound": "\"晚上好。\"",
    "volume": 20
  },
  {
    "type": "speech",
    "speaker": "mon_mi_go_flying",
    "sound": "\"晚安。\"",
    "volume": 20
  },
  {
    "type": "speech",
    "speaker": "mon_mi_go_flying",
    "sound": "\"祝你好运。\"",
    "volume": 20
  },
  {
    "type": "speech",
    "speaker": "mon_mi_go_flying",
    "sound": "\"需要帮忙么？\"",
    "volume": 20
  },
  {
    "type": "speech",
    "speaker": "mon_mi_go_flying",
    "sound": "\"看见其他人了么？\"",
    "volume": 20
  },
  {
    "type": "speech",
    "speaker": "mon_mi_go_flying",
    "sound": "\"别在意。\"",
    "volume": 20
  },
  {
    "type": "speech",
    "speaker": "mon_mi_go_flying",
    "sound": "\"你两在一起多久了？\"",
    "volume": 20
  },
  {
    "type": "speech",
    "speaker": "mon_mi_go_flying",
    "sound": "\"等会联系我。\"",
    "volume": 20
  },
  {
    "type": "speech",
    "speaker": "mon_mi_go_flying",
    "sound": "\"联系我。\"",
    "volume": 20
  },
  {
    "type": "speech",
    "speaker": "mon_mi_go_flying",
    "sound": "\"一直以来。\"",
    "volume": 20
  },
  {
    "type": "speech",
    "speaker": "mon_mi_go_flying",
    "sound": "\"我们这有很严重的情况。\"",
    "volume": 20
  },
  {
    "type": "speech",
    "speaker": "mon_mi_go_flying",
    "sound": "\"叫警察。\"",
    "volume": 20
  },
  {
    "type": "speech",
    "speaker": "mon_mi_go_flying",
    "sound": "\"叫救护车。\"",
    "volume": 20
  },
  {
    "type": "speech",
    "speaker": "mon_mi_go_flying",
    "sound": "\"替我接转白宫。\"",
    "volume": 20
  },
  {
    "type": "speech",
    "speaker": "mon_mi_go_flying",
    "sound": "\"你没事吧？\"",
    "volume": 20
  },
  {
    "type": "speech",
    "speaker": "mon_mi_go_flying",
    "sound": "\"我想我还活着。\"",
    "volume": 20
  },
  {
    "type": "speech",
    "speaker": "mon_mi_go_flying",
    "sound": "\"我觉得我病了。\"",
    "volume": 20
  },
  {
    "type": "speech",
    "speaker": "mon_mi_go_flying",
    "sound": "\"一切都还好吗？\"",
    "volume": 20
  },
  {
    "type": "speech",
    "speaker": "mon_mi_go_flying",
    "sound": "\"我很好，没事。\"",
    "volume": 20
  },
  {
    "type": "speech",
    "speaker": "mon_mi_go_flying",
    "sound": "\"只是抓了一下。\"",
    "volume": 20
  },
  {
    "type": "speech",
    "speaker": "mon_mi_go_flying",
    "sound": "\"我的脑袋要裂开了。\"",
    "volume": 20
  },
  {
    "type": "speech",
    "speaker": "mon_mi_go_flying",
    "sound": "\"我很好。\"",
    "volume": 20
  },
  {
    "type": "speech",
    "speaker": "mon_mi_go_flying",
    "sound": "\"你确定？\"",
    "volume": 20
  },
  {
    "type": "speech",
    "speaker": "mon_mi_go_flying",
    "sound": "\"确实。\"",
    "volume": 20
  },
  {
    "type": "speech",
    "speaker": "mon_mi_go_flying",
    "sound": "\"遵命！\"",
    "volume": 20
  },
  {
    "type": "speech",
    "speaker": "mon_mi_go_flying",
    "sound": "\"不行！\"",
    "volume": 20
  },
  {
    "type": "speech",
    "speaker": "mon_mi_go_flying",
    "sound": "\"抱歉。\"",
    "volume": 20
  },
  {
    "type": "speech",
    "speaker": "mon_mi_go_flying",
    "sound": "\"生日快乐！\"",
    "volume": 40
  },
  {
    "type": "speech",
    "speaker": "mon_mi_go_flying",
    "sound": "\"你去过加利福尼亚吗？\"",
    "volume": 20
  },
  {
    "type": "speech",
    "speaker": "mon_mi_go_flying",
    "sound": "\"你什么时候下班？\"",
    "volume": 20
  },
  {
    "type": "speech",
    "speaker": "mon_mi_go_flying",
    "sound": "\"我们以后应该去打靶场练练。\"",
    "volume": 20
  },
  {
    "type": "speech",
    "speaker": "mon_mi_go_flying",
    "sound": "\"我工作完之后要去游泳池。\"",
    "volume": 20
  },
  {
    "type": "speech",
    "speaker": "mon_mi_go_flying",
    "sound": "\"旅途愉快。\"",
    "volume": 20
  },
  {
    "type": "speech",
    "speaker": "mon_mi_go_flying",
    "sound": "\"你从哪里来？\"",
    "volume": 20
  },
  {
    "type": "speech",
    "speaker": "mon_mi_go_flying",
    "sound": "\"你等了很久了？\"",
    "volume": 20
  },
  {
    "type": "speech",
    "speaker": "mon_mi_go_flying",
    "sound": "\"你以前干过这个吗？\"",
    "volume": 20
  },
  {
    "type": "speech",
    "speaker": "mon_mi_go_flying",
    "sound": "\"你好。\"",
    "volume": 20
  },
  {
    "type": "speech",
    "speaker": "mon_mi_go_flying",
    "sound": "\"救命！\"",
    "volume": 40
  },
  {
    "type": "speech",
    "speaker": "mon_mi_go_flying",
    "sound": "\"在这儿啊。\"",
    "volume": 20
  },
  {
    "type": "speech",
    "speaker": "mon_mi_go_flying",
    "sound": "\"我明天有家人要来。\"",
    "volume": 20
  },
  {
    "type": "speech",
    "speaker": "mon_mi_go_flying",
    "sound": "\"这个怎么用？\"",
    "volume": 20
  },
  {
    "type": "speech",
    "speaker": "mon_mi_go_flying",
    "sound": "\"你怎么知道？\"",
    "volume": 20
  },
  {
    "type": "speech",
    "speaker": "mon_mi_go_flying",
    "sound": "\"你在这多久了？\"",
    "volume": 20
  },
  {
    "type": "speech",
    "speaker": "mon_mi_go_flying",
    "sound": "\"你会多少种语言？\"",
    "volume": 20
  },
  {
    "type": "speech",
    "speaker": "mon_mi_go_flying",
    "sound": "\"有多少人？\"",
    "volume": 20
  },
  {
    "type": "speech",
    "speaker": "mon_mi_go_flying",
    "sound": "\"这些耳环多少钱？\"",
    "volume": 20
  },
  {
    "type": "speech",
    "speaker": "mon_mi_go_flying",
    "sound": "\"我欠你多少？",
    "volume": 20
  },
  {
    "type": "speech",
    "speaker": "mon_mi_go_flying",
    "sound": "\"它值多少钱？\"",
    "volume": 20
  },
  {
    "type": "speech",
    "speaker": "mon_mi_go_flying",
    "sound": "\"你想要多少？\"",
    "volume": 20
  },
  {
    "type": "speech",
    "speaker": "mon_mi_go_flying",
    "sound": "\"你多大了？\"",
    "volume": 20
  },
  {
    "type": "speech",
    "speaker": "mon_mi_go_flying",
    "sound": "\"它多高？\"",
    "volume": 20
  },
  {
    "type": "speech",
    "speaker": "mon_mi_go_flying",
    "sound": "\"电影怎么样？\"",
    "volume": 20
  },
  {
    "type": "speech",
    "speaker": "mon_mi_go_flying",
    "sound": "\"你的旅行怎么样？\"",
    "volume": 20
  },
  {
    "type": "speech",
    "speaker": "mon_mi_go_flying",
    "sound": "\"怎么样了？\"",
    "volume": 20
  },
  {
    "type": "speech",
    "speaker": "mon_mi_go_flying",
    "sound": "\"后会有期！\"",
    "volume": 20
  },
  {
    "type": "speech",
    "speaker": "mon_mi_go_flying",
    "sound": "\"今晚见！\"",
    "volume": 20
  },
  {
    "type": "speech",
    "speaker": "mon_mi_go_flying",
    "sound": "\"我前几天得了奇怪的皮疹。\"",
    "volume": 20
  },
  {
    "type": "speech",
    "speaker": "mon_mi_go_flying",
    "sound": "\"让我们看看。\"",
    "volume": 20
  },
  {
    "type": "speech",
    "speaker": "mon_mi_go_flying",
    "sound": "\"你什么时候发现的？\"",
    "volume": 20
  },
  {
    "type": "speech",
    "speaker": "mon_mi_go_flying",
    "sound": "\"七点整。\"",
    "volume": 20
  },
  {
    "type": "speech",
    "speaker": "mon_mi_go_flying",
    "sound": "\"没有人会来帮助我们。\"",
    "volume": 20
  },
  {
    "type": "speech",
    "speaker": "mon_mi_go_flying",
    "sound": "\"我们只能靠自己。\"",
    "volume": 20
  },
  {
    "type": "speech",
    "speaker": "mon_mi_go_flying",
    "sound": "\"我们完了。\"",
    "volume": 20
  },
  {
    "type": "speech",
    "speaker": "mon_mi_go_flying",
    "sound": "\"我们要各分两组。\"",
    "volume": 20
  },
  {
    "type": "speech",
    "speaker": "mon_mi_go_flying",
    "sound": "\"它不可能跟着我们所有的人。\"",
    "volume": 20
  },
  {
    "type": "speech",
    "speaker": "mon_mi_go_flying",
    "sound": "\"外出小心。\"",
    "volume": 20
  },
  {
    "type": "speech",
    "speaker": "mon_mi_go_flying",
    "sound": "\"你在这儿啊。\"",
    "volume": 20
  },
  {
    "type": "speech",
    "speaker": "mon_mi_go_flying",
    "sound": "\"我到处找你呢。\"",
    "volume": 20
  },
  {
    "type": "speech",
    "speaker": "mon_mi_go_flying",
    "sound": "\"它在找我们。\"",
    "volume": 20
  },
  {
    "type": "speech",
    "speaker": "mon_mi_go_flying",
    "sound": "\"它比我们快。\"",
    "volume": 20
  },
  {
    "type": "speech",
    "speaker": "mon_mi_go_flying",
    "sound": "\"它正看着我们。\"",
    "volume": 20
  },
  {
    "type": "speech",
    "speaker": "mon_mi_go_flying",
    "sound": "\"它正在向我们这边过来！\"",
    "volume": 40
  },
  {
    "type": "speech",
    "speaker": "mon_mi_go_flying",
    "sound": "\"你会游泳吗？\"",
    "volume": 20
  },
  {
    "type": "speech",
    "speaker": "mon_mi_go_flying",
    "sound": "\"别那样做！\"",
    "volume": 20
  },
  {
    "type": "speech",
    "speaker": "mon_mi_go_flying",
    "sound": "\"你听到了吗？\"",
    "volume": 10
  },
  {
    "type": "speech",
    "speaker": "mon_mi_go_flying",
    "sound": "\"安静！\"",
    "volume": 10
  },
  {
    "type": "speech",
    "speaker": "mon_mi_go_flying",
    "sound": "\"小心！\"",
    "volume": 40
  },
  {
    "type": "speech",
    "speaker": "mon_mi_go_flying",
    "sound": "\"跑！\"",
    "volume": 40
  },
  {
    "type": "speech",
    "speaker": "mon_mi_go_flying",
    "sound": "\"快点！\"",
    "volume": 40
  },
  {
    "type": "speech",
    "speaker": "mon_mi_go_flying",
    "sound": "\"不！\"",
    "volume": 50
  },
  {
    "type": "speech",
    "speaker": "mon_mi_go_flying",
    "sound": "\"我永远不会忘记你的。\"",
    "volume": 20
  },
  {
    "type": "speech",
    "speaker": "mon_mi_go_flying",
    "sound": "\"拿着这把枪，我们可能会用到。\"",
    "volume": 20
  },
  {
    "type": "speech",
    "speaker": "mon_mi_go_flying",
    "sound": "\"我们怎么出去？\"",
    "volume": 20
  },
  {
    "type": "speech",
    "speaker": "mon_mi_go_flying",
    "sound": "\"这地方像个迷宫。\"",
    "volume": 20
  },
  {
    "type": "speech",
    "speaker": "mon_mi_go_flying",
    "sound": "\"天哪！我是唯一剩下的。\"",
    "volume": 20
  },
  {
    "type": "speech",
    "speaker": "mon_mi_go_flying",
    "sound": "\"求求你，我不想死。\"",
    "volume": 20
  },
  {
    "type": "speech",
    "speaker": "mon_mi_go_flying",
    "sound": "\"妈妈。\"",
    "volume": 10
  },
  {
    "type": "speech",
    "speaker": "mon_mi_go_flying",
    "sound": "\"妈妈，我想你了。\"",
    "volume": 10
  },
  {
    "type": "speech",
    "speaker": "mon_mi_go_flying",
    "sound": "\"求你了，上帝啊。\"",
    "volume": 5
  },
  {
    "type": "speech",
    "speaker": "mon_mi_go_flying",
    "sound": "潺潺的水声。",
    "volume": 10
  },
  {
    "type": "speech",
    "speaker": "mon_mi_go_flying",
    "sound": "咳嗽声。",
    "volume": 10
  },
  {
    "type": "speech",
    "speaker": "mon_mi_go_flying",
    "sound": "啪的一响。",
    "volume": 20
  },
  {
    "type": "speech",
    "speaker": "mon_mi_go_flying",
    "sound": "哔哔的声音。",
    "volume": 20
  },
  {
    "type": "speech",
    "speaker": "mon_mi_go_flying",
    "sound": "巨大的哔哔声。",
    "volume": 30
  },
  {
    "type": "speech",
    "speaker": "mon_mi_go_flying",
    "sound": "非常大的哔哔声。",
    "volume": 40
  },
  {
    "type": "speech",
    "speaker": "mon_mi_go_flying",
    "sound": "响亮的嘶嘶声。",
    "volume": 30
  },
  {
    "type": "speech",
    "speaker": "mon_mi_go_flying",
    "sound": "响亮的噼啪声。",
    "volume": 30
  },
  {
    "type": "speech",
    "speaker": "mon_mi_go_flying",
    "sound": "枪声！",
    "volume": 90
  },
  {
    "type": "speech",
    "speaker": "mon_mi_go_flying",
    "sound": "高音喇叭声！",
    "volume": 90
  },
  {
    "type": "speech",
    "speaker": "mon_mi_go_flying",
    "sound": "\"警报！ 警报！!\"",
    "volume": 70
  }
]
