[
	{
		"type":"item_group",
		"id":"child_items",
		"copy_from":"child_items",
		"items":[
      ["chocolate", 50],
      ["candy", 60],
      ["candy2", 60],
      ["candy3", 60],
      ["maple_candy", 10],
      ["toastem", 10],
      ["toastem2", 10],
      ["toastem3", 12],
      ["powder_candy", 40],
      ["neccowafers", 50],
      ["maltballs", 50],
      ["cookies", 80],
      ["crack", 8],
      ["bat", 60],
      ["purple_drink", 12],
      ["cola", 6],
      ["creamsoda", 6],
      ["lemonlime", 6],
      ["orangesoda", 5],
      ["crispycran", 12],
      ["colamdew", 8],
      { "item": "cola", "prob": 6, "container-item": "bottle_plastic" },
      { "item": "creamsoda", "prob": 6, "container-item": "bottle_plastic" },
      { "item": "lemonlime", "prob": 6, "container-item": "bottle_plastic" },
      { "item": "orangesoda", "prob": 5, "container-item": "bottle_plastic" },
      { "item": "colamdew", "prob": 7, "container-item": "bottle_plastic" },
      { "item": "cola", "prob": 4, "container-item": "bottle_twoliter" },
      { "item": "creamsoda", "prob": 4, "container-item": "bottle_twoliter" },
      { "item": "lemonlime", "prob": 4, "container-item": "bottle_twoliter" },
      { "item": "orangesoda", "prob": 3, "container-item": "bottle_twoliter" },
      { "item": "colamdew", "prob": 5, "container-item": "bottle_twoliter" },
      ["backpack", 38],
      ["slingpack", 19],
      ["pockknife", 14],
      ["knife_swissarmy", 10],
      ["hairpin", 5],
      ["fc_hairpin", 1],
      ["wristwatch", 10],
      ["umbrella", 5],
      ["teleumbrella", 2],
      ["novel_coa", 10],
      ["novel_coa2", 10],
      ["child_book", 50],
      ["manual_dodge_kid", 20],
      ["tall_tales", 20],
      ["story_book", 4],
      ["novel_pulp", 16],
      ["fairy_tales", 20],
      ["mag_comic", 20],
	  ["mag_comic_rwby", 5],
      ["candycigarette", 10],
      ["radio_car_box", 1],
      ["basketball", 8],
      ["radiocontrol", 5],
      ["whistle", 3],
      ["slingshot", 10],
      ["dnd_handbook", 1],
      ["milkshake_fastfood", 3]
    ]
	},
	  {
    "id": "magazines",
	"copy_from":"magazines",
    "type": "item_group",
    "items": [
      [ "mag_tv", 40 ],
      [ "mag_dude", 40 ],
      [ "mag_beauty", 50 ],
      [ "mag_glam", 60 ],
      [ "mag_barter", 35 ],
      [ "mag_computer", 35 ],
      [ "mag_electronics", 35 ],
      [ "mag_mechanics", 35 ],
      [ "mag_survival", 40 ],
      [ "mag_traps", 20 ],
      [ "fun_survival", 10 ],
      [ "mag_bashing", 10 ],
      [ "mag_cutting", 10 ],
      [ "mag_stabbing", 10 ],
      [ "mag_melee", 10 ],
      [ "mag_unarmed", 20 ],
      [ "mag_launcher", 10 ],
      [ "mag_pistol", 15 ],
      [ "mag_rifle", 20 ],
      [ "mag_shotgun", 20 ],
      [ "mag_smg", 10 ],
      [ "mag_news", 35 ],
      [ "mag_cars", 40 ],
      [ "mag_cooking", 30 ],
      [ "months_old_newspaper", 1 ],
      [ "weeks_old_newspaper", 4 ],
      [ "newest_newspaper", 10 ],
      [ "recipe_augs", 4 ],
      [ "textbook_anarch", 1 ],
      [ "decoy_anarch", 10 ],
      [ "news_regional", 15 ],
      [ "novel_romance", 30 ],
      [ "novel_spy", 28 ],
      [ "novel_satire", 15 ],
      [ "novel_sports", 22 ],
      [ "novel_samurai", 22 ],
      [ "novel_swash", 14 ],
      [ "novel_western", 22 ],
      [ "novel_war", 18 ],
      [ "novel_war2", 18 ],
      [ "atomic_survival", 1 ],
      [ "novel_adventure", 14 ],
      [ "novel_experimental", 1 ],
      [ "novel_road", 10 ],
      [ "novel_buddy", 12 ],
      [ "novel_thriller", 18 ],
      [ "novel_coa", 10 ],
      [ "novel_coa2", 10 ],
      [ "novel_crime", 20 ],
      [ "novel_crime2", 20 ],
      [ "mag_carpentry", 30 ],
      [ "mag_comic", 20 ],
	  ["mag_comic_rwby",5],
      [ "mag_animecon", 10 ],
      [ "mag_guns", 20 ],
      [ "mag_archery", 20 ],
      [ "manual_archery", 7 ],
      [ "book_archery", 12 ],
      [ "novel_horror", 18 ],
      [ "novel_tragedy", 8 ],
      [ "novel_mystery", 25 ],
      [ "novel_fantasy", 20 ],
      [ "novel_erotic", 4 ],
      [ "poetry_book", 10 ],
      [ "jewelry_book", 4 ],
      [ "philosophy_book", 2 ],
      [ "essay_book", 6 ],
      [ "plays_book", 8 ],
      [ "mag_dodge", 20 ],
      [ "mag_comic", 20 ],
	  ["mag_comic_rwby",5],
      [ "mag_throwing", 20 ],
      [ "mag_gaming", 20 ],
      [ "mag_swimming", 10 ],
      [ "flyer", 10 ],
      [ "mag_fabrication", 30 ],
      [ "mag_tailor", 25 ],
      [ "trailmap", 10 ],
      [ "survnote", 1 ]
    ]
  },
  {
    "type" : "item_group",
    "id" : "hospital_bed",
	"copy_from":"hospital_bed",
    "items":[
      ["corpse", 10],
      ["child_book", 5],
      ["stethoscope", 20],
      ["tall_tales", 10],
      ["story_book", 5],
      ["novel_pulp", 16],
      ["fairy_tales", 10],
      ["atomic_light", 1],
      ["news_regional", 4],
      ["months_old_newspaper", 4],
      ["weeks_old_newspaper", 5],
      ["newest_newspaper", 6],
      ["mag_tv", 20],
      ["mag_dude", 20],
      ["mag_glam", 20],
      ["mag_beauty", 10],
      ["mag_news", 25],
      ["mag_comic", 10],
	  ["mag_comic_rwby",3],
      ["mag_porn", 5],
      ["hairpin", 5],
      ["purse", 30],
      ["mp3", 15],
      ["portable_game", 10],
      ["game_watch", 2],
      ["laptop", 5],
      ["fish_bowl", 1],
      ["glasses_eye", 30],
      ["contacts", 15],
      ["sunglasses", 30],
      ["fitover_sunglasses", 20],
      ["fancy_sunglasses", 5],
      ["glasses_reading", 30],
      ["shavingkit", 20],
      ["elec_hairtrimmer", 10],
      ["glasses_bifocal", 30],
      ["tailor_portfolio", 3],
      ["house_coat", 20],
      ["gloves_medical", 50],
      ["disinfectant", 35],
      ["aspirin", 40],
      ["vaccine_shot", 5],
      ["flu_shot", 2],
      ["blanket", 50],
      ["down_blanket", 10],
      ["pillow", 50],
      ["down_pillow", 15],
      ["smoxygen_tank", 10],
      ["antiparasitic", 3],
      ["diazepam", 3],
      ["recipe_augs", 3],
      ["holybook_bible1", 4],
      ["holybook_bible2", 3],
      ["holybook_bible3", 6],
      ["holybook_quran", 3],
      ["holybook_hadith", 3],
      ["holybook_talmud", 2],
      ["holybook_tanakh", 2],
      ["holybook_vedas", 3],
      ["holybook_upanishads", 3],
      ["holybook_tripitaka", 3],
      ["holybook_sutras", 3],
      ["holybook_granth", 2],
      ["holybook_mormon", 1],
      ["holybook_kojiki", 1],
      ["holybook_havamal", 1],
      ["holybook_pastafarian", 1],
      ["holybook_slack", 1],
      ["holybook_kallisti", 1],
      ["holybook_scientology", 1],
      ["recipe_medicalmut", 1],
      ["survnote", 1],
      ["tourist_table", 1],
      ["thermos", 10]
    ]
  },
   {
    "id": "school",
    "copy_from": "school",
    "type": "item_group",
    "items": [
      [ "glasses_reading", 90 ],
      [ "purse", 40 ],
      [ "mbag", 20 ],
      [ "battery", 50 ],
      [ "mag_news", 35 ],
      [ "file", 20 ],
      [ "manual_computers", 20 ],
      [ "howto_computer", 20 ],
      [ "glassblowing_book", 4 ],
      [ "mag_electronics", 35 ],
      [ "manual_fabrication", 30 ],
      [ "usb_drive", 5 ],
      [ "mag_tv", 40 ],
      [ "mag_dude", 40 ],
      [ "mag_glam", 40 ],
      [ "mag_beauty", 30 ],
      [ "mask_hockey", 10 ],
      [ "hockey_stick", 20 ],
      [ "puck", 20 ],
      [ "jersey", 40 ],
      [ "baseball", 20 ],
      [ "manual_mechanics", 35 ],
      [ "manual_speech", 50 ],
      [ "manual_business", 40 ],
      [ "manual_first_aid", 40 ],
      [ "manual_computers", 20 ],
      [ "mag_tailor", 10 ],
      [ "mag_animecon", 5 ],
      [ "cookbook", 35 ],
      [ "mask_guy_fawkes", 5 ],
      [ "cookbook_italian", 25 ],
      [ "manual_electronics", 20 ],
      [ "decoy_elfa", 5 ],
      [ "manual_tailor", 15 ],
      [ "manual_carpentry", 10 ],
      [ "101_carpentry", 10 ],
      [ "mag_mechanics", 35 ],
      [ "manual_driving", 20 ],
      [ "textbook_speech", 12 ],
      [ "novel_romance", 30 ],
      [ "novel_spy", 28 ],
      [ "novel_satire", 15 ],
      [ "novel_sports", 22 ],
      [ "novel_samurai", 22 ],
      [ "novel_swash", 14 ],
      [ "novel_western", 22 ],
      [ "novel_war", 18 ],
      [ "novel_war2", 18 ],
      [ "atomic_survival", 1 ],
      [ "novel_adventure", 14 ],
      [ "novel_experimental", 1 ],
      [ "novel_road", 10 ],
      [ "novel_buddy", 12 ],
      [ "novel_thriller", 18 ],
      [ "novel_coa", 10 ],
      [ "novel_coa2", 10 ],
      [ "novel_crime", 20 ],
      [ "novel_crime2", 20 ],
      [ "novel_scifi", 20 ],
      [ "novel_drama", 40 ],
      [ "novel_mystery", 25 ],
      [ "novel_fantasy", 20 ],
      [ "novel_erotic", 4 ],
      [ "poetry_book", 10 ],
      [ "jewelry_book", 8 ],
      [ "philosophy_book", 2 ],
      [ "essay_book", 6 ],
      [ "plays_book", 8 ],
      [ "novel_horror", 18 ],
      [ "novel_tragedy", 8 ],
      [ "ZSG", 2 ],
      [ "chocolate", 50 ],
      [ "cookies", 50 ],
      [ "candy", 60 ],
      [ "candy2", 60 ],
      [ "candy3", 60 ],
      [ "maple_candy", 2 ],
      [ "powder_candy", 40 ],
      [ "neccowafers", 60 ],
      [ "mintpatties", 60 ],
      [ "backpack", 38 ],
      [ "backpack_leather", 18 ],
      [ "slingpack", 18 ],
      [ "briefcase", 5 ],
      [ "pockknife", 14 ],
      [ "knife_swissarmy", 10 ],
      [ "mag_comic", 20 ],
	  ["mag_comic_rwby",5],
      [ "umbrella", 5 ],
      [ "teleumbrella", 2 ],
      [ "football_armor", 5 ],
      [ "helmet_football", 5 ],
      [ "mouthpiece", 5 ],
      [ "football", 5 ],
      [ "roller_blades", 20 ],
      [ "rollerskates", 10 ],
      [ "rollerskates", 10 ],
      [ "survnote", 3 ],
      [ "radio_car_box", 3 ],
      [ "radiocontrol", 10 ],
      [ "scots_cookbook", 1 ],
      [ "eclipse_glasses", 1 ],
      [ "dnd_handbook", 1 ]
    ]
  },
  {
    "type" : "item_group",
    "id" : "lab_dorm",
    "copy_from" : "lab_dorm",
    "items":[
      ["inhaler", 14],
      ["eyedrops", 20],
      ["clock", 10],
      ["cig", 90],
      ["chaw", 20],
      ["cigar", 5],
      ["ecig", 10],
      ["advanced_ecig", 8],
      ["nicotine_liquid", 8],
      ["pipe_tobacco", 5],
      ["tobacco", 5],
      ["weed", 10],
      ["joint", 10],
      ["seed_weed", 15],
      ["seed_tobacco", 5],
      ["rolling_paper", 5],
      ["pipe_glass", 5],
      ["coke", 8],
      ["meth", 2],
      ["heroin", 1],
      ["sneakers", 40],
      ["mask_hockey", 5],
      ["mask_guy_fawkes", 5],
      ["scarf_long", 15],
      ["jersey", 20],
      ["coat_lab", 40],
      ["boots_steel", 5],
      ["socks", 70],
      ["mocassins", 20],
      ["bandana", 35],
      ["glasses_eye", 90],
      ["sunglasses", 20],
      ["fancy_sunglasses", 5],
      ["fitover_sunglasses", 10],
      ["glasses_reading", 90],
      ["glasses_bifocal", 90],
      ["towel", 40],
      ["hat_ball", 30],
      ["briefcase", 50],
      ["purse", 40],
      ["mbag", 20],
      ["fanny", 10],
      ["battery", 50],
      ["bb", 8],
      ["bbgun", 10],
      ["fan", 10],
      ["file", 30],
      ["mag_porn", 20],
      ["photo_album", 5],
      ["mag_tv", 40],
      ["mag_dude", 40],
      ["mag_glam", 40],
      ["mag_beauty", 30],
      ["mag_gaming", 20],
      ["mag_news", 35],
      ["mag_firstaid", 10],
      ["mag_comic", 20],
      ["mag_comic_rwby", 5],
      ["novel_romance", 30],
      ["novel_drama", 40],
      ["novel_mystery", 25],
      ["ZSG", 5],
      ["manual_mechanics", 35],
      ["manual_fabrication", 12],
      ["manual_speech", 50],
      ["manual_business", 40],
      ["manual_computers", 20],
      ["novel_western", 16],
      ["novel_pulp", 16],
      ["tailor_portfolio", 1],
      ["recipe_alpha", 1],
      ["recipe_serum", 4],
      ["recipe_animal", 4],
      ["recipe_raptor", 1],
      ["recipe_labchem", 1],
      ["textbook_anarch", 1],
      ["recipe_caseless", 1],
      ["laptop", 30],
      ["atomic_light", 3],
      ["atomic_lamp", 3],
      ["cell_phone", 20],
      ["smart_phone", 40],
      ["eink_tablet_pc", 15],
      ["mobile_memory_card", 40],
      ["mobile_memory_card_science", 10],
      ["standard_template_construct", 5],
      ["camera", 15],
      ["camera_pro", 5],
      ["lighter", 50],
      ["ref_lighter", 4],
      ["matches", 60],
      ["sewing_kit", 30],
      ["tailors_kit", 20],
      ["thread", 40],
      ["scissors", 50],
      ["soldering_iron", 70],
      ["solder_wire", 70],
      ["radio", 20],
      ["syringe", 8],
      ["mp3", 18],
      ["portable_game", 8],
      ["game_watch", 2],
      ["vibrator", 6],
      ["usb_drive", 8],
      ["firecracker_pack", 1],
      ["firecracker", 1],
      ["fried_seeds", 10],
      ["chips", 65],
      ["cola", 70],
      ["choco_coffee_beans", 20],
      ["caffeine", 20],
      ["choc_drink", 20],
      ["cola_meth", 1],
      ["picklocks", 10],
      ["wolfsuit", 4],
      ["dinosuit", 4],
      ["jedi_cloak", 4],
      ["glowstick", 60],
      ["blanket", 10],
      ["house_coat", 25],
      ["talking_doll", 5],
      ["marble", 5],
      ["creepy_doll", 1],
      ["straw_doll", 1],
      ["wristwatch", 15],
      ["pocketwatch", 5],
      ["lsd", 1],
      ["gum", 30],
      ["caff_gum", 20],
      ["nic_gum", 5],
      ["hairpin", 5],
      ["barrette", 3],
      ["clown_suit", 1],
      ["clownshoes", 1],
      ["bondage_suit", 5],
      ["bondage_mask", 5],
      ["flask_hip", 5],
      ["corset", 15],
      ["tieclip", 3],
      ["holybook_bible1", 1],
      ["holybook_bible2", 1],
      ["holybook_quran", 1],
      ["holybook_hadith", 1],
      ["holybook_talmud", 1],
      ["holybook_tanakh", 1],
      ["holybook_vedas", 1],
      ["holybook_upanishads", 1],
      ["holybook_tripitaka", 1],
      ["holybook_sutras", 1],
      ["holybook_granth", 1],
      ["holybook_mormon", 1],
      ["holybook_kojiki", 1],
      ["holybook_havamal", 1],
      ["holybook_pastafarian", 1],
      ["holybook_slack", 1],
      ["holybook_kallisti", 1],
      ["holybook_scientology", 1],
      ["collarpin", 3],
      ["survnote", 1],
      ["magnifying_glass", 2],
      ["thermometer", 3],
      ["hygrometer", 3],
      ["barometer", 3],
      ["dnd_handbook", 2],
      ["bodypillow", 1]
    ]
  },
  {
"type" : "item_group",
"id" : "arcade_prizes",
"copy_from" : "arcade_prizes",
"items":[
      ["bbgun", 30],
      ["bb", 30],
      ["portable_game", 60],
      ["game_watch", 15],
      ["atomic_light", 1],
      ["manual_dodge_kid", 5],
      ["chocolate", 30],
      ["candy", 45],
      ["candy2", 45],
      ["candy3", 45],
      ["maple_candy", 5],
      ["toastem", 45],
      ["toastem2", 45],
      ["toastem3", 45],
      ["powder_candy", 45],
      ["neccowafers", 45],
      ["maltballs", 45],
      ["cookies", 45],
      ["bat", 15],
      ["purple_drink", 42],
      ["cola", 32],
      ["creamsoda", 42],
      ["lemonlime", 32],
      ["orangesoda", 32],
      ["crispycran", 32],
      ["colamdew", 32],
      ["backpack", 20],
      ["hairpin", 10],
      ["fc_hairpin", 4],
      ["wristwatch", 15],
      ["umbrella", 10],
      ["teleumbrella", 4],
      ["novel_coa", 30],
      ["novel_coa2", 30],
      ["child_book", 30],
      ["tall_tales", 30],
      ["story_book", 30],
      ["novel_pulp", 30],
      ["fairy_tales", 30],
      ["mag_comic", 30],
      ["mag_comic_rwby", 6],
      ["candycigarette", 45],
      ["folding_bicycle", 3],
      ["sunglasses", 25],
      ["cowboy_hat", 25],
      ["mp3", 35],
      ["wolfsuit", 5],
      ["dinosuit", 5],
      ["gum", 10],
      ["talking_doll", 11],
      ["marble", 15],
      ["creepy_doll", 1],
      ["jedi_cloak", 5],
      ["glowstick", 15],
      ["clown_suit", 5],
      ["clownshoes", 5],
      ["l-stick", 1]
    ]
  },
  {
    "type" : "item_group",
    "id" : "army_personal_locker",
    "copy_from" : "army_personal_locker",
    "items" : [
      ["jumpsuit", 40],
      ["pants_army", 70],
      ["jacket_army", 70],
      ["socks", 40],
      ["winter_pants_army", 20],
      ["winter_jacket_army", 20],
      ["winter_gloves_army", 20],
      ["army_top", 70],
      ["battery", 40],
      {"item": "radio", "prob": 10, "charges-min": 10, "charges-max": 95 },
      ["boots_combat", 50],
      {"item": "bandages", "prob": 10, "charges-min": 1, "charges-max": 3 },
      {"item": "cig", "prob": 60, "charges-min": 1, "charges-max": 20 },
      ["knife_combat", 30],
      ["pockknife", 30],
      ["knife_folding", 20],
      ["glasses_safety", 45],
      {"item": "eyedrops", "prob": 10, "charges-min": 1, "charges-max": 10 },
      ["screwdriver", 5],
      ["glasses_eye", 30],
      ["tool_belt", 20],
      ["bra", 40],
      ["undershirt", 50],
      ["boxer_shorts", 50],
      ["briefs", 50],
      ["canteen", 40],
      ["2lcanteen", 20],
      ["camelbak", 10],
      ["rucksack", 30],
      ["heatpack", 30],
      ["sleeping_bag_roll", 20],
      ["duffelbag", 25],
      ["mil_mess_kit", 50],
      ["flashlight", 50],
      ["heavy_flashlight", 10],
      ["mag_fieldrepair", 20],
      ["mag_comic", 20],
      ["mag_comic_rwby", 5],
      ["mag_guns", 20],
      ["thermos", 15]
    ]
  },
  {
    "type" : "item_group",
    "id" : "army_bed",
    "copy_from" : "army_bed",
    "items" : [
      ["blanket", 70],
      ["pillow", 70],
      ["sheet", 70],
      ["mag_porn", 40],
      ["mag_comic", 10],
      ["mag_comic_rwby", 2],
      ["mag_guns", 10],
      ["manual_brawl", 5],
      ["manual_melee", 5],
      ["manual_knives", 5],
      ["manual_gun", 5],
      ["manual_shotgun", 5],
      ["manual_rifle", 5],
      ["manual_pistol", 5],
      ["mag_pistol", 10],
      ["mag_rifle", 10]
    ]
  },
  {
    "id": "recycle_paper",
    "copy_from": "recycle_paper",
    "type": "item_group",
    "items": [
      [ "mag_dude", 25 ],
      [ "mag_beauty", 25 ],
      [ "mag_glam", 25 ],
      [ "mag_comic", 25 ],
      [ "mag_comic_rwby", 5 ],
      [ "mag_gaming", 25 ],
      [ "mag_news", 25 ],
      [ "mag_traps", 25 ],
      [ "mag_cars", 25 ],
      [ "mag_swimming", 25 ],
      [ "mag_tv", 25 ],
      [ "mag_melee", 25 ],
      [ "mag_porn", 25 ],
      [ "ZSG", 10 ],
      [ "glassblowing_book", 15 ],
      [ "textbook_chemistry", 15 ],
      [ "child_book", 15 ],
      [ "manual_dodge_kid", 5 ],
      [ "holybook_bible1", 5 ],
      [ "holybook_quran", 5 ],
      [ "novel_thriller", 15 ],
      [ "novel_sports", 15 ],
      [ "novel_war", 15 ],
      [ "novel_western", 15 ],
      [ "novel_experimental", 15 ],
      [ "recipe_elfa", 15 ],
      [ "recipe_bows", 15 ],
      [ "manual_stabbing", 20 ],
      [ "manual_dodge", 20 ],
      [ "manual_driving", 20 ],
      [ "manual_throw", 20 ],
      [ "manual_zui_quan", 20 ],
      [ "howto_computer", 20 ],
      [ "touristmap", 25 ],
      [ "restaurantmap", 25 ],
      [ "roadmap", 25 ],
      [ "trailmap", 25 ],
      [ "modern_tanner", 20 ],
      [ "pocket_survival", 20 ],
      [ "flyer", 40 ],
      { "item": "paper", "prob": 50, "charges-min": 1, "charges-max": 15 },
      [ "wrapper", 35 ],
      [ "phonebook", 55 ],
      [ "one_year_old_newspaper", 45 ],
      [ "months_old_newspaper", 50 ],
      [ "weeks_old_newspaper", 50 ],
      [ "one_year_old_newspaper", 45 ],
      [ "years_old_newspaper", 40 ],
      [ "many_years_old_newspaper", 40 ]
    ]
  },
   {
    "id": "dollar_books",
    "copy_from": "dollar_books",
    "type": "item_group",
    "items": [
      [ "mag_mechanics", 15 ],
      [ "mag_unarmed", 15 ],
      [ "mag_comic", 15 ],
      [ "mag_comic_rwby", 3 ],
      [ "mag_gaming", 15 ],
      [ "mag_news", 15 ],
      [ "mag_tv", 15 ],
      [ "mag_survival", 15 ],
      [ "mag_beauty", 15 ],
      [ "mag_carpentry", 15 ],
      [ "mag_cars", 15 ],
      [ "child_book", 20 ],
      [ "manual_dodge_kid", 10 ],
      [ "fairy_tales", 20 ],
      [ "family_cookbook", 25 ]
    ]
  },
    {
    "id": "mail",
    "copy_from": "mail",
    "type": "item_group",
    "items": [
      [ "mag_tv", 15 ],
      [ "mag_dude", 10 ],
      [ "mag_beauty", 15 ],
      [ "mag_glam", 15 ],
      [ "mag_barter", 15 ],
      [ "mag_computer", 15 ],
      [ "mag_electronics", 15 ],
      [ "mag_mechanics", 15 ],
      [ "mag_survival", 15 ],
      [ "mag_traps", 10 ],
      [ "fun_survival", 10 ],
      [ "mag_bashing", 10 ],
      [ "mag_cutting", 10 ],
      [ "mag_stabbing", 10 ],
      [ "mag_melee", 10 ],
      [ "mag_unarmed", 15 ],
      [ "mag_launcher", 10 ],
      [ "mag_pistol", 10 ],
      [ "mag_rifle", 10 ],
      [ "mag_shotgun", 10 ],
      [ "mag_smg", 10 ],
      [ "mag_news", 15 ],
      [ "mag_cars", 15 ],
      [ "mag_cooking", 15 ],
      { "item": "weeks_old_newspaper", "prob": 95, "count-min": 3, "count-max": 5},
      { "item": "newest_newspaper", "prob": 100, "count-min": 3, "count-max": 5},
      [ "news_regional", 70 ],
      [ "mag_carpentry", 10 ],
      [ "mag_comic", 15 ],
      [ "mag_comic_rwby", 3 ],
      [ "mag_animecon", 10 ],
      [ "mag_guns", 15 ],
      [ "mag_archery", 15 ],
      [ "mag_dodge", 15 ],
      [ "mag_throwing", 10 ],
      [ "mag_gaming", 15 ],
      [ "mag_swimming", 10 ],
      [ "flyer", 80 ],
      [ "mag_fabrication", 15 ],
      [ "mag_tailor", 15 ],
      [ "survnote", 3 ],
      [ "touristmap", 3 ],
      [ "trailmap", 3 ],
      [ "phonebook", 60 ],
      [ "holybook_bible1", 1 ],
      [ "holybook_bible2", 1 ],
      [ "holybook_quran", 1 ],
      [ "holybook_scientology", 1 ]
    ]
  },
  {
    "type" : "item_group",
    "id" : "vault",
    "copy_from" : "vault",
    "items":[
      ["purifier", 12],
      ["plut_cell", 10],
      ["standard_template_construct", 5],
      ["nanomaterial", 5],
      ["ftk93", 1],
      ["canister_goo", 8],
      ["UPS_off", 5],
      ["adv_UPS_off", 3],
      ["platinum_small", 10],
      ["gold_small", 10],
      ["silver_small", 30],
      ["bio_time_freeze", 10],
      ["bio_teleport", 10],
      ["bio_probability_travel", 10],
      ["recipe_mil_augs", 3],
      ["rm13_armor", 2],
      ["power_armor_helmet_basic", 3],
      ["power_armor_basic", 3],
      ["power_armor_helmet_light", 2],
      ["power_armor_light", 2],
      ["power_armor_helmet_heavy", 2],
      ["power_armor_heavy", 2],
      ["modularvesthard", 5],
      ["minireactor", 1],
      ["recipe_caseless", 5],
      ["alloy_plate", 10],
      ["money_bundle", 90],
      ["pocketwatch", 5],
      ["sf_watch", 10],
      ["survnote", 3],
      ["holo_cloak", 5],
      ["stillsuit", 5],
      ["l-stick", 1],
      ["q_solarpack", 3],
	  ["blueprint_cr_1",1],
	  ["blueprint_cr_2",1],
	  ["blueprint_cr_3",1],
	  ["blueprint_ec_1",1],
	  ["blueprint_ec_2",1],
	  ["blueprint_ec_3",1],
	  ["blueprint_gs_1",1],
	  ["blueprint_gs_2",1],
	  ["blueprint_gs_3",1],
	  ["blueprint_my_1",1],
	  ["blueprint_my_2",1],
	  ["blueprint_my_3",1]
    ]
  }
  
]