[
	{
	    "type" : "martial_art",
        "id" : "style_fencing",
		"copy-from": "style_fencing",
        "weapons" : [
			"myrtenaster",
			"myrtenaster_lumos",
			
            "broadsword",
            "broadfire_off",
            "broadfire_on",
            "rapier",
            "cavalry_sabre",
            "fencing_foil",
            "fencing_sabre",
            "fencing_epee",
            "umbrella",
            "cane",
            "cudgel"
        ]
	},
	{
        "type" : "martial_art",
        "id" : "style_niten",
		"copy-from": "style_niten",
        "weapons" : [
			"gambol_shroud_katana",
			"gambol_shroud_storage",
			
            "katana",
            "firekatana_off",
            "firekatana_on",
            "bokken",
            "wakizashi",
            "nodachi"
        ]
	},
{
        "type" : "martial_art",
        "id" : "style_silat",
		"copy-from": "style_silat",
        "weapons" : [
			"crescent_rose_scythe",
			
            "baton-extended",
            "bio_blade_weapon",
            "bowling_pin",
            "cudgel",
            "diveknife",
            "firemachete_off",
            "firemachete_on",
            "golf_club",
            "hockey_stick",
            "i_staff",
            "javelin",
            "javelin_iron",
            "knife_combat",
            "knife_hunting",
            "knife_trench",
            "kris",
            "machete",
            "makeshift_halberd",
            "makeshift_knife",
            "makeshift_machete",
            "pipe",
            "pointy_stick",
            "pool_cue",
            "PR24-extended",
            "primitive_knife",
            "q_staff",
            "rebar",
            "scimitar",
            "scythe",
            "scythe_war",
            "shock_staff",
            "shocktonfa_off",
            "shocktonfa_on",
            "sickle",
            "shishkebab_off",
            "shishkebab_on",
            "spear_knife",
            "spear_rebar",
            "spear_pipe",
            "spear_steel",
            "spear_survivor",
            "spear_wood",
            "stick",
            "survivor_machete",
            "tanto",
            "tonfa",
            "tonfa_wood",
            "kukri",
            "knife_rambo",
            "knife_rm42",
            "switchblade",
            "l-stick",
            "l-stick_on"
        ]
	}
]