[
{
		"type" : "item_group",
		"subtype": "collection",
		"comment": "Z掉落Lv.1",	
		"id": "mon_drop_skjb0",
		"entries":
	[
	{ "item": "SKJB", "count": [0,2] }	
	]
},
{
		"type" : "item_group",
		"subtype": "collection",
		"comment": "Z掉落Lv.2",	
		"id": "mon_drop_skjb1",
		"entries":
	[
	{ "item": "SKJB", "count": [2,5] }	
	]
},
{
		"type" : "item_group",
		"subtype": "collection",
		"comment": "Z掉落Lv.3",	
		"id": "mon_drop_skjb2",
		"entries":
	[
	{ "item": "SKJB", "count": [5,20] }	
	]
},
{
		"type" : "item_group",
		"subtype": "collection",
		"comment": "Boss掉落Lv.1",	
		"id": "mon_drop_skjb3",
		"entries":
	[
	{ "item": "SKJB", "count": [30,50] }	
	]
},	
{
		"type" : "item_group",
		"subtype": "collection",
		"comment": "Boss掉落Lv.2",	
		"id": "mon_drop_skjb4",
		"entries":
	[
	{ "item": "SKJB", "count": [50,100] }	
	]
},
{
		"type" : "item_group",
		"subtype": "collection",
		"comment": "Boss掉落Lv.3",	
		"id": "mon_drop_skjb5",
		"entries":
	[
	{ "item": "SKJB", "count": [100,300] }	
	]
}
]