[
  {
    "id": "mon_zombie_technician_death_drops",
    "type": "item_group",
    "subtype": "collection",
    "entries": [{ "group": "mon_drop_skjb0", "prob": 100 },
      { "group": "clothing_work_set", "damage": [ 1, 4 ] },
      { "group": "underwear", "damage": [ 1, 4 ] },
      {
        "distribution": [ { "group": "tools_carpentry", "prob": 30 }, { "group": "tools_common", "prob": 70 } ],
        "prob": 30
      },
      { "group": "supplies_electronics", "prob": 50 },
      { "item": "id_industrial", "prob": 20 }
    ]
  }
]
