[
  {
    "type": "item_group",
    "subtype": "collection",
    "id": "mon_zombie_prisoner_death_drops",
    "entries": [{ "group": "mon_drop_skjb0", "prob": 100 },
      { "item": "striped_shirt", "damage": [ 1, 4 ] },
      { "item": "striped_pants", "damage": [ 1, 4 ] },
      { "item": "bandana", "damage": [ 1, 4 ], "prob": 5 },
      { "group": "clothing_glasses", "prob": 10 },
      { "group": "underwear", "damage": [ 1, 4 ] },
      { "group": "clothing_prisoner_shoes", "damage": [ 1, 4 ] },
      { "group": "contraband", "prob": 30 }
    ]
  }
]
