[
    {
        "type" : "martial_art",
        "id" : "style_hokuto",
        "name" : "北斗神拳",
        "description" : "它是最强的暗杀拳，通过独特的呼吸方法提取100％的潜在能力，并从敌人内部予以破坏。",
        "arm_block" : 99,
        "leg_block" : 99,
        "static_buffs" : [
            {
                "id" : "hokuto_tenryu",
                "name" : "潜龙呼吸法",
                "description" : "通过独特的呼吸方法，我们将潜在的能力提取100％。增加伤害、格挡、命中、闪避。",
                "unarmed_allowed" : true,
                "flat_bonuses" : [
                                  ["damage","bash","str", 0.75],
                                  ["block","str", 2.0],
                                  ["movecost", -5.0],
                                  ["hit","dex", 2.0],
                                  ["dodge","per", 2.0]
                                 ]
            }
                    ],
"ondodge_buffs": [
            {
                "id" : "hokuto_musotensei",
                "name" : "无想转生",
                "description" : "实力高超的小@背负着极度的悲伤和世人的希望，领悟了北斗神拳究级奥义·无想转生。",
                "unarmed_allowed" : true,
                "melee_allowed" : true,
                "min_unarmed" : 6,
                "buff_duration" : 2,
                "max_stacks" : 1,
                "mult_bonuses" : [
                    ["damage", "bash", 1.2],
                    ["dodge", 1.5]
                ]
            }
        ],
        "techniques" : ["tec_hokuto_ganzan",
                        "tec_hokuto_kousyu",
                        "tec_hokuto_gosiretudan",
                        "tec_hokuto_juhazan",
                        "tec_hokuto_kuukyoku",
                        "tec_hokuto_kaikotu",
                        "tec_hokuto_musotensei",
                        "tec_hokuto_sitisikiheidzan",
                        "tec_hokuto_sitiseitensin",
                        "tec_hokuto_tenha",
                        "tec_hokuto_ujomosyo",
                        "tec_hokuto_hyaku"
                        
                       ]
    },
	{
        "type" : "martial_art",
        "id" : "style_nanto_sui",
        "name" : "南斗水鸟拳",
        "description" : "以华丽的腿法为特征，其舞姿让人入神，优雅绝美而残暴无道的必杀拳。",
        "arm_block" : 99,
        "leg_block" : 99,
        "flags" : ["CHOP", "DURABLE_MELEE", "SHEATH_SWORD"],
        "static_buffs" : [
            {
                "id" : "nanto_sui_karei",
                "name" : "水鸟般华丽的动作",
                "description" : "像水鸟这样华丽的动作，即使与你打架的对手也会被迷住,减少自身行动点消耗。",
                "unarmed_allowed" : true,
                "flat_bonuses" : [
                                  ["movecost", -20.0]
                                 ]
            }
                ],
            "techniques" : ["tec_nanto_hien",
                            "tec_nanto_suzaku",
                            "tec_nanto_danko",
                            "tec_nanto_hisyo"
                           ]
    },
	{
        "type" : "martial_art",
        "id" : "style_nanto_kosyu",
        "name" : "南斗孤鹫拳",
        "description" : "主要是以穿刺贯通手法为主体的战斗方式，但由于还使用踢腿技术，所以在南斗圣拳中是比较通用的拳法。",
        "arm_block" : 99,
        "leg_block" : 99,
        "flags" : ["CHOP", "DURABLE_MELEE", "SHEATH_SWORD"],
        "static_buffs" : [
            {
                "id" : "nanto_kosyu_tikara",
                "name" : "力量即正义,真是个好时代啊",
                "description" : "力量增加伤害、命中、速度。",
                "unarmed_allowed" : true,
                "flat_bonuses" : [
                                  ["damage","cut","str", 1.0],
                                  ["hit", 2.0],
                                  ["speed", 2.0]
                                 ]
            }
            ],
            "techniques" : ["tec_nanto_hiryu",
                            "tec_nanto_sensyu",
                            "tec_nanto_hakuha",
                            "tec_nanto_syosyu",
                            "tec_nanto_gokuto"
                           ]
    },
    {
        "type" : "martial_art",
        "id" : "style_nanto_koukaku",
        "name" : "南斗红鹤拳",
        "description" : "拳法如其名，犹如身体溅到血而被染红的美丽仙鹤，华丽的杀人之拳。",
        "arm_block" : 99,
        "leg_block" : 99,
        "flags" : ["CHOP", "DURABLE_MELEE", "SHEATH_SWORD"],
        "static_buffs" : [
            {
                "id" : "nanto_koukaku_atama",
                "name" : "小@是个很聪明的人",
                "description" : "小@是个很聪明的人,根据智力和感知增加伤害。",
                "unarmed_allowed" : true,
                "flat_bonuses" : [
                                  ["damage","bash","int", 1.2],
                                  ["damage","bash","per", 1.2]
                                 ]
            }
			],
            "techniques" : ["tec_nanto_densyo",
                            "tec_nanto_yousou",
                            "tec_nanto_kesyo"
                           ]
    },
     {
        "type" : "martial_art",
        "id" : "style_nanto_hakuro",
        "name" : "南斗白鹭拳",
        "description" : "在南斗圣拳中是特殊的以腿为主体的拳。",
        "arm_block" : 99,
        "leg_block" : 99,
        "static_buffs" : [
            {
                "id" : "nanto_hakuro_yugensyo",
                "name" : "诱幻掌",
                "description" : "南斗白鹭拳的奥义·诱幻掌，两手手掌对着对方，缓缓移动会迷惑对方，完全迷失自己的气息。感知增加伤害、命中、闪避。",
                "unarmed_allowed" : true,
                "flat_bonuses" : [
                                  ["hit","per", 1.3],
                                  ["dodge","per", 1.3],
                                  ["damage","bash","per", 1.3]
                                 ]
            }
             ],
            "techniques" : ["tec_nanto_rekyaku",
                            "tec_nanto_zanjin"
                           ]
    },
        {
        "type" : "martial_art",
        "id" : "style_nanto_houou",
        "name" : "南斗凤凰拳",
        "description" : "帝王之拳，被称为南斗圣拳108派中最强的拳法。",
        "arm_block" : 99,
        "leg_block" : 99,
        "static_buffs" : [
            {
                "id" : "nanto_houou_seiatu",
                "name" : "不退!不降!不悔!",
                "description" : "我的拳法不需要架势，只有压制和前进!根据敏捷增加伤害并减少近战行动点数消耗",
                "unarmed_allowed" : true,
                "flat_bonuses" : [
                                  ["damage","bash","dex", 1.3],
                                  ["movecost", -10.0]
                                 ]
            }
            ],
            "techniques" : ["tec_nanto_kyokusei",
                            "tec_nanto_juji",
                            "tec_nanto_bakusei",
                            "tec_nanto_housyou",
                            "tec_nanto_tensyo"
                           ]
    }   
]