[
{
        "type" : "mutation",
        "id" : "MARTIAL_ARTS_hokuto",
        "name" : "北斗神拳",
        "points" : 3,
        "description" : "在战斗中寻找奥义，是世界最强的暗杀拳。",
        "starting_trait" : true,
        "initial_ma_styles" : [ "style_hokuto" ],
        "valid" : false
},
{
        "type" : "mutation",
        "id" : "PROF_MA_HOKUTO",
        "name" : "北斗神拳",
        "points" : 0,
        "description" : "在战斗中寻找奥义，世界最强暗杀拳",
        "initial_ma_styles" : [ "style_hokuto" ],
        "valid": false,
        "purifiable": false,
        "profession": true
},
{
        "type" : "mutation",
        "id" : "MARTIAL_ARTS_nanto_sui",
        "name" : "南斗水鸟拳",
        "points" : 3,
        "description" : "以华丽的脚法为特征，其舞姿让人眼花缭乱，但实际情况是撕裂敌人，切碎敌人，残酷无比的必杀拳",
        "starting_trait" : true,
        "initial_ma_styles" : [ "style_nanto_sui" ],
        "valid" : false
},
{
        "type" : "mutation",
        "id" : "PROF_MA_NANTO_SUI",
        "name" : "南斗水鸟拳",
        "points" : 0,
        "description" : "以华丽的脚法为特征，其舞姿让人眼花缭乱，但实际情况是撕裂敌人，切碎敌人，残酷无比的必杀拳",
        "initial_ma_styles" : [ "style_nanto_sui" ],
        "valid": false,
        "purifiable": false,
        "profession": true
},
{
        "type" : "mutation",
        "id" : "MARTIAL_ARTS_nanto_kosyu",
        "name" : "南斗孤鹫拳",
        "points" : 3,
        "description" : "主要是以穿刺贯通手法为主体的战斗方式，但由于还使用踢腿技术，所以在南斗圣拳中是比较通用的拳法。",
        "starting_trait" : true,
        "initial_ma_styles" : [ "style_nanto_kosyu" ],
        "valid" : false
},
{
        "type" : "mutation",
        "id" : "PROF_MA_NANTO_KOSYU",
        "name" : "南斗孤鹫拳",
        "points" : 0,
        "description" : "主要是以穿刺贯通手法为主体的战斗方式，但由于还使用踢腿技术，所以在南斗圣拳中是比较通用的拳法。",
        "initial_ma_styles" : [ "style_nanto_kosyu" ],
        "valid": false,
        "purifiable": false,
        "profession": true
},
{
        "type" : "mutation",
        "id" : "MARTIAL_ARTS_nanto_koukaku",
        "name" : "南斗红鹤拳",
        "points" : 3,
        "description" : "拳法如其名，犹如身体溅到血而被染红的美丽仙鹤，华丽的杀人之拳。",
        "starting_trait" : true,
        "initial_ma_styles" : [ "style_nanto_koukaku" ],
        "valid" : false
},
{
        "type" : "mutation",
        "id" : "PROF_MA_NANTO_KOUKAKU",
        "name" : "南斗紅鶴拳",
        "points" : 0,
        "description" : "拳法如其名，犹如身体溅到血而被染红的美丽仙鹤，华丽的杀人之拳。",
        "initial_ma_styles" : [ "style_nanto_koukaku" ],
        "valid": false,
        "purifiable": false,
        "profession": true
},
{
        "type" : "mutation",
        "id" : "MARTIAL_ARTS_nanto_hakuro",
        "name" : "南斗白鹭拳",
        "points" : 3,
        "description" :"以自由变幻的足技为主，在南斗圣拳中别具一格",
        "starting_trait" : true,
        "initial_ma_styles" : [ "style_nanto_koukaku" ],
        "valid" : false
},
{
        "type" : "mutation",
        "id" : "PROF_MA_NANTO_HAKURO",
        "name" : "南斗白鹭拳",
        "points" : 0,
        "description" : "以自由变幻的足技为主，在南斗圣拳中别具一格",
        "initial_ma_styles" : [ "style_nanto_hakuro" ],
        "valid": false,
        "purifiable": false,
        "profession": true
},
{
        "type" : "mutation",
        "id" : "MARTIAL_ARTS_nanto_houou",
        "name" : "南斗凤凰拳",
        "points" : 3,
        "description" : "因为“敌人都是低级”，没有防御的概念，专门只强调进攻、压制、前进的拳法",
        "starting_trait" : true,
        "initial_ma_styles" : [ "style_nanto_houou" ],
        "valid" : false
},
{
        "type" : "mutation",
        "id" : "PROF_MA_NANTO_HOUOU",
        "name" : "南斗凤凰拳",
        "points" : 0,
        "description" : "因为“敌人都是低级”，没有防御的概念，专门只强调进攻、压制、前进的拳法",
        "initial_ma_styles" : [ "style_nanto_houou" ],
        "valid": false,
        "purifiable": false,
        "profession": true
}
]