[
	{
		"type" : "recipe",
		"result" : "arrow_metal",
		"id_suffix": "Alchemy Synthesis",
		"category" : "CC_AMMO",
		"subcategory": "CSC_AMMO_ARROWS",	
		"skill_used": "fabrication",
		"skills_required": ["GS_int",6],
		"difficulty" : 0,
		"time" : 10000,
		"autolearn" : true,	
		"flags": ["BLIND_HARD"],	
		"components": 
		[
			[
			  [ "superglue", 1 ],
			  [ "bone_glue", 1 ],
			  [ "thread", 20 ],
			  [ "sinew", 20 ],
			  [ "plant_fibre", 20 ]
			],
			[
			[ "element_steel", 2 ]
			],
			[
			  [ "feather", 10 ],
			  [ "duct_tape", 40 ],
			  [ "bag_plastic", 1 ],
			  [ "bottle_plastic_small", 1 ],
			  [ "box_small", 1 ],
			  [ "plastic_chunk", 1 ],
			  [ "aluminum_foil", 40 ],
			  [ "cash_card", 2 ]
			]
		]
	},{
		"type" : "recipe",
		"result" : "bolt_metal",
		"id_suffix": "Alchemy Synthesis",
		"category" : "CC_AMMO",
		"subcategory": "CSC_AMMO_ARROWS",
		"skill_used": "fabrication",
		"skills_required": ["GS_int", 6],
		"difficulty" : 0,
		"time" : 10000,
		"autolearn" : true,
		"flags": ["BLIND_HARD"],	
		"components": 
		[
			[
			 [ "element_steel", 2 ]
			]
		]
	},{
		"type" : "recipe",
		"result" : "GS_merit_bolt",
		"category" : "CC_超凡",
		"subcategory": "CSC_超凡_弹药",
		"skill_used": "fabrication",		
		"skills_required": [ ["fabrication", 4],["GS_per", 4] ],
		"difficulty" : 0,
		"time" : 5000,
		"book_learn" : [[ "GS_book_merit2", 0 ],[ "GS_book_merit3", 0 ]],
		"flags": ["BLIND_HARD"],	
		"components": 
		[
			[
			 [ "bolt_wood", 5 ]
			],
			[
			 [ "merit", 3 ]
			]
		]
	},{
		"type" : "recipe",
		"result" : "arrow_FRAG",
		"category" : "CC_超凡",
		"subcategory": "CSC_超凡_弹药",
		"skill_used": "fabrication",		
		"skills_required": [ ["GS_int", 8], ["mechanics", 5] ],	
		"difficulty" : 0,
		"time" : 10000,
		"book_learn" : [[ "GS_book_int_mechanic", 0 ]],
		"reversible" : true,
		"tools": [ [[ "press", -1 ]] ],		
		"components": 
		[
			[
			  [ "arrow_wood", 1 ],
			  [ "arrow_wood_heavy", 1 ],
			  [ "arrow_metal", 1 ]
			],
			[
			  ["bearing", 25 ]
			],
			[
			  ["smpistol_primer", 1 ],
			  ["lgpistol_primer", 1],
			  ["smrifle_primer", 1],
			  ["lgrifle_primer", 1],
			  ["shotgun_primer", 1]
			]
		]
	},{
		"type" : "recipe",
		"result" : "bolt_FRAG",
		"category" : "CC_超凡",
		"subcategory": "CSC_超凡_弹药",
		"skill_used": "fabrication",		
		"skills_required": [ ["GS_int", 8], ["mechanics", 5] ],	
		"difficulty" : 0,
		"time" : 10000,
		"book_learn" : [[ "GS_book_int_mechanic", 0 ]],
		"reversible" : true,
		"tools": [ [[ "press", -1 ]] ],		
		"components": 
		[
			[
			  ["bolt_wood", 1]
			],
			[
			  ["bearing", 25 ]
			],
			[
			  ["smpistol_primer", 1 ],
			  ["lgpistol_primer", 1],
			  ["smrifle_primer", 1],
			  ["lgrifle_primer", 1],
			  ["shotgun_primer", 1]
			]
		]
	},{

		"type" : "recipe",
		"result" : "arrow_Phoenix_prep",
		"category" : "CC_超凡",
		"subcategory": "CSC_超凡_弹药",
		"skill_used": "fabrication",		
		"skills_required": [ ["GS_int", 8], ["mechanics", 5] ],	
		"difficulty" : 0,
		"time" : 15000,
		"book_learn" : [[ "GS_book_int_mechanic", 0 ]],
		"reversible" : true,
		"flags": ["BLIND_HARD"],	
		"components" : [
			[
			  [ "arrow_wood", 5 ],
			  [ "arrow_wood_heavy", 5 ],
			  [ "arrow_metal", 5 ]
			],
			[
			  [ "destiny_copper", 25 ]
			]
		]
	},{
		"type" : "recipe",
		"result" : "arrow_Phoenix",
		"category" : "CC_超凡",
		"subcategory": "CSC_超凡_弹药",
		"skill_used": "fabrication",		
		"skills_required": [ ["GS_int", 8], ["mechanics", 5] ],	
		"difficulty" : 0,
		"time" : 100,
		"reversible" : true,
		"book_learn" : [[ "GS_book_int_mechanic", 0 ]],	
		"decomp_learn" : 0,
		"flags": ["BLIND_EASY"],	
		"components": 
		[
			[
			[ "arrow_Phoenix_prep", 1 ]
			]
		]
	},{
		"type" : "recipe",
		"result" : "bolt_Phoenix",
		"category" : "CC_超凡",
		"subcategory": "CSC_超凡_弹药",
		"skill_used": "fabrication",		
		"skills_required": [ ["GS_int", 8], ["mechanics", 5] ],	
		"difficulty" : 0,
		"time" : 100,
		"reversible" : true,
		"book_learn" : [[ "GS_book_int_mechanic", 0 ]],		
		"decomp_learn" : 0,
		"flags": ["BLIND_EASY"],
		"components": [
			[
			[ "arrow_Phoenix_prep", 1 ]
			]
		]
	},{
		"type" : "recipe",
		"result" : "GS_int_imaged_arrow",
		"category" : "CC_超凡",
		"subcategory": "CSC_超凡_弹药",
		"skill_used": "archery",		
		"skills_required": ["GS_int", 2],
		"difficulty" : 0,
		"time" : 100,
		"autolearn" : true,
		"flags": ["BLIND_EASY"],	
		"components": 
		[
			[
			[ "destiny_copper", 5 ]
			]
		]
	},{
		"type" : "recipe",
		"result" : "GS_int_imaged_bolt",
		"category" : "CC_超凡",
		"subcategory": "CSC_超凡_弹药",	
		"skill_used": "archery",		
		"skills_required": ["GS_int", 2],
		"difficulty" : 0,
		"time" : 100,
		"autolearn" : true,
		"flags": ["BLIND_EASY"],	
		"components": 
		[
			[
			[ "destiny_copper", 5 ]
			]
		]
	},{
		"type" : "recipe",
		"result" : "GS_int_imaged_bullet_9mm",
		"category" : "CC_超凡",
		"subcategory": "CSC_超凡_弹药",
		"skill_used": "fabrication",		
		"skills_required": [ ["GS_int",6],["fabrication",4] ],		
		"difficulty" : 0,
		"time" : 100,
		"book_learn" : [[ "GS_book_imgbullet", 0 ]],	
		"flags": ["BLIND_EASY"],	
		"components": 
		[
			[
			[ "destiny_copper", 10 ]
			]
		]
	},{
		"type" : "recipe",
		"result" : "GS_int_imaged_bullet_32",
		"category" : "CC_超凡",
		"subcategory": "CSC_超凡_弹药",
		"skill_used": "fabrication",		
		"skills_required": [ ["GS_int",6],["fabrication",4] ],		
		"difficulty" : 0,
		"time" : 100,
		"book_learn" : [[ "GS_book_imgbullet", 0 ]],
		"flags": ["BLIND_EASY"],	
		"components": 
		[
			[
			[ "destiny_copper", 8 ]
			]
		]
	},{
		"type" : "recipe",
		"result" : "GS_int_imaged_bullet_38",
		"category" : "CC_超凡",
		"subcategory": "CSC_超凡_弹药",
		"skill_used": "fabrication",		
		"skills_required": [ ["GS_int",6],["fabrication",4] ],		
		"difficulty" : 0,
		"time" : 100,
		"book_learn" : [[ "GS_book_imgbullet", 0 ]],
		"flags": ["BLIND_EASY"],	
		"components": 
		[
			[
			[ "destiny_copper", 10 ]
			]
		]
	},{
		"type" : "recipe",
		"result" : "GS_int_imaged_bullet_40",
		"category" : "CC_超凡",
		"subcategory": "CSC_超凡_弹药",
		"skill_used": "fabrication",		
		"skills_required": [ ["GS_int",6],["fabrication",4] ],			
		"difficulty" : 0,
		"time" : 100,
		"book_learn" : [[ "GS_book_imgbullet", 0 ]],
		"flags": ["BLIND_EASY"],	
		"components": 
		[
			[
			[ "destiny_copper", 10 ]
			]
		]
	},{
		"type" : "recipe",
		"result" : "GS_int_imaged_bullet_44",
		"category" : "CC_超凡",
		"subcategory": "CSC_超凡_弹药",
		"skill_used": "fabrication",		
		"skills_required": [ ["GS_int",6],["fabrication",4] ],			
		"difficulty" : 0,
		"time" : 100,
		"book_learn" : [[ "GS_book_imgbullet", 0 ]],
		"flags": ["BLIND_EASY"],	
		"components": 
		[
			[
			[ "destiny_copper", 15 ]
			]
		]
	},{
		"type" : "recipe",
		"result" : "GS_int_imaged_bullet_45",
		"category" : "CC_超凡",
		"subcategory": "CSC_超凡_弹药",
		"skill_used": "fabrication",
		"skills_required": [ ["GS_int",6],["fabrication",4] ],			
		"difficulty" : 0,
		"time" : 100,
		"book_learn" : [[ "GS_book_imgbullet", 0 ]],
		"flags": ["BLIND_EASY"],	
		"components": 
		[
			[
			[ "destiny_copper", 10 ]
			]
		]
	},{
		"type" : "recipe",
		"result" : "GS_int_imaged_bullet_22",
		"category" : "CC_超凡",
		"subcategory": "CSC_超凡_弹药",	
		"skill_used": "fabrication",
		"skills_required": [ ["GS_int",6],["fabrication",4] ],			
		"difficulty" : 0,
		"time" : 100,
		"book_learn" : [[ "GS_book_imgbullet", 0 ]],
		"flags": ["BLIND_EASY"],	
		"components": 
		[
			[
			[ "destiny_copper", 5 ]
			]
		]
	},{
		"type" : "recipe",
		"result" : "GS_int_imaged_bullet_223",
		"category" : "CC_超凡",
		"subcategory": "CSC_超凡_弹药",
		"skill_used": "fabrication",
		"skills_required": [ ["GS_int",6],["fabrication",4] ],		
		"difficulty" : 0,
		"time" : 100,
		"book_learn" : [[ "GS_book_imgbullet", 0 ]],
		"flags": ["BLIND_EASY"],	
		"components": 
		[
			[
			[ "destiny_copper", 15 ]
			]
		]
	},{
		"type" : "recipe",
		"result" : "GS_int_imaged_bullet_545x39",
		"category" : "CC_超凡",
		"subcategory": "CSC_超凡_弹药",
		"skill_used": "fabrication",
		"skills_required": [ ["GS_int",6],["fabrication",4] ],		
		"difficulty" : 0,
		"time" : 100,
		"book_learn" : [[ "GS_book_imgbullet", 0 ]],
		"flags": ["BLIND_EASY"],	
		"components": 
		[
			[
			[ "destiny_copper", 15 ]
			]
		]
	},{
		"type" : "recipe",
		"result" : "GS_int_imaged_bullet_46",
		"category" : "CC_超凡",
		"subcategory": "CSC_超凡_弹药",
		"skill_used": "fabrication",
		"skills_required": [ ["GS_int",6],["fabrication",4] ],		
		"difficulty" : 0,
		"time" : 100,
		"book_learn" : [[ "GS_book_imgbullet", 0 ]],
		"flags": ["BLIND_EASY"],	
		"components": 
		[
			[
			[ "destiny_copper", 10 ]
			]
		]
	},{
		"type" : "recipe",
		"result" : "GS_int_imaged_bullet_57",
		"category" : "CC_超凡",
		"subcategory": "CSC_超凡_弹药",
		"skill_used": "fabrication",
		"skills_required": [ ["GS_int",6],["fabrication",4] ],		
		"difficulty" : 0,
		"time" : 100,
		"book_learn" : [[ "GS_book_imgbullet", 0 ]],
		"flags": ["BLIND_EASY"],	
		"components": 
		[
			[
			[ "destiny_copper", 10 ]
			]
		]
	},{
		"type" : "recipe",
		"result" : "GS_int_imaged_bullet_762",
		"category" : "CC_超凡",
		"subcategory": "CSC_超凡_弹药",
		"skill_used": "fabrication",
		"skills_required": [ ["GS_int",6],["fabrication",4] ],		
		"difficulty" : 0,
		"time" : 100,
		"book_learn" : [[ "GS_book_imgbullet", 0 ]],
		"flags": ["BLIND_EASY"],	
		"components": 
		[
			[
			[ "destiny_copper", 15 ]
			]
		]
	},{
		"type" : "recipe",
		"result" : "GS_int_imaged_bullet_308",
		"category" : "CC_超凡",
		"subcategory": "CSC_超凡_弹药",
		"skill_used": "fabrication",
		"skills_required": [ ["GS_int",6],["fabrication",4] ],		
		"difficulty" : 0,
		"time" : 100,
		"book_learn" : [[ "GS_book_imgbullet", 0 ]],
		"flags": ["BLIND_EASY"],	
		"components": 
		[
			[
			[ "destiny_copper", 20 ]
			]
		]
	},{
		"type" : "recipe",
		"result" : "GS_int_imaged_bullet_3006",
		"category" : "CC_超凡",
		"subcategory": "CSC_超凡_弹药",
		"skill_used": "fabrication",
		"skills_required": [ ["GS_int",6],["fabrication",4] ],	
		"difficulty" : 0,
		"time" : 100,
		"book_learn" : [[ "GS_book_imgbullet", 0 ]],
		"flags": ["BLIND_EASY"],	
		"components": 
		[
			[
			[ "destiny_copper", 20 ]
			]
		]
	},{
		"type" : "recipe",
		"result" : "GS_int_imaged_bullet_300",
		"category" : "CC_超凡",
		"subcategory": "CSC_超凡_弹药",
		"skill_used": "fabrication",
		"skills_required": [ ["GS_int",6],["fabrication",4] ],	
		"difficulty" : 0,
		"time" : 100,
		"book_learn" : [[ "GS_book_imgbullet", 0 ]],
		"flags": ["BLIND_EASY"],	
		"components": 
		[
			[
			[ "destiny_copper", 20 ]
			]
		]
	},{
		"type" : "recipe",
		"result" : "GS_int_imaged_bullet_5x50",
		"category" : "CC_超凡",
		"subcategory": "CSC_超凡_弹药",
		"skill_used": "fabrication",
		"skills_required": [ ["GS_int",6],["fabrication",4] ],	
		"difficulty" : 0,
		"time" : 100,
		"book_learn" : [[ "GS_book_imgbullet", 0 ]],
		"flags": ["BLIND_EASY"],	
		"components": 
		[
			[
			[ "destiny_copper", 15 ]
			]
		]
	},{
		"type" : "recipe",
		"result" : "GS_int_imaged_bullet_50bmg",
		"category" : "CC_超凡",
		"subcategory": "CSC_超凡_弹药",
		"skill_used": "fabrication",
		"skills_required": [ ["GS_int",6],["fabrication",4] ],	
		"difficulty" : 0,
		"time" : 100,
		"book_learn" : [[ "GS_book_imgbullet", 0 ]],
		"flags": ["BLIND_EASY"],	
		"components": 
		[
			[
			[ "destiny_copper", 20 ]
			]
		]
	},{
		"type" : "recipe",
		"result" : "GS_int_imaged_bullet_shot",
		"category" : "CC_超凡",
		"subcategory": "CSC_超凡_弹药",
		"skill_used": "fabrication",
		"skills_required": [ ["GS_int",6],["fabrication",4] ],	
		"difficulty" : 0,
		"time" : 100,
		"book_learn" : [[ "GS_book_imgbullet", 0 ]],
		"flags": ["BLIND_EASY"],	
		"components": 
		[
			[
			[ "destiny_copper", 15 ]
			]
		]
	},{
		"type" : "recipe",
		"result" : "GS_int_imaged_bullet_20x66mm",
		"category" : "CC_超凡",
		"subcategory": "CSC_超凡_弹药",
		"skill_used": "fabrication",
		"skills_required": [ ["GS_int",6],["fabrication",4] ],	
		"difficulty" : 0,
		"time" : 100,
		"book_learn" : [[ "GS_book_imgbullet", 0 ]],
		"flags": ["BLIND_EASY"],	
		"components": 
		[
			[
			[ "destiny_copper", 20 ]
			]
		]
	},{
		"type" : "recipe",
		"result" : "GS_int_imaged_bullet_8mm",
		"category" : "CC_超凡",
		"subcategory": "CSC_超凡_弹药",
		"skill_used": "fabrication",
		"skills_required": [ ["GS_int",6],["fabrication",4] ],	
		"difficulty" : 0,
		"time" : 100,
		"book_learn" : [[ "GS_book_imgbullet", 0 ]],
		"flags": ["BLIND_EASY"],	
		"components": 
		[
			[
			[ "destiny_copper", 20 ]
			]
		]
	},{
		"type" : "recipe",
		"result" : "GS_int_imaged_RPG7_ammo",
		"category" : "CC_超凡",
		"subcategory": "CSC_超凡_弹药",
		"skill_used": "fabrication",
		"skills_required": [ ["GS_int", 8], ["fabrication", 6] ],		
		"difficulty" : 0,
		"time" : 100,
		"book_learn" : [[ "GS_book_int_fabrication",0]],
		"flags": ["BLIND_EASY"],	
		"components":
		[
			[
			 [ "destiny_copper", 25 ]
			]
		]
	},{
		"type" : "recipe",
		"result" : "GS_int_imaged_grenade",
		"category" : "CC_超凡",
		"subcategory": "CSC_超凡_弹药",
		"skill_used": "fabrication",
		"skills_required": [ ["GS_int", 8], ["fabrication", 6] ],		
		"difficulty" : 0,
		"time" : 100,
		"book_learn" : [[ "GS_book_int_fabrication",0]],
		"flags": ["BLIND_EASY"],	
		"components":
		[
			[
			 [ "destiny_copper", 10 ]
			]
		]
	},{
		"type" : "recipe",
		"result" : "GS_int_imaged_grenade_inc",
		"category" : "CC_超凡",
		"subcategory": "CSC_超凡_弹药",
		"skill_used": "fabrication",
		"skills_required": [ ["GS_int", 8], ["fabrication", 6] ],		
		"difficulty" : 0,
		"time" : 100,
		"book_learn" : [[ "GS_book_int_fabrication",0]],
		"flags": ["BLIND_EASY"],	
		"components":
		[
			[
			 [ "destiny_copper", 15 ]
			]
		]
	}
]