[
	{
		"id" : "GS_comestible_unspecialty_bandage",
		"type" : "COMESTIBLE",
		"comestible_type" : "MED",
		"category" : "GS_drug",
		"name" : "不专业绷带",
		"name_plural" : "不专业绷带",
		"description" : "简单布料附上少许天命，却有不科学的治疗效果，不专业的绷带，才是好绷带！",
		"weight" : 70,
		"volume" : 1,
		"charges" : 3,
		"stack_size" : 10,
		"material" : ["cotton","super_mt"],
		"symbol" : "!",
		"color" : "red",
		"use_action" : 
			{
				"type" : "heal",
				"limb_power" : 5,
				"head_power" : 2,
				"torso_power" : 6,
				"bleed" : 0.95,
				"bite" : 0.33,
				"move_cost" : 300,
				"effects" : [ { "id" : "pkill1", "duration" : 30 } ]
			},	
		"flags" : [ "USE_ON_NPC" ]
	},{
		"type" : "COMESTIBLE",
		"category" : "chems",
		"id" : "GS_comestible_zombievirus",
		"name" : "浓缩尸毒",
		"name_plural" : "浓缩尸毒",		
		"weight" : 250,
		"color" : "green",
		"use_action" : "SEWAGE",
		"container" : "flask_glass",
		"comestible_type" : "DRINK",
		"symbol" : "~",
		"quench" : -15,
		"healthy" : -25,
		"description" : "高纯度的丧尸病毒，生化危机世界特有物，刺激细胞潜能的效果卓越同时有极大的副作用。",
		"price" : 50000,
		"volume" : 1,
		"phase" : "liquid",
		"charges" : 2,
		"stack_size" : 2,
		"fun" : -50
	},{
        "id": "GS_comestible_enhance_potion",
        "type": "COMESTIBLE",
        "category" : "GS_drug",
        "symbol": "~",
        "color": "red",
        "name": "熊魔药剂",
        "name_plural" : "熊魔药剂",
        "description" : "以天命消弭丧尸病毒对宿主细胞的破坏性，短时间强化身体爆发力的药剂，力量+5、敏捷+3、速度+15、体力恢复+8，持续10分钟。",
        "price": 20000,
        "weight": 250,
        "volume": 1,
        "comestible_type": "DRINK",
        "container": "flask_glass",
        "quench": 10,
        "charges": 1,
		"stack_size" : 2,		
        "phase": "liquid",
		"flags" : [ "USE_ON_NPC" ],
		"//":"目前似乎仅限action-heal能直接使用于NPC",
        "use_action" : {
            "type" : "consume_drug",
            "activation_message" : "你喝下熊魔药剂，源源不绝的活力涌出，效果持续10分钟。",
            "effects" : [ { "id" : "medic_enhance", "duration" : 100 } ]
        }
	},{
        "id": "GS_comestible_cure_potion",
        "type": "COMESTIBLE",
        "category" : "GS_drug",
        "comestible_type": "DRINK",
        "container": "flask_glass",
        "phase": "liquid",		
        "name": "治疗药剂",
        "name_plural" : "治疗药剂",		
        "description" : "以天命消弭丧尸病毒对宿主细胞的破坏性，短时间激发免疫系统活性的药剂，驱散疾病及各种感染。",
        "symbol": "~",
        "color": "green",
        "price": 10000,
        "weight": 250,
        "volume": 1,
        "quench": 10,		
        "healthy" : 10,
        "charges" : 1,
		"stack_size" : 2,
        "flags" : ["USE_ON_NPC"],
        "use_action" : "ROYAL_JELLY"
	},{
        "id": "GS_comestible_heal_salve",
        "type": "COMESTIBLE",
        "category" : "GS_drug",
        "comestible_type": "MED",
        "name": "再生药膏",
        "name_plural" : "再生药膏",
        "description" : "以天命消弭丧尸病毒对宿主细胞的破坏性，急速刺激细胞再生能力的药膏，恢复效果拔群。",
        "symbol": "~",
        "color": "green",
        "price": 15000,
        "weight": 300,
        "volume": 1,	
        "charges" : 1,
		"stack_size" : 2,		
		"use_action" : 
			{
				"type" : "heal",
				"limb_power" : 16,
				"head_power" : 12,
				"torso_power" : 20,
				"bleed" : 1,
				"bite" : 1,
				"infect" : 1,
				"move_cost" : 300,
				"effects" : [ { "id" : "pkill1", "duration" : 50 } ]
			},	
		"flags" : [ "USE_ON_NPC" ]
	}
]