[
	{
		"id": "GS_tool_welder",
		"sub": "oxy_torch",
		"type": "TOOL",
		"category" : "GS_tool",
		"symbol": ";",
		"color": "light_red",
		"name": "超凡者焊枪",
		"description": "智力系机械专长的特制工具，用于焊接、锻造、修复金属，也用于破坏金属障碍物，使用一般电池。",
		"material" : ["super_mt"],
		"weight": 1500,
		"volume": 5,
		"max_charges": 500,
		"charges_per_use": 1,
		"ammo": "battery",
		"qualities": [ ["WELD", 3],["GLARE", 2] ],
		"use_action": [
			{
				"type": "repair_item",
				"item_action_type" : "repair_metal",
				"materials": [ "kevlar", "iron", "steel", "hardsteel", "aluminum", "copper", "plastic" ],
				"skill": "mechanics",
				"cost_scaling": 0.1,
				"move_cost": 250,
				"tool_quality": 10
			},
			"OXYTORCH"
		]
	},{
        "type" : "item_action",
        "id" : "OXYTORCH",
        "name" : "焊枪切割"
    },{
		"id" : "GS_eq_toolbelt",
		"type" : "ARMOR",
		"category" : "GS_equipment",
		"name" : "超凡者工具腰带",
		"name_plural" : "超凡者工具腰带",
		"description" : "智力专长具现的辅助装备，装有各式工具的腰带，背后有收藏武器用的战术绑带，附取火、开锁、时钟、温度计等功能，应付各种生存挑战。",
		"color" : "brown",
		"volume" : 12,
		"weight" : 1500,
		"storage" : 14,
		"symbol" : "[",
        "material" : ["super_mt","steel"],
		"use_action": 
			[ 
				{
				"type": "holster",
				"max_volume": 8,
				"min_volume": 1,
				"skills": ["smg", "pistol", "shotgun", "rifle", "launcher", "archery", "throw"],
				"flags": ["SHEATH_KNIFE","BELT_CLIP"]
				},
				{
				"type": "firestarter",
				"moves": 200,
				"moves_slow": 5000
				},
				{
				"type": "picklock",
				"pick_quality": 10
				},
				"HAMMER"
			],
		"qualities": [ ["HAMMER", 3],["HAMMER_FINE", 1],["SAW_W", 2],["SAW_M", 2],["SAW_M_FINE", 1],["WRENCH", 2],["WRENCH_FINE", 1],["SCREW", 1],["SCREW_FINE", 1],["CUT",1],["CUT_FINE",2],["BUTCHER", 20] ],
		"flags" : ["FANCY","WAIST","WATCH","THERMOMETER"]
	},{
		"type" : "ARMOR",
		"category" : "GS_equipment",	
		"id" : "GS_eq_toolbelt2",
		"name" : "超凡者战术腰带",
		"name_plural" : "超凡者战术腰带",
		"description" : "智力专长具现的辅助装备，更强的工具性能、收纳2把武器的战术空间，具取火、开锁、时钟、气侯计等功能。",
		"color" : "brown",
		"symbol" : "[",
        "material" : ["super_mt","steel"],
		"volume" : 10,
		"weight" : 1200,
		"storage" : 22,
		"use_action":
			[
				{
				"type": "holster",
				"max_volume": 10,
				"min_volume": 1,
				"draw_cost": 90,
				"multi": 2,
				"skills": ["smg", "pistol", "shotgun", "rifle", "launcher", "archery", "throw"],
				"flags": ["SHEATH_KNIFE","BELT_CLIP"]
				},
				{
				"type": "firestarter",
				"moves": 100,
				"moves_slow": 2000
				},
				{
				"type": "picklock",
				"pick_quality": 20
				},
				"HAMMER"
			],
		"qualities": [ ["HAMMER", 3],["HAMMER_FINE", 2],["SAW_W", 3],["SAW_M", 3],["SAW_M_FINE", 2],["WRENCH", 3],["WRENCH_FINE", 2],["SCREW", 2],["SCREW_FINE", 2],["CUT",2],["CUT_FINE",3],["BUTCHER", 30] ],
		"flags" : ["SUPER_FANCY","WAIST","WATCH","ALARMCLOCK","THERMOMETER","HYGROMETER","BAROMETER"]
	},{
		"id": "GS_tool_repairkit",
		"type": "TOOL",
		"category" : "GS_tool",
		"name": "超凡维修组(金工模式)",
		"description": "智力向制造专长的特级工具组，能强化超凡材质、校准枪械、修复各种物件，有两种模式对应不同材质，使用「开启」功能切换模式。\n \n※金工模式：校准枪械、修复金属材质。\n※细工模式：强化超凡装备、修复柔性物质。",
		"symbol": ";",
		"color": "light_gray",
		"material" : ["super_mt"],
		"volume": 6,
		"weight": 1200,
		"bashing" : 15,
		"to_hit" : -2,
		"qualities": [ ["WELD",3],["CHISEL",3],["HAMMER_FINE",3],["SAW_M_FINE",3],["WRENCH_FINE",3],["SCREW_FINE",3] ],
		"use_action":
		[
			{
            "type": "transform",
            "msg": "你将维修组调整为细工模式",
            "target": "GS_tool_repairkit2"
			},
			"GUN_REPAIR",			
			{
			"type": "repair_item",
			"item_action_type" : "repair_metal",
			"materials": 
				["iron", "steel", "hardsteel", "kevlar", "gold", "silver", "copper", "aluminum", "plastic"],
			"skill": "mechanics",
			"cost_scaling": 0.1,
			"move_cost": 250,
			"tool_quality": 10
			}
		]
	},{
		"id": "GS_tool_repairkit2",
		"type": "TOOL",
		"category" : "GS_tool",
		"name": "超凡维修组(细工模式)",
		"description": "智力向制造专长的特级工具组，能强化超凡材质、校准枪械、修复各种物件，有两种模式对应不同材质，使用「开启」功能切换模式。\n \n※金工模式：校准枪械、修复金属/基础材质。\n※细工模式：强化超凡装备、修复柔性物质。",
		"symbol": ";",
		"color": "light_gray",
		"material" : ["super_mt"],
		"volume": 6,
		"weight": 1200,
		"bashing" : 15,
		"to_hit" : -2,
		"qualities": [ ["SEW",3],["KNIT",3] ],
		"use_action":
		[
			{
            "type": "transform",
            "msg": "你将维修组调整为金工模式",
            "target": "GS_tool_repairkit"
			},
			{
			"type": "repair_item",
			"item_action_type" : "repair_fabric",
			"materials": 
				["cotton", "leather", "wool", "fur", "nomex", "neoprene"],
			"skill": "tailor",
			"cost_scaling": 0.1,
			"tool_quality": 10,
			"move_cost": 400
			},
			{
			"type": "repair_item",
			"item_action_type" : "repair_metal",
			"materials": ["super_mt","merit_mt","GS_int_sheild"],
			"skill": "GS_int",
			"cost_scaling": 0.5,
			"move_cost": 500,
			"tool_quality": 10
			}
		]
	},{
		"id" : "GS_eq_int2_bag",
		"type" : "ARMOR",
		"category" : "GS_equipment",
		"name" : "空间储戒i",
		"name_plural" : "空间储戒i",
		"description" : "智力专长凝结的辅助装备，提供额外的空间。",
		"color" : "brown",
		"storage" : 30,
		"symbol" : "[",
        "material" : ["super_mt","steel"]
	},{
		"type" : "ARMOR",
		"id" : "GS_eq_int3_bag",
		"copy-from": "GS_eq_int2_bag",
		"name" : "空间储戒ii",
		"name_plural" : "空间储戒ii",
		"storage" : 62
	},{
		"type" : "ARMOR",
		"id" : "GS_eq_int4_bag",
		"copy-from": "GS_eq_int2_bag",
		"name" : "空间储戒iii",
		"name_plural" : "空间储戒iii",
		"storage" : 125
	},{
		"type" : "ARMOR",
		"id" : "GS_eq_int5_bag",
		"copy-from": "GS_eq_int2_bag",
		"name" : "空间储戒iv",
		"name_plural" : "空间储戒iv",
		"storage" : 255
	},{
		"//":"采用其他材质是为了在上面刻字、标签",
        "type" : "ARMOR",
        "id" : "GS_eq_support_sword",
		"category" : "GS_weapon",
        "name" : "空间剑鞘",
		"name_plural": "空间剑鞘",
        "description" : "空间系辅助装备，收纳1把剑系武器，使用(a)收/取。",
        "material" : ["super_mt","steel"],
        "color" : "ltgray",
        "symbol" : "#",
		"volume" : 4,
		"weight" : 500,
        "use_action" : {
            "type": "holster",
            "holster_prompt": "收剑",
            "holster_msg": "You sheath your %s",
            "max_volume": 30,
			"min_volume": 1,
            "draw_cost": 90,
            "flags": ["SHEATH_SWORD","SHEATH_KNIFE"]
		}
	},{
        "type" : "ARMOR",
        "id" : "GS_eq_support_gun",
 		"category" : "GS_weapon",
        "name" : "空间枪套",
		"name_plural": "空间枪套",
        "description" : "空间系辅助装备，收纳1把远程武器，使用(a)收/取。",
        "material" : ["super_mt","steel"],
		"symbol" : "#",
		"color" : "ltgray",
		"volume" : 4,
		"weight" : 500,
		"use_action" : {
			"type": "holster",
            "holster_prompt": "收枪",
			"max_volume": 30,
			"min_volume": 1,
			"draw_cost": 90,
			"skills": ["smg", "pistol", "shotgun", "rifle", "launcher", "archery"]
		}
	},{
        "type" : "ARMOR",
        "id" : "GS_eq_support_quiver",
 		"category" : "GS_equipment",
        "name" : "空间箭袋",
		"name_plural": "空间箭袋",
        "color" : "brown",
        "symbol" : "[",
        "description" : "空间系辅助装备，利用折叠空间储存箭矢，可容纳40支箭，使用(a)放入箭矢。",
		"material" : ["super_mt","steel"],
		"volume" : 2,
		"weight" : 200,
		"flags": ["BELTED"],
        "use_action" : {
            "type": "bandolier",
            "capacity": 40,
            "ammo": [ "arrow", "bolt", "thrown", "GOS_merit_ammo" ],
            "draw_cost": 20
        }
	},{
        "type" : "ARMOR",
        "id" : "GS_eq_support_magpouch",
 		"category" : "GS_equipment",
        "name" : "空间弹袋",
		"name_plural": "空间弹袋",
        "color" : "brown",
        "symbol" : "[",
        "description" : "空间系辅助装备，收纳2组弹匣，使用(a)收/取。",
		"material" : ["super_mt","steel"],
		"volume" : 2,
		"weight" : 180,
		"flags": ["WATER_FRIENDLY","WAIST"],
        "use_action" : {
			"type": "holster",
			"holster_prompt": "Stash ammo",
			"holster_msg": "You stash your %s.",
			"max_volume": 6,
			"min_volume": 1,
			"multi": 2,
			"draw_cost": 40,
			"flags": [ "MAG_COMPACT","MAG_BULKY" ]
        }
	},{
        "type" : "ARMOR",
        "id" : "GS_eq_support_bandolier",
 		"category" : "GS_equipment",
        "name" : "空间弹带",
		"name_plural": "空间弹带",
        "color" : "brown",
        "symbol" : "[",
        "description" : "空间系辅助装备，收纳12发子弹，使用(a)收/取。",
		"material" : ["super_mt","steel"],
		"volume" : 1,
		"weight" : 200,
		"use_action": {
			"type": "bandolier",
			"capacity": 12,
			"draw_cost": 20,
			"ammo": [ 
					"32", "762x25", "38", "40", "44", "45", "9x18", "9mm", "454", "500",
					"22", "223", "5x50", "545x39", "3006", "308", "300", "762", "762R", "8x40mm",
					"shot", "20x66mm",
					"metal_rail",
					"Element_bullet_type"
					]
			},
		"flags": [ "WATER_FRIENDLY","WAIST" ]
	},{
		"type": "TOOL",
		"id": "GS_tool_shovel_WJQ500",
		"category" : "GS_tool",
		"name": "万能军铲WJQ500",
		"description": "制造专长具现的多功能工兵铲，参考华国军铲WJQ308设计，集挖坑、伐木、凿壁、剪钳、翻土等功能，折叠设计让它可以收纳到剑鞘里。",
		"material": "super_mt",
		"symbol": "/",
		"color": "dark_gray",
		"weight": 1100,
		"volume": 5,
		"to_hit": 1,
		"bashing": 12,
		"cutting": 12,
		"techniques": ["WBLOCK_1","BRUTAL"],
		"qualities": [ ["CUT",1],["DIG",3],["AXE",2],["SAW_W",2],["PRY",3],["COOK",1],["HAMMER",3],["BUTCHER",10] ],
		"use_action":
			[
				"CROWBAR","BOLTCUTTERS","PICKAXE","MAKEMOUND"
			],
		"flags": [ "DURABLE_MELEE", "SHEATH_SWORD", "BELT_CLIP" ]
	},{
        "type":"TOOL",
        "id": "GS_tool_fire",
		"sub": "fire",
		"category" : "GS_tool",
        "name": "不灭之火",
        "description": "超凡感性渲染的具现火焰，拿在手上时提供照明，亦可点燃物品或加热食物。",
        "symbol": "$",
		"material": ["super_mt"],
        "color": "red",
		"artifact_data" : {"effects_wielded": ["AEP_GLOW"]},
		"use_action": [
			{
			"type": "firestarter",
			"moves": 25
			},
			"HOTPLATE"
		],
		"flags": [ "FIRE","FLAMING","UNBREAKABLE_MELEE","UNARMED_WEAPON" ]
	},{
		"id": "GS_tool_fireblock",
		"type": "TOOL",
		"category" : "GS_item",
		"symbol": "?",
		"color": "red",
		"name": "烧烤宝典",
		"description": "超凡道具，使用者暂时免疫接近高温的负面状态(着火、水泡)，但无法免除火焰直伤，激活消耗15天命铜币，效果持续3分钟。\n \n备注：大家有没有想过烧烤架上的肉是什么感受呀？",
		"material" : ["super_mt"],
		"ammo": "destiny_copper_type",
		"max_charges": 30,
		"initial_charges": 30,
		"charges_per_use": 15,
		"use_action": [
			{
			"type" : "consume_drug",
			"activation_message" : "烧烤宝典启动！时效3分钟。",
			"effects" : [ { "id" : "book_fireblock", "duration" : 30 } ],
			"moves": 0
			}
		]
	},{
		"id": "GS_tool_acidblock",
		"type": "TOOL",
		"category" : "GS_item",
		"symbol": "?",
		"color": "green",
		"name": "酸灼宝典",
		"description": "超凡道具，使用者暂时免疫酸液腐蚀的负面持续状态，但无法免除酸液直伤，激活时消耗10天命铜币，效果持续1分钟。\n \n备注：大家有想过被盐酸清洗的马桶是什么感受吗？",
		"material" : ["super_mt"],
		"ammo": "destiny_copper_type",
		"max_charges": 30,
		"initial_charges": 30,
		"charges_per_use": 10,
		"use_action": [
			{
			"type" : "consume_drug",
			"activation_message" : "酸灼宝典启动！时效1分钟。",
			"effects" : [ { "id" : "book_acidblock", "duration" : 30 } ],
			"moves": 0
			}
		]
	},{
		"id": "GS_tool_shockblock",
		"type": "TOOL",
		"category" : "GS_item",
		"symbol": "?",
		"color": "green",
		"name": "电击宝典",
		"description": "超凡道具，使用者暂时免疫电击造成的状态与伤害，激活后每回合消耗2天命币。\n \n备注：第一眼看到你，我就被电到了！",
		"material" : ["super_mt"],
		"ammo": "destiny_copper_type",
		"max_charges": 30,
		"use_action": {
			"type": "transform",
			"msg": "电击宝典启动！",
			"target": "GS_tool_shockblock_act",
			"active": true,
			"need_charges": 4,
			"need_charges_msg": "电击宝典需要足够的天命币才能启动。"
			}
	},{
		"id": "GS_tool_shockblock_act",
		"type": "TOOL",
		"category" : "GS_item",
		"symbol": "?",
		"color": "green",
		"name": "电击宝典",
		"description": "超凡道具，使用者暂时免疫电击，每回合(6秒)消耗2天命币。",
		"material" : ["super_mt"],
		"ammo": "destiny_copper_type",
		"max_charges": 30,
		"charges_per_use": 2,
		"turns_per_charge": 1,
		"artifact_data" : {
			  "effects_carried": ["AEP_RESIST_ELECTRICITY"]
			},
		"use_action": {
			"type": "transform",
			"msg": "电击宝典的效果关闭",
			"target": "GS_tool_shockblock"
			},
		"revert_to": "GS_tool_shockblock"
	},{
		"id": "GS_tool_block_hot",
		"type": "TOOL",
		"category" : "GS_item",
		"symbol": "?",
		"color": "red",
		"name": "凝冰符",
		"description": "感性特质凝聚的符箓，渲染水气环绕周身，暂时压制高温造成的热状态，对既有的烧烫伤没有效果(水泡、着火)，激活时消耗10天命铜币，持续20分钟。",
		"material" : ["super_mt"],
		"ammo": "destiny_copper_type",
		"max_charges": 30,
		"charges_per_use": 10,
		"use_action": [
			{
			"type" : "consume_drug",
			"activation_message" : "凝冰符启动，水雾在体表周围流转。",
			"effects" : [ { "id" : "GOS_block_hot", "duration" : 200 } ],
			"moves": 0
			}
		]
	},{
		"id": "GS_tool_block_cold",
		"type": "TOOL",
		"category" : "GS_item",
		"symbol": "?",
		"color": "red",
		"name": "升阳符",
		"description": "感性特质凝聚的符箓，能唤起阳气，暂时压制低温造成的负面状态(寒冷、冻伤)，激活时消耗10天命铜币，持续20分钟。",
		"material" : ["super_mt"],
		"ammo": "destiny_copper_type",
		"max_charges": 30,
		"charges_per_use": 10,
		"use_action": [
			{
			"type" : "consume_drug",
			"activation_message" : "升阳符启动，一股暖劲驱除了寒意。",
			"effects" : [ { "id" : "GOS_block_cold", "duration" : 200 } ],
			"moves": 0
			}
		]
	},{
		"type" : "TOOL_ARMOR",
		"id" : "GS_eq_per1_mp3",
		"category" : "GS_equipment",
		"symbol" : "#",
		"color" : "blue",
		"name" : "天天静听",
		"description" : "感性特质具现的音乐播放器，依使用者的意念演奏，感知越强心情加成越高，使用时速度-10，与乐器/MP3的效果不叠加。\n \n※立體環繞音效，周围的人都听得到！",
		"material" : ["super_mt"],
		"use_action": {
			"type": "musical_instrument",
			"speed_penalty": 10,
			"volume": 10,
			"fun": -5,
			"fun_bonus": 3,
			"description_frequency": 100,
			"descriptions": [
				"天天静听正在播放：『It's my life~It's now or never.』",
				"天天静听正在播放：『死了都要爱，不淋漓尽致不痛快~』",
				"天天静听正在播放：『修炼爱情的悲欢、我们这些努力不简单，快乐炼成泪水 是一种勇敢。』"
			]
		}
	},{		
		"type" : "TOOL_ARMOR",
		"id" : "GS_eq_per3_mp3",
		"category" : "GS_equipment",
		"symbol" : "#",
		"color" : "blue",
		"name" : "天天静听(专业版)",
		"description" : "感性特质具现的音乐播放器v2.0，依使用者的意念演奏，感知强化心情加成，使用时速度-5，与乐器/MP3的效果不叠加。\n \n※该装备等级已封顶。",
		"material" : ["super_mt"],
		"use_action": {
			"type": "musical_instrument",
			"speed_penalty": 5,
			"volume": 5,
			"fun": -5,
			"fun_bonus": 4,
			"description_frequency": 100,
			"descriptions": [
				"天天静听正在播放：『It's my life~It's now or never.』",
				"天天静听正在播放：『谁知道我们 该梦归何处』",
				"天天静听正在播放：『死了都要爱，不淋漓尽致不痛快~』",
				"天天静听正在播放：『眼前荒沙瀰漫了等候、耳边传来孱弱的呼救，追赶要我爱的不保留』",	
				"天天静听正在播放：『修炼爱情的悲欢、我们这些努力不简单，快乐炼成泪水 是一种勇敢。』",			
				"天天静听正在播放：『我们插手已发生的过去、挥霍大好现在，却指望不一定的未来。』"
			]
		}
	},{
		"id": "GS_PER_earmuff",
		"type": "ARMOR",
		"category" : "GS_equipment",	
		"name": "听觉耳饰",
		"description": "精通听觉的超凡者必备，透过反向声波抵免伤害性的巨响，避免过度敏锐的感官受到伤害，装备(W)生效。",
		"material": [ "super_mt" ],
		"symbol": "[",
		"color": "light_gray",
		"flags": [ "PARTIAL_DEAF" ]
	},{	
		"id": "GS_tool_per3_crystal",
		"type": "TOOL",
		"category" : "GS_tool",
		"symbol": "@",
		"color": "light_cyan",
		"name": "灵视水晶",
		"name_plural" : "灵视水晶",
		"description": "特质「天眼」凝聚的水晶球，增幅使用者的超感知，拿在手上能施展透视，代价是降低其他属性。随时间自动充能，使用它能勘查大地图。",
		"material": ["glass", "super_mt"],
		"max_charges": 30,
		"initial_charges": 30,
		"charges_per_use": 30,
		"artifact_data" : {
			"charge_type": "ARTC_TIME",
			"effects_wielded": ["AEP_CLAIRVOYANCE_PLUS","AEP_SPEED_DOWN","AEP_PER_UP","AEP_PER_UP","AEP_PER_UP","AEP_ALL_DOWN","AEP_ALL_DOWN"],
		    "effects_activated": ["AEA_MAP"]
		},
		"use_action": "ARTIFACT",
		"flags" : ["NO_UNLOAD","FRAGILE","ZOOM"]
	},{
		"id": "GS_item_per4_godeye",
		"type": "TOOL",
		"category" : "GS_item",
		"symbol": "!",
		"color": "cyan",
		"name": "灵视术─天人之眼",
		"name_plural": "灵视术─天人之眼",
		"description": "大范围透视周围的上帝视角，时效1分钟。",
		"material" : ["super_mt"],
		"max_charges": 1,
		"initial_charges": 1,
		"charges_per_use": 1,
		"use_action": 
			{
			"type": "transform",
			"msg": "你激发了天人之眼",
			"target": "GS_item_per4_godeye_active",
			"active": true
			}
	},{
		"id": "GS_item_per4_godeye_active",
		"type": "TOOL",
		"category" : "GS_item",
		"symbol": "@",
		"color": "cyan",
		"name": "天人之眼",
		"name_plural": "天人之眼",
		"description": "大范围透视周围的上帝视角，时效1分钟。",
		"material" : ["super_mt"],
		"turns_per_charge": 9,
        "artifact_data" : {
            "effects_carried": ["AEP_SUPER_CLAIRVOYANCE"]
        }
	},{
		"id": "GS_eq_legended_badge",
        "type" : "TOOL_ARMOR",	
		"category" : "GS_equipment",
        "name" : "传说徽章",
		"name_plural": "传说徽章",
        "description" : "在超凡者游戏登峰造极的玩家之证，配戴时全属性+2，附带传说技能。\n \n主动技：传说光辉，全属性+5，速度+40，體力恢复+8，时效10分钟，冷却时间12小时。",
        "symbol" : "[",
        "color" : "ltgray",
		"material" : ["super_mt"],
		"max_charges": 12,
		"initial_charges": 12,	
		"charges_per_use": 12,	
		"artifact_data" :
			{
			"charge_type": "ARTC_TIME",
			"effects_worn": ["AEP_ALL_UP"]	
			},
		"use_action" : {
            "type" : "consume_drug",
			"moves" : 0,
            "activation_message" : "传说的光辉发动，10分钟内大幅提升全属性！",
            "effects" : [ { "id" : "Legend_light", "duration" : 100 } ]
        },
		"flags" : ["SUPER_FANCY"]
	}
]