[
	{
		"type": "mapgen",
		"method": "json",
		"om_terrain": [
			[ "corrupted_school_nw", "corrupted_school_n", "corrupted_school_ne" ],
			[ "corrupted_school_w", "corrupted_school_ce", "corrupted_school_e" ],
			[ "corrupted_school_sw", "corrupted_school_s", "corrupted_school_se" ]
		],
		"weight": 250,
		"object": {
			"fill_ter": "t_dirt",
			"rows": [
				"ssssssss_______sssssssssssssssssssssssssssssssssssssssssssssssssssssssss",
				"s$$   $$_______$$   $$ssssssssssssssssssssssssssssssssssssssssssssssssss",
				"sLLLLLLL_______LLLLLLLss                  sss                         ss",
				"s_____________________ss                 $sss$  |--------------------|ss",
				"s_____________________ss  $$$$$$$$$$$$    sss   |....................|ss",
				"s_____________________ss  $|-www--www-|  $sss$  |....................=ss",
				"sLLLLLLL_______LLLLLLLss  $|^........d|   sss   |..----------------..|  ",
				"s_____________________ss  $wdh..tt..hd|  $sss$  |....................|  ",
				"s_____________________ss  $wddd.tt..dd|   sss   |---..............---|  ",
				"s_____________________ss  $w..........|-w-+++-w-|....................|  ",
				"sLLLLLLL_______LLLLLLLss  $w...ccccccc|.........|..hhhhhhh..hhhhhhh..|  ",
				"s_____________________ss  $w..........+.........+....................|  ",
				"s_____________________ss  $|..........+.........+..hhhhhhh..hhhhhhh..|  ",
				"s_____________________ss  $|.#####....|.........|....................|  ",
				"sLLLLLLL_______LLLLLLLss  ||------|...|l.......l|..hhhhhhh..hhhhhhh..|  ",
				"s_____________________ss  |..d....|..h|l.......l|....................|  ",
				"s_____________________ss  w.hd..h.|..h|l.......l|..hhhhhhh..hhhhhhh..|  ",
				"s_____________________ss  w..d....+..h|l.......l|....................|  ",
				"sLLLLLLL_______LLLLLLLss  |.......|..h|l.......l|..hhhhhhh..hhhhhhh..|  ",
				"s_____________________ss $|-------|...|l.......l|....................|  ",
				"s_____________________ss  |..c....|...|l.......l|..hhhhhhh..hhhhhhh..|  ",
				"s_____________________ss  W.hd....+...|l.......l|....................|  ",
				"sLLLLLLL_______LLLLLLLss  W..x..h.|-+-|l.......l|....................|  ",
				"ssssssssssssssssssssssss  W.....h.|...|l........|--++----++--|-------|| ",
				"ssssssssssssssssssssssss $|lcc...^|l.l|l.....................|..ttt..l| ",
				"|--------|-DD-------------|-------|---|......................+........w ",
				"|l...hd..|......................................^ccc^ccc^....|.h.h.h.hw ",
				"w...ddd..+...................................................|.d.d.d.dw ",
				"w........|...................................................|.h.h.h.hw ",
				"w........|....|--------|-------++-----|........|--------|....|.d.d.d.d| ",
				"wd.d.d.d.|....|..ttt..l|ddd..c........|........|l...hd..|....|.h.h.h.h| ",
				"|h.h.h.h.|....+........|dh...c........|........|...ddd..+....|.d.d.d.dw ",
				"|d.d.d.d.|....|.h.h.h.h|....hc...htth.|ww-++-ww|........|....|........w ",
				"wh.h.h.h.|....|.d.d.d.d|t....c...htth.|........|........|....|........w ",
				"wd.d.d.d.|....|.h.h.h.h|cc.ccc........|hhh..hhh|d.d.d.d.|....+...ddd..w ",
				"wh.h.h.h.|....|.d.d.d.d|.........htth.|xxx..xxx|h.h.h.h.|....|...dh..l| ",
				"w........+....|.h.h.h.h|.........htth.|........|d.d.d.d.|....|--------| ",
				"|l..ttt..|....|.d.d.d.d|ooooo.........|hhh..hhh|h.h.h.h.|....|..ttt..l| ",
				"|--------|....|........|--|..........o|xxx..xxx|d.d.d.d.|....+........w ",
				"|l...hd..|....|........|T.|.o.o.o....o|.....cxc|h.h.h.h.|....|.h.h.h.hw ",
				"w...ddd..+....+...ddd..|S.|.o.o.o....o|......hc|........+....|.d.d.d.dw ",
				"w........|....|...dh..l|-+|.o.o.o....o|--------|l..ttt..|....|.h.h.h.hw ",
				"w........|....|--------|.......................|--------|....|.d.d.d.d| ",
				"wd.d.d.d.|....|...dh..l|..............oooooooo.|k...hd..|....|.h.h.h.h| ",
				"|h.h.h.h.|....+...ddd..|-+|.o.o.o.o............|...ddd..+....|.d.d.d.dw ",
				"|d.d.d.d.|....|........|S.|.o.o.o.o...oooooooo.|........|....|........w ",
				"wh.h.h.h.|....|........|T.|.o.o.o.o............|........|....|........w ",
				"wd.d.d.d.|....|.d.d.d.d|--|.o.o.o.o...oooooooo.|d.d.d.d.|....+...ddd..w ",
				"wh.h.h.h.|....|.h.h.h.h|g.+....................|h.h.h.h.|....|...dh..l| ",
				"w........+....|.d.d.d.d|----www-wwww--wwww-www-|d.d.d.d.|....|----|-|-| ",
				"|l..ttt..|....|.h.h.h.h|                       |h.h.h.h.|....|SSS.|T|T| ",
				"|-|-|----|....|.d.d.d.dw                       wd.d.d.d.|....|....|+|D| ",
				"|T|T|.SSS|....|.h.h.h.hw                       wh.h.h...|....bh.......| ",
				"|+|+|....|....+........w       $$       $$     w........+....|--------| ",
				"|........+....|..ttt.ll|      $$  sssss  $$    |k..ttt..|....|kk.ttt.k| ",
				"|------|-|....|----|-|-|     $$  sssssss  $$   |-|-|----|....+........w ",
				"=....+r|g+....|SSS.|T|T|     $$  sssOsss  $$   |T|T|.SSS|....|........w ",
				"|e...--|-|....|....|+|+|     $$  sssssss  $$   |+|+|....|....|Scc..ccSw ",
				"wc......O|....+........|sss  $$  sssssss  $$   |........+....|........w ",
				"wc..aa..O|-++-|--------|+|s   $$  sssss  $$    |--------|....|Scc..ccS| ",
				"wc..aa..O|...............|s    $$  sss  $$     |kk..hd..|....|........| ",
				"we......c|..cccc..hhhhh..ws     $$ sss $$      w...ddd..+....|Scc..ccSw ",
				"|----..--|..chx...ttttt..ws     $$ sss $$      w........|....|........w ",
				"|eee.....c..c.....ttttt..ws     $$ sss $$      w........|....|........w ",
				"|........c........hhhhh..|s        sss         wScc..ccS|....+...ddd..w ",
				"|..ccccccc...............|ssssssssssss         |........|....|oo.dh...| ",
				"w.................hhhhh..|         sss         wScc..ccS|....|------+-| ",
				"w...........htth..ttttt..w      $$ sss $$      w........|....|k......k| ",
				"w.htth.htth.htth..ttttt..w      $$ sss $$      wScc..ccS|....+...kk..k| ",
				"w.htth.htth.htth..hhhhh..w         sss         w........+....|k..kk..k| ",
				"|.htth.htth.htth.........|ffffffffffGffffffffff|kkcccccc|-DD-|k..kk..k| ",
				"|-wwww--wwww--wwww--wwww-|                     |--wwww--|    |--------| "
			],
			"place_traps": [
				{ "//": "職員室通路の魔法陣(召喚)",
				  "trap": "tr_magic_circle_summon", "x": 35, "y": 14 },
				{ "trap": "tr_magic_circle_summon", "x": 36, "y": 14 },
				{ "trap": "tr_magic_circle_summon", "x": 37, "y": 14 },
				{ "//" : "職員室通路の魔法陣(火炎)",
				  "trap": "tr_magic_circle_fire", "x": 35, "y": 19 },
				{ "trap": "tr_magic_circle_fire", "x": 36, "y": 19 },
				{ "trap": "tr_magic_circle_fire", "x": 37, "y": 19 },
				{ "//" : "校長室の魔法陣(召喚)",
				  "trap": "tr_magic_circle_summon", "x": 30, "y": 20 },
				{ "trap": "tr_magic_circle_summon", "x": 30, "y": 21 },
				{ "trap": "tr_magic_circle_summon", "x": 30, "y": 22 },
				{ "//" : "校長室の魔法陣(ダメージ)",
				  "trap": "tr_magic_circle_drain", "x": 33, "y": 21 },
				{ "//" : "職員室、用具入れの魔法陣(召喚)",
				  "trap": "tr_magic_circle_summon", "x": 36, "y": 24 }
			],
			"terrain": {
				" ": [ "t_grass", "t_grass", "t_grass", "t_dirt" ],
				"#": [ "t_rock_floor" ],
				"$": [ "t_shrub" ],
				"+": [ "t_door_c" ],
				"-": [ "t_brick_wall" ],
				".": [ "t_rock_floor" ],
				"=": [ "t_door_metal_locked" ],
				"D": [ "t_door_locked" ],
				"b": [ "t_door_b" ],
				"G": [ "t_chaingate_c" ],
				"L": [ "t_pavement_y" ],
				"O": [ "t_column" ],
				"S": [ "t_rock_floor" ],
				"T": [ "t_rock_floor" ],
				"^": [ "t_rock_floor" ],
				"_": [ "t_pavement" ],
				"a": [ "t_rock_floor" ],
				"c": [ "t_rock_floor" ],
				"d": [ "t_rock_floor" ],
				"e": [ "t_rock_floor" ],
				"f": [ "t_chainfence_h" ],
				"g": [ "t_rock_floor" ],
				"h": [ "t_rock_floor" ],
				"k": [ "t_rock_floor" ],
				"l": [ "t_rock_floor" ],
				"o": [ "t_rock_floor" ],
				"r": [ "t_rock_floor" ],
				"s": [ "t_sidewalk" ],
				"t": [ "t_rock_floor" ],
				"w": [ "t_reinforced_glass" ],
				"W": [ "t_reinforced_glass_shutter" ],
				"x": [ "t_console_broken" ],
				"|": [ "t_brick_wall" ]
			},
			"furniture": {
				"#": [ "f_bench" ],
				"S": [ "f_sink" ],
				"T": [ "f_toilet" ],
				"^": [ "f_indoor_plant" ],
				"a": [ "f_table" ],
				"c": [ "f_counter" ],
				"d": [ "f_desk" ],
				"e": [ "f_fridge" ],
				"g": [ "f_locker" ],
				"h": [ "f_chair" ],
				"k": [ "f_locker" ],
				"l": [ "f_locker" ],
				"o": [ "f_bookcase" ],
				"r": [ "f_rack" ],
				"t": [ "f_table" ]
			},
			"toilets": { "T": {} },
			"items": {
				"a": { "item": "fast_food", "chance": 95 },
				"d": { "item": "school", "chance": 50 },
				"e": { "item": "fridge", "chance": 90 },
				"g": { "item": "cleaning", "chance": 80 },
				"k": { "item": "chem_school", "chance": 60 },
				"l": { "item": "school", "chance": 60 },
				"o": { "item": "book_school", "chance": 100 },
				"r": { "item": "cannedfood", "chance": 95 }
			},
			"place_liquids": [
				{ "//" : "駐車場部分(北西)",
				  "liquid": "h_semen", "x": [ 0, 23 ], "y": [ 0, 23 ], "repeat": [ 0, 3 ] },
				{ "liquid": "d_cum", "x": [ 0, 23 ], "y": [ 0, 23 ], "repeat": [ 0, 1 ] },
				{ "//" : "正門部分(北)",
				  "liquid": "h_semen", "x": [ 28, 47 ], "y": [ 6, 23 ], "repeat": [ 4, 8 ] },
				{ "liquid": "d_cum", "x": [ 28, 47 ], "y": [ 6, 23 ], "repeat": [ 2, 4 ] },
				{ "//" : "ホール部分(北東)",
				  "liquid": "h_semen", "x": [ 49, 68 ], "y": [ 4, 22 ], "repeat": [ 8, 24 ] },
				{ "liquid": "d_cum", "x": [ 49, 68 ], "y": [ 4, 22 ], "repeat": [ 12, 36 ] },
				{ "liquid": "blood", "x": [ 49, 68 ], "y": [ 4, 22 ], "repeat": [ 0, 3 ] },

				{ "liquid": "h_semen", "x": [ 1, 23 ], "y": [ 26, 47 ], "repeat": [ 2, 6 ] },
				{ "liquid": "d_cum", "x": [ 1, 23 ], "y": [ 26, 47 ], "repeat": [ 1, 3 ] },
				{ "liquid": "h_semen", "x": [ 24, 47 ], "y": [ 26, 47 ], "repeat": [ 2, 6 ] },
				{ "liquid": "d_cum", "x": [ 24, 47 ], "y": [ 26, 47 ], "repeat": [ 1, 3 ] },
				{ "liquid": "h_semen", "x": [ 48, 71 ], "y": [ 26, 47 ], "repeat": [ 2, 6 ] },
				{ "liquid": "d_cum", "x": [ 48, 71 ], "y": [ 26, 47 ], "repeat": [ 1, 3 ] },
				{ "liquid": "h_semen", "x": [ 1, 22 ], "y": [ 48, 53 ], "repeat": [ 2, 6 ] },
				{ "liquid": "d_cum", "x": [ 1, 22 ], "y": [ 48, 53 ], "repeat": [ 1, 3 ] },
				{ "liquid": "h_semen", "x": [ 48, 60 ], "y": [ 48, 53 ], "repeat": [ 2, 6 ] },
				{ "liquid": "d_cum", "x": [ 48, 60 ], "y": [ 48, 53 ], "repeat": [ 1, 3 ] },
				{ "liquid": "h_semen", "x": [ 1, 23 ], "y": [ 54, 70 ], "repeat": [ 2, 6 ] },
				{ "liquid": "d_cum", "x": [ 1, 23 ], "y": [ 54, 70 ], "repeat": [ 1, 3 ] },
				{ "liquid": "h_semen", "x": [ 48, 71 ], "y": [ 54, 70 ], "repeat": [ 2, 6 ] },
				{ "liquid": "d_cum", "x": [ 48, 71 ], "y": [ 54, 70 ], "repeat": [ 1, 3 ] }
			],
			"place_items": [ { "item": "abominate_inseminate_metaphor", "x": [ 49, 68 ], "y": [ 4, 23 ], "chance": 100, "repeat": [ 0, 1 ] } ],
			"place_item": [ { "item": "american_flag", "x": 36, "y": 58, "amount": 1 } ],
			"place_monsters": [
				{ "monster": "GROUP_CORRUPTED_SCHOOL", "x": [ 0, 23 ], "y": [ 0, 23 ], "repeat": [ 1, 1 ], "density": 1 },
				{ "monster": "GROUP_CORRUPTED_SCHOOL", "x": [ 57, 66 ], "y": [ 1, 23 ], "repeat": [ 1, 2 ], "density": 1 },
				{ "monster": "GROUP_CORRUPTED_SCHOOL_BLEEDINGQUEUE", "x": [ 49, 68 ], "y": [ 4, 23 ], "repeat": [ 1, 1 ], "density": 2 },
				{ "monster": "GROUP_CORRUPTED_SCHOOL", "x": [ 1, 23 ], "y": [ 26, 47 ], "repeat": [ 1, 2 ], "density": 1 },
				{ "monster": "GROUP_CORRUPTED_SCHOOL", "x": [ 24, 47 ], "y": [ 26, 47 ], "repeat": [ 1, 2 ], "density": 1 },
				{ "monster": "GROUP_CORRUPTED_SCHOOL", "x": [ 48, 71 ], "y": [ 26, 47 ], "repeat": [ 1, 2 ], "density": 1 },
				{ "monster": "GROUP_CORRUPTED_SCHOOL", "x": [ 1, 22 ], "y": [ 48, 53 ], "repeat": [ 1, 2 ], "density": 1 },
				{ "monster": "GROUP_CORRUPTED_SCHOOL", "x": [ 48, 60 ], "y": [ 48, 53 ], "repeat": [ 1, 2 ], "density": 1 },
				{ "monster": "GROUP_CORRUPTED_SCHOOL", "x": [ 1, 23 ], "y": [ 54, 70 ], "repeat": [ 1, 2 ], "density": 1 },
				{ "monster": "GROUP_CORRUPTED_SCHOOL", "x": [ 26, 46 ], "y": [ 54, 69 ], "repeat": [ 1, 2 ], "density": 1 },
				{ "monster": "GROUP_CORRUPTED_SCHOOL", "x": [ 48, 71 ], "y": [ 54, 70 ], "repeat": [ 1, 2 ], "density": 1 }
			],
			"place_monster": [
				{ "monster": "mon_goathead_demon", "x": 28, "y": 21 },
				{ "monster": "mon_demonbeing_schoolgirl", "x": 69, "y": 50 }
			],
			"place_vehicles": [
				{ "vehicle": "school_vehicles", "x": 9, "y": 7, "chance": 25, "fuel": 0, "status": 0, "rotation": 0 }
			]
		}
	}
]
