[
  {
    "id": "security_van",
    "type": "vehicle",
    "name": "Security Van",
    "blueprint": [
      [ "     o " ],
      [ "O----+-O" ],
      [ "|===|#'|" ],
      [ "+===|o'>" ],
      [ "|===|#'|" ],
      [ "O--+-+-O" ],
      [ "     o " ]
    ],
    "parts": [
      { "x": 0, "y": 1, "part": "frame_orichalcum_vertical" },
      { "x": 0, "y": 1, "part": "box" },
      { "x": 0, "y": 1, "part": "hdroof" },
      { "x": 0, "y": 0, "part": "frame_orichalcum_vertical_2" },
      { "x": 0, "y": 0, "part": "seat" },
      { "x": 0, "y": 0, "part": "seatbelt" },
      { "x": 0, "y": 0, "part": "controls" },
      { "x": 0, "y": 0, "part": "dashboard" },
      { "x": 0, "y": 0, "part": "vehicle_alarm" },
      { "x": 0, "y": 0, "part": "horn_car" },
      { "x": 0, "y": 0, "part": "hdroof" },
      { "x": 0, "y": 2, "part": "frame_orichalcum_vertical_2" },
      { "x": 0, "y": 2, "part": "seat" },
      { "x": 0, "y": 2, "part": "seatbelt" },
      { "x": 0, "y": 2, "part": "hdroof" },
      { "x": 0, "y": -1, "part": "frame_orichalcum_vertical" },
      { "x": 0, "y": -1, "part": "hddoor" },
      { "x": 0, "y": -1, "part": "plating_steel" },
      { "x": 0, "y": 3, "part": "frame_orichalcum_vertical" },
      { "x": 0, "y": 3, "part": "hddoor" },
      { "x": 0, "y": 3, "part": "plating_steel" },
      { "x": 1, "y": 1, "part": "frame_orichalcum_horizontal" },
      { "x": 1, "y": 1, "part": "reinforced_windshield" },
      { "x": 1, "y": 1, "part": "plating_steel" },
      { "x": 1, "y": 1, "part": "diesel_engine_v6" },
      { "x": 1, "y": 1, "part": "alternator_truck" },
      { "x": 1, "y": 1, "part": "battery_car" },
      { "x": 1, "y": 0, "part": "frame_orichalcum_horizontal" },
      { "x": 1, "y": 0, "part": "reinforced_windshield" },
      { "x": 1, "y": 0, "part": "plating_steel" },
      { "x": 1, "y": 2, "part": "frame_orichalcum_horizontal" },
      { "x": 1, "y": 2, "part": "reinforced_windshield" },
      { "x": 1, "y": 2, "part": "plating_steel" },
      { "x": 1, "y": -1, "part": "frame_orichalcum_vertical" },
      { "x": 1, "y": -1, "part": "reinforced_windshield" },
      { "x": 1, "y": -1, "part": "plating_steel" },
      { "x": 1, "y": -2, "part": "wing_mirror" },
      { "x": 1, "y": 3, "part": "frame_orichalcum_vertical" },
      { "x": 1, "y": 3, "part": "reinforced_windshield" },
      { "x": 1, "y": 3, "part": "plating_steel" },
      { "x": 1, "y": 4, "part": "wing_mirror" },
      { "x": 2, "y": 0, "part": "frame_orichalcum_horizontal" },
      { "x": 2, "y": 0, "part": "hdhalfboard_horizontal_2" },
      { "x": 2, "y": 0, "part": "plating_steel" },
      { "x": 2, "y": 1, "part": "hdframe_cover" },
      { "x": 2, "y": 1, "part": "hdhalfboard_horizontal_2" },
      { "x": 2, "y": 1, "part": "plating_steel" },
      { "x": 2, "y": 2, "part": "frame_orichalcum_horizontal" },
      { "x": 2, "y": 2, "part": "hdhalfboard_horizontal_2" },
      { "x": 2, "y": 2, "part": "plating_steel" },
      { "x": 2, "y": -1, "part": "frame_orichalcum_nw" },
      { "x": 2, "y": -1, "part": "hdhalfboard_nw" },
      { "x": 2, "y": -1, "part": "headlight_reinforced" },
      { "x": 2, "y": -1, "parts": [ "wheel_mount_medium_steerable", "wheel_wide" ] },
      { "x": 2, "y": -1, "part": "plating_steel" },
      { "x": 2, "y": 3, "part": "frame_orichalcum_ne" },
      { "x": 2, "y": 3, "part": "hdhalfboard_ne" },
      { "x": 2, "y": 3, "part": "headlight_reinforced" },
      { "x": 2, "y": 3, "parts": [ "wheel_mount_medium_steerable", "wheel_wide" ] },
      { "x": 2, "y": 3, "part": "plating_steel" },
      { "x": -1, "y": 0, "part": "frame_orichalcum_horizontal" },
      { "x": -1, "y": 0, "part": "hdboard_horizontal" },
      { "x": -1, "y": 0, "part": "plating_steel" },
      { "x": -1, "y": 1, "part": "frame_orichalcum_horizontal" },
      { "x": -1, "y": 1, "part": "hdboard_horizontal" },
      { "x": -1, "y": 1, "part": "plating_steel" },
      { "x": -1, "y": 2, "part": "frame_orichalcum_horizontal" },
      { "x": -1, "y": 2, "part": "hdboard_horizontal" },
      { "x": -1, "y": 2, "part": "plating_steel" },
      { "x": -1, "y": -1, "part": "frame_orichalcum_sw" },
      { "x": -1, "y": -1, "part": "hdboard_sw" },
      { "x": -1, "y": -1, "part": "plating_steel" },
      { "x": -1, "y": -1, "part": "tank", "fuel": "diesel" },
      { "x": -1, "y": 3, "part": "frame_orichalcum_se" },
      { "x": -1, "y": 3, "part": "hdboard_se" },
      { "x": -1, "y": 3, "part": "tank", "fuel": "diesel" },
      { "x": -1, "y": 3, "part": "plating_steel" },
      { "x": -2, "y": 0, "part": "frame_orichalcum_vertical" },
      { "x": -2, "y": 0, "part": "trunk" },
      { "x": -2, "y": 0, "part": "hdroof" },
      { "x": -2, "y": 1, "part": "frame_orichalcum_vertical" },
      { "x": -2, "y": 1, "part": "aisle_horizontal" },
      { "x": -2, "y": 1, "part": "hdroof" },
      { "x": -2, "y": 2, "part": "frame_orichalcum_vertical" },
      { "x": -2, "y": 2, "part": "aisle_horizontal" },
      { "x": -2, "y": 2, "part": "hdroof" },
      { "x": -2, "y": -1, "part": "frame_orichalcum_vertical" },
      { "x": -2, "y": -1, "part": "hdboard_vertical" },
      { "x": -2, "y": -1, "part": "hdroof" },
      { "x": -2, "y": -1, "part": "plating_steel" },
      { "x": -2, "y": 3, "part": "frame_orichalcum_vertical" },
      { "x": -2, "y": 3, "part": "hddoor_opaque" },
      { "x": -2, "y": 3, "part": "hdroof" },
      { "x": -2, "y": 3, "part": "plating_steel" },
      { "x": -3, "y": 0, "part": "frame_orichalcum_horizontal" },
      { "x": -3, "y": 0, "part": "trunk" },
      { "x": -3, "y": 0, "part": "hdroof" },
      { "x": -3, "y": 1, "part": "frame_orichalcum_horizontal" },
      { "x": -3, "y": 1, "part": "aisle_horizontal" },
      { "x": -3, "y": 1, "part": "hdroof" },
      { "x": -3, "y": 2, "part": "frame_orichalcum_horizontal" },
      { "x": -3, "y": 2, "part": "seat" },
      { "x": -3, "y": 2, "part": "seatbelt" },
      { "x": -3, "y": 2, "part": "hdroof" },
      { "x": -3, "y": -1, "part": "frame_orichalcum_vertical" },
      { "x": -3, "y": -1, "part": "hdboard_vertical" },
      { "x": -3, "y": -1, "part": "hdroof" },
      { "x": -3, "y": -1, "part": "plating_steel" },
      { "x": -3, "y": 3, "part": "frame_orichalcum_vertical" },
      { "x": -3, "y": 3, "part": "hdboard_vertical" },
      { "x": -3, "y": 3, "part": "hdroof" },
      { "x": -3, "y": 3, "part": "plating_steel" },
      { "x": -4, "y": 0, "part": "frame_orichalcum_horizontal" },
      { "x": -4, "y": 0, "part": "trunk" },
      { "x": -4, "y": 0, "part": "hdroof" },
      { "x": -4, "y": 1, "part": "frame_orichalcum_horizontal" },
      { "x": -4, "y": 1, "part": "aisle_horizontal" },
      { "x": -4, "y": 1, "part": "hdroof" },
      { "x": -4, "y": 2, "part": "frame_orichalcum_horizontal" },
      { "x": -4, "y": 2, "part": "trunk" },
      { "x": -4, "y": 2, "part": "hdroof" },
      { "x": -4, "y": -1, "part": "frame_orichalcum_vertical" },
      { "x": -4, "y": -1, "part": "hdboard_vertical" },
      { "x": -4, "y": -1, "part": "hdroof" },
      { "x": -4, "y": -1, "part": "plating_steel" },
      { "x": -4, "y": 3, "part": "frame_orichalcum_vertical" },
      { "x": -4, "y": 3, "part": "hdboard_vertical" },
      { "x": -4, "y": 3, "part": "hdroof" },
      { "x": -4, "y": 3, "part": "plating_steel" },
      { "x": -5, "y": 0, "part": "frame_orichalcum_horizontal" },
      { "x": -5, "y": 0, "part": "hdboard_horizontal" },
      { "x": -5, "y": 0, "part": "hdroof" },
      { "x": -5, "y": 0, "part": "plating_steel" },
      { "x": -5, "y": 1, "part": "frame_orichalcum_horizontal" },
      { "x": -5, "y": 1, "part": "hddoor_opaque" },
      { "x": -5, "y": 1, "part": "hdroof" },
      { "x": -5, "y": 1, "part": "plating_steel" },
      { "x": -5, "y": 2, "part": "frame_orichalcum_horizontal" },
      { "x": -5, "y": 2, "part": "hdboard_horizontal" },
      { "x": -5, "y": 2, "part": "beeper" },
      { "x": -5, "y": 2, "part": "hdroof" },
      { "x": -5, "y": 2, "part": "plating_steel" },
      { "x": -5, "y": -1, "part": "frame_orichalcum_sw" },
      { "x": -5, "y": -1, "part": "hdboard_sw" },
      { "x": -5, "y": -1, "parts": [ "wheel_mount_medium", "wheel_wide" ] },
      { "x": -5, "y": -1, "part": "hdroof" },
      { "x": -5, "y": -1, "part": "plating_steel" },
      { "x": -5, "y": 3, "part": "frame_orichalcum_se" },
      { "x": -5, "y": 3, "part": "hdboard_se" },
      { "x": -5, "y": 3, "parts": [ "wheel_mount_medium", "wheel_wide" ] },
      { "x": -5, "y": 3, "part": "hdroof" },
      { "x": -5, "y": 3, "part": "plating_steel" }
    ],
    "items": [
      { "x": 0, "y": 1, "chance": 70, "magazine": 100, "ammo": 50, "item_groups": [ "guns_cop" ] },
      { "x": -2, "y": 0, "chance": 50, "item_groups": [ "supplies_metal_precious", "supplies_metal_precious" ] },
      { "x": -2, "y": 0, "chance": 50, "item_groups": [ "supplies_metal_precious", "supplies_metal_precious" ] },
      { "x": -3, "y": 0, "chance": 20, "item_groups": [ "supplies_metal_precious", "supplies_metal_precious" ] },
      { "x": -4, "y": 0, "chance": 20, "item_groups": [ "supplies_metal_precious", "supplies_metal_precious" ] },
      { "x": -4, "y": 0, "chance": 20, "items": [ "diamond", "diamond", "diamond", "diamond", "diamond" ] }
    ]
  }
]
