[
	{
		"//": "斧套，原版未設定min_volume，則預設為1/3*max_volume= 1080ml，將使得小於此體積的斧頭無法被收納，在此將最小收納體積修訂為750ml。 #0.E-2, 10479",
        "id" : "axe_ring",
	    "copy-from": "axe_ring",
		"name": { "str": "axe ring holster" },
        "type" : "ARMOR",
		"use_action": {
		  "type": "holster",
		  "holster_prompt": "Sheath axe",
		  "holster_msg": "You sheath your %s",
		  "min_volume": "750 ml",
		  "max_volume": "3250 ml",
		  "draw_cost": 10,
		  "flags": [ "SHEATH_AXE" ]
		}
	},{
		"//": "幸存者系列背包，2側收納彈匣",
        "id" : "survivor_runner_pack",
	    "copy-from": "survivor_runner_pack",
		"name": { "str": "survivor runner pack" },
        "type" : "ARMOR",
        "use_action" : {
			"type": "holster",
			"holster_prompt": "Stash ammo",
			"holster_msg": "You stash your %s.",
			"multi": 2,
			"min_volume": 1,
			"max_volume": 2,
			"draw_cost": 50,
			"flags": [ "MAG_COMPACT" ]
        }
	},{
        "id" : "survivor_pack",
	    "copy-from": "survivor_pack",
		"name": { "str": "survivor backpack" },
        "type" : "ARMOR",
		"use_action": {
		  "type": "holster",
		  "holster_prompt": "Stash ammo",
		  "holster_msg": "You stash your %s.",
		  "multi": 2,
		  "min_volume": 1,
		  "max_volume": 3,
		  "draw_cost": 60,
		  "flags": [ "MAG_COMPACT" ]
		}
	},{
        "id" : "survivor_rucksack",
	    "copy-from": "survivor_rucksack",
		"name": { "str": "survivor rucksack" },
        "type" : "ARMOR",
		"use_action": 
		{
		  "type": "holster",
		  "holster_prompt": "Stash ammo",
		  "holster_msg": "You stash your %s.",
		  "multi": 4,
		  "min_volume": 1,
		  "max_volume": 4,
		  "draw_cost": 60,
		  "flags": [ "MAG_COMPACT", "MAG_BULKY" ]
		}
	},{
        "id" : "survivor_duffel_bag",
	    "copy-from": "survivor_duffel_bag",
		"name": { "str": "survivor duffel bag" },
        "type" : "ARMOR",
		"use_action": 
		{
		  "type": "holster",
		  "holster_prompt": "Stash ammo",
		  "holster_msg": "You stash your %s.",
		  "multi": 4,
		  "min_volume": 1,
		  "max_volume": 4,
		  "draw_cost": 60,
		  "flags": [ "MAG_COMPACT", "MAG_BULKY" ]
		}
	}

]