 [
	{
        "id" : "flask_hip",
	    "copy-from": "bottle_plastic_small",
		"name": { "str": "隨身酒壺", "str_pl": "隨身酒壺" },
        "type" : "CONTAINER",
	    "description": "一個250毫升的金屬小壺，扁平的造型導致它容積很小，但很適合隨身攜帶，通常用來裝高濃度的酒，隨時隨地小啜一口，解饞裝逼兩不誤。\n \n※這個酒壺可以穿戴在你的後腰上，不會造成累贅，但<color_light_cyan>只限一個</color>。",
		"weight": "120 g",
		"volume": "250 ml",
		"price": 1000,
		"to_hit": 1,
		"bashing": 3,
		"material": "iron",
		"color": "light_gray",
		"qualities": [ [ "BOIL", 1 ] ],
		"armor_data": {},
	    "insulation": 2,
		"flags": [ "WAIST", "WATER_FRIENDLY", "ONLY_ONE" ]
	}
 ]