[
	{
		"//": "賦予部分家具CONTAINER標籤，拖行家具時內容物不會掉落。",
		"//": "此處無法使用copy-from格式，只能重新覆寫，所幸家具代碼更動機會不大。#0.E-2(10479)",
		"//": "更動名單：書架(f_bookcase), 展示架(f_rack), 實用貨架(f_utility_shelf), 倉儲貨架(f_warehouse_shelf)",

		"type": "furniture",
		"id": "f_bookcase",
		"name": "bookcase",
		"symbol": "{",
		"description": "Stores books.  Y'know, those things.  Who reads books anymore?",
		"color": "brown",
		"move_cost_mod": -1,
		"coverage": 80,
		"required_str": 9,
		"flags": [ "FLAMMABLE", "PLACE_ITEM", "ORGANIC", "BLOCKSDOOR", "CONTAINER" ],
		"deconstruct": 
		 {
		  "items": 
		  [
			{ "item": "2x4", "count": 12 },
			{ "item": "wood_panel", "count": [ 0, 1 ] },
			{ "item": "nail", "charges": [ 12, 16 ] }
		  ]
		 }
	},{
		"type": "furniture",
		"id": "f_rack",
		"name": "display rack",
		"description": "Display your items.",
		"symbol": "{",
		"color": "light_gray",
		"move_cost_mod": -1,
		"coverage": 70,
		"required_str": 8,
		"flags": [ "TRANSPARENT", "FLAMMABLE_HARD", "PLACE_ITEM", "BLOCKSDOOR", "MOUNTABLE", "CONTAINER" ],
		"deconstruct": {
		  "items": [
			{ "item": "pipe", "count": [ 6, 12 ] },
			{ "item": "sheet_metal", "count": [ 1, 2 ] },
			{ "item": "sheet_metal_small", "count": [ 0, 4 ] }
		  ]
		},
		"max_volume": "1750 L",
		"bash": {
		  "str_min": 6,
		  "str_max": 30,
		  "sound": "metal screeching!",
		  "sound_fail": "clang!",
		  "items": [
			{ "item": "scrap", "count": [ 2, 8 ] },
			{ "item": "steel_chunk", "count": [ 2, 4 ] },
			{ "item": "sheet_metal_small", "count": [ 6, 10 ] },
			{ "item": "pipe", "count": 1 }
		  ]
		}
	},{
		"type": "furniture",
		"id": "f_rack_wood",
		"name": "wooden rack",
		"symbol": "{",
		"description": "A simple wooden rack.  Display your items on it.",
		"color": "brown",
		"move_cost_mod": -1,
		"coverage": 70,
		"required_str": 7,
		"looks_like": "f_bookcase",
		"flags": [ "FLAMMABLE", "PLACE_ITEM", "ORGANIC", "BLOCKSDOOR", "TRANSPARENT", "CONTAINER" ],
		"deconstruct": {
		  "items": [
			{ "item": "2x4", "count": 12 },
			{ "item": "wood_panel", "count": [ 1, 2 ] },
			{ "item": "nail", "charges": [ 32, 40 ] }
		  ]
		},
		"max_volume": "1500 L",
		"bash": {
		  "str_min": 6,
		  "str_max": 40,
		  "sound": "smash!",
		  "sound_fail": "whump.",
		  "items": [ { "item": "2x4", "count": [ 2, 6 ] }, { "item": "nail", "charges": [ 20, 40 ] }, { "item": "splinter", "count": 12 } ]
		}
	},{
		"type": "furniture",
		"id": "f_utility_shelf",
		"name": "utility shelf",
		"symbol": "{",
		"looks_like": "f_rack",
		"description": "A simple heavy-duty plastic and metal shelving unit.",
		"color": "light_gray",
		"move_cost_mod": -1,
		"coverage": 55,
		"required_str": 6,
		"flags": [ "PLACE_ITEM", "BLOCKSDOOR", "EASY_DECONSTRUCT", "TRANSPARENT", "CONTAINER" ],
		"deconstruct": {
		  "items": [
			{ "item": "sheet_metal_small", "count": [ 4, 6 ] },
			{ "item": "plastic_chunk", "count": [ 2, 12 ] },
			{ "item": "pipe", "count": [ 4, 8 ] }
		  ]
		},
		"max_volume": "1500 L",
		"bash": {
		  "str_min": 16,
		  "str_max": 40,
		  "sound": "metal screeching!",
		  "sound_fail": "clang!",
		  "items": [
			{ "item": "scrap", "count": [ 4, 8 ] },
			{ "item": "plastic_chunk", "count": [ 1, 6 ] },
			{ "item": "sheet_metal_small", "count": [ 1, 4 ] },
			{ "item": "pipe", "count": 1 }
		  ]
		}
	},{
		"type": "furniture",
		"id": "f_warehouse_shelf",
		"name": "warehouse shelf",
		"description": "A large, sturdy shelf made of metal for storing pallets and crates in warehouses.",
		"symbol": "{",
		"looks_like": "f_utility_shelf",
		"color": "light_gray",
		"move_cost_mod": -1,
		"coverage": 95,
		"required_str": 10,
		"flags": [ "FLAMMABLE_HARD", "PLACE_ITEM", "BLOCKSDOOR", "CONTAINER" ],
		"deconstruct": {
		  "items": [
			{ "item": "pipe", "count": [ 6, 12 ] },
			{ "item": "sheet_metal", "count": [ 4, 8 ] },
			{ "item": "sheet_metal_small", "count": [ 0, 4 ] }
		  ]
		},
		"max_volume": "3500 L",
		"bash": {
		  "str_min": 8,
		  "str_max": 30,
		  "sound": "metal screeching!",
		  "sound_fail": "clang!",
		  "items": [
			{ "item": "scrap", "count": [ 3, 12 ] },
			{ "item": "steel_chunk", "count": [ 3, 6 ] },
			{ "item": "sheet_metal_small", "count": [ 6, 10 ] },
			{ "item": "pipe", "count": 4 }
		  ]
		}

	}
]