[
	{
		"//":"長棍系體積下調，使長棍系體積更接近長矛系。",
		"//":"不賦予長棍系遠擊的特性，保留原版的特色：長棍系面板優秀但不及遠，長矛系面板較差但能遠擊。",

        "type":"GENERIC",
        "id": "2h_flail_wood",
		"name": { "str": "peasant flail" },
	    "copy-from": "2h_flail_wood",
		"relative": { "volume": "-250 ml" }
	},{
        "type":"GENERIC",
        "id": "long_pole",
		"name": { "str": "long pole" },
	    "copy-from": "long_pole",
		"relative": { "volume": "-250 ml" }
	},{
        "type":"GENERIC",
        "id": "cudgel",
		"name": { "str": "cudgel" },
	    "copy-from": "cudgel",
		"relative": { "volume": "-250 ml" }
	},{
        "type":"GENERIC",
        "id": "q_staff",
		"name": { "str": "quarterstaff", "str_pl": "quarterstaves" },
	    "copy-from": "q_staff",
	    "proportional": { "volume": 0.7 }
	},{
        "type":"GENERIC",
        "id": "i_staff",
		"name": { "str": "ironshod quarterstaff", "str_pl": "ironshod quarterstaves" },
	    "copy-from": "i_staff",
	    "proportional": { "volume": 0.7 }
	},{
        "type":"GENERIC",
        "id": "shock_staff",
		"name": { "str": "powered quarterstaff", "str_pl": "powered quarterstaves" },
	    "copy-from": "shock_staff",
	    "proportional": { "volume": 0.7 }
	},{
        "type":"GENERIC",
        "id": "l-stick",
		"name": { "str": "L-stick (off)", "str_pl": "L-sticks (off)" },
	    "copy-from": "l-stick",
	    "proportional": { "volume": 0.7 }
	},{
        "type":"GENERIC",
        "id": "l-stick_on",
		"name": { "str": "L-stick (on)", "str_pl": "L-sticks (on)" },
	    "copy-from": "l-stick_on",
	    "proportional": { "volume": 0.7 }
	},{
		"//":"收起的甩棍可收入小刀鞘",
        "type":"GENERIC",
        "id": "baton",
		"name": { "str": "expandable baton" },
	    "copy-from": "baton",
	    "extend": { "flags": [ "SHEATH_KNIFE" ] }
	},{
        "type":"GENERIC",
        "id": "PR24-retracted",
		"name": { "str": "PR-24 baton (retracted)", "str_pl": "PR-24 batons (retracted)" },
	    "copy-from": "PR24-retracted",
	    "extend": { "flags": [ "SHEATH_KNIFE","SHEATH_SWORD" ] }
	},{
		"//":"拐棍系可收入劍鞘位",
        "type":"GENERIC",
        "id": "tonfa",
	    "copy-from": "tonfa",
		"name": { "str": "tonfa" },
	    "extend": { "flags": [ "SHEATH_SWORD" ] }
	},{
        "type":"GENERIC",
        "id": "tonfa_wood",
	    "copy-from": "tonfa_wood",
		"name": { "str": "wooden tonfa" },
	    "extend": { "flags": [ "SHEATH_SWORD" ] }
	},{
        "type":"GENERIC",
        "id": "shocktonfa_off",
	    "copy-from": "shocktonfa_off",
		"name": { "str": "tactical tonfa (off)", "str_pl": "tactical tonfas (off)" },
	    "extend": { "flags": [ "SHEATH_SWORD" ] }
	}
]