[
{
		"type" : "item_group",
		"subtype": "collection",
		"comment": "暴鲤龙掉落",	
		"id": "mon_drop_bll0",
		"entries":
	[
	{ "item": "SKJB", "count": [200,600] }
	]
},
{
		"type" : "item_group",
		"subtype": "collection",
		"comment": "暴鲤龙掉落",	
		"id": "mon_drop_bll1",
		"entries":
	[
	{ "item": "wx_baby_bll1", "count": [1,1] }
	]
},
{
		"type" : "MONSTER",
		"id" : "mon_wxkj_bll1",
		"copy-from" : "mon_wxkj_bll1",
		"death_drops": 
		{
			"subtype": "collection",
			"groups": 
		[	
    		[ "mon_drop_bll1", 10 ],
			[ "mon_drop_bll0", 90 ]
			
		]
		}
}
]