  [
  {
    "id": "mon_wxkj_bll1",
    "type": "MONSTER",
    "name": "暴鲤龙",
    "description": "暴鲤龙的外形像龙，它的外貌就像是在恐吓别人，头上有青色的向上的三个角。背上有宏字型的甲板.",
    "categories": [ "WILDLIFE" ],
    "species": [ "MAMMAL" ],
    "default_faction": "bll_family",
    "harvest": "mammal_tiny",
    "diff": 30,
    "size": "LARGE",
    "volume": "5 ml",
    "weight": 10,
    "hp": 788,
    "speed": 287,
    "material": [ "flesh" ],
    "symbol": "U",
    "color": "light_gray",
    "aggression": 80,
    "morale": 100,
    "melee_skill": 9,
    "melee_dice_sides": 10,
    "melee_dice": 2,
    "melee_cut": 48,
    "melee_bash": 76,
    "dodge": 7,
    "armor_bash": 22,
    "armor_cut": 33, 
    "vision_day": 60,
    "vision_night": 40,
    "path_settings": { "max_dist": 60 },
    "anger_triggers": [ "HURT", "FRIEND_ATTACKED","FRIEND_DIED",  "PLAYER_CLOSE","STALK"],
    "placate_triggers": [ "MEAT" ],
    "reproduction": { "baby_monster": "mon_wxkj_lyw1", "baby_count": 1, "baby_timer": 365 },
    "baby_flags": [ "SPRING", "SUMMER", "AUTUMN" ],
     "special_attacks": 
     [
     [ "wxkj_phsg", 30 ],
     {
        "cooldown":35,
        "type": "gun",
        "gun_type": "wxkj_JN_phsg",
        "fake_skills": [ [ "gun", 20 ], [ "rifle", 9 ] ],
        "range": 30,
        "ranges": [ [ 0, 30, "AUTO" ] ],
        "require_targeting_npc": true,    
        "require_targeting_monster": true,    
        "laser_lock": true,   
        "targeting_cost": 50,     
        "targeting_timeout_extend": -10,
        "targeting_sound": "\"吼! (暴鲤龙身旁凝聚着浓郁的能量)\"",   
        "targeting_volume": 150,    
        "require_sunlight": false
      }
     ],   
    "death_function": [ "MELT" ],
    "flags": [ "SEES", "HEARS", "SMELLS", "ANIMAL", "PATH_AVOID_DANGER_2", "WARM", "FUR",  "FAT","DOGFOOD",
   "PET_MOUNTABLE","SWIMS"
      ]
  }
  
  ]