  [
  {
    "id": "mon_wxkj_lyw1",
    "type": "MONSTER",
    "name": "鲤鱼王",
    "description": "鲤鱼王是一条红色的鱼，它也有像鲶鱼的长丝在口边，头上就戴着一个金色的王冠。",
    "categories": [ "WILDLIFE" ],
    "species": [ "MAMMAL" ],
    "default_faction": "bll_family",
    "harvest": "mammal_tiny",
    "diff": 2,
    "size": "TINY",
    "volume": "5 ml",
    "weight": 10,
    "hp": 95,
    "speed": 81,
    "material": [ "flesh" ],
    "symbol": "U",
    "color": "light_gray",
    "aggression": 1,
    "morale": 100,
    "melee_skill": 1,
    "melee_dice_sides": 5,
    "melee_dice": 2,
    "melee_cut": 6,
    "melee_bash": 13,
    "dodge": 3,
    "armor_bash": 8,
    "armor_cut": 10, 
    "path_settings": { "max_dist": 15 },
    "anger_triggers": [ "HURT", "FRIEND_ATTACKED","FRIEND_DIED"],
    "placate_triggers": [ "MEAT" ],
    "fear_triggers": [ "PLAYER_CLOSE","STALK" ],   
    "upgrades":
     { "age_grow": 90, "into":"mon_wxkj_bll1" },
     "special_attacks": 
     [      
      [ "wxkj_bump", 5 ]
     ],   
    "death_function": [ "MELT" ],
    "flags": [ "SEES", "HEARS", "SMELLS", "ANIMAL", "PATH_AVOID_DANGER_2", "WARM", "FUR",  "FAT","DOGFOOD",
   "PET_MOUNTABLE","SWIMS"
      ]
  },
  {
    "id": "mon_wxkj_lyw2",
    "type": "MONSTER",
    "name": "鲤鱼王",
    "description": "鲤鱼王是一条红色的鱼，它也有像鲶鱼的长丝在口边，头上就戴着一个金色的王冠。",
    "categories": [ "WILDLIFE" ],
    "species": [ "MAMMAL" ],
    "default_faction": "bll_family",
    "harvest": "mammal_tiny",
    "diff": 2,
    "size": "TINY",
    "volume": "5 ml",
    "weight": 10,
    "hp": 95,
    "speed": 81,
    "material": [ "flesh" ],
    "symbol": "U",
    "color": "light_gray",
    "aggression": 1,
    "morale": 100,
    "melee_skill": 1,
    "melee_dice_sides": 5,
    "melee_dice": 2,
    "melee_cut": 6,
    "melee_bash": 13,
    "dodge": 3,
    "armor_bash": 8,
    "armor_cut": 10, 
    "path_settings": { "max_dist": 15 },
    "anger_triggers": [ "HURT", "FRIEND_ATTACKED","FRIEND_DIED"],
    "placate_triggers": [ "MEAT" ],
    "fear_triggers": [ "PLAYER_CLOSE","STALK" ],   
     "special_attacks": 
     [      
      [ "wxkj_bump", 5 ]
     ],   
    "death_function": [ "MELT" ],
    "flags": [ "SEES", "HEARS", "SMELLS", "ANIMAL", "PATH_AVOID_DANGER_2", "WARM", "FUR",  "FAT","DOGFOOD",
   "PET_MOUNTABLE","SWIMS"
      ]
  },
  {
    "id": "mon_wxkj_lyw3",
    "type": "MONSTER",
    "name": "鲤鱼王",
    "description": "鲤鱼王是一条红色的鱼，它也有像鲶鱼的长丝在口边，头上就戴着一个金色的王冠。",
    "categories": [ "WILDLIFE" ],
    "species": [ "MAMMAL" ],
    "default_faction": "bll_family",
    "harvest": "mammal_tiny",
    "diff": 2,
    "size": "TINY",
    "volume": "5 ml",
    "weight": 10,
    "hp": 95,
    "speed": 81,
    "material": [ "flesh" ],
    "symbol": "U",
    "color": "light_gray",
    "aggression": 1,
    "morale": 100,
    "melee_skill": 1,
    "melee_dice_sides": 5,
    "melee_dice": 2,
    "melee_cut": 6,
    "melee_bash": 13,
    "dodge": 3,
    "armor_bash": 8,
    "armor_cut": 10, 
    "path_settings": { "max_dist": 15 },
    "anger_triggers": [ "HURT", "FRIEND_ATTACKED","FRIEND_DIED"],
    "placate_triggers": [ "MEAT" ],
    "fear_triggers": [ "PLAYER_CLOSE","STALK" ],   
     "special_attacks": 
     [      
      [ "wxkj_bump", 5 ]
     ],   
    "death_function": [ "MELT" ],
    "flags": [ "SEES", "HEARS", "SMELLS", "ANIMAL", "PATH_AVOID_DANGER_2", "WARM", "FUR",  "FAT","DOGFOOD",
   "PET_MOUNTABLE","SWIMS"
      ]
  },
  {
    "id": "mon_wxkj_lyw4",
    "type": "MONSTER",
    "name": "鲤鱼王",
    "description": "鲤鱼王是一条红色的鱼，它也有像鲶鱼的长丝在口边，头上就戴着一个金色的王冠。",
    "categories": [ "WILDLIFE" ],
    "species": [ "MAMMAL" ],
    "default_faction": "bll_family",
    "harvest": "mammal_tiny",
    "diff": 2,
    "size": "TINY",
    "volume": "5 ml",
    "weight": 10,
    "hp": 95,
    "speed": 81,
    "material": [ "flesh" ],
    "symbol": "U",
    "color": "light_gray",
    "aggression": 1,
    "morale": 100,
    "melee_skill": 1,
    "melee_dice_sides": 5,
    "melee_dice": 2,
    "melee_cut": 6,
    "melee_bash": 13,
    "dodge": 3,
    "armor_bash": 8,
    "armor_cut": 10, 
    "path_settings": { "max_dist": 15 },
    "anger_triggers": [ "HURT", "FRIEND_ATTACKED","FRIEND_DIED"],
    "placate_triggers": [ "MEAT" ],
    "fear_triggers": [ "PLAYER_CLOSE","STALK" ],   
     "special_attacks": 
     [      
      [ "wxkj_bump", 5 ]
     ],   
    "death_function": [ "MELT" ],
    "flags": [ "SEES", "HEARS", "SMELLS", "ANIMAL", "PATH_AVOID_DANGER_2", "WARM", "FUR",  "FAT","DOGFOOD",
   "PET_MOUNTABLE","SWIMS"
      ]
  }
  
  
  ]