  [
   {
        "type" : "ammunition_type",
        "id" : "devil",
        "name" : "邪魔之液",
        "default" : "DEVILS"
  	},
   	{
    "id": "DEVILS",
    "type": "AMMO",
    "name": "邪魔之液",
    "name_plural": "邪魔之液",
    "description": "从尸体中提取的液体,这玩意好像不解渴.",
    "category": "fuel",
    "weight": 1,
    "volume": "500ml",
    "price": 50,
    "count": 5,
    "stack_size": 200,
    "phase": "liquid",
    "container": "jerrycan",
    "material": "soul",
    "symbol": "~",
    "color": "red",
    "ammo_type": "devil",
    "pierce": 8,
    "effects": [ "FLAME", "STREAM", "INCENDIARY", "NEVER_MISFIRES" ],
    "fuel": {
      "energy": 12.4,
      "explosion_data": { "chance_hot": 9, "chance_cold": 300, "factor": 2.2, "fiery": false, "size_factor": 0.1 }
    }
  },
    {
        "type" : "ammunition_type",
        "id" : "zhouh",
        "name" : "咒火",
        "default" : "zhou_ho"
	   },
   	{
        "type" : "AMMO",
        "id" : "zhou_ho",
        "category" : "ammo",
        "name" : "咒火",
        "name_plural" : "咒火",
        "symbol" : "n",
        "color" : "brown",
        "description" : "咒火.",
        "material" : "curse",
        "ammo_type" : "zhouh"
	   }
  ]