[
  {
    "id": "wydzn",
    "type": "item_group",
    "items": [
      { "group": "zhawu", "prob": 100 }
    ]  },
  {
    "id": "zhawu",
    "type": "item_group",
    "items": [
      [ "spiral_stone", 40 ],
      [ "flesh_golem_heart", 30 ],
      [ "jbzps", 30 ]  ]  },
  {
    "id": "hyoups",
    "type": "item_group",
    "items": [
      { "group": "hycxs", "prob": 100 }   ]  },{
    "id": "zhlias",
    "type": "item_group",
    "items": [
      [ "zhlia", 100 ] ]},{
    "id": "zhliasy",
    "type": "item_group",
    "items": [
      { "group": "zhlias", "prob": 100 }
    ]  },
	{
		"type" : "MONSTER",
		"id" : "mon_mpoisox",
		"copy-from" : "mon_mpoisox",
		"death_drops": 
		{
			"subtype": "collection",
			"groups": [
				[ "gst", 100 ]	]		}},
	{
    "id": "hycxs",  "type": "item_group",
    "items": [[ "Mask", 21 ], [ "magic_sword", 19 ], 
    ["arm", 21 ], ["leg", 21 ], ["swmo_book", 18 ]
    ]
  },
	{
		"type" : "item_group",
"subtype": "collection",
		"comment": "mon_mpgrups",	"id": "gst",
		"entries":	[	{ "item": "gingxtu", "count": [1,1] }	]}
]