[
{
    "type": "martial_art",
    "id": "swmord",
    "name": "剑决四剑",
    "description": "刺喉,斩腿,戮心,劈头,四招,每一招都是在身经百战之后总结出来的杀招 不仅凶狠霸道,而且威力极大.",
    "initiate": [ "你做好了战斗的准备.", "%s relaxes and prepares for combat." ],
    "learn_difficulty": 8,
    "primary_skill": "cutting",
    "arm_block": 199,
    "leg_block": 199,
    "strictly_melee": true,
    "static_buffs": [
      {
        "id": "swmo_buff",
        "name": "黑夜墨千重",
        "description": "剑身战气涌动,无形的澎湃力量灌注四肢百骸,伤害和闪避提升了一个层次.",
        "min_melee": 2,
        "flat_bonuses": [ 
                    [ "damage","cut","str", 1.5 ], 
                    [ "damage","bash","dex", 0.8 ], 
                    [ "dodge", "per", 1.5 ] ]
      }
    ],
    "onattack_buffs": [
      {
        "id": "guai_buff",
        "name": "怪",
        "description": "感知和智慧提供闪避加成.",
        "min_melee": 3,
        "max_stacks": 1,
        "buff_duration": 2,
        "bonus_dodges": 2,
        "flat_bonuses": [ [ "dodge", "per", 0.35 ], [ "dodge", "int", 0.35 ] ]
      }
    ],
        "onmove_buffs": [
      {
        "id": "gui_buff",
        "name": "鬼",
        "description": "+1 闪避 +2 格挡.",
        "min_melee": 4,
        "max_stacks": 1,
        "buff_duration": 2,
        "flat_bonuses": [ [ "dodge", -10.0 ] ],
        "bonus_dodges": 1,
        "bonus_blocks": 2
      }
    ],
    "ondodge_buffs": [
      {
        "id": "e_buff",
        "name": "恶",
        "description": "你在战斗中发现敌人的弱点!",
        "min_melee": 5,
        "buff_duration": 2,
        "max_stacks": 1
      }
    ],
    "techniques": [ "ctu_thro", "cut_Flush", "cut_Mean", "cut_Ridge" ],
    "weapons": [
      "magic_sword"
    ]
  }
]
        