[
{
        "type" : "material",
        "ident" : "soul",
        "name" : "幽魂",
        "bash_resist" : 9,
        "cut_resist" : 8,
        "bash_dmg_verb" : "chipped",
        "cut_dmg_verb" : "shattered",
        "dmg_adj" :
        	[        "marked",
            "chipped",
            "cracked",
            "shattered"	],
        "acid_resist" : 24,
        "elec_resist" : 69,
        "fire_resist" : 47,
        "chip_resist" : 32,
        "density" : 1,
        "burn_data": [
            { "immune": true },
            { "immune": true },
            { "immune": true }
      ]
	},
	{
        "type" : "material",
        "ident" : "curse",
        "name" : "咒火",
        "bash_resist" : 3.5,
        "cut_resist" : 6,
        "bash_dmg_verb" : "chipped",
        "cut_dmg_verb" : "shattered",
        "dmg_adj" :
        	[        "marked",
            "chipped",
            "cracked",
            "shattered"	],
        "acid_resist" : 100,
        "elec_resist" : 47,
        "fire_resist" : 35,
        "chip_resist" : 67,
        "density" : 20,
        "burn_data": [
            { "immune": true },
            { "immune": true },
            { "immune": true }
      ]
	},
	{
    "type": "material",
    "ident": "xiemo",
    "name": "邪魔之液",
    "density": 0.5,
    "specific_heat_liquid": 0.5,
    "specific_heat_solid": 0.5,
    "latent_heat": 315,
    "bash_resist": 0,
    "cut_resist": 0,
    "acid_resist": 0,
    "fire_resist": 0,
    "elec_resist": 0,
    "chip_resist": 0,
    "dmg_adj": [ "lightly damaged", "damaged", "very damaged", "thoroughly damaged" ],
    "bash_dmg_verb": "damaged",
    "cut_dmg_verb": "damaged",
    "burn_data": [
      { "fuel": 10, "smoke": 1, "burn": 1 },
      { "fuel": 30, "smoke": 3, "burn": 2 },
      { "fuel": 50, "smoke": 5, "burn": 3 }
    ]
  },
	{
        "type": "SPECIES",
        "id": "ZXDIO"
  },
  {
        "type" : "MONSTER_FACTION",
        "name" : "zxdio",
        "neutral" : ["small_animal", "insect", "zombie", "nether", "blob", "cult", "cop_bot", "defense_bot", "utility_bot", "bot"],
        "base_faction" : "human"
    }
]