[
   {
   "type" : "recipe",
    "result": "DEVILS",
 		"result_mult": 5,
 		"category": "CC_OTHER",
 		"subcategory": "CSC_OTHER_OTHER",
	 	"skill_used": "survival",
 		"difficulty": 2,
	 	"time": 1300,  "//": "1＝6微秒，6s＝100，200＝5min，60000＝1h",
		"batch_time_factors": [3, 5],
	 	"autolearn": true,
		"flags": ["BLIND_HARD"],
		"components": 
		[
			[
			["corpse", 1 ]
			]
		]
},{
   "type" : "recipe",
    "result": "wy_dt",
 		"result_mult": 5,
 		"category": "CC_OTHER",
 		"subcategory": "CSC_OTHER_OTHER",
	 	"skill_used": "survival",
 		"difficulty": 5,
	 	"time": 313600, 
		"batch_time_factors": [3, 5],
	 	"autolearn": true,
		"flags": ["BLIND_HARD"],
		"components": 
		[
			[	["paper", 40 ]	],
			[["DEVILS", 150 ] ]
		]
},
{
   "type" : "recipe",
    "result": "Yan_yi",
 		"result_mult": 5,
 		"category": "CC_OTHER",
 		"subcategory": "CSC_OTHER_OTHER",
	 	"skill_used": "survival",
 		"difficulty": 5,
	 	"time": 378600,
		"batch_time_factors": [3, 5],
	 	"autolearn": true,
		"flags": ["BLIND_HARD"],
		"components": 
		[
			[	["spiral_stone", 1 ]	],
	[		["jbzps", 4 ]]
		]
},{
   "type" : "recipe",
    "result": "boss_shu",
 		"result_mult": 5,
 		"category": "CC_OTHER",
 		"subcategory": "CSC_OTHER_OTHER",
	 	"skill_used": "survival",
 		"difficulty": 5,
	 	"time": 313600, 
		"batch_time_factors": [3, 5],
	 	"autolearn": true,
		"flags": ["BLIND_HARD"],
		"components": 
		[
			[	["corpse", 20 ]	],
			[["DEVILS", 300 ] ]
		]
},{
   "type" : "recipe",
    "result": "boss_dji",
 		"result_mult": 5,
 		"category": "CC_OTHER",
 		"subcategory": "CSC_OTHER_OTHER",
	 	"skill_used": "survival",
 		"difficulty": 5,
	 	"time": 313600, 
		"batch_time_factors": [3, 5],
	 	"autolearn": true,
		"flags": ["BLIND_HARD"],
		"components": 
		[
			[	["corpse", 42 ]	],
			[["DEVILS", 700 ] ]
		]
},{
   "type" : "recipe",
    "result": "boss_hji",
 		"result_mult": 5,
 		"category": "CC_OTHER",
 		"subcategory": "CSC_OTHER_OTHER",
	 	"skill_used": "survival",
 		"difficulty": 5,
	 	"time": 313600, 
		"batch_time_factors": [3, 5],
	 	"autolearn": true,
		"flags": ["BLIND_HARD"],
		"components": 
		[
			[	["corpse", 40 ]	],
			[["DEVILS", 900 ] ]
		]
}
]