[
    {
        "type" : "speech",
        "speaker" : "mon_hycx",
        "sound" : "\"对你而言，死亡并不是终结。因为你将永远成为我的一部分\"",
        "volume" : 40
   },
   {
        "type" : "speech",
        "speaker" : "mon_hycx",
        "sound" : "\"怕黑吗？这是对你的奖赏。\"",
        "volume" : 20
   },
   {
        "type" : "speech",
        "speaker" : "mon_hycx",
        "sound" : "\"现在....谁来收拾残局呢？\"",
        "volume" : 30
   },
   {
        "type" : "speech",
        "speaker" : "mon_hycx",
        "sound" : "\"咒语被解除,我再次活了下来.\"",
        "volume" : 50
   },
   {
        "type" : "speech",
        "speaker" : "mon_hycx",
        "sound" : "\"你可怜的像条狗,不！你连狗都不如.\"",
        "volume" : 20
   },
   {
        "type" : "speech",
        "speaker" : "mon_hycx",
        "sound" : "\"不要做无谓的挣扎.\"",
        "volume" : 20
   },
    {
        "type" : "speech",
        "speaker" : "mon_hycx",
        "sound" : "\"别跑了,我看见你了！\"",
        "volume" : 30
    },
    {
        "type" : "speech",
        "speaker" : "mon_hycx",
        "sound" : "\"…他们…不值得！\"",
        "volume" : 15
    },
    {
        "type" : "speech",
        "speaker" : "mon_hycx",
        "sound" : "\"让我送你一程吧！\"",
        "volume" : 30
    },
    {
        "type" : "speech",
        "speaker" : "mon_hycx",
        "sound" : "\"保命很重要，不过企图在我的眼皮底下逃命，容易吗？\"",
        "volume" : 40
    }
]