[
    {
    "name": "GROUP_BSS",
    "type": "monstergroup",
    "default": "mon_null",
    "is_safe": true,
    "monsters": [
      { "monster": "wydzn", "freq": 100, "cost_multiplier": 10, "ends": 168 }
    ]
  },
  {
    "type": "mapgen",
    "method": "json",
    "om_terrain": [ "boss" ],
    "weight": 250,
    "object": {
      "rows": [
        "                        ",
        "                        ",
        "                        ",
        "                        ",
        "                        ",
        "                        ",
        "                        ",
        "        $$$$$$$$        ",
        "        $TTTTTT$        ",
        "       $$T####T$$       ",
        "       $$T#>>#T$$       ",
        "       $$T#..#T$$       ",
        "       $$T#+##T$$       ",
        "        $$$ $$$$        ",
        "        $$$ $$$$        ",
        "                        ",
        "                        ",
        "                        ",
        "                        ",
        "                        ",
        "                        ",
        "                        ",
        "                        ",
        "                        "
      ],
      "terrain": {
        " ": [ "t_grass", "t_grass", "t_tree", "t_grass", "t_tree_young", "t_grass", "t_grass", "t_dirt","t_tree_young" ],
        "#": "t_rock",
        "$": [ "t_tree", "t_tree_young", "t_tree_young", "t_shrub", "t_shrub", "t_shrub" ],
        "+": "t_door_metal_c",
        ".": "t_rock_floor",
        ">": "t_stairs_down",
        "T": "t_tree"
      }
    }
  },
    {
    "type": "mapgen",
    "method": "json",
    "om_terrain": [ "boss1" ],
    "weight": 250,
    "object": {
      "rows": [
        "                        ",
        "                        ",
        "                        ",
        "                        ",
        "                        ",
        "                        ",
        "                        ",
        "                        ",
        "                        ",
        "                        ",
        "                        ",
        "                        ",
        "                        ",
        "                        ",
        "                        ",
        "                        ",
        "                        ",
        "                        ",
        "                        ",
        "                        ",
        "                        ",
        "                        ",
        "                        ",
        "                        "
      ],
      "terrain": {
        "<": "t_stairs_up",
        " ": [ "t_rock_floor" ]
      },
      "place_monsters": [
        { "monster": "GROUP_BSS", "x": [ 9, 10 ], "y": [ 10, 8 ], "density": 1.1 }
      ]
    }
  },
    {
        "type" : "overmap_terrain",
        "id" : "boss",
        "name" : "w",
        "sym" : 119,
        "color" : "light_blue",
        "see_cost" : 5,
        "extras" : "build",
        "mondensity" : 2,
        "flags" : [ "SIDEWALK" , "NO_ROTATE"]
    },
    {
        "type" : "overmap_terrain",
        "id" : "boss1",
        "name" : "w",
        "sym" : 119,
        "color" : "light_blue",
        "see_cost" : 5,
        "extras" : "build",
        "mondensity" : 2,
        "flags" : [ "SIDEWALK" , "NO_ROTATE"]
    },
    {
    "type" : "overmap_special",
    "id" : "w",
    "overmaps" : [
      { "point":[0,0,0], "overmap": "boss"},
      { "point":[0,0,-1], "overmap": "boss1"} ],
    "locations" : [ "land" ],
    "city_distance" : [6, 8],
    "city_sizes" : [4, 8], 
    "occurrences" : [4, 6 ], 
    "rotate" : false
  }
]