[
{
		"type" : "recipe",
		"result" : "wxkj_med_jcyr",
		"category" : "CC_无限商店",
		"subcategory": "CSC_无限商店_道具",
    "time": 10000,
    "reversible": false,
    "charges" : 1,
    "autolearn": true,
    "flags": ["BLIND_EASY"],
    "//":"为-1则制作需要这工具但是不消耗这个工具",
    "tools": [
    [
      ["rock_quern",-1],
      ["clay_quern",-1]
      ]
    ],
    "components": [
      [ [ "bottle_glass", 1 ] ],
      [ [ "honeycomb", 1 ] ],
      [ [ "pt_red_flower", 2 ] ],
      [ [ "pine_rosin", 1 ] ],
      [ [ "yellow_cattails", 2 ] ]
     
    ]
  },
  {
    "id": "wxkj_med_jcyr",
    "type": "COMESTIBLE",
    "comestible_type" : "MED",
    "name": "金疮药",
    "name_plural": "金疮药",
    "description": "主治凡刀斧损伤，跌仆打碎，敷上即时止痛、止血，更不作脓.",
         "weight" : 24,
        "volume" : 1,
        "price" : 300,
        "material" : "veggy",
        "symbol" : "!",
        "color" : "red",
        "use_action" : {
          "type" : "heal",
            "limb_power" : 10,
            "//":"四肢恢复",
            "head_power" : 2,
            "//":"头部恢复",
            "torso_power" : 10,
            "//":"躯干恢复",
            "bleed" : 1,
            "//":"流血",
            "infect" : 0.1,
            "//":"感染",
            "move_cost" : 200,
            "long_action" : true,
            "effects" : [ { "id" : "pkill1", "duration" : 60 } ]
        }
  }
  ]