[
  {
    "type" : "item_group",
    "id" : "JD_SW_DLT_pants_male", "//":"男士裤子",
    "items":[
      ["pants_army", 100]
    ]
  },{
    "type" : "item_group",
    "id" : "JD_SW_DLT_pants_female",
    "items":[
      ["pants_army", 100]
    ]
  },{
    "type" : "item_group",
    "id" : "JD_SW_DLT_shirt_male",    "//":"男士衣服",
    "items":[
      ["tshirt", 100]
    ]
  },{
    "type" : "item_group",
    "id" : "JD_SW_DLT_shirt_female",
    "items":[
      ["tshirt", 100]
    ]
  },{
    "type" : "item_group",
    "id" : "JD_SW_DLT_gloves",   "//":"手套",
    "items":[
      ["gloves_tactical", 100]
    ]
  },{
    "type" : "item_group",
    "id" : "JD_SW_DLT_coat",    "//":"外套",
    "items":[
      ["modularvestkevlar", 100] 
    ]
  },{
    "type" : "item_group",
    "id" : "JD_SW_DLT_shoes",    "//":"鞋子",
    "items":[
      ["boots_combat", 100]
    ]
  },{
    "type" : "item_group",
    "id" : "JD_SW_DLT_masks",   "//":"面具",
    "items":[
      ["mask_bal", 100]
    ]
  },{
    "type" : "item_group",
    "id" : "JD_SW_DLT_hat",    "//":"帽子",
    "items":[ 
      ["tac_helmet", 100]
    ]
  },{
    "type" : "item_group",
    "id" : "JD_SW_DLT_extra",    "//":"添加物,背包",
    "items":[
      ["backpack_leather", 100],
      ["dump_pouch", 100],
      ["dump_pouch", 100]
    ]
  },{
    "type" : "item_group",
    "id" : "JD_SW_DLT_cutting",  
    "items":[
      ["knife_combat", 100]
    ]
  },{
    "type" : "item_group",
    "id" : "JD_SW_DLT_stabbing",
    "items":[
      ["knife_combat", 100]
    ]
  },{
    "type" : "item_group",
    "id" : "JD_SW_DLT_pistols",   "//":"手枪",
    "items":[
       ["null", 100]
    ]
  },{
    "type" : "item_group",
    "id" : "JD_SW_DLT_smg",    "//":"冲锋枪",
    "items":[
      ["null", 100]
    ]
  },{
    "type" : "item_group",
    "id" : "JD_SW_DLT_rifle",    "//":"步枪",
    "items":[
      ["M107A1_wx", 100]
    ]
  },
  {
    "type" : "item_group",
    "id" : "JD_SW_DLT_archery",    "//":"弓箭，远程",
    "items":[
        ["null", 100]
    ]
  },{
    "type" : "item_group",
    "id" : "JD_SW_DLT_weapon_random",
    "items":[
     ["null", 100]
    ]
  },{
    "type" : "item_group",
    "id" : "JD_SW_DLT_misc",   "//":"其他",
    "items":[
        ["grenade", 10]
    ]
  }
]
