[
{
    "id": "TALK_JD_JJS",
    "type": "talk_topic",
    "dynamic_line": "你有什么事吗?",
    "responses": [
      {
        "text": "你在干什么?",
        "topic": "TALK_wxkj_1_jjs"
      },{
        "text": "没有.",
        "topic": "TALK_DONE"
      }
    ]
  },
  
  {
    "type": "talk_topic",
    "id": "TALK_wxkj_1_jjs",
    "dynamic_line": {
      "u_is_wearing": "WXKJ_JD_ZHG",
      "yes": "报告长官，我正在站岗!",
      "no": "我正在站岗呢。"
    },
    "responses": [
     {
        "text": "为什么要站岗?",
        "topic": "TALK_JD_end2"
      }
      
    ]
    },
    {
    "id": "TALK_JD_end2",
    "type": "talk_topic",
    "dynamic_line": "当然是为了保卫基地的安全。",
    "responses": [
      {
        "text": "再见。",
        "topic": "TALK_DONE"
      }
    ]
  }
    
]