  [
  {
    "id": "mon_wxkj_jzs1",
    "type": "MONSTER",
    "name": "君主蛇",
    "description": "君主蛇是一个拥有着长形蛇状浅绿色身躯的宝可梦。和进化前的藤藤蛇或青藤蛇不同，进化后的君主蛇失去了后肢，前肢退化为只剩下叶子，但尾巴末端附近长出了三片深绿色的叶子。它的身上有着黄色的花纹，如同皇家的高贵纹路一般。而脖子附近的两个卷开一样的叶藤，就像西装的领子袖口一样。君主蛇的眼睛是红色的，整个给人一种高贵又霸气的感觉。",
    "categories": [ "WILDLIFE" ],
    "species": [ "MAMMAL" ],
    "default_faction": "jzs_family",
    "harvest": "mammal_tiny",
    "diff": 2,
    "size": "LARGE",
    "volume": "5 ml",
    "weight": 10,
    "hp": 708,
    "//":"1.5x2",
    "speed": 357,
    "material": [ "flesh" ],
    "symbol": "U",
    "color": "light_gray",
    "aggression": -10,
    "morale": 80,
    "melee_skill": 8,
    "melee_dice_sides": 10,
    "melee_dice": 2,
    "melee_cut": 56,
    "melee_bash": 56,
    "dodge": 9,
    "armor_bash": 63,
    "armor_cut": 63, 
    "path_settings": { "max_dist": 30 },
    "anger_triggers": [ "HURT", "FRIEND_ATTACKED","FRIEND_DIED",  "PLAYER_CLOSE","STALK"],
    "placate_triggers": [ "MEAT" ],
    "reproduction": { "baby_monster": "mon_wxkj_tts1", "baby_count": 1, "baby_timer": 365 },
    "baby_flags": [ "SPRING", "SUMMER", "AUTUMN" ],
     "special_attacks": 
     [
      [ "wxkj_lash", 5 ]
     ],   
    "death_function": [ "MELT" ],
    "flags": [ "SEES", "HEARS", "SMELLS", "ANIMAL", "PATH_AVOID_DANGER_2", "WARM", "FUR",  "FAT","DOGFOOD",
   "PET_MOUNTABLE"
      ]
  }
  
  ]