  [
  {
    "id": "mon_wxkj_tts1",
    "type": "MONSTER",
    "name": "藤藤蛇",
    "description": "它身体的大部分都是绿色的，但还有很大一片是奶油色。它的背上直到尾巴有一条黄色的条纹。它的眼睛周围也有黄色的部分。脖子旁的黄色部分就像小翅膀一样，从身后看则像一个百合花饰。尽管它有着蛇的外表，但也有四肢。它的手臂和身体一样是绿色的，有三个手指。它的尾巴末端是一片大叶子，有着三个分叉。",
    "categories": [ "WILDLIFE" ],
    "species": [ "MAMMAL" ],
    "default_faction": "jzs_family",
    "harvest": "mammal_tiny",
    "diff": 2,
    "size": "TINY",
    "volume": "5 ml",
    "weight": 10,
    "hp": 75,
    "speed": 113,
    "material": [ "flesh" ],
    "symbol": "U",
    "color": "light_gray",
    "aggression": -10,
    "morale": 80,
    "melee_skill": 2,
    "melee_dice_sides": 10,
    "melee_dice": 2,
    "melee_cut": 7.5,
    "melee_bash": 7.5,
    "dodge": 3,
    "armor_bash": 9.5,
    "armor_cut": 9.5, 
    "path_settings": { "max_dist": 20 },
    "anger_triggers": [ "HURT", "FRIEND_ATTACKED","FRIEND_DIED"],
    "placate_triggers": [ "MEAT" ],
    "fear_triggers": [ "PLAYER_CLOSE","STALK" ],
    "upgrades":
     { "age_grow": 30, "into":"mon_wxkj_qts1" },  
     "special_attacks": 
     [
      [ "wxkj_lash", 5 ]
     ],   
    "death_function": [ "MELT" ],
    "flags": [ "SEES", "HEARS", "SMELLS", "ANIMAL", "PATH_AVOID_DANGER_2", "WARM", "FUR",  "FAT","DOGFOOD",
   "PET_MOUNTABLE"
      ]
  }
  
  ]