  [
  {
    "id": "mon_wxkj_qts1",
    "type": "MONSTER",
    "name": "青藤蛇",
    "description": "青藤蛇的身体颜色也大多是绿色与奶油色。它在上半身有一个黄色的类似领口的结构。它的背部有两片叶子。它的四肢短小但有力。它的面部神情经常表现为嘲笑与不屑。",
    "categories": [ "WILDLIFE" ],
    "species": [ "MAMMAL" ],
    "default_faction": "jzs_family",
    "harvest": "mammal_tiny",
    "diff": 2,
    "size": "SAMLL",
    "volume": "5 ml",
    "weight": 10,
    "hp": 182,
    "speed": 181,
    "material": [ "flesh" ],
    "symbol": "U",
    "color": "light_gray",
    "aggression": -10,
    "morale": 80,
    "melee_skill": 5,
    "melee_dice_sides": 10,
    "melee_dice": 2,
    "melee_cut": 28,
    "melee_bash": 28,
    "dodge": 6,
    "armor_bash": 32,
    "armor_cut": 32, 
    "path_settings": { "max_dist": 25 },
    "anger_triggers": [ "HURT", "FRIEND_ATTACKED","FRIEND_DIED","STALK"],
    "placate_triggers": [ "MEAT" ],
    "upgrades":
     { "age_grow": 60, "into":"mon_wxkj_jzs1" },  
     "special_attacks": 
     [      
      [ "wxkj_tbcr", 15 ],
        {
        "cooldown":10,
        "type": "gun",
        "gun_type": "wxkj_JN_TB1",
        "fake_skills": [ [ "gun", 10 ], [ "rifle", 9 ] ],
        "range": 15,
        "ranges": [ [ 0, 15, "AUTO" ] ],
        "require_targeting_npc": true,    
        "require_targeting_monster": true,    
        "laser_lock": true,   
        "targeting_cost": 50,     
        "targeting_timeout_extend": -10,
        "targeting_sound": "\"咝吼吼～(青藤蛇控制着藤鞭在空中飞舞.)\"",   
        "targeting_volume": 100,    
        "require_sunlight": false
      }
     ], 
       
    "death_function": [ "MELT" ],
    "flags": [ "SEES", "HEARS", "SMELLS", "ANIMAL", "PATH_AVOID_DANGER_2", "WARM", "FUR",  "FAT","DOGFOOD",
   "PET_MOUNTABLE"
      ]
  }
  
  ]