[
{
  "type" : "mapgen",
  "om_terrain" : ["vein_rock"],
  "method": "json",
  "weight": 100, "comment": "煤矿脉.",
  "object": {
   "rows": [
    "                        ",
    "                        ",
    "                        ",
    "                        ",
    "                        ",
    "      ?                 ",
    "      ??                ",
    "       ??               ",
    "        ???             ",
    "        ?##?            ",
    "         ?##?           ",
    "          ?##?          ",
    "           ?#??         ",
    "            ????        ",
    "               ???      ",
    "                 ?      ",
    "                        ",
    "                        ",
    "                        ",
    "                        ",
    "                        ",
    "                        ",
    "                        ",
    "                        "
            ],
   "terrain": {
    " ": "t_rock",
    "#": "t_rock_coal",
    "?": [ "t_rock", "t_rock_coal" ]
   }
  }
},
{
  "type" : "mapgen",
  "om_terrain" : ["vein_rock"],
  "method": "json",
  "weight": 110, "comment": "岩盐, 严格来说是一簇.",
  "object": {
   "rows": [
    "                        ",
    "                        ",
    "                        ",
    "                        ",
    "                        ",
    "                        ",
    "            ?           ",
    "           ???          ",
    "         ???#???        ",
    "         ??##???        ",
    "        ??####???       ",
    "       ????###??        ",
    "         ???#???        ",
    "          ????          ",
    "            ?           ",
    "                        ",
    "                        ",
    "                        ",
    "                        ",
    "                        ",
    "                        ",
    "                        ",
    "                        ",
    "                        "
            ],
   "terrain": {
    " ": "t_rock",
    "#": "t_rock_halite",
    "?": [ "t_rock", "t_rock_halite" ]
   }
  }
},
{
  "type" : "mapgen",
  "om_terrain" : ["vein_rock"],
  "method": "json",
  "weight": 100, "comment": "硝石, 严格来说是一簇.",
  "object": {
   "rows": [
    "                        ",
    "                        ",
    "                        ",
    "                        ",
    "                        ",
    "                        ",
    "                        ",
    "                        ",
    "         ????           ",
    "       ???##??          ",
    "       ??####???        ",
    "        ??##???         ",
    "         ????           ",
    "          ?             ",
    "                        ",
    "                        ",
    "                        ",
    "                        ",
    "                        ",
    "                        ",
    "                        ",
    "                        ",
    "                        ",
    "                        "
            ],
   "terrain": {
    " ": "t_rock",
    "#": "t_rock_niter",
    "?": [ "t_rock", "t_rock_niter" ]
   }
  }
},
{
  "type" : "mapgen",
  "om_terrain" : ["vein_rock"],
  "method": "json",
  "weight": 110, "comment": "硫磺, 严格来说是一簇.",
  "object": {
   "rows": [
    "                        ",
    "                        ",
    "                        ",
    "                        ",
    "                        ",
    "                        ",
    "                        ",
    "                        ",
    "           ??           ",
    "         ??#??          ",
    "        ??###???        ",
    "         ??#??          ",
    "          ???           ",
    "                        ",
    "                        ",
    "                        ",
    "                        ",
    "                        ",
    "                        ",
    "                        ",
    "                        ",
    "                        ",
    "                        ",
    "                        "
            ],
   "terrain": {
    " ": "t_rock",
    "#": "t_rock_brimstone",
    "?": [ "t_rock", "t_rock_brimstone" ]
   }
  }
},
{
  "type" : "mapgen",
  "om_terrain" : ["vein_rock"],
  "method": "json",
  "weight": 110, "comment": "天然铜矿脉.",
  "object": {
   "rows": [
    "                        ",
    "                        ",
    "                        ",
    "                        ",
    "                        ",
    "                        ",
    "       ?                ",
    "       ??               ",
    "        ??              ",
    "        ?#??            ",
    "        ?###?           ",
    "         ??##?          ",
    "           ??#??        ",
    "             ????       ",
    "                ??      ",
    "                 ?      ",
    "                        ",
    "                        ",
    "                        ",
    "                        ",
    "                        ",
    "                        ",
    "                        ",
    "                        "
            ],
   "terrain": {
    " ": "t_rock",
    "#": "t_rock_copper",
    "?": [ "t_rock", "t_rock_copper" ]
   }
  }
},
{
  "type" : "mapgen",
  "om_terrain" : ["vein_rock"],
  "method": "json",
  "weight": 75, "comment": "天然银矿脉.",
  "object": {
   "rows": [
    "                        ",
    "                        ",
    "                        ",
    "                        ",
    "                        ",
    "                        ",
    "                        ",
    "       ??               ",
    "        ???             ",
    "        ?#??            ",
    "         ?##?           ",
    "          ?##?          ",
    "           ????         ",
    "              ???       ",
    "               ?        ",
    "                        ",
    "                        ",
    "                        ",
    "                        ",
    "                        ",
    "                        ",
    "                        ",
    "                        ",
    "                        "
            ],
   "terrain": {
    " ": "t_rock",
    "#": "t_rock_silver",
    "?": [ "t_rock", "t_rock_silver" ]
   }
  }
},
{
  "type" : "mapgen",
  "om_terrain" : ["vein_rock"],
  "method": "json",
  "weight": 50, "comment": "天然金矿脉.",
  "object": {
   "rows": [
    "                        ",
    "                        ",
    "                        ",
    "                        ",
    "                        ",
    "                        ",
    "                        ",
    "                        ",
    "        ??              ",
    "        ?#?             ",
    "         ?#??           ",
    "          ?##?          ",
    "           ????         ",
    "               ??       ",
    "                        ",
    "                        ",
    "                        ",
    "                        ",
    "                        ",
    "                        ",
    "                        ",
    "                        ",
    "                        ",
    "                        "
            ],
   "terrain": {
    " ": "t_rock",
    "#": "t_rock_gold",
    "?": [ "t_rock", "t_rock_gold" ]
   }
  }
},
{
  "type" : "mapgen",
  "om_terrain" : ["vein_rock"],
  "method": "json",
  "weight": 25, "comment": "天然铝簇, 这是非常罕见的.",
  "object": {
   "rows": [
    "                        ",
    "                        ",
    "                        ",
    "                        ",
    "                        ",
    "                        ",
    "                        ",
    "                        ",
    "           ?            ",
    "         ????           ",
    "        ??##??          ",
    "         ??#?           ",
    "           ??           ",
    "                        ",
    "                        ",
    "                        ",
    "                        ",
    "                        ",
    "                        ",
    "                        ",
    "                        ",
    "                        ",
    "                        ",
    "                        "
            ],
   "terrain": {
    " ": "t_rock",
    "#": "t_rock_aluminum",
    "?": [ "t_rock", "t_rock_aluminum" ]
   }
  }
},
{
  "type" : "mapgen",
  "om_terrain" : ["vein_rock"],
  "method": "json",
  "weight": 110, "comment": "方铅矿脉.",
  "object": {
   "rows": [
    "                        ",
    "                        ",
    "                        ",
    "                        ",
    "                        ",
    "          ?             ",
    "        ??              ",
    "       ??               ",
    "        ???             ",
    "        ?##?            ",
    "         ?##?           ",
    "          ?##?          ",
    "           ????         ",
    "              ?         ",
    "             ?          ",
    "                        ",
    "                        ",
    "                        ",
    "                        ",
    "                        ",
    "                        ",
    "                        ",
    "                        ",
    "                        "
            ],
   "terrain": {
    " ": "t_rock",
    "#": "t_rock_galena",
    "?": [ "t_rock", "t_rock_galena" ]
   }
  }
},
{
  "type" : "mapgen",
  "om_terrain" : ["vein_rock"],
  "method": "json",
  "weight": 200, "comment": "赤铁矿脉.",
  "object": {
   "rows": [
    "                        ",
    "                        ",
    "                        ",
    "                        ",
    "                        ",
    "                        ",
    "                        ",
    "       ??               ",
    "        ???             ",
    "        ?##?            ",
    "         ?##?           ",
    "          ?##?          ",
    "           ?##?         ",
    "            ???         ",
    "               ?        ",
    "                        ",
    "                        ",
    "                        ",
    "                        ",
    "                        ",
    "                        ",
    "                        ",
    "                        ",
    "                        "
            ],
   "terrain": {
    " ": "t_rock",
    "#": "t_rock_hematite",
    "?": [ "t_rock", "t_rock_hematite" ]
   }
  }
},
{
  "type" : "mapgen",
  "om_terrain" : ["vein_hematite"],
  "method": "json",
  "weight": 400, "comment": "赤铁矿脉, 预留作沼泽生铁用.  实际应该是褐铁矿.",
  "object": {
   "rows": [
    "                        ",
    "                        ",
    "                        ",
    "                        ",
    "                        ",
    "                        ",
    "                        ",
    "       ??               ",
    "        ???             ",
    "        ?##?            ",
    "         ?##?           ",
    "          ?##?          ",
    "           ?##?         ",
    "            ???         ",
    "               ?        ",
    "                        ",
    "                        ",
    "                        ",
    "                        ",
    "                        ",
    "                        ",
    "                        ",
    "                        ",
    "                        "
            ],
   "terrain": {
    " ": "t_rock",
    "#": "t_rock_hematite",
    "?": [ "t_rock", "t_rock_hematite" ]
   }
  }
}
]
