[
    {
        "type" : "overmap_terrain",
        "id" : "vein_rock",
        "name" : "矿脉",
        "sym" : 37,
        "color" : "light_gray",
        "see_cost" : 5,
        "flags" : [ "NO_ROTATE" ]
    },
    {
        "type" : "overmap_terrain",
        "id" : "vein_hematite",
        "name" : "矿脉",
        "sym" : 37,
        "color" : "light_gray",
        "see_cost" : 5,
        "flags" : [ "NO_ROTATE" ]
    },
    {
        "type" : "overmap_terrain",
        "id" : "vein_maybe",
        "name" : "矿脉?",
        "sym" : 37,
        "color" : "light_gray",
        "see_cost" : 5,
        "flags" : [ "NO_ROTATE" ]
    },{
        "type" : "overmap_terrain",
        "id" : "field_shallow",
        "name" : "旷野?",
        "sym" : 46,
        "color" : "brown",
        "see_cost" : 2,
        "extras" : "field",
        "spawns" : { "group": "GROUP_FOREST", "population": [0, 1], "chance": 80 },
        "flags" : [ "NO_ROTATE" ]
    },{
        "type" : "overmap_terrain",
        "id" : "field_deep",
        "name" : "旷野?",
        "sym" : 46,
        "color" : "brown",
        "see_cost" : 2,
        "extras" : "field",
        "spawns" : { "group": "GROUP_FOREST", "population": [0, 1], "chance": 80 },
        "flags" : [ "NO_ROTATE" ]
    },{
        "type" : "overmap_terrain",
        "id" : "forest_vein",
        "name" : "森林?",
        "sym" : 70,
        "color" : "green",
        "see_cost" : 3,
        "extras" : "field",
        "spawns" : { "group": "GROUP_FOREST", "population": [0, 3], "chance": 80 },
        "flags" : [ "NO_ROTATE" ]
    },
    {
        "type" : "overmap_terrain",
        "id" : "swamp_hematite",
        "name" : "沼泽?",
        "sym" : 70,
        "color" : "cyan",
        "see_cost" : 4,
        "extras" : "field",
        "spawns" : { "group": "GROUP_SWAMP", "population": [1, 4], "chance": 100 },
        "flags" : [ "NO_ROTATE" ]
    },
    {
        "type" : "overmap_terrain",
        "id" : "swamp_vein",
        "name" : "沼泽?",
        "sym" : 70,
        "color" : "cyan",
        "see_cost" : 4,
        "extras" : "field",
        "spawns" : { "group": "GROUP_SWAMP", "population": [1, 4], "chance": 100 },
        "flags" : [ "NO_ROTATE" ]
    }
]
