[
  {
    "result": "copper",
    "type": "recipe",
    "id_suffix": "native",
    "category": "CC_OTHER",
    "subcategory": "CSC_OTHER_MATERIALS",
    "skill_used": "fabrication",
    "difficulty": 1,
    "time": 12500,
    "batch_time_factors": [ 90, 4 ],
    "autolearn": true,
    "//": "Yield is just over 98% by weight, each output of copper is 400 weight.  Volume of output is massively oversize however.",
    "result_mult": 22,
    "tools": [
      [ [ "crucible", -1 ], [ "crucible_clay", -1 ] ],
      [ [ "fire", -1 ], [ "toolset", 10 ] ]
    ],
    "components": [ [ [ "chunk_copper", 1 ] ] ]
  },
  {
    "result": "silver_small",
    "type": "recipe",
    "id_suffix": "native",
    "category": "CC_OTHER",
    "subcategory": "CSC_OTHER_MATERIALS",
    "skill_used": "fabrication",
    "difficulty": 1,
    "time": 12500,
    "batch_time_factors": [ 90, 4 ],
    "autolearn": true,
    "//": "Yield is just over 97% by weight, each output of silver is 300 weight.  Volume of output is massively oversize however.",
    "result_mult": 34,
    "tools": [
      [ [ "crucible", -1 ], [ "crucible_clay", -1 ] ],
      [ [ "fire", -1 ], [ "toolset", 10 ] ]
    ],
    "components": [ [ [ "chunk_silver", 1 ] ] ]
  },
  {
    "result": "gold_small",
    "type": "recipe",
    "id_suffix": "native",
    "category": "CC_OTHER",
    "subcategory": "CSC_OTHER_MATERIALS",
    "skill_used": "fabrication",
    "difficulty": 1,
    "time": 12500,
    "batch_time_factors": [ 90, 4 ],
    "autolearn": true,
    "//": "Yield is just over 98% by weight, each output of gold is 500 weight.  Volume of output is massively oversize however.",
    "result_mult": 38,
    "tools": [
      [ [ "crucible", -1 ], [ "crucible_clay", -1 ] ],
      [ [ "fire", -1 ], [ "toolset", 10 ] ]
    ],
    "components": [ [ [ "chunk_gold", 1 ] ] ]
  },
  {
    "result": "material_aluminium_ingot",
    "type": "recipe",
    "id_suffix": "native",
    "category": "CC_OTHER",
    "subcategory": "CSC_OTHER_MATERIALS",
    "skill_used": "fabrication",
    "difficulty": 2,
    "time": 25000,
    "batch_time_factors": [ 90, 4 ],
    "autolearn": true,
    "//": "Yield is just 100% by weight, each output of aluminum is 675 weight.",
    "result_mult": 4,
    "tools": [
      [ [ "crucible", -1 ], [ "crucible_clay", -1 ] ],
      [ [ "fire", -1 ], [ "toolset", 10 ] ]
    ],
    "components": [ [ [ "chunk_aluminum", 1 ] ] ]
  },
  {
    "result": "tin",
    "type": "recipe",
    "id_suffix": "smelt",
    "category": "CC_OTHER",
    "subcategory": "CSC_OTHER_MATERIALS",
    "skill_used": "fabrication",
    "difficulty": 3,
    "time": 40000,
    "batch_time_factors": [ 90, 4 ],
    "autolearn": true,
    "book_learn": [ [ "recipe_bullets", 2 ], [ "textbook_fabrication", 2 ], [ "welding_book", 2 ] ],
    "//": "Cassiterite has around 86% yield, yield here is just over 76%, due to one output of 600 grams.  Output volume is still oversize.",
    "result_mult": 8,
    "using": [ [ "forging_standard", 3 ] ],
    "tools": [ [ [ "crucible", -1 ], [ "crucible_clay", -1 ] ] ],
    "components": [ [ [ "chunk_cassiterite", 1 ] ] ]
  },
  {
    "result": "lead",
    "type": "recipe",
    "id_suffix": "smelt",
    "category": "CC_OTHER",
    "subcategory": "CSC_OTHER_MATERIALS",
    "skill_used": "fabrication",
    "difficulty": 3,
    "time": 40000,
    "batch_time_factors": [ 90, 4 ],
    "autolearn": true,
    "book_learn": [ [ "recipe_bullets", 2 ], [ "textbook_fabrication", 2 ], [ "welding_book", 2 ] ],
    "//": "Galena has around 86% yield of lead, yield here is just over 82%, due to one output weighing 300 grams.  Silver output is around double the expected 2% yield due to minumum of 300 grams.  Output volume is still oversize.",
    "result_mult": 21,
    "byproducts": [ [ "silver_small" ] ],
    "using": [ [ "forging_standard", 3 ] ],
    "tools": [ [ [ "crucible", -1 ], [ "crucible_clay", -1 ] ] ],
    "components": [ [ [ "chunk_galena", 1 ] ] ]
  },
  {
    "result": "steel_lump",
    "type": "recipe",
    "id_suffix": "smelt",
    "category": "CC_OTHER",
    "subcategory": "CSC_OTHER_MATERIALS",
    "skill_used": "fabrication",
    "difficulty": 4,
    "time": 60000,
    "batch_time_factors": [ 90, 4 ],
    "autolearn": true,
    "book_learn": [ [ "textbook_armschina", 3 ], [ "textbook_fabrication", 3 ], [ "welding_book", 3 ] ],
    "//": "Hematite has around 70% yield of iron, total yield here is just over 69% at 3500 grams of steel.  Estimated 2% carbon content has minimal effect on these numbers.",
    "result_mult": 3,
    "byproducts": [ [ "steel_chunk", 2 ] ],
    "using": [ [ "forging_standard", 4 ] ],
    "tools": [ [ [ "crucible", -1 ], [ "crucible_clay", -1 ] ] ],
    "components": [
      [ [ "chunk_hematite", 1 ] ],
      [ [ "material_shrd_limestone", 1 ], [ "material_limestone", 10 ] ],
      [ [ "charcoal", 10 ], [ "coal_lump", 10 ] ]
    ]
  },
  {
    "result": "pickaxe_copper",
    "type": "recipe",
    "category": "CC_OTHER",
    "subcategory": "CSC_OTHER_TOOLS",
    "skill_used": "fabrication",
    "difficulty": 6,
    "time": 420000,
    "autolearn": true,
    "book_learn": [ [ "textbook_carpentry", 4 ], [ "textbook_fabrication", 5 ] ],
    "using": [ [ "forging_standard", 2 ] ],
    "qualities": [
    { "id": "HAMMER", "level": 2 },
    { "id": "ANVIL", "level": 1 }
    ],
    "tools": [
      [ [ "crucible", -1 ], [ "crucible_clay", -1 ] ]
    ],
    "components": [
      [ [ "2x4", 2 ], [ "stick", 4 ] ],
      [ [ "scrap_copper", 5 ], [ "copper", 500 ] ]
    ]
  },
  {
    "result": "pickaxe_bone",
    "type": "recipe",
    "category": "CC_OTHER",
    "subcategory": "CSC_OTHER_TOOLS",
    "skill_used": "fabrication",
    "difficulty": 5,
    "skills_required": [ "survival", 3 ],
    "time": 15000,
    "autolearn": true,
    "book_learn": [ [ "survival_book", 3 ], [ "textbook_survival", 4 ] ],
    "qualities": [ { "id": "CUT", "level": 1 } ],
    "tools": [ [ [ "fire", -1 ] ] ],
    "components": [
      [ [ "2x4", 2 ], [ "stick", 4 ] ],
      [ [ "bone", 4 ], [ "bone_human", 4 ] ],
      [ [ "cordage_short", 2, "LIST" ], [ "sinew", 40 ], [ "thread", 40 ], [ "plant_fibre", 40 ], [ "yarn", 40 ] ]
    ]
  }
]
