[
{
"id":"DIY_slingbow",
"copy-from":"slingshot",
"type":"GUN",
"name":"迷你弓",
"description":"短铁管绑上弹力绳，能帮你把箭射出去，别期望它的准头。",
"material":["iron","plastic"],
"skill":"archery",
"ammo":"arrow",
"dispersion":280
},{
"id":"hand_bowgun",
"copy-from":"hand_crossbow",
"type":"GUN",
"name":"战术手弩",
"description":"设计精巧的连发手弩，矢道下设有暗匣，能在拉弦时将下一支箭上推完成填箭。",
"//":"屬性同手弩,箭匣不能分次填充",
"price":75000,
"clip_size":5
},{
"id":"China_rep_bowgun",
"copy-from":"rep_crossbow",
"type":"GUN",
"name":"诸葛连弩",
"description":"诸葛武侯设计的战弩，又称「元戎」，竖于弩臂上的箭匣可容纳12支弩箭，虽然射程与威力稍弱于一般弩，但近距离连射的爆发力不容小觑。",
"skill":"archery",
"volume":8,
"range":10,
"ranged_damage":5,
"dispersion":300,
"clip_size":12,
"burst":3,
"extend":{"flags":["MODE_BURST"]}
},{
"id":"survior_crossbow_bullet",
"copy-from":"bullet_crossbow",
"type":"GUN",
"name":"生存者钢珠弩",
"description":"手工打造的珠箭两用弩，封闭式的弹管构造提升了准确度，弹匣可填充15颗钢珠，单发填充，同时能使用弩矢作为弹药(F切换)，安静且致命的「狩猎」武器。",
"price":50000,
"volume":6,
"flags":["PRIMITIVE_RANGED_WEAPON","RELOAD_ONE"],
"dispersion":50,
"clip_size":15,
"reload":50,
"built_in_mods":["survior_crossbow_bolt","grip","pistol_grip","arrowrest"],
"valid_mod_locations":[["accessories",2],["grip",1],["rail",1],["sights",1],["stock",1],["underbarrel",1]]
},{
"id":"survior_crossbow_bolt",
"type":"GUNMOD",
"name":"生存者猎弩",
"description":" ",
"material":["steel"],
"location":"accessories",
"mod_targets":["crossbow"],
"gun_data":{
"skill":"archery",
"ammo":"bolt",
"clip_size":1,
"ranged_damage":13,
"range":10,
"dispersion":110,
"durability":10,
"reload":550
},
"symbol":":",
"color":"black",
"flags":["STR_RELOAD","PRIMITIVE_RANGED_WEAPON"]
},{
"id":"compbow_survivorr","//":"避免撞ID，多打個r",
"copy-from":"compositebow",
"type":"GUN",
"name":"生存者复合弓",
"description":"在硬反曲弓的基础上添加滑轮系统，加大弓身的储能，有效提升了杀伤力。在制作清单(&)将它改装成威力更强的生存者竖弩。",
"price":150000,
"min_strength":7,
"volume":6,
"weight":1500,
"ranged_damage":16,
"range":16,
"dispersion":120,
"reload":80,
"built_in_mods":["arrowrest","bow_stabilizer","bow_sight"]
},{
"id":"vertical_crossbow",
"copy-from":"crossbow",
"type":"GUN",
"name":"生存者竖弩",
"description":"生存者滑轮弓加装弩臂的版本，弓身依然保持垂直，便于使用者掩蔽于直立障碍物后方。弩型态拥有更强的威力与射程，以及更长的装弹时间，拆解(D)还原成弓型态。",
"price":150000,
"ammo":"arrow",
"weight":1500,
"dispersion":130,
"sight_dispersion":30,
"ranged_damage":20,
"range":20,
"reload":650,
"built_in_mods":["grip","pistol_grip","arrowrest","bow_stabilizer"],
"valid_mod_locations":[["accessories",2],["grip",1],["rail",1],["sights",1],["underbarrel",1]]
},{
"id":"archer_bag",
"copy-from":"survivor_runner_pack",
"type":"ARMOR",
"name":"弓箭手背包",
"name_plural":"弓箭手背包",
"description":"为弓箭爱好者量身打造的轻量背包，轻巧耐用，侧旁的箭袋能容纳25支箭。",
"rigid":false,
"use_action":{
"type":"bandolier",
"capacity":25,
"ammo":["arrow","bolt"],
"draw_cost":20
}
}
]