   [
	{
    "type" : "BOOK",
		"id" : "wxkj_lqzhfj01",
		"name" : "《玄灵七变》(第一变)",
		"description" : "书中详细的叙述了把无属性灵气转换成其他属性灵气的法诀!",
		"weight" : 500,
		"color" : "black",
		"intelligence" : 12,
		"symbol" : "B",
		"material" : ["paper"],
		"volume" : 5,
		"time" : 10,
		"required_level" : 2,
		"max_level" : 3,
		"skill" : "WX_SKILL-LQ"
  },
  	{
    "type" : "BOOK",
		"id" : "wxkj_lqzhfj02",
		"name" : "《玄灵七变》(第二变)",
		"description" : "书中详细的叙述了把无属性灵气转换成其他属性灵气的法诀!",
		"weight" : 500,
		"color" : "black",
		"intelligence" : 12,
		"symbol" : "B",
		"material" : ["paper"],
		"volume" : 5,
		"time" : 10,
		"required_level" : 3,
		"max_level" : 4,
		"skill" : "WX_SKILL-LQ"
  },
  	{
    "type" : "BOOK",
		"id" : "wxkj_lqzhfj03",
		"name" : "《玄灵七变》(第三变)",
		"description" : "书中详细的叙述了把无属性灵气转换成其他属性灵气的法诀!",
		"weight" : 500,
		"color" : "black",
		"intelligence" : 12,
		"symbol" : "B",
		"material" : ["paper"],
		"volume" : 5,
		"time" : 10,
		"required_level" : 5,
		"max_level" : 6,
		"skill" : "WX_SKILL-LQ"
  },
  	{
    "type" : "BOOK",
		"id" : "wxkj_lqzhfj04",
		"name" : "《玄灵七变》(第四变)",
		"description" : "书中详细的叙述了把无属性灵气转换成其他属性灵气的法诀!",
		"weight" : 500,
		"color" : "black",
		"intelligence" : 12,
		"symbol" : "B",
		"material" : ["paper"],
		"volume" : 5,
		"time" : 10,
		"required_level" : 7,
		"max_level" : 8,
		"skill" : "WX_SKILL-LQ"
  },
  	{
    "type" : "BOOK",
		"id" : "wxkj_lqzhfj05",
		"name" : "《玄灵七变》(第五变)",
		"description" : "书中详细的叙述了把无属性灵气转换成其他属性灵气的法诀!",
		"weight" : 500,
		"color" : "black",
		"intelligence" : 12,
		"symbol" : "B",
		"material" : ["paper"],
		"volume" : 5,
		"time" : 10,
		"required_level" : 8,
		"max_level" : 9,
		"skill" : "WX_SKILL-LQ"
  },
  	{
    "type" : "BOOK",
		"id" : "wxkj_lqzhfj06",
		"name" : "《玄灵七变》(第六变)",
		"description" : "书中详细的叙述了把无属性灵气转换成其他属性灵气的法诀!",
		"weight" : 500,
		"color" : "black",
		"intelligence" : 12,
		"symbol" : "B",
		"material" : ["paper"],
		"volume" : 5,
		"time" : 10,
		"required_level" : 8,
		"max_level" : 9,
		"skill" : "WX_SKILL-LQ"
  },
  	{
    "type" : "BOOK",
		"id" : "wxkj_lqzhfj07",
		"name" : "《玄灵七变》(第七变)",
		"description" : "书中详细的叙述了把无属性灵气转换成其他属性灵气的法诀!",
		"weight" : 500,
		"color" : "black",
		"intelligence" : 12,
		"symbol" : "B",
		"material" : ["paper"],
		"volume" : 5,
		"time" : 10,
		"required_level" : 8,
		"max_level" : 9,
		"skill" : "WX_SKILL-LQ"
  }
  
]
