[
 {
		"type" : "recipe",
		"result" : "wxkj_FL2_dslm1",
		"category" : "CC_无限商店",
		"subcategory": "CSC_无限商店_符篆",
    "time": 10000,
    "flags": ["BLIND_EASY"],
    "skills_required" : [ "WX_SKILL-LQ", 2 ],
    "skill_used": "WX_SKILL-FZJT",
    "difficulty": 3,
    "book_learn" : [ ["wxkj_lqzhfj05",1] ],
    "reversible": false,
    "autolearn": true,
    "qualities": [ { "id": "WXKJ_ZF_01", "level": 2 } ],
    "components":
     [
      [ 
      [ "WXKJ_ll_thunder", 24 ]       
      ],
      [ [ "FZ_paper", 1 ] ]
     ]
  },
{
        "type":"TOOL",
        "id": "wxkj_FL2_dslm1",
      		"category" : "wxkj_fz",
        "name": "符篆:电闪雷鸣",
        "name_plural": "符篆:电闪雷鸣",
        "description": "初级符篆,上面刻画着常人晦涩难懂的符文,使用后将召唤出闪电...",
        "symbol": "@",
        "color": "red",
        "volume" : 1,		
		      "weight": 1,
        "material": ["wxkj_ts"],
		"max_charges": 24,
		"initial_charges":0,
		"ammo": "WXKJ_resoure_LQ_type",
			"use_action": {
			"type": "transform",
			"msg": "随着灵气的流转,符篆被激发了!",
			"target": "wxkj_FL2_dslm2",
			"active": true,
			"need_charges": 6,
			"need_charges_msg": "灵气不足以支撑符篆的激发"
			}
   	},
   	{
        "type":"TOOL",
        "id": "wxkj_FL2_dslm2",
      		"category" : "wxkj_fz",
        "name": "符篆:电闪雷鸣",
        "name_plural": "符篆:电闪雷鸣",
        "description": "初级符篆,上面刻画着常人晦涩难懂的符文.",
        "symbol": "@",
        "color": "red",
        "volume" : 1,		
		      "weight": 1,
        "material": ["wxkj_ts"],
      		"artifact_data" : 
		{
		  "effects_worn": ["AEP_RESIST_ELECTRICITY"	],
				"effects_activated":["AEA_STORM"],
				"charge_type": "ARTC_NULL"
		},
		"max_charges": 24,
		"initial_charges":0,
		"charges_per_use": 6,
		"turns_per_charge": 1,
		"ammo": "WXKJ_resoure_LQ_type",		
		"revert_to": "WXKJ_resoure_LQ",
		"revert_msg":"符篆耗尽灵气化作光点缓缓消逝.",
		"use_action": "ARTIFACT"
	}
	]