[
   {
		"type" : "recipe",
		"result" : "wxkj_FL3_dzmd1",
		"category" : "CC_无限商店",
		"subcategory": "CSC_无限商店_符篆",
    "time": 100000,
    "flags": ["BLIND_EASY"],
    "skills_required" : [ "WX_SKILL-LQ", 4 ],
    "skill_used": "WX_SKILL-FZJT",
    "difficulty": 4,
    "book_learn" : 
    [ 
    ["Spell_03",1],  
    ["wxkj_lqzhfj03",1]
    ],
    "reversible": false,
    "autolearn": true,
    "qualities": [ { "id": "WXKJ_ZF_01", "level": 3 } ],
    "components":
     [
      [ 
      [ "WXKJ_ll_earth", 128 ]
      ],
      [ [ "wxkj_jade_small", 1 ] ]
     ]
  },
{
        "type":"TOOL",
        "id": "wxkj_FL3_dzmd1",
      		"category" : "wxkj_fz",
        "name": "符篆:地之脉动",
        "name_plural": "符篆:地之脉动",
        "description": "高级符篆,上面刻画着常人晦涩难懂的符文,能够引发地震...",
        "symbol": "@",
        "color": "red",
        "volume" : 1,		
		      "weight": 1,
        "material": ["wxkj_ts"],
		"max_charges": 480,
		"initial_charges":0,
		"ammo": "WXKJ_resoure_LQ_type",
			"use_action": {
			"type": "transform",
			"msg": "随着灵气的流转,符篆被激发了! \n你感到脚下传来一阵震动.",
			"target": "wxkj_FL3_dzmd2",
			"active": true,
			"need_charges": 480,
			"need_charges_msg": "灵气不足以支撑符篆的激发"
			}
   	},
   	{
        "type":"TOOL",
        "id": "wxkj_FL3_dzmd2",
      		"category" : "wxkj_fz",
        "name": "符篆:地之脉动",
        "name_plural": "符篆:地之脉动",
        "description": "高级符篆,上面刻画着常人晦涩难懂的符文.",
        "symbol": "@",
        "color": "red",
        "volume" : 1,		
		      "weight": 1,
        "material": ["wxkj_ts"],
      		"artifact_data" : 
		{
					"effects_activated":["AEA_PULSE"],
					"charge_type": "ARTC_NULL"
		},
		"max_charges": 480,
		"initial_charges":0,
		"charges_per_use": 480,
		"turns_per_charge": 1,
		"ammo": "WXKJ_resoure_LQ_type",		
		"revert_to": "WXKJ_resoure_LQ",
		"revert_msg":"符篆耗尽灵气化作光点缓缓消逝.",
		"use_action": "ARTIFACT"
	}
	]