 [
 {
		"type" : "recipe",
		"result" : "wxkj_lqzhfj01",
		"category" : "CC_无限商店",
		"subcategory": "CSC_无限商店_秘籍",
    "time": 100,
    "qualities": [ { "id": "INTERNET", "level": 1 } ],
    "reversible": false,
    "autolearn": true,
    "flags": ["BLIND_EASY"],
    "components": [
      [ [ "SKJB", 120 ] ],
      [ [ "paper", 1 ] ]
     
    ]
  },
   {
		"type" : "recipe",
		"result" : "wxkj_lqzhfj02",
		"category" : "CC_无限商店",
		"subcategory": "CSC_无限商店_秘籍",
    "time": 100,
    "qualities": [ { "id": "INTERNET", "level": 1 } ],
    "reversible": false,
    "autolearn": true,
    "flags": ["BLIND_EASY"],
    "components": [
      [ [ "SKJB", 120 ] ],
      [ [ "wxkj_lqzhfj01", 1 ] ]
     
    ]
  },
   {
		"type" : "recipe",
		"result" : "wxkj_lqzhfj03",
		"category" : "CC_无限商店",
		"subcategory": "CSC_无限商店_秘籍",
    "time": 100,
    "qualities": [ { "id": "INTERNET", "level": 1 } ],
    "reversible": false,
    "autolearn": true,
    "flags": ["BLIND_EASY"],
    "components": [
      [ [ "SKJB", 240 ] ],
      [ [ "wxkj_lqzhfj02", 1 ] ]
     
    ]
  },
     {
		"type" : "recipe",
		"result" : "wxkj_lqzhfj04",
		"category" : "CC_无限商店",
		"subcategory": "CSC_无限商店_秘籍",
    "time": 100,
    "qualities": [ { "id": "INTERNET", "level": 1 } ],
    "reversible": false,
    "autolearn": true,
    "flags": ["BLIND_EASY"],
    "components": [
      [ [ "SKJB", 240 ] ],
      [ [ "wxkj_lqzhfj03", 1 ] ]
     
    ]
  },   {
		"type" : "recipe",
		"result" : "wxkj_lqzhfj05",
		"category" : "CC_无限商店",
		"subcategory": "CSC_无限商店_秘籍",
    "time": 100,
    "qualities": [ { "id": "INTERNET", "level": 1 } ],
    "reversible": false,
    "autolearn": true,
    "flags": ["BLIND_EASY"],
    "components": [
      [ [ "SKJB", 360 ] ],
      [ [ "wxkj_lqzhfj04", 1 ] ]
     
    ]
  },   {
		"type" : "recipe",
		"result" : "wxkj_lqzhfj06",
		"category" : "CC_无限商店",
		"subcategory": "CSC_无限商店_秘籍",
    "time": 100,
    "qualities": [ { "id": "INTERNET", "level": 1 } ],
    "reversible": false,
    "autolearn": true,
    "flags": ["BLIND_EASY"],
    "components": [
      [ [ "SKJB", 360 ] ],
      [ [ "wxkj_lqzhfj05", 1 ] ]
     
    ]
  },   {
		"type" : "recipe",
		"result" : "wxkj_lqzhfj07",
		"category" : "CC_无限商店",
		"subcategory": "CSC_无限商店_秘籍",
    "time": 100,
    "qualities": [ { "id": "INTERNET", "level": 1 } ],
    "reversible": false,
    "autolearn": true,
    "flags": ["BLIND_EASY"],
    "components": [
      [ [ "SKJB", 520 ] ],
      [ [ "wxkj_lqzhfj06", 1 ] ]
     
    ]
  },
  {
		"type" : "uncraft",
		"result": "WXKJ_ll_ice",
		"time": 60000,
		"flags": ["BLIND_EASY"],	
	 "book_learn" : [ ["wxkj_lqzhfj01",1] ],
	 "skill_used" : "WX_SKILL-XXTF",
    "difficulty": 1,
    "skills_required": [ "WX_SKILL-LQ", 3 ],
		"components": 
		[
			[
			[ "WXKJ_resoure_LQ", 2 ]
			]
		]		
	},
	{
		"type" : "uncraft",
		"result": "WXKJ_ll_water",
		"time": 60000,
		"flags": ["BLIND_EASY"],	
		"book_learn" : [ ["wxkj_lqzhfj02",1] ],
		"skill_used" : "WX_SKILL-XXTF",
    "difficulty": 1,
    "skills_required": [ "WX_SKILL-LQ", 3 ],
		"components": 
		[
			[
			[ "WXKJ_resoure_LQ", 2 ]
			]
		]		
	},
	{
		"type" : "uncraft",
		"result": "WXKJ_ll_earth",
		"time": 60000,
		"flags": ["BLIND_EASY"],	
  "book_learn" : [ ["wxkj_lqzhfj03",1] ],		
  "skill_used" : "WX_SKILL-XXTF",
    "difficulty": 1,
    "skills_required": [ "WX_SKILL-LQ", 3 ],
		"components": 
		[
			[
			[ "WXKJ_resoure_LQ", 2 ]
			]
		]		
	},
	{
		"type" : "uncraft",
		"result": "WXKJ_ll_tree",
		"time": 60000,
		"flags": ["BLIND_EASY"],	
		"book_learn" : [ ["wxkj_lqzhfj04",4] ],		
		"skill_used" : "WX_SKILL-XXTF",
    "difficulty": 1,
    "skills_required": [ "WX_SKILL-LQ", 3 ],
		"components": 
		[
			[
			[ "WXKJ_resoure_LQ", 2 ]
			]
		]		
	},
	{
		"type" : "uncraft",
		"result": "WXKJ_ll_thunder",
		"time": 60000,
		"flags": ["BLIND_EASY"],	
		"book_learn" : [ ["wxkj_lqzhfj05",1] ],		
		"skill_used" : "WX_SKILL-XXTF",
    "difficulty": 1,
    "skills_required": [ "WX_SKILL-LQ", 3 ],
		"components": 
		[
			[
			[ "WXKJ_resoure_LQ", 2 ]
			]
		]		
	},
	{
		"type" : "uncraft",
		"result": "WXKJ_ll_wind",
		"time": 60000,
		"flags": ["BLIND_EASY"],	
		"book_learn" : [ ["wxkj_lqzhfj06",1] ],		
		"skill_used" : "WX_SKILL-XXTF",
    "difficulty": 1,
    "skills_required": [ "WX_SKILL-LQ", 3 ],
		"components": 
		[
			[
			[ "WXKJ_resoure_LQ", 2 ]
			]
		]		
	},
	{
		"type" : "uncraft",
		"result": "WXKJ_ll_fire",
		"time": 60000,
		"flags": ["BLIND_EASY"],	
		"book_learn" : [ ["wxkj_lqzhfj07",1] ],		
 	"skill_used" : "WX_SKILL-XXTF",
    "difficulty": 1,
    "skills_required": [ "WX_SKILL-LQ", 3 ],
		"components": 
		[
			[
			[ "WXKJ_resoure_LQ", 2 ]
			]
		]		
	}
  
  
  
]

  




