[
  {
    "type": "mapgen",
    "method": "json",
    "om_terrain": [ "JD_JS_32" ],
    "object": {
      "fill_ter": "t_grass",
      "rows": [
        "aaaaaaaaaaaaaaaaaaaaaaac",   
        "aaaaaaaaaaaaaaaaaaaaaaac",     
        "aaaaaaaaaaaaaaaaaaaaaaad",
        "aaaaaaaaaaaaaaaaaaaaaaac",
        "aaaaaaaaaaaaaaaaaaaaaaac",
        "aaaaaaaaaaaaaaaaaaaaaagf",
        "aaaaaaaaaaaaaaaaaaaaaaab",
        "aaaaaaaaaaaaaaaaaaaaaaab",
        "aaaaaaaaaaaaaaaaaaaaaaab",
        "aaaaaaaaaaaaaaaaaaaaaaab",
        "aaaaaaaaaaaaaaaaaaaaaaab",
        "aaaaaaaaaaaaaaaaaaaaaaab",
        "aaaaaaaaaaaaaaaaaaaaaaab",
        "aaaaaaaaaaaaaaaaaaaaaaab",
        "aaaaaaaaaaaaaaaaaaaaaaab",
        "aaaaaaaaaaaaaaaaaaaaaaab",
        "aaaaaaaaaaaaaaaaaaaaaaab",
        "aaaaaaaaaaaaaaaaaaaaaaab",
        "aaaaaaaaaaaaaaaaaaaaaagf",
        "aaaaaaaaaaaaaaaaaaaaaaac",
        "aaaaaaaaaaaaaaaaaaaaaaac",
        "aaaaaaaaaaaaaaaaaaaaaaad",
        "cccccccccccccccccccccccc",  
        "cccccccccccccccccccccccc" 
     
      ],
      "terrain": {
        "a": "t_dirt",
        "b": "t_palisade_gate",
        "c": "t_concrete_wall",
        "d": "t_door_metal_locked",
        "e": "t_door_o",
        "f": "t_palisade",
        "g":"t_palisade_pulley"
      },
	  "place_npcs": [
        { "class": "merchant_Med", "x": 17, "y": 17 },    
        { "class": "merchant_Smith", "x": 9, "y": 20 }
		],
      "furniture": { "h": "f_chair", "i": "f_sandbag_half", "j": "f_standing_tank" }
    }
  },
  {
        "type" : "overmap_terrain",
        "id" : "JD_JS_32",
        "name" : "军事基地",
        "sym" : 66,
        "color" : "white",
        "see_cost" : 5
    },
    
  {
    "type" : "start_location",
    "ident" : "JD_JS_32",  "//":"角色出生地点代码",
    "name" : "军事基地", 
    "target" : "JD_JS_32"
  }
    
    
    
]