[
  {
    "type": "faction",
    "id": "WXKJ_JD",
    "name": "军方基地",
    "likes_u": 100,
    "respects_u": 100,
    "known_by_u": true,
    "size": 30,
    "power": 100,
    "combat_ability": 150,   "//":"战斗能力",
    "food_supply": 50000,  "//":"食物供给",
    "wealth": 10000,   "//":"财富",
    "good": 100,
    "strength": 60,
    "sneak": 0,
    "crime": 0,
    "cult": 0,
    "description": "末日来临后，由幸存的军队整编而形成的势力，建造了强大的基地，拥有强大的军事实力。."
  }
  ]