[
  {
    "type": "mapgen",
    "method": "json",
    "om_terrain": [ "JD_JS1.0" ],
    "object": {
      "fill_ter": "t_grass",
      "rows": [
        "cccccccccccccccccccccccc",   
        "cccccccccccccccccccccccc",     
        "ttttttttttttttttiitttiit",
        "ttttttttttttttttiiiiiiit",
        "vyyyyyyyyyyyyyyviiiiiiiy",
        "eeeeeeeeeeeeeeeeeeeeeeee",
        "eeeeeeeeeeeeeeeeeeeeeeee",
        "eeeeeeeeeeeeeeeeeeeeeeee",
        "eeeeeeeeeeeeeeeeeeeeeeee",
        "eeeeeeeeeeeeeeeeeeeeeeee",
        "eeeeeeeeeeeeeeeeeeeeeeee",
        "rrrrrrrrrrrrrrrrrrrrrrrr",
        "rrrrrrrrrrrrrrrrrrrrrrrr",
        "eeeeeeeeeeeeeeeeeeeeeeee",
        "eeeeeeeeeeeeeeeeeeeeeeee",
        "eeeeeeeeeeeeeeeeeeeeeeee",
        "eeeeeeeeeeeeeeeeeeeeeeee",
        "eeeeeeeeeeeeeeeeeeeeeeee",
        "eeeeeeeeeeeeeeeeeeeeeeee",
        "aaaaaaaaaaaaaaaaaaaaaaaa",
        "aaaaaaaaaaaaaaaaaaaaaaaa",
        "aaaaaaaaaaaaaaaaaaaaaaaa",
        "aaaaaaaaaaaaaaaaaaaaaaaa",  
        "aaaaaaaaaaaaaaaaaaaaaaaa" 
     
      ],
      "terrain": {
        "a": "t_dirt",
        "b": "t_palisade_gate",
        "c": "t_concrete_wall",
        "d": "t_door_metal_locked",
        "e": "t_pavement",
        "r": "t_pavement_y",
        "t": "t_sidewalk",
        "f": "t_palisade",
        "i": "t_sidewalk",
        "y": "t_railing_v",
        "v": "t_utility_light",
        "g":"t_palisade_pulley"
      },
	  "place_npcs": [
        { "class": "merchant_Med", "x": 17, "y": 17 },    
        { "class": "merchant_Smith", "x": 9, "y": 20 }
		],
      "furniture": { "h": "f_chair", "i": "f_sandbag_half", "j": "f_standing_tank" }
    }
  },
  {
        "type" : "overmap_terrain",
        "id" : "JD_JS1.0",
        "name" : "跑道",
        "sym" : 66,
        "color" : "blue",
        "see_cost" : 5
    },
    
  {
    "type" : "start_location",
    "ident" : "JD_JS1.0",  "//":"角色出生地点代码",
    "name" : "军事基地", 
    "target" : "JD_JS1.0"
  }
    
    
    
]