[
  {
    "type": "start_location",
    "ident": "Survivor_Holdout_l",
    "//": "starts in Survivor Holdout. Not in use currently.",
    "name": "幸存者避难所",
    "target": "Survivor_Holdout_1"
  },
  {
    "type": "start_location",
    "ident": "surv_camp_l",
    "name": "幸存者营地",
    "target": "surv_camp"
  },
  {
    "type": "start_location",
    "ident": "Bio_Weapon_Lab_l",
    "name": "生物武器实验室",
    "target": "Bio_Weapon_Lab_b"
  },
  {
    "type": "start_location",
    "ident": "bunker_s",
    "name": "军事掩体",
    "target": "bunker"
  },
  {
    "type": "start_location",
    "ident": "prison_b_entrance_s",
    "name": "监狱",
    "target": "prison_b_entrance"
  },
  {
    "type": "start_location",
    "ident": "house_fight_s",
    "name": " 地下竞技场",
    "target": "sketchy_cabin_b2"
  }
]
