[
  {
    "type": "enchantment",
    "id": "ENCH_CBM_TEMPORAL_STIMULATION",
    "condition": "ACTIVE",
    "values": [
      {
        "value": "SPEED",
        "multiply": 0.5
      }
    ],
    "ench_effects": [
      {
        "effect": "temporal_stimulation_effect",
        "intensity": 1
      }
    ]
  },
  {
    "type": "enchantment",
    "id": "ENCH_CBM_LIFE_SIGN_SUPPRESSION",
    "condition": "ACTIVE",
    "mutations": [
      "ARCANA_LIFE_SIGN_SUPPRESSION"
    ],
    "ench_effects": [
      {
        "effect": "life_sign_suppression_debuff",
        "intensity": 1
      }
    ]
  },
  {
    "type": "enchantment",
    "id": "ENCH_DRAGONBLOOD_ELEMENTAL_AFFINITY",
    "condition": "ALWAYS",
    "ench_effects": [
      {
        "effect": "heat_ward_dragonblood",
        "intensity": 1
      }
    ]
  },
  {
    "type": "enchantment",
    "id": "ENCH_DRAGONBLOOD_DRACONIC_WINGS",
    "condition": "ALWAYS",
    "ench_effects": [
      {
        "effect": "feather_fall_dragonblood",
        "intensity": 1
      }
    ]
  }
]