[
  {
    "type": "SPELL",
    "id": "arcana_trap_archon_shadows",
    "name": {
      "str": "陷阱：暗影奇观"
    },
    "description": "真的还是假的？你得自己找出来！",
    "valid_targets": [
      "hostile"
    ],
    "message": "",
    "effect": "none",
    "shape": "blast",
    "flags": [
      "WONDER",
      "SILENT"
    ],
    "min_damage": 1,
    "max_damage": 1,
    "extra_effects": [
      {
        "id": "arcana_trap_archon_shadows_1"
      },
      {
        "id": "arcana_trap_archon_shadows_2"
      },
      {
        "id": "arcana_trap_archon_shadows_3"
      },
      {
        "id": "arcana_trap_archon_shadows_4"
      }
    ]
  },
  {
    "id": "arcana_trap_archon_shadows_1",
    "type": "SPELL",
    "name": {
      "str": "陷阱：召唤阴影"
    },
    "description": "这就创造了真正的交易。",
    "valid_targets": [
      "ground"
    ],
    "flags": [
      "HOSTILE_SUMMON",
      "RANDOM_DAMAGE",
      "RANDOM_DURATION",
      "LOUD"
    ],
    "min_damage": 2,
    "max_damage": 4,
    "min_aoe": 20,
    "max_aoe": 20,
    "sound_description": "\"Begone, interloper...\"",
    "min_duration": 30000,
    "max_duration": 60000,
    "sound_type": "speech",
    "effect": "summon",
    "shape": "blast",
    "effect_str": "mon_shadow_summoned"
  },
  {
    "id": "arcana_trap_archon_shadows_2",
    "type": "SPELL",
    "name": {
      "str": "陷阱：召唤阴影"
    },
    "description": "假影子怪物。",
    "valid_targets": [
      "ground"
    ],
    "flags": [
      "HOSTILE_SUMMON",
      "RANDOM_DAMAGE",
      "RANDOM_DURATION",
      "LOUD"
    ],
    "min_damage": 2,
    "max_damage": 4,
    "min_aoe": 20,
    "max_aoe": 20,
    "sound_description": "\"Begone, interloper...\"",
    "min_duration": 30000,
    "max_duration": 60000,
    "sound_type": "speech",
    "effect": "summon",
    "shape": "blast",
    "effect_str": "mon_shadow_summoned_fake"
  },
  {
    "id": "arcana_trap_archon_shadows_3",
    "type": "SPELL",
    "name": {
      "str": "陷阱：召唤暗蛇"
    },
    "description": "这就创造了真正的交易。",
    "valid_targets": [
      "ground"
    ],
    "flags": [
      "HOSTILE_SUMMON",
      "RANDOM_DAMAGE",
      "RANDOM_DURATION",
      "LOUD"
    ],
    "min_damage": 1,
    "max_damage": 3,
    "min_aoe": 20,
    "max_aoe": 20,
    "sound_description": "\"Die...\"",
    "min_duration": 30000,
    "max_duration": 60000,
    "sound_type": "speech",
    "effect": "summon",
    "shape": "blast",
    "effect_str": "mon_shadow_snake_summoned"
  },
  {
    "id": "arcana_trap_archon_shadows_4",
    "type": "SPELL",
    "name": {
      "str": "陷阱：假影蛇"
    },
    "description": "冷嘲热讽是fek。",
    "valid_targets": [
      "ground"
    ],
    "flags": [
      "HOSTILE_SUMMON",
      "RANDOM_DAMAGE",
      "RANDOM_DURATION",
      "LOUD"
    ],
    "min_damage": 1,
    "max_damage": 3,
    "min_aoe": 20,
    "max_aoe": 20,
    "sound_description": "\"Die...\"",
    "min_duration": 30000,
    "max_duration": 60000,
    "sound_type": "speech",
    "effect": "summon",
    "shape": "blast",
    "effect_str": "mon_shadow_snake_summoned_fake"
  },
  {
    "id": "arcana_trap_archon_hallu",
    "type": "SPELL",
    "name": {
      "str": "陷阱：哈鲁"
    },
    "description": "脑痛。",
    "valid_targets": [
      "self",
      "ally",
      "hostile"
    ],
    "flags": [
      "LOUD"
    ],
    "sound_description": "\"Cast aside the veil of reality...\"",
    "min_duration": 60000,
    "max_duration": 60000,
    "sound_type": "speech",
    "effect": "attack",
    "shape": "blast",
    "effect_str": "visuals",
    "extra_effects": [
      {
        "id": "arcana_trap_archon_hallu2"
      }
    ]
  },
  {
    "id": "arcana_trap_archon_hallu2",
    "type": "SPELL",
    "name": {
      "str": "陷阱：哈鲁 2"
    },
    "description": "更多的脑痛。",
    "valid_targets": [
      "self",
      "ally",
      "hostile"
    ],
    "flags": [
      "SILENT"
    ],
    "sound_description": "",
    "min_duration": 60000,
    "max_duration": 60000,
    "effect": "attack",
    "shape": "blast",
    "effect_str": "hallu"
  },
  {
    "id": "arcana_trap_archon_chill",
    "type": "SPELL",
    "name": {
      "str": "寒战陷阱"
    },
    "description": "真他妈的冷。",
    "valid_targets": [
      "ground"
    ],
    "flags": [
      "RANDOM_DURATION",
      "LOUD"
    ],
    "sound_description": "\"You do not belong here...\"",
    "sound_type": "speech",
    "effect": "attack",
    "shape": "blast",
    "effect_str": "darkness",
    "min_aoe": 2,
    "max_aoe": 2,
    "min_duration": 6000,
    "max_duration": 18000,
    "field_id": "fd_cold_air3",
    "field_chance": 1,
    "min_field_intensity": 2,
    "max_field_intensity": 2,
    "field_intensity_variance": 1
  }
]