[
  {
    "type": "MOD_INFO",
    "mod-type": "SUPPLEMENTAL",
    "ident": "PK_REBALANCE",
    "name": "PKs Rebalancing",
    "description": "重新平衡生成列表，添加新的怪物和物品，添加新的建筑和加强旧建筑，并努力创造一个更严酷的环境生存。内容添加了视频游戏《DOOM》的怪物.",
    "category": "creatures",
    "author": "pisskop",
    "version": "5.7.2j_UO 0.E",
    "maintainers": ["Centes"],
     "//": "For the CDDA Launcher Program.",
    "path": ""
  },
  {
    "type": "ITEM_BLACKLIST",
    "items": [  ]
  }
]
