[
  {
    "id": [ "TALK_FRIEND" ],
    "type": "talk_topic",
    "responses": [
            {
        "text": "<BGSS_intro_question>",
        "topic": "BGSS_BHUNTER_STORY1",
        "condition": { "npc_has_trait": "BGSS_BHunter" },
        "switch": true
      }
    ]
  },
  {
    "id": "BGSS_BHUNTER_STORY1",
    "type": "talk_topic",
    "dynamic_line": {
      "u_has_effect": "evy_ousted",
      "yes": "They had me set up and ready to follow a paper trail, check up on a small handful of lab projects.  Degree in computer engineering and a brief stint as an officer candidate before all this.",
      "no": "I was working my way through a college degree.  Computer engineering stuff, and that helped get me where I am now.  I was at home actually when this started, putting the final pieces on the side project that led me here."
    },
    "responses": [
      { "text": "How did you find out so much about the labs?", "topic": "BGSS_BHUNTER_STORY2" },
      { "text": "What happened?", "topic": "BGSS_BHUNTER_STORY3" },
      {
        "text": "I can tell you're one of us, Hunter.  I was expecting an officer, not a college student.",
        "topic": "BGSS_BHUNTER_STORYOUST",
        "condition": { "and": [ { "u_has_any_trait": [ "SUPER_SOLDIER_MARKER" ] }, { "not": { "u_has_effect": "evy_ousted" } } ] },
        "effect": { "u_add_effect": "evy_ousted", "duration": "PERMANENT" }
      },
      {
        "text": "You seem to know a lot more than you're letting on.",
        "condition": {
          "and": [
            { "or": [ { "u_has_intelligence": 9 }, { "u_has_perception": 9 } ] },
            { "not": { "or": [ { "u_has_effect": "evy_ousted" }, { "u_has_effect": "evy_asked_info_recently" } ] } }
          ]
        },
        "trial": { "type": "PERSUADE", "difficulty": 2 },
        "success": {
          "topic": "BGSS_BHUNTER_STORYADMIT",
          "opinion": { "trust": 1 },
          "effect": { "u_add_effect": "evy_ousted", "duration": "PERMANENT" }
        },
        "failure": { "topic": "BGSS_BHUNTER_STORYDENY", "effect": { "u_add_effect": "evy_asked_info_recently", "duration": 1800 } }
      },
      {
        "text": "You seem to know a lot more than you're letting on.",
        "condition": {
          "and": [
            { "or": [ { "u_has_intelligence": 9 }, { "u_has_perception": 9 } ] },
            { "not": { "u_has_effect": "evy_ousted" } },
            { "u_has_effect": "evy_asked_info_recently" }
          ]
        },
        "topic": "BGSS_BHUNTER_STORYNOPE"
      },
      { "text": "<done_conversation_section>", "topic": "TALK_FRIEND" },
      { "text": "<end_talking>", "topic": "TALK_DONE" }
    ]
  },
  {
    "id": "BGSS_BHUNTER_STORYADMIT",
    "type": "talk_topic",
    "dynamic_line": "Seems it's harder to conceal that than I thought.  You're right, and I suppose that also confirms I can trust you with this.  Though you're wrong about that last bit, didn't stay a CO for very long.  Long story, don't ask.  Just be careful who you reveal this information to, okay?",
    "responses": [ { "text": "Got it.", "topic": "BGSS_BHUNTER_STORY1" } ]
  },
  {
    "id": "BGSS_BHUNTER_STORYADMIT",
    "type": "talk_topic",
    "dynamic_line": "You're right.  I'd rather not talk too much about the details, but I'm on a mission to find out what happened and get in touch with anyone still alive.",
    "responses": [ { "text": "I see.", "topic": "BGSS_BHUNTER_STORY1" } ]
  },
  {
    "id": "BGSS_BHUNTER_STORYDENY",
    "type": "talk_topic",
    "dynamic_line": "I don't know much more than what I could scrape together over a year of picking apart the details.  Really not much to say.",
    "responses": [ { "text": "I see.", "topic": "BGSS_BHUNTER_STORY1" } ]
  },
  {
    "id": "BGSS_BHUNTER_STORYNOPE",
    "type": "talk_topic",
    "dynamic_line": "You just asked me earlier.  I'd rather not talk about it right now.",
    "responses": [ { "text": "...", "topic": "BGSS_BHUNTER_STORY1" } ]
  },
  {
    "id": "BGSS_BHUNTER_STORY2",
    "type": "talk_topic",
    "dynamic_line": {
      "u_has_effect": "evy_ousted",
      "yes": "Time, effort, and the fact that all these government projects can only do so much to cover their tracks.  Eventually I had enough to go on and just barely enough time to follow what information I had.",
      "no": "They didn't do a great job of covering their tracks.  I mean they really made me work for it, but with all the laboratories out there bits and pieces slipped through the gaps."
    },
    "responses": [
      { "text": "So, what happened?", "topic": "BGSS_BHUNTER_STORY3" },
      { "text": "<done_conversation_section>", "topic": "TALK_FRIEND" },
      { "text": "<end_talking>", "topic": "TALK_DONE" }
    ]
  },
  {
    "id": "BGSS_BHUNTER_STORY3",
    "type": "talk_topic",
    "dynamic_line": {
      "u_has_effect": "evy_ousted",
      "yes": "I came here with one other person, just barely avoiding the crowds of undead in local hotspots.  Guy was from some unit assigned to this project as security, 9th something-or-other.  Lost contact with the rest of the military not long after we set out, so we decided to follow our lead and figure it out from there.",
      "no": "I lived in a relatively small town, but it still wasn't long before things got hectic.  I decided to pack up what I could and follow what little evidence I had.  Picked up some gear along the way from a wreck, met up with a guy that went AWOL, eventually followed the trail of breadcrumbs.  And that's how I ended up at that lab..."
    },
    "responses": [
      { "text": "Was it that hectic to begin with?", "topic": "BGSS_BHUNTER_STORY4" },
      { "text": "<done_conversation_section>", "topic": "TALK_FRIEND" },
      { "text": "<end_talking>", "topic": "TALK_DONE" }
    ]
  },
  {
    "id": "BGSS_BHUNTER_STORY4",
    "type": "talk_topic",
    "dynamic_line": "No.  Place was fairly quiet initially, no sign of those things when we arrived.  We went in to make sure it was clear, then the guy I was traveling with kept watch outside.  Was maybe a day or two of turning the place inside-out when a group of them swarmed the area, tore the poor bastard apart.  I think he took a few with him, but even they aren't all immune to this zombie thing.  I holed up in the bunker once I realized I was alone...",
    "responses": [ { "text": "<done_conversation_section>", "topic": "TALK_FRIEND" }, { "text": "<end_talking>", "topic": "TALK_DONE" } ]
  }
]
