[
  {
    "id": "NC_PREPPER_worn",
    "type": "item_group",
    "subtype": "collection",
    "entries": [
      {
        "distribution": [
          { "item": "undershirt", "prob": 30 },
          { "item": "kevlar", "prob": 10 },
          { "item": "long_undertop", "prob": 30 },
          { "item": "under_armor", "prob": 30 }
        ]
      },
      {
        "distribution": [
          { "group": "male_underwear_bottom", "prob": 30 },
          { "group": "loincloth", "prob": 10 },
          { "item": "long_underpants", "prob": 30 },
          { "item": "under_armor_shorts", "prob": 30 }
        ]
      },
      {
        "distribution": [ { "item": "socks", "prob": 45 }, { "item": "socks_wool", "prob": 45 }, { "item": "footrags", "prob": 10 } ]
      },
      { "item": "gloves_liner", "prob": 50 },
      {
        "distribution": [
          { "group": "NC_PREPPER_worn_normal", "prob": 50 },
          { "group": "NC_PREPPER_worn_nomad", "prob": 10 },
          { "group": "NC_PREPPER_worn_scav", "prob": 10 },
          { "group": "NC_PREPPER_worn_survivor", "prob": 10 },
          { "group": "NC_PREPPER_worn_lmil", "prob": 5 },
          { "item": "surv_suit", "prob": 10 },
          { "item": "surv_armor_suit", "prob": 5 }
        ]
      }
    ]
  },
  {
    "id": "NC_PREPPER_worn_nomad",
    "type": "item_group",
    "subtype": "collection",
    "entries": [
      { "item": "armor_nomad" },
      { "item": "helmet_nomad" },
      { "group": "NC_SCAVENGER_gloves" },
      {
        "distribution": [ { "item": "boots", "prob": 40 }, { "item": "boots_hiking", "prob": 30 }, { "item": "boots_steel", "prob": 30 } ]
      }
    ]
  },
  {
    "id": "NC_PREPPER_worn_scav",
    "type": "item_group",
    "subtype": "collection",
    "entries": [
      { "item": "armor_scavenger" },
      { "item": "helmet_scavenger" },
      { "group": "NC_SCAVENGER_gloves" },
      {
        "distribution": [ { "item": "boots", "prob": 40 }, { "item": "boots_hiking", "prob": 30 }, { "item": "boots_steel", "prob": 30 } ]
      }
    ]
  },
  {
    "id": "NC_PREPPER_worn_survivor",
    "type": "item_group",
    "subtype": "collection",
    "items": [
      { "item": "lsurvivor_armor" },
      { "item": "duster_survivor" },
      { "item": "gloves_lsurvivor", "prob": 50 },
      { "item": "hood_lsurvivor" },
      { "item": "mask_lsurvivor", "prob": 50 },
      { "item": "lsurvivor_pants" },
      { "item": "boots_lsurvivor" }
    ]
  },
  {
    "id": "NC_PREPPER_worn_lmil",
    "type": "item_group",
    "subtype": "collection",
    "entries": [
      { "item": "lmil_armor" },
      { "item": "mask_lsurvivor", "prob": 50 },
      {
        "distribution": [
          { "item": "backpack", "prob": 30 },
          { "item": "slingpack", "prob": 30 },
          { "item": "survivor_pack", "prob": 20 },
          { "item": "survbowpack", "prob": 20 }
        ]
      }
    ]
  },
  {
    "id": "NC_PREPPER_worn_normal",
    "type": "item_group",
    "subtype": "collection",
    "entries": [
      { "group": "clothing_outdoor_torso" },
      { "group": "clothing_outdoor_pants" },
      { "group": "clothing_outdoor_shoes" },
      {
        "distribution": [
          { "item": "backpack", "prob": 30 },
          { "item": "slingpack", "prob": 30 },
          { "item": "survivor_pack", "prob": 20 },
          { "item": "survbowpack", "prob": 20 }
        ]
      }
    ]
  },
  {
    "id": "NC_PREPPER_carry",
    "type": "item_group",
    "//": "And this is how to reliably get NC overrides to pair guns and ammo.",
    "subtype": "collection",
    "entries": [
      {
        "distribution": [
          { "group": "NC_PREPPER_carry_pnu", "prob": 20 },
          { "group": "NC_PREPPER_carry_batt", "prob": 10 },
          { "group": "NC_PREPPER_carry_223", "prob": 10 },
          { "group": "NC_PREPPER_carry_9mm", "prob": 10 },
          { "group": "NC_PREPPER_carry_bow", "prob": 30 },
          { "group": "NC_PREPPER_carry_flint", "prob": 20 }
        ]
      },
      { "group": "gear_survival", "count": [ 1, 3 ] },
      { "group": "foodintincan", "count": [ 3, 6 ] }
    ]
  },
  {
    "id": "NC_PREPPER_carry_pnu",
    "type": "item_group",
    "subtype": "collection",
    "ammo": 100,
    "entries": [
      {
        "distribution": [
          { "item": "sling", "prob": 20 },
          { "item": "wristrocket", "prob": 10 },
          { "item": "bullet_crossbow", "prob": 20 },
          { "item": "tihar", "prob": 25 },
          { "item": "sur_pnu_lmg", "prob": 25 }
        ]
      },
      {
        "distribution": [
          { "item": "bearing", "prob": 30, "count": [ 2, 3 ] },
          { "item": "marble", "prob": 30, "count": [ 2, 3 ] },
          { "item": "pebble", "prob": 40, "count": [ 2, 3 ] }
        ]
      }
    ]
  },
  {
    "id": "NC_PREPPER_carry_batt",
    "type": "item_group",
    "subtype": "collection",
    "magazine": 100,
    "ammo": 100,
    "entries": [ { "item": "surv_battery_rifle" }, { "item": "medium_battery_cell", "count": [ 2, 3 ] } ]
  },
  {
    "id": "NC_PREPPER_carry_223",
    "type": "item_group",
    "subtype": "collection",
    "magazine": 100,
    "ammo": 100,
    "entries": [ { "item": "surv_full_223" }, { "item": "surv_223_mag", "count": [ 2, 3 ] } ]
  },
  {
    "id": "NC_PREPPER_carry_9mm",
    "type": "item_group",
    "subtype": "collection",
    "magazine": 100,
    "ammo": 100,
    "entries": [ { "item": "surv_full_9mm" }, { "item": "surv_9mm_mag", "count": [ 2, 3 ] } ]
  },
  {
    "id": "NC_PREPPER_carry_bow",
    "type": "item_group",
    "subtype": "collection",
    "entries": [
      {
        "distribution": [ { "item": "longbow", "prob": 40 }, { "item": "compbow", "prob": 40 }, { "item": "survbow", "prob": 30 } ]
      },
      {
        "distribution": [
          { "item": "arrow_wood", "prob": 50, "count": [ 1, 3 ] },
          { "item": "arrow_wood_heavy", "prob": 30, "count": [ 1, 3 ] },
          { "item": "arrow_metal_sharpened_fletched", "prob": 20, "count": [ 1, 3 ] },
          { "item": "arrow_metal", "prob": 20, "count": [ 1, 3 ] }
        ]
      }
    ]
  },
  {
    "id": "NC_PREPPER_carry_flint",
    "type": "item_group",
    "subtype": "collection",
    "ammo": 100,
    "entries": [
      {
        "distribution": [
          { "item": "carbine_flintlock", "prob": 30 },
          { "item": "carbine_flintlock_double", "prob": 40 },
          { "item": "rifle_flintlock", "prob": 30 },
          { "item": "surv_sniper", "prob": 40 }
        ]
      },
      { "item": "flintlock_ammo", "count": [ 1, 2 ] }
    ]
  }
]
