[
  {
    "id": "TALK_CGUARD2",
    "type": "talk_topic",
    "dynamic_line": {
      "u_is_wearing": "badge_bio_weapon",
      "yes": "你好，别弄坏东西，好吗?",
      "no": "欢迎光临。尽量不要惹麻烦，事情会好起来的。"
    },
    "responses": [
      { "text": "这是什么地方?", "topic": "TALK_CGUARD2_ASK_PLACE" },
      { "text": "能告诉我怎么走吗?", "topic": "TALK_CGUARD2_DIR" },
      { "text": "近况如何呢?", "topic": "TALK_CGUARD2_ASK_HOWRU" },
      { "text": "我能呆在这里吗?", "topic": "TALK_CGUARD2_ASK_STAY" },
      { "text": "再见.", "topic": "TALK_DONE" }
    ]
  },
  {
    "id": "TALK_CGUARD2_ASK_PLACE",
    "type": "talk_topic",
    "dynamic_line": "曾经是一个旧的实验室地堡。我们对地下层进行了拆除和改造，使其适合居住。至少比什么都没有好。",
    "responses": [ { "text": "我明白了。", "topic": "TALK_CGUARD2" } ]
  },
  {
    "id": "TALK_CGUARD2_DIR",
    "type": "talk_topic",
    "dynamic_line": "想要参观的话，去问问经常在楼下娱乐室闲逛的警卫。我的职责在这里，上面没有什么好看的。只是一些耕地和一个仓库。所有有趣的东西都在楼下。",
    "responses": [ { "text": "噢，好的。", "topic": "TALK_CGUARD2" } ]
  },
  {
    "id": "TALK_CGUARD2_ASK_HOWRU",
    "type": "talk_topic",
    "dynamic_line": "不太好。我站在这里，注意周围是否有东西入侵，对任何爬到围墙上的丧尸进行射击。当这种情况发生时，它没有那么无聊。",
    "responses": [ { "text": "好吧.", "topic": "TALK_CGUARD2" } ]
  },
  {
    "id": "TALK_CGUARD2_ASK_STAY",
    "type": "talk_topic",
    "dynamic_line": "去问问Router。他和其他人一起在下面。",
    "responses": [ { "text": "好的。", "topic": "TALK_CGUARD2" } ]
  }
]
