[
  {
    "id": "TALK_MSCI",
    "type": "talk_topic",
    "dynamic_line": {
      "u_is_wearing": "badge_bio_weapon",
      "yes": "你有徽章，是吗?我在听。",
      "no": "嘿!欢迎来到指挥中心。"
    },
    "responses": [
      { "text": "这是什么地方？", "topic": "TALK_MSCI_CC_EXPLAIN" },
      { "text": "你是谁？", "topic": "TALK_MSCI_I_AM" },
      { "text": "你在这里干什么？", "topic": "TALK_MSCI_ASK_DOING" },
      {
        "text": "现在你打算怎么办？",
        "condition": {
          "and": [
            { "npc_has_var": "apophis_dead", "type": "dialogue", "context": "router", "value": "yes" },
            { "u_has_var": "apophis_dead", "type": "dialogue", "context": "router", "value": "yes" }
          ]
        },
        "switch": true,
        "topic": "TALK_MSCI_NOWWHAT"
      },
      {
        "text": "有什么我能帮忙的吗？",
        "condition": { "npc_has_var": "apophis_dead", "type": "dialogue", "context": "router", "value": "yes" },
        "switch": true,
        "topic": "TALK_MSCI_NOWWHAT_NEW"
      },
      {
        "text": "那么，我能帮你什么？",
        "condition": { "u_has_var": "proven_worthy", "type": "dialogue", "context": "router", "value": "yes" },
        "switch": true,
        "topic": "TALK_MISSION_LIST"
      },
      {
        "text": "关于生物武器的处理有什么建议吗？",
        "condition": { "u_has_mission": "MISSION_LOOT_BIO_LAB" },
        "switch": true,
        "topic": "TALK_MSCI_TIPS"
      },
      {
        "text": "有什么我能帮忙的吗？",
        "switch": true,
        "default": true,
        "topic": "TALK_MSCI_PROOF"
      },
      { "text": "我能留下来吗？", "topic": "TALK_MSCI_ASK_STAY" },
      { "text": "再会。", "topic": "TALK_DONE" }
    ]
  },
  {
    "id": "TALK_MSCI_NOWWHAT",
    "type": "talk_topic",
    "//": "This line will now only show up if you've actually turned in the mission, so Router can be fairly certain you haven't somehow beefed it.",
    "dynamic_line": "生存及最终的研究，我们会安排好时间的。你或许可以与西格玛和兰姆达谈谈?我几乎一直在忙着修理汽车，如果他们整天无所事事，就很可能会发疯。也许你能帮助他们自己想出该怎么做。",
    "responses": [
      {
        "text": "我们来看我能做些什么。",
        "topic": "TALK_MSCI",
        "effect": [
          { "u_add_effect": "router_suggestion", "duration": "PERMANENT" },
          { "npc_add_effect": "router_suggestion", "duration": "PERMANENT" }
        ]
      }
    ]
  },
  {
    "id": "TALK_MSCI_NOWWHAT_NEW",
    "type": "talk_topic",
    "//": "This should reasonably check for new players who stumble upon the location after a previous player killed Apophis.",
    "dynamic_line": "生存及最终的研究，我们会安排好时间的。你或许可以与西格玛和兰姆达谈谈?我几乎一直在忙着修理汽车，如果他们整天无所事事，就很可能会发疯。也许你能帮助他们自己想出该怎么做。",
    "responses": [
      {
        "text": "哦，好吧。",
        "topic": "TALK_MSCI",
        "effect": [
          { "u_add_effect": "router_suggestion", "duration": "PERMANENT" },
          { "npc_add_effect": "router_suggestion", "duration": "PERMANENT" }
        ]
      }
    ]
  },
  {
    "id": "TALK_MSCI_TIPS",
    "type": "talk_topic",
    "//": "This is really just flavor for when the player should be skipping the 'prove yourself' dialogue, but shouldn't yet advance to the NPC's real mission list.",
    "dynamic_line": [
      "如果你能获得任何形式的触电保护，就使用它。他们中的大多数人都植入了放电武器，而那些没有植入放电武器的人会破坏他们的电子设备。",
      "即使他们经历了这么多，他们的自我修复设备仍然可以被使用。如果你攻击他们，一定要保持火力。如果你不得不停止攻击，下次碰到他们时，他们可能已经恢复了。",
      "我建议你不要与他们近战，除非你也非常厉害。保持一个安全的距离，并用枪向他们开火。只有少数完成的生物武器有远程武器，所以这将比与他们面对面更加安全。",
      "如果你能用大口径甚至是爆炸性的武器进行有效的射击，你应该有很大的几率一枪干掉一个。不过，要为他们可能一瘸一拐地逃跑做好准备，这些事情比攻击更难。",
      "这有点像和一些更邪恶的不死生物战斗，如果你和不止一个不死生物进行近距离战斗，你不会坚持太久。要小心，即使有那些仿生插件故障，它们也可能超过你。",
      "我肯定他们能区分活人和丧尸，但这并不能让他们成为丧尸的朋友。丧尸似乎对他们和其他任何活着的人一样怀有敌意。"
    ],
    "responses": [ { "text": "...", "topic": "TALK_MSCI" } ]
  },
  {
    "id": "TALK_MSCI_PROOF",
    "type": "talk_topic",
    "dynamic_line": {
      "u_is_wearing": "badge_bio_weapon",
      "yes": "你知道你戴的是生物武器徽章吗？我想先问一下，你是怎么拿到的。我有一些相当危险的工作需要你完成，但我需要你能确认一下。",
      "no": "我有一些重要的工作要你做，但我不确定你是否适合。你以前遇到过生物武器吗？相当危险，他们大量扩增和变异。我不想让一个在这些事情上没有经验的人处于不必要的危险之中。"
    },
    "responses": [
      {
        "text": "实际上，我是他们中的一员。",
        "condition": {
          "and": [
            {
              "u_has_any_trait": [ "BIO_WEAPON_ALPHA", "BIO_WEAPON_BETA", "BIO_WEAPON_DELTA", "BIO_WEAPON_GAMMA", "BIO_WEAPON_FAILED" ]
            },
            { "u_is_wearing": "badge_bio_weapon" }
          ]
        },
        "switch": true,
        "topic": "TALK_MSCI_PROOF_BIO"
      },
      {
        "text": "我是他们中的一员，我没有佩戴徽章。",
        "condition": {
          "u_has_any_trait": [ "BIO_WEAPON_ALPHA", "BIO_WEAPON_BETA", "BIO_WEAPON_DELTA", "BIO_WEAPON_GAMMA", "BIO_WEAPON_FAILED" ]
        },
        "switch": true,
        "topic": "TALK_MSCI_PROOF_BIO"
      },
      {
        "text": "我是超级战士项目的成员，我能应付。",
        "condition": { "u_has_trait": "SUPER_SOLDIER_MARKER" },
        "switch": true,
        "topic": "TALK_MSCI_PROOF_SOLDIER"
      },
      {
        "text": "我在路上找到的。我需要做什么？",
        "condition": { "u_is_wearing": "badge_bio_weapon" },
        "switch": true,
        "topic": "TALK_MSCI_PROOF_LOOTER"
      },
      {
        "text": "我有一个他们戴的徽章，就在这。",
        "condition": { "u_has_item": "badge_bio_weapon" },
        "switch": true,
        "topic": "TALK_MSCI_PROOF_LOOTER"
      },
      {
        "text": "我愿意尝试，我能做什么？",
        "switch": true,
        "default": true,
        "topic": "TALK_MSCI_PROOF_TRY"
      },
      { "text": "呃，没关系。", "topic": "TALK_MSCI" }
    ]
  },
  {
    "id": "TALK_MSCI_PROOF_BIO",
    "type": "talk_topic",
    "dynamic_line": {
      "u_is_wearing": "badge_bio_weapon",
      "yes": "那就可以解释了。你在这里并且没有敌意至少证明了你仍然站在人类一边。我们在这里是因为阿波菲斯。他的建立是为了消灭生物武器项目，以及参与你们创造的每一个人。不知为什么，他也为自己的事业吸引了几个失败的生物武器。我们需要收集情报，寻找盟友，我更多像你这样的人。我愿意相信你，如果你准备好了迎接未来的艰苦战斗。",
      "no": "啊。看看你，我愿意给你个机会。我有很多的原因更加谨慎。那你应该知道这个项目留下了很多未完成的工作，很多问题需要你和我去清理。如果你认为你准备好了，我应该给你准备点东西。"
    },
    "responses": [
      {
        "text": "我们看看我能做些什么。",
        "topic": "TALK_MSCI",
        "effect": { "u_add_var": "proven_worthy", "type": "dialogue", "context": "router", "value": "yes" }
      }
    ]
  },
  {
    "id": "TALK_MSCI_PROOF_SOLDIER",
    "type": "talk_topic",
    "dynamic_line": {
      "u_is_wearing": "badge_bio_weapon",
      "yes": "很好。我们需要更多的帮助。我们一直在收集一种叛变的生物武器阿波菲斯的信息。我有一些有用情报线索，可能会给我们一个消灭它的机会。你准备好了就来和我谈谈。",
      "no": "嗯，我想我还是不要怀疑你了。毕竟你找到我们了。我有一些关于实验地点的情报，可能有助于我们消除该地区的主要威胁。当你认为你准备好了，告诉我，我会看看我们能做什么。"
    },
    "responses": [
      {
        "text": "好吧。",
        "topic": "TALK_MSCI",
        "effect": { "u_add_var": "proven_worthy", "type": "dialogue", "context": "router", "value": "yes" }
      }
    ]
  },
  {
    "id": "TALK_MSCI_PROOF_LOOTER",
    "type": "talk_topic",
    "dynamic_line": {
      "u_is_wearing": "badge_bio_weapon",
      "yes": "你现在很可能已经知道这些东西有多危险了。如果你能很好地控制自己，去做类似的事情，那么希望你能被信任去做更危险的工作。当你有机会的时候，我有件事想问你。",
      "no": "啊，我明白了。那么，你应该很熟悉这些东西有多危险。你可能会遇到更多这样的事情，但是我需要做的工作将会对那些在这个地区生存下来的人有很大的帮助。你准备好了就来找我。"
    },
    "responses": [
      {
        "text": "我们拭目以待。",
        "topic": "TALK_MSCI",
        "effect": { "u_add_var": "proven_worthy", "type": "dialogue", "context": "router", "value": "yes" }
      }
    ]
  },
  {
    "id": "TALK_MSCI_PROOF_TRY",
    "type": "talk_topic",
    "dynamic_line": "我想让你去寻找一个小型实验室装置，它与制造这些生物武器的项目有关。最近实验室网络的防御部分出现了安全漏洞，我有理由相信这些失败的生物武器可能与此有关。如果你能到达那个地方并带回那些东西上的徽章，我会愿意信任你完成更复杂的任务。",
    "responses": [
      {
        "text": "生物武器实验室的安全漏洞...实际上可能是伊芙琳，而不仅仅是那里的生物武器。",
        "switch": true,
        "condition": { "u_has_var": "searching_for_msci", "type": "dialogue", "context": "evelynn", "value": "yes" },
        "topic": "TALK_MSCI_PROOF_EVY"
      },
      {
        "text": "好的，我会做的。",
        "switch": true,
        "default": true,
        "effect": { "add_mission": "MISSION_LOOT_BIO_LAB" },
        "topic": "TALK_MSCI_PROOF_TRY_ACCEPT"
      },
      { "text": "呃，也许下次吧。", "topic": "TALK_MSCI" },
      { "text": "也许下次吧。再见。", "topic": "TALK_DONE" }
    ]
  },
  {
    "id": "TALK_MSCI_PROOF_EVY",
    "type": "talk_topic",
    "//": "Sadly the wild goose chase will still be needed for players who started Evy's mission in saves predating the addition of this dialogue, but this idiotproofs it as best as I can.",
    "dynamic_line": "嗯？哦，我猜你已经去过那里了。我想这就够了，浪费时间是没有意义的，因为我们没有时间去浪费。如果你认为你能处理好自己，我还有其他任务给你。",
    "responses": [
      {
        "text": "我们拭目以待。",
        "topic": "TALK_MSCI",
        "effect": { "u_add_var": "proven_worthy", "type": "dialogue", "context": "router", "value": "yes" }
      }
    ]
  },
  {
    "id": "TALK_MSCI_PROOF_TRY_ACCEPT",
    "type": "talk_topic",
    "dynamic_line": "好的，我会在你的地图上标出位置。我希望你格外小心。那些东西很可能还在这个地区，而且不容易对付。如果那里的事情看起来太困难，就终止任务，尽量不要想得太多。我觉得让你去执行这样的任务已经够糟糕的了，但是我们需要能应对更大威胁的人。所以请不要自杀。",
    "responses": [ { "text": "...", "topic": "TALK_MSCI" } ]
  },
  {
    "id": "TALK_MSCI_CC_EXPLAIN",
    "type": "talk_topic",
    "dynamic_line": "这是生物武器项目前科学家的避难所。我们在树林里定居下来，试图谋生。我们允许人们留在这里，只要他们有所贡献。我们甚至设法找到了几个流浪的生物武器！",
    "responses": [
      { "text": "看来你在这里做得很好。", "topic": "TALK_MSCI" },
      { "text": "这些生物武器是谁？", "topic": "TALK_MSCI_BIO_WHO" }
    ]
  },
  {
    "id": "TALK_MSCI_BIO_WHO",
    "type": "talk_topic",
    "dynamic_line": "他们是西格玛和兰姆达，他们很困惑。当他们醒来时，他们的记忆消失了，只知道他们是“不同的”。我找到了他们，他们帮助清理和建造这个地方。它们是为了战斗而生的;我看得出他们已经厌倦了这里……",
    "responses": [ { "text": "我会留意他们的。", "topic": "TALK_MSCI" } ]
  },
  {
    "id": "TALK_MSCI_I_AM",
    "type": "talk_topic",
    "dynamic_line": "我是这个地方的领导。在大灾难之前我叫Router，我是生物武器项目的第二位首席科学家。我设计了西格玛和兰姆达，看着它们被储存起来。我现在致力于升级这个地方，维持基本的生存和寻找更多关于我工作的项目的信息。",
    "responses": [ { "text": "似乎你有很多事要做。", "topic": "TALK_MSCI" } ]
  },
  {
    "id": "TALK_MSCI_ASK_DOING",
    "type": "talk_topic",
    "//": "Infinitely more idiotproof than the last way I had it rigged, but still has its flaws.",
    "dynamic_line": {
      "npc_has_effect": "router_suggest",
      "yes": "好吧，我们藏在这里的主要原因是阿波菲斯..它是一种专门用于消灭其他生物武器和生物武器科学家的生物武器。现在我们可以尝试最终解决问题，并致力于那些可能使其他人受益的研究。",
      "no": "好吧，我们藏在这里的主要原因是阿波菲斯..它是一种专门用于消灭其他生物武器和生物武器科学家的生物武器。目前我们没有任何可以打败它的好办法，所以我们正试图创造我们自己的生物武器来对抗阿波菲斯。西格玛和兰姆达表示有兴趣去追杀它，但他们无法自己击败它。"
    },
    "responses": [
      { "text": "哦，我想祝你好运。", "topic": "TALK_MSCI" },
      {
        "text": "阿波菲斯到底是什么，真的那么危险吗?",
        "condition": { "not": { "npc_has_effect": "router_suggestion" } },
        "topic": "TALK_MSCI_APOPHIS"
      }
    ]
  },
  {
    "id": "TALK_MSCI_APOPHIS",
    "type": "talk_topic",
    "dynamic_line": {
      "u_is_wearing": "badge_bio_weapon",
      "yes": "你有那个徽章，你应该知道那些东西有多强大。阿波菲斯可以一次把它们全部击败。你见过浩克丧尸吗？他们甚至无法伤害它。更糟糕的是，一些生物武器项目的拒绝者站在了他一边。这就是为什么我们躲在这里。",
      "no": "哈!你真的不知道吗?你曾经对抗过生物武器吗?比如那些失败的版本?很艰难，对吧?他们没有阿波菲斯的那些装备，由于它的装甲和重型武器比其他生物武器先进一步，它的耐用程度令人难以置信。阿波菲斯比任何普通敌人都要危险得多。"
    },
    "responses": [
      {
        "text": "我似乎是其中之一。反正它会追上我的，为什么不跟它搏斗呢?",
        "topic": "TALK_MSCI_APOPHIS_ORIGINAL",
        "condition": { "u_has_any_trait": [ "BIO_WEAPON_ALPHA", "BIO_WEAPON_BETA", "BIO_WEAPON_GAMMA", "BIO_WEAPON_DELTA" ] }
      },
      {
        "text": "不管失败与否，我都不是那种怪物。我得做点什么。",
        "topic": "TALK_MSCI_APOPHIS_FAILED",
        "condition": { "u_has_any_trait": [ "BIO_WEAPON_FAILED" ] }
      },
      {
        "text": "处理这些烂摊子是我的使命。",
        "topic": "TALK_MSCI_APOPHIS_SOLDIER",
        "condition": { "u_has_any_trait": [ "SUPER_SOLDIER_MARKER" ] }
      },
      { "text": "...", "topic": "TALK_MSCI" }
    ]
  },
  {
    "id": "TALK_MSCI_APOPHIS_ORIGINAL",
    "type": "talk_topic",
    "dynamic_line": {
      "u_is_wearing": "badge_bio_weapon",
      "yes": "也许是这样，但是当你的研究陷入停滞时，其他的研究团队一直在仔细研究他们能从你的产品中获得的每一点数据。即使是前进了两步，后退了一步，阿波菲斯也是所有这些研究的顶峰。我知道你可能渴望战斗，但我们需要做好准备。",
      "no": "嗯，也许我对你没有徽章的判断是错误的。如果你是你自称的那个人，那么你要知道这一点。阿波菲斯是来自你的创造物的所有研究的顶点。我知道你可能渴望战斗，但我们需要做好准备。"
    },
    "responses": [ { "text": "...", "topic": "TALK_MSCI" } ]
  },
  {
    "id": "TALK_MSCI_APOPHIS_FAILED",
    "type": "talk_topic",
    "dynamic_line": {
      "u_is_wearing": "badge_bio_weapon",
      "yes": "我知道你渴望证明自己，但这并不意味着你要放弃你的生命。这东西是为杀死生物武器和任何妨碍他的人量身定做的。你不必因为别人而证明自己。我知道我可以信任你。",
      "no": "嗯。也许这就是你不戴徽章的原因。我想我可以信任你。我真希望其他人也能有你现在这样的机会，而阿波菲斯没有找到他们。如果你毫无准备，你只会白白失去生命。"
    },
    "responses": [ { "text": "...", "topic": "TALK_MSCI" } ]
  },
  {
    "id": "TALK_MSCI_APOPHIS_SOLDIER",
    "type": "talk_topic",
    "dynamic_line": {
      "u_is_wearing": "badge_bio_weapon",
      "yes": "这个东西被创造出来是为了杀死你和其他生物武器以及其他任何阻碍他的东西。这就是为什么它被命名为阿波菲斯的原因，当我们进行代号为Mesektet的项目时，我们就已经全力以赴了。",
      "no": "如果你真的是一个超级战士，那么你应该知道隐藏你的徽章并不能阻止阿波菲斯发现你。那东西是用来猎杀生物武器和超级士兵的。"
    },
    "responses": [ { "text": "...", "topic": "TALK_MSCI" } ]
  },
  {
    "id": "TALK_MSCI_ASK_STAY",
    "type": "talk_topic",
    "dynamic_line": "当然，你可以自己清理一下，尽量不要惹恼任何人。如果你有时间，我很感激你的帮助。",
    "responses": [ { "text": "谢谢。", "topic": "TALK_MSCI" } ]
  }
]
