  
  [
   {
        "type":"GENERIC",
        "id": "zszbjrm",
        "category": "books",
        "symbol": ",",
        "color": "white",
        "name": "资深者笔记_入门",
        "plural_name": "资深者笔记_入门",
     
        "description": "1.在游戏中，点击两下屏幕，然后在下方选，行动菜单，可以选择其他的操作，例如制造物品，建造建筑，观察，查看任务，与NPC交谈，查看自身状态之类等等.\n2.进城搜刮物质的话最好选择晚上去，如果你把刷新什么的都关了话，无视这条.\n3.一进入游戏，第一先造个撬棍（撬门撬窗必备）,如果选择在城市中发展.\n4.在城市里面睡觉的时候最好选择在光线漆黑的地方睡觉。不要选择一往外看去就可以看到丧尸的地方。(睡觉最好有东西覆盖着，例如羽绒被，睡袋，如果没有就直接在一堆衣服上面睡觉，不然会生病的) \n5.预防疾病最好的方法就是疾病免疫这类的天赋。看自己是否得病，可以按@键。在城市，可以去医院，诊所，兽医所找药，民居也有可能获得药品。在野外，可以去搜寻杂草丛，有概率获得野生药材。或者去采那些可以作药的植物。还有就是在野外找蜂巢，里面的蜂王浆可以包治百病.",
        "price": 0,
        "material": "paper",
        "weight": 1,
        "volume": 0
    }
    ]
