[
  {
    "type": "martial_art",
    "id": "style_HAK_FOO",
    "name": "黑虎流派",
    "description": "黑虎阿福在漫画中所使用的各种古怪招式，实战中真的会有效吗？",
	"initiate": [ "你摆好架势，决定使用【黑虎流派】。", "%s 摆好架势，决定使用【黑虎流派】。" ],
    "arm_block": 99,
    "leg_block": 99,
    "static_buffs": [
            {
                "id" : "黑虎阿福模仿者_static",
                "name" : "黑虎阿福模仿者",
                "description" : "你模仿着黑虎阿福那古怪的招式来打斗，可是这并不管用。",
                "//" : "FWIW, this is twice the amount of armor provided by bionic plating.",
                "unarmed_allowed" : true,
                "flat_bonuses" : [
                    ["armor", "bash", 6.0],
                    ["armor", "cut", 6.0],
                    ["armor", "stab", 6.0],
					["damage", "bash", "str", 0.25]
                ]
            },{
                "id" : "黑虎流派初学者_static",
                "name" : "黑虎流派初学者",
                "description" : "你坚持不懈的练习着这些古怪招式，现在这些招式能够在打斗中提供些微的帮助。",
                "//" : "FWIW, this is twice the amount of armor provided by bionic plating.",
                "unarmed_allowed" : true,
                "min_unarmed" : 2,
				"flat_bonuses" : [
                    ["armor", "bash", 6.0],
                    ["armor", "cut", 6.0],
                    ["armor", "stab", 6.0],
					["damage", "bash", "str", 0.25]
                ]
            },{
                "id" : "黑虎流派练习者_static",
                "name" : "黑虎流派练习者",
                "description" : "你坚持不懈的练习着这些古怪招式，现在这些招式能够在打斗中提供有效的帮助。",
                "//" : "FWIW, this is twice the amount of armor provided by bionic plating.",
                "unarmed_allowed" : true,
                "min_unarmed" : 4,
				"flat_bonuses" : [
                    ["armor", "bash", 6.0],
                    ["armor", "cut", 6.0],
                    ["armor", "stab", 6.0],
					["damage", "bash", "str", 0.25]
                ]
            },{
                "id" : "黑虎流派精通者_static",
                "name" : "黑虎流派精通者",
                "description" : "因为你的坚持不懈与努力，你现在可以利用黑虎招式击败大多数对手了。",
                "//" : "FWIW, this is twice the amount of armor provided by bionic plating.",
                "unarmed_allowed" : true,
                "min_unarmed" : 6,
				"flat_bonuses" : [
                    ["armor", "bash", 6.0],
                    ["armor", "cut", 6.0],
                    ["armor", "stab", 6.0],
					["damage", "bash", "str", 0.25]
                ]
            },{
                "id" : "黑虎流派大师_static",
                "name" : "黑虎流派大师",
                "description" : "你能够非常娴熟的使用黑虎招式，几乎没有人能够击败你。", 
                "//" : "FWIW, this is twice the amount of armor provided by bionic plating.",
                "unarmed_allowed" : true,
                "min_unarmed" : 8,
				"flat_bonuses" : [
                    ["armor", "bash", 6.0],
                    ["armor", "cut", 6.0],
                    ["armor", "stab", 6.0],
					["damage", "bash", "str", 0.25]
                ]
            },{
                "id" : "黑虎阿福的化身_static",
                "name" : "黑虎阿福的化身",
                "description" : "你已经领悟了黑虎流派的精髓，现在的你就是黑虎阿福的化身！",
                "//" : "FWIW, this is twice the amount of armor provided by bionic plating.",
                "unarmed_allowed" : true,
                "min_unarmed" :10,
				"flat_bonuses" : [
                    ["armor", "bash", 10.0],
                    ["armor", "cut", 10.0],
                    ["armor", "stab", 10.0],
					["damage", "bash", "str", 0.25]
                ]
            }
			],
		"techniques" : [
            "jtcj",
            "whsg",
		    "dxtt",
            "ldzd",
            "elxz",
			"jfkds",
			"fhbx",
			"xzcj",
			"ljfchtcc",
			"wyzfj",
			"hhtx",
			"flzt",
			"lztt",
			"pzq"
        ]
		}
]