[
	{
		"type" : "uncraft",
		"result": "GS_eq_star_charm",
		"time" : 0,
		"flags": [ "BLIND_EASY" ],
		"components": [		
			[
			 [ "destiny_copper", 100 ]
			]
		]
	},{
		"type" : "uncraft",
		"result": "GS_wp_per3_mirror_illusion",
		"time" : 0,
		"flags": [ "BLIND_EASY" ],
		"components": [		
			[
			 [ "GS_eq_star_charm", 1 ]
			],
			[
			 [ "destiny_copper", 100 ]
			]
		]
	},{
		"type" : "uncraft",
		"result": "GS_wp_per4_mirror_illusion",
		"time" : 0,
		"flags": [ "BLIND_EASY" ],
		"components": [
			[ 
			 [ "GS_wp_per3_mirror_illusion", 1 ]
			],
			[ 
			 [ "destiny_copper", 150 ]
			]			
		]	
	}
]