[
	{
		"//":"定位：快速、高命中、攻击力较武器低、伤害/速度比优秀。",
		"type":"GENERIC",
		"id" : "GS_wp_str2_glove",
		"category" : "GS_weapon",
		"name" : "死握手套",
		"description" : "力量系特质「死缠」的天命武装，提供快速、高效的徒手伤害，死缠特质能粘附物体，有机率擒抓敌人或缴械。",
		"material" : ["super_mt"],
		"symbol" : "[",
		"color" : "brown",
		"weight" : 777,
		"volume" : 2,
		"bashing" : 15,
		"to_hit" : 2,
		"armor_data" : {
			"covers" : ["HANDS"],
			"coverage" : 80,
			"material_thickness" : 1
			},
		"techniques": ["tec_judo_break","DEF_DISARM"],
		"flags" : ["UNARMED_WEAPON", "DURABLE_MELEE", "STURDY", "WATERPROOF", "OUTER"]	
	},{
		"type":"GENERIC",
		"id" : "GS_wp_str3_glove",
		"category" : "GS_weapon",
		"name" : "死握拳套",
		"description" : "力量系特质「死缠」的天命武装，提供快速、高效的徒手伤害，死缠特质能粘附物体，有机率擒抓敌人或发动重击。",
		"color" : "brown",
		"symbol" : "[",
		"material" : ["super_mt"],
		"weight" : 888,
		"volume" : 2,
		"bashing" : 22,
		"to_hit" : 2,
		"armor_data" : {
			"covers" : ["HANDS"],
			"coverage" : 80,
			"material_thickness" : 1,
			"environmental_protection" : 1
			},
		"techniques": ["tec_judo_break","DEF_DISARM","tec_eskrima_puno"],
		"flags" : ["UNARMED_WEAPON", "DURABLE_MELEE", "STURDY", "WATERPROOF", "OUTER"]
	},{
		"id" : "GS_wp_str4_glove",
		"type":"GENERIC",
		"category" : "GS_weapon",
		"name" : "死握钢拳",
		"description" : "力量系特质「死缠」的天命武装，超凡合金护手，机率发动擒抓或重击。",
		"color" : "dark_gray",
		"symbol" : "[",
		"material" : ["super_mt"],
		"weight" : 999,
		"volume" : 3,
		"bashing" : 29,
		"to_hit" : 2,
		"armor_data" : {
			"covers" : ["HANDS"],
			"coverage" : 95,
			"material_thickness" : 2,
			"environmental_protection" : 1
			},
		"techniques": ["tec_judo_break","DEF_DISARM","tec_brawl_power"],
		"flags" : ["UNARMED_WEAPON", "DURABLE_MELEE", "STURDY", "OUTER", "WATERPROOF"]
	},{
		"//":"定位：力量系终极武装─高达甲的搭配，小说中具备离合领域，以能源冲击表现，补强爆发/穿透力。",
		"//":"远程武器穿戴时默认部位为躯干，没法改到手上，因此以离合手甲作为容器。",
		"id" : "GS_wp_str5_glove",
		"type":"GENERIC",
		"category" : "GS_weapon",
		"name" : "离合军手",
		"description" : "力量系特质「死缠」进化的武装，控制物质间的引斥力，使用UPS电力瞬发能量冲击(f)，作为近身武器时有机率擒抓对手、格挡攻击、缴械。\n \n※武装等级已封顶。",
		"material" : ["super_mt"],
		"color" : "ltgray",
		"symbol" : "[",
		"weight" : 1000,
		"volume" : 4,
		"bashing" : 35,
		"to_hit" : 3, 
		"gun_data": {
			"skill": "melee",
			"range": 5,
			"ranged_damage": 30,
			"pierce": 20,
			"dispersion": 400,
			"sight_dispersion": 200,
			"durability": 10,
			"ups_charges": 25,
			"reload": 0,
			"recoil": 50,
			"modes": [
			  [ "DEFAULT", "能量冲击", 1 ],
			  [ "BURST", "连发冲击", 4 ]
			],
			"ammo_effects": ["LASER","NEVER_MISFIRES"]
			},
		"techniques": ["tec_judo_break", "DEF_DISARM","tec_brawl_power"],
		"flags" : ["UNARMED_WEAPON", "DURABLE_MELEE","WATERPROOF"]
	},{
        "type" : "ARMOR",
        "id" : "GS_wp_str5_glove_holster",
 		"category" : "GS_equipment",
        "name" : "离合手甲",
        "description" : "进阶特质「离合」的天命武装，全覆盖式的护手，专门收纳「离合军手」。",
		"material" : ["super_mt"],
		"symbol" : "[",		
		"color" : "dark_gray",
		"weight" : 500,		
		"volume" : 3,
		"covers" : ["HANDS"],
		"coverage" : 100,
		"material_thickness" : 2,
		"environmental_protection" : 5,		
		"use_action" : {
			"type": "holster",
            "holster_prompt": "收回离合军手",
			"max_volume": 4,
			"min_volume": 4,
			"draw_cost": 50,
			"skills": ["melee"]
			},
		"flags" : ["STURDY", "BELTED", "WATERPROOF"]
	},{
		"//":"定位：长距离、高伤害、无防御的长兵器，Buff损人伤己，投掷爆伤害。※互相伤害阿！",
        "type":"TOOL",		
        "id" : "GS_wp_str2_reveager_spear",
		"category" : "GS_weapon",
        "name" : "复仇之枪",
		"name_plural" : "复仇之枪",
        "description" : "力量系特质「血偿」的天命武装，舍弃防御、全般攻击的仇恨之枪，攻击2格内的敌人(f)，奋力一掷(t)造成巨大伤害。\n \n主动技：以血换血，激发时力量+4、速度+15，每30秒随机损血3~7，持续3分钟，消耗10天命铜币。",
        "color" : "red",
        "symbol" : "/",
        "material" : ["super_mt"],
        "techniques" : ["BRUTAL", "IMPALE"],
        "volume" : 9,
        "weight" : 1500,
        "bashing" : 14,
        "cutting" : 22,
		"thrown_damage" : [{ "damage_type": "cut", "amount": 150 }],
		"to_hit": 2,
		"ammo": "destiny_copper_type",
		"max_charges": 30,
		"charges_per_use": 10,
        "flags" : ["SPEAR","REACH_ATTACK","DURABLE_MELEE","SHEATH_SWORD"],
		"use_action": [
			{
			"type" : "consume_drug",
			"activation_message" : "以血换血！3分钟内提升力量、速度，随机损血。",
			"effects" : [ { "id" : "str_revange_1", "duration" : 30 } ]
			}
		]
	},{
        "type":"TOOL",		
        "id" : "GS_wp_str4_reveager_spear",
		"category" : "GS_weapon",
        "name" : "破军之槊",
		"name_plural" : "破军之槊",
        "description" : "力量系特质「血偿」的进阶武装，用于骑战的长兵器，适合大幅度扫荡攻击，攻击距离长达3格(f)，奋力一掷(t)爆发巨量伤害。\n \n主动技：杀破狼，激发时力量+6、速度+25，每30秒随机损血4~8，持续3分钟，消耗10天命铜币。\n \n※武装等级已封顶。",
        "color" : "red",
        "symbol" : "/",
        "material" : ["super_mt"],
        "techniques" : ["BRUTAL", "IMPALE", "WIDE"],
        "volume" : 15,
        "weight" : 2050,
        "bashing" : 22,
        "cutting" : 30,
		"thrown_damage" : [{ "damage_type": "bash", "amount": 250 }],
		"to_hit": 2,
		"ammo": "destiny_copper_type",
		"max_charges": 30,
		"charges_per_use": 10,	
        "flags" : ["SPEAR", "REACH_ATTACK","REACH3","DURABLE_MELEE","SHEATH_SWORD"],
		"use_action":[
			{
			"type" : "consume_drug",
			"activation_message" : "杀破狼！3分钟内提升力量、敏捷、速度，随机损血。",
			"effects" : [ { "id" : "str_revange_2", "duration" : 30 } ]
			}
		]
	},{
		"//":"定位：基本伤害等同武士刀，损血喂养，激活后攻击最高。",
		"type": "TOOL",
		"id": "GS_wp_str3_katana_bloodly",
		"copy-from": "katana",
		"category" : "GS_weapon",
		"name": "嗜血武士刀",		
		"description": "特质「血祭」的天命武装，会侵蚀主人的鲜血，要伤敌，先伤己！激活可解放妖刀之力。",	
		"material": ["super_mt"],
		"price" : 0,
		"ammo": "NULL",
		"max_charges": 30,
		"artifact_data" : {"charge_type": "ARTC_HP"},
		"use_action": {
			"type": "transform",
			"target": "GS_wp_str3_katana_bloodly_active",
			"need_charges": 30,
			"need_charges_msg": "这把刀需要更多鲜血喂养。",
			"msg": "嗜血的刀意解封，狂暴肆虐！",
			"active": true
			},
		"extend": { "flags": [ "NO_UNLOAD" ] }
	},{
		"type": "TOOL",
		"id": "GS_wp_str3_katana_bloodly_active",
		"name": "狂暴武士刀",		
		"description": "特质「血祭」的天命武装，散发暴虐的气息，侵蚀持刀者的理智，无法停下杀念！\n \n※狂暴能量持续10分钟，期间无法放下此刀。",
		"material": ["super_mt"],
		"symbol": "/",
		"color": "red",
		"qualities": [ [ "BUTCHER", 45 ] ],
		"techniques": ["RAPID","WBLOCK_1","BRUTAL"],
		"price" : 0,
		"weight": 1133,
		"volume": 8,
		"bashing": 10,
		"cutting": 45,
		"to_hit": 2,
		"ammo": "NULL",
		"charges_per_use": 30,
		"turns_per_charge": 100,
		"artifact_data" : {	"effects_wielded": ["AEP_INT_DOWN","AEP_PER_DOWN","AEP_EVIL"]	},	
		"revert_to": "GS_wp_str3_katana_bloodly",
		"revert_msg": "武士刀的狂气暂歇，它还渴望下一次的杀戮...。",
		"flags": [ "DURABLE_MELEE","NO_UNWIELD","NON_STUCK","DANGEROUS","NO_UNLOAD" ]
	},{
		"type": "TOOL",
		"id": "GS_wp_str5_katana_Muramasa",
		"category" : "GS_weapon",
		"name": "千子村正",
		"description": "特质「血祭」的进阶武装，以自身鲜血喂养，激活后释放最大威力！\n \n※此刀可吸收活物的鲜血恢复宿主生命\n※武装等级已封顶。",	
		"material": ["super_mt"],
		"symbol": "/",
		"color": "light_gray",
		"qualities": [ [ "CUT", 1 ], [ "BUTCHER", 9 ] ],
		"techniques": [ "RAPID", "WBLOCK_2" ],
		"price" : 0,
		"weight": 1133,
		"volume": 8,
		"bashing": 4,
		"cutting": 38,
		"to_hit": 1,
		"ammo": "NULL",
		"max_charges": 45,
		"artifact_data" : {
			"charge_type": "ARTC_HP",
			"effects_wielded": ["AEP_SAP_LIFE"]		
			},
		"use_action": {
			"type": "transform",
			"target": "GS_wp_str5_katana_Muramasa_active",
			"need_charges": 45,
			"need_charges_msg": "这把刀还需要更多鲜血喂养。",
			"msg": "村正的刀意解封，狂暴肆虐！",
			"active": true
			},
		"flags": [ "DURABLE_MELEE", "SHEATH_SWORD", "NO_UNLOAD" ]
	},{
		"type": "TOOL",
		"id": "GS_wp_str5_katana_Muramasa_active",
		"category" : "GS_weapon",
		"name": "妖刀村正",	
		"description": "特质「血祭」的进阶武装，散发暴虐的气息，无法停下杀念！\n \n※狂暴持续10分钟，期间无法放下此刀。",
		"material": ["super_mt"],
		"symbol": "/",
		"color": "red",
		"qualities": [ [ "BUTCHER", 52 ] ],
		"techniques": ["RAPID","WBLOCK_1","BRUTAL","WIDE"],
		"price" : 0,
		"weight": 1133,
		"volume": 8,
		"bashing": 4,
		"cutting": 66,
		"to_hit": 2,
		"ammo": "NULL",
		"max_charges": 45,
		"charges_per_use": 45,
		"turns_per_charge": 100,
		"artifact_data" : {"effects_wielded": ["AEP_INT_DOWN","AEP_PER_DOWN","AEP_EVIL","AEP_SAP_LIFE"]},
		"revert_to": "GS_wp_str5_katana_Muramasa",
		"revert_msg": "妖刀村正的狂气暂歇，它还渴望下一次的杀戮...。",
		"flags": [ "UNBREAKABLE_MELEE","NO_UNWIELD","NON_STUCK","DANGEROUS","NO_UNLOAD" ]
	},{
		"//":"定位：天子剑的前置，消耗资源能挤身准一线。",
		"id": "GS_wp_merit2_sword_dispel",
		"type": "TOOL",
		"category" : "GS_weapon",
		"symbol": "/",
		"color": "light_gray",
		"name": "百辟刀",
		"description": "蕴含辟邪之力的钝刃，平时不显锋芒，以功德之气激活时威力激增。",
		"material": ["merit_mt"],
		"techniques": ["PRECISE", "WBLOCK_1"],
		"weight": 800,
		"volume": 6,
		"bashing": 18,
		"to_hit": 2,
		"ammo": "merit_type",
		"max_charges": 50,
		"use_action": {
			"type": "transform",
			"target": "GS_wp_merit2_sword_dispel_active",
			"need_charges": 1,
			"need_charges_msg": "百辟刀需要注入功德才能激发。",
			"msg": "百辟刀散发金色灵光，诸邪辟易！",
			"active": true,
			"moves" : 50
			},
		"flags": ["DURABLE_MELEE", "SHEATH_SWORD"]		
	},{
		"id": "GS_wp_merit2_sword_dispel_active",
		"type": "TOOL",
		"category" : "GS_weapon",
		"symbol": "/",
		"color": "yellow",
		"name": "千阳刀",	
		"description": "蕴含辟邪之力的剑刃，剑身萦绕着功德灵气，此状态会持续消耗装备能量，关闭激活状态需要2回合。",	
		"material": ["merit_mt"],
		"techniques": ["PRECISE","WIDE","WBLOCK_2"],
		"weight": 800,
		"volume": 6,
		"cutting": 42,
		"to_hit": 2,
		"ammo": "merit_type",
		"max_charges": 50,
		"charges_per_use": 1,
		"turns_per_charge": 3,
		"revert_to": "GS_wp_merit2_sword_dispel",
		"revert_msg": "千阳刀恢复成原本的钝刃。",
		"use_action":
			{
				"type": "transform",
				"msg": "锋芒归藏，千阳刀恢复成原本的钝刃。",
				"target": "GS_wp_merit2_sword_dispel",
				"moves" : 250
			},
		"flags": [ "DURABLE_MELEE","NON_STUCK" ]
	},{
		"//":"定位：功德之器，属性为准一线，特技暴力。",
		"id": "GS_wp_merit3_emperor_sword",
		"type": "TOOL",
		"category" : "GS_weapon",
		"name": "天子剑",
		"description": "『剑有七彩珠，九华玉为饰，十二年磨莹，剑刃若霜雪。』\n \n传说天子起义所持的宝剑，能聚揽信仰、镇一国之气运。以超凡力量仿制的天子剑，剑身萦绕着玄黄灵光，将功德之力转化为道术轰杀对手。\n \n主动技：龙气剑，发射爆烈的火球攻击目标，消耗5功德之气。\n \n※武装等级已封顶。",
		"material": ["merit_mt"],
		"symbol": "/",
		"color": "light_gray",
		"techniques": ["WBLOCK_1","PRECISE","tec_dragon_strike"],
		"weight": 800,
		"volume": 7,
		"bashing": 10,
		"cutting": 32,
		"to_hit": 2,
		"ammo": "merit_type",
		"max_charges": 50,
		"charges_per_use": 5,
		"artifact_data" : {
			"effects_activated": ["AEA_FIREBALL"],
			"effects_wielded": ["AEP_PSYSHIELD","AEP_GLOW"]
			},
		"use_action": "ARTIFACT",
		"flags" : [ "NON_STUCK","DURABLE_MELEE","SHEATH_SWORD" ]
	}
]