[
	{
		"//":"定位：CDDA不能少了弓，虽然小说里没有...。第一级弓即优于CDDA的复合弓",
		"id" : "GS_wp_dex2_bow",
		"type" : "GUN",
		"category" : "GS_weapon",
		"name" : "灵狩弓",
		"description" : "敏捷系特质「狩者」的天命武装，最通用的远程武器，在任何剧本都有用武之地。",
		"material" : ["super_mt"],
		"symbol" : "(",
		"color" : "brown",
		"ammo" : "arrow",
		"skill" : "archery",
		"min_strength" : 4,
		"weight" : 700,
		"volume" : 6,
		"bashing" : 10,
		"armor_data" : {
			"covers" : ["TORSO"],
			"coverage" : 5,
			"material_thickness" : 1,
			"encumbrance" : 12
		},
		"ranged_damage" : 10,
		"range" : 12,
		"dispersion" : 160,
		"sight_dispersion": 150,
		"durability" : 7,
		"clip_size" : 1,
		"reload" : 80,
		"valid_mod_locations": [["underbarrel", 1],[ "sights", 1 ],[ "accessories", 2 ]],
		"flags" : ["FIRE_TWOHAND","STR_DRAW","RELOAD_AND_SHOOT","PRIMITIVE_RANGED_WEAPON"]
	},{
		"id" : "GS_wp_dex3_bow",
		"type" : "GUN",
		"category" : "GS_weapon",
		"name" : "流星弓",
		"description" : "敏系特质「射手」的天命武装，以超凡能量强化弓体，离弦之箭如流星迅疾，需要足够的力气才能拉动。",
		"material" : ["super_mt"],
		"symbol" : "(",
		"color" : "light_gray",
		"ammo" : "arrow",
		"skill" : "archery",
		"min_strength" : 5,
		"weight" : 750,
		"volume" : 8,
		"bashing" : 12,
		"armor_data" : {
			"covers" : ["TORSO"],
			"coverage" : 5,
			"material_thickness" : 1,
			"encumbrance" : 10
		},
		"ranged_damage" : 14,
		"range" : 16,
		"dispersion" : 140,
		"sight_dispersion": 150,
		"durability" : 8,
		"clip_size" : 1,
		"reload" : 75,
		"valid_mod_locations": [["underbarrel", 1],[ "sights", 1 ],[ "accessories", 2 ]],
		"flags" : ["FIRE_TWOHAND","STR_DRAW","RELOAD_AND_SHOOT","PRIMITIVE_RANGED_WEAPON"]
	},{
		"id" : "GS_wp_dex4_bow",
		"type" : "GUN",
		"category" : "GS_weapon",
		"name" : "龙舌弓",
		"description" : "敏系特质「弓將」的天命武装，以超凡能量强化弓体，兼具准度与威力，需要足够的力气才能拉动。",
		"material" : ["super_mt"],
		"symbol" : "(",
		"color" : "brown",
		"ammo" : "arrow",
		"skill" : "archery",
		"min_strength" : 6,
		"weight" : 800,
		"volume" : 8,
		"bashing" : 13,
		"armor_data" : {
			"covers" : ["TORSO"],
			"coverage" : 5,
			"material_thickness" : 1,
			"encumbrance" : 8
		},
		"ranged_damage" : 18,
		"pierce": 2,
		"range" : 20,
		"dispersion" : 120,
		"sight_dispersion": 120,
		"durability" : 9,
		"clip_size" : 1,
		"reload" : 70,
		"valid_mod_locations": [["underbarrel", 1],[ "sights", 1 ],[ "accessories", 2 ]],
		"flags" : ["FIRE_TWOHAND","STR_DRAW","RELOAD_AND_SHOOT","PRIMITIVE_RANGED_WEAPON"]
		
	},{		
		"//":"最满意的装备作品之一，取材自阿菩小说《桐宮之囚》古风玄幻大作！",
		"type" : "GUN",
		"id" : "GS_wp_dex5_bow",
		"category" : "GS_weapon",		
		"name" : "落日弓",
		"description": "敏系特质「箭神」的天命武装，传说有穷氏以异兽之筋、九天神木制作神弓，威力足以射下日月。这是超凡者以天命凝聚，仿造有穷之弓的复制品，视战况选用不同的攻击模式应敌(F切换)。\n \n速射模式：快速射击，拆除狙击配件可省去选箭时间。\n \n※武装等级已封顶。",
		"material" : ["super_mt"],
		"symbol" : "(",
		"color" : "yellow",
		"volume" : 10,
		"weight" : 888,
		"bashing" : 15,
		"to_hit": -1,
		"armor_data" : {
			"covers" : ["TORSO"],
			"coverage" : 5,
			"material_thickness" : 1,
			"encumbrance" : 6
			},
		"min_strength" : 7,	
		"skill" : "archery",		
		"ammo" : "arrow",
		"ranged_damage" : 22,
		"pierce": 3,
		"range" : 25,
		"dispersion" : 100,
		"sight_dispersion": 120,
		"durability" : 10,
		"clip_size" : 1,
		"reload" : 50,
		"default_mods" : ["GS_wp_dex5_bow_snipe"],
		"valid_mod_locations": [["underbarrel", 1],[ "sights", 1 ],[ "accessories", 3 ]],		
		"flags" : ["FIRE_TWOHAND", "STR_DRAW", "RELOAD_AND_SHOOT", "PRIMITIVE_RANGED_WEAPON"]	  
	},{
		"id": "GS_wp_dex5_bow_snipe",
		"type": "GUNMOD",
		"name": "落日弓 (狙击模式)",
		"description": "大幅强化威力与精度，需要较长的射击时间。",
		"material": [ "super_mt" ],
		"symbol": ":",
		"color": "light_red",
		"location": "accessories",
		"mod_targets": [ "bow" ],
		"gun_data": 
		 {
		  "skill": "archery",
		  "ammo": "arrow",
		  "clip_size": 1,
		  "ranged_damage": 55,
		  "pierce": 25,
		  "range" : 45,
		  "dispersion": 10,
		  "durability": 10,
		  "reload": 500,
		  "ammo_effects": ["LASER"]
		 },
		"min_skills": [ [ "GS_dex", 10 ] ],
		"flags": ["FIRE_TWOHAND", "RELOAD_AND_SHOOT", "PRIMITIVE_RANGED_WEAPON"]
	},{
		"//":"定位：近战数值只能算二线，优势在能远能近能防、有爆发伤害，泛用度高。箭矢重量会影响挥舞速度，挥舞前最好先射空或用轻箭。",
		"id" : "GS_wp_mechanic_umbrella",
		"type" : "GUN",
		"category" : "GS_weapon",		
		"name" : "天机伞",
	    "description": "机关术集大成之物，收拢做武器使用，短如剑、长如枪，伞面可格挡攻击，伞骨劲射的威力亦不容小觑。\n \n※天机伞有单发点射、三发连射、长枪形态三种模式(F切换)\n※装备等级已封顶。",
		"symbol" : "(",
		"color" : "brown",
		"material" : ["super_mt"],
		"flags" : ["SPEAR","DURABLE_MELEE","RELOAD_ONE","RAIN_PROTECT"],
		"techniques": ["IMPALE", "WBLOCK_2"],
		"skill" : "archery",
		"ammo" : "bolt",
		"modes": [
		  [ "DEFAULT", "单发", 1 ],
		  [ "BURST", "连射", 3 ]
		],
		"weight" : 1200,
		"volume" : 8,
		"cutting" : 30,
		"bashing" : 5,
		"to_hit" : 1,
		"ranged_damage" : 8,
		"range" : 6,
		"dispersion" : 160,
		"sight_dispersion": 120,
		"durability" : 8,	
		"clip_size" : 9,
		"reload" : 100,
		"built_in_mods" : ["mechanic_umbrella_spear"],
		"valid_mod_locations": [[ "mechanism", 1 ]]	
	},{
		"//":"此模式可f指定2格内目标进行物理攻击",
		"//":"无法切换各模式的stat/technique,实现(枪/剑)形态切换,残念",
		"id": "mechanic_umbrella_spear",
		"type": "TOOL",
		"category": "weapons",
		"name": "天机伞─长枪形态",
		"description": " ",
		"material": [ "super_mt" ],
		"symbol": "/",
		"color": "light_gray",
		"gunmod_data": {
		  "location": "mechanism",
		  "mod_targets": [ "crossbow" ],
		  "mode_modifier": [ [ "REACH", "长枪模式", 2, [ "MELEE" ] ] ]
		},
		"techniques": [ "WBLOCK_1", "WIDE", "IMPALE" ],
		"flags": [ "DURABLE_MELEE","IRREMOVABLE" ]
	},{
		"//":"定位：以S&W500为原型，大威力自定义左轮手枪。",
		"id": "GS_wp_int5_alchemy_gun",
		"type": "GUN",
		"category" : "GS_weapon",		
		"name": "炼金术士之铳",
		"name_plural": "炼金术士之铳",
		"description": "智力科学系的枪械武装，利用异能强化子弹初速、以元素填充子弹特效，组成高杀伤力的转轮手枪，强化的枪体能承受快速射击时的反作用力，(F)切换射击模式。\n \n※武装等级已封顶。",
		"material": ["super_mt"],
		"symbol": "(",
		"color": "black",
		"skill": "pistol",
		"volume": 2,
		"weight": 888,
		"bashing": 5,
		"ammo": "Element_bullet_type",	
		"ranged_damage": 10,
		"range": 5,
		"dispersion": 200,
		"sight_dispersion": 120,
		"durability": 10,
		"reload": 50,
		"recoil" : 0,
		"clip_size": 8,
		"modes": [ [ "DEFAULT","左轮手枪",1 ],[ "BURST","快速射击",3 ] ],
		"valid_mod_locations": [[ "accessories", 2 ],[ "mechanism", 4 ],[ "rail", 1 ],[ "sights", 1 ],[ "grip", 1 ]],
		"flags": [ "RELOAD_ONE","NEVER_JAMS","RELOAD_EJECT" ]
	},{
		"//":"定位：功德之器，高威力但要消耗功德资源。",
		"type" : "GUN",
		"category" : "GS_weapon",
		"id" : "GS_wp_merit2_crossbow",
		"name" : "玄黄弩",
		"name_plural" : "玄黄弩",
		"description" : "功德之气蕴养的强弩，搭配诛魔箭使用，高穿透的伤害很适合对付重甲单位。",
		"symbol" : "(",
		"color" : "yellow",
		"material" : ["merit_mt"],
		"skill" : "rifle",
		"ammo" : "GOS_merit_ammo",
		"modes": [ [ "DEFAULT", "手动", 1 ] ],
		"weight" : 1500,
		"volume" : 5,
		"bashing" : 12,
		"ranged_damage" : 50,
		"pierce": 40,
		"range" : 25,
		"dispersion" : 120,
		"sight_dispersion": 120,
		"durability" : 8,
		"clip_size" : 6,
		"reload" : 100,
		"valid_mod_locations": [[ "grip", 1 ],[ "rail", 1 ],[ "sights", 1 ],[ "stock", 1 ],[ "underbarrel", 1 ]],	
		"flags" : ["PRIMITIVE_RANGED_WEAPON","RELOAD_ONE","NEVER_JAMS"]
	},{
		"type" : "GUN",
		"id" : "GS_wp_merit3_crossbow",
		"category" : "GS_weapon",
		"name" : "诸葛玄黄弩",
		"name_plural" : "诸葛玄黄弩",
		"description" : "功德之气蕴养的强弩，搭配诛魔箭使用，可连射3矢，连发的设计让它必须用双手操作，(F)切换射击模式。\n \n※武装等级已封顶。",
		"material" : ["merit_mt"],
		"symbol" : "(",
		"color" : "yellow",
		"weight" : 2200,
		"volume" : 10,
		"bashing" : 16,
		"to_hit" : -2,
		"skill" : "rifle",
		"ammo" : "GOS_merit_ammo",
		"modes": [ [ "DEFAULT", "手动", 1 ],[ "BURST", "三连射", 3 ] ],
		"ranged_damage" : 55,
		"pierce": 50,
		"range" : 22,
		"dispersion" : 100,
		"sight_dispersion": 120,
		"durability" : 10,
		"clip_size" : 12,
		"reload" : 100,
		"valid_mod_locations": [[ "grip", 1 ],[ "rail", 1 ],[ "sights", 1 ],[ "stock", 1 ],[ "underbarrel", 1 ]],	
		"flags" : ["FIRE_TWOHAND","PRIMITIVE_RANGED_WEAPON","RELOAD_ONE","NEVER_JAMS"]
	}
]