[
	{
		"type" : "MONSTER",
		"id" : "mon_fungaloid_seeder",
		"//":"真菌花叢BOSS",
		"copy-from" : "mon_fungaloid_seeder",
		"death_drops": 
		{
			"subtype": "collection",
			"groups": [
				[ "destiny_coin_drops7", 100 ]
			]
		}
	},{
		"type" : "MONSTER",
		"id" : "mon_fungaloid_queen",
		"copy-from" : "mon_fungaloid_queen",
		"death_drops": 
		{
			"subtype": "collection",
			"groups": [
				[ "destiny_coin_drops7", 100 ]
			]
		}
	},{
		"type" : "MONSTER",
		"id" : "mon_fungaloid_tower",
		"//":"真菌塔BOSS",
		"copy-from" : "mon_fungaloid_tower",
		"death_drops": 
		{
			"subtype": "collection",
			"groups": [
				[ "destiny_coin_drops7", 100 ]
			]
		}	
	}
]