[
  {
        "type" : "TOOL_ARMOR",
        "id" : "Yan_yi",
        "category" : "armor",
        "name" : "暗之翼",
        "name_plural": "暗之翼",
        "description" : "能在你危机时刻带你快速脱离,激活可获得速度加成持续10分钟.",
        "weight" : 1800,
        "color" : "dark_gray",
        "symbol" : "m",
        "price": 62485,
        "price_postapoc": 76801,
        "material" : ["soul"],
        "volume" : 1,
        "covers" : ["TORSO"],
        "coverage" : 40,
      		"max_charges": 180,
      		"ammo": "devil",
      			"charges_per_use": 60,
      			"artifact_data" : {
      			"effects_worn": ["AEP_DEX_UP", "AEP_DEX_DOWN" ]			
              			},
        "flags" : ["NO_UNLOAD","WATERPROOF","RAINPROOF", "OVERSIZE","OUTER" ],
      		"use_action":
	              	[
	              				{
	              				"type" : "consume_drug",
	              				"activation_message" : "激活！",
	              				"moves" : 0,
	              				"effects" : [ { "id" : "an_yi", "duration" : 500 } ]
	              				}
	         			]
      	},
	{
    "id": "magic_sword",
     "type": "TOOL",
    "category": "weapons",
    "name": "堕落英雄之剑",
    "name_plural": "堕落英雄之剑",
    "description": "流淌着夜之精华的单手剑,剑锋尖锐,散发着阵阵寒气,让人不寒而栗.同时受到来自夜晚的祝福和诅咒.",
    "weight": 1586,
    "volume": 11,
    "price": 153000,
    "to_hit": 5,
    "bashing": 10,
    "cutting": 23,
    "material": "soul",
    "symbol": "/",
    "color": "light_gray",
    "techniques": [ "RAPID", "DEF_DISARM", "WBLOCK_2" ],
    "qualities": [ [ "CUT", 3 ], [ "BUTCHER", 17 ] ],
    "flags": [ "DURABLE_MELEE", "NO_UNWIELD", "SHEATH_SWORD" ]
  },
	{
        "type" : "TOOL_ARMOR",
        "id" : "Mask",
        "category" : "armor",
        "name" : "王之假面",
        "name_plural": "王之假面",
        "description" : "看得到的背叛并不恐怖,真正恐怖的是看不到的背叛.面具上含有一股威压,慎用！*随时间自动充能*",
        "weight" : 900,
        "color" : "magenta",
        "symbol" : "e",
        "price": 76024,
        "price_postapoc": 84507,
        "material" : ["soul"],
        "volume" : 1,
        "covers" : ["EYES"],
        "max_charges": 6,
      		"initial_charges": 6,
      		"charges_per_use": 1,
         "artifact_data" : {
         "charge_type": "ARTC_TIME",
         "effects_activated": ["AEA_ENTRANCE"],
      			"effects_worn": ["AEP_PER_UP", "AEP_PER_DOWN" ]
                       			},
        "use_action": "ARTIFACT",
        "flags" : ["NO_UNLOAD","SUN_GLASSES", "OVERSIZE" ]
    },
	{
   		"id": "wyzps",
   		"type": "TOOL",
   		"symbol": "R",
   		"color": "dark_gray",
   		"name": "wyzp",
   		"description": ",",
   		"price": 8,
   		"material": ["soul"],
   		"use_action": {
   			"type": "place_monster",
   			"monster_id": "wyzp",
   			"difficulty": 100,
   			"hostile_msg": ",",
   			"friendly_msg": ",",
   			"place_randomly": true,
   			"moves": 10
   		}
   	},
   	{
   		"id": "curbos",
   		"type": "TOOL",
   		"symbol": "y",
   		"color": "dark_gray",
   		"name": "酸性号角",
   		"name_plural": "酸性号角",
   		"description": "点击使用(a)激活.",
   		"price": 8,
   		"weight": 130,
   		"volume": 32,
   		"material": ["soul"],
   		"use_action": {
   			"type": "place_monster",
   			"monster_id": "mon_Zombie_Curse",
   			"difficulty": 100,
   			"hostile_msg": " ",
   			"friendly_msg": " ",
   			"place_randomly": true,
   			"moves": 10
   		}
	},
	{
   		"id": "jbzps",
   		"type": "TOOL",
   		"symbol": "y",
   		"color": "dark_gray",
   		"name": "疾病之仆",
   		"name_plural": "疾病之仆",
   		"description": "点击使用(a)激活.",
   		"price": 8,
   		"weight": 130,
   		"volume": 32,
   		"material": ["soul"],
   		"use_action": {
   			"type": "place_monster",
   			"monster_id": "jbzp",
   			"difficulty": 35,
   			"hostile_msg": "桀桀...",
   			"friendly_msg": " ",
   			"place_randomly": true,
   			"moves": 10
   		}
	},
   {
    "id": "zhlia",
    "type": "TOOL",
    "category": "weapons",
    "name": "幽冥之镰",
    "description": "超高级的强化镰刀,刀刃中的空隙可以巧妙的缴械敌人的武器,刀身缠绕着的绿条可以抵挡更多伤害.*具有饮血的效果*.",
    "weight": 6221,
    "volume": 18,
    "price": 30000,
    "to_hit": 4,
    "bashing": 6,
    "cutting": 28,
    "material": "curse",
    "symbol": "/",
    "color": "light_gray",
    "use_action": {
    "type": "transform",
    "target": "zhlia_bow",
    "msg": "你甩动武器变成了咒火弓." },
    "techniques": [ "WIDE", "WBLOCK_1", "DEF_DISARM", "BRUTAL" ],
    "qualities": [ [ "CUT", 2 ], [ "BUTCHER", -40 ] ],
    "artifact_data" : { "effects_wielded": ["AEP_SAP_LIFE" ]	},
    "flags": [ "DURABLE_MELEE", "REACH_ATTACK", "NONCONDUCTIVE" ]
  },
  {
    "id": "zhlia_bow",
    "type": "GUN",
    "symbol": "(",
    "color": "yellow",
    "name": "咒火弓",
    "description": "一柄战斗弓,体积较为厚重,抓握的感觉极好.它的装填速度和伤害极其优秀,需要巨大的力量才能有效的使用它.",
    "price": 32000,
    "material":  "soul" ,
    "flags": [ "FIRE_TWOHAND", "STR_DRAW", "RELOAD_AND_SHOOT", "PRIMITIVE_RANGED_WEAPON" ],
    "skill": "archery",
    "min_strength": 10,
    "ammo": "arrow",
    "weight": 2641,
    "volume": 18,
    "bashing": 11,
    "reload_noise_volume": 3,
    "loudness": 6,
    "ranged_damage": 20,
    "range": 12,
    "to_hit": 1,
    "dispersion": 100,
    "durability": 8,
    "clip_size": 1,
    "reload": 36,
    "use_action": {
    "type": "transform",
    "target": "zhlia",
    "msg": "你甩动武器变成了幽冥之镰." },
    "valid_mod_locations": [ [ "dampening", 1 ] ]
  },
  
		{
		"id": "gingxtu",
		"type": "TOOL",
		"symbol": "@",
		"color": "white",
		"name": "共生体",
		"name_plural": "共生体",
		"description": "增加玩家的属性,力量+1,感知,敏捷+4",
		"material": ["soul"],
		"max_charges": 1,
		"initial_charges": 1,
		"charges_per_use": 1,
		"use_action": 
			{
			"type": "transform",
			"msg": "你开始吸收能量",
			"target": "gingqith",
			"active": true
			}
	},{
		"id": "gingqith",
		"type": "TOOL",
		"symbol": "@",
		"color": "cyan",
		"name": "共生体",
		"name_plural": "共生体",
		"description": "与玩家合为一体,持续6小时左右",
		"material": ["soul"],
		"turns_per_charge": 17700,
		"charges_per_use": 1,
		"flags": [ "NO_UNWIELD" ],
        "artifact_data" : {
            "effects_carried": ["AEP_PER_UP","AEP_STR_UP","AEP_DEX_UP","AEP_STR_DOWN"],
            "effects_wielded": ["AEP_PER_UP","AEP_STR_UP","AEP_DEX_UP","AEP_STR_DOWN"]
        }
	},
	{
        "type": "effect_type",
        "id": "an_yi",
        "name": ["暗之翼"],
        "desc": ["在控制着暗之翼"],
        "remove_message": "效果结束了.",
        "max_duration": 500,
        "base_mods": {
            "speed_mod": [47]
        }		
	},
	{
    "id": "wy_dt",
    "copy-from": "abstractmap",
    "type": "GENERIC",
    "name": "w地图",
    "description": "地图上记录着 '瘟疫大主脑' 怪物的所在位置.",
    "color": "yellow",
    "use_action": {
      "type": "reveal_map",
      "radius": 380,
      "terrain": [ "boss" ],
      "message": "You add roads and points of interest to your map."
    }
  },{   "id": "boss_hji",
   		"type": "TOOL",
   		"symbol": "y",
   		"color": "dark_gray",
   		"name": "战斗号角",
   		"description": "召唤咒火骷髅,点击使用(a)激活",
   		"price": 8,
   		"material": ["soul"],
   		"use_action": {  "type": "place_monster",
   			"monster_id": "mon_Zombie_Curse",
   			"difficulty": 100,"hostile_msg": ",",
   			"friendly_msg": ",","place_randomly": true,"moves": 10
   		} },{   "id": "boss_dji",
   		"type": "TOOL",
   		"symbol": "y",
   		"color": "dark_gray",
   		"name": "断剑",
   		"description": "召唤黑夜残响,点击使用(a)激活",
   		"price": 8,
   		"material": ["soul"],
   		"use_action": {  "type": "place_monster",
   			"monster_id": "mon_hycx",
   			"difficulty": 100,"hostile_msg": ",",
   			"friendly_msg": ",","place_randomly": true,"moves": 10
   		} },{   "id": "boss_shu",
   		"type": "TOOL",
   		"symbol": "y",
   		"color": "dark_gray",
   		"name": "酸性之魂",
   		"description": "召唤魅夜毒蛛,点击使用(a)激活",
   		"price": 8,
   		"material": ["soul"],
   		"use_action": {  "type": "place_monster",
   			"monster_id": "mon_mpoisox",
   			"difficulty": 100,"hostile_msg": ",",
   			"friendly_msg": ",","place_randomly": true,"moves": 10
   		} }
 ]
