[
  {
    "type": "mod_tileset",
    "compatibility": [ "MSX++DEAD_PEOPLE", "UNDEAD_PEOPLE" ],
    "tiles-new": [
      {
        "file": "boss44.png",
        "sprite_width":64,
        "sprite_height":80,
        "sprite_offset_x":-16,
        "sprite_offset_y":-48,
        "tiles": [
          {
          "id": "wydzn",
          "fg": 0,
          "rotates": false
        }, 
        {
          "id": "corpse_wydzn",
          "fg": 1,
          "rotates": false
        }, 
        {
          "id": "mon_hycx",
          "fg": 2,
          "rotates": false
        }, 
        {
          "id": "corpse_mon_hycx",
          "fg": 3,
          "rotates": false
        },
        {
          "id": "mon_Zombie_Curse",
          "fg": 4,
          "rotates": false
        },
        {
          "id": "corpse_mon_Zombie_Curse",
          "fg": 5,
          "rotates": false
        },
        {
          "id": "mon_mpoisox",
          "fg": 6,
          "rotates": false
        },
        {
          "id": "corpse_mon_mpoisox",
          "fg": 7,
          "rotates": false
        }
      ]
   },
  {
    "file": "boee45-120.png",
    "sprite_width":32,
    "sprite_height":32,
     "tiles": [
          {
          "id": "magic_sword",
          "fg": 46,
          "rotates": false
        },
        {
          "id": "overlay_wielded_magic_sword",
          "fg": 47,
          "rotates": false
        },
          { "id": "wyzp", "fg": 49 },
          { "id": "jbzp", "fg": 50 }, 
          { "id": "DEVILS", "fg": 48 },
          
          {
          "id": "overlay_worn_Yan_yi",
          "fg": 51,
          "rotates": false
        },
        {
          "id": "zhlia_bow",
          "fg": 52,
          "rotates": false
        },
        {
          "id": "overlay_wielded_zhlia_bow",
          "fg": 53,
          "rotates": false
        },
        {
          "id": "overlay_wielded_zhlia",
          "fg": 54,
          "rotates": false
        },
        {
          "id": "Mask",
          "fg": 55,
          "rotates": false
        },
        {
          "id": "overlay_wielded_Mask",
          "fg": 55,
          "rotates": false
        },
        {
          "id": "overlay_worn_Mask",
          "fg": 56,
          "rotates": false
        },
        {
          "id": "wy_dt",
          "fg": 57,
          "rotates": false
        },
        {
          "id": "zhlia",
          "fg": 58,
          "rotates": false
        },
        {
          "id": "gingxtu",
          "fg": 59,
          "rotates": false
        },
        {
          "id": "boss_hji",
          "fg": 60,
          "rotates": false
        },
        {
          "id": "boss_dji",
          "fg": 61,
          "rotates": false
        },
        {
          "id": "boss_shu",
          "fg": 62,
          "rotates": false
        }
        ]
      }
   ]
 }]