[
  {
    "id": "wydzn",
    "type": "MONSTER",
    "name": "瘟疫大主脑",
    "name_plural": "瘟疫大主脑",
    "description": "一只变异的巨型生物,周身所团聚的风充满杀气,攻击性及强,极其疯狂没有任何感情,为了想杀而杀,眼睛里含有强大的威压用来震慑猎物.",
    "default_faction": "zxdio",
    "species": [ "ZXDIO" ],
    "volume": "541800 ml",
    "weight": 347380,
    "hp": 540,
    "speed": 75,
    "dodge": 5,
    "material": [ "soul" ],
    "symbol": "W",
    "color": "dark_gray",
    "aggression": 90,
    "morale": 100,
    "melee_dice": 9,
    "starting_ammo": { "wyzps": 5, "jbzps": 5 },
    "melee_dice_sides": 7,
    "melee_cut": 13,
    "luminance": 0,
   	"special_attacks": [
	     [ "PARROT", 0 ],
      [ "GRENADIER", 10 ],
      [ "DARKMAN", 6 ],
      [ "FEAR_PARALYZE", 1 ]
    ],
    "fear_triggers": [ "PLAYER_CLOSE", "SOUND" ],
    "death_function": [  "AMIGARA","NORMAL" ],
        "death_drops": { "groups": [ [ "wydzn", 3 ] ] },
    "harvest": "fish_tiny",
    "flags": [ "SEES", "HEARS", "SMELLS", "REGEN_MORALE", "HARDTOSHOOT","NIGHT_INVISIBILITY", "GOODHEARING","BASHES", "CBM_OP", "FAT", "FLIES", "BONES",
                "REVIVES", "ELECTRIC", "ACIDPROOF", "NOHEAD", "REGENERATES_10", "REGENERATES_IN_DARK", "KEENNOSE", "NO_BREATHE" ]
                
  },
  {
    "id": "wyzp",
    "type": "MONSTER",
    "name": "瘟疫之仆",
    "description": "这只小家伙看起来不是很友善，小心别被它咬上一口.",
    "default_faction": "zxdio",
    "bodytype": "bird",
    "species": [ "ZXDIO" ],
    "volume": "7800 ml",
    "weight": 1120,
    "hp": 100,
    "speed": 120,
    "dodge": 3,
    "material": [ "soul" ],
    "symbol": "T",
    "color": "white",
    "aggression": 90,
    "morale": 100,
    "melee_dice": 5,
    "melee_dice_sides": 4,
    "melee_cut": 2,
    "luminance": 0,
	"special_attacks": [
      {
        "id": "scratch",
        "damage_max_instance": [
          {
            "damage_type": "cut",
            "amount": 17,
            "armor_multiplier": 0.8
          }
        ]
      },
      [ "GENE_STING", 10 ]
    ],
    "death_function": [ "NORMAL" ],
    "harvest": "fish_tiny",
    "flags": [ "SEES", "SMELLS", "HEARS", "VENOM", "WARM", "BASHES", "POISON", "NO_BREATHE", "ARTHROPOD_BLOOD", "FAT", "PATH_AVOID_DANGER_2", "PRIORITIZE_TARGETS" ]
  },
  {
    "id": "jbzp",
    "type": "MONSTER",
    "name": "疾病之仆",
    "description": "这只小家伙看起来不是很友善，小心别被它咬上一口.",
    "default_faction": "zxdio",
    "bodytype": "bird",
    "species": [ "ZXDIO" ],
    "volume": "7800 ml",
    "weight": 1120,
    "hp": 150,
    "speed": 120,
    "dodge": 3,
    "material": [ "soul" ],
    "symbol": "T",
    "color": "white",
    "aggression": 90,
    "morale": 100,
    "melee_dice": 5,
    "melee_dice_sides": 7,
    "melee_cut": 6,
    "luminance": 0,
   	"special_attacks": [
      {
        "id": "scratch",
        "damage_max_instance": [
          {
            "damage_type": "cut",
            "amount": 17,
            "armor_multiplier": 0.8
          }
        ]
      },
      [ "GENE_STING", 10 ]
    ],
    "death_function": [ "NORMAL" ],
    "harvest": "fish_tiny",
   "flags": [ "SEES", "SMELLS", "HEARS", "BADVENOM", "WARM", "BASHES", "POISON", "NO_BREATHE", "ARTHROPOD_BLOOD", "FAT", "PATH_AVOID_DANGER_2", "PRIORITIZE_TARGETS" ]
  },
    {
    "id": "mon_hycx",
    "type": "MONSTER",
    "name": "黑夜残响",
    "description": "昔日的英雄陨落而成的幻形生物.本身就是身强体壮之辈,动作要比丧尸灵活的多,而且防御力极强.",
    "default_faction": "zxdio",
    "species": [ "ZXDIO" ],
    "volume": "681800 ml",
    "weight": 547380,
    "hp": 830,
    "speed": 84,
    "dodge": 15,
    "material": [ "soul" ],
    "symbol": "H",
    "color": "red",
    "aggression": 90,
    "morale": 100,
    "melee_dice": 11,
    "melee_dice_sides": 14,
    "melee_cut": 14,
    "luminance": 0,
    "special_attacks": [
      ["FEAR_PARALYZE", 15],
      [ "PARROT", 1 ],
      ["PULL_METAL_WEAPON", 1],
      ["PARA_STING", 16],
      [ "GRAB_DRAG", 4 ],
      [ "STRETCH_ATTACK", 5 ]
    ],
    "death_function": [  "AMIGARA","NORMAL" ],"death_drops": { "groups": [ [ "hyoups", 7 ] ] },
    "harvest": "fish_tiny",
    "flags": [ "SEES", "HEARS", "SMELLS", "PLASTIC", "REGEN_MORALE", "BASHES", "HIT_AND_RUN", "HARDTOSHOOT","CBM_OP", "WEBWALK", "FLIES", "REGENERATES_10",
                "REVIVES", "ELECTRIC", "BLEED", "ACIDPROOF", "NOHEAD", "HEARS", "REGENERATES_IN_DARK", "GOODHEARING", "NIGHT_INVISIBILITY", "NO_BREATHE" ]
  },
  {
    "id": "mon_Zombie_Curse",
    "type": "MONSTER",
    "name": "咒火骷髅",
    "name_plural": "咒火骷髅",
    "description": "被改造过的怪物,皮肤被腐蚀得只剩下骨头,它的骨子里具有极强的酸性血液,之外还有众多的攻击方式.",
    "default_faction": "zxdio",
    "bodytype": "human",
    "categories": [ "CLASSIC" ],
    "species": [ "ZXDIO"],
    "volume": "542500 ml",
    "weight": 431500,
    "hp": 967,
    "speed": 76,
    "material": [ "curse" ],
    "symbol": "Z",
    "color": "light_green_yellow",
    "dodge": 18,
    "aggression": 100,
    "morale": 100,
    "melee_skill": 6,
    "melee_dice": 9,
    "melee_dice_sides": 7,
    "melee_cut": 16,
    "vision_night": 3,
    "harvest": "zombie",
    "special_attacks": [  {
        "type": "gun",
        "cooldown": 5,
        "move_cost": 50,
        "gun_type": "acid_spit",
        "fake_skills": [ [ "gun", 8 ], [ "rifle", 8 ] ],
        "fake_dex": 8,
        "fake_per": 8,
        "require_targeting_player": false,
        "description": "咒火骷髅吐出一团酸液!",
        "ranges": [ [ 2, 10, "DEFAULT" ] ]  },
      [ "ACID_BARF", 5 ], [ "GRAB_DRAG", 5 ],[ "GRAB", 6 ], [ "scratch", 10 ],
      [ "SHRIEK_ALERT", 15 ], [ "SHRIEK_STUN", 2 ]
    ],"death_drops": { "groups": [ [ "zhliasy", 1 ] ] },
    "death_function": [  "AMIGARA","NORMAL" ],
    "burn_into": "mon_zombie_scorched",
    "flags": [
      "SEES",
      "HEARS",
      "SMELLS",
      "STUMBLES",
      "WARM",     "REGENERATES_10",
      "BASHES",    "CBM_TECH",
      "GROUP_BASH",
      "POISON",    "REGEN_MORALE",
      "BLEED",      "FIREPROOF",
      "NO_BREATHE",  "GOODHEARING",
      "ACIDTRAIL",
      "ACIDPROOF",  "ACID_BLOOD",
      "REVIVES",  "PUSH_MON",
      "FILTHY"  ]
  },
  {
    "id": "mon_mpoisox",
    "type": "MONSTER",
    "name": "魅夜毒蛛",
    "description": "一只变异的毒蛛,移动迅速不仅拥有酸性血液还带有剧毒毒液.",
    "default_faction": "zxdio",
    "species": [ "ZXDIO" ],
    "volume": "347100 ml",
    "weight": 372260,
    "hp": 300,
    "speed": 92,
    "dodge": 9,
    "material": [ "soul" ],
    "symbol": "G",
    "color": "red",
    "aggression": 81,
    "morale": 100,
    "melee_dice": 5,
    "melee_dice_sides": 7,
    "melee_cut": 10,"luminance": 0,
    "armor_bash": 11,"armor_cut": 14,"vision_day": 8,
    "vision_night": 8,"special_attacks": [ [ "ACID", 13 ] ],
    "death_function": [ "ACID", "NORMAL" ],"harvest": "fish_tiny",
    "flags": [ "SEES", "HEARS", "SMELLS",  "REGEN_MORALE", "BASHES", "HARDTOSHOOT","KEENNOSE", "WEBWALK", "FLIES", "REGENERATES_10",
                "REVIVES", "FAT", "BLEED", "ACIDPROOF", "NOHEAD", "HEARS", "GOODHEARING", "BADVENOM", "NO_BREATHE" ] }
]