[
{
    "id": "wxsk_spell_zh_1",
    "type": "SPELL",
    "name": "召唤测试",
    "description": "召唤母体的召唤技能.",
    "valid_targets": [ "ground" ],
    "min_damage": 1,
    "max_damage": 3,
    "damage_increment": 0.1,   
    "//":"召唤出来的怪物数量与伤害有关1:1",
    "max_level": 30,
    "difficulty": 3,
    "spell_class": "ANIMIST",
    "effect": "summon",
    "effect_str": "mon_wxkj_qexj1cs",
    "energy_source": "MANA",
    "base_energy_cost": 6,
    "//": "one minute",
    "base_casting_time": 6000,
    "min_range": 1,
    "max_range": 1,
    "min_aoe": 1,
    "max_aoe": 1,
    "flags": [ "SOMATIC", "VERBAL", "CONCENTRATE" ],
    "min_duration": 1000,
    "max_duration": 3000,   
    "duration_increment": 100
  },
  {
    "id": "wxsk_spell_zh_2",
    "type": "SPELL",
    "name": "召唤测试2",
    "description": "母体召唤子代的召唤技能.",
    "valid_targets": [ "ground" ],
    "min_damage": 1,
    "max_damage": 1,
    "damage_increment": 0,
    "//":"召唤出来的怪物数量与伤害有关1:1",
    "max_level": 30,
    "difficulty": 2,
    "spell_class": "ANIMIST",
    "effect": "summon",
    "effect_str": "mon_wxkj_qexj2",
    "energy_source": "MANA",
    "base_energy_cost": 6,
    "//": "one minute",
    "base_casting_time": 1800,
    "min_range": 1,
    "max_range": 1,  
    "min_aoe": 2,
    "max_aoe": 2,
    "//":"怪物使用召唤这个貌似必须大于2，不然会召唤失败",
    "flags": [ "SOMATIC", "VERBAL", "CONCENTRATE" ],
    "min_duration": 500,
    "max_duration": 1000,
    "duration_increment": 100
  }
  ]