[
  {
    "type": "speech",
    "speaker": "mon_cyborg_cop",
    "sound": "\"我发现这个地区的人都很狂妄自大.\"",
    "volume": 24
  },
  {
    "type": "speech",
    "speaker": "mon_cyborg_cop",
    "sound": "\"这个名字是'墨菲'.\"",
    "volume": 20
  },
  {
    "type": "speech",
    "speaker": "mon_cyborg_cop",
    "sound": "\"你来这儿的时候知道这个房子租出去了吗?\"",
    "volume": 20
  },
  {
    "type": "speech",
    "speaker": "mon_cyborg_cop",
    "sound": "\"传感器显示你在过去的5天里走了好几次。公共秩序混乱不是犯罪活动的借口.\"",
    "volume": 20
  },
  {
    "type": "speech",
    "speaker": "mon_cyborg_cop",
    "sound": "\"这一地区禁止未授权的人员进入.马上离开.\"",
    "volume": 32
  },
  {
    "type": "speech",
    "speaker": "mon_cyborg_cop",
    "sound": "\"传感器显示正在发生暴乱。要么回家，要么被逮捕.\"",
    "volume": 32
  },
  {
    "type": "speech",
    "speaker": "mon_cyborg_cop",
    "sound": "\"停止!你触犯了法律。交罚款或者跟我来.\"",
    "volume": 32
  },
  {
    "type": "speech",
    "speaker": "mon_cyborg_cop",
    "sound": "\"住手，犯罪渣滓!\"",
    "volume": 24
  },
  {
    "type": "speech",
    "speaker": "mon_cyborg_cop",
    "sound": "\"启动自我修复保存协议。备份数据... ...\"",
    "volume": 20
  }
]
