[
  {
    "type": "speech",
    "speaker": "mon_robot_drone",
    "sound": "thrusters compensating.",
    "volume": 35
  },
  {
    "type": "speech",
    "speaker": "mon_robot_drone",
    "sound": "a faint, high-pitched whining of engines",
    "volume": 35
  },
  {
    "type": "speech",
    "speaker": "mon_robot_drone",
    "sound": "\"This is Autonomous Helicoptor Drone, Model 4751ZuluBeta, broadcasting its legal message, informing you of its authority under the joint Police-Military Statutes passed by the Executive Branch in 2034.  Under these statutes, lethal force is authorized.\"",
    "volume": 50
  },
  {
    "type": "speech",
    "speaker": "mon_robot_drone",
    "sound": "\"Bystanders not engaging in rebellious, treasonous, criminal, or conflict-like behavior are advised to enter a prone position, keeping their hands over their heads until the current crisis is over and authorized personel retrieve you for debriefing.\"",
    "volume": 50
  },
  {
    "type": "speech",
    "speaker": "mon_robot_drone",
    "sound": "\"Children under the age of 4 should be held by their parent or guardian, and that person should be seen to have their hands clasped together away from their own person.",
    "volume": 50
  },
  {
    "type": "speech",
    "speaker": "mon_robot_drone",
    "sound": "\"The elderly, or those otherwise incapable or achieving a prone position should prepare the proper form of ID in a readily viewable location and keep their hands out of all bags, pockets, or other concealed locations.\"",
    "volume": 50
  },
  {
    "type": "speech",
    "speaker": "mon_robot_drone",
    "sound": "the hum of anti-grav thrusters!",
    "volume": 35
  },
  {
    "type": "speech",
    "speaker": "mon_robot_drone",
    "sound": "the rush of thrusters as something gains elevation quickly.",
    "volume": 40
  },
  {
    "type": "speech",
    "speaker": "mon_robot_drone",
    "sound": "the rush of thrusters as something gains elevation quickly.",
    "volume": 40
  },
  {
    "type": "speech",
    "speaker": "mon_robot_drone",
    "sound": "the rush of thrusters as something gains elevation quickly.",
    "volume": 40
  },
  {
    "type": "speech",
    "speaker": "mon_robot_drone",
    "sound": "the ear-throbbing sound of a helidrones thrusters.",
    "volume": 40
  },
  {
    "type": "speech",
    "speaker": "mon_robot_drone",
    "sound": "the ear-throbbing sound of a helidrones thrusters.",
    "volume": 40
  },
  {
    "type": "speech",
    "speaker": "mon_robot_drone",
    "sound": "the ear-throbbing sound of a helidrones thrusters.",
    "volume": 40
  }
]
