[
  {
    "type": "speech",
    "speaker": "mon_furvivor_shotgun",
    "sound": "\"你...你好?\"",
    "volume": 15
  },
  {
    "type": "speech",
    "speaker": "mon_furvivor_shotgun",
    "sound": "\"嘿，你!\"",
    "volume": 30
  },
  {
    "type": "speech",
    "speaker": "mon_furvivor_shotgun",
    "sound": "你在椰子里放上酸橙，然后摇动你的身体!",
    "volume": 10
  },
  {
    "type": "speech",
    "speaker": "mon_furvivor_shotgun",
    "sound": "\"当第四堵墙被推倒的时候,该死的!\"",
    "volume": 30
  },
  {
    "type": "speech",
    "speaker": "mon_furvivor_shotgun",
    "sound": "\"等我找到那个小贱人，我就告诉他们谁是老大\"",
    "volume": 10
  },
  {
    "type": "speech",
    "speaker": "mon_furvivor_shotgun",
    "sound": "\"它烧着了!\"",
    "volume": 40
  },
  {
    "type": "speech",
    "speaker": "mon_furvivor_shotgun",
    "sound": "\"好 . . . 痒\"",
    "volume": 15
  },
  {
    "type": "speech",
    "speaker": "mon_furvivor_shotgun",
    "sound": "\"!!用火焰净化我!!\"",
    "volume": 40
  },
  {
    "type": "speech",
    "speaker": "mon_furvivor_shotgun",
    "sound": "\"你!来这里!\"",
    "volume": 20
  },
  {
    "type": "speech",
    "speaker": "mon_furvivor_shotgun",
    "sound": "\"我非常想吃一整条腿 . . .\"",
    "volume": 10
  },
  {
    "type": "speech",
    "speaker": "mon_furvivor_shotgun",
    "sound": "\"他们告诉我很安全，为什么要骗我?\"",
    "volume": 15
  },
  {
    "type": "speech",
    "speaker": "mon_furvivor_shotgun",
    "sound": "\"给我拿把电锯，绑在我胳膊上.\"",
    "volume": 15
  },
  {
    "type": "speech",
    "speaker": "mon_furvivor_shotgun",
    "sound": "\"Shop Smart, Shop S-MART!\"",
    "volume": 40
  },
  {
    "type": "speech",
    "speaker": "mon_furvivor_shotgun",
    "sound": "\"这是我的扩音器!!\"",
    "volume": 40
  },
  {
    "type": "speech",
    "speaker": "mon_furvivor_shotgun",
    "sound": "\"妙极了\"",
    "volume": 10
  },
  {
    "type": "speech",
    "speaker": "mon_furvivor_shotgun",
    "sound": "\"KLAATU -- BARADA -- NIKTO!\"",
    "volume": 30
  },
  {
    "type": "speech",
    "speaker": "mon_furvivor_shotgun",
    "sound": "\"如果你们这些白痴想杀人的话，早就死了!\"",
    "volume": 20
  },
  {
    "type": "speech",
    "speaker": "mon_furvivor_shotgun",
    "sound": "\"士兵们，做好准备，做好准备\"",
    "volume": 30
  },
  {
    "type": "speech",
    "speaker": "mon_furvivor_shotgun",
    "sound": "\"为我们的事业而战\"",
    "volume": 30
  },
  {
    "type": "speech",
    "speaker": "mon_furvivor_shotgun",
    "sound": "\"为我们的国王而死!\"",
    "volume": 30
  },
  {
    "type": "speech",
    "speaker": "mon_furvivor_shotgun",
    "sound": "\"对我们的事业有贡献!\"",
    "volume": 30
  },
  {
    "type": "speech",
    "speaker": "mon_furvivor_shotgun",
    "sound": "\"这都是因为那些左倾分子超级商场不会出售好的,可靠的公民机步枪!\"",
    "volume": 20
  },
  {
    "type": "speech",
    "speaker": "mon_furvivor_shotgun",
    "sound": "\"我现在只想回家\"",
    "volume": 15
  },
  {
    "type": "speech",
    "speaker": "mon_furvivor_shotgun",
    "sound": "\"好累 . . .\"",
    "volume": 10
  },
  {
    "type": "speech",
    "speaker": "mon_furvivor_shotgun",
    "sound": "\"像小猪一样为我呼噜呼噜!\"",
    "volume": 30
  }
]
