[
  {
    "type": "mutation",
    "id": "samurai_child",
    "name": "武家子弟",
    "points": 0,
    "description": "(暫無敘述。)",
    "initial_ma_styles": [ "style_aikido" ],
    "valid": false,
    "purifiable": false,
    "profession": true
  },{
    "type": "mutation",
    "id": "SakuraD_blood",
    "name": "龍胤之子",
    "points": 0,
    "description": "繼承櫻龍之力的人類，傳說擁有「不死」，使用此特質可產生「龍胤之血」。",
    "hp_modifier": 1.2,
	"healthy_rate": 0.25,
    "active": true,
	"time" : 1000000000,
	"cost": 300,
	"hunger" : true,
	"fatigue" : true,
    "spawn_item": { "type": "SSDTp_item_panacea", "message": "產生道具<SSDTp_item_panacea>時的文字敘述。" },
    "valid": false,
    "purifiable": false,
    "profession": true
  }
]