[
	{
		"type": "profession",
		"ident": "SSDT_p",
		"name": { "male": "少主", "female": "公主" },
		"description": "這裡是角色敘述，目前懶得打。",
		"points": 9,
        "traits": 
			[
			 "SakuraD_blood",
			 "samurai_child",
			 "BEAUTIFUL2"
			],
		"skills": 
			[
				{"level":2,"name":"cooking"},
				{"level":1,"name":"unarmed"}
			],
		"items": 
		{
		 "male": [ "loincloth" ],
		 "female": [ "chestwrap", "loincloth" ],
		 "both": 
			{
			"items": 
				[ 
				"kimono", 
				"tabi_dress", 
				"geta", 
				"holybook_kojiki"
				]
			}
		}
	}
]