[
  {
    "id": "mon_zombie_failed_weapon",
    "type": "MONSTER",
    "name": "失败的生物武器丧尸",
    "description": "仿生突变体丧尸，更强的丧尸之一。就算在尸群之中也是非常危险的一类。",
    "default_faction": "zombie",
    "species": [ "ZOMBIE" ],
    "diff": 25,
    "size": "MEDIUM",
    "hp": 180,
    "speed": 90,
    "material": [ "flesh" ],
    "symbol": "Z",
    "color": "red_cyan",
    "aggression": 100,
    "morale": 100,
    "melee_skill": 4,
    "melee_dice": 3,
    "melee_dice_sides": 4,
    "melee_cut": 3,
    "dodge": 0,
    "armor_bash": 7,
    "armor_cut": 12,
    "armor_stab": 9,
    "armor_acid": 4,
    "armor_fire": 3,
    "vision_day": 40,
    "vision_night": 3,
    "luminance": 12,
    "regenerates": 4,
    "harvest": "CBM_FAILED_BIO_ZOMBIE",
    "special_attacks": [ [ "SHOCKSTORM", 10 ], [ "PARROT", 50 ], { "type": "bite", "cooldown": 5 } ],
    "special_when_hit": [ "ZAPBACK", 60 ],
    "anger_triggers": [ "FRIEND_DIED", "FRIEND_ATTACKED", "HURT", "STALK", "PLAYER_CLOSE" ],
    "fear_triggers": [ "FIRE" ],
    "death_drops": "wild_bio_weapom_item",
    "death_function": [ "ACID", "NORMAL" ],
    "flags": [
      "SEES",
      "HEARS",
      "SMELLS",
      "STUMBLES",
      "POISON",
      "ELECTRIC",
      "BASHES",
      "GROUP_BASH",
      "NO_BREATHE",
      "REVIVES",
      "PUSH_MON",
      "PUSH_VEH",
      "FILTHY"
    ]
  },
  {
    "id": "mon_failed_weapon",
    "type": "MONSTER",
    "name": "失败的生物武器",
    "description": "一个失败的生物武器，因为仇恨导致他会猎杀任何生物。",
    "default_faction": "fbio-weapon",
    "species": [ "FBIO-WEAPON" ],
    "diff": 25,
    "size": "MEDIUM",
    "hp": 200,
    "speed": 100,
    "material": [ "flesh" ],
    "symbol": "B",
    "color": "red_cyan",
    "aggression": 100,
    "morale": 100,
    "melee_skill": 6,
    "melee_dice": 4,
    "melee_dice_sides": 5,
    "melee_cut": 4,
    "dodge": 2,
    "armor_bash": 8,
    "armor_cut": 14,
    "armor_stab": 10,
    "armor_acid": 8,
    "armor_fire": 6,
    "vision_day": 40,
    "vision_night": 3,
    "path_settings": { "max_dist": 50 },
    "luminance": 14,
    "regenerates": 5,
    "harvest": "CBM_FAILED_BIO",
    "special_attacks": [ [ "SHOCKSTORM", 15 ], [ "PARROT", 80 ] ],
    "special_when_hit": [ "ZAPBACK", 75 ],
    "death_drops": "wild_bio_weapom_item",
    "death_function": [ "ACID", "NORMAL" ],
    "flags": [
      "SEES",
      "HEARS",
      "SMELLS",
      "WARM",
      "HUMAN",
      "ELECTRIC",
      "BASHES",
      "PUSH_VEH",
      "PATH_AVOID_DANGER_1"
    ]
  },
  {
    "id": "hulk_weapon",
    "type": "MONSTER",
    "name": "生物武器-阿波菲斯",
    "description": "终极的仿生突变体，只有上帝才知道它的由来。拥有不可思议的力量，在强大的力量、装甲和仿生学的支持下，可以轻松获得战斗的胜利。",
    "default_faction": "fbio-weapon",
    "species": [ "BIO-WEAPON" ],
    "diff": 75,
    "size": "HUGE",
    "hp": 5000,
    "speed": 100,
    "material": [ "flesh" ],
    "symbol": "A",
    "color": "red_cyan",
    "aggression": 100,
    "morale": 100,
    "melee_skill": 10,
    "melee_dice": 8,
    "melee_dice_sides": 10,
    "melee_cut": 20,
    "dodge": 2,
    "armor_bash": 35,
    "armor_cut": 40,
    "armor_stab": 20,
    "armor_acid": 35,
    "armor_fire": 20,
    "vision_day": 50,
    "vision_night": 30,
    "path_settings": { "max_dist": 50 },
    "luminance": 30,
    "regenerates": 10,
    "starting_ammo": { "generic_no_ammo": 1000 },
    "harvest": "CBM_APOPHIS",
    "special_attacks": [
      [ "SHOCKSTORM", 45 ],
      [ "TAZER", 45 ],
      [ "PARROT", 80 ],
      [ "SMASH", 50 ],
      [ "BIO_OP_TAKEDOWN", 40 ],
      {
        "type": "gun",
        "cooldown": 5,
        "move_cost": 100,
        "gun_type": "bio_blaster_gun",
        "fake_skills": [ [ "gun", 10 ], [ "rifle", 8 ] ],
        "fake_str": 8,
        "fake_dex": 10,
        "fake_per": 10,
        "max_ammo": 1000,
        "ranges": [ [ 5, 30, "DEFAULT" ] ],
        "targeting_cost": 50,
        "targeting_sound": "嗖...咔嚓！",
        "targeting_volume": 20,
        "description": "阿波菲斯发射了它的聚变冲击波!",
        "no_ammo_sound": "咔嚓咔嚓咔嚓!"
      }
    ],
    "special_when_hit": [ "ZAPBACK", 75 ],
    "death_drops": "apophis_bio_weapom_item",
    "death_function": [ "ACID", "NORMAL", "EXPLODE" ],
    "flags": [
      "SEES",
      "HEARS",
      "GOODHEARING",
      "SMELLS",
      "WARM",
      "HUMAN",
      "PUSH_MON",
      "PUSH_VEH",
      "ELECTRIC",
      "GRABS",
      "BASHES",
      "PATH_AVOID_DANGER_1",
      "PRIORITIZE_TARGETS"
    ]
  },
  {
    "id": "mon_fungus_failed_weapon",
    "type": "MONSTER",
    "name": "失败的真菌生物武器",
    "description": "这个…这是一个失败的科学实验，它的生物学已经被真菌所取代。它有各种各样的增强，包括突变的和仿生的，用来为它的新主人服务。",
    "default_faction": "fungus",
    "species": [ "FUNGUS" ],
    "diff": 25,
    "size": "MEDIUM",
    "hp": 100,
    "speed": 80,
    "material": [ "veggy" ],
    "symbol": "F",
    "color": "red_cyan",
    "aggression": 100,
    "morale": 100,
    "melee_skill": 4,
    "melee_dice": 3,
    "melee_dice_sides": 2,
    "melee_cut": 3,
    "dodge": 0,
    "armor_bash": 10,
    "armor_cut": 15,
    "armor_stab": 12,
    "armor_acid": 7,
    "armor_fire": 5,
    "vision_day": 40,
    "vision_night": 3,
    "luminance": 5,
    "harvest": "CBM_FAILED_BIO",
    "regenerates": 4,
    "special_attacks": [
      [ "SHOCKSTORM", 10 ],
      [ "PARROT", 50 ],
      [ "FUNGUS", 200 ],
      { "type": "bite", "cooldown": 5 },
      [ "FUNGUS_HAZE", 25 ],
      [ "FUNGUS_INJECT", 40 ],
      [ "FUNGUS_BRISTLE", 40 ]
    ],
    "special_when_hit": [ "ZAPBACK", 60 ],
    "anger_triggers": [ "FRIEND_DIED", "FRIEND_ATTACKED", "HURT", "STALK", "PLAYER_CLOSE" ],
    "fear_triggers": [ "FIRE" ],
    "placate_triggers": [ "PLAYER_WEAK" ],
    "death_drops": "wild_bio_weapom_item",
    "death_function": [ "ACID", "FUNGUS", "NORMAL" ],
    "flags": [
      "SEES",
      "HEARS",
      "SMELLS",
      "STUMBLES",
      "ELECTRIC",
      "ATTACKMON",
      "BASHES",
      "PUSH_MON",
      "PUSH_VEH",
      "FILTHY"
    ]
  },
  {
    "id": "mon_zombie_bio_dormant_unarmed",
    "type": "MONSTER",
    "looks_like": "mon_zombie_bio_op",
    "name": "超级战士丧尸",
    "description": "一个装备精良的特种军人，但是仍在大灾难中变成了丧尸的一员。它以不稳定的步态蹒跚而行。",
    "default_faction": "super_soldat",
    "species": [ "ZOMBIE" ],
    "diff": 25,
    "size": "MEDIUM",
    "hp": 150,
    "speed": 90,
    "material": [ "flesh" ],
    "symbol": "Z",
    "color": "red_cyan",
    "aggression": 100,
    "morale": 100,
    "melee_skill":5,
    "melee_dice": 4,
    "melee_dice_sides": 3,
    "melee_cut": 3,
    "dodge": 3,
    "armor_bash": 10,
    "armor_cut": 15,
    "armor_stab": 10,
    "armor_acid": 5,
    "armor_fire": 5,
    "vision_day": 40,
    "vision_night": 15,
    "luminance": 2,
    "regenerates": 1,
    "regen_morale": true,
    "harvest": "CBM_SOLDAT_ZOMBIE_GENERIC",
    "special_attacks": [
      [ "GRAB", 10 ]
    ],
    "special_when_hit": [ "ZAPBACK", 60 ],
    "anger_triggers": [ "FRIEND_DIED", "FRIEND_ATTACKED", "HURT", "STALK", "PLAYER_CLOSE" ],
    "placate_triggers": [ "PLAYER_WEAK" ],
    "death_drops": "mon_zombie_bio_dormant_unarmed_death_drops",
    "death_function": [ "NORMAL" ],
    "upgrades": { "half_life": 28, "into": "mon_zombie_bio_knife" },
    "flags": [ "SEES", "HEARS", "SMELLS", "POISON", "NO_BREATHE", "FILTHY", "STUMBLES", "BASHES" ]
  },
  {
    "id": "mon_zombie_bio_dormant_armed",
    "type": "MONSTER",
    "looks_like": "mon_zombie_bio_op",
    "name": "超级战士丧尸",
    "description": "一个装备精良的特种军人，但是仍在大灾难中变成了丧尸的一员。它以不稳定的步态蹒跚而行。",
    "default_faction": "super_soldat",
    "species": [ "ZOMBIE" ],
    "diff": 25,
    "size": "MEDIUM",
    "hp": 150,
    "speed": 90,
    "material": [ "flesh" ],
    "symbol": "Z",
    "color": "red_cyan",
    "aggression": 100,
    "morale": 100,
    "melee_skill": 5,
    "melee_dice": 4,
    "melee_dice_sides": 3,
    "melee_cut": 3,
    "dodge": 3,
    "armor_bash": 10,
    "armor_cut": 15,
    "armor_stab": 10,
    "armor_acid": 5,
    "armor_fire": 5,
    "vision_day": 40,
    "vision_night": 15,
    "luminance": 2,
    "regenerates": 1,
    "regen_morale": true,
    "harvest": "CBM_SOLDAT_ZOMBIE_GENERIC",
    "special_attacks": [
      [ "GRAB", 10 ]
    ],
    "special_when_hit": [ "ZAPBACK", 60 ],
    "anger_triggers": [ "FRIEND_DIED", "FRIEND_ATTACKED", "HURT", "STALK", "PLAYER_CLOSE" ],
    "placate_triggers": [ "PLAYER_WEAK" ],
    "death_drops": "mon_zombie_bio_dormant_armed_death_drops",
    "death_function": [ "NORMAL" ],
    "upgrades": { "half_life": 28, "into_group": "GROUP_ZOMBIE_SUPER_SOLDIER_UPGRADE" },
    "flags": [ "SEES", "HEARS", "SMELLS", "POISON", "NO_BREATHE", "FILTHY", "STUMBLES", "BASHES" ]
  },
  {
    "id": "mon_zombie_bio_knife",
    "type": "MONSTER",
    "copy-from": "mon_zombie_bio_dormant_unarmed",
    "looks_like": "mon_zombie_bio_op2",
    "name": "超级战士丧尸",
    "description": "一个装备精良的特种军人，但是仍在大灾难中变成了丧尸的一员。他的手中仍然握着生前的军用匕首。",
    "speed": 100,
    "melee_skill": 5,
    "melee_dice": 4,
    "melee_dice_sides": 4,
    "melee_cut": 10,
    "armor_bash": 12,
    "armor_cut": 20,
    "armor_stab": 12,
    "armor_acid": 6,
    "armor_fire": 6,
    "path_settings": { "max_dist": 20 },
    "vision_night": 20,
    "regenerates": 1,
    "special_attacks": [
      [ "GRAB", 10 ],
      [ "BIO_OP_TAKEDOWN", 30 ],
      [ "LUNGE", 20 ]
    ],
    "death_drops": "mon_zombie_bio_knife_death_drops",
    "flags": [ "SEES", "HEARS", "SMELLS", "POISON", "NO_BREATHE", "FILTHY", "PATH_AVOID_DANGER_1", "BLEED" ],
    "delete": { "upgrades": { "half_life": 28, "into": "mon_zombie_bio_knife" } }
  },
  {
    "id": "mon_zombie_bio_infantry_rifle",
    "type": "MONSTER",
    "looks_like": "mon_zombie_bio_infantry",
    "name": "超级战士丧尸",
    "description": "一个装备精良的特种军人，但是仍在大灾难中变成了丧尸的一员。他的手中仍然握着生前的特殊步枪。",
    "default_faction": "super_soldat",
    "species": [ "ZOMBIE" ],
    "diff": 25,
    "size": "MEDIUM",
    "hp": 150,
    "speed": 100,
    "material": [ "flesh" ],
    "symbol": "Z",
    "color": "red_cyan",
    "aggression": 100,
    "morale": 100,
    "melee_skill": 5,
    "melee_dice": 4,
    "melee_dice_sides": 3,
    "melee_cut":3,
    "dodge": 3,
    "armor_bash": 20,
    "armor_cut": 30,
    "armor_stab": 24,
    "armor_acid": 5,
    "armor_fire": 5,
    "vision_day": 40,
    "vision_night": 15,
    "path_settings": { "max_dist": 10 },
    "luminance": 2,
    "regenerates": 1,
    "regen_morale": true,
    "starting_ammo": { "battery": 100 },
    "harvest": "CBM_SOLDAT_ZOMBIE",
    "special_attacks": [
      {
        "type": "gun",
        "cooldown": 3,
        "move_cost": 300,
        "gun_type": "arc_laser_rifle_monster",
        "ammo_type": "battery",
        "fake_str": 4,
        "fake_dex": 5,
        "fake_per": 3,
        "fake_int": 1,
        "max_ammo": 100,
        "ranges": [ [ 2, 28, "DEFAULT" ], [ 2, 28, "BURST" ], [ 2, 28, "AUTO" ] ],
        "require_targeting_player": true,
        "require_targeting_npc": true,
        "require_targeting_monster": true,
        "targeting_cost": 100,
        "targeting_sound": "乌拉!",
        "targeting_volume": 5,
        "description": "超级战士丧尸的步枪开火了。",
        "no_ammo_sound": "哔哔-哔哔-哔哔!"
      },
      [ "GRAB", 10 ],
      [ "BIO_OP_TAKEDOWN", 30 ]
    ],
    "special_when_hit": [ "ZAPBACK", 60 ],
    "anger_triggers": [ "FRIEND_DIED", "FRIEND_ATTACKED", "HURT", "STALK", "PLAYER_CLOSE" ],
    "placate_triggers": [ "PLAYER_WEAK" ],
    "death_drops": "wild_bio_infantry_rifle",
    "death_function": [ "NORMAL" ],
    "flags": [ "SEES", "HEARS", "SMELLS", "POISON", "NO_BREATHE", "FILTHY", "PATH_AVOID_DANGER_1" ]
  },
  {
    "id": "mon_zombie_bio_infantry_shotgun",
    "type": "MONSTER",
    "looks_like": "mon_zombie_bio_infantry",
    "name": "超级战士丧尸",
    "description": "生前是一名军人，手上拿着特殊的霰弹枪，似乎知道如何使用。",
    "default_faction": "super_soldat",
    "species": [ "ZOMBIE" ],
    "diff": 25,
    "size": "MEDIUM",
    "hp": 150,
    "speed": 100,
    "material": [ "flesh" ],
    "symbol": "Z",
    "color": "red_cyan",
    "aggression": 100,
    "morale": 100,
    "melee_skill": 5,
    "melee_dice": 4,
    "melee_dice_sides": 3,
    "melee_cut": 3,
    "dodge": 3,
    "armor_bash": 20,
    "armor_cut": 30,
    "armor_stab": 24,
    "armor_acid": 5,
    "armor_fire": 5,
    "vision_day": 40,
    "vision_night": 15,
    "path_settings": { "max_dist": 10 },
    "luminance": 2,
    "regenerates": 1,
    "regen_morale": true,
    "starting_ammo": { "battery": 100 },
    "harvest": "CBM_SOLDAT_ZOMBIE",
    "special_attacks": [
      {
        "type": "gun",
        "cooldown": 3,
        "move_cost": 300,
        "gun_type": "xarm_laser_shotgun_monster",
        "ammo_type": "battery",
        "fake_str": 4,
        "fake_dex": 5,
        "fake_per": 3,
        "fake_int": 1,
        "max_ammo": 100,
        "ranges": [ [ 2, 10, "DEFAULT" ], [ 2, 10, "BURST" ] ],
        "require_targeting_player": true,
        "require_targeting_npc": true,
        "require_targeting_monster": true,
        "targeting_cost": 100,
        "targeting_sound": "乌拉!",
        "targeting_volume": 5,
        "description": "超级战士丧尸的XARM霰弹枪开火了。",
        "no_ammo_sound": "哔哔-哔哔-哔哔!"
      },
      [ "GRAB", 10 ],
      [ "BIO_OP_TAKEDOWN", 30 ]
    ],
    "special_when_hit": [ "ZAPBACK", 60 ],
    "anger_triggers": [ "FRIEND_DIED", "FRIEND_ATTACKED", "HURT", "STALK", "PLAYER_CLOSE" ],
    "placate_triggers": [ "PLAYER_WEAK" ],
    "death_drops": "wild_bio_infantry_shotgun",
    "death_function": [ "NORMAL" ],
    "flags": [ "SEES", "HEARS", "SMELLS", "POISON", "NO_BREATHE", "FILTHY", "PATH_AVOID_DANGER_1" ]
  },
  {
    "id": "mon_zombie_bio_knight_lmg",
    "type": "MONSTER",
    "looks_like": "mon_zombie_bio_knight",
    "name": "超级主宰丧尸",
    "description": "生前是一名军人，手上拿着特殊的轻机枪，似乎知道如何使用。",
    "default_faction": "super_soldat",
    "species": [ "ZOMBIE" ],
    "diff": 25,
    "size": "MEDIUM",
    "hp": 200,
    "speed": 80,
    "material": [ "flesh" ],
    "symbol": "Z",
    "color": "red_cyan",
    "aggression": 100,
    "morale": 100,
    "melee_skill": 7,
    "melee_dice": 4,
    "melee_dice_sides": 5,
    "melee_damage": [ { "damage_type": "electric", "amount": 4 } ],
    "melee_cut": 3,
    "dodge": 3,
    "armor_bash": 20,
    "armor_cut": 30,
    "armor_stab": 24,
    "armor_acid": 6,
    "armor_fire": 6,
    "vision_day": 40,
    "vision_night": 3,
    "luminance": 2,
    "regenerates": 3,
    "regen_morale": true,
    "starting_ammo": { "battery": 200 },
    "harvest": "CBM_SOLDAT_KNIGHT_ZOMBIE",
    "special_attacks": [
      {
        "type": "gun",
        "cooldown": 5,
        "move_cost": 350,
        "gun_type": "krx_laser_lmg_monster",
        "ammo_type": "battery",
        "fake_str": 4,
        "fake_dex": 3,
        "fake_per": 3,
        "max_ammo": 200,
        "ranges": [ [ 3, 25, "DEFAULT" ], [ 3, 25, "BURST" ], [ 2, 25, "AUTO" ] ],
        "require_targeting_player": true,
        "require_targeting_npc": true,
        "require_targeting_monster": true,
        "targeting_cost": 200,
        "targeting_sound": "嗖...咔嚓！",
        "targeting_volume": 20,
        "description": "超级主宰丧尸的轻机枪开火了。",
        "no_ammo_sound": "哔哔-哔哔-哔哔!"
      },
      [ "GRAB_DRAG", 10 ],
      [ "SMASH", 30 ],
      { "id": "slam" }
    ],
    "special_when_hit": [ "ZAPBACK", 60 ],
    "anger_triggers": [ "FRIEND_DIED", "HURT", "PLAYER_CLOSE", "STALK" ],
    "death_drops": "wild_bio_knight_lmg",
    "death_function": [ "NORMAL" ],
    "flags": [ "SEES", "HEARS", "SMELLS", "POISON", "NO_BREATHE", "BONES", "FILTHY", "BASHES", "PUSH_MON", "PUSH_VEH" ]
  },
  {
    "id": "mon_zombie_bio_knight_lauhcher",
    "type": "MONSTER",
    "looks_like": "mon_zombie_bio_knight",
    "name": "超级主宰丧尸",
    "description": "生前是一名军人，手上拿着特殊的重武器，似乎知道如何使用。",
    "default_faction": "super_soldat",
    "species": [ "ZOMBIE" ],
    "diff": 25,
    "size": "MEDIUM",
    "hp": 200,
    "speed": 80,
    "material": [ "flesh" ],
    "symbol": "Z",
    "color": "red_cyan",
    "aggression": 100,
    "morale": 100,
    "melee_skill": 7,
    "melee_dice": 4,
    "melee_dice_sides": 5,
    "melee_damage": [ { "damage_type": "electric", "amount": 4 } ],
    "melee_cut": 3,
    "dodge": 3,
    "armor_bash": 20,
    "armor_cut": 30,
    "armor_stab": 24,
    "armor_acid": 6,
    "armor_fire": 6,
    "vision_day": 40,
    "vision_night": 3,
    "luminance": 2,
    "regenerates": 3,
    "regen_morale": true,
    "starting_ammo": { "battery": 5 },
    "harvest": "CBM_SOLDAT_KNIGHT_ZOMBIE",
    "special_attacks": [
      {
        "type": "gun",
        "cooldown": 5,
        "move_cost": 400,
        "gun_type": "mk_ionic_cannon_monster",
        "ammo_type": "battery",
        "fake_str": 4,
        "fake_dex": 3,
        "fake_per": 3,
        "max_ammo": 5,
        "ranges": [ [ 5, 30, "DEFAULT" ] ],
        "require_targeting_player": true,
        "require_targeting_npc": true,
        "require_targeting_monster": true,
        "laser_lock": true,
        "targeting_cost": 200,
        "targeting_sound": "嗖...咔嚓！",
        "targeting_volume": 20,
        "description": "超级主宰丧尸的重武器开火了!",
        "no_ammo_sound": "哔哔-哔哔-哔哔!"
      },
      [ "GRAB_DRAG", 10 ],
      [ "SMASH", 30 ],
      { "id": "slam" }     
    ],
    "special_when_hit": [ "ZAPBACK", 60 ],
    "anger_triggers": [ "FRIEND_DIED", "HURT", "PLAYER_CLOSE", "STALK" ],
    "death_drops": "wild_bio_knight_launcher",
    "death_function": [ "NORMAL" ],
    "flags": [ "SEES", "HEARS", "SMELLS", "POISON", "NO_BREATHE", "BONES", "FILTHY", "BASHES", "PUSH_MON", "PUSH_VEH" ]
  },
  {
    "id": "mon_zombie_bio_scout_sniper",
    "type": "MONSTER",
    "looks_like": "mon_zombie_bio_scout",
    "name": "超级侦察兵丧尸",
    "description": "生前是一名军人，手上拿着特殊的步枪，似乎知道如何使用。",
    "default_faction": "super_soldat",
    "species": [ "ZOMBIE" ],
    "diff": 25,
    "size": "MEDIUM",
    "hp": 150,
    "speed": 100,
    "material": [ "flesh" ],
    "symbol": "Z",
    "color": "red_cyan",
    "aggression": 100,
    "morale": 100,
    "melee_skill": 5,
    "melee_dice": 3,
    "melee_dice_sides": 4,
    "melee_cut": 3,
    "dodge": 3,
    "armor_bash": 10,
    "armor_cut": 18,
    "armor_stab": 10,
    "armor_acid": 5,
    "armor_fire": 5,
    "vision_day": 40,
    "vision_night": 40,
    "path_settings": { "max_dist": 20 },
    "luminance": 2,
    "regenerates": 1,
    "regen_morale": true,
    "starting_ammo": { "battery": 50 },
    "harvest": "CBM_SOLDAT_SNIPER_ZOMBIE",
    "special_attacks": [
      {
        "type": "gun",
        "cooldown": 3,
        "move_cost": 400,
        "gun_type": "laser_sniper_monster",
        "ammo_type": "battery",
        "fake_str": 4,
        "fake_dex": 5,
        "fake_per": 4,
        "max_ammo": 50,
        "ranges": [ [ 5, 40, "DEFAULT" ] ],
        "require_targeting_player": true,
        "require_targeting_npc": true,
        "require_targeting_monster": true,
        "laser_lock": true,
        "targeting_cost": 200,
        "targeting_sound": "hhhmmmmm",
        "targeting_volume": 5,
        "description": "超级侦察兵丧尸的步枪开火了!",
        "no_ammo_sound": "哔哔-哔哔-哔哔!"
      },
      [ "GRAB", 10 ],
      [ "BIO_OP_TAKEDOWN", 30 ],
      [ "LUNGE", 20 ]
    ],
    "special_when_hit": [ "ZAPBACK", 60 ],
    "anger_triggers": [ "FRIEND_DIED", "HURT", "PLAYER_CLOSE", "STALK" ],
    "placate_triggers": [ "PLAYER_WEAK" ],
    "death_drops": "wild_bio_scout_sniper",
    "death_function": [ "NORMAL" ],
    "flags": [ "SEES", "HEARS", "SMELLS", "POISON", "NO_BREATHE", "FILTHY", "PATH_AVOID_DANGER_1" ]
  },
  {
    "id": "mon_zombie_bio_tool_pistol",
    "type": "MONSTER",
    "looks_like": "mon_zombie_bio_tool",
    "name": "超级B.A.M.R.U丧尸",
    "description": "生前是一名军人，手上拿着特殊的手枪，似乎知道如何使用。",
    "default_faction": "super_soldat",
    "species": [ "ZOMBIE" ],
    "diff": 25,
    "size": "MEDIUM",
    "hp": 150,
    "speed": 100,
    "material": [ "flesh" ],
    "symbol": "Z",
    "color": "red_cyan",
    "aggression": 100,
    "morale": 100,
    "melee_skill": 3,
    "melee_dice": 3,
    "melee_dice_sides": 4,
    "melee_cut": 3,
    "dodge": 3,
    "armor_bash": 10,
    "armor_cut": 15,
    "armor_stab": 10,
    "armor_acid": 5,
    "armor_fire": 5,
    "vision_day": 40,
    "vision_night": 15,
    "path_settings": { "max_dist": 30 },
    "luminance": 2,
    "regenerates": 3,
    "regen_morale": true,
    "starting_ammo": { "battery": 25 },
    "harvest": "CBM_SOLDAT_TOOL_ZOMBIE",
    "special_attacks": [
      {
        "type": "gun",
        "cooldown": 1,
        "move_cost": 150,
        "gun_type": "neo_laser_pistol_monster",
        "ammo_type": "battery",
        "fake_str": 3,
        "fake_dex": 4,
        "fake_per": 5,
        "max_ammo": 25,
        "ranges": [ [ 1, 10, "DEFAULT" ] ],
        "require_targeting_player": true,
        "require_targeting_npc": true,
        "require_targeting_monster": true,
        "targeting_cost": 100,
        "targeting_sound": "argh!",
        "targeting_volume": 5,
        "description": "超级B.A.M.R.U丧尸的手枪开火了!",
        "no_ammo_sound": "哔哔-哔哔-哔哔!"
      },
      [ "GRAB", 10 ],
      [ "scratch", 20 ]
    ],
    "special_when_hit": [ "ZAPBACK", 60 ],
    "anger_triggers": [ "FRIEND_DIED", "FRIEND_ATTACKED", "HURT", "STALK", "PLAYER_CLOSE" ],
    "placate_triggers": [ "PLAYER_WEAK" ],
    "death_drops": "wild_bio_tool_pistol",
    "death_function": [ "NORMAL" ],
    "flags": [ "SEES", "HEARS", "SMELLS", "POISON",  "NO_BREATHE", "FILTHY", "PATH_AVOID_DANGER_2" ]
  },
  {
    "id": "mon_zombie_bio_tool_smg",
    "type": "MONSTER",
    "looks_like": "mon_zombie_bio_tool",
    "name": "超级B.A.M.R.U丧尸",
    "description": "生前是一名军人，手上拿着特殊的冲锋枪，似乎知道如何使用。",
    "default_faction": "super_soldat",
    "species": [ "ZOMBIE" ],
    "diff": 25,
    "size": "MEDIUM",
    "hp": 150,
    "speed": 100,
    "material": [ "flesh" ],
    "symbol": "Z",
    "color": "red_cyan",
    "aggression": 100,
    "morale": 100,
    "melee_skill": 3,
    "melee_dice": 3,
    "melee_dice_sides": 4,
    "melee_cut": 3,
    "dodge": 3,
    "armor_bash": 10,
    "armor_cut": 15,
    "armor_stab": 10,
    "armor_acid": 5,
    "armor_fire": 5,
    "vision_day": 40,
    "vision_night": 15,
    "path_settings": { "max_dist": 30 },
    "luminance": 2,
    "regenerates": 3,
    "regen_morale": true,
    "starting_ammo": { "battery": 50 },
    "harvest": "CBM_SOLDAT_TOOL_ZOMBIE",
    "special_attacks": [
      {
        "type": "gun",
        "cooldown": 1,
        "move_cost": 150,
        "gun_type": "akro_laser_smg_monster",
        "ammo_type": "battery",
        "fake_str": 3,
        "fake_dex": 4,
        "fake_per": 5,
        "max_ammo": 50,
        "ranges": [ [ 3, 15, "DEFAULT" ], [ 3, 15, "BURST" ], [ 3, 15, "AUTO" ] ],
        "require_targeting_player": true,
        "require_targeting_npc": true,
        "require_targeting_monster": true,
        "targeting_cost": 100,
        "targeting_sound": "argh!",
        "targeting_volume": 5,
        "description": "超级B.A.M.R.U丧尸的冲锋枪开火了!",
        "no_ammo_sound": "哔哔-哔哔-哔哔!"
      },
      [ "GRAB", 10 ],
      [ "scratch", 20 ]
    ],
    "special_when_hit": [ "ZAPBACK", 60 ],
    "anger_triggers": [ "FRIEND_DIED", "FRIEND_ATTACKED", "HURT", "STALK", "PLAYER_CLOSE" ],
    "placate_triggers": [ "PLAYER_WEAK" ],
    "death_drops": "wild_bio_tool_smg",
    "death_function": [ "NORMAL" ],
    "flags": [ "SEES", "HEARS", "SMELLS", "POISON", "NO_BREATHE", "FILTHY", "PATH_AVOID_DANGER_2" ]
  }
]
