[
  {
    "name": "GROUP_SMALL_STATION",
    "type": "monstergroup",
    "override": false,
    "auto_total": true,
    "monsters": [
      { "monster": "mon_failed_weapon", "freq": 15, "cost_multiplier": 20, "starts": 72 },
      { "monster": "mon_zombie_failed_weapon", "freq": 20, "cost_multiplier": 20, "starts": 336 }
    ]
  },
  {
    "name": "GROUP_LARGE_STATION",
    "type": "monstergroup",
    "override": false,
    "auto_total": true,
    "monsters": [
      { "monster": "mon_failed_weapon", "freq": 20, "cost_multiplier": 20, "starts": 72 },
      { "monster": "mon_zombie_failed_weapon", "freq": 25, "cost_multiplier": 20, "starts": 336 },
      { "monster": "mon_zombie_bio_infantry_shotgun", "freq": 5, "cost_multiplier": 25 },
      { "monster": "mon_zombie_bio_knight_lmg", "freq": 5, "cost_multiplier": 25 },
      { "monster": "mon_zombie_bio_knight_lauhcher", "freq": 5, "cost_multiplier": 20 },
      { "monster": "mon_zombie_bio_scout_sniper", "freq": 5, "cost_multiplier": 20 },
      { "monster": "mon_zombie_bio_tool_pistol", "freq": 5,"cost_multiplier": 20 },
      { "monster": "mon_zombie_bio_tool_smg", "freq": 5, "cost_multiplier": 25 }
    ]
  },
  {
    "name": "GROUP_LAB",
    "type": "monstergroup",
    "override": false,
    "auto_total": true,
    "monsters": [
      { "monster": "mon_failed_weapon", "freq": 2, "cost_multiplier": 25, "starts": 168 },
      { "monster": "mon_zombie_failed_weapon", "freq": 3, "cost_multiplier": 25, "starts": 720 },
       { "monster": "mon_zombie_bio_infantry_shotgun", "freq": 2, "cost_multiplier": 25 },
      { "monster": "mon_zombie_bio_knight_lmg", "freq": 2, "cost_multiplier": 25 },
      { "monster": "mon_zombie_bio_knight_lauhcher", "freq": 2, "cost_multiplier": 20 },
      { "monster": "mon_zombie_bio_scout_sniper", "freq": 2, "cost_multiplier": 20 },
      { "monster": "mon_zombie_bio_tool_pistol", "freq": 2, "cost_multiplier": 20 },
      { "monster": "mon_zombie_bio_tool_smg", "freq": 2, "cost_multiplier": 25 }
    ]
  },
  {
    "name": "GROUP_MICROLAB",
    "type": "monstergroup",
    "override": false,
    "auto_total": true,
    "monsters": [
      { "monster": "mon_failed_weapon", "freq": 4, "cost_multiplier": 25, "starts": 168 },
      { "monster": "mon_zombie_failed_weapon", "freq": 6, "cost_multiplier": 25, "starts": 720 },
       { "monster": "mon_zombie_bio_infantry_shotgun", "freq": 3, "cost_multiplier": 25 },
      { "monster": "mon_zombie_bio_knight_lmg", "freq": 3, "cost_multiplier": 25 },
      { "monster": "mon_zombie_bio_knight_lauhcher", "freq": 3, "cost_multiplier": 20 },
      { "monster": "mon_zombie_bio_scout_sniper", "freq": 3, "cost_multiplier": 20 },
      { "monster": "mon_zombie_bio_tool_pistol", "freq": 3, "cost_multiplier": 20 },
      { "monster": "mon_zombie_bio_tool_smg", "freq": 3, "cost_multiplier": 25 }
      
    ]
  },
  {
    "name": "GROUP_CENTRAL_LAB",
    "type": "monstergroup",
    "override": false,
    "auto_total": true,
    "monsters": [
      { "monster": "mon_failed_weapon", "freq": 4, "cost_multiplier": 25, "starts": 168 },
      { "monster": "mon_zombie_failed_weapon", "freq": 6, "cost_multiplier": 25, "starts": 720 },
       { "monster": "mon_zombie_bio_infantry_shotgun", "freq": 3, "cost_multiplier": 25 },
      { "monster": "mon_zombie_bio_knight_lmg", "freq": 3, "cost_multiplier": 20 },
      { "monster": "mon_zombie_bio_knight_lauhcher", "freq": 3, "cost_multiplier": 20 },
      { "monster": "mon_zombie_bio_scout_sniper", "freq": 3, "cost_multiplier": 20 },
      { "monster": "mon_zombie_bio_tool_pistol", "freq": 3, "cost_multiplier": 20 },
      { "monster": "mon_zombie_bio_tool_smg", "freq": 3, "cost_multiplier": 20 }
    ]
  },
  {
    "name": "GROUP_ZOMBIE",
    "type": "monstergroup",
    "override": false,
    "auto_total": true,
    "monsters": [
      { "monster": "mon_failed_weapon", "freq": 2, "cost_multiplier": 50, "starts": 72 },
      { "monster": "mon_zombie_failed_weapon", "freq": 3, "cost_multiplier": 30, "starts": 336 },
      { "monster": "mon_zombie_bio_dormant_unarmed", "freq": 10, "cost_multiplier": 15, "starts": 1440 },
      { "monster": "mon_zombie_bio_dormant_armed", "freq": 5, "cost_multiplier": 25, "starts": 1440 },
       { "monster": "mon_zombie_bio_infantry_shotgun", "freq": 3, "cost_multiplier": 25 },
      { "monster": "mon_zombie_bio_knight_lmg", "freq": 3, "cost_multiplier": 25 },
      { "monster": "mon_zombie_bio_knight_lauhcher", "freq": 3, "cost_multiplier": 20 },
      { "monster": "mon_zombie_bio_scout_sniper", "freq": 3, "cost_multiplier": 20 },
      { "monster": "mon_zombie_bio_tool_pistol", "freq": 3, "cost_multiplier": 20 },
      { "monster": "mon_zombie_bio_tool_smg", "freq": 3, "cost_multiplier": 25 }
    ]
  },
  {
    "name": "GROUP_LAB_SURFACE",
    "type": "monstergroup",
    "override": false,
    "auto_total": true,
    "monsters": [
      { "monster": "mon_zombie_bio_dormant_unarmed", "freq": 20, "cost_multiplier": 15, "starts": 168 },
      { "monster": "mon_zombie_bio_dormant_armed", "freq": 20, "cost_multiplier": 15, "starts": 168 },
       { "monster": "mon_zombie_bio_infantry_shotgun", "freq": 15, "cost_multiplier": 15 },
      { "monster": "mon_zombie_bio_knight_lmg", "freq": 15, "cost_multiplier": 15 },
      { "monster": "mon_zombie_bio_knight_lauhcher", "freq": 15, "cost_multiplier": 10 },
      { "monster": "mon_zombie_bio_scout_sniper", "freq": 15, "cost_multiplier": 10 },
      { "monster": "mon_zombie_bio_tool_pistol", "freq": 15, "cost_multiplier": 10 },
      { "monster": "mon_zombie_bio_tool_smg", "freq": 15, "cost_multiplier": 10 }
    ]
  },
  {
    "name": "GROUP_LAB_SECURITY",
    "type": "monstergroup",
    "override": false,
    "auto_total": true,
    "monsters": [
      { "monster": "mon_zombie_bio_dormant_unarmed", "freq": 20, "cost_multiplier": 15, "starts": 168 },
      { "monster": "mon_zombie_bio_dormant_armed", "freq": 20, "cost_multiplier": 15, "starts": 168 },
       { "monster": "mon_zombie_bio_infantry_shotgun", "freq": 15, "cost_multiplier": 15 },
      { "monster": "mon_zombie_bio_knight_lmg", "freq": 15, "cost_multiplier": 15 },
      { "monster": "mon_zombie_bio_knight_lauhcher", "freq": 15, "cost_multiplier": 10 },
      { "monster": "mon_zombie_bio_scout_sniper", "freq": 15, "cost_multiplier": 10 },
      { "monster": "mon_zombie_bio_tool_pistol", "freq": 15, "cost_multiplier": 10 },
      { "monster": "mon_zombie_bio_tool_smg", "freq": 15, "cost_multiplier": 15 }
    ]
  },
  {
    "name": "GROUP_NECROPOLIS_VAULT2",
    "type": "monstergroup",
    "override": false,
    "auto_total": true,
    "monsters": [
      { "monster": "mon_zombie_bio_dormant_unarmed", "freq": 1, "cost_multiplier": 25, "starts": 168 },
      { "monster": "mon_zombie_bio_dormant_armed", "freq": 1, "cost_multiplier": 30, "starts": 168 }
    ]
  },
  {
    "name": "GROUP_MAYBE_MIL",
    "type": "monstergroup",
    "override": false,
    "auto_total": true,
    "monsters": [
      { "monster": "mon_zombie_bio_dormant_unarmed", "freq": 15, "cost_multiplier": 15, "starts": 336 },
      { "monster": "mon_zombie_bio_dormant_armed", "freq": 15, "cost_multiplier": 15, "starts": 336 }
    ]
  },
  {
    "name": "GROUP_MIL_BASE",
    "type": "monstergroup",
    "override": false,
    "auto_total": true,
    "monsters": [
      { "monster": "mon_zombie_bio_dormant_unarmed", "freq": 10, "cost_multiplier": 15, "starts": 168 },
      { "monster": "mon_zombie_bio_dormant_armed", "freq": 10, "cost_multiplier": 15, "starts": 168 },
       { "monster": "mon_zombie_bio_infantry_shotgun", "freq": 10, "cost_multiplier": 15 },
      { "monster": "mon_zombie_bio_knight_lmg", "freq": 10, "cost_multiplier": 15 },
      { "monster": "mon_zombie_bio_knight_lauhcher", "freq": 10, "cost_multiplier": 15 },
      { "monster": "mon_zombie_bio_scout_sniper", "freq": 10, "cost_multiplier": 15 },
      { "monster": "mon_zombie_bio_tool_pistol", "freq": 10, "cost_multiplier": 15 },
      { "monster": "mon_zombie_bio_tool_smg", "freq": 10, "cost_multiplier": 15 }
    ]
  },
  {
    "name": "GROUP_MIL_BASE_CIVILIAN",
    "type": "monstergroup",
    "override": false,
    "auto_total": true,
    "monsters": [
      { "monster": "mon_zombie_bio_dormant_unarmed", "freq": 3, "cost_multiplier": 15, "starts": 168 },
      { "monster": "mon_zombie_bio_dormant_armed", "freq": 2, "cost_multiplier": 15, "starts": 168 },
      { "monster": "mon_zombie_bio_infantry_shotgun", "freq": 3, "cost_multiplier": 15 },
      { "monster": "mon_zombie_bio_knight_lmg", "freq": 3, "cost_multiplier": 15 },
      { "monster": "mon_zombie_bio_knight_lauhcher", "freq": 3, "cost_multiplier": 15 },
      { "monster": "mon_zombie_bio_scout_sniper", "freq": 3, "cost_multiplier": 15 },
      { "monster": "mon_zombie_bio_tool_pistol", "freq": 3, "cost_multiplier": 15 },
      { "monster": "mon_zombie_bio_tool_smg", "freq": 3, "cost_multiplier": 15 }
    ]
  },
  {
    "name": "GROUP_MIL_BASE_HOSPITAL",
    "type": "monstergroup",
    "override": false,
    "auto_total": true,
    "monsters": [
      { "monster": "mon_zombie_bio_dormant_unarmed", "freq": 5, "cost_multiplier": 15, "starts": 336 },
      { "monster": "mon_zombie_bio_dormant_armed", "freq": 5, "cost_multiplier": 15, "starts": 336 },
         { "monster": "mon_zombie_bio_infantry_shotgun", "freq": 5, "cost_multiplier": 15 },
      { "monster": "mon_zombie_bio_knight_lmg", "freq": 5, "cost_multiplier": 15 },
      { "monster": "mon_zombie_bio_knight_lauhcher", "freq": 5, "cost_multiplier": 15 },
      { "monster": "mon_zombie_bio_scout_sniper", "freq": 5, "cost_multiplier": 15 },
      { "monster": "mon_zombie_bio_tool_pistol", "freq": 5, "cost_multiplier": 15 },
      { "monster": "mon_zombie_bio_tool_smg", "freq": 5, "cost_multiplier": 15 }
    ]
  },
  {
    "name": "GROUP_MIL_WEAK",
    "type": "monstergroup",
    "override": false,
    "auto_total": true,
    "monsters": [
      { "monster": "mon_zombie_bio_dormant_unarmed", "freq": 10, "cost_multiplier": 15, "starts": 336 },
      { "monster": "mon_zombie_bio_dormant_armed", "freq": 15, "cost_multiplier": 15, "starts": 336 }
    ]
  },
  {
    "name": "GROUP_MIL_STRONG",
    "type": "monstergroup",
    "override": false,
    "auto_total": true,
    "monsters": [
      { "monster": "mon_zombie_bio_dormant_unarmed", "freq": 25, "cost_multiplier": 15, "starts": 336 },
      { "monster": "mon_zombie_bio_dormant_armed", "freq": 25, "cost_multiplier": 15, "starts": 336 },
         { "monster": "mon_zombie_bio_infantry_shotgun", "freq": 15, "cost_multiplier": 15 },
      { "monster": "mon_zombie_bio_knight_lmg", "freq": 15, "cost_multiplier": 10 },
      { "monster": "mon_zombie_bio_knight_lauhcher", "freq": 15, "cost_multiplier": 10 },
      { "monster": "mon_zombie_bio_scout_sniper", "freq": 15, "cost_multiplier": 10 },
      { "monster": "mon_zombie_bio_tool_pistol", "freq": 15, "cost_multiplier": 10 },
      { "monster": "mon_zombie_bio_tool_smg", "freq": 15, "cost_multiplier": 15 }
    ]
  },
  {
    "name": "GROUP_HOSPITAL",
    "type": "monstergroup",
    "override": false,
    "auto_total": true,
    "monsters": [
      { "monster": "mon_zombie_bio_dormant_unarmed", "freq": 15, "cost_multiplier": 15, "starts": 720 },
      { "monster": "mon_zombie_bio_dormant_armed", "freq": 10, "cost_multiplier": 15, "starts": 720 }
    ]
  },
  {
    "name": "GROUP_STEEL_MILL",
    "type": "monstergroup",
    "override": false,
    "auto_total": true,
    "monsters": [
      { "monster": "mon_zombie_bio_dormant_unarmed", "freq": 25, "cost_multiplier": 15, "starts": 720 },
      { "monster": "mon_zombie_bio_dormant_armed", "freq": 25, "cost_multiplier": 15, "starts": 720 },
      { "monster": "mon_zombie_bio_infantry_shotgun", "freq": 15, "cost_multiplier": 15 },
      { "monster": "mon_zombie_bio_knight_lmg", "freq": 15, "cost_multiplier": 10 },
      { "monster": "mon_zombie_bio_knight_lauhcher", "freq": 15, "cost_multiplier": 10 },
      { "monster": "mon_zombie_bio_scout_sniper", "freq": 15, "cost_multiplier": 10 },
      { "monster": "mon_zombie_bio_tool_pistol", "freq": 15, "cost_multiplier": 10 },
      { "monster": "mon_zombie_bio_tool_smg", "freq": 15, "cost_multiplier": 15 }
    ]
  },
  {
    "name": "GROUP_FUNGI",
    "type": "monstergroup",
    "override": false,
    "auto_total": true,
    "monsters": [ { "monster": "mon_fungus_failed_weapon", "freq": 25, "cost_multiplier": 20, "starts": 168 } ]
  },
  {
    "name": "GROUP_FUNGI_TOWER",
    "type": "monstergroup",
    "override": false,
    "auto_total": true,
    "monsters": [ { "monster": "mon_fungus_failed_weapon", "freq": 25, "cost_multiplier": 20, "starts": 168 } ]
  },
  {
    "name": "GROUP_FUNGI_FLOWERS",
    "type": "monstergroup",
    "override": false,
    "auto_total": true,
    "monsters": [ { "monster": "mon_fungus_failed_weapon", "freq": 25, "cost_multiplier": 20, "starts": 168 } ]
  },
  {
    "type": "monstergroup",
    "name": "GROUP_ZOMBIE_SUPER_SOLDIER_RANDOM",
    "default": "mon_zombie_bio_dormant_unarmed",
    "//": "Picks an unevolved super soldier at random.",
    "monsters": [
      { "monster": "mon_zombie_bio_dormant_armed", "freq": 400, "cost_multiplier": 0 }
    ]
  },
  {
    "type": "monstergroup",
    "name": "GROUP_ZOMBIE_SUPER_SOLDIER_UPGRADE",
    "default": "mon_zombie_bio_infantry_rifle",
    "//": "Upgrade group for the armed variant of zombie super soldiers.",
    "monsters": [
      { "monster": "mon_zombie_bio_infantry_shotgun", "freq": 200, "cost_multiplier": 25 },
      { "monster": "mon_zombie_bio_knight_lmg", "freq": 150, "cost_multiplier": 30 },
      { "monster": "mon_zombie_bio_knight_lauhcher", "freq": 50, "cost_multiplier": 50 },
      { "monster": "mon_zombie_bio_scout_sniper", "freq": 100, "cost_multiplier": 40 },
      { "monster": "mon_zombie_bio_tool_pistol", "freq": 200, "cost_multiplier": 10 },
      { "monster": "mon_zombie_bio_tool_smg", "freq": 100, "cost_multiplier": 15 }
    ]
  }
]
