[
  {
    "id": "neo_laser_pistol_monster",
    "copy-from": "neo_laser_pistol",
    "type": "GUN",
    "name": "超级战士丧尸手枪",
    "description": "供怪物使用的NEO-33版。如果你发现了这个，那么这是一个bug。",
    "dispersion": 2000,
    "sight_dispersion": 500,
    "delete": { "ammo_effects": [ "INCENDIARY" ], "flags": [ "FIRE_20" ] }
  },
  {
    "id": "akro_laser_smg_monster",
    "copy-from": "akro_laser_smg",
    "type": "GUN",
    "name": "超级战士丧尸冲锋枪",
    "description": "供怪物使用的AKRO-388版。如果你发现了这个，那么这是一个bug。",
    "dispersion": 3000,
    "sight_dispersion": 500,
    "delete": { "ammo_effects": [ "INCENDIARY" ], "flags": [ "FIRE_20" ] }
  },
  {
    "id": "arc_laser_rifle_monster",
    "copy-from": "arc_laser_rifle",
    "type": "GUN",
    "name": "超级战士丧尸步枪",
    "description": "供怪物使用的ARC-314版。如果你发现了这个，那么这是一个bug!",
    "dispersion": 4000,
    "sight_dispersion": 500,
    "burst": 3,
    "delete": { "ammo_effects": [ "INCENDIARY" ], "flags": [ "FIRE_50" ] }
  },
  {
    "id": "krx_laser_lmg_monster",
    "copy-from": "krx_laser_lmg",
    "type": "GUN",
    "name": "超级战士丧尸轻机枪",
    "description": "供怪物使用的KRX-108版，用于提高远程攻击的准确性。如果你发现了这个，那么这是一个bug!",
    "dispersion": 5000,
    "sight_dispersion": 500,
    "burst": 5,
    "delete": { "ammo_effects": [ "INCENDIARY" ], "flags": [ "FIRE_50" ] }
  },
  {
    "id": "laser_sniper_monster",
    "copy-from": "mx_laser_sniper",
    "type": "GUN",
    "name": "超级战士丧尸狙击枪MX-84",
    "description": "供怪物使用的MX-84版，用于提高远程攻击的准确性。如果你发现了这个，那么这是一个bug!",
    "dispersion": 6000,
    "sight_dispersion": 250,
    "delete": { "ammo_effects": [ "INCENDIARY" ], "flags": [ "FIRE_100" ] }
  },
  {
    "id": "xarm_laser_shotgun_monster",
    "copy-from": "xarm_laser_shotgun",
    "type": "GUN",
    "name": "超级战士丧尸霰弹枪",
    "description": "供怪物使用的XARM-37版，用于提高远程攻击的准确性。如果你发现了这个，那么这是一个bug!",
    "dispersion": 2000,
    "sight_dispersion": 250,
    "delete": { "ammo_effects": [ "INCENDIARY" ], "flags": [ "FIRE_50" ] }
  },
  {
    "id": "mk_ionic_cannon_monster",
    "copy-from": "mx_laser_sniper",
    "type": "GUN",
    "name": "超级战士丧尸狙击枪MK-2",
    "description": "供怪物使用的MK-2版，用于提高远程攻击的准确性。如果你发现了这个，那么这是一个bug!",
    "skill": "launcher",
    "dispersion": 6000,
    "sight_dispersion": 500,
    "ammo_effects": [ "PLASMA", "EXPLOSIVE_HUGE", "STREAM_BIG", "WIDE", "EMP", "FLASHBANG" ],
    "delete": { "flags": [ "FIRE_100" ] }
  }
]
