[
  {
    "type": "scenario",
    "name": "Bio-Weapon Lab",
    "description": "You woke up, where are you?  Who are you?  What are you?!  That doesn't matter right now... you have a bad feeling...",
    "flags": [ "LONE_START", "SUR_START", "SUM_START" ],
    "ident": "bio_weapon_lab",
    "points": 0,
    "start_name": "Bio-Weapon Lab",
    "allowed_locs": [ "Bio_Weapon_Lab_l" ],
    "professions": [ "bio_weapon_a", "bio_weapon_b", "bio_weapon_g", "bio_weapon_d" ],
    "forbidden_traits": [
      "EASYSLEEPER",
      "NONADDICTIVE",
      "ANIMALEMPATH",
      "CANNIBAL",
      "DEFT",
      "DISRESISTANT",
      "DRUNKEN",
      "HUNGER",
      "FASTHEALER",
      "FASTREADER",
      "FLEET",
      "GOODHEARING",
      "GOODMEMORY",
      "GOURMAND",
      "ADRENALINE",
      "INCONSPICUOUS",
      "GOODCARDIO",
      "WAKEFUL",
      "INFRESIST",
      "LIGHTEATER",
      "LIGHTSTEP",
      "MARTIAL_ARTS",
      "MASOCHIST",
      "MARTIAL_ARTS5",
      "NIGHTVISION",
      "OPTIMISTIC",
      "OUTDOORSMAN",
      "PACKMULE",
      "PAINRESIST",
      "PARKOUR",
      "POISRESIST",
      "PRETTY",
      "PSYCHOPATH",
      "QUICK",
      "ROBUST",
      "EAGLEEYED",
      "SELFAWARE",
      "MARTIAL_ARTS2",
      "MARTIAL_ARTS3",
      "LIAR",
      "SPIRITUAL",
      "STRONGBACK",
      "STRONGSTOMACH",
      "STYLISH",
      "TOLERANCE",
      "TERRIFYING",
      "THICKSKIN",
      "TOUGH",
      "TOUGH_FEET",
      "MARTIAL_ARTS4",
      "WEAKSCENT",
      "ADDICTIVE",
      "ALBINO",
      "ANIMALDISCORD",
      "ASTHMA",
      "BADKNEES",
      "BADBACK",
      "BADTEMPER",
      "CHEMIMBALANCE",
      "CLUMSY",
      "DISORGANIZED",
      "HYPEROPIC",
      "FLIMSY",
      "FORGETFUL",
      "FLIMSY3",
      "FLIMSY2",
      "GLASSJAW",
      "ANTIFRUIT",
      "MEATARIAN",
      "THIRST",
      "HOARDER",
      "ILLITERATE",
      "INSOMNIA",
      "JITTERY",
      "VEGETARIAN",
      "LACTOSE",
      "ANTIJUNK",
      "BADCARDIO",
      "LIGHTWEIGHT",
      "MOODSWINGS",
      "MYOPIC",
      "PACIFIST",
      "BADHEARING",
      "SAVANT",
      "SCHIZOPHRENIC",
      "SLEEPY",
      "SLOWHEALER",
      "SLOWREADER",
      "SLOWRUNNER",
      "SMELLY",
      "THINSKIN",
      "TRIGGERHAPPY",
      "TRUTHTELLER",
      "UGLY",
      "WEAKSTOMACH",
      "WOOLALLERGY",
      "ANTIWHEAT",
      "HEAVYSLEEPER",
      "FASTLEARNER",
      "SLOWLEARNER"
    ]
  },
  {
    "type": "scenario",
    "name": "Mycus B.W.M.D",
    "description": "After mycus assimilation was successful, our local system was instructed to claim more territory for the mycus. Hostile organisms are near, proceed with caution.",
    "flags": [ "LONE_START", "SUR_START", "AUT_START" ],
    "ident": "mycus_bwmd",
    "points": 2,
    "start_name": "Fungal Territory",
    "allowed_locs": [ "forest", "field" ],
    "professions": [ "mycus_weapon" ],
    "forbidden_traits": [
      "EASYSLEEPER",
      "NONADDICTIVE",
      "ANIMALEMPATH",
      "CANNIBAL",
      "DEFT",
      "DISRESISTANT",
      "DRUNKEN",
      "HUNGER",
      "FASTHEALER",
      "FASTREADER",
      "FLEET",
      "GOODHEARING",
      "GOODMEMORY",
      "GOURMAND",
      "ADRENALINE",
      "INCONSPICUOUS",
      "GOODCARDIO",
      "WAKEFUL",
      "INFRESIST",
      "LIGHTEATER",
      "LIGHTSTEP",
      "MARTIAL_ARTS",
      "MASOCHIST",
      "MARTIAL_ARTS5",
      "NIGHTVISION",
      "OPTIMISTIC",
      "OUTDOORSMAN",
      "PACKMULE",
      "PAINRESIST",
      "PARKOUR",
      "POISRESIST",
      "PRETTY",
      "PSYCHOPATH",
      "QUICK",
      "ROBUST",
      "EAGLEEYED",
      "SELFAWARE",
      "MARTIAL_ARTS2",
      "MARTIAL_ARTS3",
      "LIAR",
      "SPIRITUAL",
      "STRONGBACK",
      "STRONGSTOMACH",
      "STYLISH",
      "TOLERANCE",
      "TERRIFYING",
      "THICKSKIN",
      "TOUGH",
      "TOUGH_FEET",
      "MARTIAL_ARTS4",
      "WEAKSCENT",
      "ADDICTIVE",
      "ALBINO",
      "ANIMALDISCORD",
      "ASTHMA",
      "BADKNEES",
      "BADBACK",
      "BADTEMPER",
      "CHEMIMBALANCE",
      "CLUMSY",
      "DISORGANIZED",
      "HYPEROPIC",
      "FLIMSY",
      "FORGETFUL",
      "FLIMSY3",
      "FLIMSY2",
      "GLASSJAW",
      "ANTIFRUIT",
      "MEATARIAN",
      "THIRST",
      "HOARDER",
      "ILLITERATE",
      "INSOMNIA",
      "JITTERY",
      "VEGETARIAN",
      "LACTOSE",
      "ANTIJUNK",
      "BADCARDIO",
      "LIGHTWEIGHT",
      "MOODSWINGS",
      "MYOPIC",
      "PACIFIST",
      "BADHEARING",
      "SAVANT",
      "SCHIZOPHRENIC",
      "SLEEPY",
      "SLOWHEALER",
      "SLOWREADER",
      "SLOWRUNNER",
      "SMELLY",
      "THINSKIN",
      "TRIGGERHAPPY",
      "TRUTHTELLER",
      "UGLY",
      "WEAKSTOMACH",
      "WOOLALLERGY",
      "ANTIWHEAT",
      "HEAVYSLEEPER",
      "FASTLEARNER",
      "SLOWLEARNER"
    ]
  },
  {
    "type": "scenario",
    "name": "Prepper Household",
    "description": "You knew something was coming, you prepared, when the dead rose, you knew what to do. With your house now barricaded, it's time to put your plan into action.",
    "ident": "prep_house",
    "points": 2,
    "start_name": "Boarded Up House",
    "allowed_locs": [ "boarded_house" ],
    "professions": [ "survivalist", "jr_survivalist", "bionic_prepper", "prepper" ]
  },
  {
    "type": "scenario",
    "name": "Slave Fighter's Freedom",
    "description": "All your life you have been experimented on and forced to fight others for the amusement of your masters. Never having seen the sun or the outside the cataclysm gave you a chance at freedom. Now you just have to escape from your fellow combatants...",
    "flags": [ "LONE_START", "CHALLENGE" ],
    "ident": "house_fight_scenario",
    "points": -2,
    "start_name": "Sketchy Cabin",
    "allowed_locs": [ "house_fight_s" ],
    "professions": [ "sf_blade", "sf_claw", "sf_shock", "sf_weapon" ]
  },
  {
    "copy-from": "alone",
    "type": "scenario",
    "ident": "alone",
    "traits": [ "MARTIAL_ARTS_SURV_COM", "MARTIAL_ARTS_BIOJUTSU" ]
  },
  {
    "copy-from": "summer_advanced_start",
    "type": "scenario",
    "ident": "summer_advanced_start",
    "traits": [ "MARTIAL_ARTS_SURV_COM", "MARTIAL_ARTS_BIOJUTSU" ]
  },
  {
    "copy-from": "ambushed",
    "type": "scenario",
    "ident": "ambushed",
    "traits": [ "MARTIAL_ARTS_SURV_COM", "MARTIAL_ARTS_BIOJUTSU" ]
  },
  {
    "copy-from": "cyberpunk",
    "type": "scenario",
    "ident": "cyberpunk",
    "traits": [ "MARTIAL_ARTS_BIOJUTSU" ]
  },
  {
    "copy-from": "wilderness",
    "type": "scenario",
    "extend": { "allowed_locs": [ "surv_camp_l" ] },
    "ident": "wilderness"
  },
  {
    "copy-from": "heli_crash",
    "type": "scenario",
    "extend": { "map_special": "mx_helicopter", "professions": [ "bio_infantry", "bio_scout", "bio_knight", "bio_tool" ] },
    "ident": "heli_crash"
  }
]
