[
  {
    "type": "start_location",
    "ident": "Survivor_Holdout_l",
    "//": "starts in Survivor Holdout. Not in use currently.",
    "name": "Survivor Holdout",
    "target": "Survivor_Holdout_1"
  },
  {
    "type": "start_location",
    "ident": "surv_camp_l",
    "name": "Survivor Camp Site",
    "target": "surv_camp"
  },
  {
    "type": "start_location",
    "ident": "Bio_Weapon_Lab_l",
    "name": "Bio Weapon Lab",
    "target": "Bio_Weapon_Lab_b"
  },
  {
    "type": "start_location",
    "ident": "bunker_s",
    "name": "Military Bunker",
    "target": "bunker"
  },
  {
    "type": "start_location",
    "ident": "prison_b_entrance_s",
    "name": "Prison",
    "target": "prison_b_entrance"
  },
  {
    "type": "start_location",
    "ident": "house_fight_s",
    "name": "Underground Arena",
    "target": "sketchy_cabin_b2"
  }
]
