[
	{
		"type": "COMESTIBLE",
		"id": "fishery_egg_bowfin",
		"name": { "str": "鱼卵（弓鳍鱼）" },
		"copy-from": "fishery_egg",
		"spoils_in": "10 days",
		"description": "一些可以食用，也可以等他们孵化出小鱼的弓鳍鱼鱼卵。",
		"rot_spawn": "FISHERY_GROUP_EGG_bowfin",
		"rot_spawn_chance": 50
	},
	{
		"name": "FISHERY_GROUP_EGG_bowfin",
		"type": "monstergroup",
		"default": "fishery_mon_bowfin_juvenile",
		"monsters": [ ]
	},
	{
		"id": "fishery_mon_bowfin_juvenile",
		"type": "MONSTER",
		"name": { "str": "弓鳍鱼鱼苗" },
		"description": "一条弓鳍鱼幼鱼，过一段时间就会变成成鱼。",
		"copy-from": "fishery_mon_juvenile",
		"harvest": "fish_tiny",
		"upgrades": { "age_grow": 20, "into": "mon_fish_bowfin" }
	},
	{
		"id": "mon_fish_bowfin",
		"type": "MONSTER",
		"copy-from": "mon_fish_bowfin",
		"name": { "str": "弓鳍鱼" },
		"reproduction": { "baby_egg": "fishery_egg_bowfin", "baby_count": 10, "baby_timer": 20 },
		"baby_flags": [ "SPRING" ]
	}
]