[
	{
		"type": "COMESTIBLE",
		"id": "fishery_egg_channelcatfish",
		"name": { "str": "鱼卵（斑点叉尾鮰）" },
		"copy-from": "fishery_egg",
		"spoils_in": "10 days",
		"description": "一些可以食用，也可以等他们孵化出小鱼的斑点叉尾鮰鱼卵。",
		"rot_spawn": "FISHERY_GROUP_EGG_channelcatfish",
		"rot_spawn_chance": 50
	},
	{
		"name": "FISHERY_GROUP_EGG_channelcatfish",
		"type": "monstergroup",
		"default": "fishery_mon_channelcatfish_juvenile",
		"monsters": [ ]
	},
	{
		"id": "fishery_mon_channelcatfish_juvenile",
		"type": "MONSTER",
		"name": { "str": "斑点叉尾鮰鱼苗" },
		"description": "一条斑点叉尾鮰幼鱼，过一段时间就会变成成鱼。",
		"copy-from": "fishery_mon_juvenile",
		"harvest": "fish_tiny",
		"upgrades": { "age_grow": 20, "into": "mon_fish_channel_catfish" }
	},
	{
		"id": "mon_fish_channel_catfish",
		"type": "MONSTER",
		"copy-from": "mon_fish_channel_catfish",
		"name": { "str": "斑点叉尾鮰" },
		"reproduction": { "baby_egg": "fishery_egg_channelcatfish", "baby_count": 10, "baby_timer": 20 },
		"baby_flags": [ "SPRING", "SUMMER" ]
	}
]