[
	{
		"type": "COMESTIBLE",
		"id": "fishery_egg_cohosalmon",
		"name": { "str": "鱼卵（银鲑）" },
		"copy-from": "fishery_egg",
		"spoils_in": "10 days",
		"description": "一些可以食用，也可以等他们孵化出小鱼的银鲑鱼卵。",
		"rot_spawn": "FISHERY_GROUP_EGG_cohosalmon",
		"rot_spawn_chance": 50
	},
	{
		"name": "FISHERY_GROUP_EGG_cohosalmon",
		"type": "monstergroup",
		"default": "fishery_mon_cohosalmon_juvenile",
		"monsters": [ ]
	},
	{
		"id": "fishery_mon_cohosalmon_juvenile",
		"type": "MONSTER",
		"name": { "str": "银鲑鱼苗" },
		"description": "一条银鲑幼鱼，过一段时间就会变成成鱼。",
		"copy-from": "fishery_mon_juvenile",
		"harvest": "fish_tiny",
		"upgrades": { "age_grow": 20, "into": "mon_fish_coho_salmon" }
	},
	{
		"id": "mon_fish_coho_salmon",
		"type": "MONSTER",
		"copy-from": "mon_fish_coho_salmon",
		"name": { "str": "银鲑" },
		"reproduction": { "baby_egg": "fishery_egg_cohosalmon", "baby_count": 10, "baby_timer": 20 },
		"baby_flags": [ "WINTER" ]
	}
]