[
	{
		"type": "COMESTIBLE",
		"id": "fishery_egg_fallfish",
		"name": { "str": "鱼卵（小眼须雅罗鱼）" },
		"copy-from": "fishery_egg",
		"spoils_in": "10 days",
		"description": "一些可以食用，也可以等他们孵化出小鱼的小眼须雅罗鱼鱼卵。",
		"rot_spawn": "FISHERY_GROUP_EGG_fallfish",
		"rot_spawn_chance": 50
	},
	{
		"name": "FISHERY_GROUP_EGG_fallfish",
		"type": "monstergroup",
		"default": "fishery_mon_fallfish_juvenile",
		"monsters": [ ]
	},
	{
		"id": "fishery_mon_fallfish_juvenile",
		"type": "MONSTER",
		"name": { "str": "小眼须雅罗鱼鱼苗" },
		"description": "一条小眼须雅罗鱼幼鱼，过一段时间就会变成成鱼。",
		"copy-from": "fishery_mon_juvenile",
		"harvest": "fish_tiny",
		"upgrades": { "age_grow": 20, "into": "mon_fish_fallfish" }
	},
	{
		"id": "mon_fish_fallfish",
		"type": "MONSTER",
		"copy-from": "mon_fish_fallfish",
		"name": { "str": "小眼须雅罗鱼" },
		"reproduction": { "baby_egg": "fishery_egg_fallfish", "baby_count": 10, "baby_timer": 20 },
		"baby_flags": [ "SPRING" ]
	}
]