[
	{
		"type": "COMESTIBLE",
		"id": "fishery_egg_laketrout",
		"name": { "str": "鱼卵（湖鳟）" },
		"copy-from": "fishery_egg",
		"spoils_in": "10 days",
		"description": "一些可以食用，也可以等他们孵化出小鱼的湖鳟鱼卵。",
		"rot_spawn": "FISHERY_GROUP_EGG_laketrout",
		"rot_spawn_chance": 50
	},
	{
		"name": "FISHERY_GROUP_EGG_laketrout",
		"type": "monstergroup",
		"default": "fishery_mon_laketrout_juvenile",
		"monsters": [ ]
	},
	{
		"id": "fishery_mon_laketrout_juvenile",
		"type": "MONSTER",
		"name": { "str": "湖鳟鱼苗" },
		"description": "一条湖鳟幼鱼，过一段时间就会变成成鱼。",
		"copy-from": "fishery_mon_juvenile",
		"harvest": "fish_tiny",
		"upgrades": { "age_grow": 20, "into": "mon_fish_lake_trout" }
	},
	{
		"id": "mon_fish_lake_trout",
		"type": "MONSTER",
		"copy-from": "mon_fish_lake_trout",
		"name": { "str": "湖鳟" },
		"reproduction": { "baby_egg": "fishery_egg_laketrout", "baby_count": 10, "baby_timer": 20 },
		"baby_flags": [ "AUTUMN" ]
	}
]