[
	{
		"type": "COMESTIBLE",
		"id": "fishery_egg_salmon",
		"name": { "str": "鱼卵（鲑鱼）" },
		"copy-from": "fishery_egg",
		"spoils_in": "10 days",
		"description": "一些可以食用，也可以等他们孵化出小鱼的鲑鱼鱼卵。",
		"rot_spawn": "FISHERY_GROUP_EGG_salmon",
		"rot_spawn_chance": 50
	},
	{
		"name": "FISHERY_GROUP_EGG_salmon",
		"type": "monstergroup",
		"default": "fishery_mon_salmon_juvenile",
		"monsters": [ ]
	},
	{
		"id": "fishery_mon_salmon_juvenile",
		"type": "MONSTER",
		"name": { "str": "鲑鱼鱼苗" },
		"description": "一条鲑鱼幼鱼，过一段时间就会变成成鱼。",
		"copy-from": "fishery_mon_juvenile",
		"harvest": "fish_tiny",
		"upgrades": { "age_grow": 20, "into": "mon_fish_salmon" }
	},
	{
		"id": "mon_fish_salmon",
		"type": "MONSTER",
		"copy-from": "mon_fish_salmon",
		"name": { "str": "鲑鱼" },
		"reproduction": { "baby_egg": "fishery_egg_salmon", "baby_count": 10, "baby_timer": 20 },
		"baby_flags": [ "SUMMER", "AUTUMN" ]
	}
]