[
	{
		"type": "COMESTIBLE",
		"id": "fishery_egg_sbass",
		"name": { "str": "鱼卵（小嘴鲈）" },
		"copy-from": "fishery_egg",
		"spoils_in": "10 days",
		"description": "一些可以食用，也可以等他们孵化出小鱼的小嘴鲈鱼卵。",
		"rot_spawn": "FISHERY_GROUP_EGG_sbass",
		"rot_spawn_chance": 50
	},
	{
		"name": "FISHERY_GROUP_EGG_sbass",
		"type": "monstergroup",
		"default": "fishery_mon_sbass_juvenile",
		"monsters": [ ]
	},
	{
		"id": "fishery_mon_sbass_juvenile",
		"type": "MONSTER",
		"name": { "str": "小嘴鲈鱼苗" },
		"description": "一条小嘴鲈幼鱼，过一段时间就会变成成鱼。",
		"copy-from": "fishery_mon_juvenile",
		"harvest": "fish_tiny",
		"upgrades": { "age_grow": 20, "into": "mon_fish_sbass" }
	},
	{
		"id": "mon_fish_sbass",
		"type": "MONSTER",
		"copy-from": "mon_fish_sbass",
		"name": { "str": "小嘴鲈" },
		"reproduction": { "baby_egg": "fishery_egg_sbass", "baby_count": 10, "baby_timer": 20 },
		"baby_flags": [ "SPRING" ]
	}
]