[
	{
		"type": "COMESTIBLE",
		"id": "fishery_egg_warmouth",
		"name": { "str": "鱼卵（大口突鳃太阳鱼）" },
		"copy-from": "fishery_egg",
		"spoils_in": "10 days",
		"description": "一些可以食用，也可以等他们孵化出小鱼的大口突鳃太阳鱼鱼卵。",
		"rot_spawn": "FISHERY_GROUP_EGG_warmouth",
		"rot_spawn_chance": 50
	},
	{
		"name": "FISHERY_GROUP_EGG_warmouth",
		"type": "monstergroup",
		"default": "fishery_mon_warmouth_juvenile",
		"monsters": [ ]
	},
	{
		"id": "fishery_mon_warmouth_juvenile",
		"type": "MONSTER",
		"name": { "str": "大口突鳃太阳鱼鱼苗" },
		"description": "一条大口突鳃太阳鱼幼鱼，过一段时间就会变成成鱼。",
		"copy-from": "fishery_mon_juvenile",
		"harvest": "fish_tiny",
		"upgrades": { "age_grow": 20, "into": "mon_fish_warmouth" }
	},
	{
		"id": "mon_fish_warmouth",
		"type": "MONSTER",
		"copy-from": "mon_fish_warmouth",
		"name": { "str": "大口突鳃太阳鱼" },
		"reproduction": { "baby_egg": "fishery_egg_warmouth", "baby_count": 10, "baby_timer": 20 },
		"baby_flags": [ "SPRING", "SUMMER" ]
	}
]