[
	{
		"type": "COMESTIBLE",
		"id": "fishery_egg_whitefish",
		"name": { "str": "鱼卵（白鱼）" },
		"copy-from": "fishery_egg",
		"spoils_in": "10 days",
		"description": "一些可以食用，也可以等他们孵化出小鱼的白鱼鱼卵。",
		"rot_spawn": "FISHERY_GROUP_EGG_whitefish",
		"rot_spawn_chance": 50
	},
	{
		"name": "FISHERY_GROUP_EGG_whitefish",
		"type": "monstergroup",
		"default": "fishery_mon_whitefish_juvenile",
		"monsters": [ ]
	},
	{
		"id": "fishery_mon_whitefish_juvenile",
		"type": "MONSTER",
		"name": { "str": "白鱼鱼苗" },
		"description": "一条白鱼幼鱼，过一段时间就会变成成鱼。",
		"copy-from": "fishery_mon_juvenile",
		"harvest": "fish_tiny",
		"upgrades": { "age_grow": 20, "into": "mon_fish_whitefish" }
	},
	{
		"id": "mon_fish_whitefish",
		"type": "MONSTER",
		"copy-from": "mon_fish_whitefish",
		"name": { "str": "白鱼" },
		"reproduction": { "baby_egg": "fishery_egg_whitefish", "baby_count": 10, "baby_timer": 20 },
		"baby_flags": [ "AUTUMN", "WINTER" ]
	}
]