[	
{
		"type" : "ammunition_type",
		"id" : "wxkj_zm1_type",
		"name" : "嘉赏证明",
		"default" : "wxkj_rldg_zm1"	
	},{
		"type" : "AMMO",
		"id" : "wxkj_rldg_zm1",
		"category" : "wxkj_ts",
		"name" : "人类帝国的嘉赏证明",
		"name_plural" : "人类帝国的嘉赏证明",
		"symbol" : "'",
		"color" : "break",
		"material": "wxkj_jade_meterial",
		"description" : "颁布给为帝国做出贡献的勇士的证明.",
		"ammo_type" : "wxkj_zm1_type"
	},
	{
		"type" : "AMMO",
		"id" : "wxkj_jlz_zm1",
		"category" : "wxkj_ts",
		"name" : "精灵族的嘉赏证明",
		"name_plural" : "精灵族的嘉赏证明",
		"symbol" : "'",
		"color" : "break",
		"material": "wxkj_jade_meterial",
		"description" : "颁布给为精灵一族做出贡献的勇士的证明.",
		"ammo_type" : "wxkj_zm1_type"
	},
	{
		"type" : "AMMO",
		"id" : "wxkj_syem_zm1",
		"category" : "wxkj_ts",
		"name" : "深渊的嘉赏证明",
		"name_plural" : "深渊的嘉赏证明",
		"symbol" : "'",
		"color" : "break",
		"material": "wxkj_jade_meterial",
		"description" : "只有为魔族做出贡献才能获得的证明.",
		"ammo_type" : "wxkj_zm1_type"
	}
]