[
  {
    "type": "faction",
    "id": "commandeers",
    "name": "指挥中心成员",
    "likes_u": 20,
    "respects_u": 0,
    "known_by_u": false,
    "size": 30,
    "power": 60,
    "combat_ability": 90,
    "food_supply": 100000,
    "wealth": 10000000,
    "relations": {
      "commandeers": {
        "watch your back": true,
        "share my stuff": true,
        "guard your stuff": true,
        "lets you in": true,
        "defends your space": true,
        "knows your voice": true
      },
      "super_soldiers": {
        "watch your back": true,
        "share my stuff": true,
        "guard your stuff": true,
        "lets you in": true,
        "defends your space": true,
        "knows your voice": true
      },
      "bio_weapons": {
        "watch your back": true,
        "share my stuff": true,
        "guard your stuff": true,
        "lets you in": true,
        "defends your space": true,
        "knows your voice": true
      },
      "old_guard": { "watch your back": true, "guard your stuff": true, "defends your space": true, "knows your voice": true },
      "your_followers": { "watch your back": true, "guard your stuff": true, "knows your voice": true },
      "hells_raiders": { "kill on sight": true }
    },
    "description": "指挥中心的成员寻求……的庇护。他们有情报和一些与老警卫的联系。"
  },
  {
    "type": "faction",
    "id": "super_soldiers",
    "name": "超级战士",
    "likes_u": 0,
    "respects_u": 0,
    "known_by_u": false,
    "size": 10,
    "power": 100,
    "combat_ability": 120,
    "food_supply": 40000,
    "wealth": 1000,
    "relations": {
      "super_soldiers": {
        "watch your back": true,
        "share my stuff": true,
        "guard your stuff": true,
        "lets you in": true,
        "defends your space": true,
        "knows your voice": true
      },
      "commandeers": {
        "watch your back": true,
        "share my stuff": true,
        "guard your stuff": true,
        "lets you in": true,
        "defends your space": true,
        "knows your voice": true
      },
      "bio_weapons": { "watch your back": true, "guard your stuff": true, "defends your space": true, "knows your voice": true },
      "old_guard": { "watch your back": true, "guard your stuff": true, "defends your space": true, "knows your voice": true },
      "your_followers": { "watch your back": true, "guard your stuff": true, "knows your voice": true },
      "hells_raiders": { "kill on sight": true }
    },
    "description": "在最初的大灾变中幸存下来的军队部门。他们与指挥中心结盟，在这个新世界寻求领导权。"
  },
  {
    "type": "faction",
    "id": "preppers",
    "name": "准备者们",
    "likes_u": 20,
    "respects_u": 0,
    "known_by_u": false,
    "size": 50,
    "power": 100,
    "combat_ability": 100,
    "food_supply": 500000,
    "wealth": 10000000,
    "relations": {
      "preppers": {
        "watch your back": true,
        "share my stuff": true,
        "guard your stuff": true,
        "lets you in": true,
        "defends your space": true,
        "knows your voice": true
      },
      "wasteland_scavengers": { "watch your back": true, "defends your space": true, "knows your voice": true }
    },
    "description": "那些在灾难出现之前就做好了准备的幸存者。他们拥有重建的手段。"
  },
  {
    "type": "faction",
    "id": "bio_weapons",
    "name": "生物武器",
    "likes_u": 0,
    "respects_u": 0,
    "known_by_u": false,
    "size": 10,
    "power": 100,
    "combat_ability": 200,
    "food_supply": 40000,
    "wealth": 1000,
    "relations": {
      "bio_weapons": {
        "watch your back": true,
        "share my stuff": true,
        "guard your stuff": true,
        "lets you in": true,
        "defends your space": true,
        "knows your voice": true
      },
      "commandeers": {
        "watch your back": true,
        "share my stuff": true,
        "guard your stuff": true,
        "lets you in": true,
        "defends your space": true,
        "knows your voice": true
      },
      "super_soldiers": { "watch your back": true, "guard your stuff": true, "defends your space": true, "knows your voice": true },
      "old_guard": { "watch your back": true, "guard your stuff": true, "defends your space": true, "knows your voice": true },
      "your_followers": { "watch your back": true, "guard your stuff": true, "knows your voice": true },
      "hells_raiders": { "kill on sight": true }
    },
    "description": "与大灾变有关的一个未知项目的产物，与指挥中心结盟，因为他们是他们的创造物。"
  },
  {
    "type": "faction",
    "id": "slave_fighter_allied",
    "name": "奴隶斗士 (蓝队)",
    "likes_u": 40,
    "respects_u": 70,
    "known_by_u": false,
    "size": 50,
    "power": 100,
    "combat_ability": 120,
    "food_supply": 0,
    "wealth": 0,
    "relations": {
      "slave_fighter_allied": {
        "watch your back": true,
        "share my stuff": true,
        "guard your stuff": true,
        "lets you in": true,
        "defends your space": true,
        "knows your voice": true
      },
      "your_followers": { "watch your back": true, "guard your stuff": true, "knows your voice": true },
      "slave_fighter": { "kill on sight": true }
    },
    "description": "在他们的一生中，除了为富人的娱乐而战斗之外，他们什么也没看过，大多数比较理智的俘虏和新人最终都加入了蓝队。与那些强壮的\"老油条\"对抗。"
  },
  {
    "type": "faction",
    "id": "slave_fighter",
    "name": "奴隶斗士 (红队)",
    "likes_u": -20,
    "respects_u": -10,
    "known_by_u": false,
    "size": 50,
    "power": 100,
    "combat_ability": 120,
    "food_supply": 0,
    "wealth": 0,
    "relations": {
      "slave_fighter": { "watch your back": true },
      "your_followers": { "kill_on_sight": true },
      "slave_fighter_allied": { "kill on sight": true }
    },
    "description": "在他们的一生中，除了为富人的娱乐而战斗之外，他们什么也没看过。他们毫无理由地认为，这场灾难只不过是又一次战斗的开始。"
  }
]
