[
  {
    "id": "MISSION_PROOF_APOPHIS_DEAD",
    "type": "mission_definition",
    "name": "击杀生物武器-阿波菲斯",
    "goal": "MGOAL_FIND_ITEM",
    "difficulty": 10,
    "value": 100000,
    "item": "badge_bio_weapon_apophis",
    "start": {
      "effect": { "u_add_effect": "router_mission", "duration": "PERMANENT" },
      "assign_mission_target": { "om_terrain": "Unknown_Lab_4", "om_special": "Unknown_Lab_s", "reveal_radius": 3, "search_range": 180, "z": 0 }
    },
    "count": 1,
    "origins": [ "ORIGIN_SECONDARY" ],
    "dialogue": {
      "describe": "如果您看到这个，它是一个bug！",
      "offer": "你看起来是一个非常有能力的人，所以你可能有机会帮我。我们把阿波菲斯试验的坐标给整理了出来。我们要你去到那里，除掉阿波菲斯。那间实验室还拥有很多珍贵的设备。如果你能杀死阿波菲斯，那么那些东西都将是属于你的。虽然我们希望自己去完成，但是因为一些原因，我们已经不能自己去完成这件事情了。",
      "accepted": "你确定吗？谢谢你，这意味着很多。当然，你一定要带些证据回来证明你除掉了阿波菲斯。我们等你回来，在你离开之前，我建议你去和西格玛和兰姆达谈谈。",
      "rejected": "我能理解，从某些方面看来，这件事很难完成。几乎注定失败。我们会自己想办法阻止它的。",
      "advice": "这场战斗不会容易，你最好准备一些优良的装甲和武器。并且如果你能组建一个团队，而不是一个的人，那会更加容易一些。你可以去问问西格玛和兰姆达是否愿意加入。",
      "inquire": "这……它死了吗？",
      "success": "是的……你做到了！你根本不知道你为我们做了什么！在这个黑暗的时代，你真是一个传奇。你在这里永远都会受到热烈的欢迎。",
      "success_lie": "哦，没有证据啊？…我希望你是诚实的……",
      "failure": "至少你还活着……我真不该叫你做那样的事……我很抱歉……"
    }
  },
  {
    "id": "MISSION_FIND_COMMAND_CENTER",
    "type": "mission_definition",
    "name": "达到指挥中心",
    "goal": "MGOAL_GO_TO_TYPE",
    "difficulty": 2,
    "value": 80000,
    "origins": [ "ORIGIN_SECONDARY" ],
    "destination": "makeshift_command_center_b",
    "start": {
      "effect": "follow",
      "assign_mission_target": {
        "om_terrain": "makeshift_command_center_2",
        "om_special": "makeshift_command_center_s",
        "reveal_radius": 3,
        "search_range": 180,
        "z": 0
      }
    },
    "dialogue": {
      "describe": "如果您看到这个，它是一个bug！",
      "offer": "我正试图找一个藏身之处，它是以前从事生物武器项目的科学家们建造的。我想我知道他们在哪里，但我希望能得到你的帮助。有个人跟我在一起，但是他在外面被人发现了。",
      "accepted": "谢谢，我将跟随你，也许我们会找到一些答案。",
      "rejected": "我宁愿去找个其他地方，或许可能对我有些帮助。如果以后你愿意的话，我们可以在讨论。",
      "advice": "我在这个旧实验室里搜索信息，这些信息可能对我会有所帮助。如果你需要的话，自己看看。另外，我和我的同伴的悍马车应该停在外面，假设那些东西没有把它弄坏的话...",
      "inquire": "还有其他人接近这里吗？",
      "success": "非常好。我现在就去吧。看来他们在这里有个不错的安排。也许四处打听会让我们找到正确的方向。",
      "success_lie": "谢谢你的努力…我想是吧。",
      "failure": "这一切都是徒劳的，不是吗？"
    }
  },
  {
    "id": "MISSION_TAKE_SIGMA",
    "type": "mission_definition",
    "//": "Dummied out due to recruitment now working via having Router's mission.",
    "name": "帮助西格玛找到阿波菲斯",
    "goal": "MGOAL_GO_TO_TYPE",
    "difficulty": 3,
    "value": 50000,
    "start": {
      "effect": "follow",
      "assign_mission_target": { "om_terrain": "Unknown_Lab_4", "om_special": "Unknown_Lab_s", "reveal_radius": 3, "search_range": 180, "z": 0 }
    },
    "origins": [ "ORIGIN_SECONDARY" ],
    "destination": "Unknown_Lab_4",
    "dialogue": {
      "describe": "如果您看到这个，它是一个bug！",
      "offer": "我受够了被困在这里什么都不做！我要彻底消灭那只曾经折磨我们的巨兽。但我甚至找不到它的住处……你能不能够带我去它的巢穴？",
      "accepted": "太棒了！我现在就跟着你过去，看看我们能否消灭它。",
      "rejected": "哦，好吧……一切都变了，但我不能怪你……",
      "advice": "问问Router吧，他可能知道一些事情，虽然他可能不会让我们前去……",
      "inquire": "找到野兽的位置了吗？",
      "success": "哦，这个地方比我想象的要坚固……我想我会和你待一段时间，因为你似乎知道你在做什么。也许有一天我们可以一起去？",
      "success_lie": "……你在浪费我的时间吗？",
      "failure": "看来我们又回到起点了……"
    }
  },
  {
    "id": "MISSION_TAKE_LAMBDA",
    "type": "mission_definition",
    "//": "Dummied out due to recruitment now working via having Router's mission.",
    "name": "帮助兰姆达找到阿波菲斯",
    "goal": "MGOAL_GO_TO_TYPE",
    "difficulty": 3,
    "value": 50000,
    "start": {
      "effect": "follow",
      "assign_mission_target": { "om_terrain": "Unknown_Lab_4", "om_special": "Unknown_Lab_s", "reveal_radius": 3, "search_range": 180, "z": 0 }
    },
    "origins": [ "ORIGIN_SECONDARY" ],
    "destination": "Unknown_Lab_4",
    "dialogue": {
      "describe": "如果您看到这个，它是一个bug!",
      "offer": "西格玛和我在谈话，我们决定去寻找被称为阿波菲斯的巨兽并消灭它。我们是为战斗而生的，不能永远躲在这里。但是……我们不知道阿波菲斯住在哪里……既然你去过那里，你能带我们去吗？",
      "accepted": "太好了！我将跟随你。",
      "rejected": "没关系。我了解危险，所以我不怪你拒绝。",
      "advice": "我觉得最好先和Router谈谈，他知道整个项目的过程。",
      "inquire": "找到阿波菲斯了吗？",
      "success": "这个地方似乎有点太大了，我一个人在外面处理不了……无论如何，谢谢你。如果你不介意的话，我会继续跟着你，因为你似乎知道路。",
      "success_lie": "你真的不知道它在这里，是吗?",
      "failure": "值得一试..."
    }
  }
]
