[
  {
    "type": "npc",
    "id": "bff",
    "comment": "你最好的朋友发现了幸存者避难所",
    "name_suffix": "最好的朋友",
    "gender": "male",
    "class": "NC_SCAVENGER",
    "attitude": 0,
    "mission": 7,
    "chat": "TALK_BFF",
    "faction": "preppers"
  },
  {
    "type": "npc",
    "id": "survn",
    "comment": "静态NPC营地",
    "name_suffix": "准备者",
    "class": "NC_PREPPER",
    "attitude": 0,
    "mission": 7,
    "chat": "TALK_STRANGER_NEUTRAL",
    "faction": "preppers"
  },
  {
    "type": "npc",
    "id": "survn_special",
    "comment": "随机使用NPC",
    "name_suffix": "准备者",
    "class": "NC_PREPPER",
    "attitude": 1,
    "mission": 7,
    "chat": "TALK_STRANGER_NEUTRAL",
    "faction": "preppers"
  },
  {
    "type": "npc",
    "id": "bio_hunter",
    "comment": "出现在生物武器实验室帮助你",
    "name_unique": "Evelynn Rose",
    "name_suffix": "生化猎人",
    "gender": "female",
    "class": "NC_BIO_HUNTER_E",
    "attitude": 0,
    "mission": 7,
    "chat": "TALK_BHUNTER",
    "faction": "super_soldiers",
    "mission_offered": "MISSION_FIND_COMMAND_CENTER"
  },
  {
    "type": "npc",
    "id": "main_bio_sci",
    "comment": "临时中心的主要科学家",
    "name_unique": "Router",
    "name_suffix": "指挥中心领导",
    "gender": "male",
    "class": "NC_SCIENTIST_ROUTER",
    "attitude": 0,
    "mission": 7,
    "chat": "TALK_MSCI",
    "faction": "commandeers",
    "mission_offered": "MISSION_PROOF_APOPHIS_DEAD"
  },
  {
    "type": "npc",
    "id": "bio_weapon_1",
    "comment": "生物武器之一",
    "name_unique": "西格玛",
    "name_suffix": "生物武器",
    "gender": "male",
    "class": "NC_BIO_WEAPON_SIGMA",
    "attitude": 0,
    "mission": 7,
    "chat": "TALK_BIO_1",
    "faction": "bio_weapons"
  },
  {
    "type": "npc",
    "id": "bio_weapon_2",
    "comment": "生物武器之一",
    "name_unique": "兰姆达",
    "name_suffix": "生物武器",
    "gender": "female",
    "class": "NC_BIO_WEAPON_LAMBDA",
    "attitude": 0,
    "mission": 7,
    "chat": "TALK_BIO_2",
    "faction": "bio_weapons"
  },
  {
    "type": "npc",
    "id": "cmnd_guard_1",
    "comment": "指挥中心的一名警卫",
    "name_suffix": "超级战士",
    "gender": "female",
    "class": "NC_SUPER_SOLDIER",
    "attitude": 0,
    "mission": 7,
    "chat": "TALK_CGUARD1",
    "faction": "commandeers"
  },
  {
    "type": "npc",
    "id": "cmnd_guard_2",
    "comment": "指挥中心的一名警卫",
    "name_suffix": "超级战士",
    "gender": "male",
    "class": "NC_SUPER_SOLDIER",
    "attitude": 0,
    "mission": 7,
    "chat": "TALK_CGUARD2",
    "faction": "commandeers"
  },
  {
    "type": "npc",
    "id": "slave_fight",
    "comment": "地下战斗的Npc",
    "name_suffix": "红队奴隶战士",
    "class": "NC_SLAVE_FIGHTER_RED",
    "attitude": 0,
    "mission": 8,
    "chat": "TALK_DONE",
    "faction": "slave_fighter"
  },
  {
    "type": "npc",
    "id": "slave_fight_ally",
    "comment": "地下战斗的Npc，站在你这边。",
    "name_suffix": "蓝队奴隶战士",
    "class": "NC_SLAVE_FIGHTER_BLUE",
    "attitude": 0,
    "mission": 8,
    "chat": "TALK_GLADIATOR",
    "faction": "slave_fighter_allied"
  }
]
