[
  {
    "type": "talk_topic",
    "id": "TALK_GLADIATOR",
    "dynamic_line": {
      "u_has_trait": "PROF_GLADIATOR",
      "yes": [
        "啊，警卫去哪儿了……",
        "拿起武器，我们可能有机会离开这里。",
        "现在不是时候，新手。发生了什么事？",
        "你确定我们有时间谈谈吗？这是什么？",
        "我不知道发生了什么事，但我们也许能离开这里。"
      ],
      "no": [
        "我不知道你来这里干什么，但你来的正是时候。",
        "嘿,你得帮帮我们...",
        "你不是保安，也不像他们所谓的客户。你来干什么?",
        "嘿，你不是他们中的一员……你能帮我们吗？",
        "你得把我们弄出去！"
      ]
    },
    "responses": [
      { "text": "发生什么事？", "topic": "TALK_GLADIATOR_SITUATION" },
      { "text": "为什么其他人要攻击我们?", "topic": "TALK_GLADIATOR_HOSTILE" },
      {
        "text": "听从我的指挥，我会带大家离开这里。",
        "condition": { "u_has_trait": "PROF_GLADIATOR" },
        "switch": true,
        "topic": "TALK_GLADIATOR_RECRUIT"
      },
      { "text": "我会帮你离开这里的。", "switch": true, "default": true, "topic": "TALK_GLADIATOR_RECRUIT" },
      { "text": "再见。", "topic": "TALK_DONE" }
    ]
  },
  {
    "type": "talk_topic",
    "id": "TALK_GLADIATOR_SITUATION",
    "dynamic_line": {
      "u_has_trait": "PROF_GLADIATOR",
      "yes": [
        "警卫让牢房自行解锁后离开了。发生了什么事，我们也许能逃走。",
        "该死的暴动之类的，有混蛋把两个牢房都弄开了。如果我们没有被其他人生吞活剥，我们也许能逃脱。",
        "我不确定，但重要的是他们把其他动物也放了出来。"
      ],
      "no": [
        "我们几个月来一直被困在这里，为一帮混蛋的娱乐而战斗。守卫远程解锁了我们所有的牢房并抛弃了我们。",
        "我不知道。我们被困在这里太久了，但如果我们能出去的话……也许你能帮我们?",
        "你是警察吗？拜托，他们把我们困在这里是为了看我们互相残杀。"
      ]
    },
    "responses": [ { "text": "我知道了...", "topic": "TALK_GLADIATOR" } ]
  },
  {
    "type": "talk_topic",
    "id": "TALK_GLADIATOR_HOSTILE",
    "dynamic_line": {
      "u_has_trait": "PROF_GLADIATOR",
      "yes": [
        "这就是为什么你应该庆幸自己是新手。如果你活得够久就把你调到红队，他们对你做的事会把你变成野兽。",
        "他们不比野兽好多少，毕竟他们对人做了那么多坏事，在战斗中幸存了下来。",
        "他们上演了这样的战斗：一个牢房与另一个牢房发生冲突，最终，那些抓狂的人习惯了试图杀死任何不在他们身边的人……"
      ],
      "no": [
        "他们是那些被囚禁了很长时间的人，他们已经习惯了做一只狗了。",
        "他们是死亡比赛中的另一队，这些混蛋会为了好玩而上台的。他们是那些已经在这里待了足够长的时间，能够真正进入其中的人…",
        "他们进行这项血腥的运动时间已经够长了，以至于我们中的一些人甚至记不清外面的事情了。"
      ]
    },
    "responses": [ { "text": "哦。", "topic": "TALK_GLADIATOR" } ]
  },
  {
    "type": "talk_topic",
    "id": "TALK_GLADIATOR_RECRUIT",
    "dynamic_line": {
      "u_has_trait": "PROF_GLADIATOR",
      "yes": [
        "好吧。让我们给红队最后一次休息，看看我们是否能逃脱……",
        "荣耀与死亡。",
        "一定有办法离开这里。带路。",
        "对我来说不成问题。我们走吧。"
      ],
      "no": [
        "谢谢你！我听你的。",
        "好吧。当心红队的其他人。",
        "任何地方都要比这里好。继续前进!",
        "你真的要把我弄出去?谢谢你！"
      ]
    },
    "responses": [ { "text": "我们走吧!", "topic": "TALK_DONE", "effect": "follow" } ]
  }
]
